g Mike_Helmet
v 0.0353833325 0.865757287 0.00227516657
v 0.0353833325 0.864773393 0.00237246021
v 0.0180003662 0.864779055 0.0023566389
v 0.0186065789 0.865550339 0.00227516657
v 0.0137958573 0.884035945 0.000613532029
v 0.0147236846 0.884345233 0.000574731792
v 0.00981296878 0.893475175 -0.000364718435
v 0.0184164234 0.865790784 -0.0194351245
v 0.0104936045 0.894180417 -0.000444555277
v 0.000281292334 0.897271872 -0.000758337963
v 0.0282503739 0.865790784 -0.0194351245
v 0.0353833325 0.864773393 0.00237246021
v 0.0282503739 0.864806831 -0.0193378292
v 0.0282503739 0.864806831 -0.0193378292
v 0.0178102087 0.865019381 -0.0193536524
v 0.0145738218 0.882096291 -0.0211249776
v 0.0136459945 0.881786942 -0.0210861824
v 0.0103876349 0.891829669 -0.0221337117
v 0.00970699731 0.891124308 -0.0220538657
v 0.000281292188 0.898254514 -0.000866785005
v -0.00925038289 0.893475175 -0.000364718435
v 0.000281292334 0.895861387 -0.0225515496
v 0.000281292334 0.894878685 -0.0224431083
v -0.00993101858 0.894180417 -0.000444555277
v -0.0132332724 0.884035945 0.000613532029
v -0.0098250499 0.891829669 -0.0221337117
v -0.00914441422 0.891124308 -0.0220538657
v -0.0141610997 0.884345233 0.000574731792
v -0.0174377803 0.864779055 0.0023566531
v -0.014011235 0.882096291 -0.0211249776
v -0.0130834095 0.881786942 -0.0210861824
v -0.018043993 0.865550339 0.00227516657
v -0.0320616998 0.864773393 0.00237246021
v -0.0320616998 0.865757287 0.00227516657
v -0.0178538375 0.865790784 -0.0194351245
v -0.0172476247 0.865019381 -0.0193536524
v -0.0276877917 0.865790784 -0.0194351245
v -0.0276877917 0.864806831 -0.0193378292
v -0.0276877917 0.864806831 -0.0193378292
v -0.0320616998 0.864773393 0.00237246021
v 0.0693922564 0.787568092 0.00349523057
v 0.0559533387 0.877691627 0.00449487194
v 0.0794731006 0.881290734 0.00288033951
v 0.0929120257 0.791167259 0.00188069814
v 0.0559533387 0.877691627 0.00449487194
v 0.0526424348 0.877691627 -0.0448261835
v 0.0761621967 0.881290734 -0.0464407094
v 0.0794731006 0.881290734 0.00288033951
v 0.0526424348 0.877691627 -0.0448261835
v 0.0660813525 0.787568092 -0.0458258204
v 0.0896011144 0.791167259 -0.0474403501
v 0.0761621967 0.881290734 -0.0464407094
v 0.0660813525 0.787568092 -0.0458258204
v 0.0693922564 0.787568092 0.00349523057
v 0.0929120257 0.791167259 0.00188069814
v 0.0896011144 0.791167259 -0.0474403501
v 0.0929120257 0.791167259 0.00188069814
v 0.0794731006 0.881290734 0.00288033951
v 0.0761621967 0.881290734 -0.0464407094
v 0.0896011144 0.791167259 -0.0474403501
v 0.0660813525 0.787568092 -0.0458258204
v 0.0526424348 0.877691627 -0.0448261835
v 0.0559533387 0.877691627 0.00449487194
v 0.0693922564 0.787568092 0.00349523057
v 0.0595762953 0.818646669 0.0227218866
v 0.056833744 0.837058246 0.0229101609
v 0.060719125 0.83764714 0.0232031289
v 0.0634616837 0.819235563 0.0230148733
v 0.0480769873 0.83642745 -0.0613633059
v 0.0508195385 0.818015873 -0.0615515709
v 0.0550495759 0.818506956 -0.0635372624
v 0.0523070171 0.836918533 -0.0633490011
v 0.0508195385 0.818015873 -0.0615515709
v 0.0604706481 0.819393039 -0.0436324589
v 0.0648725927 0.819903135 -0.0448698588
v 0.0550495759 0.818506956 -0.0635372624
v 0.062130034 0.838314772 -0.0446815975
v 0.0523070171 0.836918533 -0.0633490011
v 0.0550495759 0.818506956 -0.0635372624
v 0.0648725927 0.819903135 -0.0448698588
v 0.0577280857 0.837804615 -0.0434441939
v 0.0480769873 0.83642745 -0.0613633059
v 0.0523070171 0.836918533 -0.0633490011
v 0.062130034 0.838314772 -0.0446815975
v 0.056833744 0.837058246 0.0229101609
v 0.0597611405 0.837799609 0.000212125771
v 0.0636834204 0.838399768 -5.71203236E-05
v 0.060719125 0.83764714 0.0232031289
v 0.0634616837 0.819235563 0.0230148733
v 0.060719125 0.83764714 0.0232031289
v 0.0636834204 0.838399768 -5.71203236E-05
v 0.0664259791 0.819988132 -0.000245389936
v 0.0625036955 0.819387972 2.38561624E-05
v 0.0595762953 0.818646669 0.0227218866
v 0.0634616837 0.819235563 0.0230148733
v 0.0664259791 0.819988132 -0.000245389936
v 0.000281373243 0.807677984 -0.084689647
v 0.000281123357 0.705364585 -0.11052154
v -0.0408337712 0.704557419 -0.0969348699
v -0.058603093 0.807578862 -0.0167124793
v -0.0710244328 0.701952636 -0.0647137687
v -0.0794963464 0.704068065 -0.0150107238
v -0.058603093 0.807578862 -0.0167124793
v -0.0794963464 0.704068065 -0.0150107238
v -0.0740688145 0.706392407 0.0139233107
v -0.042904105 0.80891186 0.0351171345
v -0.0587386601 0.70843482 0.052683387
v 0.000281123357 0.705364585 -0.11052154
v 0.000281373243 0.807677984 -0.084689647
v 0.0414410308 0.704338133 -0.0968203694
v 0.0723498389 0.704699457 -0.0645598993
v 0.0591688827 0.807578385 -0.0167195369
v 0.0800576508 0.704476476 -0.0150313228
v 0.0591688827 0.807578385 -0.0167195369
v 0.0746301338 0.706392586 0.013923239
v 0.0800576508 0.704476476 -0.0150313228
v 0.0593010411 0.70843488 0.0526834242
v 0.0454054885 0.808618903 0.0370919555
v 0.00016778901 0.783374906 0.0644579753
v -0.00503805978 0.76225996 0.0662839711
v 0.000209320482 0.762070596 0.0674341395
v -0.0065659699 0.783590853 0.0625462383
v -0.0161942672 0.795695126 0.0589951277
v 0.000241094371 0.834907234 0.0590084121
v -0.0257370044 0.795716107 0.0566809103
v -0.042904105 0.80891186 0.0351171345
v -0.0322190709 0.783621728 0.0543082468
v -0.0587386601 0.70843482 0.052683387
v -0.0374132171 0.754972994 0.0568448864
v -0.0373752527 0.708102405 0.0673990175
v -0.0385315567 0.724382997 0.0629800707
v 0.00718080392 0.78342706 0.0624217466
v 0.000209320482 0.762070596 0.0674341395
v 0.00562717672 0.76225853 0.0662788972
v 0.00016778901 0.783374906 0.0644579753
v 0.0167652499 0.79569298 0.0586843528
v 0.000241094371 0.834907234 0.0590084121
v 0.0454054885 0.808618903 0.0370919555
v 0.0263034236 0.795714676 0.05639375
v 0.0327352434 0.783692181 0.0542915389
v 0.0593010411 0.70843488 0.0526834242
v 0.0380114838 0.754974365 0.0568361692
v 0.037937846 0.70928967 0.0673990175
v 0.0390943214 0.724385202 0.0629794374
v -0.0294717476 0.862237096 -0.0749931112
v 0.000281291752 0.783290684 -0.096598506
v 0.000281293527 0.861757696 -0.0837482437
v -0.0361159667 0.782846272 -0.0856870189
v 0.000281293091 0.706970811 -0.11424572
v -0.0518595539 0.863297939 -0.0516045317
v -0.0427445881 0.705991983 -0.0999302492
v -0.062870197 0.783167005 -0.0588987246
v -0.0592580624 0.864513993 -0.0171990637
v -0.0743795559 0.703012884 -0.0665330216
v -0.0697803646 0.782949746 -0.0172342062
v -0.0832595676 0.704843819 -0.0151948733
v -0.0543746427 0.865606904 0.0168527458
v -0.0697803646 0.782949746 -0.0172342062
v -0.0592580624 0.864513993 -0.0171990637
v -0.0649171621 0.784058034 0.0189333577
v -0.0416712463 0.866536319 0.0409365706
v -0.0777079538 0.707068384 0.0152328825
v -0.0832595676 0.704843819 -0.0151948733
v -0.0838577151 0.689869344 -0.0136914011
v -0.0794446692 0.689757049 0.0145847648
v -0.0827248618 0.682788134 -0.00442376593
v -0.081549488 0.682309508 0.00619621761
v -0.0523440428 0.784402907 0.0453856885
v -0.061746534 0.709043205 0.0553802326
v -0.0274384636 0.796334922 0.0603612736
v -0.0222342443 0.867344201 0.0549870543
v 0.000284466892 0.867610276 0.0596034452
v -0.03477557 0.784246445 0.0575299002
v -0.0398534946 0.755517304 0.0600068122
v -0.0397799015 0.70983243 0.0705677047
v -0.0409363732 0.724927962 0.0661480725
v -0.0169586204 0.796350837 0.0628503859
v -0.00737618469 0.784137249 0.0664055273
v 0.000163361285 0.784106255 0.0685334355
v -0.00587624405 0.762712598 0.0701346993
v 0.000195579531 0.762542963 0.0714681819
v 0.00793676078 0.784134746 0.0662637055
v 0.00643883226 0.762712598 0.070133023
v 0.01752121 0.796350837 0.0625214055
v 0.0280023329 0.796335459 0.0600355268
v 0.022797009 0.867344201 0.0549870543
v 0.0422338322 0.866536319 0.0409365706
v 0.0353392847 0.784246445 0.0574590899
v 0.0529065654 0.784403443 0.0453856513
v 0.0549372286 0.865606904 0.0168692451
v 0.0404160842 0.755517304 0.0600068122
v 0.0654799417 0.784056783 0.0189347975
v 0.059825737 0.864513993 -0.0163002443
v 0.0703431368 0.782948494 -0.0172076803
v 0.0623089671 0.709043205 0.0553802326
v 0.0403424874 0.70983243 0.0705677047
v 0.0414989591 0.724927962 0.0661480725
v 0.0782692954 0.707068384 0.0152328825
v 0.0838209242 0.705203712 -0.0152207566
v 0.0798971802 0.689731479 0.0143726915
v 0.0843067989 0.689991772 -0.0139147379
v 0.0819462836 0.682320774 0.0059174248
v 0.0831210613 0.682854056 -0.00470399857
v 0.0530614108 0.863297939 -0.0508124679
v 0.0703431368 0.782948494 -0.0172076803
v 0.059825737 0.864513993 -0.0163002443
v 0.0634173676 0.783302844 -0.0591936782
v 0.0838209242 0.705203712 -0.0152207566
v 0.0306721982 0.862237096 -0.0749928057
v 0.0757533982 0.70556128 -0.0664748624
v 0.0366786197 0.782971025 -0.0867164284
v 0.000281293527 0.861757696 -0.0837482437
v 0.0433462746 0.705552757 -0.0999027863
v 0.000281291752 0.783290684 -0.096598506
v 0.000281293091 0.706970811 -0.11424572
v -0.0322190709 0.783621728 0.0543082468
v -0.0374132171 0.754972994 0.0568448864
v -0.0398534946 0.755517304 0.0600068122
v -0.03477557 0.784246445 0.0575299002
v -0.0257370044 0.795716107 0.0566809103
v -0.0274384636 0.796334922 0.0603612736
v -0.0161942672 0.795695126 0.0589951277
v -0.0169586204 0.796350837 0.0628503859
v -0.0065659699 0.783590853 0.0625462383
v -0.00737618469 0.784137249 0.0664055273
v -0.00587624405 0.762712598 0.0701346993
v -0.00503805978 0.76225996 0.0662839711
v 0.000209320482 0.762070596 0.0674341395
v 0.000195579531 0.762542963 0.0714681819
v 0.00562717672 0.76225853 0.0662788972
v 0.00643883226 0.762712598 0.070133023
v 0.00718080392 0.78342706 0.0624217466
v 0.00793676078 0.784134746 0.0662637055
v 0.0167652499 0.79569298 0.0586843528
v 0.01752121 0.796350837 0.0625214055
v 0.0263034236 0.795714676 0.05639375
v 0.0280023329 0.796335459 0.0600355268
v 0.0327352434 0.783692181 0.0542915389
v 0.0353392847 0.784246445 0.0574590899
v 0.000281123357 0.705364585 -0.11052154
v 0.000281293091 0.706970811 -0.11424572
v -0.0427445881 0.705991983 -0.0999302492
v -0.0408337712 0.704557419 -0.0969348699
v -0.0710244328 0.701952636 -0.0647137687
v -0.0743795559 0.703012884 -0.0665330216
v -0.0794963464 0.704068065 -0.0150107238
v -0.0832595676 0.704843819 -0.0151948733
v -0.0801001415 0.689644456 -0.0135259675
v -0.0838577151 0.689869344 -0.0136914011
v -0.0827248618 0.682788134 -0.00442376593
v -0.078616783 0.682573557 -0.00424273964
v -0.0775299221 0.682101905 0.00506596081
v -0.081549488 0.682309508 0.00619621761
v -0.0794446692 0.689757049 0.0145847648
v -0.075770013 0.68955338 0.0134359114
v -0.0397799015 0.70983243 0.0705677047
v -0.0385315567 0.724382997 0.0629800707
v -0.0373752527 0.708102405 0.0673990175
v -0.0409363732 0.724927962 0.0661480725
v -0.0398534946 0.755517304 0.0600068122
v -0.0374132171 0.754972994 0.0568448864
v -0.061746534 0.709043205 0.0553802326
v -0.0397799015 0.70983243 0.0705677047
v -0.0373752527 0.708102405 0.0673990175
v -0.0587386601 0.70843482 0.052683387
v -0.0777079538 0.707068384 0.0152328825
v -0.0740688145 0.706392407 0.0139233107
v -0.0794446692 0.689757049 0.0145847648
v -0.075770013 0.68955338 0.0134359114
v 0.000281123357 0.705364585 -0.11052154
v 0.0433462746 0.705552757 -0.0999027863
v 0.000281293091 0.706970811 -0.11424572
v 0.0414410308 0.704338133 -0.0968203694
v 0.0757533982 0.70556128 -0.0664748624
v 0.0723498389 0.704699457 -0.0645598993
v 0.0838209242 0.705203712 -0.0152207566
v 0.0800576508 0.704476476 -0.0150313228
v 0.0843067989 0.689991772 -0.0139147379
v 0.0805515498 0.689779699 -0.013744263
v 0.0790130422 0.682649195 -0.00452235667
v 0.0831210613 0.682854056 -0.00470399857
v 0.0819462836 0.682320774 0.0059174248
v 0.0779270157 0.682117522 0.00478467438
v 0.0762185603 0.689529717 0.0132245589
v 0.0798971802 0.689731479 0.0143726915
v 0.0403424874 0.70983243 0.0705677047
v 0.0593010411 0.70843488 0.0526834242
v 0.037937846 0.70928967 0.0673990175
v 0.0623089671 0.709043205 0.0553802326
v 0.0746301338 0.706392586 0.013923239
v 0.0782692954 0.707068384 0.0152328825
v 0.0762185603 0.689529717 0.0132245589
v 0.0798971802 0.689731479 0.0143726915
v 0.0380114838 0.754974365 0.0568361692
v 0.0327352434 0.783692181 0.0542915389
v 0.0353392847 0.784246445 0.0574590899
v 0.0404160842 0.755517304 0.0600068122
v 0.0414989591 0.724927962 0.0661480725
v 0.0390943214 0.724385202 0.0629794374
v 0.037937846 0.70928967 0.0673990175
v 0.0403424874 0.70983243 0.0705677047
v -0.0794963464 0.704068065 -0.0150107238
v -0.075770013 0.68955338 0.0134359114
v -0.0740688145 0.706392407 0.0139233107
v -0.0801001415 0.689644456 -0.0135259675
v -0.0775299221 0.682101905 0.00506596081
v -0.078616783 0.682573557 -0.00424273964
v 0.0746301338 0.706392586 0.013923239
v 0.0805515498 0.689779699 -0.013744263
v 0.0800576508 0.704476476 -0.0150313228
v 0.0762185603 0.689529717 0.0132245589
v 0.0790130422 0.682649195 -0.00452235667
v 0.0779270157 0.682117522 0.00478467438
v 0.0434946045 1.00632966 -0.0342523642
v 0.0434946045 1.00632966 -0.0373552181
v 0.0463590994 1.00703919 -0.0373552181
v 0.0463590994 1.00703919 -0.0342523642
v 0.0574329495 0.876908541 -0.0333268531
v 0.0523287915 0.916452587 -0.0334279947
v 0.0575844646 0.917159379 -0.0334279947
v 0.0628792048 0.877641022 -0.0333268531
v 0.0628792048 0.877641022 -0.0333268531
v 0.0575844646 0.917159379 -0.0334279947
v 0.0575844646 0.917159379 -0.0390062444
v 0.0628792048 0.877641022 -0.0391073823
v 0.0628792048 0.877641022 -0.0391073823
v 0.0575844646 0.917159379 -0.0390062444
v 0.0523287915 0.916452587 -0.0390062444
v 0.0574329495 0.876908541 -0.0391073823
v 0.0574329495 0.876908541 -0.0391073823
v 0.0523287915 0.916452587 -0.0390062444
v 0.0523287915 0.916452587 -0.0334279947
v 0.0574329495 0.876908541 -0.0333268531
v 0.0523287915 0.916452587 -0.0334279947
v 0.0532161556 0.916571915 -0.0343698226
v 0.0566971004 0.917040169 -0.0343698226
v 0.0575844646 0.917159379 -0.0334279947
v 0.0575844646 0.917159379 -0.0334279947
v 0.0566971004 0.917040169 -0.0343698226
v 0.0566971004 0.917040169 -0.0380644202
v 0.0575844646 0.917159379 -0.0390062444
v 0.0575844646 0.917159379 -0.0390062444
v 0.0566971004 0.917040169 -0.0380644202
v 0.0532161556 0.916571915 -0.0380644202
v 0.0523287915 0.916452587 -0.0390062444
v 0.0523287915 0.916452587 -0.0390062444
v 0.0532161556 0.916571915 -0.0380644202
v 0.0532161556 0.916571915 -0.0343698226
v 0.0523287915 0.916452587 -0.0334279947
v 0.0532161556 0.916571915 -0.0343698226
v 0.0488180593 0.950010359 -0.0343698226
v 0.0522990078 0.950478554 -0.0343698226
v 0.0566971004 0.917040169 -0.0343698226
v 0.0566971004 0.917040169 -0.0343698226
v 0.0522990078 0.950478554 -0.0343698226
v 0.0522990078 0.950478554 -0.0380644202
v 0.0566971004 0.917040169 -0.0380644202
v 0.0566971004 0.917040169 -0.0380644202
v 0.0522990078 0.950478554 -0.0380644202
v 0.0488180593 0.950010359 -0.0380644202
v 0.0532161556 0.916571915 -0.0380644202
v 0.0532161556 0.916571915 -0.0380644202
v 0.0488180593 0.950010359 -0.0380644202
v 0.0488180593 0.950010359 -0.0343698226
v 0.0532161556 0.916571915 -0.0343698226
v 0.0488180593 0.950010359 -0.0343698226
v 0.0497035868 0.95012939 -0.0353097208
v 0.0514134578 0.950359464 -0.0353097208
v 0.0522990078 0.950478554 -0.0343698226
v 0.0522990078 0.950478554 -0.0343698226
v 0.0514134578 0.950359464 -0.0353097208
v 0.0514134578 0.950359464 -0.037124522
v 0.0522990078 0.950478554 -0.0380644202
v 0.0522990078 0.950478554 -0.0380644202
v 0.0514134578 0.950359464 -0.037124522
v 0.0497035868 0.95012939 -0.037124522
v 0.0488180593 0.950010359 -0.0380644202
v 0.0488180593 0.950010359 -0.0380644202
v 0.0497035868 0.95012939 -0.037124522
v 0.0497035868 0.95012939 -0.0353097208
v 0.0488180593 0.950010359 -0.0343698226
v 0.0437818579 0.975524127 -0.0297070518
v 0.0454206839 1.00098002 -0.0348963924
v 0.0470960662 1.00139499 -0.0348963924
v 0.0455058329 0.975465834 -0.0297070518
v 0.0455058329 0.975465834 -0.0297070518
v 0.0470960662 1.00139499 -0.0348963924
v 0.0470960662 1.00139499 -0.0367111936
v 0.0455058329 0.975465834 -0.0315218531
v 0.0455058329 0.975465834 -0.0315218531
v 0.0470960662 1.00139499 -0.0367111936
v 0.0454206839 1.00098002 -0.0367111936
v 0.0437818579 0.975524127 -0.0315218531
v 0.0437818579 0.975524127 -0.0315218531
v 0.0454206839 1.00098002 -0.0367111936
v 0.0454206839 1.00098002 -0.0348963924
v 0.0437818579 0.975524127 -0.0297070518
v 0.0454206839 1.00098002 -0.0348963924
v 0.0448690243 1.00145745 -0.0344508514
v 0.0473670475 1.00207627 -0.0344508514
v 0.0470960662 1.00139499 -0.0348963924
v 0.0470960662 1.00139499 -0.0348963924
v 0.0473670475 1.00207627 -0.0344508514
v 0.0473670475 1.00207627 -0.0371567346
v 0.0470960662 1.00139499 -0.0367111936
v 0.0470960662 1.00139499 -0.0367111936
v 0.0473670475 1.00207627 -0.0371567346
v 0.0448690243 1.00145745 -0.0371567346
v 0.0454206839 1.00098002 -0.0367111936
v 0.0454206839 1.00098002 -0.0367111936
v 0.0448690243 1.00145745 -0.0371567346
v 0.0448690243 1.00145745 -0.0344508514
v 0.0454206839 1.00098002 -0.0348963924
v 0.0448690243 1.00145745 -0.0344508514
v 0.0434946045 1.00632966 -0.0342523642
v 0.0463590994 1.00703919 -0.0342523642
v 0.0473670475 1.00207627 -0.0344508514
v 0.0473670475 1.00207627 -0.0344508514
v 0.0463590994 1.00703919 -0.0342523642
v 0.0463590994 1.00703919 -0.0373552181
v 0.0473670475 1.00207627 -0.0371567346
v 0.0473670475 1.00207627 -0.0371567346
v 0.0463590994 1.00703919 -0.0373552181
v 0.0434946045 1.00632966 -0.0373552181
v 0.0448690243 1.00145745 -0.0371567346
v 0.0448690243 1.00145745 -0.0371567346
v 0.0434946045 1.00632966 -0.0373552181
v 0.0434946045 1.00632966 -0.0342523642
v 0.0448690243 1.00145745 -0.0344508514
v 0.0497035868 0.95012939 -0.0353097208
v 0.0437818579 0.975524127 -0.0297070518
v 0.0455058329 0.975465834 -0.0297070518
v 0.0514134578 0.950359464 -0.0353097208
v 0.0514134578 0.950359464 -0.0353097208
v 0.0455058329 0.975465834 -0.0297070518
v 0.0455058329 0.975465834 -0.0315218531
v 0.0514134578 0.950359464 -0.037124522
v 0.0514134578 0.950359464 -0.037124522
v 0.0455058329 0.975465834 -0.0315218531
v 0.0437818579 0.975524127 -0.0315218531
v 0.0497035868 0.95012939 -0.037124522
v 0.0497035868 0.95012939 -0.037124522
v 0.0437818579 0.975524127 -0.0315218531
v 0.0437818579 0.975524127 -0.0297070518
v 0.0497035868 0.95012939 -0.0353097208
v -0.0590137169 0.818646669 0.0227218866
v -0.0628991053 0.819235563 0.0230148733
v -0.0601565503 0.83764714 0.0232031289
v -0.0562711656 0.837058246 0.0229101609
v -0.0480242968 0.83642745 -0.061171975
v -0.0511153452 0.836918533 -0.0631576702
v -0.0538579077 0.818506956 -0.063345924
v -0.050766848 0.818015873 -0.06136024
v -0.050766848 0.818015873 -0.06136024
v -0.0538579077 0.818506956 -0.063345924
v -0.0645088777 0.819903135 -0.0447164327
v -0.0612459071 0.819393039 -0.0434565544
v -0.0617663227 0.838314772 -0.0445281677
v -0.0645088777 0.819903135 -0.0447164327
v -0.0538579077 0.818506956 -0.063345924
v -0.0511153452 0.836918533 -0.0631576702
v -0.0585033484 0.837804615 -0.0432682894
v -0.0617663227 0.838314772 -0.0445281677
v -0.0511153452 0.836918533 -0.0631576702
v -0.0480242968 0.83642745 -0.061171975
v -0.0562711656 0.837058246 0.0229101609
v -0.0601565503 0.83764714 0.0232031289
v -0.0633739531 0.838399768 0.000381870253
v -0.0594516583 0.837799609 0.000651116366
v -0.0628991053 0.819235563 0.0230148733
v -0.0661165044 0.819988132 0.000193600645
v -0.0633739531 0.838399768 0.000381870253
v -0.0601565503 0.83764714 0.0232031289
v -0.062194217 0.819387972 0.000462851516
v -0.0661165044 0.819988132 0.000193600645
v -0.0628991053 0.819235563 0.0230148733
v -0.0590137169 0.818646669 0.0227218866
v -0.0501022004 0.975678861 -0.0250268783
v -0.0530226827 0.975317061 -0.0248237085
v -0.0531891398 0.974962413 -0.0279016327
v -0.0502686426 0.975324214 -0.0281048082
v -0.0576917194 0.872725189 -0.0277003832
v -0.0631379709 0.87345767 -0.0277003832
v -0.0578432418 0.912976027 -0.0278015248
v -0.0525875539 0.912269175 -0.0278015248
v -0.0631379709 0.87345767 -0.0277003832
v -0.0631379709 0.87345767 -0.0334809124
v -0.0578432418 0.912976027 -0.0333797745
v -0.0578432418 0.912976027 -0.0278015248
v -0.0631379709 0.87345767 -0.0334809124
v -0.0576917194 0.872725189 -0.0334809124
v -0.0525875539 0.912269175 -0.0333797745
v -0.0578432418 0.912976027 -0.0333797745
v -0.0576917194 0.872725189 -0.0334809124
v -0.0576917194 0.872725189 -0.0277003832
v -0.0525875539 0.912269175 -0.0278015248
v -0.0525875539 0.912269175 -0.0333797745
v -0.0525875539 0.912269175 -0.0278015248
v -0.0578432418 0.912976027 -0.0278015248
v -0.0569558702 0.912856758 -0.0287433546
v -0.0534749255 0.912388504 -0.0287433546
v -0.0578432418 0.912976027 -0.0278015248
v -0.0578432418 0.912976027 -0.0333797745
v -0.0569558702 0.912856758 -0.0324379541
v -0.0569558702 0.912856758 -0.0287433546
v -0.0578432418 0.912976027 -0.0333797745
v -0.0525875539 0.912269175 -0.0333797745
v -0.0534749255 0.912388504 -0.0324379541
v -0.0569558702 0.912856758 -0.0324379541
v -0.0525875539 0.912269175 -0.0333797745
v -0.0525875539 0.912269175 -0.0278015248
v -0.0534749255 0.912388504 -0.0287433546
v -0.0534749255 0.912388504 -0.0324379541
v -0.0534749255 0.912388504 -0.0287433546
v -0.0569558702 0.912856758 -0.0287433546
v -0.0562053658 0.930267334 -0.0265075136
v -0.052724421 0.92979908 -0.0265075136
v -0.0569558702 0.912856758 -0.0287433546
v -0.0569558702 0.912856758 -0.0324379541
v -0.0562053658 0.930267334 -0.0302021094
v -0.0562053658 0.930267334 -0.0265075136
v -0.0569558702 0.912856758 -0.0324379541
v -0.0534749255 0.912388504 -0.0324379541
v -0.052724421 0.92979908 -0.0302021094
v -0.0562053658 0.930267334 -0.0302021094
v -0.0534749255 0.912388504 -0.0324379541
v -0.0534749255 0.912388504 -0.0287433546
v -0.052724421 0.92979908 -0.0265075136
v -0.052724421 0.92979908 -0.0302021094
v -0.052724421 0.92979908 -0.0265075136
v -0.0562053658 0.930267334 -0.0265075136
v -0.0553198196 0.930148244 -0.0274474099
v -0.0536099486 0.92991817 -0.0274474099
v -0.0562053658 0.930267334 -0.0265075136
v -0.0553198196 0.930148244 -0.0292622112
v -0.0553198196 0.930148244 -0.0274474099
v -0.0562053658 0.930267334 -0.0302021094
v -0.052724421 0.92979908 -0.0302021094
v -0.0536099486 0.92991817 -0.0292622112
v -0.0553198196 0.930148244 -0.0292622112
v -0.052724421 0.92979908 -0.0302021094
v -0.052724421 0.92979908 -0.0265075136
v -0.0536099486 0.92991817 -0.0274474099
v -0.0536099486 0.92991817 -0.0292622112
v -0.0530119985 0.954037547 -0.023107199
v -0.0547359772 0.953979254 -0.023107199
v -0.0517341681 0.969738305 -0.0249015186
v -0.0500260182 0.969949841 -0.025020346
v -0.0547359772 0.953979254 -0.023107199
v -0.0547359772 0.953979254 -0.0249219984
v -0.0518315211 0.96953094 -0.0267017409
v -0.0517341681 0.969738305 -0.0249015186
v -0.0547359772 0.953979254 -0.0249219984
v -0.0530119985 0.954037547 -0.0249219984
v -0.0501233712 0.969742477 -0.0268205665
v -0.0518315211 0.96953094 -0.0267017409
v -0.0530119985 0.954037547 -0.0249219984
v -0.0530119985 0.954037547 -0.023107199
v -0.0500260182 0.969949841 -0.025020346
v -0.0501233712 0.969742477 -0.0268205665
v -0.0500260182 0.969949841 -0.025020346
v -0.0517341681 0.969738305 -0.0249015186
v -0.0522052087 0.97032547 -0.0244939663
v -0.0496583208 0.970640779 -0.0246711392
v -0.0517341681 0.969738305 -0.0249015186
v -0.0518315211 0.96953094 -0.0267017409
v -0.0523503609 0.970016301 -0.0271781106
v -0.0522052087 0.97032547 -0.0244939663
v -0.0518315211 0.96953094 -0.0267017409
v -0.0501233712 0.969742477 -0.0268205665
v -0.0498034656 0.970331609 -0.0273552816
v -0.0523503609 0.970016301 -0.0271781106
v -0.0501233712 0.969742477 -0.0268205665
v -0.0500260182 0.969949841 -0.025020346
v -0.0496583208 0.970640779 -0.0246711392
v -0.0498034656 0.970331609 -0.0273552816
v -0.0496583208 0.970640779 -0.0246711392
v -0.0522052087 0.97032547 -0.0244939663
v -0.0530226827 0.975317061 -0.0248237085
v -0.0501022004 0.975678861 -0.0250268783
v -0.0522052087 0.97032547 -0.0244939663
v -0.0523503609 0.970016301 -0.0271781106
v -0.0531891398 0.974962413 -0.0279016327
v -0.0530226827 0.975317061 -0.0248237085
v -0.0523503609 0.970016301 -0.0271781106
v -0.0498034656 0.970331609 -0.0273552816
v -0.0502686426 0.975324214 -0.0281048082
v -0.0531891398 0.974962413 -0.0279016327
v -0.0498034656 0.970331609 -0.0273552816
v -0.0496583208 0.970640779 -0.0246711392
v -0.0501022004 0.975678861 -0.0250268783
v -0.0502686426 0.975324214 -0.0281048082
v -0.0536099486 0.92991817 -0.0274474099
v -0.0553198196 0.930148244 -0.0274474099
v -0.0547359772 0.953979254 -0.023107199
v -0.0530119985 0.954037547 -0.023107199
v -0.0553198196 0.930148244 -0.0274474099
v -0.0553198196 0.930148244 -0.0292622112
v -0.0547359772 0.953979254 -0.0249219984
v -0.0547359772 0.953979254 -0.023107199
v -0.0553198196 0.930148244 -0.0292622112
v -0.0536099486 0.92991817 -0.0292622112
v -0.0530119985 0.954037547 -0.0249219984
v -0.0547359772 0.953979254 -0.0249219984
v -0.0536099486 0.92991817 -0.0292622112
v -0.0536099486 0.92991817 -0.0274474099
v -0.0530119985 0.954037547 -0.023107199
v -0.0530119985 0.954037547 -0.0249219984
v -0.0651137605 0.798104227 -0.0454788059
v -0.0665325597 0.791561484 -0.0388728268
v -0.0686753392 0.791561484 -0.00612143986
v -0.0681433454 0.798098564 0.00087289809
v -0.0578000732 0.867462277 0.00169219496
v -0.0547704957 0.867467761 -0.0447094329
v -0.0563812777 0.87400496 -0.00511117466
v -0.0542385057 0.87400496 -0.0379639454
v -0.0686753392 0.791561484 -0.00612143986
v -0.0837372467 0.793866396 -0.00729984744
v -0.0832089037 0.800404131 -0.000318922976
v -0.0681433454 0.798098564 0.00087289809
v -0.0578000732 0.867462277 0.00169219496
v -0.0728624985 0.86977005 0.000474820117
v -0.071445033 0.87631005 -0.00633056136
v -0.0563812777 0.87400496 -0.00511117466
v -0.0542385057 0.87400496 -0.0379639454
v -0.0693021715 0.87631005 -0.038995903
v -0.069833748 0.86977005 -0.0457434691
v -0.0547704957 0.867467761 -0.0447094329
v -0.0651137605 0.798104227 -0.0454788059
v -0.0801770017 0.800406456 -0.0465128347
v -0.0815945715 0.793866396 -0.0399856046
v -0.0665325597 0.791561484 -0.0388728268
v -0.0832089037 0.800404131 -0.000318922976
v -0.0728624985 0.86977005 0.000474820117
v -0.0578000732 0.867462277 0.00169219496
v -0.0681433454 0.798098564 0.00087289809
v -0.071445033 0.87631005 -0.00633056136
v -0.0693021715 0.87631005 -0.038995903
v -0.0542385057 0.87400496 -0.0379639454
v -0.0563812777 0.87400496 -0.00511117466
v -0.069833748 0.86977005 -0.0457434691
v -0.0801770017 0.800406456 -0.0465128347
v -0.0651137605 0.798104227 -0.0454788059
v -0.0547704957 0.867467761 -0.0447094329
v -0.0815945715 0.793866396 -0.0399856046
v -0.0837372467 0.793866396 -0.00729984744
v -0.0686753392 0.791561484 -0.00612143986
v -0.0665325597 0.791561484 -0.0388728268
v 0.0696136206 0.772132456 -0.0159699675
v 0.0667780489 0.789730906 -0.0159699675
v 0.0747820362 0.791049778 -0.0159699675
v 0.0775908083 0.773446381 -0.0159699675
v 0.0736032054 0.747373283 -0.00674232934
v 0.0781166181 0.791599333 -0.020913424
v 0.0816038474 0.748691976 -0.00674207183
v 0.0758689716 0.728126764 -0.0131744482
v 0.0838704258 0.728889823 -0.0133734317
v 0.0766922534 0.720492542 -0.0437013842
v 0.0845256373 0.721482813 -0.042959325
v 0.0636176988 0.732159197 -0.0700646713
v 0.0700063333 0.734784007 -0.0740615651
v 0.03981236 0.741422772 -0.0899743438
v 0.0427461267 0.744923532 -0.0965205282
v -0.000674417301 0.746924877 -0.101811215
v -0.00106526702 0.749288321 -0.105467476
v -0.0389073454 0.741187215 -0.0888180733
v -0.0422775745 0.743100822 -0.0947029665
v -0.065589495 0.738099396 -0.0606957339
v -0.0697168261 0.740033269 -0.0623585097
v -0.0737403408 0.748743296 -0.0349205174
v -0.0809775591 0.752076447 -0.0358075239
v -0.0702992976 0.768764794 -0.0219238754
v -0.0780719146 0.770393252 -0.0237442534
v -0.0664111674 0.794242918 -0.0136843063
v -0.0740736723 0.795197487 -0.0163110439
v -0.0758928359 0.795194089 -0.022200102
v -0.0802141279 0.772224963 -0.0292169396
v -0.0819589943 0.757351279 -0.0384434946
v -0.0757151619 0.772664905 -0.0332406648
v -0.0712259337 0.794382989 -0.0259304978
v -0.0705223531 0.745441556 -0.0636119992
v -0.0679292828 0.771033525 -0.0315559879
v -0.0635439679 0.793426096 -0.0233761687
v -0.0697964355 0.756572425 -0.0397239812
v -0.0770566985 0.759916365 -0.0404652692
v -0.0631260648 0.747648597 -0.0601026267
v -0.067237474 0.749577641 -0.0617534183
v -0.0368170403 0.750884712 -0.0872408077
v -0.042578809 0.74861747 -0.0959122851
v -0.0405961201 0.752810776 -0.0922795683
v 0.000750427542 0.756355822 -0.0993140414
v -0.00091518939 0.754803896 -0.106602378
v -0.000332305586 0.758728027 -0.102622166
v 0.040094804 0.750031054 -0.0863788202
v 0.0435726717 0.750587821 -0.0963519067
v 0.0422875732 0.753685892 -0.0914747715
v 0.0633412972 0.740816236 -0.0662912801
v 0.0717005506 0.740054905 -0.0731129348
v 0.0690092146 0.743504643 -0.0694267377
v 0.0760853067 0.729996145 -0.0422807559
v 0.0862843469 0.726541758 -0.0415593646
v 0.0831348598 0.730980158 -0.0406772755
v 0.0750769228 0.734906018 -0.0205998458
v 0.086476773 0.73256582 -0.0171204749
v 0.0830604061 0.735667348 -0.0207477231
v 0.0735683143 0.747590244 -0.016670933
v 0.0849238187 0.749350488 -0.0116908019
v 0.0815615132 0.748907626 -0.0166554451
v 0.0696136206 0.772132456 -0.0258568786
v 0.0809524432 0.774000168 -0.020913424
v 0.0775902569 0.773446262 -0.0258568786
v 0.0667780489 0.789730906 -0.0258568786
v 0.0747820362 0.791049778 -0.0258568786
v 0.0695609972 0.77245909 -0.0253796093
v 0.066725418 0.790057421 -0.0253796093
v 0.0747294202 0.791376412 -0.0253796093
v 0.0775381923 0.773773015 -0.0253796093
v 0.0727070644 0.752934754 -0.0182022899
v 0.0780639946 0.791925967 -0.030323064
v 0.0807076991 0.754253626 -0.0182786882
v 0.0746615753 0.735619962 -0.0226799436
v 0.0826630369 0.736382961 -0.0228450485
v 0.0749597028 0.731244862 -0.0437013842
v 0.0827930942 0.732235074 -0.042959325
v 0.0618851446 0.742911518 -0.0700646713
v 0.0682737827 0.745536327 -0.0740615651
v 0.0380798094 0.752175152 -0.0899743438
v 0.0410135835 0.755675852 -0.0965205282
v -0.00215501431 0.757677317 -0.0978705212
v -0.00279781525 0.760040641 -0.105467476
v -0.0407101288 0.751939535 -0.087708883
v -0.0440101214 0.753853083 -0.0947029665
v -0.065231815 0.748851836 -0.0576280951
v -0.0714493766 0.75078553 -0.0623585097
v -0.0738751218 0.762848675 -0.0388945006
v -0.0810704902 0.76592207 -0.0406092331
v -0.0687516257 0.796380579 -0.0205803346
v -0.0764141381 0.797335207 -0.0232063718
v -0.0782333091 0.79733181 -0.0291258972
v -0.0819405988 0.770506263 -0.0442828089
v -0.073566407 0.79652065 -0.0328854918
v -0.0722548962 0.756193817 -0.0636119992
v -0.0769610703 0.772591829 -0.0466092005
v -0.0658844337 0.795563817 -0.0303228628
v -0.0697427988 0.769508421 -0.044946745
v -0.0627683923 0.758400917 -0.0570349917
v -0.0689700246 0.760329962 -0.0617534183
v -0.0389992148 0.761637032 -0.0852188095
v -0.0443113595 0.759369791 -0.0959122851
v -0.0423286706 0.763563156 -0.0922795683
v -0.00141990837 0.767108142 -0.0949992463
v -0.00264773751 0.763971627 -0.106298886
v -0.00206485391 0.768328547 -0.102622166
v 0.0376022868 0.760783374 -0.0848955214
v 0.0418401286 0.761340261 -0.0963519067
v 0.0405550264 0.764438212 -0.0914747715
v 0.0608709455 0.751568675 -0.0654373169
v 0.0699680001 0.750807166 -0.0731129348
v 0.0672766641 0.754256964 -0.0694267377
v 0.0736149624 0.740748584 -0.0414267927
v 0.0845517963 0.737294078 -0.0415593646
v 0.0814023167 0.741732478 -0.0406836197
v 0.0738695338 0.742399096 -0.0302619003
v 0.0852693841 0.740058959 -0.0266589019
v 0.0818530172 0.743160486 -0.0303496085
v 0.0726721659 0.753151774 -0.0284129325
v 0.0840276778 0.754912019 -0.023325447
v 0.0806653649 0.754469156 -0.0283455886
v 0.0695609972 0.77245909 -0.0352665186
v 0.0808998272 0.774326742 -0.030323064
v 0.0775376335 0.773772895 -0.0352665186
v 0.066725418 0.790057421 -0.0352665186
v 0.0747294202 0.791376412 -0.0352665186
v 0.0147035075 0.72803098 -0.106392972
v 0.000300509768 0.736134231 -0.106826015
v 0.0144558353 0.727758527 -0.105474934
v 0.000300845655 0.7364254 -0.107835881
v -0.0138547821 0.736152947 -0.102885626
v -0.0141018145 0.7364254 -0.103811607
v 0.0147035075 0.745070934 -0.102617145
v 0.0144558353 0.727758527 -0.105474934
v 0.0144140292 0.745358109 -0.101523638
v 0.0147035075 0.74886024 -0.104862317
v 0.0144242356 0.749264002 -0.103924975
v 0.000300845655 0.745070934 -0.106523834
v -0.0141018145 0.745070934 -0.102459885
v -0.0138130616 0.745358109 -0.10136798
v -0.0138547821 0.736152947 -0.102885626
v -0.0138659021 0.749293625 -0.103772491
v -0.0141018145 0.74886024 -0.104701154
v -0.0136802029 0.761828005 -0.105641678
v 0.000300845655 0.74886024 -0.108768918
v -0.0139301438 0.762048483 -0.106615789
v -0.0135502983 0.767389417 -0.101930857
v 0.0145242019 0.762048483 -0.104796968
v 0.0142296664 0.76186949 -0.103846945
v 0.000297030347 0.762048483 -0.109766349
v -0.0137584684 0.768243372 -0.102581911
v -0.0134778684 0.769914329 -0.0943705067
v 0.000293214747 0.769862652 -0.106731288
v 0.014344899 0.768243372 -0.103240043
v 0.0140944095 0.767410576 -0.102494799
v -0.0137584684 0.770716131 -0.0952279642
v -0.0134829087 0.78918761 -0.0925409198
v -0.0137584684 0.789346457 -0.0934753865
v 0.000293214747 0.770716131 -0.0996239558
v 0.014344899 0.770716131 -0.095889993
v 0.0140921399 0.769911349 -0.0950306877
v 0.000293214747 0.785127699 -0.0977886245
v 0.014344899 0.78288269 -0.0940027982
v 0.014101007 0.782722473 -0.0930588692
v 0.014101007 0.782722473 -0.0930588692
v 0.00031027256 0.784956098 -0.0967776775
v -0.0134829087 0.78918761 -0.0925409198
v 0.00978763774 0.884849548 -0.0808980092
v 0.000281292188 0.900007486 0.0219488386
v 0.000281292334 0.888810337 -0.0813084692
v 0.0102623664 0.895849049 0.022379823
v 0.0137252975 0.875287771 -0.0799070448
v 0.0143966675 0.88580966 0.0234202612
v 0.000281292334 0.888810337 -0.0813084692
v 0.000281292188 0.900007486 0.0219488386
v -0.00969978236 0.895849049 0.022379823
v -0.00922505371 0.884849548 -0.0808980092
v -0.0138340779 0.88580966 0.0234202612
v -0.0131627107 0.875287771 -0.0799070448
v -0.0131627107 0.875287771 -0.0799070448
v -0.0138340779 0.88580966 0.0234202612
v -0.00969978236 0.875770271 0.0244607106
v -0.00922505371 0.865725994 -0.0789160877
v 0.000281292188 0.871611774 0.0248916857
v 0.000281292334 0.861765206 -0.0785056129
v 0.000281292334 0.861765206 -0.0785056129
v 0.000281292188 0.871611774 0.0248916857
v 0.0102623673 0.875770271 0.0244607106
v 0.0097876396 0.865725994 -0.0789160877
v 0.0143966675 0.88580966 0.0234202612
v 0.0137252975 0.875287771 -0.0799070448
v 0.0102623664 0.895849049 0.022379823
v 0.000281291606 0.907584071 0.0245052371
v 0.000281292188 0.900007486 0.0219488386
v 0.0153477956 0.901306748 0.0251557957
v 0.0143966675 0.88580966 0.0234202612
v 0.021588549 0.886152327 0.0267263651
v 0.0102623673 0.875770271 0.0244607106
v 0.0153477974 0.870997846 0.0282969233
v 0.000281292188 0.871611774 0.0248916857
v 0.000281291606 0.864720583 0.0289474726
v 0.000281292188 0.900007486 0.0219488386
v 0.000281291606 0.907584071 0.0245052371
v -0.0147852134 0.901306748 0.0251557957
v -0.00969978236 0.895849049 0.022379823
v -0.021025965 0.886152327 0.0267263651
v -0.0138340779 0.88580966 0.0234202612
v -0.0147852134 0.870997846 0.0282969233
v -0.00969978236 0.875770271 0.0244607106
v 0.000281291606 0.864720583 0.0289474726
v 0.000281292188 0.871611774 0.0248916857
v 0.0153477956 0.901306748 0.0251557957
v 0.000281291606 0.90977931 0.0456877947
v 0.000281291606 0.907584071 0.0245052371
v 0.0153477956 0.903502166 0.0463383533
v 0.021588549 0.886152327 0.0267263651
v 0.021588549 0.888347626 0.0479089208
v 0.0153477974 0.870997846 0.0282969233
v 0.0153477974 0.873193085 0.0494794771
v 0.000281291606 0.864720583 0.0289474726
v 0.000281291606 0.866915882 0.0501300283
v 0.000281291606 0.907584071 0.0245052371
v 0.000281291606 0.90977931 0.0456877947
v -0.0147852134 0.903502166 0.0463383533
v -0.0147852134 0.901306748 0.0251557957
v -0.021025965 0.888347626 0.0479089208
v -0.021025965 0.886152327 0.0267263651
v -0.0147852134 0.873193085 0.0494794771
v -0.0147852134 0.870997846 0.0282969233
v 0.000281291606 0.866915882 0.0501300283
v 0.000281291606 0.864720583 0.0289474726
v 0.0137252975 0.875287771 -0.0799070448
v 0.000281293236 0.874614596 -0.0864021853
v 0.0097876396 0.865725994 -0.0789160877
v 0.00978763774 0.884849548 -0.0808980092
v 0.000281292334 0.861765206 -0.0785056129
v 0.000281292334 0.888810337 -0.0813084692
v -0.00922505371 0.865725994 -0.0789160877
v -0.00922505371 0.884849548 -0.0808980092
v -0.0131627107 0.875287771 -0.0799070448
v -0.0767293572 0.87075752 -0.0395873785
v -0.0801770017 0.800406456 -0.0465128347
v -0.069833748 0.86977005 -0.0457434691
v -0.0693021715 0.87631005 -0.038995903
v -0.0870725587 0.801394582 -0.0403560437
v -0.0815945715 0.793866396 -0.0399856046
v -0.0837372467 0.793866396 -0.00729984744
v -0.0892152414 0.801394582 -0.00767029729
v -0.0832089037 0.800404131 -0.000318922976
v -0.0728624985 0.86977005 0.000474820117
v -0.0788720846 0.870758116 -0.00689952355
v -0.071445033 0.87631005 -0.00633056136
v 0.000281291897 0.888347626 0.0479089208
v 0.021588549 0.888347626 0.0479089208
v 0.0153477974 0.873193085 0.0494794771
v 0.000281291606 0.866915882 0.0501300283
v 0.0153477956 0.903502166 0.0463383533
v -0.0147852134 0.873193085 0.0494794771
v 0.000281291606 0.90977931 0.0456877947
v -0.021025965 0.888347626 0.0479089208
v -0.0147852134 0.903502166 0.0463383533
v 0.0422338322 0.866536319 0.0409365706
v 0.022797009 0.867344201 0.0549870543
v 0.000281289074 0.864611924 -0.0100637581
v 0.0549372286 0.865606904 0.0168692451
v 0.000284466892 0.867610276 0.0596034452
v 0.059825737 0.864513993 -0.0163002443
v -0.0222342443 0.867344201 0.0549870543
v 0.0530614108 0.863297939 -0.0508124679
v -0.0416712463 0.866536319 0.0409365706
v 0.0306721982 0.862237096 -0.0749928057
v -0.0543746427 0.865606904 0.0168527458
v 0.000281293527 0.861757696 -0.0837482437
v -0.0592580624 0.864513993 -0.0171990637
v -0.0294717476 0.862237096 -0.0749931112
v -0.0518595539 0.863297939 -0.0516045317
vt 0.388427734 0.96875
vt 0.388916016 0.967773438
vt 0.369628906 0.967773438
vt 0.369628906 0.96875
vt 0.352294922 0.967773438
vt 0.352539062 0.96875
vt 0.340332031 0.968261719
vt 0.370361328 0.9921875
vt 0.340332031 0.969238281
vt 0.328369141 0.968261719
vt 0.379394531 0.991699219
vt 0.389404297 0.969238281
vt 0.380371094 0.9921875
vt 0.379882812 0.992675781
vt 0.370605469 0.992675781
vt 0.3515625 0.991699219
vt 0.351318359 0.992675781
vt 0.340820312 0.991699219
vt 0.340820312 0.992675781
vt 0.328369141 0.969238281
vt 0.316650391 0.96875
vt 0.329345703 0.991210938
vt 0.329345703 0.9921875
vt 0.316650391 0.969726562
vt 0.305419922 0.969238281
vt 0.317626953 0.991210938
vt 0.317871094 0.9921875
vt 0.305175781 0.970214844
vt 0.288330078 0.96875
vt 0.305908203 0.991210938
vt 0.306152344 0.9921875
vt 0.288330078 0.969726562
vt 0.272216797 0.96875
vt 0.272460938 0.969726562
vt 0.287109375 0.991210938
vt 0.286865234 0.9921875
vt 0.277832031 0.991210938
vt 0.277587891 0.9921875
vt 0.276855469 0.991699219
vt 0.271484375 0.969726562
vt 0.00312995911 0.519042969
vt 0.00312995911 0.633789062
vt 0.0325317383 0.633789062
vt 0.0325317383 0.519042969
vt 0.00312995911 0.526855469
vt 0.00312995911 0.589355469
vt 0.0325317383 0.589355469
vt 0.0325317383 0.526855469
vt 0.00312995911 0.633789062
vt 0.00312995911 0.519042969
vt 0.0325317383 0.519042969
vt 0.0325317383 0.633789062
vt 0.00312995911 0.519042969
vt 0.00312995911 0.581542969
vt 0.0325317383 0.581542969
vt 0.0325317383 0.519042969
vt 0.0325317383 0.519042969
vt 0.0325317383 0.633789062
vt 0.0950317383 0.633789062
vt 0.0950317383 0.519042969
vt 0.0325317383 0.519042969
vt 0.0325317383 0.633789062
vt 0.0950317383 0.633789062
vt 0.0950317383 0.519042969
vt 0.0157318115 0.846191406
vt 0.0157318115 0.880371094
vt 0.0228729248 0.880371094
vt 0.0228729248 0.846191406
vt 0.0157318115 0.880371094
vt 0.0157318115 0.846191406
vt 0.0228729248 0.846191406
vt 0.0228729248 0.880371094
vt 0.0228729248 0.839355469
vt 0.0632324219 0.839355469
vt 0.0643920898 0.846191406
vt 0.0228729248 0.846191406
vt 0.0643920898 0.880371094
vt 0.0228729248 0.880371094
vt 0.0228729248 0.846191406
vt 0.0643920898 0.846191406
vt 0.0632324219 0.887695312
vt 0.0228729248 0.887695312
vt 0.0228729248 0.880371094
vt 0.0643920898 0.880371094
vt 0.0228729248 0.887695312
vt 0.0632324219 0.887695312
vt 0.0643920898 0.880371094
vt 0.0228729248 0.880371094
vt 0.0228729248 0.846191406
vt 0.0228729248 0.880371094
vt 0.0643920898 0.880371094
vt 0.0643920898 0.846191406
vt 0.0632324219 0.839355469
vt 0.0228729248 0.839355469
vt 0.0228729248 0.846191406
vt 0.0643920898 0.846191406
vt 0.784179688 0.731933594
vt 0.905761719 0.708496094
vt 0.916992188 0.743164062
vt 0.788085938 0.8046875
vt 0.921386719 0.778808594
vt 0.912597656 0.819335938
vt 0.788085938 0.8046875
vt 0.913085938 0.818359375
vt 0.915527344 0.794433594
vt 0.794921875 0.760253906
vt 0.91796875 0.760742188
vt 0.905761719 0.708496094
vt 0.784179688 0.731933594
vt 0.916992188 0.743164062
vt 0.921386719 0.778808594
vt 0.788085938 0.8046875
vt 0.912597656 0.819335938
vt 0.788085938 0.8046875
vt 0.915527344 0.794433594
vt 0.913085938 0.818359375
vt 0.91796875 0.760742188
vt 0.794921875 0.760253906
vt 0.822265625 0.805664062
vt 0.848144531 0.803710938
vt 0.84765625 0.808105469
vt 0.822753906 0.799804688
vt 0.809570312 0.790527344
vt 0.760253906 0.799804688
vt 0.810546875 0.782226562
vt 0.794433594 0.760253906
vt 0.825195312 0.77734375
vt 0.917480469 0.759765625
vt 0.860351562 0.775390625
vt 0.916992188 0.780761719
vt 0.897460938 0.777832031
vt 0.822753906 0.799804688
vt 0.84765625 0.808105469
vt 0.848144531 0.803710938
vt 0.822265625 0.805664062
vt 0.809570312 0.790527344
vt 0.760253906 0.799804688
vt 0.794433594 0.760253906
vt 0.810546875 0.782226562
vt 0.825195312 0.77734375
vt 0.917480469 0.759765625
vt 0.860351562 0.775390625
vt 0.916992188 0.780761719
vt 0.897460938 0.777832031
vt 0.782714844 0.991699219
vt 0.817382812 0.903808594
vt 0.814941406 0.991699219
vt 0.78125 0.903808594
vt 0.813964844 0.821289062
vt 0.754394531 0.991699219
vt 0.776367188 0.821289062
vt 0.751464844 0.903808594
vt 0.7265625 0.991699219
vt 0.744628906 0.821289062
vt 0.720703125 0.903808594
vt 0.71484375 0.821289062
vt 0.766601562 0.9921875
vt 0.720214844 0.903808594
vt 0.7265625 0.9921875
vt 0.758789062 0.903808594
vt 0.798339844 0.9921875
vt 0.751953125 0.821777344
vt 0.714355469 0.821777344
vt 0.71484375 0.803710938
vt 0.749023438 0.80078125
vt 0.725585938 0.794433594
vt 0.73828125 0.79296875
vt 0.789550781 0.903808594
vt 0.783691406 0.821777344
vt 0.821777344 0.916015625
vt 0.826660156 0.9921875
vt 0.853515625 0.9921875
vt 0.8125 0.903808594
vt 0.807128906 0.87109375
vt 0.812011719 0.821777344
vt 0.80859375 0.837890625
vt 0.833496094 0.916015625
vt 0.844726562 0.902832031
vt 0.853027344 0.902832031
vt 0.847167969 0.880859375
vt 0.853515625 0.880371094
vt 0.861816406 0.903320312
vt 0.860351562 0.880859375
vt 0.873046875 0.916503906
vt 0.885253906 0.916503906
vt 0.880371094 0.9921875
vt 0.908691406 0.9921875
vt 0.893554688 0.903808594
vt 0.916503906 0.903808594
vt 0.940917969 0.9921875
vt 0.897460938 0.872070312
vt 0.947265625 0.903808594
vt 0.983886719 0.9921875
vt 0.989257812 0.903808594
vt 0.918457031 0.821777344
vt 0.890136719 0.821777344
vt 0.89453125 0.838867188
vt 0.953613281 0.821777344
vt 0.991699219 0.821777344
vt 0.956542969 0.80078125
vt 0.991210938 0.803222656
vt 0.967773438 0.792480469
vt 0.98046875 0.793945312
vt 0.960449219 0.9921875
vt 0.988769531 0.903808594
vt 0.984375 0.9921875
vt 0.95703125 0.903808594
vt 0.991210938 0.821289062
vt 0.926269531 0.9921875
vt 0.959960938 0.821289062
vt 0.921386719 0.903808594
vt 0.897460938 0.9921875
vt 0.920898438 0.821289062
vt 0.889648438 0.903808594
vt 0.887695312 0.821289062
vt 0.99609375 0.584960938
vt 0.99609375 0.540527344
vt 0.98828125 0.540527344
vt 0.98828125 0.584960938
vt 0.99609375 0.606445312
vt 0.98828125 0.606445312
vt 0.99609375 0.625976562
vt 0.98828125 0.625976562
vt 0.99609375 0.649902344
vt 0.98828125 0.649902344
vt 0.98828125 0.683105469
vt 0.99609375 0.683105469
vt 0.99609375 0.692382812
vt 0.98828125 0.692382812
vt 0.99609375 0.700683594
vt 0.98828125 0.700683594
vt 0.99609375 0.733398438
vt 0.98828125 0.733398438
vt 0.99609375 0.7578125
vt 0.98828125 0.7578125
vt 0.99609375 0.774414062
vt 0.98828125 0.774414062
vt 0.99609375 0.795898438
vt 0.98828125 0.795898438
vt 0.99609375 0.522949219
vt 0.98828125 0.522949219
vt 0.98828125 0.590332031
vt 0.99609375 0.590332031
vt 0.99609375 0.655273438
vt 0.98828125 0.655273438
vt 0.99609375 0.719726562
vt 0.98828125 0.719726562
vt 0.99609375 0.741699219
vt 0.98828125 0.741699219
vt 0.98828125 0.759765625
vt 0.99609375 0.759765625
vt 0.99609375 0.774902344
vt 0.98828125 0.774902344
vt 0.98828125 0.792480469
vt 0.99609375 0.792480469
vt 0.98828125 0.61328125
vt 0.99609375 0.588378906
vt 0.99609375 0.61328125
vt 0.98828125 0.588378906
vt 0.98828125 0.540527344
vt 0.99609375 0.540527344
vt 0.98828125 0.708496094
vt 0.98828125 0.668945312
vt 0.99609375 0.668945312
vt 0.99609375 0.708007812
vt 0.98828125 0.762695312
vt 0.99609375 0.762695312
vt 0.98828125 0.788574219
vt 0.99609375 0.788574219
vt 0.98828125 0.522949219
vt 0.99609375 0.591308594
vt 0.99609375 0.522949219
vt 0.98828125 0.590820312
vt 0.99609375 0.658203125
vt 0.98828125 0.658203125
vt 0.99609375 0.716796875
vt 0.98828125 0.716796875
vt 0.99609375 0.739257812
vt 0.98828125 0.739257812
vt 0.98828125 0.765136719
vt 0.99609375 0.765136719
vt 0.99609375 0.765136719
vt 0.98828125 0.765136719
vt 0.98828125 0.790039062
vt 0.99609375 0.790039062
vt 0.99609375 0.668945312
vt 0.98828125 0.709472656
vt 0.98828125 0.668945312
vt 0.99609375 0.709960938
vt 0.98828125 0.765136719
vt 0.99609375 0.765136719
vt 0.98828125 0.791015625
vt 0.99609375 0.791015625
vt 0.99609375 0.740722656
vt 0.99609375 0.78515625
vt 0.98828125 0.78515625
vt 0.98828125 0.740722656
vt 0.98828125 0.692871094
vt 0.99609375 0.692871094
vt 0.99609375 0.668945312
vt 0.98828125 0.668945312
vt 0.952636719 0.822265625
vt 0.989257812 0.800292969
vt 0.991699219 0.822753906
vt 0.953125 0.803222656
vt 0.977539062 0.791503906
vt 0.965332031 0.79296875
vt 0.9921875 0.82421875
vt 0.955566406 0.801757812
vt 0.953613281 0.820800781
vt 0.991210938 0.802246094
vt 0.968261719 0.792480469
vt 0.98046875 0.791992188
vt 0.962890625 0.712402344
vt 0.966308594 0.712402344
vt 0.966308594 0.709472656
vt 0.962890625 0.709472656
vt 0.955078125 0.509277344
vt 0.955078125 0.564453125
vt 0.961425781 0.564453125
vt 0.961425781 0.509277344
vt 0.961425781 0.509277344
vt 0.961425781 0.564453125
vt 0.969726562 0.564453125
vt 0.969726562 0.509277344
vt 0.969726562 0.509277344
vt 0.969726562 0.564453125
vt 0.977539062 0.564453125
vt 0.977539062 0.509277344
vt 0.977539062 0.509277344
vt 0.977539062 0.564453125
vt 0.984863281 0.564453125
vt 0.984863281 0.509277344
vt 0.955078125 0.564453125
vt 0.955078125 0.565429688
vt 0.961425781 0.565429688
vt 0.961425781 0.564453125
vt 0.961425781 0.564453125
vt 0.961425781 0.565429688
vt 0.969726562 0.565429688
vt 0.969726562 0.564453125
vt 0.969726562 0.564453125
vt 0.969726562 0.565429688
vt 0.977539062 0.565429688
vt 0.977539062 0.564453125
vt 0.977539062 0.564453125
vt 0.977539062 0.565429688
vt 0.984863281 0.565429688
vt 0.984863281 0.564453125
vt 0.956054688 0.5703125
vt 0.956054688 0.625
vt 0.9609375 0.625
vt 0.9609375 0.5703125
vt 0.9609375 0.5703125
vt 0.9609375 0.625
vt 0.966796875 0.625
vt 0.966796875 0.5703125
vt 0.966796875 0.5703125
vt 0.966796875 0.625
vt 0.97265625 0.625
vt 0.97265625 0.5703125
vt 0.97265625 0.5703125
vt 0.97265625 0.625
vt 0.978027344 0.625
vt 0.978027344 0.5703125
vt 0.956054688 0.625
vt 0.956054688 0.625976562
vt 0.9609375 0.625976562
vt 0.9609375 0.625
vt 0.9609375 0.625
vt 0.9609375 0.625976562
vt 0.966796875 0.625976562
vt 0.966796875 0.625
vt 0.966796875 0.625
vt 0.966796875 0.625976562
vt 0.97265625 0.625976562
vt 0.97265625 0.625
vt 0.97265625 0.625
vt 0.97265625 0.625976562
vt 0.978027344 0.625976562
vt 0.978027344 0.625
vt 0.958007812 0.663085938
vt 0.958007812 0.691894531
vt 0.959960938 0.692382812
vt 0.959960938 0.662597656
vt 0.959960938 0.662597656
vt 0.959960938 0.692382812
vt 0.961914062 0.692871094
vt 0.961914062 0.662597656
vt 0.961914062 0.662597656
vt 0.961914062 0.692871094
vt 0.963867188 0.692382812
vt 0.963867188 0.663085938
vt 0.963867188 0.663085938
vt 0.963867188 0.692382812
vt 0.965820312 0.691894531
vt 0.965820312 0.663085938
vt 0.9609375 0.703125
vt 0.959960938 0.704101562
vt 0.963378906 0.704101562
vt 0.963378906 0.703125
vt 0.963378906 0.703125
vt 0.963378906 0.704101562
vt 0.966308594 0.704101562
vt 0.966308594 0.703125
vt 0.966308594 0.703125
vt 0.966308594 0.704101562
vt 0.969238281 0.704101562
vt 0.969238281 0.703125
vt 0.969238281 0.703125
vt 0.969238281 0.704101562
vt 0.97265625 0.704101562
vt 0.971679688 0.703125
vt 0.959960938 0.704101562
vt 0.959472656 0.709472656
vt 0.962890625 0.709472656
vt 0.963378906 0.704101562
vt 0.963378906 0.704101562
vt 0.962890625 0.709472656
vt 0.966308594 0.709472656
vt 0.966308594 0.704101562
vt 0.966308594 0.704101562
vt 0.966308594 0.709472656
vt 0.969726562 0.709472656
vt 0.969238281 0.704101562
vt 0.969238281 0.704101562
vt 0.969726562 0.709472656
vt 0.973144531 0.709472656
vt 0.97265625 0.704101562
vt 0.958007812 0.633789062
vt 0.958007812 0.663085938
vt 0.959960938 0.662597656
vt 0.959960938 0.633300781
vt 0.959960938 0.633300781
vt 0.959960938 0.662597656
vt 0.961914062 0.662597656
vt 0.961914062 0.6328125
vt 0.961914062 0.6328125
vt 0.961914062 0.662597656
vt 0.963867188 0.663085938
vt 0.963867188 0.633300781
vt 0.963867188 0.633300781
vt 0.963867188 0.663085938
vt 0.965820312 0.663085938
vt 0.965820312 0.633789062
vt 0.0157318115 0.846191406
vt 0.0228729248 0.846191406
vt 0.0228729248 0.880371094
vt 0.0157318115 0.880371094
vt 0.0157318115 0.880371094
vt 0.0228729248 0.880371094
vt 0.0228729248 0.846191406
vt 0.0157318115 0.846191406
vt 0.0228729248 0.839355469
vt 0.0228729248 0.846191406
vt 0.0643920898 0.846191406
vt 0.0632324219 0.839355469
vt 0.0643920898 0.880371094
vt 0.0643920898 0.846191406
vt 0.0228729248 0.846191406
vt 0.0228729248 0.880371094
vt 0.0632324219 0.887695312
vt 0.0643920898 0.880371094
vt 0.0228729248 0.880371094
vt 0.0228729248 0.887695312
vt 0.0228729248 0.887695312
vt 0.0228729248 0.880371094
vt 0.0643920898 0.880371094
vt 0.0632324219 0.887695312
vt 0.0228729248 0.846191406
vt 0.0643920898 0.846191406
vt 0.0643920898 0.880371094
vt 0.0228729248 0.880371094
vt 0.0632324219 0.839355469
vt 0.0643920898 0.846191406
vt 0.0228729248 0.846191406
vt 0.0228729248 0.839355469
vt 0.966308594 0.712402344
vt 0.966308594 0.709472656
vt 0.962890625 0.709472656
vt 0.962890625 0.712402344
vt 0.977539062 0.509277344
vt 0.969726562 0.509277344
vt 0.969726562 0.564453125
vt 0.977539062 0.564453125
vt 0.969726562 0.509277344
vt 0.961425781 0.509277344
vt 0.961425781 0.564453125
vt 0.969726562 0.564453125
vt 0.961425781 0.509277344
vt 0.955078125 0.509277344
vt 0.955078125 0.564453125
vt 0.961425781 0.564453125
vt 0.984863281 0.509277344
vt 0.977539062 0.509277344
vt 0.977539062 0.564453125
vt 0.984863281 0.564453125
vt 0.977539062 0.564453125
vt 0.969726562 0.564453125
vt 0.969726562 0.565429688
vt 0.977539062 0.565429688
vt 0.969726562 0.564453125
vt 0.961425781 0.564453125
vt 0.961425781 0.565429688
vt 0.969726562 0.565429688
vt 0.961425781 0.564453125
vt 0.955078125 0.564453125
vt 0.955078125 0.565429688
vt 0.961425781 0.565429688
vt 0.984863281 0.564453125
vt 0.977539062 0.564453125
vt 0.977539062 0.565429688
vt 0.984863281 0.565429688
vt 0.97265625 0.596191406
vt 0.966796875 0.596191406
vt 0.966796875 0.625
vt 0.97265625 0.625
vt 0.966796875 0.596191406
vt 0.9609375 0.596191406
vt 0.9609375 0.625
vt 0.966796875 0.625
vt 0.9609375 0.596191406
vt 0.956054688 0.596191406
vt 0.956054688 0.625
vt 0.9609375 0.625
vt 0.978027344 0.596191406
vt 0.97265625 0.596191406
vt 0.97265625 0.625
vt 0.978027344 0.625
vt 0.97265625 0.625
vt 0.966796875 0.625
vt 0.966796875 0.625976562
vt 0.97265625 0.625976562
vt 0.966796875 0.625
vt 0.9609375 0.625976562
vt 0.966796875 0.625976562
vt 0.9609375 0.625
vt 0.956054688 0.625
vt 0.956054688 0.625976562
vt 0.9609375 0.625976562
vt 0.978027344 0.625
vt 0.97265625 0.625
vt 0.97265625 0.625976562
vt 0.978027344 0.625976562
vt 0.963867188 0.663085938
vt 0.961914062 0.663085938
vt 0.961914062 0.680664062
vt 0.963867188 0.681152344
vt 0.961914062 0.663085938
vt 0.959960938 0.662597656
vt 0.959960938 0.680664062
vt 0.961914062 0.680664062
vt 0.959960938 0.662597656
vt 0.958007812 0.663085938
vt 0.958007812 0.681152344
vt 0.959960938 0.680664062
vt 0.965820312 0.663085938
vt 0.963867188 0.663085938
vt 0.963867188 0.681152344
vt 0.965820312 0.681152344
vt 0.969238281 0.703125
vt 0.966308594 0.703125
vt 0.966308594 0.704101562
vt 0.969238281 0.704101562
vt 0.966308594 0.703125
vt 0.963378906 0.703125
vt 0.963378906 0.704101562
vt 0.966308594 0.704101562
vt 0.963378906 0.703125
vt 0.9609375 0.703125
vt 0.959960938 0.704101562
vt 0.963378906 0.704101562
vt 0.971679688 0.703125
vt 0.969238281 0.703125
vt 0.969238281 0.704101562
vt 0.97265625 0.704101562
vt 0.969238281 0.704101562
vt 0.966308594 0.704101562
vt 0.966308594 0.709472656
vt 0.969726562 0.709472656
vt 0.966308594 0.704101562
vt 0.963378906 0.704101562
vt 0.962890625 0.709472656
vt 0.966308594 0.709472656
vt 0.963378906 0.704101562
vt 0.959960938 0.704101562
vt 0.959472656 0.709472656
vt 0.962890625 0.709472656
vt 0.97265625 0.704101562
vt 0.969238281 0.704101562
vt 0.969726562 0.709472656
vt 0.973144531 0.709472656
vt 0.963867188 0.635742188
vt 0.961914062 0.636230469
vt 0.961914062 0.663085938
vt 0.963867188 0.663085938
vt 0.961914062 0.636230469
vt 0.959960938 0.635742188
vt 0.959960938 0.662597656
vt 0.961914062 0.663085938
vt 0.959960938 0.635742188
vt 0.958007812 0.635253906
vt 0.958007812 0.663085938
vt 0.959960938 0.662597656
vt 0.965820312 0.635742188
vt 0.963867188 0.635742188
vt 0.963867188 0.663085938
vt 0.965820312 0.663085938
vt 0.0119171143 0.63671875
vt 0.00422668457 0.64453125
vt 0.00422668457 0.682617188
vt 0.0118255615 0.690917969
vt 0.0911865234 0.690917969
vt 0.0913085938 0.63671875
vt 0.0989379883 0.682617188
vt 0.0989379883 0.64453125
vt 0.00232124329 0.708007812
vt 0.00232124329 0.690917969
vt 0.0127029419 0.690917969
vt 0.0127029419 0.708007812
vt 0.0903930664 0.708007812
vt 0.0903930664 0.690917969
vt 0.100769043 0.690917969
vt 0.100769043 0.708007812
vt 0.100769043 0.708007812
vt 0.100769043 0.690917969
vt 0.0903930664 0.690917969
vt 0.0903930664 0.708007812
vt 0.0127029419 0.708007812
vt 0.0127029419 0.690917969
vt 0.00232124329 0.690917969
vt 0.00232124329 0.708007812
vt 0.0127029419 0.690917969
vt 0.0903930664 0.690917969
vt 0.0903930664 0.708007812
vt 0.0127029419 0.708007812
vt 0.100524902 0.690917969
vt 0.0634765625 0.690917969
vt 0.0634765625 0.708007812
vt 0.100524902 0.708007812
vt 0.0903930664 0.690917969
vt 0.0127029419 0.690917969
vt 0.0127029419 0.708007812
vt 0.0903930664 0.708007812
vt 0.0391845703 0.690917969
vt 0.00213050842 0.690917969
vt 0.00213050842 0.708007812
vt 0.0391845703 0.708007812
vt 0.950683594 0.515625
vt 0.950683594 0.5
vt 0.943359375 0.5
vt 0.943359375 0.515625
vt 0.950683594 0.538574219
vt 0.937011719 0.5
vt 0.943359375 0.538574219
vt 0.950683594 0.553222656
vt 0.943359375 0.553222656
vt 0.950683594 0.571289062
vt 0.943359375 0.571289062
vt 0.950683594 0.599609375
vt 0.943359375 0.599609375
vt 0.950683594 0.629882812
vt 0.943359375 0.629882812
vt 0.950683594 0.66796875
vt 0.943359375 0.66796875
vt 0.950683594 0.704589844
vt 0.943359375 0.704589844
vt 0.950683594 0.738769531
vt 0.943359375 0.738769531
vt 0.950683594 0.763183594
vt 0.943359375 0.763183594
vt 0.950683594 0.780761719
vt 0.943359375 0.780761719
vt 0.950683594 0.800292969
vt 0.943359375 0.800292969
vt 0.937011719 0.800292969
vt 0.937011719 0.780761719
vt 0.937011719 0.763183594
vt 0.931152344 0.780761719
vt 0.931152344 0.800292969
vt 0.937011719 0.738769531
vt 0.924316406 0.780761719
vt 0.924316406 0.800292969
vt 0.924316406 0.763183594
vt 0.931152344 0.763183594
vt 0.924316406 0.738769531
vt 0.931152344 0.738769531
vt 0.924316406 0.704589844
vt 0.937011719 0.704589844
vt 0.931152344 0.704589844
vt 0.924316406 0.66796875
vt 0.937011719 0.66796875
vt 0.931152344 0.66796875
vt 0.924316406 0.629882812
vt 0.937011719 0.629882812
vt 0.931152344 0.629882812
vt 0.924316406 0.599609375
vt 0.937011719 0.599609375
vt 0.931152344 0.599609375
vt 0.924316406 0.571289062
vt 0.937011719 0.571289062
vt 0.931152344 0.571289062
vt 0.924316406 0.553222656
vt 0.937011719 0.553222656
vt 0.931152344 0.553222656
vt 0.924316406 0.538574219
vt 0.937011719 0.538574219
vt 0.931152344 0.538574219
vt 0.924316406 0.515625
vt 0.937011719 0.515625
vt 0.931152344 0.515625
vt 0.924316406 0.5
vt 0.931152344 0.5
vt 0.951660156 0.517089844
vt 0.951660156 0.5
vt 0.943847656 0.5
vt 0.943847656 0.517089844
vt 0.951660156 0.537109375
vt 0.938476562 0.5
vt 0.943847656 0.537109375
vt 0.951660156 0.55078125
vt 0.943847656 0.55078125
vt 0.951660156 0.563476562
vt 0.943847656 0.563476562
vt 0.951660156 0.594238281
vt 0.943847656 0.594238281
vt 0.951660156 0.627441406
vt 0.943847656 0.627441406
vt 0.951660156 0.66796875
vt 0.943847656 0.66796875
vt 0.951660156 0.707519531
vt 0.943847656 0.707519531
vt 0.951660156 0.743164062
vt 0.943847656 0.743164062
vt 0.951660156 0.765625
vt 0.943847656 0.765625
vt 0.951660156 0.800292969
vt 0.943847656 0.800292969
vt 0.938476562 0.800292969
vt 0.938476562 0.765625
vt 0.933105469 0.800292969
vt 0.938476562 0.743164062
vt 0.933105469 0.765625
vt 0.925292969 0.800292969
vt 0.925292969 0.765625
vt 0.925292969 0.743164062
vt 0.933105469 0.743164062
vt 0.925292969 0.707519531
vt 0.938476562 0.707519531
vt 0.933105469 0.707519531
vt 0.925292969 0.66796875
vt 0.938476562 0.66796875
vt 0.933105469 0.66796875
vt 0.925292969 0.627441406
vt 0.938476562 0.627441406
vt 0.933105469 0.627441406
vt 0.925292969 0.594238281
vt 0.938476562 0.594238281
vt 0.933105469 0.594238281
vt 0.925292969 0.563476562
vt 0.938476562 0.563476562
vt 0.933105469 0.563476562
vt 0.925292969 0.55078125
vt 0.938476562 0.55078125
vt 0.933105469 0.55078125
vt 0.925292969 0.537109375
vt 0.938476562 0.537109375
vt 0.933105469 0.537109375
vt 0.925292969 0.517089844
vt 0.938476562 0.517089844
vt 0.933105469 0.517089844
vt 0.925292969 0.5
vt 0.933105469 0.5
vt 0.293212891 0.991210938
vt 0.301269531 0.978027344
vt 0.292480469 0.990234375
vt 0.302246094 0.978515625
vt 0.302001953 0.969238281
vt 0.302978516 0.969238281
vt 0.311767578 0.991699219
vt 0.29296875 0.9921875
vt 0.312011719 0.992675781
vt 0.316894531 0.991210938
vt 0.317138672 0.9921875
vt 0.311035156 0.978515625
vt 0.311767578 0.969726562
vt 0.312011719 0.96875
vt 0.302734375 0.968261719
vt 0.317382812 0.969238281
vt 0.316894531 0.970214844
vt 0.330322266 0.968261719
vt 0.316650391 0.978515625
vt 0.330322266 0.969238281
vt 0.337646484 0.968261719
vt 0.330566406 0.991210938
vt 0.330566406 0.9921875
vt 0.329589844 0.978515625
vt 0.337890625 0.969238281
vt 0.344970703 0.968261719
vt 0.337402344 0.978515625
vt 0.337158203 0.991210938
vt 0.336914062 0.9921875
vt 0.345458984 0.969238281
vt 0.365234375 0.967773438
vt 0.364990234 0.96875
vt 0.344482422 0.978515625
vt 0.344482422 0.991210938
vt 0.344238281 0.9921875
vt 0.358398438 0.979003906
vt 0.356689453 0.991210938
vt 0.356933594 0.9921875
vt 0.357666016 0.991210938
vt 0.359375 0.979003906
vt 0.365722656 0.969238281
vt 0.0112686157 0.978027344
vt 0.154052734 0.963378906
vt 0.0112686157 0.963378906
vt 0.154052734 0.978027344
vt 0.0112686157 0.992675781
vt 0.154052734 0.992675781
vt 0.0112686157 0.963378906
vt 0.154052734 0.963378906
vt 0.154052734 0.978027344
vt 0.0112686157 0.978027344
vt 0.154052734 0.992675781
vt 0.0112686157 0.992675781
vt 0.0112686157 0.992675781
vt 0.154052734 0.992675781
vt 0.154052734 0.978027344
vt 0.0112686157 0.978027344
vt 0.154052734 0.963378906
vt 0.0112686157 0.963378906
vt 0.0112686157 0.963378906
vt 0.154052734 0.963378906
vt 0.154052734 0.978027344
vt 0.0112686157 0.978027344
vt 0.154052734 0.992675781
vt 0.0112686157 0.992675781
vt 0.210449219 0.89453125
vt 0.191040039 0.887207031
vt 0.193847656 0.89453125
vt 0.210449219 0.887207031
vt 0.23046875 0.89453125
vt 0.23046875 0.887207031
vt 0.251220703 0.89453125
vt 0.251220703 0.887207031
vt 0.268310547 0.89453125
vt 0.271240234 0.887207031
vt 0.193847656 0.89453125
vt 0.191040039 0.887207031
vt 0.210449219 0.887207031
vt 0.210449219 0.89453125
vt 0.23046875 0.887207031
vt 0.23046875 0.89453125
vt 0.251220703 0.887207031
vt 0.251220703 0.89453125
vt 0.271240234 0.887207031
vt 0.268310547 0.89453125
vt 0.210449219 0.887207031
vt 0.191040039 0.862792969
vt 0.191040039 0.887207031
vt 0.210449219 0.862792969
vt 0.23046875 0.887207031
vt 0.23046875 0.862792969
vt 0.251220703 0.887207031
vt 0.251220703 0.862792969
vt 0.271240234 0.887207031
vt 0.271240234 0.862792969
vt 0.191040039 0.887207031
vt 0.191040039 0.862792969
vt 0.210449219 0.862792969
vt 0.210449219 0.887207031
vt 0.23046875 0.862792969
vt 0.23046875 0.887207031
vt 0.251220703 0.862792969
vt 0.251220703 0.887207031
vt 0.271240234 0.862792969
vt 0.271240234 0.887207031
vt 0.301757812 0.413818359
vt 0.328125 0.413574219
vt 0.309326172 0.394775391
vt 0.309570312 0.432617188
vt 0.327880859 0.386962891
vt 0.328125 0.440185547
vt 0.346679688 0.394775391
vt 0.346679688 0.432373047
vt 0.354492188 0.413330078
vt 0.0892944336 0.681640625
vt 0.0127029419 0.690917969
vt 0.0903930664 0.690917969
vt 0.0989379883 0.682128906
vt 0.0139312744 0.681640625
vt 0.00422668457 0.682128906
vt 0.00422668457 0.645019531
vt 0.0139312744 0.646484375
vt 0.0127029419 0.63671875
vt 0.0903930664 0.63671875
vt 0.0892944336 0.646484375
vt 0.0989379883 0.645019531
vt 0.263183594 0.433349609
vt 0.305664062 0.43359375
vt 0.293457031 0.403076172
vt 0.263427734 0.390136719
vt 0.29296875 0.464111328
vt 0.233276367 0.402587891
vt 0.262695312 0.476318359
vt 0.220458984 0.432861328
vt 0.232788086 0.463623047
vt 0.793457031 0.71875
vt 0.779296875 0.73828125
vt 0.845703125 0.761230469
vt 0.817871094 0.705566406
vt 0.774902344 0.761230469
vt 0.8515625 0.700683594
vt 0.779296875 0.784179688
vt 0.88671875 0.707519531
vt 0.793945312 0.803710938
vt 0.911132812 0.729980469
vt 0.818359375 0.81640625
vt 0.920410156 0.760742188
vt 0.853027344 0.821289062
vt 0.911621094 0.791015625
vt 0.887695312 0.813964844
vn 0.0896606445 0.995117188 0.0393981934
vn 0.922363281 0.0403137207 0.384521484
vn 0.00609207153 0.0970458984 0.995117188
vn 0.687988281 0.721191406 0.0802001953
vn 0.0104598999 0.0975341797 0.995117188
vn 0.958496094 0.284423828 0.0114440918
vn 0.00466537476 0.107788086 0.994140625
vn 0.735839844 0.673339844 -0.0705566406
vn 0.6953125 0.717285156 -0.0471496582
vn 5.96046448E-07 0.109802246 0.994140625
vn 0.0501403809 0.998046875 -0.0371704102
vn 0.922363281 0.0403137207 0.384521484
vn 0.811035156 -0.0584716797 -0.58203125
vn 0.811035156 -0.0584716797 -0.58203125
vn -0.0029964447 -0.102966309 -0.994628906
vn 0.958496094 0.276611328 -0.0658569336
vn -0.00542068481 -0.104736328 -0.994628906
vn 0.694824219 0.709960938 -0.113830566
vn -0.00466156006 -0.107788086 -0.994140625
vn -0 0.997070312 -0.0765380859
vn -0.00466537476 0.107788086 0.994140625
vn -0 0.989746094 -0.142211914
vn -1.78813934E-07 -0.109802246 -0.994140625
vn -0.6953125 0.717285156 -0.0471496582
vn -0.0104675293 0.0975341797 0.995117188
vn -0.694824219 0.709960938 -0.113830566
vn 0.00466156006 -0.107788086 -0.994140625
vn -0.958496094 0.284423828 0.0114440918
vn -0.00660705566 0.0967407227 0.995117188
vn -0.958496094 0.276611328 -0.0658569336
vn 0.00541687012 -0.104736328 -0.994628906
vn -0.718261719 0.69140625 0.0761108398
vn -0.919433594 0.0405883789 0.390625
vn -0.0908203125 0.995117188 0.0415649414
vn -0.762695312 0.642578125 -0.0737915039
vn 0.0029964447 -0.102966309 -0.994628906
vn -0.0600891113 0.997558594 -0.0372924805
vn -0.860351562 -0.0511474609 -0.507324219
vn -0.860351562 -0.0511474609 -0.507324219
vn -0.919433594 0.0405883789 0.390625
vn 0.0686035156 -0.000834465027 0.997558594
vn 0.0686035156 -0.000834465027 0.997558594
vn 0.0686035156 -0.000834465027 0.997558594
vn 0.0686035156 -0.000834465027 0.997558594
vn -0.150634766 0.988769531 0.0101089478
vn -0.150634766 0.988769531 0.0101089478
vn -0.150634766 0.988769531 0.0101089478
vn -0.150634766 0.988769531 0.0101089478
vn -0.0686035156 0.000834465027 -0.997558594
vn -0.0686035156 0.000834465027 -0.997558594
vn -0.0686035156 0.000834465027 -0.997558594
vn -0.0686035156 0.000834465027 -0.997558594
vn 0.150634766 -0.988769531 -0.0101089478
vn 0.150634766 -0.988769531 -0.0101089478
vn 0.150634766 -0.988769531 -0.0101089478
vn 0.150634766 -0.988769531 -0.0101089478
vn 0.986816406 0.147827148 -0.0662231445
vn 0.986816406 0.147827148 -0.0662231445
vn 0.986816406 0.147827148 -0.0662231445
vn 0.986816406 0.147827148 -0.0662231445
vn -0.986816406 -0.147827148 0.0662231445
vn -0.986816406 -0.147827148 0.0662231445
vn -0.986816406 -0.147827148 0.0662231445
vn -0.986816406 -0.147827148 0.0662231445
vn -0.0720214844 -0.0209197998 0.997070312
vn -0.0720214844 -0.0209197998 0.997070312
vn -0.0720214844 -0.0209197998 0.997070312
vn -0.0720214844 -0.0209197998 0.997070312
vn -0.419189453 -0.0531921387 -0.90625
vn -0.419189453 -0.0531921387 -0.90625
vn -0.419189453 -0.0531921387 -0.90625
vn -0.419189453 -0.0531921387 -0.90625
vn 0.119506836 -0.992675781 0.0116424561
vn 0.119506836 -0.992675781 0.0116424561
vn 0.119506836 -0.992675781 0.0116424561
vn 0.119506836 -0.992675781 0.0116424561
vn 0.872558594 0.134765625 -0.469238281
vn 0.872558594 0.134765625 -0.469238281
vn 0.872558594 0.134765625 -0.469238281
vn 0.872558594 0.134765625 -0.469238281
vn -0.119506836 0.992675781 -0.0116424561
vn -0.119506836 0.992675781 -0.0116424561
vn -0.119506836 0.992675781 -0.0116424561
vn -0.119506836 0.992675781 -0.0116424561
vn -0.150634766 0.98828125 0.0128250122
vn -0.150634766 0.98828125 0.0128250122
vn -0.150634766 0.98828125 0.0128250122
vn -0.150634766 0.98828125 0.0128250122
vn 0.980957031 0.144775391 0.129638672
vn 0.980957031 0.144775391 0.129638672
vn 0.980957031 0.144775391 0.129638672
vn 0.980957031 0.144775391 0.129638672
vn 0.150634766 -0.98828125 -0.0128250122
vn 0.150634766 -0.98828125 -0.0128250122
vn 0.150634766 -0.98828125 -0.0128250122
vn 0.150634766 -0.98828125 -0.0128250122
vn 0.00897979736 -0.478759766 0.877929688
vn -0.00247383118 -0.244750977 0.969726562
vn 0.646972656 -0.342773438 0.681152344
vn 0.909667969 -0.327880859 0.255615234
vn 0.76953125 -0.334228516 0.544433594
vn 0.981933594 -0.185546875 0.0319824219
vn 0.909667969 -0.327880859 0.255615234
vn 0.981933594 -0.185546875 0.0319824219
vn 0.938964844 -0.206542969 -0.274658203
vn 0.887695312 -0.231567383 -0.397705078
vn 0.899414062 -0.218994141 -0.378417969
vn -0.00247383118 -0.244750977 0.969726562
vn 0.00897979736 -0.478759766 0.877929688
vn -0.637207031 -0.346679688 0.687988281
vn -0.764160156 -0.340576172 0.547851562
vn -0.907714844 -0.324951172 0.265869141
vn -0.982421875 -0.185302734 0.0138702393
vn -0.907714844 -0.324951172 0.265869141
vn -0.946289062 -0.194458008 -0.259033203
vn -0.982421875 -0.185302734 0.0138702393
vn -0.91015625 -0.205444336 -0.360107422
vn -0.895019531 -0.21496582 -0.391113281
vn -0.00978851318 -0.112976074 -0.993652344
vn 0.240600586 -0.142333984 -0.959960938
vn -0.0062828064 -0.1484375 -0.988769531
vn 0.24621582 -0.105529785 -0.963378906
vn 0.444091797 -0.240478516 -0.86328125
vn 0.0231018066 -0.284912109 -0.958496094
vn 0.562988281 -0.302734375 -0.769042969
vn 0.887695312 -0.231567383 -0.397705078
vn 0.667480469 -0.220458984 -0.711425781
vn 0.899414062 -0.218994141 -0.378417969
vn 0.658691406 -0.216918945 -0.720703125
vn 0.556640625 -0.182006836 -0.810546875
vn 0.556640625 -0.182006836 -0.810546875
vn -0.258056641 -0.105957031 -0.960449219
vn -0.0062828064 -0.1484375 -0.988769531
vn -0.243408203 -0.145629883 -0.958984375
vn -0.00978851318 -0.112976074 -0.993652344
vn -0.414794922 -0.213012695 -0.884765625
vn 0.0231018066 -0.284912109 -0.958496094
vn -0.895019531 -0.21496582 -0.391113281
vn -0.513671875 -0.266113281 -0.815429688
vn -0.610351562 -0.198852539 -0.766601562
vn -0.91015625 -0.205444336 -0.360107422
vn -0.605957031 -0.197753906 -0.770507812
vn -0.55859375 -0.186035156 -0.808105469
vn -0.55859375 -0.186035156 -0.808105469
vn -0.514160156 0.159545898 -0.842773438
vn -0.00654602051 0.190307617 -0.981933594
vn -0.00800323486 0.161865234 -0.986816406
vn -0.51953125 0.180664062 -0.834960938
vn -0.00433349609 0.213012695 -0.977050781
vn -0.88671875 0.152709961 -0.436035156
vn -0.525390625 0.197387695 -0.827636719
vn -0.885253906 0.165283203 -0.434326172
vn -0.990234375 0.135131836 -0.030090332
vn -0.88671875 0.175170898 -0.427978516
vn -0.987792969 0.150024414 -0.0379333496
vn -0.987304688 0.157104492 -0.0278778076
vn -0.951660156 0.132202148 0.277587891
vn -0.987792969 0.150024414 -0.0379333496
vn -0.990234375 0.135131836 -0.030090332
vn -0.950683594 0.14465332 0.274169922
vn -0.811523438 0.128540039 0.5703125
vn -0.956054688 0.151733398 0.251464844
vn -0.987304688 0.157104492 -0.0278778076
vn -0.983886719 0.075378418 0.161987305
vn -0.983886719 0.075378418 0.161743164
vn -0.986816406 0.0746459961 0.142944336
vn -0.986816406 0.0746459961 0.142944336
vn -0.8203125 0.147216797 0.552734375
vn -0.861328125 0.159179688 0.482177734
vn -0.438232422 0.110778809 0.892089844
vn -0.366943359 0.098815918 0.924804688
vn 0.00111675262 0.0933227539 0.995605469
vn -0.552734375 0.139770508 0.821777344
vn -0.552246094 0.175415039 0.814941406
vn -0.559570312 0.185791016 0.807617188
vn -0.559570312 0.185791016 0.807617188
vn -0.227050781 0.0962524414 0.969238281
vn -0.246826172 0.105529785 0.963378906
vn 0.00848388672 0.111450195 0.993652344
vn -0.24206543 0.140258789 0.959960938
vn 0.00548553467 0.146240234 0.989257812
vn 0.259765625 0.10534668 0.959960938
vn 0.244628906 0.143432617 0.958984375
vn 0.233642578 0.0935668945 0.967773438
vn 0.43359375 0.109436035 0.89453125
vn 0.366943359 0.094543457 0.925292969
vn 0.811035156 0.127807617 0.570800781
vn 0.547851562 0.140625 0.824707031
vn 0.819335938 0.147583008 0.553710938
vn 0.951171875 0.131713867 0.279785156
vn 0.551757812 0.17590332 0.815429688
vn 0.950195312 0.14453125 0.275634766
vn 0.990722656 0.133666992 -0.0246429443
vn 0.987792969 0.151611328 -0.0316467285
vn 0.861328125 0.159179688 0.482177734
vn 0.559570312 0.185791016 0.807617188
vn 0.559570312 0.185791016 0.807617188
vn 0.955566406 0.151000977 0.252441406
vn 0.986816406 0.160400391 -0.0168914795
vn 0.984375 0.0661621094 0.162597656
vn 0.984375 0.0661621094 0.162841797
vn 0.987304688 0.0660400391 0.143066406
vn 0.987304688 0.0660400391 0.143066406
vn 0.892578125 0.153076172 -0.424072266
vn 0.987792969 0.151611328 -0.0316467285
vn 0.990722656 0.133666992 -0.0246429443
vn 0.886230469 0.16809082 -0.431396484
vn 0.986816406 0.160400391 -0.0168914795
vn 0.516601562 0.164550781 -0.840332031
vn 0.886230469 0.17980957 -0.427246094
vn 0.514160156 0.181152344 -0.838378906
vn -0.00800323486 0.161865234 -0.986816406
vn 0.515625 0.194335938 -0.834472656
vn -0.00654602051 0.190307617 -0.981933594
vn -0.00433349609 0.213012695 -0.977050781
vn 0.765136719 -0.23046875 0.6015625
vn 0.791015625 0.00271034241 0.612304688
vn 0.791503906 0.00743103027 0.611328125
vn 0.766113281 -0.223510742 0.602539062
vn 0.427490234 -0.806152344 0.408935547
vn 0.452636719 -0.786132812 0.420898438
vn -0.529785156 -0.84765625 0.0276641846
vn -0.533203125 -0.845703125 0.0266876221
vn -0.929199219 -0.340576172 -0.143920898
vn -0.9296875 -0.339355469 -0.144165039
vn -0.924316406 -0.349121094 -0.154052734
vn -0.927734375 -0.338623047 -0.156005859
vn 1.77025795E-05 -0.993652344 0.110900879
vn -3.0040741E-05 -0.993652344 0.110900879
vn 0.927734375 -0.344482422 -0.143920898
vn 0.923339844 -0.357421875 -0.141357422
vn 0.933105469 -0.334716797 -0.130004883
vn 0.931152344 -0.341796875 -0.128173828
vn 0.53515625 -0.84375 0.0396118164
vn 0.540527344 -0.840332031 0.0379943848
vn -0.42578125 -0.805175781 0.412841797
vn -0.456298828 -0.780273438 0.427490234
vn -0.763183594 -0.229248047 0.604492188
vn -0.764648438 -0.215698242 0.606933594
vn -0.00762176514 -0.927734375 -0.373535156
vn -0.00788879395 -0.927734375 -0.373535156
vn -0.154296875 -0.932128906 -0.327880859
vn -0.155273438 -0.932128906 -0.326660156
vn -0.228515625 -0.965332031 -0.126831055
vn -0.227416992 -0.96484375 -0.133056641
vn -0.223510742 -0.934082031 -0.277832031
vn -0.224975586 -0.9375 -0.265625
vn 0.00902557373 -0.476074219 -0.879394531
vn 0.0125427246 -0.426269531 -0.904296875
vn -0.0359191895 -0.922851562 -0.3828125
vn -0.0403137207 -0.946777344 -0.319580078
vn 0.0469970703 -0.948730469 0.313232422
vn 0.0629272461 -0.928710938 0.365722656
vn 0.266357422 -0.366699219 0.891601562
vn 0.263427734 -0.380615234 0.886230469
vn 0.813476562 0.212402344 0.541015625
vn 0.805175781 0.132080078 0.578125
vn 0.813476562 0.212402344 0.541015625
vn 0.805664062 0.135131836 0.577148438
vn 0.791503906 0.00743103027 0.611328125
vn 0.791015625 0.00271034241 0.612304688
vn -0.14050293 -0.977050781 0.159912109
vn -0.154907227 -0.958496094 0.239135742
vn -0.154907227 -0.958496094 0.239135742
vn -0.139526367 -0.978027344 0.154418945
vn -0.00799560547 -0.907226562 0.420654297
vn 0.00150585175 -0.896484375 0.443359375
vn 0.266357422 -0.366699219 0.891601562
vn 0.263427734 -0.380615234 0.886230469
vn -0.00762176514 -0.927734375 -0.373535156
vn 0.147216797 -0.950195312 -0.274169922
vn -0.00788879395 -0.927734375 -0.373535156
vn 0.148071289 -0.950683594 -0.272949219
vn 0.203369141 -0.97265625 -0.111633301
vn 0.203613281 -0.973144531 -0.106689453
vn 0.182617188 -0.937011719 -0.297363281
vn 0.180419922 -0.931640625 -0.315673828
vn -0.0169372559 -0.411376953 -0.911132812
vn -0.0132293701 -0.464111328 -0.885742188
vn 0.0382080078 -0.944824219 -0.325195312
vn 0.0335083008 -0.920410156 -0.389160156
vn -0.0632324219 -0.930175781 0.361328125
vn -0.0470275879 -0.950683594 0.307373047
vn -0.26171875 -0.389648438 0.8828125
vn -0.265136719 -0.372314453 0.889160156
vn 0.0588684082 -0.98828125 0.139648438
vn 0.103088379 -0.987792969 0.115844727
vn 0.0588684082 -0.98828125 0.139648438
vn 0.100280762 -0.987792969 0.117370605
vn -0.00187587738 -0.895996094 0.444091797
vn 0.00903320312 -0.908203125 0.41796875
vn -0.26171875 -0.389648438 0.8828125
vn -0.265136719 -0.372314453 0.889160156
vn -0.791015625 0.0029335022 0.611816406
vn -0.763183594 -0.229248047 0.604492188
vn -0.764648438 -0.215698242 0.606933594
vn -0.791503906 0.00769805908 0.610839844
vn -0.800292969 0.138061523 0.583496094
vn -0.800292969 0.134521484 0.583984375
vn -0.794433594 0.225952148 0.563964844
vn -0.794433594 0.225952148 0.563964844
vn 0.981933594 -0.185546875 0.0319824219
vn 0.983398438 -0.0719604492 -0.166015625
vn 0.938964844 -0.206542969 -0.274658203
vn 0.983398438 -0.0726928711 -0.166381836
vn 0.988769531 -0.028137207 -0.148071289
vn 0.988769531 -0.028137207 -0.148071289
vn -0.946289062 -0.194458008 -0.259033203
vn -0.983886719 -0.0630493164 -0.167358398
vn -0.982421875 -0.185302734 0.0138702393
vn -0.983886719 -0.0623779297 -0.167114258
vn -0.988769531 -0.0195159912 -0.148071289
vn -0.988769531 -0.0195159912 -0.148071289
vn -0.240478516 0.970703125 0
vn -0.240478516 0.970703125 0
vn -0.240478516 0.970703125 0
vn -0.240478516 0.970703125 0
vn -0.000338077545 0.0025138855 1
vn -0.000338077545 0.0025138855 1
vn -0.000338077545 0.0025138855 1
vn -0.000338077545 0.0025138855 1
vn 0.991210938 0.1328125 0
vn 0.991210938 0.1328125 0
vn 0.991210938 0.1328125 0
vn 0.991210938 0.1328125 0
vn -0.000338554382 0.0025138855 -1
vn -0.000338554382 0.0025138855 -1
vn -0.000338554382 0.0025138855 -1
vn -0.000338554382 0.0025138855 -1
vn -0.991699219 -0.128051758 0
vn -0.991699219 -0.128051758 0
vn -0.991699219 -0.128051758 0
vn -0.991699219 -0.128051758 0
vn -0.133300781 0.991210938 -9.19103622E-05
vn -0.133300781 0.991210938 -9.19103622E-05
vn -0.133300781 0.991210938 -9.19103622E-05
vn -0.133300781 0.991210938 -9.19103622E-05
vn -0.133178711 0.991210938 0
vn -0.133178711 0.991210938 0
vn -0.133178711 0.991210938 0
vn -0.133178711 0.991210938 0
vn -0.133300781 0.991210938 4.59551811E-05
vn -0.133300781 0.991210938 4.59551811E-05
vn -0.133300781 0.991210938 4.59551811E-05
vn -0.133300781 0.991210938 4.59551811E-05
vn -0.133300781 0.991210938 0
vn -0.133300781 0.991210938 0
vn -0.133300781 0.991210938 0
vn -0.133300781 0.991210938 0
vn -0 0 1
vn -0 0 1
vn -0 0 1
vn -0 0 1
vn 0.991699219 0.130371094 0
vn 0.991699219 0.130371094 0
vn 0.991699219 0.130371094 0
vn 0.991699219 0.130371094 0
vn -0 0 -1
vn -0 0 -1
vn -0 0 -1
vn -0 0 -1
vn -0.991699219 -0.130371094 0
vn -0.991699219 -0.130371094 0
vn -0.991699219 -0.130371094 0
vn -0.991699219 -0.130371094 0
vn -0.133300781 0.991210938 -7.74860382E-05
vn -0.133300781 0.991210938 -7.74860382E-05
vn -0.133300781 0.991210938 -7.74860382E-05
vn -0.133300781 0.991210938 -7.74860382E-05
vn -0.133300781 0.991210938 0
vn -0.133300781 0.991210938 0
vn -0.133300781 0.991210938 0
vn -0.133300781 0.991210938 0
vn -0.133300781 0.991210938 7.74860382E-05
vn -0.133300781 0.991210938 7.74860382E-05
vn -0.133300781 0.991210938 7.74860382E-05
vn -0.133300781 0.991210938 7.74860382E-05
vn -0.133178711 0.991210938 0
vn -0.133178711 0.991210938 0
vn -0.133178711 0.991210938 0
vn -0.133178711 0.991210938 0
vn -0.020904541 0.19921875 0.979492188
vn -0.020904541 0.19921875 0.979492188
vn -0.020904541 0.19921875 0.979492188
vn -0.020904541 0.19921875 0.979492188
vn 0.998046875 -0.0612182617 0
vn 0.998046875 -0.0612182617 0
vn 0.998046875 -0.0612182617 0
vn 0.998046875 -0.0612182617 0
vn 0.020904541 -0.19921875 -0.979492188
vn 0.020904541 -0.19921875 -0.979492188
vn 0.020904541 -0.19921875 -0.979492188
vn 0.020904541 -0.19921875 -0.979492188
vn -0.998046875 0.0642700195 0
vn -0.998046875 0.0642700195 0
vn -0.998046875 0.0642700195 0
vn -0.998046875 0.0642700195 0
vn 0.143920898 -0.581054688 0.801269531
vn 0.143920898 -0.581054688 0.801269531
vn 0.143920898 -0.581054688 0.801269531
vn 0.143920898 -0.581054688 0.801269531
vn 0.929199219 -0.369628906 0
vn 0.929199219 -0.369628906 0
vn 0.929199219 -0.369628906 0
vn 0.929199219 -0.369628906 0
vn 0.143920898 -0.581054688 -0.801269531
vn 0.143920898 -0.581054688 -0.801269531
vn 0.143920898 -0.581054688 -0.801269531
vn 0.143920898 -0.581054688 -0.801269531
vn -0.654296875 -0.755859375 0
vn -0.654296875 -0.755859375 0
vn -0.654296875 -0.755859375 0
vn -0.654296875 -0.755859375 0
vn 0.00942230225 -0.0380554199 0.999023438
vn 0.00942230225 -0.0380554199 0.999023438
vn 0.00942230225 -0.0380554199 0.999023438
vn 0.00942230225 -0.0380554199 0.999023438
vn 0.979980469 0.19909668 0
vn 0.979980469 0.19909668 0
vn 0.979980469 0.19909668 0
vn 0.979980469 0.19909668 0
vn 0.00942230225 -0.0380554199 -0.999023438
vn 0.00942230225 -0.0380554199 -0.999023438
vn 0.00942230225 -0.0380554199 -0.999023438
vn 0.00942230225 -0.0380554199 -0.999023438
vn -0.962402344 -0.271484375 0
vn -0.962402344 -0.271484375 0
vn -0.962402344 -0.271484375 0
vn -0.962402344 -0.271484375 0
vn 0.0107192993 -0.214233398 0.9765625
vn 0.0107192993 -0.214233398 0.9765625
vn 0.0107192993 -0.214233398 0.9765625
vn 0.0107192993 -0.214233398 0.9765625
vn 0.973632812 0.229003906 0
vn 0.973632812 0.229003906 0
vn 0.973632812 0.229003906 0
vn 0.973632812 0.229003906 0
vn -0.0107192993 0.214233398 -0.9765625
vn -0.0107192993 0.214233398 -0.9765625
vn -0.0107192993 0.214233398 -0.9765625
vn -0.0107192993 0.214233398 -0.9765625
vn -0.973632812 -0.227050781 0
vn -0.973632812 -0.227050781 0
vn -0.973632812 -0.227050781 0
vn -0.973632812 -0.227050781 0
vn 0.0720214844 -0.0209197998 0.997070312
vn 0.0720214844 -0.0209197998 0.997070312
vn 0.0720214844 -0.0209197998 0.997070312
vn 0.0720214844 -0.0209197998 0.997070312
vn 0.53125 -0.0704956055 -0.844238281
vn 0.53125 -0.0704956055 -0.844238281
vn 0.53125 -0.0704956055 -0.844238281
vn 0.53125 -0.0704956055 -0.844238281
vn -0.149902344 -0.988769531 -0.0116119385
vn -0.149902344 -0.988769531 -0.0116119385
vn -0.149902344 -0.988769531 -0.0116119385
vn -0.149902344 -0.988769531 -0.0116119385
vn -0.855957031 0.13269043 -0.499511719
vn -0.855957031 0.13269043 -0.499511719
vn -0.855957031 0.13269043 -0.499511719
vn -0.855957031 0.13269043 -0.499511719
vn 0.149902344 0.988769531 0.0116195679
vn 0.149902344 0.988769531 0.0116195679
vn 0.149902344 0.988769531 0.0116195679
vn 0.149902344 0.988769531 0.0116195679
vn 0.150634766 0.988769531 0.0113830566
vn 0.150634766 0.988769531 0.0113830566
vn 0.150634766 0.988769531 0.0113830566
vn 0.150634766 0.988769531 0.0113830566
vn -0.979003906 0.14440918 0.142822266
vn -0.979003906 0.14440918 0.142822266
vn -0.979003906 0.14440918 0.142822266
vn -0.979003906 0.14440918 0.142822266
vn -0.150634766 -0.988769531 -0.0113830566
vn -0.150634766 -0.988769531 -0.0113830566
vn -0.150634766 -0.988769531 -0.0113830566
vn -0.150634766 -0.988769531 -0.0113830566
vn -0.129516602 0.985839844 -0.106567383
vn -0.129516602 0.985839844 -0.106567383
vn -0.129516602 0.985839844 -0.106567383
vn -0.129516602 0.985839844 -0.106567383
vn 0.000338554382 0.0025138855 1
vn 0.000338554382 0.0025138855 1
vn 0.000338554382 0.0025138855 1
vn 0.000338554382 0.0025138855 1
vn -0.991210938 0.1328125 0
vn -0.991210938 0.1328125 0
vn -0.991210938 0.1328125 0
vn -0.991210938 0.1328125 0
vn 0.000337839127 0.0025138855 -1
vn 0.000337839127 0.0025138855 -1
vn 0.000337839127 0.0025138855 -1
vn 0.000337839127 0.0025138855 -1
vn 0.991699219 -0.128051758 0
vn 0.991699219 -0.128051758 0
vn 0.991699219 -0.128051758 0
vn 0.991699219 -0.128051758 0
vn 0.133300781 0.991210938 0
vn 0.133300781 0.991210938 0
vn 0.133300781 0.991210938 0
vn 0.133300781 0.991210938 0
vn 0.133300781 0.991210938 0
vn 0.133300781 0.991210938 0
vn 0.133300781 0.991210938 0
vn 0.133300781 0.991210938 0
vn 0.133300781 0.991210938 0
vn 0.133300781 0.991210938 0
vn 0.133300781 0.991210938 0
vn 0.133300781 0.991210938 0
vn 0.133300781 0.991210938 0
vn 0.133300781 0.991210938 0
vn 0.133300781 0.991210938 0
vn 0.133300781 0.991210938 0
vn -0.0170288086 -0.126586914 0.991699219
vn -0.0170288086 -0.126586914 0.991699219
vn -0.0170288086 -0.126586914 0.991699219
vn -0.0170288086 -0.126586914 0.991699219
vn -0.999023438 0.0430603027 0
vn -0.999023438 0.0430603027 0
vn -0.999023438 0.0430603027 0
vn -0.999023438 0.0430603027 0
vn 0.0170288086 0.126586914 -0.991699219
vn 0.0170288086 0.126586914 -0.991699219
vn 0.0170288086 0.126586914 -0.991699219
vn 0.0170288086 0.126586914 -0.991699219
vn 0.999023438 -0.0430603027 0
vn 0.999023438 -0.0430603027 0
vn 0.999023438 -0.0430603027 0
vn 0.999023438 -0.0430603027 0
vn 0.133300781 0.991210938 0
vn 0.133300781 0.991210938 0
vn 0.133300781 0.991210938 0
vn 0.133300781 0.991210938 0
vn 0.133300781 0.991210938 0
vn 0.133300781 0.991210938 7.66515732E-05
vn 0.133300781 0.991210938 0
vn 0.133300781 0.991210938 7.99894333E-05
vn 0.133300781 0.991210938 0.000154972076
vn 0.133300781 0.991210938 0.000154972076
vn 0.133300781 0.991210938 7.66515732E-05
vn 0.133300781 0.991210938 0
vn 0.133300781 0.991210938 0
vn 0.133300781 0.991210938 0
vn 0.133300781 0.991210938 0
vn 0.0256347656 0.111450195 0.993652344
vn 0.0256347656 0.111450195 0.993652344
vn 0.0256347656 0.111450195 0.993652344
vn 0.0256347656 0.111450195 0.993652344
vn -0.982421875 0.187133789 0.0157165527
vn -0.982421875 0.187133789 0.0157165527
vn -0.982421875 0.187133789 0.0157165527
vn -0.982421875 0.187133789 0.0157165527
vn -0.0255737305 -0.112182617 -0.993164062
vn -0.0255737305 -0.112182617 -0.993164062
vn -0.0255737305 -0.112182617 -0.993164062
vn -0.0255737305 -0.112182617 -0.993164062
vn 0.982910156 -0.184448242 -0.0158843994
vn 0.982910156 -0.184448242 -0.0158843994
vn 0.982910156 -0.184448242 -0.0158843994
vn 0.982910156 -0.184448242 -0.0158843994
vn 0.121459961 -0.498535156 0.858398438
vn 0.121459961 -0.498535156 0.858398438
vn 0.121459961 -0.498535156 0.858398438
vn 0.121459961 -0.498535156 0.858398438
vn -0.733398438 -0.669433594 0.116760254
vn -0.733398438 -0.669433594 0.116760254
vn -0.733398438 -0.669433594 0.116760254
vn -0.733398438 -0.669433594 0.116760254
vn 0.0335388184 -0.681640625 -0.730957031
vn 0.0335388184 -0.681640625 -0.730957031
vn 0.0335388184 -0.681640625 -0.730957031
vn 0.0335388184 -0.681640625 -0.730957031
vn 0.881347656 -0.472412109 0.00675582886
vn 0.881347656 -0.472412109 0.00675582886
vn 0.881347656 -0.472412109 0.00675582886
vn 0.881347656 -0.472412109 0.00675582886
vn 0.0598754883 0.0755615234 0.995117188
vn 0.0598754883 0.0755615234 0.995117188
vn 0.0598754883 0.0755615234 0.995117188
vn 0.0598754883 0.0755615234 0.995117188
vn -0.984863281 -0.156616211 0.0712890625
vn -0.984863281 -0.156616211 0.0712890625
vn -0.984863281 -0.156616211 0.0712890625
vn -0.984863281 -0.156616211 0.0712890625
vn -0.0497436523 -0.152832031 -0.986816406
vn -0.0497436523 -0.152832031 -0.986816406
vn -0.0497436523 -0.152832031 -0.986816406
vn -0.0497436523 -0.152832031 -0.986816406
vn 0.994628906 0.0831298828 -0.0633544922
vn 0.994628906 0.0831298828 -0.0633544922
vn 0.994628906 0.0831298828 -0.0633544922
vn 0.994628906 0.0831298828 -0.0633544922
vn -0.00889587402 -0.177856445 0.983886719
vn -0.00889587402 -0.177856445 0.983886719
vn -0.00889587402 -0.177856445 0.983886719
vn -0.00889587402 -0.177856445 0.983886719
vn -0.999511719 0.0244903564 0
vn -0.999511719 0.0244903564 0
vn -0.999511719 0.0244903564 0
vn -0.999511719 0.0244903564 0
vn 0.00889587402 0.177856445 -0.983886719
vn 0.00889587402 0.177856445 -0.983886719
vn 0.00889587402 0.177856445 -0.983886719
vn 0.00889587402 0.177856445 -0.983886719
vn 0.999511719 -0.0247802734 0
vn 0.999511719 -0.0247802734 0
vn 0.999511719 -0.0247802734 0
vn 0.999511719 -0.0247802734 0
vn 0.986816406 -0.147949219 0.064453125
vn 0.986816406 -0.147949219 0.064453125
vn 0.986816406 -0.147949219 0.064453125
vn 0.986816406 -0.147949219 0.064453125
vn 0.986816406 -0.147949219 0.064453125
vn 0.986816406 -0.147949219 0.064453125
vn 0.986816406 -0.147949219 0.064453125
vn 0.986816406 -0.147949219 0.064453125
vn -0.162841797 -0.714355469 0.680664062
vn -0.162841797 -0.714355469 0.680664062
vn -0.162841797 -0.714355469 0.680664062
vn -0.162841797 -0.714355469 0.680664062
vn 0.052947998 0.714355469 0.697753906
vn 0.052947998 0.714355469 0.697753906
vn 0.052947998 0.714355469 0.697753906
vn 0.052947998 0.714355469 0.697753906
vn 0.155151367 0.703125 -0.693847656
vn 0.155151367 0.703125 -0.693847656
vn 0.155151367 0.703125 -0.693847656
vn 0.155151367 0.703125 -0.693847656
vn -0.0565795898 -0.701171875 -0.7109375
vn -0.0565795898 -0.701171875 -0.7109375
vn -0.0565795898 -0.701171875 -0.7109375
vn -0.0565795898 -0.701171875 -0.7109375
vn -0.0796508789 0.000290870667 0.996582031
vn -0.0796508789 0.000290870667 0.996582031
vn -0.0796508789 0.000290870667 0.996582031
vn -0.0796508789 0.000290870667 0.996582031
vn 0.150512695 0.988769531 0.00984954834
vn 0.150512695 0.988769531 0.00984954834
vn 0.150512695 0.988769531 0.00984954834
vn 0.150512695 0.988769531 0.00984954834
vn 0.0686035156 0.000834465027 -0.997558594
vn 0.0686035156 0.000834465027 -0.997558594
vn 0.0686035156 0.000834465027 -0.997558594
vn 0.0686035156 0.000834465027 -0.997558594
vn -0.150512695 -0.988769531 -0.00985717773
vn -0.150512695 -0.988769531 -0.00985717773
vn -0.150512695 -0.988769531 -0.00985717773
vn -0.150512695 -0.988769531 -0.00985717773
vn -0.0342407227 0.207763672 0.977539062
vn -6.55651093E-07 0 1
vn 0.391357422 0.0627441406 0.91796875
vn 0.373046875 0.258300781 0.891113281
vn -0.00857543945 0.0548095703 0.998535156
vn 0.987304688 0.158325195 -2.92062759E-05
vn 0.333984375 0.109741211 0.936035156
vn 0.0902099609 -0.789550781 0.606933594
vn 0.401611328 -0.714355469 0.573242188
vn 0.120544434 -0.978027344 -0.170776367
vn 0.527832031 -0.830566406 -0.177856445
vn 0.0875244141 -0.885742188 -0.456298828
vn 0.481689453 -0.599609375 -0.638671875
vn 0.0375061035 -0.876464844 -0.479492188
vn 0.262695312 -0.530761719 -0.805664062
vn 0.016998291 -0.888671875 -0.458251953
vn 0.00347709656 -0.534179688 -0.845703125
vn -0.0997314453 -0.933105469 -0.345703125
vn -0.373046875 -0.614746094 -0.694824219
vn -0.310546875 -0.946289062 -0.0903930664
vn -0.660644531 -0.689453125 -0.296875
vn -0.417236328 -0.755371094 0.505371094
vn -0.75 -0.560058594 0.351806641
vn -0.309326172 -0.351318359 0.883789062
vn -0.612792969 -0.244506836 0.751464844
vn -0.305664062 -0.239379883 0.921386719
vn -0.578125 -0.151855469 0.801757812
vn -0.96875 0.217651367 -0.117614746
vn -0.962402344 0.215332031 -0.164550781
vn -0.955078125 0.11932373 -0.270751953
vn -0.112182617 0.409423828 -0.905273438
vn -0.0955810547 0.336425781 -0.937011719
vn -0.817871094 0.149658203 -0.555664062
vn 0.292724609 0.334472656 -0.895996094
vn 0.295654297 0.262939453 -0.918457031
vn 0.416992188 0.764160156 -0.492431641
vn -0.164306641 0.701660156 -0.693359375
vn 0.302001953 0.945800781 0.11895752
vn -0.216430664 0.92578125 -0.309814453
vn 0.102966309 0.918945312 0.380615234
vn -0.519042969 0.241699219 -0.819824219
vn -0.261230469 0.9375 -0.23059082
vn -0.032043457 0.848632812 0.527832031
vn -0.0164337158 0.358398438 -0.93359375
vn -0.0101165771 0.978027344 -0.207641602
vn -0.0931396484 0.829101562 0.551269531
vn 0.442871094 0.395751953 -0.804199219
vn 0.225097656 0.973632812 -0.0349121094
vn -0.154663086 0.849121094 0.505371094
vn 0.807128906 0.317626953 -0.497314453
vn 0.343505859 0.928710938 0.139526367
vn -0.167236328 0.951171875 0.259277344
vn 0.978515625 0.0629882812 -0.196411133
vn 0.430175781 0.901855469 -0.0399169922
vn -0.0827026367 0.789550781 -0.607910156
vn 0.992675781 -0.0543823242 0.108093262
vn 0.440429688 0.729003906 -0.523925781
vn 0.0227813721 -0.129760742 -0.991210938
vn 0.979003906 0.143798828 0.143066406
vn 0.462158203 -0.0569152832 -0.884765625
vn 0.0348205566 -0.208007812 -0.977539062
vn 0.988769531 0.131591797 -0.0731201172
vn 0.388427734 -0.131591797 -0.912109375
vn -3.57627869E-07 0 -1
vn 0.391357422 0.0627441406 -0.91796875
vn -0.0279693604 0.184814453 0.982421875
vn -0 0 1
vn 0.391357422 0.0627441406 0.91796875
vn 0.378662109 0.236450195 0.895019531
vn -0.00514221191 0.0647583008 0.998046875
vn 0.987304688 0.158325195 -3.14712524E-05
vn 0.340332031 0.116943359 0.933105469
vn 0.0881347656 -0.739746094 0.666992188
vn 0.398193359 -0.663085938 0.633789062
vn 0.122070312 -0.9609375 -0.248535156
vn 0.544921875 -0.791992188 -0.275390625
vn 0.0875244141 -0.885742188 -0.456298828
vn 0.481689453 -0.599609375 -0.638671875
vn 0.00847625732 -0.904785156 -0.425537109
vn 0.235229492 -0.608886719 -0.7578125
vn 0.0153274536 -0.938964844 -0.344238281
vn 0.00706100464 -0.676757812 -0.736328125
vn -0.0412902832 -0.966796875 -0.251464844
vn -0.304199219 -0.739746094 -0.600097656
vn -0.288330078 -0.95703125 0.0233001709
vn -0.580566406 -0.780761719 -0.23046875
vn -0.434814453 -0.62890625 0.64453125
vn -0.720703125 -0.467529297 0.51171875
vn -0.356201172 -0.408447266 0.840332031
vn -0.570800781 -0.330322266 0.751953125
vn -0.976074219 0.19543457 -0.0948486328
vn -0.947265625 0.155151367 -0.280517578
vn -0.0350952148 0.496337891 -0.8671875
vn -0.817382812 0.121887207 -0.562988281
vn -0.0493164062 0.598144531 -0.799804688
vn 0.3515625 0.422851562 -0.835449219
vn 0.431396484 0.616699219 -0.658691406
vn 0.255859375 0.966308594 0.0179138184
vn -0.17199707 0.93359375 -0.313964844
vn 0.0335998535 0.974609375 0.221679688
vn -0.523925781 0.258300781 -0.812011719
vn -0.243164062 0.943847656 -0.224609375
vn -0.0156707764 0.959472656 0.281494141
vn -0.0168304443 0.370849609 -0.928710938
vn -0.0130157471 0.974609375 -0.224243164
vn -0.0108718872 0.915039062 0.403320312
vn 0.442626953 0.413818359 -0.795410156
vn 0.217407227 0.974121094 -0.0579833984
vn -0.0885009766 0.880371094 0.466308594
vn 0.807128906 0.317626953 -0.497314453
vn 0.338378906 0.9296875 0.145385742
vn -0.123840332 0.930664062 0.344238281
vn 0.965332031 0.0842285156 -0.247802734
vn 0.4375 0.896972656 0.0600891113
vn -0.0771484375 0.702148438 -0.707519531
vn 0.988769531 -0.0732421875 0.131835938
vn 0.497802734 0.620117188 -0.606445312
vn 0.0296478271 -0.153564453 -0.987792969
vn 0.980957031 0.141845703 0.132080078
vn 0.460693359 -0.0801391602 -0.883789062
vn 0.0316162109 -0.178710938 -0.983398438
vn 0.988769531 0.13684082 -0.0631103516
vn 0.391113281 -0.103515625 -0.914550781
vn -0 0 -1
vn 0.391357422 0.0627441406 -0.91796875
vn 0.308105469 0.0757446289 -0.948242188
vn -0.282714844 -0.913085938 -0.293212891
vn 0.516113281 -0.855957031 -0.0345153809
vn 0.0475158691 0.114807129 -0.9921875
vn -0.541503906 -0.834472656 -0.102355957
vn -0.33984375 0.0354919434 -0.939941406
vn 0.358642578 0.0219268799 -0.933105469
vn 0.516113281 -0.855957031 -0.0345153809
vn 0.967773438 -0.0108718872 0.250732422
vn 0.334960938 -0.155273438 -0.929199219
vn 0.9609375 0.0428466797 0.273681641
vn 0.0219573975 -0.0298461914 -0.999511719
vn -0.362060547 -0.0588989258 -0.930175781
vn -0.970703125 0.0191650391 0.240112305
vn -0.541503906 -0.834472656 -0.102355957
vn -0.970214844 0.0671386719 0.233764648
vn -0.301757812 -0.210449219 -0.9296875
vn -0.973632812 -0.00688171387 0.228637695
vn 0.0215606689 -0.17590332 -0.984375
vn -0.301757812 0.103027344 -0.947753906
vn -0.9765625 -0.167602539 0.135375977
vn 0.349609375 0.0893554688 -0.932617188
vn 0.958007812 -0.00495529175 0.287353516
vn 0.0224304199 0.0921020508 -0.995605469
vn -0.2578125 0.775390625 -0.576171875
vn -0.972167969 -0.0924682617 0.21484375
vn 0.00614547729 0.731933594 -0.681152344
vn 0.275878906 0.723632812 -0.6328125
vn 0.975097656 -0.146606445 0.167724609
vn -0.395019531 0.361083984 -0.844726562
vn -0.657714844 0.668945312 0.346435547
vn -0.343994141 0.172485352 -0.922851562
vn -0.0313720703 0.528808594 -0.848144531
vn 0.362060547 0.437011719 -0.823242188
vn 0.977539062 -0.117675781 0.17565918
vn -0.0621032715 0.171264648 -0.983398438
vn 0.329833984 0.198852539 -0.922851562
vn 0.693359375 0.663085938 0.282226562
vn 0.693359375 0.663085938 0.282226562
vn 0.215942383 0.965332031 0.146118164
vn -0.657714844 0.668945312 0.346435547
vn 0.7109375 0.69921875 -0.0776977539
vn -0 0.994140625 -0.107788086
vn -0 0.994140625 -0.107788086
vn 0.711425781 0.698730469 -0.0776977539
vn 1 -0.000237822533 -0.00647354126
vn 1 -0.00109577179 -0.00638580322
vn -0 0.994140625 -0.107788086
vn -0 0.994140625 -0.107788086
vn -0.711425781 0.698730469 -0.0776977539
vn -0.7109375 0.69921875 -0.0776977539
vn -1 -0.00109577179 -0.00638580322
vn -1 -0.000237822533 -0.00647354126
vn -1 -0.000237822533 -0.00647354126
vn -1 -0.00109577179 -0.00638580322
vn -0.7109375 -0.700195312 0.0648193359
vn -0.711425781 -0.699707031 0.0647583008
vn -0 -0.995605469 0.0947875977
vn -0 -0.995605469 0.0947875977
vn -0 -0.995605469 0.0947875977
vn -0 -0.995605469 0.0947875977
vn 0.7109375 -0.700195312 0.0648193359
vn 0.711425781 -0.699707031 0.0647583008
vn 1 -0.00109577179 -0.00638580322
vn 1 -0.000237822533 -0.00647354126
vn 0.297363281 0.197875977 -0.934082031
vn 4.76837158E-07 0.319580078 -0.947753906
vn 5.36441803E-07 0.319580078 -0.947753906
vn 0.296142578 0.19921875 -0.934082031
vn 0.419433594 -0.0935668945 -0.902832031
vn 0.419433594 -0.0935668945 -0.902832031
vn 0.297363281 -0.385253906 -0.873535156
vn 0.296142578 -0.386474609 -0.873535156
vn -7.15255737E-07 -0.507324219 -0.861816406
vn -7.15255737E-07 -0.507324219 -0.861816406
vn 5.36441803E-07 0.319580078 -0.947753906
vn 4.76837158E-07 0.319580078 -0.947753906
vn -0.296142578 0.19921875 -0.934082031
vn -0.297363281 0.197875977 -0.934082031
vn -0.419433594 -0.0935668945 -0.902832031
vn -0.419433594 -0.0935668945 -0.902832031
vn -0.296142578 -0.386474609 -0.873535156
vn -0.297363281 -0.385253906 -0.873535156
vn -7.15255737E-07 -0.507324219 -0.861816406
vn -7.15255737E-07 -0.507324219 -0.861816406
vn 0.7109375 0.69921875 -0.0725097656
vn -0 0.994628906 -0.103088379
vn -0 0.994628906 -0.103088379
vn 0.7109375 0.69921875 -0.0725097656
vn 1 2.98023224E-07 -1.1920929E-06
vn 1 0 -1.1920929E-06
vn 0.7109375 -0.69921875 0.0725097656
vn 0.7109375 -0.69921875 0.0725097656
vn -0 -0.994628906 0.103088379
vn -0 -0.994628906 0.103088379
vn -0 0.994628906 -0.103088379
vn -0 0.994628906 -0.103088379
vn -0.7109375 0.69921875 -0.0725097656
vn -0.7109375 0.69921875 -0.0725097656
vn -1 -1.78813934E-07 -5.96046448E-07
vn -1 0 -5.96046448E-07
vn -0.7109375 -0.69921875 0.0725097656
vn -0.7109375 -0.69921875 0.0725097656
vn -0 -0.994628906 0.103088379
vn -0 -0.994628906 0.103088379
vn 0.437011719 -0.0927124023 -0.89453125
vn -5.36441803E-07 -0.103088379 -0.994628906
vn 0.308349609 -0.397949219 -0.864257812
vn 0.308349609 0.212280273 -0.927246094
vn -0 -0.5234375 -0.852050781
vn -0 0.337646484 -0.94140625
vn -0.308349609 -0.397949219 -0.864257812
vn -0.308349609 0.212280273 -0.927246094
vn -0.437011719 -0.0927124023 -0.89453125
vn -0.950683594 0.219970703 -0.21862793
vn -0.656738281 0.0845336914 -0.749511719
vn -0.650390625 0.127075195 -0.749023438
vn -0.592285156 0.801269531 -0.082824707
vn -0.97265625 0.0713500977 -0.220458984
vn -0.802734375 -0.588867188 -0.0968017578
vn -0.80859375 -0.588867188 -0.00827789307
vn -0.993164062 0.0712890625 0.0899658203
vn -0.766113281 0.0856323242 0.63671875
vn -0.760253906 0.127441406 0.637207031
vn -0.971191406 0.219970703 0.0914916992
vn -0.599121094 0.80078125 0.00605010986
vn -1.1920929E-07 0.103088379 0.994628906
vn -0 0.103088379 0.994628906
vn -0 0.103088379 0.994628906
vn -5.96046448E-07 0.103088379 0.994628906
vn -5.96046448E-07 0.103088379 0.994628906
vn -5.96046448E-07 0.103088379 0.994628906
vn -0 0.103088379 0.994628906
vn -0 0.103088379 0.994628906
vn 5.96046448E-07 0.103088379 0.994628906
vn 0.00522613525 0.999023438 -0.0419921875
vn 0.00580596924 0.999023438 -0.0439758301
vn 0.00151252747 0.999511719 -0.0377807617
vn -0.000561714172 0.999511719 -0.0357666016
vn -0.00299263 0.999023438 -0.0429992676
vn -0.00192642212 0.999511719 -0.0340881348
vn -0.00580215454 0.999023438 -0.0439758301
vn -0.00388526917 0.999511719 -0.0372619629
vn -0.00521850586 0.999023438 -0.0419921875
vn -0.00489044189 0.999023438 -0.038848877
vn 0.000784873962 0.999511719 -0.0353393555
vn 0.00470733643 0.999023438 -0.0386962891
vn 0.00239372253 0.999511719 -0.0336914062
vn 0.00537872314 0.999023438 -0.0390014648
vn 0.00464630127 0.999511719 -0.0374450684
g Mike_Helmet_0
f 3/3/3 2/2/2 1/1/1
f 4/4/4 3/3/3 1/1/1
f 5/5/5 3/3/3 4/4/4
f 6/6/6 5/5/5 4/4/4
f 7/7/7 5/5/5 6/6/6
f 4/4/4 1/1/1 8/8/8
f 6/6/6 4/4/4 8/8/8
f 9/9/9 7/7/7 6/6/6
f 10/10/10 7/7/7 9/9/9
f 1/1/1 11/11/11 8/8/8
f 1/1/1 12/12/12 11/11/11
f 12/12/12 13/13/13 11/11/11
f 11/11/11 14/14/14 8/8/8
f 14/14/14 15/15/15 8/8/8
f 16/16/16 6/6/6 8/8/8
f 8/8/8 15/15/15 16/16/16
f 9/9/9 6/6/6 16/16/16
f 15/15/15 17/17/17 16/16/16
f 16/16/16 17/17/17 18/18/18
f 18/18/18 9/9/9 16/16/16
f 17/17/17 19/19/19 18/18/18
f 20/20/20 10/10/10 9/9/9
f 20/20/20 9/9/9 18/18/18
f 21/21/21 10/10/10 20/20/20
f 18/18/18 19/19/19 22/22/22
f 22/22/22 20/20/20 18/18/18
f 19/19/19 23/23/23 22/22/22
f 24/24/24 21/21/21 20/20/20
f 24/24/24 20/20/20 22/22/22
f 25/25/25 21/21/21 24/24/24
f 22/22/22 23/23/23 26/26/26
f 26/26/26 24/24/24 22/22/22
f 23/23/23 27/27/27 26/26/26
f 28/28/28 25/25/25 24/24/24
f 28/28/28 24/24/24 26/26/26
f 29/29/29 25/25/25 28/28/28
f 26/26/26 27/27/27 30/30/30
f 30/30/30 28/28/28 26/26/26
f 27/27/27 31/31/31 30/30/30
f 32/32/32 29/29/29 28/28/28
f 32/32/32 28/28/28 30/30/30
f 33/33/33 29/29/29 32/32/32
f 34/34/34 33/33/33 32/32/32
f 30/30/30 31/31/31 35/35/35
f 35/35/35 32/32/32 30/30/30
f 31/31/31 36/36/36 35/35/35
f 35/35/35 37/37/37 32/32/32
f 35/35/35 36/36/36 37/37/37
f 37/37/37 34/34/34 32/32/32
f 36/36/36 38/38/38 37/37/37
f 37/37/37 39/39/39 34/34/34
f 39/39/39 40/40/40 34/34/34
f 43/43/43 42/42/42 41/41/41
f 44/44/44 43/43/43 41/41/41
f 47/47/47 46/46/46 45/45/45
f 48/48/48 47/47/47 45/45/45
f 51/51/51 50/50/50 49/49/49
f 52/52/52 51/51/51 49/49/49
f 55/55/55 54/54/54 53/53/53
f 56/56/56 55/55/55 53/53/53
f 59/59/59 58/58/58 57/57/57
f 60/60/60 59/59/59 57/57/57
f 63/63/63 62/62/62 61/61/61
f 64/64/64 63/63/63 61/61/61
f 67/67/67 66/66/66 65/65/65
f 68/68/68 67/67/67 65/65/65
f 71/71/71 70/70/70 69/69/69
f 72/72/72 71/71/71 69/69/69
f 75/75/75 74/74/74 73/73/73
f 76/76/76 75/75/75 73/73/73
f 79/79/79 78/78/78 77/77/77
f 80/80/80 79/79/79 77/77/77
f 83/83/83 82/82/82 81/81/81
f 84/84/84 83/83/83 81/81/81
f 87/87/87 86/86/86 85/85/85
f 88/88/88 87/87/87 85/85/85
f 91/91/91 90/90/90 89/89/89
f 92/92/92 91/91/91 89/89/89
f 95/95/95 94/94/94 93/93/93
f 96/96/96 95/95/95 93/93/93
f 99/99/99 98/98/98 97/97/97
f 99/99/99 97/97/97 100/100/100
f 101/101/101 99/99/99 100/100/100
f 102/102/102 101/101/101 100/100/100
f 105/105/105 104/104/104 103/103/103
f 105/105/105 103/103/103 106/106/106
f 107/107/107 105/105/105 106/106/106
f 110/110/110 109/109/109 108/108/108
f 110/110/110 111/111/111 109/109/109
f 111/111/111 112/112/112 109/109/109
f 111/111/111 113/113/113 112/112/112
f 116/116/116 115/115/115 114/114/114
f 115/115/115 117/117/117 114/114/114
f 117/117/117 118/118/118 114/114/114
f 121/121/121 120/120/120 119/119/119
f 120/120/120 122/122/122 119/119/119
f 119/119/119 122/122/122 123/123/123
f 124/124/124 119/119/119 123/123/123
f 124/124/124 123/123/123 125/125/125
f 126/126/126 124/124/124 125/125/125
f 125/125/125 127/127/127 126/126/126
f 126/126/126 127/127/127 128/128/128
f 127/127/127 129/129/129 128/128/128
f 128/128/128 129/129/129 130/130/130
f 129/129/129 131/131/131 130/130/130
f 134/134/134 133/133/133 132/132/132
f 133/133/133 135/135/135 132/132/132
f 136/136/136 132/132/132 135/135/135
f 137/137/137 136/136/136 135/135/135
f 137/137/137 138/138/138 136/136/136
f 138/138/138 139/139/139 136/136/136
f 138/138/138 140/140/140 139/139/139
f 140/140/140 138/138/138 141/141/141
f 142/142/142 140/140/140 141/141/141
f 142/142/142 141/141/141 143/143/143
f 144/144/144 142/142/142 143/143/143
f 147/147/147 146/146/146 145/145/145
f 146/146/146 148/148/148 145/145/145
f 146/146/146 149/149/149 148/148/148
f 145/145/145 148/148/148 150/150/150
f 149/149/149 151/151/151 148/148/148
f 148/148/148 152/152/152 150/150/150
f 148/148/148 151/151/151 152/152/152
f 150/150/150 152/152/152 153/153/153
f 151/151/151 154/154/154 152/152/152
f 152/152/152 155/155/155 153/153/153
f 152/152/152 154/154/154 155/155/155
f 154/154/154 156/156/156 155/155/155
f 159/159/159 158/158/158 157/157/157
f 158/158/158 160/160/160 157/157/157
f 157/157/157 160/160/160 161/161/161
f 160/160/160 158/158/158 162/162/162
f 158/158/158 163/163/163 162/162/162
f 163/163/163 164/164/164 162/162/162
f 164/164/164 165/165/165 162/162/162
f 164/164/164 166/166/166 165/165/165
f 166/166/166 167/167/167 165/165/165
f 160/160/160 162/162/162 168/168/168
f 160/160/160 168/168/168 161/161/161
f 162/162/162 169/169/169 168/168/168
f 161/161/161 168/168/168 170/170/170
f 161/161/161 170/170/170 171/171/171
f 171/171/171 170/170/170 172/172/172
f 168/168/168 173/173/173 170/170/170
f 168/168/168 169/169/169 173/173/173
f 169/169/169 174/174/174 173/173/173
f 174/174/174 169/169/169 175/175/175
f 176/176/176 174/174/174 175/175/175
f 170/170/170 177/177/177 172/172/172
f 177/177/177 178/178/178 172/172/172
f 178/178/178 179/179/179 172/172/172
f 178/178/178 180/180/180 179/179/179
f 180/180/180 181/181/181 179/179/179
f 179/179/179 181/181/181 182/182/182
f 181/181/181 183/183/183 182/182/182
f 179/179/179 182/182/182 184/184/184
f 172/172/172 179/179/179 184/184/184
f 172/172/172 184/184/184 185/185/185
f 186/186/186 172/172/172 185/185/185
f 186/186/186 185/185/185 187/187/187
f 185/185/185 188/188/188 187/187/187
f 188/188/188 189/189/189 187/187/187
f 187/187/187 189/189/189 190/190/190
f 188/188/188 191/191/191 189/189/189
f 189/189/189 192/192/192 190/190/190
f 190/190/190 192/192/192 193/193/193
f 192/192/192 194/194/194 193/193/193
f 191/191/191 195/195/195 189/189/189
f 189/189/189 195/195/195 192/192/192
f 195/195/195 191/191/191 196/196/196
f 191/191/191 197/197/197 196/196/196
f 195/195/195 198/198/198 192/192/192
f 192/192/192 198/198/198 194/194/194
f 198/198/198 199/199/199 194/194/194
f 198/198/198 200/200/200 199/199/199
f 200/200/200 201/201/201 199/199/199
f 200/200/200 202/202/202 201/201/201
f 202/202/202 203/203/203 201/201/201
f 206/206/206 205/205/205 204/204/204
f 205/205/205 207/207/207 204/204/204
f 205/205/205 208/208/208 207/207/207
f 204/204/204 207/207/207 209/209/209
f 208/208/208 210/210/210 207/207/207
f 207/207/207 211/211/211 209/209/209
f 207/207/207 210/210/210 211/211/211
f 209/209/209 211/211/211 212/212/212
f 210/210/210 213/213/213 211/211/211
f 211/211/211 214/214/214 212/212/212
f 211/211/211 213/213/213 214/214/214
f 213/213/213 215/215/215 214/214/214
f 218/218/218 217/217/217 216/216/216
f 219/219/219 218/218/218 216/216/216
f 216/216/216 220/220/220 219/219/219
f 220/220/220 221/221/221 219/219/219
f 220/220/220 222/222/222 221/221/221
f 222/222/222 223/223/223 221/221/221
f 222/222/222 224/224/224 223/223/223
f 224/224/224 225/225/225 223/223/223
f 226/226/226 225/225/225 224/224/224
f 227/227/227 226/226/226 224/224/224
f 227/227/227 228/228/228 226/226/226
f 228/228/228 229/229/229 226/226/226
f 228/228/228 230/230/230 229/229/229
f 230/230/230 231/231/231 229/229/229
f 231/231/231 230/230/230 232/232/232
f 233/233/233 231/231/231 232/232/232
f 232/232/232 234/234/234 233/233/233
f 234/234/234 235/235/235 233/233/233
f 234/234/234 236/236/236 235/235/235
f 236/236/236 237/237/237 235/235/235
f 236/236/236 238/238/238 237/237/237
f 238/238/238 239/239/239 237/237/237
f 242/242/242 241/241/241 240/240/240
f 243/243/243 242/242/242 240/240/240
f 243/243/243 244/244/244 242/242/242
f 244/244/244 245/245/245 242/242/242
f 244/244/244 246/246/246 245/245/245
f 246/246/246 247/247/247 245/245/245
f 246/246/246 248/248/248 247/247/247
f 248/248/248 249/249/249 247/247/247
f 249/249/249 248/248/248 250/250/250
f 248/248/248 251/251/251 250/250/250
f 251/251/251 252/252/252 250/250/250
f 252/252/252 253/253/253 250/250/250
f 254/254/254 253/253/253 252/252/252
f 255/255/255 254/254/254 252/252/252
f 258/258/258 257/257/257 256/256/256
f 257/257/257 259/259/259 256/256/256
f 259/259/259 257/257/257 260/260/260
f 257/257/257 261/261/261 260/260/260
f 264/264/264 263/263/263 262/262/262
f 265/265/265 264/264/264 262/262/262
f 265/265/265 262/262/262 266/266/266
f 267/267/267 265/265/265 266/266/266
f 266/266/266 268/268/268 267/267/267
f 268/268/268 269/269/269 267/267/267
f 272/272/272 271/271/271 270/270/270
f 271/271/271 273/273/273 270/270/270
f 273/273/273 271/271/271 274/274/274
f 275/275/275 273/273/273 274/274/274
f 275/275/275 274/274/274 276/276/276
f 277/277/277 275/275/275 276/276/276
f 276/276/276 278/278/278 277/277/277
f 278/278/278 279/279/279 277/277/277
f 279/279/279 278/278/278 280/280/280
f 278/278/278 281/281/281 280/280/280
f 280/280/280 281/281/281 282/282/282
f 283/283/283 280/280/280 282/282/282
f 284/284/284 283/283/283 282/282/282
f 285/285/285 284/284/284 282/282/282
f 288/288/288 287/287/287 286/286/286
f 287/287/287 289/289/289 286/286/286
f 287/287/287 290/290/290 289/289/289
f 290/290/290 291/291/291 289/289/289
f 290/290/290 292/292/292 291/291/291
f 292/292/292 293/293/293 291/291/291
f 296/296/296 295/295/295 294/294/294
f 297/297/297 296/296/296 294/294/294
f 297/297/297 294/294/294 298/298/298
f 294/294/294 299/299/299 298/298/298
f 299/299/299 300/300/300 298/298/298
f 300/300/300 301/301/301 298/298/298
f 304/304/304 303/303/303 302/302/302
f 303/303/303 305/305/305 302/302/302
f 303/303/303 306/306/306 305/305/305
f 306/306/306 307/307/307 305/305/305
f 310/310/310 309/309/309 308/308/308
f 309/309/309 311/311/311 308/308/308
f 309/309/309 312/312/312 311/311/311
f 312/312/312 313/313/313 311/311/311
f 316/316/316 315/315/315 314/314/314
f 317/317/317 316/316/316 314/314/314
f 320/320/320 319/319/319 318/318/318
f 321/321/321 320/320/320 318/318/318
f 324/324/324 323/323/323 322/322/322
f 325/325/325 324/324/324 322/322/322
f 328/328/328 327/327/327 326/326/326
f 329/329/329 328/328/328 326/326/326
f 332/332/332 331/331/331 330/330/330
f 333/333/333 332/332/332 330/330/330
f 336/336/336 335/335/335 334/334/334
f 337/337/337 336/336/336 334/334/334
f 340/340/340 339/339/339 338/338/338
f 341/341/341 340/340/340 338/338/338
f 344/344/344 343/343/343 342/342/342
f 345/345/345 344/344/344 342/342/342
f 348/348/348 347/347/347 346/346/346
f 349/349/349 348/348/348 346/346/346
f 352/352/352 351/351/351 350/350/350
f 353/353/353 352/352/352 350/350/350
f 356/356/356 355/355/355 354/354/354
f 357/357/357 356/356/356 354/354/354
f 360/360/360 359/359/359 358/358/358
f 361/361/361 360/360/360 358/358/358
f 364/364/364 363/363/363 362/362/362
f 365/365/365 364/364/364 362/362/362
f 368/368/368 367/367/367 366/366/366
f 369/369/369 368/368/368 366/366/366
f 372/372/372 371/371/371 370/370/370
f 373/373/373 372/372/372 370/370/370
f 376/376/376 375/375/375 374/374/374
f 377/377/377 376/376/376 374/374/374
f 380/380/380 379/379/379 378/378/378
f 381/381/381 380/380/380 378/378/378
f 384/384/384 383/383/383 382/382/382
f 385/385/385 384/384/384 382/382/382
f 388/388/388 387/387/387 386/386/386
f 389/389/389 388/388/388 386/386/386
f 392/392/392 391/391/391 390/390/390
f 393/393/393 392/392/392 390/390/390
f 396/396/396 395/395/395 394/394/394
f 397/397/397 396/396/396 394/394/394
f 400/400/400 399/399/399 398/398/398
f 401/401/401 400/400/400 398/398/398
f 404/404/404 403/403/403 402/402/402
f 405/405/405 404/404/404 402/402/402
f 408/408/408 407/407/407 406/406/406
f 409/409/409 408/408/408 406/406/406
f 412/412/412 411/411/411 410/410/410
f 413/413/413 412/412/412 410/410/410
f 416/416/416 415/415/415 414/414/414
f 417/417/417 416/416/416 414/414/414
f 420/420/420 419/419/419 418/418/418
f 421/421/421 420/420/420 418/418/418
f 424/424/424 423/423/423 422/422/422
f 425/425/425 424/424/424 422/422/422
f 428/428/428 427/427/427 426/426/426
f 429/429/429 428/428/428 426/426/426
f 432/432/432 431/431/431 430/430/430
f 433/433/433 432/432/432 430/430/430
f 436/436/436 435/435/435 434/434/434
f 437/437/437 436/436/436 434/434/434
f 440/440/440 439/439/439 438/438/438
f 441/441/441 440/440/440 438/438/438
f 444/444/444 443/443/443 442/442/442
f 445/445/445 444/444/444 442/442/442
f 448/448/448 447/447/447 446/446/446
f 449/449/449 448/448/448 446/446/446
f 452/452/452 451/451/451 450/450/450
f 453/453/453 452/452/452 450/450/450
f 456/456/456 455/455/455 454/454/454
f 457/457/457 456/456/456 454/454/454
f 460/460/460 459/459/459 458/458/458
f 461/461/461 460/460/460 458/458/458
f 464/464/464 463/463/463 462/462/462
f 465/465/465 464/464/464 462/462/462
f 468/468/468 467/467/467 466/466/466
f 469/469/469 468/468/468 466/466/466
f 472/472/472 471/471/471 470/470/470
f 473/473/473 472/472/472 470/470/470
f 476/476/476 475/475/475 474/474/474
f 477/477/477 476/476/476 474/474/474
f 480/480/480 479/479/479 478/478/478
f 481/481/481 480/480/480 478/478/478
f 484/484/484 483/483/483 482/482/482
f 485/485/485 484/484/484 482/482/482
f 488/488/488 487/487/487 486/486/486
f 489/489/489 488/488/488 486/486/486
f 492/492/492 491/491/491 490/490/490
f 493/493/493 492/492/492 490/490/490
f 496/496/496 495/495/495 494/494/494
f 497/497/497 496/496/496 494/494/494
f 500/500/500 499/499/499 498/498/498
f 501/501/501 500/500/500 498/498/498
f 504/504/504 503/503/503 502/502/502
f 505/505/505 504/504/504 502/502/502
f 508/508/508 507/507/507 506/506/506
f 509/509/509 508/508/508 506/506/506
f 512/512/512 511/511/511 510/510/510
f 513/513/513 512/512/512 510/510/510
f 516/516/516 515/515/515 514/514/514
f 517/517/517 516/516/516 514/514/514
f 520/520/520 519/519/519 518/518/518
f 521/521/521 520/520/520 518/518/518
f 524/524/524 523/523/523 522/522/522
f 525/525/525 524/524/524 522/522/522
f 528/528/528 527/527/527 526/526/526
f 529/529/529 528/528/528 526/526/526
f 532/532/532 531/531/531 530/530/530
f 533/533/533 532/532/532 530/530/530
f 536/536/536 535/535/535 534/534/534
f 535/535/535 537/537/537 534/534/534
f 539/539/539 538/538/538 537/537/537
f 540/540/540 539/539/539 537/537/537
f 543/543/543 542/542/542 541/541/541
f 544/544/544 543/543/543 541/541/541
f 547/547/547 546/546/546 545/545/545
f 548/548/548 547/547/547 545/545/545
f 551/551/551 550/550/550 549/549/549
f 552/552/552 551/551/551 549/549/549
f 555/555/555 554/554/554 553/553/553
f 556/556/556 555/555/555 553/553/553
f 559/559/559 558/558/558 557/557/557
f 560/560/560 559/559/559 557/557/557
f 563/563/563 562/562/562 561/561/561
f 564/564/564 563/563/563 561/561/561
f 567/567/567 566/566/566 565/565/565
f 568/568/568 567/567/567 565/565/565
f 571/571/571 570/570/570 569/569/569
f 572/572/572 571/571/571 569/569/569
f 575/575/575 574/574/574 573/573/573
f 576/576/576 575/575/575 573/573/573
f 579/579/579 578/578/578 577/577/577
f 580/580/580 579/579/579 577/577/577
f 583/583/583 582/582/582 581/581/581
f 584/584/584 583/583/583 581/581/581
f 587/587/587 586/586/586 585/585/585
f 588/588/588 587/587/587 585/585/585
f 591/591/591 590/590/590 589/589/589
f 592/592/592 591/591/591 589/589/589
f 595/595/595 594/594/594 593/593/593
f 596/596/596 595/595/595 593/593/593
f 599/599/599 598/598/598 597/597/597
f 600/600/600 599/599/599 597/597/597
f 603/603/603 602/602/602 601/601/601
f 604/604/604 603/603/603 601/601/601
f 607/607/607 606/606/606 605/605/605
f 608/608/608 607/607/607 605/605/605
f 611/611/611 610/610/610 609/609/609
f 609/609/609 612/612/612 611/611/611
f 609/609/609 613/613/613 612/612/612
f 609/609/609 614/614/614 613/613/613
f 614/614/614 615/615/615 613/613/613
f 614/614/614 616/616/616 615/615/615
f 619/619/619 618/618/618 617/617/617
f 620/620/620 619/619/619 617/617/617
f 623/623/623 622/622/622 621/621/621
f 624/624/624 623/623/623 621/621/621
f 627/627/627 626/626/626 625/625/625
f 628/628/628 627/627/627 625/625/625
f 631/631/631 630/630/630 629/629/629
f 632/632/632 631/631/631 629/629/629
f 635/635/635 634/634/634 633/633/633
f 636/636/636 635/635/635 633/633/633
f 639/639/639 638/638/638 637/637/637
f 640/640/640 639/639/639 637/637/637
f 643/643/643 642/642/642 641/641/641
f 644/644/644 643/643/643 641/641/641
f 647/647/647 646/646/646 645/645/645
f 648/648/648 647/647/647 645/645/645
f 651/651/651 650/650/650 649/649/649
f 652/652/652 651/651/651 649/649/649
f 649/649/649 653/653/653 652/652/652
f 651/651/651 652/652/652 654/654/654
f 653/653/653 655/655/655 652/652/652
f 653/653/653 656/656/656 655/655/655
f 656/656/656 657/657/657 655/655/655
f 656/656/656 658/658/658 657/657/657
f 658/658/658 659/659/659 657/657/657
f 658/658/658 660/660/660 659/659/659
f 660/660/660 661/661/661 659/659/659
f 660/660/660 662/662/662 661/661/661
f 662/662/662 663/663/663 661/661/661
f 662/662/662 664/664/664 663/663/663
f 664/664/664 665/665/665 663/663/663
f 664/664/664 666/666/666 665/665/665
f 666/666/666 667/667/667 665/665/665
f 666/666/666 668/668/668 667/667/667
f 668/668/668 669/669/669 667/667/667
f 668/668/668 670/670/670 669/669/669
f 670/670/670 671/671/671 669/669/669
f 670/670/670 672/672/672 671/671/671
f 672/672/672 673/673/673 671/671/671
f 672/672/672 674/674/674 673/673/673
f 674/674/674 675/675/675 673/673/673
f 675/675/675 676/676/676 673/673/673
f 673/673/673 677/677/677 671/671/671
f 676/676/676 677/677/677 673/673/673
f 671/671/671 678/678/678 669/669/669
f 677/677/677 678/678/678 671/671/671
f 679/679/679 677/677/677 676/676/676
f 678/678/678 677/677/677 679/679/679
f 680/680/680 679/679/679 676/676/676
f 669/669/669 681/681/681 667/667/667
f 678/678/678 681/681/681 669/669/669
f 679/679/679 680/680/680 682/682/682
f 680/680/680 683/683/683 682/682/682
f 679/679/679 682/682/682 684/684/684
f 685/685/685 678/678/678 679/679/679
f 685/685/685 679/679/679 684/684/684
f 681/681/681 678/678/678 685/685/685
f 685/685/685 684/684/684 686/686/686
f 687/687/687 685/685/685 686/686/686
f 687/687/687 681/681/681 685/685/685
f 687/687/687 686/686/686 688/688/688
f 681/681/681 689/689/689 667/667/667
f 689/689/689 681/681/681 687/687/687
f 667/667/667 689/689/689 665/665/665
f 690/690/690 687/687/687 688/688/688
f 690/690/690 689/689/689 687/687/687
f 690/690/690 688/688/688 691/691/691
f 689/689/689 692/692/692 665/665/665
f 692/692/692 689/689/689 690/690/690
f 665/665/665 692/692/692 663/663/663
f 693/693/693 690/690/690 691/691/691
f 693/693/693 692/692/692 690/690/690
f 693/693/693 691/691/691 694/694/694
f 692/692/692 695/695/695 663/663/663
f 695/695/695 692/692/692 693/693/693
f 663/663/663 695/695/695 661/661/661
f 696/696/696 693/693/693 694/694/694
f 696/696/696 695/695/695 693/693/693
f 696/696/696 694/694/694 697/697/697
f 695/695/695 698/698/698 661/661/661
f 698/698/698 695/695/695 696/696/696
f 661/661/661 698/698/698 659/659/659
f 699/699/699 696/696/696 697/697/697
f 699/699/699 698/698/698 696/696/696
f 699/699/699 697/697/697 700/700/700
f 698/698/698 701/701/701 659/659/659
f 701/701/701 698/698/698 699/699/699
f 659/659/659 701/701/701 657/657/657
f 702/702/702 699/699/699 700/700/700
f 702/702/702 701/701/701 699/699/699
f 702/702/702 700/700/700 703/703/703
f 701/701/701 704/704/704 657/657/657
f 704/704/704 701/701/701 702/702/702
f 657/657/657 704/704/704 655/655/655
f 705/705/705 702/702/702 703/703/703
f 705/705/705 704/704/704 702/702/702
f 705/705/705 703/703/703 706/706/706
f 704/704/704 707/707/707 655/655/655
f 707/707/707 704/704/704 705/705/705
f 655/655/655 707/707/707 652/652/652
f 708/708/708 705/705/705 706/706/706
f 708/708/708 707/707/707 705/705/705
f 708/708/708 706/706/706 709/709/709
f 707/707/707 710/710/710 652/652/652
f 710/710/710 707/707/707 708/708/708
f 652/652/652 710/710/710 654/654/654
f 711/711/711 708/708/708 709/709/709
f 711/711/711 710/710/710 708/708/708
f 654/654/654 710/710/710 711/711/711
f 711/711/711 709/709/709 712/712/712
f 713/713/713 654/654/654 711/711/711
f 713/713/713 711/711/711 712/712/712
f 716/716/716 715/715/715 714/714/714
f 717/717/717 716/716/716 714/714/714
f 714/714/714 718/718/718 717/717/717
f 716/716/716 717/717/717 719/719/719
f 718/718/718 720/720/720 717/717/717
f 718/718/718 721/721/721 720/720/720
f 721/721/721 722/722/722 720/720/720
f 721/721/721 723/723/723 722/722/722
f 723/723/723 724/724/724 722/722/722
f 723/723/723 725/725/725 724/724/724
f 725/725/725 726/726/726 724/724/724
f 725/725/725 727/727/727 726/726/726
f 727/727/727 728/728/728 726/726/726
f 727/727/727 729/729/729 728/728/728
f 729/729/729 730/730/730 728/728/728
f 729/729/729 731/731/731 730/730/730
f 731/731/731 732/732/732 730/730/730
f 731/731/731 733/733/733 732/732/732
f 733/733/733 734/734/734 732/732/732
f 733/733/733 735/735/735 734/734/734
f 735/735/735 736/736/736 734/734/734
f 735/735/735 737/737/737 736/736/736
f 737/737/737 738/738/738 736/736/736
f 736/736/736 738/738/738 739/739/739
f 740/740/740 736/736/736 739/739/739
f 736/736/736 740/740/740 734/734/734
f 740/740/740 739/739/739 741/741/741
f 734/734/734 742/742/742 732/732/732
f 740/740/740 742/742/742 734/734/734
f 743/743/743 740/740/740 741/741/741
f 742/742/742 740/740/740 743/743/743
f 743/743/743 741/741/741 744/744/744
f 745/745/745 743/743/743 744/744/744
f 743/743/743 745/745/745 746/746/746
f 747/747/747 743/743/743 746/746/746
f 747/747/747 742/742/742 743/743/743
f 747/747/747 746/746/746 748/748/748
f 742/742/742 749/749/749 732/732/732
f 749/749/749 742/742/742 747/747/747
f 732/732/732 749/749/749 730/730/730
f 750/750/750 747/747/747 748/748/748
f 750/750/750 749/749/749 747/747/747
f 750/750/750 748/748/748 751/751/751
f 749/749/749 752/752/752 730/730/730
f 752/752/752 749/749/749 750/750/750
f 730/730/730 752/752/752 728/728/728
f 753/753/753 750/750/750 751/751/751
f 753/753/753 752/752/752 750/750/750
f 753/753/753 751/751/751 754/754/754
f 752/752/752 755/755/755 728/728/728
f 755/755/755 752/752/752 753/753/753
f 728/728/728 755/755/755 726/726/726
f 756/756/756 753/753/753 754/754/754
f 756/756/756 755/755/755 753/753/753
f 756/756/756 754/754/754 757/757/757
f 755/755/755 758/758/758 726/726/726
f 758/758/758 755/755/755 756/756/756
f 726/726/726 758/758/758 724/724/724
f 759/759/759 756/756/756 757/757/757
f 759/759/759 758/758/758 756/756/756
f 759/759/759 757/757/757 760/760/760
f 758/758/758 761/761/761 724/724/724
f 761/761/761 758/758/758 759/759/759
f 724/724/724 761/761/761 722/722/722
f 762/762/762 759/759/759 760/760/760
f 762/762/762 761/761/761 759/759/759
f 762/762/762 760/760/760 763/763/763
f 761/761/761 764/764/764 722/722/722
f 764/764/764 761/761/761 762/762/762
f 722/722/722 764/764/764 720/720/720
f 765/765/765 762/762/762 763/763/763
f 765/765/765 764/764/764 762/762/762
f 765/765/765 763/763/763 766/766/766
f 764/764/764 767/767/767 720/720/720
f 767/767/767 764/764/764 765/765/765
f 720/720/720 767/767/767 717/717/717
f 768/768/768 765/765/765 766/766/766
f 768/768/768 767/767/767 765/765/765
f 768/768/768 766/766/766 769/769/769
f 767/767/767 770/770/770 717/717/717
f 770/770/770 767/767/767 768/768/768
f 717/717/717 770/770/770 719/719/719
f 771/771/771 768/768/768 769/769/769
f 771/771/771 770/770/770 768/768/768
f 719/719/719 770/770/770 771/771/771
f 771/771/771 769/769/769 772/772/772
f 773/773/773 719/719/719 771/771/771
f 773/773/773 771/771/771 772/772/772
f 776/776/776 775/775/775 774/774/774
f 775/775/775 777/777/777 774/774/774
f 775/775/775 778/778/778 777/777/777
f 778/778/778 779/779/779 777/777/777
f 780/780/780 774/774/774 777/777/777
f 781/781/781 774/774/774 780/780/780
f 782/782/782 781/781/781 780/780/780
f 782/782/782 780/780/780 783/783/783
f 784/784/784 782/782/782 783/783/783
f 785/785/785 780/780/780 777/777/777
f 783/783/783 780/780/780 785/785/785
f 777/777/777 779/779/779 786/786/786
f 785/785/785 777/777/777 786/786/786
f 787/787/787 786/786/786 779/779/779
f 788/788/788 787/787/787 779/779/779
f 787/787/787 789/789/789 786/786/786
f 789/789/789 790/790/790 786/786/786
f 785/785/785 786/786/786 790/790/790
f 789/789/789 791/791/791 790/790/790
f 792/792/792 785/785/785 790/790/790
f 792/792/792 783/783/783 785/785/785
f 791/791/791 793/793/793 790/790/790
f 792/792/792 790/790/790 793/793/793
f 791/791/791 794/794/794 793/793/793
f 784/784/784 783/783/783 795/795/795
f 796/796/796 784/784/784 795/795/795
f 792/792/792 797/797/797 783/783/783
f 797/797/797 792/792/792 793/793/793
f 797/797/797 795/795/795 783/783/783
f 794/794/794 798/798/798 793/793/793
f 794/794/794 799/799/799 798/798/798
f 797/797/797 793/793/793 800/800/800
f 797/797/797 800/800/800 795/795/795
f 793/793/793 798/798/798 800/800/800
f 796/796/796 795/795/795 801/801/801
f 800/800/800 801/801/801 795/795/795
f 802/802/802 796/796/796 801/801/801
f 799/799/799 803/803/803 798/798/798
f 799/799/799 804/804/804 803/803/803
f 804/804/804 805/805/805 803/803/803
f 800/800/800 798/798/798 806/806/806
f 800/800/800 806/806/806 801/801/801
f 798/798/798 803/803/803 806/806/806
f 802/802/802 801/801/801 807/807/807
f 806/806/806 807/807/807 801/801/801
f 808/808/808 802/802/802 807/807/807
f 806/806/806 803/803/803 809/809/809
f 803/803/803 805/805/805 809/809/809
f 806/806/806 809/809/809 807/807/807
f 808/808/808 807/807/807 810/810/810
f 809/809/809 810/810/810 807/807/807
f 811/811/811 808/808/808 810/810/810
f 812/812/812 810/810/810 809/809/809
f 813/813/813 812/812/812 809/809/809
f 813/813/813 809/809/809 805/805/805
f 814/814/814 813/813/813 805/805/805
f 817/817/817 816/816/816 815/815/815
f 816/816/816 818/818/818 815/815/815
f 815/815/815 818/818/818 819/819/819
f 818/818/818 820/820/820 819/819/819
f 823/823/823 822/822/822 821/821/821
f 824/824/824 823/823/823 821/821/821
f 825/825/825 823/823/823 824/824/824
f 826/826/826 825/825/825 824/824/824
f 829/829/829 828/828/828 827/827/827
f 830/830/830 829/829/829 827/827/827
f 831/831/831 829/829/829 830/830/830
f 832/832/832 831/831/831 830/830/830
f 835/835/835 834/834/834 833/833/833
f 836/836/836 835/835/835 833/833/833
f 837/837/837 835/835/835 836/836/836
f 838/838/838 837/837/837 836/836/836
f 841/841/841 840/840/840 839/839/839
f 840/840/840 842/842/842 839/839/839
f 839/839/839 842/842/842 843/843/843
f 842/842/842 844/844/844 843/843/843
f 843/843/843 844/844/844 845/845/845
f 844/844/844 846/846/846 845/845/845
f 845/845/845 846/846/846 847/847/847
f 846/846/846 848/848/848 847/847/847
f 851/851/851 850/850/850 849/849/849
f 852/852/852 851/851/851 849/849/849
f 853/853/853 851/851/851 852/852/852
f 854/854/854 853/853/853 852/852/852
f 855/855/855 853/853/853 854/854/854
f 856/856/856 855/855/855 854/854/854
f 857/857/857 855/855/855 856/856/856
f 858/858/858 857/857/857 856/856/856
f 861/861/861 860/860/860 859/859/859
f 860/860/860 862/862/862 859/859/859
f 859/859/859 862/862/862 863/863/863
f 862/862/862 864/864/864 863/863/863
f 863/863/863 864/864/864 865/865/865
f 864/864/864 866/866/866 865/865/865
f 865/865/865 866/866/866 867/867/867
f 866/866/866 868/868/868 867/867/867
f 871/871/871 870/870/870 869/869/869
f 872/872/872 871/871/871 869/869/869
f 873/873/873 871/871/871 872/872/872
f 874/874/874 873/873/873 872/872/872
f 875/875/875 873/873/873 874/874/874
f 876/876/876 875/875/875 874/874/874
f 877/877/877 875/875/875 876/876/876
f 878/878/878 877/877/877 876/876/876
f 881/881/881 880/880/880 879/879/879
f 879/879/879 880/880/880 882/882/882
f 883/883/883 880/880/880 881/881/881
f 882/882/882 880/880/880 884/884/884
f 885/885/885 880/880/880 883/883/883
f 884/884/884 880/880/880 886/886/886
f 887/887/887 880/880/880 885/885/885
f 886/886/886 880/880/880 887/887/887
f 890/890/890 889/889/889 888/888/888
f 891/891/891 890/890/890 888/888/888
f 889/889/889 892/892/892 888/888/888
f 889/889/889 893/893/893 892/892/892
f 892/892/892 893/893/893 894/894/894
f 895/895/895 892/892/892 894/894/894
f 888/888/888 892/892/892 895/895/895
f 896/896/896 895/895/895 894/894/894
f 896/896/896 897/897/897 895/895/895
f 891/891/891 888/888/888 898/898/898
f 898/898/898 888/888/888 895/895/895
f 897/897/897 898/898/898 895/895/895
f 899/899/899 891/891/891 898/898/898
f 897/897/897 899/899/899 898/898/898
f 902/902/902 901/901/901 900/900/900
f 903/903/903 902/902/902 900/900/900
f 900/900/900 901/901/901 904/904/904
f 905/905/905 903/903/903 900/900/900
f 904/904/904 906/906/906 900/900/900
f 907/907/907 905/905/905 900/900/900
f 906/906/906 908/908/908 900/900/900
f 908/908/908 907/907/907 900/900/900
f 911/911/911 910/910/910 909/909/909
f 911/911/911 909/909/909 912/912/912
f 911/911/911 913/913/913 910/910/910
f 911/911/911 912/912/912 914/914/914
f 913/913/913 911/911/911 915/915/915
f 911/911/911 914/914/914 916/916/916
f 915/915/915 911/911/911 917/917/917
f 911/911/911 916/916/916 918/918/918
f 917/917/917 911/911/911 919/919/919
f 918/918/918 920/920/920 911/911/911
f 919/919/919 911/911/911 921/921/921
f 920/920/920 922/922/922 911/911/911
f 921/921/921 911/911/911 923/923/923
f 923/923/923 911/911/911 922/922/922
