g RodSkin_Top_Head
v 0.0548423976 1.8911196 0.0669941977
v 0.0407771952 1.91617012 0.0604907982
v 0.0146501996 1.8306917 0.0566387959
v 0.0461231992 1.92303169 -0.0171125997
v 0.0157335158 1.8323313 -0.0154744703
v 0.0411209948 1.91888571 -0.090931125
v 0.0168372001 1.8340019 -0.088943392
v 0.0574649982 1.89653718 -0.102234952
v 0.061231479 1.79775262 -0.0132453116
v 0.0467333943 1.7892828 0.0680849999
v 0.0994805992 1.83698273 0.070518598
v 0.0841085985 1.85612929 0.0671471953
v 0.084477596 1.88965619 0.0671022013
v 0.0548423976 1.8911196 0.0669941977
v 0.127391398 1.82712603 0.0715355948
v 0.0791945979 1.74315774 0.0674747974
v 0.125828996 1.79473484 0.0713159963
v 0.133412391 1.77269757 0.071632795
v 0.145996198 1.7613647 0.0701963976
v 0.171030596 1.7572571 0.0563219972
v 0.130890235 1.6922164 0.0587771945
v 0.104325309 1.74620533 -0.0125589436
v 0.102009594 1.73501813 -0.0895427912
v 0.133527592 1.70062912 -0.0194561984
v 0.175793394 1.75885916 0.0159191992
v 0.171030596 1.7572571 0.0563219972
v 0.173937604 1.76364887 -0.102488399
v 0.135100797 1.71190429 -0.0870479941
v 0.173937604 1.76364887 -0.102488399
v 0.147475794 1.77161205 -0.102322794
v 0.131810397 1.79671311 -0.105454795
v 0.12893039 1.82900989 -0.109218024
v 0.0496277995 1.79129875 -0.0911951959
v 0.103631392 1.83228362 -0.108396873
v 0.0828360021 1.85787642 -0.103644811
v 0.0851075947 1.88798761 -0.103428364
v 0.0574649982 1.89653718 -0.102234952
v -0.0652643964 1.93969977 0.00471059978
v -0.0692639947 1.94295061 -0.0354078002
v -0.0163674001 1.95068514 -0.0253619999
v -0.0402299948 1.93699431 0.0868121907
v -0.0898704007 1.92256737 0.0847547948
v -0.0894437954 1.92801774 0.0309383981
v -0.0977543965 1.91928589 0.0324863978
v -0.00118979998 1.94094527 0.083188802
v 0.0281465985 1.94138992 0.0823067948
v 0.035609398 1.94871771 -0.0195911992
v 0.0461231992 1.92303169 -0.0171125997
v 0.0407771952 1.91617012 0.0604907982
v 0.0345905982 1.90358269 0.0918738022
v 0.00232199975 1.90218592 0.0923201963
v 3.59999967E-06 1.83746326 0.0998441949
v 0.0517157987 1.88931227 0.0928169936
v 0.0548423976 1.8911196 0.0669941977
v 0.084477596 1.88965619 0.0671022013
v 0.0788291916 1.88455498 0.0911501944
v 0.0774017945 1.85553896 0.0946259946
v 0.0841085985 1.85612929 0.0671471953
v 0.0994805992 1.83698273 0.070518598
v 0.0945251957 1.83270776 0.0950201973
v 0.127391398 1.82712603 0.0715355948
v 3.59999967E-06 1.77501953 0.105861589
v 0.0671421662 1.77931583 0.102930471
v 0.122590788 1.82414508 0.092874594
v 0.12039119 1.78941774 0.0975851938
v 0.0868031979 1.73209906 0.104029194
v 0.125828996 1.79473484 0.0713159963
v 0.129056394 1.77000833 0.0968759954
v 0.133412391 1.77269757 0.071632795
v 0.145996198 1.7613647 0.0701963976
v 0.142225191 1.75614643 0.0964296013
v 0.171030596 1.7572571 0.0563219972
v -0.0923464969 1.78809333 0.103690825
v -0.0471401997 1.83909762 0.0984006003
v -0.094593592 1.80240464 0.0968453959
v 0.187174782 1.74487317 0.0839663967
v 0.175793394 1.75885916 0.0159191992
v 0.192702591 1.75359952 0.00988200027
v 0.177611396 1.68228221 0.0853056014
v 0.183158994 1.68161213 0.00768959941
v 0.12352924 1.7329911 0.100475989
v 0.120899752 1.6988852 0.103415392
v 0.0757158622 1.69090176 0.108999357
v -0.0384173989 1.9029671 0.0920411944
v 0.169179976 1.62436807 0.0832464024
v 0.169963196 1.63367093 0.00882719923
v 0.158353195 1.5862788 0.00597779965
v 0.120802172 1.68140805 0.107144997
v -0.086435996 1.88694704 0.0895769969
v -0.0891432017 1.86852765 0.092323795
v -0.0835649967 1.87699854 0.0919727981
v -0.0879389942 1.88561153 0.0839466006
v -0.0914795995 1.83310187 0.0951894
v -0.0911339968 1.86984539 0.0866016001
v -0.087578997 1.87797415 0.085458599
v -0.0929501951 1.91132987 0.0797723979
v -0.0934613943 1.83613491 0.0912077948
v -0.0993383899 1.87454331 0.0851418003
v -0.123955198 1.88863194 0.0807569921
v -0.1071738 1.91364825 0.0360684022
v -0.106333196 1.84490097 0.0867887959
v -0.154400393 1.85961223 0.0836549997
v -0.136241987 1.89713156 0.0226511993
v -0.148093194 1.88836908 -0.00977220014
v -0.160228789 1.87443709 -0.0169865992
v -0.0959021971 1.8074826 0.0924479961
v -0.114103794 1.82529521 0.0873089954
v -0.161166593 1.86035573 0.0856997967
v -0.165934801 1.87526143 -0.0176309999
v -0.117235795 1.82345569 0.093779996
v -0.120384 1.78941774 0.0975851938
v -0.178061381 1.81692708 0.085858196
v -0.182267994 1.84404588 -0.0216719992
v -0.185326204 1.77532184 0.0849239975
v -0.191527188 1.79349661 -0.023601599
v -0.139067993 1.76672685 0.0968453959
v -0.184588194 1.7426753 0.0856781974
v -0.192551389 1.75165737 -0.0265427977
v -0.177103788 1.68178129 0.0853056014
v -0.183151796 1.68161213 -0.0288143996
v -0.107375234 1.7260102 0.108392067
v -0.138367742 1.72675622 0.105392054
v -0.13368535 1.69076538 0.107873835
v -0.0998762771 1.68241763 0.109052196
v -0.164915994 1.62560332 0.0837144032
v -0.169955999 1.63367093 -0.0276749991
v -0.152759105 1.56940901 0.082127206
v -0.156760201 1.58572972 -0.0265355986
v -0.11611259 1.66587293 0.107144997
v -0.158457592 1.62735116 0.0880308002
v -0.114869401 1.51152968 0.0832807943
v -0.12182039 1.50677633 -0.0269963983
v -0.0819827914 1.46039402 -0.0271799993
v -0.138956398 1.65537536 0.101989798
v -0.139718011 1.63252223 0.100912467
v -0.142340854 1.58647656 0.0914986506
v -0.0847668201 1.66166377 0.114614196
v -0.0442972295 1.66636872 0.117309727
v -0.0765144154 1.69355297 0.113140292
v -0.0760648623 1.72859132 0.116474427
v -0.053097412 1.67870331 0.108849235
v -0.0869983137 1.77547705 0.106036827
v -0.0509101972 1.74572599 0.107657231
v -0.0333108045 1.73244536 0.108113773
v -0.0360638462 1.67677939 0.110851362
v -0.0269714314 1.71748829 0.108908296
v -0.117554404 1.65192342 0.111340828
v -0.0195035599 1.68295968 0.128331333
v -0.0265458692 1.68075681 0.108380809
v -0.0227274746 1.68277049 0.1112286
v 3.59999967E-06 1.71846712 0.108512998
v 3.59999967E-06 1.70092249 0.116385445
v -0.0266029555 1.69546211 0.109145388
v 0.0101386989 1.71700156 0.109559849
v 0.0126894619 1.73241353 0.109637037
v 0.0151748694 1.69849694 0.11301256
v 0.0317536965 1.74849665 0.105427049
v 0.0544735119 1.74825597 0.10282962
v 0.0736489445 1.72483742 0.106408477
v 0.0659425631 1.69832313 0.103685401
v 0.0204927344 1.69424033 0.109708175
v 0.0403694473 1.67906094 0.115512609
v 0.045576565 1.6889652 0.10578642
v 0.03401329 1.68787599 0.106818341
v -0.00188178313 1.69049549 0.118982702
v 3.59997625E-06 1.68473458 0.12910533
v 0.0197982788 1.68679321 0.125151247
v 0.026220046 1.69084215 0.108877279
v 3.59999967E-06 1.67888331 0.156745806
v 0.0790808126 1.67835462 0.108882025
v -0.0177173987 1.67759812 0.154870197
v 3.59999967E-06 1.6694442 0.184805989
v 0.0177245997 1.67759812 0.154870197
v -0.0342647992 1.67216933 0.142138794
v -0.0149777988 1.66818416 0.183922201
v -0.0621769577 1.65555966 0.115671545
v -0.0711294264 1.63291931 0.106816344
v -0.0850699171 1.65048826 0.108956225
v -0.0580859296 1.65222943 0.134006485
v -0.114764817 1.64385891 0.125578791
v -0.0913487226 1.64528382 0.126987696
v -0.0320345983 1.66901743 0.172492191
v -0.0568655953 1.65231538 0.157939196
v -0.0153449997 1.64919043 0.192256182
v -0.0699725077 1.63463759 0.128397927
v -0.0360395983 1.64990151 0.183113992
v -0.0627972633 1.63026309 0.1496187
v -0.0574331246 1.61583698 0.138284206
v -0.0429623984 1.62619734 0.17432639
v -0.0203328002 1.62054896 0.183239996
v -0.0434120186 1.60857761 0.150804937
v 3.59999967E-06 1.64957035 0.193782598
v -0.072544843 1.61710334 0.116818942
v -0.0210095979 1.60197115 0.161522999
v 3.59999967E-06 1.61829531 0.185175002
v -0.0458433591 1.60648525 0.136369795
v -0.0838294402 1.60149932 0.124361962
v -0.0769459829 1.61644244 0.125979856
v -0.0781136304 1.62945735 0.122592337
v 0.0153521998 1.64919043 0.192256182
v 0.0203399993 1.62054896 0.183239996
v 0.0149849989 1.66818416 0.183922201
v 0.0342720002 1.67340255 0.142138794
v 0.0320417993 1.66904485 0.172492191
v 0.0625570416 1.66695142 0.116741799
v 0.0697948635 1.64963114 0.11527206
v 0.0584384985 1.66211963 0.134137675
v 0.0864311457 1.6692059 0.109585904
v 0.0570371896 1.65791047 0.157939196
v 0.0360467993 1.649966 0.183113992
v 0.0697919577 1.6494137 0.129098684
v 0.0429695994 1.62662852 0.17432639
v 0.0626942813 1.63834417 0.149845749
v 0.0559709333 1.62189877 0.138590574
v 0.0428694934 1.60966313 0.150865838
v 0.122351736 1.66954052 0.111445352
v 0.144511238 1.64399672 0.101477571
v 0.143262148 1.66812909 0.101822391
v 0.119300723 1.66239011 0.125775486
v 0.163201764 1.62864029 0.0878129974
v 0.164533541 1.6034472 0.0825605989
v 0.159648761 1.61210656 0.0872981921
v 0.144046083 1.59863961 0.0874069408
v 0.0939664245 1.664487 0.127485469
v 0.152776927 1.56946421 0.0821187422
v 0.119850218 1.51066232 0.0821673647
v 0.121827595 1.50677633 -0.0269963983
v 0.0819899961 1.46039402 -0.0271799993
v 0.13733311 1.64040864 0.117835708
v 0.115524985 1.65081501 0.138110131
v 0.136759803 1.61520767 0.100286737
v 0.14368327 1.58973598 0.0912302434
v 0.134218186 1.6182369 0.119794138
v 0.100423157 1.65142 0.141622752
v 0.126723349 1.63531017 0.133728489
v 0.123190239 1.62168622 0.13341555
v 0.111738078 1.61272907 0.133046597
v 0.119349107 1.6061691 0.12189053
v 0.123572327 1.60364926 0.100947388
v 0.09732382 1.61183214 0.10010609
v 0.124292962 1.58869457 0.0945474356
v 0.124657303 1.57518756 0.0900028199
v 0.0780404955 1.64730811 0.123473115
v 0.105628587 1.62945008 0.143470764
v 0.0857908875 1.62666905 0.138243556
v 0.0863324031 1.64236367 0.140946284
v 0.076156348 1.63166809 0.126507238
v 0.0932915509 1.51952779 0.0881828144
v 0.0967544019 1.58130491 0.0973375216
v 0.0672425255 1.52776587 0.0938958675
v 0.0503021516 1.49113393 0.094831802
v 0.067415528 1.48161542 0.0892174244
v 0.0453127511 1.45005202 0.0910121948
v 0.0326605104 1.46128714 0.0963037014
v 0.0168421082 1.4535867 0.0958634615
v -0.000817416236 1.44417465 0.0934167206
v 0.0858559161 1.46773052 0.0840580985
v 0.0583452061 1.43184447 0.0859874785
v -6.30414943E-05 1.43499827 0.0923907831
v -0.0463039987 1.44895232 0.0915627033
v -0.0212489404 1.44881976 0.096803695
v -0.0374160185 1.455163 0.0976957604
v -0.0512190834 1.48898065 0.0962174833
v 0.0543023981 1.42526877 0.0407303981
v 3.59999967E-06 1.41441643 0.0862253979
v 0.0592865981 1.43353438 0.00850859936
v 0.0752986223 1.4467895 -0.0561653972
v 0.0592865981 1.4239223 0.00850859936
v 0.0752986223 1.43717754 -0.0561653972
v 0.00063179998 1.40044129 0.0540557951
v 3.59999967E-06 1.41501236 0.0591461994
v 0.00063179998 1.41005147 0.0540557951
v -0.0592793971 1.4239223 0.00850859936
v -0.0592793971 1.43353438 0.00850859936
v -0.0737592429 1.43717754 -0.0634731352
v -0.0737592429 1.4467895 -0.0634731352
v -0.0542952009 1.42526877 0.0407303981
v -0.0578836463 1.43238509 0.0861022472
v -0.0828064159 1.47086942 0.0847832859
v -0.0646899417 1.48405981 0.0901465714
v -0.0879620761 1.52058971 0.0952640399
v -0.0661182255 1.52722752 0.0971534625
v -0.122788332 1.56855965 0.0922648907
v -0.0843313336 1.57174289 0.09674339
v -0.0956287161 1.59523642 0.101032853
v -0.121774167 1.57868254 0.0959210098
v -0.120420031 1.58910942 0.102037653
v -0.133568317 1.60402346 0.100460291
v -0.115980029 1.59174955 0.122748315
v -0.130379379 1.60496354 0.119936064
v -0.109190501 1.59881508 0.133472264
v -0.10296081 1.59160578 0.124899603
v -0.132787928 1.62585068 0.117459387
v -0.119982183 1.60725486 0.133488134
v -0.111716278 1.63334119 0.137891471
v -0.123017922 1.61967671 0.133608043
v -0.097595565 1.63432002 0.141295806
v -0.0621879362 1.59384871 0.135412991
v -0.0632752702 1.58007956 0.125964046
v -0.103791773 1.6158371 0.143305704
v -0.0851963758 1.62630653 0.140481636
v -0.0854933262 1.6125505 0.138008237
v -0.0911808386 1.60474467 0.136512101
v -0.0227324758 1.57969224 0.151731387
v -0.0229224935 1.56729448 0.144295529
v 3.59999967E-06 1.56949019 0.144617394
v -0.0180914644 1.5979284 0.145349979
v 3.59999967E-06 1.5962435 0.149230793
v 3.59999967E-06 1.58478832 0.152938798
v 0.0237886552 1.58235776 0.152104676
v 0.0240071304 1.56996191 0.144632503
v 0.065547891 1.58185315 0.124931633
v 0.064100489 1.5961107 0.135015026
v 0.0832072347 1.61545026 0.1241154
v 0.0180950444 1.59789836 0.145349219
v 3.59999967E-06 1.59968507 0.164078996
v 0.0210167989 1.60198355 0.161522999
v 0.0443317108 1.60856235 0.136475548
v 0.0711144879 1.63134575 0.117454648
v 0.09172526 1.61819506 0.136410043
v 0.105643198 1.60591984 0.123894215
v -0.106984146 1.91968429 -0.0689014494
v -0.143062189 1.94628763 -0.0636677966
v -0.114713334 1.91396475 -0.0675039738
v -0.121195793 1.95844483 -0.0660923943
v -0.124437593 1.99030316 -0.0699065924
v -0.158068791 1.97445595 -0.0721277967
v -0.174481198 1.99936247 -0.0728729963
v -0.121490993 1.96271086 -0.0739494041
v -0.103548601 1.92222667 -0.0695230216
v -0.123001188 1.99491286 -0.0813743994
v -0.119834989 1.96268928 -0.0751445964
v -0.0928066075 1.92944491 -0.0619631633
v -0.0847655982 1.93728054 -0.0552095957
v -0.0952235982 1.97121239 -0.0612125993
v -0.0692639947 1.94295061 -0.0354078002
v -0.120799795 1.99174309 -0.0841157958
v -0.149866194 2.01221275 -0.0758807957
v -0.174956396 2.03187966 -0.0428309962
v -0.114087597 2.02215052 -0.0756629929
v -0.10974779 2.01060367 -0.0600335971
v -0.127110586 2.02384615 -0.0683171973
v -0.0789461955 1.97739708 -0.0392921977
v -0.0652643964 1.93969977 0.00471059978
v -0.075563997 1.97758603 0.00500580017
v -0.0894437954 1.92801774 0.0309383981
v -0.0962675959 1.95650995 0.0372154824
v -0.0977543965 1.91928589 0.0324863978
v -0.125348389 2.03463006 -0.0491291955
v -0.174787179 2.03642821 -0.0114155989
v -0.0850679949 2.00611258 -0.043538399
v -0.10665179 2.03193164 -0.0664631948
v -0.1026306 2.02446699 -0.0486467965
v -0.109646991 2.03234935 -0.0505223945
v -0.0974825919 2.03786635 -0.0171323996
v -0.120587394 2.04021525 -0.0162737984
v -0.116702996 2.03685641 0.0183419995
v -0.168411598 2.03085899 0.0226079989
v -0.111558594 2.02092099 -0.0790451914
v -0.103977002 1.99606133 -0.0707111955
v -0.104304597 2.03151059 -0.0691218004
v -0.0978155956 1.99870193 -0.0644687936
v -0.0989423916 2.03730464 -0.0513521992
v -0.0912077948 2.02159786 -0.0182141978
v -0.103467591 2.03591514 0.0151163992
v -0.0954575911 2.03610229 -0.0552041978
v -0.121769994 2.02514386 0.0405017957
v -0.109141193 1.99986649 0.0370511971
v -0.142468184 2.01580191 0.0513341986
v -0.164851189 2.00384283 0.0537137985
v -0.0908477977 2.04139614 -0.0158741996
v -0.0792521983 2.01025963 -0.0107459994
v -0.0872783959 2.0426147 -0.0142181991
v -0.0834533945 2.00679111 0.0172727983
v -0.091196999 2.04011631 0.020752199
v -0.0944477916 2.03924513 0.0192095991
v -0.0925541967 1.99930143 0.0379799977
v -0.0970955938 2.03061414 0.0391589962
v -0.0939311981 2.02098417 0.00773099996
v -0.100324795 2.03091836 0.0377333947
v -0.102889799 2.01993656 0.026375398
v -0.102236398 1.99048483 0.0480779968
v -0.110645995 2.01178789 0.0522792004
v -0.108059399 2.01174116 0.0534941964
v -0.111916795 1.99157763 0.0552581996
v -0.114884995 1.99127877 0.0536598004
v -0.110050201 1.95436251 0.0457546823
v -0.128546998 1.94473255 0.0496034026
v -0.1071738 1.91364825 0.0360684022
v -0.130321786 1.9920851 0.0483102016
v -0.149209201 1.98057234 0.0490787961
v -0.187651798 1.98820257 0.0426347964
v -0.168411598 2.03085899 0.0226079989
v -0.174292207 1.97244883 0.043462798
v -0.205109999 1.97980368 0.0232020002
v -0.195375592 1.99738431 0.0237725992
v -0.214163989 1.97641623 -0.00971639901
v -0.201124802 1.99939132 -0.0126323989
v -0.174787179 2.03642821 -0.0114155989
v -0.198799193 1.99828613 -0.0416358002
v -0.174956396 2.03187966 -0.0428309962
v -0.190277994 1.98663116 -0.0646487996
v -0.174481198 1.99936247 -0.0728729963
v -0.201355204 1.97296906 0.0250163972
v -0.207201585 1.97978926 -0.0444293991
v -0.168785989 1.95881748 -0.0620315969
v -0.158068791 1.97445595 -0.0721277967
v -0.143062189 1.94628763 -0.0636677966
v -0.197299778 1.96593463 -0.0464201979
v -0.210688189 1.96914232 0.00223560003
v -0.20980078 1.96727931 -0.0241326001
v -0.187649995 1.96314287 -0.0531557985
v -0.198077396 1.97350907 -0.0705419928
v -0.178140596 1.96743596 -0.0776051953
v -0.147068992 1.94854498 -0.0705293939
v -0.114713334 1.91396475 -0.0675039738
v -0.117289245 1.9120574 -0.0670387447
v -0.179481596 1.96511209 -0.0788922012
v -0.147932991 1.94733894 -0.072610192
v -0.13623479 1.89946795 -0.0479663983
v -0.167124599 1.93481457 -0.0570437983
v -0.148093194 1.88836908 -0.00977220014
v -0.178198203 1.92246664 -0.0143603999
v -0.136241987 1.89713156 0.0226511993
v -0.207714587 1.97432446 -0.0629549995
v -0.197224185 1.97058225 -0.0726786032
v -0.18056339 1.95388734 -0.0662399977
v -0.208328396 1.97216821 -0.064540796
v -0.188186392 1.94998312 -0.0573119968
v -0.223376378 1.97061646 -0.0298835989
v -0.200851187 1.94385958 -0.0238697995
v -0.161594987 1.9265939 0.0318482034
v -0.222182989 1.97149479 0.00839519966
v -0.224094599 1.96662045 -0.0300509986
v -0.222872391 1.96914053 0.0101015996
v -0.201645002 1.97464669 0.0482723974
v -0.199884593 1.9430927 -0.00134820002
v -0.18375659 1.94616354 0.0334925987
v -0.171719998 1.95022261 0.046074599
v -0.165785402 1.96958697 0.060366597
v -0.182975397 1.97377551 0.0581003949
v -0.200275198 1.97731078 0.0465120003
v -0.182107791 1.97649884 0.057509996
v -0.164636984 1.97235179 0.0593639985
v -0.160547391 1.96571863 0.0443771966
v -0.0737592429 1.4467895 -0.0634731352
v -0.0737592429 1.43717754 -0.0634731352
v -0.0382776447 1.43921566 -0.121309154
v -0.0382776447 1.44881952 -0.121812135
v -0.0819827914 1.46039402 -0.0271799993
v -0.0614501946 1.46792436 -0.126030758
v 3.5999617E-06 1.43586564 -0.123167187
v -0.12182039 1.50677633 -0.0269963983
v 3.59994851E-06 1.44546843 -0.123740204
v 0.039781183 1.43921566 -0.118863173
v -0.110849395 1.51199985 -0.121237189
v -0.156760201 1.58572972 -0.0265355986
v 0.039781183 1.44881952 -0.119366162
v 0.0752986223 1.43717754 -0.0561653972
v 0.0752986223 1.4467895 -0.0561653972
v 0.0819899961 1.46039402 -0.0271799993
v 0.0614573956 1.46792436 -0.126030758
v 0.121827595 1.50677633 -0.0269963983
v 3.59991986E-06 1.46377075 -0.1310855
v 0.110856593 1.51199985 -0.121237189
v 0.158353195 1.5862788 0.00597779965
v 0.0544170104 1.5199548 -0.12798363
v 3.59988667E-06 1.50197852 -0.133121356
v 3.59986416E-06 1.52762461 -0.134487852
v -0.0751052573 1.51952422 -0.127618223
v 0.145585805 1.58704007 -0.126206994
v -0.0624929741 1.57726824 -0.130938381
v -0.0498606637 1.56621802 -0.131649733
v -0.145578593 1.58704007 -0.126206994
v -0.100732699 1.63862062 -0.130087152
v -0.0551333539 1.62521839 -0.133036613
v -0.161098182 1.63728893 -0.126487792
v -0.169955999 1.63367093 -0.0276749991
v -0.109861441 1.69318044 -0.130671993
v -0.176617801 1.68753946 -0.126768589
v -0.183151796 1.68161213 -0.0288143996
v -0.184453204 1.75775576 -0.128318399
v -0.192551389 1.75165737 -0.0265427977
v -0.191527188 1.79349661 -0.023601599
v -0.115741752 1.76280022 -0.131338701
v -0.18472138 1.80267107 -0.124502398
v -0.173213989 1.8493613 -0.125839785
v -0.182267994 1.84404588 -0.0216719992
v -0.107117996 1.83464479 -0.131834641
v -0.112765647 1.79045033 -0.129147172
v -0.165934801 1.87526143 -0.0176309999
v -0.161449194 1.87902164 -0.124833599
v -0.160228789 1.87443709 -0.0169865992
v -0.0735338405 1.76367354 -0.131159529
v -0.0826557651 1.71353769 -0.132491678
v -0.0511437096 1.67494392 -0.133192614
v -0.0684108511 1.70765519 -0.133440837
v -0.0163244512 1.68987226 -0.133287892
v 3.59986416E-06 1.6408428 -0.136093661
v 0.0120124612 1.68136072 -0.133771583
v 0.0604776852 1.63950849 -0.132487819
v 0.0614596494 1.64132512 -0.132468492
v 0.046084173 1.71987665 -0.131495789
v 0.0904485509 1.69495225 -0.13189809
v 0.138346195 1.76116467 -0.128908232
v 0.066459924 1.7489146 -0.13250412
v 0.126406804 1.79426956 -0.130721718
v 0.131810397 1.79671311 -0.105454795
v 0.147475794 1.77161205 -0.102322794
v 0.184460387 1.75775576 -0.128318399
v 0.173937604 1.76364887 -0.102488399
v 0.175793394 1.75885916 0.0159191992
v 0.192702591 1.75359952 0.00988200027
v 0.12893039 1.82900989 -0.109218024
v 0.183158994 1.68161213 0.00768959941
v 0.12537539 1.82349586 -0.129390955
v 0.100976393 1.82972133 -0.129775375
v 0.0553060807 1.78110576 -0.132713243
v 0.103631392 1.83228362 -0.108396873
v 0.0794249922 1.8584255 -0.129865527
v 0.0828360021 1.85787642 -0.103644811
v 0.0229867026 1.78194582 -0.132324457
v -0.00678454153 1.80901778 -0.132834792
v 0.0851075947 1.88798761 -0.103428364
v -0.00924888626 1.83091617 -0.133667812
v 0.176624998 1.68753946 -0.126768589
v 0.169963196 1.63367093 0.00882719923
v 0.125308871 1.69187582 -0.129769161
v 0.102358446 1.69415987 -0.131349713
v 0.0816732496 1.63904107 -0.131224006
v 0.161105394 1.63728893 -0.126487792
v 0.106275529 1.63849843 -0.129757077
v 0.0706540123 1.61670434 -0.131407395
v 0.0905218124 1.5882591 -0.129635245
v 0.0300445985 1.58198667 -0.133454248
v 0.0334812999 1.6147449 -0.133634597
v 0.0300445985 1.58198667 -0.133454248
v 0.0261355191 1.58533049 -0.126648515
v 0.0334812999 1.6147449 -0.133634597
v 0.0261081737 1.6066668 -0.128896028
v 3.59986416E-06 1.59026277 -0.135270864
v 3.59986416E-06 1.61298025 -0.135640398
v -0.0351092108 1.60074794 -0.13216202
v 0.00063179998 1.40044129 0.0540557951
v -0.00546094636 1.40445256 0.0350463986
v -0.0558862202 1.42416501 -0.00246687792
v -0.0592793971 1.4239223 0.00850859936
v -0.0655356348 1.43630207 -0.0535436235
v -0.0737592429 1.43717754 -0.0634731352
v -0.0319144763 1.43777728 -0.101723626
v -0.0382776447 1.43921566 -0.121309154
v 0.000539123896 1.434479 -0.104157783
v 3.5999617E-06 1.43586564 -0.123167187
v 0.0329495892 1.4374671 -0.0999618471
v 0.039781183 1.43921566 -0.118863173
v 0.0539180972 1.43567514 -0.0499833934
v 0.0752986223 1.43717754 -0.0561653972
v 0.0431207195 1.42363596 0.000537999091
v 0.0592865981 1.4239223 0.00850859936
v -0.00546094636 1.40445256 0.0350463986
v 0.00063179998 1.40044129 0.0540557951
v -0.00546094636 1.40445256 0.0350463986
v -0.0111414194 1.37319076 0.018604191
v -0.0656550378 1.38690472 -0.0181389637
v -0.0558862202 1.42416501 -0.00246687792
v -0.074139595 1.39643705 -0.0679123178
v -0.0655356348 1.43630207 -0.0535436235
v -0.0394863747 1.39948928 -0.114700705
v -0.0319144763 1.43777728 -0.101723626
v -0.00703408197 1.39534688 -0.116955623
v 0.000539123896 1.434479 -0.104157783
v 0.0252152085 1.39010549 -0.112770021
v 0.0329495892 1.4374671 -0.0999618471
v 0.0449857935 1.37747395 -0.0640107989
v 0.0539180972 1.43567514 -0.0499833934
v 0.0330747738 1.37089968 -0.0148460288
v 0.0431207195 1.42363596 0.000537999091
v -0.0111414194 1.37319076 0.018604191
v -0.00546094636 1.40445256 0.0350463986
v 0.0706540123 1.61670434 -0.131407395
v 0.0329572558 1.61866319 -0.112416998
v 0.0334812999 1.6147449 -0.133634597
v 0.058957424 1.61914694 -0.110550128
v 0.0816732496 1.63904107 -0.131224006
v 0.0604776852 1.63950849 -0.111630544
v 0.0699766576 1.64148366 -0.110366739
v 0.102358446 1.69415987 -0.131349713
v 0.0964034945 1.694556 -0.110766627
v 0.0904485509 1.69495225 -0.13189809
v 0.138346195 1.76116467 -0.128908232
v 0.138346195 1.76116467 -0.108050965
v 0.0614596494 1.64132512 -0.132468492
v 0.0604776852 1.63950849 -0.132487819
v 3.59986416E-06 1.6408428 -0.136093661
v 3.59986416E-06 1.6408428 -0.115236379
v -0.0551333539 1.62521839 -0.133036613
v -0.0584180839 1.62921941 -0.111137345
v -0.0624929741 1.57726824 -0.130938381
v -0.0670908466 1.57051063 -0.115929835
v -0.0751052573 1.51952422 -0.127618223
v -0.0466358922 1.60585916 -0.111780338
v 3.59986416E-06 1.61804986 -0.114783123
v -0.0724207237 1.52986908 -0.107226148
v -0.0498606637 1.56621802 -0.131649733
v -0.0565016493 1.57486773 -0.110346377
v -0.0351092108 1.60074794 -0.13216202
v 3.59986416E-06 1.61298025 -0.135640398
v 0.0258182138 1.61236191 -0.114642464
v 0.0329572558 1.61866319 -0.112416998
v 0.0261081737 1.6066668 -0.128896028
v 0.0334812999 1.6147449 -0.133634597
v -0.0727126971 1.83167362 -0.133977428
v -0.0696575344 1.77596188 -0.13001138
v -0.0530774631 1.79467678 -0.131525159
v -0.107801996 1.8381331 -0.12706399
v -0.0776447058 1.83683348 -0.133915812
v -0.0836639926 1.87457275 -0.127409145
v -0.127204195 1.8660326 -0.125134766
v -0.122518793 1.90307808 -0.11909546
v -0.0801035985 1.88632905 -0.126895338
v -0.156276003 1.87894797 -0.121874399
v -0.129869998 1.86361265 -0.129786089
v -0.148093194 1.88836908 -0.00977220014
v -0.13623479 1.89946795 -0.0479663983
v -0.117289245 1.9120574 -0.0670387447
v -0.114713334 1.91396475 -0.0675039738
v -0.106984146 1.91968429 -0.0689014494
v -0.103548601 1.92222667 -0.0695230216
v -0.0928066075 1.92944491 -0.0619631633
v -0.0849437937 1.9282546 -0.122201659
v -0.0832464024 1.93756962 -0.126183331
v -0.0847655982 1.93728054 -0.0552095957
v -0.0692639947 1.94295061 -0.0354078002
v -0.0789245963 1.88726294 -0.129374817
v -0.0487007983 1.94168925 -0.125606999
v -0.0163674001 1.95068514 -0.0253619999
v -0.00333179999 1.90417349 -0.13111338
v -0.0795311928 1.87564754 -0.132257521
v 0.000777599867 1.85105753 -0.134630069
v -0.0264443029 1.80481875 -0.132353961
v -0.0399479009 1.79967666 -0.131933749
v -0.00922319945 1.94398665 -0.125749886
v -0.00312333787 1.93888891 -0.118468069
v 0.00413368409 1.9445498 -0.124897353
v 0.035609398 1.94871771 -0.0195911992
v 0.00215221383 1.89966857 -0.123936087
v 0.0774593949 1.88332736 -0.128499404
v 0.0511595979 1.89163148 -0.130180776
v 0.0574649982 1.89653718 -0.102234952
v 0.0411209948 1.91888571 -0.090931125
v 0.00471377512 1.9058392 -0.130739689
v 0.030353399 1.91114783 -0.129548833
v 0.0275111981 1.94553542 -0.123405218
v 0.0461231992 1.92303169 -0.0171125997
v -0.0727126971 1.83167362 -0.133977428
v -0.0530774631 1.79467678 -0.131525159
v -0.0509245992 1.80057085 -0.123757631
v -0.0399479009 1.79967666 -0.131933749
v -0.0497132614 1.80246592 -0.106728174
v -0.0530774631 1.79467678 -0.107392304
v -0.0696575344 1.77596188 -0.13001138
v -0.0387573987 1.80012989 -0.10783793
v -0.0264443029 1.80481875 -0.132353961
v -0.017838899 1.78526187 -0.108051956
v -0.0117065338 1.75010967 -0.107555017
v -0.0696575344 1.77596188 -0.105878524
v -0.0684108511 1.70765519 -0.109307975
v -0.0163244512 1.68987226 -0.109155029
v -0.107117996 1.83464479 -0.131834641
v -0.0264443029 1.80481875 -0.108221099
v -0.00924888626 1.83091617 -0.109534957
v -0.00924888626 1.83091617 -0.133667812
v -0.00678454153 1.80901778 -0.108701937
v -0.00678454153 1.80901778 -0.132834792
v 0.0229867026 1.78194582 -0.108191594
v 0.0229867026 1.78194582 -0.132324457
v -0.107117996 1.83464479 -0.107701778
v -0.0735338405 1.76367354 -0.131159529
v -0.0735338405 1.76367354 -0.107026674
v -0.0826557651 1.71353769 -0.132491678
v -0.0826557651 1.71353769 -0.108358823
v -0.0684108511 1.70765519 -0.133440837
v -0.0511437096 1.67494392 -0.133192614
v -0.0511437096 1.67494392 -0.109059758
v -0.0163244512 1.68987226 -0.133287892
v 0.0120124612 1.68136072 -0.133771583
v 0.0553060807 1.78110576 -0.108580381
v 0.0553060807 1.78110576 -0.132713243
v 0.0120124612 1.68136072 -0.109638728
v 0.046084173 1.71987665 -0.131495789
v 0.046084173 1.71987665 -0.107362933
v 0.066459924 1.7489146 -0.13250412
v 0.066459924 1.7489146 -0.108371258
v 0.0177614987 1.73985159 -0.108246468
v -0.0779033825 1.59362638 0.104756474
v -0.0956287161 1.59523642 0.101032853
v -0.0632752702 1.58007956 0.125964046
v -0.0229224935 1.56729448 0.144295529
v -0.0876369476 1.60184038 0.0827061385
v -0.0843313336 1.57174289 0.09674339
v -0.0349062495 1.58828163 0.118381687
v 3.59999967E-06 1.56949019 0.144617394
v -0.0818582103 1.57682574 0.0842182413
v -0.0661182255 1.52722752 0.0971534625
v -0.0663045868 1.53030753 0.084139213
v -0.035247162 1.52806664 0.0843904465
v -0.0512190834 1.48898065 0.0962174833
v -0.0488805249 1.48813391 0.0849456266
v -0.0374160185 1.455163 0.0976957604
v -0.0409488976 1.57014263 0.0834617913
v -0.0454367213 1.60389829 0.0833588466
v 3.19456035E-06 1.60403967 0.0835861862
v 2.34097406E-05 1.58153963 0.117301486
v 0.0339760333 1.58884192 0.118116952
v 0.0240071304 1.56996191 0.144632503
v 3.59999967E-06 1.56813645 0.0829854012
v 0.0774107799 1.60507107 0.103961647
v 0.065547891 1.58185315 0.124931633
v 0.09732382 1.61183214 0.10010609
v 0.087272428 1.61568558 0.0824492797
v 0.0967544019 1.58130491 0.0973375216
v 0.045024246 1.60648203 0.0834197849
v 0.0422830209 1.57141054 0.0827164352
v 0.0321549848 1.5337199 0.0832990408
v 0.0932688937 1.58658361 0.0823488981
v 0.0672425255 1.52776587 0.0938958675
v 0.067416966 1.5310719 0.0828436017
v 0.0503021516 1.49113393 0.094831802
v 0.0469722413 1.49182999 0.0833469853
v 0.0326605104 1.46128714 0.0963037014
v -0.002959128 1.52698636 0.0840743259
v 0.037953373 1.47571921 0.0836159065
v 0.0171873011 1.49697602 0.0878096744
v 0.0307429563 1.46541655 0.0838240013
v 0.0168421082 1.4535867 0.0958634615
v 0.00260099862 1.49337709 0.0884254128
v 0.024420632 1.48799491 0.0835689083
v -0.0127661088 1.49018931 0.0890962407
v -0.00498878816 1.48745823 0.0850776657
v -0.0254610311 1.48947108 0.0893604681
v -0.0415921435 1.47041345 0.0851957574
v -0.0353322923 1.45929182 0.0852243081
v -0.0212489404 1.44881976 0.096803695
v -0.0309220999 1.47960401 0.0854081884
v 0.0174765829 1.48513162 0.0990710929
v 0.0213746987 1.47758567 0.0976516902
v 0.00665152585 1.48524463 0.101055004
v 0.0249530394 1.47828031 0.0839316845
v 0.019028876 1.45979309 0.0842345804
v 0.0156184984 1.46613407 0.101471826
v 0.0105367918 1.45671594 0.105129048
v -0.000817416236 1.44417465 0.0934167206
v 0.0122311665 1.47100437 0.105871074
v 0.00447903061 1.46783984 0.107950807
v -0.0015214046 1.44927168 0.103797413
v -0.00361861195 1.46483815 0.107290216
v -0.0155169936 1.45268178 0.105945528
v -0.00509558059 1.47845364 0.0998278409
v -0.0165009052 1.48047304 0.102032609
v -0.0118938135 1.46468294 0.108619824
v -0.0255631227 1.4776057 0.100641832
v -0.0200842638 1.46496999 0.107110523
v -0.0228499826 1.45904744 0.10288927
v -0.0286526158 1.46936941 0.099393338
v -0.0239921268 1.45405102 0.0853628293
v -0.0310572051 1.47018278 0.0856899768
v 0.0126894619 1.73241353 0.109637037
v 0.0144318705 1.71317625 0.0922545865
v 0.0101386989 1.71700156 0.109559849
v 0.0150787029 1.72835553 0.0955904424
v 0.0317536965 1.74849665 0.105427049
v 0.0201054048 1.70151258 0.0981597975
v 0.0151748694 1.69849694 0.11301256
v 0.041514758 1.71321726 0.0916696861
v 0.0332618468 1.73951757 0.0932509303
v 0.0242422502 1.6940949 0.0981759802
v 0.0544735119 1.74825597 0.10282962
v 0.0204927344 1.69424033 0.109708175
v 0.0532461777 1.74062991 0.0921050608
v 0.0736489445 1.72483742 0.106408477
v 0.0233532079 1.68590617 0.0918925256
v 0.026220046 1.69084215 0.108877279
v 0.0681742579 1.72049689 0.0925972909
v 0.0659425631 1.69832313 0.103685401
v 0.0308706984 1.69293106 0.0987901241
v 0.03401329 1.68787599 0.106818341
v 0.0631939694 1.69948101 0.0915563703
v 0.045576565 1.6889652 0.10578642
v 0.0489844829 1.69253755 0.0917013288
v -0.0269714314 1.71748829 0.108908296
v -0.0349460542 1.72752988 0.0939436257
v -0.0333108045 1.73244536 0.108113773
v -0.0294252057 1.71442497 0.0936600044
v -0.0266029555 1.69546211 0.109145388
v -0.0519297794 1.74104917 0.0912908614
v -0.0509101972 1.74572599 0.107657231
v -0.0483855568 1.70565283 0.0927876681
v -0.027143795 1.69574332 0.0926142782
v -0.081627667 1.76192129 0.0897494406
v -0.0227274746 1.68277049 0.1112286
v -0.0869983137 1.77547705 0.106036827
v -0.024930574 1.68423808 0.0988047197
v -0.0265458692 1.68075681 0.108380809
v -0.0691587105 1.72597337 0.0978253633
v -0.0760648623 1.72859132 0.116474427
v -0.0268247481 1.67901802 0.0989396498
v -0.0360638462 1.67677939 0.110851362
v -0.067779772 1.68886769 0.0922247544
v -0.0765144154 1.69355297 0.113140292
v -0.0301343556 1.67790473 0.0983039588
v -0.053097412 1.67870331 0.108849235
v -0.0449873582 1.68003619 0.0979447737
vt 0.510742188 0.601074219
vt 0.515625 0.595703125
vt 0.494140625 0.595214844
vt 0.517089844 0.577636719
vt 0.494384766 0.577636719
vt 0.516113281 0.560058594
vt 0.494873047 0.560058594
vt 0.51171875 0.554199219
vt 0.481933594 0.577148438
vt 0.481689453 0.597167969
vt 0.484130859 0.613769531
vt 0.490478516 0.612792969
vt 0.497314453 0.616699219
vt 0.500976562 0.611328125
vt 0.477783203 0.618164062
vt 0.46875 0.596679688
vt 0.471191406 0.61328125
vt 0.465087891 0.610839844
vt 0.460449219 0.610839844
vt 0.454345703 0.613769531
vt 0.451416016 0.595214844
vt 0.466308594 0.577148438
vt 0.464111328 0.559570312
vt 0.452880859 0.576171875
vt 0.434570312 0.580566406
vt 0.43359375 0.590332031
vt 0.440185547 0.552734375
vt 0.454589844 0.559570312
vt 0.455810547 0.54296875
vt 0.462158203 0.545898438
vt 0.469482422 0.543945312
vt 0.476318359 0.5390625
vt 0.482177734 0.559570312
vt 0.481445312 0.54296875
vt 0.489746094 0.543457031
vt 0.495117188 0.5390625
vt 0.500488281 0.54296875
vt 0.12878418 0.962402344
vt 0.122375488 0.983886719
vt 0.154296875 0.985351562
vt 0.155517578 0.924804688
vt 0.131958008 0.916503906
vt 0.117919922 0.94140625
vt 0.112121582 0.936035156
vt 0.174682617 0.930175781
vt 0.189575195 0.931640625
vt 0.186157227 0.985839844
vt 0.202026367 0.983398438
vt 0.205322266 0.937011719
vt 0.200805664 0.9140625
vt 0.182739258 0.909667969
vt 0.185424805 0.875
vt 0.212768555 0.906738281
vt 0.218994141 0.921386719
vt 0.236328125 0.912597656
vt 0.227661133 0.902832031
vt 0.230834961 0.885253906
vt 0.24597168 0.893066406
vt 0.253662109 0.879394531
vt 0.24230957 0.870117188
vt 0.267578125 0.864746094
vt 0.183959961 0.842285156
vt 0.224731445 0.840332031
vt 0.257324219 0.859863281
vt 0.256591797 0.838867188
vt 0.233032227 0.810058594
vt 0.271972656 0.84375
vt 0.261474609 0.824707031
vt 0.275878906 0.828613281
vt 0.281982422 0.817871094
vt 0.267089844 0.8125
vt 0.298095703 0.8046875
vt 0.12890625 0.848632812
vt 0.157226562 0.875
vt 0.127685547 0.856445312
vt 0.287353516 0.79296875
vt 0.320800781 0.801269531
vt 0.325195312 0.791015625
vt 0.276855469 0.760253906
vt 0.317626953 0.743164062
vt 0.253173828 0.803222656
vt 0.248168945 0.783203125
vt 0.223388672 0.789550781
vt 0.16003418 0.907226562
vt 0.266113281 0.727050781
vt 0.304931641 0.7109375
vt 0.288330078 0.678710938
vt 0.24597168 0.772949219
vt 0.133056641 0.899414062
vt 0.132324219 0.890136719
vt 0.135009766 0.89453125
vt 0.129882812 0.899414062
vt 0.131225586 0.872558594
vt 0.129150391 0.891113281
vt 0.130615234 0.895507812
vt 0.127197266 0.913085938
vt 0.12890625 0.874023438
vt 0.124267578 0.893554688
vt 0.110229492 0.900878906
vt 0.10723877 0.9296875
vt 0.12121582 0.87890625
vt 0.0947265625 0.884765625
vt 0.0852661133 0.921386719
vt 0.0653686523 0.924804688
vt 0.0546569824 0.918457031
vt 0.126464844 0.860351562
vt 0.117248535 0.868652344
vt 0.0917358398 0.883300781
vt 0.0516357422 0.916503906
vt 0.114562988 0.865722656
vt 0.112365723 0.848632812
vt 0.0810546875 0.862304688
vt 0.0357971191 0.898925781
vt 0.0743408203 0.841796875
vt 0.0214691162 0.867675781
vt 0.100280762 0.836425781
vt 0.0718994141 0.824707031
vt 0.0134124756 0.83984375
vt 0.0703125 0.791503906
vt 0.00760269165 0.791992188
vt 0.115661621 0.81640625
vt 0.0982055664 0.815429688
vt 0.0977783203 0.796875
vt 0.115783691 0.793945312
vt 0.0715332031 0.758300781
vt 0.00979614258 0.7578125
vt 0.0747070312 0.724609375
vt 0.0150222778 0.723144531
vt 0.104797363 0.783691406
vt 0.0758056641 0.759277344
vt 0.087097168 0.686035156
vt 0.0309906006 0.6640625
vt 0.0517578125 0.625976562
vt 0.0908203125 0.776367188
vt 0.0878295898 0.762695312
vt 0.0829467773 0.733398438
vt 0.122741699 0.784179688
vt 0.145507812 0.791015625
vt 0.130615234 0.801757812
vt 0.134033203 0.818847656
vt 0.143310547 0.796875
vt 0.131225586 0.842285156
vt 0.151123047 0.828125
vt 0.160522461 0.822265625
vt 0.15222168 0.797851562
vt 0.162963867 0.815429688
vt 0.103027344 0.775878906
vt 0.165283203 0.796386719
vt 0.157958984 0.800292969
vt 0.160888672 0.80078125
vt 0.180053711 0.814941406
vt 0.178588867 0.806640625
vt 0.160644531 0.806152344
vt 0.186279297 0.813476562
vt 0.188964844 0.820800781
vt 0.188598633 0.804199219
vt 0.201660156 0.826660156
vt 0.215332031 0.82421875
vt 0.224975586 0.80859375
vt 0.218505859 0.796386719
vt 0.192504883 0.801757812
vt 0.203369141 0.790527344
vt 0.20690918 0.795410156
vt 0.200561523 0.796875
vt 0.176513672 0.802246094
vt 0.177246094 0.797851562
vt 0.189453125 0.795898438
vt 0.195922852 0.799316406
vt 0.176025391 0.787597656
vt 0.223876953 0.781738281
vt 0.167236328 0.788085938
vt 0.174560547 0.777832031
vt 0.184814453 0.786132812
vt 0.156738281 0.788574219
vt 0.168823242 0.777832031
vt 0.134887695 0.783203125
vt 0.127685547 0.768066406
vt 0.121765137 0.777832031
vt 0.141357422 0.778808594
vt 0.105407715 0.768066406
vt 0.116333008 0.76953125
vt 0.161743164 0.779785156
vt 0.148681641 0.774414062
vt 0.167724609 0.770507812
vt 0.134399414 0.765136719
vt 0.159790039 0.771484375
vt 0.141479492 0.761230469
vt 0.136962891 0.746582031
vt 0.153686523 0.760742188
vt 0.162841797 0.757324219
vt 0.145385742 0.743652344
vt 0.173339844 0.770019531
vt 0.126220703 0.751464844
vt 0.156738281 0.739746094
vt 0.170532227 0.754882812
vt 0.139404297 0.73828125
vt 0.120727539 0.736816406
vt 0.122436523 0.748046875
vt 0.12286377 0.760253906
vt 0.178833008 0.769042969
vt 0.178833008 0.755371094
vt 0.180297852 0.776855469
vt 0.195068359 0.78515625
vt 0.187744141 0.776855469
vt 0.213623047 0.777832031
vt 0.215698242 0.765136719
vt 0.206787109 0.774414062
vt 0.22644043 0.774902344
vt 0.198852539 0.770507812
vt 0.187011719 0.768554688
vt 0.210571289 0.764648438
vt 0.188964844 0.756347656
vt 0.201171875 0.758789062
vt 0.198486328 0.7421875
vt 0.189331055 0.738769531
vt 0.245239258 0.765136719
vt 0.254150391 0.743164062
vt 0.256103516 0.759277344
vt 0.240112305 0.758789062
vt 0.262939453 0.73046875
vt 0.26171875 0.715332031
vt 0.259033203 0.720214844
vt 0.250732422 0.710449219
vt 0.229248047 0.764648438
vt 0.247802734 0.691894531
vt 0.225708008 0.659667969
vt 0.264648438 0.6171875
vt 0.232666016 0.58984375
vt 0.246459961 0.743164062
vt 0.235229492 0.751953125
vt 0.245727539 0.723632812
vt 0.246459961 0.705566406
vt 0.240356445 0.731933594
vt 0.229614258 0.754394531
vt 0.23828125 0.743164062
vt 0.234741211 0.737304688
vt 0.228515625 0.733886719
vt 0.231811523 0.728027344
vt 0.235351562 0.716308594
vt 0.218139648 0.71875
vt 0.235229492 0.706054688
vt 0.23425293 0.697265625
vt 0.21887207 0.760253906
vt 0.228393555 0.743652344
vt 0.219238281 0.741699219
vt 0.223144531 0.752441406
vt 0.215087891 0.746582031
vt 0.212646484 0.665527344
vt 0.218994141 0.697753906
vt 0.19934082 0.670410156
vt 0.185791016 0.653808594
vt 0.193725586 0.647460938
vt 0.17578125 0.634765625
vt 0.171630859 0.641113281
vt 0.160522461 0.639648438
vt 0.14831543 0.636230469
vt 0.201416016 0.638183594
vt 0.179321289 0.625
vt 0.147827148 0.631835938
vt 0.121704102 0.64453125
vt 0.136352539 0.642089844
vt 0.126342773 0.647460938
vt 0.119445801 0.665527344
vt 0.185302734 0.604980469
vt 0.145629883 0.62109375
vt 0.201049805 0.59375
vt 0.234741211 0.572265625
vt 0.197265625 0.589355469
vt 0.23046875 0.568847656
vt 0.141113281 0.596679688
vt 0.142456055 0.605957031
vt 0.142089844 0.602050781
vt 0.0850219727 0.611816406
vt 0.0830078125 0.6171875
vt 0.0428161621 0.603027344
vt 0.0401306152 0.607910156
vt 0.102111816 0.621582031
vt 0.115722656 0.637695312
vt 0.100524902 0.659179688
vt 0.111328125 0.664550781
vt 0.102600098 0.687011719
vt 0.114379883 0.686035156
vt 0.0916137695 0.719726562
vt 0.110534668 0.708007812
vt 0.113220215 0.7265625
vt 0.0942382812 0.725585938
vt 0.0974731445 0.731933594
vt 0.0894775391 0.743164062
vt 0.104614258 0.740234375
vt 0.0973510742 0.747070312
vt 0.108764648 0.744140625
vt 0.110656738 0.737792969
vt 0.0950927734 0.758300781
vt 0.104248047 0.749023438
vt 0.107910156 0.761230469
vt 0.102600098 0.754882812
vt 0.11328125 0.761230469
vt 0.131713867 0.73046875
vt 0.131469727 0.724609375
vt 0.111206055 0.752441406
vt 0.11730957 0.755371094
vt 0.117370605 0.74609375
vt 0.115661621 0.742675781
vt 0.152587891 0.726074219
vt 0.151733398 0.721191406
vt 0.161865234 0.719726562
vt 0.153320312 0.732421875
vt 0.164916992 0.730957031
vt 0.163696289 0.725585938
vt 0.174804688 0.723632812
vt 0.174804688 0.718261719
vt 0.194335938 0.714355469
vt 0.196411133 0.723144531
vt 0.212158203 0.731445312
vt 0.176025391 0.73046875
vt 0.166015625 0.736328125
vt 0.176513672 0.736328125
vt 0.192260742 0.732910156
vt 0.212158203 0.748535156
vt 0.219726562 0.736328125
vt 0.224609375 0.728027344
vt 0.357421875 0.782714844
vt 0.383544922 0.792480469
vt 0.362792969 0.779296875
vt 0.371582031 0.802734375
vt 0.375976562 0.821289062
vt 0.398193359 0.810546875
vt 0.407714844 0.831054688
vt 0.366210938 0.8046875
vt 0.352783203 0.783203125
vt 0.373291016 0.818847656
vt 0.360595703 0.803710938
vt 0.341796875 0.790527344
vt 0.337402344 0.797851562
vt 0.350097656 0.8125
vt 0.321777344 0.811035156
vt 0.370849609 0.818847656
vt 0.390625 0.834960938
vt 0.401611328 0.861328125
vt 0.37109375 0.833007812
vt 0.375976562 0.8359375
vt 0.379638672 0.840332031
vt 0.336669922 0.823730469
vt 0.30078125 0.831542969
vt 0.317871094 0.843261719
vt 0.28515625 0.854980469
vt 0.298828125 0.861816406
vt 0.277587891 0.864257812
vt 0.373291016 0.851074219
vt 0.388427734 0.88671875
vt 0.349121094 0.833496094
vt 0.367919922 0.838867188
vt 0.368408203 0.845214844
vt 0.369628906 0.849121094
vt 0.357421875 0.861816406
vt 0.362304688 0.866699219
vt 0.348632812 0.878417969
vt 0.363037109 0.904296875
vt 0.369628906 0.832519531
vt 0.361816406 0.822753906
vt 0.366699219 0.838378906
vt 0.358154297 0.825195312
vt 0.363525391 0.844238281
vt 0.354980469 0.859375
vt 0.346435547 0.873535156
vt 0.362060547 0.843261719
vt 0.337890625 0.886230469
vt 0.321289062 0.879394531
vt 0.3359375 0.897460938
vt 0.333496094 0.911621094
vt 0.351318359 0.858886719
vt 0.336914062 0.847167969
vt 0.347900391 0.859375
vt 0.327148438 0.855957031
vt 0.336425781 0.866210938
vt 0.337890625 0.8671875
vt 0.319091797 0.863769531
vt 0.329345703 0.869140625
vt 0.344726562 0.868164062
vt 0.330810547 0.870117188
vt 0.335205078 0.872558594
vt 0.314453125 0.868164062
vt 0.321289062 0.872558594
vt 0.321044922 0.872070312
vt 0.314208984 0.873535156
vt 0.314208984 0.874023438
vt 0.296630859 0.875488281
vt 0.290039062 0.885742188
vt 0.271484375 0.874511719
vt 0.318603516 0.889160156
vt 0.314208984 0.900390625
vt 0.319091797 0.923339844
vt 0.345458984 0.938476562
vt 0.309082031 0.915527344
vt 0.312011719 0.935546875
vt 0.322998047 0.935546875
vt 0.301513672 0.94921875
vt 0.314697266 0.955566406
vt 0.340576172 0.963378906
vt 0.307861328 0.971191406
vt 0.328613281 0.983398438
vt 0.296630859 0.982421875
vt 0.300537109 0.994628906
vt 0.309082031 0.932617188
vt 0.297119141 0.967285156
vt 0.2734375 0.979980469
vt 0.278320312 0.994628906
vt 0.253173828 0.979980469
vt 0.287109375 0.966796875
vt 0.300048828 0.942382812
vt 0.293945312 0.954589844
vt 0.282958984 0.972167969
vt 0.275634766 0.964355469
vt 0.270751953 0.969238281
vt 0.252929688 0.973144531
vt 0.227661133 0.96484375
vt 0.228149414 0.962890625
vt 0.265625 0.965820312
vt 0.252197266 0.966308594
vt 0.235839844 0.947753906
vt 0.258056641 0.958984375
vt 0.245239258 0.919921875
vt 0.265869141 0.933105469
vt 0.258300781 0.896484375
vt 0.277832031 0.962402344
vt 0.271240234 0.963378906
vt 0.265380859 0.9609375
vt 0.276367188 0.959960938
vt 0.269042969 0.95703125
vt 0.287353516 0.951660156
vt 0.278564453 0.944824219
vt 0.276367188 0.906738281
vt 0.294677734 0.938964844
vt 0.284423828 0.94921875
vt 0.291503906 0.937011719
vt 0.297119141 0.920898438
vt 0.282958984 0.935058594
vt 0.288330078 0.916015625
vt 0.290283203 0.908203125
vt 0.297119141 0.902832031
vt 0.297607422 0.911621094
vt 0.299316406 0.921386719
vt 0.299804688 0.912597656
vt 0.297363281 0.90234375
vt 0.3046875 0.90234375
vt 0.470214844 0.5078125
vt 0.46875 0.512695312
vt 0.504882812 0.52734375
vt 0.5078125 0.522460938
vt 0.454101562 0.495605469
vt 0.5078125 0.504394531
vt 0.518554688 0.541503906
vt 0.456298828 0.458496094
vt 0.522460938 0.538085938
vt 0.533203125 0.555175781
vt 0.506347656 0.468261719
vt 0.468505859 0.407958984
vt 0.538085938 0.552246094
vt 0.549316406 0.590820312
vt 0.5546875 0.588867188
vt 0.567382812 0.604980469
vt 0.556640625 0.551269531
vt 0.604003906 0.6015625
vt 0.529785156 0.530273438
vt 0.592285156 0.551757812
vt 0.66015625 0.604003906
vt 0.573242188 0.527832031
vt 0.544433594 0.515136719
vt 0.5546875 0.504882812
vt 0.529296875 0.485839844
vt 0.633300781 0.536621094
vt 0.543457031 0.447998047
vt 0.553222656 0.45703125
vt 0.520019531 0.426513672
vt 0.556152344 0.423583984
vt 0.573242188 0.438476562
vt 0.53125 0.401855469
vt 0.481201172 0.37890625
vt 0.573242188 0.399902344
vt 0.543457031 0.377929688
vt 0.496582031 0.351074219
vt 0.565429688 0.348876953
vt 0.520996094 0.314941406
vt 0.539550781 0.293701172
vt 0.596191406 0.371582031
vt 0.579589844 0.332275391
vt 0.600097656 0.318603516
vt 0.565429688 0.273193359
vt 0.623046875 0.347167969
vt 0.605957031 0.362548828
vt 0.585449219 0.260253906
vt 0.613769531 0.311279297
vt 0.592773438 0.258300781
vt 0.606933594 0.388183594
vt 0.591308594 0.40234375
vt 0.586425781 0.425048828
vt 0.598144531 0.412841797
vt 0.611816406 0.432861328
vt 0.59765625 0.460205078
vt 0.616699219 0.449707031
vt 0.620605469 0.484375
vt 0.621582031 0.484130859
vt 0.643554688 0.447998047
vt 0.651855469 0.474121094
vt 0.699707031 0.467773438
vt 0.663085938 0.443115234
vt 0.707519531 0.447998047
vt 0.720703125 0.453125
vt 0.718261719 0.469238281
vt 0.7109375 0.489501953
vt 0.72265625 0.489257812
vt 0.760742188 0.548339844
vt 0.750976562 0.553222656
vt 0.7265625 0.434814453
vt 0.715820312 0.576660156
vt 0.716308594 0.434570312
vt 0.711425781 0.421386719
vt 0.670898438 0.426025391
vt 0.723632812 0.420410156
vt 0.712890625 0.399658203
vt 0.7265625 0.402587891
vt 0.658203125 0.4140625
vt 0.65625 0.391845703
vt 0.731933594 0.385986328
vt 0.663574219 0.381591797
vt 0.681640625 0.51171875
vt 0.688964844 0.592773438
vt 0.6640625 0.489746094
vt 0.654785156 0.478271484
vt 0.628417969 0.492919922
vt 0.657714844 0.524414062
vt 0.637207031 0.502929688
vt 0.615722656 0.497070312
vt 0.612792969 0.515136719
vt 0.589355469 0.490966797
vt 0.600585938 0.483398438
vt 0.589355469 0.490966797
vt 0.586914062 0.488525391
vt 0.600585938 0.483398438
vt 0.59765625 0.480712891
vt 0.578613281 0.479980469
vt 0.586914062 0.471191406
vt 0.565917969 0.456542969
vt 0.65234375 0.969238281
vt 0.642089844 0.966308594
vt 0.607910156 0.979980469
vt 0.612304688 0.983398438
vt 0.583007812 0.982910156
vt 0.579101562 0.987304688
vt 0.550292969 0.982910156
vt 0.547363281 0.993164062
vt 0.530761719 0.979980469
vt 0.530761719 0.989257812
vt 0.510742188 0.981933594
vt 0.513671875 0.991699219
vt 0.481201172 0.976074219
vt 0.481445312 0.987304688
vt 0.451660156 0.971679688
vt 0.452148438 0.98046875
vt 0.417480469 0.972167969
vt 0.415527344 0.981445312
vt 0.437744141 0.938476562
vt 0.438476562 0.954589844
vt 0.46875 0.959960938
vt 0.467773438 0.940917969
vt 0.491699219 0.964355469
vt 0.491699219 0.944335938
vt 0.518066406 0.966796875
vt 0.518066406 0.948242188
vt 0.533203125 0.966308594
vt 0.533203125 0.947265625
vt 0.547851562 0.965332031
vt 0.547363281 0.942871094
vt 0.572753906 0.962890625
vt 0.570800781 0.935546875
vt 0.595703125 0.960449219
vt 0.595214844 0.935058594
vt 0.620605469 0.958496094
vt 0.622558594 0.942382812
vt 0.314941406 0.387207031
vt 0.309326172 0.409423828
vt 0.320800781 0.406494141
vt 0.307373047 0.396972656
vt 0.305908203 0.379150391
vt 0.296630859 0.395263672
vt 0.297851562 0.389648438
vt 0.287109375 0.354492188
vt 0.279541016 0.364501953
vt 0.270751953 0.37109375
vt 0.259765625 0.340820312
vt 0.268310547 0.346435547
vt 0.285644531 0.396728516
vt 0.285400391 0.397460938
vt 0.287353516 0.427978516
vt 0.298583984 0.427490234
vt 0.291748047 0.458496094
vt 0.301513672 0.454589844
vt 0.309814453 0.478515625
vt 0.318603516 0.475097656
vt 0.336181641 0.495361328
vt 0.313720703 0.454589844
vt 0.310546875 0.428222656
vt 0.331542969 0.484130859
vt 0.336181641 0.465332031
vt 0.322265625 0.46875
vt 0.324462891 0.447265625
vt 0.322265625 0.427001953
vt 0.312255859 0.4140625
vt 0.309326172 0.409423828
vt 0.3203125 0.413085938
vt 0.320800781 0.406494141
vt 0.636230469 0.365966797
vt 0.618652344 0.383300781
vt 0.631835938 0.381591797
vt 0.624023438 0.344970703
vt 0.635742188 0.362060547
vt 0.645507812 0.336181641
vt 0.625 0.326416016
vt 0.637695312 0.309082031
vt 0.649902344 0.332519531
vt 0.615722656 0.312011719
vt 0.622558594 0.327392578
vt 0.603515625 0.251708984
vt 0.62109375 0.26953125
vt 0.638671875 0.275390625
vt 0.643554688 0.275878906
vt 0.650390625 0.275878906
vt 0.654296875 0.275878906
vt 0.667480469 0.275634766
vt 0.661621094 0.312255859
vt 0.665039062 0.312255859
vt 0.676757812 0.276855469
vt 0.694335938 0.272216797
vt 0.650878906 0.333984375
vt 0.6796875 0.3203125
vt 0.725097656 0.285400391
vt 0.689453125 0.351806641
vt 0.647949219 0.338378906
vt 0.675292969 0.376220703
vt 0.646484375 0.38671875
vt 0.639160156 0.384277344
vt 0.696289062 0.331542969
vt 0.697753906 0.332763672
vt 0.701171875 0.335205078
vt 0.750976562 0.304931641
vt 0.69140625 0.352539062
vt 0.718261719 0.386474609
vt 0.711914062 0.373046875
vt 0.727539062 0.368896484
vt 0.73046875 0.349121094
vt 0.693847656 0.353271484
vt 0.708007812 0.357910156
vt 0.710449219 0.341552734
vt 0.762207031 0.317626953
vt 0.368896484 0.532226562
vt 0.384033203 0.522460938
vt 0.381835938 0.518554688
vt 0.376464844 0.514648438
vt 0.386962891 0.51171875
vt 0.391357422 0.512207031
vt 0.395019531 0.526855469
vt 0.384765625 0.506835938
vt 0.370361328 0.511230469
vt 0.385986328 0.493652344
vt 0.399658203 0.482421875
vt 0.40625 0.517578125
vt 0.434082031 0.490966797
vt 0.426269531 0.463134766
vt 0.410644531 0.552734375
vt 0.379394531 0.501953125
vt 0.3671875 0.498046875
vt 0.357666016 0.500488281
vt 0.372314453 0.492675781
vt 0.359130859 0.489013672
vt 0.375488281 0.473144531
vt 0.362304688 0.470703125
vt 0.409667969 0.542480469
vt 0.42578125 0.521484375
vt 0.413085938 0.514160156
vt 0.4453125 0.500976562
vt 0.434814453 0.497802734
vt 0.447021484 0.491699219
vt 0.449951172 0.469970703
vt 0.438964844 0.473876953
vt 0.435791016 0.453857422
vt 0.424072266 0.440917969
vt 0.372314453 0.458251953
vt 0.363037109 0.453125
vt 0.419189453 0.450927734
vt 0.396484375 0.434326172
vt 0.396728516 0.447753906
vt 0.375732422 0.437744141
vt 0.381835938 0.447753906
vt 0.396484375 0.466796875
vt 0.124023438 0.718261719
vt 0.113220215 0.7265625
vt 0.131469727 0.724609375
vt 0.151733398 0.721191406
vt 0.119140625 0.712890625
vt 0.110534668 0.708007812
vt 0.14440918 0.71484375
vt 0.161865234 0.719726562
vt 0.117004395 0.700683594
vt 0.114379883 0.686035156
vt 0.120727539 0.687011719
vt 0.136962891 0.681152344
vt 0.119445801 0.665527344
vt 0.125732422 0.666015625
vt 0.126342773 0.647460938
vt 0.138549805 0.693359375
vt 0.139892578 0.703613281
vt 0.159179688 0.69921875
vt 0.160766602 0.712402344
vt 0.177978516 0.710449219
vt 0.174804688 0.718261719
vt 0.158325195 0.688476562
vt 0.202148438 0.709960938
vt 0.194335938 0.714355469
vt 0.218139648 0.71875
vt 0.205200195 0.704589844
vt 0.218994141 0.697753906
vt 0.179077148 0.69921875
vt 0.178955078 0.687011719
vt 0.175292969 0.676269531
vt 0.206176758 0.696777344
vt 0.19934082 0.670410156
vt 0.1953125 0.673828125
vt 0.185791016 0.653808594
vt 0.180541992 0.657714844
vt 0.171630859 0.641113281
vt 0.155029297 0.676757812
vt 0.174316406 0.650878906
vt 0.16418457 0.662597656
vt 0.169921875 0.646484375
vt 0.160522461 0.639648438
vt 0.155761719 0.663085938
vt 0.168334961 0.657226562
vt 0.146118164 0.663574219
vt 0.150878906 0.662597656
vt 0.139160156 0.663574219
vt 0.128173828 0.656738281
vt 0.130126953 0.651367188
vt 0.136352539 0.642089844
vt 0.134277344 0.66015625
vt 0.160766602 0.655761719
vt 0.161987305 0.65234375
vt 0.155883789 0.65625
vt 0.168212891 0.652832031
vt 0.164916992 0.644042969
vt 0.158447266 0.646484375
vt 0.155151367 0.643066406
vt 0.14831543 0.636230469
vt 0.156616211 0.649414062
vt 0.152954102 0.6484375
vt 0.148681641 0.640625
vt 0.149291992 0.647949219
vt 0.142456055 0.644042969
vt 0.149658203 0.655273438
vt 0.14453125 0.656738281
vt 0.145751953 0.648925781
vt 0.14050293 0.65625
vt 0.142333984 0.649414062
vt 0.139770508 0.646972656
vt 0.138427734 0.653320312
vt 0.133544922 0.647460938
vt 0.133056641 0.655761719
vt 0.291992188 0.55078125
vt 0.297851562 0.533691406
vt 0.290039062 0.533691406
vt 0.297363281 0.549316406
vt 0.313964844 0.5703125
vt 0.303710938 0.520019531
vt 0.296386719 0.512207031
vt 0.326904297 0.534179688
vt 0.317138672 0.562011719
vt 0.30859375 0.512695312
vt 0.340087891 0.5703125
vt 0.302978516 0.508789062
vt 0.338867188 0.563476562
vt 0.361816406 0.543945312
vt 0.30859375 0.506347656
vt 0.309570312 0.505859375
vt 0.354980469 0.541992188
vt 0.353271484 0.516113281
vt 0.315673828 0.511230469
vt 0.318603516 0.503417969
vt 0.349853516 0.520996094
vt 0.331298828 0.505371094
vt 0.335205078 0.513671875
vt 0.263671875 0.541015625
vt 0.249389648 0.549316406
vt 0.250976562 0.552246094
vt 0.260009766 0.540039062
vt 0.2734375 0.520996094
vt 0.227539062 0.554199219
vt 0.228271484 0.556640625
vt 0.246337891 0.5234375
vt 0.269775391 0.524414062
vt 0.190307617 0.560058594
vt 0.282714844 0.510742188
vt 0.17956543 0.568359375
vt 0.277587891 0.514160156
vt 0.279541016 0.5078125
vt 0.21887207 0.531738281
vt 0.213012695 0.52734375
vt 0.278076172 0.508300781
vt 0.272949219 0.499511719
vt 0.235839844 0.5
vt 0.228271484 0.495361328
vt 0.275390625 0.506347656
vt 0.256103516 0.493896484
vt 0.260986328 0.501464844
vn 0.331214607 0.342466295 -0.879212081
vn 0.998882592 -0.0401639901 0.0249090549
vn 0.968702614 0.104609624 -0.225104794
vn 0.993853211 -0.110612482 0.00455097901
vn 0.995157063 0.0976767689 0.0110283298
vn 0.999762714 -0.0129303867 -0.0175298098
vn 0.957619369 0.105747722 0.267922521
vn 0.518087566 0.414698184 0.748071253
vn 0.738942266 0.673033476 0.0314660445
vn 0.717460573 0.5611462 -0.412753284
vn 0.334398896 0.211073607 -0.918490827
vn 0.363539785 0.0402382389 -0.930709243
vn 0.428332746 0.335820377 -0.83890146
vn 0.331214607 0.342466295 -0.879212081
vn 0.383586317 0.23231101 -0.893808186
vn 0.719025254 0.628262997 -0.297133356
vn 0.297229856 0.0531207696 -0.95332706
vn 0.595105171 0.404571265 -0.694385946
vn 0.00590914581 0.503664792 -0.863878906
vn -0.482769489 0.831337631 -0.275338888
vn 0.0359167457 0.961052716 -0.274021477
vn 0.766282737 0.639026403 0.06675376
vn 0.674725473 0.63338989 0.378896892
vn -0.239925981 0.965367138 0.102478325
vn -0.639859915 0.767620504 0.0365806967
vn -0.482769489 0.831337631 -0.275338888
vn -0.317854464 0.93128401 0.177984968
vn -0.409649491 0.870080888 0.274128824
vn -0.317854464 0.93128401 0.177984968
vn 0.327975273 0.565400302 0.756805658
vn 0.370975912 0.218392149 0.902597249
vn 0.369809359 0.321455956 0.871726573
vn 0.676266015 0.603894889 0.421871185
vn 0.367281258 0.390504539 0.844162643
vn 0.393240482 0.144888982 0.907947719
vn 0.48052749 0.3212291 0.816030145
vn 0.518087566 0.414698184 0.748071253
vn -0.174938649 0.979758859 0.0973097011
vn -0.125027835 0.991668582 -0.0310083218
vn -0.0549490526 0.998357475 0.0162153058
vn -0.164889216 0.888261855 0.428721875
vn -0.358364642 0.749896109 0.556084931
vn -0.37037605 0.92198807 0.112958223
vn -0.701280832 0.691077411 0.174977109
vn -0.0459080823 0.942842126 0.330062509
vn 0.297085494 0.903153121 0.309926897
vn 0.444644958 0.895519316 0.0183283612
vn 0.993853211 -0.110612482 0.00455097901
vn 0.998882592 -0.0401639901 0.0249090549
vn 0.218822867 0.258761019 0.940828979
vn 0.00722073717 0.147519812 0.989032745
vn 0.0129446704 0.105983995 0.994283617
vn 0.155656636 0.305169672 0.939490557
vn 0.331214607 0.342466295 -0.879212081
vn 0.428332746 0.335820377 -0.83890146
vn 0.40704 0.345244616 0.845650434
vn 0.336370677 0.161628395 0.927755833
vn 0.363539785 0.0402382389 -0.930709243
vn 0.334398896 0.211073607 -0.918490827
vn 0.166091904 0.245010734 0.955187559
vn 0.383586317 0.23231101 -0.893808186
vn 0.0197332297 0.0947479904 0.995305598
vn 0.0612534434 0.0928298235 0.99379611
vn 0.468182862 0.319316208 0.8239187
vn 0.32811138 0.110571101 0.938145459
vn 0.0735746846 0.0694389045 0.994869351
vn 0.297229856 0.0531207696 -0.95332706
vn 0.31559515 0.190510228 0.929572761
vn 0.595105171 0.404571265 -0.694385946
vn 0.00590914581 0.503664792 -0.863878906
vn 0.343851298 0.450787693 0.823745549
vn -0.482769489 0.831337631 -0.275338888
vn -0.0798254535 0.125365525 0.988894045
vn -0.0305494163 0.109190002 0.993551373
vn -0.153944179 0.212740228 0.96490556
vn 0.90682888 0.0586459376 0.417399168
vn -0.639859915 0.767620504 0.0365806967
vn 0.997702062 0.0673729926 -0.00717451563
vn 0.916883349 -0.133040413 0.376331031
vn 0.983089566 -0.181740999 -0.0224735308
vn 0.202622309 0.037818335 0.978526473
vn 0.221640319 0.0651488677 0.972949684
vn 0.0616191067 0.168372661 0.983795524
vn -0.0321365707 0.133911207 0.990472198
vn 0.968919456 -0.210000157 0.130747899
vn 0.966695011 -0.252053857 -0.044381626
vn 0.930917442 -0.361408681 -0.0526916124
vn 0.226184472 0.183371857 0.956668913
vn -0.215643108 0.124850787 0.968457699
vn -0.168323845 0.116452843 0.978828847
vn -0.0961077437 0.118528381 0.988288522
vn -0.276805073 0.121489711 0.953215182
vn -0.253376573 0.152394801 0.95528847
vn -0.395174682 0.173114538 0.902146459
vn -0.506201565 0.209196612 0.836658061
vn -0.690239489 0.587055027 0.423008144
vn -0.446999669 0.106917754 0.888121605
vn -0.111839429 0.130733848 0.985089123
vn -0.50616318 0.655414581 0.56056267
vn -0.58309406 0.778898537 0.230907708
vn -0.0859136209 0.0992686301 0.99134481
vn -0.299372613 0.730045021 0.614337325
vn -0.714710832 0.675056517 0.182995126
vn -0.764627635 0.639986932 0.0759045035
vn -0.599572241 0.797654152 0.065276444
vn -0.182829201 0.412409574 0.892463863
vn 0.0284286626 0.229974166 0.97278136
vn -0.765203714 0.46701926 0.443121135
vn -0.84563303 0.530486882 0.0590634905
vn -0.0559443533 0.16689004 0.9843871
vn -0.163960665 0.100182369 0.981366634
vn -0.865559578 0.248415262 0.434852123
vn -0.955193639 0.294855297 0.025798168
vn -0.922824621 0.101564027 0.371590436
vn -0.993947148 0.109763719 0.00458015408
vn -0.21284382 0.108503439 0.971042931
vn -0.947947919 -0.059637133 0.31279099
vn -0.997108877 -0.0753784105 -0.00959229656
vn -0.954986274 -0.168293551 0.244291678
vn -0.982842982 -0.183852524 -0.0147605995
vn -0.153348118 0.070510529 0.985653341
vn -0.288520336 0.0463238992 0.956352532
vn -0.299859852 -0.0318958014 0.953449965
vn -0.116090596 0.0216382779 0.993002832
vn -0.961717308 -0.235153928 0.140720963
vn -0.965841949 -0.257474303 -0.0292624608
vn -0.91401875 -0.388313323 0.117399462
vn -0.930106878 -0.364495426 -0.0452126339
vn -0.245956495 -0.031624414 0.968764782
vn -0.504027486 -0.124119371 0.854722559
vn -0.819583297 -0.532803059 0.2107227
vn -0.838886917 -0.542177856 -0.0480834134
vn -0.759966135 -0.648458481 -0.0441946387
vn -0.40800789 -0.0706407577 0.910241365
vn -0.686756074 0.0414102748 0.725707412
vn -0.463887423 -0.204286471 0.862018347
vn -0.109734386 -0.00293189217 0.993956566
vn -0.453249812 0.693250775 0.560328484
vn -0.128663436 0.0266260989 0.991330862
vn -0.219750881 0.0396218859 0.974751055
vn 0.0143285654 0.198938265 0.979907274
vn -0.190388516 0.155713767 0.969280839
vn -0.00606069062 0.0728400573 0.997325182
vn -0.000522456306 0.0630804375 0.998008311
vn -0.487902433 0.806543171 0.333825052
vn -0.035583429 0.0911121145 0.995204687
vn -0.382461548 0.440042973 0.812456369
vn -0.349844694 0.919193327 0.180810288
vn -0.54084599 0.811489344 0.221293256
vn -0.387237221 0.579394341 0.717181683
vn -0.0436584577 0.104227357 0.993594825
vn -0.0723231509 0.196965694 0.977739155
vn -0.217511535 0.18411459 0.958535612
vn -0.025320556 0.152827248 0.987928569
vn -0.0147542795 0.0545730144 0.998400748
vn 0.24299112 0.153200701 0.957854271
vn 0.0698317289 0.0580204912 0.995870054
vn 0.0287310407 0.0307314377 0.999114692
vn -0.0524764247 0.065038912 0.996501923
vn -0.130410388 0.357512891 0.924758136
vn 0.179579481 0.769637585 0.612706482
vn 0.364214301 0.77043432 0.523238957
vn -0.110991843 0.639202356 0.760987043
vn 0.395302206 0.790237367 0.468253285
vn -0.175628528 0.69153291 0.700668871
vn -0.059353888 0.959547043 0.275220811
vn 0.245279282 0.90943712 0.335800648
vn 0.47080639 0.78396374 0.404650778
vn -0.0176526513 0.961251497 0.275107205
vn 0.125591159 0.167774498 0.97779274
vn -0.23308894 0.946627617 0.22263357
vn -0 0.799927533 0.600096643
vn 0.191723973 0.943221152 0.271248758
vn -0.526547968 0.840070605 0.130493313
vn -0.251172304 0.741594791 0.622052789
vn -0.509908915 0.329635739 0.794564784
vn -0.378970176 0.332048088 0.863785684
vn 0.125090346 0.254446864 0.9589625
vn -0.79621619 0.585733235 0.151513532
vn -0.413814068 0.737592041 0.533587694
vn 0.316446453 0.803135037 0.504812658
vn -0.469225436 0.772163272 0.428475559
vn -0.834522426 0.329883009 0.441304237
vn -0.273810387 0.0104035242 0.96172744
vn -0.9543733 0.182504296 0.236355469
vn -0.578562438 0.0776047707 0.811937809
vn -0.87744385 -0.150618583 0.455418885
vn -0.72197783 -0.585842431 0.368152827
vn -0.622883141 -0.365436643 0.691717148
vn -0.303431094 -0.511911869 0.803663909
vn -0.521345019 -0.748505533 0.40980345
vn -0 -0.0223071277 0.999751151
vn -0.470126241 0.223554105 0.853817821
vn -0.306996614 -0.818139374 0.486210942
vn 5.61183697E-05 -0.548759103 0.835980535
vn -0.451956511 -0.0600284785 0.890017867
vn -0.309446514 -0.441556782 0.842181921
vn 0.879084826 -0.0946487412 0.467173934
vn 0.786916316 0.404243648 0.466207892
vn 0.274124742 0.0100877844 0.961641252
vn 0.310220122 -0.513861179 0.799818814
vn 0.246266782 0.740988433 0.624730885
vn 0.431790322 0.863908291 0.25926736
vn 0.420787752 0.782106161 0.459616899
vn 0.444420218 0.499418586 0.743687928
vn 0.379189104 0.385493368 0.841195762
vn 0.676081717 0.681599617 0.279884726
vn -0.0716427043 0.500789225 0.862599254
vn 0.792241514 0.352408081 0.498158425
vn 0.578976631 0.0671781898 0.812571883
vn 0.946880102 0.144430295 0.287329048
vn 0.64943254 -0.376313448 0.660776436
vn 0.88602823 -0.154030114 0.437296867
vn 0.798272192 -0.535361111 0.275952905
vn 0.600761533 -0.71643281 0.354696512
vn 0.396918118 0.510316014 0.76291126
vn 0.742123604 0.0418590233 0.66895467
vn 0.417121053 0.0899153724 0.904392242
vn 0.45001474 0.72171098 0.525946736
vn 0.489002168 -0.0926731154 0.86734575
vn 0.898497283 -0.43390891 0.0665260628
vn 0.459495306 -0.238486737 0.855563104
vn 0.842172563 -0.291943491 0.453337014
vn -0.238153994 0.809052885 0.537323117
vn 0.907031476 -0.37548393 0.190540433
vn 0.822435915 -0.526775002 0.214725837
vn 0.847441256 -0.526375651 -0.0690806359
vn 0.756192684 -0.651429832 -0.0617397875
vn 0.875989318 0.175323069 0.44933784
vn 0.437761337 0.405130625 0.802641988
vn 0.63062346 -0.381081939 0.676084757
vn 0.344998211 -0.251872838 0.904177189
vn 0.82225126 -0.414886594 0.389579147
vn -0.0941517353 0.44758001 0.889273643
vn 0.660014272 0.0814905986 0.746820152
vn 0.570687056 -0.335808724 0.749365568
vn 0.166039348 -0.617405236 0.768922448
vn 0.244477957 -0.94104892 0.233789235
vn 0.209614024 -0.757473052 0.618301332
vn 0.228039846 -0.759778023 0.608880341
vn 0.155321315 -0.246290922 0.956669271
vn 0.195733085 -0.163721293 0.966894031
vn -0.697136164 0.420040965 0.581004918
vn 0.126049086 -0.159445435 0.979126573
vn -0.5148803 -0.242169023 0.822345734
vn -0.531940758 0.235399127 0.813404083
vn -0.82503581 -0.0908704028 0.557726145
vn 0.200160205 -0.128141299 0.971347332
vn 0.180281714 -0.156611174 0.971067131
vn 0.202346176 -0.130791217 0.970540881
vn 0.23533611 -0.107144415 0.965990245
vn 0.213879332 -0.104835212 0.971218467
vn 0.167964637 -0.174732476 0.97018373
vn 0.239807412 -0.156918794 0.958054781
vn 0.0860883221 -0.259512812 0.961894929
vn 0.015561752 -0.322369248 0.946486115
vn 0.766791403 -0.603457808 0.218791395
vn 0.622503698 -0.728809297 0.28517735
vn 0.00522244349 -0.270457327 0.962717831
vn -0.203820333 -0.199826404 0.958398044
vn -0.0852277055 -0.420609444 0.903229713
vn -0.376725942 -0.229310572 0.897493303
vn -0.269093335 -0.161254257 0.94951874
vn 0.636622012 -0.771015942 0.0157105606
vn -0.00164398027 -0.909966707 0.414678097
vn 0.838505685 -0.476967692 0.263457656
vn 0.889421582 -0.383041739 -0.2494158
vn 0.571640074 -0.803681552 0.165298223
vn 0.621398807 -0.765508294 -0.166915268
vn 0.0519774146 -0.879330695 0.473366648
vn -0.00635107467 -0.999233484 0.0386268832
vn 0.00951877609 -0.872189522 0.489075512
vn -0.750949562 -0.555671096 0.356797516
vn -0.843760431 -0.479587227 0.240965486
vn -0.741475463 -0.655372381 -0.143878698
vn -0.892089188 -0.369711906 -0.259788722
vn -0.66677475 -0.744530499 0.0329500362
vn -0.654036105 -0.701663792 0.282674313
vn -0.772369862 -0.588576317 0.238794222
vn -0.25172323 -0.17283985 0.952240348
vn -0.212438524 -0.138831526 0.96726191
vn -0.125349641 -0.0735712722 0.989380956
vn -0.249944419 -0.173543856 0.952580869
vn -0.0948191136 -0.0692891851 0.993080199
vn -0.0841780007 -0.718325078 0.690596223
vn -0.179215401 -0.294754326 0.938616931
vn -0.338035524 -0.77312094 0.536671162
vn -0.695626318 -0.277368546 0.662699521
vn -0.310492963 -0.918035209 0.246587694
vn -0.846572399 -0.389677763 0.362582892
vn -0.174818456 -0.595923305 0.783781767
vn 0.252087981 -0.944925904 0.20872651
vn -0.870376408 0.203453466 0.448387653
vn -0.595916212 -0.323973507 0.734795928
vn -0.43942374 0.465117544 0.768487155
vn -0.683573544 0.117359444 0.720384598
vn 0.123768702 0.502398849 0.855731726
vn -0.482566029 -0.0485858805 0.874511003
vn -0.546984553 -0.503557563 0.668758392
vn -0.136761874 -0.142628714 0.980282187
vn 0.590165138 0.246745408 0.76864928
vn 0.546106219 -0.258616924 0.796796858
vn 0.313486487 -0.598358154 0.737355888
vn -0.286589801 -0.152200267 0.945886672
vn -0.31694755 -0.486691624 0.814048827
vn 0.0225214101 -0.49496612 0.868620336
vn -0.329857051 -0.272218913 0.903931022
vn -0.0152090257 -0.486042678 0.873802781
vn -0.0021982633 -0.0705577657 0.997505248
vn 0.293106973 -0.131615058 0.946977198
vn 0.325853914 -0.486763448 0.810481727
vn 0.62475419 -0.427426219 0.653443992
vn 0.514454246 -0.0821623653 0.853572547
vn 0.387431145 -0.290235013 0.875020385
vn 0.337749571 -0.234889895 0.911455989
vn 2.35108564E-05 -0.850323141 0.526260912
vn 0.324944735 -0.818791389 0.47327739
vn 0.459648311 0.00471083354 0.888088524
vn 0.447788566 0.115525372 0.886644959
vn -0.285631359 -0.631622016 0.72074157
vn -0.2439823 -0.957653821 0.152878672
vn -0.258642167 -0.0488595963 -0.96473676
vn 0.118409768 0.0595219247 -0.991179287
vn -0.271620721 0.450381964 -0.850516438
vn -0.175165907 -0.149794281 -0.97307682
vn -0.189997852 -0.0221841503 -0.981533825
vn -0.0648525804 -0.200210065 -0.97760427
vn -0.421311766 0.211049244 -0.882017374
vn -0.937010407 -0.171454579 -0.304326802
vn -0.074548088 -0.128762513 -0.988869429
vn -0.96753937 0.24993737 -0.0374024175
vn 0.461299628 -0.0866400376 -0.88300401
vn 0.521066725 0.0577359684 -0.851560891
vn 0.656646073 0.0932215005 -0.74841547
vn 0.687927961 0.0280524213 -0.725236535
vn 0.933909833 0.228080258 -0.275303245
vn 0.420148373 -0.141881198 -0.89629519
vn -0.0437943004 0.40700376 -0.912375927
vn -0.447011143 0.845294058 -0.292675465
vn -0.912814379 0.386633456 0.131469935
vn -0.30327943 0.509617746 -0.805177808
vn 0.101638637 0.605104864 -0.789631307
vn 0.939094901 0.162906513 -0.302592456
vn 0.927115023 0.212101996 0.308983117
vn 0.962288857 0.141272143 0.232469618
vn 0.67593205 0.0498794764 0.735274076
vn 0.729462564 0.00613619154 0.68399322
vn 0.389226377 -0.172247484 0.904894292
vn -0.0637466162 0.9505409 -0.303987682
vn -0.445476592 0.894412696 0.0397062674
vn 0.939226866 0.143771216 -0.311741531
vn -0.856847107 0.466370404 0.219798863
vn -0.260972708 0.910033047 -0.32207635
vn 0.447625756 0.780383706 -0.43661496
vn 0.543174088 0.836727619 -0.0696336254
vn -0.0306631904 0.999428451 -0.0142321512
vn -0.0371765569 0.968407035 0.246588454
vn -0.421934724 0.851518393 0.311267883
vn 0.515655875 0.141672164 -0.845001757
vn 0.644517899 -0.0933726355 -0.758866429
vn 0.768524826 0.176723391 -0.614929736
vn 0.807830036 0.055157885 -0.586828947
vn -0.855251253 0.477993309 0.200169295
vn -0.553157628 0.829923451 0.0724130422
vn 0.501812756 0.815439761 0.288517088
vn 0.891056657 0.254249901 -0.375998795
vn 0.184807345 0.676419199 0.712953925
vn -0.0666455775 0.342863619 0.937018037
vn 0.056764774 0.541010559 0.839098036
vn -0.378090173 0.284045458 0.881116331
vn -0.944149315 0.326853395 0.0418196321
vn 0.980322063 0.189956129 -0.0537139326
vn 0.939662218 0.336948931 -0.0591636859
vn 0.936017573 0.111337192 0.333879113
vn 0.915512025 0.305429399 0.261821598
vn -0.914034069 0.38216874 -0.135973319
vn 0.851609468 0.0212553125 0.523745716
vn 0.817638338 0.216970682 0.533283472
vn -0.646813393 0.762504816 -0.0147925997
vn -0.897065163 0.4319731 -0.0931310356
vn -0.34374541 0.763753951 0.546368957
vn 0.658264577 -0.0775671601 0.748779774
vn -0.942090571 0.33527571 0.00745746167
vn 0.597397447 0.14148578 0.789365649
vn 0.402200967 -0.132319972 0.905939162
vn -0.993049622 -0.0141776176 -0.116839439
vn 0.306350708 -0.082291767 0.948355019
vn -0.021777615 -0.323037088 0.946135759
vn -0.0159511939 -0.395233572 0.91844219
vn 0.256319374 0.0443119518 0.965575933
vn -0.0233367309 -0.0940181315 0.995297015
vn -0.602358639 0.214310005 0.768918276
vn -0.421934724 0.851518393 0.311267883
vn -0.137189165 0.502706766 0.853501618
vn -0.896069348 0.236629143 0.37558794
vn -0.767065942 0.555427611 0.321107447
vn -0.946942329 0.320189714 0.0279052258
vn -0.832559168 0.551314414 0.0538313687
vn -0.445476592 0.894412696 0.0397062674
vn -0.809395969 0.525247812 -0.262665033
vn -0.447011143 0.845294058 -0.292675465
vn -0.647777975 0.141068235 -0.748654366
vn -0.421311766 0.211049244 -0.882017374
vn -0.573314309 -0.5951671 0.56310463
vn -0.928167403 0.113258816 -0.354510576
vn 0.0673672929 0.547429383 -0.83413595
vn -0.0648525804 -0.200210065 -0.97760427
vn 0.118409768 0.0595219247 -0.991179287
vn -0.450674772 0.797216296 -0.401669621
vn -0.0974837318 0.992390573 -0.0752190277
vn -0.37161833 0.918845892 -0.1327485
vn -0.196469322 0.821605444 -0.535130322
vn 0.305934757 0.936412632 0.171858758
vn 0.400135934 0.913807452 0.0696224049
vn 0.551028907 0.824589312 -0.128139198
vn -0.271620721 0.450381964 -0.850516438
vn -0.682551682 0.586726487 -0.43574661
vn -0.237791702 -0.481090039 -0.843805313
vn -0.30250451 -0.484939963 -0.820563316
vn -0.573571324 -0.61288178 -0.543499708
vn -0.526770234 -0.652301073 -0.544992089
vn -0.725502729 -0.688186705 -0.00669152662
vn -0.680073738 -0.73142004 -0.0502443239
vn -0.495268494 -0.597059906 0.631053627
vn 0.080956161 0.992220581 0.0945741758
vn -0.468658388 -0.508092403 -0.72263509
vn -0.338815808 -0.641418219 -0.688321471
vn -0.636738122 -0.630783856 -0.443481922
vn -0.564810812 -0.719061375 -0.404894501
vn -0.0398244075 0.99830389 0.0424671657
vn -0.645203173 -0.732467294 -0.217266098
vn -0.463748664 -0.64389354 0.608554423
vn -0.0566616356 0.990580857 -0.124655917
vn -0.73642236 -0.64649123 -0.199326605
vn -0.733007073 -0.613029301 0.294780582
vn -0.629222095 -0.577300847 0.52038759
vn -0.654625833 -0.714356482 0.247305274
vn -0.585448205 -0.692776501 0.42108348
vn -0.243244782 -0.574953556 0.781191647
vn -0.121581271 -0.483691186 0.866752982
vn -0.408735037 -0.486034989 0.772467256
vn 0.015502058 0.993461609 -0.113109283
vn 0.159320876 0.98411268 0.0783529803
vn 0.450974017 0.892269731 0.0218397509
vn 0.0708950311 0.379847467 0.922328472
vn -0.892089188 -0.369711906 -0.259788722
vn -0.741475463 -0.655372381 -0.143878698
vn -0.447419822 -0.720530212 -0.529765606
vn -0.544274867 -0.360302538 -0.757592916
vn -0.759966135 -0.648458481 -0.0441946387
vn -0.528928697 -0.45244965 -0.717999816
vn 0.0108385058 -0.864687562 -0.502193093
vn -0.838886917 -0.542177856 -0.0480834134
vn 0.0200036056 -0.286599785 -0.957841575
vn 0.456052095 -0.73961699 -0.494957775
vn -0.727617025 -0.477332294 -0.492673606
vn -0.930106878 -0.364495426 -0.0452126339
vn 0.572647691 -0.395940185 -0.717848241
vn 0.621398807 -0.765508294 -0.166915268
vn 0.889421582 -0.383041739 -0.2494158
vn 0.756192684 -0.651429832 -0.0617397875
vn 0.521615982 -0.439394414 -0.731333852
vn 0.847441256 -0.526375651 -0.0690806359
vn 0.00334714237 -0.113758273 -0.993502796
vn 0.743848264 -0.467845678 -0.477294773
vn 0.930917442 -0.361408681 -0.0526916124
vn 0.0941576138 -0.0502309278 -0.994289279
vn 0.00187420053 -0.0455163382 -0.998961806
vn 0.00411485787 -0.0390884839 -0.999227285
vn -0.096461542 -0.0604959503 -0.993496537
vn 0.844100058 -0.321629167 -0.429010332
vn -0.0806346387 -0.0553541742 -0.995205522
vn -0.0777594373 -0.023228433 -0.996701539
vn -0.77662158 -0.310865462 -0.547924876
vn -0.0584392138 -0.019605685 -0.998098433
vn -0.055305928 -0.00454642624 -0.998459101
vn -0.758795738 -0.225909635 -0.610895991
vn -0.965841949 -0.257474303 -0.0292624608
vn -0.0505223945 -0.016769344 -0.998582125
vn -0.806436002 -0.158281595 -0.569743633
vn -0.982842982 -0.183852524 -0.0147605995
vn -0.818441331 -0.0463387668 -0.572718501
vn -0.997108877 -0.0753784105 -0.00959229656
vn -0.993947148 0.109763719 0.00458015408
vn -0.0456027389 0.0138296541 -0.998863935
vn -0.906716347 0.124063186 -0.403080255
vn -0.892104447 0.277816236 -0.356325448
vn -0.955193639 0.294855297 0.025798168
vn -0.0525266528 0.00841659214 -0.998584032
vn -0.0558400676 0.0197754391 -0.998243809
vn -0.84563303 0.530486882 0.0590634905
vn -0.798107803 0.487911135 -0.353506297
vn -0.599572241 0.797654152 0.065276444
vn -0.0355637409 0.00358883967 -0.999360979
vn -0.0351127572 -0.00431402167 -0.999374092
vn -0.0494783409 0.00312815816 -0.998770297
vn -0.0567986742 -0.0282511823 -0.99798584
vn -0.0360292085 0.0268039666 -0.998991191
vn -0.0089461254 0.028714845 -0.999547541
vn 0.0260397047 0.026240686 -0.999316454
vn 0.0585536584 0.0372060165 -0.997590661
vn 0.033820454 0.0235580504 -0.999150276
vn 0.0238777138 0.00975188985 -0.999667287
vn 0.024288509 0.00878288038 -0.999666333
vn 0.148393437 0.140964657 -0.978830099
vn 0.0279246308 0.00752291176 -0.999581754
vn 0.266319364 0.0757949054 -0.960900247
vn 0.370975912 0.218392149 0.902597249
vn 0.327975273 0.565400302 0.756805658
vn 0.923194528 0.0118734408 -0.384149492
vn -0.317854464 0.93128401 0.177984968
vn -0.639859915 0.767620504 0.0365806967
vn 0.997702062 0.0673729926 -0.00717451563
vn 0.369809359 0.321455956 0.871726573
vn 0.983089566 -0.181740999 -0.0224735308
vn 0.255080432 0.17202884 -0.951493561
vn 0.121855401 0.167967916 -0.978232086
vn 0.0185671784 0.0294742975 -0.999393106
vn 0.367281258 0.390504539 0.844162643
vn 0.282549113 0.115312412 -0.952296793
vn 0.393240482 0.144888982 0.907947719
vn 0.0207907595 0.021360524 -0.999555647
vn 0.0423252657 -0.0183199625 -0.998935878
vn 0.48052749 0.3212291 0.816030145
vn 0.0206277855 -0.0239522383 -0.999500275
vn 0.910242975 -0.174250722 -0.375625491
vn 0.966695011 -0.252053857 -0.044381626
vn 0.0512343012 -0.0157002956 -0.99856323
vn 0.0642514676 -0.0174604245 -0.997780979
vn 0.0605962276 -0.0223745722 -0.997911513
vn 0.870104849 -0.249692068 -0.42493701
vn 0.0599152893 -0.0226656478 -0.997946084
vn 0.0614886843 -0.0172556359 -0.99795866
vn 0.0768578574 -0.0579649545 -0.995355725
vn 0.0833027065 -0.0448259749 -0.995515645
vn 0.0630441159 -0.0149096074 -0.997899413
vn -0.718616784 0.260567367 -0.644743741
vn 0.0185143091 0.0349711478 -0.999216795
vn -0.717974305 0.014016672 -0.695928454
vn -0.0476777628 -0.0392575376 -0.998091042
vn 0.0238075238 -0.0193148423 -0.999529958
vn 0.0477655046 -0.0172318779 -0.998709917
vn -0.0861597434 0.00685553113 -0.996257782
vn 0.0519774146 -0.879330695 0.473366648
vn 0.0295691881 -0.79414171 0.607012808
vn -0.804817438 -0.329960614 0.493350774
vn -0.750949562 -0.555671096 0.356797516
vn -0.976856291 -0.0509014986 -0.207751691
vn -0.741475463 -0.655372381 -0.143878698
vn -0.59882766 -0.185952634 -0.778991044
vn -0.447419822 -0.720530212 -0.529765606
vn 0.064184323 -0.193929702 -0.978913486
vn 0.0108385058 -0.864687562 -0.502193093
vn 0.700156212 -0.478724867 -0.529720485
vn 0.456052095 -0.73961699 -0.494957775
vn 0.833574355 -0.537721395 -0.126528084
vn 0.621398807 -0.765508294 -0.166915268
vn 0.711118996 -0.668356657 0.218195215
vn 0.571640074 -0.803681552 0.165298223
vn 0.0295691881 -0.79414171 0.607012808
vn 0.0519774146 -0.879330695 0.473366648
vn 0.0295691881 -0.79414171 0.607012808
vn 0.00179546466 -0.37882477 0.925466597
vn -0.864750683 -0.0235756468 0.50164777
vn -0.804817438 -0.329960614 0.493350774
vn -0.927412987 0.286331087 -0.240664825
vn -0.976856291 -0.0509014986 -0.207751691
vn -0.547803283 0.369469702 -0.750602186
vn -0.59882766 -0.185952634 -0.778991044
vn 0.0514192991 0.291399568 -0.955218434
vn 0.064184323 -0.193929702 -0.978913486
vn 0.739572644 0.0683869645 -0.669593513
vn 0.700156212 -0.478724867 -0.529720485
vn 0.984393179 -0.13389954 -0.114196919
vn 0.833574355 -0.537721395 -0.126528084
vn 0.845517039 -0.3034769 0.439320594
vn 0.711118996 -0.668356657 0.218195215
vn 0.00179546466 -0.37882477 0.925466597
vn 0.0295691881 -0.79414171 0.607012808
vn -0.525914907 0.752616048 -0.396210343
vn -0.0166171025 0.953884363 -0.29971391
vn -0.0279795621 0.987142801 -0.157373369
vn -0.320307046 0.788293898 -0.525353491
vn -0.829725087 0.373951137 -0.414387107
vn 0.464605212 -0.7764588 -0.425738961
vn -0.74140805 0.33483699 -0.581548274
vn -0.860207796 0.450195491 -0.239513054
vn 0.0650545731 -0.303544551 -0.95059377
vn 0.838415027 -0.53052038 -0.124933474
vn 0.034683302 -0.282901645 -0.958521664
vn 0.0257369261 -0.277754545 -0.9603073
vn 0.852707863 -0.506979644 -0.12594001
vn -0.00761954626 -0.999971032 0
vn 0.109035745 -0.992527962 0.0547678508
vn 0.0783786103 -0.77083832 -0.632190585
vn 0.671125174 -0.720226467 0.175683975
vn 0.566793859 -0.636342525 -0.523271382
vn 0.975025654 -0.157111779 0.156973943
vn 0.968668938 -0.177124366 -0.174090594
vn -0.353147835 0.72258383 -0.594272017
vn -0.24723506 0.25404349 -0.935059726
vn -0.0540398061 0.369527221 -0.927647233
vn -0.386690646 0.675122857 -0.628235221
vn -0.873847663 0.351529539 -0.335883021
vn -0.628042758 0.273674607 -0.728467286
vn -0.564350843 0.719381332 -0.404967457
vn -0.12115673 0.943528056 -0.308343738
vn 0.0180561226 0.34720543 -0.937615335
vn -0.801118195 0.59260428 -0.0838439614
vn -0.0165720526 0.957092643 -0.289307743
vn -0.706881046 0.678440392 -0.20009461
vn -0.032311935 -0.0217769351 -0.999240518
vn -0.0487166792 -0.0735822096 -0.996098518
vn -0.0487166904 -0.0735822096 -0.996098518
vn 0.00191098871 0.206206113 -0.978506744
vn -0.272435129 0.166817799 -0.947602749
vn -0.14657554 0.103151307 -0.98380661
vn -0.00703034317 0.179978609 -0.98364532
vn -0.510101974 0.718122482 -0.473387808
vn -0.319247931 0.0842585638 -0.943918049
vn -0.406329244 0.891759634 -0.199151516
vn -0.0186795592 0.12859723 -0.991520941
vn -0.764627635 0.639986932 0.0759045035
vn -0.679256797 0.733353674 -0.0283328518
vn -0.682551682 0.586726487 -0.43574661
vn -0.271620721 0.450381964 -0.850516438
vn -0.602009177 0.794802964 -0.0766363665
vn -0.553444922 0.827302039 -0.096280247
vn -0.69929105 0.709569871 -0.0866175368
vn -0.700549662 0.618286788 -0.356302768
vn -0.23526901 0.653746307 -0.719210923
vn -0.268144786 0.962711275 -0.0358496308
vn -0.125027835 0.991668582 -0.0310083218
vn -0.065560326 0.0888736844 -0.993882895
vn -0.110875316 0.837589264 -0.534930766
vn -0.0549490526 0.998357475 0.0162153058
vn 0.0962201878 0.110921547 -0.989160359
vn -0.0455156006 0.0669284165 -0.996719062
vn 0.0185326133 0.0222886261 -0.999579847
vn 0.00182441284 -0.0572108962 -0.998360455
vn 0.00182441284 -0.0572108999 -0.998360455
vn -0.0134435268 0.966777682 -0.255265087
vn 0.00526611274 0.837404907 -0.546557784
vn -0.0582871586 0.958829761 -0.277935416
vn 0.444644958 0.895519316 0.0183283612
vn 0.00744270347 0.207327351 -0.978243351
vn 0.403327346 0.315881044 -0.85880518
vn 0.225892797 0.319793463 -0.920165539
vn 0.518087566 0.414698184 0.748071253
vn 0.999762714 -0.0129303867 -0.0175298098
vn -0.138569072 0.0927908123 -0.985996187
vn 0.313280165 0.259091258 -0.913634181
vn 0.312684298 0.915777802 -0.252149791
vn 0.993853211 -0.110612482 0.00455097901
vn -0.023197839 -0.32670927 -0.944840133
vn 0.860101283 -0.499099433 -0.105478607
vn 0.315379441 -0.824617743 -0.46961835
vn 0.0381687172 -0.986460209 -0.15949741
vn 0.293205857 -0.839453816 -0.457545221
vn 0.270637035 -0.252984822 -0.928845704
vn -0.588221133 -0.808700144 0
vn 0.125205204 -0.950784266 -0.283430457
vn 0.72173363 -0.692170918 -2.29471357E-06
vn -0.0196948871 -0.0240605585 -0.999516487
vn -0.00780663779 0.0126143908 -0.99988997
vn -0.24213627 -0.308443308 -0.91990912
vn 0.217726335 0.204591438 -0.954325736
vn -0.0223487336 0.321947247 -0.946493804
vn 0.966205001 -0.257774919 0
vn 0.568116248 -0.585030615 -0.578777254
vn 0.189660773 -0.915836275 -0.353938967
vn 0.205917612 -0.978569388 0
vn -0.535946608 -0.369343907 -0.759174764
vn -0.838261008 -0.545269132 0
vn -0.19878006 -0.421748847 -0.884654939
vn -0.410082489 -0.912048399 0
vn 0.937185287 -0.336650401 -0.0913792998
vn 0.980536997 0.196334496 0
vn 0.591423988 0.158999875 -0.790529311
vn 0.994506419 0.104675248 0
vn 0.947668612 0.0861700773 -0.307406962
vn 0.777866125 0.628430009 0
vn 0.324261636 0.945967495 0
vn 0.160300121 0.463845909 -0.871292591
vn -0.0989572033 0.995091677 0
vn -0.428576112 0.903505743 0
vn -0.372181565 -0.492396861 -0.786782205
vn -0.606022894 -0.79544723 0
vn -0.251470476 0.563069582 -0.787219942
vn -0.778422475 0.62774086 0
vn -0.425125331 0.351041257 -0.834289253
vn -0.989674866 0.143330589 0
vn -0.58944124 0.0761593059 -0.804213107
vn -0.0010787237 0.00688563986 -0.999975681
vn 0.0357987732 -0.892656922 -0.449312747
vn 0.952997148 -0.224113479 0.203885928
vn 0.0632886216 -0.78842032 -0.611872435
vn -0.0333977789 -0.837756991 -0.545020998
vn 0.287276775 -0.677213728 0.677387357
vn 0.90764153 0.323026747 0.268031269
vn -0.0175471436 -0.859570444 -0.510715842
vn 0.0236164276 -0.866726875 -0.498223752
vn 0.312170327 0.125047833 0.94176048
vn 0.921628654 0.357113868 0.151888758
vn 0.330808222 0.150702834 0.93158704
vn -0.00463398127 0.0349430181 0.999378562
vn 0.918520689 0.373183995 0.130589172
vn 0.360830724 0.193635806 0.912308276
vn 0.671929717 0.685947001 0.279261827
vn 0.00664703408 0.012031707 0.999905586
vn -0.017056603 -0.859053552 0.511601448
vn 0.0214658305 -0.873028696 0.487196237
vn 0.0195402112 -0.871802032 -0.489468575
vn 0.0825635195 -0.839336395 -0.537306011
vn 0.0759010017 -0.834496319 -0.545760989
vn 0.00805987511 0.00513462629 0.999954343
vn 0.151794747 -0.862255871 -0.483190686
vn -0.0165833514 -0.742129028 -0.670051873
vn -0.848210454 -0.511369705 0.137986079
vn -0.109464653 -0.586341918 0.802633524
vn -0.917848349 0.262683779 0.297576129
vn 0.150306419 -0.77599144 0.612572551
vn 0.00985134114 -0.000162600249 0.999951482
vn 0.0225528032 0.025580395 0.999418378
vn -0.36447525 0.0712475926 0.928483486
vn -0.871064305 0.434287429 0.229437262
vn -0.28568241 0.167412058 0.943588257
vn -0.861841559 0.458759606 0.216260865
vn -0.27073878 0.183960423 0.944912195
vn -0.627003789 0.710269272 0.319974691
vn 0.00877457205 0.0542022623 0.998491406
vn -0.608260155 0.325560659 0.723899126
vn 0.112206429 0.135250881 0.984437346
vn -0.378352106 0.563237071 0.734583974
vn 0.691773772 -0.0452319793 0.720696211
vn -0.144528404 0.264416844 0.953517258
vn 0.296153694 -0.00910347607 0.95509696
vn 0.12001799 0.262003332 0.957575023
vn -0.0162410736 0.272679836 0.961967766
vn -0.144920573 0.148336396 0.978260934
vn 0.732675672 0.28527993 0.617901146
vn 0.425764501 0.609329641 0.668910921
vn -0.537423193 -0.311203867 0.783791065
vn -0.403198034 5.94489356E-05 0.915112734
vn 0.431469291 0.54368192 0.719891906
vn 0.894581795 -0.0790231079 0.439862311
vn -0.188140824 0.621940851 0.76012671
vn 0.617975295 -0.139418706 0.773737073
vn 0.55967927 0.422832817 0.712721109
vn 0.85145694 -0.173613906 0.494852871
vn 0.477836192 -0.462761462 0.746675551
vn 0.13205409 -0.870824158 0.473526239
vn 0.377979606 0.173487753 0.909413874
vn -0.00835512113 0.149318218 0.988753915
vn 0.115481928 -0.702704012 0.702047706
vn 0.0203153007 0.0920026824 0.995551527
vn -0.255304903 -0.614892542 0.746141136
vn -0.0792064145 0.619188428 0.781237483
vn 0.0249215197 0.630400181 0.775870144
vn 0.0197322611 0.124448203 0.992029905
vn -0.570610106 0.465305567 0.676679194
vn -0.400524467 0.0970298275 0.911134064
vn -0.828447044 -0.326936364 0.454739571
vn -0.916225433 -0.161566511 0.366643071
vn -0.589119315 0.430958271 0.683530033
vn -0.689359426 -0.228634402 0.687393486
vn 0.776840806 -0.503289282 0.37844187
vn 0.681915939 0.156852841 0.714414299
vn 0.959335268 0.131832898 0.24959141
vn 0.641534507 -0.383761138 0.664199293
vn 0.357261807 -0.774405241 0.522169054
vn 0.672577918 0.450608134 0.587019086
vn 0.865866423 0.426490933 0.261497259
vn 0.0671925247 0.0215108395 0.997508049
vn 0.281459957 -0.524407685 0.803602338
vn 0.848359942 0.0849129781 0.522565782
vn -0.369018227 -0.732217371 0.572436154
vn 0.831900179 0.511885047 0.214279473
vn -0.320634991 -0.510975957 0.797556698
vn -0.874970317 -0.251050442 0.414005756
vn 0.331684977 0.664001882 0.670139253
vn 0.444902897 0.895448387 0.0152862836
vn -0.684914708 -0.11837285 0.718943477
vn -0.793528438 0.557982981 0.24283275
vn -0.219496414 0.814246714 0.537423134
vn -0.021463966 0.957390547 0.287997544
vn -0.610871255 0.453743458 0.648809016
vn -0.157024384 0.94867152 0.274528295
vn -0.104061157 0.707380533 0.699130952
vn -0.964355707 -0.210808635 0.159930572
vn -0.605291963 -0.434975356 0.666646898
vn -0.725049436 -0.63241446 0.272681743
vn -0.814281225 -0.169333071 0.555222809
vn -0.987947047 -0.124570176 0.0918851271
vn -0.424624681 -0.482661188 0.765984356
vn -0.59030211 -0.740886629 0.320359826
vn 0.0211931765 0.0294065382 0.999342859
vn -0.780849695 0.0687574968 0.620923638
vn 0.53684628 -0.378310412 0.754106939
vn -0.992799163 -0.0855209678 0.0838812888
vn 0.666441023 -0.390520722 0.635098338
vn -0.852162361 0.0353864208 0.522079468
vn -0.600108743 0.79943192 -0.0278940313
vn 0.859171152 0.174227312 0.481113017
vn 0.948551297 0.162123069 0.271968037
vn -0.516091228 0.672806442 0.530076683
vn 0.0384189412 0.991001546 0.128218666
vn 0.678242922 0.372436643 0.633464694
vn 0.913031578 0.195497647 0.357985914
vn -0.0963457972 0.804014802 0.586751759
vn 0.388348609 0.909174263 0.150291935
vn 0.179605752 0.776795745 0.603597641
g RodSkin_Top_Head_0
f 3/3/3 2/2/2 1/1/1
f 2/2/2 3/3/3 4/4/4
f 3/3/3 5/5/5 4/4/4
f 4/4/4 5/5/5 6/6/6
f 5/5/5 7/7/7 6/6/6
f 7/7/7 8/8/8 6/6/6
f 5/5/5 3/3/3 9/9/9
f 5/5/5 9/9/9 7/7/7
f 3/3/3 10/10/10 9/9/9
f 10/10/10 3/3/3 11/11/11
f 3/3/3 12/12/12 11/11/11
f 12/12/12 3/3/3 13/13/13
f 3/3/3 14/14/14 13/13/13
f 10/10/10 11/11/11 15/15/15
f 10/10/10 15/15/15 16/16/16
f 15/15/15 17/17/17 16/16/16
f 16/16/16 17/17/17 18/18/18
f 16/16/16 18/18/18 19/19/19
f 16/16/16 19/19/19 20/20/20
f 21/21/21 16/16/16 20/20/20
f 16/16/16 22/22/22 10/10/10
f 22/22/22 9/9/9 10/10/10
f 22/22/22 23/23/23 9/9/9
f 16/16/16 21/21/21 24/24/24
f 22/22/22 16/16/16 24/24/24
f 24/24/24 21/21/21 25/25/25
f 21/21/21 26/26/26 25/25/25
f 25/25/25 27/27/27 24/24/24
f 27/27/27 28/28/28 24/24/24
f 24/24/24 28/28/28 22/22/22
f 28/28/28 23/23/23 22/22/22
f 28/28/28 29/29/29 23/23/23
f 29/29/29 30/30/30 23/23/23
f 23/23/23 30/30/30 31/31/31
f 31/31/31 32/32/32 23/23/23
f 23/23/23 33/33/33 9/9/9
f 32/32/32 33/33/33 23/23/23
f 33/33/33 32/32/32 34/34/34
f 9/9/9 33/33/33 7/7/7
f 7/7/7 33/33/33 34/34/34
f 35/35/35 7/7/7 34/34/34
f 7/7/7 35/35/35 36/36/36
f 37/37/37 7/7/7 36/36/36
f 40/40/40 39/39/39 38/38/38
f 40/40/40 38/38/38 41/41/41
f 41/41/41 38/38/38 42/42/42
f 38/38/38 43/43/43 42/42/42
f 42/42/42 43/43/43 44/44/44
f 45/45/45 40/40/40 41/41/41
f 40/40/40 45/45/45 46/46/46
f 47/47/47 40/40/40 46/46/46
f 47/47/47 46/46/46 48/48/48
f 46/46/46 49/49/49 48/48/48
f 50/50/50 46/46/46 45/45/45
f 46/46/46 50/50/50 49/49/49
f 51/51/51 45/45/45 41/41/41
f 51/51/51 50/50/50 45/45/45
f 51/51/51 52/52/52 50/50/50
f 52/52/52 53/53/53 50/50/50
f 49/49/49 50/50/50 53/53/53
f 54/54/54 49/49/49 53/53/53
f 55/55/55 54/54/54 53/53/53
f 56/56/56 55/55/55 53/53/53
f 53/53/53 52/52/52 56/56/56
f 55/55/55 56/56/56 57/57/57
f 52/52/52 57/57/57 56/56/56
f 58/58/58 55/55/55 57/57/57
f 58/58/58 57/57/57 59/59/59
f 57/57/57 60/60/60 59/59/59
f 52/52/52 60/60/60 57/57/57
f 59/59/59 60/60/60 61/61/61
f 60/60/60 52/52/52 62/62/62
f 63/63/63 60/60/60 62/62/62
f 60/60/60 63/63/63 64/64/64
f 60/60/60 64/64/64 61/61/61
f 64/64/64 65/65/65 61/61/61
f 63/63/63 65/65/65 64/64/64
f 63/63/63 66/66/66 65/65/65
f 65/65/65 67/67/67 61/61/61
f 67/67/67 65/65/65 68/68/68
f 66/66/66 68/68/68 65/65/65
f 69/69/69 67/67/67 68/68/68
f 69/69/69 68/68/68 70/70/70
f 68/68/68 71/71/71 70/70/70
f 68/68/68 66/66/66 71/71/71
f 70/70/70 71/71/71 72/72/72
f 73/73/73 62/62/62 52/52/52
f 74/74/74 73/73/73 52/52/52
f 73/73/73 74/74/74 75/75/75
f 74/74/74 52/52/52 51/51/51
f 71/71/71 76/76/76 72/72/72
f 72/72/72 76/76/76 77/77/77
f 76/76/76 78/78/78 77/77/77
f 78/78/78 76/76/76 79/79/79
f 80/80/80 78/78/78 79/79/79
f 76/76/76 71/71/71 81/81/81
f 66/66/66 81/81/81 71/71/71
f 76/76/76 81/81/81 82/82/82
f 79/79/79 76/76/76 82/82/82
f 83/83/83 82/82/82 81/81/81
f 66/66/66 83/83/83 81/81/81
f 84/84/84 74/74/74 51/51/51
f 84/84/84 51/51/51 41/41/41
f 79/79/79 85/85/85 80/80/80
f 85/85/85 86/86/86 80/80/80
f 87/87/87 86/86/86 85/85/85
f 79/79/79 82/82/82 88/88/88
f 82/82/82 83/83/83 88/88/88
f 84/84/84 41/41/41 89/89/89
f 41/41/41 42/42/42 89/89/89
f 74/74/74 84/84/84 90/90/90
f 84/84/84 89/89/89 91/91/91
f 84/84/84 91/91/91 90/90/90
f 89/89/89 42/42/42 92/92/92
f 91/91/91 89/89/89 92/92/92
f 74/74/74 90/90/90 93/93/93
f 74/74/74 93/93/93 75/75/75
f 90/90/90 91/91/91 94/94/94
f 93/93/93 90/90/90 94/94/94
f 95/95/95 91/91/91 92/92/92
f 91/91/91 95/95/95 94/94/94
f 95/95/95 92/92/92 94/94/94
f 42/42/42 96/96/96 92/92/92
f 96/96/96 42/42/42 44/44/44
f 97/97/97 93/93/93 94/94/94
f 75/75/75 93/93/93 97/97/97
f 92/92/92 98/98/98 94/94/94
f 92/92/92 96/96/96 98/98/98
f 97/97/97 94/94/94 98/98/98
f 99/99/99 96/96/96 44/44/44
f 96/96/96 99/99/99 98/98/98
f 100/100/100 99/99/99 44/44/44
f 101/101/101 97/97/97 98/98/98
f 101/101/101 98/98/98 99/99/99
f 102/102/102 99/99/99 100/100/100
f 103/103/103 102/102/102 100/100/100
f 102/102/102 103/103/103 104/104/104
f 105/105/105 102/102/102 104/104/104
f 106/106/106 97/97/97 101/101/101
f 106/106/106 75/75/75 97/97/97
f 101/101/101 99/99/99 107/107/107
f 107/107/107 106/106/106 101/101/101
f 99/99/99 102/102/102 107/107/107
f 75/75/75 106/106/106 107/107/107
f 108/108/108 102/102/102 105/105/105
f 102/102/102 108/108/108 107/107/107
f 109/109/109 108/108/108 105/105/105
f 110/110/110 75/75/75 107/107/107
f 108/108/108 110/110/110 107/107/107
f 110/110/110 111/111/111 75/75/75
f 111/111/111 110/110/110 108/108/108
f 73/73/73 75/75/75 111/111/111
f 108/108/108 109/109/109 112/112/112
f 112/112/112 111/111/111 108/108/108
f 109/109/109 113/113/113 112/112/112
f 112/112/112 113/113/113 114/114/114
f 113/113/113 115/115/115 114/114/114
f 111/111/111 112/112/112 116/116/116
f 112/112/112 114/114/114 116/116/116
f 117/117/117 114/114/114 115/115/115
f 118/118/118 117/117/117 115/115/115
f 117/117/117 118/118/118 119/119/119
f 118/118/118 120/120/120 119/119/119
f 121/121/121 111/111/111 116/116/116
f 111/111/111 121/121/121 73/73/73
f 122/122/122 116/116/116 114/114/114
f 117/117/117 122/122/122 114/114/114
f 122/122/122 121/121/121 116/116/116
f 122/122/122 117/117/117 123/123/123
f 117/117/117 119/119/119 123/123/123
f 123/123/123 124/124/124 122/122/122
f 124/124/124 121/121/121 122/122/122
f 125/125/125 119/119/119 120/120/120
f 126/126/126 125/125/125 120/120/120
f 127/127/127 125/125/125 126/126/126
f 128/128/128 127/127/127 126/126/126
f 123/123/123 119/119/119 129/129/129
f 124/124/124 123/123/123 129/129/129
f 119/119/119 125/125/125 130/130/130
f 125/125/125 127/127/127 130/130/130
f 127/127/127 128/128/128 131/131/131
f 128/128/128 132/132/132 131/131/131
f 132/132/132 133/133/133 131/131/131
f 119/119/119 134/134/134 129/129/129
f 134/134/134 119/119/119 130/130/130
f 130/130/130 135/135/135 134/134/134
f 134/134/134 135/135/135 129/129/129
f 127/127/127 136/136/136 130/130/130
f 130/130/130 136/136/136 135/135/135
f 137/137/137 124/124/124 129/129/129
f 138/138/138 124/124/124 137/137/137
f 124/124/124 138/138/138 139/139/139
f 121/121/121 124/124/124 139/139/139
f 140/140/140 121/121/121 139/139/139
f 138/138/138 141/141/141 139/139/139
f 73/73/73 121/121/121 140/140/140
f 142/142/142 73/73/73 140/140/140
f 73/73/73 142/142/142 143/143/143
f 73/73/73 143/143/143 144/144/144
f 62/62/62 73/73/73 144/144/144
f 138/138/138 145/145/145 141/141/141
f 62/62/62 144/144/144 146/146/146
f 137/137/137 129/129/129 147/147/147
f 135/135/135 147/147/147 129/129/129
f 138/138/138 148/148/148 145/145/145
f 148/148/148 149/149/149 145/145/145
f 148/148/148 150/150/150 149/149/149
f 151/151/151 62/62/62 146/146/146
f 151/151/151 146/146/146 152/152/152
f 146/146/146 153/153/153 152/152/152
f 152/152/152 153/153/153 150/150/150
f 62/62/62 151/151/151 154/154/154
f 154/154/154 151/151/151 152/152/152
f 155/155/155 62/62/62 154/154/154
f 156/156/156 154/154/154 152/152/152
f 63/63/63 62/62/62 155/155/155
f 157/157/157 63/63/63 155/155/155
f 63/63/63 157/157/157 158/158/158
f 63/63/63 158/158/158 159/159/159
f 66/66/66 63/63/63 159/159/159
f 66/66/66 159/159/159 160/160/160
f 156/156/156 152/152/152 161/161/161
f 83/83/83 66/66/66 160/160/160
f 162/162/162 83/83/83 160/160/160
f 163/163/163 162/162/162 160/160/160
f 162/162/162 163/163/163 164/164/164
f 152/152/152 165/165/165 161/161/161
f 165/165/165 152/152/152 150/150/150
f 165/165/165 150/150/150 166/166/166
f 161/161/161 165/165/165 166/166/166
f 150/150/150 148/148/148 166/166/166
f 167/167/167 161/161/161 166/166/166
f 167/167/167 162/162/162 164/164/164
f 167/167/167 168/168/168 161/161/161
f 168/168/168 167/167/167 164/164/164
f 169/169/169 166/166/166 148/148/148
f 166/166/166 169/169/169 167/167/167
f 83/83/83 162/162/162 170/170/170
f 83/83/83 170/170/170 88/88/88
f 171/171/171 169/169/169 148/148/148
f 169/169/169 171/171/171 172/172/172
f 171/171/171 148/148/148 138/138/138
f 169/169/169 173/173/173 167/167/167
f 167/167/167 173/173/173 162/162/162
f 173/173/173 169/169/169 172/172/172
f 174/174/174 171/171/171 138/138/138
f 171/171/171 175/175/175 172/172/172
f 171/171/171 174/174/174 175/175/175
f 174/174/174 138/138/138 176/176/176
f 176/176/176 138/138/138 137/137/137
f 177/177/177 176/176/176 137/137/137
f 178/178/178 177/177/177 137/137/137
f 179/179/179 176/176/176 177/177/177
f 179/179/179 174/174/174 176/176/176
f 178/178/178 137/137/137 147/147/147
f 178/178/178 147/147/147 180/180/180
f 147/147/147 135/135/135 180/180/180
f 177/177/177 178/178/178 181/181/181
f 181/181/181 178/178/178 180/180/180
f 174/174/174 182/182/182 175/175/175
f 174/174/174 179/179/179 183/183/183
f 182/182/182 174/174/174 183/183/183
f 184/184/184 175/175/175 182/182/182
f 172/172/172 175/175/175 184/184/184
f 185/185/185 179/179/179 177/177/177
f 183/183/183 179/179/179 185/185/185
f 182/182/182 183/183/183 186/186/186
f 186/186/186 184/184/184 182/182/182
f 187/187/187 183/183/183 185/185/185
f 186/186/186 183/183/183 187/187/187
f 188/188/188 187/187/187 185/185/185
f 188/188/188 185/185/185 177/177/177
f 189/189/189 186/186/186 187/187/187
f 184/184/184 186/186/186 189/189/189
f 189/189/189 187/187/187 188/188/188
f 190/190/190 184/184/184 189/189/189
f 191/191/191 189/189/189 188/188/188
f 189/189/189 191/191/191 190/190/190
f 192/192/192 172/172/172 184/184/184
f 184/184/184 190/190/190 192/192/192
f 193/193/193 188/188/188 177/177/177
f 188/188/188 193/193/193 191/191/191
f 191/191/191 194/194/194 190/190/190
f 190/190/190 195/195/195 192/192/192
f 190/190/190 194/194/194 195/195/195
f 193/193/193 196/196/196 191/191/191
f 191/191/191 196/196/196 194/194/194
f 196/196/196 193/193/193 197/197/197
f 193/193/193 177/177/177 198/198/198
f 197/197/197 193/193/193 198/198/198
f 177/177/177 199/199/199 198/198/198
f 199/199/199 177/177/177 181/181/181
f 172/172/172 192/192/192 200/200/200
f 195/195/195 201/201/201 192/192/192
f 201/201/201 200/200/200 192/192/192
f 202/202/202 172/172/172 200/200/200
f 202/202/202 173/173/173 172/172/172
f 203/203/203 173/173/173 202/202/202
f 173/173/173 203/203/203 162/162/162
f 202/202/202 200/200/200 204/204/204
f 204/204/204 203/203/203 202/202/202
f 162/162/162 203/203/203 205/205/205
f 162/162/162 205/205/205 170/170/170
f 205/205/205 206/206/206 170/170/170
f 205/205/205 207/207/207 206/206/206
f 203/203/203 207/207/207 205/205/205
f 206/206/206 208/208/208 170/170/170
f 209/209/209 203/203/203 204/204/204
f 203/203/203 209/209/209 207/207/207
f 200/200/200 210/210/210 204/204/204
f 209/209/209 204/204/204 210/210/210
f 207/207/207 209/209/209 211/211/211
f 207/207/207 211/211/211 206/206/206
f 210/210/210 200/200/200 212/212/212
f 200/200/200 201/201/201 212/212/212
f 209/209/209 210/210/210 213/213/213
f 209/209/209 213/213/213 211/211/211
f 210/210/210 212/212/212 213/213/213
f 214/214/214 211/211/211 213/213/213
f 213/213/213 212/212/212 214/214/214
f 211/211/211 214/214/214 206/206/206
f 215/215/215 212/212/212 201/201/201
f 212/212/212 215/215/215 214/214/214
f 170/170/170 208/208/208 216/216/216
f 88/88/88 170/170/170 216/216/216
f 216/216/216 217/217/217 88/88/88
f 217/217/217 218/218/218 88/88/88
f 217/217/217 216/216/216 219/219/219
f 216/216/216 208/208/208 219/219/219
f 218/218/218 79/79/79 88/88/88
f 79/79/79 218/218/218 220/220/220
f 220/220/220 218/218/218 217/217/217
f 85/85/85 79/79/79 220/220/220
f 221/221/221 85/85/85 220/220/220
f 221/221/221 87/87/87 85/85/85
f 222/222/222 221/221/221 220/220/220
f 217/217/217 222/222/222 220/220/220
f 223/223/223 221/221/221 222/222/222
f 87/87/87 221/221/221 223/223/223
f 222/222/222 217/217/217 223/223/223
f 208/208/208 224/224/224 219/219/219
f 208/208/208 206/206/206 224/224/224
f 87/87/87 223/223/223 225/225/225
f 87/87/87 225/225/225 226/226/226
f 227/227/227 87/87/87 226/226/226
f 228/228/228 227/227/227 226/226/226
f 229/229/229 217/217/217 219/219/219
f 219/219/219 224/224/224 230/230/230
f 229/229/229 219/219/219 230/230/230
f 217/217/217 231/231/231 223/223/223
f 225/225/225 223/223/223 232/232/232
f 231/231/231 232/232/232 223/223/223
f 217/217/217 229/229/229 233/233/233
f 231/231/231 217/217/217 233/233/233
f 224/224/224 234/234/234 230/230/230
f 235/235/235 229/229/229 230/230/230
f 235/235/235 230/230/230 234/234/234
f 233/233/233 229/229/229 236/236/236
f 229/229/229 235/235/235 236/236/236
f 233/233/233 236/236/236 237/237/237
f 236/236/236 235/235/235 237/237/237
f 233/233/233 238/238/238 231/231/231
f 238/238/238 233/233/233 237/237/237
f 232/232/232 231/231/231 239/239/239
f 238/238/238 239/239/239 231/231/231
f 240/240/240 239/239/239 238/238/238
f 241/241/241 232/232/232 239/239/239
f 240/240/240 241/241/241 239/239/239
f 225/225/225 232/232/232 241/241/241
f 242/242/242 225/225/225 241/241/241
f 241/241/241 240/240/240 242/242/242
f 224/224/224 243/243/243 234/234/234
f 206/206/206 243/243/243 224/224/224
f 235/235/235 244/244/244 237/237/237
f 244/244/244 235/235/235 234/234/234
f 245/245/245 244/244/244 234/234/234
f 237/237/237 244/244/244 245/245/245
f 243/243/243 246/246/246 234/234/234
f 246/246/246 245/245/245 234/234/234
f 246/246/246 243/243/243 247/247/247
f 243/243/243 206/206/206 247/247/247
f 245/245/245 246/246/246 247/247/247
f 225/225/225 242/242/242 248/248/248
f 226/226/226 225/225/225 248/248/248
f 240/240/240 249/249/249 242/242/242
f 242/242/242 249/249/249 250/250/250
f 248/248/248 242/242/242 250/250/250
f 248/248/248 250/250/250 251/251/251
f 226/226/226 248/248/248 252/252/252
f 252/252/252 248/248/248 251/251/251
f 253/253/253 252/252/252 251/251/251
f 254/254/254 253/253/253 251/251/251
f 253/253/253 254/254/254 255/255/255
f 253/253/253 255/255/255 256/256/256
f 257/257/257 226/226/226 252/252/252
f 257/257/257 252/252/252 253/253/253
f 257/257/257 228/228/228 226/226/226
f 258/258/258 257/257/257 253/253/253
f 228/228/228 257/257/257 258/258/258
f 259/259/259 253/253/253 256/256/256
f 258/258/258 253/253/253 259/259/259
f 260/260/260 259/259/259 256/256/256
f 261/261/261 260/260/260 256/256/256
f 260/260/260 261/261/261 262/262/262
f 260/260/260 262/262/262 263/263/263
f 264/264/264 228/228/228 258/258/258
f 265/265/265 258/258/258 259/259/259
f 264/264/264 258/258/258 265/265/265
f 264/264/264 266/266/266 228/228/228
f 266/266/266 267/267/267 228/228/228
f 266/266/266 268/268/268 267/267/267
f 268/268/268 269/269/269 267/267/267
f 270/270/270 268/268/268 266/266/266
f 266/266/266 264/264/264 271/271/271
f 271/271/271 264/264/264 265/265/265
f 272/272/272 270/270/270 266/266/266
f 272/272/272 266/266/266 271/271/271
f 273/273/273 270/270/270 272/272/272
f 274/274/274 273/273/273 272/272/272
f 274/274/274 272/272/272 271/271/271
f 275/275/275 273/273/273 274/274/274
f 276/276/276 275/275/275 274/274/274
f 274/274/274 133/133/133 276/276/276
f 277/277/277 274/274/274 271/271/271
f 277/277/277 271/271/271 265/265/265
f 277/277/277 133/133/133 274/274/274
f 278/278/278 277/277/277 265/265/265
f 133/133/133 277/277/277 278/278/278
f 278/278/278 265/265/265 259/259/259
f 260/260/260 278/278/278 259/259/259
f 279/279/279 133/133/133 278/278/278
f 279/279/279 278/278/278 260/260/260
f 133/133/133 279/279/279 131/131/131
f 280/280/280 279/279/279 260/260/260
f 131/131/131 279/279/279 280/280/280
f 280/280/280 260/260/260 263/263/263
f 281/281/281 131/131/131 280/280/280
f 281/281/281 280/280/280 263/263/263
f 282/282/282 281/281/281 263/263/263
f 127/127/127 131/131/131 281/281/281
f 283/283/283 281/281/281 282/282/282
f 283/283/283 127/127/127 281/281/281
f 284/284/284 283/283/283 282/282/282
f 284/284/284 285/285/285 283/283/283
f 127/127/127 283/283/283 286/286/286
f 285/285/285 286/286/286 283/283/283
f 136/136/136 127/127/127 286/286/286
f 136/136/136 286/286/286 287/287/287
f 285/285/285 287/287/287 286/286/286
f 288/288/288 136/136/136 287/287/287
f 136/136/136 288/288/288 135/135/135
f 287/287/287 289/289/289 288/288/288
f 287/287/287 285/285/285 289/289/289
f 135/135/135 288/288/288 290/290/290
f 289/289/289 290/290/290 288/288/288
f 290/290/290 289/289/289 291/291/291
f 292/292/292 291/291/291 289/289/289
f 285/285/285 292/292/292 289/289/289
f 293/293/293 135/135/135 290/290/290
f 135/135/135 293/293/293 180/180/180
f 285/285/285 197/197/197 292/292/292
f 292/292/292 197/197/197 291/291/291
f 294/294/294 290/290/290 291/291/291
f 293/293/293 290/290/290 294/294/294
f 180/180/180 293/293/293 295/295/295
f 181/181/181 180/180/180 295/295/295
f 296/296/296 293/293/293 294/294/294
f 293/293/293 296/296/296 295/295/295
f 296/296/296 294/294/294 291/291/291
f 297/297/297 181/181/181 295/295/295
f 295/295/295 296/296/296 297/297/297
f 199/199/199 181/181/181 297/297/297
f 197/197/197 285/285/285 298/298/298
f 285/285/285 299/299/299 298/298/298
f 300/300/300 296/296/296 291/291/291
f 296/296/296 300/300/300 297/297/297
f 301/301/301 199/199/199 297/297/297
f 199/199/199 301/301/301 198/198/198
f 300/300/300 302/302/302 297/297/297
f 302/302/302 301/301/301 297/297/297
f 300/300/300 291/291/291 302/302/302
f 301/301/301 302/302/302 198/198/198
f 291/291/291 303/303/303 302/302/302
f 198/198/198 302/302/302 303/303/303
f 197/197/197 198/198/198 303/303/303
f 197/197/197 303/303/303 291/291/291
f 298/298/298 196/196/196 197/197/197
f 298/298/298 299/299/299 304/304/304
f 299/299/299 305/305/305 304/304/304
f 305/305/305 306/306/306 304/304/304
f 196/196/196 298/298/298 307/307/307
f 298/298/298 304/304/304 307/307/307
f 307/307/307 304/304/304 308/308/308
f 196/196/196 307/307/307 194/194/194
f 194/194/194 307/307/307 308/308/308
f 306/306/306 309/309/309 304/304/304
f 304/304/304 309/309/309 308/308/308
f 309/309/309 306/306/306 310/310/310
f 309/309/309 310/310/310 308/308/308
f 306/306/306 311/311/311 310/310/310
f 311/311/311 312/312/312 310/310/310
f 312/312/312 313/313/313 310/310/310
f 312/312/312 240/240/240 313/313/313
f 240/240/240 314/314/314 313/313/313
f 310/310/310 313/313/313 315/315/315
f 310/310/310 315/315/315 308/308/308
f 316/316/316 194/194/194 308/308/308
f 194/194/194 316/316/316 195/195/195
f 317/317/317 316/316/316 308/308/308
f 316/316/316 317/317/317 195/195/195
f 315/315/315 317/317/317 308/308/308
f 317/317/317 201/201/201 195/195/195
f 317/317/317 215/215/215 201/201/201
f 313/313/313 318/318/318 315/315/315
f 315/315/315 318/318/318 317/317/317
f 318/318/318 215/215/215 317/317/317
f 318/318/318 313/313/313 314/314/314
f 318/318/318 319/319/319 215/215/215
f 319/319/319 318/318/318 314/314/314
f 319/319/319 214/214/214 215/215/215
f 214/214/214 319/319/319 206/206/206
f 206/206/206 319/319/319 247/247/247
f 314/314/314 247/247/247 319/319/319
f 247/247/247 314/314/314 320/320/320
f 245/245/245 247/247/247 320/320/320
f 320/320/320 237/237/237 245/245/245
f 320/320/320 314/314/314 237/237/237
f 314/314/314 321/321/321 237/237/237
f 321/321/321 238/238/238 237/237/237
f 240/240/240 321/321/321 314/314/314
f 321/321/321 240/240/240 238/238/238
f 324/324/324 323/323/323 322/322/322
f 323/323/323 325/325/325 322/322/322
f 326/326/326 325/325/325 323/323/323
f 327/327/327 326/326/326 323/323/323
f 326/326/326 327/327/327 328/328/328
f 325/325/325 329/329/329 322/322/322
f 329/329/329 330/330/330 322/322/322
f 329/329/329 325/325/325 331/331/331
f 325/325/325 326/326/326 331/331/331
f 330/330/330 329/329/329 332/332/332
f 329/329/329 331/331/331 332/332/332
f 332/332/332 333/333/333 330/330/330
f 333/333/333 332/332/332 334/334/334
f 332/332/332 335/335/335 334/334/334
f 334/334/334 335/335/335 336/336/336
f 331/331/331 337/337/337 332/332/332
f 335/335/335 332/332/332 337/337/337
f 338/338/338 326/326/326 328/328/328
f 339/339/339 338/338/338 328/328/328
f 340/340/340 331/331/331 326/326/326
f 337/337/337 331/331/331 340/340/340
f 326/326/326 338/338/338 341/341/341
f 341/341/341 340/340/340 326/326/326
f 338/338/338 339/339/339 342/342/342
f 338/338/338 342/342/342 341/341/341
f 335/335/335 343/343/343 336/336/336
f 336/336/336 343/343/343 344/344/344
f 343/343/343 345/345/345 344/344/344
f 344/344/344 345/345/345 346/346/346
f 345/345/345 347/347/347 346/346/346
f 348/348/348 346/346/346 347/347/347
f 339/339/339 349/349/349 342/342/342
f 339/339/339 350/350/350 349/349/349
f 343/343/343 335/335/335 351/351/351
f 345/345/345 343/343/343 351/351/351
f 340/340/340 341/341/341 352/352/352
f 341/341/341 342/342/342 353/353/353
f 341/341/341 353/353/353 352/352/352
f 342/342/342 349/349/349 354/354/354
f 342/342/342 354/354/354 353/353/353
f 355/355/355 354/354/354 349/349/349
f 353/353/353 354/354/354 355/355/355
f 350/350/350 356/356/356 349/349/349
f 356/356/356 355/355/355 349/349/349
f 356/356/356 350/350/350 357/357/357
f 355/355/355 356/356/356 357/357/357
f 350/350/350 358/358/358 357/357/357
f 359/359/359 340/340/340 352/352/352
f 359/359/359 337/337/337 340/340/340
f 359/359/359 360/360/360 337/337/337
f 360/360/360 335/335/335 337/337/337
f 361/361/361 359/359/359 352/352/352
f 359/359/359 361/361/361 360/360/360
f 335/335/335 360/360/360 362/362/362
f 361/361/361 362/362/362 360/360/360
f 335/335/335 362/362/362 351/351/351
f 351/351/351 362/362/362 361/361/361
f 352/352/352 353/353/353 363/363/363
f 352/352/352 363/363/363 361/361/361
f 364/364/364 353/353/353 355/355/355
f 363/363/363 353/353/353 364/364/364
f 365/365/365 355/355/355 357/357/357
f 355/355/355 365/365/365 364/364/364
f 366/366/366 351/351/351 361/361/361
f 363/363/363 366/366/366 361/361/361
f 367/367/367 365/365/365 357/357/357
f 357/357/357 358/358/358 367/367/367
f 365/365/365 367/367/367 368/368/368
f 368/368/368 367/367/367 369/369/369
f 358/358/358 369/369/369 367/367/367
f 358/358/358 370/370/370 369/369/369
f 371/371/371 363/363/363 364/364/364
f 366/366/366 363/363/363 371/371/371
f 351/351/351 366/366/366 372/372/372
f 372/372/372 345/345/345 351/351/351
f 366/366/366 373/373/373 372/372/372
f 373/373/373 366/366/366 371/371/371
f 345/345/345 372/372/372 374/374/374
f 372/372/372 373/373/373 374/374/374
f 347/347/347 345/345/345 374/374/374
f 375/375/375 373/373/373 371/371/371
f 373/373/373 375/375/375 374/374/374
f 376/376/376 371/371/371 364/364/364
f 376/376/376 375/375/375 371/371/371
f 374/374/374 375/375/375 377/377/377
f 377/377/377 347/347/347 374/374/374
f 375/375/375 378/378/378 377/377/377
f 378/378/378 375/375/375 376/376/376
f 379/379/379 376/376/376 364/364/364
f 365/365/365 379/379/379 364/364/364
f 376/376/376 379/379/379 380/380/380
f 380/380/380 378/378/378 376/376/376
f 381/381/381 379/379/379 365/365/365
f 379/379/379 381/381/381 380/380/380
f 381/381/381 365/365/365 368/368/368
f 380/380/380 381/381/381 368/368/368
f 347/347/347 377/377/377 382/382/382
f 377/377/377 378/378/378 382/382/382
f 380/380/380 383/383/383 378/378/378
f 383/383/383 380/380/380 368/368/368
f 378/378/378 384/384/384 382/382/382
f 383/383/383 384/384/384 378/378/378
f 382/382/382 385/385/385 347/347/347
f 384/384/384 385/385/385 382/382/382
f 383/383/383 386/386/386 384/384/384
f 386/386/386 385/385/385 384/384/384
f 386/386/386 383/383/383 368/368/368
f 385/385/385 387/387/387 347/347/347
f 387/387/387 385/385/385 386/386/386
f 387/387/387 386/386/386 368/368/368
f 387/387/387 348/348/348 347/347/347
f 387/387/387 388/388/388 348/348/348
f 388/388/388 389/389/389 348/348/348
f 387/387/387 390/390/390 388/388/388
f 387/387/387 368/368/368 390/390/390
f 390/390/390 368/368/368 369/369/369
f 369/369/369 370/370/370 390/390/390
f 370/370/370 391/391/391 390/390/390
f 390/390/390 391/391/391 388/388/388
f 391/391/391 370/370/370 392/392/392
f 370/370/370 393/393/393 392/392/392
f 391/391/391 394/394/394 388/388/388
f 394/394/394 391/391/391 392/392/392
f 394/394/394 392/392/392 395/395/395
f 393/393/393 396/396/396 392/392/392
f 392/392/392 396/396/396 395/395/395
f 397/397/397 395/395/395 396/396/396
f 398/398/398 397/397/397 396/396/396
f 398/398/398 396/396/396 393/393/393
f 399/399/399 398/398/398 393/393/393
f 398/398/398 399/399/399 400/400/400
f 397/397/397 398/398/398 400/400/400
f 399/399/399 401/401/401 400/400/400
f 400/400/400 401/401/401 402/402/402
f 401/401/401 403/403/403 402/402/402
f 404/404/404 394/394/394 395/395/395
f 395/395/395 397/397/397 404/404/404
f 402/402/402 405/405/405 400/400/400
f 405/405/405 397/397/397 400/400/400
f 406/406/406 402/402/402 403/403/403
f 407/407/407 406/406/406 403/403/403
f 408/408/408 406/406/406 407/407/407
f 405/405/405 402/402/402 409/409/409
f 397/397/397 405/405/405 409/409/409
f 397/397/397 410/410/410 404/404/404
f 394/394/394 404/404/404 410/410/410
f 411/411/411 410/410/410 397/397/397
f 411/411/411 397/397/397 409/409/409
f 402/402/402 406/406/406 412/412/412
f 402/402/402 412/412/412 409/409/409
f 413/413/413 412/412/412 406/406/406
f 412/412/412 413/413/413 409/409/409
f 414/414/414 406/406/406 408/408/408
f 414/414/414 413/413/413 406/406/406
f 415/415/415 414/414/414 408/408/408
f 415/415/415 408/408/408 416/416/416
f 417/417/417 415/415/415 416/416/416
f 414/414/414 415/415/415 418/418/418
f 413/413/413 414/414/414 418/418/418
f 417/417/417 419/419/419 415/415/415
f 415/415/415 419/419/419 418/418/418
f 419/419/419 417/417/417 420/420/420
f 421/421/421 419/419/419 420/420/420
f 418/418/418 419/419/419 421/421/421
f 421/421/421 420/420/420 422/422/422
f 423/423/423 421/421/421 422/422/422
f 423/423/423 422/422/422 424/424/424
f 413/413/413 425/425/425 409/409/409
f 409/409/409 425/425/425 411/411/411
f 426/426/426 413/413/413 418/418/418
f 413/413/413 426/426/426 425/425/425
f 427/427/427 418/418/418 421/421/421
f 426/426/426 418/418/418 427/427/427
f 426/426/426 428/428/428 425/425/425
f 428/428/428 426/426/426 427/427/427
f 421/421/421 429/429/429 427/427/427
f 421/421/421 423/423/423 429/429/429
f 429/429/429 428/428/428 427/427/427
f 425/425/425 430/430/430 411/411/411
f 425/425/425 428/428/428 430/430/430
f 428/428/428 429/429/429 431/431/431
f 423/423/423 431/431/431 429/429/429
f 432/432/432 423/423/423 424/424/424
f 432/432/432 424/424/424 389/389/389
f 388/388/388 432/432/432 389/389/389
f 430/430/430 433/433/433 411/411/411
f 433/433/433 410/410/410 411/411/411
f 410/410/410 433/433/433 394/394/394
f 428/428/428 434/434/434 430/430/430
f 434/434/434 428/428/428 431/431/431
f 434/434/434 435/435/435 430/430/430
f 435/435/435 434/434/434 431/431/431
f 435/435/435 433/433/433 430/430/430
f 433/433/433 435/435/435 436/436/436
f 437/437/437 435/435/435 431/431/431
f 423/423/423 437/437/437 431/431/431
f 436/436/436 435/435/435 437/437/437
f 437/437/437 423/423/423 438/438/438
f 423/423/423 432/432/432 438/438/438
f 438/438/438 436/436/436 437/437/437
f 432/432/432 439/439/439 438/438/438
f 436/436/436 438/438/438 439/439/439
f 440/440/440 439/439/439 432/432/432
f 388/388/388 440/440/440 432/432/432
f 439/439/439 440/440/440 441/441/441
f 441/441/441 436/436/436 439/439/439
f 442/442/442 433/433/433 436/436/436
f 433/433/433 442/442/442 394/394/394
f 443/443/443 442/442/442 436/436/436
f 441/441/441 443/443/443 436/436/436
f 442/442/442 443/443/443 394/394/394
f 440/440/440 444/444/444 441/441/441
f 388/388/388 444/444/444 440/440/440
f 444/444/444 443/443/443 441/441/441
f 394/394/394 443/443/443 445/445/445
f 394/394/394 445/445/445 388/388/388
f 443/443/443 444/444/444 445/445/445
f 388/388/388 445/445/445 444/444/444
f 448/448/448 447/447/447 446/446/446
f 449/449/449 448/448/448 446/446/446
f 449/449/449 446/446/446 450/450/450
f 451/451/451 449/449/449 450/450/450
f 452/452/452 448/448/448 449/449/449
f 451/451/451 450/450/450 453/453/453
f 454/454/454 452/452/452 449/449/449
f 449/449/449 451/451/451 454/454/454
f 455/455/455 452/452/452 454/454/454
f 456/456/456 451/451/451 453/453/453
f 453/453/453 457/457/457 456/456/456
f 458/458/458 455/455/455 454/454/454
f 459/459/459 455/455/455 458/458/458
f 460/460/460 459/459/459 458/458/458
f 460/460/460 458/458/458 461/461/461
f 458/458/458 462/462/462 461/461/461
f 462/462/462 458/458/458 454/454/454
f 461/461/461 462/462/462 463/463/463
f 451/451/451 464/464/464 454/454/454
f 464/464/464 462/462/462 454/454/454
f 462/462/462 465/465/465 463/463/463
f 466/466/466 463/463/463 465/465/465
f 462/462/462 464/464/464 467/467/467
f 467/467/467 465/465/465 462/462/462
f 468/468/468 464/464/464 451/451/451
f 464/464/464 468/468/468 467/467/467
f 468/468/468 469/469/469 467/467/467
f 451/451/451 470/470/470 468/468/468
f 470/470/470 469/469/469 468/468/468
f 451/451/451 456/456/456 470/470/470
f 471/471/471 466/466/466 465/465/465
f 471/471/471 465/465/465 467/467/467
f 470/470/470 456/456/456 472/472/472
f 470/470/470 473/473/473 469/469/469
f 456/456/456 474/474/474 472/472/472
f 457/457/457 474/474/474 456/456/456
f 475/475/475 472/472/472 474/474/474
f 475/475/475 476/476/476 472/472/472
f 477/477/477 474/474/474 457/457/457
f 477/477/477 475/475/475 474/474/474
f 478/478/478 477/477/477 457/457/457
f 479/479/479 475/475/475 477/477/477
f 476/476/476 475/475/475 479/479/479
f 480/480/480 477/477/477 478/478/478
f 480/480/480 479/479/479 477/477/477
f 481/481/481 480/480/480 478/478/478
f 482/482/482 480/480/480 481/481/481
f 483/483/483 482/482/482 481/481/481
f 482/482/482 483/483/483 484/484/484
f 482/482/482 485/485/485 480/480/480
f 485/485/485 479/479/479 480/480/480
f 486/486/486 482/482/482 484/484/484
f 485/485/485 482/482/482 486/486/486
f 486/486/486 484/484/484 487/487/487
f 484/484/484 488/488/488 487/487/487
f 489/489/489 486/486/486 487/487/487
f 490/490/490 486/486/486 489/489/489
f 490/490/490 485/485/485 486/486/486
f 488/488/488 491/491/491 487/487/487
f 491/491/491 492/492/492 487/487/487
f 489/489/489 487/487/487 492/492/492
f 492/492/492 491/491/491 493/493/493
f 485/485/485 490/490/490 494/494/494
f 490/490/490 489/489/489 494/494/494
f 485/485/485 494/494/494 495/495/495
f 479/479/479 485/485/485 495/495/495
f 479/479/479 495/495/495 496/496/496
f 495/495/495 497/497/497 496/496/496
f 496/496/496 476/476/476 479/479/479
f 476/476/476 496/496/496 498/498/498
f 499/499/499 476/476/476 498/498/498
f 499/499/499 498/498/498 500/500/500
f 501/501/501 499/499/499 500/500/500
f 502/502/502 501/501/501 500/500/500
f 502/502/502 500/500/500 503/503/503
f 504/504/504 502/502/502 503/503/503
f 504/504/504 503/503/503 505/505/505
f 503/503/503 506/506/506 505/505/505
f 506/506/506 507/507/507 505/505/505
f 505/505/505 507/507/507 508/508/508
f 509/509/509 505/505/505 508/508/508
f 510/510/510 505/505/505 509/509/509
f 511/511/511 510/510/510 509/509/509
f 511/511/511 512/512/512 510/510/510
f 512/512/512 513/513/513 510/510/510
f 514/514/514 508/508/508 507/507/507
f 510/510/510 513/513/513 515/515/515
f 516/516/516 507/507/507 506/506/506
f 516/516/516 514/514/514 507/507/507
f 506/506/506 517/517/517 516/516/516
f 514/514/514 516/516/516 517/517/517
f 506/506/506 518/518/518 517/517/517
f 519/519/519 514/514/514 517/517/517
f 517/517/517 520/520/520 519/519/519
f 520/520/520 521/521/521 519/519/519
f 518/518/518 522/522/522 517/517/517
f 522/522/522 520/520/520 517/517/517
f 522/522/522 523/523/523 520/520/520
f 524/524/524 521/521/521 520/520/520
f 523/523/523 525/525/525 520/520/520
f 526/526/526 510/510/510 515/515/515
f 526/526/526 515/515/515 527/527/527
f 526/526/526 528/528/528 510/510/510
f 528/528/528 505/505/505 510/510/510
f 505/505/505 528/528/528 529/529/529
f 529/529/529 528/528/528 530/530/530
f 531/531/531 526/526/526 527/527/527
f 526/526/526 531/531/531 528/528/528
f 531/531/531 527/527/527 466/466/466
f 471/471/471 531/531/531 466/466/466
f 528/528/528 532/532/532 530/530/530
f 531/531/531 532/532/532 528/528/528
f 532/532/532 531/531/531 471/471/471
f 533/533/533 530/530/530 532/532/532
f 534/534/534 532/532/532 471/471/471
f 534/534/534 533/533/533 532/532/532
f 534/534/534 471/471/471 467/467/467
f 534/534/534 467/467/467 469/469/469
f 534/534/534 535/535/535 533/533/533
f 535/535/535 534/534/534 469/469/469
f 535/535/535 536/536/536 533/533/533
f 538/538/538 537/537/537 469/469/469
f 537/537/537 538/538/538 539/539/539
f 538/538/538 540/540/540 539/539/539
f 541/541/541 538/538/538 469/469/469
f 538/538/538 541/541/541 540/540/540
f 473/473/473 541/541/541 469/469/469
f 541/541/541 542/542/542 540/540/540
f 542/542/542 541/541/541 473/473/473
f 543/543/543 542/542/542 473/473/473
f 546/546/546 545/545/545 544/544/544
f 547/547/547 546/546/546 544/544/544
f 548/548/548 546/546/546 547/547/547
f 549/549/549 548/548/548 547/547/547
f 550/550/550 548/548/548 549/549/549
f 551/551/551 550/550/550 549/549/549
f 552/552/552 550/550/550 551/551/551
f 553/553/553 552/552/552 551/551/551
f 554/554/554 552/552/552 553/553/553
f 555/555/555 554/554/554 553/553/553
f 556/556/556 554/554/554 555/555/555
f 557/557/557 556/556/556 555/555/555
f 558/558/558 556/556/556 557/557/557
f 559/559/559 558/558/558 557/557/557
f 560/560/560 558/558/558 559/559/559
f 561/561/561 560/560/560 559/559/559
f 564/564/564 563/563/563 562/562/562
f 565/565/565 564/564/564 562/562/562
f 566/566/566 564/564/564 565/565/565
f 567/567/567 566/566/566 565/565/565
f 568/568/568 566/566/566 567/567/567
f 569/569/569 568/568/568 567/567/567
f 570/570/570 568/568/568 569/569/569
f 571/571/571 570/570/570 569/569/569
f 572/572/572 570/570/570 571/571/571
f 573/573/573 572/572/572 571/571/571
f 574/574/574 572/572/572 573/573/573
f 575/575/575 574/574/574 573/573/573
f 576/576/576 574/574/574 575/575/575
f 577/577/577 576/576/576 575/575/575
f 578/578/578 576/576/576 577/577/577
f 579/579/579 578/578/578 577/577/577
f 582/582/582 581/581/581 580/580/580
f 581/581/581 583/583/583 580/580/580
f 580/580/580 583/583/583 584/584/584
f 583/583/583 581/581/581 585/585/585
f 583/583/583 586/586/586 584/584/584
f 583/583/583 585/585/585 586/586/586
f 584/584/584 586/586/586 587/587/587
f 588/588/588 586/586/586 585/585/585
f 586/586/586 588/588/588 587/587/587
f 589/589/589 588/588/588 585/585/585
f 587/587/587 588/588/588 590/590/590
f 588/588/588 591/591/591 590/590/590
f 591/591/591 588/588/588 589/589/589
f 590/590/590 591/591/591 589/589/589
f 592/592/592 589/589/589 585/585/585
f 592/592/592 585/585/585 593/593/593
f 593/593/593 585/585/585 594/594/594
f 585/585/585 595/595/595 594/594/594
f 594/594/594 595/595/595 596/596/596
f 595/595/595 597/597/597 596/596/596
f 596/596/596 597/597/597 598/598/598
f 597/597/597 599/599/599 598/598/598
f 598/598/598 599/599/599 600/600/600
f 597/597/597 595/595/595 601/601/601
f 597/597/597 601/601/601 599/599/599
f 602/602/602 595/595/595 585/585/585
f 595/595/595 602/602/602 601/601/601
f 599/599/599 603/603/603 600/600/600
f 600/600/600 603/603/603 604/604/604
f 603/603/603 599/599/599 605/605/605
f 603/603/603 605/605/605 604/604/604
f 601/601/601 605/605/605 599/599/599
f 604/604/604 605/605/605 606/606/606
f 605/605/605 601/601/601 606/606/606
f 606/606/606 601/601/601 607/607/607
f 601/601/601 602/602/602 607/607/607
f 608/608/608 602/602/602 585/585/585
f 607/607/607 602/602/602 608/608/608
f 609/609/609 608/608/608 585/585/585
f 610/610/610 607/607/607 608/608/608
f 610/610/610 608/608/608 609/609/609
f 611/611/611 610/610/610 609/609/609
f 614/614/614 613/613/613 612/612/612
f 613/613/613 489/489/489 612/612/612
f 612/612/612 489/489/489 615/615/615
f 616/616/616 612/612/612 615/615/615
f 617/617/617 616/616/616 615/615/615
f 612/612/612 616/616/616 617/617/617
f 615/615/615 489/489/489 618/618/618
f 619/619/619 617/617/617 615/615/615
f 618/618/618 619/619/619 615/615/615
f 619/619/619 620/620/620 617/617/617
f 619/619/619 618/618/618 621/621/621
f 489/489/489 622/622/622 618/618/618
f 622/622/622 489/489/489 492/492/492
f 622/622/622 492/492/492 618/618/618
f 492/492/492 621/621/621 618/618/618
f 621/621/621 492/492/492 493/493/493
f 621/621/621 493/493/493 623/623/623
f 624/624/624 621/621/621 623/623/623
f 621/621/621 624/624/624 625/625/625
f 619/619/619 621/621/621 625/625/625
f 619/619/619 625/625/625 626/626/626
f 619/619/619 626/626/626 627/627/627
f 628/628/628 619/619/619 627/627/627
f 619/619/619 628/628/628 629/629/629
f 630/630/630 619/619/619 629/629/629
f 619/619/619 630/630/630 620/620/620
f 631/631/631 630/630/630 629/629/629
f 630/630/630 631/631/631 620/620/620
f 632/632/632 631/631/631 629/629/629
f 632/632/632 633/633/633 631/631/631
f 631/631/631 634/634/634 620/620/620
f 620/620/620 634/634/634 617/617/617
f 633/633/633 635/635/635 631/631/631
f 633/633/633 636/636/636 635/635/635
f 635/635/635 637/637/637 631/631/631
f 637/637/637 634/634/634 631/631/631
f 634/634/634 638/638/638 617/617/617
f 638/638/638 612/612/612 617/617/617
f 639/639/639 638/638/638 634/634/634
f 637/637/637 639/639/639 634/634/634
f 612/612/612 638/638/638 639/639/639
f 525/525/525 612/612/612 639/639/639
f 525/525/525 640/640/640 612/612/612
f 640/640/640 641/641/641 612/612/612
f 525/525/525 639/639/639 520/520/520
f 636/636/636 642/642/642 635/635/635
f 637/637/637 635/635/635 642/642/642
f 636/636/636 643/643/643 642/642/642
f 637/637/637 642/642/642 643/643/643
f 636/636/636 644/644/644 643/643/643
f 636/636/636 645/645/645 644/644/644
f 646/646/646 637/637/637 643/643/643
f 639/639/639 637/637/637 646/646/646
f 646/646/646 643/643/643 644/644/644
f 520/520/520 639/639/639 647/647/647
f 647/647/647 524/524/524 520/520/520
f 647/647/647 648/648/648 524/524/524
f 639/639/639 648/648/648 647/647/647
f 648/648/648 649/649/649 524/524/524
f 650/650/650 649/649/649 648/648/648
f 639/639/639 646/646/646 651/651/651
f 651/651/651 646/646/646 644/644/644
f 648/648/648 639/639/639 652/652/652
f 639/639/639 651/651/651 652/652/652
f 652/652/652 650/650/650 648/648/648
f 651/651/651 644/644/644 652/652/652
f 645/645/645 653/653/653 644/644/644
f 644/644/644 653/653/653 652/652/652
f 650/650/650 652/652/652 653/653/653
f 653/653/653 645/645/645 654/654/654
f 650/650/650 653/653/653 654/654/654
f 657/657/657 656/656/656 655/655/655
f 658/658/658 657/657/657 655/655/655
f 657/657/657 659/659/659 656/656/656
f 657/657/657 658/658/658 659/659/659
f 659/659/659 660/660/660 656/656/656
f 656/656/656 660/660/660 661/661/661
f 658/658/658 662/662/662 659/659/659
f 658/658/658 663/663/663 662/662/662
f 659/659/659 662/662/662 664/664/664
f 659/659/659 664/664/664 660/660/660
f 664/664/664 665/665/665 660/660/660
f 660/660/660 666/666/666 661/661/661
f 665/665/665 666/666/666 660/660/660
f 665/665/665 667/667/667 666/666/666
f 665/665/665 668/668/668 667/667/667
f 661/661/661 666/666/666 669/669/669
f 663/663/663 670/670/670 662/662/662
f 662/662/662 670/670/670 664/664/664
f 671/671/671 670/670/670 663/663/663
f 670/670/670 671/671/671 664/664/664
f 672/672/672 671/671/671 663/663/663
f 671/671/671 673/673/673 664/664/664
f 673/673/673 671/671/671 672/672/672
f 664/664/664 673/673/673 665/665/665
f 674/674/674 673/673/673 672/672/672
f 675/675/675 673/673/673 674/674/674
f 673/673/673 675/675/675 665/665/665
f 676/676/676 675/675/675 674/674/674
f 666/666/666 677/677/677 669/669/669
f 669/669/669 677/677/677 678/678/678
f 679/679/679 677/677/677 666/666/666
f 677/677/677 679/679/679 678/678/678
f 678/678/678 679/679/679 680/680/680
f 667/667/667 679/679/679 666/666/666
f 679/679/679 681/681/681 680/680/680
f 667/667/667 681/681/681 679/679/679
f 680/680/680 681/681/681 682/682/682
f 681/681/681 667/667/667 682/682/682
f 682/682/682 667/667/667 683/683/683
f 667/667/667 684/684/684 683/683/683
f 683/683/683 684/684/684 685/685/685
f 668/668/668 684/684/684 667/667/667
f 684/684/684 668/668/668 685/685/685
f 685/685/685 668/668/668 686/686/686
f 687/687/687 675/675/675 676/676/676
f 688/688/688 687/687/687 676/676/676
f 668/668/668 689/689/689 686/686/686
f 686/686/686 689/689/689 690/690/690
f 689/689/689 691/691/691 690/690/690
f 691/691/691 689/689/689 668/668/668
f 690/690/690 691/691/691 692/692/692
f 692/692/692 693/693/693 688/688/688
f 693/693/693 687/687/687 688/688/688
f 691/691/691 693/693/693 692/692/692
f 687/687/687 693/693/693 691/691/691
f 675/675/675 687/687/687 694/694/694
f 694/694/694 687/687/687 691/691/691
f 694/694/694 691/691/691 668/668/668
f 665/665/665 675/675/675 694/694/694
f 665/665/665 694/694/694 668/668/668
f 697/697/697 696/696/696 695/695/695
f 698/698/698 697/697/697 695/695/695
f 699/699/699 695/695/695 696/696/696
f 699/699/699 696/696/696 700/700/700
f 701/701/701 698/698/698 695/695/695
f 701/701/701 695/695/695 699/699/699
f 698/698/698 701/701/701 702/702/702
f 703/703/703 699/699/699 700/700/700
f 703/703/703 700/700/700 704/704/704
f 705/705/705 703/703/703 704/704/704
f 705/705/705 706/706/706 703/703/703
f 705/705/705 704/704/704 707/707/707
f 708/708/708 705/705/705 707/707/707
f 706/706/706 705/705/705 708/708/708
f 707/707/707 709/709/709 708/708/708
f 703/703/703 710/710/710 699/699/699
f 706/706/706 710/710/710 703/703/703
f 711/711/711 701/701/701 699/699/699
f 710/710/710 711/711/711 699/699/699
f 711/711/711 712/712/712 701/701/701
f 712/712/712 711/711/711 710/710/710
f 701/701/701 713/713/713 702/702/702
f 712/712/712 713/713/713 701/701/701
f 713/713/713 714/714/714 702/702/702
f 713/713/713 712/712/712 714/714/714
f 714/714/714 715/715/715 702/702/702
f 710/710/710 706/706/706 716/716/716
f 716/716/716 712/712/712 710/710/710
f 715/715/715 714/714/714 717/717/717
f 718/718/718 715/715/715 717/717/717
f 718/718/718 717/717/717 719/719/719
f 720/720/720 719/719/719 717/717/717
f 717/717/717 714/714/714 720/720/720
f 719/719/719 720/720/720 721/721/721
f 712/712/712 722/722/722 714/714/714
f 714/714/714 722/722/722 720/720/720
f 722/722/722 712/712/712 723/723/723
f 722/722/722 723/723/723 720/720/720
f 712/712/712 716/716/716 723/723/723
f 724/724/724 723/723/723 716/716/716
f 720/720/720 725/725/725 721/721/721
f 723/723/723 725/725/725 720/720/720
f 723/723/723 724/724/724 725/725/725
f 721/721/721 725/725/725 726/726/726
f 725/725/725 727/727/727 726/726/726
f 724/724/724 727/727/727 725/725/725
f 726/726/726 727/727/727 728/728/728
f 727/727/727 729/729/729 728/728/728
f 727/727/727 724/724/724 729/729/729
f 730/730/730 728/728/728 729/729/729
f 731/731/731 724/724/724 716/716/716
f 706/706/706 731/731/731 716/716/716
f 732/732/732 730/730/730 729/729/729
f 724/724/724 733/733/733 729/729/729
f 729/729/729 733/733/733 732/732/732
f 732/732/732 734/734/734 730/730/730
f 735/735/735 730/730/730 734/734/734
f 724/724/724 731/731/731 736/736/736
f 724/724/724 736/736/736 733/733/733
f 733/733/733 737/737/737 732/732/732
f 732/732/732 737/737/737 734/734/734
f 731/731/731 706/706/706 738/738/738
f 731/731/731 739/739/739 736/736/736
f 739/739/739 731/731/731 738/738/738
f 706/706/706 740/740/740 738/738/738
f 740/740/740 706/706/706 708/708/708
f 740/740/740 708/708/708 741/741/741
f 709/709/709 741/741/741 708/708/708
f 741/741/741 709/709/709 742/742/742
f 709/709/709 743/743/743 742/742/742
f 744/744/744 740/740/740 741/741/741
f 744/744/744 741/741/741 742/742/742
f 733/733/733 736/736/736 745/745/745
f 737/737/737 733/733/733 746/746/746
f 733/733/733 745/745/745 746/746/746
f 747/747/747 736/736/736 739/739/739
f 736/736/736 747/747/747 745/745/745
f 737/737/737 746/746/746 748/748/748
f 737/737/737 748/748/748 734/734/734
f 748/748/748 749/749/749 734/734/734
f 749/749/749 748/748/748 746/746/746
f 749/749/749 735/735/735 734/734/734
f 750/750/750 749/749/749 746/746/746
f 749/749/749 750/750/750 735/735/735
f 746/746/746 745/745/745 750/750/750
f 750/750/750 751/751/751 735/735/735
f 752/752/752 735/735/735 751/751/751
f 745/745/745 753/753/753 750/750/750
f 751/751/751 750/750/750 753/753/753
f 754/754/754 753/753/753 745/745/745
f 754/754/754 751/751/751 753/753/753
f 747/747/747 754/754/754 745/745/745
f 755/755/755 752/752/752 751/751/751
f 755/755/755 751/751/751 754/754/754
f 754/754/754 747/747/747 756/756/756
f 756/756/756 755/755/755 754/754/754
f 752/752/752 755/755/755 757/757/757
f 743/743/743 752/752/752 757/757/757
f 747/747/747 758/758/758 756/756/756
f 758/758/758 747/747/747 739/739/739
f 759/759/759 758/758/758 739/739/739
f 758/758/758 759/759/759 756/756/756
f 738/738/738 759/759/759 739/739/739
f 755/755/755 756/756/756 760/760/760
f 759/759/759 760/760/760 756/756/756
f 757/757/757 755/755/755 760/760/760
f 759/759/759 738/738/738 761/761/761
f 760/760/760 759/759/759 761/761/761
f 738/738/738 740/740/740 761/761/761
f 757/757/757 760/760/760 762/762/762
f 762/762/762 760/760/760 761/761/761
f 763/763/763 757/757/757 762/762/762
f 757/757/757 763/763/763 743/743/743
f 762/762/762 761/761/761 763/763/763
f 761/761/761 740/740/740 764/764/764
f 761/761/761 764/764/764 763/763/763
f 740/740/740 744/744/744 764/764/764
f 763/763/763 765/765/765 743/743/743
f 765/765/765 763/763/763 764/764/764
f 743/743/743 765/765/765 742/742/742
f 744/744/744 766/766/766 764/764/764
f 766/766/766 744/744/744 742/742/742
f 766/766/766 742/742/742 765/765/765
f 766/766/766 765/765/765 764/764/764
f 769/769/769 768/768/768 767/767/767
f 768/768/768 770/770/770 767/767/767
f 767/767/767 770/770/770 771/771/771
f 772/772/772 768/768/768 769/769/769
f 773/773/773 772/772/772 769/769/769
f 768/768/768 774/774/774 770/770/770
f 772/772/772 774/774/774 768/768/768
f 770/770/770 774/774/774 775/775/775
f 770/770/770 775/775/775 771/771/771
f 776/776/776 774/774/774 772/772/772
f 776/776/776 772/772/772 773/773/773
f 771/771/771 775/775/775 777/777/777
f 778/778/778 776/776/776 773/773/773
f 775/775/775 779/779/779 777/777/777
f 775/775/775 774/774/774 779/779/779
f 777/777/777 779/779/779 780/780/780
f 781/781/781 776/776/776 778/778/778
f 781/781/781 774/774/774 776/776/776
f 782/782/782 781/781/781 778/778/778
f 779/779/779 783/783/783 780/780/780
f 779/779/779 774/774/774 783/783/783
f 780/780/780 783/783/783 784/784/784
f 785/785/785 781/781/781 782/782/782
f 785/785/785 774/774/774 781/781/781
f 786/786/786 785/785/785 782/782/782
f 783/783/783 787/787/787 784/784/784
f 783/783/783 774/774/774 787/787/787
f 784/784/784 787/787/787 788/788/788
f 789/789/789 785/785/785 786/786/786
f 789/789/789 774/774/774 785/785/785
f 788/788/788 789/789/789 786/786/786
f 787/787/787 789/789/789 788/788/788
f 787/787/787 774/774/774 789/789/789
f 792/792/792 791/791/791 790/790/790
f 791/791/791 793/793/793 790/790/790
f 790/790/790 793/793/793 794/794/794
f 795/795/795 791/791/791 792/792/792
f 796/796/796 795/795/795 792/792/792
f 791/791/791 797/797/797 793/793/793
f 795/795/795 797/797/797 791/791/791
f 793/793/793 797/797/797 798/798/798
f 793/793/793 798/798/798 794/794/794
f 799/799/799 797/797/797 795/795/795
f 799/799/799 795/795/795 796/796/796
f 794/794/794 798/798/798 800/800/800
f 801/801/801 799/799/799 796/796/796
f 798/798/798 802/802/802 800/800/800
f 798/798/798 797/797/797 802/802/802
f 800/800/800 802/802/802 803/803/803
f 804/804/804 799/799/799 801/801/801
f 804/804/804 797/797/797 799/799/799
f 805/805/805 804/804/804 801/801/801
f 802/802/802 806/806/806 803/803/803
f 802/802/802 797/797/797 806/806/806
f 803/803/803 806/806/806 807/807/807
f 808/808/808 804/804/804 805/805/805
f 808/808/808 797/797/797 804/804/804
f 809/809/809 808/808/808 805/805/805
f 806/806/806 810/810/810 807/807/807
f 806/806/806 797/797/797 810/810/810
f 807/807/807 810/810/810 811/811/811
f 812/812/812 808/808/808 809/809/809
f 812/812/812 797/797/797 808/808/808
f 811/811/811 812/812/812 809/809/809
f 810/810/810 812/812/812 811/811/811
f 810/810/810 797/797/797 812/812/812
