g ChosenSaint_Crown
v -0.00122702168 1.90016389 -0.181354597
v 2.57696384E-19 1.89365304 -0.183203667
v -0.00490023941 1.89836717 -0.181864873
v 0.00122702145 1.90016389 -0.181354597
v -0 1.89365304 -0.183203667
v -0.00441977475 1.90957201 -0.17868261
v 0.0049002287 1.89836717 -0.181864873
v 0.00441977568 1.90957201 -0.17868261
v 0.00430009095 1.91328216 -0.177628875
v 0.00710783387 1.91119456 -0.178221762
v -0.00430009095 1.91328216 -0.177628875
v -0.00710783154 1.91119456 -0.178221762
v -0.000987450243 1.91776419 -0.176355913
v 0.000987450476 1.91776419 -0.176355913
v 0.000987450476 1.93129587 -0.1725128
v -0.000987450243 1.93129587 -0.1725128
v -2.17012908E-10 1.93648851 -0.171038076
v -0.00570747536 1.93648851 -0.171038076
v 0.00570748234 1.93648851 -0.171038076
v 1.08506454E-10 1.94168091 -0.169563383
v -0.00504210265 1.94664574 -0.168153316
v 0.0050421101 1.94664574 -0.168153316
v 1.89886301E-10 2.0225172 -0.146605223
v -0.00490022963 1.8889395 -0.184542388
v -7.55900353E-22 1.89365304 -0.183203667
v -0.00122702168 1.8870796 -0.185070589
v -0.0125687644 1.87747478 -0.187798455
v -0.0162996091 1.88094139 -0.186813906
v -0.015917819 1.87773073 -0.187725782
v -0.0067620459 1.89244628 -0.183546439
v -0.0067620459 1.89480698 -0.182875946
v -0.0165364742 1.88934839 -0.184426248
v -0.0165364724 1.89785182 -0.182011217
v -0.0203934815 1.89773643 -0.18204397
v -0.0182233229 1.90043759 -0.181276828
v -0.0203934778 1.88946342 -0.18439357
v -0.0250529069 1.89359999 -0.183218762
v -0.0182233248 1.88676262 -0.185160607
v 0.00122702145 1.8870796 -0.185070589
v 0.00490022311 1.8889395 -0.184542388
v 0.00441977475 1.8776083 -0.187760547
v 0.00676204497 1.89249945 -0.183531299
v -0.00441977661 1.8776083 -0.187760547
v -0.00430009095 1.87389791 -0.188814268
v -0.00710783526 1.87598562 -0.18822135
v 0.00430009095 1.87389791 -0.188814268
v -1.08506454E-10 1.86941588 -0.190087244
v 0.00710783154 1.87598562 -0.18822135
v 0.0168182552 1.88156271 -0.186637431
v 0.0132145565 1.87797356 -0.18765676
v 0.0165523719 1.87834084 -0.187552467
v 5.15392768E-19 1.89365304 -0.183203667
v 0.00676204497 1.89486039 -0.182860821
v 0.0165364742 1.89795804 -0.181981027
v 0.0165364724 1.88945472 -0.184396058
v 0.0203934778 1.88957 -0.184363306
v 0.0182233285 1.88686895 -0.185130432
v 0.0203934815 1.897843 -0.182013735
v 0.0250529125 1.89370644 -0.183188498
v 0.0182233267 1.90054393 -0.181246638
v 0.0125687644 1.90983176 -0.17860879
v 0.0162996091 1.90636504 -0.179593369
v 0.015917819 1.90957594 -0.178681478
v -0.0165523831 1.90896559 -0.178854808
v -0.0132145649 1.90933263 -0.17875053
v -0.0168182626 1.90574384 -0.179769814
v -0.00676204497 1.54457068 -0.282345921
v -2.28832568E-17 1.54341698 -0.282673597
v -0.00676204497 1.54221022 -0.283016384
v -0.0165364742 1.53911221 -0.283896178
v -0.0165364724 1.54761553 -0.281481236
v -0.0203934778 1.54750037 -0.28151387
v -0.0182233285 1.55020118 -0.280746847
v -0.0203934815 1.53922737 -0.283863515
v -0.0250529125 1.54336393 -0.282688677
v -0.0182233267 1.53652644 -0.284630567
v -2.28093151E-17 1.54341698 -0.282673597
v -0.0049002287 1.53870344 -0.284012318
v -2.20362272E-17 1.54341698 -0.282673597
v -0.00122702145 1.53690672 -0.284522593
v -0.0125687644 1.52723861 -0.28726837
v -0.0162996091 1.53070521 -0.286283851
v -0.015917819 1.52749443 -0.287195742
v 0.0067620459 1.54462397 -0.282330841
v 0.00490022963 1.54813087 -0.281334788
v 0.0125687644 1.55959547 -0.278078794
v 0.0162996091 1.55612886 -0.279063344
v 0.015917819 1.55933976 -0.278151423
v -2.22939237E-17 1.54341698 -0.282673597
v 0.00122702168 1.54999065 -0.280806631
v 0.0067620459 1.54226327 -0.283001274
v 0.0165364742 1.54772186 -0.281450987
v 0.0165364724 1.53921866 -0.283865988
v 0.0203934815 1.53933358 -0.283833295
v 0.0182233229 1.53663278 -0.284600347
v 0.0203934778 1.54760683 -0.28148371
v 0.0250529069 1.54347014 -0.282658488
v 0.0182233248 1.55030763 -0.280716598
v -0.00122702145 1.54999065 -0.280806631
v -0.00441977475 1.55946207 -0.278116673
v -0.00490022311 1.54813087 -0.281334788
v 0.00441977661 1.55946207 -0.278116673
v 0.00430009095 1.56317246 -0.277062893
v 0.00710783526 1.56108475 -0.27765581
v -0.00430009095 1.56317246 -0.277062893
v 1.08506447E-10 1.56765449 -0.275789946
v -0.00710783154 1.56108475 -0.27765581
v -0.0168182552 1.55550778 -0.279239744
v -0.0132145565 1.55909646 -0.278220505
v -0.0165523719 1.55872941 -0.278324783
v 0.00122702168 1.53690672 -0.284522593
v 0.00490023941 1.53870332 -0.284012347
v 0.00441977475 1.52749848 -0.287194639
v -0.00441977568 1.52749848 -0.287194639
v -0.00430009095 1.52378809 -0.28824836
v -0.00710783387 1.52587569 -0.287655473
v 0.00430009095 1.52378809 -0.28824836
v 0.00710783154 1.52587569 -0.287655473
v 0.000987450243 1.51930583 -0.289521366
v -0.000987450476 1.51930583 -0.289521366
v -0.000987450476 1.50577438 -0.293364435
v 0.000987450243 1.50577438 -0.293364435
v 2.17012894E-10 1.50058198 -0.294839114
v 0.00570747536 1.50058198 -0.294839114
v -0.00570748234 1.50058198 -0.294839114
v -1.08506489E-10 1.49538934 -0.296313852
v 0.00504210265 1.49042451 -0.297723889
v -0.0050421101 1.49042451 -0.297723889
v -1.89886343E-10 1.41455317 -0.319271982
v -2.1778529E-17 1.54341698 -0.282673597
v 0.0168182626 1.53132641 -0.286107451
v 0.0132145649 1.52773738 -0.28712672
v 0.0165523831 1.52810478 -0.287022382
v -0.166125908 1.73445785 -0.228416443
v -0.165744111 1.73124695 -0.229328364
v -0.169474959 1.73471355 -0.228343785
v -0.177143469 1.72324884 -0.231599882
v -0.175210148 1.71971536 -0.232603416
v -0.182043701 1.71853507 -0.232938632
v -0.180844337 1.72503996 -0.231091201
v -0.175210148 1.71735466 -0.233273849
v -0.183298379 1.72503996 -0.231091201
v -0.186943933 1.72324884 -0.231599882
v -0.186518773 1.73444259 -0.228420779
v -0.165364206 1.72278678 -0.231731117
v -0.177679226 1.73444259 -0.228420779
v -0.177143469 1.71382117 -0.234277397
v -0.165364206 1.71428359 -0.234146118
v -0.180789068 1.71203041 -0.234786004
v -0.188811645 1.71971536 -0.232603416
v -0.183243081 1.71203041 -0.234786004
v -0.177568659 1.70262766 -0.237456456
v -0.186943978 1.71382117 -0.234277397
v -0.186408207 1.70262766 -0.237456456
v -0.188811645 1.71735466 -0.233273849
v -0.198591948 1.71428359 -0.234146118
v -0.198591948 1.72278678 -0.231731117
v -0.161507219 1.71439874 -0.234113395
v -0.161826342 1.71270275 -0.23459509
v -0.16367735 1.71169782 -0.234880477
v -0.161507219 1.72267163 -0.23176384
v -0.156847775 1.71853507 -0.232938632
v -0.161826342 1.7243675 -0.231282189
v -0.16367735 1.72537279 -0.230996698
v -0.202448934 1.72267163 -0.23176384
v -0.202129811 1.7243675 -0.231282189
v -0.200278789 1.72537279 -0.230996698
v -0.202448934 1.71439874 -0.234113395
v -0.202129811 1.71270275 -0.23459509
v -0.200278789 1.71169782 -0.234880477
v -0.207108364 1.71758544 -0.233208358
v -0.207108364 1.71948493 -0.232668847
v -0.221175089 1.71948481 -0.232668847
v -0.221175089 1.71758544 -0.233208358
v -0.226572961 1.71853507 -0.232938632
v -0.226572961 1.71304464 -0.23449792
v -0.226572961 1.72402537 -0.23137933
v -0.231970891 1.71853507 -0.232938632
v -0.237131998 1.7136848 -0.23431614
v -0.237131998 1.72338545 -0.23156108
v -0.316004008 1.71853507 -0.232938632
v -0.198596075 1.7338475 -0.228589803
v -0.19525829 1.73421454 -0.22848554
v -0.198862001 1.73062575 -0.229504794
v -0.165491343 1.70322287 -0.237287417
v -0.168829173 1.70285559 -0.23739174
v -0.165225446 1.7064445 -0.236372441
v -0.186288521 1.69891751 -0.238510177
v -0.17768833 1.69891751 -0.238510177
v -0.181988448 1.69443536 -0.239783153
v -0.175925344 1.69922447 -0.238422975
v -0.174880594 1.70100522 -0.237917259
v -0.188051522 1.69922447 -0.238422975
v -0.189096257 1.70100522 -0.237917259
v -0.197961569 1.7026124 -0.237460777
v -0.198343337 1.7058233 -0.236548856
v -0.194612473 1.7023567 -0.237533435
v -0.177798912 1.73815274 -0.227367029
v -0.186399117 1.73815274 -0.227367029
v -0.182099 1.74263501 -0.226094052
v -0.188162088 1.73784578 -0.22745423
v -0.189206824 1.73606515 -0.227959946
v -0.176035896 1.7378459 -0.2274542
v -0.174991161 1.73606515 -0.227959946
v 0.166125864 1.7026124 -0.237460777
v 0.165744096 1.7058233 -0.236548901
v 0.169474944 1.7023567 -0.237533435
v 0.177143469 1.71382117 -0.234277397
v 0.175210133 1.71735466 -0.233273849
v 0.182043687 1.71853507 -0.232938632
v 0.180844307 1.71203041 -0.234786004
v 0.175210133 1.71971536 -0.232603416
v 0.183298349 1.71203041 -0.234786004
v 0.186943904 1.71382117 -0.234277397
v 0.186518744 1.70262766 -0.237456456
v 0.165364191 1.71428359 -0.234146118
v 0.177679196 1.70262766 -0.237456456
v 0.177143469 1.72324884 -0.231599882
v 0.165364191 1.72278678 -0.231731117
v 0.177798882 1.69891751 -0.238510177
v 0.174991146 1.70100522 -0.237917259
v 0.186399072 1.69891751 -0.238510177
v 0.182098955 1.69443536 -0.239783153
v 0.189206809 1.70100522 -0.237917259
v 0.180789024 1.72503996 -0.231091201
v 0.161507189 1.72267163 -0.23176384
v 0.16367732 1.72537279 -0.230996698
v 0.161507189 1.71439874 -0.234113395
v 0.156847745 1.71853507 -0.232938632
v 0.16367732 1.71169782 -0.234880477
v 0.183243066 1.72503996 -0.231091201
v 0.177568644 1.73444259 -0.228420779
v 0.186943948 1.72324896 -0.231599838
v 0.186408177 1.73444259 -0.228420779
v 0.188811615 1.71971536 -0.232603416
v 0.188811615 1.71735466 -0.233273849
v 0.198591933 1.72278678 -0.231731117
v 0.198591933 1.71428359 -0.234146118
v 0.186288491 1.73815274 -0.227367029
v 0.189096212 1.73606515 -0.227959946
v 0.177688316 1.73815274 -0.227367029
v 0.181988403 1.74263489 -0.226094082
v 0.174880579 1.73606515 -0.227959946
v 0.202448934 1.71439874 -0.234113395
v 0.200278759 1.71169782 -0.234880477
v 0.202448934 1.72267163 -0.23176384
v 0.200278759 1.72537279 -0.230996698
v 0.207108364 1.71948493 -0.232668847
v 0.207108364 1.71758544 -0.233208358
v 0.221175089 1.71758544 -0.233208358
v 0.221175089 1.71948493 -0.232668847
v 0.226572961 1.71853507 -0.232938632
v 0.226572961 1.72402549 -0.2313793
v 0.226572961 1.71304464 -0.23449792
v 0.231970862 1.71853507 -0.232938632
v 0.237131998 1.72338545 -0.23156108
v 0.237131998 1.71368468 -0.23431617
v 0.316004008 1.71853507 -0.232938632
v 0.198596075 1.70322287 -0.237287417
v 0.195258245 1.70285559 -0.23739174
v 0.198861957 1.7064445 -0.236372441
v 0.165491313 1.7338475 -0.228589803
v 0.168829128 1.73421454 -0.22848554
v 0.165225431 1.73062575 -0.229504794
v 0.197961539 1.73445785 -0.228416443
v 0.198343292 1.73124695 -0.229328364
v 0.194612443 1.73471355 -0.228343785
v -0.0355934836 1.87543976 -0.188376397
v -0.0386499576 1.87409842 -0.188757345
v -0.0363755263 1.87858284 -0.187483758
v -0.0500799604 1.88205588 -0.18649736
v -0.0529759452 1.87919521 -0.187309816
v -0.0562546067 1.88508248 -0.185637817
v -0.049452886 1.88599515 -0.185378611
v -0.0553098805 1.87846565 -0.187517002
v -0.0502112284 1.88824034 -0.184740946
v -0.0531084612 1.89102209 -0.183950901
v -0.0419103466 1.89409208 -0.183079004
v -0.0468968935 1.87113655 -0.18959856
v -0.0391787775 1.88600504 -0.18537578
v -0.0594007485 1.87914252 -0.187324807
v -0.0553038046 1.86850882 -0.19034484
v -0.0355475359 1.88726103 -0.185019076
v -0.0367438346 1.88404715 -0.185931817
v -0.0382051431 1.8951292 -0.182784453
v -0.0324449502 1.89258027 -0.183508396
v -0.0411367118 1.89705276 -0.182238132
v -0.0622979775 1.88192439 -0.186534718
v -0.0539981015 1.86501563 -0.19133693
v -0.0573390387 1.86616659 -0.191010073
v -0.0458188429 1.86757231 -0.190610826
v -0.0484686308 1.86203134 -0.192184523
v -0.0438191369 1.87039244 -0.189809904
v -0.06305632 1.88416958 -0.185897097
v -0.0705988556 1.87607253 -0.188196689
v -0.0624292791 1.88810873 -0.184778303
v -0.0733304173 1.88415968 -0.185899884
v -0.0595129766 1.89090943 -0.183982924
v -0.0571790412 1.89163888 -0.183775723
v -0.0655717477 1.89890802 -0.181711212
v -0.0571648292 1.90153587 -0.180964902
v -0.0769616738 1.88290358 -0.186256632
v -0.0757653713 1.88611734 -0.185343891
v -0.0743040666 1.87503552 -0.18849121
v -0.0800642669 1.87758446 -0.187767267
v -0.0713724867 1.87311184 -0.189037561
v -0.0584705286 1.90502882 -0.179972872
v -0.0551295951 1.90387797 -0.180299729
v -0.0666497946 1.90247238 -0.180698931
v -0.0686495006 1.89965224 -0.181499884
v -0.0649391189 1.90771985 -0.179208592
v -0.0630608872 1.90830696 -0.179041862
v -0.0674077421 1.92117608 -0.175386906
v -0.0692859814 1.92058909 -0.175553635
v -0.0700149089 1.92582107 -0.174067721
v -0.0754430294 1.92412436 -0.17454955
v -0.0645867661 1.92751765 -0.173585847
v -0.0716829449 1.93075955 -0.172665134
v -0.078073144 1.93398249 -0.171749815
v -0.0684824809 1.93698013 -0.170898452
v -0.0976506248 2.00763917 -0.150830686
v -0.0462308265 1.90495741 -0.179993153
v -0.0448362827 1.90201712 -0.180828199
v -0.0494981296 1.90420496 -0.180206835
v -0.0662783831 1.86520731 -0.191282511
v -0.0676729232 1.86814737 -0.190447494
v -0.06301108 1.86595953 -0.191068873
v -0.076915741 1.89472485 -0.182899296
v -0.0738592595 1.89606643 -0.182518288
v -0.0761336833 1.89158165 -0.18379198
v 0.0355934724 1.56163037 -0.277500838
v 0.0386499502 1.56297195 -0.277119845
v 0.0363755189 1.55848742 -0.278393507
v 0.0500799492 1.55501425 -0.279379845
v 0.052975934 1.55787504 -0.278567404
v 0.0562545918 1.55198801 -0.280239373
v 0.049452886 1.55107522 -0.280498624
v 0.0553098731 1.55860472 -0.278360188
v 0.0502112173 1.54883003 -0.281136245
v 0.0531084538 1.54604828 -0.281926334
v 0.0419103429 1.54297817 -0.282798231
v 0.0468968861 1.56593382 -0.276278645
v 0.03917877 1.55106521 -0.280501425
v 0.0594007373 1.55792773 -0.278552473
v 0.0553037971 1.56856132 -0.275532424
v 0.0355475321 1.54980922 -0.280858159
v 0.0367438234 1.55302298 -0.279945403
v 0.0382051282 1.54194117 -0.283092767
v 0.032444939 1.54449022 -0.282368839
v 0.0411367044 1.54001749 -0.283639073
v 0.0622979663 1.55514586 -0.279342502
v 0.0539980978 1.57205451 -0.274540275
v 0.0573390275 1.5709039 -0.274867117
v 0.0458188318 1.56949794 -0.275266379
v 0.0484686121 1.57503915 -0.273692667
v 0.0438191257 1.56667793 -0.276067317
v 0.0630563051 1.55290079 -0.279980153
v 0.0705988407 1.56099772 -0.277680516
v 0.0624292642 1.5489614 -0.281098932
v 0.0733304098 1.55291057 -0.279977322
v 0.0595129654 1.54616082 -0.281894326
v 0.05717903 1.54543149 -0.282101482
v 0.0655717254 1.53816235 -0.284165978
v 0.0571648292 1.53553462 -0.284912288
v 0.0769616663 1.55416667 -0.279620618
v 0.0757653564 1.55095291 -0.280533373
v 0.0743040591 1.56203485 -0.27738598
v 0.0800642371 1.55948579 -0.278109938
v 0.0713724792 1.56395841 -0.276839703
v 0.0584705248 1.53204143 -0.285904378
v 0.0551295877 1.5331924 -0.285577506
v 0.0666497722 1.53459799 -0.285178244
v 0.0686494783 1.53741801 -0.284377366
v 0.0649391189 1.5293504 -0.286668628
v 0.0630608723 1.52876341 -0.286835372
v 0.0674077421 1.51589417 -0.290490329
v 0.0692859814 1.51648128 -0.290323585
v 0.0700149015 1.5112493 -0.291809499
v 0.075443022 1.51294577 -0.291327655
v 0.0645867735 1.5095526 -0.292291373
v 0.0716829374 1.50631082 -0.293212056
v 0.078073144 1.50308788 -0.294127405
v 0.0684824809 1.50009024 -0.294978768
v 0.0976506248 1.42943096 -0.315046579
v 0.0462308154 1.53211284 -0.285884082
v 0.0448362716 1.53505301 -0.285049021
v 0.0494981222 1.53286517 -0.285670429
v 0.0662783682 1.57186306 -0.274594665
v 0.0676729232 1.56892288 -0.275429726
v 0.0630110651 1.57111084 -0.274808377
v 0.0769157261 1.54234552 -0.282977939
v 0.0738592595 1.54100394 -0.283358902
v 0.0761336759 1.5454886 -0.28208527
v -0.163110077 1.68429577 -0.242662907
v -0.161715522 1.6813556 -0.243497923
v -0.166377395 1.68354356 -0.2428765
v -0.169987738 1.67036057 -0.24662061
v -0.167013928 1.66757452 -0.247411817
v -0.173133865 1.66442072 -0.248307571
v -0.174082786 1.67096376 -0.246449307
v -0.166255578 1.66532946 -0.248049483
v -0.176416695 1.6702342 -0.246656492
v -0.179308489 1.66744721 -0.247447997
v -0.18249996 1.67821908 -0.244388714
v -0.158636481 1.67342234 -0.245751038
v -0.174093038 1.68084681 -0.243642405
v -0.166959211 1.66139412 -0.249167114
v -0.155904919 1.6653353 -0.248047799
v -0.16985102 1.65860724 -0.249958619
v -0.179949716 1.66353142 -0.248560101
v -0.172184944 1.65787756 -0.25016585
v -0.16376777 1.65062225 -0.252226472
v -0.176280037 1.658481 -0.249994501
v -0.172174677 1.64799452 -0.252972722
v -0.179191381 1.66128623 -0.249197766
v -0.187506393 1.65545797 -0.250853062
v -0.190237954 1.66354501 -0.248556271
v -0.152273685 1.66659141 -0.24769108
v -0.152032405 1.66488349 -0.248176113
v -0.153469965 1.66337752 -0.248603836
v -0.154931277 1.67445934 -0.245456487
v -0.149171084 1.67191041 -0.246180415
v -0.1557796 1.67597747 -0.245025367
v -0.157862857 1.67638302 -0.244910181
v -0.193869188 1.66228914 -0.248912975
v -0.194110483 1.66399682 -0.248427942
v -0.192672879 1.66550291 -0.24800019
v -0.191211581 1.65442085 -0.251147598
v -0.190363288 1.65290284 -0.251578718
v -0.188280001 1.65249717 -0.251693904
v -0.196666643 1.65606642 -0.250680238
v -0.197276905 1.65787315 -0.250167102
v -0.210655168 1.65369177 -0.251354665
v -0.210044891 1.65188503 -0.251867771
v -0.215483725 1.65118372 -0.25206694
v -0.213719994 1.64596224 -0.253549933
v -0.217247427 1.65640545 -0.250583947
v -0.220617443 1.64957929 -0.252522647
v -0.223967835 1.64343214 -0.254268467
v -0.227084026 1.65265787 -0.251648277
v -0.300537705 1.62459958 -0.25961709
v -0.193794966 1.67406309 -0.245569035
v -0.190738514 1.67540443 -0.245188072
v -0.193012953 1.67092025 -0.24646166
v -0.152472749 1.65477836 -0.251046091
v -0.155529231 1.6534369 -0.251427084
v -0.153254792 1.65792131 -0.250153452
v -0.170868963 1.64450145 -0.253964812
v -0.162689716 1.64705789 -0.253238738
v -0.1653395 1.6415168 -0.254812419
v -0.161111638 1.647874 -0.253006965
v -0.160690024 1.64987791 -0.2524378
v -0.172644332 1.64426935 -0.254030704
v -0.174209893 1.64565217 -0.253637969
v -0.183157668 1.64454556 -0.253952265
v -0.184552208 1.64748561 -0.253117263
v -0.17989035 1.64529777 -0.253738612
v -0.175398752 1.68434 -0.242650315
v -0.183578014 1.68178344 -0.243376419
v -0.18092823 1.68732452 -0.241802722
v -0.185156092 1.68096757 -0.243608147
v -0.185577735 1.67896342 -0.244177297
v -0.173623383 1.68457198 -0.242584437
v -0.172057822 1.68318903 -0.242977172
v 0.163110048 1.75277448 -0.223214373
v 0.161715522 1.75571465 -0.222379312
v 0.166377351 1.75352669 -0.223000705
v 0.169987708 1.7667098 -0.21925661
v 0.167013884 1.76949561 -0.218465418
v 0.17313385 1.77264965 -0.217569664
v 0.174082756 1.76610672 -0.219427928
v 0.166255563 1.77174067 -0.217827797
v 0.17641668 1.76683617 -0.219220728
v 0.179308474 1.76962304 -0.218429223
v 0.182499915 1.75885117 -0.221488565
v 0.158636466 1.76364803 -0.220126182
v 0.174093008 1.75622344 -0.22223483
v 0.166959181 1.77567613 -0.216710106
v 0.155904904 1.77173507 -0.217829406
v 0.175398722 1.75273037 -0.223226905
v 0.172057778 1.75388122 -0.222900048
v 0.183577985 1.75528681 -0.222500861
v 0.180928186 1.74974573 -0.224074543
v 0.185577691 1.75810683 -0.221699938
v 0.16985099 1.77846313 -0.215918601
v 0.152273655 1.77047896 -0.21818617
v 0.153469935 1.77369285 -0.217273384
v 0.154931262 1.76261091 -0.220420733
v 0.149171084 1.76515985 -0.219696805
v 0.157862827 1.76068735 -0.220967054
v 0.172184899 1.77919257 -0.215711415
v 0.16376774 1.78644812 -0.213650778
v 0.176279992 1.77858949 -0.215882719
v 0.172174677 1.78907573 -0.212904513
v 0.179191351 1.77578413 -0.216679454
v 0.179949686 1.77353883 -0.217317119
v 0.187506363 1.78161216 -0.215024218
v 0.190237924 1.77352524 -0.217320994
v 0.170868948 1.79256892 -0.211912423
v 0.174209878 1.79141796 -0.21223928
v 0.162689701 1.79001248 -0.212638482
v 0.165339485 1.79555345 -0.211064786
v 0.160689995 1.78719234 -0.213439405
v 0.193869188 1.77478111 -0.216964275
v 0.192672879 1.77156734 -0.217877015
v 0.191211566 1.78264952 -0.214729622
v 0.188279971 1.78457284 -0.214183345
v 0.196666598 1.78100371 -0.215197027
v 0.197276875 1.77919686 -0.215710178
v 0.210655138 1.7833786 -0.21452257
v 0.210044861 1.78518522 -0.214009449
v 0.21548368 1.78588653 -0.213810265
v 0.213719994 1.79110801 -0.212327302
v 0.217247412 1.7806648 -0.215293288
v 0.220617399 1.78749108 -0.213354558
v 0.223967835 1.79363811 -0.211608753
v 0.227084026 1.78441215 -0.214228988
v 0.300537705 1.81247067 -0.206260145
v 0.193794936 1.76300704 -0.220308229
v 0.190738499 1.76166582 -0.220689163
v 0.193012923 1.76615012 -0.21941559
v 0.15247272 1.78229201 -0.214831159
v 0.155529201 1.78363359 -0.214450151
v 0.153254747 1.77914894 -0.215723798
v 0.183157638 1.7925247 -0.21192497
v 0.184552163 1.78958452 -0.212760031
v 0.179890305 1.79177225 -0.212138653
v -0.0842552036 1.85717988 -0.193562388
v -0.0867311433 1.85499549 -0.194182739
v -0.0860086232 1.85993648 -0.192779467
v -0.100157954 1.85916579 -0.192998365
v -0.101993255 1.85558426 -0.194015533
v -0.107002616 1.86020875 -0.192702174
v -0.100827023 1.86309874 -0.191881388
v -0.103978619 1.85419679 -0.194409639
v -0.102269478 1.86500871 -0.191338956
v -0.105918512 1.86679292 -0.190832198
v -0.0962546989 1.87304151 -0.189057544
v -0.0936229676 1.84972715 -0.195679024
v -0.0910589397 1.86616206 -0.191011354
v -0.108086698 1.85362434 -0.194572166
v -0.100774325 1.84472895 -0.197098523
v -0.0880089179 1.8684361 -0.190365523
v -0.0881142467 1.86502397 -0.191334605
v -0.0930639729 1.8751291 -0.188464656
v -0.0867668614 1.87441707 -0.18866685
v -0.0964699984 1.87608719 -0.188192561
v -0.111735754 1.85540879 -0.194065392
v -0.0984104052 1.84179497 -0.197931796
v -0.1019575 1.8418963 -0.197903037
v -0.0914527029 1.84665787 -0.196550727
v -0.0921928063 1.84060025 -0.198271111
v -0.0904567763 1.84993398 -0.195620224
v -0.113178194 1.85731852 -0.19352299
v -0.117750525 1.84737587 -0.19634676
v -0.113847308 1.86125147 -0.192405999
v -0.122946277 1.85425532 -0.194392979
v -0.111973375 1.86478186 -0.191403314
v -0.109988019 1.86616933 -0.191009253
v -0.120305084 1.87058818 -0.189754292
v -0.113153763 1.87558615 -0.188334838
v -0.125996307 1.85198116 -0.195038855
v -0.12589097 1.85539329 -0.194069758
v -0.120941252 1.84528816 -0.196939707
v -0.127238348 1.84600019 -0.196737498
v -0.117535204 1.84433007 -0.197211817
v -0.115517654 1.87852037 -0.18750152
v -0.111970544 1.8784188 -0.187530324
v -0.122475356 1.87365735 -0.188882634
v -0.123471297 1.87038112 -0.189813137
v -0.122534111 1.87915671 -0.187320784
v -0.120936371 1.88027322 -0.187003672
v -0.129204616 1.89122045 -0.18389456
v -0.130802333 1.89010382 -0.184211686
v -0.133176282 1.89486313 -0.182860047
v -0.13779369 1.89163589 -0.183776587
v -0.1285588 1.89809036 -0.181943491
v -0.136349067 1.89906383 -0.181666985
v -0.143461838 1.90022957 -0.181335896
v -0.135303542 1.90593147 -0.179716527
v -0.185742512 1.96446168 -0.163093448
v -0.103854053 1.88209069 -0.186487496
v -0.10158328 1.87970901 -0.187163934
v -0.106719799 1.880404 -0.186966553
v -0.110151164 1.83832669 -0.198916838
v -0.112421952 1.84070837 -0.198240384
v -0.107285433 1.84001338 -0.19843778
v -0.129750043 1.86323738 -0.191842005
v -0.127274111 1.86542189 -0.191221595
v -0.127996579 1.86048079 -0.192624912
v 0.0842551887 1.57989025 -0.272314876
v 0.0867311284 1.58207488 -0.271694452
v 0.0860086009 1.57713366 -0.273097783
v 0.100157954 1.57790446 -0.272878885
v 0.101993233 1.58148599 -0.271861672
v 0.107002586 1.57686174 -0.273175061
v 0.100827008 1.57397151 -0.273995876
v 0.103978604 1.58287346 -0.271467656
v 0.102269456 1.5720619 -0.274538249
v 0.105918512 1.57027733 -0.275045037
v 0.096254684 1.56402886 -0.276819676
v 0.0936229602 1.58734322 -0.270198196
v 0.0910589173 1.57090819 -0.274865866
v 0.108086675 1.58344591 -0.271305084
v 0.100774303 1.59234142 -0.268778652
v 0.0880088955 1.56863415 -0.275511742
v 0.0881142318 1.57204628 -0.27454266
v 0.0930639505 1.56194103 -0.277412623
v 0.0867668539 1.56265318 -0.277210385
v 0.0964699984 1.56098306 -0.277684689
v 0.111735731 1.58166146 -0.271811843
v 0.0984103829 1.59527528 -0.267945409
v 0.101957478 1.59517407 -0.267974168
v 0.0914526954 1.59041274 -0.269326448
v 0.0921927914 1.59647 -0.267606109
v 0.0904567689 1.58713603 -0.270257026
v 0.113178186 1.57975161 -0.272354305
v 0.117750511 1.5896945 -0.269530416
v 0.113847293 1.57581878 -0.273471236
v 0.122946277 1.58281517 -0.271484196
v 0.11197336 1.57228827 -0.274473906
v 0.109988004 1.57090068 -0.274868011
v 0.120305069 1.56648219 -0.276122898
v 0.113153726 1.56148422 -0.277542382
v 0.125996292 1.58508909 -0.27083838
v 0.125890955 1.58167696 -0.271807462
v 0.120941237 1.59178221 -0.268937498
v 0.127238318 1.59107018 -0.269139707
v 0.117535189 1.59274018 -0.268665403
v 0.115517631 1.55855024 -0.278375655
v 0.111970544 1.55865145 -0.278346896
v 0.122475356 1.5634129 -0.276994616
v 0.12347126 1.56668937 -0.276064068
v 0.122534089 1.55791378 -0.278556406
v 0.120936371 1.55679703 -0.278873563
v 0.129204571 1.54584968 -0.28198269
v 0.130802333 1.54696655 -0.281665534
v 0.133176237 1.54220712 -0.283017218
v 0.13779369 1.54543424 -0.282100677
v 0.1285588 1.53898013 -0.283933759
v 0.136349067 1.53800631 -0.284210294
v 0.143461838 1.53684068 -0.284541339
v 0.135303542 1.53113878 -0.286160737
v 0.185742512 1.47260845 -0.302783817
v 0.103854053 1.55497968 -0.279389709
v 0.101583257 1.55736136 -0.278713286
v 0.106719799 1.55666637 -0.278910667
v 0.110151157 1.59874356 -0.266960382
v 0.112421952 1.59636176 -0.267636836
v 0.10728541 1.59705698 -0.267439395
v 0.129750013 1.57383299 -0.274035245
v 0.127274096 1.57164848 -0.27465561
v 0.127996579 1.57658958 -0.273252308
v -0.144127905 1.6374855 -0.255957395
v -0.141857117 1.63510358 -0.256633878
v -0.146993637 1.63579857 -0.256436497
v -0.146192372 1.62218761 -0.260302126
v -0.142469212 1.62042201 -0.26080355
v -0.147276461 1.61560333 -0.262172103
v -0.150280774 1.62154388 -0.260484904
v -0.141026765 1.61851227 -0.261345953
v -0.15226613 1.62015617 -0.26087901
v -0.154121086 1.61664605 -0.261875927
v -0.160616755 1.62594235 -0.25923574
v -0.136380345 1.62847388 -0.258516759
v -0.153465405 1.63094032 -0.257816225
v -0.140431821 1.61456048 -0.262468278
v -0.131184593 1.62159467 -0.260470539
v -0.15582934 1.63387442 -0.256982923
v -0.152282223 1.63377321 -0.257011712
v -0.162787035 1.62901163 -0.258364022
v -0.162046924 1.63506925 -0.256643623
v -0.163782954 1.62573516 -0.259294569
v -0.142286777 1.61105025 -0.263465196
v -0.128134549 1.6238687 -0.259824663
v -0.128239885 1.62045646 -0.260793746
v -0.133189604 1.63056159 -0.257923782
v -0.126892522 1.62984967 -0.25812602
v -0.136595652 1.63151979 -0.257651716
v -0.144272149 1.60966277 -0.263859272
v -0.133936167 1.60526419 -0.265108496
v -0.14836058 1.6090188 -0.264042109
v -0.141087517 1.6002661 -0.266527981
v -0.152030602 1.6108216 -0.263530135
v -0.153473049 1.61273146 -0.262987733
v -0.158066377 1.60280693 -0.265806377
v -0.163262129 1.60968614 -0.263852626
v -0.138723597 1.59733212 -0.267361253
v -0.142270684 1.59743345 -0.267332494
v -0.131765902 1.60219491 -0.265980214
v -0.132506013 1.5961374 -0.267700583
v -0.130769968 1.60547149 -0.265049636
v -0.166312173 1.60741222 -0.264498442
v -0.166206807 1.61082435 -0.26352936
v -0.161257118 1.60071909 -0.266399324
v -0.157851085 1.59976113 -0.266671419
v -0.166973785 1.60066271 -0.266415387
v -0.168134615 1.60219967 -0.265978843
v -0.17951484 1.59424603 -0.26823777
v -0.17835401 1.59270918 -0.268674225
v -0.183301404 1.59042537 -0.269322842
v -0.179946631 1.58598351 -0.270584345
v -0.186656162 1.59486711 -0.26806134
v -0.187668398 1.58737338 -0.270189643
v -0.18888016 1.58053112 -0.272132874
v -0.194807485 1.58837903 -0.269904047
v -0.255652636 1.53985894 -0.283684105
v -0.170023873 1.6186322 -0.261311889
v -0.167547941 1.62081659 -0.260691494
v -0.168270439 1.61587536 -0.262094855
v -0.124529056 1.61257446 -0.263032317
v -0.127004981 1.61039019 -0.263652682
v -0.126282468 1.61533117 -0.26224938
v -0.150425017 1.59372127 -0.268386781
v -0.15269582 1.59610307 -0.267710328
v -0.14755927 1.59540796 -0.267907739
v 0.14412789 1.79958487 -0.209919825
v 0.141857103 1.80196667 -0.209243387
v 0.146993622 1.8012718 -0.209440738
v 0.146192342 1.81488276 -0.205575094
v 0.142469198 1.81664801 -0.205073714
v 0.147276431 1.82146692 -0.203705147
v 0.150280744 1.81552625 -0.205392331
v 0.141026735 1.81855798 -0.204531297
v 0.152266085 1.81691384 -0.20499824
v 0.154121086 1.8204242 -0.204001293
v 0.160616741 1.8111279 -0.206641495
v 0.1363803 1.80859649 -0.207360476
v 0.153465375 1.80612993 -0.20806098
v 0.140431777 1.82250988 -0.203408942
v 0.131184563 1.81547558 -0.20540674
v 0.155829296 1.80319595 -0.208894268
v 0.152282208 1.80329704 -0.208865508
v 0.16278699 1.80805862 -0.207513198
v 0.16204688 1.802001 -0.209233627
v 0.163782939 1.81133509 -0.206582651
v 0.142286763 1.82602 -0.202412024
v 0.128134519 1.81320155 -0.206052572
v 0.128239855 1.81661367 -0.205083475
v 0.133189604 1.80650854 -0.207953423
v 0.126892477 1.8072207 -0.2077512
v 0.136595607 1.80555046 -0.208225533
v 0.144272119 1.8274076 -0.202017933
v 0.133936122 1.83180594 -0.200768739
v 0.14836055 1.82805121 -0.201835126
v 0.141087487 1.83680403 -0.199349284
v 0.152030572 1.82624853 -0.202347115
v 0.153473035 1.82433879 -0.202889502
v 0.158066362 1.83426321 -0.200070858
v 0.163262099 1.827384 -0.202024624
v 0.138723582 1.83973813 -0.198515967
v 0.142270669 1.8396368 -0.19854477
v 0.131765872 1.83487535 -0.199897036
v 0.132505998 1.84093285 -0.198176652
v 0.130769938 1.83159888 -0.200827569
v 0.166312158 1.82965815 -0.201378763
v 0.166206792 1.82624602 -0.20234786
v 0.161257088 1.83635092 -0.199477941
v 0.15785104 1.83730912 -0.199205846
v 0.16697374 1.83640778 -0.199461833
v 0.168134585 1.83487058 -0.199898392
v 0.17951481 1.84282434 -0.197639465
v 0.178353995 1.84436119 -0.197202981
v 0.183301389 1.84664488 -0.196554407
v 0.179946631 1.85108674 -0.195292875
v 0.186656147 1.84220314 -0.197815865
v 0.187668353 1.84969687 -0.195687577
v 0.18888016 1.85653913 -0.193744376
v 0.194807485 1.84869123 -0.195973217
v 0.255652636 1.89721131 -0.182193115
v 0.170023844 1.81843817 -0.204565331
v 0.167547926 1.81625378 -0.205185726
v 0.168270439 1.82119501 -0.20378238
v 0.124529034 1.82449567 -0.202844933
v 0.127004966 1.82668006 -0.202224538
v 0.126282454 1.82173896 -0.203627869
v 0.150425002 1.84334898 -0.197490454
v 0.152695775 1.84096718 -0.198166907
v 0.147559255 1.84166229 -0.197969496
v -0.124669448 1.8253485 -0.202602759
v -0.126322493 1.82253492 -0.203401834
v -0.127222598 1.82744884 -0.202006206
v -0.140431806 1.82250988 -0.203408942
v -0.141026765 1.81855798 -0.204531297
v -0.147276461 1.82146692 -0.203705117
v -0.142331511 1.82605112 -0.202403158
v -0.142469212 1.81664824 -0.20507367
v -0.144316882 1.82743871 -0.202009082
v -0.148360536 1.82805121 -0.201835126
v -0.141176954 1.83686662 -0.199331522
v -0.131184593 1.8154757 -0.205406696
v -0.134025604 1.83186853 -0.200750977
v -0.146192372 1.81488264 -0.205575138
v -0.136380345 1.80859625 -0.207360506
v -0.131855354 1.83493781 -0.199879304
v -0.130859435 1.83166134 -0.200809851
v -0.138813064 1.83980072 -0.198498204
v -0.132595435 1.84099531 -0.198158935
v -0.142360166 1.83969915 -0.198527053
v -0.150236055 1.81549513 -0.205401212
v -0.133189604 1.80650854 -0.207953423
v -0.136595652 1.80555046 -0.208225533
v -0.128134549 1.81320155 -0.206052572
v -0.126892522 1.80722058 -0.207751229
v -0.128239885 1.81661367 -0.205083475
v -0.152221397 1.81688273 -0.205007106
v -0.153375953 1.80606735 -0.208078757
v -0.154121161 1.82042396 -0.204001322
v -0.160527304 1.81106544 -0.206659213
v -0.153473049 1.82433879 -0.202889502
v -0.152030602 1.82624876 -0.202347085
v -0.163262129 1.827384 -0.202024624
v -0.158066407 1.83426321 -0.200070858
v -0.162697554 1.80799615 -0.207530975
v -0.163693488 1.8112725 -0.206600428
v -0.155739874 1.80313325 -0.20891206
v -0.161957458 1.80193853 -0.209251359
v -0.152192786 1.8032347 -0.208883241
v -0.161257088 1.83635092 -0.199477941
v -0.15785107 1.83730912 -0.199205846
v -0.166312173 1.82965803 -0.201378793
v -0.166206807 1.82624602 -0.20234786
v -0.168134585 1.8348707 -0.199898347
v -0.166973755 1.83640754 -0.199461877
v -0.17835401 1.84436119 -0.197202951
v -0.179514825 1.84282434 -0.197639465
v -0.183301404 1.84664488 -0.196554407
v -0.186656147 1.84220302 -0.19781591
v -0.179946631 1.8510865 -0.195292905
v -0.187668398 1.84969687 -0.195687577
v -0.194807485 1.84869123 -0.195973217
v -0.188880116 1.85653913 -0.193744332
v -0.255652636 1.89721131 -0.182193115
v -0.151311353 1.84321392 -0.197528794
v -0.148386598 1.84162378 -0.197980419
v -0.153494969 1.84075785 -0.198226348
v -0.143241569 1.79971993 -0.20988147
v -0.14616634 1.80131018 -0.20942983
v -0.141057938 1.802176 -0.209183931
v -0.169883519 1.81758559 -0.20480746
v -0.168230459 1.82039917 -0.2040084
v -0.16733034 1.81548524 -0.205404028
v 0.124669418 1.61172187 -0.263274461
v 0.126322478 1.61453533 -0.262475401
v 0.127222568 1.60962141 -0.263871014
v 0.140431777 1.61456048 -0.262468278
v 0.141026735 1.61851239 -0.261345923
v 0.147276431 1.61560333 -0.262172103
v 0.142331511 1.6110189 -0.263474107
v 0.142469168 1.62042201 -0.26080355
v 0.144316867 1.60963142 -0.263868153
v 0.148360521 1.60901916 -0.26404205
v 0.141176954 1.60020363 -0.266545713
v 0.131184563 1.62159467 -0.260470539
v 0.134025589 1.60520172 -0.265126228
v 0.146192342 1.62218761 -0.260302126
v 0.1363803 1.62847388 -0.258516759
v 0.131855339 1.60213232 -0.265997946
v 0.13085942 1.60540891 -0.265067428
v 0.138813019 1.59726954 -0.267379016
v 0.132595435 1.59607482 -0.267718345
v 0.142360136 1.59737098 -0.267350227
v 0.150236011 1.62157524 -0.260476023
v 0.133189604 1.63056159 -0.257923812
v 0.136595607 1.63151979 -0.257651716
v 0.128134519 1.6238687 -0.259824663
v 0.126892477 1.62984967 -0.25812602
v 0.128239855 1.62045646 -0.260793746
v 0.152221367 1.62018764 -0.260870129
v 0.153375939 1.6310029 -0.257798463
v 0.154121131 1.61664605 -0.261875927
v 0.160527289 1.62600493 -0.259217948
v 0.153473035 1.61273146 -0.262987733
v 0.152030557 1.6108216 -0.263530135
v 0.163262114 1.60968626 -0.263852596
v 0.158066362 1.60280693 -0.265806377
v 0.162697539 1.62907422 -0.25834626
v 0.163693458 1.62579775 -0.259276807
v 0.155739844 1.633937 -0.25696519
v 0.161957428 1.63513184 -0.256625861
v 0.152192757 1.63383567 -0.256993949
v 0.161257088 1.60071909 -0.266399324
v 0.15785104 1.59976113 -0.266671419
v 0.166312158 1.60741222 -0.264498442
v 0.166206792 1.61082435 -0.26352936
v 0.16813457 1.60219967 -0.265978843
v 0.16697374 1.60066283 -0.266415328
v 0.178353995 1.59270906 -0.268674284
v 0.17951481 1.59424603 -0.26823777
v 0.183301389 1.59042549 -0.269322813
v 0.186656147 1.59486711 -0.26806134
v 0.179946616 1.58598375 -0.270584315
v 0.187668383 1.58737338 -0.270189643
v 0.194807485 1.58837903 -0.269904047
v 0.188880116 1.58053112 -0.272132874
v 0.255652636 1.53985894 -0.283684105
v 0.151311323 1.59385633 -0.268348426
v 0.148386598 1.59544647 -0.267896831
v 0.153494969 1.5963124 -0.267650872
v 0.143241569 1.63735032 -0.25599581
v 0.14616631 1.63576019 -0.256447405
v 0.141057923 1.63489437 -0.256693304
v 0.169883475 1.61948466 -0.261069745
v 0.168230429 1.61667109 -0.261868805
v 0.167330325 1.62158537 -0.260473162
v -0.111037508 1.59860849 -0.266998738
v -0.108112752 1.59701836 -0.267450333
v -0.113221139 1.59615242 -0.267696291
v -0.108086698 1.58344591 -0.271305084
v -0.103978619 1.58287346 -0.271467656
v -0.107002601 1.57686174 -0.273175061
v -0.111768246 1.58161831 -0.271824092
v -0.101993255 1.58148599 -0.271861672
v -0.113210693 1.5797087 -0.272366494
v -0.113847256 1.57581878 -0.273471236
v -0.123011291 1.58272898 -0.271508664
v -0.100774303 1.5923413 -0.268778712
v -0.117815502 1.58960831 -0.269554883
v -0.100157954 1.57790446 -0.272878885
v -0.0936229676 1.58734322 -0.270198196
v -0.12100625 1.59169602 -0.268961966
v -0.117600203 1.59265411 -0.268689871
v -0.12606132 1.58500302 -0.270862848
v -0.127303347 1.59098411 -0.269164145
v -0.125955969 1.58159101 -0.2718319
v -0.100794531 1.57401454 -0.273983657
v -0.0914527029 1.59041262 -0.269326478
v -0.0904567763 1.58713603 -0.270257026
v -0.0984104052 1.59527528 -0.267945409
v -0.0921928063 1.59647012 -0.26760605
v -0.101957478 1.59517407 -0.267974168
v -0.102236986 1.57210493 -0.27452603
v -0.0909939483 1.57099426 -0.274841458
v -0.105918549 1.57027733 -0.275045037
v -0.0961897075 1.56411493 -0.276795238
v -0.109988019 1.5709008 -0.274867982
v -0.111973375 1.57228827 -0.274473906
v -0.113153741 1.56148398 -0.277542442
v -0.120305084 1.56648207 -0.276122928
v -0.0929989815 1.56202722 -0.277388155
v -0.0964050069 1.56106913 -0.277660251
v -0.0879439116 1.56872022 -0.275487274
v -0.0867018849 1.56273925 -0.277185947
v -0.0880492553 1.57213235 -0.274518192
v -0.122475356 1.56341279 -0.276994646
v -0.123471297 1.56668925 -0.276064098
v -0.115517668 1.55855024 -0.278375655
v -0.111970544 1.55865145 -0.278346896
v -0.120936371 1.55679703 -0.278873563
v -0.122534126 1.55791378 -0.278556406
v -0.130802333 1.54696631 -0.281665564
v -0.129204616 1.54584968 -0.28198269
v -0.133176282 1.54220712 -0.283017218
v -0.128558829 1.53898013 -0.283933759
v -0.137793705 1.54543424 -0.282100677
v -0.136349067 1.53800642 -0.284210265
v -0.135303542 1.53113878 -0.286160737
v -0.143461838 1.53684068 -0.284541339
v -0.185742512 1.47260845 -0.302783817
v -0.12960963 1.57298028 -0.274277389
v -0.127956599 1.57579374 -0.273478359
v -0.127056479 1.57087958 -0.274874002
v -0.08439558 1.58074307 -0.272072703
v -0.0860486329 1.5779295 -0.272871763
v -0.0869487524 1.58284354 -0.27147612
v -0.102967717 1.55511451 -0.279351413
v -0.105892472 1.55670488 -0.278899759
v -0.100784101 1.55757082 -0.27865383
v 0.111037493 1.83846176 -0.198878482
v 0.10811273 1.84005189 -0.198426872
v 0.113221131 1.84091783 -0.198180944
v 0.108086675 1.85362422 -0.194572195
v 0.103978604 1.85419679 -0.194409639
v 0.107002586 1.86020875 -0.192702174
v 0.111768223 1.85545182 -0.194053143
v 0.101993233 1.85558426 -0.194015533
v 0.113210678 1.85736167 -0.193510756
v 0.113847233 1.86125147 -0.192405999
v 0.123011254 1.85434103 -0.194368601
v 0.100774303 1.84472895 -0.197098523
v 0.117815502 1.84746194 -0.196322337
v 0.100157939 1.85916579 -0.192998365
v 0.0936229602 1.84972703 -0.195679069
v 0.121006228 1.84537423 -0.196915254
v 0.11760018 1.84441614 -0.197187349
v 0.126061305 1.85206723 -0.195014402
v 0.127303332 1.84608603 -0.196713105
v 0.125955939 1.85547936 -0.194045335
v 0.100794531 1.86305559 -0.191893637
v 0.0914526954 1.84665763 -0.196550786
v 0.0904567689 1.84993398 -0.195620224
v 0.0984103829 1.84179497 -0.197931796
v 0.0921927914 1.84060013 -0.198271155
v 0.101957478 1.8418963 -0.197903037
v 0.102236964 1.86496544 -0.19135122
v 0.0909939185 1.86607611 -0.191035777
v 0.105918527 1.86679292 -0.190832198
v 0.0961897075 1.87295544 -0.189081982
v 0.109988004 1.86616933 -0.191009253
v 0.11197336 1.86478174 -0.191403344
v 0.113153726 1.87558615 -0.188334838
v 0.120305069 1.87058806 -0.189754322
v 0.0929989591 1.87504315 -0.188489065
v 0.096404992 1.87600088 -0.188217029
v 0.0879438967 1.86835003 -0.190389946
v 0.0867018849 1.87433112 -0.188691273
v 0.0880492479 1.86493802 -0.191358998
v 0.122475356 1.87365746 -0.188882589
v 0.12347126 1.87038112 -0.189813137
v 0.115517631 1.87852013 -0.187501565
v 0.111970544 1.8784188 -0.187530324
v 0.120936371 1.88027322 -0.187003672
v 0.122534089 1.87915659 -0.187320814
v 0.130802333 1.89010382 -0.184211686
v 0.129204601 1.89122045 -0.18389456
v 0.133176237 1.89486313 -0.182860047
v 0.1285588 1.89809036 -0.181943491
v 0.13779369 1.89163589 -0.183776587
v 0.136349067 1.89906383 -0.181666985
v 0.135303542 1.90593147 -0.179716527
v 0.143461838 1.90022945 -0.181335941
v 0.185742512 1.96446168 -0.163093448
v 0.12960963 1.86409009 -0.191599816
v 0.127956584 1.86127651 -0.192398906
v 0.127056465 1.86619055 -0.191003263
v 0.0843955725 1.8563273 -0.193804532
v 0.0860486105 1.85914063 -0.193005502
v 0.0869487375 1.85422683 -0.19440107
v 0.102967717 1.88195562 -0.186525851
v 0.105892457 1.88036537 -0.186977491
v 0.100784071 1.87949967 -0.18722339
v -0.152880162 1.78306139 -0.214612663
v -0.153548509 1.77989411 -0.215512156
v -0.15598312 1.78429985 -0.214260876
v -0.166959211 1.77567589 -0.21671015
v -0.166255578 1.77174067 -0.217827797
v -0.17313385 1.77264965 -0.217569664
v -0.169903621 1.77847958 -0.215913922
v -0.167013928 1.76949561 -0.218465418
v -0.17223753 1.7792089 -0.215706766
v -0.176279977 1.77858949 -0.215882719
v -0.17227985 1.78910875 -0.21289514
v -0.155904919 1.77173507 -0.217829406
v -0.163872927 1.78648102 -0.21364145
v -0.169987738 1.7667098 -0.21925661
v -0.158636495 1.76364791 -0.220126241
v -0.162794918 1.79004526 -0.212629154
v -0.160795167 1.78722513 -0.213430077
v -0.17097415 1.7926017 -0.211903095
v -0.165444657 1.79558623 -0.211055458
v -0.17431508 1.79145098 -0.212229908
v -0.174030185 1.76609015 -0.219432563
v -0.154931292 1.76261091 -0.220420733
v -0.157862857 1.76068735 -0.220967054
v -0.152273685 1.77047896 -0.21818617
v -0.149171084 1.76515973 -0.219696835
v -0.153469995 1.77369285 -0.217273384
v -0.176364094 1.76681972 -0.219225377
v -0.173987865 1.75619066 -0.222244158
v -0.179308563 1.76962328 -0.218429178
v -0.182394788 1.75881815 -0.221497893
v -0.179949716 1.77353883 -0.217317119
v -0.179191381 1.77578402 -0.216679499
v -0.190237939 1.77352524 -0.217320994
v -0.187506393 1.7816124 -0.215024173
v -0.183472842 1.75525403 -0.222510144
v -0.185472548 1.75807405 -0.221709266
v -0.175293595 1.75269747 -0.223236233
v -0.180823058 1.74971294 -0.224083871
v -0.171952665 1.7538482 -0.222909406
v -0.191211566 1.7826494 -0.214729667
v -0.188280001 1.78457308 -0.214183301
v -0.193869188 1.77478111 -0.216964275
v -0.192672879 1.77156734 -0.217877015
v -0.197276905 1.77919686 -0.215710178
v -0.196666598 1.78100371 -0.215197027
v -0.210044891 1.78518522 -0.214009449
v -0.210655168 1.7833786 -0.21452257
v -0.215483755 1.78588629 -0.21381031
v -0.217247427 1.78066492 -0.215293244
v -0.213719994 1.79110801 -0.212327302
v -0.220617443 1.78749108 -0.213354558
v -0.227084041 1.78441215 -0.214228988
v -0.223967835 1.79363811 -0.211608753
v -0.300537705 1.81247067 -0.206260145
v -0.183957234 1.79213285 -0.212036282
v -0.180664808 1.79148996 -0.212218851
v -0.185245007 1.78914785 -0.212884024
v -0.162310496 1.75316644 -0.223103061
v -0.165602922 1.75380933 -0.222920448
v -0.161022723 1.75615144 -0.222255304
v -0.193387598 1.76223803 -0.220526636
v -0.192719251 1.76540518 -0.219627127
v -0.19028461 1.7609992 -0.220878467
v 0.152880147 1.6540091 -0.251264572
v 0.153548464 1.65717638 -0.250365019
v 0.155983105 1.65277016 -0.251616389
v 0.166959181 1.66139412 -0.249167114
v 0.166255549 1.66532946 -0.248049483
v 0.17313385 1.66442072 -0.248307571
v 0.169903606 1.65859079 -0.249963313
v 0.167013884 1.66757452 -0.247411817
v 0.17223753 1.65786123 -0.250170499
v 0.176279962 1.65848112 -0.249994457
v 0.172279835 1.6479615 -0.25298211
v 0.155904904 1.6653353 -0.248047799
v 0.163872913 1.65058923 -0.25223583
v 0.169987693 1.67036033 -0.246620655
v 0.158636481 1.67342234 -0.245751038
v 0.162794873 1.64702511 -0.253248066
v 0.160795152 1.64984488 -0.252447188
v 0.17097412 1.64446867 -0.25397414
v 0.165444642 1.6414839 -0.254821807
v 0.174315065 1.64561915 -0.253647327
v 0.17403017 1.67098022 -0.246444628
v 0.154931262 1.67445934 -0.245456487
v 0.157862827 1.67638302 -0.244910181
v 0.152273655 1.66659141 -0.24769108
v 0.149171084 1.67191041 -0.246180415
v 0.153469935 1.66337752 -0.248603836
v 0.176364094 1.67025054 -0.246651858
v 0.173987865 1.68087983 -0.243633077
v 0.179308549 1.66744721 -0.247447997
v 0.182394773 1.6782521 -0.244379342
v 0.179949701 1.66353142 -0.248560101
v 0.179191336 1.66128623 -0.249197766
v 0.190237924 1.66354501 -0.248556271
v 0.187506363 1.65545797 -0.250853032
v 0.183472797 1.68181634 -0.243367061
v 0.185472518 1.67899621 -0.244167969
v 0.17529355 1.68437278 -0.242640987
v 0.180823013 1.68735743 -0.241793364
v 0.17195262 1.68322206 -0.242967844
v 0.191211566 1.65442109 -0.251147538
v 0.188279971 1.65249741 -0.251693875
v 0.193869188 1.66228914 -0.248912975
v 0.192672879 1.66550291 -0.24800019
v 0.197276875 1.65787315 -0.250167102
v 0.196666598 1.65606654 -0.250680178
v 0.210044861 1.65188503 -0.251867771
v 0.210655138 1.65369177 -0.251354665
v 0.21548368 1.65118372 -0.25206694
v 0.217247412 1.65640545 -0.250583947
v 0.213719994 1.64596236 -0.253549904
v 0.220617399 1.64957929 -0.252522647
v 0.227084041 1.65265799 -0.251648247
v 0.223967835 1.64343214 -0.254268467
v 0.300537705 1.62459958 -0.25961709
v 0.183957189 1.64493752 -0.253840923
v 0.180664808 1.64558053 -0.253658324
v 0.185244992 1.64792228 -0.252993226
v 0.162310481 1.68390381 -0.242774218
v 0.165602893 1.68326092 -0.242956787
v 0.161022678 1.68091905 -0.243621916
v 0.193387568 1.67483222 -0.245350584
v 0.192719206 1.67166519 -0.246250093
v 0.190284565 1.67607117 -0.244998723
v -0.0670779645 1.57147121 -0.274706006
v -0.0637855306 1.5708282 -0.274888575
v -0.0683657527 1.56848633 -0.275553733
v -0.0594007373 1.55792773 -0.278552473
v -0.0553098805 1.5586046 -0.278360218
v -0.0562545992 1.55198801 -0.280239373
v -0.062315058 1.5550952 -0.279356927
v -0.0529759452 1.55787504 -0.278567404
v -0.0630733967 1.55285037 -0.279994488
v -0.0624292567 1.5489614 -0.281098932
v -0.0733646005 1.5528096 -0.280006051
v -0.0553038046 1.56856155 -0.275532365
v -0.070633024 1.56089652 -0.277709275
v -0.0500799604 1.55501425 -0.279379845
v -0.0468969047 1.5659337 -0.276278675
v -0.074338235 1.56193352 -0.277414739
v -0.071406655 1.5638572 -0.276868403
v -0.0769958347 1.55406547 -0.279649377
v -0.0800984353 1.55938458 -0.278138667
v -0.0757995322 1.5508517 -0.280562103
v -0.0494358055 1.55112576 -0.280484259
v -0.0458188392 1.56949794 -0.275266379
v -0.0438191406 1.56667793 -0.276067317
v -0.0539981015 1.57205439 -0.274540335
v -0.0484686308 1.57503903 -0.273692697
v -0.0573390387 1.57090378 -0.274867147
v -0.0501941592 1.54888058 -0.28112191
v -0.0391446054 1.5511663 -0.280472726
v -0.0531084612 1.54604805 -0.281926364
v -0.0418761857 1.54307938 -0.282769501
v -0.0571790412 1.54543149 -0.282101482
v -0.059512984 1.54616082 -0.281894326
v -0.0571648292 1.53553462 -0.284912288
v -0.0655717328 1.53816223 -0.284166008
v -0.0381709673 1.54204226 -0.283064067
v -0.0411025509 1.54011881 -0.283610314
v -0.0355133563 1.54991043 -0.28082943
v -0.0324108005 1.54459119 -0.282340109
v -0.0367096663 1.55312431 -0.279916674
v -0.0666497946 1.53459787 -0.285178304
v -0.0686495006 1.53741801 -0.284377366
v -0.0584705286 1.53204143 -0.285904378
v -0.0551295877 1.53319228 -0.285577536
v -0.0630608872 1.52876341 -0.286835372
v -0.0649391264 1.5293504 -0.286668628
v -0.0692859814 1.51648116 -0.290323645
v -0.0674077421 1.51589417 -0.290490329
v -0.0700149089 1.51124918 -0.291809559
v -0.0645867661 1.5095526 -0.292291373
v -0.0754430518 1.51294577 -0.291327655
v -0.0716829449 1.50631082 -0.293212056
v -0.0684824958 1.50009024 -0.294978768
v -0.0780731589 1.50308788 -0.294127405
v -0.0976506248 1.42943096 -0.315046579
v -0.0765082985 1.54157639 -0.28319639
v -0.0758399814 1.54474342 -0.282296866
v -0.0734053403 1.54033744 -0.283548206
v -0.0360008925 1.56239951 -0.277282417
v -0.0366692282 1.55923247 -0.278181911
v -0.0391038805 1.56363833 -0.276930571
v -0.0454312302 1.5325048 -0.285772771
v -0.048723653 1.53314769 -0.285590172
v -0.044143457 1.53548968 -0.284925044
v 0.0670779571 1.86559927 -0.191171199
v 0.0637855232 1.86624181 -0.190988675
v 0.0683657527 1.86858404 -0.190323487
v 0.0594007373 1.87914276 -0.187324762
v 0.0553098805 1.87846565 -0.187517047
v 0.0562545806 1.88508236 -0.185637847
v 0.0623150431 1.88197494 -0.186520368
v 0.0529759452 1.87919509 -0.187309846
v 0.0630733818 1.88422012 -0.185882732
v 0.0624292567 1.88810861 -0.184778348
v 0.0733645931 1.88426065 -0.185871199
v 0.0553037971 1.86850882 -0.19034484
v 0.0706330016 1.87617385 -0.188167945
v 0.0500799417 1.88205588 -0.18649736
v 0.0468968898 1.87113643 -0.18959859
v 0.0743382275 1.87513673 -0.188462481
v 0.0714066476 1.87321305 -0.189008847
v 0.0769958347 1.88300467 -0.186227903
v 0.0800984204 1.87768567 -0.187738553
v 0.0757995322 1.88621867 -0.185315132
v 0.0494358055 1.88594449 -0.185392961
v 0.045818828 1.86757219 -0.190610856
v 0.0438191257 1.8703922 -0.189809948
v 0.0539980978 1.86501563 -0.19133693
v 0.0484686233 1.86203122 -0.192184582
v 0.0573390201 1.86616647 -0.191010103
v 0.0501941368 1.88818979 -0.184755296
v 0.0391445868 1.88590372 -0.185404539
v 0.0531084612 1.89102209 -0.183950901
v 0.0418761708 1.89399087 -0.183107749
v 0.0571790412 1.89163888 -0.183775723
v 0.0595129766 1.89090919 -0.183982953
v 0.0571648292 1.90153575 -0.180964947
v 0.0655717328 1.89890802 -0.181711212
v 0.0381709561 1.89502788 -0.182813227
v 0.041102536 1.89695156 -0.182266906
v 0.0355133563 1.88715982 -0.18504779
v 0.0324107893 1.89247894 -0.183537155
v 0.0367096551 1.88394606 -0.185960576
v 0.0666497946 1.90247238 -0.180698931
v 0.0686494783 1.89965236 -0.181499839
v 0.0584705137 1.9050287 -0.179972917
v 0.0551295877 1.90387797 -0.180299729
v 0.0630608723 1.90830684 -0.179041892
v 0.0649391189 1.90771973 -0.179208636
v 0.0692859814 1.92058909 -0.175553635
v 0.0674077421 1.92117608 -0.175386935
v 0.0700149015 1.92582107 -0.174067721
v 0.0645867661 1.92751765 -0.173585847
v 0.075443022 1.92412436 -0.17454955
v 0.0716829449 1.93075943 -0.172665179
v 0.0684824958 1.93698013 -0.170898452
v 0.0780731589 1.93398249 -0.171749815
v 0.0976506248 2.00763917 -0.150830686
v 0.0741215274 1.89106011 -0.183940098
v 0.0713525116 1.89607096 -0.182516977
v 0.0765082985 1.89549387 -0.18268089
v 0.0360008813 1.87467086 -0.188594818
v 0.0366692282 1.87783778 -0.187695369
v 0.0391038656 1.8734318 -0.188946679
v 0.0454312302 1.90456557 -0.180104464
v 0.0487236492 1.90392256 -0.180287078
v 0.0441434421 1.90158057 -0.180952221
vt 0.0798950195 0.69140625
vt 0.0799560547 0.698242188
vt 0.0838012695 0.692871094
vt 0.0775146484 0.691894531
vt 0.0799560547 0.698242188
vt 0.0811767578 0.681640625
vt 0.0742797852 0.694335938
vt 0.0725097656 0.683105469
vt 0.0719604492 0.679199219
vt 0.0695800781 0.682128906
vt 0.0803222656 0.677734375
vt 0.0834960938 0.679199219
vt 0.0762329102 0.673828125
vt 0.0742797852 0.674316406
vt 0.0716552734 0.66015625
vt 0.0736083984 0.66015625
vt 0.0715942383 0.654785156
vt 0.0771484375 0.653808594
vt 0.0660400391 0.65625
vt 0.0706176758 0.649902344
vt 0.0745239258 0.643554688
vt 0.0646972656 0.645507812
vt 0.0548400879 0.567871094
vt 0.0856323242 0.702148438
vt 0.0799560547 0.698242188
vt 0.0823974609 0.704589844
vt 0.0953369141 0.712402344
vt 0.0983276367 0.708007812
vt 0.0985717773 0.711425781
vt 0.0867919922 0.698242188
vt 0.0863037109 0.695800781
vt 0.0969238281 0.699707031
vt 0.0952758789 0.690917969
vt 0.0990600586 0.690429688
vt 0.0963745117 0.687988281
vt 0.100646973 0.698730469
vt 0.104370117 0.693847656
vt 0.0990600586 0.702148438
vt 0.0800170898 0.705078125
vt 0.0761108398 0.704101562
vt 0.0787353516 0.715332031
vt 0.0736083984 0.700683594
vt 0.0874023438 0.713867188
vt 0.0880126953 0.717773438
vt 0.0903320312 0.71484375
vt 0.0795898438 0.719238281
vt 0.0846557617 0.723144531
vt 0.0764770508 0.717773438
vt 0.0659179688 0.713867188
vt 0.0701293945 0.716796875
vt 0.0667724609 0.716796875
vt 0.0799560547 0.698242188
vt 0.0731201172 0.698242188
vt 0.0629882812 0.697265625
vt 0.0646362305 0.705566406
vt 0.0608520508 0.706542969
vt 0.0634765625 0.708496094
vt 0.0592346191 0.697753906
vt 0.0555114746 0.703125
vt 0.0608215332 0.694824219
vt 0.0645141602 0.684570312
vt 0.0615844727 0.688476562
vt 0.0613098145 0.685058594
vt 0.0931396484 0.6796875
vt 0.0897827148 0.680175781
vt 0.0939941406 0.683105469
vt 0.392089844 0.713867188
vt 0.3984375 0.713867188
vt 0.392578125 0.711425781
vt 0.384277344 0.70703125
vt 0.3828125 0.71484375
vt 0.379394531 0.714355469
vt 0.380859375 0.717285156
vt 0.380859375 0.706542969
vt 0.375976562 0.709472656
vt 0.383300781 0.704101562
vt 0.3984375 0.713867188
vt 0.395019531 0.708496094
vt 0.3984375 0.713867188
vt 0.3984375 0.707519531
vt 0.389892578 0.696289062
vt 0.385986328 0.69921875
vt 0.386962891 0.696289062
vt 0.404296875 0.715820312
vt 0.402099609 0.719238281
vt 0.406982422 0.730957031
vt 0.410888672 0.728515625
vt 0.409912109 0.731445312
vt 0.3984375 0.713867188
vt 0.3984375 0.720214844
vt 0.404785156 0.713867188
vt 0.412597656 0.720703125
vt 0.4140625 0.712402344
vt 0.417480469 0.713378906
vt 0.416015625 0.710449219
vt 0.416015625 0.721191406
vt 0.420898438 0.718261719
vt 0.413574219 0.723144531
vt 0.396240234 0.719726562
vt 0.391601562 0.728027344
vt 0.393310547 0.717285156
vt 0.399658203 0.729492188
vt 0.398925781 0.732910156
vt 0.401855469 0.731445312
vt 0.391113281 0.731445312
vt 0.394287109 0.736328125
vt 0.388916016 0.729003906
vt 0.381347656 0.722167969
vt 0.383789062 0.726074219
vt 0.380859375 0.725097656
vt 0.400634766 0.708007812
vt 0.403808594 0.709960938
vt 0.405273438 0.699707031
vt 0.397216797 0.698242188
vt 0.397949219 0.694824219
vt 0.395263672 0.696289062
vt 0.405761719 0.696289062
vt 0.407958984 0.698730469
vt 0.403564453 0.69140625
vt 0.401855469 0.690917969
vt 0.404052734 0.678222656
vt 0.406005859 0.678710938
vt 0.406005859 0.673828125
vt 0.411132812 0.674804688
vt 0.400878906 0.672851562
vt 0.406982422 0.668945312
vt 0.412353516 0.665039062
vt 0.403320312 0.663574219
vt 0.420898438 0.593261719
vt 0.3984375 0.713867188
vt 0.415771484 0.705078125
vt 0.413085938 0.701171875
vt 0.416015625 0.702148438
vt 0.665039062 0.0502929688
vt 0.666015625 0.0473327637
vt 0.662109375 0.0499572754
vt 0.657226562 0.0378723145
vt 0.659667969 0.0348510742
vt 0.653320312 0.0325927734
vt 0.653320312 0.0389099121
vt 0.659667969 0.032623291
vt 0.651367188 0.0385131836
vt 0.6484375 0.0361938477
vt 0.646484375 0.0468139648
vt 0.66796875 0.0394287109
vt 0.654785156 0.0483093262
vt 0.658691406 0.0289764404
vt 0.669433594 0.0314025879
vt 0.655761719 0.0266723633
vt 0.646972656 0.0325622559
vt 0.653320312 0.026260376
vt 0.66015625 0.0183563232
vt 0.649902344 0.0273132324
vt 0.65234375 0.0168609619
vt 0.647460938 0.0303344727
vt 0.639160156 0.0257720947
vt 0.637695312 0.033782959
vt 0.672851562 0.0321655273
vt 0.672851562 0.0305175781
vt 0.671386719 0.0292510986
vt 0.671386719 0.0399780273
vt 0.676269531 0.0368652344
vt 0.670898438 0.0415039062
vt 0.668945312 0.0421447754
vt 0.634277344 0.0330200195
vt 0.634277344 0.0346679688
vt 0.635742188 0.035949707
vt 0.635742188 0.0252227783
vt 0.636230469 0.0236816406
vt 0.638183594 0.0230560303
vt 0.630859375 0.0274505615
vt 0.630371094 0.0292358398
vt 0.617675781 0.0268554688
vt 0.618164062 0.0250549316
vt 0.61328125 0.0250396729
vt 0.614257812 0.0198669434
vt 0.612304688 0.0302124023
vt 0.608398438 0.0241241455
vt 0.604492188 0.0186767578
vt 0.602539062 0.0278167725
vt 0.532226562 0.00987243652
vt 0.635742188 0.0442199707
vt 0.638671875 0.045135498
vt 0.636230469 0.0411376953
vt 0.671386719 0.0209655762
vt 0.668457031 0.0200500488
vt 0.670898438 0.0240478516
vt 0.653320312 0.0133743286
vt 0.661132812 0.014831543
vt 0.657714844 0.00988006592
vt 0.662597656 0.0154266357
vt 0.663085938 0.0172729492
vt 0.651367188 0.0133666992
vt 0.650390625 0.0148696899
vt 0.642089844 0.0148773193
vt 0.641113281 0.0178375244
vt 0.645019531 0.0152053833
vt 0.653808594 0.0517883301
vt 0.645996094 0.0503540039
vt 0.649414062 0.0552978516
vt 0.64453125 0.0497436523
vt 0.644042969 0.0479125977
vt 0.655761719 0.0518188477
vt 0.656738281 0.0503234863
vt 0.503417969 0.0136566162
vt 0.502441406 0.0166168213
vt 0.506347656 0.0139846802
vt 0.511230469 0.0260925293
vt 0.509277344 0.0290985107
vt 0.515136719 0.0313720703
vt 0.515136719 0.0250244141
vt 0.508789062 0.0313110352
vt 0.517089844 0.0254516602
vt 0.520507812 0.0277557373
vt 0.521972656 0.0171356201
vt 0.500488281 0.0245361328
vt 0.513671875 0.015625
vt 0.509765625 0.0349731445
vt 0.499267578 0.0325317383
vt 0.514648438 0.0121536255
vt 0.51171875 0.0136489868
vt 0.522460938 0.0136108398
vt 0.51953125 0.00865936279
vt 0.524414062 0.0160522461
vt 0.512695312 0.0372924805
vt 0.495605469 0.0317687988
vt 0.497070312 0.0346984863
vt 0.497070312 0.0239868164
vt 0.4921875 0.0270996094
vt 0.499511719 0.0218048096
vt 0.515136719 0.037689209
vt 0.508300781 0.0455932617
vt 0.518554688 0.0366516113
vt 0.516113281 0.047088623
vt 0.520996094 0.0336303711
vt 0.521484375 0.0314025879
vt 0.529296875 0.0381774902
vt 0.530761719 0.030166626
vt 0.515625 0.050567627
vt 0.518554688 0.0490722656
vt 0.5078125 0.0491333008
vt 0.510742188 0.0540771484
vt 0.505371094 0.046661377
vt 0.534179688 0.0309295654
vt 0.532714844 0.0280151367
vt 0.532714844 0.0387268066
vt 0.530273438 0.0408935547
vt 0.537597656 0.0364990234
vt 0.538085938 0.0347290039
vt 0.55078125 0.037109375
vt 0.550292969 0.0389099121
vt 0.555175781 0.0389099121
vt 0.554199219 0.0440979004
vt 0.556152344 0.0337524414
vt 0.560058594 0.0398254395
vt 0.563964844 0.0452880859
vt 0.565917969 0.0361328125
vt 0.63671875 0.0540771484
vt 0.532714844 0.019744873
vt 0.529785156 0.0188293457
vt 0.532226562 0.0228271484
vt 0.497314453 0.0429992676
vt 0.500488281 0.0439147949
vt 0.497558594 0.0399169922
vt 0.526855469 0.0490722656
vt 0.52734375 0.0461120605
vt 0.5234375 0.0487365723
vt 0.665039062 0.0502929688
vt 0.666015625 0.0473327637
vt 0.662109375 0.0499572754
vt 0.657226562 0.0378723145
vt 0.659667969 0.0348510742
vt 0.653320312 0.0325927734
vt 0.653320312 0.0389099121
vt 0.659667969 0.032623291
vt 0.651367188 0.0385131836
vt 0.6484375 0.0361938477
vt 0.646484375 0.0468139648
vt 0.66796875 0.0394287109
vt 0.654785156 0.0483093262
vt 0.658691406 0.0289764404
vt 0.669433594 0.0314025879
vt 0.653808594 0.0517883301
vt 0.656738281 0.0502929688
vt 0.645996094 0.0503540039
vt 0.649414062 0.0552978516
vt 0.644042969 0.0479125977
vt 0.655761719 0.0266723633
vt 0.672851562 0.0321655273
vt 0.671386719 0.0292510986
vt 0.671386719 0.0399475098
vt 0.676269531 0.0368652344
vt 0.668945312 0.0421447754
vt 0.653320312 0.0262451172
vt 0.66015625 0.0183410645
vt 0.649902344 0.0273132324
vt 0.65234375 0.0168457031
vt 0.647460938 0.0303344727
vt 0.646972656 0.0325622559
vt 0.639160156 0.0257720947
vt 0.637695312 0.033782959
vt 0.653320312 0.0133743286
vt 0.650390625 0.0148696899
vt 0.661132812 0.014831543
vt 0.657714844 0.00988006592
vt 0.663085938 0.0172729492
vt 0.634277344 0.0330200195
vt 0.635742188 0.035949707
vt 0.635742188 0.0252380371
vt 0.638183594 0.0230560303
vt 0.630859375 0.0274505615
vt 0.630371094 0.0292358398
vt 0.617675781 0.0268554688
vt 0.618164062 0.0250701904
vt 0.61328125 0.0250549316
vt 0.614257812 0.0198822021
vt 0.612304688 0.0302276611
vt 0.608398438 0.0241394043
vt 0.604492188 0.0186920166
vt 0.602539062 0.0278320312
vt 0.532226562 0.0099105835
vt 0.635742188 0.0442199707
vt 0.638671875 0.045135498
vt 0.636230469 0.0411376953
vt 0.671386719 0.0209503174
vt 0.668457031 0.02003479
vt 0.670898438 0.0240325928
vt 0.642089844 0.0148849487
vt 0.641113281 0.0178375244
vt 0.645019531 0.0152053833
vt 0.503417969 0.0136642456
vt 0.502441406 0.0166320801
vt 0.506347656 0.0139923096
vt 0.511230469 0.0260925293
vt 0.508789062 0.0290985107
vt 0.515136719 0.0313720703
vt 0.515136719 0.0250396729
vt 0.508789062 0.0313110352
vt 0.517089844 0.0254516602
vt 0.520507812 0.0277557373
vt 0.521972656 0.0171356201
vt 0.500488281 0.0245361328
vt 0.513671875 0.0156402588
vt 0.509765625 0.0349731445
vt 0.499267578 0.0325622559
vt 0.514648438 0.0121536255
vt 0.51171875 0.0136489868
vt 0.522460938 0.0136108398
vt 0.51953125 0.00865936279
vt 0.524414062 0.0160522461
vt 0.512695312 0.0372924805
vt 0.495605469 0.0317993164
vt 0.497070312 0.0346984863
vt 0.497070312 0.0239868164
vt 0.4921875 0.0270996094
vt 0.499511719 0.0218200684
vt 0.515136719 0.037689209
vt 0.508300781 0.0455932617
vt 0.518554688 0.0366516113
vt 0.516113281 0.047088623
vt 0.520996094 0.0336303711
vt 0.521484375 0.0314025879
vt 0.529296875 0.0381774902
vt 0.530761719 0.030166626
vt 0.515625 0.050567627
vt 0.518554688 0.0490722656
vt 0.5078125 0.0491333008
vt 0.510742188 0.0540771484
vt 0.505371094 0.0466918945
vt 0.534179688 0.0309295654
vt 0.532714844 0.0280151367
vt 0.532714844 0.0387268066
vt 0.530273438 0.0408935547
vt 0.537597656 0.0364990234
vt 0.538085938 0.0347290039
vt 0.55078125 0.037109375
vt 0.550292969 0.0388793945
vt 0.555175781 0.0389099121
vt 0.554199219 0.0440673828
vt 0.556152344 0.0337219238
vt 0.560058594 0.0398254395
vt 0.563964844 0.0452575684
vt 0.565917969 0.0361328125
vt 0.63671875 0.0540466309
vt 0.532714844 0.0197296143
vt 0.529785156 0.0188293457
vt 0.532226562 0.0228118896
vt 0.497314453 0.0429992676
vt 0.500488281 0.0439147949
vt 0.497558594 0.0399169922
vt 0.526855469 0.0490722656
vt 0.52734375 0.0461120605
vt 0.5234375 0.0487365723
vt 0.380859375 0.725097656
vt 0.383789062 0.726074219
vt 0.381347656 0.722167969
vt 0.393310547 0.717285156
vt 0.396240234 0.719726562
vt 0.3984375 0.713867188
vt 0.392089844 0.713867188
vt 0.3984375 0.720214844
vt 0.392578125 0.711425781
vt 0.395019531 0.708496094
vt 0.384277344 0.70703125
vt 0.391601562 0.728027344
vt 0.3828125 0.71484375
vt 0.402099609 0.719238281
vt 0.399658203 0.729492188
vt 0.404296875 0.715820312
vt 0.3984375 0.707519531
vt 0.404785156 0.713867188
vt 0.412597656 0.720703125
vt 0.403808594 0.709960938
vt 0.4140625 0.712402344
vt 0.400634766 0.708007812
vt 0.405273438 0.699707031
vt 0.397216797 0.698242188
vt 0.398925781 0.732910156
vt 0.400634766 0.732910156
vt 0.401855469 0.731445312
vt 0.391113281 0.731445312
vt 0.394287109 0.736328125
vt 0.389648438 0.730957031
vt 0.388916016 0.729003906
vt 0.397949219 0.694824219
vt 0.396484375 0.694824219
vt 0.395263672 0.696289062
vt 0.405761719 0.696289062
vt 0.407226562 0.696777344
vt 0.407958984 0.698730469
vt 0.403564453 0.69140625
vt 0.401855469 0.690917969
vt 0.404052734 0.678222656
vt 0.406005859 0.678710938
vt 0.406005859 0.673828125
vt 0.411132812 0.674804688
vt 0.400878906 0.672851562
vt 0.406982422 0.668945312
vt 0.412353516 0.665039062
vt 0.403076172 0.663574219
vt 0.420898438 0.593261719
vt 0.386962891 0.696289062
vt 0.385986328 0.69921875
vt 0.389892578 0.696777344
vt 0.409912109 0.731445312
vt 0.410888672 0.728515625
vt 0.406982422 0.730957031
vt 0.417480469 0.713378906
vt 0.416015625 0.721191406
vt 0.420898438 0.718261719
vt 0.415527344 0.72265625
vt 0.413574219 0.723144531
vt 0.417480469 0.711914062
vt 0.416015625 0.710449219
vt 0.416015625 0.702148438
vt 0.413085938 0.701171875
vt 0.415771484 0.705078125
vt 0.379394531 0.714355469
vt 0.380859375 0.706542969
vt 0.375976562 0.709472656
vt 0.381347656 0.705078125
vt 0.383300781 0.704101562
vt 0.379394531 0.715820312
vt 0.380859375 0.717285156
vt 0.226806641 0.923339844
vt 0.227050781 0.926757812
vt 0.229980469 0.922363281
vt 0.239501953 0.932617188
vt 0.23828125 0.936523438
vt 0.245117188 0.936523438
vt 0.242797852 0.930175781
vt 0.238769531 0.938964844
vt 0.245117188 0.9296875
vt 0.249023438 0.930664062
vt 0.246459961 0.919433594
vt 0.228271484 0.935058594
vt 0.237915039 0.921386719
vt 0.241333008 0.941894531
vt 0.229858398 0.943359375
vt 0.237426758 0.917480469
vt 0.235107422 0.919921875
vt 0.245727539 0.916015625
vt 0.240722656 0.912109375
vt 0.248779297 0.917480469
vt 0.245117188 0.942871094
vt 0.226074219 0.944335938
vt 0.228759766 0.946289062
vt 0.224609375 0.936035156
vt 0.220825195 0.940917969
vt 0.226196289 0.932617188
vt 0.247558594 0.942871094
vt 0.243774414 0.953125
vt 0.250732422 0.939941406
vt 0.252197266 0.951660156
vt 0.251953125 0.936523438
vt 0.251464844 0.934082031
vt 0.261962891 0.9375
vt 0.260253906 0.929199219
vt 0.252929688 0.955078125
vt 0.255126953 0.952636719
vt 0.244628906 0.956542969
vt 0.249633789 0.960449219
vt 0.241455078 0.955078125
vt 0.263916016 0.928710938
vt 0.261474609 0.926269531
vt 0.265625 0.937011719
vt 0.263916016 0.939941406
vt 0.26953125 0.932617188
vt 0.269042969 0.930664062
vt 0.282714844 0.928222656
vt 0.282958984 0.930175781
vt 0.288085938 0.928222656
vt 0.2890625 0.93359375
vt 0.287109375 0.922851562
vt 0.293212891 0.927246094
vt 0.299072266 0.931152344
vt 0.297363281 0.921386719
vt 0.374267578 0.912109375
vt 0.258300781 0.91796875
vt 0.254882812 0.918457031
vt 0.259033203 0.921386719
vt 0.232055664 0.954589844
vt 0.235351562 0.954589844
vt 0.231201172 0.951660156
vt 0.263427734 0.94921875
vt 0.263183594 0.946289062
vt 0.260253906 0.950195312
vt 0.0438842773 0.0157775879
vt 0.0405273438 0.0153808594
vt 0.044128418 0.0191650391
vt 0.0321044922 0.02684021
vt 0.0283966064 0.0248718262
vt 0.027130127 0.0317687988
vt 0.0339660645 0.0305786133
vt 0.0259246826 0.0248718262
vt 0.0339355469 0.0330505371
vt 0.032043457 0.0367126465
vt 0.0437927246 0.0363464355
vt 0.0316467285 0.0149688721
vt 0.0438232422 0.0274353027
vt 0.0222167969 0.0267944336
vt 0.0227508545 0.0149307251
vt 0.0476989746 0.0275726318
vt 0.0455322266 0.0247192383
vt 0.047668457 0.0362243652
vt 0.0523986816 0.0319213867
vt 0.0454711914 0.0390625
vt 0.020324707 0.0304718018
vt 0.0228729248 0.0110397339
vt 0.02003479 0.0132217407
vt 0.0315551758 0.0110778809
vt 0.0272369385 0.00636291504
vt 0.034362793 0.0132751465
vt 0.0203094482 0.0329284668
vt 0.0104827881 0.0271759033
vt 0.0221710205 0.0366821289
vt 0.0104446411 0.0361022949
vt 0.0258636475 0.0385742188
vt 0.0283355713 0.0385742188
vt 0.0226135254 0.0484313965
vt 0.0315246582 0.0484619141
vt 0.0065574646 0.035949707
vt 0.00873565674 0.0387878418
vt 0.00659179688 0.0272827148
vt 0.00187683105 0.0316162109
vt 0.0087890625 0.0244598389
vt 0.0313720703 0.0523376465
vt 0.0342102051 0.0501708984
vt 0.0227203369 0.0523071289
vt 0.0198974609 0.0501098633
vt 0.0260314941 0.0570373535
vt 0.0280303955 0.0570373535
vt 0.0279693604 0.0712280273
vt 0.025970459 0.0712280273
vt 0.0269470215 0.0766601562
vt 0.021194458 0.0765991211
vt 0.0327148438 0.0766601562
vt 0.0269317627 0.0820922852
vt 0.0218200684 0.0872802734
vt 0.0319824219 0.0873413086
vt 0.0265808105 0.166748047
vt 0.0431213379 0.0485229492
vt 0.0435180664 0.045135498
vt 0.0397338867 0.0487670898
vt 0.0111541748 0.015007019
vt 0.0107574463 0.018371582
vt 0.0145263672 0.014755249
vt 0.010383606 0.0477294922
vt 0.0137405396 0.0481262207
vt 0.0101242065 0.0443725586
vt 0.227050781 0.923828125
vt 0.227294922 0.926757812
vt 0.230224609 0.922851562
vt 0.239624023 0.933105469
vt 0.238525391 0.936523438
vt 0.245239258 0.936523438
vt 0.242919922 0.930664062
vt 0.238891602 0.938964844
vt 0.245239258 0.930175781
vt 0.249023438 0.931152344
vt 0.246582031 0.919921875
vt 0.228515625 0.935546875
vt 0.23815918 0.921875
vt 0.241455078 0.942382812
vt 0.230102539 0.943847656
vt 0.237548828 0.91796875
vt 0.235229492 0.920410156
vt 0.245727539 0.916503906
vt 0.240844727 0.912597656
vt 0.248779297 0.91796875
vt 0.245239258 0.943359375
vt 0.22644043 0.944335938
vt 0.229003906 0.946777344
vt 0.224853516 0.936035156
vt 0.221191406 0.940917969
vt 0.22644043 0.933105469
vt 0.247558594 0.942871094
vt 0.243896484 0.953125
vt 0.250732422 0.940429688
vt 0.252197266 0.951660156
vt 0.251953125 0.936523438
vt 0.251464844 0.934082031
vt 0.26171875 0.937988281
vt 0.260253906 0.9296875
vt 0.252929688 0.955566406
vt 0.255126953 0.952636719
vt 0.244750977 0.95703125
vt 0.249633789 0.960449219
vt 0.241577148 0.955078125
vt 0.263916016 0.928710938
vt 0.261230469 0.926757812
vt 0.265380859 0.937011719
vt 0.263916016 0.940429688
vt 0.269287109 0.933105469
vt 0.268798828 0.931152344
vt 0.282226562 0.928710938
vt 0.282714844 0.930664062
vt 0.287597656 0.928710938
vt 0.288574219 0.934082031
vt 0.286621094 0.923339844
vt 0.292724609 0.927734375
vt 0.298583984 0.931640625
vt 0.296875 0.921875
vt 0.372802734 0.912597656
vt 0.258056641 0.918457031
vt 0.254882812 0.918945312
vt 0.259033203 0.921875
vt 0.232299805 0.954589844
vt 0.235473633 0.954589844
vt 0.231445312 0.951660156
vt 0.263427734 0.949707031
vt 0.263183594 0.946289062
vt 0.260253906 0.950683594
vt 0.0664672852 0.716796875
vt 0.0698242188 0.716796875
vt 0.065612793 0.713867188
vt 0.0758666992 0.704101562
vt 0.0797729492 0.705566406
vt 0.0797729492 0.698242188
vt 0.0733642578 0.700683594
vt 0.0822143555 0.705078125
vt 0.0729370117 0.698242188
vt 0.0740966797 0.694335938
vt 0.0628051758 0.697265625
vt 0.0784912109 0.715332031
vt 0.0643920898 0.705566406
vt 0.0854492188 0.702148438
vt 0.087097168 0.713867188
vt 0.0606079102 0.706054688
vt 0.0632324219 0.708496094
vt 0.0590515137 0.697753906
vt 0.055267334 0.703125
vt 0.0606384277 0.694824219
vt 0.0866088867 0.698242188
vt 0.0877075195 0.717773438
vt 0.0900268555 0.71484375
vt 0.079284668 0.719238281
vt 0.0843505859 0.723144531
vt 0.076171875 0.717773438
vt 0.0861206055 0.695800781
vt 0.0966796875 0.699707031
vt 0.0836181641 0.692871094
vt 0.0950927734 0.690917969
vt 0.0797119141 0.69140625
vt 0.077331543 0.691894531
vt 0.0810546875 0.681640625
vt 0.0723876953 0.683105469
vt 0.0988769531 0.690429688
vt 0.0962524414 0.687988281
vt 0.100463867 0.698730469
vt 0.104187012 0.693847656
vt 0.098815918 0.702148438
vt 0.0718383789 0.679199219
vt 0.0694580078 0.682128906
vt 0.0802001953 0.677734375
vt 0.0833740234 0.679199219
vt 0.0761108398 0.673828125
vt 0.07421875 0.674316406
vt 0.0716552734 0.660644531
vt 0.0735473633 0.66015625
vt 0.0716552734 0.654785156
vt 0.0772094727 0.653808594
vt 0.0660400391 0.655761719
vt 0.0706176758 0.649902344
vt 0.0746459961 0.643554688
vt 0.0647583008 0.645507812
vt 0.0553283691 0.567871094
vt 0.0611877441 0.685058594
vt 0.0614318848 0.688476562
vt 0.0643920898 0.684082031
vt 0.0983276367 0.711914062
vt 0.0980834961 0.708496094
vt 0.0950927734 0.712402344
vt 0.0930175781 0.6796875
vt 0.0896606445 0.680175781
vt 0.0938720703 0.683105469
vt 0.109863281 0.581054688
vt 0.106567383 0.581054688
vt 0.110717773 0.583984375
vt 0.100524902 0.59375
vt 0.0965576172 0.592773438
vt 0.0966186523 0.599609375
vt 0.103027344 0.597167969
vt 0.0941772461 0.593261719
vt 0.10345459 0.599609375
vt 0.102294922 0.603515625
vt 0.113586426 0.601074219
vt 0.0979003906 0.582519531
vt 0.111938477 0.592285156
vt 0.0909423828 0.595703125
vt 0.0892333984 0.583984375
vt 0.115722656 0.591796875
vt 0.113098145 0.589355469
vt 0.11730957 0.600097656
vt 0.12109375 0.595214844
vt 0.115722656 0.603027344
vt 0.0897827148 0.599609375
vt 0.088684082 0.580078125
vt 0.0863037109 0.583007812
vt 0.0970458984 0.578613281
vt 0.0920410156 0.574707031
vt 0.100219727 0.580078125
vt 0.0902099609 0.602050781
vt 0.0796508789 0.598144531
vt 0.0927124023 0.604980469
vt 0.0812988281 0.606933594
vt 0.0966796875 0.606445312
vt 0.0990600586 0.605957031
vt 0.0953369141 0.616699219
vt 0.103942871 0.614746094
vt 0.0774536133 0.607421875
vt 0.0801391602 0.609863281
vt 0.0759277344 0.599121094
vt 0.0721435547 0.604003906
vt 0.0775146484 0.595703125
vt 0.104553223 0.618652344
vt 0.106872559 0.616210938
vt 0.0961303711 0.620117188
vt 0.0930175781 0.618652344
vt 0.100219727 0.624023438
vt 0.102172852 0.624023438
vt 0.104736328 0.637695312
vt 0.102783203 0.637695312
vt 0.104736328 0.643066406
vt 0.0991821289 0.644042969
vt 0.110290527 0.642089844
vt 0.105712891 0.6484375
vt 0.101745605 0.654296875
vt 0.111572266 0.65234375
vt 0.121032715 0.73046875
vt 0.11517334 0.612792969
vt 0.114929199 0.609375
vt 0.111938477 0.613769531
vt 0.0780639648 0.586425781
vt 0.0783081055 0.58984375
vt 0.0812988281 0.585449219
vt 0.0833740234 0.618164062
vt 0.0866699219 0.617675781
vt 0.0825195312 0.614746094
vt 0.665039062 0.0502929688
vt 0.666015625 0.0473327637
vt 0.662109375 0.0499572754
vt 0.657226562 0.0378723145
vt 0.659667969 0.0348510742
vt 0.653320312 0.0325927734
vt 0.653320312 0.0389099121
vt 0.659667969 0.032623291
vt 0.651367188 0.0385131836
vt 0.6484375 0.0361938477
vt 0.646484375 0.0468139648
vt 0.66796875 0.0394287109
vt 0.654785156 0.0483093262
vt 0.658691406 0.0289764404
vt 0.669433594 0.0314025879
vt 0.653808594 0.0517883301
vt 0.656738281 0.0502929688
vt 0.645996094 0.0503540039
vt 0.649414062 0.0552978516
vt 0.644042969 0.0478820801
vt 0.655761719 0.0266723633
vt 0.672851562 0.0321655273
vt 0.671386719 0.0292510986
vt 0.671386719 0.0399780273
vt 0.676269531 0.0368652344
vt 0.668945312 0.0421447754
vt 0.653320312 0.0262451172
vt 0.66015625 0.0183563232
vt 0.649902344 0.0273132324
vt 0.65234375 0.0168457031
vt 0.647460938 0.0303344727
vt 0.646972656 0.0325622559
vt 0.639160156 0.0257720947
vt 0.637695312 0.033782959
vt 0.653320312 0.0133743286
vt 0.650390625 0.0148696899
vt 0.661132812 0.014831543
vt 0.657714844 0.00988006592
vt 0.663085938 0.0172729492
vt 0.634277344 0.0330200195
vt 0.635742188 0.035949707
vt 0.635742188 0.0252227783
vt 0.638183594 0.0230560303
vt 0.630859375 0.0274505615
vt 0.630371094 0.0292358398
vt 0.617675781 0.0268554688
vt 0.618164062 0.0250549316
vt 0.61328125 0.0250396729
vt 0.614257812 0.0198669434
vt 0.612304688 0.0302124023
vt 0.608398438 0.0241241455
vt 0.604492188 0.0186767578
vt 0.602539062 0.0278320312
vt 0.532226562 0.00989532471
vt 0.635742188 0.0442199707
vt 0.638671875 0.045135498
vt 0.636230469 0.0411376953
vt 0.671386719 0.0209503174
vt 0.668457031 0.0200500488
vt 0.670898438 0.0240325928
vt 0.642089844 0.0148773193
vt 0.641113281 0.0178375244
vt 0.645019531 0.0152053833
vt 0.503417969 0.0136642456
vt 0.502441406 0.0166168213
vt 0.506347656 0.0139923096
vt 0.511230469 0.0260925293
vt 0.509277344 0.0290985107
vt 0.515136719 0.0313720703
vt 0.515136719 0.0250396729
vt 0.508789062 0.0313110352
vt 0.517089844 0.0254516602
vt 0.520507812 0.0277557373
vt 0.521972656 0.0171356201
vt 0.500488281 0.0245361328
vt 0.513671875 0.0156402588
vt 0.509765625 0.0349731445
vt 0.499267578 0.0325622559
vt 0.514648438 0.0121536255
vt 0.51171875 0.0136489868
vt 0.522460938 0.0136108398
vt 0.51953125 0.00865936279
vt 0.524414062 0.0160522461
vt 0.512695312 0.0372924805
vt 0.495605469 0.0317993164
vt 0.497070312 0.0346984863
vt 0.497070312 0.0239868164
vt 0.4921875 0.0270996094
vt 0.499511719 0.0218048096
vt 0.515136719 0.037689209
vt 0.508300781 0.0455932617
vt 0.518554688 0.0366516113
vt 0.516113281 0.047088623
vt 0.520996094 0.0336303711
vt 0.521484375 0.0314025879
vt 0.529296875 0.0381774902
vt 0.530761719 0.030166626
vt 0.515625 0.050567627
vt 0.518554688 0.0491027832
vt 0.5078125 0.0491333008
vt 0.510742188 0.0540771484
vt 0.505371094 0.0466918945
vt 0.534179688 0.0309295654
vt 0.532714844 0.0280151367
vt 0.532714844 0.0387268066
vt 0.530273438 0.0408935547
vt 0.537597656 0.0364990234
vt 0.538085938 0.0347290039
vt 0.55078125 0.037109375
vt 0.550292969 0.0388793945
vt 0.555175781 0.0389099121
vt 0.554199219 0.0440979004
vt 0.556152344 0.0337524414
vt 0.560058594 0.0398254395
vt 0.563964844 0.0452575684
vt 0.565917969 0.0361328125
vt 0.63671875 0.0540466309
vt 0.532714844 0.019744873
vt 0.529785156 0.0188293457
vt 0.532226562 0.0228271484
vt 0.497314453 0.0429992676
vt 0.500488281 0.0439147949
vt 0.497558594 0.0399169922
vt 0.526855469 0.0490722656
vt 0.52734375 0.0461120605
vt 0.5234375 0.0487365723
vt 0.380859375 0.725097656
vt 0.383789062 0.726074219
vt 0.381347656 0.722167969
vt 0.393310547 0.717285156
vt 0.396240234 0.719726562
vt 0.3984375 0.713867188
vt 0.392089844 0.713867188
vt 0.3984375 0.720214844
vt 0.392578125 0.711425781
vt 0.395019531 0.708496094
vt 0.384277344 0.70703125
vt 0.391601562 0.728027344
vt 0.3828125 0.71484375
vt 0.402099609 0.719238281
vt 0.399658203 0.729492188
vt 0.379394531 0.714355469
vt 0.380859375 0.717285156
vt 0.380859375 0.706542969
vt 0.375976562 0.709472656
vt 0.383300781 0.704101562
vt 0.404296875 0.715820312
vt 0.398925781 0.732910156
vt 0.401855469 0.731445312
vt 0.391113281 0.731445312
vt 0.394287109 0.736328125
vt 0.388916016 0.729003906
vt 0.404785156 0.713867188
vt 0.412597656 0.720703125
vt 0.403808594 0.709960938
vt 0.4140625 0.712402344
vt 0.400634766 0.708007812
vt 0.3984375 0.707519531
vt 0.405273438 0.699707031
vt 0.397216797 0.698242188
vt 0.417480469 0.713378906
vt 0.416015625 0.710449219
vt 0.416015625 0.721191406
vt 0.420898438 0.718261719
vt 0.413574219 0.723144531
vt 0.397949219 0.694824219
vt 0.395263672 0.696289062
vt 0.405761719 0.696289062
vt 0.407958984 0.698730469
vt 0.403564453 0.69140625
vt 0.401855469 0.690917969
vt 0.404052734 0.678222656
vt 0.406005859 0.678710938
vt 0.406005859 0.673828125
vt 0.411132812 0.674804688
vt 0.400878906 0.672851562
vt 0.406982422 0.668945312
vt 0.412353516 0.665039062
vt 0.403320312 0.663574219
vt 0.420898438 0.593261719
vt 0.386962891 0.696289062
vt 0.385986328 0.69921875
vt 0.389892578 0.696777344
vt 0.409912109 0.731445312
vt 0.410888672 0.728515625
vt 0.406982422 0.730957031
vt 0.416015625 0.702148438
vt 0.413085938 0.701171875
vt 0.415771484 0.705078125
vt 0.110473633 0.580566406
vt 0.107177734 0.581054688
vt 0.111328125 0.583984375
vt 0.101074219 0.59375
vt 0.0971069336 0.592285156
vt 0.0971069336 0.599121094
vt 0.103515625 0.596679688
vt 0.0947265625 0.592773438
vt 0.103942871 0.599121094
vt 0.102783203 0.603027344
vt 0.114074707 0.600585938
vt 0.0985107422 0.58203125
vt 0.112487793 0.591796875
vt 0.0914916992 0.595214844
vt 0.08984375 0.583496094
vt 0.116333008 0.591308594
vt 0.113708496 0.588867188
vt 0.117797852 0.600097656
vt 0.121643066 0.594726562
vt 0.116210938 0.603027344
vt 0.0902709961 0.599121094
vt 0.0892944336 0.580078125
vt 0.0869140625 0.582519531
vt 0.0977172852 0.578613281
vt 0.0926513672 0.574707031
vt 0.100830078 0.580078125
vt 0.0906982422 0.6015625
vt 0.0802001953 0.59765625
vt 0.0932006836 0.604980469
vt 0.0817260742 0.606445312
vt 0.0971069336 0.605957031
vt 0.0995483398 0.60546875
vt 0.095703125 0.616210938
vt 0.104370117 0.614746094
vt 0.0779418945 0.606933594
vt 0.0805664062 0.609375
vt 0.0764160156 0.598632812
vt 0.0726318359 0.603515625
vt 0.0780639648 0.595214844
vt 0.104919434 0.618164062
vt 0.107299805 0.615722656
vt 0.0965576172 0.620117188
vt 0.0933837891 0.618164062
vt 0.100585938 0.624023438
vt 0.102539062 0.623535156
vt 0.104980469 0.637207031
vt 0.103088379 0.637695312
vt 0.104980469 0.642578125
vt 0.0994262695 0.643554688
vt 0.110595703 0.641601562
vt 0.105957031 0.647949219
vt 0.101928711 0.653808594
vt 0.111816406 0.65234375
vt 0.120788574 0.729980469
vt 0.115600586 0.612792969
vt 0.11541748 0.609375
vt 0.112365723 0.61328125
vt 0.0786132812 0.5859375
vt 0.0788574219 0.589355469
vt 0.0818481445 0.584960938
vt 0.0837402344 0.617675781
vt 0.087097168 0.617675781
vt 0.0828857422 0.614257812
vt 0.0438842773 0.0157775879
vt 0.0405273438 0.0153808594
vt 0.044128418 0.0191650391
vt 0.0320739746 0.02684021
vt 0.0283966064 0.0248718262
vt 0.027130127 0.0317687988
vt 0.0339660645 0.0305786133
vt 0.0259246826 0.0248718262
vt 0.0339355469 0.0330505371
vt 0.032043457 0.0367126465
vt 0.0437927246 0.0363464355
vt 0.0316467285 0.0149688721
vt 0.0438232422 0.0274200439
vt 0.0222167969 0.0268096924
vt 0.0227355957 0.0149307251
vt 0.0476989746 0.027557373
vt 0.0455322266 0.0247192383
vt 0.047668457 0.0362243652
vt 0.0523986816 0.0319213867
vt 0.0454711914 0.0390625
vt 0.020324707 0.0304718018
vt 0.0228729248 0.0110473633
vt 0.02003479 0.0132217407
vt 0.0315551758 0.0110778809
vt 0.0272216797 0.00636672974
vt 0.034362793 0.0132751465
vt 0.0203094482 0.0329589844
vt 0.0104751587 0.0271911621
vt 0.0221710205 0.0366821289
vt 0.0104446411 0.0361022949
vt 0.0258636475 0.0385742188
vt 0.0283355713 0.0386047363
vt 0.0226135254 0.0484313965
vt 0.0315246582 0.0484619141
vt 0.0065574646 0.035949707
vt 0.00873565674 0.0387878418
vt 0.00659179688 0.0272979736
vt 0.00187683105 0.0316162109
vt 0.0087890625 0.0244750977
vt 0.0313720703 0.0523376465
vt 0.0342102051 0.0501708984
vt 0.0227203369 0.0523071289
vt 0.0198974609 0.0501098633
vt 0.0260314941 0.0570373535
vt 0.0280303955 0.0570373535
vt 0.0279693604 0.0712280273
vt 0.0259857178 0.0712280273
vt 0.0269622803 0.0766601562
vt 0.0212097168 0.0765991211
vt 0.0327148438 0.0766601562
vt 0.0269317627 0.0820922852
vt 0.0218353271 0.0872802734
vt 0.0320129395 0.0873413086
vt 0.0266113281 0.166748047
vt 0.0431213379 0.0485229492
vt 0.0435180664 0.045135498
vt 0.0397338867 0.0487670898
vt 0.0111465454 0.0150146484
vt 0.0107498169 0.0183868408
vt 0.0145263672 0.0147628784
vt 0.010383606 0.0477600098
vt 0.0137481689 0.0481567383
vt 0.0101318359 0.0443725586
vt 0.227050781 0.923828125
vt 0.227294922 0.926757812
vt 0.230224609 0.922851562
vt 0.239624023 0.933105469
vt 0.238525391 0.936523438
vt 0.245239258 0.936523438
vt 0.242919922 0.930664062
vt 0.238891602 0.938964844
vt 0.245239258 0.930175781
vt 0.249023438 0.931152344
vt 0.246582031 0.919921875
vt 0.228515625 0.935546875
vt 0.23815918 0.921875
vt 0.241455078 0.942382812
vt 0.230102539 0.943847656
vt 0.237548828 0.91796875
vt 0.235229492 0.920410156
vt 0.245727539 0.916503906
vt 0.240844727 0.912597656
vt 0.248779297 0.91796875
vt 0.245239258 0.943359375
vt 0.22644043 0.944335938
vt 0.229003906 0.946777344
vt 0.224853516 0.936035156
vt 0.221191406 0.940917969
vt 0.22644043 0.933105469
vt 0.247558594 0.942871094
vt 0.243896484 0.953125
vt 0.250732422 0.940429688
vt 0.252197266 0.951660156
vt 0.251953125 0.936523438
vt 0.251464844 0.934082031
vt 0.26171875 0.937988281
vt 0.260253906 0.9296875
vt 0.252929688 0.955566406
vt 0.255126953 0.952636719
vt 0.244750977 0.95703125
vt 0.249633789 0.960449219
vt 0.241577148 0.955078125
vt 0.263916016 0.928710938
vt 0.261230469 0.926757812
vt 0.265380859 0.937011719
vt 0.263916016 0.939941406
vt 0.269287109 0.933105469
vt 0.268798828 0.931152344
vt 0.282226562 0.928710938
vt 0.282714844 0.930664062
vt 0.287597656 0.928710938
vt 0.288574219 0.934082031
vt 0.286621094 0.923339844
vt 0.292724609 0.927734375
vt 0.298583984 0.931640625
vt 0.296875 0.921875
vt 0.372802734 0.912597656
vt 0.258056641 0.918457031
vt 0.254882812 0.918945312
vt 0.259033203 0.921875
vt 0.232299805 0.954589844
vt 0.235473633 0.954589844
vt 0.231445312 0.951660156
vt 0.263427734 0.949707031
vt 0.263183594 0.946289062
vt 0.260253906 0.950683594
vt 0.0664672852 0.716796875
vt 0.0698242188 0.716796875
vt 0.065612793 0.713867188
vt 0.0758666992 0.704101562
vt 0.0797729492 0.705566406
vt 0.0797729492 0.698242188
vt 0.0733642578 0.700683594
vt 0.0822143555 0.705078125
vt 0.0729370117 0.698242188
vt 0.0740966797 0.694335938
vt 0.0628051758 0.697265625
vt 0.0784912109 0.715332031
vt 0.0643920898 0.705566406
vt 0.0854492188 0.702148438
vt 0.087097168 0.713867188
vt 0.0606079102 0.706542969
vt 0.0632324219 0.708496094
vt 0.0590515137 0.697753906
vt 0.055267334 0.703125
vt 0.0606384277 0.694824219
vt 0.0866088867 0.698242188
vt 0.0877075195 0.717773438
vt 0.0900268555 0.71484375
vt 0.079284668 0.719238281
vt 0.0843505859 0.723144531
vt 0.076171875 0.717773438
vt 0.0861206055 0.695800781
vt 0.0966796875 0.699707031
vt 0.0836181641 0.692871094
vt 0.0950927734 0.690917969
vt 0.0797119141 0.69140625
vt 0.077331543 0.691894531
vt 0.0810546875 0.681640625
vt 0.0723876953 0.683105469
vt 0.0988769531 0.690429688
vt 0.0962524414 0.687988281
vt 0.100463867 0.698730469
vt 0.104187012 0.693847656
vt 0.098815918 0.702148438
vt 0.0718383789 0.679199219
vt 0.0694580078 0.682128906
vt 0.0802001953 0.677734375
vt 0.0833740234 0.679199219
vt 0.0761108398 0.673828125
vt 0.07421875 0.674316406
vt 0.0716552734 0.660644531
vt 0.0735473633 0.66015625
vt 0.0715942383 0.654785156
vt 0.0772094727 0.653808594
vt 0.0660400391 0.655761719
vt 0.0706176758 0.649902344
vt 0.0745849609 0.643554688
vt 0.0647583008 0.645507812
vt 0.0552978516 0.567871094
vt 0.0611877441 0.685058594
vt 0.0614318848 0.688476562
vt 0.0643920898 0.684082031
vt 0.0983276367 0.711914062
vt 0.0980834961 0.708496094
vt 0.0950927734 0.712402344
vt 0.0930175781 0.6796875
vt 0.0896606445 0.680175781
vt 0.0938720703 0.683105469
vt 0.109863281 0.581054688
vt 0.106567383 0.581054688
vt 0.110717773 0.583984375
vt 0.100524902 0.59375
vt 0.0965576172 0.592773438
vt 0.0966186523 0.599609375
vt 0.103027344 0.597167969
vt 0.0941772461 0.593261719
vt 0.10345459 0.599609375
vt 0.102294922 0.603515625
vt 0.113586426 0.601074219
vt 0.0979003906 0.582519531
vt 0.111938477 0.592285156
vt 0.0909423828 0.595703125
vt 0.0892333984 0.583984375
vt 0.115722656 0.591796875
vt 0.113098145 0.589355469
vt 0.11730957 0.600097656
vt 0.12109375 0.595214844
vt 0.115722656 0.603027344
vt 0.0897827148 0.599609375
vt 0.088684082 0.580078125
vt 0.0863037109 0.583007812
vt 0.0970458984 0.578613281
vt 0.0920410156 0.574707031
vt 0.100219727 0.580078125
vt 0.0902099609 0.602050781
vt 0.0796508789 0.598144531
vt 0.0927124023 0.604980469
vt 0.0812988281 0.606933594
vt 0.0966796875 0.606445312
vt 0.0990600586 0.605957031
vt 0.0953369141 0.616699219
vt 0.103942871 0.614746094
vt 0.0775146484 0.607421875
vt 0.0801391602 0.609863281
vt 0.0759277344 0.599121094
vt 0.0721435547 0.604003906
vt 0.0775146484 0.595703125
vt 0.104553223 0.618652344
vt 0.106872559 0.616210938
vt 0.0961303711 0.620117188
vt 0.0930175781 0.618652344
vt 0.100219727 0.624023438
vt 0.102172852 0.624023438
vt 0.104736328 0.637695312
vt 0.102783203 0.637695312
vt 0.104736328 0.643066406
vt 0.0991821289 0.644042969
vt 0.110290527 0.642089844
vt 0.105712891 0.6484375
vt 0.101745605 0.654296875
vt 0.111572266 0.65234375
vt 0.12109375 0.73046875
vt 0.11340332 0.607910156
vt 0.110046387 0.612792969
vt 0.11517334 0.612792969
vt 0.0780639648 0.586425781
vt 0.0783081055 0.58984375
vt 0.0812988281 0.585449219
vt 0.0833740234 0.618164062
vt 0.0866699219 0.617675781
vt 0.0825195312 0.614746094
vn -0 -0.273202628 0.961956501
vn -0 -0.273207307 0.96195519
vn -0 -0.273207247 0.96195519
vn -0 -0.273202628 0.961956501
vn -0 -0.273202688 0.961956501
vn -0 -0.273196399 0.961958289
vn -0 -0.273199201 0.961957514
vn -0 -0.273196429 0.961958289
vn -0 -0.273214966 0.961952984
vn -0 -0.273194045 0.961958945
vn -0 -0.273214966 0.961952984
vn -0 -0.27317974 0.961962998
vn -0 -0.273214936 0.961952984
vn -0 -0.273214936 0.961952984
vn -0 -0.273201555 0.961956859
vn -0 -0.273201376 0.961956859
vn -0 -0.273198754 0.961957633
vn -0 -0.273206085 0.961955488
vn -0 -0.273194194 0.961958945
vn -0 -0.273202688 0.961956501
vn -0 -0.273201942 0.961956739
vn -0 -0.273202002 0.961956739
vn -0 -0.273203075 0.961956382
vn -1.76704702E-06 -0.273217797 0.961952209
vn -6.9425364E-06 -0.273198217 0.961957812
vn -0 -0.273196459 0.961958289
vn -1.72205928E-05 -0.273222446 0.961950898
vn -1.72205928E-05 -0.273222476 0.961950898
vn -1.72205928E-05 -0.273222476 0.961950898
vn -5.74672276E-06 -0.273206323 0.961955428
vn -5.74672276E-06 -0.273206353 0.961955428
vn 8.63923447E-07 -0.273208737 0.961954713
vn 8.63923617E-07 -0.273208767 0.961954713
vn -4.75955676E-06 -0.273189187 0.961960375
vn 1.12774774E-06 -0.273190707 0.961959898
vn -4.75955676E-06 -0.273189217 0.961960375
vn -4.75955585E-06 -0.273189157 0.961960375
vn -0 -0.27322039 0.961951435
vn -0 -0.273196459 0.961958289
vn 6.94225719E-06 -0.273186773 0.961960912
vn -0 -0.273202688 0.961956501
vn 2.87285911E-06 -0.273150772 0.961971164
vn -0 -0.273202688 0.961956501
vn -0 -0.273206562 0.961955428
vn -0 -0.273194879 0.961958706
vn -0 -0.273206562 0.961955428
vn -0 -0.273206532 0.961955428
vn -0 -0.273198277 0.961957693
vn 6.45644923E-06 -0.273193002 0.961959243
vn 6.45644877E-06 -0.273193002 0.961959243
vn 6.45644923E-06 -0.273193002 0.961959243
vn 2.87285934E-06 -0.273150772 0.961971164
vn 2.87285934E-06 -0.273150831 0.961971164
vn 1.72775594E-06 -0.273192734 0.961959362
vn 1.72775594E-06 -0.273192704 0.961959362
vn -0 -0.273185432 0.961961389
vn -1.21249741E-05 -0.273228437 0.961949229
vn -0 -0.273185432 0.961961389
vn -0 -0.273185462 0.961961389
vn -0 -0.273184687 0.961961567
vn -0 -0.273160636 0.961968422
vn -0 -0.273160636 0.961968422
vn -0 -0.273160636 0.961968422
vn -5.38109407E-06 -0.273224503 0.961950302
vn -5.38109498E-06 -0.273224473 0.961950302
vn -5.38109498E-06 -0.273224503 0.961950302
vn -0 -0.273264438 0.961938977
vn -0 -0.273264438 0.961938977
vn -0 -0.273264438 0.961938977
vn -0 -0.27320832 0.961954951
vn -0 -0.27320832 0.961954951
vn -0 -0.2732189 0.961951852
vn 2.81977327E-06 -0.273214281 0.961953223
vn -0 -0.27321893 0.961951852
vn -0 -0.2732189 0.961951852
vn -1.80440129E-05 -0.273181856 0.961962342
vn 7.06737228E-06 -0.273210168 0.961954296
vn -7.02485568E-06 -0.273205191 0.961955726
vn -7.02485704E-06 -0.273205221 0.961955726
vn -0 -0.273204237 0.961956084
vn -0 -0.273229748 0.961948812
vn -0 -0.273229748 0.961948812
vn -0 -0.273229778 0.961948812
vn 2.87388843E-06 -0.273233086 0.961947918
vn 7.06737228E-06 -0.273210168 0.961954296
vn -0 -0.273221076 0.961951196
vn -0 -0.273221046 0.961951196
vn -0 -0.273221076 0.961951196
vn -0 -0.273204237 0.961956084
vn -0 -0.273204148 0.961956084
vn 2.87388843E-06 -0.273233086 0.961947918
vn 8.6392555E-07 -0.273200929 0.961956918
vn 8.63925663E-07 -0.273201019 0.961956918
vn -0 -0.273206621 0.961955428
vn -5.63915989E-07 -0.27319181 0.9619596
vn -0 -0.273206592 0.961955428
vn -0 -0.273206621 0.961955428
vn 1.80458774E-05 -0.273213148 0.961953521
vn -0 -0.273204148 0.961956084
vn -0 -0.273202628 0.961956501
vn 1.38848673E-05 -0.273199618 0.961957395
vn -0 -0.273202628 0.961956501
vn -0 -0.273202777 0.961956501
vn -1.8046072E-05 -0.273215562 0.961952746
vn -0 -0.273202777 0.961956501
vn -0 -0.273202777 0.961956501
vn 1.80452535E-05 -0.273202956 0.961956382
vn -4.30488944E-06 -0.273213625 0.961953402
vn -4.3048899E-06 -0.273213625 0.961953402
vn -4.30488944E-06 -0.273213625 0.961953402
vn -0 -0.273204237 0.961956084
vn -0 -0.273211688 0.961953998
vn -0 -0.273210824 0.961954176
vn -0 -0.273210853 0.961954176
vn -0 -0.273189992 0.961960137
vn -0 -0.273186952 0.961960912
vn -0 -0.273189992 0.961960137
vn -9.02263855E-06 -0.273198694 0.961957633
vn -0 -0.273189992 0.961960137
vn -0 -0.273189992 0.961960137
vn -0 -0.273204833 0.961955845
vn -0 -0.273213089 0.961953521
vn -0 -0.273210704 0.961954176
vn -0 -0.273208231 0.961954951
vn -0 -0.273213953 0.961953282
vn -0 -0.273196161 0.961958289
vn -0 -0.273198545 0.961957693
vn -0 -0.273198515 0.961957693
vn -0 -0.273204058 0.961956084
vn -0 -0.273179442 0.961963117
vn -2.15259479E-06 -0.273219734 0.961951673
vn -2.15259502E-06 -0.273219705 0.961951673
vn -2.15259502E-06 -0.273219734 0.961951673
vn 8.60955879E-06 -0.273209333 0.961954653
vn 8.6095597E-06 -0.273209274 0.961954653
vn 8.60955879E-06 -0.273209304 0.961954653
vn 1.73572539E-06 -0.273214906 0.961952984
vn -5.686441E-06 -0.27317664 0.961963892
vn 5.74181422E-06 -0.273188353 0.961960614
vn -0 -0.273200452 0.961957157
vn -5.68644191E-06 -0.27317664 0.961963892
vn -0 -0.273200452 0.961957157
vn -0 -0.273218602 0.961951971
vn -0 -0.273198694 0.961957633
vn -0 -0.273198217 0.961957812
vn -0 -0.273198694 0.961957633
vn -7.06750325E-06 -0.27319786 0.961957812
vn -0 -0.273198187 0.961957812
vn -0 -0.273201913 0.961956739
vn 5.74181377E-06 -0.273188353 0.961960614
vn -0 -0.273201883 0.961956739
vn -0 -0.273196638 0.96195817
vn 1.7562121E-06 -0.273209512 0.961954534
vn -0 -0.273196608 0.96195817
vn 5.74181422E-06 -0.273188382 0.961960614
vn -1.72676368E-06 -0.273193032 0.961959243
vn -1.72676368E-06 -0.273193002 0.961959243
vn -0 -0.273216009 0.961952627
vn -0 -0.273204893 0.961955845
vn -0 -0.273177683 0.961963594
vn -0 -0.273216039 0.961952627
vn -0 -0.273216009 0.961952627
vn 4.10219627E-06 -0.273175985 0.96196413
vn -0 -0.273215324 0.961952865
vn -0 -0.273202837 0.961956501
vn -4.10205757E-06 -0.273183823 0.961961806
vn -0 -0.273245066 0.961944461
vn -0 -0.273202837 0.961956501
vn -0 -0.273215145 0.961952984
vn -0 -0.273192555 0.961959362
vn -0 -0.273202837 0.961956501
vn -0 -0.273202866 0.961956501
vn -4.03427612E-06 -0.273215443 0.961952865
vn -0 -0.273206919 0.961955309
vn -1.42312513E-06 -0.273207784 0.96195507
vn -0 -0.273202002 0.961956739
vn -3.27784096E-06 -0.273214996 0.961952984
vn -0 -0.273195863 0.961958408
vn 3.66465747E-06 -0.273197472 0.961957932
vn 3.66465792E-06 -0.273197472 0.961958051
vn -2.39799135E-07 -0.273193359 0.961959183
vn -2.15229988E-06 -0.273198724 0.961957633
vn -2.15230011E-06 -0.273198694 0.961957633
vn -2.15230034E-06 -0.273198724 0.961957633
vn 4.30460159E-06 -0.27319774 0.961957932
vn 4.30460068E-06 -0.273197711 0.961957932
vn 4.30460159E-06 -0.27319774 0.961957932
vn -0 -0.273187101 0.961960912
vn -0 -0.273187131 0.961960912
vn -0 -0.273187101 0.961960912
vn 5.91975277E-06 -0.273213029 0.961953521
vn 1.4155441E-05 -0.27323541 0.961947143
vn -5.68488576E-06 -0.273204058 0.961956084
vn -2.83109384E-05 -0.273228854 0.96194911
vn 2.58275413E-05 -0.273205876 0.961955488
vn 2.58275413E-05 -0.273205847 0.961955488
vn 2.58275413E-05 -0.273205876 0.961955488
vn -0 -0.273190379 0.961960018
vn -0 -0.273190409 0.961959898
vn -0 -0.273190409 0.961959898
vn -5.91956859E-06 -0.273204595 0.961955965
vn -1.41538776E-05 -0.273210555 0.961954176
vn 7.17971579E-06 -0.273215294 0.961952865
vn -0 -0.273207128 0.961955309
vn -0 -0.273194551 0.961958826
vn -0 -0.273194522 0.961958826
vn -0 -0.273194522 0.961958826
vn 1.73572209E-06 -0.273222178 0.961951017
vn 5.68644236E-06 -0.273175329 0.96196425
vn -5.74181649E-06 -0.273186952 0.961960912
vn -0 -0.273198515 0.961957693
vn 5.68644373E-06 -0.273175329 0.96196425
vn -0 -0.273198515 0.961957693
vn -0 -0.273211926 0.961953878
vn -0 -0.273198217 0.961957693
vn -1.71528211E-06 -0.273198783 0.961957633
vn -0 -0.273198217 0.961957693
vn -0 -0.273195356 0.961958587
vn -1.71528211E-06 -0.273198754 0.961957633
vn -0 -0.273187101 0.961960912
vn -1.80472562E-05 -0.273224175 0.961950302
vn -0 -0.273187131 0.961960912
vn -0 -0.273187101 0.961960912
vn 9.0238882E-06 -0.273237735 0.961946607
vn -0 -0.27320385 0.961956203
vn -0 -0.273204893 0.961955845
vn -1.12758903E-06 -0.273159683 0.96196878
vn -0 -0.273204893 0.961955845
vn -0 -0.273204952 0.961955845
vn -0 -0.273215562 0.961952746
vn -0 -0.27320388 0.961956203
vn -0 -0.2732023 0.96195662
vn -5.26891517E-06 -0.273228347 0.961949229
vn -0 -0.2732023 0.96195662
vn -5.74181558E-06 -0.273187011 0.961960912
vn -5.74181604E-06 -0.273186982 0.961960912
vn -0 -0.273193032 0.961959243
vn -0 -0.273193002 0.961959243
vn -0 -0.27318269 0.961962104
vn 1.80444913E-05 -0.273186833 0.961960912
vn -0 -0.27318269 0.961962104
vn -0 -0.27318269 0.961962104
vn -9.02262491E-06 -0.273203969 0.961956203
vn -0 -0.273201019 0.961956918
vn 4.51163532E-06 -0.273215503 0.961952865
vn -0 -0.273201078 0.961956918
vn -0 -0.273177475 0.961963654
vn -0 -0.273201048 0.961956918
vn -0 -0.273201048 0.961956918
vn -0 -0.27320689 0.961955309
vn -0 -0.273202211 0.96195662
vn -0 -0.273201555 0.961956859
vn -0 -0.273201495 0.961956859
vn -0 -0.273202002 0.961956739
vn -0 -0.273203015 0.961956382
vn -3.66454969E-06 -0.273193985 0.961958945
vn -3.66454969E-06 -0.273193985 0.961958945
vn 2.39798908E-07 -0.273196936 0.96195817
vn 4.30460477E-06 -0.273194999 0.961958706
vn 4.30460523E-06 -0.273195028 0.961958706
vn 4.30460477E-06 -0.273194969 0.961958706
vn -2.15229829E-06 -0.273200929 0.961956918
vn -2.15229829E-06 -0.273200899 0.961956918
vn -2.15229852E-06 -0.273200929 0.961956918
vn 8.60911041E-06 -0.273203671 0.961956203
vn 8.60911041E-06 -0.273203671 0.961956203
vn 8.60911041E-06 -0.273203671 0.961956203
vn -8.60922137E-06 -0.273191005 0.961959839
vn -8.60921955E-06 -0.273191005 0.961959839
vn -8.60922046E-06 -0.273191035 0.961959839
vn -0 -0.273197114 0.96195817
vn -1.13728474E-05 -0.273187101 0.961960912
vn -1.14841223E-05 -0.273204356 0.961956084
vn -1.43693728E-06 -0.273249209 0.961943269
vn -1.13728483E-05 -0.27318716 0.961960912
vn -1.43693728E-06 -0.273249239 0.961943269
vn 7.0250544E-06 -0.273209631 0.961954534
vn 8.63923731E-07 -0.273202688 0.961956501
vn 6.43221938E-07 -0.273197025 0.96195817
vn 8.63923674E-07 -0.273202688 0.961956501
vn 7.06738183E-06 -0.273206443 0.961955428
vn 6.43221995E-07 -0.273197025 0.96195817
vn 4.7597141E-06 -0.273199886 0.961957276
vn -4.5116326E-06 -0.273217976 0.961952209
vn 4.7597141E-06 -0.273199856 0.961957276
vn 4.75971456E-06 -0.273199886 0.961957276
vn -0 -0.27320078 0.961957037
vn -2.87286775E-06 -0.273141116 0.961973965
vn -0 -0.273224801 0.961950243
vn -0 -0.273184925 0.961961448
vn -0 -0.273224801 0.961950243
vn -0 -0.273224771 0.961950243
vn 2.25581607E-06 -0.273218066 0.96195209
vn -2.87286753E-06 -0.273141116 0.961973965
vn 2.59165017E-06 -0.273189604 0.961960137
vn 1.40508646E-05 -0.273224354 0.961950302
vn 2.59165017E-06 -0.273189664 0.961960137
vn -1.14841214E-05 -0.273204356 0.961955965
vn -1.14841214E-05 -0.273204356 0.961955965
vn 3.88528815E-06 -0.273205012 0.961955845
vn 3.8852877E-06 -0.273204952 0.961955845
vn 4.75989555E-06 -0.273204893 0.961955845
vn -4.51163714E-06 -0.273214608 0.961953104
vn 4.75989555E-06 -0.273204952 0.961955845
vn 4.75989555E-06 -0.273204952 0.961955845
vn -0 -0.273237586 0.961946607
vn 1.93543406E-06 -0.273200393 0.961957157
vn -0 -0.273206204 0.961955488
vn 1.93543406E-06 -0.273200393 0.961957157
vn -6.76649461E-06 -0.273187369 0.961960912
vn 1.93543406E-06 -0.273200393 0.961957157
vn 1.93543406E-06 -0.273200393 0.961957157
vn -0 -0.27319786 0.961957812
vn -0 -0.273197085 0.961958051
vn 1.60836669E-06 -0.273203999 0.961956203
vn 2.91335868E-06 -0.273211688 0.961953998
vn -0 -0.273195058 0.961958587
vn 6.1914252E-06 -0.273228317 0.961949229
vn -3.66486893E-06 -0.273208857 0.961954713
vn -3.66486893E-06 -0.273208857 0.961954713
vn -0 -0.273204774 0.961955845
vn 8.60975979E-06 -0.273221046 0.961951196
vn 8.60975979E-06 -0.273221046 0.961951196
vn 8.60975979E-06 -0.273221076 0.961951196
vn -0 -0.273196071 0.961958408
vn -0 -0.273196042 0.961958408
vn -0 -0.273196071 0.961958408
vn -4.30458886E-06 -0.273207426 0.96195519
vn -4.30458886E-06 -0.273207396 0.96195519
vn -4.30458977E-06 -0.273207456 0.96195519
vn 1.29137916E-05 -0.273201197 0.961956918
vn 1.29137925E-05 -0.273201197 0.961956859
vn 1.29137898E-05 -0.273201197 0.961956859
vn -0 -0.273207605 0.96195507
vn 2.27474357E-05 -0.273208082 0.961954951
vn -0 -0.27320838 0.961954832
vn -2.8733773E-06 -0.273187786 0.961960673
vn 2.27474393E-05 -0.273208112 0.961954951
vn -2.87337707E-06 -0.273187786 0.961960673
vn 1.40497004E-05 -0.27320829 0.961954951
vn 8.63949708E-07 -0.273209989 0.961954415
vn 7.29004614E-06 -0.273201883 0.961956739
vn 8.63949708E-07 -0.273209989 0.961954415
vn -1.41340488E-05 -0.273178458 0.961963356
vn 7.29004614E-06 -0.273201913 0.961956739
vn -0 -0.273204654 0.961955965
vn -4.5116326E-06 -0.273217678 0.961952209
vn -0 -0.273204595 0.961955965
vn -0 -0.273204595 0.961955965
vn -1.80433835E-05 -0.273172885 0.961965024
vn -0 -0.273234755 0.961947322
vn -2.379943E-06 -0.273212045 0.961953878
vn -0 -0.273220628 0.961951315
vn -2.379943E-06 -0.273212105 0.961953878
vn -2.37994277E-06 -0.273212105 0.961953878
vn -9.022021E-06 -0.273177058 0.961963773
vn -0 -0.273234755 0.961947322
vn -2.59173203E-06 -0.273198903 0.961957633
vn -1.40485645E-05 -0.273185313 0.961961448
vn -2.5917318E-06 -0.273198903 0.961957633
vn -0 -0.27320835 0.961954832
vn -0 -0.27320838 0.961954832
vn -0 -0.273208737 0.961954713
vn -0 -0.273208767 0.961954713
vn -0 -0.273204356 0.961956084
vn 1.3534851E-05 -0.273229748 0.961948812
vn -0 -0.273204297 0.961956084
vn -0 -0.273204297 0.961956084
vn -0 -0.273206204 0.961955488
vn -1.93548976E-06 -0.273211926 0.961953878
vn -1.8043369E-05 -0.273175508 0.96196425
vn -1.93548976E-06 -0.273211926 0.961953878
vn 9.02263582E-06 -0.273199499 0.961957395
vn -1.93548976E-06 -0.273211896 0.961953878
vn -1.93548976E-06 -0.273211896 0.961953878
vn -2.01703324E-06 -0.273205847 0.961955607
vn -4.03413515E-06 -0.273204416 0.961955965
vn -3.74296428E-06 -0.273203969 0.961956203
vn -3.27766566E-06 -0.273198545 0.961957693
vn -4.55228428E-06 -0.273210406 0.961954296
vn -0 -0.273189366 0.961960256
vn 3.6646536E-06 -0.27320087 0.961956918
vn 3.66465383E-06 -0.27320084 0.961956918
vn -0 -0.27320236 0.96195662
vn -0 -0.273216069 0.961952627
vn -0 -0.273216039 0.961952627
vn -0 -0.273216069 0.961952627
vn -1.72172277E-05 -0.273186803 0.961960912
vn -1.72172222E-05 -0.273186773 0.961960912
vn -1.72172277E-05 -0.273186803 0.961960912
vn 1.29138052E-05 -0.273197472 0.961957932
vn 1.29138052E-05 -0.273197502 0.961957932
vn 1.29138034E-05 -0.273197472 0.961957932
vn -0 -0.273202151 0.96195662
vn -0 -0.273202121 0.961956739
vn -0 -0.273202151 0.96195662
vn -1.04137762E-05 -0.273207188 0.961955309
vn -0 -0.273216307 0.961952507
vn 8.612682E-06 -0.273203254 0.961956263
vn -0 -0.273201197 0.961956859
vn -0 -0.273216307 0.961952507
vn -0 -0.273201168 0.961956918
vn 7.02485295E-06 -0.273207098 0.961955309
vn -4.96760322E-06 -0.273203403 0.961956263
vn 3.43054558E-06 -0.273198575 0.961957633
vn -4.96760413E-06 -0.273203433 0.961956263
vn -1.41359669E-05 -0.273216397 0.961952507
vn 3.4305458E-06 -0.273198575 0.961957633
vn -0 -0.273214459 0.961953104
vn 8.612682E-06 -0.273203284 0.961956263
vn -0 -0.273214459 0.961953104
vn 2.80772065E-06 -0.27319786 0.961957812
vn -0 -0.273219377 0.961951792
vn 2.80772065E-06 -0.27319783 0.961957932
vn 8.6126829E-06 -0.273203284 0.961956263
vn -2.59028343E-06 -0.273212761 0.96195364
vn -2.5902832E-06 -0.273212701 0.96195364
vn -9.52030769E-06 -0.273222148 0.961951017
vn -1.11646159E-05 -0.273190826 0.961959839
vn -7.07657227E-06 -0.273187101 0.961960912
vn -9.52030769E-06 -0.273222148 0.961951017
vn -9.52030769E-06 -0.273222148 0.961951017
vn -1.48645131E-05 -0.273192227 0.961959481
vn -1.59257306E-05 -0.273251951 0.961942494
vn 7.74162163E-06 -0.273196012 0.961958408
vn 8.20568403E-06 -0.273242325 0.961945236
vn -0 -0.273263782 0.961939096
vn 7.74162072E-06 -0.273195982 0.961958408
vn 7.39900588E-06 -0.273186475 0.961961031
vn 1.76914018E-05 -0.273192436 0.961959362
vn 7.74162163E-06 -0.273196012 0.961958408
vn 7.74162163E-06 -0.273195982 0.961958408
vn 5.59239697E-06 -0.273196638 0.96195817
vn -2.47570233E-06 -0.273212761 0.96195364
vn -3.12400221E-06 -0.273200721 0.961957037
vn -3.27778207E-06 -0.273205876 0.961955607
vn -2.54870451E-06 -0.273195237 0.961958587
vn -0 -0.273197263 0.961958051
vn 1.09942921E-05 -0.273202628 0.961956501
vn 1.09942903E-05 -0.273202658 0.961956501
vn -1.91845152E-06 -0.273198992 0.961957633
vn -4.30490445E-06 -0.273202121 0.961956739
vn -4.304904E-06 -0.273202151 0.96195662
vn -4.30490354E-06 -0.273202151 0.96195662
vn 8.61035369E-06 -0.273230165 0.961948693
vn 8.61035369E-06 -0.273230165 0.961948693
vn 8.61035369E-06 -0.273230165 0.961948693
vn -4.75989418E-06 -0.273205459 0.961955726
vn -4.75989373E-06 -0.273205459 0.961955726
vn -4.75989418E-06 -0.273205429 0.961955726
vn 4.57169926E-06 -0.273210585 0.961954176
vn -2.83070149E-05 -0.273199856 0.961957276
vn -1.02566992E-06 -0.273210794 0.961954176
vn -0 -0.27320981 0.961954534
vn -8.61007265E-06 -0.273219138 0.961951792
vn -8.61007265E-06 -0.273219138 0.961951792
vn -8.61007265E-06 -0.273219138 0.961951792
vn -0 -0.273223817 0.961950541
vn -0 -0.273223788 0.961950421
vn -0 -0.273223817 0.961950541
vn -8.20495916E-06 -0.273198664 0.961957633
vn -0 -0.273171306 0.961965322
vn -2.60698835E-06 -0.273192883 0.961959243
vn -2.83074405E-05 -0.273198664 0.961957633
vn -8.61062836E-06 -0.273243248 0.961944938
vn -8.61062836E-06 -0.273243248 0.961945057
vn -8.61062927E-06 -0.273243248 0.961945057
vn 3.47126229E-06 -0.273203969 0.961956203
vn 2.84371572E-06 -0.273227781 0.961949348
vn -2.87064063E-06 -0.273179114 0.961963236
vn -0 -0.273212552 0.961953759
vn 2.84371572E-06 -0.273227751 0.961949348
vn -0 -0.273212582 0.961953759
vn -7.02523357E-06 -0.273221016 0.961951196
vn 8.63919183E-07 -0.273201436 0.961956859
vn -2.57299303E-06 -0.273203611 0.961956263
vn 8.63919297E-07 -0.273201436 0.961956859
vn 1.41351838E-05 -0.273204833 0.961955845
vn -2.5729928E-06 -0.273203611 0.961956263
vn -4.75954221E-06 -0.273188174 0.961960614
vn -0 -0.273206115 0.961955488
vn -4.75954221E-06 -0.273188233 0.961960614
vn -4.75954175E-06 -0.273188174 0.961960614
vn 6.76697027E-06 -0.273202866 0.961956382
vn 1.14942677E-05 -0.273207217 0.96195519
vn -0 -0.273198783 0.961957633
vn 4.51099504E-06 -0.273188114 0.961960673
vn -0 -0.273198813 0.961957633
vn -0 -0.273198813 0.961957633
vn 9.02215106E-06 -0.273190707 0.961959898
vn 1.14942659E-05 -0.273207217 0.96195519
vn 8.63925436E-07 -0.273201555 0.961956859
vn -0 -0.273207903 0.96195507
vn 8.63925436E-07 -0.273201555 0.961956859
vn -2.87064063E-06 -0.273179114 0.961963236
vn -2.87064086E-06 -0.273179173 0.961963236
vn -3.45374951E-06 -0.273212045 0.961953878
vn -3.45374951E-06 -0.273212045 0.961953878
vn -4.75989282E-06 -0.273207128 0.961955309
vn -0 -0.27322188 0.961951077
vn -4.75989282E-06 -0.273207128 0.961955309
vn -4.75989282E-06 -0.273207098 0.961955309
vn 1.57896011E-05 -0.273201823 0.961956739
vn 7.7417244E-06 -0.273205459 0.961955726
vn -4.51163351E-06 -0.273216605 0.961952507
vn 7.7417244E-06 -0.273205429 0.961955726
vn 9.02278498E-06 -0.273207664 0.96195507
vn 7.7417244E-06 -0.273205459 0.961955726
vn 7.7417244E-06 -0.273205429 0.961955726
vn -2.33761511E-06 -0.273203313 0.961956263
vn -2.33763831E-06 -0.273194432 0.961958826
vn 2.27361465E-06 -0.273210257 0.961954296
vn 1.45668503E-06 -0.273204356 0.961956084
vn 2.91336232E-06 -0.273217648 0.961952209
vn 3.09557458E-06 -0.273204595 0.961955965
vn 3.66475979E-06 -0.273205966 0.961955488
vn 3.66475979E-06 -0.273205996 0.961955488
vn -0 -0.27320388 0.961956203
vn -1.29138562E-05 -0.273184031 0.961961806
vn -1.29138543E-05 -0.273184001 0.961961806
vn -1.29138571E-05 -0.273184031 0.961961806
vn -0 -0.273194999 0.961958706
vn -0 -0.273194999 0.961958706
vn -0 -0.273194969 0.961958706
vn -0 -0.273192883 0.961959243
vn -0 -0.273192883 0.961959243
vn -0 -0.273192853 0.961959243
vn -0 -0.273188025 0.961960673
vn -0 -0.273187995 0.961960673
vn -0 -0.273188025 0.961960673
vn 6.94252913E-06 -0.273201525 0.961956859
vn -1.13738297E-05 -0.273214996 0.961952984
vn -0 -0.273213774 0.961953282
vn -0 -0.273224592 0.961950243
vn -1.13738288E-05 -0.273214996 0.961952984
vn -0 -0.273224592 0.961950243
vn 7.02494981E-06 -0.273209959 0.961954415
vn -4.31956414E-06 -0.273202688 0.961956501
vn -1.71532713E-06 -0.273205847 0.961955488
vn -4.31956369E-06 -0.273202717 0.961956501
vn -7.06701712E-06 -0.273181736 0.961962461
vn -1.71532713E-06 -0.273205876 0.961955488
vn -4.75988963E-06 -0.273209333 0.961954653
vn 9.02199827E-06 -0.273184925 0.961961448
vn -4.75989009E-06 -0.273209363 0.961954653
vn -4.75988918E-06 -0.273209363 0.961954653
vn -0 -0.273193747 0.961959064
vn 5.74725209E-06 -0.273218632 0.961951971
vn -0 -0.273208231 0.961954951
vn -0 -0.273226023 0.961949885
vn -0 -0.273208231 0.961954951
vn -0 -0.273208231 0.961954951
vn -1.74826055E-05 -0.273210973 0.961954057
vn 5.74725163E-06 -0.273218602 0.961951971
vn -3.45566878E-06 -0.2731978 0.961957932
vn 7.02446141E-06 -0.273197979 0.961957812
vn -3.45566832E-06 -0.27319783 0.961957932
vn -0 -0.273213774 0.961953282
vn -0 -0.273213804 0.961953282
vn 1.7268668E-06 -0.273208916 0.961954713
vn 1.72686703E-06 -0.273208916 0.961954713
vn 4.75989418E-06 -0.273205966 0.961955488
vn 9.02263037E-06 -0.273201823 0.961956739
vn 4.75989327E-06 -0.273205996 0.961955488
vn 4.75989327E-06 -0.273205966 0.961955488
vn -9.02279498E-06 -0.273219258 0.961951792
vn -0 -0.273201406 0.961956859
vn -0 -0.273210198 0.961954296
vn -0 -0.273201376 0.961956859
vn -2.25566509E-06 -0.273190081 0.961960018
vn -0 -0.273201406 0.961956859
vn -0 -0.273201406 0.961956859
vn -6.233975E-06 -0.273210257 0.961954296
vn -2.19986805E-06 -0.273206532 0.961955428
vn 2.25881763E-06 -0.273207337 0.96195519
vn 6.19107595E-06 -0.273203671 0.961956203
vn -7.28323982E-07 -0.273211658 0.961953998
vn 6.19099865E-06 -0.273199469 0.961957395
vn -2.74864487E-06 -0.273216367 0.961952507
vn -2.74864533E-06 -0.273216397 0.961952507
vn 1.91845061E-06 -0.27320075 0.961957037
vn -8.60920227E-06 -0.273197979 0.961957812
vn -8.60920227E-06 -0.273197979 0.961957812
vn -8.60920318E-06 -0.273198038 0.961957812
vn 8.60805631E-06 -0.273163766 0.961967528
vn 8.6080554E-06 -0.273163766 0.961967528
vn 8.60805631E-06 -0.273163766 0.961967528
vn -0 -0.273193002 0.961959243
vn -0 -0.273193002 0.961959243
vn -0 -0.273193061 0.961959243
vn 8.60862929E-06 -0.273180842 0.9619627
vn 8.6086302E-06 -0.273180902 0.9619627
vn 8.60863111E-06 -0.273180902 0.9619627
vn 6.94251594E-06 -0.273207963 0.96195507
vn -0 -0.273224443 0.961950302
vn 2.29682082E-05 -0.273209691 0.961954534
vn 5.74778187E-06 -0.27322945 0.961948872
vn -0 -0.273224473 0.961950302
vn 5.74778232E-06 -0.27322951 0.961948872
vn -1.40489483E-05 -0.273192316 0.961959481
vn 2.59181206E-06 -0.273203969 0.961956203
vn -3.85944486E-06 -0.273206174 0.961955488
vn 2.59181206E-06 -0.273203939 0.961956203
vn 7.06778337E-06 -0.273213118 0.961953521
vn -3.85944531E-06 -0.273206204 0.961955488
vn -9.51943639E-06 -0.273196518 0.96195817
vn -9.02199736E-06 -0.273184925 0.961961448
vn -9.5194373E-06 -0.273196548 0.96195817
vn -9.51943639E-06 -0.273196518 0.96195817
vn -0 -0.273217469 0.961952329
vn -5.74621754E-06 -0.273180902 0.9619627
vn -4.75989646E-06 -0.27320379 0.961956203
vn 9.02327338E-06 -0.273214549 0.961953104
vn -4.75989737E-06 -0.27320385 0.961956203
vn -4.75989691E-06 -0.27320379 0.961956203
vn 1.01497262E-05 -0.273192346 0.961959481
vn -5.74621617E-06 -0.273180842 0.9619627
vn -0 -0.273202896 0.961956382
vn -7.02409034E-06 -0.273179173 0.961963236
vn -0 -0.273202896 0.961956382
vn 2.29682119E-05 -0.273209751 0.961954534
vn 2.29682137E-05 -0.273209751 0.961954534
vn -2.59021272E-06 -0.273201942 0.961956739
vn -2.59021249E-06 -0.273201942 0.961956739
vn -0 -0.273189276 0.961960256
vn -1.80452571E-05 -0.273202866 0.961956501
vn -0 -0.273189306 0.961960256
vn -0 -0.273189306 0.961960256
vn 1.80460374E-05 -0.273214757 0.961953104
vn 3.87075352E-06 -0.273191482 0.96195972
vn 1.80440202E-05 -0.273180842 0.9619627
vn 3.87075352E-06 -0.273191482 0.96195972
vn 1.9173096E-05 -0.273200929 0.961956918
vn 3.87075352E-06 -0.273191452 0.96195972
vn 3.87075352E-06 -0.273191482 0.96195972
vn -0 -0.273204386 0.961955965
vn -4.0338864E-06 -0.273204416 0.961955965
vn -2.22716153E-06 -0.27319926 0.961957514
vn -3.27762746E-06 -0.273199558 0.961957395
vn -1.45661772E-06 -0.273198187 0.961957693
vn -0 -0.273200542 0.961957037
vn 3.66486438E-06 -0.273213089 0.961953521
vn 3.66486438E-06 -0.273213089 0.961953521
vn -3.83695669E-06 -0.273205698 0.961955607
vn -0 -0.273235202 0.961947262
vn -0 -0.273235142 0.961947262
vn -0 -0.273235142 0.961947262
vn -8.60921955E-06 -0.273190975 0.961959839
vn -8.60921955E-06 -0.273191005 0.961959839
vn -8.60921955E-06 -0.273191005 0.961959839
vn 8.60921136E-06 -0.273193985 0.961958945
vn 8.60921136E-06 -0.273193955 0.961958945
vn 8.60921227E-06 -0.273194015 0.961958945
vn -0 -0.273177713 0.961963594
vn -0 -0.273177683 0.961963594
vn -0 -0.273177713 0.961963594
vn -0 -0.273188531 0.961960495
vn -0 -0.273231059 0.961948454
vn 5.74231717E-06 -0.273215115 0.961952984
vn -1.1494004E-05 -0.27320388 0.961956203
vn -0 -0.273231 0.961948454
vn -1.1494004E-05 -0.27320388 0.961956203
vn -0 -0.273208678 0.961954713
vn -1.72782609E-06 -0.273201793 0.961956739
vn 2.57297211E-06 -0.273206532 0.961955428
vn -1.72782597E-06 -0.273201793 0.961956739
vn -0 -0.273192555 0.961959362
vn 2.57297233E-06 -0.273206592 0.961955428
vn -9.519782E-06 -0.273208231 0.961954951
vn 9.0226049E-06 -0.273211271 0.961954057
vn -9.51978109E-06 -0.273208231 0.961954951
vn -9.519782E-06 -0.273208231 0.961954951
vn 5.63914182E-06 -0.273202866 0.961956382
vn -2.29879879E-05 -0.273206472 0.961955428
vn -0 -0.273207098 0.961955309
vn 9.02324791E-06 -0.273223966 0.961950421
vn -0 -0.273207068 0.961955309
vn -0 -0.273207158 0.961955309
vn -9.02339343E-06 -0.273232877 0.961947918
vn -2.29879915E-05 -0.273206532 0.961955428
vn -4.31960899E-07 -0.273203611 0.961956263
vn -1.40489328E-05 -0.273195565 0.961958468
vn -4.31960956E-07 -0.273203611 0.961956263
vn 5.74231717E-06 -0.273215145 0.961952984
vn 5.74231717E-06 -0.273215115 0.961952984
vn -0 -0.273200095 0.961957276
vn -0 -0.273200095 0.961957276
vn 9.51978927E-06 -0.273205489 0.961955726
vn -0 -0.273226023 0.961949885
vn 9.51979018E-06 -0.273205489 0.961955726
vn 9.51978927E-06 -0.273205429 0.961955726
vn -1.46617622E-05 -0.273204595 0.961955965
vn -0 -0.273209989 0.961954415
vn -9.02262855E-06 -0.273202896 0.961956382
vn -0 -0.273210019 0.961954415
vn -0 -0.273216873 0.961952507
vn -0 -0.273209959 0.961954415
vn -0 -0.273209989 0.961954415
vn 4.0339728E-06 -0.2731947 0.961958706
vn -4.03395188E-06 -0.27319327 0.961959183
vn 4.02016212E-07 -0.273204774 0.961955845
vn -2.54938868E-06 -0.27320379 0.961956203
vn 3.27772568E-06 -0.273206353 0.961955428
vn 1.54778638E-06 -0.273206353 0.961955428
vn -0 -0.273205191 0.961955726
vn -0 -0.273205221 0.961955726
vn -3.83690258E-06 -0.273198962 0.961957633
vn 8.60919772E-06 -0.273199975 0.961957276
vn 8.60919772E-06 -0.273199975 0.961957276
vn 8.60919772E-06 -0.273199946 0.961957276
vn 8.60863838E-06 -0.273176879 0.961963773
vn 8.6086402E-06 -0.273176908 0.961963773
vn 8.60863838E-06 -0.273176908 0.961963773
vn -0 -0.273199975 0.961957276
vn -0 -0.273199946 0.961957276
vn -0 -0.273199916 0.961957276
vn -0 -0.273205876 0.961955488
vn -0 -0.273205847 0.961955488
vn -0 -0.273205847 0.961955488
vn -0 -0.273182094 0.961962342
vn -0 -0.27320841 0.961954832
vn -5.74182013E-06 -0.273184329 0.961961687
vn -1.14950135E-05 -0.273230672 0.961948574
vn -0 -0.27320841 0.961954832
vn -1.14950126E-05 -0.273230702 0.961948574
vn -5.26864187E-06 -0.273205191 0.961955726
vn 8.63902301E-07 -0.273195177 0.961958587
vn -5.14591648E-06 -0.273200601 0.961957037
vn 8.63902301E-07 -0.273195118 0.961958587
vn -7.06778565E-06 -0.273211449 0.961953998
vn -5.14591602E-06 -0.273200572 0.961957037
vn -4.75987963E-06 -0.27321592 0.961952746
vn -0 -0.2731691 0.961965978
vn -4.75988008E-06 -0.27321592 0.961952746
vn -4.75987963E-06 -0.27321592 0.961952746
vn -4.51131791E-06 -0.273199916 0.961957276
vn 1.14944933E-05 -0.273221225 0.961951196
vn -9.51944185E-06 -0.273194879 0.961958706
vn 9.02388001E-06 -0.273240864 0.961945593
vn -9.51944185E-06 -0.273194879 0.961958706
vn -9.51944367E-06 -0.273194879 0.961958706
vn 9.02302963E-06 -0.27322638 0.961949766
vn 1.14944924E-05 -0.273221225 0.961951196
vn 5.18341403E-06 -0.273194879 0.961958706
vn -0 -0.273197949 0.961957812
vn 5.18341403E-06 -0.273194879 0.961958706
vn -5.74182013E-06 -0.273184329 0.961961687
vn -5.74182059E-06 -0.273184359 0.961961687
vn -2.15852629E-06 -0.273202002 0.961956739
vn -2.15852629E-06 -0.273202002 0.961956739
vn -4.76006471E-06 -0.273218751 0.961951971
vn -0 -0.273209184 0.961954653
vn -4.76006471E-06 -0.273218751 0.961951971
vn -4.76006426E-06 -0.273218751 0.961951852
vn -1.91744311E-05 -0.273218989 0.961951852
vn 3.87086902E-06 -0.273199201 0.961957514
vn 1.80452207E-05 -0.273209155 0.961954653
vn 3.87086902E-06 -0.273199141 0.961957514
vn -9.02232387E-06 -0.273189217 0.961960375
vn 3.87086902E-06 -0.273199171 0.961957514
vn 3.87086948E-06 -0.273199201 0.961957514
vn -4.03386457E-06 -0.273201704 0.961956739
vn -0 -0.273209184 0.961954653
vn -1.42316105E-06 -0.273207724 0.96195507
vn -2.9134178E-06 -0.27321133 0.961953998
vn -3.64321579E-07 -0.273202747 0.961956501
vn -6.19112961E-06 -0.273214966 0.961952984
vn -0 -0.273197979 0.961957812
vn -0 -0.273197919 0.961957812
vn -1.91845152E-06 -0.273198992 0.961957633
vn -8.60976797E-06 -0.273218066 0.96195209
vn -8.60976706E-06 -0.273218036 0.96195209
vn -8.60976797E-06 -0.273218066 0.96195209
vn 8.60977525E-06 -0.273215085 0.961952984
vn 8.60977525E-06 -0.273215055 0.961952984
vn 8.60977525E-06 -0.273215085 0.961952984
vn -8.60864293E-06 -0.273175925 0.96196413
vn -8.60864293E-06 -0.273175925 0.96196413
vn -8.60864202E-06 -0.273175895 0.96196413
vn 1.72195741E-05 -0.273210078 0.961954415
vn 1.72195741E-05 -0.273210108 0.961954415
vn 1.72195796E-05 -0.273210108 0.961954415
vn 3.47107243E-06 -0.273193389 0.961959183
vn -0 -0.273220479 0.961951435
vn -0 -0.273170829 0.961965561
vn -0 -0.273213238 0.961953521
vn -0 -0.273220539 0.961951435
vn -0 -0.273213238 0.961953521
vn -7.02485613E-06 -0.273205429 0.961955726
vn -3.02377771E-06 -0.273206919 0.961955309
vn 3.0018407E-06 -0.273209453 0.961954534
vn -3.02377816E-06 -0.273206949 0.961955309
vn -1.41347809E-05 -0.2732023 0.96195662
vn 3.0018407E-06 -0.273209453 0.961954534
vn -0 -0.273227096 0.961949527
vn 1.80452771E-05 -0.273198724 0.961957633
vn -0 -0.273227096 0.961949527
vn -0 -0.273227096 0.961949527
vn -9.02262127E-06 -0.273205012 0.961955845
vn -0 -0.273218572 0.961951971
vn -0 -0.273218215 0.96195209
vn 9.02325155E-06 -0.273222893 0.961950779
vn -0 -0.273218215 0.96195209
vn -0 -0.273218215 0.96195209
vn -4.51099777E-06 -0.273185492 0.961961389
vn -0 -0.273218602 0.961951971
vn 4.75155366E-06 -0.273203015 0.961956382
vn -0 -0.273200452 0.961957157
vn 4.75155412E-06 -0.273203045 0.961956382
vn -0 -0.273170829 0.961965561
vn -0 -0.273170829 0.961965561
vn 3.45370995E-06 -0.273208648 0.961954832
vn 3.45371018E-06 -0.273208648 0.961954832
vn -9.51978654E-06 -0.273207128 0.961955309
vn -0 -0.273205012 0.961955845
vn -9.51978564E-06 -0.273207128 0.961955309
vn -9.51978654E-06 -0.273207158 0.961955309
vn 9.02200645E-06 -0.273181826 0.961962342
vn -3.87075306E-06 -0.273191988 0.9619596
vn 9.02202009E-06 -0.27317664 0.961963892
vn -3.87075261E-06 -0.273191929 0.9619596
vn -9.02201464E-06 -0.273178697 0.961963356
vn -3.87075352E-06 -0.273191988 0.9619596
vn -3.87075352E-06 -0.273192048 0.9619596
vn -6.23305414E-06 -0.27320075 0.961957037
vn -1.02672939E-05 -0.27320078 0.961957037
vn 6.19008688E-07 -0.273206025 0.961955488
vn -3.64407981E-07 -0.273204207 0.961956084
vn 1.4566657E-06 -0.273208916 0.961954713
vn 6.19091679E-06 -0.273200512 0.961957037
vn -3.20657637E-06 -0.27319622 0.961958289
vn -3.20657614E-06 -0.27319622 0.961958289
vn -1.9184497E-06 -0.273202121 0.961956739
vn -0 -0.273200899 0.961956918
vn -0 -0.273200929 0.961956918
vn -0 -0.273200929 0.961956918
vn 4.30488399E-06 -0.273218066 0.96195209
vn 4.30488399E-06 -0.273218066 0.96195209
vn 4.30488444E-06 -0.273218095 0.96195209
vn 1.72184173E-05 -0.273195982 0.961958408
vn 1.72184155E-05 -0.273195982 0.961958408
vn 1.72184173E-05 -0.273195982 0.961958408
vn -0 -0.273214072 0.961953282
vn -0 -0.273214072 0.961953282
vn -0 -0.273214102 0.961953282
vn -0 -0.273208737 0.961954713
vn -1.13738861E-05 -0.27319786 0.961957812
vn -1.14846298E-05 -0.273216456 0.961952507
vn -0 -0.273209304 0.961954653
vn -1.1373887E-05 -0.273197889 0.961957812
vn -0 -0.273209304 0.961954653
vn -0 -0.273187846 0.961960673
vn 8.63908269E-07 -0.273195863 0.961958408
vn -2.57303464E-06 -0.273208976 0.961954713
vn 8.63908269E-07 -0.273195863 0.961958408
vn 7.06778383E-06 -0.273212254 0.961953759
vn -2.57303486E-06 -0.273208976 0.961954713
vn -4.75971592E-06 -0.273198187 0.961957693
vn -1.80440238E-05 -0.27317974 0.961962998
vn -4.75971638E-06 -0.273198217 0.961957812
vn -4.75971638E-06 -0.273198217 0.961957812
vn 1.80439692E-05 -0.273190141 0.961960018
vn -1.14934865E-05 -0.273194462 0.961958826
vn -0 -0.273205996 0.961955488
vn -1.8045228E-05 -0.273208112 0.961954951
vn -0 -0.273205996 0.961955488
vn -0 -0.273205966 0.961955488
vn -4.51194001E-06 -0.273240805 0.961945593
vn -1.14934855E-05 -0.273194402 0.961958826
vn 4.31965162E-07 -0.27320683 0.961955309
vn -0 -0.273210287 0.961954296
vn 4.31965134E-07 -0.2732068 0.961955309
vn -1.14846289E-05 -0.273216456 0.961952507
vn -1.14846289E-05 -0.273216456 0.961952507
vn -0 -0.273201853 0.961956739
vn -0 -0.273201853 0.961956739
vn 4.76006426E-06 -0.273219317 0.961951792
vn -9.0226431E-06 -0.273196608 0.96195817
vn 4.76006335E-06 -0.273219317 0.961951792
vn 4.7600638E-06 -0.273219317 0.961951792
vn -0 -0.273207068 0.961955309
vn -0 -0.273201942 0.961956739
vn -0 -0.273215413 0.961952865
vn -0 -0.273201942 0.961956739
vn 1.35320515E-05 -0.273167014 0.961966574
vn -0 -0.273201942 0.961956739
vn -0 -0.273201942 0.961956739
vn 4.03406239E-06 -0.273204654 0.961955965
vn -0 -0.273207963 0.96195507
vn -2.19568756E-06 -0.273201674 0.961956739
vn -5.82694975E-06 -0.273208737 0.961954713
vn 2.54933548E-06 -0.273195684 0.961958468
vn -1.23824448E-05 -0.273207843 0.96195507
vn -0 -0.273195356 0.961958587
vn -0 -0.273195356 0.961958587
vn 3.83690303E-06 -0.273198962 0.961957633
vn -0 -0.273173898 0.961964667
vn -0 -0.273173928 0.961964667
vn -0 -0.273173898 0.961964667
vn -0 -0.273202121 0.961956739
vn -0 -0.273202151 0.96195662
vn -0 -0.273202151 0.96195662
vn -8.60948785E-06 -0.273207009 0.961955309
vn -8.60948785E-06 -0.273207068 0.961955309
vn -8.60948785E-06 -0.273207009 0.961955309
vn -1.72195705E-05 -0.273210585 0.961954176
vn -1.72195723E-05 -0.273210585 0.961954176
vn -1.72195705E-05 -0.273210555 0.961954176
vn -0 -0.273203135 0.961956382
vn 1.13738852E-05 -0.27319786 0.961957812
vn -0 -0.273188323 0.961960614
vn -1.14945451E-05 -0.273206651 0.961955428
vn 1.1373887E-05 -0.273197949 0.961957812
vn -1.14945451E-05 -0.273206651 0.961955428
vn 7.02485522E-06 -0.273206472 0.961955428
vn 4.31958142E-06 -0.273200214 0.961957157
vn 2.14418128E-06 -0.273207754 0.96195507
vn 4.31958188E-06 -0.273200184 0.961957157
vn -0 -0.273200274 0.961957157
vn 2.14418128E-06 -0.273207754 0.96195507
vn 9.51977199E-06 -0.273211569 0.961953998
vn -0 -0.273199737 0.961957276
vn 9.5197729E-06 -0.273211539 0.961953998
vn 9.51977199E-06 -0.273211509 0.961953998
vn -1.35349264E-05 -0.273210377 0.961954296
vn -1.14935319E-05 -0.273181111 0.961962581
vn -0 -0.273204774 0.961955845
vn -1.80452662E-05 -0.27320081 0.961957037
vn -0 -0.273204803 0.961955845
vn -0 -0.273204774 0.961955845
vn -1.80458774E-05 -0.273213387 0.961953402
vn -1.14935319E-05 -0.273181111 0.961962581
vn -0 -0.273211241 0.961954057
vn -0 -0.273204654 0.961955965
vn -0 -0.273211241 0.961954057
vn -0 -0.273188323 0.961960614
vn -0 -0.273188323 0.961960614
vn 4.74878289E-06 -0.27320832 0.961954951
vn 4.74878289E-06 -0.27320832 0.961954951
vn 9.51943457E-06 -0.273197681 0.961957932
vn -9.022001E-06 -0.273183942 0.961961806
vn 9.51943457E-06 -0.273197681 0.961957932
vn 9.51943457E-06 -0.273197681 0.961957932
vn -9.02200009E-06 -0.273184478 0.961961687
vn -0 -0.273203284 0.961956263
vn -1.80452535E-05 -0.273202866 0.961956382
vn -0 -0.273203284 0.961956263
vn -9.02266038E-06 -0.273190379 0.961960018
vn -0 -0.273203284 0.961956263
vn -0 -0.273203313 0.961956263
vn 2.20044353E-06 -0.273211151 0.961954057
vn 6.23403366E-06 -0.27320686 0.961955309
vn -2.48316553E-07 -0.273207426 0.96195519
vn 1.45664421E-06 -0.27320841 0.961954832
vn -3.27773387E-06 -0.273205072 0.961955845
vn 3.09572169E-06 -0.273217738 0.961952209
vn 7.32951094E-06 -0.273210257 0.961954296
vn 7.32951094E-06 -0.273210257 0.961954296
vn 3.83695669E-06 -0.273205698 0.961955607
vn 8.6089367E-06 -0.273180932 0.9619627
vn 8.6089367E-06 -0.273180991 0.9619627
vn 8.6089367E-06 -0.273180991 0.9619627
vn -0 -0.273202956 0.961956382
vn -0 -0.273202986 0.961956382
vn -0 -0.273202926 0.961956382
vn -0 -0.273245126 0.961944401
vn -0 -0.273245096 0.961944401
vn -0 -0.273245126 0.961944401
vn -8.60921591E-06 -0.273192495 0.961959362
vn -8.60921682E-06 -0.273192555 0.961959362
vn -8.60921591E-06 -0.273192495 0.961959362
vn -0 -0.273207933 0.961954951
vn 1.13748301E-05 -0.273237616 0.961946607
vn -1.14836021E-05 -0.27319631 0.961958289
vn 1.14935056E-05 -0.273189127 0.961960375
vn 1.13748283E-05 -0.273237586 0.961946607
vn 1.14935046E-05 -0.273189068 0.961960375
vn -0 -0.273216993 0.961952448
vn -4.31964366E-07 -0.273200631 0.961957037
vn 6.86117528E-06 -0.273199975 0.961957276
vn -4.31964366E-07 -0.273200691 0.961957037
vn -0 -0.273195356 0.961958587
vn 6.86117528E-06 -0.273199975 0.961957276
vn -0 -0.273202628 0.961956501
vn 9.02326155E-06 -0.273218751 0.961951971
vn -0 -0.273202628 0.961956501
vn -0 -0.273202598 0.961956501
vn 1.35339642E-05 -0.273197114 0.961958051
vn 1.14934983E-05 -0.273190439 0.961959898
vn -0 -0.273187101 0.961960912
vn -0 -0.273205012 0.961955845
vn -0 -0.273187131 0.961960912
vn -0 -0.273187131 0.961960912
vn -0 -0.273215562 0.961952865
vn 1.14935001E-05 -0.273190439 0.961959898
vn -3.02369494E-06 -0.273202628 0.961956501
vn -7.02485931E-06 -0.27320379 0.961956203
vn -3.02369449E-06 -0.273202568 0.961956501
vn -1.14836021E-05 -0.27319631 0.961958289
vn -1.14836021E-05 -0.27319634 0.961958289
vn -3.88534318E-06 -0.273205131 0.961955726
vn -3.88534363E-06 -0.273205131 0.961955845
vn -4.7597141E-06 -0.273199886 0.961957276
vn 4.51133292E-06 -0.273188293 0.961960614
vn -4.7597141E-06 -0.273199856 0.961957276
vn -4.7597141E-06 -0.273199856 0.961957276
vn 4.51164215E-06 -0.27320984 0.961954415
vn -0 -0.273197383 0.961958051
vn 9.02325428E-06 -0.27322188 0.961951077
vn -0 -0.273197383 0.961958051
vn -0 -0.273205012 0.961955845
vn -0 -0.273197383 0.961958051
vn -0 -0.273197353 0.961958051
vn 2.19920094E-06 -0.273192436 0.961959362
vn 6.23366032E-06 -0.273201376 0.961956859
vn -2.2588365E-06 -0.273204297 0.961956084
vn 7.28345299E-07 -0.273210078 0.961954415
vn -6.19091634E-06 -0.273198903 0.961957633
vn 1.54778456E-06 -0.273210645 0.961954176
vn 3.6647582E-06 -0.273207724 0.96195507
vn 3.66475797E-06 -0.273207784 0.96195507
vn -1.91844902E-06 -0.273202956 0.961956382
vn -1.72183954E-05 -0.273199975 0.961957276
vn -1.72183936E-05 -0.273199916 0.961957276
vn -1.72183954E-05 -0.273199975 0.961957276
vn -1.72196033E-05 -0.273205131 0.961955845
vn -1.72196033E-05 -0.273205131 0.961955845
vn -1.72196033E-05 -0.273205131 0.961955845
vn 4.30460022E-06 -0.273198992 0.961957633
vn 4.30459977E-06 -0.273198992 0.961957514
vn 4.30460022E-06 -0.273198962 0.961957633
vn 8.60951423E-06 -0.273197114 0.96195817
vn 8.60951423E-06 -0.273197085 0.96195817
vn 8.60951332E-06 -0.273197085 0.96195817
vn -5.20661251E-06 -0.273190528 0.961959898
vn -0 -0.273227096 0.961949527
vn 1.14826034E-05 -0.273166865 0.961966634
vn -0 -0.273198545 0.961957693
vn -0 -0.273227096 0.961949527
vn -0 -0.273198485 0.961957693
vn -0 -0.273211956 0.961953878
vn 4.10372559E-06 -0.273208737 0.961954713
vn -0 -0.273200184 0.961957157
vn 4.10372559E-06 -0.273208767 0.961954713
vn -0 -0.27319786 0.961957812
vn -0 -0.273200214 0.961957157
vn -0 -0.273206592 0.961955428
vn -0 -0.273176521 0.961963892
vn -0 -0.273206592 0.961955428
vn -0 -0.273206532 0.961955428
vn 9.0226431E-06 -0.273196608 0.96195817
vn -0 -0.273195863 0.961958408
vn -9.51943639E-06 -0.273197114 0.96195817
vn -4.51164442E-06 -0.273209363 0.961954653
vn -9.5194373E-06 -0.273197085 0.961958051
vn -9.5194373E-06 -0.273197114 0.961958051
vn -9.02261309E-06 -0.273208112 0.961954951
vn -0 -0.273195893 0.961958408
vn 1.51186782E-06 -0.273205251 0.961955726
vn 1.75640719E-06 -0.273228645 0.96194911
vn 1.51186782E-06 -0.273205221 0.961955726
vn 1.14826044E-05 -0.273166865 0.961966634
vn 1.14826053E-05 -0.273166865 0.961966634
vn -1.72683372E-06 -0.273207337 0.96195519
vn -1.72683349E-06 -0.273207307 0.96195519
vn -2.37994277E-06 -0.273212045 0.961953878
vn -1.80478055E-05 -0.27323252 0.961948037
vn -2.379943E-06 -0.273212105 0.961953878
vn -2.37994323E-06 -0.273212075 0.961953878
vn -0 -0.273181796 0.961962342
vn -0 -0.273205906 0.961955488
vn 4.51224832E-06 -0.273264021 0.961939096
vn -0 -0.273205936 0.961955488
vn 9.0226431E-06 -0.273196608 0.96195817
vn -0 -0.273205876 0.961955488
vn -0 -0.273205906 0.961955488
vn 9.17378543E-07 -0.273212671 0.96195364
vn 9.16942952E-07 -0.273195833 0.961958408
vn -2.16415469E-06 -0.27320388 0.961956203
vn -2.54898578E-06 -0.273192436 0.961959362
vn 3.64412642E-07 -0.273214549 0.961953104
vn -1.23820064E-05 -0.273196608 0.96195817
vn -1.83238092E-06 -0.273204297 0.961956084
vn -1.83238092E-06 -0.273204356 0.961956084
vn 9.59224053E-07 -0.273204535 0.961955965
vn -0 -0.273174405 0.961964548
vn -0 -0.273174405 0.961964548
vn -0 -0.273174375 0.961964548
vn -2.15215482E-06 -0.273184866 0.961961567
vn -2.15215482E-06 -0.273184836 0.961961567
vn -2.15215482E-06 -0.273184866 0.961961567
vn 8.60990895E-06 -0.273222595 0.961950898
vn 8.60990986E-06 -0.273222595 0.961950898
vn 8.60991076E-06 -0.273222625 0.961950898
vn -0 -0.273187846 0.961960673
vn -0 -0.273187846 0.961960673
vn -0 -0.273187846 0.961960673
vn -0 -0.273173511 0.961964786
vn -0 -0.273241609 0.961945474
vn -1.14835784E-05 -0.273202986 0.961956382
vn -0 -0.273206532 0.961955428
vn -0 -0.27324158 0.961945474
vn -0 -0.273206532 0.961955428
vn -0 -0.273206323 0.961955428
vn -3.67170401E-06 -0.273206234 0.961955428
vn -3.43054694E-06 -0.27319783 0.961957932
vn -3.67170469E-06 -0.273206234 0.961955428
vn 1.41353685E-05 -0.273210198 0.961954296
vn -3.43054671E-06 -0.27319777 0.961957932
vn 2.37993868E-06 -0.273217589 0.961952329
vn -0 -0.27321142 0.961953998
vn 2.37993913E-06 -0.273217618 0.961952329
vn 2.37993891E-06 -0.273217618 0.961952329
vn -0 -0.27320081 0.961957037
vn -1.14934664E-05 -0.273199707 0.961957276
vn 9.52013943E-06 -0.273214906 0.961952984
vn 1.8046514E-05 -0.273220271 0.961951435
vn 9.52013943E-06 -0.273214906 0.961952984
vn 9.52013852E-06 -0.273214906 0.961952984
vn -0 -0.273166031 0.961966872
vn -1.14934683E-05 -0.273199737 0.961957276
vn -3.23971904E-06 -0.273202717 0.961956501
vn -5.26835265E-06 -0.273193717 0.961959064
vn -3.23971949E-06 -0.273202717 0.961956501
vn -1.14835793E-05 -0.273202956 0.961956382
vn -1.14835802E-05 -0.273202986 0.961956382
vn -1.72684304E-06 -0.273207068 0.961955309
vn -1.72684327E-06 -0.273207158 0.961955309
vn 2.37977224E-06 -0.273186564 0.961961031
vn -1.80458919E-05 -0.273210287 0.961954296
vn 2.37977224E-06 -0.273186564 0.961961031
vn 2.37977247E-06 -0.273186535 0.961961031
vn -0 -0.273223966 0.961950421
vn -7.74197997E-06 -0.273202866 0.961956501
vn -4.511317E-06 -0.27320081 0.961957037
vn -7.74197997E-06 -0.273202866 0.961956501
vn -0 -0.273230225 0.961948693
vn -7.74197997E-06 -0.273202866 0.961956501
vn -7.74198179E-06 -0.273202866 0.961956501
vn -8.0683858E-06 -0.273208797 0.961954713
vn -4.03409422E-06 -0.273198605 0.961957633
vn 5.55779707E-07 -0.273205519 0.961955607
vn 2.54873567E-06 -0.273198932 0.961957633
vn -3.64244397E-06 -0.273210347 0.961954296
vn 1.23819664E-05 -0.273208082 0.961954951
vn -0 -0.273196608 0.96195817
vn -0 -0.273196608 0.96195817
vn -9.59224622E-07 -0.273202986 0.961956382
vn -0 -0.273218751 0.961951971
vn -0 -0.273218751 0.961951971
vn -0 -0.273218751 0.961951971
vn -4.30462342E-06 -0.273180574 0.961962819
vn -4.30462296E-06 -0.273180515 0.961962819
vn -4.30462296E-06 -0.273180544 0.961962819
vn -0 -0.273227096 0.961949527
vn -0 -0.273227096 0.961949527
vn -0 -0.273227096 0.961949527
vn -4.30489126E-06 -0.273212105 0.961953878
vn -4.30489126E-06 -0.273212045 0.961953878
vn -4.30489126E-06 -0.273212075 0.961953878
vn -0 -0.273200125 0.961957157
vn -4.5497447E-05 -0.273216426 0.961952507
vn -0 -0.273209035 0.961954713
vn -1.14945988E-05 -0.273190677 0.961959898
vn -4.54974543E-05 -0.273216397 0.961952507
vn -1.14945988E-05 -0.273190677 0.961959898
vn 1.40481934E-05 -0.273176134 0.961964011
vn -2.59178455E-06 -0.273196638 0.96195817
vn -1.28646957E-06 -0.273202062 0.961956739
vn -2.59178478E-06 -0.273196697 0.96195817
vn 3.53389828E-06 -0.2732068 0.961955428
vn -1.28646957E-06 -0.273202121 0.961956739
vn -0 -0.273207605 0.96195507
vn 9.02199372E-06 -0.273187369 0.961960912
vn -0 -0.273207605 0.96195507
vn -0 -0.273207605 0.96195507
vn -0 -0.273212999 0.961953521
vn -1.14924433E-05 -0.273178637 0.961963356
vn 4.75954357E-06 -0.273186952 0.961960912
vn -0 -0.27320236 0.96195662
vn 4.75954312E-06 -0.273186952 0.961960912
vn 4.75954312E-06 -0.273186952 0.961960912
vn -1.80446605E-05 -0.27318719 0.961960912
vn -1.14924433E-05 -0.273178577 0.961963356
vn -0 -0.273197621 0.961957932
vn -0 -0.273202926 0.961956382
vn -0 -0.273197591 0.961957932
vn -0 -0.273209065 0.961954713
vn -0 -0.273209035 0.961954713
vn 3.45361718E-06 -0.273202688 0.961956501
vn 3.45361605E-06 -0.273202598 0.961956501
vn -0 -0.273195982 0.961958408
vn -1.35358787E-05 -0.273226202 0.961949766
vn -0 -0.273195982 0.961958408
vn -0 -0.273195982 0.961958408
vn -9.02199008E-06 -0.273188144 0.961960614
vn 5.80664937E-06 -0.273215681 0.961952746
vn -0 -0.273175538 0.96196425
vn 5.80664982E-06 -0.273215652 0.961952746
vn 9.02292413E-06 -0.273218125 0.96195209
vn 5.80664937E-06 -0.273215681 0.961952746
vn 5.80664937E-06 -0.273215652 0.961952746
vn 4.03409831E-06 -0.273209453 0.961954534
vn -0 -0.273202509 0.96195662
vn 3.03144975E-06 -0.273203999 0.961956203
vn 2.9132882E-06 -0.27320081 0.961957037
vn 3.27781527E-06 -0.273207814 0.96195507
vn 6.19115644E-06 -0.273200274 0.961957157
vn -0 -0.273192734 0.961959362
vn -0 -0.273192793 0.961959362
vn -0 -0.273206353 0.961955428
vn -1.72198634E-05 -0.273214638 0.961953104
vn -1.72198634E-05 -0.273214668 0.961953104
vn -1.72198634E-05 -0.273214668 0.961953104
vn -0 -0.273209035 0.961954713
vn -0 -0.273209065 0.961954713
vn -0 -0.273209035 0.961954713
vn -4.30462342E-06 -0.273180008 0.961962879
vn -4.30462342E-06 -0.273180038 0.961962879
vn -4.30462342E-06 -0.273180038 0.961962879
vn 4.30547743E-06 -0.273236334 0.961946905
vn 4.30547698E-06 -0.273236334 0.961946905
vn 4.30547652E-06 -0.273236334 0.961946905
vn 6.94270648E-06 -0.27321285 0.96195364
vn 2.27476776E-05 -0.273212403 0.961953759
vn -1.14840996E-05 -0.273211032 0.961954057
vn 5.74777141E-06 -0.273236096 0.961947024
vn 2.27476758E-05 -0.273212403 0.961953759
vn 5.74777096E-06 -0.273236096 0.961947024
vn -3.5122423E-06 -0.273186624 0.961961031
vn 8.63947605E-07 -0.273205698 0.961955607
vn 3.43072315E-06 -0.273210585 0.961954176
vn 8.63947605E-07 -0.273205698 0.961955607
vn 8.83522625E-06 -0.273221314 0.961951196
vn 3.43072338E-06 -0.273210615 0.961954176
vn -4.75972092E-06 -0.273194879 0.961958706
vn -1.12790312E-05 -0.273232549 0.961948037
vn -4.75972138E-06 -0.273194909 0.961958706
vn -4.75972183E-06 -0.273194879 0.961958706
vn 4.51130245E-06 -0.273211211 0.961954057
vn -0 -0.273201436 0.961956859
vn -4.75988736E-06 -0.273210526 0.961954176
vn -9.02232296E-06 -0.27319029 0.961960018
vn -4.75988645E-06 -0.273210526 0.961954176
vn -4.75988736E-06 -0.273210526 0.961954176
vn -0 -0.273208141 0.961954951
vn -0 -0.273201406 0.961956859
vn 1.72785269E-06 -0.273204684 0.961955965
vn -0 -0.273211569 0.961953998
vn 1.72785269E-06 -0.273204684 0.961955965
vn -1.14840977E-05 -0.273211002 0.961954057
vn -1.14840977E-05 -0.273211002 0.961954057
vn -3.02197077E-06 -0.273211867 0.961953878
vn -3.021971E-06 -0.273211867 0.961953998
vn -4.75989782E-06 -0.273203254 0.961956263
vn 1.35348882E-05 -0.273220032 0.961951554
vn -4.75989782E-06 -0.273203284 0.961956263
vn -4.75989737E-06 -0.273203284 0.961956263
vn -4.51193591E-06 -0.273243725 0.961944818
vn -0 -0.273212522 0.961953759
vn 1.80446386E-05 -0.273191333 0.96195972
vn -0 -0.273212492 0.961953759
vn -9.02265856E-06 -0.273191452 0.96195972
vn -0 -0.273212463 0.961953759
vn -0 -0.273212463 0.961953759
vn -0 -0.27319926 0.961957514
vn -0 -0.27320388 0.961956203
vn -8.0419909E-07 -0.273208678 0.961954713
vn 1.45662773E-06 -0.273207068 0.961955309
vn -2.91332435E-06 -0.273208648 0.961954832
vn 3.09556867E-06 -0.273210585 0.961954176
vn 3.66470681E-06 -0.273203403 0.961956263
vn 3.66470681E-06 -0.273203433 0.961956263
vn -0 -0.27320683 0.961955428
vn 1.51407867E-05 -0.273208916 0.961954713
vn 1.51407867E-05 -0.273208857 0.961954713
vn 1.51407867E-05 -0.273208827 0.961954713
vn -0 -0.273219734 0.961951673
vn -0 -0.273219734 0.961951673
vn -0 -0.273219734 0.961951673
vn 8.6097707E-06 -0.273217201 0.961952448
vn 8.60976888E-06 -0.273217231 0.961952448
vn 8.60977161E-06 -0.273217231 0.961952448
g ChosenSaint_Crown_0
f 3/3/3 2/2/2 1/1/1
f 1/1/1 5/5/5 4/4/4
f 6/6/6 1/1/1 4/4/4
f 4/4/4 5/5/5 7/7/7
f 8/8/8 6/6/6 4/4/4
f 6/6/6 8/8/8 9/9/9
f 10/10/10 9/9/9 8/8/8
f 11/11/11 6/6/6 9/9/9
f 11/11/11 12/12/12 6/6/6
f 13/13/13 11/11/11 9/9/9
f 14/14/14 13/13/13 9/9/9
f 13/13/13 14/14/14 15/15/15
f 16/16/16 13/13/13 15/15/15
f 15/15/15 17/17/17 16/16/16
f 16/16/16 17/17/17 18/18/18
f 15/15/15 19/19/19 17/17/17
f 17/17/17 20/20/20 18/18/18
f 17/17/17 19/19/19 20/20/20
f 22/22/22 21/21/21 20/20/20
f 21/21/21 22/22/22 23/23/23
f 26/26/26 25/25/25 24/24/24
f 28/28/28 27/27/27 24/24/24
f 27/27/27 28/28/28 29/29/29
f 24/24/24 5/5/5 30/30/30
f 30/30/30 5/5/5 31/31/31
f 32/32/32 30/30/30 31/31/31
f 31/31/31 5/5/5 3/3/3
f 33/33/33 32/32/32 31/31/31
f 32/32/32 33/33/33 34/34/34
f 35/35/35 34/34/34 33/33/33
f 36/36/36 32/32/32 34/34/34
f 37/37/37 36/36/36 34/34/34
f 36/36/36 38/38/38 32/32/32
f 39/39/39 5/5/5 26/26/26
f 40/40/40 5/5/5 39/39/39
f 41/41/41 39/39/39 26/26/26
f 42/42/42 5/5/5 40/40/40
f 43/43/43 41/41/41 26/26/26
f 41/41/41 43/43/43 44/44/44
f 45/45/45 44/44/44 43/43/43
f 46/46/46 41/41/41 44/44/44
f 47/47/47 46/46/46 44/44/44
f 46/46/46 48/48/48 41/41/41
f 50/50/50 49/49/49 40/40/40
f 49/49/49 50/50/50 51/51/51
f 53/53/53 52/52/52 42/42/42
f 7/7/7 52/52/52 53/53/53
f 54/54/54 53/53/53 42/42/42
f 55/55/55 54/54/54 42/42/42
f 54/54/54 55/55/55 56/56/56
f 57/57/57 56/56/56 55/55/55
f 58/58/58 54/54/54 56/56/56
f 59/59/59 58/58/58 56/56/56
f 58/58/58 60/60/60 54/54/54
f 62/62/62 61/61/61 7/7/7
f 61/61/61 62/62/62 63/63/63
f 66/66/66 65/65/65 64/64/64
f 65/65/65 66/66/66 3/3/3
f 69/69/69 68/68/68 67/67/67
f 70/70/70 69/69/69 67/67/67
f 71/71/71 70/70/70 67/67/67
f 70/70/70 71/71/71 72/72/72
f 73/73/73 72/72/72 71/71/71
f 74/74/74 70/70/70 72/72/72
f 75/75/75 74/74/74 72/72/72
f 74/74/74 76/76/76 70/70/70
f 78/78/78 77/77/77 69/69/69
f 80/80/80 79/79/79 78/78/78
f 82/82/82 81/81/81 78/78/78
f 81/81/81 82/82/82 83/83/83
f 85/85/85 77/77/77 84/84/84
f 87/87/87 86/86/86 85/85/85
f 86/86/86 87/87/87 88/88/88
f 90/90/90 89/89/89 85/85/85
f 84/84/84 89/89/89 91/91/91
f 92/92/92 84/84/84 91/91/91
f 93/93/93 92/92/92 91/91/91
f 92/92/92 93/93/93 94/94/94
f 95/95/95 94/94/94 93/93/93
f 96/96/96 92/92/92 94/94/94
f 97/97/97 96/96/96 94/94/94
f 96/96/96 98/98/98 92/92/92
f 99/99/99 89/89/89 90/90/90
f 100/100/100 99/99/99 90/90/90
f 101/101/101 89/89/89 99/99/99
f 67/67/67 89/89/89 101/101/101
f 102/102/102 100/100/100 90/90/90
f 100/100/100 102/102/102 103/103/103
f 104/104/104 103/103/103 102/102/102
f 105/105/105 100/100/100 103/103/103
f 106/106/106 105/105/105 103/103/103
f 105/105/105 107/107/107 100/100/100
f 109/109/109 108/108/108 101/101/101
f 108/108/108 109/109/109 110/110/110
f 111/111/111 89/89/89 80/80/80
f 112/112/112 89/89/89 111/111/111
f 113/113/113 111/111/111 80/80/80
f 114/114/114 113/113/113 80/80/80
f 113/113/113 114/114/114 115/115/115
f 116/116/116 115/115/115 114/114/114
f 117/117/117 113/113/113 115/115/115
f 117/117/117 118/118/118 113/113/113
f 119/119/119 117/117/117 115/115/115
f 120/120/120 119/119/119 115/115/115
f 119/119/119 120/120/120 121/121/121
f 122/122/122 119/119/119 121/121/121
f 121/121/121 123/123/123 122/122/122
f 122/122/122 123/123/123 124/124/124
f 121/121/121 125/125/125 123/123/123
f 123/123/123 126/126/126 124/124/124
f 123/123/123 125/125/125 126/126/126
f 128/128/128 127/127/127 126/126/126
f 127/127/127 128/128/128 129/129/129
f 91/91/91 130/130/130 112/112/112
f 132/132/132 131/131/131 112/112/112
f 131/131/131 132/132/132 133/133/133
f 136/136/136 135/135/135 134/134/134
f 135/135/135 136/136/136 137/137/137
f 137/137/137 139/139/139 138/138/138
f 140/140/140 139/139/139 137/137/137
f 138/138/138 139/139/139 141/141/141
f 142/142/142 139/139/139 140/140/140
f 143/143/143 139/139/139 142/142/142
f 144/144/144 142/142/142 140/140/140
f 145/145/145 138/138/138 141/141/141
f 146/146/146 144/144/144 140/140/140
f 141/141/141 139/139/139 147/147/147
f 148/148/148 145/145/145 141/141/141
f 147/147/147 139/139/139 149/149/149
f 150/150/150 139/139/139 143/143/143
f 149/149/149 139/139/139 151/151/151
f 152/152/152 149/149/149 151/151/151
f 151/151/151 139/139/139 153/153/153
f 154/154/154 152/152/152 151/151/151
f 153/153/153 139/139/139 155/155/155
f 155/155/155 139/139/139 150/150/150
f 156/156/156 155/155/155 150/150/150
f 157/157/157 156/156/156 150/150/150
f 145/145/145 148/148/148 158/158/158
f 148/148/148 159/159/159 158/158/158
f 160/160/160 159/159/159 148/148/148
f 161/161/161 145/145/145 158/158/158
f 162/162/162 161/161/161 158/158/158
f 161/161/161 163/163/163 145/145/145
f 145/145/145 163/163/163 164/164/164
f 156/156/156 157/157/157 165/165/165
f 157/157/157 166/166/166 165/165/165
f 167/167/167 166/166/166 157/157/157
f 168/168/168 156/156/156 165/165/165
f 168/168/168 169/169/169 156/156/156
f 156/156/156 169/169/169 170/170/170
f 171/171/171 168/168/168 165/165/165
f 172/172/172 171/171/171 165/165/165
f 171/171/171 172/172/172 173/173/173
f 174/174/174 171/171/171 173/173/173
f 173/173/173 175/175/175 174/174/174
f 174/174/174 175/175/175 176/176/176
f 173/173/173 177/177/177 175/175/175
f 175/175/175 178/178/178 176/176/176
f 175/175/175 177/177/177 178/178/178
f 180/180/180 179/179/179 178/178/178
f 179/179/179 180/180/180 181/181/181
f 184/184/184 183/183/183 182/182/182
f 183/183/183 184/184/184 143/143/143
f 187/187/187 186/186/186 185/185/185
f 186/186/186 187/187/187 147/147/147
f 190/190/190 189/189/189 188/188/188
f 189/189/189 152/152/152 188/188/188
f 189/189/189 191/191/191 152/152/152
f 152/152/152 191/191/191 192/192/192
f 152/152/152 154/154/154 188/188/188
f 154/154/154 193/193/193 188/188/188
f 194/194/194 193/193/193 154/154/154
f 197/197/197 196/196/196 195/195/195
f 196/196/196 197/197/197 153/153/153
f 200/200/200 199/199/199 198/198/198
f 199/199/199 144/144/144 198/198/198
f 199/199/199 201/201/201 144/144/144
f 144/144/144 201/201/201 202/202/202
f 144/144/144 146/146/146 198/198/198
f 146/146/146 203/203/203 198/198/198
f 204/204/204 203/203/203 146/146/146
f 207/207/207 206/206/206 205/205/205
f 206/206/206 207/207/207 208/208/208
f 208/208/208 210/210/210 209/209/209
f 211/211/211 210/210/210 208/208/208
f 209/209/209 210/210/210 212/212/212
f 213/213/213 210/210/210 211/211/211
f 214/214/214 210/210/210 213/213/213
f 215/215/215 213/213/213 211/211/211
f 216/216/216 209/209/209 212/212/212
f 217/217/217 215/215/215 211/211/211
f 212/212/212 210/210/210 218/218/218
f 219/219/219 216/216/216 212/212/212
f 215/215/215 217/217/217 220/220/220
f 221/221/221 220/220/220 217/217/217
f 222/222/222 215/215/215 220/220/220
f 223/223/223 222/222/222 220/220/220
f 222/222/222 224/224/224 215/215/215
f 218/218/218 210/210/210 225/225/225
f 216/216/216 219/219/219 226/226/226
f 227/227/227 226/226/226 219/219/219
f 228/228/228 216/216/216 226/226/226
f 229/229/229 228/228/228 226/226/226
f 228/228/228 230/230/230 216/216/216
f 225/225/225 210/210/210 231/231/231
f 232/232/232 225/225/225 231/231/231
f 231/231/231 210/210/210 233/233/233
f 234/234/234 232/232/232 231/231/231
f 233/233/233 210/210/210 235/235/235
f 235/235/235 210/210/210 236/236/236
f 236/236/236 210/210/210 214/214/214
f 237/237/237 235/235/235 236/236/236
f 238/238/238 237/237/237 236/236/236
f 232/232/232 234/234/234 239/239/239
f 240/240/240 239/239/239 234/234/234
f 241/241/241 232/232/232 239/239/239
f 242/242/242 241/241/241 239/239/239
f 241/241/241 243/243/243 232/232/232
f 237/237/237 238/238/238 244/244/244
f 245/245/245 244/244/244 238/238/238
f 246/246/246 237/237/237 244/244/244
f 246/246/246 247/247/247 237/237/237
f 248/248/248 246/246/246 244/244/244
f 249/249/249 248/248/248 244/244/244
f 248/248/248 249/249/249 250/250/250
f 251/251/251 248/248/248 250/250/250
f 250/250/250 252/252/252 251/251/251
f 251/251/251 252/252/252 253/253/253
f 250/250/250 254/254/254 252/252/252
f 252/252/252 255/255/255 253/253/253
f 252/252/252 254/254/254 255/255/255
f 257/257/257 256/256/256 255/255/255
f 256/256/256 257/257/257 258/258/258
f 261/261/261 260/260/260 259/259/259
f 260/260/260 261/261/261 214/214/214
f 264/264/264 263/263/263 262/262/262
f 263/263/263 264/264/264 218/218/218
f 267/267/267 266/266/266 265/265/265
f 266/266/266 267/267/267 233/233/233
f 270/270/270 269/269/269 268/268/268
f 269/269/269 270/270/270 271/271/271
f 271/271/271 273/273/273 272/272/272
f 274/274/274 273/273/273 271/271/271
f 272/272/272 273/273/273 275/275/275
f 276/276/276 273/273/273 274/274/274
f 277/277/277 273/273/273 276/276/276
f 278/278/278 276/276/276 274/274/274
f 279/279/279 272/272/272 275/275/275
f 280/280/280 278/278/278 274/274/274
f 275/275/275 273/273/273 281/281/281
f 282/282/282 279/279/279 275/275/275
f 278/278/278 280/280/280 283/283/283
f 284/284/284 283/283/283 280/280/280
f 285/285/285 278/278/278 283/283/283
f 286/286/286 285/285/285 283/283/283
f 285/285/285 287/287/287 278/278/278
f 281/281/281 273/273/273 288/288/288
f 279/279/279 282/282/282 289/289/289
f 290/290/290 289/289/289 282/282/282
f 291/291/291 279/279/279 289/289/289
f 292/292/292 291/291/291 289/289/289
f 291/291/291 293/293/293 279/279/279
f 288/288/288 273/273/273 294/294/294
f 295/295/295 288/288/288 294/294/294
f 294/294/294 273/273/273 296/296/296
f 297/297/297 295/295/295 294/294/294
f 296/296/296 273/273/273 298/298/298
f 298/298/298 273/273/273 299/299/299
f 299/299/299 273/273/273 277/277/277
f 300/300/300 298/298/298 299/299/299
f 301/301/301 300/300/300 299/299/299
f 295/295/295 297/297/297 302/302/302
f 303/303/303 302/302/302 297/297/297
f 304/304/304 295/295/295 302/302/302
f 305/305/305 304/304/304 302/302/302
f 304/304/304 306/306/306 295/295/295
f 300/300/300 301/301/301 307/307/307
f 308/308/308 307/307/307 301/301/301
f 309/309/309 300/300/300 307/307/307
f 309/309/309 310/310/310 300/300/300
f 311/311/311 309/309/309 307/307/307
f 312/312/312 311/311/311 307/307/307
f 311/311/311 312/312/312 313/313/313
f 314/314/314 311/311/311 313/313/313
f 313/313/313 315/315/315 314/314/314
f 314/314/314 315/315/315 316/316/316
f 313/313/313 317/317/317 315/315/315
f 315/315/315 318/318/318 316/316/316
f 315/315/315 317/317/317 318/318/318
f 320/320/320 319/319/319 318/318/318
f 319/319/319 320/320/320 321/321/321
f 324/324/324 323/323/323 322/322/322
f 323/323/323 324/324/324 277/277/277
f 327/327/327 326/326/326 325/325/325
f 326/326/326 327/327/327 281/281/281
f 330/330/330 329/329/329 328/328/328
f 329/329/329 330/330/330 296/296/296
f 333/333/333 332/332/332 331/331/331
f 332/332/332 333/333/333 334/334/334
f 334/334/334 336/336/336 335/335/335
f 337/337/337 336/336/336 334/334/334
f 335/335/335 336/336/336 338/338/338
f 339/339/339 336/336/336 337/337/337
f 340/340/340 336/336/336 339/339/339
f 341/341/341 339/339/339 337/337/337
f 342/342/342 335/335/335 338/338/338
f 343/343/343 341/341/341 337/337/337
f 338/338/338 336/336/336 344/344/344
f 345/345/345 342/342/342 338/338/338
f 341/341/341 343/343/343 346/346/346
f 347/347/347 346/346/346 343/343/343
f 348/348/348 341/341/341 346/346/346
f 349/349/349 348/348/348 346/346/346
f 348/348/348 350/350/350 341/341/341
f 344/344/344 336/336/336 351/351/351
f 342/342/342 345/345/345 352/352/352
f 353/353/353 352/352/352 345/345/345
f 354/354/354 342/342/342 352/352/352
f 355/355/355 354/354/354 352/352/352
f 354/354/354 356/356/356 342/342/342
f 351/351/351 336/336/336 357/357/357
f 358/358/358 351/351/351 357/357/357
f 357/357/357 336/336/336 359/359/359
f 360/360/360 358/358/358 357/357/357
f 359/359/359 336/336/336 361/361/361
f 361/361/361 336/336/336 362/362/362
f 362/362/362 336/336/336 340/340/340
f 363/363/363 361/361/361 362/362/362
f 364/364/364 363/363/363 362/362/362
f 358/358/358 360/360/360 365/365/365
f 366/366/366 365/365/365 360/360/360
f 367/367/367 358/358/358 365/365/365
f 368/368/368 367/367/367 365/365/365
f 367/367/367 369/369/369 358/358/358
f 363/363/363 364/364/364 370/370/370
f 371/371/371 370/370/370 364/364/364
f 372/372/372 363/363/363 370/370/370
f 372/372/372 373/373/373 363/363/363
f 374/374/374 372/372/372 370/370/370
f 375/375/375 374/374/374 370/370/370
f 374/374/374 375/375/375 376/376/376
f 377/377/377 374/374/374 376/376/376
f 376/376/376 378/378/378 377/377/377
f 377/377/377 378/378/378 379/379/379
f 376/376/376 380/380/380 378/378/378
f 378/378/378 381/381/381 379/379/379
f 378/378/378 380/380/380 381/381/381
f 383/383/383 382/382/382 381/381/381
f 382/382/382 383/383/383 384/384/384
f 387/387/387 386/386/386 385/385/385
f 386/386/386 387/387/387 340/340/340
f 390/390/390 389/389/389 388/388/388
f 389/389/389 390/390/390 344/344/344
f 393/393/393 392/392/392 391/391/391
f 392/392/392 393/393/393 359/359/359
f 396/396/396 395/395/395 394/394/394
f 395/395/395 396/396/396 397/397/397
f 397/397/397 399/399/399 398/398/398
f 400/400/400 399/399/399 397/397/397
f 398/398/398 399/399/399 401/401/401
f 402/402/402 399/399/399 400/400/400
f 403/403/403 399/399/399 402/402/402
f 404/404/404 402/402/402 400/400/400
f 405/405/405 398/398/398 401/401/401
f 406/406/406 404/404/404 400/400/400
f 401/401/401 399/399/399 407/407/407
f 408/408/408 405/405/405 401/401/401
f 407/407/407 399/399/399 409/409/409
f 410/410/410 399/399/399 403/403/403
f 409/409/409 399/399/399 411/411/411
f 412/412/412 409/409/409 411/411/411
f 411/411/411 399/399/399 413/413/413
f 414/414/414 412/412/412 411/411/411
f 413/413/413 399/399/399 415/415/415
f 415/415/415 399/399/399 410/410/410
f 416/416/416 415/415/415 410/410/410
f 417/417/417 416/416/416 410/410/410
f 405/405/405 408/408/408 418/418/418
f 408/408/408 419/419/419 418/418/418
f 420/420/420 419/419/419 408/408/408
f 421/421/421 405/405/405 418/418/418
f 422/422/422 421/421/421 418/418/418
f 421/421/421 423/423/423 405/405/405
f 405/405/405 423/423/423 424/424/424
f 416/416/416 417/417/417 425/425/425
f 417/417/417 426/426/426 425/425/425
f 427/427/427 426/426/426 417/417/417
f 428/428/428 416/416/416 425/425/425
f 428/428/428 429/429/429 416/416/416
f 416/416/416 429/429/429 430/430/430
f 431/431/431 428/428/428 425/425/425
f 432/432/432 431/431/431 425/425/425
f 431/431/431 432/432/432 433/433/433
f 434/434/434 431/431/431 433/433/433
f 433/433/433 435/435/435 434/434/434
f 434/434/434 435/435/435 436/436/436
f 433/433/433 437/437/437 435/435/435
f 435/435/435 438/438/438 436/436/436
f 435/435/435 437/437/437 438/438/438
f 440/440/440 439/439/439 438/438/438
f 439/439/439 440/440/440 441/441/441
f 444/444/444 443/443/443 442/442/442
f 443/443/443 444/444/444 403/403/403
f 447/447/447 446/446/446 445/445/445
f 446/446/446 447/447/447 407/407/407
f 450/450/450 449/449/449 448/448/448
f 449/449/449 412/412/412 448/448/448
f 449/449/449 451/451/451 412/412/412
f 412/412/412 451/451/451 452/452/452
f 412/412/412 414/414/414 448/448/448
f 414/414/414 453/453/453 448/448/448
f 454/454/454 453/453/453 414/414/414
f 457/457/457 456/456/456 455/455/455
f 456/456/456 457/457/457 413/413/413
f 460/460/460 459/459/459 458/458/458
f 459/459/459 404/404/404 458/458/458
f 459/459/459 461/461/461 404/404/404
f 404/404/404 461/461/461 462/462/462
f 404/404/404 406/406/406 458/458/458
f 406/406/406 463/463/463 458/458/458
f 464/464/464 463/463/463 406/406/406
f 467/467/467 466/466/466 465/465/465
f 466/466/466 467/467/467 468/468/468
f 468/468/468 470/470/470 469/469/469
f 471/471/471 470/470/470 468/468/468
f 469/469/469 470/470/470 472/472/472
f 473/473/473 470/470/470 471/471/471
f 474/474/474 470/470/470 473/473/473
f 475/475/475 473/473/473 471/471/471
f 476/476/476 469/469/469 472/472/472
f 477/477/477 475/475/475 471/471/471
f 472/472/472 470/470/470 478/478/478
f 479/479/479 476/476/476 472/472/472
f 475/475/475 477/477/477 480/480/480
f 481/481/481 480/480/480 477/477/477
f 482/482/482 475/475/475 480/480/480
f 483/483/483 482/482/482 480/480/480
f 482/482/482 484/484/484 475/475/475
f 478/478/478 470/470/470 485/485/485
f 476/476/476 479/479/479 486/486/486
f 487/487/487 486/486/486 479/479/479
f 488/488/488 476/476/476 486/486/486
f 489/489/489 488/488/488 486/486/486
f 488/488/488 490/490/490 476/476/476
f 485/485/485 470/470/470 491/491/491
f 492/492/492 485/485/485 491/491/491
f 491/491/491 470/470/470 493/493/493
f 494/494/494 492/492/492 491/491/491
f 493/493/493 470/470/470 495/495/495
f 495/495/495 470/470/470 496/496/496
f 496/496/496 470/470/470 474/474/474
f 497/497/497 495/495/495 496/496/496
f 498/498/498 497/497/497 496/496/496
f 492/492/492 494/494/494 499/499/499
f 500/500/500 499/499/499 494/494/494
f 501/501/501 492/492/492 499/499/499
f 502/502/502 501/501/501 499/499/499
f 501/501/501 503/503/503 492/492/492
f 497/497/497 498/498/498 504/504/504
f 505/505/505 504/504/504 498/498/498
f 506/506/506 497/497/497 504/504/504
f 506/506/506 507/507/507 497/497/497
f 508/508/508 506/506/506 504/504/504
f 509/509/509 508/508/508 504/504/504
f 508/508/508 509/509/509 510/510/510
f 511/511/511 508/508/508 510/510/510
f 510/510/510 512/512/512 511/511/511
f 511/511/511 512/512/512 513/513/513
f 510/510/510 514/514/514 512/512/512
f 512/512/512 515/515/515 513/513/513
f 512/512/512 514/514/514 515/515/515
f 517/517/517 516/516/516 515/515/515
f 516/516/516 517/517/517 518/518/518
f 521/521/521 520/520/520 519/519/519
f 520/520/520 521/521/521 474/474/474
f 524/524/524 523/523/523 522/522/522
f 523/523/523 524/524/524 478/478/478
f 527/527/527 526/526/526 525/525/525
f 526/526/526 527/527/527 493/493/493
f 530/530/530 529/529/529 528/528/528
f 529/529/529 530/530/530 531/531/531
f 531/531/531 533/533/533 532/532/532
f 534/534/534 533/533/533 531/531/531
f 532/532/532 533/533/533 535/535/535
f 536/536/536 533/533/533 534/534/534
f 537/537/537 533/533/533 536/536/536
f 538/538/538 536/536/536 534/534/534
f 539/539/539 532/532/532 535/535/535
f 540/540/540 538/538/538 534/534/534
f 535/535/535 533/533/533 541/541/541
f 542/542/542 539/539/539 535/535/535
f 538/538/538 540/540/540 543/543/543
f 544/544/544 543/543/543 540/540/540
f 545/545/545 538/538/538 543/543/543
f 546/546/546 545/545/545 543/543/543
f 545/545/545 547/547/547 538/538/538
f 541/541/541 533/533/533 548/548/548
f 539/539/539 542/542/542 549/549/549
f 550/550/550 549/549/549 542/542/542
f 551/551/551 539/539/539 549/549/549
f 552/552/552 551/551/551 549/549/549
f 551/551/551 553/553/553 539/539/539
f 548/548/548 533/533/533 554/554/554
f 555/555/555 548/548/548 554/554/554
f 554/554/554 533/533/533 556/556/556
f 557/557/557 555/555/555 554/554/554
f 556/556/556 533/533/533 558/558/558
f 558/558/558 533/533/533 559/559/559
f 559/559/559 533/533/533 537/537/537
f 560/560/560 558/558/558 559/559/559
f 561/561/561 560/560/560 559/559/559
f 555/555/555 557/557/557 562/562/562
f 563/563/563 562/562/562 557/557/557
f 564/564/564 555/555/555 562/562/562
f 565/565/565 564/564/564 562/562/562
f 564/564/564 566/566/566 555/555/555
f 560/560/560 561/561/561 567/567/567
f 568/568/568 567/567/567 561/561/561
f 569/569/569 560/560/560 567/567/567
f 569/569/569 570/570/570 560/560/560
f 571/571/571 569/569/569 567/567/567
f 572/572/572 571/571/571 567/567/567
f 571/571/571 572/572/572 573/573/573
f 574/574/574 571/571/571 573/573/573
f 573/573/573 575/575/575 574/574/574
f 574/574/574 575/575/575 576/576/576
f 573/573/573 577/577/577 575/575/575
f 575/575/575 578/578/578 576/576/576
f 575/575/575 577/577/577 578/578/578
f 580/580/580 579/579/579 578/578/578
f 579/579/579 580/580/580 581/581/581
f 584/584/584 583/583/583 582/582/582
f 583/583/583 584/584/584 537/537/537
f 587/587/587 586/586/586 585/585/585
f 586/586/586 587/587/587 541/541/541
f 590/590/590 589/589/589 588/588/588
f 589/589/589 590/590/590 556/556/556
f 593/593/593 592/592/592 591/591/591
f 592/592/592 593/593/593 594/594/594
f 594/594/594 596/596/596 595/595/595
f 597/597/597 596/596/596 594/594/594
f 595/595/595 596/596/596 598/598/598
f 599/599/599 596/596/596 597/597/597
f 600/600/600 596/596/596 599/599/599
f 601/601/601 599/599/599 597/597/597
f 602/602/602 595/595/595 598/598/598
f 603/603/603 601/601/601 597/597/597
f 598/598/598 596/596/596 604/604/604
f 605/605/605 602/602/602 598/598/598
f 601/601/601 603/603/603 606/606/606
f 607/607/607 606/606/606 603/603/603
f 608/608/608 601/601/601 606/606/606
f 609/609/609 608/608/608 606/606/606
f 608/608/608 610/610/610 601/601/601
f 604/604/604 596/596/596 611/611/611
f 602/602/602 605/605/605 612/612/612
f 613/613/613 612/612/612 605/605/605
f 614/614/614 602/602/602 612/612/612
f 615/615/615 614/614/614 612/612/612
f 614/614/614 616/616/616 602/602/602
f 611/611/611 596/596/596 617/617/617
f 618/618/618 611/611/611 617/617/617
f 617/617/617 596/596/596 619/619/619
f 620/620/620 618/618/618 617/617/617
f 619/619/619 596/596/596 621/621/621
f 621/621/621 596/596/596 622/622/622
f 622/622/622 596/596/596 600/600/600
f 623/623/623 621/621/621 622/622/622
f 624/624/624 623/623/623 622/622/622
f 618/618/618 620/620/620 625/625/625
f 626/626/626 625/625/625 620/620/620
f 627/627/627 618/618/618 625/625/625
f 628/628/628 627/627/627 625/625/625
f 627/627/627 629/629/629 618/618/618
f 623/623/623 624/624/624 630/630/630
f 631/631/631 630/630/630 624/624/624
f 632/632/632 623/623/623 630/630/630
f 632/632/632 633/633/633 623/623/623
f 634/634/634 632/632/632 630/630/630
f 635/635/635 634/634/634 630/630/630
f 634/634/634 635/635/635 636/636/636
f 637/637/637 634/634/634 636/636/636
f 636/636/636 638/638/638 637/637/637
f 637/637/637 638/638/638 639/639/639
f 636/636/636 640/640/640 638/638/638
f 638/638/638 641/641/641 639/639/639
f 638/638/638 640/640/640 641/641/641
f 643/643/643 642/642/642 641/641/641
f 642/642/642 643/643/643 644/644/644
f 647/647/647 646/646/646 645/645/645
f 646/646/646 647/647/647 600/600/600
f 650/650/650 649/649/649 648/648/648
f 649/649/649 650/650/650 604/604/604
f 653/653/653 652/652/652 651/651/651
f 652/652/652 653/653/653 619/619/619
f 656/656/656 655/655/655 654/654/654
f 655/655/655 656/656/656 657/657/657
f 657/657/657 659/659/659 658/658/658
f 660/660/660 659/659/659 657/657/657
f 658/658/658 659/659/659 661/661/661
f 662/662/662 659/659/659 660/660/660
f 663/663/663 659/659/659 662/662/662
f 664/664/664 662/662/662 660/660/660
f 665/665/665 658/658/658 661/661/661
f 666/666/666 664/664/664 660/660/660
f 661/661/661 659/659/659 667/667/667
f 668/668/668 665/665/665 661/661/661
f 664/664/664 666/666/666 669/669/669
f 670/670/670 669/669/669 666/666/666
f 671/671/671 664/664/664 669/669/669
f 672/672/672 671/671/671 669/669/669
f 671/671/671 673/673/673 664/664/664
f 667/667/667 659/659/659 674/674/674
f 665/665/665 668/668/668 675/675/675
f 676/676/676 675/675/675 668/668/668
f 677/677/677 665/665/665 675/675/675
f 678/678/678 677/677/677 675/675/675
f 677/677/677 679/679/679 665/665/665
f 674/674/674 659/659/659 680/680/680
f 681/681/681 674/674/674 680/680/680
f 680/680/680 659/659/659 682/682/682
f 683/683/683 681/681/681 680/680/680
f 682/682/682 659/659/659 684/684/684
f 684/684/684 659/659/659 685/685/685
f 685/685/685 659/659/659 663/663/663
f 686/686/686 684/684/684 685/685/685
f 687/687/687 686/686/686 685/685/685
f 681/681/681 683/683/683 688/688/688
f 689/689/689 688/688/688 683/683/683
f 690/690/690 681/681/681 688/688/688
f 691/691/691 690/690/690 688/688/688
f 690/690/690 692/692/692 681/681/681
f 686/686/686 687/687/687 693/693/693
f 694/694/694 693/693/693 687/687/687
f 695/695/695 686/686/686 693/693/693
f 695/695/695 696/696/696 686/686/686
f 697/697/697 695/695/695 693/693/693
f 698/698/698 697/697/697 693/693/693
f 697/697/697 698/698/698 699/699/699
f 700/700/700 697/697/697 699/699/699
f 699/699/699 701/701/701 700/700/700
f 700/700/700 701/701/701 702/702/702
f 699/699/699 703/703/703 701/701/701
f 701/701/701 704/704/704 702/702/702
f 701/701/701 703/703/703 704/704/704
f 706/706/706 705/705/705 704/704/704
f 705/705/705 706/706/706 707/707/707
f 710/710/710 709/709/709 708/708/708
f 709/709/709 710/710/710 663/663/663
f 713/713/713 712/712/712 711/711/711
f 712/712/712 713/713/713 667/667/667
f 716/716/716 715/715/715 714/714/714
f 715/715/715 716/716/716 682/682/682
f 719/719/719 718/718/718 717/717/717
f 718/718/718 719/719/719 720/720/720
f 720/720/720 722/722/722 721/721/721
f 723/723/723 722/722/722 720/720/720
f 721/721/721 722/722/722 724/724/724
f 725/725/725 722/722/722 723/723/723
f 726/726/726 722/722/722 725/725/725
f 727/727/727 725/725/725 723/723/723
f 728/728/728 721/721/721 724/724/724
f 729/729/729 727/727/727 723/723/723
f 724/724/724 722/722/722 730/730/730
f 731/731/731 728/728/728 724/724/724
f 727/727/727 729/729/729 732/732/732
f 733/733/733 732/732/732 729/729/729
f 734/734/734 727/727/727 732/732/732
f 735/735/735 734/734/734 732/732/732
f 734/734/734 736/736/736 727/727/727
f 730/730/730 722/722/722 737/737/737
f 728/728/728 731/731/731 738/738/738
f 739/739/739 738/738/738 731/731/731
f 740/740/740 728/728/728 738/738/738
f 741/741/741 740/740/740 738/738/738
f 740/740/740 742/742/742 728/728/728
f 737/737/737 722/722/722 743/743/743
f 744/744/744 737/737/737 743/743/743
f 743/743/743 722/722/722 745/745/745
f 746/746/746 744/744/744 743/743/743
f 745/745/745 722/722/722 747/747/747
f 747/747/747 722/722/722 748/748/748
f 748/748/748 722/722/722 726/726/726
f 749/749/749 747/747/747 748/748/748
f 750/750/750 749/749/749 748/748/748
f 744/744/744 746/746/746 751/751/751
f 752/752/752 751/751/751 746/746/746
f 753/753/753 744/744/744 751/751/751
f 754/754/754 753/753/753 751/751/751
f 753/753/753 755/755/755 744/744/744
f 749/749/749 750/750/750 756/756/756
f 757/757/757 756/756/756 750/750/750
f 758/758/758 749/749/749 756/756/756
f 758/758/758 759/759/759 749/749/749
f 760/760/760 758/758/758 756/756/756
f 761/761/761 760/760/760 756/756/756
f 760/760/760 761/761/761 762/762/762
f 763/763/763 760/760/760 762/762/762
f 762/762/762 764/764/764 763/763/763
f 763/763/763 764/764/764 765/765/765
f 762/762/762 766/766/766 764/764/764
f 764/764/764 767/767/767 765/765/765
f 764/764/764 766/766/766 767/767/767
f 769/769/769 768/768/768 767/767/767
f 768/768/768 769/769/769 770/770/770
f 773/773/773 772/772/772 771/771/771
f 772/772/772 773/773/773 726/726/726
f 776/776/776 775/775/775 774/774/774
f 775/775/775 776/776/776 730/730/730
f 779/779/779 778/778/778 777/777/777
f 778/778/778 779/779/779 745/745/745
f 782/782/782 781/781/781 780/780/780
f 781/781/781 782/782/782 783/783/783
f 783/783/783 785/785/785 784/784/784
f 786/786/786 785/785/785 783/783/783
f 784/784/784 785/785/785 787/787/787
f 788/788/788 785/785/785 786/786/786
f 789/789/789 785/785/785 788/788/788
f 790/790/790 788/788/788 786/786/786
f 791/791/791 784/784/784 787/787/787
f 792/792/792 790/790/790 786/786/786
f 787/787/787 785/785/785 793/793/793
f 794/794/794 791/791/791 787/787/787
f 790/790/790 792/792/792 795/795/795
f 796/796/796 795/795/795 792/792/792
f 797/797/797 790/790/790 795/795/795
f 798/798/798 797/797/797 795/795/795
f 797/797/797 799/799/799 790/790/790
f 793/793/793 785/785/785 800/800/800
f 791/791/791 794/794/794 801/801/801
f 802/802/802 801/801/801 794/794/794
f 803/803/803 791/791/791 801/801/801
f 804/804/804 803/803/803 801/801/801
f 803/803/803 805/805/805 791/791/791
f 800/800/800 785/785/785 806/806/806
f 807/807/807 800/800/800 806/806/806
f 806/806/806 785/785/785 808/808/808
f 809/809/809 807/807/807 806/806/806
f 808/808/808 785/785/785 810/810/810
f 810/810/810 785/785/785 811/811/811
f 811/811/811 785/785/785 789/789/789
f 812/812/812 810/810/810 811/811/811
f 813/813/813 812/812/812 811/811/811
f 807/807/807 809/809/809 814/814/814
f 815/815/815 814/814/814 809/809/809
f 816/816/816 807/807/807 814/814/814
f 817/817/817 816/816/816 814/814/814
f 816/816/816 818/818/818 807/807/807
f 812/812/812 813/813/813 819/819/819
f 820/820/820 819/819/819 813/813/813
f 821/821/821 812/812/812 819/819/819
f 821/821/821 822/822/822 812/812/812
f 823/823/823 821/821/821 819/819/819
f 824/824/824 823/823/823 819/819/819
f 823/823/823 824/824/824 825/825/825
f 826/826/826 823/823/823 825/825/825
f 825/825/825 827/827/827 826/826/826
f 826/826/826 827/827/827 828/828/828
f 825/825/825 829/829/829 827/827/827
f 827/827/827 830/830/830 828/828/828
f 827/827/827 829/829/829 830/830/830
f 832/832/832 831/831/831 830/830/830
f 831/831/831 832/832/832 833/833/833
f 836/836/836 835/835/835 834/834/834
f 835/835/835 836/836/836 789/789/789
f 839/839/839 838/838/838 837/837/837
f 838/838/838 839/839/839 793/793/793
f 842/842/842 841/841/841 840/840/840
f 841/841/841 842/842/842 808/808/808
f 845/845/845 844/844/844 843/843/843
f 844/844/844 845/845/845 846/846/846
f 846/846/846 848/848/848 847/847/847
f 849/849/849 848/848/848 846/846/846
f 847/847/847 848/848/848 850/850/850
f 851/851/851 848/848/848 849/849/849
f 852/852/852 848/848/848 851/851/851
f 853/853/853 851/851/851 849/849/849
f 854/854/854 847/847/847 850/850/850
f 855/855/855 853/853/853 849/849/849
f 850/850/850 848/848/848 856/856/856
f 857/857/857 854/854/854 850/850/850
f 853/853/853 855/855/855 858/858/858
f 859/859/859 858/858/858 855/855/855
f 860/860/860 853/853/853 858/858/858
f 861/861/861 860/860/860 858/858/858
f 860/860/860 862/862/862 853/853/853
f 856/856/856 848/848/848 863/863/863
f 854/854/854 857/857/857 864/864/864
f 865/865/865 864/864/864 857/857/857
f 866/866/866 854/854/854 864/864/864
f 867/867/867 866/866/866 864/864/864
f 866/866/866 868/868/868 854/854/854
f 863/863/863 848/848/848 869/869/869
f 870/870/870 863/863/863 869/869/869
f 869/869/869 848/848/848 871/871/871
f 872/872/872 870/870/870 869/869/869
f 871/871/871 848/848/848 873/873/873
f 873/873/873 848/848/848 874/874/874
f 874/874/874 848/848/848 852/852/852
f 875/875/875 873/873/873 874/874/874
f 876/876/876 875/875/875 874/874/874
f 870/870/870 872/872/872 877/877/877
f 878/878/878 877/877/877 872/872/872
f 879/879/879 870/870/870 877/877/877
f 880/880/880 879/879/879 877/877/877
f 879/879/879 881/881/881 870/870/870
f 875/875/875 876/876/876 882/882/882
f 883/883/883 882/882/882 876/876/876
f 884/884/884 875/875/875 882/882/882
f 884/884/884 885/885/885 875/875/875
f 886/886/886 884/884/884 882/882/882
f 887/887/887 886/886/886 882/882/882
f 886/886/886 887/887/887 888/888/888
f 889/889/889 886/886/886 888/888/888
f 888/888/888 890/890/890 889/889/889
f 889/889/889 890/890/890 891/891/891
f 888/888/888 892/892/892 890/890/890
f 890/890/890 893/893/893 891/891/891
f 890/890/890 892/892/892 893/893/893
f 895/895/895 894/894/894 893/893/893
f 894/894/894 895/895/895 896/896/896
f 899/899/899 898/898/898 897/897/897
f 898/898/898 899/899/899 852/852/852
f 902/902/902 901/901/901 900/900/900
f 901/901/901 902/902/902 856/856/856
f 905/905/905 904/904/904 903/903/903
f 904/904/904 905/905/905 871/871/871
f 908/908/908 907/907/907 906/906/906
f 907/907/907 908/908/908 909/909/909
f 909/909/909 911/911/911 910/910/910
f 912/912/912 911/911/911 909/909/909
f 910/910/910 911/911/911 913/913/913
f 914/914/914 911/911/911 912/912/912
f 915/915/915 911/911/911 914/914/914
f 916/916/916 914/914/914 912/912/912
f 917/917/917 910/910/910 913/913/913
f 918/918/918 916/916/916 912/912/912
f 913/913/913 911/911/911 919/919/919
f 920/920/920 917/917/917 913/913/913
f 916/916/916 918/918/918 921/921/921
f 922/922/922 921/921/921 918/918/918
f 923/923/923 916/916/916 921/921/921
f 924/924/924 923/923/923 921/921/921
f 923/923/923 925/925/925 916/916/916
f 919/919/919 911/911/911 926/926/926
f 917/917/917 920/920/920 927/927/927
f 928/928/928 927/927/927 920/920/920
f 929/929/929 917/917/917 927/927/927
f 930/930/930 929/929/929 927/927/927
f 929/929/929 931/931/931 917/917/917
f 926/926/926 911/911/911 932/932/932
f 933/933/933 926/926/926 932/932/932
f 932/932/932 911/911/911 934/934/934
f 935/935/935 933/933/933 932/932/932
f 934/934/934 911/911/911 936/936/936
f 936/936/936 911/911/911 937/937/937
f 937/937/937 911/911/911 915/915/915
f 938/938/938 936/936/936 937/937/937
f 939/939/939 938/938/938 937/937/937
f 933/933/933 935/935/935 940/940/940
f 941/941/941 940/940/940 935/935/935
f 942/942/942 933/933/933 940/940/940
f 943/943/943 942/942/942 940/940/940
f 942/942/942 944/944/944 933/933/933
f 938/938/938 939/939/939 945/945/945
f 946/946/946 945/945/945 939/939/939
f 947/947/947 938/938/938 945/945/945
f 947/947/947 948/948/948 938/938/938
f 949/949/949 947/947/947 945/945/945
f 950/950/950 949/949/949 945/945/945
f 949/949/949 950/950/950 951/951/951
f 952/952/952 949/949/949 951/951/951
f 951/951/951 953/953/953 952/952/952
f 952/952/952 953/953/953 954/954/954
f 951/951/951 955/955/955 953/953/953
f 953/953/953 956/956/956 954/954/954
f 953/953/953 955/955/955 956/956/956
f 958/958/958 957/957/957 956/956/956
f 957/957/957 958/958/958 959/959/959
f 962/962/962 961/961/961 960/960/960
f 961/961/961 962/962/962 915/915/915
f 965/965/965 964/964/964 963/963/963
f 964/964/964 965/965/965 919/919/919
f 968/968/968 967/967/967 966/966/966
f 967/967/967 968/968/968 934/934/934
f 971/971/971 970/970/970 969/969/969
f 970/970/970 971/971/971 972/972/972
f 972/972/972 974/974/974 973/973/973
f 975/975/975 974/974/974 972/972/972
f 973/973/973 974/974/974 976/976/976
f 977/977/977 974/974/974 975/975/975
f 978/978/978 974/974/974 977/977/977
f 979/979/979 977/977/977 975/975/975
f 980/980/980 973/973/973 976/976/976
f 981/981/981 979/979/979 975/975/975
f 976/976/976 974/974/974 982/982/982
f 983/983/983 980/980/980 976/976/976
f 979/979/979 981/981/981 984/984/984
f 985/985/985 984/984/984 981/981/981
f 986/986/986 979/979/979 984/984/984
f 987/987/987 986/986/986 984/984/984
f 986/986/986 988/988/988 979/979/979
f 982/982/982 974/974/974 989/989/989
f 980/980/980 983/983/983 990/990/990
f 991/991/991 990/990/990 983/983/983
f 992/992/992 980/980/980 990/990/990
f 993/993/993 992/992/992 990/990/990
f 992/992/992 994/994/994 980/980/980
f 989/989/989 974/974/974 995/995/995
f 996/996/996 989/989/989 995/995/995
f 995/995/995 974/974/974 997/997/997
f 998/998/998 996/996/996 995/995/995
f 997/997/997 974/974/974 999/999/999
f 999/999/999 974/974/974 1000/1000/1000
f 1000/1000/1000 974/974/974 978/978/978
f 1001/1001/1001 999/999/999 1000/1000/1000
f 1002/1002/1002 1001/1001/1001 1000/1000/1000
f 996/996/996 998/998/998 1003/1003/1003
f 1004/1004/1004 1003/1003/1003 998/998/998
f 1005/1005/1005 996/996/996 1003/1003/1003
f 1006/1006/1006 1005/1005/1005 1003/1003/1003
f 1005/1005/1005 1007/1007/1007 996/996/996
f 1001/1001/1001 1002/1002/1002 1008/1008/1008
f 1009/1009/1009 1008/1008/1008 1002/1002/1002
f 1010/1010/1010 1001/1001/1001 1008/1008/1008
f 1010/1010/1010 1011/1011/1011 1001/1001/1001
f 1012/1012/1012 1010/1010/1010 1008/1008/1008
f 1013/1013/1013 1012/1012/1012 1008/1008/1008
f 1012/1012/1012 1013/1013/1013 1014/1014/1014
f 1015/1015/1015 1012/1012/1012 1014/1014/1014
f 1014/1014/1014 1016/1016/1016 1015/1015/1015
f 1015/1015/1015 1016/1016/1016 1017/1017/1017
f 1014/1014/1014 1018/1018/1018 1016/1016/1016
f 1016/1016/1016 1019/1019/1019 1017/1017/1017
f 1016/1016/1016 1018/1018/1018 1019/1019/1019
f 1021/1021/1021 1020/1020/1020 1019/1019/1019
f 1020/1020/1020 1021/1021/1021 1022/1022/1022
f 1025/1025/1025 1024/1024/1024 1023/1023/1023
f 1024/1024/1024 1025/1025/1025 978/978/978
f 1028/1028/1028 1027/1027/1027 1026/1026/1026
f 1027/1027/1027 1028/1028/1028 982/982/982
f 1031/1031/1031 1030/1030/1030 1029/1029/1029
f 1030/1030/1030 1031/1031/1031 997/997/997
f 1034/1034/1034 1033/1033/1033 1032/1032/1032
f 1033/1033/1033 1034/1034/1034 1035/1035/1035
f 1035/1035/1035 1037/1037/1037 1036/1036/1036
f 1038/1038/1038 1037/1037/1037 1035/1035/1035
f 1036/1036/1036 1037/1037/1037 1039/1039/1039
f 1040/1040/1040 1037/1037/1037 1038/1038/1038
f 1041/1041/1041 1037/1037/1037 1040/1040/1040
f 1042/1042/1042 1040/1040/1040 1038/1038/1038
f 1043/1043/1043 1036/1036/1036 1039/1039/1039
f 1044/1044/1044 1042/1042/1042 1038/1038/1038
f 1039/1039/1039 1037/1037/1037 1045/1045/1045
f 1046/1046/1046 1043/1043/1043 1039/1039/1039
f 1042/1042/1042 1044/1044/1044 1047/1047/1047
f 1048/1048/1048 1047/1047/1047 1044/1044/1044
f 1049/1049/1049 1042/1042/1042 1047/1047/1047
f 1050/1050/1050 1049/1049/1049 1047/1047/1047
f 1049/1049/1049 1051/1051/1051 1042/1042/1042
f 1045/1045/1045 1037/1037/1037 1052/1052/1052
f 1043/1043/1043 1046/1046/1046 1053/1053/1053
f 1054/1054/1054 1053/1053/1053 1046/1046/1046
f 1055/1055/1055 1043/1043/1043 1053/1053/1053
f 1056/1056/1056 1055/1055/1055 1053/1053/1053
f 1055/1055/1055 1057/1057/1057 1043/1043/1043
f 1052/1052/1052 1037/1037/1037 1058/1058/1058
f 1059/1059/1059 1052/1052/1052 1058/1058/1058
f 1058/1058/1058 1037/1037/1037 1060/1060/1060
f 1061/1061/1061 1059/1059/1059 1058/1058/1058
f 1060/1060/1060 1037/1037/1037 1062/1062/1062
f 1062/1062/1062 1037/1037/1037 1063/1063/1063
f 1063/1063/1063 1037/1037/1037 1041/1041/1041
f 1064/1064/1064 1062/1062/1062 1063/1063/1063
f 1065/1065/1065 1064/1064/1064 1063/1063/1063
f 1059/1059/1059 1061/1061/1061 1066/1066/1066
f 1067/1067/1067 1066/1066/1066 1061/1061/1061
f 1068/1068/1068 1059/1059/1059 1066/1066/1066
f 1069/1069/1069 1068/1068/1068 1066/1066/1066
f 1068/1068/1068 1070/1070/1070 1059/1059/1059
f 1064/1064/1064 1065/1065/1065 1071/1071/1071
f 1072/1072/1072 1071/1071/1071 1065/1065/1065
f 1073/1073/1073 1064/1064/1064 1071/1071/1071
f 1073/1073/1073 1074/1074/1074 1064/1064/1064
f 1075/1075/1075 1073/1073/1073 1071/1071/1071
f 1076/1076/1076 1075/1075/1075 1071/1071/1071
f 1075/1075/1075 1076/1076/1076 1077/1077/1077
f 1078/1078/1078 1075/1075/1075 1077/1077/1077
f 1077/1077/1077 1079/1079/1079 1078/1078/1078
f 1078/1078/1078 1079/1079/1079 1080/1080/1080
f 1077/1077/1077 1081/1081/1081 1079/1079/1079
f 1079/1079/1079 1082/1082/1082 1080/1080/1080
f 1079/1079/1079 1081/1081/1081 1082/1082/1082
f 1084/1084/1084 1083/1083/1083 1082/1082/1082
f 1083/1083/1083 1084/1084/1084 1085/1085/1085
f 1088/1088/1088 1087/1087/1087 1086/1086/1086
f 1087/1087/1087 1088/1088/1088 1041/1041/1041
f 1091/1091/1091 1090/1090/1090 1089/1089/1089
f 1090/1090/1090 1091/1091/1091 1045/1045/1045
f 1094/1094/1094 1093/1093/1093 1092/1092/1092
f 1093/1093/1093 1094/1094/1094 1060/1060/1060
f 1097/1097/1097 1096/1096/1096 1095/1095/1095
f 1096/1096/1096 1097/1097/1097 1098/1098/1098
f 1098/1098/1098 1100/1100/1100 1099/1099/1099
f 1101/1101/1101 1100/1100/1100 1098/1098/1098
f 1099/1099/1099 1100/1100/1100 1102/1102/1102
f 1103/1103/1103 1100/1100/1100 1101/1101/1101
f 1104/1104/1104 1100/1100/1100 1103/1103/1103
f 1105/1105/1105 1103/1103/1103 1101/1101/1101
f 1106/1106/1106 1099/1099/1099 1102/1102/1102
f 1107/1107/1107 1105/1105/1105 1101/1101/1101
f 1102/1102/1102 1100/1100/1100 1108/1108/1108
f 1109/1109/1109 1106/1106/1106 1102/1102/1102
f 1105/1105/1105 1107/1107/1107 1110/1110/1110
f 1111/1111/1111 1110/1110/1110 1107/1107/1107
f 1112/1112/1112 1105/1105/1105 1110/1110/1110
f 1113/1113/1113 1112/1112/1112 1110/1110/1110
f 1112/1112/1112 1114/1114/1114 1105/1105/1105
f 1108/1108/1108 1100/1100/1100 1115/1115/1115
f 1106/1106/1106 1109/1109/1109 1116/1116/1116
f 1117/1117/1117 1116/1116/1116 1109/1109/1109
f 1118/1118/1118 1106/1106/1106 1116/1116/1116
f 1119/1119/1119 1118/1118/1118 1116/1116/1116
f 1118/1118/1118 1120/1120/1120 1106/1106/1106
f 1115/1115/1115 1100/1100/1100 1121/1121/1121
f 1122/1122/1122 1115/1115/1115 1121/1121/1121
f 1121/1121/1121 1100/1100/1100 1123/1123/1123
f 1124/1124/1124 1122/1122/1122 1121/1121/1121
f 1123/1123/1123 1100/1100/1100 1125/1125/1125
f 1125/1125/1125 1100/1100/1100 1126/1126/1126
f 1126/1126/1126 1100/1100/1100 1104/1104/1104
f 1127/1127/1127 1125/1125/1125 1126/1126/1126
f 1128/1128/1128 1127/1127/1127 1126/1126/1126
f 1122/1122/1122 1124/1124/1124 1129/1129/1129
f 1130/1130/1130 1129/1129/1129 1124/1124/1124
f 1131/1131/1131 1122/1122/1122 1129/1129/1129
f 1132/1132/1132 1131/1131/1131 1129/1129/1129
f 1131/1131/1131 1133/1133/1133 1122/1122/1122
f 1127/1127/1127 1128/1128/1128 1134/1134/1134
f 1135/1135/1135 1134/1134/1134 1128/1128/1128
f 1136/1136/1136 1127/1127/1127 1134/1134/1134
f 1136/1136/1136 1137/1137/1137 1127/1127/1127
f 1138/1138/1138 1136/1136/1136 1134/1134/1134
f 1139/1139/1139 1138/1138/1138 1134/1134/1134
f 1138/1138/1138 1139/1139/1139 1140/1140/1140
f 1141/1141/1141 1138/1138/1138 1140/1140/1140
f 1140/1140/1140 1142/1142/1142 1141/1141/1141
f 1141/1141/1141 1142/1142/1142 1143/1143/1143
f 1140/1140/1140 1144/1144/1144 1142/1142/1142
f 1142/1142/1142 1145/1145/1145 1143/1143/1143
f 1142/1142/1142 1144/1144/1144 1145/1145/1145
f 1147/1147/1147 1146/1146/1146 1145/1145/1145
f 1146/1146/1146 1147/1147/1147 1148/1148/1148
f 1151/1151/1151 1150/1150/1150 1149/1149/1149
f 1150/1150/1150 1151/1151/1151 1104/1104/1104
f 1154/1154/1154 1153/1153/1153 1152/1152/1152
f 1153/1153/1153 1154/1154/1154 1108/1108/1108
f 1157/1157/1157 1156/1156/1156 1155/1155/1155
f 1156/1156/1156 1157/1157/1157 1123/1123/1123
f 1160/1160/1160 1159/1159/1159 1158/1158/1158
f 1159/1159/1159 1160/1160/1160 1161/1161/1161
f 1161/1161/1161 1163/1163/1163 1162/1162/1162
f 1164/1164/1164 1163/1163/1163 1161/1161/1161
f 1162/1162/1162 1163/1163/1163 1165/1165/1165
f 1166/1166/1166 1163/1163/1163 1164/1164/1164
f 1167/1167/1167 1163/1163/1163 1166/1166/1166
f 1168/1168/1168 1166/1166/1166 1164/1164/1164
f 1169/1169/1169 1162/1162/1162 1165/1165/1165
f 1170/1170/1170 1168/1168/1168 1164/1164/1164
f 1165/1165/1165 1163/1163/1163 1171/1171/1171
f 1172/1172/1172 1169/1169/1169 1165/1165/1165
f 1168/1168/1168 1170/1170/1170 1173/1173/1173
f 1174/1174/1174 1173/1173/1173 1170/1170/1170
f 1175/1175/1175 1168/1168/1168 1173/1173/1173
f 1176/1176/1176 1175/1175/1175 1173/1173/1173
f 1175/1175/1175 1177/1177/1177 1168/1168/1168
f 1171/1171/1171 1163/1163/1163 1178/1178/1178
f 1169/1169/1169 1172/1172/1172 1179/1179/1179
f 1180/1180/1180 1179/1179/1179 1172/1172/1172
f 1181/1181/1181 1169/1169/1169 1179/1179/1179
f 1182/1182/1182 1181/1181/1181 1179/1179/1179
f 1181/1181/1181 1183/1183/1183 1169/1169/1169
f 1178/1178/1178 1163/1163/1163 1184/1184/1184
f 1185/1185/1185 1178/1178/1178 1184/1184/1184
f 1184/1184/1184 1163/1163/1163 1186/1186/1186
f 1187/1187/1187 1185/1185/1185 1184/1184/1184
f 1186/1186/1186 1163/1163/1163 1188/1188/1188
f 1188/1188/1188 1163/1163/1163 1189/1189/1189
f 1189/1189/1189 1163/1163/1163 1167/1167/1167
f 1190/1190/1190 1188/1188/1188 1189/1189/1189
f 1191/1191/1191 1190/1190/1190 1189/1189/1189
f 1185/1185/1185 1187/1187/1187 1192/1192/1192
f 1193/1193/1193 1192/1192/1192 1187/1187/1187
f 1194/1194/1194 1185/1185/1185 1192/1192/1192
f 1195/1195/1195 1194/1194/1194 1192/1192/1192
f 1194/1194/1194 1196/1196/1196 1185/1185/1185
f 1190/1190/1190 1191/1191/1191 1197/1197/1197
f 1198/1198/1198 1197/1197/1197 1191/1191/1191
f 1199/1199/1199 1190/1190/1190 1197/1197/1197
f 1199/1199/1199 1200/1200/1200 1190/1190/1190
f 1201/1201/1201 1199/1199/1199 1197/1197/1197
f 1202/1202/1202 1201/1201/1201 1197/1197/1197
f 1201/1201/1201 1202/1202/1202 1203/1203/1203
f 1204/1204/1204 1201/1201/1201 1203/1203/1203
f 1203/1203/1203 1205/1205/1205 1204/1204/1204
f 1204/1204/1204 1205/1205/1205 1206/1206/1206
f 1203/1203/1203 1207/1207/1207 1205/1205/1205
f 1205/1205/1205 1208/1208/1208 1206/1206/1206
f 1205/1205/1205 1207/1207/1207 1208/1208/1208
f 1210/1210/1210 1209/1209/1209 1208/1208/1208
f 1209/1209/1209 1210/1210/1210 1211/1211/1211
f 1214/1214/1214 1213/1213/1213 1212/1212/1212
f 1213/1213/1213 1214/1214/1214 1167/1167/1167
f 1217/1217/1217 1216/1216/1216 1215/1215/1215
f 1216/1216/1216 1217/1217/1217 1171/1171/1171
f 1220/1220/1220 1219/1219/1219 1218/1218/1218
f 1219/1219/1219 1220/1220/1220 1186/1186/1186
f 1223/1223/1223 1222/1222/1222 1221/1221/1221
f 1222/1222/1222 1223/1223/1223 1224/1224/1224
f 1224/1224/1224 1226/1226/1226 1225/1225/1225
f 1227/1227/1227 1226/1226/1226 1224/1224/1224
f 1225/1225/1225 1226/1226/1226 1228/1228/1228
f 1229/1229/1229 1226/1226/1226 1227/1227/1227
f 1230/1230/1230 1226/1226/1226 1229/1229/1229
f 1231/1231/1231 1229/1229/1229 1227/1227/1227
f 1232/1232/1232 1225/1225/1225 1228/1228/1228
f 1233/1233/1233 1231/1231/1231 1227/1227/1227
f 1228/1228/1228 1226/1226/1226 1234/1234/1234
f 1235/1235/1235 1232/1232/1232 1228/1228/1228
f 1231/1231/1231 1233/1233/1233 1236/1236/1236
f 1237/1237/1237 1236/1236/1236 1233/1233/1233
f 1238/1238/1238 1231/1231/1231 1236/1236/1236
f 1239/1239/1239 1238/1238/1238 1236/1236/1236
f 1238/1238/1238 1240/1240/1240 1231/1231/1231
f 1234/1234/1234 1226/1226/1226 1241/1241/1241
f 1232/1232/1232 1235/1235/1235 1242/1242/1242
f 1243/1243/1243 1242/1242/1242 1235/1235/1235
f 1244/1244/1244 1232/1232/1232 1242/1242/1242
f 1245/1245/1245 1244/1244/1244 1242/1242/1242
f 1244/1244/1244 1246/1246/1246 1232/1232/1232
f 1241/1241/1241 1226/1226/1226 1247/1247/1247
f 1248/1248/1248 1241/1241/1241 1247/1247/1247
f 1247/1247/1247 1226/1226/1226 1249/1249/1249
f 1250/1250/1250 1248/1248/1248 1247/1247/1247
f 1249/1249/1249 1226/1226/1226 1251/1251/1251
f 1251/1251/1251 1226/1226/1226 1252/1252/1252
f 1252/1252/1252 1226/1226/1226 1230/1230/1230
f 1253/1253/1253 1251/1251/1251 1252/1252/1252
f 1254/1254/1254 1253/1253/1253 1252/1252/1252
f 1248/1248/1248 1250/1250/1250 1255/1255/1255
f 1256/1256/1256 1255/1255/1255 1250/1250/1250
f 1257/1257/1257 1248/1248/1248 1255/1255/1255
f 1258/1258/1258 1257/1257/1257 1255/1255/1255
f 1257/1257/1257 1259/1259/1259 1248/1248/1248
f 1253/1253/1253 1254/1254/1254 1260/1260/1260
f 1261/1261/1261 1260/1260/1260 1254/1254/1254
f 1262/1262/1262 1253/1253/1253 1260/1260/1260
f 1262/1262/1262 1263/1263/1263 1253/1253/1253
f 1264/1264/1264 1262/1262/1262 1260/1260/1260
f 1265/1265/1265 1264/1264/1264 1260/1260/1260
f 1264/1264/1264 1265/1265/1265 1266/1266/1266
f 1267/1267/1267 1264/1264/1264 1266/1266/1266
f 1266/1266/1266 1268/1268/1268 1267/1267/1267
f 1267/1267/1267 1268/1268/1268 1269/1269/1269
f 1266/1266/1266 1270/1270/1270 1268/1268/1268
f 1268/1268/1268 1271/1271/1271 1269/1269/1269
f 1268/1268/1268 1270/1270/1270 1271/1271/1271
f 1273/1273/1273 1272/1272/1272 1271/1271/1271
f 1272/1272/1272 1273/1273/1273 1274/1274/1274
f 1277/1277/1277 1276/1276/1276 1275/1275/1275
f 1275/1275/1275 1276/1276/1276 1230/1230/1230
f 1280/1280/1280 1279/1279/1279 1278/1278/1278
f 1279/1279/1279 1280/1280/1280 1234/1234/1234
f 1283/1283/1283 1282/1282/1282 1281/1281/1281
f 1282/1282/1282 1283/1283/1283 1249/1249/1249
