g Industrial_Pipe_Combination_2
v -0.488514394 -3.87550616 2.75175643
v -0.488514394 -3.60776424 2.75175643
v 0.654061258 -3.60776424 2.75175643
v 0.654061258 -3.87550616 2.75175643
v 0.654061258 -3.87550616 1.26591921
v 0.654061258 -3.60776424 1.26591921
v 0.654061258 -3.60776424 -0.0150329582
v 0.654061258 -3.87550616 -0.0150329582
v 0.654061258 -3.60776424 -1.28100467
v 0.654061258 -3.87550616 -1.28100467
v 0.654061258 -3.60776424 1.26591921
v -0.488514394 -3.60776424 1.26591921
v -0.488514394 -3.60776424 -0.0150329582
v 0.654061258 -3.60776424 -0.0150329582
v -0.488514394 -3.60776424 1.26591921
v -0.488514394 -3.87550616 1.26591921
v -0.488514394 -3.87550616 -0.0150329582
v -0.488514394 -3.60776424 -0.0150329582
v -0.488514394 -3.60776424 -1.28100467
v -0.488514394 -3.87550616 -1.28100467
v -0.488514394 -3.87550616 1.26591921
v -0.488514394 -3.60776424 1.26591921
v 0.654061258 -3.60776424 1.26591921
v 0.654061258 -3.87550616 1.26591921
v -0.488514394 -3.60776424 -0.0150329582
v -0.488514394 -3.60776424 -1.28100467
v 0.654061258 -3.60776424 -1.28100467
v 0.654061258 -3.60776424 -0.0150329582
v 0.654061258 -3.87550616 -2.75175643
v 0.654061258 -3.60776424 -2.75175643
v -0.488514394 -3.60776424 -2.75175643
v -0.488514394 -3.87550616 -2.75175643
v 0.654061258 -3.87550616 -1.28100467
v 0.654061258 -3.60776424 -1.28100467
v 0.654061258 -3.60776424 -2.75175643
v 0.654061258 -3.87550616 -2.75175643
v -0.488514394 -3.60776424 -1.28100467
v -0.488514394 -3.60776424 -2.75175643
v 0.654061258 -3.60776424 -2.75175643
v 0.654061258 -3.60776424 -1.28100467
v -0.488514394 -3.87550616 -1.28100467
v -0.488514394 -3.87550616 -2.75175643
v -0.488514394 -3.60776424 -2.75175643
v -0.488514394 -3.60776424 -1.28100467
v 0.654061258 -3.87550616 1.44167113
v 0.654061258 -3.60776424 1.44167113
v -0.488514394 -3.60776424 1.44167113
v -0.488514394 -3.87550616 1.44167113
v 0.654061258 -3.87550616 2.75175643
v 0.654061258 -3.60776424 2.75175643
v 0.654061258 -3.60776424 1.44167113
v 0.654061258 -3.87550616 1.44167113
v -0.488514394 -3.60776424 2.75175643
v -0.488514394 -3.60776424 1.44167113
v 0.654061258 -3.60776424 1.44167113
v 0.654061258 -3.60776424 2.75175643
v -0.488514394 -3.87550616 2.75175643
v -0.488514394 -3.87550616 1.44167113
v -0.488514394 -3.60776424 1.44167113
v -0.488514394 -3.60776424 2.75175643
v -0.283533931 0.776126981 0.619661868
v -0.257034898 0.900528252 0.887410879
v -0.191571042 0.824576676 0.887410879
v -0.285169661 -0.338668823 -0.553812265
v -0.283533931 -0.313223869 -0.553812265
v -0.191571042 -0.264774173 -0.286065668
v -0.174266353 -0.338668823 -0.286065668
v 0.0304602049 -0.147802114 -0.175159901
v 0.0934875458 -0.338668823 -0.175159901
v -0.285169661 -0.338668823 -0.553812265
v -0.191571042 -0.264774173 -0.286065668
v -0.174266353 -0.338668823 -0.286065668
v -0.191571042 -0.264774173 -0.821563721
v -0.317650139 -0.281697392 -0.553812265
v -0.283533931 -0.313223869 -0.553812265
v 0.252481669 -0.0308325198 -0.821563721
v -0.110701904 0.0354034416 -0.932467043
v 0.0304602049 -0.147802114 -0.932467043
v 0.344449461 0.0176184084 -0.553812265
v 0.0356311016 0.259625852 -0.821563721
v 0.0962463394 0.352503031 -0.553812265
v -0.275950909 0.357731938 -0.821563721
v -0.260677487 0.465178221 -0.553812265
v -0.312806398 0.0983355716 -0.932467043
v -0.45397827 0.0983355716 -0.932467043
v -0.45397827 0.366000354 -0.821563721
v -0.283533931 0.647700489 2.06203723
v -0.257034898 0.7721017 2.32978392
v -0.191571042 0.696150184 2.32978392
v -0.258431405 -3.62915182 0.971678436
v -0.258436263 -3.40305614 0.970941126
v 0.0934875458 -3.4030571 1.11634636
v 0.0934875458 -3.62915277 1.11738646
v 0.445411354 -3.40305614 0.97094357
v 0.445406497 -3.62915182 0.97168088
v 0.445406497 -3.62915182 0.97168088
v 0.445411354 -3.40305614 0.97094357
v 0.591270745 -3.40305448 0.619666755
v 0.591270745 -3.62915063 0.619666755
v 0.591270745 -3.62915063 0.619666755
v 0.591270745 -3.40305448 0.619666755
v 0.445421129 -3.40305281 0.268394768
v 0.445416242 -3.6291492 0.267662346
v 0.445416242 -3.6291492 0.267662346
v 0.445421129 -3.40305281 0.268394768
v 0.0934875458 -3.40305233 0.122967526
v 0.0934875458 -3.62914824 0.121927485
v -0.25844115 -3.40305281 0.268397212
v -0.258446038 -3.6291492 0.267662346
v -0.258446038 -3.6291492 0.267662346
v -0.25844115 -3.40305281 0.268397212
v -0.404290766 -3.40305448 0.619664311
v -0.404290766 -3.62915063 0.619666755
v -0.404290766 -3.62915063 0.619666755
v -0.404290766 -3.40305448 0.619664311
v -0.258436263 -3.40305614 0.970941126
v -0.258431405 -3.62915182 0.971678436
v -0.174266353 0.750682056 0.887410879
v -0.191571042 0.824576676 0.887410879
v 0.0304602049 0.941548109 0.998316646
v 0.0934875458 0.750682056 0.998316646
v 0.0934875458 0.750682056 0.998316646
v 0.0304602049 0.941548109 0.998316646
v 0.252481669 1.05851769 0.887410879
v 0.36124146 0.750682056 0.887410879
v 0.344449461 1.10696924 0.619661868
v 0.472144753 0.750682056 0.619661868
v 0.472144753 0.750682056 0.619661868
v 0.344449461 1.10696924 0.619661868
v 0.252481669 1.05851769 0.351912826
v 0.36124146 0.750682056 0.351912826
v 0.36124146 0.750682056 0.351912826
v 0.252481669 1.05851769 0.351912826
v 0.0304602049 0.941548109 0.241009519
v 0.0934875458 0.750682056 0.241009519
v -0.191571042 0.824576676 0.351912826
v -0.174266353 0.750682056 0.351912826
v -0.174266353 0.750682056 0.351912826
v -0.191571042 0.824576676 0.351912826
v -0.283533931 0.776126981 0.619661868
v -0.285169661 0.750682056 0.619661868
v -0.285169661 0.750682056 0.619661868
v -0.283533931 0.776126981 0.619661868
v -0.191571042 0.824576676 0.887410879
v -0.174266353 0.750682056 0.887410879
v -0.110701904 1.12475371 0.998316646
v -0.275950909 1.44708216 0.887410879
v 0.0356311016 1.34897673 0.887410879
v -0.312806398 1.18768585 0.998316646
v -0.45397827 1.45535123 0.887410879
v -0.45397827 1.18768585 0.998316646
v -0.34967652 0.928289473 0.887410879
v -0.45397827 0.920019805 0.887410879
v -0.257034898 0.900528252 0.887410879
v -0.191571042 0.824576676 0.887410879
v 0.0304602049 0.941548109 0.998316646
v 0.0356311016 1.34897673 0.887410879
v -0.260677487 1.55452907 0.619661868
v 0.0962463394 1.44185388 0.619661868
v -0.275950909 1.44708216 0.887410879
v -0.45397827 1.56622279 0.619661868
v -0.45397827 1.45535123 0.887410879
v 0.0962463394 1.44185388 0.619661868
v -0.260677487 1.55452907 0.619661868
v -0.275950909 1.44708216 0.351912826
v 0.0356311016 1.34897673 0.351912826
v 0.344449461 1.10696924 0.619661868
v 0.252481669 1.05851769 0.351912826
v -0.260677487 1.55452907 0.619661868
v -0.45397827 1.56622279 0.619661868
v -0.45397827 1.45535123 0.351912826
v -0.275950909 1.44708216 0.351912826
v -0.275950909 1.44708216 0.351912826
v -0.45397827 1.45535123 0.351912826
v -0.45397827 1.18768585 0.241009519
v -0.312806398 1.18768585 0.241009519
v -0.45397827 0.920019805 0.351912826
v 0.0356311016 1.34897673 0.351912826
v -0.34967652 0.928289473 0.351912826
v -0.110701904 1.12475371 0.241009519
v 0.252481669 1.05851769 0.351912826
v -0.257034898 0.900528252 0.351912826
v 0.0304602049 0.941548109 0.241009519
v -0.191571042 0.824576676 0.351912826
v -0.34967652 0.928289473 0.351912826
v -0.45397827 0.920019805 0.351912826
v -0.45397827 0.809151292 0.619661868
v -0.364945054 0.820845604 0.619661868
v -0.257034898 0.900528252 0.351912826
v -0.317650139 0.807653487 0.619661868
v -0.191571042 0.824576676 0.351912826
v -0.283533931 0.776126981 0.619661868
v -0.364945054 0.820845604 0.619661868
v -0.45397827 0.809151292 0.619661868
v -0.45397827 0.920019805 0.887410879
v -0.34967652 0.928289473 0.887410879
v -0.317650139 0.807653487 0.619661868
v -0.257034898 0.900528252 0.887410879
v -0.283533931 0.776126981 0.619661868
v -0.45397827 1.45535123 0.887410879
v -0.45397827 1.69350922 0.619661868
v -0.45397827 1.56622279 0.619661868
v -0.45397827 1.54535675 0.977445066
v -0.45397827 1.18768585 0.998316646
v -0.45397827 1.18768585 1.12564325
v -0.45397827 0.920019805 0.887410879
v -0.45397827 0.830014944 0.977445066
v -0.45397827 0.809151292 0.619661868
v -0.45397827 0.681864917 0.619661868
v -0.45397827 1.56622279 0.619661868
v -0.45397827 1.69350922 0.619661868
v -0.45397827 1.54535675 0.261881083
v -0.45397827 1.45535123 0.351912826
v -0.45397827 1.18768585 0.113682859
v -0.45397827 1.18768585 0.241009519
v -0.45397827 0.830014944 0.261881083
v -0.45397827 0.920019805 0.351912826
v -0.45397827 0.681864917 0.619661868
v -0.45397827 0.809151292 0.619661868
v -0.45397827 0.830014944 0.977445066
v -0.654061258 0.830014944 0.977445066
v -0.654061258 1.18768585 1.12564325
v -0.45397827 1.18768585 1.12564325
v -0.654061258 1.54535675 0.977445066
v -0.45397827 1.54535675 0.977445066
v -0.45397827 1.54535675 0.977445066
v -0.654061258 1.54535675 0.977445066
v -0.654061258 1.69350922 0.619661868
v -0.45397827 1.69350922 0.619661868
v -0.45397827 1.69350922 0.619661868
v -0.654061258 1.69350922 0.619661868
v -0.654061258 1.54535675 0.261881083
v -0.45397827 1.54535675 0.261881083
v -0.45397827 1.54535675 0.261881083
v -0.654061258 1.54535675 0.261881083
v -0.654061258 1.18768585 0.113682859
v -0.45397827 1.18768585 0.113682859
v -0.654061258 0.830014944 0.261881083
v -0.45397827 0.830014944 0.261881083
v -0.45397827 0.830014944 0.261881083
v -0.654061258 0.830014944 0.261881083
v -0.654061258 0.681864917 0.619661868
v -0.45397827 0.681864917 0.619661868
v -0.45397827 0.681864917 0.619661868
v -0.654061258 0.681864917 0.619661868
v -0.654061258 0.830014944 0.977445066
v -0.45397827 0.830014944 0.977445066
v 0.252481669 1.05851769 0.887410879
v 0.0962463394 1.44185388 0.619661868
v 0.344449461 1.10696924 0.619661868
v 0.0356311016 1.34897673 0.887410879
v 0.0304602049 0.941548109 0.998316646
v -0.110701904 1.12475371 0.998316646
v -0.174266353 -3.38914514 0.886676013
v -0.174266353 -1.67295647 0.887091041
v 0.0934875458 -1.67295647 0.997862518
v 0.0934875458 -3.38914609 0.997276604
v 0.361236572 -1.67295647 0.887091041
v 0.36124146 -3.38914514 0.886676013
v -0.285169661 -3.38914394 0.619661868
v -0.285169661 -1.67295587 0.619661868
v -0.174266353 -1.67295647 0.887091041
v -0.174266353 -3.38914514 0.886676013
v -0.174266353 -3.38914227 0.352650136
v -0.174266353 -1.67295527 0.352235109
v -0.285169661 -1.67295587 0.619661868
v -0.285169661 -3.38914394 0.619661868
v 0.0907629356 -3.3891418 0.239903554
v -0.174266353 -1.67295527 0.352235109
v -0.174266353 -3.38914227 0.352650136
v 0.0922961384 -1.67295527 0.240526125
v 0.358511955 -3.38914227 0.35050413
v 0.360050052 -1.67295527 0.351297587
v 0.472144753 -3.38914394 0.619661868
v 0.472144753 -1.67295587 0.619661868
v 0.360050052 -1.67295527 0.351297587
v 0.358511955 -3.38914227 0.35050413
v 0.36124146 -3.38914514 0.886676013
v 0.361236572 -1.67295647 0.887091041
v 0.472144753 -1.67295587 0.619661868
v 0.472144753 -3.38914394 0.619661868
v 0.472144753 -3.38914394 0.619661868
v 0.591270745 -3.40305448 0.619666755
v 0.445411354 -3.40305614 0.97094357
v 0.36124146 -3.38914514 0.886676013
v 0.0934875458 -3.4030571 1.11634636
v 0.0934875458 -3.38914609 0.997276604
v -0.258436263 -3.40305614 0.970941126
v -0.174266353 -3.38914514 0.886676013
v -0.404290766 -3.40305448 0.619664311
v -0.285169661 -3.38914394 0.619661868
v 0.358511955 -3.38914227 0.35050413
v 0.591270745 -3.40305448 0.619666755
v 0.472144753 -3.38914394 0.619661868
v 0.445421129 -3.40305281 0.268394768
v 0.0907629356 -3.3891418 0.239903554
v 0.0934875458 -3.40305233 0.122967526
v -0.174266353 -3.38914227 0.352650136
v -0.25844115 -3.40305281 0.268397212
v -0.285169661 -3.38914394 0.619661868
v -0.404290766 -3.40305448 0.619664311
v 0.472144753 -1.67295587 0.619661868
v 0.472144753 -0.271914661 0.619661868
v 0.360738516 -0.271914661 0.351654053
v 0.360050052 -1.67295527 0.351297587
v 0.361236572 -1.67295647 0.887091041
v 0.36124146 -0.271914661 0.88727659
v 0.472144753 -0.271914661 0.619661868
v 0.472144753 -1.67295587 0.619661868
v 0.0934875458 -1.67295647 0.997862518
v 0.36124146 -0.271914661 0.88727659
v 0.361236572 -1.67295647 0.887091041
v 0.0934875458 -0.271915287 0.998126209
v -0.174266353 -1.67295647 0.887091041
v -0.174266353 -0.271914661 0.88727659
v -0.285169661 -1.67295587 0.619661868
v -0.285169661 -0.271914661 0.619661868
v -0.174266353 -0.271914661 0.88727659
v -0.174266353 -1.67295647 0.887091041
v -0.174266353 -1.67295527 0.352235109
v -0.174266353 -0.271914661 0.352049559
v -0.285169661 -0.271914661 0.619661868
v -0.285169661 -1.67295587 0.619661868
v 0.0922961384 -1.67295527 0.240526125
v -0.174266353 -0.271914661 0.352049559
v -0.174266353 -1.67295527 0.352235109
v 0.0929846168 -0.271914661 0.240804434
v 0.360050052 -1.67295527 0.351297587
v 0.360738516 -0.271914661 0.351654053
v 0.472144753 -0.271914661 0.619661868
v 0.472144753 0.750682056 0.619661868
v 0.36124146 0.750682056 0.351912826
v 0.360738516 -0.271914661 0.351654053
v 0.36124146 -0.271914661 0.88727659
v 0.472144753 0.750682056 0.619661868
v 0.472144753 -0.271914661 0.619661868
v 0.36124146 0.750682056 0.887410879
v 0.0934875458 -0.271915287 0.998126209
v 0.0934875458 0.750682056 0.998316646
v -0.174266353 -0.271914661 0.88727659
v -0.174266353 0.750682056 0.887410879
v 0.0934875458 0.750682056 0.998316646
v 0.0934875458 -0.271915287 0.998126209
v -0.285169661 -0.271914661 0.619661868
v -0.285169661 0.750682056 0.619661868
v -0.174266353 0.750682056 0.887410879
v -0.174266353 -0.271914661 0.88727659
v -0.174266353 -0.271914661 0.352049559
v -0.174266353 0.750682056 0.351912826
v -0.285169661 0.750682056 0.619661868
v -0.285169661 -0.271914661 0.619661868
v 0.0929846168 -0.271914661 0.240804434
v -0.174266353 0.750682056 0.351912826
v -0.174266353 -0.271914661 0.352049559
v 0.0934875458 0.750682056 0.241009519
v 0.360738516 -0.271914661 0.351654053
v 0.36124146 0.750682056 0.351912826
v -0.258431405 -3.75757861 -1.69897091
v -0.258436263 -3.53148317 -1.69971061
v 0.0934875458 -3.53148389 -1.55430543
v 0.0934875458 -3.75757957 -1.55326784
v 0.445411354 -3.53148317 -1.69971061
v 0.445406497 -3.75757861 -1.6989733
v 0.445406497 -3.75757861 -1.6989733
v 0.445411354 -3.53148317 -1.69971061
v 0.591270745 -3.53148127 -2.0509851
v 0.591270745 -3.75757742 -2.0509851
v 0.591270745 -3.75757742 -2.0509851
v 0.591270745 -3.53148127 -2.0509851
v 0.445421129 -3.53147984 -2.40225697
v 0.445416242 -3.75757599 -2.40298939
v 0.445416242 -3.75757599 -2.40298939
v 0.445421129 -3.53147984 -2.40225697
v 0.0934875458 -3.53147912 -2.54768419
v 0.0934875458 -3.75757504 -2.54872441
v -0.25844115 -3.53147984 -2.40225697
v -0.258446038 -3.75757599 -2.40298939
v -0.258446038 -3.75757599 -2.40298939
v -0.25844115 -3.53147984 -2.40225697
v -0.404290766 -3.53148127 -2.05098748
v -0.404290766 -3.75757742 -2.05098271
v -0.404290766 -3.75757742 -2.05098271
v -0.404290766 -3.53148127 -2.05098748
v -0.258436263 -3.53148317 -1.69971061
v -0.258431405 -3.75757861 -1.69897091
v -0.174266353 2.93267775 -1.78324091
v -0.191571042 3.0065732 -1.78324091
v 0.0304602049 3.12354445 -1.67233515
v 0.0934875458 2.93267775 -1.67233515
v 0.252481669 3.24051476 -1.78324091
v 0.36124146 2.93267775 -1.78324091
v 0.36124146 2.93267775 -1.78324091
v 0.252481669 3.24051476 -1.78324091
v 0.344449461 3.2889657 -2.05098987
v 0.472144753 2.93267775 -2.05098987
v 0.472144753 2.93267775 -2.05098987
v 0.344449461 3.2889657 -2.05098987
v 0.252481669 3.24051476 -2.31873894
v 0.36124146 2.93267775 -2.31873894
v 0.0304602049 3.12354445 -2.4296422
v 0.0934875458 2.93267775 -2.4296422
v 0.0934875458 2.93267775 -2.4296422
v 0.0304602049 3.12354445 -2.4296422
v -0.191571042 3.0065732 -2.31873894
v -0.174266353 2.93267775 -2.31873894
v -0.283533931 2.95812345 -2.05098987
v -0.285169661 2.93267775 -2.05098987
v -0.285169661 2.93267775 -2.05098987
v -0.283533931 2.95812345 -2.05098987
v -0.191571042 3.0065732 -1.78324091
v -0.174266353 2.93267775 -1.78324091
v 0.0356311016 3.53097248 -1.78324091
v -0.260677487 3.73652554 -2.05098987
v 0.0962463394 3.62384963 -2.05098987
v -0.275950909 3.6290791 -1.78324091
v -0.45397827 3.74821854 -2.05098987
v -0.45397827 3.63734698 -1.78324091
v 0.0962463394 3.62384963 -2.05098987
v -0.275950909 3.6290791 -2.31873894
v 0.0356311016 3.53097248 -2.31873894
v -0.260677487 3.73652554 -2.05098987
v -0.45397827 3.63734698 -2.31873894
v -0.45397827 3.74821854 -2.05098987
v 0.0356311016 3.53097248 -2.31873894
v -0.275950909 3.6290791 -2.31873894
v -0.312806398 3.36968231 -2.4296422
v -0.110701904 3.30675006 -2.4296422
v 0.252481669 3.24051476 -2.31873894
v 0.0304602049 3.12354445 -2.4296422
v 0.344449461 3.2889657 -2.05098987
v 0.0962463394 3.62384963 -2.05098987
v -0.257034898 3.08252406 -2.31873894
v -0.364945054 3.00284147 -2.05098987
v -0.317650139 2.9896493 -2.05098987
v -0.34967652 3.11028528 -2.31873894
v -0.45397827 2.99114704 -2.05098987
v -0.45397827 3.10201621 -2.31873894
v -0.317650139 2.9896493 -2.05098987
v -0.34967652 3.11028528 -1.78324091
v -0.257034898 3.08252406 -1.78324091
v -0.364945054 3.00284147 -2.05098987
v -0.45397827 3.10201621 -1.78324091
v -0.45397827 2.99114704 -2.05098987
v -0.34967652 3.11028528 -1.78324091
v -0.45397827 3.10201621 -1.78324091
v -0.45397827 3.36968231 -1.67233515
v -0.312806398 3.36968231 -1.67233515
v -0.45397827 3.63734698 -1.78324091
v -0.257034898 3.08252406 -1.78324091
v -0.275950909 3.6290791 -1.78324091
v -0.110701904 3.30675006 -1.67233515
v -0.191571042 3.0065732 -1.78324091
v 0.0356311016 3.53097248 -1.78324091
v 0.0304602049 3.12354445 -1.67233515
v 0.252481669 3.24051476 -1.78324091
v -0.275950909 3.6290791 -2.31873894
v -0.45397827 3.63734698 -2.31873894
v -0.45397827 3.36968231 -2.4296422
v -0.312806398 3.36968231 -2.4296422
v -0.45397827 3.10201621 -2.31873894
v -0.34967652 3.11028528 -2.31873894
v -0.110701904 3.30675006 -2.4296422
v -0.257034898 3.08252406 -2.31873894
v 0.0304602049 3.12354445 -2.4296422
v -0.191571042 3.0065732 -2.31873894
v -0.45397827 3.10201621 -1.78324091
v -0.45397827 3.36968231 -1.54500854
v -0.45397827 3.36968231 -1.67233515
v -0.45397827 3.01201129 -1.69320679
v -0.45397827 2.99114704 -2.05098987
v -0.45397827 2.86386061 -2.05098987
v -0.45397827 3.36968231 -1.67233515
v -0.45397827 3.36968231 -1.54500854
v -0.45397827 3.7273531 -1.69320679
v -0.45397827 3.63734698 -1.78324091
v -0.45397827 3.87550616 -2.05098987
v -0.45397827 3.74821854 -2.05098987
v -0.45397827 3.74821854 -2.05098987
v -0.45397827 3.87550616 -2.05098987
v -0.45397827 3.7273531 -2.40877318
v -0.45397827 3.63734698 -2.31873894
v -0.45397827 3.36968231 -2.55696893
v -0.45397827 3.36968231 -2.4296422
v -0.45397827 3.36968231 -2.4296422
v -0.45397827 3.36968231 -2.55696893
v -0.45397827 3.01201129 -2.40877318
v -0.45397827 3.10201621 -2.31873894
v -0.45397827 2.86386061 -2.05098987
v -0.45397827 2.99114704 -2.05098987
v -0.45397827 3.01201129 -1.69320679
v -0.654061258 3.01201129 -1.69320679
v -0.654061258 3.36968231 -1.54500854
v -0.45397827 3.36968231 -1.54500854
v -0.654061258 3.7273531 -1.69320679
v -0.45397827 3.7273531 -1.69320679
v -0.45397827 3.7273531 -1.69320679
v -0.654061258 3.7273531 -1.69320679
v -0.654061258 3.87550616 -2.05098987
v -0.45397827 3.87550616 -2.05098987
v -0.45397827 3.87550616 -2.05098987
v -0.654061258 3.87550616 -2.05098987
v -0.654061258 3.7273531 -2.40877318
v -0.45397827 3.7273531 -2.40877318
v -0.45397827 3.7273531 -2.40877318
v -0.654061258 3.7273531 -2.40877318
v -0.654061258 3.36968231 -2.55696893
v -0.45397827 3.36968231 -2.55696893
v -0.654061258 3.01201129 -2.40877318
v -0.45397827 3.01201129 -2.40877318
v -0.45397827 3.01201129 -2.40877318
v -0.654061258 3.01201129 -2.40877318
v -0.654061258 2.86386061 -2.05098987
v -0.45397827 2.86386061 -2.05098987
v -0.45397827 2.86386061 -2.05098987
v -0.654061258 2.86386061 -2.05098987
v -0.654061258 3.01201129 -1.69320679
v -0.45397827 3.01201129 -1.69320679
v -0.283533931 2.95812345 -2.05098987
v -0.317650139 2.9896493 -2.05098987
v -0.257034898 3.08252406 -1.78324091
v -0.191571042 3.0065732 -1.78324091
v -0.191571042 3.0065732 -2.31873894
v -0.257034898 3.08252406 -2.31873894
v -0.317650139 2.9896493 -2.05098987
v -0.283533931 2.95812345 -2.05098987
v 0.252481669 3.24051476 -1.78324091
v 0.0356311016 3.53097248 -1.78324091
v 0.0962463394 3.62384963 -2.05098987
v 0.344449461 3.2889657 -2.05098987
v -0.174266353 -3.51757193 -1.78397584
v -0.174266353 -1.80138338 -1.78356314
v 0.0934875458 -1.80138338 -1.67278922
v 0.0934875458 -3.51757288 -1.67337275
v 0.361236572 -1.80138338 -1.78356314
v 0.36124146 -3.51757193 -1.78397584
v -0.285169661 -3.51757073 -2.05098987
v -0.285169661 -1.80138266 -2.05098987
v -0.174266353 -1.80138338 -1.78356314
v -0.174266353 -3.51757193 -1.78397584
v -0.174266353 -3.5175693 -2.31800413
v -0.285169661 -1.80138266 -2.05098987
v -0.285169661 -3.51757073 -2.05098987
v -0.174266353 -1.80138206 -2.3184166
v 0.0907629356 -3.51756859 -2.43074822
v 0.0922961384 -1.80138206 -2.4301281
v 0.358511955 -3.5175693 -2.32014775
v 0.360050052 -1.80138206 -2.3193543
v 0.472144753 -3.51757073 -2.05098987
v 0.472144753 -1.80138266 -2.05098987
v 0.360050052 -1.80138206 -2.3193543
v 0.358511955 -3.5175693 -2.32014775
v 0.36124146 -3.51757193 -1.78397584
v 0.361236572 -1.80138338 -1.78356314
v 0.472144753 -1.80138266 -2.05098987
v 0.472144753 -3.51757073 -2.05098987
v 0.472144753 -3.51757073 -2.05098987
v 0.591270745 -3.53148127 -2.0509851
v 0.445411354 -3.53148317 -1.69971061
v 0.36124146 -3.51757193 -1.78397584
v 0.0934875458 -3.53148389 -1.55430543
v 0.0934875458 -3.51757288 -1.67337275
v -0.258436263 -3.53148317 -1.69971061
v -0.174266353 -3.51757193 -1.78397584
v -0.404290766 -3.53148127 -2.05098748
v -0.285169661 -3.51757073 -2.05098987
v 0.358511955 -3.5175693 -2.32014775
v 0.591270745 -3.53148127 -2.0509851
v 0.472144753 -3.51757073 -2.05098987
v 0.445421129 -3.53147984 -2.40225697
v 0.0907629356 -3.51756859 -2.43074822
v 0.0934875458 -3.53147912 -2.54768419
v -0.174266353 -3.5175693 -2.31800413
v -0.25844115 -3.53147984 -2.40225697
v -0.285169661 -3.51757073 -2.05098987
v -0.404290766 -3.53148127 -2.05098748
v 0.472144753 -1.80138266 -2.05098987
v 0.472144753 -0.0654031336 -2.05098987
v 0.360738516 -0.0654031336 -2.31899786
v 0.360050052 -1.80138206 -2.3193543
v 0.0929846168 -0.0654031336 -2.42984724
v 0.361236572 -1.80138338 -1.78356314
v 0.36124146 -0.0654031336 -1.78337765
v 0.472144753 -0.0654031336 -2.05098987
v 0.472144753 -1.80138266 -2.05098987
v 0.0934875458 -1.80138338 -1.67278922
v 0.36124146 -0.0654031336 -1.78337765
v 0.361236572 -1.80138338 -1.78356314
v 0.0934875458 -0.0654037446 -1.67252803
v -0.174266353 -1.80138338 -1.78356314
v -0.174266353 -0.0654031336 -1.78337765
v -0.285169661 -1.80138266 -2.05098987
v -0.285169661 -0.0654031336 -2.05098987
v -0.174266353 -0.0654031336 -1.78337765
v -0.174266353 -1.80138338 -1.78356314
v -0.174266353 -1.80138206 -2.3184166
v -0.285169661 -0.0654031336 -2.05098987
v -0.285169661 -1.80138266 -2.05098987
v -0.174266353 -0.0654031336 -2.31860232
v 0.0922961384 -1.80138206 -2.4301281
v 0.0929846168 -0.0654031336 -2.42984724
v 0.360050052 -1.80138206 -2.3193543
v 0.472144753 -0.0654031336 -2.05098987
v 0.472144753 1.60276818 -2.05098987
v 0.36103636 1.60276818 -2.31884384
v 0.360738516 -0.0654031336 -2.31899786
v 0.0932824686 1.60276818 -2.42972517
v 0.0929846168 -0.0654031336 -2.42984724
v 0.36124146 -0.0654031336 -1.78337765
v 0.36124146 1.60276818 -1.78329706
v 0.472144753 1.60276818 -2.05098987
v 0.472144753 -0.0654031336 -2.05098987
v 0.0934875458 -0.0654037446 -1.67252803
v 0.36124146 1.60276818 -1.78329706
v 0.36124146 -0.0654031336 -1.78337765
v 0.0934875458 1.60276699 -1.67241335
v -0.174266353 -0.0654031336 -1.78337765
v -0.174266353 1.60276818 -1.78329706
v -0.285169661 -0.0654031336 -2.05098987
v -0.285169661 1.60276818 -2.05098987
v -0.174266353 1.60276818 -1.78329706
v -0.174266353 -0.0654031336 -1.78337765
v -0.174266353 -0.0654031336 -2.31860232
v -0.285169661 1.60276818 -2.05098987
v -0.285169661 -0.0654031336 -2.05098987
v -0.174266353 1.60276818 -2.31868291
v 0.0929846168 -0.0654031336 -2.42984724
v 0.0932824686 1.60276818 -2.42972517
v 0.36103636 1.60276818 -2.31884384
v 0.0934875458 2.93267775 -2.4296422
v 0.0932824686 1.60276818 -2.42972517
v 0.36124146 2.93267775 -2.31873894
v 0.472144753 1.60276818 -2.05098987
v 0.472144753 2.93267775 -2.05098987
v 0.36124146 1.60276818 -1.78329706
v 0.36124146 2.93267775 -1.78324091
v 0.472144753 2.93267775 -2.05098987
v 0.472144753 1.60276818 -2.05098987
v 0.0934875458 1.60276699 -1.67241335
v 0.36124146 2.93267775 -1.78324091
v 0.36124146 1.60276818 -1.78329706
v 0.0934875458 2.93267775 -1.67233515
v -0.174266353 1.60276818 -1.78329706
v -0.174266353 2.93267775 -1.78324091
v -0.285169661 1.60276818 -2.05098987
v -0.285169661 2.93267775 -2.05098987
v -0.174266353 2.93267775 -1.78324091
v -0.174266353 1.60276818 -1.78329706
v -0.174266353 1.60276818 -2.31868291
v -0.285169661 2.93267775 -2.05098987
v -0.285169661 1.60276818 -2.05098987
v -0.174266353 2.93267775 -2.31873894
v 0.0932824686 1.60276818 -2.42972517
v 0.0934875458 2.93267775 -2.4296422
v -0.258431405 -3.62915182 -0.201795653
v -0.258436263 -3.40305614 -0.202535391
v 0.0934875458 -3.4030571 -0.0571301244
v 0.0934875458 -3.62915277 -0.0560900867
v 0.445411354 -3.40305614 -0.202532947
v 0.445406497 -3.62915182 -0.201795653
v 0.445406497 -3.62915182 -0.201795653
v 0.445411354 -3.40305614 -0.202532947
v 0.591270745 -3.40305448 -0.553809822
v 0.591270745 -3.62915063 -0.553809822
v 0.591270745 -3.62915063 -0.553809822
v 0.591270745 -3.40305448 -0.553809822
v 0.445421129 -3.40305281 -0.905081749
v 0.445416242 -3.6291492 -0.905814171
v 0.445416242 -3.6291492 -0.905814171
v 0.445421129 -3.40305281 -0.905081749
v 0.0934875458 -3.40305233 -1.05050898
v 0.0934875458 -3.62914824 -1.05154908
v -0.25844115 -3.40305281 -0.905079305
v -0.258446038 -3.6291492 -0.905814171
v -0.258446038 -3.6291492 -0.905814171
v -0.25844115 -3.40305281 -0.905079305
v -0.404290766 -3.40305448 -0.553812265
v -0.404290766 -3.62915063 -0.553807378
v -0.404290766 -3.62915063 -0.553807378
v -0.404290766 -3.40305448 -0.553812265
v -0.258436263 -3.40305614 -0.202535391
v -0.258431405 -3.62915182 -0.201795653
v 0.0934875458 -0.338668823 -0.175159901
v 0.0304602049 -0.147802114 -0.175159901
v 0.252481669 -0.0308325198 -0.286065668
v 0.36124146 -0.338668823 -0.286065668
v 0.344449461 0.0176184084 -0.553812265
v 0.472144753 -0.338668823 -0.553812265
v 0.472144753 -0.338668823 -0.553812265
v 0.344449461 0.0176184084 -0.553812265
v 0.252481669 -0.0308325198 -0.821563721
v 0.36124146 -0.338668823 -0.821563721
v 0.0304602049 -0.147802114 -0.932467043
v 0.0934875458 -0.338668823 -0.932467043
v 0.0934875458 -0.338668823 -0.932467043
v 0.0304602049 -0.147802114 -0.932467043
v -0.191571042 -0.264774173 -0.821563721
v -0.174266353 -0.338668823 -0.821563721
v -0.174266353 -0.338668823 -0.821563721
v -0.191571042 -0.264774173 -0.821563721
v -0.283533931 -0.313223869 -0.553812265
v -0.285169661 -0.338668823 -0.553812265
v -0.110701904 0.0354034416 -0.175159901
v -0.312806398 0.0983355716 -0.175159901
v -0.275950909 0.357731938 -0.286065668
v 0.0356311016 0.259625852 -0.286065668
v 0.0304602049 -0.147802114 -0.175159901
v 0.252481669 -0.0308325198 -0.286065668
v 0.0962463394 0.352503031 -0.553812265
v 0.344449461 0.0176184084 -0.553812265
v 0.0356311016 0.259625852 -0.286065668
v -0.260677487 0.465178221 -0.553812265
v 0.0962463394 0.352503031 -0.553812265
v -0.275950909 0.357731938 -0.286065668
v -0.45397827 0.476871938 -0.553812265
v -0.45397827 0.366000354 -0.286065668
v -0.257034898 -0.188822627 -0.821563721
v -0.34967652 -0.161061391 -0.821563721
v -0.364945054 -0.268505245 -0.553812265
v -0.317650139 -0.281697392 -0.553812265
v -0.34967652 -0.161061391 -0.286065668
v -0.45397827 -0.169330448 -0.286065668
v -0.45397827 0.0983355716 -0.175159901
v -0.312806398 0.0983355716 -0.175159901
v -0.45397827 0.366000354 -0.286065668
v -0.275950909 0.357731938 -0.286065668
v -0.257034898 -0.188822627 -0.286065668
v -0.110701904 0.0354034416 -0.175159901
v -0.191571042 -0.264774173 -0.286065668
v -0.283533931 -0.313223869 -0.553812265
v 0.0304602049 -0.147802114 -0.175159901
v -0.260677487 0.465178221 -0.553812265
v -0.45397827 0.476871938 -0.553812265
v -0.45397827 0.366000354 -0.821563721
v -0.275950909 0.357731938 -0.821563721
v -0.312806398 0.0983355716 -0.932467043
v -0.45397827 0.0983355716 -0.932467043
v -0.45397827 -0.169330448 -0.821563721
v -0.34967652 -0.161061391 -0.821563721
v -0.110701904 0.0354034416 -0.932467043
v 0.0356311016 0.259625852 -0.821563721
v 0.252481669 -0.0308325198 -0.821563721
v -0.257034898 -0.188822627 -0.821563721
v 0.0304602049 -0.147802114 -0.932467043
v -0.191571042 -0.264774173 -0.821563721
v -0.317650139 -0.281697392 -0.553812265
v -0.34967652 -0.161061391 -0.821563721
v -0.45397827 -0.169330448 -0.821563721
v -0.45397827 -0.280199587 -0.553812265
v -0.364945054 -0.268505245 -0.553812265
v -0.364945054 -0.268505245 -0.553812265
v -0.45397827 -0.280199587 -0.553812265
v -0.45397827 -0.169330448 -0.286065668
v -0.34967652 -0.161061391 -0.286065668
v -0.317650139 -0.281697392 -0.553812265
v -0.257034898 -0.188822627 -0.286065668
v -0.283533931 -0.313223869 -0.553812265
v -0.45397827 -0.169330448 -0.286065668
v -0.45397827 0.0983355716 -0.0478332527
v -0.45397827 0.0983355716 -0.175159901
v -0.45397827 -0.259335935 -0.196031496
v -0.45397827 -0.280199587 -0.553812265
v -0.45397827 -0.407485962 -0.553812265
v -0.45397827 0.0983355716 -0.175159901
v -0.45397827 0.0983355716 -0.0478332527
v -0.45397827 0.456005841 -0.196031496
v -0.45397827 0.366000354 -0.286065668
v -0.45397827 0.60415864 -0.553812265
v -0.45397827 0.476871938 -0.553812265
v -0.45397827 0.476871938 -0.553812265
v -0.45397827 0.60415864 -0.553812265
v -0.45397827 0.456005841 -0.911595464
v -0.45397827 0.366000354 -0.821563721
v -0.45397827 0.0983355716 -1.05979371
v -0.45397827 0.0983355716 -0.932467043
v -0.45397827 -0.259335935 -0.911595464
v -0.45397827 -0.169330448 -0.821563721
v -0.45397827 -0.169330448 -0.821563721
v -0.45397827 -0.259335935 -0.911595464
v -0.45397827 -0.407485962 -0.553812265
v -0.45397827 -0.280199587 -0.553812265
v -0.45397827 -0.259335935 -0.196031496
v -0.654061258 -0.259335935 -0.196031496
v -0.654061258 0.0983355716 -0.0478332527
v -0.45397827 0.0983355716 -0.0478332527
v -0.654061258 0.456005841 -0.196031496
v -0.45397827 0.456005841 -0.196031496
v -0.45397827 0.456005841 -0.196031496
v -0.654061258 0.456005841 -0.196031496
v -0.654061258 0.60415864 -0.553812265
v -0.45397827 0.60415864 -0.553812265
v -0.45397827 0.60415864 -0.553812265
v -0.654061258 0.60415864 -0.553812265
v -0.654061258 0.456005841 -0.911595464
v -0.45397827 0.456005841 -0.911595464
v -0.45397827 0.456005841 -0.911595464
v -0.654061258 0.456005841 -0.911595464
v -0.654061258 0.0983355716 -1.05979371
v -0.45397827 0.0983355716 -1.05979371
v -0.654061258 -0.259335935 -0.911595464
v -0.45397827 -0.259335935 -0.911595464
v -0.45397827 -0.259335935 -0.911595464
v -0.654061258 -0.259335935 -0.911595464
v -0.654061258 -0.407485962 -0.553812265
v -0.45397827 -0.407485962 -0.553812265
v -0.45397827 -0.407485962 -0.553812265
v -0.654061258 -0.407485962 -0.553812265
v -0.654061258 -0.259335935 -0.196031496
v -0.45397827 -0.259335935 -0.196031496
v -0.174266353 -3.38914514 -0.286800534
v -0.174266353 -1.67295647 -0.286385506
v 0.0934875458 -1.67295647 -0.175614014
v 0.0934875458 -3.38914609 -0.176199943
v -0.285169661 -3.38914394 -0.553812265
v -0.285169661 -1.67295587 -0.553812265
v -0.174266353 -1.67295647 -0.286385506
v -0.174266353 -3.38914514 -0.286800534
v -0.174266353 -3.38914227 -0.820826411
v -0.174266353 -1.67295527 -0.821241438
v -0.285169661 -1.67295587 -0.553812265
v -0.285169661 -3.38914394 -0.553812265
v 0.0907629356 -3.3891418 -0.933572948
v 0.0922961384 -1.67295527 -0.932950437
v -0.174266353 -1.67295527 -0.821241438
v -0.174266353 -3.38914227 -0.820826411
v 0.358511955 -3.38914227 -0.822972417
v 0.0922961384 -1.67295527 -0.932950437
v 0.0907629356 -3.3891418 -0.933572948
v 0.360050052 -1.67295527 -0.82217896
v 0.472144753 -3.38914394 -0.553812265
v 0.472144753 -1.67295587 -0.553812265
v 0.36124146 -3.38914514 -0.286800534
v 0.472144753 -1.67295587 -0.553812265
v 0.472144753 -3.38914394 -0.553812265
v 0.361236572 -1.67295647 -0.286385506
v 0.0934875458 -3.38914609 -0.176199943
v 0.0934875458 -1.67295647 -0.175614014
v 0.472144753 -3.38914394 -0.553812265
v 0.591270745 -3.40305448 -0.553809822
v 0.445411354 -3.40305614 -0.202532947
v 0.36124146 -3.38914514 -0.286800534
v 0.0934875458 -3.4030571 -0.0571301244
v 0.0934875458 -3.38914609 -0.176199943
v -0.258436263 -3.40305614 -0.202535391
v -0.174266353 -3.38914514 -0.286800534
v -0.404290766 -3.40305448 -0.553812265
v -0.285169661 -3.38914394 -0.553812265
v 0.358511955 -3.38914227 -0.822972417
v 0.591270745 -3.40305448 -0.553809822
v 0.472144753 -3.38914394 -0.553812265
v 0.445421129 -3.40305281 -0.905081749
v 0.0907629356 -3.3891418 -0.933572948
v 0.0934875458 -3.40305233 -1.05050898
v -0.174266353 -3.38914227 -0.820826411
v -0.25844115 -3.40305281 -0.905079305
v -0.285169661 -3.38914394 -0.553812265
v -0.404290766 -3.40305448 -0.553812265
v 0.472144753 -1.67295587 -0.553812265
v 0.472144753 -0.338668823 -0.553812265
v 0.36124146 -0.338668823 -0.821563721
v 0.360050052 -1.67295527 -0.82217896
v 0.0934875458 -0.338668823 -0.932467043
v 0.0922961384 -1.67295527 -0.932950437
v 0.361236572 -1.67295647 -0.286385506
v 0.472144753 -0.338668823 -0.553812265
v 0.472144753 -1.67295587 -0.553812265
v 0.36124146 -0.338668823 -0.286065668
v 0.0934875458 -1.67295647 -0.175614014
v 0.0934875458 -0.338668823 -0.175159901
v -0.174266353 -1.67295647 -0.286385506
v -0.174266353 -0.338668823 -0.286065668
v 0.0934875458 -0.338668823 -0.175159901
v 0.0934875458 -1.67295647 -0.175614014
v -0.285169661 -1.67295587 -0.553812265
v -0.285169661 -0.338668823 -0.553812265
v -0.174266353 -0.338668823 -0.286065668
v -0.174266353 -1.67295647 -0.286385506
v -0.174266353 -1.67295527 -0.821241438
v -0.174266353 -0.338668823 -0.821563721
v -0.285169661 -0.338668823 -0.553812265
v -0.285169661 -1.67295587 -0.553812265
v 0.0922961384 -1.67295527 -0.932950437
v 0.0934875458 -0.338668823 -0.932467043
v -0.174266353 -0.338668823 -0.821563721
v -0.174266353 -1.67295527 -0.821241438
v -0.258431405 -3.63545728 2.41405392
v -0.258436263 -3.40936184 2.41331649
v 0.0934875458 -3.40936279 2.5587194
v 0.0934875458 -3.63545823 2.55975819
v 0.445411354 -3.40936184 2.41331649
v 0.445406497 -3.63545728 2.41405392
v 0.445406497 -3.63545728 2.41405392
v 0.445411354 -3.40936184 2.41331649
v 0.591270745 -3.40935993 2.06203985
v 0.591270745 -3.63545609 2.06203985
v 0.591270745 -3.63545609 2.06203985
v 0.591270745 -3.40935993 2.06203985
v 0.445421129 -3.4093585 1.71077025
v 0.445416242 -3.63545465 1.71003532
v 0.445416242 -3.63545465 1.71003532
v 0.445421129 -3.4093585 1.71077025
v 0.0934875458 -3.40935779 1.56534302
v 0.0934875458 -3.6354537 1.56430054
v -0.25844115 -3.4093585 1.71077025
v -0.258446038 -3.63545465 1.71003532
v -0.258446038 -3.63545465 1.71003532
v -0.25844115 -3.4093585 1.71077025
v -0.404290766 -3.40935993 2.06203985
v -0.404290766 -3.63545609 2.06204224
v -0.404290766 -3.63545609 2.06204224
v -0.404290766 -3.40935993 2.06203985
v -0.258436263 -3.40936184 2.41331649
v -0.258431405 -3.63545728 2.41405392
v -0.174266353 0.622255564 2.32978392
v -0.191571042 0.696150184 2.32978392
v 0.0304602049 0.813121617 2.44069219
v 0.0934875458 0.622255564 2.44069219
v 0.0934875458 0.622255564 2.44069219
v 0.0304602049 0.813121617 2.44069219
v 0.252481669 0.930091202 2.32978392
v 0.36124146 0.622255564 2.32978392
v 0.344449461 0.978542745 2.06203723
v 0.472144753 0.622255564 2.06203723
v 0.472144753 0.622255564 2.06203723
v 0.344449461 0.978542745 2.06203723
v 0.252481669 0.930091202 1.79428589
v 0.36124146 0.622255564 1.79428589
v 0.36124146 0.622255564 1.79428589
v 0.252481669 0.930091202 1.79428589
v 0.0304602049 0.813121617 1.68338251
v 0.0934875458 0.622255564 1.68338251
v -0.191571042 0.696150184 1.79428589
v -0.174266353 0.622255564 1.79428589
v -0.174266353 0.622255564 1.79428589
v -0.191571042 0.696150184 1.79428589
v -0.283533931 0.647700489 2.06203723
v -0.285169661 0.622255564 2.06203723
v -0.285169661 0.622255564 2.06203723
v -0.283533931 0.647700489 2.06203723
v -0.191571042 0.696150184 2.32978392
v -0.174266353 0.622255564 2.32978392
v -0.110701904 0.996327162 2.44069219
v -0.275950909 1.31865573 2.32978392
v 0.0356311016 1.22055018 2.32978392
v -0.312806398 1.0592593 2.44069219
v -0.45397827 1.32692468 2.32978392
v -0.45397827 1.0592593 2.44069219
v -0.34967652 0.799862981 2.32978392
v -0.45397827 0.791593313 2.32978392
v -0.257034898 0.7721017 2.32978392
v -0.191571042 0.696150184 2.32978392
v 0.0304602049 0.813121617 2.44069219
v 0.0356311016 1.22055018 2.32978392
v -0.260677487 1.42610252 2.06203723
v 0.0962463394 1.31342745 2.06203723
v -0.275950909 1.31865573 2.32978392
v -0.45397827 1.43779624 2.06203723
v -0.45397827 1.32692468 2.32978392
v 0.0962463394 1.31342745 2.06203723
v -0.260677487 1.42610252 2.06203723
v -0.275950909 1.31865573 1.79428589
v 0.0356311016 1.22055018 1.79428589
v 0.344449461 0.978542745 2.06203723
v 0.252481669 0.930091202 1.79428589
v -0.260677487 1.42610252 2.06203723
v -0.45397827 1.43779624 2.06203723
v -0.45397827 1.32692468 1.79428589
v -0.275950909 1.31865573 1.79428589
v -0.275950909 1.31865573 1.79428589
v -0.45397827 1.32692468 1.79428589
v -0.45397827 1.0592593 1.68338251
v -0.312806398 1.0592593 1.68338251
v -0.45397827 0.791593313 1.79428589
v 0.0356311016 1.22055018 1.79428589
v -0.34967652 0.799862981 1.79428589
v -0.110701904 0.996327162 1.68338251
v 0.252481669 0.930091202 1.79428589
v -0.257034898 0.7721017 1.79428589
v 0.0304602049 0.813121617 1.68338251
v -0.191571042 0.696150184 1.79428589
v -0.34967652 0.799862981 1.79428589
v -0.45397827 0.791593313 1.79428589
v -0.45397827 0.6807248 2.06203723
v -0.364945054 0.692419112 2.06203723
v -0.257034898 0.7721017 1.79428589
v -0.317650139 0.679226995 2.06203723
v -0.191571042 0.696150184 1.79428589
v -0.283533931 0.647700489 2.06203723
v -0.364945054 0.692419112 2.06203723
v -0.45397827 0.6807248 2.06203723
v -0.45397827 0.791593313 2.32978392
v -0.34967652 0.799862981 2.32978392
v -0.317650139 0.679226995 2.06203723
v -0.257034898 0.7721017 2.32978392
v -0.283533931 0.647700489 2.06203723
v -0.45397827 1.32692468 2.32978392
v -0.45397827 1.56508267 2.06203723
v -0.45397827 1.43779624 2.06203723
v -0.45397827 1.4169302 2.41981816
v -0.45397827 1.0592593 2.44069219
v -0.45397827 1.0592593 2.56801629
v -0.45397827 0.791593313 2.32978392
v -0.45397827 0.701588452 2.41981816
v -0.45397827 0.6807248 2.06203723
v -0.45397827 0.553438425 2.06203723
v -0.45397827 1.43779624 2.06203723
v -0.45397827 1.56508267 2.06203723
v -0.45397827 1.4169302 1.70425415
v -0.45397827 1.32692468 1.79428589
v -0.45397827 1.0592593 1.5560559
v -0.45397827 1.0592593 1.68338251
v -0.45397827 0.701588452 1.70425415
v -0.45397827 0.791593313 1.79428589
v -0.45397827 0.553438425 2.06203723
v -0.45397827 0.6807248 2.06203723
v -0.45397827 0.701588452 2.41981816
v -0.654061258 0.701588452 2.41981816
v -0.654061258 1.0592593 2.56801629
v -0.45397827 1.0592593 2.56801629
v -0.654061258 1.4169302 2.41981816
v -0.45397827 1.4169302 2.41981816
v -0.45397827 1.4169302 2.41981816
v -0.654061258 1.4169302 2.41981816
v -0.654061258 1.56508267 2.06203723
v -0.45397827 1.56508267 2.06203723
v -0.45397827 1.56508267 2.06203723
v -0.654061258 1.56508267 2.06203723
v -0.654061258 1.4169302 1.70425415
v -0.45397827 1.4169302 1.70425415
v -0.45397827 1.4169302 1.70425415
v -0.654061258 1.4169302 1.70425415
v -0.654061258 1.0592593 1.5560559
v -0.45397827 1.0592593 1.5560559
v -0.654061258 0.701588452 1.70425415
v -0.45397827 0.701588452 1.70425415
v -0.45397827 0.701588452 1.70425415
v -0.654061258 0.701588452 1.70425415
v -0.654061258 0.553438425 2.06203723
v -0.45397827 0.553438425 2.06203723
v -0.45397827 0.553438425 2.06203723
v -0.654061258 0.553438425 2.06203723
v -0.654061258 0.701588452 2.41981816
v -0.45397827 0.701588452 2.41981816
v 0.252481669 0.930091202 2.32978392
v 0.0962463394 1.31342745 2.06203723
v 0.344449461 0.978542745 2.06203723
v 0.0356311016 1.22055018 2.32978392
v 0.0304602049 0.813121617 2.44069219
v -0.110701904 0.996327162 2.44069219
v -0.174266353 -3.39545059 2.32904911
v -0.174266353 -1.80138338 2.32946396
v 0.0934875458 -1.80138338 2.44023561
v 0.0934875458 -3.39545155 2.43964958
v 0.361236572 -1.80138338 2.32946396
v 0.36124146 -3.39545059 2.32904911
v -0.285169661 -3.3954494 2.06203723
v -0.285169661 -1.80138266 2.06203723
v -0.174266353 -1.80138338 2.32946396
v -0.174266353 -3.39545059 2.32904911
v -0.174266353 -3.39544797 1.7950232
v -0.174266353 -1.80138206 1.79460812
v -0.285169661 -1.80138266 2.06203723
v -0.285169661 -3.3954494 2.06203723
v 0.0907629356 -3.39544725 1.68227899
v -0.174266353 -1.80138206 1.79460812
v -0.174266353 -3.39544797 1.7950232
v 0.0922961384 -1.80138206 1.68289912
v 0.358511955 -3.39544797 1.7928772
v 0.360050052 -1.80138206 1.79367065
v 0.472144753 -3.3954494 2.06203723
v 0.472144753 -1.80138266 2.06203723
v 0.360050052 -1.80138206 1.79367065
v 0.358511955 -3.39544797 1.7928772
v 0.36124146 -3.39545059 2.32904911
v 0.361236572 -1.80138338 2.32946396
v 0.472144753 -1.80138266 2.06203723
v 0.472144753 -3.3954494 2.06203723
v 0.472144753 -3.3954494 2.06203723
v 0.591270745 -3.40935993 2.06203985
v 0.445411354 -3.40936184 2.41331649
v 0.36124146 -3.39545059 2.32904911
v 0.0934875458 -3.40936279 2.5587194
v 0.0934875458 -3.39545155 2.43964958
v -0.258436263 -3.40936184 2.41331649
v -0.174266353 -3.39545059 2.32904911
v -0.404290766 -3.40935993 2.06203985
v -0.285169661 -3.3954494 2.06203723
v 0.358511955 -3.39544797 1.7928772
v 0.591270745 -3.40935993 2.06203985
v 0.472144753 -3.3954494 2.06203723
v 0.445421129 -3.4093585 1.71077025
v 0.0907629356 -3.39544725 1.68227899
v 0.0934875458 -3.40935779 1.56534302
v -0.174266353 -3.39544797 1.7950232
v -0.25844115 -3.4093585 1.71077025
v -0.285169661 -3.3954494 2.06203723
v -0.404290766 -3.40935993 2.06203985
v 0.472144753 -1.80138266 2.06203723
v 0.472144753 -0.400341481 2.06203723
v 0.360738516 -0.400341481 1.79402709
v 0.360050052 -1.80138206 1.79367065
v 0.361236572 -1.80138338 2.32946396
v 0.36124146 -0.400341481 2.32964969
v 0.472144753 -0.400341481 2.06203723
v 0.472144753 -1.80138266 2.06203723
v 0.0934875458 -1.80138338 2.44023561
v 0.36124146 -0.400341481 2.32964969
v 0.361236572 -1.80138338 2.32946396
v 0.0934875458 -0.400342107 2.44049931
v -0.174266353 -1.80138338 2.32946396
v -0.174266353 -0.400341481 2.32964969
v -0.285169661 -1.80138266 2.06203723
v -0.285169661 -0.400341481 2.06203723
v -0.174266353 -0.400341481 2.32964969
v -0.174266353 -1.80138338 2.32946396
v -0.174266353 -1.80138206 1.79460812
v -0.174266353 -0.400341481 1.79442263
v -0.285169661 -0.400341481 2.06203723
v -0.285169661 -1.80138266 2.06203723
v 0.0922961384 -1.80138206 1.68289912
v -0.174266353 -0.400341481 1.79442263
v -0.174266353 -1.80138206 1.79460812
v 0.0929846168 -0.400341481 1.68317986
v 0.360050052 -1.80138206 1.79367065
v 0.360738516 -0.400341481 1.79402709
v 0.472144753 -0.400341481 2.06203723
v 0.472144753 0.622255564 2.06203723
v 0.36124146 0.622255564 1.79428589
v 0.360738516 -0.400341481 1.79402709
v 0.36124146 -0.400341481 2.32964969
v 0.472144753 0.622255564 2.06203723
v 0.472144753 -0.400341481 2.06203723
v 0.36124146 0.622255564 2.32978392
v 0.0934875458 -0.400342107 2.44049931
v 0.0934875458 0.622255564 2.44069219
v -0.174266353 -0.400341481 2.32964969
v -0.174266353 0.622255564 2.32978392
v 0.0934875458 0.622255564 2.44069219
v 0.0934875458 -0.400342107 2.44049931
v -0.285169661 -0.400341481 2.06203723
v -0.285169661 0.622255564 2.06203723
v -0.174266353 0.622255564 2.32978392
v -0.174266353 -0.400341481 2.32964969
v -0.174266353 -0.400341481 1.79442263
v -0.174266353 0.622255564 1.79428589
v -0.285169661 0.622255564 2.06203723
v -0.285169661 -0.400341481 2.06203723
v 0.0929846168 -0.400341481 1.68317986
v -0.174266353 0.622255564 1.79428589
v -0.174266353 -0.400341481 1.79442263
v 0.0934875458 0.622255564 1.68338251
v 0.360738516 -0.400341481 1.79402709
v 0.36124146 0.622255564 1.79428589
vt 0.592773438 0.265136719
vt 0.592773438 0.243774414
vt 0.718261719 0.243774414
vt 0.718261719 0.265136719
vt 0.532226562 0.265136719
vt 0.532226562 0.243774414
vt 0.644042969 0.243774414
vt 0.644042969 0.265136719
vt 0.754394531 0.243774414
vt 0.754394531 0.265136719
vt 0.52734375 0.122070312
vt 0.52734375 0.236938477
vt 0.760253906 0.236938477
vt 0.760253906 0.122070312
vt 0.532226562 0.244140625
vt 0.532226562 0.265380859
vt 0.644042969 0.265380859
vt 0.644042969 0.244140625
vt 0.754394531 0.244140625
vt 0.754394531 0.265380859
vt 0.592773438 0.265380859
vt 0.592773438 0.244018555
vt 0.718261719 0.244018555
vt 0.718261719 0.265380859
vt 0.528320312 0.120178223
vt 0.762695312 0.120178223
vt 0.762695312 0.00526809692
vt 0.528320312 0.00526809692
vt 0.592773438 0.265136719
vt 0.592773438 0.243774414
vt 0.718261719 0.243774414
vt 0.718261719 0.265136719
vt 0.644042969 0.265136719
vt 0.644042969 0.243774414
vt 0.754394531 0.243774414
vt 0.754394531 0.265136719
vt 0.528320312 0.120178223
vt 0.762695312 0.120178223
vt 0.762695312 0.00526809692
vt 0.528320312 0.00526809692
vt 0.644042969 0.265380859
vt 0.754394531 0.265380859
vt 0.754394531 0.244140625
vt 0.644042969 0.244140625
vt 0.592773438 0.265136719
vt 0.592773438 0.243774414
vt 0.718261719 0.243774414
vt 0.718261719 0.265136719
vt 0.644042969 0.265136719
vt 0.644042969 0.243774414
vt 0.754394531 0.243774414
vt 0.754394531 0.265136719
vt 0.528320312 0.120178223
vt 0.762695312 0.120178223
vt 0.762695312 0.00526809692
vt 0.528320312 0.00526809692
vt 0.644042969 0.265380859
vt 0.754394531 0.265380859
vt 0.754394531 0.244140625
vt 0.644042969 0.244140625
vt 0.961914062 0.129760742
vt 0.907226562 0.151855469
vt 0.907226562 0.129760742
vt 0.961914062 0.177490234
vt 0.961914062 0.129760742
vt 0.907226562 0.129760742
vt 0.907226562 0.177490234
vt 0.861816406 0.129760742
vt 0.861816406 0.177490234
vt 0.961914062 0.177490234
vt 0.907226562 0.129760742
vt 0.907226562 0.177490234
vt 0.911132812 0.1328125
vt 0.961914062 0.154907227
vt 0.961914062 0.1328125
vt 0.823242188 0.1328125
vt 0.866210938 0.154907227
vt 0.866210938 0.1328125
vt 0.777832031 0.1328125
vt 0.823242188 0.154907227
vt 0.777832031 0.154907227
vt 0.823242188 0.173828125
vt 0.777832031 0.173828125
vt 0.866210938 0.173828125
vt 0.866210938 0.249755859
vt 0.823242188 0.249755859
vt 0.961914062 0.129760742
vt 0.907226562 0.151855469
vt 0.907226562 0.129760742
vt 0.898925781 0.0210723877
vt 0.898925781 0.00793457031
vt 0.872070312 0.00793457031
vt 0.872070312 0.0210723877
vt 0.841308594 0.00793457031
vt 0.841308594 0.0210723877
vt 0.841308594 0.0210723877
vt 0.841308594 0.00793457031
vt 0.812988281 0.00793457031
vt 0.812988281 0.0210723877
vt 0.812988281 0.00793457031
vt 0.812988281 0.0210723877
vt 0.841308594 0.0210723877
vt 0.841308594 0.00793457031
vt 0.841308594 0.00793457031
vt 0.841308594 0.0210723877
vt 0.872070312 0.0210723877
vt 0.872070312 0.00793457031
vt 0.898925781 0.0210723877
vt 0.898925781 0.00793457031
vt 0.898925781 0.00793457031
vt 0.898925781 0.0210723877
vt 0.930664062 0.0210723877
vt 0.930664062 0.00793457031
vt 0.930664062 0.0210723877
vt 0.930664062 0.00793457031
vt 0.898925781 0.00793457031
vt 0.898925781 0.0210723877
vt 0.907226562 0.169433594
vt 0.907226562 0.129760742
vt 0.861816406 0.129760742
vt 0.861816406 0.169433594
vt 0.861816406 0.169433594
vt 0.861816406 0.129760742
vt 0.819824219 0.129760742
vt 0.819824219 0.169433594
vt 0.777832031 0.129760742
vt 0.777832031 0.169433594
vt 0.777832031 0.183349609
vt 0.777832031 0.1328125
vt 0.823242188 0.1328125
vt 0.823242188 0.183349609
vt 0.823242188 0.183349609
vt 0.823242188 0.1328125
vt 0.866210938 0.1328125
vt 0.866210938 0.183349609
vt 0.911132812 0.1328125
vt 0.911132812 0.183349609
vt 0.911132812 0.183349609
vt 0.911132812 0.1328125
vt 0.961914062 0.1328125
vt 0.961914062 0.183349609
vt 0.961914062 0.169433594
vt 0.961914062 0.129760742
vt 0.907226562 0.129760742
vt 0.907226562 0.169433594
vt 0.861816406 0.151855469
vt 0.819824219 0.171142578
vt 0.819824219 0.151855469
vt 0.861816406 0.171142578
vt 0.819824219 0.249145508
vt 0.861816406 0.249145508
vt 0.907226562 0.171142578
vt 0.907226562 0.249145508
vt 0.907226562 0.151855469
vt 0.907226562 0.129760742
vt 0.861816406 0.129760742
vt 0.819824219 0.151855469
vt 0.777832031 0.171142578
vt 0.777832031 0.151855469
vt 0.819824219 0.171142578
vt 0.777832031 0.249145508
vt 0.819824219 0.249145508
vt 0.777832031 0.154907227
vt 0.777832031 0.173828125
vt 0.823242188 0.173828125
vt 0.823242188 0.154907227
vt 0.777832031 0.1328125
vt 0.823242188 0.1328125
vt 0.777832031 0.173828125
vt 0.777832031 0.249755859
vt 0.823242188 0.249755859
vt 0.823242188 0.173828125
vt 0.823242188 0.173828125
vt 0.823242188 0.249755859
vt 0.866210938 0.249755859
vt 0.866210938 0.173828125
vt 0.911132812 0.249755859
vt 0.823242188 0.154907227
vt 0.911132812 0.173828125
vt 0.866210938 0.154907227
vt 0.823242188 0.1328125
vt 0.911132812 0.154907227
vt 0.866210938 0.1328125
vt 0.911132812 0.1328125
vt 0.911132812 0.173828125
vt 0.911132812 0.249755859
vt 0.961914062 0.249755859
vt 0.961914062 0.173828125
vt 0.911132812 0.154907227
vt 0.961914062 0.154907227
vt 0.911132812 0.1328125
vt 0.961914062 0.1328125
vt 0.961914062 0.171142578
vt 0.961914062 0.249145508
vt 0.907226562 0.249145508
vt 0.907226562 0.171142578
vt 0.961914062 0.151855469
vt 0.907226562 0.151855469
vt 0.961914062 0.129760742
vt 0.898925781 0.00793457031
vt 0.930664062 0.0210723877
vt 0.930664062 0.00793457031
vt 0.898925781 0.0210723877
vt 0.872070312 0.00793457031
vt 0.872070312 0.0210723877
vt 0.841308594 0.00793457031
vt 0.841308594 0.0210723877
vt 0.814453125 0.00793457031
vt 0.813476562 0.0210723877
vt 0.814453125 0.00793457031
vt 0.813476562 0.0210723877
vt 0.841308594 0.0210723877
vt 0.841308594 0.00793457031
vt 0.872070312 0.0210723877
vt 0.872070312 0.00793457031
vt 0.898925781 0.0210723877
vt 0.898925781 0.00793457031
vt 0.930664062 0.0210723877
vt 0.930664062 0.00793457031
vt 0.92578125 0.252685547
vt 0.92578125 0.241455078
vt 0.873046875 0.241455078
vt 0.873046875 0.252685547
vt 0.8203125 0.241455078
vt 0.8203125 0.252685547
vt 0.8203125 0.252685547
vt 0.8203125 0.241455078
vt 0.793457031 0.241455078
vt 0.793457031 0.252685547
vt 0.951660156 0.252685547
vt 0.951660156 0.241455078
vt 0.924804688 0.241455078
vt 0.925292969 0.252685547
vt 0.925292969 0.252685547
vt 0.924804688 0.241455078
vt 0.872558594 0.241455078
vt 0.872558594 0.252685547
vt 0.819824219 0.241455078
vt 0.819824219 0.252685547
vt 0.819824219 0.252685547
vt 0.819824219 0.241455078
vt 0.793457031 0.241455078
vt 0.793457031 0.252685547
vt 0.951660156 0.252685547
vt 0.951660156 0.241455078
vt 0.92578125 0.241455078
vt 0.92578125 0.252685547
vt 0.819824219 0.129760742
vt 0.777832031 0.151855469
vt 0.777832031 0.129760742
vt 0.819824219 0.151855469
vt 0.861816406 0.129760742
vt 0.861816406 0.151855469
vt 0.907226562 0.0674438477
vt 0.907226562 0.181884766
vt 0.861816406 0.181884766
vt 0.861816406 0.0674438477
vt 0.819824219 0.181884766
vt 0.819824219 0.0674438477
vt 0.961914062 0.0674438477
vt 0.961914062 0.181884766
vt 0.907226562 0.181884766
vt 0.907226562 0.0674438477
vt 0.911132812 0.0674438477
vt 0.911132812 0.184814453
vt 0.961914062 0.184814453
vt 0.961914062 0.0674438477
vt 0.866210938 0.0674438477
vt 0.911132812 0.184814453
vt 0.911132812 0.0674438477
vt 0.866210938 0.184814453
vt 0.823242188 0.0674438477
vt 0.823242188 0.184814453
vt 0.777832031 0.0674438477
vt 0.777832031 0.184814453
vt 0.823242188 0.184814453
vt 0.823242188 0.0674438477
vt 0.819824219 0.0674438477
vt 0.819824219 0.181884766
vt 0.777832031 0.181884766
vt 0.777832031 0.0674438477
vt 0.812988281 0.00793457031
vt 0.812988281 0.0210723877
vt 0.841308594 0.0210723877
vt 0.841308594 0.00793457031
vt 0.872070312 0.0210723877
vt 0.872070312 0.00793457031
vt 0.898925781 0.0210723877
vt 0.898925781 0.00793457031
vt 0.930664062 0.0210723877
vt 0.930664062 0.00793457031
vt 0.898925781 0.00793457031
vt 0.930664062 0.0210723877
vt 0.930664062 0.00793457031
vt 0.898925781 0.0210723877
vt 0.872070312 0.00793457031
vt 0.872070312 0.0210723877
vt 0.841308594 0.00793457031
vt 0.841308594 0.0210723877
vt 0.812988281 0.00793457031
vt 0.812988281 0.0210723877
vt 0.777832031 0.0740966797
vt 0.777832031 0.182739258
vt 0.823242188 0.182739258
vt 0.823242188 0.0740966797
vt 0.819824219 0.0680541992
vt 0.819824219 0.174072266
vt 0.777832031 0.174072266
vt 0.777832031 0.0680541992
vt 0.861816406 0.0680541992
vt 0.819824219 0.174072266
vt 0.819824219 0.0680541992
vt 0.861816406 0.174072266
vt 0.907226562 0.0680541992
vt 0.907226562 0.174072266
vt 0.961914062 0.0680541992
vt 0.961914062 0.174072266
vt 0.907226562 0.174072266
vt 0.907226562 0.0680541992
vt 0.911132812 0.0740966797
vt 0.911132812 0.182739258
vt 0.961914062 0.182739258
vt 0.961914062 0.0740966797
vt 0.866210938 0.0740966797
vt 0.911132812 0.182739258
vt 0.911132812 0.0740966797
vt 0.866210938 0.182739258
vt 0.823242188 0.0740966797
vt 0.823242188 0.182739258
vt 0.777832031 0.0796508789
vt 0.777832031 0.183349609
vt 0.823242188 0.183349609
vt 0.823242188 0.0796508789
vt 0.819824219 0.0682373047
vt 0.777832031 0.169433594
vt 0.777832031 0.0682373047
vt 0.819824219 0.169433594
vt 0.861816406 0.0682373047
vt 0.861816406 0.169433594
vt 0.907226562 0.0682373047
vt 0.907226562 0.169433594
vt 0.861816406 0.169433594
vt 0.861816406 0.0682373047
vt 0.961914062 0.0682373047
vt 0.961914062 0.169433594
vt 0.907226562 0.169433594
vt 0.907226562 0.0682373047
vt 0.911132812 0.0796508789
vt 0.911132812 0.183349609
vt 0.961914062 0.183349609
vt 0.961914062 0.0796508789
vt 0.866210938 0.0796508789
vt 0.911132812 0.183349609
vt 0.911132812 0.0796508789
vt 0.866210938 0.183349609
vt 0.823242188 0.0796508789
vt 0.823242188 0.183349609
vt 0.898925781 0.0210723877
vt 0.898925781 0.00793457031
vt 0.872070312 0.00793457031
vt 0.872070312 0.0210723877
vt 0.841308594 0.00793457031
vt 0.841308594 0.0210723877
vt 0.841308594 0.0210723877
vt 0.841308594 0.00793457031
vt 0.812988281 0.00793457031
vt 0.812988281 0.0210723877
vt 0.812988281 0.00793457031
vt 0.812988281 0.0210723877
vt 0.841308594 0.0210723877
vt 0.841308594 0.00793457031
vt 0.841308594 0.00793457031
vt 0.841308594 0.0210723877
vt 0.872070312 0.0210723877
vt 0.872070312 0.00793457031
vt 0.898925781 0.0210723877
vt 0.898925781 0.00793457031
vt 0.898925781 0.00793457031
vt 0.898925781 0.0210723877
vt 0.930664062 0.0210723877
vt 0.930664062 0.00793457031
vt 0.930664062 0.0210723877
vt 0.930664062 0.00793457031
vt 0.898925781 0.00793457031
vt 0.898925781 0.0210723877
vt 0.907226562 0.153808594
vt 0.907226562 0.129760742
vt 0.861816406 0.129760742
vt 0.861816406 0.153808594
vt 0.819824219 0.129760742
vt 0.819824219 0.153808594
vt 0.819824219 0.153808594
vt 0.819824219 0.129760742
vt 0.777832031 0.129760742
vt 0.777832031 0.153808594
vt 0.777832031 0.181640625
vt 0.777832031 0.1328125
vt 0.823242188 0.1328125
vt 0.823242188 0.181640625
vt 0.866210938 0.1328125
vt 0.866210938 0.181640625
vt 0.866210938 0.181640625
vt 0.866210938 0.1328125
vt 0.911132812 0.1328125
vt 0.911132812 0.181640625
vt 0.961914062 0.1328125
vt 0.961914062 0.181640625
vt 0.961914062 0.153808594
vt 0.961914062 0.129760742
vt 0.907226562 0.129760742
vt 0.907226562 0.153808594
vt 0.819824219 0.151855469
vt 0.777832031 0.171142578
vt 0.777832031 0.151855469
vt 0.819824219 0.171142578
vt 0.777832031 0.249145508
vt 0.819824219 0.249145508
vt 0.777832031 0.154907227
vt 0.823242188 0.173828125
vt 0.823242188 0.154907227
vt 0.777832031 0.173828125
vt 0.823242188 0.249755859
vt 0.777832031 0.249755859
vt 0.823242188 0.154907227
vt 0.823242188 0.173828125
vt 0.866210938 0.173828125
vt 0.866210938 0.154907227
vt 0.823242188 0.1328125
vt 0.866210938 0.1328125
vt 0.777832031 0.1328125
vt 0.777832031 0.154907227
vt 0.911132812 0.154907227
vt 0.961914062 0.173828125
vt 0.961914062 0.154907227
vt 0.911132812 0.173828125
vt 0.961914062 0.249755859
vt 0.911132812 0.249755859
vt 0.961914062 0.151855469
vt 0.907226562 0.171142578
vt 0.907226562 0.151855469
vt 0.961914062 0.171142578
vt 0.907226562 0.249145508
vt 0.961914062 0.249145508
vt 0.907226562 0.171142578
vt 0.907226562 0.249145508
vt 0.861816406 0.249145508
vt 0.861816406 0.171142578
vt 0.819824219 0.249145508
vt 0.907226562 0.151855469
vt 0.819824219 0.171142578
vt 0.861816406 0.151855469
vt 0.907226562 0.129760742
vt 0.819824219 0.151855469
vt 0.861816406 0.129760742
vt 0.819824219 0.129760742
vt 0.823242188 0.173828125
vt 0.823242188 0.249755859
vt 0.866210938 0.249755859
vt 0.866210938 0.173828125
vt 0.911132812 0.249755859
vt 0.911132812 0.173828125
vt 0.866210938 0.154907227
vt 0.911132812 0.154907227
vt 0.866210938 0.1328125
vt 0.911132812 0.1328125
vt 0.841308594 0.00793457031
vt 0.872070312 0.0210723877
vt 0.872070312 0.00793457031
vt 0.841308594 0.0210723877
vt 0.814453125 0.00793457031
vt 0.813476562 0.0210723877
vt 0.872070312 0.00793457031
vt 0.872070312 0.0210723877
vt 0.898925781 0.0210723877
vt 0.898925781 0.00793457031
vt 0.930664062 0.0210723877
vt 0.930664062 0.00793457031
vt 0.814453125 0.00793457031
vt 0.813476562 0.0210723877
vt 0.841308594 0.0210723877
vt 0.841308594 0.00793457031
vt 0.872070312 0.0210723877
vt 0.872070312 0.00793457031
vt 0.872070312 0.00793457031
vt 0.872070312 0.0210723877
vt 0.898925781 0.0210723877
vt 0.898925781 0.00793457031
vt 0.930664062 0.0210723877
vt 0.930664062 0.00793457031
vt 0.92578125 0.252685547
vt 0.92578125 0.241455078
vt 0.873046875 0.241455078
vt 0.873046875 0.252685547
vt 0.8203125 0.241455078
vt 0.8203125 0.252685547
vt 0.8203125 0.252685547
vt 0.8203125 0.241455078
vt 0.793457031 0.241455078
vt 0.793457031 0.252685547
vt 0.951660156 0.252685547
vt 0.951660156 0.241455078
vt 0.924804688 0.241455078
vt 0.925292969 0.252685547
vt 0.925292969 0.252685547
vt 0.924804688 0.241455078
vt 0.872558594 0.241455078
vt 0.872558594 0.252685547
vt 0.819824219 0.241455078
vt 0.819824219 0.252685547
vt 0.819824219 0.252685547
vt 0.819824219 0.241455078
vt 0.793457031 0.241455078
vt 0.793457031 0.252685547
vt 0.951660156 0.252685547
vt 0.951660156 0.241455078
vt 0.92578125 0.241455078
vt 0.92578125 0.252685547
vt 0.961914062 0.129760742
vt 0.961914062 0.151855469
vt 0.907226562 0.151855469
vt 0.907226562 0.129760742
vt 0.911132812 0.1328125
vt 0.911132812 0.154907227
vt 0.961914062 0.154907227
vt 0.961914062 0.1328125
vt 0.819824219 0.129760742
vt 0.819824219 0.151855469
vt 0.777832031 0.151855469
vt 0.777832031 0.129760742
vt 0.907226562 0.0674438477
vt 0.907226562 0.181884766
vt 0.861816406 0.181884766
vt 0.861816406 0.0674438477
vt 0.819824219 0.181884766
vt 0.819824219 0.0674438477
vt 0.961914062 0.0674438477
vt 0.961914062 0.181884766
vt 0.907226562 0.181884766
vt 0.907226562 0.0674438477
vt 0.911132812 0.0674438477
vt 0.961914062 0.184814453
vt 0.961914062 0.0674438477
vt 0.911132812 0.184814453
vt 0.866210938 0.0674438477
vt 0.866210938 0.184814453
vt 0.823242188 0.0674438477
vt 0.823242188 0.184814453
vt 0.777832031 0.0674438477
vt 0.777832031 0.184814453
vt 0.823242188 0.184814453
vt 0.823242188 0.0674438477
vt 0.819824219 0.0674438477
vt 0.819824219 0.181884766
vt 0.777832031 0.181884766
vt 0.777832031 0.0674438477
vt 0.812988281 0.00793457031
vt 0.812988281 0.0210723877
vt 0.841308594 0.0210723877
vt 0.841308594 0.00793457031
vt 0.872070312 0.0210723877
vt 0.872070312 0.00793457031
vt 0.898925781 0.0210723877
vt 0.898925781 0.00793457031
vt 0.930664062 0.0210723877
vt 0.930664062 0.00793457031
vt 0.898925781 0.00793457031
vt 0.930664062 0.0210723877
vt 0.930664062 0.00793457031
vt 0.898925781 0.0210723877
vt 0.872070312 0.00793457031
vt 0.872070312 0.0210723877
vt 0.841308594 0.00793457031
vt 0.841308594 0.0210723877
vt 0.812988281 0.00793457031
vt 0.812988281 0.0210723877
vt 0.777832031 0.0798950195
vt 0.777832031 0.180175781
vt 0.823242188 0.180175781
vt 0.823242188 0.0798950195
vt 0.866210938 0.180175781
vt 0.819824219 0.0743408203
vt 0.819824219 0.172119141
vt 0.777832031 0.172119141
vt 0.777832031 0.0743408203
vt 0.861816406 0.0743408203
vt 0.819824219 0.172119141
vt 0.819824219 0.0743408203
vt 0.861816406 0.172119141
vt 0.907226562 0.0743408203
vt 0.907226562 0.172119141
vt 0.961914062 0.0743408203
vt 0.961914062 0.172119141
vt 0.907226562 0.172119141
vt 0.907226562 0.0743408203
vt 0.911132812 0.0798950195
vt 0.961914062 0.180175781
vt 0.961914062 0.0798950195
vt 0.911132812 0.180175781
vt 0.866210938 0.0798950195
vt 0.866210938 0.180175781
vt 0.823242188 0.0798950195
vt 0.777832031 0.0888061523
vt 0.777832031 0.183105469
vt 0.823242188 0.183105469
vt 0.823242188 0.0888061523
vt 0.866210938 0.183105469
vt 0.866210938 0.0888061523
vt 0.819824219 0.0713500977
vt 0.819824219 0.163330078
vt 0.777832031 0.163330078
vt 0.777832031 0.0713500977
vt 0.861816406 0.0713500977
vt 0.819824219 0.163330078
vt 0.819824219 0.0713500977
vt 0.861816406 0.163330078
vt 0.907226562 0.0713500977
vt 0.907226562 0.163330078
vt 0.961914062 0.0713500977
vt 0.961914062 0.163330078
vt 0.907226562 0.163330078
vt 0.907226562 0.0713500977
vt 0.911132812 0.0888061523
vt 0.961914062 0.183105469
vt 0.961914062 0.0888061523
vt 0.911132812 0.183105469
vt 0.866210938 0.0888061523
vt 0.866210938 0.183105469
vt 0.823242188 0.0981445312
vt 0.866210938 0.181640625
vt 0.866210938 0.0981445312
vt 0.823242188 0.181640625
vt 0.777832031 0.0981445312
vt 0.777832031 0.181640625
vt 0.819824219 0.0723266602
vt 0.819824219 0.153808594
vt 0.777832031 0.153808594
vt 0.777832031 0.0723266602
vt 0.861816406 0.0723266602
vt 0.819824219 0.153808594
vt 0.819824219 0.0723266602
vt 0.861816406 0.153808594
vt 0.907226562 0.0723266602
vt 0.907226562 0.153808594
vt 0.961914062 0.0723266602
vt 0.961914062 0.153808594
vt 0.907226562 0.153808594
vt 0.907226562 0.0723266602
vt 0.911132812 0.0981445312
vt 0.961914062 0.181640625
vt 0.961914062 0.0981445312
vt 0.911132812 0.181640625
vt 0.866210938 0.0981445312
vt 0.866210938 0.181640625
vt 0.898925781 0.0210723877
vt 0.898925781 0.00793457031
vt 0.872070312 0.00793457031
vt 0.872070312 0.0210723877
vt 0.841308594 0.00793457031
vt 0.841308594 0.0210723877
vt 0.841308594 0.0210723877
vt 0.841308594 0.00793457031
vt 0.812988281 0.00793457031
vt 0.812988281 0.0210723877
vt 0.812988281 0.00793457031
vt 0.812988281 0.0210723877
vt 0.841308594 0.0210723877
vt 0.841308594 0.00793457031
vt 0.841308594 0.00793457031
vt 0.841308594 0.0210723877
vt 0.872070312 0.0210723877
vt 0.872070312 0.00793457031
vt 0.898925781 0.0210723877
vt 0.898925781 0.00793457031
vt 0.898925781 0.00793457031
vt 0.898925781 0.0210723877
vt 0.930664062 0.0210723877
vt 0.930664062 0.00793457031
vt 0.930664062 0.0210723877
vt 0.930664062 0.00793457031
vt 0.898925781 0.00793457031
vt 0.898925781 0.0210723877
vt 0.861816406 0.177490234
vt 0.861816406 0.129760742
vt 0.819824219 0.129760742
vt 0.819824219 0.177490234
vt 0.777832031 0.129760742
vt 0.777832031 0.177490234
vt 0.777832031 0.183959961
vt 0.777832031 0.1328125
vt 0.823242188 0.1328125
vt 0.823242188 0.183959961
vt 0.866210938 0.1328125
vt 0.866210938 0.183959961
vt 0.866210938 0.183959961
vt 0.866210938 0.1328125
vt 0.911132812 0.1328125
vt 0.911132812 0.183959961
vt 0.911132812 0.183959961
vt 0.911132812 0.1328125
vt 0.961914062 0.1328125
vt 0.961914062 0.183959961
vt 0.861816406 0.151855469
vt 0.861816406 0.171142578
vt 0.819824219 0.171142578
vt 0.819824219 0.151855469
vt 0.861816406 0.129760742
vt 0.819824219 0.129760742
vt 0.777832031 0.151855469
vt 0.777832031 0.129760742
vt 0.819824219 0.151855469
vt 0.777832031 0.171142578
vt 0.777832031 0.151855469
vt 0.819824219 0.171142578
vt 0.777832031 0.249145508
vt 0.819824219 0.249145508
vt 0.911132812 0.154907227
vt 0.911132812 0.173828125
vt 0.961914062 0.173828125
vt 0.961914062 0.154907227
vt 0.907226562 0.171142578
vt 0.907226562 0.249145508
vt 0.861816406 0.249145508
vt 0.861816406 0.171142578
vt 0.819824219 0.249145508
vt 0.819824219 0.171142578
vt 0.907226562 0.151855469
vt 0.861816406 0.151855469
vt 0.907226562 0.129760742
vt 0.961914062 0.129760742
vt 0.861816406 0.129760742
vt 0.777832031 0.173828125
vt 0.777832031 0.249755859
vt 0.823242188 0.249755859
vt 0.823242188 0.173828125
vt 0.866210938 0.173828125
vt 0.866210938 0.249755859
vt 0.911132812 0.249755859
vt 0.911132812 0.173828125
vt 0.866210938 0.154907227
vt 0.823242188 0.154907227
vt 0.823242188 0.1328125
vt 0.911132812 0.154907227
vt 0.866210938 0.1328125
vt 0.911132812 0.1328125
vt 0.961914062 0.154907227
vt 0.911132812 0.173828125
vt 0.911132812 0.249755859
vt 0.961914062 0.249755859
vt 0.961914062 0.173828125
vt 0.961914062 0.171142578
vt 0.961914062 0.249145508
vt 0.907226562 0.249145508
vt 0.907226562 0.171142578
vt 0.961914062 0.151855469
vt 0.907226562 0.151855469
vt 0.961914062 0.129760742
vt 0.841308594 0.00793457031
vt 0.872070312 0.0210723877
vt 0.872070312 0.00793457031
vt 0.841308594 0.0210723877
vt 0.814453125 0.00793457031
vt 0.813476562 0.0210723877
vt 0.872070312 0.00793457031
vt 0.872070312 0.0210723877
vt 0.898925781 0.0210723877
vt 0.898925781 0.00793457031
vt 0.930664062 0.0210723877
vt 0.930664062 0.00793457031
vt 0.814453125 0.00793457031
vt 0.813476562 0.0210723877
vt 0.841308594 0.0210723877
vt 0.841308594 0.00793457031
vt 0.872070312 0.0210723877
vt 0.872070312 0.00793457031
vt 0.898925781 0.0210723877
vt 0.898925781 0.00793457031
vt 0.898925781 0.00793457031
vt 0.898925781 0.0210723877
vt 0.930664062 0.0210723877
vt 0.930664062 0.00793457031
vt 0.92578125 0.252685547
vt 0.92578125 0.241455078
vt 0.873046875 0.241455078
vt 0.873046875 0.252685547
vt 0.8203125 0.241455078
vt 0.8203125 0.252685547
vt 0.8203125 0.252685547
vt 0.8203125 0.241455078
vt 0.793457031 0.241455078
vt 0.793457031 0.252685547
vt 0.951660156 0.252685547
vt 0.951660156 0.241455078
vt 0.924804688 0.241455078
vt 0.925292969 0.252685547
vt 0.925292969 0.252685547
vt 0.924804688 0.241455078
vt 0.872558594 0.241455078
vt 0.872558594 0.252685547
vt 0.819824219 0.241455078
vt 0.819824219 0.252685547
vt 0.819824219 0.252685547
vt 0.819824219 0.241455078
vt 0.793457031 0.241455078
vt 0.793457031 0.252685547
vt 0.951660156 0.252685547
vt 0.951660156 0.241455078
vt 0.92578125 0.241455078
vt 0.92578125 0.252685547
vt 0.907226562 0.0674438477
vt 0.907226562 0.181884766
vt 0.861816406 0.181884766
vt 0.861816406 0.0674438477
vt 0.961914062 0.0674438477
vt 0.961914062 0.181884766
vt 0.907226562 0.181884766
vt 0.907226562 0.0674438477
vt 0.911132812 0.0674438477
vt 0.911132812 0.184814453
vt 0.961914062 0.184814453
vt 0.961914062 0.0674438477
vt 0.866210938 0.0674438477
vt 0.866210938 0.184814453
vt 0.911132812 0.184814453
vt 0.911132812 0.0674438477
vt 0.823242188 0.0674438477
vt 0.866210938 0.184814453
vt 0.866210938 0.0674438477
vt 0.823242188 0.184814453
vt 0.777832031 0.0674438477
vt 0.777832031 0.184814453
vt 0.819824219 0.0674438477
vt 0.777832031 0.181884766
vt 0.777832031 0.0674438477
vt 0.819824219 0.181884766
vt 0.861816406 0.0674438477
vt 0.861816406 0.181884766
vt 0.812988281 0.00793457031
vt 0.812988281 0.0210723877
vt 0.841308594 0.0210723877
vt 0.841308594 0.00793457031
vt 0.872070312 0.0210723877
vt 0.872070312 0.00793457031
vt 0.898925781 0.0210723877
vt 0.898925781 0.00793457031
vt 0.930664062 0.0210723877
vt 0.930664062 0.00793457031
vt 0.898925781 0.00793457031
vt 0.930664062 0.0210723877
vt 0.930664062 0.00793457031
vt 0.898925781 0.0210723877
vt 0.872070312 0.00793457031
vt 0.872070312 0.0210723877
vt 0.841308594 0.00793457031
vt 0.841308594 0.0210723877
vt 0.812988281 0.00793457031
vt 0.812988281 0.0210723877
vt 0.777832031 0.0712890625
vt 0.777832031 0.183959961
vt 0.823242188 0.183959961
vt 0.823242188 0.0712890625
vt 0.866210938 0.183959961
vt 0.866210938 0.0712890625
vt 0.819824219 0.0676879883
vt 0.777832031 0.177490234
vt 0.777832031 0.0676879883
vt 0.819824219 0.177490234
vt 0.861816406 0.0676879883
vt 0.861816406 0.177490234
vt 0.907226562 0.0676879883
vt 0.907226562 0.177490234
vt 0.861816406 0.177490234
vt 0.861816406 0.0676879883
vt 0.961914062 0.0676879883
vt 0.961914062 0.177490234
vt 0.907226562 0.177490234
vt 0.907226562 0.0676879883
vt 0.911132812 0.0712890625
vt 0.911132812 0.183959961
vt 0.961914062 0.183959961
vt 0.961914062 0.0712890625
vt 0.866210938 0.0712890625
vt 0.866210938 0.183959961
vt 0.911132812 0.183959961
vt 0.911132812 0.0712890625
vt 0.898925781 0.0210723877
vt 0.898925781 0.00793457031
vt 0.872070312 0.00793457031
vt 0.872070312 0.0210723877
vt 0.841308594 0.00793457031
vt 0.841308594 0.0210723877
vt 0.841308594 0.0210723877
vt 0.841308594 0.00793457031
vt 0.812988281 0.00793457031
vt 0.812988281 0.0210723877
vt 0.812988281 0.00793457031
vt 0.812988281 0.0210723877
vt 0.841308594 0.0210723877
vt 0.841308594 0.00793457031
vt 0.841308594 0.00793457031
vt 0.841308594 0.0210723877
vt 0.872070312 0.0210723877
vt 0.872070312 0.00793457031
vt 0.898925781 0.0210723877
vt 0.898925781 0.00793457031
vt 0.898925781 0.00793457031
vt 0.898925781 0.0210723877
vt 0.930664062 0.0210723877
vt 0.930664062 0.00793457031
vt 0.930664062 0.0210723877
vt 0.930664062 0.00793457031
vt 0.898925781 0.00793457031
vt 0.898925781 0.0210723877
vt 0.907226562 0.169433594
vt 0.907226562 0.129760742
vt 0.861816406 0.129760742
vt 0.861816406 0.169433594
vt 0.861816406 0.169433594
vt 0.861816406 0.129760742
vt 0.819824219 0.129760742
vt 0.819824219 0.169433594
vt 0.777832031 0.129760742
vt 0.777832031 0.169433594
vt 0.777832031 0.183349609
vt 0.777832031 0.1328125
vt 0.823242188 0.1328125
vt 0.823242188 0.183349609
vt 0.823242188 0.183349609
vt 0.823242188 0.1328125
vt 0.866210938 0.1328125
vt 0.866210938 0.183349609
vt 0.911132812 0.1328125
vt 0.911132812 0.183349609
vt 0.911132812 0.183349609
vt 0.911132812 0.1328125
vt 0.961914062 0.1328125
vt 0.961914062 0.183349609
vt 0.961914062 0.169433594
vt 0.961914062 0.129760742
vt 0.907226562 0.129760742
vt 0.907226562 0.169433594
vt 0.861816406 0.151855469
vt 0.819824219 0.171142578
vt 0.819824219 0.151855469
vt 0.861816406 0.171142578
vt 0.819824219 0.249145508
vt 0.861816406 0.249145508
vt 0.907226562 0.171142578
vt 0.907226562 0.249145508
vt 0.907226562 0.151855469
vt 0.907226562 0.129760742
vt 0.861816406 0.129760742
vt 0.819824219 0.151855469
vt 0.777832031 0.171142578
vt 0.777832031 0.151855469
vt 0.819824219 0.171142578
vt 0.777832031 0.249145508
vt 0.819824219 0.249145508
vt 0.777832031 0.154907227
vt 0.777832031 0.173828125
vt 0.823242188 0.173828125
vt 0.823242188 0.154907227
vt 0.777832031 0.1328125
vt 0.823242188 0.1328125
vt 0.777832031 0.173828125
vt 0.777832031 0.249755859
vt 0.823242188 0.249755859
vt 0.823242188 0.173828125
vt 0.823242188 0.173828125
vt 0.823242188 0.249755859
vt 0.866210938 0.249755859
vt 0.866210938 0.173828125
vt 0.911132812 0.249755859
vt 0.823242188 0.154907227
vt 0.911132812 0.173828125
vt 0.866210938 0.154907227
vt 0.823242188 0.1328125
vt 0.911132812 0.154907227
vt 0.866210938 0.1328125
vt 0.911132812 0.1328125
vt 0.911132812 0.173828125
vt 0.911132812 0.249755859
vt 0.961914062 0.249755859
vt 0.961914062 0.173828125
vt 0.911132812 0.154907227
vt 0.961914062 0.154907227
vt 0.911132812 0.1328125
vt 0.961914062 0.1328125
vt 0.961914062 0.171142578
vt 0.961914062 0.249145508
vt 0.907226562 0.249145508
vt 0.907226562 0.171142578
vt 0.961914062 0.151855469
vt 0.907226562 0.151855469
vt 0.961914062 0.129760742
vt 0.898925781 0.00793457031
vt 0.930664062 0.0210723877
vt 0.930664062 0.00793457031
vt 0.898925781 0.0210723877
vt 0.872070312 0.00793457031
vt 0.872070312 0.0210723877
vt 0.841308594 0.00793457031
vt 0.841308594 0.0210723877
vt 0.814453125 0.00793457031
vt 0.813476562 0.0210723877
vt 0.814453125 0.00793457031
vt 0.813476562 0.0210723877
vt 0.841308594 0.0210723877
vt 0.841308594 0.00793457031
vt 0.872070312 0.0210723877
vt 0.872070312 0.00793457031
vt 0.898925781 0.0210723877
vt 0.898925781 0.00793457031
vt 0.930664062 0.0210723877
vt 0.930664062 0.00793457031
vt 0.92578125 0.252685547
vt 0.92578125 0.241455078
vt 0.873046875 0.241455078
vt 0.873046875 0.252685547
vt 0.8203125 0.241455078
vt 0.8203125 0.252685547
vt 0.8203125 0.252685547
vt 0.8203125 0.241455078
vt 0.793457031 0.241455078
vt 0.793457031 0.252685547
vt 0.951660156 0.252685547
vt 0.951660156 0.241455078
vt 0.924804688 0.241455078
vt 0.925292969 0.252685547
vt 0.925292969 0.252685547
vt 0.924804688 0.241455078
vt 0.872558594 0.241455078
vt 0.872558594 0.252685547
vt 0.819824219 0.241455078
vt 0.819824219 0.252685547
vt 0.819824219 0.252685547
vt 0.819824219 0.241455078
vt 0.793457031 0.241455078
vt 0.793457031 0.252685547
vt 0.951660156 0.252685547
vt 0.951660156 0.241455078
vt 0.92578125 0.241455078
vt 0.92578125 0.252685547
vt 0.819824219 0.129760742
vt 0.777832031 0.151855469
vt 0.777832031 0.129760742
vt 0.819824219 0.151855469
vt 0.861816406 0.129760742
vt 0.861816406 0.151855469
vt 0.907226562 0.0674438477
vt 0.907226562 0.181884766
vt 0.861816406 0.181884766
vt 0.861816406 0.0674438477
vt 0.819824219 0.181884766
vt 0.819824219 0.0674438477
vt 0.961914062 0.0674438477
vt 0.961914062 0.181884766
vt 0.907226562 0.181884766
vt 0.907226562 0.0674438477
vt 0.911132812 0.0674438477
vt 0.911132812 0.184814453
vt 0.961914062 0.184814453
vt 0.961914062 0.0674438477
vt 0.866210938 0.0674438477
vt 0.911132812 0.184814453
vt 0.911132812 0.0674438477
vt 0.866210938 0.184814453
vt 0.823242188 0.0674438477
vt 0.823242188 0.184814453
vt 0.777832031 0.0674438477
vt 0.777832031 0.184814453
vt 0.823242188 0.184814453
vt 0.823242188 0.0674438477
vt 0.819824219 0.0674438477
vt 0.819824219 0.181884766
vt 0.777832031 0.181884766
vt 0.777832031 0.0674438477
vt 0.812988281 0.00793457031
vt 0.812988281 0.0210723877
vt 0.841308594 0.0210723877
vt 0.841308594 0.00793457031
vt 0.872070312 0.0210723877
vt 0.872070312 0.00793457031
vt 0.898925781 0.0210723877
vt 0.898925781 0.00793457031
vt 0.930664062 0.0210723877
vt 0.930664062 0.00793457031
vt 0.898925781 0.00793457031
vt 0.930664062 0.0210723877
vt 0.930664062 0.00793457031
vt 0.898925781 0.0210723877
vt 0.872070312 0.00793457031
vt 0.872070312 0.0210723877
vt 0.841308594 0.00793457031
vt 0.841308594 0.0210723877
vt 0.812988281 0.00793457031
vt 0.812988281 0.0210723877
vt 0.777832031 0.0719604492
vt 0.777832031 0.183105469
vt 0.823242188 0.183105469
vt 0.823242188 0.0719604492
vt 0.819824219 0.0658569336
vt 0.819824219 0.174194336
vt 0.777832031 0.174194336
vt 0.777832031 0.0658569336
vt 0.861816406 0.0658569336
vt 0.819824219 0.174194336
vt 0.819824219 0.0658569336
vt 0.861816406 0.174194336
vt 0.907226562 0.0658569336
vt 0.907226562 0.174194336
vt 0.961914062 0.0658569336
vt 0.961914062 0.174194336
vt 0.907226562 0.174194336
vt 0.907226562 0.0658569336
vt 0.911132812 0.0719604492
vt 0.911132812 0.183105469
vt 0.961914062 0.183105469
vt 0.961914062 0.0719604492
vt 0.866210938 0.0719604492
vt 0.911132812 0.183105469
vt 0.911132812 0.0719604492
vt 0.866210938 0.183105469
vt 0.823242188 0.0719604492
vt 0.823242188 0.183105469
vt 0.777832031 0.0796508789
vt 0.777832031 0.183349609
vt 0.823242188 0.183349609
vt 0.823242188 0.0796508789
vt 0.819824219 0.0682373047
vt 0.777832031 0.169433594
vt 0.777832031 0.0682373047
vt 0.819824219 0.169433594
vt 0.861816406 0.0682373047
vt 0.861816406 0.169433594
vt 0.907226562 0.0682373047
vt 0.907226562 0.169433594
vt 0.861816406 0.169433594
vt 0.861816406 0.0682373047
vt 0.961914062 0.0682373047
vt 0.961914062 0.169433594
vt 0.907226562 0.169433594
vt 0.907226562 0.0682373047
vt 0.911132812 0.0796508789
vt 0.911132812 0.183349609
vt 0.961914062 0.183349609
vt 0.961914062 0.0796508789
vt 0.866210938 0.0796508789
vt 0.911132812 0.183349609
vt 0.911132812 0.0796508789
vt 0.866210938 0.183349609
vt 0.823242188 0.0796508789
vt 0.823242188 0.183349609
vn -0 0 1
vn -0 0 1
vn -0 0 1
vn -0 0 1
vn 1 0 0
vn 1 0 0
vn 1 0 0
vn 1 0 0
vn 1 0 0
vn 1 0 0
vn -0 1 0
vn -0 1 0
vn -0 1 0
vn -0 1 0
vn -1 0 0
vn -1 0 0
vn -1 0 0
vn -1 0 0
vn -1 0 0
vn -1 0 0
vn -0 0 1
vn -0 0 1
vn -0 0 1
vn -0 0 1
vn -0 1 0
vn -0 1 0
vn -0 1 0
vn -0 1 0
vn -0 0 -1
vn -0 0 -1
vn -0 0 -1
vn -0 0 -1
vn 1 0 0
vn 1 0 0
vn 1 0 0
vn 1 0 0
vn -0 1 0
vn -0 1 0
vn -0 1 0
vn -0 1 0
vn -1 0 0
vn -1 0 0
vn -1 0 0
vn -1 0 0
vn -0 0 -1
vn -0 0 -1
vn -0 0 -1
vn -0 0 -1
vn 1 0 0
vn 1 0 0
vn 1 0 0
vn 1 0 0
vn -0 1 0
vn -0 1 0
vn -0 1 0
vn -0 1 0
vn -1 0 0
vn -1 0 0
vn -1 0 0
vn -1 0 0
vn -0.876464844 -0.481689453 -5.36441803E-07
vn -0.311035156 -0.471191406 0.825195312
vn -0.494140625 -0.272460938 0.825683594
vn -1 -0.00562667847 1.1920929E-07
vn -0.876464844 -0.481689453 1.78813934E-07
vn -0.494140625 -0.272460938 0.825683594
vn -0.696777344 -0.00933837891 0.717285156
vn 0.146118164 0.0794067383 0.985839844
vn 0.0254364014 0.00910186768 0.999511719
vn -1 -0.00562667847 1.1920929E-07
vn -0.494140625 -0.272460938 0.825683594
vn -0.696777344 -0.00933837891 0.717285156
vn -0.494140625 -0.272460938 -0.825683594
vn -0.522949219 -0.852050781 1.1920929E-07
vn -0.876464844 -0.481689453 1.78813934E-07
vn 0.686035156 0.373291016 -0.624511719
vn 0.108642578 0.141601562 -0.983886719
vn 0.146118164 0.0794067383 -0.985839844
vn 0.878417969 0.477783203 3.57627869E-07
vn 0.463378906 0.629394531 -0.624023438
vn 0.590820312 0.806640625 0
vn 0.161987305 0.744140625 -0.6484375
vn 0.215454102 0.9765625 -1.78813934E-07
vn 0.0324707031 0.122009277 -0.9921875
vn 0.0123062134 0.0548706055 -0.998535156
vn 0.0344543457 0.73828125 -0.673339844
vn -0.876464844 -0.481689453 1.1920929E-06
vn -0.311035156 -0.471191406 0.825195312
vn -0.494140625 -0.272705078 0.825683594
vn -0.706054688 0.00230026245 0.708007812
vn -0.70703125 0.00229644775 0.70703125
vn -2.50339508E-06 0.00392532349 1
vn -2.50339508E-06 0.00392532349 1
vn 0.70703125 0.00229454041 0.70703125
vn 0.706054688 0.0022983551 0.708007812
vn 0.706054688 0.0022983551 0.708007812
vn 0.70703125 0.00229454041 0.70703125
vn 1 0.000664710999 1.24573708E-05
vn 1 0.000664710999 1.45435333E-05
vn 1 0.000664710999 1.45435333E-05
vn 1 0.000664710999 1.24573708E-05
vn 0.70703125 0.00228691101 -0.70703125
vn 0.706542969 0.00229263306 -0.708007812
vn 0.706542969 0.00229263306 -0.708007812
vn 0.70703125 0.00228691101 -0.70703125
vn -0 0.00392150879 -1
vn -0 0.00392150879 -1
vn -0.70703125 0.00230407715 -0.70703125
vn -0.706542969 0.00230789185 -0.708007812
vn -0.706542969 0.00230789185 -0.708007812
vn -0.70703125 0.00230407715 -0.70703125
vn -1 0.000675678253 9.89437103E-06
vn -1 0.000675678253 1.7285347E-05
vn -1 0.000675678253 1.7285347E-05
vn -1 0.000675678253 9.89437103E-06
vn -0.70703125 0.00229644775 0.70703125
vn -0.706054688 0.00230026245 0.708007812
vn -0.694335938 -0.0118179321 0.719726562
vn -0.494140625 -0.272460938 0.825683594
vn 0.146118164 0.0794067383 0.985839844
vn 0.0319213867 0.0116119385 0.999511719
vn 0.0319213867 0.0116119385 0.999511719
vn 0.146118164 0.0794067383 0.985839844
vn 0.686035156 0.373291016 0.624511719
vn 0.724121094 0.0599060059 0.687011719
vn 0.878417969 0.477783203 -3.57627869E-07
vn 0.996582031 0.0813598633 -0.000360488892
vn 0.996582031 0.0813598633 -0.000360488892
vn 0.878417969 0.477783203 -3.57627869E-07
vn 0.686035156 0.373291016 -0.624511719
vn 0.724121094 0.0598754883 -0.687011719
vn 0.724121094 0.0598754883 -0.687011719
vn 0.686035156 0.373291016 -0.624511719
vn 0.146118164 0.0794067383 -0.985839844
vn 0.0317077637 0.0118103027 -0.999511719
vn -0.494140625 -0.272460938 -0.825683594
vn -0.694335938 -0.0116882324 -0.719238281
vn -0.694335938 -0.0116882324 -0.719238281
vn -0.494140625 -0.272460938 -0.825683594
vn -0.876464844 -0.481689453 -5.36441803E-07
vn -1 -0.00722503662 0
vn -1 -0.00722503662 0
vn -0.876464844 -0.481689453 -5.36441803E-07
vn -0.494140625 -0.272460938 0.825683594
vn -0.694335938 -0.0118179321 0.719726562
vn 0.108581543 0.141601562 0.983886719
vn 0.161987305 0.744140625 0.6484375
vn 0.463378906 0.629394531 0.624023438
vn 0.0324707031 0.122009277 0.9921875
vn 0.0344543457 0.73828125 0.673339844
vn 0.012298584 0.0548706055 0.998535156
vn -0.0624389648 -0.613769531 0.787109375
vn 0.0552368164 -0.6875 0.724121094
vn -0.311035156 -0.471191406 0.825195312
vn -0.494140625 -0.272460938 0.825683594
vn 0.146118164 0.0794067383 0.985839844
vn 0.463378906 0.629394531 0.624023438
vn 0.215454102 0.9765625 0
vn 0.590820312 0.806640625 -5.96046448E-07
vn 0.161987305 0.744140625 0.6484375
vn 0.0536804199 0.998535156 0
vn 0.0344543457 0.73828125 0.673339844
vn 0.590820312 0.806640625 -5.96046448E-07
vn 0.215454102 0.9765625 0
vn 0.161987305 0.744140625 -0.6484375
vn 0.463378906 0.629394531 -0.624023438
vn 0.878417969 0.477783203 -3.57627869E-07
vn 0.686035156 0.373291016 -0.624511719
vn 0.215454102 0.9765625 0
vn 0.0536804199 0.998535156 0
vn 0.0344543457 0.73828125 -0.673339844
vn 0.161987305 0.744140625 -0.6484375
vn 0.161987305 0.744140625 -0.6484375
vn 0.0344543457 0.73828125 -0.673339844
vn 0.0123062134 0.0548706055 -0.998535156
vn 0.0324707031 0.122009277 -0.9921875
vn 0.0552368164 -0.6875 -0.724121094
vn 0.463378906 0.629394531 -0.624023438
vn -0.0624389648 -0.613769531 -0.787109375
vn 0.108581543 0.141601562 -0.983886719
vn 0.686035156 0.373291016 -0.624511719
vn -0.311035156 -0.471191406 -0.825195312
vn 0.146118164 0.0794067383 -0.985839844
vn -0.494140625 -0.272460938 -0.825683594
vn -0.0624389648 -0.613769531 -0.787109375
vn 0.0552368164 -0.6875 -0.724121094
vn 0.102722168 -0.994628906 0
vn -0.0598449707 -0.998046875 2.38418579E-07
vn -0.311035156 -0.471191406 -0.825195312
vn -0.522949219 -0.852050781 -6.55651093E-07
vn -0.494140625 -0.272460938 -0.825683594
vn -0.876464844 -0.481689453 -5.36441803E-07
vn -0.0598449707 -0.998046875 2.38418579E-07
vn 0.102722168 -0.994628906 0
vn 0.0552368164 -0.6875 0.724121094
vn -0.0624389648 -0.613769531 0.787109375
vn -0.522949219 -0.852050781 -6.55651093E-07
vn -0.311035156 -0.471191406 0.825195312
vn -0.876464844 -0.481689453 -5.36441803E-07
vn 1 2.44379044E-06 0
vn 1 2.44379044E-06 0
vn 1 2.44379044E-06 0
vn 1 2.44379044E-06 0
vn 1 0 0
vn 1 0 0
vn 1 0 0
vn 1 0 0
vn 1 0 0
vn 1 0 0
vn 1 2.44379044E-06 0
vn 1 2.44379044E-06 0
vn 1 2.44379044E-06 0
vn 1 2.44379044E-06 0
vn 1 2.44379044E-06 0
vn 1 2.44379044E-06 0
vn 1 0 0
vn 1 0 0
vn 1 0 0
vn 1 0 0
vn -0 -0.70703125 0.70703125
vn -0 -0.70703125 0.70703125
vn -0 0 1
vn -0 0 1
vn -0 0.70703125 0.70703125
vn -0 0.70703125 0.70703125
vn -0 0.70703125 0.70703125
vn -0 0.70703125 0.70703125
vn -0 1 0
vn -0 1 0
vn -0 1 0
vn -0 1 0
vn -0 0.70703125 -0.70703125
vn -0 0.70703125 -0.70703125
vn -0 0.70703125 -0.70703125
vn -0 0.70703125 -0.70703125
vn -0 0 -1
vn -0 0 -1
vn -0 -0.70703125 -0.70703125
vn -0 -0.70703125 -0.70703125
vn -0 -0.70703125 -0.70703125
vn -0 -0.70703125 -0.70703125
vn -0 -1 0
vn -0 -1 0
vn -0 -1 0
vn -0 -1 0
vn -0 -0.70703125 0.70703125
vn -0 -0.70703125 0.70703125
vn 0.686035156 0.373291016 0.624511719
vn 0.590820312 0.806640625 -5.96046448E-07
vn 0.878417969 0.477783203 -3.57627869E-07
vn 0.463378906 0.629394531 0.624023438
vn 0.146118164 0.0794067383 0.985839844
vn 0.108581543 0.141601562 0.983886719
vn -0.706542969 -0.000170469284 0.708007812
vn -0.706542969 -0.000136017799 0.707519531
vn -0 -0.000232577324 1
vn -0 -0.000291347504 1
vn 0.706542969 -0.000136256218 0.707519531
vn 0.706542969 -0.000169873238 0.708007812
vn -1 -4.94718552E-05 1.43051147E-06
vn -1 -3.95178795E-05 0
vn -0.706542969 -0.000136017799 0.707519531
vn -0.706542969 -0.000170469284 0.708007812
vn -0.709472656 9.8824501E-05 -0.704589844
vn -0.708984375 7.87377357E-05 -0.705078125
vn -1 -3.95178795E-05 0
vn -1 -4.94718552E-05 1.43051147E-06
vn -0.00311279297 0.000145196915 -1
vn -0.708984375 7.87377357E-05 -0.705078125
vn -0.709472656 9.8824501E-05 -0.704589844
vn -0.00208473206 0.00011575222 -1
vn 0.706054688 -0.000154614449 -0.708496094
vn 0.706542969 -0.000123143196 -0.708007812
vn 1 -0.000200390816 -0.00365257263
vn 1 -0.000160217285 -0.00271987915
vn 0.706542969 -0.000123143196 -0.708007812
vn 0.706054688 -0.000154614449 -0.708496094
vn 0.706542969 -0.000169873238 0.708007812
vn 0.706542969 -0.000136256218 0.707519531
vn 1 -0.000160217285 -0.00271987915
vn 1 -0.000200390816 -0.00365257263
vn 0.115478516 0.993164062 -0.00032043457
vn 0.115478516 0.993164062 -0.000247478485
vn 0.0819091797 0.993164062 0.0821533203
vn 0.0819091797 0.993164062 0.0821533203
vn 3.57627869E-07 0.993164062 0.116027832
vn 2.38418579E-07 0.993164062 0.116027832
vn -0.0819702148 0.993164062 0.0821533203
vn -0.0819091797 0.993164062 0.0821533203
vn -0.115966797 0.993164062 6.19888306E-06
vn -0.115966797 0.993164062 4.82797623E-06
vn 0.0814208984 0.993164062 -0.0827636719
vn 0.115478516 0.993164062 -0.000247478485
vn 0.115478516 0.993164062 -0.00032043457
vn 0.082824707 0.993164062 -0.0813598633
vn -0.000905990601 0.993164062 -0.117248535
vn 0.000749588013 0.993164062 -0.117248535
vn -0.0828857422 0.993164062 -0.0824584961
vn -0.082824707 0.993164062 -0.0825195312
vn -0.115966797 0.993164062 4.82797623E-06
vn -0.115966797 0.993164062 6.19888306E-06
vn 1 -0.000160217285 -0.00271987915
vn 1 -0.000110864639 -0.0011100769
vn 0.706542969 -8.46982002E-05 -0.707519531
vn 0.706542969 -0.000123143196 -0.708007812
vn 0.706542969 -0.000136256218 0.707519531
vn 0.70703125 -9.4294548E-05 0.707519531
vn 1 -0.000110864639 -0.0011100769
vn 1 -0.000160217285 -0.00271987915
vn -0 -0.000232577324 1
vn 0.70703125 -9.4294548E-05 0.707519531
vn 0.706542969 -0.000136256218 0.707519531
vn -0 -0.000159859657 1
vn -0.706542969 -0.000136017799 0.707519531
vn -0.70703125 -9.37581062E-05 0.707519531
vn -1 -3.95178795E-05 0
vn -1 -2.78353691E-05 0
vn -0.70703125 -9.37581062E-05 0.707519531
vn -0.706542969 -0.000136017799 0.707519531
vn -0.708984375 7.87377357E-05 -0.705078125
vn -0.708007812 5.37037849E-05 -0.706542969
vn -1 -2.78353691E-05 0
vn -1 -3.95178795E-05 0
vn -0.00208473206 0.00011575222 -1
vn -0.708007812 5.37037849E-05 -0.706542969
vn -0.708984375 7.87377357E-05 -0.705078125
vn -0.000856399536 7.95722008E-05 -1
vn 0.706542969 -0.000123143196 -0.708007812
vn 0.706542969 -8.46982002E-05 -0.707519531
vn 1 -0.000110864639 -0.0011100769
vn 0.996582031 0.0813598633 -0.000360488892
vn 0.724121094 0.0598754883 -0.687011719
vn 0.706542969 -8.46982002E-05 -0.707519531
vn 0.70703125 -9.4294548E-05 0.707519531
vn 0.996582031 0.0813598633 -0.000360488892
vn 1 -0.000110864639 -0.0011100769
vn 0.724121094 0.0599060059 0.687011719
vn -0 -0.000159859657 1
vn 0.0319213867 0.0116119385 0.999511719
vn -0.70703125 -9.37581062E-05 0.707519531
vn -0.694335938 -0.0118179321 0.719726562
vn 0.0319213867 0.0116119385 0.999511719
vn -0 -0.000159859657 1
vn -1 -2.78353691E-05 0
vn -1 -0.00722503662 0
vn -0.694335938 -0.0118179321 0.719726562
vn -0.70703125 -9.37581062E-05 0.707519531
vn -0.708007812 5.37037849E-05 -0.706542969
vn -0.694335938 -0.0116882324 -0.719238281
vn -1 -0.00722503662 0
vn -1 -2.78353691E-05 0
vn -0.000856399536 7.95722008E-05 -1
vn -0.694335938 -0.0116882324 -0.719238281
vn -0.708007812 5.37037849E-05 -0.706542969
vn 0.0317077637 0.0118103027 -0.999511719
vn 0.706542969 -8.46982002E-05 -0.707519531
vn 0.724121094 0.0598754883 -0.687011719
vn -0.706054688 0.0023021698 0.708007812
vn -0.70703125 0.0022983551 0.70703125
vn 2.44379044E-06 0.00392150879 1
vn 2.44379044E-06 0.00392150879 1
vn 0.70703125 0.00229263306 0.70703125
vn 0.706054688 0.00229644775 0.708007812
vn 0.706054688 0.00229644775 0.708007812
vn 0.70703125 0.00229263306 0.70703125
vn 1 0.000664710999 1.24573708E-05
vn 1 0.000664710999 1.45435333E-05
vn 1 0.000664710999 1.45435333E-05
vn 1 0.000664710999 1.24573708E-05
vn 0.70703125 0.00228691101 -0.70703125
vn 0.706542969 0.00229263306 -0.708007812
vn 0.706542969 0.00229263306 -0.708007812
vn 0.70703125 0.00228691101 -0.70703125
vn -0 0.00391769409 -1
vn -0 0.00391769409 -1
vn -0.70703125 0.00230026245 -0.70703125
vn -0.706542969 0.00230407715 -0.708007812
vn -0.706542969 0.00230407715 -0.708007812
vn -0.70703125 0.00230026245 -0.70703125
vn -1 0.00067615509 7.03334808E-06
vn -1 0.00067615509 1.96695328E-05
vn -1 0.00067615509 1.96695328E-05
vn -1 0.00067615509 7.03334808E-06
vn -0.70703125 0.0022983551 0.70703125
vn -0.706054688 0.0023021698 0.708007812
vn -0.697265625 -0.00923919678 0.716796875
vn -0.494140625 -0.272460938 0.825683594
vn 0.146118164 0.0794067383 0.985839844
vn 0.0255126953 0.00933837891 0.999511719
vn 0.686035156 0.373291016 0.624511719
vn 0.721191406 0.0485229492 0.69140625
vn 0.721191406 0.0485229492 0.69140625
vn 0.686035156 0.373291016 0.624511719
vn 0.878417969 0.477783203 1.25169754E-06
vn 0.998046875 0.0661621094 -0.000155329704
vn 0.998046875 0.0661621094 -0.000155329704
vn 0.878417969 0.477783203 1.25169754E-06
vn 0.686035156 0.373291016 -0.624511719
vn 0.721191406 0.0485229492 -0.690917969
vn 0.146118164 0.0794067383 -0.985839844
vn 0.0254058838 0.00940704346 -0.999511719
vn 0.0254058838 0.00940704346 -0.999511719
vn 0.146118164 0.0794067383 -0.985839844
vn -0.494140625 -0.272460938 -0.825683594
vn -0.697265625 -0.00919342041 -0.716796875
vn -0.876464844 -0.481689453 -2.38418579E-07
vn -1 -0.00560379028 0
vn -1 -0.00560379028 0
vn -0.876464844 -0.481689453 -2.38418579E-07
vn -0.494140625 -0.272460938 0.825683594
vn -0.697265625 -0.00923919678 0.716796875
vn 0.463378906 0.629394531 0.624023438
vn 0.215454102 0.9765625 5.96046448E-07
vn 0.590820312 0.806640625 1.31130219E-06
vn 0.161987305 0.744140625 0.6484375
vn 0.0536804199 0.998535156 0
vn 0.0344543457 0.73828125 0.673339844
vn 0.590820312 0.806640625 1.31130219E-06
vn 0.161987305 0.744140625 -0.6484375
vn 0.463378906 0.629394531 -0.624023438
vn 0.215454102 0.9765625 5.96046448E-07
vn 0.0344543457 0.73828125 -0.673339844
vn 0.0536804199 0.998535156 0
vn 0.463378906 0.629394531 -0.624023438
vn 0.161987305 0.744140625 -0.6484375
vn 0.0324707031 0.122009277 -0.9921875
vn 0.108581543 0.141601562 -0.983886719
vn 0.686035156 0.373291016 -0.624511719
vn 0.146118164 0.0794067383 -0.985839844
vn 0.878417969 0.477783203 1.25169754E-06
vn 0.590820312 0.806640625 1.31130219E-06
vn -0.311035156 -0.471191406 -0.825195312
vn -0.0598449707 -0.998046875 0
vn -0.522949219 -0.852050781 -8.34465027E-07
vn -0.0624389648 -0.613769531 -0.787109375
vn 0.102722168 -0.994628906 7.74860382E-07
vn 0.0552368164 -0.6875 -0.724121094
vn -0.522949219 -0.852050781 -8.34465027E-07
vn -0.0624389648 -0.613769531 0.787109375
vn -0.311035156 -0.471191406 0.825195312
vn -0.0598449707 -0.998046875 0
vn 0.0552062988 -0.6875 0.724121094
vn 0.102722168 -0.994628906 7.74860382E-07
vn -0.0624389648 -0.613769531 0.787109375
vn 0.0552062988 -0.6875 0.724121094
vn 0.012298584 0.0548706055 0.998535156
vn 0.0324707031 0.122009277 0.9921875
vn 0.0344543457 0.73828125 0.673339844
vn -0.311035156 -0.471191406 0.825195312
vn 0.161987305 0.744140625 0.6484375
vn 0.108642578 0.141601562 0.983886719
vn -0.494140625 -0.272460938 0.825683594
vn 0.463378906 0.629394531 0.624023438
vn 0.146118164 0.0794067383 0.985839844
vn 0.686035156 0.373291016 0.624511719
vn 0.161987305 0.744140625 -0.6484375
vn 0.0344543457 0.73828125 -0.673339844
vn 0.0123214722 0.0548706055 -0.998535156
vn 0.0324707031 0.122009277 -0.9921875
vn 0.0552368164 -0.6875 -0.724121094
vn -0.0624389648 -0.613769531 -0.787109375
vn 0.108581543 0.141601562 -0.983886719
vn -0.311035156 -0.471191406 -0.825195312
vn 0.146118164 0.0794067383 -0.985839844
vn -0.494140625 -0.272460938 -0.825683594
vn 1 0 0
vn 1 0 0
vn 1 0 0
vn 1 0 0
vn 1 -2.44379044E-06 0
vn 1 -2.44379044E-06 0
vn 1 0 0
vn 1 0 0
vn 1 2.44379044E-06 0
vn 1 2.44379044E-06 0
vn 1 2.44379044E-06 0
vn 1 2.44379044E-06 0
vn 1 2.44379044E-06 0
vn 1 2.44379044E-06 0
vn 1 2.44379044E-06 0
vn 1 2.44379044E-06 0
vn 1 2.44379044E-06 0
vn 1 2.44379044E-06 0
vn 1 2.44379044E-06 0
vn 1 2.44379044E-06 0
vn 1 -2.44379044E-06 0
vn 1 -2.44379044E-06 0
vn 1 -2.44379044E-06 0
vn 1 -2.44379044E-06 0
vn -0 -0.70703125 0.70703125
vn -0 -0.70703125 0.70703125
vn -0 0 1
vn -0 0 1
vn -0 0.70703125 0.70703125
vn -0 0.70703125 0.70703125
vn -0 0.70703125 0.70703125
vn -0 0.70703125 0.70703125
vn -0 1 0
vn -0 1 0
vn -0 1 0
vn -0 1 0
vn -0 0.70703125 -0.70703125
vn -0 0.70703125 -0.70703125
vn -0 0.70703125 -0.70703125
vn -0 0.70703125 -0.70703125
vn -0 0 -1
vn -0 0 -1
vn -0 -0.70703125 -0.70703125
vn -0 -0.70703125 -0.70703125
vn -0 -0.70703125 -0.70703125
vn -0 -0.70703125 -0.70703125
vn -0 -1 0
vn -0 -1 0
vn -0 -1 0
vn -0 -1 0
vn -0 -0.70703125 0.70703125
vn -0 -0.70703125 0.70703125
vn -0.876464844 -0.481689453 -2.38418579E-07
vn -0.522949219 -0.852050781 -8.34465027E-07
vn -0.311035156 -0.471191406 0.825195312
vn -0.494140625 -0.272460938 0.825683594
vn -0.494140625 -0.272460938 -0.825683594
vn -0.311035156 -0.471191406 -0.825195312
vn -0.522949219 -0.852050781 -8.34465027E-07
vn -0.876464844 -0.481689453 -2.38418579E-07
vn 0.686035156 0.373291016 0.624511719
vn 0.463378906 0.629394531 0.624023438
vn 0.590820312 0.806640625 1.31130219E-06
vn 0.878417969 0.477783203 1.25169754E-06
vn -0.706542969 -0.000169873238 0.708007812
vn -0.706542969 -0.000122308731 0.707519531
vn -0 -0.000208854675 1
vn -0 -0.000289916992 1
vn 0.706542969 -0.00012242794 0.707519531
vn 0.706542969 -0.000169157982 0.708007812
vn -1 -4.93526459E-05 1.37090683E-06
vn -1 -3.55839729E-05 1.1920929E-07
vn -0.706542969 -0.000122308731 0.707519531
vn -0.706542969 -0.000169873238 0.708007812
vn -0.709472656 9.91821289E-05 -0.704589844
vn -1 -3.55839729E-05 1.1920929E-07
vn -1 -4.93526459E-05 1.37090683E-06
vn -0.708984375 7.14659691E-05 -0.705078125
vn -0.00310325623 0.000145196915 -1
vn -0.00199890137 0.00010484457 -1
vn 0.706054688 -0.000154733658 -0.708496094
vn 0.706542969 -0.000111162663 -0.708007812
vn 1 -0.000200271606 -0.00365257263
vn 1 -0.000144600868 -0.00260925293
vn 0.706542969 -0.000111162663 -0.708007812
vn 0.706054688 -0.000154733658 -0.708496094
vn 0.706542969 -0.000169157982 0.708007812
vn 0.706542969 -0.00012242794 0.707519531
vn 1 -0.000144600868 -0.00260925293
vn 1 -0.000200271606 -0.00365257263
vn 0.115478516 0.993164062 -0.000320672989
vn 0.115478516 0.993164062 -0.000247716904
vn 0.0819091797 0.993164062 0.0821533203
vn 0.0819091797 0.993164062 0.0821533203
vn -2.38418579E-07 0.993164062 0.116088867
vn -2.38418579E-07 0.993164062 0.116088867
vn -0.0819702148 0.993164062 0.0821533203
vn -0.0819091797 0.993164062 0.0821533203
vn -0.115966797 0.993164062 5.96046448E-06
vn -0.115966797 0.993164062 4.70876694E-06
vn 0.0814208984 0.993164062 -0.0827636719
vn 0.115478516 0.993164062 -0.000247716904
vn 0.115478516 0.993164062 -0.000320672989
vn 0.082824707 0.993164062 -0.0813598633
vn -0.000905036926 0.993164062 -0.117248535
vn 0.00075006485 0.993164062 -0.117248535
vn -0.0828857422 0.993164062 -0.0824584961
vn -0.082824707 0.993164062 -0.0825195312
vn -0.115966797 0.993164062 4.70876694E-06
vn -0.115966797 0.993164062 5.96046448E-06
vn 1 -0.000144600868 -0.00260925293
vn 1 -6.50882721E-05 -0.00112819672
vn 0.70703125 -4.95910645E-05 -0.707519531
vn 0.706542969 -0.000111162663 -0.708007812
vn -0.000861167908 4.74452972E-05 -1
vn 0.706542969 -0.00012242794 0.707519531
vn 0.70703125 -5.55515289E-05 0.707519531
vn 1 -6.50882721E-05 -0.00112819672
vn 1 -0.000144600868 -0.00260925293
vn -0 -0.000208854675 1
vn 0.70703125 -5.55515289E-05 0.707519531
vn 0.706542969 -0.00012242794 0.707519531
vn -0 -9.4294548E-05 1
vn -0.706542969 -0.000122308731 0.707519531
vn -0.70703125 -5.52535057E-05 0.707519531
vn -1 -3.55839729E-05 1.1920929E-07
vn -1 -1.63316727E-05 0
vn -0.70703125 -5.52535057E-05 0.707519531
vn -0.706542969 -0.000122308731 0.707519531
vn -0.708984375 7.14659691E-05 -0.705078125
vn -1 -1.63316727E-05 0
vn -1 -3.55839729E-05 1.1920929E-07
vn -0.708007812 3.20672989E-05 -0.706542969
vn -0.00199890137 0.00010484457 -1
vn -0.000861167908 4.74452972E-05 -1
vn 0.706542969 -0.000111162663 -0.708007812
vn 1 -6.50882721E-05 -0.00112819672
vn 1 -3.75509262E-05 -0.000452756882
vn 0.70703125 -2.88486481E-05 -0.70703125
vn 0.70703125 -4.95910645E-05 -0.707519531
vn -0.000348806381 2.71201134E-05 -1
vn -0.000861167908 4.74452972E-05 -1
vn 0.70703125 -5.55515289E-05 0.707519531
vn 0.70703125 -3.23057175E-05 0.70703125
vn 1 -3.75509262E-05 -0.000452756882
vn 1 -6.50882721E-05 -0.00112819672
vn -0 -9.4294548E-05 1
vn 0.70703125 -3.23057175E-05 0.70703125
vn 0.70703125 -5.55515289E-05 0.707519531
vn -0 -5.50150871E-05 1
vn -0.70703125 -5.52535057E-05 0.707519531
vn -0.70703125 -3.23057175E-05 0.70703125
vn -1 -1.63316727E-05 0
vn -1 -9.77516174E-06 0
vn -0.70703125 -3.23057175E-05 0.70703125
vn -0.70703125 -5.52535057E-05 0.707519531
vn -0.708007812 3.20672989E-05 -0.706542969
vn -1 -9.77516174E-06 0
vn -1 -1.63316727E-05 0
vn -0.707519531 1.82390213E-05 -0.70703125
vn -0.000861167908 4.74452972E-05 -1
vn -0.000348806381 2.71201134E-05 -1
vn 0.70703125 -2.88486481E-05 -0.70703125
vn 0.0254058838 0.00940704346 -0.999511719
vn -0.000348806381 2.71201134E-05 -1
vn 0.721191406 0.0485229492 -0.690917969
vn 1 -3.75509262E-05 -0.000452756882
vn 0.998046875 0.0661621094 -0.000155329704
vn 0.70703125 -3.23057175E-05 0.70703125
vn 0.721191406 0.0485229492 0.69140625
vn 0.998046875 0.0661621094 -0.000155329704
vn 1 -3.75509262E-05 -0.000452756882
vn -0 -5.50150871E-05 1
vn 0.721191406 0.0485229492 0.69140625
vn 0.70703125 -3.23057175E-05 0.70703125
vn 0.0255126953 0.00933837891 0.999511719
vn -0.70703125 -3.23057175E-05 0.70703125
vn -0.697265625 -0.00923919678 0.716796875
vn -1 -9.77516174E-06 0
vn -1 -0.00560379028 0
vn -0.697265625 -0.00923919678 0.716796875
vn -0.70703125 -3.23057175E-05 0.70703125
vn -0.707519531 1.82390213E-05 -0.70703125
vn -1 -0.00560379028 0
vn -1 -9.77516174E-06 0
vn -0.697265625 -0.00919342041 -0.716796875
vn -0.000348806381 2.71201134E-05 -1
vn 0.0254058838 0.00940704346 -0.999511719
vn -0.706054688 0.0023059845 0.708007812
vn -0.70703125 0.00230026245 0.70703125
vn -2.50339508E-06 0.00392913818 1
vn -2.44379044E-06 0.00392913818 1
vn 0.70703125 0.00229454041 0.70703125
vn 0.706054688 0.0022983551 0.708007812
vn 0.706054688 0.0022983551 0.708007812
vn 0.70703125 0.00229454041 0.70703125
vn 1 0.000664710999 1.24573708E-05
vn 1 0.000664710999 1.4603138E-05
vn 1 0.000664710999 1.4603138E-05
vn 1 0.000664710999 1.24573708E-05
vn 0.70703125 0.00228691101 -0.70703125
vn 0.706542969 0.00229263306 -0.708007812
vn 0.706542969 0.00229263306 -0.708007812
vn 0.70703125 0.00228691101 -0.70703125
vn -0 0.00392150879 -1
vn -0 0.00392150879 -1
vn -0.70703125 0.00230407715 -0.70703125
vn -0.706542969 0.00230789185 -0.708007812
vn -0.706542969 0.00230789185 -0.708007812
vn -0.70703125 0.00230407715 -0.70703125
vn -1 0.000678539276 7.27176666E-06
vn -1 0.000678539276 1.99079514E-05
vn -1 0.000678539276 1.99079514E-05
vn -1 0.000678539276 7.27176666E-06
vn -0.70703125 0.00230026245 0.70703125
vn -0.706054688 0.0023059845 0.708007812
vn 0.0254364014 0.00910186768 0.999511719
vn 0.146118164 0.0794067383 0.985839844
vn 0.686035156 0.373291016 0.624511719
vn 0.720703125 0.0482788086 0.69140625
vn 0.878417969 0.477783203 3.57627869E-07
vn 0.998046875 0.0658569336 -0.000899791718
vn 0.998046875 0.0658569336 -0.000899791718
vn 0.878417969 0.477783203 3.57627869E-07
vn 0.686035156 0.373291016 -0.624511719
vn 0.720703125 0.048248291 -0.69140625
vn 0.146118164 0.0794067383 -0.985839844
vn 0.024887085 0.0094909668 -0.999511719
vn 0.024887085 0.0094909668 -0.999511719
vn 0.146118164 0.0794067383 -0.985839844
vn -0.494140625 -0.272460938 -0.825683594
vn -0.697753906 -0.00909423828 -0.716308594
vn -0.697753906 -0.00909423828 -0.716308594
vn -0.494140625 -0.272460938 -0.825683594
vn -0.876464844 -0.481689453 1.78813934E-07
vn -1 -0.00562667847 1.1920929E-07
vn 0.108581543 0.141601562 0.983886719
vn 0.0324707031 0.122009277 0.9921875
vn 0.161987305 0.744140625 0.6484375
vn 0.463378906 0.629394531 0.624023438
vn 0.146118164 0.0794067383 0.985839844
vn 0.686035156 0.373291016 0.624511719
vn 0.590820312 0.806640625 0
vn 0.878417969 0.477783203 3.57627869E-07
vn 0.463378906 0.629394531 0.624023438
vn 0.215454102 0.9765625 -1.78813934E-07
vn 0.590820312 0.806640625 0
vn 0.161987305 0.744140625 0.6484375
vn 0.0536804199 0.998535156 0
vn 0.0344543457 0.73828125 0.673339844
vn -0.311035156 -0.471191406 -0.825195312
vn -0.0624389648 -0.613769531 -0.787109375
vn -0.0598449707 -0.998046875 4.17232513E-07
vn -0.522949219 -0.852050781 1.1920929E-07
vn -0.0624389648 -0.613769531 0.787109375
vn 0.0552062988 -0.6875 0.724121094
vn 0.0123062134 0.0548706055 0.998535156
vn 0.0324707031 0.122009277 0.9921875
vn 0.0344543457 0.73828125 0.673339844
vn 0.161987305 0.744140625 0.6484375
vn -0.311035156 -0.471191406 0.825195312
vn 0.108581543 0.141601562 0.983886719
vn -0.494140625 -0.272460938 0.825683594
vn -0.876464844 -0.481689453 1.78813934E-07
vn 0.146118164 0.0794067383 0.985839844
vn 0.215454102 0.9765625 -1.78813934E-07
vn 0.0536804199 0.998535156 0
vn 0.0344543457 0.73828125 -0.673339844
vn 0.161987305 0.744140625 -0.6484375
vn 0.0324707031 0.122009277 -0.9921875
vn 0.0123062134 0.0548706055 -0.998535156
vn 0.0552368164 -0.6875 -0.724121094
vn -0.0624389648 -0.613769531 -0.787109375
vn 0.108642578 0.141601562 -0.983886719
vn 0.463378906 0.629394531 -0.624023438
vn 0.686035156 0.373291016 -0.624511719
vn -0.311035156 -0.471191406 -0.825195312
vn 0.146118164 0.0794067383 -0.985839844
vn -0.494140625 -0.272460938 -0.825683594
vn -0.522949219 -0.852050781 1.1920929E-07
vn -0.0624389648 -0.613769531 -0.787109375
vn 0.0552368164 -0.6875 -0.724121094
vn 0.102722168 -0.994628906 2.98023224E-07
vn -0.0598449707 -0.998046875 4.17232513E-07
vn -0.0598449707 -0.998046875 4.17232513E-07
vn 0.102722168 -0.994628906 2.98023224E-07
vn 0.0552062988 -0.6875 0.724121094
vn -0.0624389648 -0.613769531 0.787109375
vn -0.522949219 -0.852050781 1.1920929E-07
vn -0.311035156 -0.471191406 0.825195312
vn -0.876464844 -0.481689453 1.78813934E-07
vn 1 4.88758087E-06 0
vn 1 0 0
vn 1 0 0
vn 1 4.88758087E-06 0
vn 1 0 0
vn 1 0 0
vn 1 0 0
vn 1 0 0
vn 1 -2.44379044E-06 0
vn 1 -2.44379044E-06 0
vn 1 2.44379044E-06 0
vn 1 2.44379044E-06 0
vn 1 2.44379044E-06 0
vn 1 2.44379044E-06 0
vn 1 7.33137131E-06 0
vn 1 7.33137131E-06 0
vn 1 2.44379044E-06 0
vn 1 2.44379044E-06 0
vn 1 -4.88758087E-06 0
vn 1 -4.88758087E-06 0
vn 1 -4.88758087E-06 0
vn 1 -4.88758087E-06 0
vn 1 0 0
vn 1 0 0
vn -0 -0.70703125 0.70703125
vn -0 -0.70703125 0.70703125
vn -0 0 1
vn -0 0 1
vn -0 0.70703125 0.70703125
vn -0 0.70703125 0.70703125
vn -0 0.70703125 0.70703125
vn -0 0.70703125 0.70703125
vn -0 1 0
vn -0 1 0
vn -0 1 0
vn -0 1 0
vn -0 0.70703125 -0.70703125
vn -0 0.70703125 -0.70703125
vn -0 0.70703125 -0.70703125
vn -0 0.70703125 -0.70703125
vn -0 0 -1
vn -0 0 -1
vn -0 -0.70703125 -0.70703125
vn -0 -0.70703125 -0.70703125
vn -0 -0.70703125 -0.70703125
vn -0 -0.70703125 -0.70703125
vn -0 -1 0
vn -0 -1 0
vn -0 -1 0
vn -0 -1 0
vn -0 -0.70703125 0.70703125
vn -0 -0.70703125 0.70703125
vn -0.706542969 -0.000170469284 0.708007812
vn -0.706542969 -0.000170469284 0.707519531
vn -0 -0.000290870667 1
vn -0 -0.000291347504 1
vn -1 -4.94718552E-05 1.43051147E-06
vn -1 -5.0008297E-05 0
vn -0.706542969 -0.000170469284 0.707519531
vn -0.706542969 -0.000170469284 0.708007812
vn -0.709472656 9.8824501E-05 -0.704589844
vn -0.708984375 9.82880592E-05 -0.705078125
vn -1 -5.0008297E-05 0
vn -1 -4.94718552E-05 1.43051147E-06
vn -0.00310897827 0.000145196915 -1
vn -0.00197982788 0.000144720078 -1
vn -0.708984375 9.82880592E-05 -0.705078125
vn -0.709472656 9.8824501E-05 -0.704589844
vn 0.706054688 -0.000154614449 -0.708496094
vn -0.00197982788 0.000144720078 -1
vn -0.00310897827 0.000145196915 -1
vn 0.706542969 -0.000154495239 -0.708007812
vn 1 -0.000200390816 -0.00365257263
vn 1 -0.000200748444 -0.00254058838
vn 0.706542969 -0.000169873238 0.708007812
vn 1 -0.000200748444 -0.00254058838
vn 1 -0.000200390816 -0.00365257263
vn 0.706542969 -0.000170469284 0.707519531
vn -0 -0.000291347504 1
vn -0 -0.000290870667 1
vn 0.115478516 0.993164062 -0.000319957733
vn 0.115478516 0.993164062 -0.000248432159
vn 0.0819091797 0.993164062 0.0821533203
vn 0.0819091797 0.993164062 0.0821533203
vn 3.57627869E-07 0.993164062 0.116027832
vn 2.38418579E-07 0.993164062 0.116027832
vn -0.0819702148 0.993164062 0.0821533203
vn -0.0819091797 0.993164062 0.0821533203
vn -0.115966797 0.993164062 5.06639481E-06
vn -0.115966797 0.993164062 5.06639481E-06
vn 0.0814208984 0.993164062 -0.0827636719
vn 0.115478516 0.993164062 -0.000248432159
vn 0.115478516 0.993164062 -0.000319957733
vn 0.082824707 0.993164062 -0.0813598633
vn -0.000905990601 0.993164062 -0.117248535
vn 0.000749588013 0.993164062 -0.117248535
vn -0.0828857422 0.993164062 -0.0824584961
vn -0.082824707 0.993164062 -0.0825195312
vn -0.115966797 0.993164062 5.06639481E-06
vn -0.115966797 0.993164062 5.06639481E-06
vn 1 -0.000200748444 -0.00254058838
vn 0.998046875 0.0658569336 -0.000899791718
vn 0.720703125 0.048248291 -0.69140625
vn 0.706542969 -0.000154495239 -0.708007812
vn 0.024887085 0.0094909668 -0.999511719
vn -0.00197982788 0.000144720078 -1
vn 0.706542969 -0.000170469284 0.707519531
vn 0.998046875 0.0658569336 -0.000899791718
vn 1 -0.000200748444 -0.00254058838
vn 0.720703125 0.0482788086 0.69140625
vn -0 -0.000290870667 1
vn 0.0254364014 0.00910186768 0.999511719
vn -0.706542969 -0.000170469284 0.707519531
vn -0.696777344 -0.00933837891 0.717285156
vn 0.0254364014 0.00910186768 0.999511719
vn -0 -0.000290870667 1
vn -1 -5.0008297E-05 0
vn -1 -0.00562667847 1.1920929E-07
vn -0.696777344 -0.00933837891 0.717285156
vn -0.706542969 -0.000170469284 0.707519531
vn -0.708984375 9.82880592E-05 -0.705078125
vn -0.697753906 -0.00909423828 -0.716308594
vn -1 -0.00562667847 1.1920929E-07
vn -1 -5.0008297E-05 0
vn -0.00197982788 0.000144720078 -1
vn 0.024887085 0.0094909668 -0.999511719
vn -0.697753906 -0.00909423828 -0.716308594
vn -0.708984375 9.82880592E-05 -0.705078125
vn -0.706054688 0.0022983551 0.708007812
vn -0.70703125 0.00229454041 0.70703125
vn -0 0.00392532349 1
vn -0 0.00392532349 1
vn 0.70703125 0.00229263306 0.70703125
vn 0.706054688 0.0022983551 0.708007812
vn 0.706054688 0.0022983551 0.708007812
vn 0.70703125 0.00229263306 0.70703125
vn 1 0.000664710999 1.1742115E-05
vn 1 0.000664710999 1.38878822E-05
vn 1 0.000664710999 1.38878822E-05
vn 1 0.000664710999 1.1742115E-05
vn 0.70703125 0.00229263306 -0.70703125
vn 0.706542969 0.00229644775 -0.708007812
vn 0.706542969 0.00229644775 -0.708007812
vn 0.70703125 0.00229263306 -0.70703125
vn -0 0.00392913818 -1
vn -0 0.00392913818 -1
vn -0.70703125 0.0023059845 -0.70703125
vn -0.706542969 0.00231170654 -0.708007812
vn -0.706542969 0.00231170654 -0.708007812
vn -0.70703125 0.0023059845 -0.70703125
vn -1 0.000675678253 9.05990601E-06
vn -1 0.000675678253 1.6450882E-05
vn -1 0.000675678253 1.6450882E-05
vn -1 0.000675678253 9.05990601E-06
vn -0.70703125 0.00229454041 0.70703125
vn -0.706054688 0.0022983551 0.708007812
vn -0.694335938 -0.0118179321 0.719726562
vn -0.494140625 -0.272705078 0.825683594
vn 0.146118164 0.0794067383 0.985839844
vn 0.0319213867 0.0116119385 0.999511719
vn 0.0319213867 0.0116119385 0.999511719
vn 0.146118164 0.0794067383 0.985839844
vn 0.686035156 0.373291016 0.624511719
vn 0.724121094 0.0599060059 0.687011719
vn 0.878417969 0.477783203 1.78813934E-07
vn 0.996582031 0.0813598633 -0.000360488892
vn 0.996582031 0.0813598633 -0.000360488892
vn 0.878417969 0.477783203 1.78813934E-07
vn 0.686035156 0.373291016 -0.624511719
vn 0.724121094 0.0598754883 -0.687011719
vn 0.724121094 0.0598754883 -0.687011719
vn 0.686035156 0.373291016 -0.624511719
vn 0.146118164 0.0794067383 -0.985839844
vn 0.0317077637 0.0118103027 -0.999511719
vn -0.494140625 -0.272460938 -0.825683594
vn -0.694335938 -0.0116882324 -0.719238281
vn -0.694335938 -0.0116882324 -0.719238281
vn -0.494140625 -0.272460938 -0.825683594
vn -0.876464844 -0.481689453 1.1920929E-06
vn -1 -0.00722503662 0
vn -1 -0.00722503662 0
vn -0.876464844 -0.481689453 1.1920929E-06
vn -0.494140625 -0.272705078 0.825683594
vn -0.694335938 -0.0118179321 0.719726562
vn 0.108642578 0.141601562 0.983886719
vn 0.161987305 0.744140625 0.6484375
vn 0.463378906 0.629394531 0.624023438
vn 0.0324707031 0.122009277 0.9921875
vn 0.0344543457 0.73828125 0.673339844
vn 0.0123062134 0.0548706055 0.998535156
vn -0.0624389648 -0.613769531 0.787109375
vn 0.0552368164 -0.6875 0.724121094
vn -0.311035156 -0.471191406 0.825195312
vn -0.494140625 -0.272705078 0.825683594
vn 0.146118164 0.0794067383 0.985839844
vn 0.463378906 0.629394531 0.624023438
vn 0.215454102 0.9765625 -1.78813934E-07
vn 0.590820312 0.806640625 -1.78813934E-07
vn 0.161987305 0.744140625 0.6484375
vn 0.0536804199 0.998535156 0
vn 0.0344543457 0.73828125 0.673339844
vn 0.590820312 0.806640625 -1.78813934E-07
vn 0.215454102 0.9765625 -1.78813934E-07
vn 0.161987305 0.744140625 -0.6484375
vn 0.463378906 0.629394531 -0.624023438
vn 0.878417969 0.477783203 1.78813934E-07
vn 0.686035156 0.373291016 -0.624511719
vn 0.215454102 0.9765625 -1.78813934E-07
vn 0.0536804199 0.998535156 0
vn 0.0344543457 0.73828125 -0.673339844
vn 0.161987305 0.744140625 -0.6484375
vn 0.161987305 0.744140625 -0.6484375
vn 0.0344543457 0.73828125 -0.673339844
vn 0.0123062134 0.0548706055 -0.998535156
vn 0.0324707031 0.122009277 -0.9921875
vn 0.0552368164 -0.6875 -0.724121094
vn 0.463378906 0.629394531 -0.624023438
vn -0.0624389648 -0.613769531 -0.787109375
vn 0.108581543 0.141601562 -0.983886719
vn 0.686035156 0.373291016 -0.624511719
vn -0.311035156 -0.471191406 -0.825195312
vn 0.146118164 0.0794067383 -0.985839844
vn -0.494140625 -0.272460938 -0.825683594
vn -0.0624389648 -0.613769531 -0.787109375
vn 0.0552368164 -0.6875 -0.724121094
vn 0.102722168 -0.994628906 0
vn -0.0598449707 -0.998046875 1.78813934E-07
vn -0.311035156 -0.471191406 -0.825195312
vn -0.522949219 -0.852050781 9.53674316E-07
vn -0.494140625 -0.272460938 -0.825683594
vn -0.876464844 -0.481689453 1.1920929E-06
vn -0.0598449707 -0.998046875 1.78813934E-07
vn 0.102722168 -0.994628906 0
vn 0.0552368164 -0.6875 0.724121094
vn -0.0624389648 -0.613769531 0.787109375
vn -0.522949219 -0.852050781 9.53674316E-07
vn -0.311035156 -0.471191406 0.825195312
vn -0.876464844 -0.481689453 1.1920929E-06
vn 1 -2.44379044E-06 0
vn 1 2.44379044E-06 0
vn 1 2.44379044E-06 0
vn 1 -2.44379044E-06 0
vn 1 0 0
vn 1 0 0
vn 1 4.88758087E-06 0
vn 1 4.88758087E-06 0
vn 1 0 0
vn 1 0 0
vn 1 2.44379044E-06 0
vn 1 2.44379044E-06 0
vn 1 7.33137131E-06 0
vn 1 7.33137131E-06 0
vn 1 2.44379044E-06 0
vn 1 2.44379044E-06 0
vn 1 -4.88758087E-06 0
vn 1 -4.88758087E-06 0
vn 1 0 0
vn 1 0 0
vn -0 -0.70703125 0.70703125
vn -0 -0.70703125 0.70703125
vn -0 0 1
vn -0 0 1
vn -0 0.70703125 0.70703125
vn -0 0.70703125 0.70703125
vn -0 0.70703125 0.70703125
vn -0 0.70703125 0.70703125
vn -0 1 0
vn -0 1 0
vn -0 1 0
vn -0 1 0
vn -0 0.70703125 -0.70703125
vn -0 0.70703125 -0.70703125
vn -0 0.70703125 -0.70703125
vn -0 0.70703125 -0.70703125
vn -0 0 -1
vn -0 0 -1
vn -0 -0.70703125 -0.70703125
vn -0 -0.70703125 -0.70703125
vn -0 -0.70703125 -0.70703125
vn -0 -0.70703125 -0.70703125
vn -0 -1 0
vn -0 -1 0
vn -0 -1 0
vn -0 -1 0
vn -0 -0.70703125 0.70703125
vn -0 -0.70703125 0.70703125
vn 0.686035156 0.373291016 0.624511719
vn 0.590820312 0.806640625 -1.78813934E-07
vn 0.878417969 0.477783203 1.78813934E-07
vn 0.463378906 0.629394531 0.624023438
vn 0.146118164 0.0794067383 0.985839844
vn 0.108642578 0.141601562 0.983886719
vn -0.706542969 -0.000183582306 0.708007812
vn -0.706542969 -0.000141620636 0.707519531
vn -0 -0.000241994858 1
vn -0 -0.000313520432 1
vn 0.706542969 -0.000141859055 0.707519531
vn 0.706542969 -0.00018286705 0.708007812
vn -1 -5.32865524E-05 1.43051147E-06
vn -1 -4.11272049E-05 0
vn -0.706542969 -0.000141620636 0.707519531
vn -0.706542969 -0.000183582306 0.708007812
vn -0.709472656 0.000106155872 -0.704589844
vn -0.708984375 8.19563866E-05 -0.705078125
vn -1 -4.11272049E-05 0
vn -1 -5.32865524E-05 1.43051147E-06
vn -0.00312614441 0.000155568123 -1
vn -0.708984375 8.19563866E-05 -0.705078125
vn -0.709472656 0.000106155872 -0.704589844
vn -0.00205230713 0.000120341778 -1
vn 0.706054688 -0.000166893005 -0.708496094
vn 0.706542969 -0.000128269196 -0.708007812
vn 1 -0.000215768814 -0.00365257263
vn 1 -0.000166773796 -0.00268173218
vn 0.706542969 -0.000128269196 -0.708007812
vn 0.706054688 -0.000166893005 -0.708496094
vn 0.706542969 -0.00018286705 0.708007812
vn 0.706542969 -0.000141859055 0.707519531
vn 1 -0.000166773796 -0.00268173218
vn 1 -0.000215768814 -0.00365257263
vn 0.115478516 0.993164062 -0.000319719315
vn 0.115478516 0.993164062 -0.000248193741
vn 0.0819091797 0.993164062 0.0821533203
vn 0.0819091797 0.993164062 0.0821533203
vn 2.38418579E-07 0.993164062 0.116027832
vn 2.38418579E-07 0.993164062 0.116027832
vn -0.0819091797 0.993164062 0.0821533203
vn -0.0819091797 0.993164062 0.0821533203
vn -0.115966797 0.993164062 6.07967377E-06
vn -0.115966797 0.993164062 4.82797623E-06
vn 0.0814208984 0.993164062 -0.0827636719
vn 0.115478516 0.993164062 -0.000248193741
vn 0.115478516 0.993164062 -0.000319719315
vn 0.082824707 0.993164062 -0.0813598633
vn -0.000905990601 0.993164062 -0.117248535
vn 0.000749588013 0.993164062 -0.117248535
vn -0.0828857422 0.993164062 -0.0824584961
vn -0.082824707 0.993164062 -0.0825195312
vn -0.115966797 0.993164062 4.82797623E-06
vn -0.115966797 0.993164062 6.07967377E-06
vn 1 -0.000166773796 -0.00268173218
vn 1 -0.000110864639 -0.0011100769
vn 0.70703125 -8.46982002E-05 -0.707519531
vn 0.706542969 -0.000128269196 -0.708007812
vn 0.706542969 -0.000141859055 0.707519531
vn 0.70703125 -9.45925713E-05 0.707519531
vn 1 -0.000110864639 -0.0011100769
vn 1 -0.000166773796 -0.00268173218
vn -0 -0.000241994858 1
vn 0.70703125 -9.45925713E-05 0.707519531
vn 0.706542969 -0.000141859055 0.707519531
vn -0 -0.000160336494 1
vn -0.706542969 -0.000141620636 0.707519531
vn -0.70703125 -9.38773155E-05 0.707519531
vn -1 -4.11272049E-05 0
vn -1 -2.78353691E-05 0
vn -0.70703125 -9.38773155E-05 0.707519531
vn -0.706542969 -0.000141620636 0.707519531
vn -0.708984375 8.19563866E-05 -0.705078125
vn -0.708007812 5.37037849E-05 -0.706542969
vn -1 -2.78353691E-05 0
vn -1 -4.11272049E-05 0
vn -0.00205230713 0.000120341778 -1
vn -0.708007812 5.37037849E-05 -0.706542969
vn -0.708984375 8.19563866E-05 -0.705078125
vn -0.000858783722 7.95722008E-05 -1
vn 0.706542969 -0.000128269196 -0.708007812
vn 0.70703125 -8.46982002E-05 -0.707519531
vn 1 -0.000110864639 -0.0011100769
vn 0.996582031 0.0813598633 -0.000360488892
vn 0.724121094 0.0598754883 -0.687011719
vn 0.70703125 -8.46982002E-05 -0.707519531
vn 0.70703125 -9.45925713E-05 0.707519531
vn 0.996582031 0.0813598633 -0.000360488892
vn 1 -0.000110864639 -0.0011100769
vn 0.724121094 0.0599060059 0.687011719
vn -0 -0.000160336494 1
vn 0.0319213867 0.0116119385 0.999511719
vn -0.70703125 -9.38773155E-05 0.707519531
vn -0.694335938 -0.0118179321 0.719726562
vn 0.0319213867 0.0116119385 0.999511719
vn -0 -0.000160336494 1
vn -1 -2.78353691E-05 0
vn -1 -0.00722503662 0
vn -0.694335938 -0.0118179321 0.719726562
vn -0.70703125 -9.38773155E-05 0.707519531
vn -0.708007812 5.37037849E-05 -0.706542969
vn -0.694335938 -0.0116882324 -0.719238281
vn -1 -0.00722503662 0
vn -1 -2.78353691E-05 0
vn -0.000858783722 7.95722008E-05 -1
vn -0.694335938 -0.0116882324 -0.719238281
vn -0.708007812 5.37037849E-05 -0.706542969
vn 0.0317077637 0.0118103027 -0.999511719
vn 0.70703125 -8.46982002E-05 -0.707519531
vn 0.724121094 0.0598754883 -0.687011719
g Industrial_Pipe_Combination_2_0
f 3/3/3 2/2/2 1/1/1
f 4/4/4 3/3/3 1/1/1
f 7/7/7 6/6/6 5/5/5
f 8/8/8 7/7/7 5/5/5
f 9/9/9 7/7/7 8/8/8
f 10/10/10 9/9/9 8/8/8
f 13/13/13 12/12/12 11/11/11
f 14/14/14 13/13/13 11/11/11
f 17/17/17 16/16/16 15/15/15
f 18/18/18 17/17/17 15/15/15
f 18/18/18 19/19/19 17/17/17
f 19/19/19 20/20/20 17/17/17
f 23/23/23 22/22/22 21/21/21
f 24/24/24 23/23/23 21/21/21
f 27/27/27 26/26/26 25/25/25
f 28/28/28 27/27/27 25/25/25
f 31/31/31 30/30/30 29/29/29
f 32/32/32 31/31/31 29/29/29
f 35/35/35 34/34/34 33/33/33
f 36/36/36 35/35/35 33/33/33
f 39/39/39 38/38/38 37/37/37
f 40/40/40 39/39/39 37/37/37
f 43/43/43 42/42/42 41/41/41
f 44/44/44 43/43/43 41/41/41
f 47/47/47 46/46/46 45/45/45
f 48/48/48 47/47/47 45/45/45
f 51/51/51 50/50/50 49/49/49
f 52/52/52 51/51/51 49/49/49
f 55/55/55 54/54/54 53/53/53
f 56/56/56 55/55/55 53/53/53
f 59/59/59 58/58/58 57/57/57
f 60/60/60 59/59/59 57/57/57
g Industrial_Pipe_Combination_2_1
f 63/63/63 62/62/62 61/61/61
f 66/66/66 65/65/65 64/64/64
f 68/68/68 66/66/66 67/67/67
f 69/69/69 68/68/68 67/67/67
f 72/72/72 71/71/71 70/70/70
f 75/75/75 74/74/74 73/73/73
f 78/78/78 77/77/77 76/76/76
f 76/76/76 80/80/80 79/79/79
f 80/80/80 81/81/81 79/79/79
f 80/80/80 82/82/82 81/81/81
f 82/82/82 83/83/83 81/81/81
f 84/84/84 82/82/82 80/80/80
f 84/84/84 85/85/85 82/82/82
f 85/85/85 86/86/86 82/82/82
f 89/89/89 88/88/88 87/87/87
f 92/92/92 91/91/91 90/90/90
f 93/93/93 92/92/92 90/90/90
f 94/94/94 92/92/92 93/93/93
f 95/95/95 94/94/94 93/93/93
f 98/98/98 97/97/97 96/96/96
f 99/99/99 98/98/98 96/96/96
f 102/102/102 101/101/101 100/100/100
f 103/103/103 102/102/102 100/100/100
f 106/106/106 105/105/105 104/104/104
f 107/107/107 106/106/106 104/104/104
f 108/108/108 106/106/106 107/107/107
f 109/109/109 108/108/108 107/107/107
f 112/112/112 111/111/111 110/110/110
f 113/113/113 112/112/112 110/110/110
f 116/116/116 115/115/115 114/114/114
f 117/117/117 116/116/116 114/114/114
f 120/120/120 119/119/119 118/118/118
f 121/121/121 120/120/120 118/118/118
f 124/124/124 123/123/123 122/122/122
f 125/125/125 124/124/124 122/122/122
f 126/126/126 124/124/124 125/125/125
f 127/127/127 126/126/126 125/125/125
f 130/130/130 129/129/129 128/128/128
f 131/131/131 130/130/130 128/128/128
f 134/134/134 133/133/133 132/132/132
f 135/135/135 134/134/134 132/132/132
f 136/136/136 134/134/134 135/135/135
f 137/137/137 136/136/136 135/135/135
f 140/140/140 139/139/139 138/138/138
f 141/141/141 140/140/140 138/138/138
f 144/144/144 143/143/143 142/142/142
f 145/145/145 144/144/144 142/142/142
f 148/148/148 147/147/147 146/146/146
f 147/147/147 149/149/149 146/146/146
f 147/147/147 150/150/150 149/149/149
f 150/150/150 151/151/151 149/149/149
f 149/149/149 151/151/151 152/152/152
f 151/151/151 153/153/153 152/152/152
f 149/149/149 152/152/152 154/154/154
f 146/146/146 149/149/149 154/154/154
f 146/146/146 154/154/154 155/155/155
f 156/156/156 146/146/146 155/155/155
f 159/159/159 158/158/158 157/157/157
f 158/158/158 160/160/160 157/157/157
f 158/158/158 161/161/161 160/160/160
f 161/161/161 162/162/162 160/160/160
f 165/165/165 164/164/164 163/163/163
f 166/166/166 165/165/165 163/163/163
f 166/166/166 163/163/163 167/167/167
f 168/168/168 166/166/166 167/167/167
f 171/171/171 170/170/170 169/169/169
f 172/172/172 171/171/171 169/169/169
f 175/175/175 174/174/174 173/173/173
f 176/176/176 175/175/175 173/173/173
f 177/177/177 175/175/175 176/176/176
f 176/176/176 173/173/173 178/178/178
f 179/179/179 177/177/177 176/176/176
f 180/180/180 176/176/176 178/178/178
f 179/179/179 176/176/176 180/180/180
f 180/180/180 178/178/178 181/181/181
f 182/182/182 179/179/179 180/180/180
f 183/183/183 180/180/180 181/181/181
f 182/182/182 180/180/180 183/183/183
f 184/184/184 182/182/182 183/183/183
f 187/187/187 186/186/186 185/185/185
f 188/188/188 187/187/187 185/185/185
f 188/188/188 185/185/185 189/189/189
f 190/190/190 188/188/188 189/189/189
f 190/190/190 189/189/189 191/191/191
f 192/192/192 190/190/190 191/191/191
f 195/195/195 194/194/194 193/193/193
f 196/196/196 195/195/195 193/193/193
f 196/196/196 193/193/193 197/197/197
f 198/198/198 196/196/196 197/197/197
f 198/198/198 197/197/197 199/199/199
f 202/202/202 201/201/201 200/200/200
f 201/201/201 203/203/203 200/200/200
f 200/200/200 203/203/203 204/204/204
f 203/203/203 205/205/205 204/204/204
f 204/204/204 205/205/205 206/206/206
f 205/205/205 207/207/207 206/206/206
f 206/206/206 207/207/207 208/208/208
f 207/207/207 209/209/209 208/208/208
f 212/212/212 211/211/211 210/210/210
f 213/213/213 212/212/212 210/210/210
f 214/214/214 212/212/212 213/213/213
f 215/215/215 214/214/214 213/213/213
f 216/216/216 214/214/214 215/215/215
f 217/217/217 216/216/216 215/215/215
f 218/218/218 216/216/216 217/217/217
f 219/219/219 218/218/218 217/217/217
f 222/222/222 221/221/221 220/220/220
f 223/223/223 222/222/222 220/220/220
f 224/224/224 222/222/222 223/223/223
f 225/225/225 224/224/224 223/223/223
f 228/228/228 227/227/227 226/226/226
f 229/229/229 228/228/228 226/226/226
f 232/232/232 231/231/231 230/230/230
f 233/233/233 232/232/232 230/230/230
f 236/236/236 235/235/235 234/234/234
f 237/237/237 236/236/236 234/234/234
f 238/238/238 236/236/236 237/237/237
f 239/239/239 238/238/238 237/237/237
f 242/242/242 241/241/241 240/240/240
f 243/243/243 242/242/242 240/240/240
f 246/246/246 245/245/245 244/244/244
f 247/247/247 246/246/246 244/244/244
f 250/250/250 249/249/249 248/248/248
f 249/249/249 251/251/251 248/248/248
f 248/248/248 251/251/251 252/252/252
f 251/251/251 253/253/253 252/252/252
f 256/256/256 255/255/255 254/254/254
f 257/257/257 256/256/256 254/254/254
f 258/258/258 256/256/256 257/257/257
f 259/259/259 258/258/258 257/257/257
f 262/262/262 261/261/261 260/260/260
f 263/263/263 262/262/262 260/260/260
f 266/266/266 265/265/265 264/264/264
f 267/267/267 266/266/266 264/264/264
f 270/270/270 269/269/269 268/268/268
f 269/269/269 271/271/271 268/268/268
f 268/268/268 271/271/271 272/272/272
f 271/271/271 273/273/273 272/272/272
f 276/276/276 275/275/275 274/274/274
f 277/277/277 276/276/276 274/274/274
f 280/280/280 279/279/279 278/278/278
f 281/281/281 280/280/280 278/278/278
f 284/284/284 283/283/283 282/282/282
f 285/285/285 284/284/284 282/282/282
f 286/286/286 284/284/284 285/285/285
f 287/287/287 286/286/286 285/285/285
f 288/288/288 286/286/286 287/287/287
f 289/289/289 288/288/288 287/287/287
f 290/290/290 288/288/288 289/289/289
f 291/291/291 290/290/290 289/289/289
f 294/294/294 293/293/293 292/292/292
f 293/293/293 295/295/295 292/292/292
f 292/292/292 295/295/295 296/296/296
f 295/295/295 297/297/297 296/296/296
f 296/296/296 297/297/297 298/298/298
f 297/297/297 299/299/299 298/298/298
f 298/298/298 299/299/299 300/300/300
f 299/299/299 301/301/301 300/300/300
f 304/304/304 303/303/303 302/302/302
f 305/305/305 304/304/304 302/302/302
f 308/308/308 307/307/307 306/306/306
f 309/309/309 308/308/308 306/306/306
f 312/312/312 311/311/311 310/310/310
f 311/311/311 313/313/313 310/310/310
f 310/310/310 313/313/313 314/314/314
f 313/313/313 315/315/315 314/314/314
f 318/318/318 317/317/317 316/316/316
f 319/319/319 318/318/318 316/316/316
f 322/322/322 321/321/321 320/320/320
f 323/323/323 322/322/322 320/320/320
f 326/326/326 325/325/325 324/324/324
f 325/325/325 327/327/327 324/324/324
f 324/324/324 327/327/327 328/328/328
f 327/327/327 329/329/329 328/328/328
f 332/332/332 331/331/331 330/330/330
f 333/333/333 332/332/332 330/330/330
f 336/336/336 335/335/335 334/334/334
f 335/335/335 337/337/337 334/334/334
f 334/334/334 337/337/337 338/338/338
f 337/337/337 339/339/339 338/338/338
f 342/342/342 341/341/341 340/340/340
f 343/343/343 342/342/342 340/340/340
f 346/346/346 345/345/345 344/344/344
f 347/347/347 346/346/346 344/344/344
f 350/350/350 349/349/349 348/348/348
f 351/351/351 350/350/350 348/348/348
f 354/354/354 353/353/353 352/352/352
f 353/353/353 355/355/355 352/352/352
f 352/352/352 355/355/355 356/356/356
f 355/355/355 357/357/357 356/356/356
f 360/360/360 359/359/359 358/358/358
f 361/361/361 360/360/360 358/358/358
f 362/362/362 360/360/360 361/361/361
f 363/363/363 362/362/362 361/361/361
f 366/366/366 365/365/365 364/364/364
f 367/367/367 366/366/366 364/364/364
f 370/370/370 369/369/369 368/368/368
f 371/371/371 370/370/370 368/368/368
f 374/374/374 373/373/373 372/372/372
f 375/375/375 374/374/374 372/372/372
f 376/376/376 374/374/374 375/375/375
f 377/377/377 376/376/376 375/375/375
f 380/380/380 379/379/379 378/378/378
f 381/381/381 380/380/380 378/378/378
f 384/384/384 383/383/383 382/382/382
f 385/385/385 384/384/384 382/382/382
f 388/388/388 387/387/387 386/386/386
f 389/389/389 388/388/388 386/386/386
f 390/390/390 388/388/388 389/389/389
f 391/391/391 390/390/390 389/389/389
f 394/394/394 393/393/393 392/392/392
f 395/395/395 394/394/394 392/392/392
f 398/398/398 397/397/397 396/396/396
f 399/399/399 398/398/398 396/396/396
f 400/400/400 398/398/398 399/399/399
f 401/401/401 400/400/400 399/399/399
f 404/404/404 403/403/403 402/402/402
f 405/405/405 404/404/404 402/402/402
f 406/406/406 404/404/404 405/405/405
f 407/407/407 406/406/406 405/405/405
f 410/410/410 409/409/409 408/408/408
f 411/411/411 410/410/410 408/408/408
f 414/414/414 413/413/413 412/412/412
f 413/413/413 415/415/415 412/412/412
f 413/413/413 416/416/416 415/415/415
f 416/416/416 417/417/417 415/415/415
f 420/420/420 419/419/419 418/418/418
f 419/419/419 421/421/421 418/418/418
f 419/419/419 422/422/422 421/421/421
f 422/422/422 423/423/423 421/421/421
f 426/426/426 425/425/425 424/424/424
f 427/427/427 426/426/426 424/424/424
f 427/427/427 424/424/424 428/428/428
f 429/429/429 427/427/427 428/428/428
f 428/428/428 424/424/424 430/430/430
f 424/424/424 431/431/431 430/430/430
f 434/434/434 433/433/433 432/432/432
f 433/433/433 435/435/435 432/432/432
f 433/433/433 436/436/436 435/435/435
f 436/436/436 437/437/437 435/435/435
f 440/440/440 439/439/439 438/438/438
f 439/439/439 441/441/441 438/438/438
f 439/439/439 442/442/442 441/441/441
f 442/442/442 443/443/443 441/441/441
f 446/446/446 445/445/445 444/444/444
f 447/447/447 446/446/446 444/444/444
f 448/448/448 446/446/446 447/447/447
f 447/447/447 444/444/444 449/449/449
f 450/450/450 448/448/448 447/447/447
f 451/451/451 447/447/447 449/449/449
f 450/450/450 447/447/447 451/451/451
f 451/451/451 449/449/449 452/452/452
f 453/453/453 450/450/450 451/451/451
f 454/454/454 451/451/451 452/452/452
f 453/453/453 451/451/451 454/454/454
f 455/455/455 453/453/453 454/454/454
f 458/458/458 457/457/457 456/456/456
f 459/459/459 458/458/458 456/456/456
f 460/460/460 458/458/458 459/459/459
f 461/461/461 460/460/460 459/459/459
f 461/461/461 459/459/459 462/462/462
f 463/463/463 461/461/461 462/462/462
f 463/463/463 462/462/462 464/464/464
f 465/465/465 463/463/463 464/464/464
f 468/468/468 467/467/467 466/466/466
f 467/467/467 469/469/469 466/466/466
f 466/466/466 469/469/469 470/470/470
f 469/469/469 471/471/471 470/470/470
f 474/474/474 473/473/473 472/472/472
f 475/475/475 474/474/474 472/472/472
f 476/476/476 474/474/474 475/475/475
f 477/477/477 476/476/476 475/475/475
f 480/480/480 479/479/479 478/478/478
f 481/481/481 480/480/480 478/478/478
f 482/482/482 480/480/480 481/481/481
f 483/483/483 482/482/482 481/481/481
f 486/486/486 485/485/485 484/484/484
f 487/487/487 486/486/486 484/484/484
f 488/488/488 486/486/486 487/487/487
f 489/489/489 488/488/488 487/487/487
f 492/492/492 491/491/491 490/490/490
f 493/493/493 492/492/492 490/490/490
f 494/494/494 492/492/492 493/493/493
f 495/495/495 494/494/494 493/493/493
f 498/498/498 497/497/497 496/496/496
f 499/499/499 498/498/498 496/496/496
f 502/502/502 501/501/501 500/500/500
f 503/503/503 502/502/502 500/500/500
f 506/506/506 505/505/505 504/504/504
f 507/507/507 506/506/506 504/504/504
f 508/508/508 506/506/506 507/507/507
f 509/509/509 508/508/508 507/507/507
f 512/512/512 511/511/511 510/510/510
f 513/513/513 512/512/512 510/510/510
f 516/516/516 515/515/515 514/514/514
f 517/517/517 516/516/516 514/514/514
f 520/520/520 519/519/519 518/518/518
f 521/521/521 520/520/520 518/518/518
f 524/524/524 523/523/523 522/522/522
f 525/525/525 524/524/524 522/522/522
f 528/528/528 527/527/527 526/526/526
f 529/529/529 528/528/528 526/526/526
f 532/532/532 531/531/531 530/530/530
f 533/533/533 532/532/532 530/530/530
f 534/534/534 532/532/532 533/533/533
f 535/535/535 534/534/534 533/533/533
f 538/538/538 537/537/537 536/536/536
f 539/539/539 538/538/538 536/536/536
f 542/542/542 541/541/541 540/540/540
f 541/541/541 543/543/543 540/540/540
f 540/540/540 543/543/543 544/544/544
f 543/543/543 545/545/545 544/544/544
f 544/544/544 545/545/545 546/546/546
f 545/545/545 547/547/547 546/546/546
f 550/550/550 549/549/549 548/548/548
f 551/551/551 550/550/550 548/548/548
f 554/554/554 553/553/553 552/552/552
f 555/555/555 554/554/554 552/552/552
f 558/558/558 557/557/557 556/556/556
f 559/559/559 558/558/558 556/556/556
f 560/560/560 558/558/558 559/559/559
f 561/561/561 560/560/560 559/559/559
f 562/562/562 560/560/560 561/561/561
f 563/563/563 562/562/562 561/561/561
f 564/564/564 562/562/562 563/563/563
f 565/565/565 564/564/564 563/563/563
f 568/568/568 567/567/567 566/566/566
f 567/567/567 569/569/569 566/566/566
f 566/566/566 569/569/569 570/570/570
f 569/569/569 571/571/571 570/570/570
f 570/570/570 571/571/571 572/572/572
f 571/571/571 573/573/573 572/572/572
f 572/572/572 573/573/573 574/574/574
f 573/573/573 575/575/575 574/574/574
f 578/578/578 577/577/577 576/576/576
f 579/579/579 578/578/578 576/576/576
f 580/580/580 578/578/578 579/579/579
f 583/583/583 582/582/582 581/581/581
f 584/584/584 583/583/583 581/581/581
f 587/587/587 586/586/586 585/585/585
f 586/586/586 588/588/588 585/585/585
f 585/585/585 588/588/588 589/589/589
f 588/588/588 590/590/590 589/589/589
f 593/593/593 592/592/592 591/591/591
f 594/594/594 593/593/593 591/591/591
f 597/597/597 596/596/596 595/595/595
f 596/596/596 598/598/598 595/595/595
f 595/595/595 598/598/598 599/599/599
f 598/598/598 600/600/600 599/599/599
f 599/599/599 600/600/600 601/601/601
f 604/604/604 603/603/603 602/602/602
f 605/605/605 604/604/604 602/602/602
f 606/606/606 604/604/604 605/605/605
f 607/607/607 606/606/606 605/605/605
f 610/610/610 609/609/609 608/608/608
f 611/611/611 610/610/610 608/608/608
f 614/614/614 613/613/613 612/612/612
f 613/613/613 615/615/615 612/612/612
f 612/612/612 615/615/615 616/616/616
f 615/615/615 617/617/617 616/616/616
f 620/620/620 619/619/619 618/618/618
f 621/621/621 620/620/620 618/618/618
f 624/624/624 623/623/623 622/622/622
f 623/623/623 625/625/625 622/622/622
f 622/622/622 625/625/625 626/626/626
f 625/625/625 627/627/627 626/626/626
f 630/630/630 629/629/629 628/628/628
f 629/629/629 631/631/631 628/628/628
f 628/628/628 631/631/631 632/632/632
f 631/631/631 633/633/633 632/632/632
f 636/636/636 635/635/635 634/634/634
f 637/637/637 636/636/636 634/634/634
f 640/640/640 639/639/639 638/638/638
f 639/639/639 641/641/641 638/638/638
f 638/638/638 641/641/641 642/642/642
f 641/641/641 643/643/643 642/642/642
f 646/646/646 645/645/645 644/644/644
f 647/647/647 646/646/646 644/644/644
f 650/650/650 649/649/649 648/648/648
f 649/649/649 651/651/651 648/648/648
f 648/648/648 651/651/651 652/652/652
f 651/651/651 653/653/653 652/652/652
f 656/656/656 655/655/655 654/654/654
f 657/657/657 656/656/656 654/654/654
f 658/658/658 656/656/656 657/657/657
f 659/659/659 658/658/658 657/657/657
f 662/662/662 661/661/661 660/660/660
f 663/663/663 662/662/662 660/660/660
f 666/666/666 665/665/665 664/664/664
f 667/667/667 666/666/666 664/664/664
f 670/670/670 669/669/669 668/668/668
f 671/671/671 670/670/670 668/668/668
f 672/672/672 670/670/670 671/671/671
f 673/673/673 672/672/672 671/671/671
f 676/676/676 675/675/675 674/674/674
f 677/677/677 676/676/676 674/674/674
f 680/680/680 679/679/679 678/678/678
f 681/681/681 680/680/680 678/678/678
f 684/684/684 683/683/683 682/682/682
f 685/685/685 684/684/684 682/682/682
f 686/686/686 684/684/684 685/685/685
f 687/687/687 686/686/686 685/685/685
f 690/690/690 689/689/689 688/688/688
f 691/691/691 690/690/690 688/688/688
f 692/692/692 690/690/690 691/691/691
f 693/693/693 692/692/692 691/691/691
f 696/696/696 695/695/695 694/694/694
f 697/697/697 696/696/696 694/694/694
f 700/700/700 699/699/699 698/698/698
f 701/701/701 700/700/700 698/698/698
f 704/704/704 703/703/703 702/702/702
f 705/705/705 704/704/704 702/702/702
f 705/705/705 702/702/702 706/706/706
f 707/707/707 705/705/705 706/706/706
f 708/708/708 705/705/705 707/707/707
f 709/709/709 708/708/708 707/707/707
f 712/712/712 711/711/711 710/710/710
f 711/711/711 713/713/713 710/710/710
f 711/711/711 714/714/714 713/713/713
f 714/714/714 715/715/715 713/713/713
f 718/718/718 717/717/717 716/716/716
f 719/719/719 718/718/718 716/716/716
f 722/722/722 721/721/721 720/720/720
f 723/723/723 722/722/722 720/720/720
f 724/724/724 722/722/722 723/723/723
f 725/725/725 724/724/724 723/723/723
f 723/723/723 720/720/720 726/726/726
f 727/727/727 723/723/723 726/726/726
f 727/727/727 726/726/726 728/728/728
f 728/728/728 726/726/726 729/729/729
f 730/730/730 727/727/727 728/728/728
f 733/733/733 732/732/732 731/731/731
f 734/734/734 733/733/733 731/731/731
f 737/737/737 736/736/736 735/735/735
f 738/738/738 737/737/737 735/735/735
f 738/738/738 735/735/735 739/739/739
f 739/739/739 735/735/735 740/740/740
f 739/739/739 740/740/740 741/741/741
f 742/742/742 738/738/738 739/739/739
f 742/742/742 739/739/739 743/743/743
f 744/744/744 742/742/742 743/743/743
f 745/745/745 742/742/742 744/744/744
f 748/748/748 747/747/747 746/746/746
f 749/749/749 748/748/748 746/746/746
f 752/752/752 751/751/751 750/750/750
f 753/753/753 752/752/752 750/750/750
f 753/753/753 750/750/750 754/754/754
f 755/755/755 753/753/753 754/754/754
f 755/755/755 754/754/754 756/756/756
f 759/759/759 758/758/758 757/757/757
f 758/758/758 760/760/760 757/757/757
f 757/757/757 760/760/760 761/761/761
f 760/760/760 762/762/762 761/761/761
f 765/765/765 764/764/764 763/763/763
f 766/766/766 765/765/765 763/763/763
f 767/767/767 765/765/765 766/766/766
f 768/768/768 767/767/767 766/766/766
f 771/771/771 770/770/770 769/769/769
f 772/772/772 771/771/771 769/769/769
f 773/773/773 771/771/771 772/772/772
f 774/774/774 773/773/773 772/772/772
f 775/775/775 773/773/773 774/774/774
f 776/776/776 775/775/775 774/774/774
f 779/779/779 778/778/778 777/777/777
f 780/780/780 779/779/779 777/777/777
f 783/783/783 782/782/782 781/781/781
f 784/784/784 783/783/783 781/781/781
f 785/785/785 783/783/783 784/784/784
f 786/786/786 785/785/785 784/784/784
f 789/789/789 788/788/788 787/787/787
f 790/790/790 789/789/789 787/787/787
f 793/793/793 792/792/792 791/791/791
f 794/794/794 793/793/793 791/791/791
f 797/797/797 796/796/796 795/795/795
f 798/798/798 797/797/797 795/795/795
f 799/799/799 797/797/797 798/798/798
f 800/800/800 799/799/799 798/798/798
f 803/803/803 802/802/802 801/801/801
f 804/804/804 803/803/803 801/801/801
f 807/807/807 806/806/806 805/805/805
f 808/808/808 807/807/807 805/805/805
f 811/811/811 810/810/810 809/809/809
f 812/812/812 811/811/811 809/809/809
f 815/815/815 814/814/814 813/813/813
f 816/816/816 815/815/815 813/813/813
f 819/819/819 818/818/818 817/817/817
f 820/820/820 819/819/819 817/817/817
f 823/823/823 822/822/822 821/821/821
f 824/824/824 823/823/823 821/821/821
f 827/827/827 826/826/826 825/825/825
f 826/826/826 828/828/828 825/825/825
f 825/825/825 828/828/828 829/829/829
f 828/828/828 830/830/830 829/829/829
f 833/833/833 832/832/832 831/831/831
f 832/832/832 834/834/834 831/831/831
f 831/831/831 834/834/834 835/835/835
f 834/834/834 836/836/836 835/835/835
f 839/839/839 838/838/838 837/837/837
f 840/840/840 839/839/839 837/837/837
f 841/841/841 839/839/839 840/840/840
f 842/842/842 841/841/841 840/840/840
f 843/843/843 841/841/841 842/842/842
f 844/844/844 843/843/843 842/842/842
f 845/845/845 843/843/843 844/844/844
f 846/846/846 845/845/845 844/844/844
f 849/849/849 848/848/848 847/847/847
f 848/848/848 850/850/850 847/847/847
f 847/847/847 850/850/850 851/851/851
f 850/850/850 852/852/852 851/851/851
f 851/851/851 852/852/852 853/853/853
f 852/852/852 854/854/854 853/853/853
f 853/853/853 854/854/854 855/855/855
f 854/854/854 856/856/856 855/855/855
f 859/859/859 858/858/858 857/857/857
f 860/860/860 859/859/859 857/857/857
f 861/861/861 859/859/859 860/860/860
f 862/862/862 861/861/861 860/860/860
f 865/865/865 864/864/864 863/863/863
f 864/864/864 866/866/866 863/863/863
f 863/863/863 866/866/866 867/867/867
f 866/866/866 868/868/868 867/867/867
f 871/871/871 870/870/870 869/869/869
f 872/872/872 871/871/871 869/869/869
f 875/875/875 874/874/874 873/873/873
f 876/876/876 875/875/875 873/873/873
f 879/879/879 878/878/878 877/877/877
f 880/880/880 879/879/879 877/877/877
f 883/883/883 882/882/882 881/881/881
f 884/884/884 883/883/883 881/881/881
f 887/887/887 886/886/886 885/885/885
f 888/888/888 887/887/887 885/885/885
f 889/889/889 887/887/887 888/888/888
f 890/890/890 889/889/889 888/888/888
f 893/893/893 892/892/892 891/891/891
f 894/894/894 893/893/893 891/891/891
f 897/897/897 896/896/896 895/895/895
f 898/898/898 897/897/897 895/895/895
f 901/901/901 900/900/900 899/899/899
f 902/902/902 901/901/901 899/899/899
f 903/903/903 901/901/901 902/902/902
f 904/904/904 903/903/903 902/902/902
f 907/907/907 906/906/906 905/905/905
f 908/908/908 907/907/907 905/905/905
f 911/911/911 910/910/910 909/909/909
f 912/912/912 911/911/911 909/909/909
f 915/915/915 914/914/914 913/913/913
f 916/916/916 915/915/915 913/913/913
f 919/919/919 918/918/918 917/917/917
f 920/920/920 919/919/919 917/917/917
f 921/921/921 919/919/919 920/920/920
f 922/922/922 921/921/921 920/920/920
f 925/925/925 924/924/924 923/923/923
f 926/926/926 925/925/925 923/923/923
f 929/929/929 928/928/928 927/927/927
f 930/930/930 929/929/929 927/927/927
f 931/931/931 929/929/929 930/930/930
f 932/932/932 931/931/931 930/930/930
f 935/935/935 934/934/934 933/933/933
f 936/936/936 935/935/935 933/933/933
f 939/939/939 938/938/938 937/937/937
f 940/940/940 939/939/939 937/937/937
f 943/943/943 942/942/942 941/941/941
f 942/942/942 944/944/944 941/941/941
f 942/942/942 945/945/945 944/944/944
f 945/945/945 946/946/946 944/944/944
f 944/944/944 946/946/946 947/947/947
f 946/946/946 948/948/948 947/947/947
f 944/944/944 947/947/947 949/949/949
f 941/941/941 944/944/944 949/949/949
f 941/941/941 949/949/949 950/950/950
f 951/951/951 941/941/941 950/950/950
f 954/954/954 953/953/953 952/952/952
f 953/953/953 955/955/955 952/952/952
f 953/953/953 956/956/956 955/955/955
f 956/956/956 957/957/957 955/955/955
f 960/960/960 959/959/959 958/958/958
f 961/961/961 960/960/960 958/958/958
f 961/961/961 958/958/958 962/962/962
f 963/963/963 961/961/961 962/962/962
f 966/966/966 965/965/965 964/964/964
f 967/967/967 966/966/966 964/964/964
f 970/970/970 969/969/969 968/968/968
f 971/971/971 970/970/970 968/968/968
f 972/972/972 970/970/970 971/971/971
f 971/971/971 968/968/968 973/973/973
f 974/974/974 972/972/972 971/971/971
f 975/975/975 971/971/971 973/973/973
f 974/974/974 971/971/971 975/975/975
f 975/975/975 973/973/973 976/976/976
f 977/977/977 974/974/974 975/975/975
f 978/978/978 975/975/975 976/976/976
f 977/977/977 975/975/975 978/978/978
f 979/979/979 977/977/977 978/978/978
f 982/982/982 981/981/981 980/980/980
f 983/983/983 982/982/982 980/980/980
f 983/983/983 980/980/980 984/984/984
f 985/985/985 983/983/983 984/984/984
f 985/985/985 984/984/984 986/986/986
f 987/987/987 985/985/985 986/986/986
f 990/990/990 989/989/989 988/988/988
f 991/991/991 990/990/990 988/988/988
f 991/991/991 988/988/988 992/992/992
f 993/993/993 991/991/991 992/992/992
f 993/993/993 992/992/992 994/994/994
f 997/997/997 996/996/996 995/995/995
f 996/996/996 998/998/998 995/995/995
f 995/995/995 998/998/998 999/999/999
f 998/998/998 1000/1000/1000 999/999/999
f 999/999/999 1000/1000/1000 1001/1001/1001
f 1000/1000/1000 1002/1002/1002 1001/1001/1001
f 1001/1001/1001 1002/1002/1002 1003/1003/1003
f 1002/1002/1002 1004/1004/1004 1003/1003/1003
f 1007/1007/1007 1006/1006/1006 1005/1005/1005
f 1008/1008/1008 1007/1007/1007 1005/1005/1005
f 1009/1009/1009 1007/1007/1007 1008/1008/1008
f 1010/1010/1010 1009/1009/1009 1008/1008/1008
f 1011/1011/1011 1009/1009/1009 1010/1010/1010
f 1012/1012/1012 1011/1011/1011 1010/1010/1010
f 1013/1013/1013 1011/1011/1011 1012/1012/1012
f 1014/1014/1014 1013/1013/1013 1012/1012/1012
f 1017/1017/1017 1016/1016/1016 1015/1015/1015
f 1018/1018/1018 1017/1017/1017 1015/1015/1015
f 1019/1019/1019 1017/1017/1017 1018/1018/1018
f 1020/1020/1020 1019/1019/1019 1018/1018/1018
f 1023/1023/1023 1022/1022/1022 1021/1021/1021
f 1024/1024/1024 1023/1023/1023 1021/1021/1021
f 1027/1027/1027 1026/1026/1026 1025/1025/1025
f 1028/1028/1028 1027/1027/1027 1025/1025/1025
f 1031/1031/1031 1030/1030/1030 1029/1029/1029
f 1032/1032/1032 1031/1031/1031 1029/1029/1029
f 1033/1033/1033 1031/1031/1031 1032/1032/1032
f 1034/1034/1034 1033/1033/1033 1032/1032/1032
f 1037/1037/1037 1036/1036/1036 1035/1035/1035
f 1038/1038/1038 1037/1037/1037 1035/1035/1035
f 1041/1041/1041 1040/1040/1040 1039/1039/1039
f 1042/1042/1042 1041/1041/1041 1039/1039/1039
f 1045/1045/1045 1044/1044/1044 1043/1043/1043
f 1044/1044/1044 1046/1046/1046 1043/1043/1043
f 1043/1043/1043 1046/1046/1046 1047/1047/1047
f 1046/1046/1046 1048/1048/1048 1047/1047/1047
f 1051/1051/1051 1050/1050/1050 1049/1049/1049
f 1052/1052/1052 1051/1051/1051 1049/1049/1049
f 1053/1053/1053 1051/1051/1051 1052/1052/1052
f 1054/1054/1054 1053/1053/1053 1052/1052/1052
f 1057/1057/1057 1056/1056/1056 1055/1055/1055
f 1058/1058/1058 1057/1057/1057 1055/1055/1055
f 1061/1061/1061 1060/1060/1060 1059/1059/1059
f 1062/1062/1062 1061/1061/1061 1059/1059/1059
f 1065/1065/1065 1064/1064/1064 1063/1063/1063
f 1064/1064/1064 1066/1066/1066 1063/1063/1063
f 1063/1063/1063 1066/1066/1066 1067/1067/1067
f 1066/1066/1066 1068/1068/1068 1067/1067/1067
f 1071/1071/1071 1070/1070/1070 1069/1069/1069
f 1072/1072/1072 1071/1071/1071 1069/1069/1069
f 1075/1075/1075 1074/1074/1074 1073/1073/1073
f 1076/1076/1076 1075/1075/1075 1073/1073/1073
f 1079/1079/1079 1078/1078/1078 1077/1077/1077
f 1080/1080/1080 1079/1079/1079 1077/1077/1077
f 1081/1081/1081 1079/1079/1079 1080/1080/1080
f 1082/1082/1082 1081/1081/1081 1080/1080/1080
f 1083/1083/1083 1081/1081/1081 1082/1082/1082
f 1084/1084/1084 1083/1083/1083 1082/1082/1082
f 1085/1085/1085 1083/1083/1083 1084/1084/1084
f 1086/1086/1086 1085/1085/1085 1084/1084/1084
f 1089/1089/1089 1088/1088/1088 1087/1087/1087
f 1088/1088/1088 1090/1090/1090 1087/1087/1087
f 1087/1087/1087 1090/1090/1090 1091/1091/1091
f 1090/1090/1090 1092/1092/1092 1091/1091/1091
f 1091/1091/1091 1092/1092/1092 1093/1093/1093
f 1092/1092/1092 1094/1094/1094 1093/1093/1093
f 1093/1093/1093 1094/1094/1094 1095/1095/1095
f 1094/1094/1094 1096/1096/1096 1095/1095/1095
f 1099/1099/1099 1098/1098/1098 1097/1097/1097
f 1100/1100/1100 1099/1099/1099 1097/1097/1097
f 1103/1103/1103 1102/1102/1102 1101/1101/1101
f 1104/1104/1104 1103/1103/1103 1101/1101/1101
f 1107/1107/1107 1106/1106/1106 1105/1105/1105
f 1106/1106/1106 1108/1108/1108 1105/1105/1105
f 1105/1105/1105 1108/1108/1108 1109/1109/1109
f 1108/1108/1108 1110/1110/1110 1109/1109/1109
f 1113/1113/1113 1112/1112/1112 1111/1111/1111
f 1114/1114/1114 1113/1113/1113 1111/1111/1111
f 1117/1117/1117 1116/1116/1116 1115/1115/1115
f 1118/1118/1118 1117/1117/1117 1115/1115/1115
f 1121/1121/1121 1120/1120/1120 1119/1119/1119
f 1120/1120/1120 1122/1122/1122 1119/1119/1119
f 1119/1119/1119 1122/1122/1122 1123/1123/1123
f 1122/1122/1122 1124/1124/1124 1123/1123/1123
f 1127/1127/1127 1126/1126/1126 1125/1125/1125
f 1128/1128/1128 1127/1127/1127 1125/1125/1125
f 1131/1131/1131 1130/1130/1130 1129/1129/1129
f 1130/1130/1130 1132/1132/1132 1129/1129/1129
f 1129/1129/1129 1132/1132/1132 1133/1133/1133
f 1132/1132/1132 1134/1134/1134 1133/1133/1133
f 1137/1137/1137 1136/1136/1136 1135/1135/1135
f 1138/1138/1138 1137/1137/1137 1135/1135/1135
f 1141/1141/1141 1140/1140/1140 1139/1139/1139
f 1142/1142/1142 1141/1141/1141 1139/1139/1139
f 1145/1145/1145 1144/1144/1144 1143/1143/1143
f 1146/1146/1146 1145/1145/1145 1143/1143/1143
f 1149/1149/1149 1148/1148/1148 1147/1147/1147
f 1148/1148/1148 1150/1150/1150 1147/1147/1147
f 1147/1147/1147 1150/1150/1150 1151/1151/1151
f 1150/1150/1150 1152/1152/1152 1151/1151/1151
