g Combined Mesh (root: scene) 22
v -45.4971428 3.30160904 6.99285793
v -45.3899994 3.25997496 7.10000038
v -45.282856 3.30160904 6.99285793
v -45.282856 3.30160904 6.99285793
v -45.3899994 3.25997496 7.10000038
v -45.282856 3.30160904 7.20714283
v -45.282856 3.30160904 7.20714283
v -45.3899994 3.25997496 7.10000038
v -45.4971428 3.30160904 7.20714283
v -45.4971428 3.30160904 7.20714283
v -45.3899994 3.25997496 7.10000038
v -45.4971428 3.30160904 6.99285793
v -45.3063354 -0.0776242912 6.95941353
v -45.4736633 -0.0776242912 6.95941353
v -45.487339 -0.156624943 6.9364295
v -45.2926598 -0.156624943 6.9364295
v -45.592762 -0.156624943 7.10000038
v -45.487339 -0.156624943 6.9364295
v -45.4736633 -0.0776242912 6.95941353
v -45.56427 -0.0776242912 7.10000038
v -45.487339 -0.156624943 7.26357174
v -45.592762 -0.156624943 7.10000038
v -45.56427 -0.0776242912 7.10000038
v -45.4736633 -0.0776244551 7.24058771
v -45.4736633 -0.0776244551 7.24058771
v -45.3063354 -0.0776242912 7.24058771
v -45.2926598 -0.156624943 7.26357174
v -45.487339 -0.156624943 7.26357174
v -45.1872368 -0.156624943 7.10000038
v -45.2926598 -0.156624943 7.26357174
v -45.3063354 -0.0776242912 7.24058771
v -45.2157288 -0.0776242912 7.10000038
v -45.2926598 -0.156624943 6.9364295
v -45.1872368 -0.156624943 7.10000038
v -45.2157288 -0.0776242912 7.10000038
v -45.3063354 -0.0776242912 6.95941353
v -45.3466339 0.774280846 7.02713156
v -45.4333649 0.774280846 7.02713156
v -45.4383087 0.678224325 7.01882219
v -45.3416901 0.678224325 7.01882219
v -45.4906273 0.678224325 7.10000038
v -45.4383087 0.678224325 7.01882219
v -45.4333649 0.774280846 7.02713156
v -45.4803276 0.774280846 7.10000038
v -45.4383087 0.678224325 7.18117857
v -45.4906273 0.678224325 7.10000038
v -45.4803276 0.774280846 7.10000038
v -45.4333649 0.774280846 7.17286921
v -45.4333649 0.774280846 7.17286921
v -45.3466339 0.774280846 7.17286921
v -45.3416901 0.678224325 7.18117857
v -45.4383087 0.678224325 7.18117857
v -45.2893715 0.678224325 7.10000038
v -45.3416901 0.678224325 7.18117857
v -45.3466339 0.774280846 7.17286921
v -45.2996712 0.774280846 7.10000038
v -45.3416901 0.678224325 7.01882219
v -45.2893715 0.678224325 7.10000038
v -45.2996712 0.774280846 7.10000038
v -45.3466339 0.774280846 7.02713156
v -45.3359337 0.77927804 7.00914907
v -45.4440651 0.77927804 7.00914907
v -45.4333649 0.774280846 7.02713156
v -45.3466339 0.774280846 7.02713156
v -45.4333649 0.774280846 7.02713156
v -45.4440651 0.77927804 7.00914907
v -45.5026169 0.77927804 7.10000038
v -45.4803276 0.774280846 7.10000038
v -45.4803276 0.774280846 7.10000038
v -45.5026169 0.77927804 7.10000038
v -45.4440651 0.77927804 7.19085169
v -45.4333649 0.774280846 7.17286921
v -45.4440651 0.77927804 7.19085169
v -45.3359337 0.77927804 7.19085169
v -45.3466339 0.774280846 7.17286921
v -45.4333649 0.774280846 7.17286921
v -45.3466339 0.774280846 7.17286921
v -45.3359337 0.77927804 7.19085169
v -45.2773819 0.77927804 7.10000038
v -45.2996712 0.774280846 7.10000038
v -45.2996712 0.774280846 7.10000038
v -45.2773819 0.77927804 7.10000038
v -45.3359337 0.77927804 7.00914907
v -45.3466339 0.774280846 7.02713156
v -45.4440651 0.806851029 7.00914907
v -45.4440651 0.77927804 7.00914907
v -45.3359337 0.77927804 7.00914907
v -45.3359337 0.806851029 7.00914907
v -45.4440651 0.77927804 7.00914907
v -45.4440651 0.806851029 7.00914907
v -45.5026169 0.806851029 7.10000038
v -45.5026169 0.77927804 7.10000038
v -45.5026169 0.77927804 7.10000038
v -45.5026169 0.806851029 7.10000038
v -45.4440651 0.806851029 7.19085169
v -45.4440651 0.77927804 7.19085169
v -45.3359337 0.806851029 7.19085169
v -45.3359337 0.77927804 7.19085169
v -45.4440651 0.77927804 7.19085169
v -45.4440651 0.806851029 7.19085169
v -45.3359337 0.77927804 7.19085169
v -45.3359337 0.806851029 7.19085169
v -45.2773819 0.806851029 7.10000038
v -45.2773819 0.77927804 7.10000038
v -45.2773819 0.77927804 7.10000038
v -45.2773819 0.806851029 7.10000038
v -45.3359337 0.806851029 7.00914907
v -45.3359337 0.77927804 7.00914907
v -45.4314346 0.801788092 7.03600407
v -45.3485641 0.801788092 7.03600407
v -45.3575439 0.843356848 7.04987288
v -45.4224548 0.843356848 7.04987288
v -45.4672241 0.801788092 7.10000038
v -45.4314346 0.801788092 7.03600407
v -45.4224548 0.843356848 7.04987288
v -45.450489 0.843356848 7.10000038
v -45.4314346 0.801788092 7.1639967
v -45.4672241 0.801788092 7.10000038
v -45.450489 0.843356848 7.10000038
v -45.4224548 0.843356848 7.15012836
v -45.3485641 0.801788092 7.1639967
v -45.4314346 0.801788092 7.1639967
v -45.4224548 0.843356848 7.15012836
v -45.3575439 0.843356848 7.15012836
v -45.3127747 0.801788092 7.10000038
v -45.3485641 0.801788092 7.1639967
v -45.3575439 0.843356848 7.15012836
v -45.3295097 0.843356848 7.10000038
v -45.3485641 0.801788092 7.03600407
v -45.3127747 0.801788092 7.10000038
v -45.3295097 0.843356848 7.10000038
v -45.3575439 0.843356848 7.04987288
v -45.3640213 1.92446995 7.05987597
v -45.4159775 1.92446995 7.05987597
v -45.4224548 0.843356848 7.04987288
v -45.3575439 0.843356848 7.04987288
v -45.4224548 0.843356848 7.04987288
v -45.4159775 1.92446995 7.05987597
v -45.4384193 1.92446995 7.10000038
v -45.450489 0.843356848 7.10000038
v -45.450489 0.843356848 7.10000038
v -45.4384193 1.92446995 7.10000038
v -45.4159775 1.92446995 7.14012527
v -45.4224548 0.843356848 7.15012836
v -45.4159775 1.92446995 7.14012527
v -45.3640213 1.92446995 7.14012527
v -45.3575439 0.843356848 7.15012836
v -45.4224548 0.843356848 7.15012836
v -45.3575439 0.843356848 7.15012836
v -45.3640213 1.92446995 7.14012527
v -45.3415794 1.92446995 7.10000038
v -45.3295097 0.843356848 7.10000038
v -45.3295097 0.843356848 7.10000038
v -45.3415794 1.92446995 7.10000038
v -45.3640213 1.92446995 7.05987597
v -45.3575439 0.843356848 7.04987288
v -45.3556061 1.92980576 7.04688311
v -45.4243927 1.92980576 7.04688311
v -45.4159775 1.92446995 7.05987597
v -45.3640213 1.92446995 7.05987597
v -45.4159775 1.92446995 7.05987597
v -45.4243927 1.92980576 7.04688311
v -45.4540977 1.92980576 7.10000038
v -45.4384193 1.92446995 7.10000038
v -45.4384193 1.92446995 7.10000038
v -45.4540977 1.92980576 7.10000038
v -45.4243927 1.92980576 7.15311813
v -45.4159775 1.92446995 7.14012527
v -45.4243927 1.92980576 7.15311813
v -45.3556061 1.92980576 7.15311813
v -45.3640213 1.92446995 7.14012527
v -45.4159775 1.92446995 7.14012527
v -45.3640213 1.92446995 7.14012527
v -45.3556061 1.92980576 7.15311813
v -45.325901 1.92980576 7.10000038
v -45.3415794 1.92446995 7.10000038
v -45.3415794 1.92446995 7.10000038
v -45.325901 1.92980576 7.10000038
v -45.3556061 1.92980576 7.04688311
v -45.3640213 1.92446995 7.05987597
v -45.360775 2.00712681 7.05486107
v -45.4192276 2.00712681 7.05486107
v -45.4243927 1.92980576 7.04688311
v -45.3556061 1.92980576 7.04688311
v -45.4243927 1.92980576 7.04688311
v -45.4192276 2.00712681 7.05486107
v -45.4444695 2.00712681 7.10000038
v -45.4540977 1.92980576 7.10000038
v -45.4540977 1.92980576 7.10000038
v -45.4444695 2.00712681 7.10000038
v -45.4192276 2.00712681 7.14514017
v -45.4243927 1.92980576 7.15311813
v -45.4192276 2.00712681 7.14514017
v -45.360775 2.00712681 7.14514017
v -45.3556061 1.92980576 7.15311813
v -45.4243927 1.92980576 7.15311813
v -45.3556061 1.92980576 7.15311813
v -45.360775 2.00712681 7.14514017
v -45.3355293 2.00712681 7.10000038
v -45.325901 1.92980576 7.10000038
v -45.325901 1.92980576 7.10000038
v -45.3355293 2.00712681 7.10000038
v -45.360775 2.00712681 7.05486107
v -45.3556061 1.92980576 7.04688311
v -45.3673325 3.14235854 7.064991
v -45.4126663 3.14235854 7.064991
v -45.4192276 2.00712681 7.05486107
v -45.360775 2.00712681 7.05486107
v -45.4192276 2.00712681 7.05486107
v -45.4126663 3.14235854 7.064991
v -45.4322472 3.14235854 7.10000038
v -45.4444695 2.00712681 7.10000038
v -45.4444695 2.00712681 7.10000038
v -45.4322472 3.14235854 7.10000038
v -45.4126663 3.14235854 7.13501024
v -45.4192276 2.00712681 7.14514017
v -45.4126663 3.14235854 7.13501024
v -45.3673325 3.14235854 7.13501024
v -45.360775 2.00712681 7.14514017
v -45.4192276 2.00712681 7.14514017
v -45.360775 2.00712681 7.14514017
v -45.3673325 3.14235854 7.13501024
v -45.3477516 3.14235854 7.10000038
v -45.3355293 2.00712681 7.10000038
v -45.3355293 2.00712681 7.10000038
v -45.3477516 3.14235854 7.10000038
v -45.3673325 3.14235854 7.064991
v -45.360775 2.00712681 7.05486107
v -45.3597641 3.15344048 7.05330563
v -45.4202347 3.15344048 7.05330563
v -45.4126663 3.14235854 7.064991
v -45.3673325 3.14235854 7.064991
v -45.4126663 3.14235854 7.064991
v -45.4202347 3.15344048 7.05330563
v -45.4463463 3.15344048 7.10000038
v -45.4322472 3.14235854 7.10000038
v -45.4322472 3.14235854 7.10000038
v -45.4463463 3.15344048 7.10000038
v -45.4202347 3.15344048 7.14669561
v -45.4126663 3.14235854 7.13501024
v -45.4202347 3.15344048 7.14669561
v -45.3597641 3.15344048 7.14669561
v -45.3673325 3.14235854 7.13501024
v -45.4126663 3.14235854 7.13501024
v -45.3673325 3.14235854 7.13501024
v -45.3597641 3.15344048 7.14669561
v -45.3336525 3.15344048 7.10000038
v -45.3477516 3.14235854 7.10000038
v -45.3477516 3.14235854 7.10000038
v -45.3336525 3.15344048 7.10000038
v -45.3597641 3.15344048 7.05330563
v -45.3673325 3.14235854 7.064991
v -45.3658447 3.25779009 7.06269503
v -45.4141541 3.25779009 7.06269503
v -45.4202347 3.15344048 7.05330563
v -45.3597641 3.15344048 7.05330563
v -45.4202347 3.15344048 7.05330563
v -45.4141541 3.25779009 7.06269503
v -45.4350166 3.25779009 7.10000038
v -45.4463463 3.15344048 7.10000038
v -45.4463463 3.15344048 7.10000038
v -45.4350166 3.25779009 7.10000038
v -45.4141541 3.25779009 7.13730621
v -45.4202347 3.15344048 7.14669561
v -45.4141541 3.25779009 7.13730621
v -45.3658447 3.25779009 7.13730621
v -45.3597641 3.15344048 7.14669561
v -45.4202347 3.15344048 7.14669561
v -45.3597641 3.15344048 7.14669561
v -45.3658447 3.25779009 7.13730621
v -45.3449821 3.25779009 7.10000038
v -45.3336525 3.15344048 7.10000038
v -45.3336525 3.15344048 7.10000038
v -45.3449821 3.25779009 7.10000038
v -45.3658447 3.25779009 7.06269503
v -45.3597641 3.15344048 7.05330563
v -45.5618324 -0.15295279 6.83171463
v -45.5618324 -0.221000671 6.83171463
v -45.2181664 -0.221000671 6.83171463
v -45.2181664 -0.15295279 6.83171463
v -45.5618324 -0.221000671 6.83171463
v -45.5618324 -0.15295279 6.83171463
v -45.7012367 -0.15295279 7.10000038
v -45.7012367 -0.221000671 7.10000038
v -45.7012367 -0.221000671 7.10000038
v -45.7012367 -0.15295279 7.10000038
v -45.5618324 -0.15295279 7.36828613
v -45.5618324 -0.221000671 7.36828613
v -45.2181664 -0.15295279 7.36828613
v -45.2181664 -0.221000671 7.36828613
v -45.5618324 -0.221000671 7.36828613
v -45.5618324 -0.15295279 7.36828613
v -45.2181664 -0.221000671 7.36828613
v -45.2181664 -0.15295279 7.36828613
v -45.0787621 -0.15295279 7.10000038
v -45.0787621 -0.221000671 7.10000038
v -45.0787621 -0.221000671 7.10000038
v -45.0787621 -0.15295279 7.10000038
v -45.2181664 -0.15295279 6.83171463
v -45.2181664 -0.221000671 6.83171463
v -45.504406 3.32038713 7.21440887
v -45.4794006 3.348207 7.21757984
v -45.3005981 3.348207 7.21757984
v -45.2755928 3.32038713 7.21440887
v -45.2755928 3.32038713 7.21440887
v -45.3005981 3.348207 7.21757984
v -45.2643509 3.6662035 7.253829
v -45.2329979 3.69402337 7.25700045
v -45.2329979 3.69402337 7.25700045
v -45.2643509 3.6662035 7.253829
v -45.5156479 3.6662035 7.253829
v -45.5470009 3.69402337 7.25700045
v -45.5470009 3.69402337 7.25700045
v -45.5156479 3.6662035 7.253829
v -45.4794006 3.348207 7.21757984
v -45.504406 3.32038713 7.21440887
v -45.2755928 3.32038713 7.21440887
v -45.272419 3.348207 7.18940115
v -45.272419 3.348207 7.01060009
v -45.2755928 3.32038713 6.98559237
v -45.2755928 3.32038713 6.98559237
v -45.272419 3.348207 7.01060009
v -45.2361717 3.6662035 6.97435093
v -45.2329979 3.69402337 6.94300032
v -45.2329979 3.69402337 6.94300032
v -45.2361717 3.6662035 6.97435093
v -45.2361717 3.6662035 7.22565031
v -45.2329979 3.69402337 7.25700045
v -45.2329979 3.69402337 7.25700045
v -45.2361717 3.6662035 7.22565031
v -45.272419 3.348207 7.18940115
v -45.2755928 3.32038713 7.21440887
v -45.5470009 3.69402337 6.94300032
v -45.5156479 3.6662035 6.94617176
v -45.2643509 3.6662035 6.94617176
v -45.2329979 3.69402337 6.94300032
v -45.2329979 3.69402337 6.94300032
v -45.2643509 3.6662035 6.94617176
v -45.3005981 3.348207 6.98242092
v -45.2755928 3.32038713 6.98559237
v -45.2755928 3.32038713 6.98559237
v -45.3005981 3.348207 6.98242092
v -45.4794006 3.348207 6.98242092
v -45.504406 3.32038713 6.98559237
v -45.504406 3.32038713 6.98559237
v -45.4794006 3.348207 6.98242092
v -45.5156479 3.6662035 6.94617176
v -45.5470009 3.69402337 6.94300032
v -45.504406 3.32038713 6.98559237
v -45.5075798 3.348207 7.01060009
v -45.5075798 3.348207 7.18940115
v -45.504406 3.32038713 7.21440887
v -45.504406 3.32038713 7.21440887
v -45.5075798 3.348207 7.18940115
v -45.5438271 3.6662035 7.22565031
v -45.5470009 3.69402337 7.25700045
v -45.5470009 3.69402337 7.25700045
v -45.5438271 3.6662035 7.22565031
v -45.5438271 3.6662035 6.97435093
v -45.5470009 3.69402337 6.94300032
v -45.5470009 3.69402337 6.94300032
v -45.5438271 3.6662035 6.97435093
v -45.5075798 3.348207 7.01060009
v -45.504406 3.32038713 6.98559237
v -45.4794006 3.348207 7.21757984
v -45.4810715 3.35103846 7.19107103
v -45.2989273 3.35103846 7.19107103
v -45.3005981 3.348207 7.21757984
v -45.3005981 3.348207 7.21757984
v -45.2989273 3.35103846 7.19107103
v -45.2626801 3.66903496 7.22732019
v -45.2643509 3.6662035 7.253829
v -45.2643509 3.6662035 7.253829
v -45.2626801 3.66903496 7.22732019
v -45.5173187 3.66903496 7.22732019
v -45.5156479 3.6662035 7.253829
v -45.5156479 3.6662035 7.253829
v -45.5173187 3.66903496 7.22732019
v -45.4810715 3.35103846 7.19107103
v -45.4794006 3.348207 7.21757984
v -45.272419 3.348207 7.18940115
v -45.2989273 3.35103846 7.19107103
v -45.2989273 3.35103846 7.00893021
v -45.272419 3.348207 7.01060009
v -45.272419 3.348207 7.01060009
v -45.2989273 3.35103846 7.00893021
v -45.2626801 3.66903496 6.97268105
v -45.2361717 3.6662035 6.97435093
v -45.2361717 3.6662035 6.97435093
v -45.2626801 3.66903496 6.97268105
v -45.2626801 3.66903496 7.22732019
v -45.2361717 3.6662035 7.22565031
v -45.2361717 3.6662035 7.22565031
v -45.2626801 3.66903496 7.22732019
v -45.2989273 3.35103846 7.19107103
v -45.272419 3.348207 7.18940115
v -45.5156479 3.6662035 6.94617176
v -45.5173187 3.66903496 6.97268105
v -45.2626801 3.66903496 6.97268105
v -45.2643509 3.6662035 6.94617176
v -45.2643509 3.6662035 6.94617176
v -45.2626801 3.66903496 6.97268105
v -45.2989273 3.35103846 7.00893021
v -45.3005981 3.348207 6.98242092
v -45.3005981 3.348207 6.98242092
v -45.2989273 3.35103846 7.00893021
v -45.4810715 3.35103846 7.00893021
v -45.4794006 3.348207 6.98242092
v -45.4794006 3.348207 6.98242092
v -45.4810715 3.35103846 7.00893021
v -45.5173187 3.66903496 6.97268105
v -45.5156479 3.6662035 6.94617176
v -45.5075798 3.348207 7.01060009
v -45.4810715 3.35103846 7.00893021
v -45.4810715 3.35103846 7.19107103
v -45.5075798 3.348207 7.18940115
v -45.5075798 3.348207 7.18940115
v -45.4810715 3.35103846 7.19107103
v -45.5173187 3.66903496 7.22732019
v -45.5438271 3.6662035 7.22565031
v -45.5438271 3.6662035 7.22565031
v -45.5173187 3.66903496 7.22732019
v -45.5173187 3.66903496 6.97268105
v -45.5438271 3.6662035 6.97435093
v -45.5438271 3.6662035 6.97435093
v -45.5173187 3.66903496 6.97268105
v -45.4810715 3.35103846 7.00893021
v -45.5075798 3.348207 7.01060009
v -45.4139328 3.88084936 7.12393475
v -45.4139328 3.88084936 7.07606649
v -45.366066 3.88084936 7.07606649
v -45.366066 3.88084936 7.12393475
v -45.3398361 3.85365152 7.15016413
v -45.3398361 3.85365152 7.04983664
v -45.440815 3.80256653 7.15081787
v -45.440815 3.84237385 7.15081787
v -45.3391838 3.84237385 7.15081787
v -45.3391838 3.80256653 7.15081787
v -45.3391838 3.80256653 7.15081787
v -45.3391838 3.84237385 7.15081787
v -45.3391838 3.84237385 7.04918337
v -45.3391838 3.80256653 7.04918337
v -45.3391838 3.80256653 7.04918337
v -45.3391838 3.84237385 7.04918337
v -45.440815 3.84237385 7.04918337
v -45.440815 3.80256653 7.04918337
v -45.440815 3.80256653 7.04918337
v -45.440815 3.84237385 7.04918337
v -45.440815 3.84237385 7.15081787
v -45.440815 3.80256653 7.15081787
v -45.440815 3.84237385 7.15081787
v -45.4567986 3.84237385 7.16679907
v -45.3232002 3.84237385 7.16679907
v -45.3391838 3.84237385 7.15081787
v -45.3391838 3.84237385 7.15081787
v -45.3232002 3.84237385 7.16679907
v -45.3232002 3.84237385 7.03320169
v -45.3391838 3.84237385 7.04918337
v -45.3391838 3.84237385 7.04918337
v -45.3232002 3.84237385 7.03320169
v -45.4567986 3.84237385 7.03320169
v -45.440815 3.84237385 7.04918337
v -45.440815 3.84237385 7.04918337
v -45.4567986 3.84237385 7.03320169
v -45.4567986 3.84237385 7.16679907
v -45.440815 3.84237385 7.15081787
v -45.4567986 3.84237385 7.16679907
v -45.4567986 3.85365152 7.16679907
v -45.3232002 3.85365152 7.16679907
v -45.3232002 3.84237385 7.16679907
v -45.3232002 3.84237385 7.16679907
v -45.3232002 3.85365152 7.16679907
v -45.3232002 3.85365152 7.03320169
v -45.3232002 3.84237385 7.03320169
v -45.3232002 3.84237385 7.03320169
v -45.3232002 3.85365152 7.03320169
v -45.4567986 3.85365152 7.03320169
v -45.4567986 3.84237385 7.03320169
v -45.4567986 3.84237385 7.03320169
v -45.4567986 3.85365152 7.03320169
v -45.4567986 3.85365152 7.16679907
v -45.4567986 3.84237385 7.16679907
v -45.4567986 3.85365152 7.16679907
v -45.4401627 3.85365152 7.15016413
v -45.3398361 3.85365152 7.15016413
v -45.3232002 3.85365152 7.16679907
v -45.3232002 3.85365152 7.16679907
v -45.3398361 3.85365152 7.15016413
v -45.3398361 3.85365152 7.04983664
v -45.3232002 3.85365152 7.03320169
v -45.3232002 3.85365152 7.03320169
v -45.3398361 3.85365152 7.04983664
v -45.4401627 3.85365152 7.04983664
v -45.4567986 3.85365152 7.03320169
v -45.4567986 3.85365152 7.03320169
v -45.4401627 3.85365152 7.04983664
v -45.4401627 3.85365152 7.15016413
v -45.4567986 3.85365152 7.16679907
v -45.4401627 3.85365152 7.15016413
v -45.4139328 3.88084936 7.12393475
v -45.366066 3.88084936 7.12393475
v -45.3398361 3.85365152 7.15016413
v -45.3398361 3.85365152 7.04983664
v -45.366066 3.88084936 7.07606649
v -45.4139328 3.88084936 7.07606649
v -45.4401627 3.85365152 7.04983664
v -45.4401627 3.85365152 7.04983664
v -45.4139328 3.88084936 7.07606649
v -45.4139328 3.88084936 7.12393475
v -45.4401627 3.85365152 7.15016413
v -45.5900002 3.68581986 7.30000067
v -45.5900002 3.70102096 7.30000067
v -45.1899986 3.70102096 7.30000067
v -45.1899986 3.68581986 7.30000067
v -45.1899986 3.68581986 7.30000067
v -45.1899986 3.70102096 7.30000067
v -45.1899986 3.70102096 6.90000057
v -45.1899986 3.68581986 6.90000057
v -45.5900002 3.70102096 6.90000057
v -45.5900002 3.68581986 6.90000057
v -45.1899986 3.68581986 6.90000057
v -45.1899986 3.70102096 6.90000057
v -45.5900002 3.68581986 6.90000057
v -45.5900002 3.70102096 6.90000057
v -45.5900002 3.70102096 7.30000067
v -45.5900002 3.68581986 7.30000067
v -45.5900002 3.70102096 7.30000067
v -45.5559998 3.7140007 7.26600027
v -45.223999 3.7140007 7.26600027
v -45.1899986 3.70102096 7.30000067
v -45.1899986 3.70102096 6.90000057
v -45.223999 3.7140007 6.93400049
v -45.5559998 3.7140007 6.93400049
v -45.5900002 3.70102096 6.90000057
v -45.1899986 3.70102096 7.30000067
v -45.223999 3.7140007 7.26600027
v -45.223999 3.7140007 6.93400049
v -45.1899986 3.70102096 6.90000057
v -45.5900002 3.70102096 6.90000057
v -45.5559998 3.7140007 6.93400049
v -45.5559998 3.7140007 7.26600027
v -45.5900002 3.70102096 7.30000067
v -45.3164024 3.80587339 7.17359543
v -45.3164024 3.80587339 7.02640533
v -45.2449608 3.75994158 6.95496178
v -45.2449608 3.75994158 7.24503946
v -45.223999 3.7140007 7.26600027
v -45.223999 3.7140007 6.93400049
v -45.2449608 3.75994158 7.24503946
v -45.4635963 3.80587339 7.17359543
v -45.3164024 3.80587339 7.17359543
v -45.535038 3.75994158 7.24503946
v -45.5559998 3.7140007 7.26600027
v -45.223999 3.7140007 7.26600027
v -45.535038 3.75994158 7.24503946
v -45.535038 3.75994158 6.95496178
v -45.4635963 3.80587339 7.02640533
v -45.4635963 3.80587339 7.17359543
v -45.3164024 3.80587339 7.02640533
v -45.3164024 3.80587339 7.17359543
v -45.535038 3.75994158 6.95496178
v -45.2449608 3.75994158 6.95496178
v -45.223999 3.7140007 6.93400049
v -45.5559998 3.7140007 6.93400049
v -45.5559998 3.7140007 6.93400049
v -45.535038 3.75994158 6.95496178
v -45.535038 3.75994158 7.24503946
v -45.5559998 3.7140007 7.26600027
v -45.4024467 3.87776613 7.11244965
v -45.377552 3.90466166 7.11244965
v -45.377552 3.87776613 7.11244965
v -45.4024467 3.90466166 7.11244965
v -45.3662109 3.91416931 7.12378979
v -45.4137878 3.91416931 7.12378979
v -45.3899994 3.96805859 7.10000038
v -45.377552 3.87776613 7.11244965
v -45.377552 3.90466166 7.08755159
v -45.377552 3.87776613 7.08755159
v -45.377552 3.90466166 7.11244965
v -45.3662109 3.91416931 7.07621098
v -45.3662109 3.91416931 7.12378979
v -45.3899994 3.96805859 7.10000038
v -45.377552 3.87776613 7.08755159
v -45.4024467 3.90466166 7.08755159
v -45.4024467 3.87776613 7.08755159
v -45.377552 3.90466166 7.08755159
v -45.4137878 3.91416931 7.07621098
v -45.3662109 3.91416931 7.07621098
v -45.3899994 3.96805859 7.10000038
v -45.4024467 3.87776613 7.08755159
v -45.4024467 3.90466166 7.11244965
v -45.4024467 3.87776613 7.11244965
v -45.4024467 3.90466166 7.08755159
v -45.4137878 3.91416931 7.12378979
v -45.4137878 3.91416931 7.07621098
v -45.3899994 3.96805859 7.10000038
v -45.1899986 3.68581986 7.30000067
v -45.1899986 3.68581986 6.90000057
v -45.5900002 3.68581986 6.90000057
v -45.5900002 3.68581986 7.30000067
v -45.5308456 3.32038713 6.95915604
v -45.5308456 3.30160904 6.95915604
v -45.2491531 3.30160904 6.95915604
v -45.2491531 3.32038713 6.95915604
v -45.2491531 3.32038713 6.95915604
v -45.2491531 3.30160904 6.95915604
v -45.2491531 3.30160904 7.2408452
v -45.2491531 3.32038713 7.2408452
v -45.2491531 3.32038713 7.2408452
v -45.2491531 3.30160904 7.2408452
v -45.5308456 3.30160904 7.2408452
v -45.5308456 3.32038713 7.2408452
v -45.5308456 3.32038713 7.2408452
v -45.5308456 3.30160904 7.2408452
v -45.5308456 3.30160904 6.95915604
v -45.5308456 3.32038713 6.95915604
v -45.2491531 3.32038713 6.95915604
v -45.2491531 3.32038713 7.2408452
v -45.5308456 3.32038713 7.2408452
v -45.5308456 3.32038713 6.95915604
v -45.2847672 0.63098377 7.10000038
v -45.2893715 0.678224325 7.10000038
v -45.3416901 0.678224325 7.01882219
v -45.3394814 0.63098377 7.01510906
v -45.3063354 -0.0776242912 6.95941353
v -45.2157288 -0.0776242912 7.10000038
v -45.4383087 0.678224325 7.01882219
v -45.3394814 0.63098377 7.01510906
v -45.3416901 0.678224325 7.01882219
v -45.4405174 0.63098377 7.01510906
v -45.3063354 -0.0776242912 6.95941353
v -45.4736633 -0.0776242912 6.95941353
v -45.4906273 0.678224325 7.10000038
v -45.4405174 0.63098377 7.01510906
v -45.4383087 0.678224325 7.01882219
v -45.4952316 0.63098377 7.10000038
v -45.4736633 -0.0776242912 6.95941353
v -45.56427 -0.0776242912 7.10000038
v -45.4383087 0.678224325 7.18117857
v -45.4952316 0.63098377 7.10000038
v -45.4906273 0.678224325 7.10000038
v -45.4405174 0.63098377 7.1848917
v -45.56427 -0.0776242912 7.10000038
v -45.4736633 -0.0776244551 7.24058771
v -45.3416901 0.678224325 7.18117857
v -45.4405174 0.63098377 7.1848917
v -45.4383087 0.678224325 7.18117857
v -45.3394814 0.63098377 7.1848917
v -45.4736633 -0.0776244551 7.24058771
v -45.3063354 -0.0776242912 7.24058771
v -45.2893715 0.678224325 7.10000038
v -45.3394814 0.63098377 7.1848917
v -45.3416901 0.678224325 7.18117857
v -45.2847672 0.63098377 7.10000038
v -45.3063354 -0.0776242912 7.24058771
v -45.2157288 -0.0776242912 7.10000038
v -45.2181664 -0.15295279 7.36828613
v -45.3899994 -0.15295279 7.10000038
v -45.0787621 -0.15295279 7.10000038
v -45.5618324 -0.15295279 7.36828613
v -45.2181664 -0.15295279 6.83171463
v -45.7012367 -0.15295279 7.10000038
v -45.5618324 -0.15295279 6.83171463
v -45.3359337 0.806851029 7.19085169
v -45.3899994 0.806851029 7.10000038
v -45.2773819 0.806851029 7.10000038
v -45.4440651 0.806851029 7.19085169
v -45.3359337 0.806851029 7.00914907
v -45.5026169 0.806851029 7.10000038
v -45.4440651 0.806851029 7.00914907
v -45.3658447 3.25779009 7.13730621
v -45.3899994 3.27718258 7.10000038
v -45.3449821 3.25779009 7.10000038
v -45.4141541 3.25779009 7.13730621
v -45.3658447 3.25779009 7.06269503
v -45.4350166 3.25779009 7.10000038
v -45.4141541 3.25779009 7.06269503
v -45.2491531 3.30160904 7.2408452
v -45.4971428 3.30160904 7.20714283
v -45.5308456 3.30160904 7.2408452
v -45.282856 3.30160904 7.20714283
v -45.4971428 3.30160904 6.99285793
v -45.2491531 3.30160904 6.95915604
v -45.5308456 3.30160904 6.95915604
v -45.282856 3.30160904 6.99285793
v -0.476706773 10.4319229 -23.4463081
v -0.476706713 10.4319229 -24.0156937
v -0.485202789 10.551383 -24.0156937
v -0.485202849 10.551383 -23.4463081
v -0.483573228 10.5667515 -23.4261074
v -0.483573139 10.5667515 -24.0358944
v -0.463663459 10.5674477 -24.0358944
v -0.463664144 10.5674467 -23.4261074
v -0.458425522 10.4172468 -23.4261074
v -0.458425432 10.4172487 -24.0358944
v -0.478335112 10.4165535 -24.0358944
v -0.478335202 10.4165535 -23.4261074
v -0.483573228 10.5667515 -23.4261074
v -0.463664144 10.5674467 -23.4261074
v -0.458425522 10.4172468 -23.4261074
v -0.478335202 10.4165535 -23.4261074
v -0.478335112 10.4165535 -24.0358944
v -0.458425432 10.4172487 -24.0358944
v -0.463663459 10.5674477 -24.0358944
v -0.483573139 10.5667515 -24.0358944
v -0.478335202 10.4165535 -23.4261074
v -0.476706773 10.4319229 -23.4463081
v -0.485202849 10.551383 -23.4463081
v -0.483573228 10.5667515 -23.4261074
v -0.483573228 10.5667515 -23.4261074
v -0.485202849 10.551383 -23.4463081
v -0.485202789 10.551383 -24.0156937
v -0.483573139 10.5667515 -24.0358944
v -0.483573139 10.5667515 -24.0358944
v -0.485202789 10.551383 -24.0156937
v -0.476706713 10.4319229 -24.0156937
v -0.478335112 10.4165535 -24.0358944
v -0.478335112 10.4165535 -24.0358944
v -0.476706713 10.4319229 -24.0156937
v -0.476706773 10.4319229 -23.4463081
v -0.478335202 10.4165535 -23.4261074
v -0.458425522 10.4326181 -23.4463081
v -0.463663518 10.5520782 -23.4463081
v -0.463663459 10.5520782 -24.0156937
v -0.458425462 10.4326181 -24.0156937
v -0.458425522 10.4172468 -23.4261074
v -0.463664144 10.5674467 -23.4261074
v -0.463663518 10.5520782 -23.4463081
v -0.458425522 10.4326181 -23.4463081
v -0.463664144 10.5674467 -23.4261074
v -0.463663459 10.5674477 -24.0358944
v -0.463663459 10.5520782 -24.0156937
v -0.463663518 10.5520782 -23.4463081
v -0.463663459 10.5674477 -24.0358944
v -0.458425432 10.4172487 -24.0358944
v -0.458425462 10.4326181 -24.0156937
v -0.463663459 10.5520782 -24.0156937
v -0.458425432 10.4172487 -24.0358944
v -0.458425522 10.4172468 -23.4261074
v -0.458425522 10.4326181 -23.4463081
v -0.458425462 10.4326181 -24.0156937
v -46.0754623 -0.0101027936 -0.261888802
v -46.0754623 0.286102831 -0.261888802
v -46.1248398 0.286102831 -0.167322159
v -46.1248398 -0.0101027936 -0.167322159
v -46.0928879 0.286102831 -0.0655375123
v -46.0928879 -0.0101027936 -0.0655375123
v -46.0928879 -0.0101027936 -0.0655375123
v -46.0928879 0.286102831 -0.0655375123
v -45.9983215 0.286102831 -0.0161586851
v -45.9983215 -0.0101027936 -0.0161586851
v -45.8965378 0.286102831 -0.0481116399
v -45.8965378 -0.0101027936 -0.0481116399
v -45.8965378 -0.0101027936 -0.0481116399
v -45.8965378 0.286102831 -0.0481116399
v -45.8471603 0.286102831 -0.142678276
v -45.8471603 -0.0101027936 -0.142678276
v -45.8791122 0.286102831 -0.244462922
v -45.8791122 -0.0101027936 -0.244462922
v -45.8791122 -0.0101027936 -0.244462922
v -45.8791122 0.286102831 -0.244462922
v -45.9736786 0.286102831 -0.29384172
v -45.9736786 -0.0101027936 -0.29384172
v -46.0754623 0.286102831 -0.261888802
v -46.0754623 -0.0101027936 -0.261888802
v -45.8791122 0.286102831 -0.244462922
v -45.9860001 0.286102831 -0.155000225
v -45.9736786 0.286102831 -0.29384172
v -45.8471603 0.286102831 -0.142678276
v -46.0754623 0.286102831 -0.261888802
v -45.8965378 0.286102831 -0.0481116399
v -46.1248398 0.286102831 -0.167322159
v -45.9983215 0.286102831 -0.0161586851
v -46.0928879 0.286102831 -0.0655375123
v -45.9736786 -0.0101027936 -0.29384172
v -45.9860001 -0.0101027936 -0.155000225
v -45.8791122 -0.0101027936 -0.244462922
v -46.0754623 -0.0101027936 -0.261888802
v -45.8471603 -0.0101027936 -0.142678276
v -46.1248398 -0.0101027936 -0.167322159
v -45.8965378 -0.0101027936 -0.0481116399
v -46.0928879 -0.0101027936 -0.0655375123
v -45.9983215 -0.0101027936 -0.0161586851
v -18.7807083 2.71176195 -21.9771633
v -18.7506847 2.71176195 -21.9771652
v -18.7506847 2.73565459 -21.9194794
v -18.7807083 2.73565459 -21.9194775
v -18.7506847 2.71176195 -21.8617935
v -18.7807083 2.71176195 -21.8617916
v -18.7807083 2.71176195 -21.8617916
v -18.7506847 2.71176195 -21.8617935
v -18.7506847 2.65407968 -21.8379021
v -18.7807083 2.65407968 -21.8379002
v -18.7807083 2.65407968 -21.8379002
v -18.7506847 2.65407968 -21.8379021
v -18.7506847 2.59639668 -21.8617935
v -18.7807083 2.59639668 -21.8617916
v -18.7807083 2.59639668 -21.8617916
v -18.7506847 2.59639668 -21.8617935
v -18.7506847 2.57250428 -21.9194794
v -18.7807083 2.57250428 -21.9194775
v -18.7506847 2.59639668 -21.9771652
v -18.7807083 2.59639668 -21.9771633
v -18.7807083 2.59639668 -21.9771633
v -18.7506847 2.59639668 -21.9771652
v -18.7506847 2.65407968 -22.0010567
v -18.7807083 2.65407968 -22.0010548
v -18.7807083 2.65407968 -22.0010548
v -18.7506847 2.65407968 -22.0010567
v -18.7506847 2.71176195 -21.9771652
v -18.7807083 2.71176195 -21.9771633
v -18.6435776 2.52788591 -21.9837151
v -18.6617928 2.64872026 -21.9194794
v -18.6699028 2.52402616 -21.9194794
v -18.6430378 2.6514709 -21.9652386
v -18.64501 2.69243002 -21.9194794
v -18.632906 2.69420624 -21.9490185
v -18.6072102 2.72256517 -21.9194794
v -18.6435776 2.52788591 -21.8552532
v -18.6430378 2.6514709 -21.8737106
v -18.5977573 2.65811086 -21.8547611
v -18.6699028 2.52402616 -21.9194794
v -18.6617928 2.64872026 -21.9194794
v -18.632906 2.69420624 -21.8899422
v -18.64501 2.69243002 -21.9194794
v -18.6072102 2.72256517 -21.9194794
v -18.6435776 2.52788591 -21.8552532
v -18.5977573 2.65811086 -21.8547611
v -18.5800266 2.53720641 -21.8286381
v -18.5524788 2.66475105 -21.8737106
v -18.5164757 2.54652643 -21.8552532
v -18.5744553 2.70277739 -21.8899422
v -18.6036797 2.69849157 -21.8777065
v -18.6430378 2.6514709 -21.8737106
v -18.632906 2.69420624 -21.8899422
v -18.6072102 2.72256517 -21.9194794
v -18.5623493 2.7045536 -21.9194775
v -18.5164757 2.54652643 -21.8552532
v -18.5337219 2.66750145 -21.9194775
v -18.4901505 2.55038691 -21.9194794
v -18.5524788 2.66475105 -21.8737106
v -18.5623493 2.7045536 -21.9194775
v -18.5744553 2.70277739 -21.8899422
v -18.4901505 2.55038691 -21.9194794
v -18.5524788 2.66475105 -21.9652386
v -18.5164757 2.54652643 -21.9837151
v -18.5337219 2.66750145 -21.9194775
v -18.5744553 2.70277739 -21.9490185
v -18.6036797 2.69849157 -21.9612579
v -18.5623493 2.7045536 -21.9194775
v -18.6072102 2.72256517 -21.9194794
v -18.5800266 2.53720641 -22.0103168
v -18.6430378 2.6514709 -21.9652386
v -18.6435776 2.52788591 -21.9837151
v -18.5977573 2.65811086 -21.9841995
v -18.5164757 2.54652643 -21.9837151
v -18.5524788 2.66475105 -21.9652386
v -18.632906 2.69420624 -21.9490185
v -18.6036797 2.69849157 -21.9612579
v -18.6072102 2.72256517 -21.9194794
v -18.5744553 2.70277739 -21.9490185
v -18.6214809 2.65333796 -21.9029655
v -18.7681942 2.65333796 -21.9029655
v -18.7681942 2.67742944 -21.9194794
v -18.6214809 2.67742944 -21.9194794
v -18.7681942 2.65333796 -21.9029655
v -18.6214809 2.65333796 -21.9029655
v -18.6214809 2.63072944 -21.9194794
v -18.7681942 2.63072944 -21.9194794
v -18.7681942 2.63072944 -21.9194794
v -18.6214809 2.63072944 -21.9194794
v -18.6214809 2.65333796 -21.9359894
v -18.7681942 2.65333796 -21.9359894
v -18.6214809 2.67742944 -21.9194794
v -18.7681942 2.67742944 -21.9194794
v -18.7681942 2.65333796 -21.9359894
v -18.6214809 2.65333796 -21.9359894
v -18.7506847 2.59639668 -21.9771652
v -18.7506847 2.65407968 -21.9194794
v -18.7506847 2.65407968 -22.0010567
v -18.7506847 2.57250428 -21.9194794
v -18.7506847 2.71176195 -21.9771652
v -18.7506847 2.59639668 -21.8617935
v -18.7506847 2.73565459 -21.9194794
v -18.7506847 2.65407968 -21.8379021
v -18.7506847 2.71176195 -21.8617935
v -9.68992329 7.75859594 4.12373781
v -9.68992329 7.75859594 4.11415243
v -9.48607731 7.75859594 4.11415243
v -9.48607731 7.75859594 4.12373781
v -9.68992329 7.75859594 4.11415243
v -9.68992329 7.53140497 4.11415243
v -9.48607731 7.53140497 4.11415243
v -9.48607731 7.75859594 4.11415243
v -9.68992329 7.53140497 4.11415243
v -9.68992329 7.53140497 4.12373781
v -9.48607731 7.53140497 4.12373781
v -9.48607731 7.53140497 4.11415243
v -9.48607731 7.53140497 4.12373781
v -9.48607731 7.75859594 4.12373781
v -9.48607731 7.75859594 4.11415243
v -9.48607731 7.53140497 4.11415243
v -9.68992329 7.53140497 4.11415243
v -9.68992329 7.75859594 4.11415243
v -9.68992329 7.75859594 4.12373781
v -9.68992329 7.53140497 4.12373781
v 20.5730591 -0.646081805 28.224472
v 20.6586704 -0.663561404 28.2369232
v 20.5657387 -0.667511761 28.2206593
v 20.5346642 -0.638631105 28.2075596
v 20.5730591 -0.646081805 28.224472
v 20.5556793 -0.649477124 28.2024708
v 20.3365402 -0.612672687 26.7803154
v 20.2904072 -0.612115383 26.5134792
v 20.2959652 -0.609466553 26.5457268
v 20.3424873 -0.637278914 26.4089069
v 20.2661152 -0.620567262 26.4498692
v 20.260397 -0.642130375 26.4553185
v 20.2661152 -0.620567262 26.4498692
v 20.2356663 -0.613776982 26.4788933
v 20.2571182 -0.62465924 26.4763241
v 20.3361778 -0.611475587 26.7782669
v 20.3328648 -0.60192287 26.7882366
v 20.3384018 -0.603286982 26.7914181
v 20.2933826 -0.591124594 26.5314426
v 20.2904911 -0.598400652 26.5432568
v 20.2945709 -0.600629926 26.5379791
v 20.3361778 -0.611475587 26.7782669
v 20.2959652 -0.609466553 26.5457268
v 20.2967281 -0.608721256 26.550169
v 20.4847088 -0.668979287 27.8479214
v 20.5514374 -0.672920465 28.2004261
v 20.5466595 -0.671252787 28.2354736
v 20.5514374 -0.672920465 28.2004261
v 20.4847088 -0.668979287 27.8479214
v 20.4766083 -0.666257799 27.8397484
v 20.5657387 -0.667511761 28.2206593
v 20.5466595 -0.671252787 28.2354736
v 20.5514374 -0.672920465 28.2004261
v 20.6281548 -0.663746715 28.2420177
v 20.6586704 -0.663561404 28.2369232
v 20.260397 -0.642130375 26.4553185
v 20.2536945 -0.648170829 26.4790192
v 20.2374325 -0.645548463 26.4476719
v 20.3424873 -0.637278914 26.4089069
v 20.3120346 -0.637469292 26.4143524
v 20.2933388 -0.670271218 26.4247303
v 20.3120346 -0.637469292 26.4143524
v 20.2374325 -0.645548463 26.4476719
v 20.3043652 -0.651940107 26.8439178
v 20.2374325 -0.645548463 26.4476719
v 20.2536945 -0.648170829 26.4790192
v 20.2374325 -0.645548463 26.4476719
v 20.3043652 -0.651940107 26.8439178
v 20.3092365 -0.654393256 26.8334255
v 20.3120346 -0.637469292 26.4143524
v 20.260397 -0.642130375 26.4553185
v 20.2374325 -0.645548463 26.4476719
v 20.5466595 -0.671252787 28.2354736
v 20.5657387 -0.667511761 28.2206593
v 20.6281548 -0.663746715 28.2420177
v 20.5556793 -0.649477124 28.2024708
v 20.5544949 -0.649404049 28.1881599
v 20.5601845 -0.645692766 28.1756573
v 20.5044918 -0.638890266 27.8460789
v 20.5217171 -0.632032037 27.8507805
v 20.5746193 -0.635740399 28.1566601
v 20.58074 -0.384174824 28.2100582
v 20.6780605 -0.383964121 28.1564484
v 20.683342 -0.371644258 28.1957703
v 20.6123409 -0.39168784 28.1630497
v 20.6267052 -0.373643368 27.8597527
v 20.5659828 -0.384895951 27.8519325
v 20.529356 -0.399651468 27.8534107
v 20.5836792 -0.403067619 28.1675186
v 20.5208092 -0.414745003 27.8532829
v 20.5590611 -0.393526018 28.211134
v 20.5742664 -0.419188589 28.162344
v 20.5506516 -0.422657579 28.1873703
v 20.5442562 -0.409206808 28.2127724
v 20.534338 -0.428890079 28.2131481
v 20.5644398 -0.439557672 28.1700897
v 20.5715866 -0.442919463 28.1623192
v 20.5483627 -0.439874232 28.1874733
v 20.5343609 -0.44030264 28.2128716
v 20.5217171 -0.632032037 27.8507805
v 20.5121441 -0.414704204 27.8484974
v 20.5208092 -0.414745003 27.8532829
v 20.5044918 -0.638890266 27.8460789
v 20.5025768 -0.414659172 27.8432159
v 20.5556793 -0.649477124 28.2024708
v 20.5657387 -0.667511761 28.2206593
v 20.5514374 -0.672920465 28.2004261
v 20.5730591 -0.646081805 28.224472
v 20.534338 -0.428890079 28.2131481
v 20.5781765 -0.440407723 28.2303143
v 20.5343609 -0.44030264 28.2128716
v 20.5777836 -0.42894876 28.2274075
v 20.6453323 -0.440161049 28.2298546
v 20.5788822 -0.418700695 28.2236595
v 20.5442562 -0.409206808 28.2127724
v 20.5590611 -0.393526018 28.211134
v 20.58074 -0.384174824 28.2100582
v 20.6519127 -0.428661466 28.2258968
v 20.6547775 -0.440115988 28.2290993
v 20.6517162 -0.42169106 28.2226372
v 20.683342 -0.371644258 28.1957703
v 20.687048 -0.420418203 28.2206402
v 20.6876163 -0.42835319 28.2244644
v 20.6877766 -0.439944863 28.2255421
v 20.6643085 -0.444641173 28.2289104
v 20.6878471 -0.452113926 28.2263298
v 20.6707191 -0.452213764 28.2289104
v 20.6885185 -0.62247324 28.2336979
v 20.6733475 -0.622518659 28.2331161
v 20.6737442 -0.638512492 28.232769
v 20.6886482 -0.648451805 28.2347965
v 20.6736183 -0.647993803 28.2347069
v 20.6588974 -0.638583183 28.2339497
v 20.6886177 -0.660531998 28.2345772
v 20.6588459 -0.647544086 28.2357788
v 20.5767365 -0.638762295 28.2263298
v 20.5730591 -0.646081805 28.224472
v 20.5346642 -0.638631105 28.2075596
v 20.6586704 -0.663561404 28.2369232
v 20.6885147 -0.666508734 28.2340107
v 20.6344891 -0.696214676 28.2360802
v 20.6877651 -0.695927083 28.2295895
v 20.68396 -0.728983998 28.2053337
v 20.6302757 -0.729317129 28.2114105
v 20.6069012 -0.696336091 28.2376099
v 20.6046009 -0.729597569 28.2240009
v 20.6353302 -0.851956367 28.1541691
v 20.6749229 -0.852855682 28.148447
v 20.6096554 -0.852236807 28.1667576
v 20.5601845 -0.645692766 28.1756573
v 20.5346642 -0.638631105 28.2075596
v 20.5556793 -0.649477124 28.2024708
v 20.5464458 -0.637484848 28.1792946
v 20.5746193 -0.635740399 28.1566601
v 20.5544949 -0.649404049 28.1881599
v 20.5556793 -0.649477124 28.2024708
v 20.5514374 -0.672920465 28.2004261
v 20.5016518 -0.645867348 27.8324127
v 20.5044918 -0.638890266 27.8460789
v 20.5035362 -0.638781846 27.8407764
v 20.5025768 -0.414659172 27.8432159
v 20.5223923 -0.617677271 27.883997
v 20.5288162 -0.627488434 27.892004
v 20.5265331 -0.618925333 27.8791046
v 20.5249405 -0.624382138 27.8985023
v 20.5622616 -0.627484441 28.1142769
v 20.5682678 -0.631292939 28.1200886
v 20.5703697 -0.623555541 28.132513
v 20.564764 -0.621199489 28.1289768
v 20.5265331 -0.618925333 27.8791046
v 20.5214043 -0.601485789 27.8788567
v 20.5223923 -0.617677271 27.883997
v 20.5254478 -0.604002833 27.8733616
v 20.5208645 -0.450559497 27.8811188
v 20.525032 -0.445305526 27.8766136
v 20.5217381 -0.434522778 27.8867435
v 20.5257587 -0.432139426 27.8812923
v 20.5251999 -0.605495334 27.8718777
v 20.5246658 -0.443119049 27.8745747
v 20.5253391 -0.430885851 27.8789101
v 20.5261879 -0.619708836 27.8770885
v 20.5288162 -0.627488434 27.892004
v 20.5287476 -0.420561969 27.8989887
v 20.5286293 -0.423775673 27.8981972
v 20.5217171 -0.632032037 27.8507805
v 20.5208092 -0.414745003 27.8532829
v 20.5742664 -0.419188589 28.162344
v 20.5670929 -0.425012082 28.1206436
v 20.5670395 -0.428081572 28.1202221
v 20.5284615 -0.628626168 27.8899231
v 20.5746193 -0.635740399 28.1566601
v 20.5699959 -0.433670193 28.1371212
v 20.5715866 -0.442919463 28.1623192
v 20.5739994 -0.453379124 28.1595802
v 20.5695629 -0.435537189 28.1345539
v 20.5690384 -0.632165551 28.1245041
v 20.5682678 -0.631292939 28.1200886
v 20.5710182 -0.449467748 28.142477
v 20.5709381 -0.625613093 28.1357307
v 20.5703697 -0.623555541 28.132513
v 20.5718575 -0.617770135 28.1413288
v 20.5714912 -0.614242256 28.1393337
v 20.564764 -0.621199489 28.1289768
v 20.5657864 -0.605175018 28.1354523
v 20.5707226 -0.450951278 28.1407108
v 20.5641117 -0.438044995 28.1317234
v 20.5652466 -0.454248756 28.1377163
v 20.5641117 -0.438044995 28.1317234
v 20.5670395 -0.428081572 28.1202221
v 20.5695629 -0.435537189 28.1345539
v 20.5615597 -0.430566013 28.1172295
v 20.5286293 -0.423775673 27.8981972
v 20.5242386 -0.42746371 27.9014549
v 20.5257587 -0.432139426 27.8812923
v 20.5217381 -0.434522778 27.8867435
v 20.5514374 -0.672920465 28.2004261
v 20.4766083 -0.666257799 27.8397484
v 20.5016518 -0.645867348 27.8324127
v 20.3772659 -0.639400244 27.3444023
v 20.3321381 -0.662032723 27.3518829
v 20.2571182 -0.62465924 26.4763241
v 20.2703838 -0.621603131 26.5001621
v 20.2608089 -0.624991417 26.4901981
v 20.3286362 -0.624272227 26.8293571
v 20.3433132 -0.617202282 26.8193378
v 20.2904072 -0.612115383 26.5134792
v 20.3426685 -0.399937093 26.8233528
v 20.2964172 -0.379189134 26.5067062
v 20.3507481 -0.384804726 26.8207817
v 20.2892113 -0.395493507 26.5142899
v 20.3347683 -0.404437482 26.7774906
v 20.2964306 -0.402513325 26.5557976
v 20.2935886 -0.410694003 26.5390682
v 20.286581 -0.419228494 26.5145512
v 20.2897243 -0.429748774 26.5160275
v 20.2926788 -0.426330745 26.5332394
v 20.2904072 -0.612115383 26.5134792
v 20.2965069 -0.405593634 26.5561275
v 20.294035 -0.412633985 26.5415764
v 20.3349075 -0.407672584 26.7781868
v 20.2929859 -0.427864432 26.5349617
v 20.2933826 -0.591124594 26.5314426
v 20.2930412 -0.594593644 26.5293427
v 20.2945709 -0.600629926 26.5379791
v 20.2940178 -0.602594137 26.5347023
v 20.2967281 -0.608721256 26.550169
v 20.2959652 -0.609466553 26.5457268
v 20.337841 -0.416518718 26.7948303
v 20.3296585 -0.411289394 26.7764893
v 20.3322105 -0.418768376 26.7909832
v 20.3382511 -0.415334225 26.7972507
v 20.3386631 -0.429813683 26.7991142
v 20.3331985 -0.434959888 26.7961254
v 20.3390121 -0.427686721 26.8012161
v 20.3393803 -0.588536024 26.7976055
v 20.3433132 -0.617202282 26.8193378
v 20.3365402 -0.612672687 26.7803154
v 20.3361778 -0.611475587 26.7782669
v 20.3396378 -0.590070486 26.7990437
v 20.3384018 -0.603286982 26.7914181
v 20.3387508 -0.604128122 26.7934113
v 20.2794552 -0.359130621 26.4681702
v 20.2964172 -0.379189134 26.5067062
v 20.2586288 -0.368552744 26.4741764
v 20.3249702 -0.367800266 26.5016079
v 20.3507481 -0.384804726 26.8207817
v 20.3858147 -0.369919598 26.8102875
v 20.4404392 -0.358160019 26.7828465
v 20.3891258 -0.359946609 26.4859676
v 20.3809566 -0.346508533 26.4475155
v 20.4445343 -0.336502135 26.8073082
v 20.3293858 -0.364738166 26.844511
v 20.328558 -0.36730805 26.839632
v 20.4448872 -0.334708482 26.8104706
v 20.3878689 -0.365854859 27.3307037
v 20.4874172 -0.336874753 27.316452
v 20.4896221 -0.331607729 27.3293953
v 20.3875332 -0.365928352 27.3465576
v 20.3931732 -0.366295844 27.3613758
v 20.4918652 -0.33724454 27.3421726
v 20.6217308 -0.349408656 27.8329048
v 20.5013638 -0.379033715 27.8388042
v 20.6224518 -0.351291567 27.8359509
v 20.5022087 -0.381742775 27.8436031
v 20.5493793 -0.383132517 27.8458271
v 20.5825481 -0.373251498 27.8458214
v 20.5659828 -0.384895951 27.8519325
v 20.6238594 -0.364636928 27.8436108
v 20.6267052 -0.373643368 27.8597527
v 20.2344952 -0.403965741 26.4795952
v 20.2562752 -0.415594429 26.4987526
v 20.2345543 -0.415381283 26.4795284
v 20.2585487 -0.398376495 26.49856
v 20.2440586 -0.384252995 26.477169
v 20.2586288 -0.368552744 26.4741764
v 20.2964172 -0.379189134 26.5067062
v 20.277256 -0.415685654 26.5097294
v 20.2892113 -0.395493507 26.5142899
v 20.286581 -0.419228494 26.5145512
v 20.2571182 -0.62465924 26.4763241
v 20.260397 -0.642130375 26.4553185
v 20.2661152 -0.620567262 26.4498692
v 20.2536945 -0.648170829 26.4790192
v 20.269968 -0.414787918 26.448391
v 20.2344952 -0.403965741 26.4795952
v 20.2345543 -0.415381283 26.4795284
v 20.2706299 -0.403416604 26.4515781
v 20.3333778 -0.414229929 26.4262791
v 20.2729721 -0.393271953 26.4550247
v 20.2440586 -0.384252995 26.477169
v 20.2586288 -0.368552744 26.4741764
v 20.2794552 -0.359130621 26.4681702
v 20.3409615 -0.402813643 26.4281139
v 20.3425274 -0.414160401 26.4238186
v 20.3419037 -0.395938009 26.4314461
v 20.3809566 -0.346508533 26.4475155
v 20.3758602 -0.3945508 26.4214954
v 20.3750725 -0.402373075 26.4174824
v 20.3748055 -0.413929254 26.41609
v 20.3515472 -0.418642968 26.4206696
v 20.3745499 -0.426071107 26.4149857
v 20.3575497 -0.426181614 26.4183044
v 20.3718853 -0.59615314 26.4030666
v 20.3577881 -0.596288085 26.4087086
v 20.3582039 -0.61228323 26.4084568
v 20.371542 -0.622092485 26.4014359
v 20.3573875 -0.621707261 26.4064083
v 20.3438206 -0.612392664 26.4123287
v 20.3714981 -0.634171605 26.401144
v 20.3431168 -0.621299148 26.4103737
v 20.2689915 -0.613181055 26.4470882
v 20.2661152 -0.620567262 26.4498692
v 20.2356663 -0.613776982 26.4788933
v 20.3424873 -0.637278914 26.4089069
v 20.371563 -0.64016223 26.4015446
v 20.3198376 -0.670059323 26.4169102
v 20.3722 -0.669695854 26.4051399
v 20.3120346 -0.637469292 26.4143524
v 20.2933388 -0.670271218 26.4247303
v 20.3766022 -0.703434885 26.4283295
v 20.3239937 -0.703857481 26.4406261
v 20.2955799 -0.703910351 26.4373894
v 20.3473854 -0.82802093 26.4894009
v 20.3865948 -0.828888535 26.4814682
v 20.3189716 -0.828073859 26.4861622
v 20.2356663 -0.613776982 26.4788933
v 20.2703838 -0.621603131 26.5001621
v 20.2571182 -0.62465924 26.4763241
v 20.2562618 -0.613363326 26.5015793
v 20.2904072 -0.612115383 26.5134792
v 20.2608089 -0.624991417 26.4901981
v 20.2536945 -0.648170829 26.4790192
v 20.2571182 -0.62465924 26.4763241
v 20.3305149 -0.631641746 26.8429832
v 20.3286362 -0.624272227 26.8293571
v 20.3295155 -0.624316454 26.8346729
v 20.3288746 -0.400220275 26.838953
v 20.3328648 -0.60192287 26.7882366
v 20.3361778 -0.611475587 26.7782669
v 20.3303623 -0.608207822 26.7735367
v 20.2930412 -0.605105519 26.5577621
v 20.2967281 -0.608721256 26.550169
v 20.2945709 -0.600629926 26.5379791
v 20.2904911 -0.598400652 26.5432568
v 20.3337383 -0.585886121 26.7938614
v 20.3384018 -0.603286982 26.7914181
v 20.3328648 -0.60192287 26.7882366
v 20.3393803 -0.588536024 26.7976055
v 20.3331985 -0.434959888 26.7961254
v 20.3386631 -0.429813683 26.7991142
v 20.2923374 -0.408187062 26.5607147
v 20.3349075 -0.407672584 26.7781868
v 20.3296585 -0.411289394 26.7764893
v 20.2965069 -0.405593634 26.5561275
v 20.2898388 -0.415246159 26.5460033
v 20.294035 -0.412633985 26.5415764
v 20.2898388 -0.415246159 26.5460033
v 20.2929859 -0.427864432 26.5349617
v 20.294035 -0.412633985 26.5415764
v 20.2888184 -0.431270629 26.5395279
v 20.2893562 -0.582196891 26.5372639
v 20.2933826 -0.591124594 26.5314426
v 20.2904911 -0.598400652 26.5432568
v 20.2536945 -0.648170829 26.4790192
v 20.3305149 -0.631641746 26.8429832
v 20.3043652 -0.651940107 26.8439178
v 20.3772659 -0.639400244 27.3444023
v 20.3321381 -0.662032723 27.3518829
v 20.6344891 -0.696214676 28.2360802
v 20.6281548 -0.663746715 28.2420177
v 20.6586704 -0.663561404 28.2369232
v 20.6069012 -0.696336091 28.2376099
v 20.5466595 -0.671252787 28.2354736
v 20.4035263 -0.358370394 26.8108025
v 20.4404392 -0.358160019 26.7828465
v 20.443222 -0.349621534 26.7992516
v 20.4445343 -0.336502135 26.8073082
v 20.3858147 -0.369919598 26.8102875
v 20.3722343 -0.368407458 26.8216591
v 20.3466988 -0.382205129 26.8291531
v 20.328558 -0.36730805 26.839632
v 20.3507481 -0.384804726 26.8207817
v 20.3285904 -0.377092183 26.8394337
v 20.3426685 -0.399937093 26.8233528
v 20.3288746 -0.400220275 26.838953
v 20.336113 -0.400071681 26.8307667
v 20.3433132 -0.617202282 26.8193378
v 20.3286362 -0.624272227 26.8293571
v 20.5227432 -0.396838784 27.846962
v 20.5659828 -0.384895951 27.8519325
v 20.529356 -0.399651468 27.8534107
v 20.5208092 -0.414745003 27.8532829
v 20.5493793 -0.383132517 27.8458271
v 20.5121441 -0.414704204 27.8484974
v 20.5022087 -0.381742775 27.8436031
v 20.5025768 -0.414659172 27.8432159
v 20.5022583 -0.391528368 27.8435059
v -41.6583519 3.60465527 -2.14028335
v -41.8083763 3.62878799 -2.28334141
v -41.7579918 3.60465527 -2.31249452
v -41.7087364 3.62878799 -2.11113
v -41.9033241 3.6469183 -2.22840667
v -41.8036842 3.6469183 -2.05619526
v -42.0010338 3.64665818 -2.17187309
v -41.9013939 3.64665818 -1.99966192
v -42.0255241 3.63813496 -2.15770292
v -41.9258842 3.63813496 -1.98549175
v -41.7507095 3.56061506 -2.3167069
v -41.7579918 3.60465527 -2.31249452
v -41.8083763 3.62878799 -2.28334141
v -41.8164215 3.56191778 -2.27868629
v -41.9033241 3.6469183 -2.22840667
v -41.907402 3.5637219 -2.22604561
v -42.0010338 3.64665818 -2.17187309
v -42.0010338 3.56557822 -2.17187309
v -42.0255241 3.63813496 -2.15770292
v -42.0250206 3.56616783 -2.15799308
v -42.0452919 3.60937142 -2.14626455
v -42.0442696 3.56678057 -2.14685607
v -42.0442696 3.56678057 -2.14685607
v -42.0452919 3.60937142 -2.14626455
v -41.945652 3.60937142 -1.97405338
v -41.9446297 3.56678057 -1.97464466
v -41.7167816 3.56191778 -2.10647488
v -41.6583519 3.60465527 -2.14028335
v -41.6510696 3.56061506 -2.14449573
v -41.7087364 3.62878799 -2.11113
v -41.8077621 3.5637219 -2.05383444
v -41.8036842 3.6469183 -2.05619526
v -41.9013939 3.56557822 -1.99966192
v -41.9013939 3.64665818 -1.99966192
v -41.9253807 3.56616783 -1.98578167
v -41.9258842 3.63813496 -1.98549175
v -41.9446297 3.56678057 -1.97464466
v -41.945652 3.60937142 -1.97405338
v -41.7507095 3.56061506 -2.3167069
v -41.6510696 3.56061506 -2.14449573
v -41.6583519 3.60465527 -2.14028335
v -41.7579918 3.60465527 -2.31249452
v -41.9258842 3.63813496 -1.98549175
v -41.945652 3.60937142 -1.97405338
v -42.0452919 3.60937142 -2.14626455
v -42.0255241 3.63813496 -2.15770292
v -41.887764 3.1591804 -1.92933106
v -41.8215408 3.26000714 -1.93286359
v -41.8215408 3.1591804 -1.93286359
v -41.887764 3.26000714 -1.92933106
v -41.9518318 3.1591804 -1.94643533
v -41.9518318 3.26000714 -1.94643533
v -42.0074844 3.1591804 -1.98250115
v -42.0074844 3.26000714 -1.98250115
v -42.049263 3.1591804 -2.03399873
v -42.049263 3.26000714 -2.03399873
v -41.8215408 3.1591804 -1.93286359
v -41.8215408 3.26000714 -1.93286359
v -41.759655 3.26000714 -1.95668638
v -41.759655 3.1591804 -1.95668638
v -41.7081566 3.26000714 -1.99846733
v -41.7081566 3.1591804 -1.99846733
v -41.6720886 3.26000714 -2.05411768
v -41.6720886 3.1591804 -2.05411768
v -41.6549873 3.26000714 -2.11818814
v -41.6549873 3.1591804 -2.11818814
v -41.6585197 3.26000714 -2.18440843
v -41.6585197 3.1591804 -2.18440843
v -41.6823425 3.26000714 -2.24629688
v -41.6823425 3.1591804 -2.24629688
v -41.6823425 3.1591804 -2.24629688
v -41.6823425 3.26000714 -2.24629688
v -41.7241211 3.26000714 -2.29779387
v -41.7241211 3.1591804 -2.29779387
v -41.7797737 3.26000714 -2.33385992
v -41.7797737 3.1591804 -2.33385992
v -41.8438416 3.26000714 -2.35096478
v -41.8438416 3.1591804 -2.35096478
v -41.9100647 3.26000714 -2.3474319
v -41.9100647 3.1591804 -2.3474319
v -41.9100647 3.1591804 -2.3474319
v -41.9100647 3.26000714 -2.3474319
v -41.9719505 3.26000714 -2.32360935
v -41.9719505 3.1591804 -2.32360935
v -42.0234489 3.26000714 -2.28182817
v -42.0234489 3.1591804 -2.28182817
v -42.0595131 3.26000714 -2.22617865
v -42.0595131 3.1591804 -2.22617865
v -42.0766182 3.26000714 -2.16210723
v -42.0766182 3.1591804 -2.16210723
v -42.0730858 3.26000714 -2.09588647
v -42.0730858 3.1591804 -2.09588647
v -42.0730858 3.1591804 -2.09588647
v -42.0730858 3.26000714 -2.09588647
v -42.049263 3.26000714 -2.03399873
v -42.049263 3.1591804 -2.03399873
v -41.6823425 3.1591804 -2.24629688
v -41.6631317 3.14871025 -2.257411
v -41.6368179 3.14871025 -2.18904233
v -41.6585197 3.1591804 -2.18440843
v -41.6329155 3.14871025 -2.11588883
v -41.6549873 3.1591804 -2.11818814
v -41.6518059 3.14871025 -2.04510999
v -41.6720886 3.1591804 -2.05411768
v -41.6916504 3.14871025 -1.9836328
v -41.7081566 3.1591804 -1.99846733
v -41.748539 3.14871025 -1.93747759
v -41.759655 3.1591804 -1.95668638
v -41.816906 3.14871025 -1.91116047
v -41.8215408 3.1591804 -1.93286359
v -41.8900604 3.14871025 -1.90725851
v -41.887764 3.1591804 -1.92933106
v -41.9608383 3.14871025 -1.92615378
v -41.9518318 3.1591804 -1.94643533
v -42.022316 3.14871025 -1.96599555
v -42.0074844 3.1591804 -1.98250115
v -42.0684738 3.14871025 -2.02288461
v -42.049263 3.1591804 -2.03399873
v -41.7241211 3.1591804 -2.29779387
v -41.6631317 3.14871025 -2.257411
v -41.6823425 3.1591804 -2.24629688
v -41.7092896 3.14871025 -2.31429958
v -41.7797737 3.1591804 -2.33385992
v -41.7707634 3.14871025 -2.35414195
v -41.8438416 3.1591804 -2.35096478
v -41.8415413 3.14871025 -2.37303734
v -41.9100647 3.1591804 -2.3474319
v -41.9146996 3.14871025 -2.36913443
v -41.9719505 3.1591804 -2.32360935
v -41.9830666 3.14871025 -2.34281826
v -42.0234489 3.1591804 -2.28182817
v -42.0399551 3.14871025 -2.29666209
v -41.9830666 3.14871025 -2.34281826
v -41.9719505 3.1591804 -2.32360935
v -42.0595131 3.1591804 -2.22617865
v -42.0399551 3.14871025 -2.29666209
v -42.0234489 3.1591804 -2.28182817
v -42.0797958 3.14871025 -2.2351861
v -42.0766182 3.1591804 -2.16210723
v -42.09869 3.14871025 -2.16440701
v -42.0730858 3.1591804 -2.09588647
v -42.0947914 3.14871025 -2.09125257
v -42.049263 3.1591804 -2.03399873
v -42.0684738 3.14871025 -2.02288461
v -41.748539 3.14871025 -1.93747759
v -41.7471695 3.04169083 -1.93510687
v -41.8163376 3.04169083 -1.90848172
v -41.816906 3.14871025 -1.91116047
v -41.8903465 3.04169083 -1.90453434
v -41.8900604 3.14871025 -1.90725851
v -41.9619522 3.04169083 -1.92364991
v -41.9608383 3.14871025 -1.92615378
v -42.024147 3.04169083 -1.9639585
v -42.022316 3.14871025 -1.96599555
v -42.0708466 3.04169083 -2.02151251
v -42.0684738 3.14871025 -2.02288461
v -41.6916504 3.14871025 -1.9836328
v -41.7471695 3.04169083 -1.93510687
v -41.748539 3.14871025 -1.93747759
v -41.6896133 3.04169083 -1.98180223
v -41.6518059 3.14871025 -2.04510999
v -41.6493034 3.04169083 -2.04399824
v -41.6329155 3.14871025 -2.11588883
v -41.630188 3.04169083 -2.11560535
v -41.6368179 3.14871025 -2.18904233
v -41.6341362 3.04169083 -2.18961453
v -41.6631317 3.14871025 -2.257411
v -41.6607628 3.04169083 -2.25878215
v -41.7092896 3.14871025 -2.31429958
v -41.6607628 3.04169083 -2.25878215
v -41.6631317 3.14871025 -2.257411
v -41.7074585 3.04169083 -2.31633687
v -41.7707634 3.14871025 -2.35414195
v -41.7696533 3.04169083 -2.35664558
v -41.8415413 3.14871025 -2.37303734
v -41.8415413 3.14871025 -2.37303734
v -41.841259 3.04169083 -2.37576151
v -41.7696533 3.04169083 -2.35664558
v -41.9146996 3.14871025 -2.36913443
v -41.9152718 3.04169083 -2.37181354
v -41.9830666 3.14871025 -2.34281826
v -41.984436 3.04169083 -2.34518886
v -42.0399551 3.14871025 -2.29666209
v -42.0419922 3.04169083 -2.29849291
v -42.0797958 3.14871025 -2.2351861
v -42.0823021 3.04169083 -2.23629761
v -42.09869 3.14871025 -2.16440701
v -42.1014175 3.04169083 -2.16469002
v -42.0947914 3.14871025 -2.09125257
v -42.0974693 3.04169083 -2.09068084
v -42.0684738 3.14871025 -2.02288461
v -42.0708466 3.04169083 -2.02151251
v -42.0708466 3.04169083 -2.02151251
v -42.1616745 3.01811934 -1.96895993
v -42.2000961 3.01811934 -2.06876612
v -42.0974693 3.04169083 -2.09068084
v -42.2057953 3.01811934 -2.17556095
v -42.1014175 3.04169083 -2.16469002
v -42.1782074 3.01811934 -2.2788918
v -42.0823021 3.04169083 -2.23629761
v -42.1200447 3.01811934 -2.36863804
v -42.0419922 3.04169083 -2.29849291
v -42.0369911 3.01811934 -2.43602037
v -41.984436 3.04169083 -2.34518886
v -41.9371834 3.01811934 -2.47443962
v -41.9152718 3.04169083 -2.37181354
v -41.8303871 3.01811934 -2.48013568
v -41.841259 3.04169083 -2.37576151
v -41.7270584 3.01811934 -2.45255327
v -41.7696533 3.04169083 -2.35664558
v -41.63731 3.01811934 -2.3943882
v -41.7074585 3.04169083 -2.31633687
v -41.569931 3.01811934 -2.31133509
v -41.6607628 3.04169083 -2.25878215
v -41.5315094 3.01811934 -2.21152902
v -41.6341362 3.04169083 -2.18961453
v -41.5258141 3.01811934 -2.10473418
v -41.630188 3.04169083 -2.11560535
v -41.5533981 3.01811934 -2.00140405
v -41.6493034 3.04169083 -2.04399824
v -41.6115608 3.01811934 -1.91165674
v -41.6896133 3.04169083 -1.98180223
v -41.6946144 3.01811934 -1.84427536
v -41.7471695 3.04169083 -1.93510687
v -41.7944221 3.01811934 -1.80585504
v -41.8163376 3.04169083 -1.90848172
v -41.9012184 3.01811934 -1.80016005
v -41.8903465 3.04169083 -1.90453434
v -42.0045471 3.01811934 -1.82774186
v -41.9619522 3.04169083 -1.92364991
v -42.0942955 3.01811934 -1.88590693
v -42.024147 3.04169083 -1.9639585
v -42.1616745 3.01811934 -1.96895993
v -42.0708466 3.04169083 -2.02151251
v -42.0045471 3.01811934 -1.82774186
v -42.0073738 2.92973375 -1.82137239
v -42.0989532 2.92973375 -1.88072228
v -41.9012184 3.01811934 -1.80016005
v -41.9019432 2.92973375 -1.79322386
v -41.7944221 3.01811934 -1.80585504
v -41.7929688 2.92973375 -1.79903758
v -41.6946144 3.01811934 -1.84427536
v -41.691124 2.92973375 -1.83824158
v -41.6115608 3.01811934 -1.91165674
v -41.6063766 2.92973375 -1.9069972
v -42.0045471 3.01811934 -1.82774186
v -42.0989532 2.92973375 -1.88072228
v -42.0942955 3.01811934 -1.88590693
v -42.1677094 2.92973375 -1.96546698
v -42.1616745 3.01811934 -1.96895993
v -41.5533981 3.01811934 -2.00140405
v -41.6063766 2.92973375 -1.9069972
v -41.6115608 3.01811934 -1.91165674
v -41.5470238 2.92973375 -1.99857676
v -41.5258141 3.01811934 -2.10473418
v -41.5188828 2.92973375 -2.10401034
v -41.5315094 3.01811934 -2.21152902
v -41.5188828 2.92973375 -2.10401034
v -41.5258141 3.01811934 -2.10473418
v -41.5246925 2.92973375 -2.21298432
v -41.569931 3.01811934 -2.31133509
v -41.5638962 2.92973375 -2.3148284
v -41.63731 3.01811934 -2.3943882
v -41.6326523 2.92973375 -2.39957285
v -41.7270584 3.01811934 -2.45255327
v -41.7242317 2.92973375 -2.45892286
v -41.8303871 3.01811934 -2.48013568
v -41.8303871 3.01811934 -2.48013568
v -41.8296623 2.92973375 -2.48707151
v -41.7242317 2.92973375 -2.45892286
v -41.9371834 3.01811934 -2.47443962
v -41.9386368 2.92973375 -2.48125744
v -42.0369911 3.01811934 -2.43602037
v -42.0404816 2.92973375 -2.44205427
v -42.1200447 3.01811934 -2.36863804
v -42.1252289 2.92973375 -2.37329769
v -42.1782074 3.01811934 -2.2788918
v -42.1845818 2.92973375 -2.28171873
v -42.2057953 3.01811934 -2.17556095
v -42.1845818 2.92973375 -2.28171873
v -42.1782074 3.01811934 -2.2788918
v -42.2127228 2.92973375 -2.17628479
v -42.2000961 3.01811934 -2.06876612
v -42.206913 2.92973375 -2.06731057
v -42.1616745 3.01811934 -1.96895993
v -42.1677094 2.92973375 -1.96546698
v -42.0730858 3.5021255 -2.09588647
v -42.0751686 3.51432014 -2.01901102
v -42.049263 3.5021255 -2.03399873
v -42.102356 3.51432014 -2.08963656
v -42.0766182 3.5021255 -2.16210723
v -42.1063843 3.51432014 -2.16520786
v -42.0595131 3.5021255 -2.22617865
v -42.0868645 3.51432014 -2.2383256
v -42.0234489 3.5021255 -2.28182817
v -42.0457077 3.51432014 -2.30183244
v -41.9719505 3.5021255 -2.32360935
v -41.9869385 3.51432014 -2.34951329
v -41.9100647 3.5021255 -2.3474319
v -41.9163132 3.51432014 -2.37669992
v -41.8438416 3.5021255 -2.35096478
v -41.8407402 3.51432014 -2.38073063
v -41.7797737 3.5021255 -2.33385992
v -41.7676239 3.51432014 -2.36121154
v -41.7241211 3.5021255 -2.29779387
v -41.7041168 3.51432014 -2.32005262
v -41.6823425 3.5021255 -2.24629688
v -41.6564369 3.51432014 -2.26128459
v -41.6585197 3.5021255 -2.18440843
v -41.6292534 3.51432014 -2.19065762
v -41.6549873 3.5021255 -2.11818814
v -41.6252213 3.51432014 -2.11508775
v -41.6720886 3.5021255 -2.05411768
v -41.6447372 3.51432014 -2.04197025
v -41.7081566 3.5021255 -1.99846733
v -41.6858978 3.51432014 -1.97846317
v -41.759655 3.5021255 -1.95668638
v -41.7446671 3.51432014 -1.93078244
v -41.8215408 3.5021255 -1.93286359
v -41.8152924 3.51432014 -1.90359569
v -41.887764 3.5021255 -1.92933106
v -41.8908615 3.51432014 -1.89956498
v -41.9518318 3.5021255 -1.94643533
v -41.9639816 3.51432014 -1.91908407
v -42.0074844 3.5021255 -1.98250115
v -42.0274887 3.51432014 -1.96024156
v -42.049263 3.5021255 -2.03399873
v -42.0751686 3.51432014 -2.01901102
v -41.8908615 3.51432014 -1.89956498
v -41.8152924 3.56759214 -1.90359569
v -41.8152924 3.51432014 -1.90359569
v -41.8908653 3.56759214 -1.89956474
v -41.9639816 3.51432014 -1.91908407
v -41.9639816 3.56759214 -1.91908407
v -42.0274887 3.51432014 -1.96024156
v -42.0274887 3.56759214 -1.96024156
v -42.0751686 3.51432014 -2.01901102
v -42.0751686 3.56759214 -2.01901102
v -41.8152924 3.51432014 -1.90359569
v -41.8152924 3.56759214 -1.90359569
v -41.7446671 3.56759214 -1.93078244
v -41.7446671 3.51432014 -1.93078244
v -41.6858978 3.56759214 -1.97846317
v -41.6858978 3.51432014 -1.97846317
v -41.6447372 3.56759214 -2.04197025
v -41.6447372 3.51432014 -2.04197025
v -41.6252213 3.56759214 -2.11508775
v -41.6252213 3.51432014 -2.11508775
v -41.6252213 3.51432014 -2.11508775
v -41.6252213 3.56759214 -2.11508775
v -41.6292534 3.56759214 -2.19065762
v -41.6292534 3.51432014 -2.19065762
v -41.6564369 3.56759214 -2.26128459
v -41.6564369 3.51432014 -2.26128459
v -41.7041168 3.56759214 -2.32005262
v -41.7041168 3.51432014 -2.32005262
v -41.7676239 3.56759214 -2.36121154
v -41.7676239 3.51432014 -2.36121154
v -41.7676239 3.51432014 -2.36121154
v -41.7676239 3.56759214 -2.36121154
v -41.8407402 3.56759214 -2.38073063
v -41.8407402 3.51432014 -2.38073063
v -41.9163132 3.56759214 -2.37669992
v -41.9163132 3.51432014 -2.37669992
v -41.9869385 3.56759214 -2.34951329
v -41.9869385 3.51432014 -2.34951329
v -42.0457077 3.56759214 -2.30183244
v -42.0457077 3.51432014 -2.30183244
v -42.0457077 3.51432014 -2.30183244
v -42.0457077 3.56759214 -2.30183244
v -42.0868645 3.56759214 -2.2383256
v -42.0868645 3.51432014 -2.2383256
v -42.1063843 3.56759214 -2.16520786
v -42.1063843 3.51432014 -2.16520786
v -42.102356 3.56759214 -2.08963656
v -42.102356 3.51432014 -2.08963656
v -42.102356 3.51432014 -2.08963656
v -42.102356 3.56759214 -2.08963656
v -42.0751686 3.56759214 -2.01901102
v -42.0751686 3.51432014 -2.01901102
v -42.049263 3.26000714 -2.03399873
v -42.0636826 3.26277995 -2.02565598
v -42.0186195 3.26277995 -1.9701103
v -42.0074844 3.26000714 -1.98250115
v -41.9585953 3.26277995 -1.9312104
v -41.9518318 3.26000714 -1.94643533
v -41.8894882 3.26277995 -1.91276205
v -41.887764 3.26000714 -1.92933106
v -41.8180618 3.26277995 -1.9165715
v -41.8215408 3.26000714 -1.93286359
v -41.7513123 3.26277995 -1.94226682
v -41.759655 3.26000714 -1.95668638
v -41.6957664 3.26277995 -1.98733187
v -41.7081566 3.26000714 -1.99846733
v -41.6568642 3.26277995 -2.04735541
v -41.6720886 3.26000714 -2.05411768
v -41.6384163 3.26277995 -2.11646223
v -41.6549873 3.26000714 -2.11818814
v -41.6422272 3.26277995 -2.18788743
v -41.6585197 3.26000714 -2.18440843
v -41.667923 3.26277995 -2.25463963
v -41.6823425 3.26000714 -2.24629688
v -41.712986 3.26277995 -2.31018472
v -41.7241211 3.26000714 -2.29779387
v -41.7730103 3.26277995 -2.34908533
v -41.7797737 3.26000714 -2.33385992
v -41.8421173 3.26277995 -2.36753368
v -41.8438416 3.26000714 -2.35096478
v -41.9135437 3.26277995 -2.36372399
v -41.9100647 3.26000714 -2.3474319
v -41.9802933 3.26277995 -2.33802891
v -41.9719505 3.26000714 -2.32360935
v -42.0358391 3.26277995 -2.2929635
v -42.0234489 3.26000714 -2.28182817
v -42.0747414 3.26277995 -2.23294044
v -42.0595131 3.26000714 -2.22617865
v -42.0931892 3.26277995 -2.16383362
v -42.0766182 3.26000714 -2.16210723
v -42.0893784 3.26277995 -2.09240746
v -42.0730858 3.26000714 -2.09588647
v -42.0636826 3.26277995 -2.02565598
v -42.049263 3.26000714 -2.03399873
v -41.7241211 3.30703616 -2.29779387
v -41.7241211 3.5021255 -2.29779387
v -41.7797737 3.5021255 -2.33385992
v -41.7797737 3.30703616 -2.33385992
v -41.8438416 3.5021255 -2.35096478
v -41.8438416 3.30703616 -2.35096478
v -41.9100647 3.5021255 -2.3474319
v -41.9100647 3.30703616 -2.3474319
v -41.9719505 3.5021255 -2.32360935
v -41.9719505 3.30703616 -2.32360935
v -42.0234489 3.5021255 -2.28182817
v -41.6823425 3.30703616 -2.24629688
v -41.7241211 3.5021255 -2.29779387
v -41.7241211 3.30703616 -2.29779387
v -41.6823425 3.5021255 -2.24629688
v -41.6585197 3.30703616 -2.18440843
v -41.6585197 3.5021255 -2.18440843
v -41.6549873 3.30703616 -2.11818814
v -41.6549873 3.5021255 -2.11818814
v -41.6720886 3.30703616 -2.05411768
v -41.6720886 3.5021255 -2.05411768
v -41.7081566 3.30703616 -1.99846733
v -41.7081566 3.5021255 -1.99846733
v -41.759655 3.30703616 -1.95668638
v -41.7081566 3.5021255 -1.99846733
v -41.7081566 3.30703616 -1.99846733
v -41.759655 3.5021255 -1.95668638
v -41.8215408 3.30703616 -1.93286359
v -41.8215408 3.5021255 -1.93286359
v -41.887764 3.30703616 -1.92933106
v -41.887764 3.5021255 -1.92933106
v -41.9518318 3.30703616 -1.94643569
v -41.9518318 3.5021255 -1.94643533
v -42.0074844 3.30703616 -1.98250115
v -42.0074844 3.5021255 -1.98250115
v -42.049263 3.30703616 -2.03399873
v -42.049263 3.5021255 -2.03399873
v -42.0730858 3.30703616 -2.09588647
v -42.049263 3.5021255 -2.03399873
v -42.049263 3.30703616 -2.03399873
v -42.0730858 3.5021255 -2.09588647
v -42.0766182 3.30703616 -2.16210771
v -42.0766182 3.5021255 -2.16210723
v -42.0595131 3.30703616 -2.22617865
v -42.0595131 3.5021255 -2.22617865
v -42.0234489 3.30703616 -2.28182817
v -42.0234489 3.5021255 -2.28182817
v -41.9719505 3.30703616 -2.32360935
v -41.9135437 3.26277995 -2.36372399
v -41.9802933 3.30271792 -2.33802891
v -41.9802933 3.26277995 -2.33802891
v -41.9135437 3.30271792 -2.36372399
v -41.8421173 3.26277995 -2.36753368
v -41.8421173 3.30271792 -2.36753368
v -41.7730103 3.26277995 -2.34908533
v -41.7730103 3.30271792 -2.34908533
v -41.712986 3.26277995 -2.31018472
v -41.7730103 3.30271792 -2.34908533
v -41.7730103 3.26277995 -2.34908533
v -41.712986 3.30271792 -2.31018472
v -41.667923 3.26277995 -2.25463963
v -41.667923 3.30271792 -2.25463963
v -41.6422272 3.26277995 -2.18788743
v -41.6422272 3.30271792 -2.18788743
v -41.6384163 3.26277995 -2.11646223
v -41.6384163 3.30271792 -2.11646223
v -41.6568642 3.26277995 -2.04735541
v -41.6568642 3.30271792 -2.04735541
v -41.6957664 3.26277995 -1.98733187
v -41.6568642 3.30271792 -2.04735541
v -41.6568642 3.26277995 -2.04735541
v -41.6957664 3.30271792 -1.98733187
v -41.7513123 3.26277995 -1.94226682
v -41.7513123 3.30271792 -1.94226682
v -41.8180618 3.26277995 -1.9165715
v -41.8180618 3.30271792 -1.9165715
v -41.8894882 3.26277995 -1.91276205
v -41.8894882 3.30271792 -1.91276205
v -41.9585953 3.26277995 -1.9312104
v -41.8894882 3.30271792 -1.91276205
v -41.8894882 3.26277995 -1.91276205
v -41.9585953 3.30271792 -1.9312104
v -42.0186195 3.26277995 -1.9701103
v -42.0186195 3.30271792 -1.9701103
v -42.0636826 3.26277995 -2.02565598
v -42.0636826 3.30271792 -2.02565598
v -42.0893784 3.26277995 -2.09240746
v -42.0636826 3.30271792 -2.02565598
v -42.0636826 3.26277995 -2.02565598
v -42.0893784 3.30271792 -2.09240746
v -42.0931892 3.26277995 -2.16383362
v -42.0931892 3.30271792 -2.16383362
v -42.0747414 3.26277995 -2.23294044
v -42.0747414 3.30271792 -2.23294044
v -42.0358391 3.26277995 -2.2929635
v -42.0358391 3.30271792 -2.2929635
v -41.9802933 3.26277995 -2.33802891
v -41.9802933 3.30271792 -2.33802891
v -42.0636826 3.30271792 -2.02565598
v -42.049263 3.30703616 -2.03399873
v -42.0074844 3.30703616 -1.98250115
v -42.0186195 3.30271792 -1.9701103
v -41.9518318 3.30703616 -1.94643569
v -41.9585953 3.30271792 -1.9312104
v -41.887764 3.30703616 -1.92933106
v -41.8894882 3.30271792 -1.91276205
v -41.8215408 3.30703616 -1.93286359
v -41.8180618 3.30271792 -1.9165715
v -41.759655 3.30703616 -1.95668638
v -41.7513123 3.30271792 -1.94226682
v -41.7081566 3.30703616 -1.99846733
v -41.6957664 3.30271792 -1.98733187
v -41.6720886 3.30703616 -2.05411768
v -41.6568642 3.30271792 -2.04735541
v -41.6549873 3.30703616 -2.11818814
v -41.6384163 3.30271792 -2.11646223
v -41.6585197 3.30703616 -2.18440843
v -41.6422272 3.30271792 -2.18788743
v -41.6823425 3.30703616 -2.24629688
v -41.667923 3.30271792 -2.25463963
v -41.7241211 3.30703616 -2.29779387
v -41.712986 3.30271792 -2.31018472
v -41.7797737 3.30703616 -2.33385992
v -41.7730103 3.30271792 -2.34908533
v -41.8438416 3.30703616 -2.35096478
v -41.8421173 3.30271792 -2.36753368
v -41.9100647 3.30703616 -2.3474319
v -41.9135437 3.30271792 -2.36372399
v -41.9719505 3.30703616 -2.32360935
v -41.9802933 3.30271792 -2.33802891
v -42.0234489 3.30703616 -2.28182817
v -42.0358391 3.30271792 -2.2929635
v -42.0595131 3.30703616 -2.22617865
v -42.0747414 3.30271792 -2.23294044
v -42.0766182 3.30703616 -2.16210771
v -42.0931892 3.30271792 -2.16383362
v -42.0730858 3.30703616 -2.09588647
v -42.0893784 3.30271792 -2.09240746
v -42.049263 3.30703616 -2.03399873
v -42.0636826 3.30271792 -2.02565598
v -42.102356 3.56759214 -2.08963656
v -41.8658028 3.56759214 -2.14014792
v -42.0751686 3.56759214 -2.01901102
v -42.1063843 3.56759214 -2.16520786
v -42.0274887 3.56759214 -1.96024156
v -42.0868645 3.56759214 -2.2383256
v -41.9639816 3.56759214 -1.91908407
v -42.0457077 3.56759214 -2.30183244
v -41.8908653 3.56759214 -1.89956474
v -41.9869385 3.56759214 -2.34951329
v -41.8152924 3.56759214 -1.90359569
v -41.9163132 3.56759214 -2.37669992
v -41.7446671 3.56759214 -1.93078244
v -41.8407402 3.56759214 -2.38073063
v -41.6858978 3.56759214 -1.97846317
v -41.7676239 3.56759214 -2.36121154
v -41.6447372 3.56759214 -2.04197025
v -41.7041168 3.56759214 -2.32005262
v -41.6252213 3.56759214 -2.11508775
v -41.6564369 3.56759214 -2.26128459
v -41.6292534 3.56759214 -2.19065762
v -42.1677094 2.92973375 -1.96546698
v -41.8658028 2.92534137 -2.14014792
v -42.206913 2.92973375 -2.06731057
v -42.0989532 2.92973375 -1.88072228
v -42.2127228 2.92973375 -2.17628479
v -42.0073738 2.92973375 -1.82137239
v -42.1845818 2.92973375 -2.28171873
v -41.9019432 2.92973375 -1.79322386
v -42.1252289 2.92973375 -2.37329769
v -41.7929688 2.92973375 -1.79903758
v -42.0404816 2.92973375 -2.44205427
v -41.691124 2.92973375 -1.83824158
v -41.9386368 2.92973375 -2.48125744
v -41.6063766 2.92973375 -1.9069972
v -41.8296623 2.92973375 -2.48707151
v -41.5470238 2.92973375 -1.99857676
v -41.7242317 2.92973375 -2.45892286
v -41.5188828 2.92973375 -2.10401034
v -41.6326523 2.92973375 -2.39957285
v -41.5246925 2.92973375 -2.21298432
v -41.5638962 2.92973375 -2.3148284
v -10.5626097 10.5295134 -21.0859241
v -10.6399727 10.5767183 -21.0260067
v -10.5971842 10.5295134 -21.0260067
v -10.5839911 10.5767183 -21.122961
v -10.6399727 10.635067 -21.0260067
v -10.5839911 10.635067 -21.122961
v -10.5626097 10.5295134 -20.9660702
v -10.4720278 10.5767183 -20.9290352
v -10.4933958 10.5295134 -20.9660702
v -10.5839911 10.5767183 -20.9290352
v -10.5971842 10.5295134 -21.0260067
v -10.4720278 10.635067 -20.9290352
v -10.6399727 10.5767183 -21.0260067
v -10.5839911 10.635067 -20.9290352
v -10.6399727 10.635067 -21.0260067
v -10.4933958 10.5295134 -20.9660702
v -10.4160318 10.5767183 -21.0260067
v -10.4588156 10.5295134 -21.0260067
v -10.4720278 10.5767183 -20.9290352
v -10.4160318 10.635067 -21.0260067
v -10.4720278 10.635067 -20.9290352
v -10.4588156 10.5295134 -21.0260067
v -10.4160318 10.5767183 -21.0260067
v -10.4720278 10.5767183 -21.122961
v -10.4933958 10.5295134 -21.0859241
v -10.5839911 10.5767183 -21.122961
v -10.5626097 10.5295134 -21.0859241
v -10.5280046 10.5114822 -21.0260067
v -10.4933958 10.5295134 -20.9660702
v -10.5971842 10.5295134 -21.0260067
v -10.5626097 10.5295134 -20.9660702
v -10.4720278 10.5767183 -21.122961
v -10.4720278 10.635067 -21.122961
v -10.5839911 10.635067 -21.122961
v -10.5839911 10.5767183 -21.122961
v -10.4160318 10.5767183 -21.0260067
v -10.4160318 10.635067 -21.0260067
v -10.4720278 10.635067 -21.122961
v -10.4720278 10.5767183 -21.122961
v -5.18398094 4.8682785 -0.126865
v -0.740019083 4.8682785 -0.126865
v -5.18398094 8.93172169 -0.126865
v -0.740019083 8.93172169 -0.126865
v -5.18398094 8.93172169 -0.351134986
v -0.740019083 8.93172169 -0.351134986
v -5.18398094 4.8682785 -0.351134986
v -0.740019083 4.8682785 -0.351134986
v -5.18398094 8.93172169 -0.126865
v -0.740019083 8.93172169 -0.126865
v -5.18398094 8.93172169 -0.351134986
v -0.740019083 8.93172169 -0.351134986
v -5.18398094 4.8682785 -0.351134986
v -5.18398094 4.8682785 -0.126865
v -0.740019083 4.8682785 -0.126865
v -0.740019083 4.8682785 -0.351134986
v -0.740019083 4.8682785 -0.126865
v -0.740019083 8.93172169 -0.126865
v -0.740019083 8.93172169 -0.351134986
v -0.740019083 4.8682785 -0.351134986
v -5.18398094 4.8682785 -0.351134986
v -5.18398094 8.93172169 -0.351134986
v -5.18398094 8.93172169 -0.126865
v -5.18398094 4.8682785 -0.126865
v -31.7744522 18.6185741 -8.94412804
v -30.0706253 18.6171665 -8.94412804
v -30.0706253 18.6171665 -8.85761166
v -31.7744522 18.6185741 -8.85761166
v -30.0706253 18.5663147 -8.78761864
v -31.7744522 18.5677223 -8.78761864
v -30.0706253 18.4840317 -8.76088333
v -31.7744522 18.4854393 -8.76088333
v -31.7744522 18.5677223 -9.01412106
v -30.0706253 18.6171665 -8.94412804
v -31.7744522 18.6185741 -8.94412804
v -30.0706253 18.5663147 -9.01412106
v -31.7744522 18.4854393 -9.04085541
v -30.0706253 18.4840317 -9.04085541
v -31.7744522 18.4031582 -9.01412106
v -30.0706253 18.4840317 -9.04085541
v -31.7744522 18.4854393 -9.04085541
v -30.0706253 18.4017506 -9.01412106
v -31.7744522 18.3523045 -8.94412804
v -30.0706253 18.3508968 -8.94412804
v -31.7744522 18.3523045 -8.85761166
v -30.0706253 18.3508968 -8.85761166
v -31.7744522 18.4031582 -8.78761864
v -30.0706253 18.3508968 -8.85761166
v -31.7744522 18.3523045 -8.85761166
v -30.0706253 18.4017506 -8.78761864
v -31.7744522 18.4854393 -8.76088333
v -30.0706253 18.4840317 -8.76088333
v -28.3668003 18.6157589 -8.94412708
v -26.6629753 18.6143513 -8.94412708
v -26.6629753 18.6143513 -8.8576107
v -28.3668003 18.6157589 -8.85761166
v -26.6629753 18.5634956 -8.78761768
v -28.3668003 18.5649052 -8.78761768
v -26.6629753 18.4812164 -8.76088333
v -28.3668003 18.4826241 -8.76088333
v -28.3668003 18.5649052 -9.01412106
v -26.6629753 18.6143513 -8.94412708
v -28.3668003 18.6157589 -8.94412708
v -26.6629753 18.5634956 -9.0141201
v -28.3668003 18.4826241 -9.04085541
v -26.6629753 18.4812164 -9.04085541
v -28.3668003 18.4003429 -9.01412106
v -26.6629753 18.4812164 -9.04085541
v -28.3668003 18.4826241 -9.04085541
v -26.6629753 18.3989334 -9.0141201
v -28.3668003 18.3494892 -8.94412708
v -26.6629753 18.3480816 -8.94412708
v -28.3668003 18.3494892 -8.85761166
v -26.6629753 18.3480816 -8.8576107
v -28.3668003 18.4003429 -8.78761768
v -26.6629753 18.3480816 -8.8576107
v -28.3668003 18.3494892 -8.85761166
v -26.6629753 18.3989334 -8.78761768
v -28.3668003 18.4826241 -8.76088333
v -26.6629753 18.4812164 -8.76088333
v -26.6629753 18.6143513 -8.94412708
v -24.9591503 18.6129417 -8.94412708
v -24.9591503 18.6129417 -8.8576107
v -26.6629753 18.6143513 -8.8576107
v -24.9591503 18.5620899 -8.78761768
v -26.6629753 18.5634956 -8.78761768
v -26.6629753 18.4812164 -8.76088333
v -24.9591503 18.4798069 -8.76088333
v -26.6629753 18.5634956 -9.0141201
v -24.9591503 18.6129417 -8.94412708
v -26.6629753 18.6143513 -8.94412708
v -24.9591503 18.5620899 -9.0141201
v -26.6629753 18.4812164 -9.04085541
v -24.9591503 18.4798069 -9.04085541
v -26.6629753 18.3989334 -9.0141201
v -24.9591503 18.4798069 -9.04085541
v -26.6629753 18.4812164 -9.04085541
v -24.9591503 18.3975258 -9.0141201
v -26.6629753 18.3480816 -8.94412708
v -24.9591503 18.3466721 -8.94412708
v -26.6629753 18.3480816 -8.8576107
v -24.9591503 18.3466721 -8.8576107
v -26.6629753 18.3989334 -8.78761768
v -24.9591503 18.3466721 -8.8576107
v -26.6629753 18.3480816 -8.8576107
v -24.9591503 18.3975258 -8.78761768
v -26.6629753 18.4812164 -8.76088333
v -24.9591503 18.4798069 -8.76088333
v -30.0706253 18.6171665 -8.94412804
v -28.3668003 18.6157589 -8.94412708
v -28.3668003 18.6157589 -8.85761166
v -30.0706253 18.6171665 -8.85761166
v -28.3668003 18.5649052 -8.78761768
v -30.0706253 18.5663147 -8.78761864
v -28.3668003 18.4826241 -8.76088333
v -30.0706253 18.4840317 -8.76088333
v -30.0706253 18.5663147 -9.01412106
v -28.3668003 18.6157589 -8.94412708
v -30.0706253 18.6171665 -8.94412804
v -28.3668003 18.5649052 -9.01412106
v -30.0706253 18.4840317 -9.04085541
v -28.3668003 18.4826241 -9.04085541
v -30.0706253 18.4017506 -9.01412106
v -28.3668003 18.4826241 -9.04085541
v -30.0706253 18.4840317 -9.04085541
v -28.3668003 18.4003429 -9.01412106
v -30.0706253 18.3508968 -8.94412804
v -28.3668003 18.3494892 -8.94412708
v -30.0706253 18.3508968 -8.85761166
v -28.3668003 18.3494892 -8.85761166
v -30.0706253 18.4017506 -8.78761864
v -28.3668003 18.3494892 -8.85761166
v -30.0706253 18.3508968 -8.85761166
v -28.3668003 18.4003429 -8.78761768
v -30.0706253 18.4840317 -8.76088333
v -28.3668003 18.4826241 -8.76088333
v -30.8294888 18.2215443 -8.94412804
v -31.7744522 18.2343636 -8.94412804
v -31.7744522 18.1835117 -9.01412106
v -30.8294888 18.1706924 -9.01412106
v -29.294096 18.1156139 -8.94412708
v -31.7744522 18.1012306 -9.04085541
v -29.294096 18.0647602 -9.01412106
v -30.8294888 18.0884113 -9.04085541
v -29.294096 17.9824791 -9.04085541
v -30.8294888 18.0884113 -9.04085541
v -31.7744522 18.1012306 -9.04085541
v -31.7744522 18.0189476 -9.01412106
v -30.8294888 18.0061283 -9.01412106
v -29.294096 17.9824791 -9.04085541
v -31.7744522 17.9680958 -8.94412804
v -29.294096 17.9001961 -9.01412106
v -30.8294888 17.9552765 -8.94412804
v -31.7744522 17.9680958 -8.85761166
v -29.294096 17.8493443 -8.94412708
v -30.8294888 17.9552765 -8.85761166
v -29.294096 17.8493443 -8.85761166
v -30.8294888 17.9552765 -8.85761166
v -31.7744522 17.9680958 -8.85761166
v -31.7744522 18.0189476 -8.78761864
v -30.8294888 18.0061283 -8.78761864
v -29.294096 17.8493443 -8.85761166
v -31.7744522 18.1012306 -8.76088333
v -29.294096 17.9001961 -8.78761768
v -30.8294888 18.0884113 -8.76088333
v -29.294096 17.9824791 -8.76088333
v -30.8294888 18.0884113 -8.76088333
v -31.7744522 18.1012306 -8.76088333
v -31.7744522 18.1835117 -8.78761864
v -30.8294888 18.1706924 -8.78761864
v -29.294096 17.9824791 -8.76088333
v -31.7744522 18.2343636 -8.85761166
v -29.294096 18.0647602 -8.78761768
v -30.8294888 18.2215443 -8.85761166
v -31.7744522 18.2343636 -8.94412804
v -29.294096 18.1156139 -8.85761166
v -30.8294888 18.2215443 -8.94412804
v -29.294096 18.1156139 -8.94412708
v -27.1266212 18.1156139 -8.8576107
v -29.294096 18.1156139 -8.94412708
v -27.1266212 18.1156139 -8.94412708
v -29.294096 18.1156139 -8.85761166
v -27.1266212 18.0647602 -8.78761768
v -29.294096 18.0647602 -8.78761768
v -27.1266212 17.9824791 -8.76088333
v -29.294096 17.9824791 -8.76088333
v -27.1266212 18.1156139 -8.94412708
v -29.294096 18.1156139 -8.94412708
v -29.294096 18.0647602 -9.01412106
v -27.1266212 18.0647602 -9.0141201
v -29.294096 17.9824791 -9.04085541
v -27.1266212 17.9824791 -9.04085541
v -27.1266212 17.9824791 -9.04085541
v -29.294096 17.9824791 -9.04085541
v -29.294096 17.9001961 -9.01412106
v -27.1266212 17.9001961 -9.0141201
v -29.294096 17.8493443 -8.94412708
v -27.1266212 17.8493443 -8.94412708
v -29.294096 17.8493443 -8.85761166
v -27.1266212 17.8493443 -8.8576107
v -27.1266212 17.8493443 -8.8576107
v -29.294096 17.8493443 -8.85761166
v -29.294096 17.9001961 -8.78761768
v -27.1266212 17.9001961 -8.78761768
v -29.294096 17.9824791 -8.76088333
v -27.1266212 17.9824791 -8.76088333
v -24.9591503 18.1156139 -8.8576107
v -27.1266212 18.1156139 -8.94412708
v -24.9591503 18.1156139 -8.94412708
v -27.1266212 18.1156139 -8.8576107
v -24.9591503 18.0647602 -8.78761768
v -27.1266212 18.0647602 -8.78761768
v -24.9591503 17.9824791 -8.76088333
v -27.1266212 17.9824791 -8.76088333
v -24.9591503 18.1156139 -8.94412708
v -27.1266212 18.1156139 -8.94412708
v -27.1266212 18.0647602 -9.0141201
v -24.9591503 18.0647602 -9.0141201
v -27.1266212 17.9824791 -9.04085541
v -24.9591503 17.9824791 -9.04085541
v -24.9591503 17.9824791 -9.04085541
v -27.1266212 17.9824791 -9.04085541
v -27.1266212 17.9001961 -9.0141201
v -24.9591503 17.9001961 -9.0141201
v -27.1266212 17.8493443 -8.94412708
v -24.9591503 17.8493443 -8.94412708
v -27.1266212 17.8493443 -8.8576107
v -24.9591503 17.8493443 -8.8576107
v -24.9591503 17.8493443 -8.8576107
v -27.1266212 17.8493443 -8.8576107
v -27.1266212 17.9001961 -8.78761768
v -24.9591503 17.9001961 -8.78761768
v -27.1266212 17.9824791 -8.76088333
v -24.9591503 17.9824791 -8.76088333
v -21.9993553 18.7157116 -1.16131222
v -21.9993572 18.7157116 -2.96131229
v -22.7493916 18.7157116 -2.96131229
v -22.7493916 18.7157116 -1.16131222
v -21.9993553 18.7157116 2.4386878
v -22.7493916 18.7157116 2.4386878
v -22.7493916 18.7157116 4.23868752
v -21.9993553 18.7157116 4.23868752
v -31.7493916 18.7157116 2.43868899
v -31.7493916 18.7157116 4.23868895
v -29.9493923 18.7157116 4.23868752
v -29.9493923 18.7157116 2.43868899
v -29.9493923 18.7157116 -2.96131086
v -31.7493916 18.7157116 -2.96131086
v -31.7493916 18.7157116 -1.16131103
v -29.9493923 18.7157116 -1.16131103
v -22.7493916 18.7157116 0.63868773
v -22.7493916 18.7157116 2.4386878
v -21.9993553 18.7157116 2.4386878
v -21.9993553 18.7157116 0.63868773
v -29.9493923 18.7157116 2.43868899
v -29.9493923 18.7157116 0.638688922
v -31.7493916 18.7157116 0.638688922
v -31.7493916 18.7157116 2.43868899
v -29.9493923 18.7157116 2.43868899
v -29.9493923 18.7157116 4.23868752
v -28.1493912 18.7157116 4.23868752
v -28.1493912 18.7157116 2.4386878
v -29.9493923 18.7157116 2.43868899
v -28.1493912 18.7157116 2.4386878
v -28.1493912 18.7157116 0.638688922
v -29.9493923 18.7157116 0.638688922
v -28.1493912 18.7157116 -1.16131103
v -28.1493912 18.7157116 -2.96131086
v -29.9493923 18.7157116 -2.96131086
v -29.9493923 18.7157116 -1.16131103
v -21.9993553 18.7157116 -1.16131222
v -22.7493916 18.7157116 -1.16131222
v -22.7493916 18.7157116 0.63868773
v -21.9993553 18.7157116 0.63868773
v -28.1493912 18.7157116 0.638688922
v -28.1493912 18.7157116 -1.16131103
v -29.9493923 18.7157116 -1.16131103
v -29.9493923 18.7157116 0.638688922
v -31.7493916 18.7157116 0.638688922
v -29.9493923 18.7157116 0.638688922
v -29.9493923 18.7157116 -1.16131103
v -31.7493916 18.7157116 -1.16131103
v -21.9993553 18.7157116 -4.01134634
v -22.7493935 18.7157116 -4.01134634
v -22.7493916 18.7157116 -2.96131229
v -21.9993572 18.7157116 -2.96131229
v -29.9493923 18.7157116 -4.76131105
v -29.9493923 18.7157116 -2.96131086
v -28.1493912 18.7157116 -2.96131086
v -28.1493912 18.7157116 -4.76131105
v -31.7493916 18.7157116 -4.76131105
v -31.7493916 18.7157116 -2.96131086
v -29.9493923 18.7157116 -2.96131086
v -29.9493923 18.7157116 -4.76131105
v -29.9493923 18.7157116 -4.76131105
v -28.1493912 18.7157116 -4.76131105
v -28.1493912 18.7157116 -6.56131077
v -29.9493923 18.7157116 -6.56131077
v -29.9493923 18.7157116 -6.56131077
v -31.7493916 18.7157116 -6.56131077
v -31.7493916 18.7157116 -4.76131105
v -29.9493923 18.7157116 -4.76131105
v -29.9493923 18.7157116 -6.56131077
v -28.1493912 18.7157116 -6.56131077
v -28.1493912 18.7157116 -8.36131096
v -29.9493923 18.7157116 -8.36131096
v -29.9493923 18.7157116 -8.36131096
v -31.7493916 18.7157116 -8.36131096
v -31.7493916 18.7157116 -6.56131077
v -29.9493923 18.7157116 -6.56131077
v -29.9493923 18.7157116 -8.36131096
v -28.1493912 18.7157116 -8.36131096
v -28.1493912 18.7157116 -9.01136494
v -29.9493923 18.7157116 -9.01136494
v -29.9493923 18.7157116 -9.01136494
v -31.7493916 18.7157116 -9.01136494
v -31.7493916 18.7157116 -8.36131096
v -29.9493923 18.7157116 -8.36131096
v -28.1493912 18.7157116 2.4386878
v -28.1493912 18.7157116 4.23868752
v -26.3493919 18.7157116 4.23868752
v -26.3493919 18.7157116 2.4386878
v -28.1493912 18.7157116 0.638688922
v -28.1493912 18.7157116 2.4386878
v -26.3493919 18.7157116 2.4386878
v -26.3493919 18.7157116 0.63868773
v -26.3493919 18.7157116 0.63868773
v -26.3493919 18.7157116 -1.16131103
v -28.1493912 18.7157116 -1.16131103
v -28.1493912 18.7157116 0.638688922
v -26.3493919 18.7157116 -1.16131103
v -26.3493919 18.7157116 -2.96131086
v -28.1493912 18.7157116 -2.96131086
v -28.1493912 18.7157116 -1.16131103
v -28.1493912 18.7157116 -4.76131105
v -28.1493912 18.7157116 -2.96131086
v -26.3493919 18.7157116 -2.96131086
v -26.3493919 18.7157116 -4.76131105
v -28.1493912 18.7157116 -6.56131077
v -28.1493912 18.7157116 -4.76131105
v -26.3493919 18.7157116 -4.76131105
v -26.3493919 18.7157116 -6.56131077
v -28.1493912 18.7157116 -8.36131096
v -28.1493912 18.7157116 -6.56131077
v -26.3493919 18.7157116 -6.56131077
v -26.3493938 18.7157116 -8.36131096
v -28.1493912 18.7157116 -9.01136494
v -28.1493912 18.7157116 -8.36131096
v -26.3493938 18.7157116 -8.36131096
v -26.3493938 18.7157116 -9.01136494
v -26.3493919 18.7157116 -6.56131077
v -26.3493919 18.7157116 -4.76131105
v -24.9993553 18.7157116 -4.76131105
v -24.9993572 18.7157116 -6.56131077
v -26.3493938 18.7157116 -8.36131096
v -26.3493919 18.7157116 -6.56131077
v -24.9993572 18.7157116 -6.56131077
v -24.9993572 18.7157116 -8.36131096
v -26.3493938 18.7157116 -9.01136494
v -26.3493938 18.7157116 -8.36131096
v -24.9993572 18.7157116 -8.36131096
v -24.9993572 18.7157116 -9.01136494
v -26.3493919 18.7157116 -2.96131086
v -24.5493908 18.7157116 -2.96131086
v -24.5493946 18.7157116 -4.01134777
v -24.9993553 18.7157116 -4.01134777
v -24.9993553 18.7157116 -4.76131105
v -26.3493919 18.7157116 -4.76131105
v -26.3493919 18.7157116 -1.16131103
v -24.5493908 18.7157116 -1.16131222
v -24.5493908 18.7157116 -2.96131086
v -26.3493919 18.7157116 -2.96131086
v -26.3493919 18.7157116 0.63868773
v -24.5493908 18.7157116 0.63868773
v -24.5493908 18.7157116 -1.16131222
v -26.3493919 18.7157116 -1.16131103
v -26.3493919 18.7157116 2.4386878
v -24.5493908 18.7157116 2.4386878
v -24.5493908 18.7157116 0.63868773
v -26.3493919 18.7157116 0.63868773
v -26.3493919 18.7157116 4.23868752
v -24.5493908 18.7157116 4.23868752
v -24.5493908 18.7157116 2.4386878
v -26.3493919 18.7157116 2.4386878
v -22.7493916 18.7157116 -2.96131229
v -22.7493935 18.7157116 -4.01134634
v -24.5493946 18.7157116 -4.01134777
v -24.5493908 18.7157116 -2.96131086
v -22.7493916 18.7157116 -1.16131222
v -22.7493916 18.7157116 -2.96131229
v -24.5493908 18.7157116 -2.96131086
v -24.5493908 18.7157116 -1.16131222
v -22.7493916 18.7157116 0.63868773
v -22.7493916 18.7157116 -1.16131222
v -24.5493908 18.7157116 -1.16131222
v -24.5493908 18.7157116 0.63868773
v -24.5493908 18.7157116 0.63868773
v -24.5493908 18.7157116 2.4386878
v -22.7493916 18.7157116 2.4386878
v -22.7493916 18.7157116 0.63868773
v -22.7493916 18.7157116 4.23868752
v -22.7493916 18.7157116 2.4386878
v -24.5493908 18.7157116 2.4386878
v -24.5493908 18.7157116 4.23868752
v -10.6835337 5.98524761 -23.4668598
v -10.6835337 5.98524761 -23.7831402
v -8.27185822 5.98524761 -23.7831402
v -8.27185822 5.98524761 -23.4668598
v -10.6835337 5.92122507 -23.4668598
v -8.27185822 5.92122507 -23.4668598
v -8.27185822 5.92122507 -23.7831402
v -10.6835337 5.92122507 -23.7831402
v -10.6835337 5.92122507 -23.4668598
v -10.6835337 5.98524761 -23.4668598
v -8.27185822 5.98524761 -23.4668598
v -8.27185822 5.92122507 -23.4668598
v -5.98709345 5.92122507 -23.4668598
v -5.98709345 5.98524761 -23.4668598
v -5.98709345 5.98524761 -23.7831402
v -5.98709345 5.92122507 -23.7831402
v -8.27185822 5.92122507 -23.7831402
v -8.27185822 5.98524761 -23.7831402
v -10.6835337 5.98524761 -23.7831402
v -10.6835337 5.92122507 -23.7831402
v -10.6835337 5.92122507 -23.7831402
v -10.6835337 5.98524761 -23.7831402
v -10.6835337 5.98524761 -23.4668598
v -10.6835337 5.92122507 -23.4668598
v -8.27185822 5.98524761 -23.4668598
v -8.27185822 5.98524761 -23.7831402
v -5.98709345 5.98524761 -23.7831402
v -5.98709345 5.98524761 -23.4668598
v -5.98709345 5.92122507 -23.7831402
v -5.98709345 5.98524761 -23.7831402
v -8.27185822 5.98524761 -23.7831402
v -8.27185822 5.92122507 -23.7831402
v -8.27185822 5.92122507 -23.4668598
v -5.98709345 5.92122507 -23.4668598
v -5.98709345 5.92122507 -23.7831402
v -8.27185822 5.92122507 -23.7831402
v -8.27185822 5.98524761 -23.4668598
v -5.98709345 5.98524761 -23.4668598
v -5.98709345 5.92122507 -23.4668598
v -8.27185822 5.92122507 -23.4668598
vt 0.861816406 0.159790039
vt 0.83984375 0.138061523
vt 0.817871094 0.159790039
vt 0.817871094 0.159790039
vt 0.83984375 0.138061523
vt 0.817871094 0.116149902
vt 0.817871094 0.116149902
vt 0.83984375 0.138061523
vt 0.861816406 0.116149902
vt 0.861816406 0.116149902
vt 0.83984375 0.138061523
vt 0.861816406 0.159790039
vt 0.764160156 0.0165710449
vt 0.79296875 0.0165710449
vt 0.79296875 0.0020866394
vt 0.764160156 0.0020866394
vt 0.815917969 0.0020866394
vt 0.79296875 0.0020866394
vt 0.79296875 0.0165710449
vt 0.815917969 0.0165710449
vt 0.754882812 0.0020866394
vt 0.731445312 0.0020866394
vt 0.731445312 0.0165710449
vt 0.754394531 0.0165710449
vt 0.754394531 0.0165710449
vt 0.783691406 0.0165710449
vt 0.783691406 0.0020866394
vt 0.754882812 0.0020866394
vt 0.815917969 0.0020866394
vt 0.783691406 0.0020866394
vt 0.783691406 0.0165710449
vt 0.815917969 0.0165710449
vt 0.764160156 0.0020866394
vt 0.731445312 0.0020866394
vt 0.731445312 0.0165710449
vt 0.764160156 0.0165710449
vt 0.764160156 0.0165710449
vt 0.777832031 0.0165710449
vt 0.777832031 0.0020866394
vt 0.764160156 0.0020866394
vt 0.791015625 0.0020866394
vt 0.777832031 0.0020866394
vt 0.777832031 0.0165710449
vt 0.791015625 0.0165710449
vt 0.764160156 0.0020866394
vt 0.750488281 0.0020866394
vt 0.750976562 0.0165710449
vt 0.764160156 0.0165710449
vt 0.764160156 0.0165710449
vt 0.777832031 0.0165710449
vt 0.77734375 0.0020866394
vt 0.764160156 0.0020866394
vt 0.791015625 0.0020866394
vt 0.77734375 0.0020866394
vt 0.777832031 0.0165710449
vt 0.791015625 0.0165710449
vt 0.764160156 0.0020866394
vt 0.750976562 0.0020866394
vt 0.750976562 0.0165710449
vt 0.764160156 0.0165710449
vt 0.8828125 0.00387763977
vt 0.899414062 0.00387763977
vt 0.897460938 0.00111579895
vt 0.884277344 0.00111579895
vt 0.900878906 0.00111579895
vt 0.899414062 0.00387763977
vt 0.916015625 0.00387763977
vt 0.9140625 0.00111579895
vt 0.868164062 0.00111579895
vt 0.866210938 0.00387763977
vt 0.8828125 0.00387763977
vt 0.881347656 0.00111579895
vt 0.8828125 0.00387763977
vt 0.899414062 0.00387763977
vt 0.897949219 0.00111579895
vt 0.884277344 0.00111579895
vt 0.900878906 0.00111579895
vt 0.899414062 0.00387763977
vt 0.916015625 0.00387763977
vt 0.9140625 0.00111579895
vt 0.868164062 0.00111579895
vt 0.866210938 0.00387763977
vt 0.8828125 0.00387763977
vt 0.881347656 0.00111579895
vt 0.899414062 0.00803375244
vt 0.899414062 0.00387763977
vt 0.8828125 0.00387763977
vt 0.8828125 0.00803375244
vt 0.899414062 0.00387763977
vt 0.899414062 0.00803375244
vt 0.916015625 0.00803375244
vt 0.916015625 0.00387763977
vt 0.866210938 0.00387763977
vt 0.866210938 0.00803375244
vt 0.8828125 0.00803375244
vt 0.8828125 0.00387763977
vt 0.899414062 0.00803375244
vt 0.899414062 0.00387763977
vt 0.8828125 0.00387763977
vt 0.8828125 0.00803375244
vt 0.899414062 0.00387763977
vt 0.899414062 0.00803375244
vt 0.916015625 0.00803375244
vt 0.916015625 0.00387763977
vt 0.866210938 0.00387763977
vt 0.866210938 0.00802612305
vt 0.8828125 0.00803375244
vt 0.8828125 0.00387763977
vt 0.768066406 0.00817108154
vt 0.784179688 0.00817108154
vt 0.783691406 0.00219917297
vt 0.768066406 0.00219917297
vt 0.754394531 0.00817108154
vt 0.768066406 0.00817108154
vt 0.768066406 0.00219917297
vt 0.754882812 0.00219917297
vt 0.784179688 0.00817108154
vt 0.797363281 0.00817108154
vt 0.796875 0.00219917297
vt 0.783691406 0.00219917297
vt 0.768066406 0.00817108154
vt 0.784179688 0.00817108154
vt 0.783691406 0.00219917297
vt 0.768066406 0.00219917297
vt 0.754394531 0.00817108154
vt 0.768066406 0.00817108154
vt 0.768066406 0.00219917297
vt 0.754882812 0.00219917297
vt 0.784179688 0.00817108154
vt 0.797363281 0.00817108154
vt 0.796875 0.00219917297
vt 0.783691406 0.00219917297
vt 0.706054688 0.163574219
vt 0.716796875 0.163574219
vt 0.716796875 0.00229263306
vt 0.706054688 0.00229263306
vt 0.716796875 0.00229263306
vt 0.716796875 0.163574219
vt 0.726074219 0.163574219
vt 0.726074219 0.00229263306
vt 0.66796875 0.00229263306
vt 0.66796875 0.163574219
vt 0.677246094 0.163574219
vt 0.677246094 0.00229263306
vt 0.677246094 0.163574219
vt 0.6875 0.163574219
vt 0.6875 0.00229263306
vt 0.677246094 0.00229263306
vt 0.6875 0.00229263306
vt 0.6875 0.163574219
vt 0.696777344 0.163574219
vt 0.696777344 0.00229263306
vt 0.696777344 0.00229263306
vt 0.696777344 0.163574219
vt 0.706054688 0.163574219
vt 0.706054688 0.00229263306
vt 0.900878906 0.00387763977
vt 0.911132812 0.00387763977
vt 0.91015625 0.00111579895
vt 0.90234375 0.00111579895
vt 0.913085938 0.00111579895
vt 0.911132812 0.00387763977
vt 0.919921875 0.00387763977
vt 0.919433594 0.00111579895
vt 0.862792969 0.00111579895
vt 0.862304688 0.00387763977
vt 0.871582031 0.00387763977
vt 0.869628906 0.00111579895
vt 0.871582031 0.00387763977
vt 0.881835938 0.00387763977
vt 0.880371094 0.00111579895
vt 0.872558594 0.00111579895
vt 0.8828125 0.00111579895
vt 0.881835938 0.00387763977
vt 0.891113281 0.00387763977
vt 0.890136719 0.00111579895
vt 0.892578125 0.00111579895
vt 0.891113281 0.00387763977
vt 0.900878906 0.00387763977
vt 0.899902344 0.00111579895
vt 0.900390625 0.0211334229
vt 0.910644531 0.0211334229
vt 0.911132812 0.00387763977
vt 0.900878906 0.00387763977
vt 0.911132812 0.00387763977
vt 0.910644531 0.0211334229
vt 0.919433594 0.0211334229
vt 0.919921875 0.00387763977
vt 0.862304688 0.00387763977
vt 0.862792969 0.0211334229
vt 0.871582031 0.0211334229
vt 0.871582031 0.00387763977
vt 0.871582031 0.0211334229
vt 0.881835938 0.0211334229
vt 0.881835938 0.00387763977
vt 0.871582031 0.00387763977
vt 0.881835938 0.00387763977
vt 0.881835938 0.0211334229
vt 0.891113281 0.0211334229
vt 0.891113281 0.00387763977
vt 0.891113281 0.00387763977
vt 0.891113281 0.0211334229
vt 0.900390625 0.0211334229
vt 0.900878906 0.00387763977
vt 0.706054688 0.163574219
vt 0.716796875 0.163574219
vt 0.716796875 0.00229263306
vt 0.706054688 0.00229263306
vt 0.716796875 0.00229263306
vt 0.716796875 0.163574219
vt 0.726074219 0.163574219
vt 0.726074219 0.00229263306
vt 0.66796875 0.00229263306
vt 0.66796875 0.163574219
vt 0.677246094 0.163574219
vt 0.677246094 0.00229263306
vt 0.677246094 0.163574219
vt 0.6875 0.163574219
vt 0.6875 0.00229263306
vt 0.677246094 0.00229263306
vt 0.6875 0.00229263306
vt 0.6875 0.163574219
vt 0.696777344 0.163574219
vt 0.696777344 0.00229263306
vt 0.696777344 0.00229263306
vt 0.696777344 0.163574219
vt 0.706054688 0.163574219
vt 0.706054688 0.00229263306
vt 0.900390625 0.00387763977
vt 0.910644531 0.00387763977
vt 0.909667969 0.00111579895
vt 0.901855469 0.00111579895
vt 0.912109375 0.00111579895
vt 0.910644531 0.00387763977
vt 0.919433594 0.00387763977
vt 0.918945312 0.00111579895
vt 0.864257812 0.00111579895
vt 0.863769531 0.00387763977
vt 0.872558594 0.00387763977
vt 0.870605469 0.00111579895
vt 0.872558594 0.00387763977
vt 0.882324219 0.00387763977
vt 0.880859375 0.00111579895
vt 0.873046875 0.00111579895
vt 0.883300781 0.00111579895
vt 0.882324219 0.00387763977
vt 0.891601562 0.00387763977
vt 0.890136719 0.00111579895
vt 0.892578125 0.00111579895
vt 0.891601562 0.00387763977
vt 0.900390625 0.00387763977
vt 0.899414062 0.00111579895
vt 0.900390625 0.0210266113
vt 0.91015625 0.0210266113
vt 0.910644531 0.00387763977
vt 0.900390625 0.00387763977
vt 0.910644531 0.00387763977
vt 0.91015625 0.0210266113
vt 0.918945312 0.0210266113
vt 0.919433594 0.00387763977
vt 0.863769531 0.00387763977
vt 0.863769531 0.0210266113
vt 0.872070312 0.0210266113
vt 0.872558594 0.00387763977
vt 0.872070312 0.0210266113
vt 0.882324219 0.0210266113
vt 0.882324219 0.00387763977
vt 0.872558594 0.00387763977
vt 0.882324219 0.00387763977
vt 0.882324219 0.0210266113
vt 0.891113281 0.0210266113
vt 0.891601562 0.00387763977
vt 0.891601562 0.00387763977
vt 0.891113281 0.0210266113
vt 0.900390625 0.0210266113
vt 0.900390625 0.00387763977
vt 0.758789062 0.00205230713
vt 0.758789062 0.00817108154
vt 0.789550781 0.00817108154
vt 0.789550781 0.00205230713
vt 0.758789062 0.00817108154
vt 0.758789062 0.00205230713
vt 0.731445312 0.00205230713
vt 0.731445312 0.00817108154
vt 0.816894531 0.00817108154
vt 0.816894531 0.00205230713
vt 0.789550781 0.00205230713
vt 0.789550781 0.00817108154
vt 0.758789062 0.00205230713
vt 0.758789062 0.00817108154
vt 0.789550781 0.00817108154
vt 0.789550781 0.00205230713
vt 0.758789062 0.00817108154
vt 0.758789062 0.00205230713
vt 0.731445312 0.00205230713
vt 0.731445312 0.00817108154
vt 0.816894531 0.00817108154
vt 0.816894531 0.00205230713
vt 0.789550781 0.00205230713
vt 0.789550781 0.00817108154
vt 0.916015625 0.0871582031
vt 0.921875 0.0816650391
vt 0.921875 0.0427246094
vt 0.916015625 0.0372924805
vt 0.916015625 0.0204315186
vt 0.910644531 0.0255126953
vt 0.910644531 0.091003418
vt 0.916015625 0.0973510742
vt 0.916015625 0.0926513672
vt 0.921875 0.0858154297
vt 0.921875 0.0309448242
vt 0.916015625 0.0240936279
vt 0.916015625 0.0204315186
vt 0.910644531 0.0267944336
vt 0.910644531 0.0922851562
vt 0.916015625 0.0973510742
vt 0.916015625 0.0306854248
vt 0.91015625 0.0367126465
vt 0.91015625 0.0799560547
vt 0.916015625 0.0859985352
vt 0.916015625 0.0973510742
vt 0.921875 0.0922851562
vt 0.921875 0.0267944336
vt 0.916015625 0.0204315186
vt 0.916015625 0.0204620361
vt 0.91015625 0.0280303955
vt 0.91015625 0.0886230469
vt 0.916015625 0.0961914062
vt 0.916015625 0.0973510742
vt 0.921875 0.091003418
vt 0.921875 0.0255126953
vt 0.916015625 0.0204315186
vt 0.916015625 0.0926513672
vt 0.921875 0.0858154297
vt 0.921875 0.0309448242
vt 0.916015625 0.0240936279
vt 0.916015625 0.0204315186
vt 0.910644531 0.0267944336
vt 0.910644531 0.0922851562
vt 0.916015625 0.0973510742
vt 0.916015625 0.0871582031
vt 0.921875 0.0816650391
vt 0.921875 0.0427246094
vt 0.916015625 0.0372924805
vt 0.916015625 0.0973510742
vt 0.921875 0.0922851562
vt 0.921875 0.0267944336
vt 0.916015625 0.0204315186
vt 0.916015625 0.0306854248
vt 0.91015625 0.0367126465
vt 0.91015625 0.0799560547
vt 0.916015625 0.0859985352
vt 0.916015625 0.0973510742
vt 0.921875 0.0922851562
vt 0.921875 0.0267944336
vt 0.916015625 0.0204315186
vt 0.916015625 0.0204620361
vt 0.91015625 0.0280303955
vt 0.91015625 0.0886230469
vt 0.916015625 0.0961914062
vt 0.916015625 0.0204315186
vt 0.910644531 0.0267944336
vt 0.910644531 0.0922851562
vt 0.916015625 0.0973510742
vt 0.921875 0.0816650391
vt 0.927734375 0.08203125
vt 0.927734375 0.0423583984
vt 0.921875 0.0427246094
vt 0.910644531 0.0255126953
vt 0.905273438 0.0255126953
vt 0.905273438 0.091003418
vt 0.910644531 0.091003418
vt 0.921875 0.0858154297
vt 0.927734375 0.0861816406
vt 0.927734375 0.0305786133
vt 0.921875 0.0309448242
vt 0.910644531 0.0267944336
vt 0.905273438 0.0267944336
vt 0.905273438 0.0922851562
vt 0.910644531 0.0922851562
vt 0.91015625 0.0367126465
vt 0.904785156 0.036315918
vt 0.904785156 0.0803222656
vt 0.91015625 0.0799560547
vt 0.921875 0.0922851562
vt 0.927246094 0.0922851562
vt 0.927246094 0.0267944336
vt 0.921875 0.0267944336
vt 0.91015625 0.0280303955
vt 0.904785156 0.0276184082
vt 0.904785156 0.089050293
vt 0.91015625 0.0886230469
vt 0.921875 0.091003418
vt 0.927246094 0.091003418
vt 0.927246094 0.0255126953
vt 0.921875 0.0255126953
vt 0.921875 0.0858154297
vt 0.927734375 0.0861816406
vt 0.927734375 0.0305786133
vt 0.921875 0.0309448242
vt 0.910644531 0.0267944336
vt 0.905273438 0.0267944336
vt 0.905273438 0.0922851562
vt 0.910644531 0.0922851562
vt 0.921875 0.0816650391
vt 0.927734375 0.08203125
vt 0.927734375 0.0423583984
vt 0.921875 0.0427246094
vt 0.921875 0.0922851562
vt 0.927246094 0.0922851562
vt 0.927246094 0.0268096924
vt 0.921875 0.0267944336
vt 0.91015625 0.0367126465
vt 0.904785156 0.036315918
vt 0.904785156 0.0803222656
vt 0.91015625 0.0799560547
vt 0.921875 0.0922851562
vt 0.927246094 0.0922851562
vt 0.927246094 0.0268096924
vt 0.921875 0.0267944336
vt 0.91015625 0.0280303955
vt 0.904785156 0.0276184082
vt 0.904785156 0.089050293
vt 0.91015625 0.0886230469
vt 0.910644531 0.0267944336
vt 0.905273438 0.0267944336
vt 0.905273438 0.0922851562
vt 0.910644531 0.0922851562
vt 0.872558594 0.0326538086
vt 0.872558594 0.0241241455
vt 0.864257812 0.0241241455
vt 0.864257812 0.032623291
vt 0.857421875 0.0372924805
vt 0.857421875 0.0194549561
vt 0.842285156 0.0378112793
vt 0.849609375 0.0378112793
vt 0.849609375 0.0197143555
vt 0.842285156 0.0197143555
vt 0.842285156 0.0374145508
vt 0.849609375 0.0374145508
vt 0.849609375 0.0193328857
vt 0.842285156 0.0193328857
vt 0.842285156 0.0375671387
vt 0.849609375 0.0375671387
vt 0.849609375 0.0194854736
vt 0.842285156 0.0194854736
vt 0.842285156 0.0193328857
vt 0.849609375 0.0193328857
vt 0.849609375 0.0374145508
vt 0.842285156 0.0374145508
vt 0.849609375 0.0378112793
vt 0.852539062 0.0406494141
vt 0.852539062 0.0168762207
vt 0.849609375 0.0197143555
vt 0.849609375 0.0374145508
vt 0.852539062 0.0402526855
vt 0.852539062 0.016494751
vt 0.849609375 0.0193328857
vt 0.849609375 0.0375671387
vt 0.852539062 0.0404052734
vt 0.852539062 0.0166473389
vt 0.849609375 0.0194854736
vt 0.849609375 0.0193328857
vt 0.852539062 0.016494751
vt 0.852539062 0.0402526855
vt 0.849609375 0.0374145508
vt 0.852539062 0.0406494141
vt 0.854492188 0.0406494141
vt 0.854492188 0.0168762207
vt 0.852539062 0.0168762207
vt 0.852539062 0.0402526855
vt 0.854492188 0.0402526855
vt 0.854492188 0.016494751
vt 0.852539062 0.016494751
vt 0.852539062 0.0404052734
vt 0.854492188 0.0404052734
vt 0.854492188 0.0166473389
vt 0.852539062 0.0166473389
vt 0.852539062 0.016494751
vt 0.854492188 0.016494751
vt 0.854492188 0.0402526855
vt 0.852539062 0.0402526855
vt 0.854492188 0.0406494141
vt 0.857421875 0.037689209
vt 0.857421875 0.0198364258
vt 0.854492188 0.0168762207
vt 0.854492188 0.0402526855
vt 0.857421875 0.0372924805
vt 0.857421875 0.0194549561
vt 0.854492188 0.016494751
vt 0.854492188 0.0404052734
vt 0.857421875 0.0374450684
vt 0.857421875 0.0196075439
vt 0.854492188 0.0166473389
vt 0.854492188 0.016494751
vt 0.857421875 0.0194549561
vt 0.857421875 0.0372924805
vt 0.854492188 0.0402526855
vt 0.857421875 0.037689209
vt 0.864257812 0.0330200195
vt 0.864257812 0.0245056152
vt 0.857421875 0.0198364258
vt 0.857421875 0.0374450684
vt 0.864257812 0.0327758789
vt 0.864257812 0.0242767334
vt 0.857421875 0.0196075439
vt 0.857421875 0.0194549561
vt 0.864257812 0.0241241455
vt 0.864257812 0.0326538086
vt 0.857421875 0.0372924805
vt 0.899414062 0.0914306641
vt 0.896972656 0.0914306641
vt 0.896972656 0.0213928223
vt 0.899414062 0.0213928223
vt 0.818847656 0.102111816
vt 0.818847656 0.0994262695
vt 0.889160156 0.0994262695
vt 0.889160156 0.102111816
vt 0.896972656 0.0914306641
vt 0.899414062 0.0914306641
vt 0.899414062 0.0213928223
vt 0.896972656 0.0213928223
vt 0.889160156 0.102050781
vt 0.889160156 0.0994262695
vt 0.818847656 0.0994262695
vt 0.818847656 0.102050781
vt 0.896972656 0.0914306641
vt 0.890625 0.0855102539
vt 0.890625 0.02734375
vt 0.896972656 0.0213928223
vt 0.896972656 0.0213928223
vt 0.890625 0.02734375
vt 0.890625 0.0855102539
vt 0.896972656 0.0914306641
vt 0.818847656 0.0994262695
vt 0.824707031 0.0930786133
vt 0.8828125 0.0930786133
vt 0.889160156 0.0994262695
vt 0.889160156 0.0994262695
vt 0.8828125 0.0930175781
vt 0.824707031 0.0930175781
vt 0.818847656 0.0994262695
vt 0.840820312 0.0693359375
vt 0.866699219 0.0693359375
vt 0.879394531 0.0842285156
vt 0.828613281 0.0842285156
vt 0.824707031 0.0930786133
vt 0.8828125 0.0930786133
vt 0.881835938 0.0310211182
vt 0.866699219 0.0693359375
vt 0.866699219 0.0435180664
vt 0.881835938 0.0818481445
vt 0.890625 0.0855102539
vt 0.890625 0.02734375
vt 0.828613281 0.0841674805
vt 0.879394531 0.0841674805
vt 0.866699219 0.0693359375
vt 0.840820312 0.0693359375
vt 0.866699219 0.0435180664
vt 0.840820312 0.0435180664
vt 0.881835938 0.0818481445
vt 0.881835938 0.0310211182
vt 0.890625 0.02734375
vt 0.890625 0.0855102539
vt 0.8828125 0.0930175781
vt 0.879394531 0.0841674805
vt 0.828613281 0.0841674805
vt 0.824707031 0.0930175781
vt 0.931640625 0.0981445312
vt 0.9375 0.0927124023
vt 0.931640625 0.0927124023
vt 0.9375 0.0981445312
vt 0.940917969 0.0902709961
vt 0.940917969 0.100585938
vt 0.948730469 0.0953979492
vt 0.931640625 0.0982666016
vt 0.9375 0.0928344727
vt 0.931640625 0.0928344727
vt 0.9375 0.0982666016
vt 0.940917969 0.0903930664
vt 0.940917969 0.100708008
vt 0.948730469 0.0955810547
vt 0.931640625 0.0980834961
vt 0.9375 0.0927124023
vt 0.931640625 0.0927124023
vt 0.9375 0.0980834961
vt 0.940917969 0.0902709961
vt 0.940917969 0.100585938
vt 0.948730469 0.0953979492
vt 0.931640625 0.0980834961
vt 0.9375 0.0927124023
vt 0.931640625 0.0927124023
vt 0.9375 0.0980834961
vt 0.940917969 0.0902709961
vt 0.940917969 0.100585938
vt 0.948730469 0.0953979492
vt 0.811523438 0.109436035
vt 0.811523438 0.166381836
vt 0.868164062 0.166381836
vt 0.868164062 0.109436035
vt 0.868652344 0.170410156
vt 0.868652344 0.166625977
vt 0.811035156 0.166625977
vt 0.811035156 0.170410156
vt 0.807617188 0.166625977
vt 0.811035156 0.166625977
vt 0.811035156 0.109375
vt 0.807617188 0.109375
vt 0.811035156 0.105651855
vt 0.811035156 0.109375
vt 0.868652344 0.109375
vt 0.868652344 0.105651855
vt 0.872070312 0.109375
vt 0.868652344 0.109375
vt 0.868652344 0.166625977
vt 0.872070312 0.166625977
vt 0.868164062 0.109375
vt 0.811523438 0.109375
vt 0.811523438 0.166381836
vt 0.868164062 0.166381836
vt 0.738769531 0.126220703
vt 0.739746094 0.133422852
vt 0.757324219 0.133422852
vt 0.756835938 0.126220703
vt 0.753417969 0.0186157227
vt 0.728027344 0.0186157227
vt 0.774902344 0.133422852
vt 0.756835938 0.126220703
vt 0.757324219 0.133422852
vt 0.775390625 0.126220703
vt 0.753417969 0.0186157227
vt 0.778808594 0.0186157227
vt 0.79296875 0.133422852
vt 0.775390625 0.126220703
vt 0.774902344 0.133422852
vt 0.793457031 0.126220703
vt 0.778808594 0.0186157227
vt 0.804199219 0.0186157227
vt 0.757324219 0.133422852
vt 0.738769531 0.126220703
vt 0.739746094 0.133422852
vt 0.756835938 0.126220703
vt 0.728027344 0.0186157227
vt 0.753417969 0.0186157227
vt 0.774902344 0.133422852
vt 0.756835938 0.126220703
vt 0.757324219 0.133422852
vt 0.775390625 0.126220703
vt 0.753417969 0.0186157227
vt 0.778808594 0.0186157227
vt 0.79296875 0.133422852
vt 0.775390625 0.126220703
vt 0.774902344 0.133422852
vt 0.793457031 0.126220703
vt 0.778808594 0.0186157227
vt 0.804199219 0.0186157227
vt 0.943359375 0.156982422
vt 0.908691406 0.135009766
vt 0.908691406 0.174682617
vt 0.943359375 0.113037109
vt 0.874511719 0.156982422
vt 0.908691406 0.0952148438
vt 0.874511719 0.113037109
vt 0.927246094 0.12512207
vt 0.908691406 0.135375977
vt 0.928222656 0.147094727
vt 0.908691406 0.113830566
vt 0.908691406 0.156860352
vt 0.888671875 0.123657227
vt 0.889648438 0.145629883
vt 0.908203125 0.144165039
vt 0.908691406 0.136352539
vt 0.901855469 0.140136719
vt 0.915527344 0.140014648
vt 0.901855469 0.1328125
vt 0.915527344 0.132446289
vt 0.909179688 0.128540039
vt 0.811035156 0.109375
vt 0.861816406 0.116149902
vt 0.868652344 0.109375
vt 0.817871094 0.116149902
vt 0.861816406 0.159790039
vt 0.811035156 0.166625977
vt 0.868652344 0.166625977
vt 0.817871094 0.159790039
vt 0.762695312 0.134033203
vt 0.979492188 0.134033203
vt 0.979492188 0.0745849609
vt 0.762695312 0.0745849609
vt 0.933105469 0.187988281
vt 0.762207031 0.187988281
vt 0.762207031 0.197631836
vt 0.933105469 0.197631836
vt 0.933105469 0.197631836
vt 0.762207031 0.197631836
vt 0.762207031 0.187988281
vt 0.933105469 0.187988281
vt 0.870117188 0.187988281
vt 0.870117188 0.197631836
vt 0.825195312 0.197631836
vt 0.825195312 0.187988281
vt 0.825195312 0.187988281
vt 0.825195312 0.197631836
vt 0.870117188 0.197631836
vt 0.870117188 0.187988281
vt 0.902832031 0.169799805
vt 0.891113281 0.16015625
vt 0.803710938 0.16015625
vt 0.792480469 0.169799805
vt 0.923339844 0.169433594
vt 0.918457031 0.16015625
vt 0.776367188 0.16015625
vt 0.771484375 0.169433594
vt 0.792480469 0.169799805
vt 0.803710938 0.16015625
vt 0.891113281 0.16015625
vt 0.902832031 0.169799805
vt 0.771484375 0.169433594
vt 0.776367188 0.16015625
vt 0.918457031 0.16015625
vt 0.923339844 0.169433594
vt 0.762695312 0.134033203
vt 0.762695312 0.0745849609
vt 0.979492188 0.0745849609
vt 0.979492188 0.134033203
vt 0.902832031 0.169799805
vt 0.792480469 0.169799805
vt 0.803710938 0.16015625
vt 0.891113281 0.16015625
vt 0.923339844 0.169433594
vt 0.771484375 0.169433594
vt 0.776367188 0.16015625
vt 0.918457031 0.16015625
vt 0.792480469 0.169799805
vt 0.902832031 0.169799805
vt 0.891113281 0.16015625
vt 0.803710938 0.16015625
vt 0.771484375 0.169433594
vt 0.923339844 0.169433594
vt 0.918457031 0.16015625
vt 0.776367188 0.16015625
vt 0.292724609 0.502929688
vt 0.292724609 0.584960938
vt 0.313964844 0.584960938
vt 0.313964844 0.502929688
vt 0.335449219 0.584960938
vt 0.335449219 0.502929688
vt 0.335449219 0.502929688
vt 0.335449219 0.584960938
vt 0.356689453 0.584960938
vt 0.356689453 0.502929688
vt 0.377929688 0.584960938
vt 0.377929688 0.502929688
vt 0.377929688 0.502929688
vt 0.377929688 0.584960938
vt 0.399169922 0.584960938
vt 0.399169922 0.502929688
vt 0.420410156 0.584960938
vt 0.420410156 0.502929688
vt 0.420410156 0.502929688
vt 0.420410156 0.584960938
vt 0.441894531 0.584960938
vt 0.441894531 0.502929688
vt 0.463134766 0.584960938
vt 0.463134766 0.502929688
vt 0.466064453 0.6484375
vt 0.435546875 0.66015625
vt 0.466308594 0.674316406
vt 0.447509766 0.630371094
vt 0.448242188 0.692382812
vt 0.421875 0.630371094
vt 0.422363281 0.692871094
vt 0.403808594 0.648925781
vt 0.404052734 0.674804688
vt 0.466308594 0.673828125
vt 0.435546875 0.66015625
vt 0.448486328 0.692382812
vt 0.466064453 0.647949219
vt 0.422607422 0.692871094
vt 0.447753906 0.629882812
vt 0.404052734 0.674804688
vt 0.421875 0.630371094
vt 0.403808594 0.648925781
vt 0.730957031 0.614746094
vt 0.730957031 0.625
vt 0.714355469 0.625
vt 0.714355469 0.614746094
vt 0.697265625 0.625
vt 0.697265625 0.614746094
vt 0.697265625 0.614746094
vt 0.697265625 0.625
vt 0.680175781 0.625
vt 0.680175781 0.614746094
vt 0.747558594 0.614746094
vt 0.747558594 0.625
vt 0.730957031 0.625
vt 0.730957031 0.614746094
vt 0.730957031 0.614746094
vt 0.730957031 0.625
vt 0.713867188 0.625
vt 0.713867188 0.614746094
vt 0.696777344 0.625
vt 0.696777344 0.614746094
vt 0.696777344 0.614746094
vt 0.696777344 0.625
vt 0.6796875 0.625
vt 0.6796875 0.614746094
vt 0.748046875 0.614746094
vt 0.748046875 0.625
vt 0.730957031 0.625
vt 0.730957031 0.614746094
vt 0.577636719 0.520996094
vt 0.581054688 0.568359375
vt 0.597167969 0.520996094
vt 0.569335938 0.561035156
vt 0.5703125 0.579101562
vt 0.563476562 0.573242188
vt 0.5546875 0.584960938
vt 0.578125 0.520996094
vt 0.569335938 0.561035156
vt 0.555664062 0.55859375
vt 0.597167969 0.520996094
vt 0.581542969 0.567871094
vt 0.563964844 0.573242188
vt 0.570800781 0.579101562
vt 0.555664062 0.584960938
vt 0.578125 0.520996094
vt 0.555664062 0.55859375
vt 0.556640625 0.520996094
vt 0.541992188 0.561035156
vt 0.53515625 0.520996094
vt 0.547363281 0.573242188
vt 0.555664062 0.571289062
vt 0.569335938 0.561035156
vt 0.563964844 0.573242188
vt 0.555664062 0.584960938
vt 0.540527344 0.578613281
vt 0.53515625 0.520996094
vt 0.529785156 0.567382812
vt 0.515136719 0.520996094
vt 0.541992188 0.561035156
vt 0.540527344 0.578613281
vt 0.547363281 0.573242188
vt 0.515625 0.520996094
vt 0.541992188 0.560546875
vt 0.534667969 0.520996094
vt 0.529296875 0.56640625
vt 0.546875 0.572753906
vt 0.555175781 0.570800781
vt 0.539550781 0.578125
vt 0.5546875 0.584960938
vt 0.556152344 0.520996094
vt 0.569335938 0.561035156
vt 0.577636719 0.520996094
vt 0.555664062 0.55859375
vt 0.534667969 0.520996094
vt 0.541992188 0.560546875
vt 0.563476562 0.573242188
vt 0.555175781 0.570800781
vt 0.5546875 0.584960938
vt 0.546875 0.572753906
vt 0.73828125 0.6015625
vt 0.688476562 0.6015625
vt 0.688476562 0.612792969
vt 0.73828125 0.612792969
vt 0.688476562 0.624023438
vt 0.73828125 0.624023438
vt 0.73828125 0.612792969
vt 0.688476562 0.612792969
vt 0.687988281 0.612792969
vt 0.737792969 0.612792969
vt 0.737792969 0.6015625
vt 0.687988281 0.6015625
vt 0.737792969 0.612792969
vt 0.687988281 0.612792969
vt 0.687988281 0.624023438
vt 0.737792969 0.624023438
vt 0.5546875 0.548339844
vt 0.5546875 0.579101562
vt 0.576171875 0.557128906
vt 0.533203125 0.557128906
vt 0.585449219 0.579101562
vt 0.523925781 0.578613281
vt 0.576171875 0.600585938
vt 0.532714844 0.600585938
vt 0.5546875 0.609863281
vt 0.185546875 1.00292969
vt 0.185546875 0.995117188
vt 0.00527191162 0.995117188
vt 0.00527191162 1.00292969
vt 0.185546875 0.995117188
vt 0.185546875 0.814941406
vt 0.00527191162 0.814941406
vt 0.00527191162 0.995117188
vt 0.185546875 0.814941406
vt 0.185546875 0.807128906
vt 0.00527191162 0.807128906
vt 0.00527191162 0.814941406
vt -0.00262069702 0.814941406
vt -0.00262069702 0.995117188
vt 0.00527191162 0.995117188
vt 0.00527191162 0.814941406
vt 0.185546875 0.814941406
vt 0.185546875 0.995117188
vt 0.193481445 0.995117188
vt 0.193481445 0.814941406
vt 0.104492188 0.305908203
vt 0.100891113 0.294433594
vt 0.100097656 0.306884766
vt 0.105957031 0.310791016
vt 0.104492188 0.305908203
vt 0.103759766 0.307617188
vt 0.0408630371 0.561523438
vt 0.0405883789 0.591796875
vt 0.0408630371 0.587890625
vt 0.100891113 0.704589844
vt 0.104492188 0.693359375
vt 0.100097656 0.692382812
vt 0.104492188 0.693359375
vt 0.105957031 0.688476562
vt 0.103759766 0.69140625
vt 0.0409851074 0.561523438
vt 0.0410766602 0.560546875
vt 0.0417175293 0.560058594
vt 0.0424804688 0.58984375
vt 0.0410766602 0.588378906
vt 0.0416259766 0.588867188
vt 0.0409851074 0.561523438
vt 0.0408630371 0.587890625
vt 0.0409240723 0.587402344
vt 0.0317077637 0.441650391
vt 0.0326843262 0.401611328
vt 0.0312347412 0.397949219
vt 0.0326843262 0.401611328
vt 0.0317077637 0.441650391
vt 0.0309295654 0.442626953
vt 0.100097656 0.306884766
vt 0.0993652344 0.309814453
vt 0.0989379883 0.308349609
vt 0.100891113 0.298828125
vt 0.100891113 0.294433594
vt 0.100097656 0.692382812
vt 0.0989379883 0.690917969
vt 0.0993652344 0.689453125
vt 0.100891113 0.704589844
vt 0.100891113 0.700195312
vt 0.0942382812 0.697265625
vt 0.100891113 0.700195312
vt 0.0993652344 0.689453125
vt 0.0309295654 0.555175781
vt 0.0312347412 0.599609375
vt 0.0326843262 0.596191406
vt 0.0312347412 0.599609375
vt 0.0309295654 0.555175781
vt 0.0317077637 0.556152344
vt 0.100891113 0.700195312
vt 0.100097656 0.692382812
vt 0.0993652344 0.689453125
vt 0.0993652344 0.309814453
vt 0.100097656 0.306884766
vt 0.100891113 0.298828125
vt 0.035369873 0.401367188
vt 0.0355529785 0.403076172
vt 0.0370483398 0.404296875
vt 0.0374145508 0.44140625
vt 0.0405273438 0.440673828
vt 0.0405883789 0.406005859
vt 0.0626831055 0.400634766
vt 0.0787353516 0.404541016
vt 0.0796508789 0.400146484
vt 0.0679931641 0.405029297
vt 0.079284668 0.437988281
vt 0.0693359375 0.439941406
vt 0.0624084473 0.440429688
vt 0.0625 0.405029297
vt 0.0597839355 0.440673828
vt 0.0585632324 0.400878906
vt 0.0597839355 0.405761719
vt 0.0552978516 0.403564453
vt 0.054901123 0.400878906
vt 0.0516357422 0.400878906
vt 0.0562744141 0.405029297
vt 0.0572509766 0.405761719
vt 0.0534057617 0.403564453
vt 0.0506286621 0.400878906
vt 0.0405273438 0.440673828
vt 0.05859375 0.44140625
vt 0.0597839355 0.440673828
vt 0.0374145508 0.44140625
vt 0.0572814941 0.442138672
vt 0.103759766 0.307617188
vt 0.100097656 0.306884766
vt 0.0989379883 0.308349609
vt 0.104492188 0.305908203
vt 0.144775391 0.309326172
vt 0.14050293 0.303710938
vt 0.142333984 0.309326172
vt 0.142944336 0.303710938
vt 0.139648438 0.295898438
vt 0.145141602 0.303466797
vt 0.149047852 0.307861328
vt 0.15234375 0.305908203
vt 0.152954102 0.302978516
vt 0.141967773 0.294921875
vt 0.139648438 0.294677734
vt 0.143676758 0.294921875
vt 0.152832031 0.289794922
vt 0.142822266 0.290039062
vt 0.141113281 0.290039062
vt 0.139404297 0.290039062
vt 0.138671875 0.293212891
vt 0.13684082 0.290039062
vt 0.137084961 0.292480469
vt 0.10925293 0.290283203
vt 0.10925293 0.292236328
vt 0.105957031 0.292236328
vt 0.103942871 0.290283203
vt 0.104064941 0.292236328
vt 0.105957031 0.294433594
vt 0.101501465 0.290283203
vt 0.104125977 0.294433594
vt 0.105957031 0.305419922
vt 0.104492188 0.305908203
vt 0.105957031 0.310791016
vt 0.100891113 0.294433594
vt 0.100280762 0.290283203
vt 0.0942382812 0.297851562
vt 0.0942382812 0.290283203
vt 0.0874023438 0.290283203
vt 0.0874023438 0.297851562
vt 0.0942382812 0.301513672
vt 0.0874023438 0.301513672
vt 0.0654907227 0.295898438
vt 0.065246582 0.290283203
vt 0.0654907227 0.299560547
vt 0.0370483398 0.404296875
vt 0.0330200195 0.401367188
vt 0.035369873 0.401367188
vt 0.0356140137 0.404052734
vt 0.0405883789 0.406005859
vt 0.0355529785 0.403076172
vt 0.035369873 0.401367188
vt 0.0326843262 0.401611328
vt 0.0367126465 0.442871094
vt 0.0374145508 0.44140625
vt 0.0374145508 0.442138672
vt 0.0572814941 0.442138672
vt 0.0410766602 0.437011719
vt 0.0409851074 0.436035156
vt 0.0417175293 0.4375
vt 0.0404968262 0.435302734
vt 0.0404968262 0.410888672
vt 0.0409240723 0.41015625
vt 0.0416259766 0.408935547
vt 0.0410766602 0.409423828
vt 0.0417175293 0.4375
vt 0.0425109863 0.4375
vt 0.0410766602 0.437011719
vt 0.0430297852 0.438232422
vt 0.0558776855 0.4375
vt 0.0570983887 0.437988281
vt 0.0573120117 0.437011719
vt 0.0582885742 0.4375
vt 0.0429077148 0.438232422
vt 0.0572814941 0.438232422
vt 0.058380127 0.437744141
vt 0.0416564941 0.437744141
vt 0.0409851074 0.436035156
vt 0.0593261719 0.435546875
vt 0.0590515137 0.435546875
vt 0.0405273438 0.440673828
vt 0.0597839355 0.440673828
vt 0.0597839355 0.405761719
vt 0.0592041016 0.410400391
vt 0.0589294434 0.410644531
vt 0.0408630371 0.436279297
vt 0.0405883789 0.406005859
vt 0.0584716797 0.408691406
vt 0.0572509766 0.405761719
vt 0.0567626953 0.406005859
vt 0.0582885742 0.408935547
vt 0.0408630371 0.409667969
vt 0.0409240723 0.41015625
vt 0.0570678711 0.407958984
vt 0.0414428711 0.408447266
vt 0.0416259766 0.408935547
vt 0.0421447754 0.407958984
vt 0.0424804688 0.407958984
vt 0.0410766602 0.409423828
vt 0.0425109863 0.408691406
vt 0.0569458008 0.408203125
vt 0.0573120117 0.409423828
vt 0.0558776855 0.408691406
vt 0.0573120117 0.409423828
vt 0.0589294434 0.410644531
vt 0.0582885742 0.408935547
vt 0.0579528809 0.410888672
vt 0.0590515137 0.435546875
vt 0.0579528809 0.435302734
vt 0.0582885742 0.4375
vt 0.0573120117 0.437011719
vt 0.0326843262 0.401611328
vt 0.0309295654 0.442626953
vt 0.0367126465 0.442871094
vt 0.0306243896 0.498779297
vt 0.0216064453 0.498779297
vt 0.035369873 0.596191406
vt 0.0370483398 0.593261719
vt 0.0355529785 0.594726562
vt 0.0374145508 0.556152344
vt 0.0405273438 0.557128906
vt 0.0405883789 0.591796875
vt 0.0597839355 0.557128906
vt 0.0625 0.592773438
vt 0.0624084473 0.557128906
vt 0.0597839355 0.591796875
vt 0.0593261719 0.562011719
vt 0.0592041016 0.587402344
vt 0.0584716797 0.588867188
vt 0.0572509766 0.591796875
vt 0.0567626953 0.591796875
vt 0.0570678711 0.58984375
vt 0.0405883789 0.591796875
vt 0.0589294434 0.586914062
vt 0.0582885742 0.588867188
vt 0.0590515137 0.562011719
vt 0.0569458008 0.589355469
vt 0.0424804688 0.58984375
vt 0.0421447754 0.58984375
vt 0.0416259766 0.588867188
vt 0.0414428711 0.589355469
vt 0.0409240723 0.587402344
vt 0.0408630371 0.587890625
vt 0.0582885742 0.560058594
vt 0.0579528809 0.5625
vt 0.0573120117 0.560546875
vt 0.058380127 0.560058594
vt 0.0570983887 0.559570312
vt 0.0558776855 0.560058594
vt 0.0572814941 0.559570312
vt 0.0430297852 0.559570312
vt 0.0405273438 0.557128906
vt 0.0408630371 0.561523438
vt 0.0409851074 0.561523438
vt 0.0429077148 0.559570312
vt 0.0417175293 0.560058594
vt 0.0416564941 0.560058594
vt 0.0626831055 0.597167969
vt 0.0625 0.592773438
vt 0.0585632324 0.596679688
vt 0.0679931641 0.592773438
vt 0.0624084473 0.557128906
vt 0.0693359375 0.557617188
vt 0.079284668 0.559570312
vt 0.0787353516 0.593261719
vt 0.0796508789 0.59765625
vt 0.081237793 0.557128906
vt 0.0603942871 0.555175781
vt 0.0601806641 0.555664062
vt 0.0813598633 0.556640625
vt 0.0570678711 0.500488281
vt 0.075012207 0.500488281
vt 0.0755004883 0.498779297
vt 0.0566101074 0.498779297
vt 0.0570678711 0.497070312
vt 0.075012207 0.497314453
vt 0.0813598633 0.441162109
vt 0.0603942871 0.442626953
vt 0.081237793 0.440673828
vt 0.0601806641 0.442138672
vt 0.0671386719 0.440917969
vt 0.0729980469 0.440429688
vt 0.0693359375 0.439941406
vt 0.080078125 0.439941406
vt 0.079284668 0.437988281
vt 0.0516357422 0.596679688
vt 0.0534057617 0.594238281
vt 0.0506286621 0.596679688
vt 0.0552978516 0.594238281
vt 0.054901123 0.596679688
vt 0.0585632324 0.596679688
vt 0.0625 0.592773438
vt 0.0562744141 0.592773438
vt 0.0597839355 0.591796875
vt 0.0572509766 0.591796875
vt 0.103759766 0.69140625
vt 0.100097656 0.692382812
vt 0.104492188 0.693359375
vt 0.0989379883 0.690917969
vt 0.14050293 0.6953125
vt 0.144775391 0.689453125
vt 0.142333984 0.689453125
vt 0.142944336 0.6953125
vt 0.139648438 0.703125
vt 0.145141602 0.6953125
vt 0.149047852 0.690917969
vt 0.15234375 0.693359375
vt 0.152954102 0.696289062
vt 0.141967773 0.704101562
vt 0.139648438 0.704589844
vt 0.143676758 0.704101562
vt 0.152832031 0.708984375
vt 0.142822266 0.708984375
vt 0.141113281 0.708984375
vt 0.139404297 0.708984375
vt 0.138671875 0.705566406
vt 0.13684082 0.708984375
vt 0.137084961 0.706542969
vt 0.10925293 0.708984375
vt 0.10925293 0.706542969
vt 0.105957031 0.706542969
vt 0.105957031 0.708984375
vt 0.104064941 0.706542969
vt 0.105957031 0.704589844
vt 0.101501465 0.708496094
vt 0.104125977 0.704589844
vt 0.105957031 0.693847656
vt 0.104492188 0.693359375
vt 0.105957031 0.688476562
vt 0.100891113 0.704589844
vt 0.100280762 0.708496094
vt 0.0942382812 0.701171875
vt 0.0942382812 0.708496094
vt 0.100891113 0.700195312
vt 0.0942382812 0.697265625
vt 0.0874023438 0.708496094
vt 0.0874023438 0.701171875
vt 0.0874023438 0.697265625
vt 0.0654907227 0.703125
vt 0.065246582 0.708496094
vt 0.0654907227 0.69921875
vt 0.0330200195 0.596191406
vt 0.0370483398 0.593261719
vt 0.035369873 0.596191406
vt 0.0356140137 0.59375
vt 0.0405883789 0.591796875
vt 0.0355529785 0.594726562
vt 0.0326843262 0.596191406
vt 0.035369873 0.596191406
vt 0.0367126465 0.5546875
vt 0.0374145508 0.556152344
vt 0.0374145508 0.555664062
vt 0.0572814941 0.555664062
vt 0.0410766602 0.560546875
vt 0.0409851074 0.561523438
vt 0.0404968262 0.5625
vt 0.0404968262 0.586914062
vt 0.0409240723 0.587402344
vt 0.0416259766 0.588867188
vt 0.0410766602 0.588378906
vt 0.0425109863 0.560058594
vt 0.0417175293 0.560058594
vt 0.0410766602 0.560546875
vt 0.0430297852 0.559570312
vt 0.0558776855 0.560058594
vt 0.0570983887 0.559570312
vt 0.0579528809 0.586914062
vt 0.0590515137 0.562011719
vt 0.0579528809 0.5625
vt 0.0589294434 0.586914062
vt 0.0573120117 0.588378906
vt 0.0582885742 0.588867188
vt 0.0573120117 0.588378906
vt 0.0569458008 0.589355469
vt 0.0582885742 0.588867188
vt 0.0558776855 0.588867188
vt 0.0425109863 0.588867188
vt 0.0424804688 0.58984375
vt 0.0410766602 0.588378906
vt 0.0326843262 0.596191406
vt 0.0367126465 0.5546875
vt 0.0309295654 0.555175781
vt 0.0306243896 0.498779297
vt 0.0216064453 0.498779297
vt 0.0942382812 0.297851562
vt 0.100891113 0.298828125
vt 0.100891113 0.294433594
vt 0.0942382812 0.301513672
vt 0.0993652344 0.309814453
vt 0.0729980469 0.557128906
vt 0.079284668 0.559570312
vt 0.080078125 0.557617188
vt 0.081237793 0.557128906
vt 0.0693359375 0.557617188
vt 0.0671386719 0.556640625
vt 0.0618286133 0.556152344
vt 0.0601806641 0.555664062
vt 0.0624084473 0.557128906
vt 0.0592956543 0.555664062
vt 0.0597839355 0.557128906
vt 0.0572814941 0.555664062
vt 0.05859375 0.556152344
vt 0.0405273438 0.557128906
vt 0.0374145508 0.556152344
vt 0.0618286133 0.44140625
vt 0.0693359375 0.439941406
vt 0.0624084473 0.440429688
vt 0.0597839355 0.440673828
vt 0.0671386719 0.440917969
vt 0.05859375 0.44140625
vt 0.0601806641 0.442138672
vt 0.0572814941 0.442138672
vt 0.0592956543 0.442138672
vt 0.997070312 0.990234375
vt 0.939453125 0.967773438
vt 0.939453125 0.990234375
vt 0.997070312 0.967773438
vt 0.939453125 0.936035156
vt 0.997070312 0.936035156
vt 0.939453125 0.903320312
vt 0.997070312 0.903320312
vt 0.939453125 0.895019531
vt 0.997070312 0.895019531
vt 0.868652344 0.990234375
vt 0.844238281 0.993652344
vt 0.840820312 0.970703125
vt 0.868164062 0.968261719
vt 0.836425781 0.938964844
vt 0.8671875 0.937988281
vt 0.831542969 0.906738281
vt 0.866699219 0.906738281
vt 0.834960938 0.8984375
vt 0.866210938 0.8984375
vt 0.84765625 0.891601562
vt 0.865722656 0.892089844
vt 0.903320312 0.990722656
vt 0.921875 0.990722656
vt 0.921875 0.933105469
vt 0.903320312 0.933105469
vt 0.868164062 0.968261719
vt 0.844238281 0.993652344
vt 0.868652344 0.990234375
vt 0.840820312 0.970703125
vt 0.8671875 0.937988281
vt 0.836425781 0.938964844
vt 0.866699219 0.906738281
vt 0.831542969 0.906738281
vt 0.866210938 0.8984375
vt 0.834960938 0.8984375
vt 0.865722656 0.892089844
vt 0.84765625 0.891601562
vt 0.875 0.933105469
vt 0.875 0.990722656
vt 0.899414062 0.990722656
vt 0.899414062 0.933105469
vt 0.934082031 0.933105469
vt 0.921875 0.933105469
vt 0.921875 0.990722656
vt 0.934082031 0.990722656
vt 0.0457458496 0.0905761719
vt 0.0604858398 0.119567871
vt 0.0604858398 0.0905761719
vt 0.0457458496 0.119567871
vt 0.0309448242 0.0905761719
vt 0.0309448242 0.119567871
vt 0.0161132812 0.0905761719
vt 0.0161132812 0.119567871
vt 0.0090713501 0.0905761719
vt 0.0090713501 0.119567871
vt 0.0604858398 0.0905761719
vt 0.0604858398 0.119567871
vt 0.0751342773 0.119567871
vt 0.0751342773 0.0905761719
vt 0.0896606445 0.119567871
vt 0.0896606445 0.0905761719
vt 0.104125977 0.119567871
vt 0.104125977 0.0905761719
vt 0.118469238 0.119567871
vt 0.118469238 0.0905761719
vt 0.1328125 0.119567871
vt 0.1328125 0.0905761719
vt 0.146972656 0.119567871
vt 0.146972656 0.0905761719
vt 0.146972656 0.0905761719
vt 0.146972656 0.119567871
vt 0.161376953 0.119567871
vt 0.161376953 0.0905761719
vt 0.17565918 0.119567871
vt 0.17565918 0.0905761719
vt 0.190063477 0.119567871
vt 0.190063477 0.0905761719
vt 0.204467773 0.119567871
vt 0.204467773 0.0905761719
vt 0.204467773 0.0905761719
vt 0.204467773 0.119567871
vt 0.21887207 0.119567871
vt 0.21887207 0.0905761719
vt 0.233520508 0.119567871
vt 0.233520508 0.0905761719
vt 0.248168945 0.119567871
vt 0.248168945 0.0905761719
vt 0.262939453 0.119567871
vt 0.262939453 0.0905761719
vt 0.277832031 0.119567871
vt 0.277832031 0.0905761719
vt 0.277832031 0.0905761719
vt 0.277832031 0.119567871
vt 0.284912109 0.119567871
vt 0.284912109 0.0905761719
vt 0.146972656 0.0905761719
vt 0.146972656 0.0855102539
vt 0.1328125 0.0855102539
vt 0.1328125 0.0905761719
vt 0.118469238 0.0855102539
vt 0.118469238 0.0905761719
vt 0.104125977 0.0855102539
vt 0.104125977 0.0905761719
vt 0.0896606445 0.0855102539
vt 0.0896606445 0.0905761719
vt 0.0751342773 0.0855102539
vt 0.0751342773 0.0905761719
vt 0.0604858398 0.0855102539
vt 0.0604858398 0.0905761719
vt 0.0457458496 0.0855102539
vt 0.0457458496 0.0905761719
vt 0.0309448242 0.0855102539
vt 0.0309448242 0.0905761719
vt 0.0161132812 0.0855102539
vt 0.0161132812 0.0905761719
vt 0.0090713501 0.0855102539
vt 0.0090713501 0.0905761719
vt 0.161376953 0.0905761719
vt 0.146972656 0.0855102539
vt 0.146972656 0.0905761719
vt 0.161376953 0.0855102539
vt 0.17565918 0.0905761719
vt 0.17565918 0.0855102539
vt 0.190063477 0.0905761719
vt 0.190063477 0.0855102539
vt 0.204467773 0.0905761719
vt 0.204467773 0.0855102539
vt 0.21887207 0.0905761719
vt 0.21887207 0.0855102539
vt 0.233520508 0.0905761719
vt 0.233520508 0.0855102539
vt 0.21887207 0.0855102539
vt 0.21887207 0.0905761719
vt 0.248168945 0.0905761719
vt 0.233520508 0.0855102539
vt 0.233520508 0.0905761719
vt 0.248168945 0.0855102539
vt 0.262939453 0.0905761719
vt 0.262939453 0.0855102539
vt 0.277832031 0.0905761719
vt 0.277832031 0.0855102539
vt 0.284912109 0.0905761719
vt 0.284912109 0.0855102539
vt 0.0751342773 0.0855102539
vt 0.0751342773 0.0547180176
vt 0.0604858398 0.0547180176
vt 0.0604858398 0.0855102539
vt 0.0457458496 0.0547180176
vt 0.0457458496 0.0855102539
vt 0.0309448242 0.0547180176
vt 0.0309448242 0.0855102539
vt 0.0161132812 0.0547180176
vt 0.0161132812 0.0855102539
vt 0.0090713501 0.0547180176
vt 0.0090713501 0.0855102539
vt 0.0896606445 0.0855102539
vt 0.0751342773 0.0547180176
vt 0.0751342773 0.0855102539
vt 0.0896606445 0.0547180176
vt 0.104125977 0.0855102539
vt 0.104125977 0.0547180176
vt 0.118469238 0.0855102539
vt 0.118469238 0.0547180176
vt 0.1328125 0.0855102539
vt 0.1328125 0.0547180176
vt 0.146972656 0.0855102539
vt 0.146972656 0.0547180176
vt 0.161376953 0.0855102539
vt 0.146972656 0.0547180176
vt 0.146972656 0.0855102539
vt 0.161376953 0.0547180176
vt 0.17565918 0.0855102539
vt 0.17565918 0.0547180176
vt 0.190063477 0.0855102539
vt 0.190063477 0.0855102539
vt 0.190063477 0.0547180176
vt 0.17565918 0.0547180176
vt 0.204467773 0.0855102539
vt 0.204467773 0.0547180176
vt 0.21887207 0.0855102539
vt 0.21887207 0.0547180176
vt 0.233520508 0.0855102539
vt 0.233520508 0.0547180176
vt 0.248168945 0.0855102539
vt 0.248168945 0.0547180176
vt 0.262939453 0.0855102539
vt 0.262939453 0.0547180176
vt 0.277832031 0.0855102539
vt 0.277832031 0.0547180176
vt 0.284912109 0.0855102539
vt 0.284912109 0.0547180176
vt 0.284912109 0.0547180176
vt 0.285400391 0.0432128906
vt 0.277832031 0.0432128906
vt 0.277832031 0.0547180176
vt 0.262939453 0.0432128906
vt 0.262939453 0.0547180176
vt 0.248168945 0.0432128906
vt 0.248168945 0.0547180176
vt 0.233520508 0.0432128906
vt 0.233520508 0.0547180176
vt 0.21887207 0.0432128906
vt 0.21887207 0.0547180176
vt 0.204467773 0.0432128906
vt 0.204467773 0.0547180176
vt 0.190063477 0.0432128906
vt 0.190063477 0.0547180176
vt 0.17565918 0.0432128906
vt 0.17565918 0.0547180176
vt 0.161376953 0.0432128906
vt 0.161376953 0.0547180176
vt 0.146972656 0.0432128906
vt 0.146972656 0.0547180176
vt 0.1328125 0.0432128906
vt 0.1328125 0.0547180176
vt 0.118469238 0.0432128906
vt 0.118469238 0.0547180176
vt 0.104125977 0.0432128906
vt 0.104125977 0.0547180176
vt 0.0896606445 0.0432128906
vt 0.0896606445 0.0547180176
vt 0.0751342773 0.0432128906
vt 0.0751342773 0.0547180176
vt 0.0604858398 0.0432128906
vt 0.0604858398 0.0547180176
vt 0.0457458496 0.0432128906
vt 0.0457458496 0.0547180176
vt 0.0309448242 0.0432128906
vt 0.0309448242 0.0547180176
vt 0.0161132812 0.0432128906
vt 0.0161132812 0.0547180176
vt 0.0071144104 0.0432128906
vt 0.0090713501 0.0547180176
vt 0.0309448242 0.0432128906
vt 0.0309448242 0.0145797729
vt 0.0161132812 0.0145797729
vt 0.0457458496 0.0432128906
vt 0.0457458496 0.0145797729
vt 0.0604858398 0.0432128906
vt 0.0604858398 0.0145797729
vt 0.0751342773 0.0432128906
vt 0.0751342773 0.0145797729
vt 0.0896606445 0.0432128906
vt 0.0896606445 0.0145797729
vt 0.0309448242 0.0432128906
vt 0.0161132812 0.0145797729
vt 0.0161132812 0.0432128906
vt 0.0071144104 0.0145797729
vt 0.0071144104 0.0432128906
vt 0.104125977 0.0432128906
vt 0.0896606445 0.0145797729
vt 0.0896606445 0.0432128906
vt 0.104125977 0.0145797729
vt 0.118469238 0.0432128906
vt 0.118469238 0.0145797729
vt 0.1328125 0.0432128906
vt 0.118469238 0.0145797729
vt 0.118469238 0.0432128906
vt 0.1328125 0.0145797729
vt 0.146972656 0.0432128906
vt 0.146972656 0.0145797729
vt 0.161376953 0.0432128906
vt 0.161376953 0.0145797729
vt 0.17565918 0.0432128906
vt 0.17565918 0.0145797729
vt 0.190063477 0.0432128906
vt 0.190063477 0.0432128906
vt 0.190063477 0.0145797729
vt 0.17565918 0.0145797729
vt 0.204467773 0.0432128906
vt 0.204467773 0.0145797729
vt 0.21887207 0.0432128906
vt 0.21887207 0.0145797729
vt 0.233520508 0.0432128906
vt 0.233520508 0.0145797729
vt 0.248168945 0.0432128906
vt 0.248168945 0.0145797729
vt 0.262939453 0.0432128906
vt 0.248168945 0.0145797729
vt 0.248168945 0.0432128906
vt 0.262939453 0.0145797729
vt 0.277832031 0.0432128906
vt 0.277832031 0.0145797729
vt 0.285400391 0.0432128906
vt 0.285400391 0.0145797729
vt 0.277832031 0.195800781
vt 0.284912109 0.202636719
vt 0.284912109 0.195800781
vt 0.277832031 0.202636719
vt 0.262939453 0.195800781
vt 0.262939453 0.202636719
vt 0.248168945 0.195800781
vt 0.248168945 0.202636719
vt 0.233520508 0.195800781
vt 0.233520508 0.202636719
vt 0.21887207 0.195800781
vt 0.21887207 0.202636719
vt 0.204467773 0.195800781
vt 0.204467773 0.202636719
vt 0.190063477 0.195800781
vt 0.190063477 0.202636719
vt 0.17565918 0.195800781
vt 0.17565918 0.202636719
vt 0.161376953 0.195800781
vt 0.161376953 0.202636719
vt 0.146972656 0.195800781
vt 0.146972656 0.202636719
vt 0.1328125 0.195800781
vt 0.1328125 0.202636719
vt 0.118469238 0.195800781
vt 0.118469238 0.202636719
vt 0.104125977 0.195800781
vt 0.104125977 0.202636719
vt 0.0896606445 0.195800781
vt 0.0896606445 0.202636719
vt 0.0751342773 0.195800781
vt 0.0751342773 0.202636719
vt 0.0604858398 0.195800781
vt 0.0604858398 0.202636719
vt 0.0457458496 0.195800781
vt 0.0457458496 0.202636719
vt 0.0309448242 0.195800781
vt 0.0309448242 0.202636719
vt 0.0161132812 0.195800781
vt 0.0161132812 0.202636719
vt 0.0090713501 0.195800781
vt 0.0090713501 0.202636719
vt 0.0457458496 0.202636719
vt 0.0604858398 0.21862793
vt 0.0604858398 0.202636719
vt 0.0457458496 0.21862793
vt 0.0309448242 0.202636719
vt 0.0309448242 0.21862793
vt 0.0161132812 0.202636719
vt 0.0161132812 0.21862793
vt 0.0090713501 0.202636719
vt 0.0090713501 0.21862793
vt 0.0604858398 0.202636719
vt 0.0604858398 0.21862793
vt 0.0751342773 0.21862793
vt 0.0751342773 0.202636719
vt 0.0896606445 0.21862793
vt 0.0896606445 0.202636719
vt 0.104125977 0.21862793
vt 0.104125977 0.202636719
vt 0.118469238 0.21862793
vt 0.118469238 0.202636719
vt 0.118469238 0.202636719
vt 0.118469238 0.21862793
vt 0.1328125 0.21862793
vt 0.1328125 0.202636719
vt 0.146972656 0.21862793
vt 0.146972656 0.202636719
vt 0.161376953 0.21862793
vt 0.161376953 0.202636719
vt 0.17565918 0.21862793
vt 0.17565918 0.202636719
vt 0.17565918 0.202636719
vt 0.17565918 0.21862793
vt 0.190063477 0.21862793
vt 0.190063477 0.202636719
vt 0.204467773 0.21862793
vt 0.204467773 0.202636719
vt 0.21887207 0.21862793
vt 0.21887207 0.202636719
vt 0.233520508 0.21862793
vt 0.233520508 0.202636719
vt 0.233520508 0.202636719
vt 0.233520508 0.21862793
vt 0.248168945 0.21862793
vt 0.248168945 0.202636719
vt 0.262939453 0.21862793
vt 0.262939453 0.202636719
vt 0.277832031 0.21862793
vt 0.277832031 0.202636719
vt 0.277832031 0.202636719
vt 0.277832031 0.21862793
vt 0.284912109 0.21862793
vt 0.284912109 0.202636719
vt 0.0090713501 0.119567871
vt 0.0090713501 0.12286377
vt 0.0161132812 0.12286377
vt 0.0161132812 0.119567871
vt 0.0309448242 0.12286377
vt 0.0309448242 0.119567871
vt 0.0457458496 0.12286377
vt 0.0457458496 0.119567871
vt 0.0604858398 0.12286377
vt 0.0604858398 0.119567871
vt 0.0751342773 0.12286377
vt 0.0751342773 0.119567871
vt 0.0896606445 0.12286377
vt 0.0896606445 0.119567871
vt 0.104125977 0.12286377
vt 0.104125977 0.119567871
vt 0.118469238 0.12286377
vt 0.118469238 0.119567871
vt 0.1328125 0.12286377
vt 0.1328125 0.119567871
vt 0.146972656 0.12286377
vt 0.146972656 0.119567871
vt 0.161376953 0.12286377
vt 0.161376953 0.119567871
vt 0.17565918 0.12286377
vt 0.17565918 0.119567871
vt 0.190063477 0.12286377
vt 0.190063477 0.119567871
vt 0.204467773 0.12286377
vt 0.204467773 0.119567871
vt 0.21887207 0.12286377
vt 0.21887207 0.119567871
vt 0.233520508 0.12286377
vt 0.233520508 0.119567871
vt 0.248168945 0.12286377
vt 0.248168945 0.119567871
vt 0.262939453 0.12286377
vt 0.262939453 0.119567871
vt 0.277832031 0.12286377
vt 0.277832031 0.119567871
vt 0.284912109 0.12286377
vt 0.284912109 0.119567871
vt 0.161376953 0.138061523
vt 0.161376953 0.195800781
vt 0.17565918 0.195800781
vt 0.17565918 0.138061523
vt 0.190063477 0.195800781
vt 0.190063477 0.138061523
vt 0.204467773 0.195800781
vt 0.204467773 0.138061523
vt 0.21887207 0.195800781
vt 0.21887207 0.138061523
vt 0.233520508 0.195800781
vt 0.146972656 0.138061523
vt 0.161376953 0.195800781
vt 0.161376953 0.138061523
vt 0.146972656 0.195800781
vt 0.1328125 0.138061523
vt 0.1328125 0.195800781
vt 0.118469238 0.138061523
vt 0.118469238 0.195800781
vt 0.104125977 0.138061523
vt 0.104125977 0.195800781
vt 0.0896606445 0.138061523
vt 0.0896606445 0.195800781
vt 0.0751342773 0.138061523
vt 0.0896606445 0.195800781
vt 0.0896606445 0.138061523
vt 0.0751342773 0.195800781
vt 0.0604858398 0.138061523
vt 0.0604858398 0.195800781
vt 0.0457458496 0.138061523
vt 0.0457458496 0.195800781
vt 0.0309448242 0.138061523
vt 0.0309448242 0.195800781
vt 0.0161132812 0.138061523
vt 0.0161132812 0.195800781
vt 0.0090713501 0.138061523
vt 0.0090713501 0.195800781
vt 0.277832031 0.138061523
vt 0.284912109 0.195800781
vt 0.284912109 0.138061523
vt 0.277832031 0.195800781
vt 0.262939453 0.138061523
vt 0.262939453 0.195800781
vt 0.248168945 0.138061523
vt 0.248168945 0.195800781
vt 0.233520508 0.138061523
vt 0.233520508 0.195800781
vt 0.21887207 0.138061523
vt 0.204467773 0.12286377
vt 0.21887207 0.134643555
vt 0.21887207 0.12286377
vt 0.204467773 0.134643555
vt 0.190063477 0.12286377
vt 0.190063477 0.134643555
vt 0.17565918 0.12286377
vt 0.17565918 0.134643555
vt 0.161376953 0.12286377
vt 0.17565918 0.134643555
vt 0.17565918 0.12286377
vt 0.161376953 0.134643555
vt 0.146972656 0.12286377
vt 0.146972656 0.134643555
vt 0.1328125 0.12286377
vt 0.1328125 0.134643555
vt 0.118469238 0.12286377
vt 0.118469238 0.134643555
vt 0.104125977 0.12286377
vt 0.104125977 0.134643555
vt 0.0896606445 0.12286377
vt 0.104125977 0.134643555
vt 0.104125977 0.12286377
vt 0.0896606445 0.134643555
vt 0.0751342773 0.12286377
vt 0.0751342773 0.134643555
vt 0.0604858398 0.12286377
vt 0.0604858398 0.134643555
vt 0.0457458496 0.12286377
vt 0.0457458496 0.134643555
vt 0.0309448242 0.12286377
vt 0.0457458496 0.134643555
vt 0.0457458496 0.12286377
vt 0.0309448242 0.134643555
vt 0.0161132812 0.12286377
vt 0.0161132812 0.134643555
vt 0.0090713501 0.12286377
vt 0.0090713501 0.134643555
vt 0.277832031 0.12286377
vt 0.284912109 0.134643555
vt 0.284912109 0.12286377
vt 0.277832031 0.134643555
vt 0.262939453 0.12286377
vt 0.262939453 0.134643555
vt 0.248168945 0.12286377
vt 0.248168945 0.134643555
vt 0.233520508 0.12286377
vt 0.233520508 0.134643555
vt 0.21887207 0.12286377
vt 0.21887207 0.134643555
vt 0.0090713501 0.134643555
vt 0.0090713501 0.138061523
vt 0.0161132812 0.138061523
vt 0.0161132812 0.134643555
vt 0.0309448242 0.138061523
vt 0.0309448242 0.134643555
vt 0.0457458496 0.138061523
vt 0.0457458496 0.134643555
vt 0.0604858398 0.138061523
vt 0.0604858398 0.134643555
vt 0.0751342773 0.138061523
vt 0.0751342773 0.134643555
vt 0.0896606445 0.138061523
vt 0.0896606445 0.134643555
vt 0.104125977 0.138061523
vt 0.104125977 0.134643555
vt 0.118469238 0.138061523
vt 0.118469238 0.134643555
vt 0.1328125 0.138061523
vt 0.1328125 0.134643555
vt 0.146972656 0.138061523
vt 0.146972656 0.134643555
vt 0.161376953 0.138061523
vt 0.161376953 0.134643555
vt 0.17565918 0.138061523
vt 0.17565918 0.134643555
vt 0.190063477 0.138061523
vt 0.190063477 0.134643555
vt 0.204467773 0.138061523
vt 0.204467773 0.134643555
vt 0.21887207 0.138061523
vt 0.21887207 0.134643555
vt 0.233520508 0.138061523
vt 0.233520508 0.134643555
vt 0.248168945 0.138061523
vt 0.248168945 0.134643555
vt 0.262939453 0.138061523
vt 0.262939453 0.134643555
vt 0.277832031 0.138061523
vt 0.277832031 0.134643555
vt 0.284912109 0.138061523
vt 0.284912109 0.134643555
vt 0.386474609 0.638183594
vt 0.361816406 0.61328125
vt 0.377685547 0.64453125
vt 0.392822266 0.629394531
vt 0.3671875 0.647949219
vt 0.396240234 0.618652344
vt 0.356445312 0.647949219
vt 0.396240234 0.607910156
vt 0.346191406 0.64453125
vt 0.392822266 0.59765625
vt 0.337402344 0.638183594
vt 0.386474609 0.588867188
vt 0.330810547 0.629394531
vt 0.377685547 0.582519531
vt 0.327636719 0.619140625
vt 0.3671875 0.579101562
vt 0.327636719 0.607910156
vt 0.356445312 0.579101562
vt 0.330810547 0.59765625
vt 0.346191406 0.582519531
vt 0.337158203 0.588867188
vt 0.313964844 0.797851562
vt 0.318847656 0.767578125
vt 0.304931641 0.794921875
vt 0.323730469 0.797851562
vt 0.297119141 0.7890625
vt 0.332763672 0.794921875
vt 0.291503906 0.78125
vt 0.340576172 0.7890625
vt 0.288574219 0.772460938
vt 0.346191406 0.78125
vt 0.288574219 0.762695312
vt 0.349121094 0.772460938
vt 0.291503906 0.753417969
vt 0.349121094 0.762695312
vt 0.297119141 0.74609375
vt 0.346191406 0.753417969
vt 0.304931641 0.740234375
vt 0.340576172 0.74609375
vt 0.313964844 0.737304688
vt 0.332763672 0.740234375
vt 0.323730469 0.737304688
vt 0.149902344 0.359130859
vt 0.148803711 0.379394531
vt 0.154418945 0.369140625
vt 0.138427734 0.359619141
vt 0.143432617 0.389648438
vt 0.126831055 0.359863281
vt 0.165283203 0.370361328
vt 0.183227539 0.361328125
vt 0.17175293 0.361572266
vt 0.171264648 0.380371094
vt 0.154418945 0.369140625
vt 0.194824219 0.360839844
vt 0.148803711 0.379394531
vt 0.177490234 0.390136719
vt 0.143432617 0.389648438
vt 0.17175293 0.361572266
vt 0.172851562 0.341552734
vt 0.167236328 0.3515625
vt 0.183227539 0.361328125
vt 0.178222656 0.331054688
vt 0.194824219 0.360839844
vt 0.167236328 0.3515625
vt 0.172851562 0.341552734
vt 0.150390625 0.340576172
vt 0.15637207 0.350341797
vt 0.138427734 0.359619141
vt 0.149902344 0.359130859
vt 0.160766602 0.360351562
vt 0.17175293 0.361572266
vt 0.154418945 0.369140625
vt 0.165283203 0.370361328
vt 0.150390625 0.340576172
vt 0.144165039 0.330810547
vt 0.126831055 0.359863281
vt 0.138427734 0.359619141
vt 0.172851562 0.341552734
vt 0.178222656 0.331054688
vt 0.144165039 0.330810547
vt 0.150390625 0.340576172
vt 0 0
vt 1 0
vt 0 1
vt 1 1
vt 0 1
vt 1 1
vt 0 1
vt 1 1
vt 0 0
vt 1 0
vt 0 0
vt 1 0
vt 0 0
vt 0 1
vt 1 1
vt 1 0
vt 0 0
vt 0 1
vt 1 1
vt 1 0
vt 0 0
vt 0 1
vt 1 1
vt 1 0
vt 0.0269927979 0.0864257812
vt 0.0269927979 0.336914062
vt 0.0369567871 0.336914062
vt 0.0369567871 0.0864257812
vt 0.0469055176 0.336914062
vt 0.0469055176 0.0864257812
vt 0.056854248 0.336914062
vt 0.056854248 0.0864257812
vt 0.0170288086 0.0864257812
vt 0.0269927979 0.336914062
vt 0.0269927979 0.0864257812
vt 0.0170288086 0.336914062
vt 0.00706863403 0.0864257812
vt 0.00706863403 0.336914062
vt 0.0966796875 0.0864257812
vt 0.106689453 0.336914062
vt 0.106689453 0.0864257812
vt 0.0966796875 0.336914062
vt 0.086730957 0.0864257812
vt 0.086730957 0.336914062
vt 0.0767822266 0.0864257812
vt 0.0767822266 0.336914062
vt 0.0668334961 0.0864257812
vt 0.0767822266 0.336914062
vt 0.0767822266 0.0864257812
vt 0.0668334961 0.336914062
vt 0.056854248 0.0864257812
vt 0.056854248 0.336914062
vt 0.0269927979 0.0864257812
vt 0.0269927979 0.336914062
vt 0.0369567871 0.336914062
vt 0.0369567871 0.0864257812
vt 0.0469055176 0.336914062
vt 0.0469055176 0.0864257812
vt 0.056854248 0.336914062
vt 0.056854248 0.0864257812
vt 0.0170288086 0.0864257812
vt 0.0269927979 0.336914062
vt 0.0269927979 0.0864257812
vt 0.0170288086 0.336914062
vt 0.00706863403 0.0864257812
vt 0.00706863403 0.336914062
vt 0.0966796875 0.0864257812
vt 0.106689453 0.336914062
vt 0.106689453 0.0864257812
vt 0.0966796875 0.336914062
vt 0.086730957 0.0864257812
vt 0.086730957 0.336914062
vt 0.0767822266 0.0864257812
vt 0.0767822266 0.336914062
vt 0.0668334961 0.0864257812
vt 0.0767822266 0.336914062
vt 0.0767822266 0.0864257812
vt 0.0668334961 0.336914062
vt 0.056854248 0.0864257812
vt 0.056854248 0.336914062
vt 0.0269927979 0.0864257812
vt 0.0269927979 0.336914062
vt 0.0369567871 0.336914062
vt 0.0369567871 0.0864257812
vt 0.0469055176 0.336914062
vt 0.0469055176 0.0864257812
vt 0.056854248 0.0864257812
vt 0.056854248 0.336914062
vt 0.0170288086 0.0864257812
vt 0.0269927979 0.336914062
vt 0.0269927979 0.0864257812
vt 0.0170288086 0.336914062
vt 0.00706863403 0.0864257812
vt 0.00706863403 0.336914062
vt 0.0966796875 0.0864257812
vt 0.106689453 0.336914062
vt 0.106689453 0.0864257812
vt 0.0966796875 0.336914062
vt 0.086730957 0.0864257812
vt 0.086730957 0.336914062
vt 0.0767822266 0.0864257812
vt 0.0767822266 0.336914062
vt 0.0668334961 0.0864257812
vt 0.0767822266 0.336914062
vt 0.0767822266 0.0864257812
vt 0.0668334961 0.336914062
vt 0.056854248 0.0864257812
vt 0.056854248 0.336914062
vt 0.0269927979 0.0864257812
vt 0.0269927979 0.336914062
vt 0.0369567871 0.336914062
vt 0.0369567871 0.0864257812
vt 0.0469055176 0.336914062
vt 0.0469055176 0.0864257812
vt 0.056854248 0.336914062
vt 0.056854248 0.0864257812
vt 0.0170288086 0.0864257812
vt 0.0269927979 0.336914062
vt 0.0269927979 0.0864257812
vt 0.0170288086 0.336914062
vt 0.00706863403 0.0864257812
vt 0.00706863403 0.336914062
vt 0.0966796875 0.0864257812
vt 0.106689453 0.336914062
vt 0.106689453 0.0864257812
vt 0.0966796875 0.336914062
vt 0.086730957 0.0864257812
vt 0.086730957 0.336914062
vt 0.0767822266 0.0864257812
vt 0.0767822266 0.336914062
vt 0.0668334961 0.0864257812
vt 0.0767822266 0.336914062
vt 0.0767822266 0.0864257812
vt 0.0668334961 0.336914062
vt 0.056854248 0.0864257812
vt 0.056854248 0.336914062
vt 0.027053833 0.180908203
vt 0.0269927979 0.0864257812
vt 0.0170135498 0.0864257812
vt 0.0171203613 0.181152344
vt 0.0270385742 0.336914062
vt 0.00704574585 0.0864257812
vt 0.017074585 0.336914062
vt 0.00718688965 0.181518555
vt 0.0071182251 0.336914062
vt 0.106689453 0.181518555
vt 0.106689453 0.0864257812
vt 0.0966796875 0.0864257812
vt 0.0967407227 0.181884766
vt 0.106628418 0.336914062
vt 0.086730957 0.0864257812
vt 0.0966796875 0.336914062
vt 0.0867919922 0.182128906
vt 0.0768432617 0.0864257812
vt 0.0867919922 0.336914062
vt 0.0767822266 0.182128906
vt 0.0768432617 0.336914062
vt 0.0767822266 0.182128906
vt 0.0768432617 0.0864257812
vt 0.0668945312 0.0864257812
vt 0.0668334961 0.181884766
vt 0.0768432617 0.336914062
vt 0.0569152832 0.0864257812
vt 0.0668945312 0.336914062
vt 0.056854248 0.181518555
vt 0.0569458008 0.336914062
vt 0.056854248 0.181518555
vt 0.0569152832 0.0864257812
vt 0.0469360352 0.0864257812
vt 0.0469360352 0.181152344
vt 0.0569458008 0.336914062
vt 0.0369567871 0.0864257812
vt 0.0469970703 0.336914062
vt 0.0369873047 0.180908203
vt 0.0269927979 0.0864257812
vt 0.0370178223 0.336914062
vt 0.027053833 0.180908203
vt 0.0270385742 0.336914062
vt 0.0369262695 0.336914062
vt 0.0269927979 0.0864257812
vt 0.0269775391 0.336914062
vt 0.0369873047 0.0864257812
vt 0.0469055176 0.336914062
vt 0.0469360352 0.0864257812
vt 0.056854248 0.336914062
vt 0.0568847656 0.0864257812
vt 0.0269775391 0.336914062
vt 0.0269927979 0.0864257812
vt 0.0170288086 0.0864257812
vt 0.0170288086 0.336914062
vt 0.00706863403 0.0864257812
vt 0.00707244873 0.336914062
vt 0.106689453 0.336914062
vt 0.106628418 0.0864257812
vt 0.0966796875 0.0864257812
vt 0.0966796875 0.336914062
vt 0.086730957 0.0864257812
vt 0.086730957 0.336914062
vt 0.0767822266 0.0864257812
vt 0.0767822266 0.336914062
vt 0.0767822266 0.336914062
vt 0.0767822266 0.0864257812
vt 0.0668334961 0.0864257812
vt 0.0668334961 0.336914062
vt 0.0568847656 0.0864257812
vt 0.056854248 0.336914062
vt 0.0369567871 0.336914062
vt 0.0269775391 0.0864257812
vt 0.0269927979 0.336914062
vt 0.0369262695 0.0864257812
vt 0.0469055176 0.336914062
vt 0.0469055176 0.0864257812
vt 0.056854248 0.336914062
vt 0.056854248 0.0864257812
vt 0.0269927979 0.336914062
vt 0.0269775391 0.0864257812
vt 0.0170288086 0.0864257812
vt 0.0170288086 0.336914062
vt 0.00707244873 0.0864257812
vt 0.00706863403 0.336914062
vt 0.106689453 0.336914062
vt 0.106689453 0.0864257812
vt 0.0966796875 0.0864257812
vt 0.0966796875 0.336914062
vt 0.086730957 0.0864257812
vt 0.086730957 0.336914062
vt 0.0767822266 0.0864257812
vt 0.0767822266 0.336914062
vt 0.0767822266 0.336914062
vt 0.0767822266 0.0864257812
vt 0.0668334961 0.0864257812
vt 0.0668334961 0.336914062
vt 0.056854248 0.0864257812
vt 0.056854248 0.336914062
vt 0.760253906 0.380859375
vt 0.993164062 0.380859375
vt 0.993164062 0.283447266
vt 0.760253906 0.283447266
vt 0.993164062 0.380859375
vt 0.993164062 0.283447266
vt 0.760253906 0.283447266
vt 0.760253906 0.380859375
vt 0.993164062 0.283447266
vt 0.760253906 0.283447266
vt 0.760253906 0.516113281
vt 0.993164062 0.516113281
vt 0.993164062 0.516113281
vt 0.993164062 0.283447266
vt 0.760253906 0.283447266
vt 0.760253906 0.516113281
vt 0.993164062 0.283447266
vt 0.760253906 0.283447266
vt 0.760253906 0.380859375
vt 0.993164062 0.380859375
vt 0.760253906 0.516113281
vt 0.993164062 0.516113281
vt 0.993164062 0.283447266
vt 0.760253906 0.283447266
vt 0.993164062 0.283447266
vt 0.760253906 0.283447266
vt 0.760253906 0.516113281
vt 0.993164062 0.516113281
vt 0.760253906 0.283447266
vt 0.760253906 0.516113281
vt 0.993164062 0.516113281
vt 0.993164062 0.283447266
vt 0.760253906 0.516113281
vt 0.993164062 0.516113281
vt 0.993164062 0.283447266
vt 0.760253906 0.283447266
vt 0.993164062 0.380859375
vt 0.993164062 0.283447266
vt 0.760253906 0.283447266
vt 0.760253906 0.380859375
vt 0.760253906 0.516113281
vt 0.993164062 0.516113281
vt 0.993164062 0.283447266
vt 0.760253906 0.283447266
vt 0.760253906 0.283447266
vt 0.760253906 0.516113281
vt 0.993164062 0.516113281
vt 0.993164062 0.283447266
vt 0.895996094 0.380859375
vt 0.895996094 0.283447266
vt 0.760253906 0.283447266
vt 0.760253906 0.380859375
vt 0.993164062 0.283447266
vt 0.760253906 0.283447266
vt 0.760253906 0.516113281
vt 0.993164062 0.516113281
vt 0.993164062 0.283447266
vt 0.760253906 0.283447266
vt 0.760253906 0.516113281
vt 0.993164062 0.516113281
vt 0.760253906 0.283447266
vt 0.760253906 0.516113281
vt 0.993164062 0.516113281
vt 0.993164062 0.283447266
vt 0.993164062 0.516113281
vt 0.993164062 0.283447266
vt 0.760253906 0.283447266
vt 0.760253906 0.516113281
vt 0.760253906 0.283447266
vt 0.760253906 0.516113281
vt 0.993164062 0.516113281
vt 0.993164062 0.283447266
vt 0.993164062 0.516113281
vt 0.993164062 0.283447266
vt 0.760253906 0.283447266
vt 0.760253906 0.516113281
vt 0.760253906 0.283447266
vt 0.760253906 0.516113281
vt 0.842285156 0.516113281
vt 0.842285156 0.283447266
vt 0.842285156 0.516113281
vt 0.842285156 0.283447266
vt 0.760253906 0.283447266
vt 0.760253906 0.516113281
vt 0.993164062 0.283447266
vt 0.760253906 0.283447266
vt 0.760253906 0.516113281
vt 0.993164062 0.516113281
vt 0.993164062 0.283447266
vt 0.760253906 0.283447266
vt 0.760253906 0.516113281
vt 0.993164062 0.516113281
vt 0.760253906 0.516113281
vt 0.993164062 0.516113281
vt 0.993164062 0.283447266
vt 0.760253906 0.283447266
vt 0.760253906 0.516113281
vt 0.993164062 0.516113281
vt 0.993164062 0.283447266
vt 0.760253906 0.283447266
vt 0.993164062 0.283447266
vt 0.760253906 0.283447266
vt 0.760253906 0.516113281
vt 0.993164062 0.516113281
vt 0.993164062 0.283447266
vt 0.760253906 0.283447266
vt 0.760253906 0.516113281
vt 0.993164062 0.516113281
vt 0.993164062 0.283447266
vt 0.760253906 0.283447266
vt 0.760253906 0.516113281
vt 0.993164062 0.516113281
vt 0.842285156 0.283447266
vt 0.760253906 0.283447266
vt 0.760253906 0.516113281
vt 0.842285156 0.516113281
vt 0.993164062 0.283447266
vt 0.760253906 0.283447266
vt 0.760253906 0.456054688
vt 0.993164062 0.456054688
vt 0.993164062 0.283447266
vt 0.760253906 0.283447266
vt 0.760253906 0.456054688
vt 0.993164062 0.456054688
vt 0.842285156 0.283447266
vt 0.760253906 0.283447266
vt 0.760253906 0.456054688
vt 0.842285156 0.456054688
vt 0.760253906 0.283447266
vt 0.760253906 0.516113281
vt 0.895996094 0.516113281
vt 0.895996094 0.456054688
vt 0.993164062 0.456054688
vt 0.993164062 0.283447266
vt 0.760253906 0.283447266
vt 0.760253906 0.516113281
vt 0.993164062 0.516113281
vt 0.993164062 0.283447266
vt 0.760253906 0.283447266
vt 0.760253906 0.516113281
vt 0.993164062 0.516113281
vt 0.993164062 0.283447266
vt 0.760253906 0.283447266
vt 0.760253906 0.516113281
vt 0.993164062 0.516113281
vt 0.993164062 0.283447266
vt 0.760253906 0.283447266
vt 0.760253906 0.516113281
vt 0.993164062 0.516113281
vt 0.993164062 0.283447266
vt 0.760253906 0.516113281
vt 0.895996094 0.516113281
vt 0.895996094 0.283447266
vt 0.760253906 0.283447266
vt 0.760253906 0.516113281
vt 0.993164062 0.516113281
vt 0.993164062 0.283447266
vt 0.760253906 0.283447266
vt 0.760253906 0.516113281
vt 0.993164062 0.516113281
vt 0.993164062 0.283447266
vt 0.760253906 0.283447266
vt 0.993164062 0.283447266
vt 0.760253906 0.283447266
vt 0.760253906 0.516113281
vt 0.993164062 0.516113281
vt 0.760253906 0.516113281
vt 0.993164062 0.516113281
vt 0.993164062 0.283447266
vt 0.760253906 0.283447266
vt 0.216430664 0.499267578
vt 0.216430664 0.4609375
vt 0.0186767578 0.4609375
vt 0.0186767578 0.499267578
vt 0.216430664 0.499267578
vt 0.0186767578 0.499267578
vt 0.0186767578 0.4609375
vt 0.216430664 0.4609375
vt 0.00748443604 0.554199219
vt 0.00748443604 0.563964844
vt 0.217529297 0.563964844
vt 0.217529297 0.554199219
vt 0.0987548828 0.554199219
vt 0.0987548828 0.563964844
vt 0.126342773 0.563964844
vt 0.126342773 0.554199219
vt 0.217529297 0.563964844
vt 0.217529297 0.554199219
vt 0.00748443604 0.554199219
vt 0.00748443604 0.563964844
vt 0.0987548828 0.554199219
vt 0.0987548828 0.563964844
vt 0.126342773 0.563964844
vt 0.126342773 0.554199219
vt 0.216430664 0.499267578
vt 0.216430664 0.4609375
vt 0.0186767578 0.4609375
vt 0.0186767578 0.499267578
vt 0.213989258 0.563964844
vt 0.213989258 0.554199219
vt 0.0110244751 0.554199219
vt 0.0110244751 0.563964844
vt 0.216430664 0.499267578
vt 0.0186767578 0.499267578
vt 0.0186767578 0.4609375
vt 0.216430664 0.4609375
vt 0.0110244751 0.563964844
vt 0.213989258 0.563964844
vt 0.213989258 0.554199219
vt 0.0110244751 0.554199219
vn -0 -0.932128906 -0.362304688
vn -0 -0.932128906 -0.362304688
vn -0 -0.932128906 -0.362304688
vn 0.362304688 -0.932128906 0
vn 0.362304688 -0.932128906 0
vn 0.362304688 -0.932128906 0
vn -0 -0.932128906 0.362304688
vn -0 -0.932128906 0.362304688
vn -0 -0.932128906 0.362304688
vn -0.362304688 -0.932128906 0
vn -0.362304688 -0.932128906 0
vn -0.362304688 -0.932128906 0
vn 0.475097656 0.126220703 -0.870605469
vn -0.475097656 0.126220703 -0.870605469
vn -0.456787109 0.320556641 -0.830078125
vn 0.456787109 0.320556641 -0.830078125
vn -0.940917969 0.339355469 -2.38418579E-07
vn -0.456787109 0.320556641 -0.830078125
vn -0.475097656 0.126220703 -0.870605469
vn -0.990722656 0.135131836 1.78813934E-07
vn -0.456787109 0.320556641 0.830078125
vn -0.940917969 0.339355469 -2.38418579E-07
vn -0.990722656 0.135131836 1.78813934E-07
vn -0.475097656 0.126220703 0.870605469
vn -0.475097656 0.126220703 0.870605469
vn 0.475097656 0.126220703 0.870605469
vn 0.456787109 0.320556641 0.830078125
vn -0.456787109 0.320556641 0.830078125
vn 0.940917969 0.339355469 0
vn 0.456787109 0.320556641 0.830078125
vn 0.475097656 0.126220703 0.870605469
vn 0.990722656 0.135131836 0
vn 0.456787109 0.320556641 -0.830078125
vn 0.940917969 0.339355469 0
vn 0.990722656 0.135131836 0
vn 0.475097656 0.126220703 -0.870605469
vn 0.475097656 0.100097656 -0.874023438
vn -0.475097656 0.100097656 -0.874023438
vn -0.4765625 0.0968017578 -0.873535156
vn 0.4765625 0.0968017578 -0.873535156
vn -0.994628906 0.103149414 -1.78813934E-07
vn -0.4765625 0.0968017578 -0.873535156
vn -0.475097656 0.100097656 -0.874023438
vn -0.994140625 0.106628418 -2.38418579E-07
vn -0.4765625 0.0968017578 0.873535156
vn -0.994628906 0.103149414 -1.78813934E-07
vn -0.994140625 0.106628418 -2.38418579E-07
vn -0.475097656 0.100097656 0.874023438
vn -0.475097656 0.100097656 0.874023438
vn 0.475097656 0.100097656 0.874023438
vn 0.4765625 0.0968017578 0.873535156
vn -0.4765625 0.0968017578 0.873535156
vn 0.994628906 0.103149414 -1.78813934E-07
vn 0.4765625 0.0968017578 0.873535156
vn 0.475097656 0.100097656 0.874023438
vn 0.994140625 0.106628418 -1.78813934E-07
vn 0.4765625 0.0968017578 -0.873535156
vn 0.994628906 0.103149414 -1.78813934E-07
vn 0.994140625 0.106628418 -1.78813934E-07
vn 0.475097656 0.100097656 -0.874023438
vn 0.114868164 -0.97265625 -0.201904297
vn -0.114868164 -0.97265625 -0.201904297
vn -0.109313965 -0.97265625 -0.205200195
vn 0.109313965 -0.97265625 -0.205200195
vn -0.109313965 -0.97265625 -0.205200195
vn -0.114868164 -0.97265625 -0.201904297
vn -0.21875 -0.975585938 0
vn -0.21875 -0.975585938 0
vn -0.21875 -0.975585938 0
vn -0.21875 -0.975585938 0
vn -0.114868164 -0.97265625 0.201904297
vn -0.109313965 -0.97265625 0.205200195
vn -0.114868164 -0.97265625 0.201904297
vn 0.114868164 -0.97265625 0.201904297
vn 0.109313965 -0.97265625 0.205200195
vn -0.109313965 -0.97265625 0.205200195
vn 0.109313965 -0.97265625 0.205200195
vn 0.114868164 -0.97265625 0.201904297
vn 0.21875 -0.975585938 0
vn 0.21875 -0.975585938 0
vn 0.21875 -0.975585938 0
vn 0.21875 -0.975585938 0
vn 0.114868164 -0.97265625 -0.201904297
vn 0.109313965 -0.97265625 -0.205200195
vn -0.478515625 0 -0.877929688
vn -0.478515625 0 -0.877929688
vn 0.478515625 0 -0.877929688
vn 0.478515625 0 -0.877929688
vn -0.478515625 0 -0.877929688
vn -0.478515625 0 -0.877929688
vn -1 0 0
vn -1 0 0
vn -1 0 0
vn -1 0 0
vn -0.478515625 0 0.877929688
vn -0.478515625 0 0.877929688
vn 0.478515625 0 0.877929688
vn 0.478515625 0 0.877929688
vn -0.478515625 0 0.877929688
vn -0.478515625 0 0.877929688
vn 0.478515625 0 0.877929688
vn 0.478515625 0 0.877929688
vn 1 0 0
vn 1 0 0
vn 1 0 0
vn 1 0 0
vn 0.478515625 0 -0.877929688
vn 0.478515625 0 -0.877929688
vn -0.446289062 0.368408203 -0.815429688
vn 0.446289062 0.368408203 -0.815429688
vn 0.4375 0.368164062 -0.8203125
vn -0.4375 0.368164062 -0.8203125
vn -0.927734375 0.373535156 2.38418579E-07
vn -0.446289062 0.368408203 -0.815429688
vn -0.4375 0.368164062 -0.8203125
vn -0.927734375 0.373535156 -1.78813934E-07
vn -0.446289062 0.368408203 0.815429688
vn -0.927734375 0.373535156 2.38418579E-07
vn -0.927734375 0.373535156 -1.78813934E-07
vn -0.4375 0.368164062 0.8203125
vn 0.446289062 0.368408203 0.815429688
vn -0.446289062 0.368408203 0.815429688
vn -0.4375 0.368164062 0.8203125
vn 0.4375 0.368164062 0.8203125
vn 0.927734375 0.373535156 -4.76837158E-07
vn 0.446289062 0.368408203 0.815429688
vn 0.4375 0.368164062 0.8203125
vn 0.927734375 0.373535156 -5.36441803E-07
vn 0.446289062 0.368408203 -0.815429688
vn 0.927734375 0.373535156 -4.76837158E-07
vn 0.927734375 0.373535156 -5.36441803E-07
vn 0.4375 0.368164062 -0.8203125
vn 0.474609375 0.0109863281 -0.880371094
vn -0.474609375 0.0109863281 -0.880371094
vn -0.474853516 0.0109863281 -0.879882812
vn 0.474853516 0.0109863281 -0.879882812
vn -0.474853516 0.0109863281 -0.879882812
vn -0.474609375 0.0109863281 -0.880371094
vn -1 0.0111618042 0
vn -1 0.0111618042 0
vn -1 0.0111618042 0
vn -1 0.0111618042 0
vn -0.474609375 0.0109863281 0.880371094
vn -0.474853516 0.0109863281 0.879882812
vn -0.474609375 0.0109863281 0.880371094
vn 0.474609375 0.0109863281 0.880371094
vn 0.474853516 0.0109863281 0.879882812
vn -0.474853516 0.0109863281 0.879882812
vn 0.474853516 0.0109863281 0.879882812
vn 0.474609375 0.0109863281 0.880371094
vn 1 0.0111618042 0
vn 1 0.0111618042 0
vn 1 0.0111618042 0
vn 1 0.0111618042 0
vn 0.474609375 0.0109863281 -0.880371094
vn 0.474853516 0.0109863281 -0.879882812
vn 0.161376953 -0.9453125 -0.283691406
vn -0.161376953 -0.9453125 -0.283691406
vn -0.151977539 -0.944824219 -0.289794922
vn 0.151977539 -0.944824219 -0.289794922
vn -0.151977539 -0.944824219 -0.289794922
vn -0.161376953 -0.9453125 -0.283691406
vn -0.322265625 -0.946777344 1.78813934E-07
vn -0.322265625 -0.946777344 0
vn -0.322265625 -0.946777344 0
vn -0.322265625 -0.946777344 1.78813934E-07
vn -0.161376953 -0.9453125 0.283691406
vn -0.151977539 -0.944824219 0.289794922
vn -0.161376953 -0.9453125 0.283691406
vn 0.161376953 -0.9453125 0.283691406
vn 0.151977539 -0.944824219 0.289794922
vn -0.151977539 -0.944824219 0.289794922
vn 0.151977539 -0.944824219 0.289794922
vn 0.161376953 -0.9453125 0.283691406
vn 0.322265625 -0.946777344 1.78813934E-07
vn 0.322265625 -0.946777344 0
vn 0.322265625 -0.946777344 0
vn 0.322265625 -0.946777344 1.78813934E-07
vn 0.161376953 -0.9453125 -0.283691406
vn 0.151977539 -0.944824219 -0.289794922
vn 0.469726562 0.121582031 -0.874511719
vn -0.469726562 0.121582031 -0.874511719
vn -0.47265625 0.121643066 -0.872558594
vn 0.47265625 0.121643066 -0.872558594
vn -0.47265625 0.121643066 -0.872558594
vn -0.469726562 0.121582031 -0.874511719
vn -0.9921875 0.123535156 2.38418579E-07
vn -0.9921875 0.123535156 3.57627869E-07
vn -0.9921875 0.123535156 3.57627869E-07
vn -0.9921875 0.123535156 2.38418579E-07
vn -0.469726562 0.121582031 0.874511719
vn -0.47265625 0.121643066 0.872558594
vn -0.469726562 0.121582031 0.874511719
vn 0.469726562 0.121582031 0.874511719
vn 0.47265625 0.121643066 0.872558594
vn -0.47265625 0.121643066 0.872558594
vn 0.47265625 0.121643066 0.872558594
vn 0.469726562 0.121582031 0.874511719
vn 0.9921875 0.123535156 -2.98023224E-07
vn 0.9921875 0.123535156 -1.78813934E-07
vn 0.9921875 0.123535156 -1.78813934E-07
vn 0.9921875 0.123535156 -2.98023224E-07
vn 0.469726562 0.121582031 -0.874511719
vn 0.47265625 0.121643066 -0.872558594
vn 0.474609375 0.010597229 -0.880371094
vn -0.474609375 0.010597229 -0.880371094
vn -0.474853516 0.010597229 -0.879882812
vn 0.474853516 0.010597229 -0.879882812
vn -0.474853516 0.010597229 -0.879882812
vn -0.474609375 0.010597229 -0.880371094
vn -1 0.0107650757 0
vn -1 0.0107650757 0
vn -1 0.0107650757 0
vn -1 0.0107650757 0
vn -0.474609375 0.010597229 0.880371094
vn -0.474853516 0.010597229 0.879882812
vn -0.474609375 0.010597229 0.880371094
vn 0.474609375 0.010597229 0.880371094
vn 0.474853516 0.010597229 0.879882812
vn -0.474853516 0.010597229 0.879882812
vn 0.474853516 0.010597229 0.879882812
vn 0.474609375 0.010597229 0.880371094
vn 1 0.0107650757 0
vn 1 0.0107650757 0
vn 1 0.0107650757 0
vn 1 0.0107650757 0
vn 0.474609375 0.010597229 -0.880371094
vn 0.474853516 0.010597229 -0.879882812
vn 0.304931641 -0.781738281 -0.543945312
vn -0.304931641 -0.781738281 -0.543945312
vn -0.291015625 -0.78125 -0.552246094
vn 0.291015625 -0.78125 -0.552246094
vn -0.291015625 -0.78125 -0.552246094
vn -0.304931641 -0.781738281 -0.543945312
vn -0.617675781 -0.786132812 2.98023224E-06
vn -0.617675781 -0.786132812 2.62260437E-06
vn -0.617675781 -0.786132812 2.62260437E-06
vn -0.617675781 -0.786132812 2.98023224E-06
vn -0.304931641 -0.781738281 0.543945312
vn -0.291015625 -0.78125 0.552246094
vn -0.304931641 -0.781738281 0.543945312
vn 0.304931641 -0.781738281 0.543945312
vn 0.291015625 -0.78125 0.552246094
vn -0.291015625 -0.78125 0.552246094
vn 0.291015625 -0.78125 0.552246094
vn 0.304931641 -0.781738281 0.543945312
vn 0.617675781 -0.786132812 -6.55651093E-07
vn 0.617675781 -0.786132812 -1.13248825E-06
vn 0.617675781 -0.786132812 -1.13248825E-06
vn 0.617675781 -0.786132812 -6.55651093E-07
vn 0.304931641 -0.781738281 -0.543945312
vn 0.291015625 -0.78125 -0.552246094
vn 0.470703125 0.106262207 -0.875976562
vn -0.470703125 0.106262207 -0.875976562
vn -0.473388672 0.106262207 -0.874511719
vn 0.473388672 0.106262207 -0.874511719
vn -0.473388672 0.106262207 -0.874511719
vn -0.470703125 0.106262207 -0.875976562
vn -0.994140625 0.107971191 0
vn -0.994140625 0.107971191 0
vn -0.994140625 0.107971191 0
vn -0.994140625 0.107971191 0
vn -0.470703125 0.106262207 0.875976562
vn -0.473388672 0.106262207 0.874511719
vn -0.470703125 0.106262207 0.875976562
vn 0.470703125 0.106262207 0.875976562
vn 0.473388672 0.106262207 0.874511719
vn -0.473388672 0.106262207 0.874511719
vn 0.473388672 0.106262207 0.874511719
vn 0.470703125 0.106262207 0.875976562
vn 0.994140625 0.107971191 -1.78813934E-07
vn 0.994140625 0.107971191 -1.1920929E-07
vn 0.994140625 0.107971191 -1.1920929E-07
vn 0.994140625 0.107971191 -1.78813934E-07
vn 0.470703125 0.106262207 -0.875976562
vn 0.473388672 0.106262207 -0.874511719
vn -0.485595703 0 -0.874023438
vn -0.485595703 0 -0.874023438
vn 0.485595703 0 -0.874023438
vn 0.485595703 0 -0.874023438
vn -0.485595703 0 -0.874023438
vn -0.485595703 0 -0.874023438
vn -1 0 0
vn -1 0 0
vn -1 0 0
vn -1 0 0
vn -0.485595703 0 0.874023438
vn -0.485595703 0 0.874023438
vn 0.485595703 0 0.874023438
vn 0.485595703 0 0.874023438
vn -0.485595703 0 0.874023438
vn -0.485595703 0 0.874023438
vn 0.485595703 0 0.874023438
vn 0.485595703 0 0.874023438
vn 1 0 0
vn 1 0 0
vn 1 0 0
vn 1 0 0
vn 0.485595703 0 -0.874023438
vn 0.485595703 0 -0.874023438
vn 1.1920929E-07 -0.11328125 0.993652344
vn 1.1920929E-07 -0.11328125 0.993652344
vn -2.38418579E-07 -0.11328125 0.993652344
vn -2.38418579E-07 -0.11328125 0.993652344
vn -2.38418579E-07 -0.11328125 0.993652344
vn -2.38418579E-07 -0.11328125 0.993652344
vn -1.78813934E-07 -0.11328125 0.993652344
vn -1.78813934E-07 -0.11328125 0.993652344
vn -1.78813934E-07 -0.11328125 0.993652344
vn -1.78813934E-07 -0.11328125 0.993652344
vn 1.1920929E-07 -0.11328125 0.993652344
vn 1.1920929E-07 -0.11328125 0.993652344
vn 1.1920929E-07 -0.11328125 0.993652344
vn 1.1920929E-07 -0.11328125 0.993652344
vn 1.1920929E-07 -0.11328125 0.993652344
vn 1.1920929E-07 -0.11328125 0.993652344
vn 0.993652344 -0.11328125 4.17232513E-07
vn 0.993652344 -0.11328125 4.17232513E-07
vn 0.993652344 -0.11328125 -4.17232513E-07
vn 0.993652344 -0.11328125 -4.17232513E-07
vn 0.993652344 -0.11328125 -4.17232513E-07
vn 0.993652344 -0.11328125 -4.17232513E-07
vn 0.993652344 -0.11328125 -4.17232513E-07
vn 0.993652344 -0.11328125 -4.17232513E-07
vn 0.993652344 -0.11328125 -4.17232513E-07
vn 0.993652344 -0.11328125 -4.17232513E-07
vn 0.993652344 -0.11328125 3.57627869E-07
vn 0.993652344 -0.11328125 3.57627869E-07
vn 0.993652344 -0.11328125 3.57627869E-07
vn 0.993652344 -0.11328125 3.57627869E-07
vn 0.993652344 -0.11328125 4.17232513E-07
vn 0.993652344 -0.11328125 4.17232513E-07
vn 1.78813934E-07 -0.11328125 -0.993652344
vn 1.78813934E-07 -0.11328125 -0.993652344
vn -1.1920929E-07 -0.11328125 -0.993652344
vn -1.1920929E-07 -0.11328125 -0.993652344
vn -1.1920929E-07 -0.11328125 -0.993652344
vn -1.1920929E-07 -0.11328125 -0.993652344
vn -1.1920929E-07 -0.11328125 -0.993652344
vn -1.1920929E-07 -0.11328125 -0.993652344
vn -1.1920929E-07 -0.11328125 -0.993652344
vn -1.1920929E-07 -0.11328125 -0.993652344
vn 2.38418579E-07 -0.11328125 -0.993652344
vn 2.38418579E-07 -0.11328125 -0.993652344
vn 2.38418579E-07 -0.11328125 -0.993652344
vn 2.38418579E-07 -0.11328125 -0.993652344
vn 1.78813934E-07 -0.11328125 -0.993652344
vn 1.78813934E-07 -0.11328125 -0.993652344
vn -0.993652344 -0.11328125 -4.17232513E-07
vn -0.993652344 -0.11328125 -4.17232513E-07
vn -0.993652344 -0.11328125 -1.13248825E-06
vn -0.993652344 -0.11328125 -1.13248825E-06
vn -0.993652344 -0.11328125 -1.13248825E-06
vn -0.993652344 -0.11328125 -1.13248825E-06
vn -0.993652344 -0.11328125 -1.01327896E-06
vn -0.993652344 -0.11328125 -1.01327896E-06
vn -0.993652344 -0.11328125 -1.01327896E-06
vn -0.993652344 -0.11328125 -1.01327896E-06
vn -0.993652344 -0.11328125 -3.57627869E-07
vn -0.993652344 -0.11328125 -3.57627869E-07
vn -0.993652344 -0.11328125 -3.57627869E-07
vn -0.993652344 -0.11328125 -3.57627869E-07
vn -0.993652344 -0.11328125 -4.17232513E-07
vn -0.993652344 -0.11328125 -4.17232513E-07
vn -0 0.994140625 0.106201172
vn -0 0.994140625 0.106201172
vn -0 0.994140625 0.106201172
vn -0 0.994140625 0.106201172
vn -0.991699219 0.118713379 -0.0498046875
vn -0.991699219 0.118713379 -0.0498046875
vn -0.991699219 0.118713379 -0.0498046875
vn -0.991699219 0.118713379 -0.0498046875
vn -0 -0.994140625 -0.106201172
vn -0 -0.994140625 -0.106201172
vn -0 -0.994140625 -0.106201172
vn -0 -0.994140625 -0.106201172
vn 0.991699219 0.118713379 -0.0498046875
vn 0.991699219 0.118713379 -0.0498046875
vn 0.991699219 0.118713379 -0.0498046875
vn 0.991699219 0.118713379 -0.0498046875
vn 0.106201172 0.994140625 0
vn 0.106201172 0.994140625 0
vn 0.106201172 0.994140625 0
vn 0.106201172 0.994140625 0
vn -0.0498046875 0.118713379 0.991699219
vn -0.0498046875 0.118713379 0.991699219
vn -0.0498046875 0.118713379 0.991699219
vn -0.0498046875 0.118713379 0.991699219
vn -0.106201172 -0.994140625 0
vn -0.106201172 -0.994140625 0
vn -0.106201172 -0.994140625 0
vn -0.106201172 -0.994140625 0
vn -0.0498046875 0.118713379 -0.991699219
vn -0.0498046875 0.118713379 -0.991699219
vn -0.0498046875 0.118713379 -0.991699219
vn -0.0498046875 0.118713379 -0.991699219
vn -0 -0.994140625 0.106201172
vn -0 -0.994140625 0.106201172
vn -0 -0.994140625 0.106201172
vn -0 -0.994140625 0.106201172
vn -0.991699219 0.118713379 0.0498046875
vn -0.991699219 0.118713379 0.0498046875
vn -0.991699219 0.118713379 0.0498046875
vn -0.991699219 0.118713379 0.0498046875
vn -0 0.994140625 -0.106201172
vn -0 0.994140625 -0.106201172
vn -0 0.994140625 -0.106201172
vn -0 0.994140625 -0.106201172
vn 0.991699219 0.118713379 0.0498046875
vn 0.991699219 0.118713379 0.0498046875
vn 0.991699219 0.118713379 0.0498046875
vn 0.991699219 0.118713379 0.0498046875
vn -0.106201172 0.994140625 0
vn -0.106201172 0.994140625 0
vn -0.106201172 0.994140625 0
vn -0.106201172 0.994140625 0
vn 0.0498046875 0.118713379 -0.991699219
vn 0.0498046875 0.118713379 -0.991699219
vn 0.0498046875 0.118713379 -0.991699219
vn 0.0498046875 0.118713379 -0.991699219
vn 0.106201172 -0.994140625 0
vn 0.106201172 -0.994140625 0
vn 0.106201172 -0.994140625 0
vn 0.106201172 -0.994140625 0
vn 0.0498046875 0.118713379 0.991699219
vn 0.0498046875 0.118713379 0.991699219
vn 0.0498046875 0.118713379 0.991699219
vn 0.0498046875 0.118713379 0.991699219
vn -0.323486328 0.889160156 0.323486328
vn -0.323486328 0.889160156 -0.323486328
vn 0.323486328 0.889160156 -0.323486328
vn 0.323486328 0.889160156 0.323486328
vn 0.719726562 0.694335938 0
vn 0.719726562 0.694335938 0
vn -0 0 1
vn -0 0 1
vn -0 0 1
vn -0 0 1
vn 1 0 0
vn 1 0 0
vn 1 0 0
vn 1 0 0
vn -0 0 -1
vn -0 0 -1
vn -0 0 -1
vn -0 0 -1
vn -1 0 0
vn -1 0 0
vn -1 0 0
vn -1 0 0
vn -0 -1 -3.21865082E-06
vn -0 -1 -3.21865082E-06
vn -0 -1 -3.21865082E-06
vn -0 -1 -3.21865082E-06
vn -0 -1 0
vn -0 -1 0
vn -0 -1 0
vn -0 -1 0
vn -0 -1 3.21865082E-06
vn -0 -1 3.21865082E-06
vn -0 -1 3.21865082E-06
vn -0 -1 3.21865082E-06
vn -0 -1 0
vn -0 -1 0
vn -0 -1 0
vn -0 -1 0
vn -0 0 1
vn -0 0 1
vn -0 0 1
vn -0 0 1
vn 1 0 0
vn 1 0 0
vn 1 0 0
vn 1 0 0
vn -0 0 -1
vn -0 0 -1
vn -0 0 -1
vn -0 0 -1
vn -1 0 0
vn -1 0 0
vn -1 0 0
vn -1 0 0
vn -0 1 3.15904617E-06
vn -0 1 3.15904617E-06
vn -0 1 3.15904617E-06
vn -0 1 3.15904617E-06
vn -0 1 0
vn -0 1 0
vn -0 1 0
vn -0 1 0
vn -0 1 -3.15904617E-06
vn -0 1 -3.15904617E-06
vn -0 1 -3.15904617E-06
vn -0 1 -3.15904617E-06
vn -0 1 0
vn -0 1 0
vn -0 1 0
vn -0 1 0
vn -0 0.694335938 0.719726562
vn -0.323486328 0.889160156 0.323486328
vn 0.323486328 0.889160156 0.323486328
vn -0 0.694335938 0.719726562
vn -0 0.694335938 -0.719726562
vn 0.323486328 0.889160156 -0.323486328
vn -0.323486328 0.889160156 -0.323486328
vn -0 0.694335938 -0.719726562
vn -0.719726562 0.694335938 0
vn -0.323486328 0.889160156 -0.323486328
vn -0.323486328 0.889160156 0.323486328
vn -0.719726562 0.694335938 0
vn -0 0 1
vn -0 0 1
vn -0 0 1
vn -0 0 1
vn 1 0 0
vn 1 0 0
vn 1 0 0
vn 1 0 0
vn -0 0 -1
vn -0 0 -1
vn -0 0 -1
vn -0 0 -1
vn -1 0 0
vn -1 0 0
vn -1 0 0
vn -1 0 0
vn -0 0.934082031 0.356689453
vn -0 0.934082031 0.356689453
vn -0 0.934082031 0.356689453
vn -0 0.934082031 0.356689453
vn -0 0.934082031 -0.356689453
vn -0 0.934082031 -0.356689453
vn -0 0.934082031 -0.356689453
vn -0 0.934082031 -0.356689453
vn 0.356689453 0.934082031 0
vn 0.356689453 0.934082031 0
vn 0.356689453 0.934082031 0
vn 0.356689453 0.934082031 0
vn -0.356689453 0.934082031 0
vn -0.356689453 0.934082031 0
vn -0.356689453 0.934082031 0
vn -0.356689453 0.934082031 0
vn 0.207641602 0.956054688 0.207641602
vn 0.207641602 0.956054688 -0.207641602
vn 0.8125 0.583007812 0
vn 0.8125 0.583007812 0
vn 0.909667969 0.415039062 0
vn 0.909667969 0.415039062 0
vn -0 0.583007812 0.8125
vn -0.207641602 0.956054688 0.207641602
vn 0.207641602 0.956054688 0.207641602
vn -0 0.583007812 0.8125
vn -0 0.415039062 0.909667969
vn -0 0.415039062 0.909667969
vn -0.8125 0.583007812 0
vn -0.8125 0.583007812 0
vn -0.207641602 0.956054688 -0.207641602
vn -0.207641602 0.956054688 0.207641602
vn 0.207641602 0.956054688 -0.207641602
vn 0.207641602 0.956054688 0.207641602
vn -0 0.583007812 -0.8125
vn -0 0.583007812 -0.8125
vn -0 0.415039062 -0.909667969
vn -0 0.415039062 -0.909667969
vn -0.909667969 0.415039062 0
vn -0.8125 0.583007812 0
vn -0.8125 0.583007812 0
vn -0.909667969 0.415039062 0
vn -0.70703125 0 0.70703125
vn 0.576171875 -0.579589844 0.576171875
vn 0.70703125 0 0.70703125
vn -0.576171875 -0.579589844 0.576171875
vn 0.689453125 0.221313477 0.689453125
vn -0.689453125 0.221313477 0.689453125
vn -0 1 0
vn 0.70703125 0 0.70703125
vn 0.576171875 -0.579589844 -0.576171875
vn 0.70703125 0 -0.70703125
vn 0.576171875 -0.579589844 0.576171875
vn 0.689453125 0.221313477 -0.689453125
vn 0.689453125 0.221313477 0.689453125
vn -0 1 0
vn 0.70703125 0 -0.70703125
vn -0.576171875 -0.579589844 -0.576171875
vn -0.70703125 0 -0.70703125
vn 0.576171875 -0.579589844 -0.576171875
vn -0.689453125 0.221313477 -0.689453125
vn 0.689453125 0.221313477 -0.689453125
vn -0 1 0
vn -0.70703125 0 -0.70703125
vn -0.576171875 -0.579589844 0.576171875
vn -0.70703125 0 0.70703125
vn -0.576171875 -0.579589844 -0.576171875
vn -0.689453125 0.221313477 0.689453125
vn -0.689453125 0.221313477 -0.689453125
vn -0 1 0
vn -0 -1 0
vn -0 -1 0
vn -0 -1 0
vn -0 -1 0
vn -0 0 -1
vn -0 0 -1
vn -0 0 -1
vn -0 0 -1
vn 1 0 0
vn 1 0 0
vn 1 0 0
vn 1 0 0
vn -0 0 1
vn -0 0 1
vn -0 0 1
vn -0 0 1
vn -1 0 0
vn -1 0 0
vn -1 0 0
vn -1 0 0
vn -0 1 0
vn -0 1 0
vn -0 1 0
vn -0 1 0
vn 0.995117188 0.0969848633 -1.78813934E-07
vn 0.994628906 0.103149414 -1.78813934E-07
vn 0.4765625 0.0968017578 -0.873535156
vn 0.477539062 0.091003418 -0.874023438
vn 0.475097656 0.126220703 -0.870605469
vn 0.990722656 0.135131836 0
vn -0.4765625 0.0968017578 -0.873535156
vn 0.477539062 0.091003418 -0.874023438
vn 0.4765625 0.0968017578 -0.873535156
vn -0.477539062 0.091003418 -0.874023438
vn 0.475097656 0.126220703 -0.870605469
vn -0.475097656 0.126220703 -0.870605469
vn -0.994628906 0.103149414 -1.78813934E-07
vn -0.477539062 0.091003418 -0.874023438
vn -0.4765625 0.0968017578 -0.873535156
vn -0.995117188 0.0969848633 -1.78813934E-07
vn -0.475097656 0.126220703 -0.870605469
vn -0.990722656 0.135131836 1.78813934E-07
vn -0.4765625 0.0968017578 0.873535156
vn -0.995117188 0.0969848633 -1.78813934E-07
vn -0.994628906 0.103149414 -1.78813934E-07
vn -0.477539062 0.091003418 0.874023438
vn -0.990722656 0.135131836 1.78813934E-07
vn -0.475097656 0.126220703 0.870605469
vn 0.4765625 0.0968017578 0.873535156
vn -0.477539062 0.091003418 0.874023438
vn -0.4765625 0.0968017578 0.873535156
vn 0.477539062 0.091003418 0.874023438
vn -0.475097656 0.126220703 0.870605469
vn 0.475097656 0.126220703 0.870605469
vn 0.994628906 0.103149414 -1.78813934E-07
vn 0.477539062 0.091003418 0.874023438
vn 0.4765625 0.0968017578 0.873535156
vn 0.995117188 0.0969848633 -1.78813934E-07
vn 0.475097656 0.126220703 0.870605469
vn 0.990722656 0.135131836 0
vn -0 1 0
vn -0 1 0
vn -0 1 0
vn -0 1 0
vn -0 1 0
vn -0 1 0
vn -0 1 0
vn -0 1 6.55651093E-07
vn -0 1 1.78813934E-07
vn -0 1 5.96046448E-07
vn -0 1 0
vn -0 1 0
vn -0 1 0
vn -0 1 0
vn 0.197509766 0.916503906 0.348388672
vn 2.98023224E-07 1 1.90734863E-06
vn 0.395507812 0.918457031 3.21865082E-06
vn -0.197509766 0.916503906 0.348388672
vn 0.197509766 0.916503906 -0.348388672
vn -0.395507812 0.918457031 3.21865082E-06
vn -0.197509766 0.916503906 -0.348388672
vn -0 -1 0
vn -0 -1 -7.33137131E-06
vn -0 -1 -7.33137131E-06
vn -0 -1 0
vn -0 -1 7.33137131E-06
vn -0 -1 7.33137131E-06
vn -0 -1 7.33137131E-06
vn -0 -1 7.33137131E-06
vn -0.997558594 -0.0709228516 -1.1920929E-07
vn -0.997558594 -0.0709228516 -1.1920929E-07
vn -0.997558594 -0.0709228516 -1.1920929E-07
vn -0.997558594 -0.0709228516 -1.1920929E-07
vn -0.0349121094 0.999511719 9.53674316E-07
vn -0.0349121094 0.999511719 9.53674316E-07
vn -0.0349121094 0.999511719 9.53674316E-07
vn -0.0349121094 0.999511719 9.53674316E-07
vn 0.0347900391 -0.999511719 0
vn 0.0347900391 -0.999511719 0
vn 0.0347900391 -0.999511719 0
vn 0.0347900391 -0.999511719 0
vn -1.1920929E-07 -1.1920929E-07 1
vn -1.1920929E-07 -1.1920929E-07 1
vn -1.1920929E-07 -1.1920929E-07 1
vn -1.1920929E-07 -1.1920929E-07 1
vn 1.1920929E-07 0 -1
vn 1.1920929E-07 0 -1
vn 1.1920929E-07 0 -1
vn 1.1920929E-07 0 -1
vn -0.998535156 -0.0508728027 3.01003456E-05
vn -0.998535156 -0.0508728027 3.01003456E-05
vn -0.998535156 -0.0508728027 3.01003456E-05
vn -0.998535156 -0.0508728027 3.01003456E-05
vn -0.994628906 0.10546875 -1.1920929E-07
vn -0.994628906 0.10546875 -1.1920929E-07
vn -0.994628906 0.10546875 -1.1920929E-07
vn -0.994628906 0.10546875 -1.1920929E-07
vn -0.998535156 -0.0508728027 -3.02791595E-05
vn -0.998535156 -0.0508728027 -3.02791595E-05
vn -0.998535156 -0.0508728027 -3.02791595E-05
vn -0.998535156 -0.0508728027 -3.02791595E-05
vn -0.994628906 0.10534668 -1.1920929E-07
vn -0.994628906 0.10534668 -1.1920929E-07
vn -0.994628906 0.10534668 -1.1920929E-07
vn -0.994628906 0.10534668 -1.1920929E-07
vn 0.997558594 -0.0709228516 1.1920929E-07
vn 0.997558594 -0.0709228516 1.1920929E-07
vn 0.997558594 -0.0709228516 1.1920929E-07
vn 0.997558594 -0.0709228516 1.1920929E-07
vn 0.998535156 -0.0508728027 3.03387642E-05
vn 0.998535156 -0.0508728027 3.03387642E-05
vn 0.998535156 -0.0508728027 3.03387642E-05
vn 0.998535156 -0.0508728027 3.03387642E-05
vn 0.994628906 0.10546875 1.1920929E-07
vn 0.994628906 0.10546875 1.1920929E-07
vn 0.994628906 0.10546875 1.1920929E-07
vn 0.994628906 0.10546875 1.1920929E-07
vn 0.998535156 -0.0508728027 -3.0040741E-05
vn 0.998535156 -0.0508728027 -3.0040741E-05
vn 0.998535156 -0.0508728027 -3.0040741E-05
vn 0.998535156 -0.0508728027 -3.0040741E-05
vn 0.994628906 0.10534668 1.1920929E-07
vn 0.994628906 0.10534668 1.1920929E-07
vn 0.994628906 0.10534668 1.1920929E-07
vn 0.994628906 0.10534668 1.1920929E-07
vn -0.631835938 -0.173828125 -0.755371094
vn -0.631835938 0.173828125 -0.755371094
vn -0.980957031 0.173828125 -0.0870361328
vn -0.980957031 -0.173828125 -0.0870361328
vn -0.755371094 0.173828125 0.631835938
vn -0.755371094 -0.173828125 0.631835938
vn -0.755371094 -0.173828125 0.631835938
vn -0.755371094 0.173828125 0.631835938
vn -0.0870361328 0.173828125 0.980957031
vn -0.0870361328 -0.173828125 0.980957031
vn 0.631835938 0.173828125 0.755371094
vn 0.631835938 -0.173828125 0.755371094
vn 0.631835938 -0.173828125 0.755371094
vn 0.631835938 0.173828125 0.755371094
vn 0.980957031 0.173828125 0.0870361328
vn 0.980957031 -0.173828125 0.0870361328
vn 0.755371094 0.173828125 -0.631835938
vn 0.755371094 -0.173828125 -0.631835938
vn 0.755371094 -0.173828125 -0.631835938
vn 0.755371094 0.173828125 -0.631835938
vn 0.0870361328 0.173828125 -0.980957031
vn 0.0870361328 -0.173828125 -0.980957031
vn -0.631835938 0.173828125 -0.755371094
vn -0.631835938 -0.173828125 -0.755371094
vn 0.755371094 0.173828125 -0.631835938
vn -0 1 0
vn 0.0870361328 0.173828125 -0.980957031
vn 0.980957031 0.173828125 0.0870361328
vn -0.631835938 0.173828125 -0.755371094
vn 0.631835938 0.173828125 0.755371094
vn -0.980957031 0.173828125 -0.0870361328
vn -0.0870361328 0.173828125 0.980957031
vn -0.755371094 0.173828125 0.631835938
vn 0.0870361328 -0.173828125 -0.980957031
vn -0 -1 0
vn 0.755371094 -0.173828125 -0.631835938
vn -0.631835938 -0.173828125 -0.755371094
vn 0.980957031 -0.173828125 0.0870361328
vn -0.980957031 -0.173828125 -0.0870361328
vn 0.631835938 -0.173828125 0.755371094
vn -0.755371094 -0.173828125 0.631835938
vn -0.0870361328 -0.173828125 0.980957031
vn -0 0.70703125 -0.70703125
vn -0 0.70703125 -0.70703125
vn -0 1 0
vn -0 1 0
vn -0 0.70703125 0.70703125
vn -0 0.70703125 0.70703125
vn -0 0.70703125 0.70703125
vn -0 0.70703125 0.70703125
vn -0 0 1
vn -0 0 1
vn -0 0 1
vn -0 0 1
vn -0 -0.70703125 0.70703125
vn -0 -0.70703125 0.70703125
vn -0 -0.70703125 0.70703125
vn -0 -0.70703125 0.70703125
vn -0 -1 0
vn -0 -1 0
vn -0 -0.70703125 -0.70703125
vn -0 -0.70703125 -0.70703125
vn -0 -0.70703125 -0.70703125
vn -0 -0.70703125 -0.70703125
vn -0 0 -1
vn -0 0 -1
vn -0 0 -1
vn -0 0 -1
vn -0 0.70703125 -0.70703125
vn -0 0.70703125 -0.70703125
vn -0.714355469 0.106506348 -0.69140625
vn -0.993164062 0.117553711 -2.98023224E-07
vn -0.998046875 0.0648803711 -2.08616257E-06
vn -0.713378906 0.158569336 -0.682617188
vn -0.886230469 0.463134766 1.25169754E-06
vn -0.651855469 0.497558594 -0.572265625
vn -0.145141602 0.989257812 4.35113907E-06
vn -0.714355469 0.106445312 0.69140625
vn -0.713378906 0.158569336 0.682617188
vn -0.0377807617 0.257568359 0.965332031
vn -0.998046875 0.0648803711 -2.08616257E-06
vn -0.993164062 0.117553711 -2.98023224E-07
vn -0.651367188 0.497558594 0.572265625
vn -0.886230469 0.463134766 1.25169754E-06
vn -0.145141602 0.989257812 4.35113907E-06
vn -0.714355469 0.106445312 0.69140625
vn -0.0377807617 0.257568359 0.965332031
vn -0.0303192139 0.206787109 0.978027344
vn 0.637695312 0.356689453 0.682617188
vn 0.653808594 0.307128906 0.69140625
vn 0.481201172 0.663574219 0.572265625
vn -0.085144043 0.580566406 0.809570312
vn -0.713378906 0.158569336 0.682617188
vn -0.651367188 0.497558594 0.572265625
vn -0.145141602 0.989257812 4.35113907E-06
vn 0.715820312 0.698242188 1.31130219E-06
vn 0.653808594 0.307128906 0.69140625
vn 0.917480469 0.397705078 -3.57627869E-07
vn 0.937011719 0.348632812 -2.14576721E-06
vn 0.637695312 0.356689453 0.682617188
vn 0.715820312 0.698242188 1.31130219E-06
vn 0.481201172 0.663574219 0.572265625
vn 0.937011719 0.348632812 -2.14576721E-06
vn 0.637695312 0.356689453 -0.682617188
vn 0.653808594 0.307128906 -0.69140625
vn 0.917480469 0.397705078 -3.57627869E-07
vn 0.481201172 0.663574219 -0.572753906
vn -0.085144043 0.580566406 -0.809570312
vn 0.715820312 0.698242188 1.31130219E-06
vn -0.145141602 0.989257812 4.35113907E-06
vn -0.0303344727 0.206787109 -0.978027344
vn -0.713378906 0.158569336 -0.682617188
vn -0.714355469 0.106506348 -0.69140625
vn -0.0377807617 0.257568359 -0.965332031
vn 0.653808594 0.307128906 -0.69140625
vn 0.637695312 0.356689453 -0.682617188
vn -0.651855469 0.497558594 -0.572265625
vn -0.085144043 0.580566406 -0.809570312
vn -0.145141602 0.989257812 4.35113907E-06
vn 0.481201172 0.663574219 -0.572753906
vn -0 0 1
vn -0 0 1
vn -0 1 0
vn -0 1 0
vn -0 0 1
vn -0 0 1
vn -0 -1 0
vn -0 -1 0
vn -0 -1 0
vn -0 -1 0
vn -0 0 -1
vn -0 0 -1
vn -0 1 0
vn -0 1 0
vn -0 0 -1
vn -0 0 -1
vn 1 0 0
vn 1 0 0
vn 1 0 0
vn 1 0 1.78813934E-07
vn 1 0 -1.78813934E-07
vn 1 0 1.78813934E-07
vn 1 0 -1.78813934E-07
vn 1 0 0
vn 1 0 0
vn -0 1 0
vn -0 1 0
vn -0 1 0
vn -0 1 0
vn -0 0 -1
vn -0 0 -1
vn -0 0 -1
vn -0 0 -1
vn -0 -1 0
vn -0 -1 0
vn -0 -1 0
vn -0 -1 0
vn 1 0 0
vn 1 0 0
vn 1 0 0
vn 1 0 0
vn -1 0 0
vn -1 0 0
vn -1 0 0
vn -1 0 0
vn -0.379150391 -0.122070312 0.917480469
vn 0.0386962891 -0.0279846191 0.999023438
vn -0.622070312 0.0483398438 0.78125
vn -0.385498047 -0.7421875 0.548339844
vn -0.379150391 -0.122070312 0.917480469
vn -0.686035156 -0.435058594 0.583007812
vn -0.985351562 -0.00607299805 0.170288086
vn -0.820800781 0.516601562 0.244995117
vn -0.985351562 -0.00606536865 0.170288086
vn -0.299072266 9.02414322E-05 -0.954101562
vn -0.665527344 -0.0982055664 -0.739746094
vn -0.848144531 0.0671386719 -0.525390625
vn -0.665527344 -0.0982055664 -0.739746094
vn -0.55078125 -0.728515625 -0.407470703
vn -0.844238281 -0.421875 -0.330810547
vn -0.905761719 -0.336669922 0.2578125
vn -0.547363281 -0.525878906 0.650878906
vn -0.877441406 -0.213256836 0.429931641
vn -0.993652344 -0.0838623047 -0.0776367188
vn -0.774414062 -0.552734375 -0.307861328
vn -0.965820312 -0.250244141 -0.0660400391
vn -0.905761719 -0.336669922 0.2578125
vn -0.985351562 -0.00606536865 0.170288086
vn -0.962402344 -0.265380859 0.0576171875
vn -0.374023438 -0.925292969 0.0604553223
vn 0.176269531 0.983886719 -0.022354126
vn 0.177612305 0.983886719 -0.0226135254
vn 0.176269531 0.983886719 -0.022354126
vn -0.374023438 -0.925292969 0.0604553223
vn -0.721191406 0.669921875 0.175048828
vn -0.16003418 0.986816406 0.0297088623
vn -0.180419922 0.983398438 0.0159912109
vn -0.251464844 0.964355469 -0.0801391602
vn -0.030456543 0.995605469 -0.0865478516
vn -0.0237121582 0.994140625 -0.105895996
vn -0.156005859 0.986328125 0.053314209
vn 0.106750488 0.994140625 0.0277709961
vn -0.114318848 0.991699219 0.0592041016
vn 0.0180358887 0.990722656 0.135498047
vn 0.00517654419 0.992675781 0.119506836
vn -0.270751953 -0.249633789 -0.9296875
vn -0.269775391 -0.10748291 -0.95703125
vn -0.401611328 -0.0602111816 -0.9140625
vn -0.375 -0.92578125 0.0484313965
vn -0.114318848 0.991699219 0.0592041016
vn 0.106750488 0.994140625 0.0277709961
vn -0.114318848 0.991699219 0.0592041016
vn -0.375 -0.92578125 0.0484313965
vn -0.366699219 -0.929199219 0.0469665527
vn 0.00517654419 0.992675781 0.119506836
vn -0.156005859 0.986328125 0.053314209
vn -0.114318848 0.991699219 0.0592041016
vn -0.180419922 0.983398438 0.0159912109
vn -0.16003418 0.986816406 0.0297088623
vn -0.030456543 0.995605469 -0.0865478516
vn -0.913574219 -0.396972656 -0.0887451172
vn -0.795410156 0.598632812 0.0973510742
vn -0.87890625 0.308837891 -0.363037109
vn -0.909179688 0.23828125 0.341064453
vn -0.697265625 0.440673828 0.564941406
vn -0.852539062 0.519042969 0.0593566895
vn -0.315673828 0.877929688 -0.359619141
vn -0.133300781 0.984375 -0.115844727
vn -0.154296875 0.948730469 -0.276367188
vn -0.232177734 0.965820312 -0.116516113
vn -0.179077148 0.982421875 0.049987793
vn -0.291503906 0.954589844 0.0642700195
vn -0.668457031 0.733398438 0.124145508
vn -0.583496094 0.778808594 -0.230224609
vn -0.873535156 0.169189453 0.456298828
vn -0.557617188 0.692382812 -0.458007812
vn -0.905273438 0.352783203 -0.236572266
vn -0.759765625 0.331542969 -0.559082031
vn -0.733886719 0.505859375 -0.452880859
vn -0.861816406 0.186401367 -0.471435547
vn -0.725097656 0.0896606445 -0.682617188
vn -0.9765625 -0.0314025879 -0.213623047
vn -0.803222656 0.0907592773 -0.588867188
vn -0.875976562 0.00988769531 -0.482666016
vn -0.697265625 0.440673828 0.564941406
vn -0.478027344 -0.0024471283 0.878417969
vn -0.873535156 0.169189453 0.456298828
vn -0.909179688 0.23828125 0.341064453
vn -0.493652344 0.00688171387 0.869628906
vn -0.686035156 -0.435058594 0.583007812
vn -0.622070312 0.0483398438 0.78125
vn -0.824707031 0.100830078 0.556152344
vn -0.379150391 -0.122070312 0.917480469
vn -0.323242188 0.0899658203 0.941894531
vn -0.149047852 0.219970703 0.963867188
vn -0.369873047 -0.0231323242 0.928710938
vn -0.150512695 0.296142578 0.943359375
vn 0.0364990234 0.302246094 0.952636719
vn -0.103881836 0.339599609 0.934570312
vn -0.241210938 0.207397461 0.948242188
vn -0.163818359 0.333007812 0.928710938
vn -0.0167236328 0.384521484 0.922851562
vn 0.0350646973 0.357177734 0.93359375
vn 0.0662231445 0.251464844 0.965820312
vn 0.0417175293 0.428466797 0.90234375
vn 0.0568237305 0.444091797 0.894042969
vn 0.0344543457 0.446044922 0.89453125
vn 0.0641479492 0.285888672 0.956054688
vn 0.116149902 0.0862426758 0.989257812
vn 0.114868164 0.154541016 0.981445312
vn 0.140625 0.0601196289 0.98828125
vn 0.143554688 0.0909423828 0.985351562
vn -0.0489501953 0.0166473389 0.998535156
vn -0.0383300781 0.000934123993 0.999023438
vn -0.0134429932 0.116516113 0.993164062
vn -0.0368041992 0.0400390625 0.998535156
vn 0.0479736328 0.129638672 0.990234375
vn -0.00665664673 0.200073242 0.979980469
vn 0.057434082 -0.030960083 0.998046875
vn -0.0185394287 0.131103516 0.991210938
vn -0.227172852 -0.116821289 0.966796875
vn -0.379150391 -0.122070312 0.917480469
vn -0.385498047 -0.7421875 0.548339844
vn 0.0386962891 -0.0279846191 0.999023438
vn 0.0986328125 -0.113220215 0.988769531
vn 0.0886230469 -0.385009766 0.918457031
vn 0.113830566 -0.381835938 0.916992188
vn 0.103027344 -0.512695312 0.852539062
vn 0.229614258 -0.469970703 0.852539062
vn 0.0560302734 -0.276855469 0.959472656
vn 0.412109375 -0.370117188 0.832519531
vn 0.251220703 -0.403320312 0.879882812
vn 0.120361328 -0.421630859 0.898925781
vn 0.412109375 -0.371337891 0.83203125
vn -0.87890625 0.308837891 -0.363037109
vn -0.507324219 -0.833007812 -0.221435547
vn -0.913574219 -0.396972656 -0.0887451172
vn -0.546875 -0.751464844 -0.369628906
vn -0.852539062 0.519042969 0.0593566895
vn -0.795410156 0.598632812 0.0973510742
vn -0.913574219 -0.396972656 -0.0887451172
vn -0.966308594 0.225097656 0.125976562
vn -0.711914062 0.68359375 0.160522461
vn -0.909179688 0.23828125 0.341064453
vn -0.983886719 0.0286102295 0.177856445
vn -0.493652344 0.00688171387 0.869628906
vn -0.736816406 -0.510253906 -0.443603516
vn -0.94140625 -0.333740234 0.0518798828
vn -0.971679688 -0.205322266 -0.116149902
vn -0.618652344 -0.785644531 0.0068397522
vn -0.635742188 -0.746582031 0.195922852
vn -0.927246094 -0.268310547 0.261474609
vn -0.888671875 -0.256835938 0.379638672
vn -0.62890625 -0.564941406 0.534667969
vn -0.971679688 -0.205322266 -0.116149902
vn -0.81640625 -0.102844238 -0.568359375
vn -0.736816406 -0.510253906 -0.443603516
vn -0.984863281 -0.0729370117 -0.158691406
vn -0.778320312 0.0816040039 -0.622558594
vn -0.981445312 0.076171875 -0.176879883
vn -0.787109375 0.500488281 -0.360595703
vn -0.982421875 0.17956543 -0.0547485352
vn -0.985351562 -0.00607299805 0.170288086
vn -0.985351562 -0.00607299805 0.170288086
vn -0.985351562 -0.00607299805 0.170288086
vn -0.985351562 -0.00607299805 0.170288086
vn -0.94140625 -0.333740234 0.0518798828
vn -0.985351562 -0.00606918335 0.170288086
vn -0.934570312 0.349121094 0.0689697266
vn -0.697265625 0.440673828 0.564941406
vn -0.873535156 0.169189453 0.456298828
vn -0.905273438 0.352783203 -0.236572266
vn -0.985351562 -0.00608825684 0.170288086
vn -0.883789062 0.377685547 0.276367188
vn -0.985351562 -0.00607299805 0.170288086
vn -0.852539062 0.519042969 0.0593566895
vn -0.988769531 -0.00250053406 0.150390625
vn -0.9765625 -0.0314025879 -0.213623047
vn -0.991210938 -0.0762329102 0.109802246
vn -0.892089844 0.208618164 0.400878906
vn -0.985351562 -0.00606536865 0.170288086
vn -0.927246094 -0.268310547 0.261474609
vn -0.985351562 -0.00607299805 0.170288086
vn -0.985351562 -0.00606918335 0.170288086
vn -0.888671875 -0.256835938 0.379638672
vn -0.985351562 -0.00607681274 0.170288086
vn -0.91015625 -0.0907592773 0.404296875
vn -0.62890625 -0.564941406 0.534667969
vn -0.628417969 -0.0645751953 0.775390625
vn -0.859375 0.0717163086 0.506835938
vn -0.574707031 0.510742188 0.639648438
vn -0.518554688 0.0891113281 0.850097656
vn -0.574707031 0.510742188 0.639648438
vn -0.883789062 0.377685547 0.276367188
vn -0.892089844 0.208618164 0.400878906
vn -0.50390625 0.832519531 0.229248047
vn -0.934570312 0.349121094 0.0689697266
vn -0.651855469 0.758300781 -0.0253753662
vn -0.982421875 0.17956543 -0.0547485352
vn -0.787109375 0.500488281 -0.360595703
vn -0.966308594 0.225097656 0.125976562
vn -0.721191406 0.669921875 0.175048828
vn -0.711914062 0.68359375 0.160522461
vn -0.433349609 0.891113281 0.135253906
vn -0.426513672 0.89453125 0.134033203
vn -0.832519531 -0.403564453 0.379150391
vn -0.704589844 0.294433594 0.645507812
vn -0.778808594 0.597167969 0.192138672
vn -0.969726562 0.243408203 -0.00903320312
vn -0.844726562 0.453125 -0.285400391
vn -0.820800781 0.516601562 0.244995117
vn -0.925292969 0.244750977 -0.290283203
vn -0.468505859 0.769042969 0.434326172
vn -0.678222656 0.702148438 -0.217529297
vn -0.771484375 0.341796875 0.536621094
vn -0.985351562 -0.00606918335 0.170288086
vn -0.985351562 -0.00608825684 0.170288086
vn -0.981933594 -0.00307655334 0.190429688
vn -0.848144531 -0.0420532227 0.528320312
vn -0.970703125 -0.0779418945 0.227294922
vn -0.985351562 -0.00607299805 0.170288086
vn -0.820800781 0.516601562 0.244995117
vn -0.923339844 0.381103516 0.0470275879
vn -0.973632812 0.215454102 -0.0720214844
vn -0.901855469 0.346435547 0.258544922
vn -0.979003906 0.0816650391 -0.186523438
vn -0.993652344 -0.0838623047 -0.0776367188
vn -0.985351562 -0.00607681274 0.170410156
vn -0.965820312 -0.250244141 -0.0660400391
vn -0.985351562 -0.00606918335 0.170288086
vn -0.962402344 -0.265380859 0.0576171875
vn -0.985351562 -0.00606536865 0.170288086
vn -0.905761719 0.173217773 0.386474609
vn -0.6015625 0.75390625 0.263916016
vn -0.617675781 0.486572266 0.617675781
vn -0.985351562 -0.00607299805 0.170288086
vn -0.864746094 0.0664672852 0.498046875
vn -0.5234375 0.0604248047 0.849609375
vn -0.985351562 -0.00607299805 0.170288086
vn -0.874511719 -0.0820922852 0.478027344
vn -0.844726562 0.453125 -0.285400391
vn -0.985351562 -0.00607299805 0.170288086
vn -0.905761719 -0.336669922 0.2578125
vn -0.985351562 -0.00607299805 0.170288086
vn -0.877441406 -0.213256836 0.429931641
vn -0.985351562 -0.00607299805 0.170288086
vn -0.172363281 0.866210938 0.468994141
vn -0.468505859 0.769042969 0.434326172
vn -0.368164062 0.676269531 0.637695312
vn -0.174804688 0.9609375 0.214599609
vn -0.678222656 0.702148438 -0.217529297
vn -0.398193359 0.86328125 -0.310546875
vn -0.254394531 0.952148438 -0.168334961
vn -0.0818481445 0.979980469 0.181274414
vn -0.0479431152 0.939941406 0.338623047
vn -0.357421875 0.703613281 -0.614257812
vn -0.295410156 0.938964844 -0.176025391
vn -0.431884766 0.518066406 -0.73828125
vn -0.309082031 0.923828125 -0.226196289
vn -0.296630859 0.955078125 -0.000487804413
vn -0.295898438 0.943359375 -0.148925781
vn -0.266845703 0.961914062 0.059967041
vn -0.307861328 0.94921875 0.0668945312
vn -0.274414062 0.953125 0.126708984
vn -0.224243164 0.9375 0.266113281
vn -0.21081543 0.915527344 0.342529297
vn -0.214477539 0.932128906 0.291259766
vn -0.126953125 0.684570312 0.717773438
vn -0.156494141 0.495361328 0.854492188
vn -0.134765625 0.455322266 0.879882812
vn -0.197387695 0.684082031 0.702148438
vn -0.210449219 0.653320312 0.727539062
vn -0.10559082 0.689941406 0.715820312
vn -0.163696289 0.82421875 0.541992188
vn -0.652832031 0.168945312 0.73828125
vn -0.55859375 0.0704345703 0.826660156
vn -0.662597656 -0.0078125 0.749023438
vn -0.526367188 0.312255859 0.791015625
vn -0.537109375 0.489746094 0.687011719
vn -0.368164062 0.676269531 0.637695312
vn -0.468505859 0.769042969 0.434326172
vn -0.453369141 0.0670776367 0.888671875
vn -0.771484375 0.341796875 0.536621094
vn -0.848144531 -0.0420532227 0.528320312
vn -0.844238281 -0.421875 -0.330810547
vn -0.848144531 0.0671386719 -0.525390625
vn -0.665527344 -0.0982055664 -0.739746094
vn -0.963378906 0.112304688 -0.243774414
vn -0.463134766 0.24609375 -0.8515625
vn -0.620117188 0.114624023 -0.775878906
vn -0.66015625 0.0010175705 -0.750976562
vn -0.45703125 0.321777344 -0.829101562
vn -0.283935547 0.328857422 -0.900878906
vn -0.41015625 0.364990234 -0.8359375
vn -0.544433594 0.232666016 -0.805664062
vn -0.464599609 0.357910156 -0.810058594
vn -0.323730469 0.41015625 -0.852539062
vn -0.278808594 0.383056641 -0.880859375
vn -0.260742188 0.278564453 -0.924316406
vn -0.26171875 0.453857422 -0.852050781
vn -0.244628906 0.469238281 -0.848632812
vn -0.265625 0.470947266 -0.841308594
vn -0.259277344 0.312744141 -0.913574219
vn -0.222412109 0.114440918 -0.968261719
vn -0.220581055 0.182495117 -0.958007812
vn -0.19909668 0.0883789062 -0.976074219
vn -0.1953125 0.11907959 -0.973632812
vn -0.379882812 0.042755127 -0.923828125
vn -0.371582031 0.0286407471 -0.927734375
vn -0.341552734 0.142211914 -0.929199219
vn -0.360107422 0.0729980469 -0.930175781
vn -0.282714844 0.158813477 -0.945800781
vn -0.334228516 0.227294922 -0.914550781
vn -0.277832031 0.00115680695 -0.960449219
vn -0.349609375 0.158569336 -0.923339844
vn -0.5390625 -0.0908813477 -0.837402344
vn -0.665527344 -0.0982055664 -0.739746094
vn -0.55078125 -0.728515625 -0.407470703
vn -0.299072266 9.02414322E-05 -0.954101562
vn -0.239624023 -0.0850830078 -0.967285156
vn -0.226928711 -0.358886719 -0.905273438
vn -0.202636719 -0.355712891 -0.912597656
vn -0.269775391 -0.10748291 -0.95703125
vn -0.270751953 -0.249633789 -0.9296875
vn -0.191650391 -0.48828125 -0.8515625
vn -0.072265625 -0.444824219 -0.892578125
vn 0.106933594 -0.344970703 -0.932617188
vn -0.0606994629 -0.377441406 -0.923828125
vn -0.190551758 -0.395751953 -0.8984375
vn 0.106872559 -0.345947266 -0.932128906
vn -0.407470703 -0.841308594 0.35546875
vn -0.704589844 0.294433594 0.645507812
vn -0.832519531 -0.403564453 0.379150391
vn -0.39453125 -0.764160156 0.510742188
vn -0.820800781 0.516601562 0.244995117
vn -0.778808594 0.597167969 0.192138672
vn -0.951171875 0.223876953 0.212158203
vn -0.832519531 -0.403564453 0.379150391
vn -0.721191406 0.684570312 0.106994629
vn -0.969726562 0.243408203 -0.00903320312
vn -0.986328125 0.0288238525 0.163696289
vn -0.6875 0.106811523 -0.718261719
vn -0.547363281 -0.525878906 0.650878906
vn -0.905761719 -0.336669922 0.2578125
vn -0.588867188 -0.788085938 0.179321289
vn -0.66796875 -0.744140625 0.00804901123
vn -0.962402344 -0.265380859 0.0576171875
vn -0.965820312 -0.250244141 -0.0660400391
vn -0.774414062 -0.552734375 -0.307861328
vn -0.578613281 -0.122619629 0.806152344
vn -0.877441406 -0.213256836 0.429931641
vn -0.547363281 -0.525878906 0.650878906
vn -0.874511719 -0.0820922852 0.478027344
vn -0.5234375 0.0604248047 0.849609375
vn -0.864746094 0.0664672852 0.498046875
vn -0.547851562 0.836425781 -0.0233001709
vn -0.901855469 0.346435547 0.258544922
vn -0.6015625 0.75390625 0.263916016
vn -0.923339844 0.381103516 0.0470275879
vn -0.753417969 0.525390625 -0.395019531
vn -0.973632812 0.215454102 -0.0720214844
vn -0.753417969 0.525390625 -0.395019531
vn -0.979003906 0.0816650391 -0.186523438
vn -0.973632812 0.215454102 -0.0720214844
vn -0.773925781 0.110290527 -0.624023438
vn -0.852539062 -0.0459289551 -0.520996094
vn -0.993652344 -0.0838623047 -0.0776367188
vn -0.774414062 -0.552734375 -0.307861328
vn -0.951171875 0.223876953 0.212158203
vn -0.721191406 0.684570312 0.106994629
vn -0.604492188 0.792480469 0.0803222656
vn -0.449462891 0.892089844 0.0430908203
vn -0.442382812 0.895996094 0.0419921875
vn 0.0886230469 -0.385009766 0.918457031
vn 0.0667724609 -0.135498047 0.988769531
vn 0.0386962891 -0.0279846191 0.999023438
vn 0.0560302734 -0.276855469 0.959472656
vn -0.0717163086 -0.0876464844 0.993652344
vn -0.418457031 0.702636719 -0.575683594
vn -0.254394531 0.952148438 -0.168334961
vn -0.336669922 0.709472656 -0.619140625
vn -0.357421875 0.703613281 -0.614257812
vn -0.398193359 0.86328125 -0.310546875
vn -0.420166016 0.479003906 -0.770507812
vn -0.564453125 0.311035156 -0.764648438
vn -0.431884766 0.518066406 -0.73828125
vn -0.678222656 0.702148438 -0.217529297
vn -0.490722656 0.0143508911 -0.87109375
vn -0.925292969 0.244750977 -0.290283203
vn -0.6875 0.106811523 -0.718261719
vn -0.734863281 0.192993164 -0.650390625
vn -0.844726562 0.453125 -0.285400391
vn -0.969726562 0.243408203 -0.00903320312
vn -0.273193359 0.286865234 0.91796875
vn -0.210449219 0.653320312 0.727539062
vn -0.418945312 0.592285156 0.687988281
vn -0.489013672 0.336669922 0.8046875
vn -0.134765625 0.455322266 0.879882812
vn -0.453369141 0.33984375 0.82421875
vn -0.156494141 0.495361328 0.854492188
vn -0.312988281 0.157348633 0.936523438
vn -0.169433594 -0.0123443604 0.985351562
vn 0.331542969 0.923828125 -0.191772461
vn 0.211303711 0.969726562 -0.122253418
vn 0.331542969 0.923828125 -0.191772461
vn 0.211303711 0.969726562 -0.122253418
vn 0.0692749023 0.996582031 -0.0400695801
vn 0.0692749023 0.996582031 -0.0400695801
vn -0.0537414551 0.998046875 0.0310974121
vn -0.0537414551 0.998046875 0.0310974121
vn -0.509765625 0.808105469 0.295166016
vn -0.509765625 0.808105469 0.295166016
vn -0.500976562 0 -0.865722656
vn -0.500976562 0 -0.865722656
vn -0.500976562 0 -0.865722656
vn -0.500976562 0 -0.865722656
vn -0.500976562 0 -0.865722656
vn -0.500976562 0 -0.865722656
vn -0.500976562 0 -0.865722656
vn -0.500976562 0 -0.865722656
vn -0.500976562 0 -0.865722656
vn -0.500976562 0 -0.865722656
vn -0.500976562 0 -0.865722656
vn -0.500976562 0 -0.865722656
vn -0.865234375 -0.0277099609 0.500488281
vn -0.865234375 -0.0277099609 0.500488281
vn -0.865234375 -0.0277099609 0.500488281
vn -0.865234375 -0.0277099609 0.500488281
vn 0.500976562 0 0.865722656
vn 0.500976562 0 0.865722656
vn 0.500976562 0 0.865722656
vn 0.500976562 0 0.865722656
vn 0.500976562 0 0.865722656
vn 0.500976562 0 0.865722656
vn 0.500976562 0 0.865722656
vn 0.500976562 0 0.865722656
vn 0.500976562 0 0.865722656
vn 0.500976562 0 0.865722656
vn 0.500976562 0 0.865722656
vn 0.500976562 0 0.865722656
vn 0.850097656 0.18762207 -0.491943359
vn 0.850097656 0.18762207 -0.491943359
vn 0.850097656 0.18762207 -0.491943359
vn 0.850097656 0.18762207 -0.491943359
vn -0.509765625 0.808105469 0.295166016
vn -0.677734375 0.622070312 0.392089844
vn -0.677734375 0.622070312 0.392089844
vn -0.509765625 0.808105469 0.295166016
vn -0.10357666 0 0.994628906
vn 0.208862305 0 0.978027344
vn 0.208862305 0 0.978027344
vn -0.10357666 0 0.994628906
vn -0.406005859 0 0.9140625
vn -0.406005859 0 0.9140625
vn -0.668457031 0 0.743652344
vn -0.668457031 0 0.743652344
vn -0.865722656 0 0.500976562
vn -0.865722656 0 0.500976562
vn 0.208862305 0 0.978027344
vn 0.208862305 0 0.978027344
vn 0.500976562 0 0.865722656
vn 0.500976562 0 0.865722656
vn 0.743652344 0 0.668457031
vn 0.743652344 0 0.668457031
vn 0.9140625 0 0.406005859
vn 0.9140625 0 0.406005859
vn 0.994628906 0 0.10357666
vn 0.994628906 0 0.10357666
vn 0.978027344 0 -0.208862305
vn 0.978027344 0 -0.208862305
vn 0.865722656 0 -0.500976562
vn 0.865722656 0 -0.500976562
vn 0.865722656 0 -0.500976562
vn 0.865722656 0 -0.500976562
vn 0.668457031 0 -0.743652344
vn 0.668457031 0 -0.743652344
vn 0.406005859 0 -0.9140625
vn 0.406005859 0 -0.9140625
vn 0.10357666 0 -0.994628906
vn 0.10357666 0 -0.994628906
vn -0.208862305 0 -0.978027344
vn -0.208862305 0 -0.978027344
vn -0.208862305 0 -0.978027344
vn -0.208862305 0 -0.978027344
vn -0.500976562 0 -0.865722656
vn -0.500976562 0 -0.865722656
vn -0.743652344 0 -0.668457031
vn -0.743652344 0 -0.668457031
vn -0.9140625 0 -0.406005859
vn -0.9140625 0 -0.406005859
vn -0.994628906 0 -0.103637695
vn -0.994628906 0 -0.103637695
vn -0.978027344 0 0.208862305
vn -0.978027344 0 0.208862305
vn -0.978027344 0 0.208862305
vn -0.978027344 0 0.208862305
vn -0.865722656 0 0.500976562
vn -0.865722656 0 0.500976562
vn 0.369384766 0.904296875 -0.213745117
vn 0.369384766 0.904296875 -0.213745117
vn 0.417236328 0.904296875 -0.0891113281
vn 0.417236328 0.904296875 -0.0891113281
vn 0.424316406 0.904296875 0.0441894531
vn 0.424316406 0.904296875 0.0441894531
vn 0.389892578 0.904296875 0.173217773
vn 0.389892578 0.904296875 0.173217773
vn 0.317382812 0.904296875 0.28515625
vn 0.317382812 0.904296875 0.28515625
vn 0.213745117 0.904296875 0.369384766
vn 0.213745117 0.904296875 0.369384766
vn 0.0891113281 0.904296875 0.417236328
vn 0.0891113281 0.904296875 0.417236328
vn -0.0442199707 0.904296875 0.424316406
vn -0.0442199707 0.904296875 0.424316406
vn -0.173217773 0.904296875 0.389892578
vn -0.173217773 0.904296875 0.389892578
vn -0.28515625 0.904296875 0.317382812
vn -0.28515625 0.904296875 0.317382812
vn -0.369384766 0.904296875 0.213745117
vn -0.369384766 0.904296875 0.213745117
vn 0.28515625 0.904296875 -0.317382812
vn 0.369384766 0.904296875 -0.213745117
vn 0.369384766 0.904296875 -0.213745117
vn 0.28515625 0.904296875 -0.317382812
vn 0.173217773 0.904296875 -0.389892578
vn 0.173217773 0.904296875 -0.389892578
vn 0.0442199707 0.904296875 -0.424316406
vn 0.0442199707 0.904296875 -0.424316406
vn -0.0891113281 0.904296875 -0.417236328
vn -0.0891113281 0.904296875 -0.417236328
vn -0.213745117 0.904296875 -0.369384766
vn -0.213745117 0.904296875 -0.369384766
vn -0.317382812 0.904296875 -0.28515625
vn -0.317382812 0.904296875 -0.28515625
vn -0.213745117 0.904296875 -0.369384766
vn -0.213745117 0.904296875 -0.369384766
vn -0.389892578 0.904296875 -0.173217773
vn -0.317382812 0.904296875 -0.28515625
vn -0.317382812 0.904296875 -0.28515625
vn -0.389892578 0.904296875 -0.173217773
vn -0.424316406 0.904296875 -0.0442199707
vn -0.424316406 0.904296875 -0.0442199707
vn -0.417236328 0.904296875 0.0891113281
vn -0.417236328 0.904296875 0.0891113281
vn -0.369384766 0.904296875 0.213745117
vn -0.369384766 0.904296875 0.213745117
vn 0.500488281 0.0255889893 0.865234375
vn 0.500488281 0.0255889893 0.865234375
vn 0.208740234 0.0255889893 0.977539062
vn 0.208740234 0.0255889893 0.977539062
vn -0.10357666 0.0255889893 0.994140625
vn -0.10357666 0.0255889893 0.994140625
vn -0.405761719 0.0255889893 0.913574219
vn -0.405761719 0.0255889893 0.913574219
vn -0.668457031 0.0255889893 0.743652344
vn -0.668457031 0.0255889893 0.743652344
vn -0.865234375 0.0255889893 0.500488281
vn -0.865234375 0.0255889893 0.500488281
vn 0.743652344 0.0255889893 0.668457031
vn 0.500488281 0.0255889893 0.865234375
vn 0.500488281 0.0255889893 0.865234375
vn 0.743652344 0.0255889893 0.668457031
vn 0.913574219 0.0255889893 0.405761719
vn 0.913574219 0.0255889893 0.405761719
vn 0.994140625 0.0255889893 0.10357666
vn 0.994140625 0.0255889893 0.10357666
vn 0.977539062 0.0255889893 -0.208740234
vn 0.977539062 0.0255889893 -0.208740234
vn 0.865234375 0.0255889893 -0.500488281
vn 0.865234375 0.0255889893 -0.500488281
vn 0.668457031 0.0255889893 -0.743652344
vn 0.865234375 0.0255889893 -0.500488281
vn 0.865234375 0.0255889893 -0.500488281
vn 0.668457031 0.0255889893 -0.743652344
vn 0.405761719 0.0255889893 -0.913574219
vn 0.405761719 0.0255889893 -0.913574219
vn 0.10357666 0.0255889893 -0.994140625
vn 0.10357666 0.0255889893 -0.994140625
vn 0.10357666 0.0255889893 -0.994140625
vn 0.405761719 0.0255889893 -0.913574219
vn -0.208740234 0.0255889893 -0.977539062
vn -0.208740234 0.0255889893 -0.977539062
vn -0.500488281 0.0255889893 -0.865234375
vn -0.500488281 0.0255889893 -0.865234375
vn -0.743652344 0.0255889893 -0.668457031
vn -0.743652344 0.0255889893 -0.668457031
vn -0.913574219 0.0255889893 -0.405761719
vn -0.913574219 0.0255889893 -0.405761719
vn -0.994140625 0.0255889893 -0.10357666
vn -0.994140625 0.0255889893 -0.10357666
vn -0.977539062 0.0255889893 0.208740234
vn -0.977539062 0.0255889893 0.208740234
vn -0.865234375 0.0255889893 0.500488281
vn -0.865234375 0.0255889893 0.500488281
vn -0.189697266 0.975585938 0.109741211
vn -0.189697266 0.975585938 0.109741211
vn -0.214355469 0.975585938 0.0457763672
vn -0.214355469 0.975585938 0.0457763672
vn -0.218017578 0.975585938 -0.0227050781
vn -0.218017578 0.975585938 -0.0227050781
vn -0.200317383 0.975585938 -0.0889282227
vn -0.200317383 0.975585938 -0.0889282227
vn -0.162963867 0.975585938 -0.146484375
vn -0.162963867 0.975585938 -0.146484375
vn -0.109741211 0.975585938 -0.189697266
vn -0.109741211 0.975585938 -0.189697266
vn -0.0457763672 0.975585938 -0.214355469
vn -0.0457763672 0.975585938 -0.214355469
vn 0.0227050781 0.975585938 -0.218017578
vn 0.0227050781 0.975585938 -0.218017578
vn 0.0889282227 0.975585938 -0.200317383
vn 0.0889282227 0.975585938 -0.200317383
vn 0.146484375 0.975585938 -0.162963867
vn 0.146484375 0.975585938 -0.162963867
vn 0.189697266 0.975585938 -0.109741211
vn 0.189697266 0.975585938 -0.109741211
vn 0.214355469 0.975585938 -0.0457763672
vn 0.214355469 0.975585938 -0.0457763672
vn 0.218017578 0.975585938 0.0227050781
vn 0.218017578 0.975585938 0.0227050781
vn 0.200317383 0.975585938 0.0889282227
vn 0.200317383 0.975585938 0.0889282227
vn 0.162963867 0.975585938 0.146484375
vn 0.162963867 0.975585938 0.146484375
vn 0.109741211 0.975585938 0.189697266
vn 0.109741211 0.975585938 0.189697266
vn 0.0457763672 0.975585938 0.214355469
vn 0.0457763672 0.975585938 0.214355469
vn -0.0227050781 0.975585938 0.218017578
vn -0.0227050781 0.975585938 0.218017578
vn -0.0889282227 0.975585938 0.200317383
vn -0.0889282227 0.975585938 0.200317383
vn -0.146484375 0.975585938 0.162963867
vn -0.146484375 0.975585938 0.162963867
vn -0.189697266 0.975585938 0.109741211
vn -0.189697266 0.975585938 0.109741211
vn -0.404541016 0.0786132812 0.911132812
vn -0.404541016 0.0786132812 0.911132812
vn -0.666503906 0.0786132812 0.741699219
vn -0.103271484 0.0786132812 0.991699219
vn -0.103271484 0.0786132812 0.991699219
vn 0.208129883 0.0786132812 0.975097656
vn 0.208129883 0.0786132812 0.975097656
vn 0.499267578 0.0786132812 0.862792969
vn 0.499267578 0.0786132812 0.862792969
vn 0.741699219 0.0786132812 0.666503906
vn 0.741699219 0.0786132812 0.666503906
vn -0.404541016 0.0786132812 0.911132812
vn -0.666503906 0.0786132812 0.741699219
vn -0.666503906 0.0786132812 0.741699219
vn -0.862792969 0.0786743164 0.499267578
vn -0.862792969 0.0786743164 0.499267578
vn 0.911132812 0.0786132812 0.404541016
vn 0.741699219 0.0786132812 0.666503906
vn 0.741699219 0.0786132812 0.666503906
vn 0.911132812 0.0786132812 0.404541016
vn 0.991699219 0.0786132812 0.103271484
vn 0.991699219 0.0786132812 0.103271484
vn 0.975097656 0.0786132812 -0.208129883
vn 0.991699219 0.0786132812 0.103271484
vn 0.991699219 0.0786132812 0.103271484
vn 0.975097656 0.0786132812 -0.208129883
vn 0.862792969 0.0786743164 -0.499267578
vn 0.862792969 0.0786743164 -0.499267578
vn 0.666503906 0.0786132812 -0.741699219
vn 0.666503906 0.0786132812 -0.741699219
vn 0.404541016 0.0786132812 -0.911132812
vn 0.404541016 0.0786132812 -0.911132812
vn 0.103271484 0.0786132812 -0.991699219
vn 0.103271484 0.0786132812 -0.991699219
vn 0.103271484 0.0786132812 -0.991699219
vn 0.404541016 0.0786132812 -0.911132812
vn -0.208129883 0.0786132812 -0.975097656
vn -0.208129883 0.0786132812 -0.975097656
vn -0.499267578 0.0786132812 -0.862792969
vn -0.499267578 0.0786132812 -0.862792969
vn -0.741699219 0.0786132812 -0.666503906
vn -0.741699219 0.0786132812 -0.666503906
vn -0.911132812 0.0786132812 -0.404541016
vn -0.911132812 0.0786132812 -0.404541016
vn -0.991699219 0.0786132812 -0.103271484
vn -0.911132812 0.0786132812 -0.404541016
vn -0.911132812 0.0786132812 -0.404541016
vn -0.991699219 0.0786132812 -0.103271484
vn -0.975097656 0.0786132812 0.208129883
vn -0.975097656 0.0786132812 0.208129883
vn -0.862792969 0.0786743164 0.499267578
vn -0.862792969 0.0786743164 0.499267578
vn -0.369140625 -0.926269531 0.0787963867
vn -0.326660156 -0.926269531 0.188964844
vn -0.326660156 -0.926269531 0.188964844
vn -0.369140625 -0.926269531 0.0787963867
vn -0.375244141 -0.926269531 -0.0390930176
vn -0.375244141 -0.926269531 -0.0390930176
vn -0.344970703 -0.926269531 -0.153198242
vn -0.344970703 -0.926269531 -0.153198242
vn -0.280761719 -0.926269531 -0.252197266
vn -0.280761719 -0.926269531 -0.252197266
vn -0.188964844 -0.926269531 -0.326660156
vn -0.188964844 -0.926269531 -0.326660156
vn -0.0787963867 -0.926269531 -0.369140625
vn -0.0787963867 -0.926269531 -0.369140625
vn 0.0390930176 -0.926269531 -0.375244141
vn 0.0390930176 -0.926269531 -0.375244141
vn 0.153198242 -0.926269531 -0.344970703
vn 0.153198242 -0.926269531 -0.344970703
vn 0.252197266 -0.926269531 -0.280761719
vn 0.252197266 -0.926269531 -0.280761719
vn 0.326660156 -0.926269531 -0.188964844
vn 0.326660156 -0.926269531 -0.188964844
vn 0.369140625 -0.926269531 -0.0787963867
vn 0.369140625 -0.926269531 -0.0787963867
vn 0.375244141 -0.926269531 0.0390930176
vn 0.375244141 -0.926269531 0.0390930176
vn 0.344970703 -0.926269531 0.153198242
vn 0.344970703 -0.926269531 0.153198242
vn 0.280761719 -0.926269531 0.252197266
vn 0.280761719 -0.926269531 0.252197266
vn 0.188964844 -0.926269531 0.326660156
vn 0.188964844 -0.926269531 0.326660156
vn 0.0787963867 -0.926269531 0.369140625
vn 0.0787963867 -0.926269531 0.369140625
vn -0.0390930176 -0.926269531 0.375244141
vn -0.0390930176 -0.926269531 0.375244141
vn -0.153198242 -0.926269531 0.344970703
vn -0.153198242 -0.926269531 0.344970703
vn -0.252197266 -0.926269531 0.280761719
vn -0.252197266 -0.926269531 0.280761719
vn -0.326660156 -0.926269531 0.188964844
vn -0.326660156 -0.926269531 0.188964844
vn -0.10357666 -1.90734863E-06 0.994628906
vn 0.208862305 -7.74860382E-07 0.978027344
vn 0.208862305 -7.74860382E-07 0.978027344
vn -0.10357666 -1.90734863E-06 0.994628906
vn -0.405761719 -1.13248825E-06 0.9140625
vn -0.405761719 -1.13248825E-06 0.9140625
vn -0.668457031 0 0.743652344
vn -0.668457031 0 0.743652344
vn -0.865722656 0 0.500976562
vn -0.865722656 0 0.500976562
vn 0.208862305 -7.74860382E-07 0.978027344
vn 0.208862305 -7.74860382E-07 0.978027344
vn 0.500976562 0 0.865722656
vn 0.500976562 0 0.865722656
vn 0.743652344 0 0.668457031
vn 0.743652344 0 0.668457031
vn 0.9140625 0 0.406005859
vn 0.9140625 0 0.406005859
vn 0.994628906 0 0.10357666
vn 0.994628906 0 0.10357666
vn 0.994628906 0 0.10357666
vn 0.994628906 0 0.10357666
vn 0.978027344 0 -0.208862305
vn 0.978027344 0 -0.208862305
vn 0.865722656 0 -0.500976562
vn 0.865722656 0 -0.500976562
vn 0.668457031 0 -0.743652344
vn 0.668457031 0 -0.743652344
vn 0.406005859 0 -0.9140625
vn 0.406005859 0 -0.9140625
vn 0.406005859 0 -0.9140625
vn 0.406005859 0 -0.9140625
vn 0.10357666 0 -0.994628906
vn 0.10357666 0 -0.994628906
vn -0.208862305 0 -0.978027344
vn -0.208862305 0 -0.978027344
vn -0.500976562 0 -0.865722656
vn -0.500976562 0 -0.865722656
vn -0.743652344 0 -0.668457031
vn -0.743652344 0 -0.668457031
vn -0.743652344 0 -0.668457031
vn -0.743652344 0 -0.668457031
vn -0.9140625 0 -0.406005859
vn -0.9140625 0 -0.406005859
vn -0.994628906 0 -0.103637695
vn -0.994628906 0 -0.103637695
vn -0.978027344 0 0.208862305
vn -0.978027344 0 0.208862305
vn -0.978027344 0 0.208862305
vn -0.978027344 0 0.208862305
vn -0.865722656 0 0.500976562
vn -0.865722656 0 0.500976562
vn -0.142089844 -0.986328125 0.0822143555
vn -0.142089844 -0.986328125 0.0822143555
vn -0.109741211 -0.986328125 0.122131348
vn -0.109741211 -0.986328125 0.122131348
vn -0.0666503906 -0.986328125 0.150024414
vn -0.0666503906 -0.986328125 0.150024414
vn -0.0170135498 -0.986328125 0.163330078
vn -0.0170135498 -0.986328125 0.163330078
vn 0.0342712402 -0.986328125 0.160522461
vn 0.0342712402 -0.986328125 0.160522461
vn 0.0822143555 -0.986328125 0.142089844
vn 0.0822143555 -0.986328125 0.142089844
vn 0.122131348 -0.986328125 0.109741211
vn 0.122131348 -0.986328125 0.109741211
vn 0.150024414 -0.986328125 0.0666503906
vn 0.150024414 -0.986328125 0.0666503906
vn 0.163330078 -0.986328125 0.0170135498
vn 0.163330078 -0.986328125 0.0170135498
vn 0.160522461 -0.986328125 -0.0342712402
vn 0.160522461 -0.986328125 -0.0342712402
vn 0.142089844 -0.986328125 -0.0822143555
vn 0.142089844 -0.986328125 -0.0822143555
vn 0.109741211 -0.986328125 -0.122131348
vn 0.109741211 -0.986328125 -0.122131348
vn 0.0666503906 -0.986328125 -0.150024414
vn 0.0666503906 -0.986328125 -0.150024414
vn 0.0170135498 -0.986328125 -0.163330078
vn 0.0170135498 -0.986328125 -0.163330078
vn -0.0342712402 -0.986328125 -0.160522461
vn -0.0342712402 -0.986328125 -0.160522461
vn -0.0822143555 -0.986328125 -0.142089844
vn -0.0822143555 -0.986328125 -0.142089844
vn -0.122131348 -0.986328125 -0.109741211
vn -0.122131348 -0.986328125 -0.109741211
vn -0.150024414 -0.986328125 -0.0666503906
vn -0.150024414 -0.986328125 -0.0666503906
vn -0.163330078 -0.986328125 -0.0170135498
vn -0.163330078 -0.986328125 -0.0170135498
vn -0.160522461 -0.986328125 0.0342712402
vn -0.160522461 -0.986328125 0.0342712402
vn -0.142089844 -0.986328125 0.0822143555
vn -0.142089844 -0.986328125 0.0822143555
vn 0.668457031 0 -0.743652344
vn 0.668457031 0 -0.743652344
vn 0.406005859 0 -0.9140625
vn 0.406005859 0 -0.9140625
vn 0.10357666 0 -0.994628906
vn 0.10357666 0 -0.994628906
vn -0.208862305 0 -0.978027344
vn -0.208862305 0 -0.978027344
vn -0.500976562 0 -0.865722656
vn -0.500976562 0 -0.865722656
vn -0.743652344 0 -0.668457031
vn 0.865722656 0 -0.500976562
vn 0.668457031 0 -0.743652344
vn 0.668457031 0 -0.743652344
vn 0.865722656 0 -0.500976562
vn 0.978027344 0 -0.208862305
vn 0.978027344 0 -0.208862305
vn 0.994628906 0 0.10357666
vn 0.994628906 0 0.10357666
vn 0.9140625 0 0.406005859
vn 0.9140625 0 0.406005859
vn 0.743652344 0 0.668457031
vn 0.743652344 0 0.668457031
vn 0.500976562 0 0.865722656
vn 0.743652344 0 0.668457031
vn 0.743652344 0 0.668457031
vn 0.500976562 0 0.865722656
vn 0.208862305 0 0.978027344
vn 0.208862305 0 0.978027344
vn -0.10357666 -7.15255737E-07 0.994628906
vn -0.10357666 -7.15255737E-07 0.994628906
vn -0.406005859 -1.54972076E-06 0.9140625
vn -0.406005859 -1.54972076E-06 0.9140625
vn -0.668457031 -8.34465027E-07 0.743652344
vn -0.668457031 -8.34465027E-07 0.743652344
vn -0.865722656 0 0.500976562
vn -0.865722656 0 0.500976562
vn -0.978027344 -8.34465027E-07 0.208862305
vn -0.865722656 0 0.500976562
vn -0.865722656 0 0.500976562
vn -0.978027344 -8.34465027E-07 0.208862305
vn -0.994628906 -1.54972076E-06 -0.103637695
vn -0.994628906 -1.54972076E-06 -0.103637695
vn -0.9140625 -7.15255737E-07 -0.406005859
vn -0.9140625 -7.15255737E-07 -0.406005859
vn -0.743652344 0 -0.668457031
vn -0.743652344 0 -0.668457031
vn -0.500976562 0 -0.865722656
vn -0.208862305 0 -0.978027344
vn -0.500976562 0 -0.865722656
vn -0.500976562 0 -0.865722656
vn -0.208862305 0 -0.978027344
vn 0.10357666 0 -0.994628906
vn 0.10357666 0 -0.994628906
vn 0.406005859 0 -0.9140625
vn 0.406005859 0 -0.9140625
vn 0.668457031 0 -0.743652344
vn 0.406005859 0 -0.9140625
vn 0.406005859 0 -0.9140625
vn 0.668457031 0 -0.743652344
vn 0.865722656 0 -0.500976562
vn 0.865722656 0 -0.500976562
vn 0.978027344 0 -0.208862305
vn 0.978027344 0 -0.208862305
vn 0.994628906 0 0.10357666
vn 0.994628906 0 0.10357666
vn 0.9140625 0 0.406005859
vn 0.9140625 0 0.406005859
vn 0.743652344 0 0.668457031
vn 0.9140625 0 0.406005859
vn 0.9140625 0 0.406005859
vn 0.743652344 0 0.668457031
vn 0.500976562 0 0.865722656
vn 0.500976562 0 0.865722656
vn 0.208862305 0 0.978027344
vn 0.208862305 0 0.978027344
vn -0.103637695 0 0.994628906
vn -0.103637695 0 0.994628906
vn -0.405761719 0 0.9140625
vn -0.103637695 0 0.994628906
vn -0.103637695 0 0.994628906
vn -0.405761719 0 0.9140625
vn -0.668457031 0 0.743652344
vn -0.668457031 0 0.743652344
vn -0.865722656 0 0.500976562
vn -0.865722656 0 0.500976562
vn -0.978027344 0 0.208862305
vn -0.865722656 0 0.500976562
vn -0.865722656 0 0.500976562
vn -0.978027344 0 0.208862305
vn -0.994628906 0 -0.103637695
vn -0.994628906 0 -0.103637695
vn -0.9140625 0 -0.405761719
vn -0.9140625 0 -0.405761719
vn -0.743652344 0 -0.668457031
vn -0.743652344 0 -0.668457031
vn -0.500976562 0 -0.865722656
vn -0.500976562 0 -0.865722656
vn -0.217163086 0.967773438 0.125610352
vn -0.217163086 0.967773438 0.125610352
vn -0.167724609 0.967773438 0.186645508
vn -0.167724609 0.967773438 0.186645508
vn -0.101867676 0.967773438 0.229370117
vn -0.101867676 0.967773438 0.229370117
vn -0.0260009766 0.967773438 0.249633789
vn -0.0260009766 0.967773438 0.249633789
vn 0.0523986816 0.967773438 0.245361328
vn 0.0523986816 0.967773438 0.245361328
vn 0.125610352 0.967773438 0.217163086
vn 0.125610352 0.967773438 0.217163086
vn 0.186645508 0.967773438 0.167724609
vn 0.186645508 0.967773438 0.167724609
vn 0.229370117 0.967773438 0.101867676
vn 0.229370117 0.967773438 0.101867676
vn 0.249633789 0.967773438 0.0260009766
vn 0.249633789 0.967773438 0.0260009766
vn 0.245361328 0.967773438 -0.0523986816
vn 0.245361328 0.967773438 -0.0523986816
vn 0.217163086 0.967773438 -0.125610352
vn 0.217163086 0.967773438 -0.125610352
vn 0.167724609 0.967773438 -0.186645508
vn 0.167724609 0.967773438 -0.186645508
vn 0.101867676 0.967773438 -0.229370117
vn 0.101867676 0.967773438 -0.229370117
vn 0.0260009766 0.967773438 -0.249633789
vn 0.0260009766 0.967773438 -0.249633789
vn -0.0523986816 0.967773438 -0.245361328
vn -0.0523986816 0.967773438 -0.245361328
vn -0.125610352 0.967773438 -0.217163086
vn -0.125610352 0.967773438 -0.217163086
vn -0.186645508 0.967773438 -0.167724609
vn -0.186645508 0.967773438 -0.167724609
vn -0.229370117 0.967773438 -0.101867676
vn -0.229370117 0.967773438 -0.101867676
vn -0.249511719 0.967773438 -0.0260009766
vn -0.249511719 0.967773438 -0.0260009766
vn -0.245361328 0.967773438 0.0523986816
vn -0.245361328 0.967773438 0.0523986816
vn -0.217163086 0.967773438 0.125610352
vn -0.217163086 0.967773438 0.125610352
vn -0 1 0
vn -0 1 0
vn -0 1 0
vn -0 1 0
vn -0 1 0
vn -0 1 0
vn -0 1 0
vn -0 1 0
vn -0 1 0
vn -0 1 0
vn -0 1 0
vn -0 1 0
vn -0 1 0
vn -0 1 0
vn -0 1 0
vn -0 1 0
vn -0 1 0
vn -0 1 0
vn -0 1 0
vn -0 1 0
vn -0 1 0
vn -0.0109024048 -1 0.00630569458
vn -0 -1 -0
vn -0.0123138428 -1 0.00262832642
vn -0.00841522217 -1 0.00936889648
vn -0.0125274658 -1 -0.00130462646
vn -0.00511169434 -1 0.011505127
vn -0.011505127 -1 -0.00511169434
vn -0.00130462646 -1 0.0125274658
vn -0.00936889648 -1 -0.00841522217
vn 0.00263023376 -1 0.0123138428
vn -0.00630569458 -1 -0.0109024048
vn 0.00630569458 -1 0.0109024048
vn -0.00263023376 -1 -0.0123138428
vn 0.00936889648 -1 0.00841522217
vn 0.00130462646 -1 -0.0125274658
vn 0.011505127 -1 0.00511169434
vn 0.00511169434 -1 -0.011505127
vn 0.0125274658 -1 0.00130367279
vn 0.00841522217 -1 -0.00936889648
vn 0.0123138428 -1 -0.00263023376
vn 0.0109024048 -1 -0.00630569458
vn -0.33203125 -0.748046875 -0.575195312
vn -0.956054688 -0.293212891 4.05311584E-06
vn -0.6640625 -0.748046875 -6.31809235E-06
vn -0.478027344 -0.293212891 -0.828125
vn -1 0 0
vn -0.5 0 -0.866210938
vn -0.33203125 -0.748046875 0.574707031
vn 0.478027344 -0.293212891 0.828125
vn 0.33203125 -0.748046875 0.574707031
vn -0.478027344 -0.293212891 0.828125
vn -0.6640625 -0.748046875 -6.31809235E-06
vn 0.5 0 0.866210938
vn -0.956054688 -0.293212891 4.05311584E-06
vn -0.5 0 0.866210938
vn -1 0 0
vn 0.33203125 -0.748046875 0.574707031
vn 0.956054688 -0.293212891 4.11272049E-06
vn 0.6640625 -0.748046875 -6.2584877E-06
vn 0.478027344 -0.293212891 0.828125
vn 1 0 0
vn 0.5 0 0.866210938
vn 0.6640625 -0.748046875 -6.2584877E-06
vn 0.956054688 -0.293212891 4.11272049E-06
vn 0.478027344 -0.293212891 -0.828125
vn 0.33203125 -0.747558594 -0.575195312
vn -0.478027344 -0.293212891 -0.828125
vn -0.33203125 -0.748046875 -0.575195312
vn -4.47034836E-06 -1 -5.42402267E-06
vn 0.33203125 -0.748046875 0.574707031
vn -0.6640625 -0.748046875 -6.31809235E-06
vn -0.33203125 -0.748046875 0.574707031
vn 0.478027344 -0.293212891 -0.828125
vn 0.5 0 -0.866210938
vn -0.5 0 -0.866210938
vn -0.478027344 -0.293212891 -0.828125
vn 0.956054688 -0.293212891 4.11272049E-06
vn 1 0 0
vn 0.5 0 -0.866210938
vn 0.478027344 -0.293212891 -0.828125
vn -0 0 1
vn -0 0 1
vn -0 0 1
vn -0 0 1
vn -0 1 0
vn -0 1 0
vn -0 0 -1
vn -0 0 -1
vn -0 1 0
vn -0 1 0
vn -0 0 -1
vn -0 0 -1
vn -0 -1 0
vn -0 -1 0
vn -0 -1 0
vn -0 -1 0
vn 1 0 0
vn 1 0 0
vn 1 0 0
vn 1 0 0
vn -1 0 0
vn -1 0 0
vn -1 0 0
vn -1 0 0
vn 0.000786304474 0.951171875 -0.309082031
vn 0.000786304474 0.951171875 -0.309082031
vn 0.000786304474 0.951171875 0.309082031
vn 0.000786304474 0.951171875 0.309082031
vn 0.000485897064 0.587890625 0.809082031
vn 0.000485897064 0.587890625 0.809082031
vn -1.1920929E-07 -0.000162601471 1
vn 5.96046448E-08 0.000162601471 1
vn 0.000486135483 0.587890625 -0.809082031
vn 0.000786304474 0.951171875 -0.309082031
vn 0.000786304474 0.951171875 -0.309082031
vn 0.000485897064 0.587890625 -0.809082031
vn 2.98023224E-07 0.00016272068 -1
vn 1.1920929E-07 -0.000162601471 -1
vn -0.000485658646 -0.587890625 -0.809082031
vn 1.1920929E-07 -0.000162601471 -1
vn 2.98023224E-07 0.00016272068 -1
vn -0.000485658646 -0.587890625 -0.809082031
vn -0.000786304474 -0.951171875 -0.309082031
vn -0.000786304474 -0.951171875 -0.309082031
vn -0.000786304474 -0.951171875 0.309082031
vn -0.000786304474 -0.951171875 0.309082031
vn -0.000485658646 -0.587890625 0.809082031
vn -0.000786304474 -0.951171875 0.309082031
vn -0.000786304474 -0.951171875 0.309082031
vn -0.000485897064 -0.587890625 0.809082031
vn 5.96046448E-08 0.000162601471 1
vn -1.1920929E-07 -0.000162601471 1
vn 0.000785827637 0.951171875 -0.309082031
vn 0.000785827637 0.951171875 -0.309082031
vn 0.000785827637 0.951171875 0.309082031
vn 0.000785827637 0.951171875 0.309082031
vn 0.000485658646 0.587890625 0.809082031
vn 0.000485658646 0.587890625 0.809082031
vn -2.38418579E-07 -0.000162482262 1
vn 0 0.000162482262 1
vn 0.000485897064 0.587890625 -0.809082031
vn 0.000785827637 0.951171875 -0.309082031
vn 0.000785827637 0.951171875 -0.309082031
vn 0.000485658646 0.587890625 -0.809082031
vn 2.38418579E-07 0.000162482262 -1
vn -0 -0.000162482262 -1
vn -0.000485658646 -0.587890625 -0.809082031
vn -0 -0.000162482262 -1
vn 2.38418579E-07 0.000162482262 -1
vn -0.000485658646 -0.587890625 -0.809082031
vn -0.000785827637 -0.951171875 -0.309082031
vn -0.000785827637 -0.951171875 -0.309082031
vn -0.000785827637 -0.951171875 0.309082031
vn -0.000785827637 -0.951171875 0.309082031
vn -0.000485658646 -0.587890625 0.809082031
vn -0.000785827637 -0.951171875 0.309082031
vn -0.000785827637 -0.951171875 0.309082031
vn -0.000485897064 -0.587890625 0.809082031
vn 0 0.000162482262 1
vn -2.38418579E-07 -0.000162482262 1
vn 0.000786304474 0.951171875 -0.309082031
vn 0.000786304474 0.951171875 -0.309082031
vn 0.000786304474 0.951171875 0.309082031
vn 0.000786304474 0.951171875 0.309082031
vn 0.000485658646 0.587890625 0.809082031
vn 0.000485658646 0.587890625 0.809082031
vn 0 0.000162601471 1
vn -2.38418579E-07 -0.00016272068 1
vn 0.000485897064 0.587890625 -0.809082031
vn 0.000786304474 0.951171875 -0.309082031
vn 0.000786304474 0.951171875 -0.309082031
vn 0.000485658646 0.587890625 -0.809082031
vn 2.38418579E-07 0.000162601471 -1
vn -0 -0.000162601471 -1
vn -0.000485658646 -0.587890625 -0.809082031
vn -0 -0.000162601471 -1
vn 2.38418579E-07 0.000162601471 -1
vn -0.000485658646 -0.587890625 -0.809082031
vn -0.000786304474 -0.951171875 -0.309082031
vn -0.000786304474 -0.951171875 -0.309082031
vn -0.000786304474 -0.951171875 0.309082031
vn -0.000786304474 -0.951171875 0.309082031
vn -0.000485658646 -0.587890625 0.809082031
vn -0.000786304474 -0.951171875 0.309082031
vn -0.000786304474 -0.951171875 0.309082031
vn -0.000485897064 -0.587890625 0.809082031
vn 0 0.000162601471 1
vn -2.38418579E-07 -0.00016272068 1
vn 0.000785827637 0.951171875 -0.309082031
vn 0.000785827637 0.951171875 -0.309082031
vn 0.000785827637 0.951171875 0.309082031
vn 0.000785827637 0.951171875 0.309082031
vn 0.000485658646 0.587890625 0.809082031
vn 0.000485658646 0.587890625 0.809082031
vn -2.38418579E-07 -0.000162482262 1
vn 0 0.000162482262 1
vn 0.000485897064 0.587890625 -0.809082031
vn 0.000785827637 0.951171875 -0.309082031
vn 0.000785827637 0.951171875 -0.309082031
vn 0.000485658646 0.587890625 -0.809082031
vn 2.38418579E-07 0.000162482262 -1
vn -0 -0.000162482262 -1
vn -0.000485658646 -0.587890625 -0.809082031
vn -0 -0.000162482262 -1
vn 2.38418579E-07 0.000162482262 -1
vn -0.000485658646 -0.587890625 -0.809082031
vn -0.000785827637 -0.951171875 -0.309082031
vn -0.000785827637 -0.951171875 -0.309082031
vn -0.000785827637 -0.951171875 0.309082031
vn -0.000785827637 -0.951171875 0.309082031
vn -0.000485658646 -0.587890625 0.809082031
vn -0.000785827637 -0.951171875 0.309082031
vn -0.000785827637 -0.951171875 0.309082031
vn -0.000485897064 -0.587890625 0.809082031
vn 0 0.000162482262 1
vn -2.38418579E-07 -0.000162482262 1
vn 0.0453491211 0.950683594 -0.306396484
vn 0.0129013062 0.951171875 -0.308105469
vn 0.00799560547 0.589355469 -0.807617188
vn 0.028427124 0.592285156 -0.805175781
vn 0.0273590088 0.950195312 -0.310546875
vn 3.62992287E-05 0.00266838074 -1
vn 0.0166320801 0.583984375 -0.811523438
vn 0.000565052032 0.00736999512 -1
vn -0.000387430191 -0.00561904907 -1
vn 0.000565052032 0.00736999512 -1
vn 3.62992287E-05 0.00266838074 -1
vn -0.0079498291 -0.5859375 -0.810058594
vn -0.0278320312 -0.582519531 -0.812011719
vn -0.000387430191 -0.00561904907 -1
vn -0.0128936768 -0.950683594 -0.309814453
vn -0.0169830322 -0.591308594 -0.806152344
vn -0.0456237793 -0.94921875 -0.310791016
vn -0.0128936768 -0.950683594 0.309814453
vn -0.0270233154 -0.951171875 -0.307128906
vn -0.0456237793 -0.94921875 0.310791016
vn -0.0270233154 -0.951171875 0.307128906
vn -0.0456237793 -0.94921875 0.310791016
vn -0.0128936768 -0.950683594 0.309814453
vn -0.0079498291 -0.5859375 0.810058594
vn -0.0278320312 -0.582519531 0.812011719
vn -0.0270233154 -0.951171875 0.307128906
vn 3.60608101E-05 0.00266838074 1
vn -0.0169830322 -0.591308594 0.806152344
vn 0.000565052032 0.00736999512 1
vn -0.00038766861 -0.00561904907 1
vn 0.000565052032 0.00736999512 1
vn 3.60608101E-05 0.00266838074 1
vn 0.00799560547 0.589355469 0.807617188
vn 0.028427124 0.592285156 0.805175781
vn -0.00038766861 -0.00561904907 1
vn 0.0129013062 0.951171875 0.308105469
vn 0.0166320801 0.583984375 0.811523438
vn 0.0453491211 0.950683594 0.306396484
vn 0.0129013062 0.951171875 -0.308105469
vn 0.0273590088 0.950195312 0.310546875
vn 0.0453491211 0.950683594 -0.306396484
vn 0.0273590088 0.950195312 -0.310546875
vn -5.96046448E-08 0.951171875 0.309082031
vn 0.0273590088 0.950195312 -0.310546875
vn 5.96046448E-08 0.951171875 -0.309082031
vn 0.0273590088 0.950195312 0.310546875
vn -1.1920929E-07 0.587890625 0.809082031
vn 0.0166320801 0.583984375 0.811523438
vn -1.1920929E-07 0 1
vn -0.00038766861 -0.00561904907 1
vn 5.96046448E-08 0.951171875 -0.309082031
vn 0.0273590088 0.950195312 -0.310546875
vn 0.0166320801 0.583984375 -0.811523438
vn 1.1920929E-07 0.587890625 -0.809082031
vn -0.000387430191 -0.00561904907 -1
vn 1.1920929E-07 0 -1
vn 1.1920929E-07 0 -1
vn -0.000387430191 -0.00561904907 -1
vn -0.0169830322 -0.591308594 -0.806152344
vn 1.1920929E-07 -0.587890625 -0.809082031
vn -0.0270233154 -0.951171875 -0.307128906
vn 5.96046448E-08 -0.951171875 -0.309082031
vn -0.0270233154 -0.951171875 0.307128906
vn -5.96046448E-08 -0.951171875 0.309082031
vn -5.96046448E-08 -0.951171875 0.309082031
vn -0.0270233154 -0.951171875 0.307128906
vn -0.0169830322 -0.591308594 0.806152344
vn -1.1920929E-07 -0.587890625 0.809082031
vn -0.00038766861 -0.00561904907 1
vn -1.1920929E-07 0 1
vn -5.96046448E-08 0.951171875 0.309082031
vn 5.96046448E-08 0.951171875 -0.309082031
vn 5.96046448E-08 0.951171875 -0.309082031
vn -5.96046448E-08 0.951171875 0.309082031
vn -1.1920929E-07 0.587890625 0.809082031
vn -1.1920929E-07 0.587890625 0.809082031
vn -1.1920929E-07 0 1
vn -1.1920929E-07 0 1
vn 5.96046448E-08 0.951171875 -0.309082031
vn 5.96046448E-08 0.951171875 -0.309082031
vn 1.1920929E-07 0.587890625 -0.809082031
vn 1.1920929E-07 0.587890625 -0.809082031
vn 1.1920929E-07 0 -1
vn 1.1920929E-07 0 -1
vn 1.1920929E-07 0 -1
vn 1.1920929E-07 0 -1
vn 1.1920929E-07 -0.587890625 -0.809082031
vn 1.1920929E-07 -0.587890625 -0.809082031
vn 5.96046448E-08 -0.951171875 -0.309082031
vn 5.96046448E-08 -0.951171875 -0.309082031
vn -5.96046448E-08 -0.951171875 0.309082031
vn -5.96046448E-08 -0.951171875 0.309082031
vn -5.96046448E-08 -0.951171875 0.309082031
vn -5.96046448E-08 -0.951171875 0.309082031
vn -1.1920929E-07 -0.587890625 0.809082031
vn -1.1920929E-07 -0.587890625 0.809082031
vn -1.1920929E-07 0 1
vn -1.1920929E-07 0 1
vn -0 -1 0
vn -0 -1 0
vn -0 -1 0
vn -0 -1 0
vn -0 -1 0
vn -0 -1 0
vn -0 -1 0
vn -0 -1 0
vn -0 -1 0
vn -0 -1 0
vn -0 -1 0
vn -0 -1 0
vn -0 -1 0
vn -0 -1 0
vn -0 -1 0
vn -0 -1 0
vn -0 -1 0
vn -0 -1 0
vn -0 -1 0
vn -0 -1 0
vn -0 -1 0
vn -0 -1 0
vn -0 -1 0
vn -0 -1 0
vn -0 -1 0
vn -0 -1 0
vn -0 -1 0
vn -0 -1 0
vn -0 -1 0
vn -0 -1 0
vn -0 -1 0
vn -0 -1 0
vn -0 -1 0
vn -0 -1 0
vn -0 -1 0
vn -0 -1 0
vn -0 -1 0
vn -0 -1 0
vn -0 -1 0
vn -0 -1 0
vn -0 -1 0
vn -0 -1 0
vn -0 -1 0
vn -0 -1 0
vn -0 -1 0
vn -0 -1 0
vn -0 -1 0
vn -0 -1 0
vn -0 -1 0
vn -0 -1 0
vn -0 -1 0
vn -0 -1 0
vn -0 -1 0
vn -0 -1 0
vn -0 -1 0
vn -0 -1 0
vn -0 -1 0
vn -0 -1 0
vn -0 -1 0
vn -0 -1 0
vn -0 -1 0
vn -0 -1 0
vn -0 -1 0
vn -0 -1 0
vn -0 -1 0
vn -0 -1 0
vn -0 -1 0
vn -0 -1 0
vn -0 -1 0
vn -0 -1 0
vn -0 -1 0
vn -0 -1 0
vn -0 -1 0
vn -0 -1 0
vn -0 -1 0
vn -0 -1 0
vn -0 -1 0
vn -0 -1 0
vn -0 -1 0
vn -0 -1 0
vn -0 -1 0
vn -0 -1 0
vn -0 -1 0
vn -0 -1 0
vn -0 -1 0
vn -0 -1 0
vn -0 -1 0
vn -0 -1 0
vn -0 -1 0
vn -0 -1 0
vn -0 -1 0
vn -0 -1 0
vn -0 -1 0
vn -0 -1 0
vn -0 -1 0
vn -0 -1 0
vn -0 -1 0
vn -0 -1 0
vn -0 -1 0
vn -0 -1 0
vn -0 -1 0
vn -0 -1 0
vn -0 -1 0
vn -0 -1 0
vn -0 -1 0
vn -0 -1 0
vn -0 -1 0
vn -0 -1 0
vn -0 -1 0
vn -0 -1 0
vn -0 -1 0
vn -0 -1 0
vn -0 -1 0
vn -0 -1 0
vn -0 -1 0
vn -0 -1 0
vn -0 -1 0
vn -0 -1 0
vn -0 -1 0
vn -0 -1 0
vn -0 -1 0
vn -0 -1 0
vn -0 -1 0
vn -0 -1 0
vn -0 -1 0
vn -0 -1 0
vn -0 -1 0
vn -0 -1 0
vn -5.96046448E-07 -1 0
vn -0 -1 0
vn -0 -1 0
vn -5.36441803E-07 -1 0
vn -8.94069672E-07 -1 0
vn -8.94069672E-07 -1 0
vn -0 -1 0
vn -0 -1 0
vn -0 -1 0
vn -0 -1 0
vn -0 -1 0
vn -0 -1 0
vn -0 -1 0
vn -0 -1 0
vn -0 -1 0
vn -0 -1 0
vn -0 -1 0
vn -0 -1 0
vn -0 -1 0
vn -0 -1 0
vn -0 -1 0
vn -0 -1 0
vn -0 -1 0
vn -0 -1 0
vn -0 -1 0
vn -0 -1 0
vn -0 -1 0
vn -0 -1 0
vn -0 -1 0
vn -0 -1 0
vn -0 -1 0
vn -0 -1 0
vn -0 -1 0
vn -0 -1 0
vn -0 -1 0
vn -0 -1 0
vn -0 -1 0
vn -0 -1 0
vn -0 -1 0
vn -0 -1 0
vn -0 -1 0
vn -0 -1 0
vn -0 1 0
vn -0 1 0
vn -0 1 0
vn -0 1 0
vn -0 -1 0
vn -0 -1 0
vn -0 -1 0
vn -0 -1 0
vn -0 0 1
vn -0 1 0
vn -0 0 1
vn -0 0 1
vn 1 0 0
vn -0 1 0
vn -0 1 0
vn 1 0 0
vn -0 0 -1
vn -0 0 -1
vn -0 1 0
vn -0 0 -1
vn -1 0 0
vn -0 1 0
vn -0 1 0
vn -1 0 0
vn -0 1 0
vn -0 1 0
vn -0 1 0
vn -0 1 0
vn -0 0 -1
vn -0 1 0
vn -0 0 -1
vn -0 0 -1
vn -0 -1 0
vn -0 -1 0
vn -0 -1 0
vn -0 -1 0
vn -0 0 1
vn -0 1 0
vn -0 0 1
vn -0 0 1
g Combined Mesh (root: scene) 22_0
f 3/3/3 2/2/2 1/1/1
f 6/6/6 5/5/5 4/4/4
f 9/9/9 8/8/8 7/7/7
f 12/12/12 11/11/11 10/10/10
f 15/15/15 14/14/14 13/13/13
f 16/16/16 15/15/15 13/13/13
f 19/19/19 18/18/18 17/17/17
f 20/20/20 19/19/19 17/17/17
f 23/23/23 22/22/22 21/21/21
f 24/24/24 23/23/23 21/21/21
f 27/27/27 26/26/26 25/25/25
f 28/28/28 27/27/27 25/25/25
f 31/31/31 30/30/30 29/29/29
f 32/32/32 31/31/31 29/29/29
f 35/35/35 34/34/34 33/33/33
f 36/36/36 35/35/35 33/33/33
f 39/39/39 38/38/38 37/37/37
f 40/40/40 39/39/39 37/37/37
f 43/43/43 42/42/42 41/41/41
f 44/44/44 43/43/43 41/41/41
f 47/47/47 46/46/46 45/45/45
f 48/48/48 47/47/47 45/45/45
f 51/51/51 50/50/50 49/49/49
f 52/52/52 51/51/51 49/49/49
f 55/55/55 54/54/54 53/53/53
f 56/56/56 55/55/55 53/53/53
f 59/59/59 58/58/58 57/57/57
f 60/60/60 59/59/59 57/57/57
f 63/63/63 62/62/62 61/61/61
f 64/64/64 63/63/63 61/61/61
f 67/67/67 66/66/66 65/65/65
f 68/68/68 67/67/67 65/65/65
f 71/71/71 70/70/70 69/69/69
f 72/72/72 71/71/71 69/69/69
f 75/75/75 74/74/74 73/73/73
f 76/76/76 75/75/75 73/73/73
f 79/79/79 78/78/78 77/77/77
f 80/80/80 79/79/79 77/77/77
f 83/83/83 82/82/82 81/81/81
f 84/84/84 83/83/83 81/81/81
f 87/87/87 86/86/86 85/85/85
f 88/88/88 87/87/87 85/85/85
f 91/91/91 90/90/90 89/89/89
f 92/92/92 91/91/91 89/89/89
f 95/95/95 94/94/94 93/93/93
f 96/96/96 95/95/95 93/93/93
f 99/99/99 98/98/98 97/97/97
f 100/100/100 99/99/99 97/97/97
f 103/103/103 102/102/102 101/101/101
f 104/104/104 103/103/103 101/101/101
f 107/107/107 106/106/106 105/105/105
f 108/108/108 107/107/107 105/105/105
f 111/111/111 110/110/110 109/109/109
f 112/112/112 111/111/111 109/109/109
f 115/115/115 114/114/114 113/113/113
f 116/116/116 115/115/115 113/113/113
f 119/119/119 118/118/118 117/117/117
f 120/120/120 119/119/119 117/117/117
f 123/123/123 122/122/122 121/121/121
f 124/124/124 123/123/123 121/121/121
f 127/127/127 126/126/126 125/125/125
f 128/128/128 127/127/127 125/125/125
f 131/131/131 130/130/130 129/129/129
f 132/132/132 131/131/131 129/129/129
f 135/135/135 134/134/134 133/133/133
f 136/136/136 135/135/135 133/133/133
f 139/139/139 138/138/138 137/137/137
f 140/140/140 139/139/139 137/137/137
f 143/143/143 142/142/142 141/141/141
f 144/144/144 143/143/143 141/141/141
f 147/147/147 146/146/146 145/145/145
f 148/148/148 147/147/147 145/145/145
f 151/151/151 150/150/150 149/149/149
f 152/152/152 151/151/151 149/149/149
f 155/155/155 154/154/154 153/153/153
f 156/156/156 155/155/155 153/153/153
f 159/159/159 158/158/158 157/157/157
f 160/160/160 159/159/159 157/157/157
f 163/163/163 162/162/162 161/161/161
f 164/164/164 163/163/163 161/161/161
f 167/167/167 166/166/166 165/165/165
f 168/168/168 167/167/167 165/165/165
f 171/171/171 170/170/170 169/169/169
f 172/172/172 171/171/171 169/169/169
f 175/175/175 174/174/174 173/173/173
f 176/176/176 175/175/175 173/173/173
f 179/179/179 178/178/178 177/177/177
f 180/180/180 179/179/179 177/177/177
f 183/183/183 182/182/182 181/181/181
f 184/184/184 183/183/183 181/181/181
f 187/187/187 186/186/186 185/185/185
f 188/188/188 187/187/187 185/185/185
f 191/191/191 190/190/190 189/189/189
f 192/192/192 191/191/191 189/189/189
f 195/195/195 194/194/194 193/193/193
f 196/196/196 195/195/195 193/193/193
f 199/199/199 198/198/198 197/197/197
f 200/200/200 199/199/199 197/197/197
f 203/203/203 202/202/202 201/201/201
f 204/204/204 203/203/203 201/201/201
f 207/207/207 206/206/206 205/205/205
f 208/208/208 207/207/207 205/205/205
f 211/211/211 210/210/210 209/209/209
f 212/212/212 211/211/211 209/209/209
f 215/215/215 214/214/214 213/213/213
f 216/216/216 215/215/215 213/213/213
f 219/219/219 218/218/218 217/217/217
f 220/220/220 219/219/219 217/217/217
f 223/223/223 222/222/222 221/221/221
f 224/224/224 223/223/223 221/221/221
f 227/227/227 226/226/226 225/225/225
f 228/228/228 227/227/227 225/225/225
f 231/231/231 230/230/230 229/229/229
f 232/232/232 231/231/231 229/229/229
f 235/235/235 234/234/234 233/233/233
f 236/236/236 235/235/235 233/233/233
f 239/239/239 238/238/238 237/237/237
f 240/240/240 239/239/239 237/237/237
f 243/243/243 242/242/242 241/241/241
f 244/244/244 243/243/243 241/241/241
f 247/247/247 246/246/246 245/245/245
f 248/248/248 247/247/247 245/245/245
f 251/251/251 250/250/250 249/249/249
f 252/252/252 251/251/251 249/249/249
f 255/255/255 254/254/254 253/253/253
f 256/256/256 255/255/255 253/253/253
f 259/259/259 258/258/258 257/257/257
f 260/260/260 259/259/259 257/257/257
f 263/263/263 262/262/262 261/261/261
f 264/264/264 263/263/263 261/261/261
f 267/267/267 266/266/266 265/265/265
f 268/268/268 267/267/267 265/265/265
f 271/271/271 270/270/270 269/269/269
f 272/272/272 271/271/271 269/269/269
f 275/275/275 274/274/274 273/273/273
f 276/276/276 275/275/275 273/273/273
f 279/279/279 278/278/278 277/277/277
f 280/280/280 279/279/279 277/277/277
f 283/283/283 282/282/282 281/281/281
f 284/284/284 283/283/283 281/281/281
f 287/287/287 286/286/286 285/285/285
f 288/288/288 287/287/287 285/285/285
f 291/291/291 290/290/290 289/289/289
f 292/292/292 291/291/291 289/289/289
f 295/295/295 294/294/294 293/293/293
f 296/296/296 295/295/295 293/293/293
f 299/299/299 298/298/298 297/297/297
f 300/300/300 299/299/299 297/297/297
f 303/303/303 302/302/302 301/301/301
f 304/304/304 303/303/303 301/301/301
f 307/307/307 306/306/306 305/305/305
f 308/308/308 307/307/307 305/305/305
f 311/311/311 310/310/310 309/309/309
f 312/312/312 311/311/311 309/309/309
f 315/315/315 314/314/314 313/313/313
f 316/316/316 315/315/315 313/313/313
f 319/319/319 318/318/318 317/317/317
f 320/320/320 319/319/319 317/317/317
f 323/323/323 322/322/322 321/321/321
f 324/324/324 323/323/323 321/321/321
f 327/327/327 326/326/326 325/325/325
f 328/328/328 327/327/327 325/325/325
f 331/331/331 330/330/330 329/329/329
f 332/332/332 331/331/331 329/329/329
f 335/335/335 334/334/334 333/333/333
f 336/336/336 335/335/335 333/333/333
f 339/339/339 338/338/338 337/337/337
f 340/340/340 339/339/339 337/337/337
f 343/343/343 342/342/342 341/341/341
f 344/344/344 343/343/343 341/341/341
f 347/347/347 346/346/346 345/345/345
f 348/348/348 347/347/347 345/345/345
f 351/351/351 350/350/350 349/349/349
f 352/352/352 351/351/351 349/349/349
f 355/355/355 354/354/354 353/353/353
f 356/356/356 355/355/355 353/353/353
f 359/359/359 358/358/358 357/357/357
f 360/360/360 359/359/359 357/357/357
f 363/363/363 362/362/362 361/361/361
f 364/364/364 363/363/363 361/361/361
f 367/367/367 366/366/366 365/365/365
f 368/368/368 367/367/367 365/365/365
f 371/371/371 370/370/370 369/369/369
f 372/372/372 371/371/371 369/369/369
f 375/375/375 374/374/374 373/373/373
f 376/376/376 375/375/375 373/373/373
f 379/379/379 378/378/378 377/377/377
f 380/380/380 379/379/379 377/377/377
f 383/383/383 382/382/382 381/381/381
f 384/384/384 383/383/383 381/381/381
f 387/387/387 386/386/386 385/385/385
f 388/388/388 387/387/387 385/385/385
f 391/391/391 390/390/390 389/389/389
f 392/392/392 391/391/391 389/389/389
f 395/395/395 394/394/394 393/393/393
f 396/396/396 395/395/395 393/393/393
f 399/399/399 398/398/398 397/397/397
f 400/400/400 399/399/399 397/397/397
f 403/403/403 402/402/402 401/401/401
f 404/404/404 403/403/403 401/401/401
f 407/407/407 406/406/406 405/405/405
f 408/408/408 407/407/407 405/405/405
f 411/411/411 410/410/410 409/409/409
f 412/412/412 411/411/411 409/409/409
f 415/415/415 414/414/414 413/413/413
f 416/416/416 415/415/415 413/413/413
f 419/419/419 418/418/418 417/417/417
f 420/420/420 419/419/419 417/417/417
f 423/423/423 422/422/422 421/421/421
f 424/424/424 423/423/423 421/421/421
f 427/427/427 426/426/426 425/425/425
f 428/428/428 427/427/427 425/425/425
f 431/431/431 430/430/430 429/429/429
f 432/432/432 431/431/431 429/429/429
f 431/431/431 432/432/432 433/433/433
f 434/434/434 431/431/431 433/433/433
f 437/437/437 436/436/436 435/435/435
f 438/438/438 437/437/437 435/435/435
f 441/441/441 440/440/440 439/439/439
f 442/442/442 441/441/441 439/439/439
f 445/445/445 444/444/444 443/443/443
f 446/446/446 445/445/445 443/443/443
f 449/449/449 448/448/448 447/447/447
f 450/450/450 449/449/449 447/447/447
f 453/453/453 452/452/452 451/451/451
f 454/454/454 453/453/453 451/451/451
f 457/457/457 456/456/456 455/455/455
f 458/458/458 457/457/457 455/455/455
f 461/461/461 460/460/460 459/459/459
f 462/462/462 461/461/461 459/459/459
f 465/465/465 464/464/464 463/463/463
f 466/466/466 465/465/465 463/463/463
f 469/469/469 468/468/468 467/467/467
f 470/470/470 469/469/469 467/467/467
f 473/473/473 472/472/472 471/471/471
f 474/474/474 473/473/473 471/471/471
f 477/477/477 476/476/476 475/475/475
f 478/478/478 477/477/477 475/475/475
f 481/481/481 480/480/480 479/479/479
f 482/482/482 481/481/481 479/479/479
f 485/485/485 484/484/484 483/483/483
f 486/486/486 485/485/485 483/483/483
f 489/489/489 488/488/488 487/487/487
f 490/490/490 489/489/489 487/487/487
f 493/493/493 492/492/492 491/491/491
f 494/494/494 493/493/493 491/491/491
f 497/497/497 496/496/496 495/495/495
f 498/498/498 497/497/497 495/495/495
f 501/501/501 500/500/500 499/499/499
f 502/502/502 501/501/501 499/499/499
f 505/505/505 504/504/504 503/503/503
f 506/506/506 505/505/505 503/503/503
f 509/509/509 508/508/508 507/507/507
f 510/510/510 509/509/509 507/507/507
f 513/513/513 512/512/512 511/511/511
f 514/514/514 513/513/513 511/511/511
f 517/517/517 516/516/516 515/515/515
f 518/518/518 517/517/517 515/515/515
f 521/521/521 520/520/520 519/519/519
f 522/522/522 521/521/521 519/519/519
f 525/525/525 524/524/524 523/523/523
f 526/526/526 525/525/525 523/523/523
f 529/529/529 528/528/528 527/527/527
f 530/530/530 529/529/529 527/527/527
f 533/533/533 532/532/532 531/531/531
f 534/534/534 533/533/533 531/531/531
f 537/537/537 536/536/536 535/535/535
f 538/538/538 537/537/537 535/535/535
f 541/541/541 540/540/540 539/539/539
f 542/542/542 541/541/541 539/539/539
f 545/545/545 544/544/544 543/543/543
f 546/546/546 545/545/545 543/543/543
f 545/545/545 546/546/546 547/547/547
f 548/548/548 545/545/545 547/547/547
f 551/551/551 550/550/550 549/549/549
f 550/550/550 552/552/552 549/549/549
f 549/549/549 552/552/552 553/553/553
f 554/554/554 549/549/549 553/553/553
f 557/557/557 556/556/556 555/555/555
f 558/558/558 557/557/557 555/555/555
f 559/559/559 557/557/557 558/558/558
f 560/560/560 559/559/559 558/558/558
f 561/561/561 557/557/557 559/559/559
f 562/562/562 561/561/561 559/559/559
f 562/562/562 563/563/563 561/561/561
f 563/563/563 564/564/564 561/561/561
f 567/567/567 566/566/566 565/565/565
f 568/568/568 567/567/567 565/565/565
f 571/571/571 570/570/570 569/569/569
f 570/570/570 572/572/572 569/569/569
f 570/570/570 573/573/573 572/572/572
f 573/573/573 574/574/574 572/572/572
f 573/573/573 575/575/575 574/574/574
f 578/578/578 577/577/577 576/576/576
f 577/577/577 579/579/579 576/576/576
f 577/577/577 580/580/580 579/579/579
f 580/580/580 581/581/581 579/579/579
f 580/580/580 582/582/582 581/581/581
f 585/585/585 584/584/584 583/583/583
f 584/584/584 586/586/586 583/583/583
f 584/584/584 587/587/587 586/586/586
f 587/587/587 588/588/588 586/586/586
f 587/587/587 589/589/589 588/588/588
f 592/592/592 591/591/591 590/590/590
f 591/591/591 593/593/593 590/590/590
f 591/591/591 594/594/594 593/593/593
f 594/594/594 595/595/595 593/593/593
f 594/594/594 596/596/596 595/595/595
f 599/599/599 598/598/598 597/597/597
f 600/600/600 599/599/599 597/597/597
f 603/603/603 602/602/602 601/601/601
f 604/604/604 603/603/603 601/601/601
f 607/607/607 606/606/606 605/605/605
f 608/608/608 607/607/607 605/605/605
f 611/611/611 610/610/610 609/609/609
f 612/612/612 611/611/611 609/609/609
f 615/615/615 614/614/614 613/613/613
f 616/616/616 615/615/615 613/613/613
f 619/619/619 618/618/618 617/617/617
f 620/620/620 619/619/619 617/617/617
f 623/623/623 622/622/622 621/621/621
f 624/624/624 623/623/623 621/621/621
f 624/624/624 621/621/621 625/625/625
f 621/621/621 626/626/626 625/625/625
f 629/629/629 628/628/628 627/627/627
f 628/628/628 630/630/630 627/627/627
f 628/628/628 631/631/631 630/630/630
f 631/631/631 632/632/632 630/630/630
f 635/635/635 634/634/634 633/633/633
f 634/634/634 636/636/636 633/633/633
f 634/634/634 637/637/637 636/636/636
f 637/637/637 638/638/638 636/636/636
f 641/641/641 640/640/640 639/639/639
f 640/640/640 642/642/642 639/639/639
f 640/640/640 643/643/643 642/642/642
f 643/643/643 644/644/644 642/642/642
f 647/647/647 646/646/646 645/645/645
f 646/646/646 648/648/648 645/645/645
f 646/646/646 649/649/649 648/648/648
f 649/649/649 650/650/650 648/648/648
f 653/653/653 652/652/652 651/651/651
f 652/652/652 654/654/654 651/651/651
f 652/652/652 655/655/655 654/654/654
f 655/655/655 656/656/656 654/654/654
f 659/659/659 658/658/658 657/657/657
f 657/657/657 658/658/658 660/660/660
f 661/661/661 658/658/658 659/659/659
f 660/660/660 658/658/658 662/662/662
f 663/663/663 658/658/658 661/661/661
f 662/662/662 658/658/658 663/663/663
f 666/666/666 665/665/665 664/664/664
f 667/667/667 664/664/664 665/665/665
f 668/668/668 665/665/665 666/666/666
f 667/667/667 665/665/665 669/669/669
f 668/668/668 670/670/670 665/665/665
f 669/669/669 665/665/665 670/670/670
f 673/673/673 672/672/672 671/671/671
f 674/674/674 671/671/671 672/672/672
f 675/675/675 672/672/672 673/673/673
f 674/674/674 672/672/672 676/676/676
f 675/675/675 677/677/677 672/672/672
f 676/676/676 672/672/672 677/677/677
f 680/680/680 679/679/679 678/678/678
f 679/679/679 681/681/681 678/678/678
f 682/682/682 679/679/679 680/680/680
f 678/678/678 681/681/681 683/683/683
f 684/684/684 682/682/682 680/680/680
f 681/681/681 685/685/685 683/683/683
f 685/685/685 682/682/682 684/684/684
f 683/683/683 685/685/685 684/684/684
g Combined Mesh (root: scene) 22_1
f 688/688/688 687/687/687 686/686/686
f 689/689/689 688/688/688 686/686/686
f 692/692/692 691/691/691 690/690/690
f 693/693/693 692/692/692 690/690/690
f 696/696/696 695/695/695 694/694/694
f 697/697/697 696/696/696 694/694/694
f 700/700/700 699/699/699 698/698/698
f 701/701/701 700/700/700 698/698/698
f 704/704/704 703/703/703 702/702/702
f 705/705/705 704/704/704 702/702/702
f 708/708/708 707/707/707 706/706/706
f 709/709/709 708/708/708 706/706/706
f 712/712/712 711/711/711 710/710/710
f 713/713/713 712/712/712 710/710/710
f 716/716/716 715/715/715 714/714/714
f 717/717/717 716/716/716 714/714/714
f 720/720/720 719/719/719 718/718/718
f 721/721/721 720/720/720 718/718/718
f 724/724/724 723/723/723 722/722/722
f 725/725/725 724/724/724 722/722/722
f 728/728/728 727/727/727 726/726/726
f 729/729/729 728/728/728 726/726/726
f 732/732/732 731/731/731 730/730/730
f 733/733/733 732/732/732 730/730/730
f 736/736/736 735/735/735 734/734/734
f 737/737/737 736/736/736 734/734/734
f 740/740/740 739/739/739 738/738/738
f 741/741/741 740/740/740 738/738/738
g Combined Mesh (root: scene) 22_2
f 744/744/744 743/743/743 742/742/742
f 745/745/745 744/744/744 742/742/742
f 746/746/746 744/744/744 745/745/745
f 747/747/747 746/746/746 745/745/745
f 750/750/750 749/749/749 748/748/748
f 751/751/751 750/750/750 748/748/748
f 752/752/752 750/750/750 751/751/751
f 753/753/753 752/752/752 751/751/751
f 756/756/756 755/755/755 754/754/754
f 757/757/757 756/756/756 754/754/754
f 758/758/758 756/756/756 757/757/757
f 759/759/759 758/758/758 757/757/757
f 762/762/762 761/761/761 760/760/760
f 763/763/763 762/762/762 760/760/760
f 764/764/764 762/762/762 763/763/763
f 765/765/765 764/764/764 763/763/763
f 768/768/768 767/767/767 766/766/766
f 766/766/766 767/767/767 769/769/769
f 770/770/770 767/767/767 768/768/768
f 769/769/769 767/767/767 771/771/771
f 772/772/772 767/767/767 770/770/770
f 771/771/771 767/767/767 773/773/773
f 774/774/774 767/767/767 772/772/772
f 773/773/773 767/767/767 774/774/774
f 777/777/777 776/776/776 775/775/775
f 775/775/775 776/776/776 778/778/778
f 779/779/779 776/776/776 777/777/777
f 778/778/778 776/776/776 780/780/780
f 781/781/781 776/776/776 779/779/779
f 780/780/780 776/776/776 782/782/782
f 783/783/783 776/776/776 781/781/781
f 782/782/782 776/776/776 783/783/783
g Combined Mesh (root: scene) 22_3
f 786/786/786 785/785/785 784/784/784
f 787/787/787 786/786/786 784/784/784
f 788/788/788 786/786/786 787/787/787
f 789/789/789 788/788/788 787/787/787
f 792/792/792 791/791/791 790/790/790
f 793/793/793 792/792/792 790/790/790
f 796/796/796 795/795/795 794/794/794
f 797/797/797 796/796/796 794/794/794
f 800/800/800 799/799/799 798/798/798
f 801/801/801 800/800/800 798/798/798
f 802/802/802 800/800/800 801/801/801
f 803/803/803 802/802/802 801/801/801
f 806/806/806 805/805/805 804/804/804
f 807/807/807 806/806/806 804/804/804
f 810/810/810 809/809/809 808/808/808
f 811/811/811 810/810/810 808/808/808
f 814/814/814 813/813/813 812/812/812
f 813/813/813 815/815/815 812/812/812
f 813/813/813 816/816/816 815/815/815
f 816/816/816 817/817/817 815/815/815
f 816/816/816 818/818/818 817/817/817
f 821/821/821 820/820/820 819/819/819
f 819/819/819 820/820/820 822/822/822
f 820/820/820 823/823/823 822/822/822
f 820/820/820 824/824/824 823/823/823
f 824/824/824 825/825/825 823/823/823
f 824/824/824 826/826/826 825/825/825
f 829/829/829 828/828/828 827/827/827
f 830/830/830 828/828/828 829/829/829
f 831/831/831 830/830/830 829/829/829
f 830/830/830 832/832/832 828/828/828
f 832/832/832 833/833/833 828/828/828
f 828/828/828 833/833/833 834/834/834
f 833/833/833 835/835/835 834/834/834
f 833/833/833 836/836/836 835/835/835
f 832/832/832 836/836/836 833/833/833
f 837/837/837 836/836/836 832/832/832
f 840/840/840 839/839/839 838/838/838
f 839/839/839 841/841/841 838/838/838
f 839/839/839 842/842/842 841/841/841
f 842/842/842 843/843/843 841/841/841
f 846/846/846 845/845/845 844/844/844
f 845/845/845 847/847/847 844/844/844
f 845/845/845 848/848/848 847/847/847
f 849/849/849 848/848/848 845/845/845
f 848/848/848 850/850/850 847/847/847
f 848/848/848 851/851/851 850/850/850
f 854/854/854 853/853/853 852/852/852
f 853/853/853 855/855/855 852/852/852
f 852/852/852 855/855/855 856/856/856
f 855/855/855 857/857/857 856/856/856
f 853/853/853 858/858/858 855/855/855
f 855/855/855 859/859/859 857/857/857
f 858/858/858 859/859/859 855/855/855
f 858/858/858 860/860/860 859/859/859
f 859/859/859 860/860/860 861/861/861
f 864/864/864 863/863/863 862/862/862
f 865/865/865 864/864/864 862/862/862
f 868/868/868 867/867/867 866/866/866
f 869/869/869 868/868/868 866/866/866
f 872/872/872 871/871/871 870/870/870
f 873/873/873 872/872/872 870/870/870
f 876/876/876 875/875/875 874/874/874
f 877/877/877 876/876/876 874/874/874
f 880/880/880 879/879/879 878/878/878
f 878/878/878 879/879/879 881/881/881
f 882/882/882 879/879/879 880/880/880
f 881/881/881 879/879/879 883/883/883
f 884/884/884 879/879/879 882/882/882
f 883/883/883 879/879/879 885/885/885
f 886/886/886 879/879/879 884/884/884
f 885/885/885 879/879/879 886/886/886
g Combined Mesh (root: scene) 22_4
f 889/889/889 888/888/888 887/887/887
f 890/890/890 889/889/889 887/887/887
f 893/893/893 892/892/892 891/891/891
f 894/894/894 893/893/893 891/891/891
f 897/897/897 896/896/896 895/895/895
f 898/898/898 897/897/897 895/895/895
f 901/901/901 900/900/900 899/899/899
f 902/902/902 901/901/901 899/899/899
f 905/905/905 904/904/904 903/903/903
f 906/906/906 905/905/905 903/903/903
g Combined Mesh (root: scene) 22_5
f 909/909/909 908/908/908 907/907/907
f 912/912/912 911/911/911 910/910/910
f 915/915/915 914/914/914 913/913/913
f 918/918/918 917/917/917 916/916/916
f 921/921/921 920/920/920 919/919/919
f 924/924/924 923/923/923 922/922/922
f 927/927/927 926/926/926 925/925/925
f 930/930/930 929/929/929 928/928/928
f 933/933/933 932/932/932 931/931/931
f 936/936/936 935/935/935 934/934/934
f 939/939/939 938/938/938 937/937/937
f 941/941/941 937/937/937 940/940/940
f 944/944/944 943/943/943 942/942/942
f 946/946/946 942/942/942 945/945/945
f 949/949/949 948/948/948 947/947/947
f 952/952/952 951/951/951 950/950/950
f 955/955/955 954/954/954 953/953/953
f 958/958/958 957/957/957 956/956/956
f 961/961/961 960/960/960 959/959/959
f 964/964/964 963/963/963 962/962/962
f 964/964/964 965/965/965 963/963/963
f 965/965/965 964/964/964 966/966/966
f 967/967/967 966/966/966 964/964/964
f 970/970/970 969/969/969 968/968/968
f 971/971/971 968/968/968 969/969/969
f 969/969/969 972/972/972 971/971/971
f 973/973/973 971/971/971 972/972/972
f 973/973/973 974/974/974 971/971/971
f 971/971/971 975/975/975 968/968/968
f 975/975/975 971/971/971 974/974/974
f 974/974/974 976/976/976 975/975/975
f 977/977/977 968/968/968 975/975/975
f 978/978/978 975/975/975 976/976/976
f 975/975/975 979/979/979 977/977/977
f 978/978/978 979/979/979 975/975/975
f 977/977/977 979/979/979 980/980/980
f 979/979/979 981/981/981 980/980/980
f 978/978/978 982/982/982 979/979/979
f 982/982/982 978/978/978 983/983/983
f 984/984/984 979/979/979 982/982/982
f 979/979/979 984/984/984 981/981/981
f 985/985/985 981/981/981 984/984/984
f 988/988/988 987/987/987 986/986/986
f 989/989/989 986/986/986 987/987/987
f 987/987/987 990/990/990 989/989/989
f 993/993/993 992/992/992 991/991/991
f 994/994/994 991/991/991 992/992/992
f 997/997/997 996/996/996 995/995/995
f 998/998/998 995/995/995 996/996/996
f 996/996/996 999/999/999 998/998/998
f 998/998/998 1000/1000/1000 995/995/995
f 1001/1001/1001 995/995/995 1000/1000/1000
f 1002/1002/1002 1001/1001/1001 1000/1000/1000
f 1002/1002/1002 1000/1000/1000 1003/1003/1003
f 1004/1004/1004 998/998/998 999/999/999
f 998/998/998 1004/1004/1004 1000/1000/1000
f 1005/1005/1005 1004/1004/1004 999/999/999
f 1000/1000/1000 1006/1006/1006 1003/1003/1003
f 1006/1006/1006 1000/1000/1000 1004/1004/1004
f 1007/1007/1007 1003/1003/1003 1006/1006/1006
f 1008/1008/1008 1007/1007/1007 1006/1006/1006
f 1008/1008/1008 1006/1006/1006 1009/1009/1009
f 1004/1004/1004 1009/1009/1009 1006/1006/1006
f 1004/1004/1004 1005/1005/1005 1009/1009/1009
f 1010/1010/1010 1009/1009/1009 1005/1005/1005
f 1011/1011/1011 1010/1010/1010 1005/1005/1005
f 1012/1012/1012 1010/1010/1010 1011/1011/1011
f 1013/1013/1013 1012/1012/1012 1011/1011/1011
f 1012/1012/1012 1013/1013/1013 1014/1014/1014
f 1015/1015/1015 1014/1014/1014 1013/1013/1013
f 1015/1015/1015 1016/1016/1016 1014/1014/1014
f 1017/1017/1017 1014/1014/1014 1016/1016/1016
f 1016/1016/1016 1018/1018/1018 1017/1017/1017
f 1016/1016/1016 1019/1019/1019 1018/1018/1018
f 1017/1017/1017 1018/1018/1018 1020/1020/1020
f 1021/1021/1021 1018/1018/1018 1019/1019/1019
f 1018/1018/1018 1021/1021/1021 1020/1020/1020
f 1019/1019/1019 1022/1022/1022 1021/1021/1021
f 1023/1023/1023 1021/1021/1021 1022/1022/1022
f 1022/1022/1022 1024/1024/1024 1023/1023/1023
f 1021/1021/1021 1023/1023/1023 1025/1025/1025
f 1025/1025/1025 1020/1020/1020 1021/1021/1021
f 1025/1025/1025 1026/1026/1026 1020/1020/1020
f 1025/1025/1025 1027/1027/1027 1026/1026/1026
f 1028/1028/1028 1026/1026/1026 1027/1027/1027
f 1028/1028/1028 1027/1027/1027 1029/1029/1029
f 1030/1030/1030 1029/1029/1029 1027/1027/1027
f 1027/1027/1027 1031/1031/1031 1030/1030/1030
f 1032/1032/1032 1030/1030/1030 1031/1031/1031
f 1030/1030/1030 1033/1033/1033 1029/1029/1029
f 1030/1030/1030 1032/1032/1032 1033/1033/1033
f 1034/1034/1034 1029/1029/1029 1033/1033/1033
f 1035/1035/1035 1033/1033/1033 1032/1032/1032
f 1038/1038/1038 1037/1037/1037 1036/1036/1036
f 1039/1039/1039 1036/1036/1036 1037/1037/1037
f 1039/1039/1039 1040/1040/1040 1036/1036/1036
f 1043/1043/1043 1042/1042/1042 1041/1041/1041
f 1043/1043/1043 1041/1041/1041 1044/1044/1044
f 1044/1044/1044 1041/1041/1041 1045/1045/1045
f 1046/1046/1046 1044/1044/1044 1045/1045/1045
f 1046/1046/1046 1045/1045/1045 1047/1047/1047
f 1050/1050/1050 1049/1049/1049 1048/1048/1048
f 1051/1051/1051 1048/1048/1048 1049/1049/1049
f 1051/1051/1051 1049/1049/1049 1052/1052/1052
f 1053/1053/1053 1052/1052/1052 1049/1049/1049
f 1053/1053/1053 1054/1054/1054 1052/1052/1052
f 1055/1055/1055 1052/1052/1052 1054/1054/1054
f 1058/1058/1058 1057/1057/1057 1056/1056/1056
f 1059/1059/1059 1056/1056/1056 1057/1057/1057
f 1057/1057/1057 1060/1060/1060 1059/1059/1059
f 1061/1061/1061 1059/1059/1059 1060/1060/1060
f 1060/1060/1060 1062/1062/1062 1061/1061/1061
f 1063/1063/1063 1061/1061/1061 1062/1062/1062
f 1059/1059/1059 1064/1064/1064 1056/1056/1056
f 1061/1061/1061 1065/1065/1065 1059/1059/1059
f 1064/1064/1064 1059/1059/1059 1065/1065/1065
f 1063/1063/1063 1066/1066/1066 1061/1061/1061
f 1065/1065/1065 1061/1061/1061 1066/1066/1066
f 1067/1067/1067 1056/1056/1056 1064/1064/1064
f 1056/1056/1056 1067/1067/1067 1068/1068/1068
f 1066/1066/1066 1063/1063/1063 1069/1069/1069
f 1070/1070/1070 1069/1069/1069 1063/1063/1063
f 1064/1064/1064 1065/1065/1065 1071/1071/1071
f 1071/1071/1071 1067/1067/1067 1064/1064/1064
f 1072/1072/1072 1065/1065/1065 1066/1066/1066
f 1072/1072/1072 1071/1071/1071 1065/1065/1065
f 1072/1072/1072 1066/1066/1066 1069/1069/1069
f 1072/1072/1072 1069/1069/1069 1073/1073/1073
f 1069/1069/1069 1070/1070/1070 1074/1074/1074
f 1074/1074/1074 1073/1073/1073 1069/1069/1069
f 1075/1075/1075 1074/1074/1074 1070/1070/1070
f 1071/1071/1071 1076/1076/1076 1067/1067/1067
f 1076/1076/1076 1068/1068/1068 1067/1067/1067
f 1071/1071/1071 1077/1077/1077 1076/1076/1076
f 1073/1073/1073 1074/1074/1074 1078/1078/1078
f 1074/1074/1074 1075/1075/1075 1078/1078/1078
f 1073/1073/1073 1078/1078/1078 1079/1079/1079
f 1078/1078/1078 1080/1080/1080 1079/1079/1079
f 1081/1081/1081 1078/1078/1078 1075/1075/1075
f 1076/1076/1076 1082/1082/1082 1068/1068/1068
f 1077/1077/1077 1082/1082/1082 1076/1076/1076
f 1083/1083/1083 1068/1068/1068 1082/1082/1082
f 1084/1084/1084 1080/1080/1080 1078/1078/1078
f 1078/1078/1078 1081/1081/1081 1084/1084/1084
f 1080/1080/1080 1084/1084/1084 1077/1077/1077
f 1082/1082/1082 1085/1085/1085 1083/1083/1083
f 1077/1077/1077 1085/1085/1085 1082/1082/1082
f 1086/1086/1086 1083/1083/1083 1085/1085/1085
f 1077/1077/1077 1087/1087/1087 1085/1085/1085
f 1085/1085/1085 1087/1087/1087 1086/1086/1086
f 1087/1087/1087 1077/1077/1077 1084/1084/1084
f 1088/1088/1088 1086/1086/1086 1087/1087/1087
f 1087/1087/1087 1084/1084/1084 1088/1088/1088
f 1086/1086/1086 1088/1088/1088 1089/1089/1089
f 1090/1090/1090 1089/1089/1089 1088/1088/1088
f 1091/1091/1091 1084/1084/1084 1081/1081/1081
f 1091/1091/1091 1088/1088/1088 1084/1084/1084
f 1088/1088/1088 1091/1091/1091 1090/1090/1090
f 1081/1081/1081 1092/1092/1092 1091/1091/1091
f 1093/1093/1093 1090/1090/1090 1091/1091/1091
f 1093/1093/1093 1091/1091/1091 1092/1092/1092
f 1096/1096/1096 1095/1095/1095 1094/1094/1094
f 1097/1097/1097 1094/1094/1094 1095/1095/1095
f 1095/1095/1095 1098/1098/1098 1097/1097/1097
f 1099/1099/1099 1097/1097/1097 1098/1098/1098
f 1098/1098/1098 1100/1100/1100 1099/1099/1099
f 1101/1101/1101 1099/1099/1099 1100/1100/1100
f 1104/1104/1104 1103/1103/1103 1102/1102/1102
f 1104/1104/1104 1105/1105/1105 1103/1103/1103
f 1106/1106/1106 1103/1103/1103 1105/1105/1105
f 1109/1109/1109 1108/1108/1108 1107/1107/1107
f 1108/1108/1108 1109/1109/1109 1110/1110/1110
f 1110/1110/1110 1111/1111/1111 1108/1108/1108
f 1112/1112/1112 1108/1108/1108 1111/1111/1111
f 1115/1115/1115 1114/1114/1114 1113/1113/1113
f 1116/1116/1116 1113/1113/1113 1114/1114/1114
f 1113/1113/1113 1116/1116/1116 1117/1117/1117
f 1118/1118/1118 1117/1117/1117 1116/1116/1116
f 1118/1118/1118 1116/1116/1116 1119/1119/1119
f 1119/1119/1119 1116/1116/1116 1120/1120/1120
f 1121/1121/1121 1119/1119/1119 1120/1120/1120
f 1121/1121/1121 1122/1122/1122 1119/1119/1119
f 1121/1121/1121 1123/1123/1123 1122/1122/1122
f 1118/1118/1118 1119/1119/1119 1124/1124/1124
f 1125/1125/1125 1124/1124/1124 1119/1119/1119
f 1119/1119/1119 1122/1122/1122 1125/1125/1125
f 1124/1124/1124 1126/1126/1126 1118/1118/1118
f 1117/1117/1117 1118/1118/1118 1126/1126/1126
f 1127/1127/1127 1125/1125/1125 1122/1122/1122
f 1127/1127/1127 1122/1122/1122 1128/1128/1128
f 1129/1129/1129 1128/1128/1128 1122/1122/1122
f 1129/1129/1129 1122/1122/1122 1123/1123/1123
f 1128/1128/1128 1129/1129/1129 1130/1130/1130
f 1131/1131/1131 1130/1130/1130 1129/1129/1129
f 1129/1129/1129 1123/1123/1123 1131/1131/1131
f 1130/1130/1130 1131/1131/1131 1132/1132/1132
f 1133/1133/1133 1132/1132/1132 1131/1131/1131
f 1131/1131/1131 1123/1123/1123 1133/1133/1133
f 1126/1126/1126 1134/1134/1134 1117/1117/1117
f 1126/1126/1126 1135/1135/1135 1134/1134/1134
f 1136/1136/1136 1134/1134/1134 1135/1135/1135
f 1137/1137/1137 1117/1117/1117 1134/1134/1134
f 1137/1137/1137 1113/1113/1113 1117/1117/1117
f 1134/1134/1134 1136/1136/1136 1138/1138/1138
f 1134/1134/1134 1138/1138/1138 1137/1137/1137
f 1139/1139/1139 1138/1138/1138 1136/1136/1136
f 1140/1140/1140 1113/1113/1113 1137/1137/1137
f 1140/1140/1140 1137/1137/1137 1138/1138/1138
f 1138/1138/1138 1141/1141/1141 1140/1140/1140
f 1113/1113/1113 1140/1140/1140 1142/1142/1142
f 1123/1123/1123 1142/1142/1142 1143/1143/1143
f 1143/1143/1143 1144/1144/1144 1133/1133/1133
f 1145/1145/1145 1140/1140/1140 1141/1141/1141
f 1145/1145/1145 1142/1142/1142 1140/1140/1140
f 1141/1141/1141 1146/1146/1146 1145/1145/1145
f 1146/1146/1146 1144/1144/1144 1147/1147/1147
f 1143/1143/1143 1147/1147/1147 1144/1144/1144
f 1143/1143/1143 1142/1142/1142 1147/1147/1147
f 1147/1147/1147 1145/1145/1145 1146/1146/1146
f 1147/1147/1147 1142/1142/1142 1145/1145/1145
f 1150/1150/1150 1149/1149/1149 1148/1148/1148
f 1151/1151/1151 1148/1148/1148 1149/1149/1149
f 1149/1149/1149 1152/1152/1152 1151/1151/1151
f 1153/1153/1153 1151/1151/1151 1152/1152/1152
f 1153/1153/1153 1154/1154/1154 1151/1151/1151
f 1155/1155/1155 1151/1151/1151 1154/1154/1154
f 1151/1151/1151 1155/1155/1155 1148/1148/1148
f 1156/1156/1156 1148/1148/1148 1155/1155/1155
f 1159/1159/1159 1158/1158/1158 1157/1157/1157
f 1160/1160/1160 1157/1157/1157 1158/1158/1158
f 1158/1158/1158 1161/1161/1161 1160/1160/1160
f 1162/1162/1162 1160/1160/1160 1161/1161/1161
f 1162/1162/1162 1161/1161/1161 1163/1163/1163
f 1164/1164/1164 1163/1163/1163 1161/1161/1161
f 1164/1164/1164 1165/1165/1165 1163/1163/1163
f 1166/1166/1166 1163/1163/1163 1165/1165/1165
f 1166/1166/1166 1165/1165/1165 1167/1167/1167
f 1168/1168/1168 1167/1167/1167 1165/1165/1165
f 1167/1167/1167 1168/1168/1168 1169/1169/1169
f 1170/1170/1170 1169/1169/1169 1168/1168/1168
f 1170/1170/1170 1171/1171/1171 1169/1169/1169
f 1172/1172/1172 1169/1169/1169 1171/1171/1171
f 1173/1173/1173 1172/1172/1172 1171/1171/1171
f 1169/1169/1169 1172/1172/1172 1174/1174/1174
f 1173/1173/1173 1175/1175/1175 1172/1172/1172
f 1174/1174/1174 1172/1172/1172 1175/1175/1175
f 1178/1178/1178 1177/1177/1177 1176/1176/1176
f 1179/1179/1179 1176/1176/1176 1177/1177/1177
f 1176/1176/1176 1179/1179/1179 1180/1180/1180
f 1179/1179/1179 1181/1181/1181 1180/1180/1180
f 1179/1179/1179 1182/1182/1182 1181/1181/1181
f 1179/1179/1179 1177/1177/1177 1183/1183/1183
f 1179/1179/1179 1184/1184/1184 1182/1182/1182
f 1183/1183/1183 1184/1184/1184 1179/1179/1179
f 1184/1184/1184 1183/1183/1183 1185/1185/1185
f 1188/1188/1188 1187/1187/1187 1186/1186/1186
f 1189/1189/1189 1186/1186/1186 1187/1187/1187
f 1192/1192/1192 1191/1191/1191 1190/1190/1190
f 1193/1193/1193 1190/1190/1190 1191/1191/1191
f 1190/1190/1190 1193/1193/1193 1194/1194/1194
f 1195/1195/1195 1193/1193/1193 1191/1191/1191
f 1191/1191/1191 1196/1196/1196 1195/1195/1195
f 1196/1196/1196 1197/1197/1197 1195/1195/1195
f 1195/1195/1195 1197/1197/1197 1198/1198/1198
f 1199/1199/1199 1194/1194/1194 1193/1193/1193
f 1193/1193/1193 1195/1195/1195 1199/1199/1199
f 1199/1199/1199 1200/1200/1200 1194/1194/1194
f 1195/1195/1195 1198/1198/1198 1201/1201/1201
f 1201/1201/1201 1199/1199/1199 1195/1195/1195
f 1202/1202/1202 1201/1201/1201 1198/1198/1198
f 1202/1202/1202 1203/1203/1203 1201/1201/1201
f 1203/1203/1203 1204/1204/1204 1201/1201/1201
f 1199/1199/1199 1201/1201/1201 1204/1204/1204
f 1199/1199/1199 1204/1204/1204 1200/1200/1200
f 1205/1205/1205 1200/1200/1200 1204/1204/1204
f 1205/1205/1205 1206/1206/1206 1200/1200/1200
f 1205/1205/1205 1207/1207/1207 1206/1206/1206
f 1207/1207/1207 1208/1208/1208 1206/1206/1206
f 1207/1207/1207 1209/1209/1209 1208/1208/1208
f 1210/1210/1210 1208/1208/1208 1209/1209/1209
f 1210/1210/1210 1209/1209/1209 1211/1211/1211
f 1212/1212/1212 1211/1211/1211 1209/1209/1209
f 1211/1211/1211 1212/1212/1212 1213/1213/1213
f 1211/1211/1211 1213/1213/1213 1214/1214/1214
f 1213/1213/1213 1212/1212/1212 1215/1215/1215
f 1216/1216/1216 1214/1214/1214 1213/1213/1213
f 1213/1213/1213 1215/1215/1215 1216/1216/1216
f 1214/1214/1214 1216/1216/1216 1217/1217/1217
f 1218/1218/1218 1217/1217/1217 1216/1216/1216
f 1217/1217/1217 1218/1218/1218 1219/1219/1219
f 1216/1216/1216 1220/1220/1220 1218/1218/1218
f 1220/1220/1220 1216/1216/1216 1215/1215/1215
f 1221/1221/1221 1220/1220/1220 1215/1215/1215
f 1220/1220/1220 1221/1221/1221 1222/1222/1222
f 1223/1223/1223 1222/1222/1222 1221/1221/1221
f 1220/1220/1220 1222/1222/1222 1224/1224/1224
f 1225/1225/1225 1224/1224/1224 1222/1222/1222
f 1223/1223/1223 1226/1226/1226 1222/1222/1222
f 1222/1222/1222 1227/1227/1227 1225/1225/1225
f 1227/1227/1227 1222/1222/1222 1226/1226/1226
f 1228/1228/1228 1225/1225/1225 1227/1227/1227
f 1227/1227/1227 1226/1226/1226 1229/1229/1229
f 1227/1227/1227 1229/1229/1229 1228/1228/1228
f 1230/1230/1230 1229/1229/1229 1226/1226/1226
f 1231/1231/1231 1228/1228/1228 1229/1229/1229
f 1234/1234/1234 1233/1233/1233 1232/1232/1232
f 1235/1235/1235 1232/1232/1232 1233/1233/1233
f 1236/1236/1236 1235/1235/1235 1233/1233/1233
f 1239/1239/1239 1238/1238/1238 1237/1237/1237
f 1237/1237/1237 1238/1238/1238 1240/1240/1240
f 1240/1240/1240 1241/1241/1241 1237/1237/1237
f 1240/1240/1240 1242/1242/1242 1241/1241/1241
f 1242/1242/1242 1243/1243/1243 1241/1241/1241
f 1246/1246/1246 1245/1245/1245 1244/1244/1244
f 1246/1246/1246 1247/1247/1247 1245/1245/1245
f 1248/1248/1248 1245/1245/1245 1247/1247/1247
f 1248/1248/1248 1247/1247/1247 1249/1249/1249
f 1250/1250/1250 1249/1249/1249 1247/1247/1247
f 1253/1253/1253 1252/1252/1252 1251/1251/1251
f 1254/1254/1254 1251/1251/1251 1252/1252/1252
f 1251/1251/1251 1254/1254/1254 1255/1255/1255
f 1256/1256/1256 1255/1255/1255 1254/1254/1254
f 1259/1259/1259 1258/1258/1258 1257/1257/1257
f 1260/1260/1260 1257/1257/1257 1258/1258/1258
f 1257/1257/1257 1260/1260/1260 1261/1261/1261
f 1262/1262/1262 1261/1261/1261 1260/1260/1260
f 1265/1265/1265 1264/1264/1264 1263/1263/1263
f 1266/1266/1266 1263/1263/1263 1264/1264/1264
f 1266/1266/1266 1264/1264/1264 1267/1267/1267
f 1268/1268/1268 1267/1267/1267 1264/1264/1264
f 1267/1267/1267 1268/1268/1268 1269/1269/1269
f 1272/1272/1272 1271/1271/1271 1270/1270/1270
f 1271/1271/1271 1272/1272/1272 1273/1273/1273
f 1274/1274/1274 1273/1273/1273 1272/1272/1272
f 1277/1277/1277 1276/1276/1276 1275/1275/1275
f 1278/1278/1278 1275/1275/1275 1276/1276/1276
f 1276/1276/1276 1279/1279/1279 1278/1278/1278
f 1282/1282/1282 1281/1281/1281 1280/1280/1280
f 1280/1280/1280 1283/1283/1283 1282/1282/1282
f 1284/1284/1284 1280/1280/1280 1281/1281/1281
f 1280/1280/1280 1285/1285/1285 1283/1283/1283
f 1280/1280/1280 1284/1284/1284 1285/1285/1285
f 1285/1285/1285 1284/1284/1284 1286/1286/1286
f 1287/1287/1287 1283/1283/1283 1285/1285/1285
f 1285/1285/1285 1286/1286/1286 1287/1287/1287
f 1284/1284/1284 1288/1288/1288 1286/1286/1286
f 1289/1289/1289 1287/1287/1287 1286/1286/1286
f 1288/1288/1288 1290/1290/1290 1286/1286/1286
f 1286/1286/1286 1291/1291/1291 1289/1289/1289
f 1292/1292/1292 1286/1286/1286 1290/1290/1290
f 1292/1292/1292 1291/1291/1291 1286/1286/1286
f 1290/1290/1290 1293/1293/1293 1292/1292/1292
f 1292/1292/1292 1294/1294/1294 1291/1291/1291
f 1294/1294/1294 1292/1292/1292 1293/1293/1293
f 1297/1297/1297 1296/1296/1296 1295/1295/1295
f 1297/1297/1297 1295/1295/1295 1298/1298/1298
f 1296/1296/1296 1299/1299/1299 1295/1295/1295
f 1300/1300/1300 1298/1298/1298 1295/1295/1295
f 1299/1299/1299 1301/1301/1301 1295/1295/1295
f 1302/1302/1302 1300/1300/1300 1295/1295/1295
f 1303/1303/1303 1295/1295/1295 1301/1301/1301
f 1302/1302/1302 1295/1295/1295 1303/1303/1303
g Combined Mesh (root: scene) 22_6
f 1306/1306/1306 1305/1305/1305 1304/1304/1304
f 1305/1305/1305 1307/1307/1307 1304/1304/1304
f 1305/1305/1305 1308/1308/1308 1307/1307/1307
f 1308/1308/1308 1309/1309/1309 1307/1307/1307
f 1308/1308/1308 1310/1310/1310 1309/1309/1309
f 1310/1310/1310 1311/1311/1311 1309/1309/1309
f 1310/1310/1310 1312/1312/1312 1311/1311/1311
f 1312/1312/1312 1313/1313/1313 1311/1311/1311
f 1316/1316/1316 1315/1315/1315 1314/1314/1314
f 1317/1317/1317 1316/1316/1316 1314/1314/1314
f 1318/1318/1318 1316/1316/1316 1317/1317/1317
f 1319/1319/1319 1318/1318/1318 1317/1317/1317
f 1320/1320/1320 1318/1318/1318 1319/1319/1319
f 1321/1321/1321 1320/1320/1320 1319/1319/1319
f 1322/1322/1322 1320/1320/1320 1321/1321/1321
f 1323/1323/1323 1322/1322/1322 1321/1321/1321
f 1324/1324/1324 1322/1322/1322 1323/1323/1323
f 1325/1325/1325 1324/1324/1324 1323/1323/1323
f 1328/1328/1328 1327/1327/1327 1326/1326/1326
f 1329/1329/1329 1328/1328/1328 1326/1326/1326
f 1332/1332/1332 1331/1331/1331 1330/1330/1330
f 1331/1331/1331 1333/1333/1333 1330/1330/1330
f 1330/1330/1330 1333/1333/1333 1334/1334/1334
f 1333/1333/1333 1335/1335/1335 1334/1334/1334
f 1334/1334/1334 1335/1335/1335 1336/1336/1336
f 1335/1335/1335 1337/1337/1337 1336/1336/1336
f 1336/1336/1336 1337/1337/1337 1338/1338/1338
f 1337/1337/1337 1339/1339/1339 1338/1338/1338
f 1338/1338/1338 1339/1339/1339 1340/1340/1340
f 1339/1339/1339 1341/1341/1341 1340/1340/1340
f 1344/1344/1344 1343/1343/1343 1342/1342/1342
f 1345/1345/1345 1344/1344/1344 1342/1342/1342
f 1348/1348/1348 1347/1347/1347 1346/1346/1346
f 1349/1349/1349 1348/1348/1348 1346/1346/1346
f 1352/1352/1352 1351/1351/1351 1350/1350/1350
f 1351/1351/1351 1353/1353/1353 1350/1350/1350
f 1350/1350/1350 1353/1353/1353 1354/1354/1354
f 1353/1353/1353 1355/1355/1355 1354/1354/1354
f 1354/1354/1354 1355/1355/1355 1356/1356/1356
f 1355/1355/1355 1357/1357/1357 1356/1356/1356
f 1356/1356/1356 1357/1357/1357 1358/1358/1358
f 1357/1357/1357 1359/1359/1359 1358/1358/1358
f 1362/1362/1362 1361/1361/1361 1360/1360/1360
f 1363/1363/1363 1362/1362/1362 1360/1360/1360
f 1364/1364/1364 1362/1362/1362 1363/1363/1363
f 1365/1365/1365 1364/1364/1364 1363/1363/1363
f 1366/1366/1366 1364/1364/1364 1365/1365/1365
f 1367/1367/1367 1366/1366/1366 1365/1365/1365
f 1368/1368/1368 1366/1366/1366 1367/1367/1367
f 1369/1369/1369 1368/1368/1368 1367/1367/1367
f 1370/1370/1370 1368/1368/1368 1369/1369/1369
f 1371/1371/1371 1370/1370/1370 1369/1369/1369
f 1372/1372/1372 1370/1370/1370 1371/1371/1371
f 1373/1373/1373 1372/1372/1372 1371/1371/1371
f 1376/1376/1376 1375/1375/1375 1374/1374/1374
f 1377/1377/1377 1376/1376/1376 1374/1374/1374
f 1378/1378/1378 1376/1376/1376 1377/1377/1377
f 1379/1379/1379 1378/1378/1378 1377/1377/1377
f 1380/1380/1380 1378/1378/1378 1379/1379/1379
f 1381/1381/1381 1380/1380/1380 1379/1379/1379
f 1382/1382/1382 1380/1380/1380 1381/1381/1381
f 1383/1383/1383 1382/1382/1382 1381/1381/1381
f 1386/1386/1386 1385/1385/1385 1384/1384/1384
f 1387/1387/1387 1386/1386/1386 1384/1384/1384
f 1388/1388/1388 1386/1386/1386 1387/1387/1387
f 1389/1389/1389 1388/1388/1388 1387/1387/1387
f 1390/1390/1390 1388/1388/1388 1389/1389/1389
f 1391/1391/1391 1390/1390/1390 1389/1389/1389
f 1392/1392/1392 1390/1390/1390 1391/1391/1391
f 1393/1393/1393 1392/1392/1392 1391/1391/1391
f 1394/1394/1394 1392/1392/1392 1393/1393/1393
f 1395/1395/1395 1394/1394/1394 1393/1393/1393
f 1398/1398/1398 1397/1397/1397 1396/1396/1396
f 1399/1399/1399 1398/1398/1398 1396/1396/1396
f 1402/1402/1402 1401/1401/1401 1400/1400/1400
f 1403/1403/1403 1402/1402/1402 1400/1400/1400
f 1404/1404/1404 1402/1402/1402 1403/1403/1403
f 1405/1405/1405 1404/1404/1404 1403/1403/1403
f 1406/1406/1406 1404/1404/1404 1405/1405/1405
f 1407/1407/1407 1406/1406/1406 1405/1405/1405
f 1408/1408/1408 1406/1406/1406 1407/1407/1407
f 1409/1409/1409 1408/1408/1408 1407/1407/1407
f 1410/1410/1410 1408/1408/1408 1409/1409/1409
f 1411/1411/1411 1410/1410/1410 1409/1409/1409
f 1412/1412/1412 1410/1410/1410 1411/1411/1411
f 1413/1413/1413 1412/1412/1412 1411/1411/1411
f 1414/1414/1414 1412/1412/1412 1413/1413/1413
f 1415/1415/1415 1414/1414/1414 1413/1413/1413
f 1416/1416/1416 1414/1414/1414 1415/1415/1415
f 1417/1417/1417 1416/1416/1416 1415/1415/1415
f 1418/1418/1418 1416/1416/1416 1417/1417/1417
f 1419/1419/1419 1418/1418/1418 1417/1417/1417
f 1420/1420/1420 1418/1418/1418 1419/1419/1419
f 1421/1421/1421 1420/1420/1420 1419/1419/1419
f 1424/1424/1424 1423/1423/1423 1422/1422/1422
f 1423/1423/1423 1425/1425/1425 1422/1422/1422
f 1422/1422/1422 1425/1425/1425 1426/1426/1426
f 1425/1425/1425 1427/1427/1427 1426/1426/1426
f 1426/1426/1426 1427/1427/1427 1428/1428/1428
f 1427/1427/1427 1429/1429/1429 1428/1428/1428
f 1428/1428/1428 1429/1429/1429 1430/1430/1430
f 1429/1429/1429 1431/1431/1431 1430/1430/1430
f 1430/1430/1430 1431/1431/1431 1432/1432/1432
f 1431/1431/1431 1433/1433/1433 1432/1432/1432
f 1436/1436/1436 1435/1435/1435 1434/1434/1434
f 1437/1437/1437 1436/1436/1436 1434/1434/1434
f 1440/1440/1440 1439/1439/1439 1438/1438/1438
f 1439/1439/1439 1441/1441/1441 1438/1438/1438
f 1438/1438/1438 1441/1441/1441 1442/1442/1442
f 1441/1441/1441 1443/1443/1443 1442/1442/1442
f 1442/1442/1442 1443/1443/1443 1444/1444/1444
f 1443/1443/1443 1445/1445/1445 1444/1444/1444
f 1444/1444/1444 1445/1445/1445 1446/1446/1446
f 1445/1445/1445 1447/1447/1447 1446/1446/1446
f 1450/1450/1450 1449/1449/1449 1448/1448/1448
f 1451/1451/1451 1450/1450/1450 1448/1448/1448
f 1452/1452/1452 1450/1450/1450 1451/1451/1451
f 1453/1453/1453 1452/1452/1452 1451/1451/1451
f 1454/1454/1454 1452/1452/1452 1453/1453/1453
f 1455/1455/1455 1454/1454/1454 1453/1453/1453
f 1456/1456/1456 1454/1454/1454 1455/1455/1455
f 1457/1457/1457 1456/1456/1456 1455/1455/1455
f 1458/1458/1458 1456/1456/1456 1457/1457/1457
f 1459/1459/1459 1458/1458/1458 1457/1457/1457
f 1462/1462/1462 1461/1461/1461 1460/1460/1460
f 1461/1461/1461 1463/1463/1463 1460/1460/1460
f 1460/1460/1460 1463/1463/1463 1464/1464/1464
f 1463/1463/1463 1465/1465/1465 1464/1464/1464
f 1464/1464/1464 1465/1465/1465 1466/1466/1466
f 1465/1465/1465 1467/1467/1467 1466/1466/1466
f 1466/1466/1466 1467/1467/1467 1468/1468/1468
f 1467/1467/1467 1469/1469/1469 1468/1468/1468
f 1468/1468/1468 1469/1469/1469 1470/1470/1470
f 1469/1469/1469 1471/1471/1471 1470/1470/1470
f 1474/1474/1474 1473/1473/1473 1472/1472/1472
f 1473/1473/1473 1475/1475/1475 1472/1472/1472
f 1472/1472/1472 1475/1475/1475 1476/1476/1476
f 1475/1475/1475 1477/1477/1477 1476/1476/1476
f 1476/1476/1476 1477/1477/1477 1478/1478/1478
f 1481/1481/1481 1480/1480/1480 1479/1479/1479
f 1479/1479/1479 1480/1480/1480 1482/1482/1482
f 1480/1480/1480 1483/1483/1483 1482/1482/1482
f 1482/1482/1482 1483/1483/1483 1484/1484/1484
f 1483/1483/1483 1485/1485/1485 1484/1484/1484
f 1484/1484/1484 1485/1485/1485 1486/1486/1486
f 1485/1485/1485 1487/1487/1487 1486/1486/1486
f 1486/1486/1486 1487/1487/1487 1488/1488/1488
f 1487/1487/1487 1489/1489/1489 1488/1488/1488
f 1488/1488/1488 1489/1489/1489 1490/1490/1490
f 1489/1489/1489 1491/1491/1491 1490/1490/1490
f 1490/1490/1490 1491/1491/1491 1492/1492/1492
f 1491/1491/1491 1493/1493/1493 1492/1492/1492
f 1492/1492/1492 1493/1493/1493 1494/1494/1494
f 1493/1493/1493 1495/1495/1495 1494/1494/1494
f 1498/1498/1498 1497/1497/1497 1496/1496/1496
f 1499/1499/1499 1498/1498/1498 1496/1496/1496
f 1500/1500/1500 1498/1498/1498 1499/1499/1499
f 1501/1501/1501 1500/1500/1500 1499/1499/1499
f 1502/1502/1502 1500/1500/1500 1501/1501/1501
f 1503/1503/1503 1502/1502/1502 1501/1501/1501
f 1504/1504/1504 1502/1502/1502 1503/1503/1503
f 1505/1505/1505 1504/1504/1504 1503/1503/1503
f 1506/1506/1506 1504/1504/1504 1505/1505/1505
f 1507/1507/1507 1506/1506/1506 1505/1505/1505
f 1508/1508/1508 1506/1506/1506 1507/1507/1507
f 1509/1509/1509 1508/1508/1508 1507/1507/1507
f 1510/1510/1510 1508/1508/1508 1509/1509/1509
f 1511/1511/1511 1510/1510/1510 1509/1509/1509
f 1512/1512/1512 1510/1510/1510 1511/1511/1511
f 1513/1513/1513 1512/1512/1512 1511/1511/1511
f 1514/1514/1514 1512/1512/1512 1513/1513/1513
f 1515/1515/1515 1514/1514/1514 1513/1513/1513
f 1516/1516/1516 1514/1514/1514 1515/1515/1515
f 1517/1517/1517 1516/1516/1516 1515/1515/1515
f 1518/1518/1518 1516/1516/1516 1517/1517/1517
f 1519/1519/1519 1518/1518/1518 1517/1517/1517
f 1520/1520/1520 1518/1518/1518 1519/1519/1519
f 1521/1521/1521 1520/1520/1520 1519/1519/1519
f 1522/1522/1522 1520/1520/1520 1521/1521/1521
f 1523/1523/1523 1522/1522/1522 1521/1521/1521
f 1524/1524/1524 1522/1522/1522 1523/1523/1523
f 1525/1525/1525 1524/1524/1524 1523/1523/1523
f 1526/1526/1526 1524/1524/1524 1525/1525/1525
f 1527/1527/1527 1526/1526/1526 1525/1525/1525
f 1528/1528/1528 1526/1526/1526 1527/1527/1527
f 1529/1529/1529 1528/1528/1528 1527/1527/1527
f 1530/1530/1530 1528/1528/1528 1529/1529/1529
f 1531/1531/1531 1530/1530/1530 1529/1529/1529
f 1532/1532/1532 1530/1530/1530 1531/1531/1531
f 1533/1533/1533 1532/1532/1532 1531/1531/1531
f 1534/1534/1534 1532/1532/1532 1533/1533/1533
f 1535/1535/1535 1534/1534/1534 1533/1533/1533
f 1536/1536/1536 1534/1534/1534 1535/1535/1535
f 1537/1537/1537 1536/1536/1536 1535/1535/1535
f 1540/1540/1540 1539/1539/1539 1538/1538/1538
f 1538/1538/1538 1539/1539/1539 1541/1541/1541
f 1539/1539/1539 1542/1542/1542 1541/1541/1541
f 1541/1541/1541 1542/1542/1542 1543/1543/1543
f 1542/1542/1542 1544/1544/1544 1543/1543/1543
f 1543/1543/1543 1544/1544/1544 1545/1545/1545
f 1544/1544/1544 1546/1546/1546 1545/1545/1545
f 1545/1545/1545 1546/1546/1546 1547/1547/1547
f 1546/1546/1546 1548/1548/1548 1547/1547/1547
f 1551/1551/1551 1550/1550/1550 1549/1549/1549
f 1552/1552/1552 1550/1550/1550 1551/1551/1551
f 1553/1553/1553 1552/1552/1552 1551/1551/1551
f 1556/1556/1556 1555/1555/1555 1554/1554/1554
f 1555/1555/1555 1557/1557/1557 1554/1554/1554
f 1554/1554/1554 1557/1557/1557 1558/1558/1558
f 1557/1557/1557 1559/1559/1559 1558/1558/1558
f 1562/1562/1562 1561/1561/1561 1560/1560/1560
f 1561/1561/1561 1563/1563/1563 1560/1560/1560
f 1560/1560/1560 1563/1563/1563 1564/1564/1564
f 1563/1563/1563 1565/1565/1565 1564/1564/1564
f 1564/1564/1564 1565/1565/1565 1566/1566/1566
f 1565/1565/1565 1567/1567/1567 1566/1566/1566
f 1566/1566/1566 1567/1567/1567 1568/1568/1568
f 1567/1567/1567 1569/1569/1569 1568/1568/1568
f 1568/1568/1568 1569/1569/1569 1570/1570/1570
f 1573/1573/1573 1572/1572/1572 1571/1571/1571
f 1571/1571/1571 1572/1572/1572 1574/1574/1574
f 1572/1572/1572 1575/1575/1575 1574/1574/1574
f 1574/1574/1574 1575/1575/1575 1576/1576/1576
f 1575/1575/1575 1577/1577/1577 1576/1576/1576
f 1576/1576/1576 1577/1577/1577 1578/1578/1578
f 1577/1577/1577 1579/1579/1579 1578/1578/1578
f 1578/1578/1578 1579/1579/1579 1580/1580/1580
f 1579/1579/1579 1581/1581/1581 1580/1580/1580
f 1584/1584/1584 1583/1583/1583 1582/1582/1582
f 1583/1583/1583 1585/1585/1585 1582/1582/1582
f 1582/1582/1582 1585/1585/1585 1586/1586/1586
f 1585/1585/1585 1587/1587/1587 1586/1586/1586
f 1586/1586/1586 1587/1587/1587 1588/1588/1588
f 1587/1587/1587 1589/1589/1589 1588/1588/1588
f 1592/1592/1592 1591/1591/1591 1590/1590/1590
f 1591/1591/1591 1593/1593/1593 1590/1590/1590
f 1590/1590/1590 1593/1593/1593 1594/1594/1594
f 1593/1593/1593 1595/1595/1595 1594/1594/1594
f 1594/1594/1594 1595/1595/1595 1596/1596/1596
f 1595/1595/1595 1597/1597/1597 1596/1596/1596
f 1596/1596/1596 1597/1597/1597 1598/1598/1598
f 1597/1597/1597 1599/1599/1599 1598/1598/1598
f 1598/1598/1598 1599/1599/1599 1600/1600/1600
f 1599/1599/1599 1601/1601/1601 1600/1600/1600
f 1600/1600/1600 1601/1601/1601 1602/1602/1602
f 1601/1601/1601 1603/1603/1603 1602/1602/1602
f 1602/1602/1602 1603/1603/1603 1604/1604/1604
f 1603/1603/1603 1605/1605/1605 1604/1604/1604
f 1604/1604/1604 1605/1605/1605 1606/1606/1606
f 1605/1605/1605 1607/1607/1607 1606/1606/1606
f 1606/1606/1606 1607/1607/1607 1608/1608/1608
f 1607/1607/1607 1609/1609/1609 1608/1608/1608
f 1608/1608/1608 1609/1609/1609 1610/1610/1610
f 1609/1609/1609 1611/1611/1611 1610/1610/1610
f 1610/1610/1610 1611/1611/1611 1612/1612/1612
f 1611/1611/1611 1613/1613/1613 1612/1612/1612
f 1612/1612/1612 1613/1613/1613 1614/1614/1614
f 1613/1613/1613 1615/1615/1615 1614/1614/1614
f 1614/1614/1614 1615/1615/1615 1616/1616/1616
f 1615/1615/1615 1617/1617/1617 1616/1616/1616
f 1616/1616/1616 1617/1617/1617 1618/1618/1618
f 1617/1617/1617 1619/1619/1619 1618/1618/1618
f 1618/1618/1618 1619/1619/1619 1620/1620/1620
f 1619/1619/1619 1621/1621/1621 1620/1620/1620
f 1620/1620/1620 1621/1621/1621 1622/1622/1622
f 1621/1621/1621 1623/1623/1623 1622/1622/1622
f 1622/1622/1622 1623/1623/1623 1624/1624/1624
f 1623/1623/1623 1625/1625/1625 1624/1624/1624
f 1624/1624/1624 1625/1625/1625 1626/1626/1626
f 1625/1625/1625 1627/1627/1627 1626/1626/1626
f 1626/1626/1626 1627/1627/1627 1628/1628/1628
f 1627/1627/1627 1629/1629/1629 1628/1628/1628
f 1628/1628/1628 1629/1629/1629 1630/1630/1630
f 1629/1629/1629 1631/1631/1631 1630/1630/1630
f 1634/1634/1634 1633/1633/1633 1632/1632/1632
f 1633/1633/1633 1635/1635/1635 1632/1632/1632
f 1632/1632/1632 1635/1635/1635 1636/1636/1636
f 1635/1635/1635 1637/1637/1637 1636/1636/1636
f 1636/1636/1636 1637/1637/1637 1638/1638/1638
f 1637/1637/1637 1639/1639/1639 1638/1638/1638
f 1638/1638/1638 1639/1639/1639 1640/1640/1640
f 1639/1639/1639 1641/1641/1641 1640/1640/1640
f 1644/1644/1644 1643/1643/1643 1642/1642/1642
f 1645/1645/1645 1644/1644/1644 1642/1642/1642
f 1646/1646/1646 1644/1644/1644 1645/1645/1645
f 1647/1647/1647 1646/1646/1646 1645/1645/1645
f 1648/1648/1648 1646/1646/1646 1647/1647/1647
f 1649/1649/1649 1648/1648/1648 1647/1647/1647
f 1650/1650/1650 1648/1648/1648 1649/1649/1649
f 1651/1651/1651 1650/1650/1650 1649/1649/1649
f 1654/1654/1654 1653/1653/1653 1652/1652/1652
f 1655/1655/1655 1654/1654/1654 1652/1652/1652
f 1656/1656/1656 1654/1654/1654 1655/1655/1655
f 1657/1657/1657 1656/1656/1656 1655/1655/1655
f 1658/1658/1658 1656/1656/1656 1657/1657/1657
f 1659/1659/1659 1658/1658/1658 1657/1657/1657
f 1660/1660/1660 1658/1658/1658 1659/1659/1659
f 1661/1661/1661 1660/1660/1660 1659/1659/1659
f 1664/1664/1664 1663/1663/1663 1662/1662/1662
f 1665/1665/1665 1664/1664/1664 1662/1662/1662
f 1666/1666/1666 1664/1664/1664 1665/1665/1665
f 1667/1667/1667 1666/1666/1666 1665/1665/1665
f 1668/1668/1668 1666/1666/1666 1667/1667/1667
f 1669/1669/1669 1668/1668/1668 1667/1667/1667
f 1670/1670/1670 1668/1668/1668 1669/1669/1669
f 1671/1671/1671 1670/1670/1670 1669/1669/1669
f 1674/1674/1674 1673/1673/1673 1672/1672/1672
f 1675/1675/1675 1674/1674/1674 1672/1672/1672
f 1676/1676/1676 1674/1674/1674 1675/1675/1675
f 1677/1677/1677 1676/1676/1676 1675/1675/1675
f 1678/1678/1678 1676/1676/1676 1677/1677/1677
f 1679/1679/1679 1678/1678/1678 1677/1677/1677
f 1682/1682/1682 1681/1681/1681 1680/1680/1680
f 1683/1683/1683 1682/1682/1682 1680/1680/1680
f 1686/1686/1686 1685/1685/1685 1684/1684/1684
f 1687/1687/1687 1686/1686/1686 1684/1684/1684
f 1688/1688/1688 1686/1686/1686 1687/1687/1687
f 1689/1689/1689 1688/1688/1688 1687/1687/1687
f 1690/1690/1690 1688/1688/1688 1689/1689/1689
f 1691/1691/1691 1690/1690/1690 1689/1689/1689
f 1692/1692/1692 1690/1690/1690 1691/1691/1691
f 1693/1693/1693 1692/1692/1692 1691/1691/1691
f 1694/1694/1694 1692/1692/1692 1693/1693/1693
f 1695/1695/1695 1694/1694/1694 1693/1693/1693
f 1696/1696/1696 1694/1694/1694 1695/1695/1695
f 1697/1697/1697 1696/1696/1696 1695/1695/1695
f 1698/1698/1698 1696/1696/1696 1697/1697/1697
f 1699/1699/1699 1698/1698/1698 1697/1697/1697
f 1700/1700/1700 1698/1698/1698 1699/1699/1699
f 1701/1701/1701 1700/1700/1700 1699/1699/1699
f 1702/1702/1702 1700/1700/1700 1701/1701/1701
f 1703/1703/1703 1702/1702/1702 1701/1701/1701
f 1704/1704/1704 1702/1702/1702 1703/1703/1703
f 1705/1705/1705 1704/1704/1704 1703/1703/1703
f 1706/1706/1706 1704/1704/1704 1705/1705/1705
f 1707/1707/1707 1706/1706/1706 1705/1705/1705
f 1708/1708/1708 1706/1706/1706 1707/1707/1707
f 1709/1709/1709 1708/1708/1708 1707/1707/1707
f 1710/1710/1710 1708/1708/1708 1709/1709/1709
f 1711/1711/1711 1710/1710/1710 1709/1709/1709
f 1712/1712/1712 1710/1710/1710 1711/1711/1711
f 1713/1713/1713 1712/1712/1712 1711/1711/1711
f 1714/1714/1714 1712/1712/1712 1713/1713/1713
f 1715/1715/1715 1714/1714/1714 1713/1713/1713
f 1716/1716/1716 1714/1714/1714 1715/1715/1715
f 1717/1717/1717 1716/1716/1716 1715/1715/1715
f 1718/1718/1718 1716/1716/1716 1717/1717/1717
f 1719/1719/1719 1718/1718/1718 1717/1717/1717
f 1720/1720/1720 1718/1718/1718 1719/1719/1719
f 1721/1721/1721 1720/1720/1720 1719/1719/1719
f 1722/1722/1722 1720/1720/1720 1721/1721/1721
f 1723/1723/1723 1722/1722/1722 1721/1721/1721
f 1724/1724/1724 1722/1722/1722 1723/1723/1723
f 1725/1725/1725 1724/1724/1724 1723/1723/1723
f 1728/1728/1728 1727/1727/1727 1726/1726/1726
f 1729/1729/1729 1728/1728/1728 1726/1726/1726
f 1730/1730/1730 1728/1728/1728 1729/1729/1729
f 1731/1731/1731 1730/1730/1730 1729/1729/1729
f 1732/1732/1732 1730/1730/1730 1731/1731/1731
f 1733/1733/1733 1732/1732/1732 1731/1731/1731
f 1734/1734/1734 1732/1732/1732 1733/1733/1733
f 1735/1735/1735 1734/1734/1734 1733/1733/1733
f 1736/1736/1736 1734/1734/1734 1735/1735/1735
f 1739/1739/1739 1738/1738/1738 1737/1737/1737
f 1738/1738/1738 1740/1740/1740 1737/1737/1737
f 1737/1737/1737 1740/1740/1740 1741/1741/1741
f 1740/1740/1740 1742/1742/1742 1741/1741/1741
f 1741/1741/1741 1742/1742/1742 1743/1743/1743
f 1742/1742/1742 1744/1744/1744 1743/1743/1743
f 1743/1743/1743 1744/1744/1744 1745/1745/1745
f 1744/1744/1744 1746/1746/1746 1745/1745/1745
f 1745/1745/1745 1746/1746/1746 1747/1747/1747
f 1746/1746/1746 1748/1748/1748 1747/1747/1747
f 1751/1751/1751 1750/1750/1750 1749/1749/1749
f 1750/1750/1750 1752/1752/1752 1749/1749/1749
f 1749/1749/1749 1752/1752/1752 1753/1753/1753
f 1752/1752/1752 1754/1754/1754 1753/1753/1753
f 1753/1753/1753 1754/1754/1754 1755/1755/1755
f 1754/1754/1754 1756/1756/1756 1755/1755/1755
f 1755/1755/1755 1756/1756/1756 1757/1757/1757
f 1756/1756/1756 1758/1758/1758 1757/1757/1757
f 1757/1757/1757 1758/1758/1758 1759/1759/1759
f 1758/1758/1758 1760/1760/1760 1759/1759/1759
f 1759/1759/1759 1760/1760/1760 1761/1761/1761
f 1760/1760/1760 1762/1762/1762 1761/1761/1761
f 1765/1765/1765 1764/1764/1764 1763/1763/1763
f 1764/1764/1764 1766/1766/1766 1763/1763/1763
f 1763/1763/1763 1766/1766/1766 1767/1767/1767
f 1766/1766/1766 1768/1768/1768 1767/1767/1767
f 1767/1767/1767 1768/1768/1768 1769/1769/1769
f 1768/1768/1768 1770/1770/1770 1769/1769/1769
f 1769/1769/1769 1770/1770/1770 1771/1771/1771
f 1770/1770/1770 1772/1772/1772 1771/1771/1771
f 1771/1771/1771 1772/1772/1772 1773/1773/1773
f 1776/1776/1776 1775/1775/1775 1774/1774/1774
f 1775/1775/1775 1777/1777/1777 1774/1774/1774
f 1774/1774/1774 1777/1777/1777 1778/1778/1778
f 1777/1777/1777 1779/1779/1779 1778/1778/1778
f 1778/1778/1778 1779/1779/1779 1780/1780/1780
f 1779/1779/1779 1781/1781/1781 1780/1780/1780
f 1784/1784/1784 1783/1783/1783 1782/1782/1782
f 1783/1783/1783 1785/1785/1785 1782/1782/1782
f 1782/1782/1782 1785/1785/1785 1786/1786/1786
f 1785/1785/1785 1787/1787/1787 1786/1786/1786
f 1786/1786/1786 1787/1787/1787 1788/1788/1788
f 1787/1787/1787 1789/1789/1789 1788/1788/1788
f 1788/1788/1788 1789/1789/1789 1790/1790/1790
f 1789/1789/1789 1791/1791/1791 1790/1790/1790
f 1790/1790/1790 1791/1791/1791 1792/1792/1792
f 1791/1791/1791 1793/1793/1793 1792/1792/1792
f 1796/1796/1796 1795/1795/1795 1794/1794/1794
f 1795/1795/1795 1797/1797/1797 1794/1794/1794
f 1794/1794/1794 1797/1797/1797 1798/1798/1798
f 1797/1797/1797 1799/1799/1799 1798/1798/1798
f 1798/1798/1798 1799/1799/1799 1800/1800/1800
f 1799/1799/1799 1801/1801/1801 1800/1800/1800
f 1800/1800/1800 1801/1801/1801 1802/1802/1802
f 1801/1801/1801 1803/1803/1803 1802/1802/1802
f 1806/1806/1806 1805/1805/1805 1804/1804/1804
f 1805/1805/1805 1807/1807/1807 1804/1804/1804
f 1804/1804/1804 1807/1807/1807 1808/1808/1808
f 1807/1807/1807 1809/1809/1809 1808/1808/1808
f 1808/1808/1808 1809/1809/1809 1810/1810/1810
f 1809/1809/1809 1811/1811/1811 1810/1810/1810
f 1814/1814/1814 1813/1813/1813 1812/1812/1812
f 1813/1813/1813 1815/1815/1815 1812/1812/1812
f 1812/1812/1812 1815/1815/1815 1816/1816/1816
f 1815/1815/1815 1817/1817/1817 1816/1816/1816
f 1816/1816/1816 1817/1817/1817 1818/1818/1818
f 1817/1817/1817 1819/1819/1819 1818/1818/1818
f 1818/1818/1818 1819/1819/1819 1820/1820/1820
f 1819/1819/1819 1821/1821/1821 1820/1820/1820
f 1820/1820/1820 1821/1821/1821 1822/1822/1822
f 1821/1821/1821 1823/1823/1823 1822/1822/1822
f 1826/1826/1826 1825/1825/1825 1824/1824/1824
f 1827/1827/1827 1826/1826/1826 1824/1824/1824
f 1828/1828/1828 1826/1826/1826 1827/1827/1827
f 1829/1829/1829 1828/1828/1828 1827/1827/1827
f 1830/1830/1830 1828/1828/1828 1829/1829/1829
f 1831/1831/1831 1830/1830/1830 1829/1829/1829
f 1832/1832/1832 1830/1830/1830 1831/1831/1831
f 1833/1833/1833 1832/1832/1832 1831/1831/1831
f 1834/1834/1834 1832/1832/1832 1833/1833/1833
f 1835/1835/1835 1834/1834/1834 1833/1833/1833
f 1836/1836/1836 1834/1834/1834 1835/1835/1835
f 1837/1837/1837 1836/1836/1836 1835/1835/1835
f 1838/1838/1838 1836/1836/1836 1837/1837/1837
f 1839/1839/1839 1838/1838/1838 1837/1837/1837
f 1840/1840/1840 1838/1838/1838 1839/1839/1839
f 1841/1841/1841 1840/1840/1840 1839/1839/1839
f 1842/1842/1842 1840/1840/1840 1841/1841/1841
f 1843/1843/1843 1842/1842/1842 1841/1841/1841
f 1844/1844/1844 1842/1842/1842 1843/1843/1843
f 1845/1845/1845 1844/1844/1844 1843/1843/1843
f 1846/1846/1846 1844/1844/1844 1845/1845/1845
f 1847/1847/1847 1846/1846/1846 1845/1845/1845
f 1848/1848/1848 1846/1846/1846 1847/1847/1847
f 1849/1849/1849 1848/1848/1848 1847/1847/1847
f 1850/1850/1850 1848/1848/1848 1849/1849/1849
f 1851/1851/1851 1850/1850/1850 1849/1849/1849
f 1852/1852/1852 1850/1850/1850 1851/1851/1851
f 1853/1853/1853 1852/1852/1852 1851/1851/1851
f 1854/1854/1854 1852/1852/1852 1853/1853/1853
f 1855/1855/1855 1854/1854/1854 1853/1853/1853
f 1856/1856/1856 1854/1854/1854 1855/1855/1855
f 1857/1857/1857 1856/1856/1856 1855/1855/1855
f 1858/1858/1858 1856/1856/1856 1857/1857/1857
f 1859/1859/1859 1858/1858/1858 1857/1857/1857
f 1860/1860/1860 1858/1858/1858 1859/1859/1859
f 1861/1861/1861 1860/1860/1860 1859/1859/1859
f 1862/1862/1862 1860/1860/1860 1861/1861/1861
f 1863/1863/1863 1862/1862/1862 1861/1861/1861
f 1864/1864/1864 1862/1862/1862 1863/1863/1863
f 1865/1865/1865 1864/1864/1864 1863/1863/1863
f 1868/1868/1868 1867/1867/1867 1866/1866/1866
f 1866/1866/1866 1867/1867/1867 1869/1869/1869
f 1870/1870/1870 1867/1867/1867 1868/1868/1868
f 1869/1869/1869 1867/1867/1867 1871/1871/1871
f 1872/1872/1872 1867/1867/1867 1870/1870/1870
f 1871/1871/1871 1867/1867/1867 1873/1873/1873
f 1874/1874/1874 1867/1867/1867 1872/1872/1872
f 1873/1873/1873 1867/1867/1867 1875/1875/1875
f 1876/1876/1876 1867/1867/1867 1874/1874/1874
f 1875/1875/1875 1867/1867/1867 1877/1877/1877
f 1878/1878/1878 1867/1867/1867 1876/1876/1876
f 1877/1877/1877 1867/1867/1867 1879/1879/1879
f 1880/1880/1880 1867/1867/1867 1878/1878/1878
f 1879/1879/1879 1867/1867/1867 1881/1881/1881
f 1882/1882/1882 1867/1867/1867 1880/1880/1880
f 1881/1881/1881 1867/1867/1867 1883/1883/1883
f 1884/1884/1884 1867/1867/1867 1882/1882/1882
f 1883/1883/1883 1867/1867/1867 1885/1885/1885
f 1886/1886/1886 1867/1867/1867 1884/1884/1884
f 1885/1885/1885 1867/1867/1867 1886/1886/1886
f 1889/1889/1889 1888/1888/1888 1887/1887/1887
f 1887/1887/1887 1888/1888/1888 1890/1890/1890
f 1891/1891/1891 1888/1888/1888 1889/1889/1889
f 1890/1890/1890 1888/1888/1888 1892/1892/1892
f 1893/1893/1893 1888/1888/1888 1891/1891/1891
f 1892/1892/1892 1888/1888/1888 1894/1894/1894
f 1895/1895/1895 1888/1888/1888 1893/1893/1893
f 1894/1894/1894 1888/1888/1888 1896/1896/1896
f 1897/1897/1897 1888/1888/1888 1895/1895/1895
f 1896/1896/1896 1888/1888/1888 1898/1898/1898
f 1899/1899/1899 1888/1888/1888 1897/1897/1897
f 1898/1898/1898 1888/1888/1888 1900/1900/1900
f 1901/1901/1901 1888/1888/1888 1899/1899/1899
f 1900/1900/1900 1888/1888/1888 1902/1902/1902
f 1903/1903/1903 1888/1888/1888 1901/1901/1901
f 1902/1902/1902 1888/1888/1888 1904/1904/1904
f 1905/1905/1905 1888/1888/1888 1903/1903/1903
f 1904/1904/1904 1888/1888/1888 1906/1906/1906
f 1907/1907/1907 1888/1888/1888 1905/1905/1905
f 1906/1906/1906 1888/1888/1888 1907/1907/1907
g Combined Mesh (root: scene) 22_7
f 1910/1910/1910 1909/1909/1909 1908/1908/1908
f 1909/1909/1909 1911/1911/1911 1908/1908/1908
f 1909/1909/1909 1912/1912/1912 1911/1911/1911
f 1912/1912/1912 1913/1913/1913 1911/1911/1911
f 1916/1916/1916 1915/1915/1915 1914/1914/1914
f 1915/1915/1915 1917/1917/1917 1914/1914/1914
f 1914/1914/1914 1917/1917/1917 1918/1918/1918
f 1915/1915/1915 1919/1919/1919 1917/1917/1917
f 1917/1917/1917 1920/1920/1920 1918/1918/1918
f 1919/1919/1919 1921/1921/1921 1917/1917/1917
f 1917/1917/1917 1921/1921/1921 1920/1920/1920
f 1921/1921/1921 1922/1922/1922 1920/1920/1920
f 1925/1925/1925 1924/1924/1924 1923/1923/1923
f 1924/1924/1924 1926/1926/1926 1923/1923/1923
f 1924/1924/1924 1927/1927/1927 1926/1926/1926
f 1927/1927/1927 1928/1928/1928 1926/1926/1926
f 1931/1931/1931 1930/1930/1930 1929/1929/1929
f 1932/1932/1932 1931/1931/1931 1929/1929/1929
f 1933/1933/1933 1931/1931/1931 1932/1932/1932
f 1934/1934/1934 1933/1933/1933 1932/1932/1932
f 1929/1929/1929 1935/1935/1935 1932/1932/1932
f 1932/1932/1932 1935/1935/1935 1934/1934/1934
f 1936/1936/1936 1935/1935/1935 1929/1929/1929
f 1934/1934/1934 1935/1935/1935 1937/1937/1937
f 1938/1938/1938 1935/1935/1935 1936/1936/1936
f 1937/1937/1937 1935/1935/1935 1938/1938/1938
f 1941/1941/1941 1940/1940/1940 1939/1939/1939
f 1942/1942/1942 1941/1941/1941 1939/1939/1939
f 1945/1945/1945 1944/1944/1944 1943/1943/1943
f 1946/1946/1946 1945/1945/1945 1943/1943/1943
g Combined Mesh (root: scene) 22_8
f 1950/1950/1950 1949/1949/1949 1947/1947/1947
f 1948/1948/1948 1950/1950/1950 1947/1947/1947
f 1952/1952/1952 1951/1951/1951 1955/1955/1955
f 1956/1956/1956 1952/1952/1952 1955/1955/1955
f 1954/1954/1954 1953/1953/1953 1957/1957/1957
f 1958/1958/1958 1954/1954/1954 1957/1957/1957
f 1961/1961/1961 1960/1960/1960 1959/1959/1959
f 1962/1962/1962 1961/1961/1961 1959/1959/1959
f 1965/1965/1965 1964/1964/1964 1963/1963/1963
f 1966/1966/1966 1965/1965/1965 1963/1963/1963
f 1969/1969/1969 1968/1968/1968 1967/1967/1967
f 1970/1970/1970 1969/1969/1969 1967/1967/1967
g Combined Mesh (root: scene) 22_9
f 1973/1973/1973 1972/1972/1972 1971/1971/1971
f 1974/1974/1974 1973/1973/1973 1971/1971/1971
f 1975/1975/1975 1973/1973/1973 1974/1974/1974
f 1976/1976/1976 1975/1975/1975 1974/1974/1974
f 1975/1975/1975 1976/1976/1976 1977/1977/1977
f 1976/1976/1976 1978/1978/1978 1977/1977/1977
f 1981/1981/1981 1980/1980/1980 1979/1979/1979
f 1980/1980/1980 1982/1982/1982 1979/1979/1979
f 1979/1979/1979 1982/1982/1982 1983/1983/1983
f 1982/1982/1982 1984/1984/1984 1983/1983/1983
f 1987/1987/1987 1986/1986/1986 1985/1985/1985
f 1986/1986/1986 1988/1988/1988 1985/1985/1985
f 1985/1985/1985 1988/1988/1988 1989/1989/1989
f 1988/1988/1988 1990/1990/1990 1989/1989/1989
f 1989/1989/1989 1990/1990/1990 1991/1991/1991
f 1990/1990/1990 1992/1992/1992 1991/1991/1991
f 1995/1995/1995 1994/1994/1994 1993/1993/1993
f 1994/1994/1994 1996/1996/1996 1993/1993/1993
f 1993/1993/1993 1996/1996/1996 1997/1997/1997
f 1996/1996/1996 1998/1998/1998 1997/1997/1997
f 2001/2001/2001 2000/2000/2000 1999/1999/1999
f 2002/2002/2002 2001/2001/2001 1999/1999/1999
f 2003/2003/2003 2001/2001/2001 2002/2002/2002
f 2004/2004/2004 2003/2003/2003 2002/2002/2002
f 2003/2003/2003 2004/2004/2004 2005/2005/2005
f 2004/2004/2004 2006/2006/2006 2005/2005/2005
f 2009/2009/2009 2008/2008/2008 2007/2007/2007
f 2008/2008/2008 2010/2010/2010 2007/2007/2007
f 2007/2007/2007 2010/2010/2010 2011/2011/2011
f 2010/2010/2010 2012/2012/2012 2011/2011/2011
f 2015/2015/2015 2014/2014/2014 2013/2013/2013
f 2014/2014/2014 2016/2016/2016 2013/2013/2013
f 2013/2013/2013 2016/2016/2016 2017/2017/2017
f 2016/2016/2016 2018/2018/2018 2017/2017/2017
f 2017/2017/2017 2018/2018/2018 2019/2019/2019
f 2018/2018/2018 2020/2020/2020 2019/2019/2019
f 2023/2023/2023 2022/2022/2022 2021/2021/2021
f 2022/2022/2022 2024/2024/2024 2021/2021/2021
f 2021/2021/2021 2024/2024/2024 2025/2025/2025
f 2024/2024/2024 2026/2026/2026 2025/2025/2025
f 2029/2029/2029 2028/2028/2028 2027/2027/2027
f 2030/2030/2030 2029/2029/2029 2027/2027/2027
f 2031/2031/2031 2029/2029/2029 2030/2030/2030
f 2032/2032/2032 2031/2031/2031 2030/2030/2030
f 2032/2032/2032 2033/2033/2033 2031/2031/2031
f 2033/2033/2033 2034/2034/2034 2031/2031/2031
f 2037/2037/2037 2036/2036/2036 2035/2035/2035
f 2036/2036/2036 2038/2038/2038 2035/2035/2035
f 2035/2035/2035 2038/2038/2038 2039/2039/2039
f 2038/2038/2038 2040/2040/2040 2039/2039/2039
f 2043/2043/2043 2042/2042/2042 2041/2041/2041
f 2042/2042/2042 2044/2044/2044 2041/2041/2041
f 2041/2041/2041 2044/2044/2044 2045/2045/2045
f 2044/2044/2044 2046/2046/2046 2045/2045/2045
f 2045/2045/2045 2046/2046/2046 2047/2047/2047
f 2046/2046/2046 2048/2048/2048 2047/2047/2047
f 2051/2051/2051 2050/2050/2050 2049/2049/2049
f 2050/2050/2050 2052/2052/2052 2049/2049/2049
f 2049/2049/2049 2052/2052/2052 2053/2053/2053
f 2052/2052/2052 2054/2054/2054 2053/2053/2053
f 2057/2057/2057 2056/2056/2056 2055/2055/2055
f 2058/2058/2058 2057/2057/2057 2055/2055/2055
f 2059/2059/2059 2057/2057/2057 2058/2058/2058
f 2060/2060/2060 2059/2059/2059 2058/2058/2058
f 2059/2059/2059 2060/2060/2060 2061/2061/2061
f 2060/2060/2060 2062/2062/2062 2061/2061/2061
f 2065/2065/2065 2064/2064/2064 2063/2063/2063
f 2064/2064/2064 2066/2066/2066 2063/2063/2063
f 2063/2063/2063 2066/2066/2066 2067/2067/2067
f 2066/2066/2066 2068/2068/2068 2067/2067/2067
f 2071/2071/2071 2070/2070/2070 2069/2069/2069
f 2070/2070/2070 2072/2072/2072 2069/2069/2069
f 2069/2069/2069 2072/2072/2072 2073/2073/2073
f 2072/2072/2072 2074/2074/2074 2073/2073/2073
f 2073/2073/2073 2074/2074/2074 2075/2075/2075
f 2074/2074/2074 2076/2076/2076 2075/2075/2075
f 2079/2079/2079 2078/2078/2078 2077/2077/2077
f 2078/2078/2078 2080/2080/2080 2077/2077/2077
f 2077/2077/2077 2080/2080/2080 2081/2081/2081
f 2080/2080/2080 2082/2082/2082 2081/2081/2081
f 2085/2085/2085 2084/2084/2084 2083/2083/2083
f 2086/2086/2086 2085/2085/2085 2083/2083/2083
f 2086/2086/2086 2083/2083/2083 2087/2087/2087
f 2088/2088/2088 2085/2085/2085 2086/2086/2086
f 2089/2089/2089 2086/2086/2086 2087/2087/2087
f 2090/2090/2090 2088/2088/2088 2086/2086/2086
f 2090/2090/2090 2086/2086/2086 2089/2089/2089
f 2091/2091/2091 2090/2090/2090 2089/2089/2089
f 2094/2094/2094 2093/2093/2093 2092/2092/2092
f 2095/2095/2095 2094/2094/2094 2092/2092/2092
f 2095/2095/2095 2092/2092/2092 2096/2096/2096
f 2097/2097/2097 2094/2094/2094 2095/2095/2095
f 2098/2098/2098 2095/2095/2095 2096/2096/2096
f 2099/2099/2099 2097/2097/2097 2095/2095/2095
f 2099/2099/2099 2095/2095/2095 2098/2098/2098
f 2100/2100/2100 2097/2097/2097 2099/2099/2099
f 2101/2101/2101 2099/2099/2099 2098/2098/2098
f 2102/2102/2102 2100/2100/2100 2099/2099/2099
f 2102/2102/2102 2099/2099/2099 2101/2101/2101
f 2103/2103/2103 2102/2102/2102 2101/2101/2101
f 2106/2106/2106 2105/2105/2105 2104/2104/2104
f 2107/2107/2107 2106/2106/2106 2104/2104/2104
f 2107/2107/2107 2104/2104/2104 2108/2108/2108
f 2109/2109/2109 2106/2106/2106 2107/2107/2107
f 2110/2110/2110 2107/2107/2107 2108/2108/2108
f 2111/2111/2111 2109/2109/2109 2107/2107/2107
f 2111/2111/2111 2107/2107/2107 2110/2110/2110
f 2112/2112/2112 2111/2111/2111 2110/2110/2110
f 2115/2115/2115 2114/2114/2114 2113/2113/2113
f 2116/2116/2116 2115/2115/2115 2113/2113/2113
f 2116/2116/2116 2113/2113/2113 2117/2117/2117
f 2118/2118/2118 2115/2115/2115 2116/2116/2116
f 2119/2119/2119 2116/2116/2116 2117/2117/2117
f 2120/2120/2120 2118/2118/2118 2116/2116/2116
f 2120/2120/2120 2116/2116/2116 2119/2119/2119
f 2121/2121/2121 2118/2118/2118 2120/2120/2120
f 2122/2122/2122 2120/2120/2120 2119/2119/2119
f 2123/2123/2123 2121/2121/2121 2120/2120/2120
f 2123/2123/2123 2120/2120/2120 2122/2122/2122
f 2124/2124/2124 2123/2123/2123 2122/2122/2122
f 2127/2127/2127 2126/2126/2126 2125/2125/2125
f 2126/2126/2126 2128/2128/2128 2125/2125/2125
f 2125/2125/2125 2128/2128/2128 2129/2129/2129
f 2128/2128/2128 2130/2130/2130 2129/2129/2129
f 2129/2129/2129 2130/2130/2130 2131/2131/2131
f 2130/2130/2130 2132/2132/2132 2131/2131/2131
f 2135/2135/2135 2134/2134/2134 2133/2133/2133
f 2136/2136/2136 2135/2135/2135 2133/2133/2133
f 2137/2137/2137 2135/2135/2135 2136/2136/2136
f 2138/2138/2138 2137/2137/2137 2136/2136/2136
f 2141/2141/2141 2140/2140/2140 2139/2139/2139
f 2142/2142/2142 2141/2141/2141 2139/2139/2139
f 2143/2143/2143 2141/2141/2141 2142/2142/2142
f 2144/2144/2144 2143/2143/2143 2142/2142/2142
f 2145/2145/2145 2143/2143/2143 2144/2144/2144
f 2146/2146/2146 2145/2145/2145 2144/2144/2144
f 2149/2149/2149 2148/2148/2148 2147/2147/2147
f 2150/2150/2150 2149/2149/2149 2147/2147/2147
f 2151/2151/2151 2149/2149/2149 2150/2150/2150
f 2152/2152/2152 2151/2151/2151 2150/2150/2150
f 2155/2155/2155 2154/2154/2154 2153/2153/2153
f 2154/2154/2154 2156/2156/2156 2153/2153/2153
f 2153/2153/2153 2156/2156/2156 2157/2157/2157
f 2156/2156/2156 2158/2158/2158 2157/2157/2157
f 2157/2157/2157 2158/2158/2158 2159/2159/2159
f 2158/2158/2158 2160/2160/2160 2159/2159/2159
f 2163/2163/2163 2162/2162/2162 2161/2161/2161
f 2164/2164/2164 2163/2163/2163 2161/2161/2161
f 2165/2165/2165 2163/2163/2163 2164/2164/2164
f 2166/2166/2166 2165/2165/2165 2164/2164/2164
f 2169/2169/2169 2168/2168/2168 2167/2167/2167
f 2170/2170/2170 2169/2169/2169 2167/2167/2167
f 2171/2171/2171 2169/2169/2169 2170/2170/2170
f 2172/2172/2172 2171/2171/2171 2170/2170/2170
f 2173/2173/2173 2171/2171/2171 2172/2172/2172
f 2174/2174/2174 2173/2173/2173 2172/2172/2172
f 2177/2177/2177 2176/2176/2176 2175/2175/2175
f 2178/2178/2178 2177/2177/2177 2175/2175/2175
f 2179/2179/2179 2177/2177/2177 2178/2178/2178
f 2180/2180/2180 2179/2179/2179 2178/2178/2178
g Combined Mesh (root: scene) 22_10
f 2183/2183/2183 2182/2182/2182 2181/2181/2181
f 2184/2184/2184 2183/2183/2183 2181/2181/2181
f 2187/2187/2187 2186/2186/2186 2185/2185/2185
f 2188/2188/2188 2187/2187/2187 2185/2185/2185
f 2191/2191/2191 2190/2190/2190 2189/2189/2189
f 2192/2192/2192 2191/2191/2191 2189/2189/2189
f 2195/2195/2195 2194/2194/2194 2193/2193/2193
f 2196/2196/2196 2195/2195/2195 2193/2193/2193
f 2199/2199/2199 2198/2198/2198 2197/2197/2197
f 2200/2200/2200 2199/2199/2199 2197/2197/2197
f 2203/2203/2203 2202/2202/2202 2201/2201/2201
f 2204/2204/2204 2203/2203/2203 2201/2201/2201
f 2207/2207/2207 2206/2206/2206 2205/2205/2205
f 2208/2208/2208 2207/2207/2207 2205/2205/2205
f 2211/2211/2211 2210/2210/2210 2209/2209/2209
f 2212/2212/2212 2211/2211/2211 2209/2209/2209
f 2215/2215/2215 2214/2214/2214 2213/2213/2213
f 2216/2216/2216 2215/2215/2215 2213/2213/2213
f 2219/2219/2219 2218/2218/2218 2217/2217/2217
f 2220/2220/2220 2219/2219/2219 2217/2217/2217
f 2223/2223/2223 2222/2222/2222 2221/2221/2221
f 2224/2224/2224 2223/2223/2223 2221/2221/2221
f 2227/2227/2227 2226/2226/2226 2225/2225/2225
f 2228/2228/2228 2227/2227/2227 2225/2225/2225
f 2231/2231/2231 2230/2230/2230 2229/2229/2229
f 2232/2232/2232 2231/2231/2231 2229/2229/2229
f 2235/2235/2235 2234/2234/2234 2233/2233/2233
f 2236/2236/2236 2235/2235/2235 2233/2233/2233
f 2239/2239/2239 2238/2238/2238 2237/2237/2237
f 2240/2240/2240 2239/2239/2239 2237/2237/2237
f 2243/2243/2243 2242/2242/2242 2241/2241/2241
f 2244/2244/2244 2243/2243/2243 2241/2241/2241
f 2247/2247/2247 2246/2246/2246 2245/2245/2245
f 2248/2248/2248 2247/2247/2247 2245/2245/2245
f 2251/2251/2251 2250/2250/2250 2249/2249/2249
f 2252/2252/2252 2251/2251/2251 2249/2249/2249
f 2255/2255/2255 2254/2254/2254 2253/2253/2253
f 2256/2256/2256 2255/2255/2255 2253/2253/2253
f 2259/2259/2259 2258/2258/2258 2257/2257/2257
f 2260/2260/2260 2259/2259/2259 2257/2257/2257
f 2263/2263/2263 2262/2262/2262 2261/2261/2261
f 2264/2264/2264 2263/2263/2263 2261/2261/2261
f 2267/2267/2267 2266/2266/2266 2265/2265/2265
f 2268/2268/2268 2267/2267/2267 2265/2265/2265
f 2271/2271/2271 2270/2270/2270 2269/2269/2269
f 2272/2272/2272 2271/2271/2271 2269/2269/2269
f 2275/2275/2275 2274/2274/2274 2273/2273/2273
f 2276/2276/2276 2275/2275/2275 2273/2273/2273
f 2279/2279/2279 2278/2278/2278 2277/2277/2277
f 2280/2280/2280 2279/2279/2279 2277/2277/2277
f 2283/2283/2283 2282/2282/2282 2281/2281/2281
f 2284/2284/2284 2283/2283/2283 2281/2281/2281
f 2287/2287/2287 2286/2286/2286 2285/2285/2285
f 2288/2288/2288 2287/2287/2287 2285/2285/2285
f 2291/2291/2291 2290/2290/2290 2289/2289/2289
f 2292/2292/2292 2291/2291/2291 2289/2289/2289
f 2295/2295/2295 2294/2294/2294 2293/2293/2293
f 2296/2296/2296 2295/2295/2295 2293/2293/2293
f 2299/2299/2299 2298/2298/2298 2297/2297/2297
f 2300/2300/2300 2299/2299/2299 2297/2297/2297
f 2303/2303/2303 2302/2302/2302 2301/2301/2301
f 2304/2304/2304 2303/2303/2303 2301/2301/2301
f 2307/2307/2307 2306/2306/2306 2305/2305/2305
f 2308/2308/2308 2307/2307/2307 2305/2305/2305
f 2311/2311/2311 2310/2310/2310 2309/2309/2309
f 2312/2312/2312 2311/2311/2311 2309/2309/2309
f 2313/2313/2313 2312/2312/2312 2309/2309/2309
f 2314/2314/2314 2313/2313/2313 2309/2309/2309
f 2317/2317/2317 2316/2316/2316 2315/2315/2315
f 2318/2318/2318 2317/2317/2317 2315/2315/2315
f 2321/2321/2321 2320/2320/2320 2319/2319/2319
f 2322/2322/2322 2321/2321/2321 2319/2319/2319
f 2325/2325/2325 2324/2324/2324 2323/2323/2323
f 2326/2326/2326 2325/2325/2325 2323/2323/2323
f 2329/2329/2329 2328/2328/2328 2327/2327/2327
f 2330/2330/2330 2329/2329/2329 2327/2327/2327
f 2333/2333/2333 2332/2332/2332 2331/2331/2331
f 2334/2334/2334 2333/2333/2333 2331/2331/2331
f 2337/2337/2337 2336/2336/2336 2335/2335/2335
f 2338/2338/2338 2337/2337/2337 2335/2335/2335
f 2341/2341/2341 2340/2340/2340 2339/2339/2339
f 2342/2342/2342 2341/2341/2341 2339/2339/2339
f 2345/2345/2345 2344/2344/2344 2343/2343/2343
f 2346/2346/2346 2345/2345/2345 2343/2343/2343
f 2349/2349/2349 2348/2348/2348 2347/2347/2347
f 2350/2350/2350 2349/2349/2349 2347/2347/2347
g Combined Mesh (root: scene) 22_11
f 2353/2353/2353 2352/2352/2352 2351/2351/2351
f 2354/2354/2354 2353/2353/2353 2351/2351/2351
f 2357/2357/2357 2356/2356/2356 2355/2355/2355
f 2358/2358/2358 2357/2357/2357 2355/2355/2355
f 2361/2361/2361 2360/2360/2360 2359/2359/2359
f 2362/2362/2362 2361/2361/2361 2359/2359/2359
f 2365/2365/2365 2364/2364/2364 2363/2363/2363
f 2366/2366/2366 2365/2365/2365 2363/2363/2363
f 2369/2369/2369 2368/2368/2368 2367/2367/2367
f 2370/2370/2370 2369/2369/2369 2367/2367/2367
f 2373/2373/2373 2372/2372/2372 2371/2371/2371
f 2374/2374/2374 2373/2373/2373 2371/2371/2371
f 2377/2377/2377 2376/2376/2376 2375/2375/2375
f 2378/2378/2378 2377/2377/2377 2375/2375/2375
f 2381/2381/2381 2380/2380/2380 2379/2379/2379
f 2382/2382/2382 2381/2381/2381 2379/2379/2379
f 2385/2385/2385 2384/2384/2384 2383/2383/2383
f 2386/2386/2386 2385/2385/2385 2383/2383/2383
f 2389/2389/2389 2388/2388/2388 2387/2387/2387
f 2390/2390/2390 2389/2389/2389 2387/2387/2387
