g DamRound_Generator_2
v -5.69175053 2.58695579 -38.5573883
v -5.69175053 2.35707521 -38.6787186
v -5.69175053 2.35707521 -38.4360542
v -5.25075436 2.53211641 -39.4811478
v -5.24980211 2.52457237 -39.3818359
v -5.24980211 2.56572342 -39.481144
v -5.25075436 2.50083089 -39.4058151
v -5.24980211 2.42529011 -39.3407288
v -5.25075436 2.42529011 -39.3746147
v -5.24980211 2.32600784 -39.3818359
v -5.25075436 2.34975433 -39.4058151
v -5.24980211 2.2848556 -39.481144
v -5.25075436 2.31846404 -39.4811478
v -5.25075436 2.50005817 -39.5570793
v -5.25075436 2.53211641 -39.4811478
v -5.24980211 2.56572342 -39.481144
v -5.24980211 2.52457738 -39.580452
v -5.25075674 2.4245224 -39.5882835
v -5.24980211 2.42529011 -39.6214218
v -5.25075436 2.34975433 -39.5564766
v -5.24980211 2.32600307 -39.580452
v -5.25075436 2.31846404 -39.4811478
v -5.24980211 2.2848556 -39.481144
v -5.24980211 2.32600784 -39.3818359
v -5.31358624 2.32600784 -39.3820419
v -5.31358624 2.42529011 -39.3410225
v -5.24980211 2.42529011 -39.3407288
v -5.24980211 2.42529011 -39.3407288
v -5.31358624 2.42529011 -39.3410225
v -5.31358624 2.52457738 -39.3820419
v -5.24980211 2.52457237 -39.3818359
v -5.31358624 2.56572342 -39.481144
v -5.24980211 2.56572342 -39.481144
v -5.24980211 2.56572342 -39.481144
v -5.31358624 2.56572342 -39.481144
v -5.31358862 2.52457738 -39.5802422
v -5.24980211 2.52457738 -39.580452
v -5.31358862 2.42529011 -39.621273
v -5.24980211 2.42529011 -39.6214218
v -5.24980211 2.42529011 -39.6214218
v -5.31358862 2.42529011 -39.621273
v -5.31358862 2.32600307 -39.5802422
v -5.24980211 2.32600307 -39.580452
v -5.24980211 2.32600307 -39.580452
v -5.31358862 2.32600307 -39.5802422
v -5.31358624 2.2848556 -39.481144
v -5.24980211 2.2848556 -39.481144
v -5.24980211 2.2848556 -39.481144
v -5.31358624 2.2848556 -39.481144
v -5.31358624 2.32600784 -39.3820419
v -5.24980211 2.32600784 -39.3818359
v -5.31751204 2.34975433 -39.4058151
v -5.42462158 2.34975433 -39.4057007
v -5.49278545 2.42529011 -39.3744469
v -5.31751204 2.42529011 -39.3746147
v -5.42462158 2.50083089 -39.4057007
v -5.31751204 2.50083089 -39.4058151
v -5.31751204 2.31846404 -39.4811478
v -5.39308357 2.31846404 -39.4811478
v -5.42462158 2.34975433 -39.4057007
v -5.31751204 2.34975433 -39.4058151
v -5.31751204 2.34975433 -39.5564766
v -5.42462158 2.34975433 -39.5565948
v -5.39308357 2.31846404 -39.4811478
v -5.31751204 2.31846404 -39.4811478
v -5.31751204 2.4245224 -39.5882835
v -5.42462158 2.34975433 -39.5565948
v -5.31751204 2.34975433 -39.5564766
v -5.49278545 2.42495441 -39.5881081
v -5.31751204 2.50005817 -39.5570793
v -5.42462158 2.5004952 -39.5568581
v -5.31751204 2.53211641 -39.4811478
v -5.39308357 2.53211641 -39.4811478
v -5.42462158 2.5004952 -39.5568581
v -5.31751204 2.50005817 -39.5570793
v -5.31751204 2.50083089 -39.4058151
v -5.42462158 2.50083089 -39.4057007
v -5.39308357 2.53211641 -39.4811478
v -5.31751204 2.53211641 -39.4811478
v -5.31751204 2.53211641 -39.4811478
v -5.31358624 2.56572342 -39.481144
v -5.31358624 2.52457738 -39.3820419
v -5.31751204 2.50083089 -39.4058151
v -5.31358624 2.42529011 -39.3410225
v -5.31751204 2.42529011 -39.3746147
v -5.31358624 2.32600784 -39.3820419
v -5.31751204 2.34975433 -39.4058151
v -5.31358624 2.2848556 -39.481144
v -5.31751204 2.31846404 -39.4811478
v -5.31751204 2.50005817 -39.5570793
v -5.31358624 2.56572342 -39.481144
v -5.31751204 2.53211641 -39.4811478
v -5.31358862 2.52457738 -39.5802422
v -5.31751204 2.4245224 -39.5882835
v -5.31358862 2.42529011 -39.621273
v -5.31751204 2.34975433 -39.5564766
v -5.31358862 2.32600307 -39.5802422
v -5.31751204 2.31846404 -39.4811478
v -5.31358624 2.2848556 -39.481144
v -5.25075436 2.42529011 -39.3746147
v -5.20608139 2.42529011 -39.3995705
v -5.20608139 2.36739945 -39.4234848
v -5.25075436 2.34975433 -39.4058151
v -5.20608139 2.34341884 -39.4812164
v -5.25075436 2.31846404 -39.4811478
v -5.25075436 2.31846404 -39.4811478
v -5.20608139 2.34341884 -39.4812164
v -5.20608139 2.36739945 -39.5389481
v -5.25075436 2.34975433 -39.5564766
v -5.25075436 2.34975433 -39.5564766
v -5.20608139 2.36739945 -39.5389481
v -5.20608139 2.42470169 -39.5633278
v -5.25075674 2.4245224 -39.5882835
v -5.25075674 2.4245224 -39.5882835
v -5.20608139 2.42470169 -39.5633278
v -5.20608139 2.48259234 -39.5394135
v -5.25075436 2.50005817 -39.5570793
v -5.20608139 2.50716162 -39.4812164
v -5.25075436 2.53211641 -39.4811478
v -5.25075436 2.53211641 -39.4811478
v -5.20608139 2.50716162 -39.4812164
v -5.20608139 2.48318434 -39.4234848
v -5.25075436 2.50083089 -39.4058151
v -5.25075436 2.50083089 -39.4058151
v -5.20608139 2.48318434 -39.4234848
v -5.20608139 2.42529011 -39.3995705
v -5.25075436 2.42529011 -39.3746147
v -5.20608139 2.42529011 -39.3995705
v -5.17985582 2.42529011 -39.4533348
v -5.17985582 2.4054141 -39.4615479
v -5.20608139 2.36739945 -39.4234848
v -5.17985582 2.3971808 -39.4813728
v -5.20608139 2.34341884 -39.4812164
v -5.17985582 2.4054141 -39.5011902
v -5.20608139 2.36739945 -39.5389481
v -5.17985582 2.42508817 -39.5095596
v -5.20608139 2.42470169 -39.5633278
v -5.20608139 2.42470169 -39.5633278
v -5.17985582 2.42508817 -39.5095596
v -5.17985582 2.44496393 -39.5013504
v -5.20608139 2.48259234 -39.5394135
v -5.17985582 2.45339966 -39.4813728
v -5.20608139 2.50716162 -39.4812164
v -5.17985582 2.44516754 -39.4615479
v -5.20608139 2.48318434 -39.4234848
v -5.17985582 2.42529011 -39.4533348
v -5.20608139 2.42529011 -39.3995705
v -5.39810276 2.6861217 -39.3792496
v -5.35808849 2.59029102 -39.4765892
v -5.3983078 2.59029055 -39.3792458
v -5.35780001 2.68612218 -39.4765854
v -5.39830303 2.59029055 -39.5739288
v -5.39810276 2.6861217 -39.573925
v -5.39810276 2.6861217 -39.573925
v -5.49546623 2.68612146 -39.6142731
v -5.49546623 2.59028959 -39.6142731
v -5.39830303 2.59029055 -39.5739288
v -5.49546623 2.68612146 -39.6142731
v -5.59282923 2.68612051 -39.5739288
v -5.59262419 2.59028935 -39.5739288
v -5.49546623 2.59028959 -39.6142731
v -5.59282923 2.68612051 -39.5739288
v -5.63284922 2.59028888 -39.4765854
v -5.59262419 2.59028935 -39.5739288
v -5.63313723 2.68612027 -39.4765854
v -5.59262419 2.59028935 -39.3792458
v -5.59282923 2.68612051 -39.3792458
v -5.59282923 2.68612051 -39.3792458
v -5.49546623 2.68612146 -39.3389053
v -5.49546862 2.59028959 -39.3389053
v -5.59262419 2.59028935 -39.3792458
v -5.49546623 2.68612146 -39.3389053
v -5.39810276 2.6861217 -39.3792496
v -5.3983078 2.59029055 -39.3792458
v -5.49546862 2.59028959 -39.3389053
v -5.49546862 2.58439398 -39.5813217
v -5.39830303 2.59029055 -39.5739288
v -5.49546623 2.59028959 -39.6142731
v -5.42161369 2.58439422 -39.5506477
v -5.35808849 2.59029102 -39.4765892
v -5.3910203 2.58439469 -39.4765854
v -5.3983078 2.59029055 -39.3792458
v -5.42161369 2.58439422 -39.4025269
v -5.49546862 2.59028959 -39.3389053
v -5.49546862 2.58439398 -39.3718529
v -5.56991434 2.58439326 -39.5498924
v -5.49546862 2.58439398 -39.5813217
v -5.49546623 2.59028959 -39.6142731
v -5.59262419 2.59028935 -39.5739288
v -5.60050535 2.58439255 -39.4758339
v -5.63284922 2.59028888 -39.4765854
v -5.56932354 2.58439326 -39.4025269
v -5.59262419 2.59028935 -39.3792458
v -5.49546862 2.58439398 -39.3718529
v -5.49546862 2.59028959 -39.3389053
v -5.49546623 2.69172144 -39.5813217
v -5.49546623 2.68582511 -39.6142731
v -5.39830542 2.68582463 -39.5739288
v -5.42161369 2.69172072 -39.5506477
v -5.35808849 2.68582392 -39.4765854
v -5.3910203 2.69172049 -39.4765854
v -5.39830542 2.68582463 -39.3792458
v -5.42161369 2.69172072 -39.4025269
v -5.49546623 2.68582511 -39.3389053
v -5.49546623 2.69172144 -39.3718529
v -5.56991434 2.69172215 -39.5498924
v -5.49546623 2.68582511 -39.6142731
v -5.49546623 2.69172144 -39.5813217
v -5.59262419 2.68582582 -39.5739288
v -5.60050535 2.69172215 -39.4758339
v -5.63284922 2.68582606 -39.4765854
v -5.56932116 2.69172215 -39.4025269
v -5.59262419 2.68582582 -39.3792458
v -5.49546623 2.69172144 -39.3718529
v -5.49546623 2.68582511 -39.3389053
v -5.60274649 1.8428793 -39.9118881
v -5.60274649 1.57513726 -39.9118881
v -5.60274649 1.57513726 -38.0685844
v -5.60274649 1.8428793 -38.0685844
v -6.33326912 1.8428793 -39.9118881
v -5.60274649 1.8428793 -39.9118881
v -5.60274649 1.8428793 -38.0685844
v -6.33326912 1.8428793 -38.0685844
v -5.60274649 1.57513726 -38.0685844
v -6.33326912 1.57513726 -38.0685844
v -6.33326912 1.8428793 -38.0685844
v -5.60274649 1.8428793 -38.0685844
v -6.33326912 1.57513726 -39.9118881
v -5.60274649 1.57513726 -39.9118881
v -5.60274649 1.8428793 -39.9118881
v -6.33326912 1.8428793 -39.9118881
v -5.62660646 1.83527613 -38.705864
v -5.75294161 2.15093446 -38.705864
v -5.75294161 1.83527613 -38.705864
v -5.62660646 2.15093446 -38.705864
v -5.75294161 2.22158527 -38.705864
v -5.67589569 2.22158527 -38.705864
v -5.67589569 2.22158527 -38.705864
v -5.67589569 2.22158527 -38.417305
v -5.75294161 2.22158527 -38.417305
v -5.75294161 2.22158527 -38.705864
v -5.75294161 1.83527613 -38.417305
v -5.62660646 2.15093446 -38.417305
v -5.62660646 1.83527613 -38.417305
v -5.75294161 2.15093446 -38.417305
v -5.67589569 2.22158527 -38.417305
v -5.75294161 2.22158527 -38.417305
v -5.62660646 1.83527613 -38.417305
v -5.62660646 1.83527613 -38.705864
v -5.75294161 1.83527613 -38.705864
v -5.75294161 1.83527613 -38.417305
v -5.62660646 1.83527613 -38.417305
v -5.62660646 2.15093446 -38.705864
v -5.62660646 1.83527613 -38.705864
v -5.62660646 2.15093446 -38.417305
v -5.67589569 2.22158527 -38.705864
v -5.67589569 2.22158527 -38.417305
v -6.33326387 1.83317125 -38.2801437
v -6.33326387 3.4972744 -38.2801437
v -5.7069726 3.4972744 -38.2801437
v -5.7069726 1.83317125 -38.2801437
v -6.33326387 3.4972744 -38.2801437
v -6.33326387 3.4972744 -39.7573814
v -5.7069726 3.4972744 -39.7573814
v -5.7069726 3.4972744 -38.2801437
v -6.33326387 3.4972744 -39.7573814
v -6.33326387 1.83317125 -39.7573814
v -5.7069726 1.83317125 -39.7573814
v -5.7069726 3.4972744 -39.7573814
v -5.7069726 1.83317125 -38.2801437
v -5.7069726 3.4972744 -38.2801437
v -5.7069726 3.4972744 -39.7573814
v -5.7069726 1.83317125 -39.7573814
v -5.39810276 2.24526095 -39.3792496
v -5.35808849 2.1494298 -39.4765892
v -5.3983078 2.14942932 -39.3792458
v -5.35780001 2.24526119 -39.4765854
v -5.39830303 2.14942932 -39.5739288
v -5.39810276 2.24526095 -39.573925
v -5.39810276 2.24526095 -39.573925
v -5.49546623 2.24526024 -39.6142731
v -5.49546623 2.14942861 -39.6142731
v -5.39830303 2.14942932 -39.5739288
v -5.49546623 2.24526024 -39.6142731
v -5.59282923 2.24525976 -39.5739288
v -5.59262419 2.14942837 -39.5739288
v -5.49546623 2.14942861 -39.6142731
v -5.59282923 2.24525976 -39.5739288
v -5.63284922 2.14942813 -39.4765854
v -5.59262419 2.14942837 -39.5739288
v -5.63313723 2.24525905 -39.4765854
v -5.59262419 2.14942837 -39.3792458
v -5.59282923 2.24525976 -39.3792458
v -5.59282923 2.24525976 -39.3792458
v -5.49546623 2.24526024 -39.3389053
v -5.49546862 2.14942861 -39.3389053
v -5.59262419 2.14942837 -39.3792458
v -5.49546623 2.24526024 -39.3389053
v -5.39810276 2.24526095 -39.3792496
v -5.3983078 2.14942932 -39.3792458
v -5.49546862 2.14942861 -39.3389053
v -5.49546862 2.14353275 -39.5813217
v -5.39830303 2.14942932 -39.5739288
v -5.49546623 2.14942861 -39.6142731
v -5.42161369 2.14353323 -39.5506477
v -5.35808849 2.1494298 -39.4765892
v -5.3910203 2.14353347 -39.4765854
v -5.3983078 2.14942932 -39.3792458
v -5.42161369 2.14353323 -39.4025269
v -5.49546862 2.14942861 -39.3389053
v -5.49546862 2.14353275 -39.3718529
v -5.56991434 2.14353204 -39.5498924
v -5.49546862 2.14353275 -39.5813217
v -5.49546623 2.14942861 -39.6142731
v -5.59262419 2.14942837 -39.5739288
v -5.60050535 2.1435318 -39.4758339
v -5.63284922 2.14942813 -39.4765854
v -5.56932354 2.14353204 -39.4025269
v -5.59262419 2.14942837 -39.3792458
v -5.49546862 2.14353275 -39.3718529
v -5.49546862 2.14942861 -39.3389053
v -5.49546623 2.25086021 -39.5813217
v -5.49546623 2.24496436 -39.6142731
v -5.39830542 2.24496341 -39.5739288
v -5.42161369 2.25085998 -39.5506477
v -5.35808849 2.24496293 -39.4765854
v -5.3910203 2.25085926 -39.4765854
v -5.39830542 2.24496341 -39.3792458
v -5.42161369 2.25085998 -39.4025269
v -5.49546623 2.24496436 -39.3389053
v -5.49546623 2.25086021 -39.3718529
v -5.56991434 2.25086093 -39.5498924
v -5.49546623 2.24496436 -39.6142731
v -5.49546623 2.25086021 -39.5813217
v -5.59262419 2.24496484 -39.5739288
v -5.60050535 2.25086117 -39.4758339
v -5.63284922 2.24496508 -39.4765854
v -5.56932116 2.25086093 -39.4025269
v -5.59262419 2.24496484 -39.3792458
v -5.49546623 2.25086021 -39.3718529
v -5.49546623 2.24496436 -39.3389053
v -5.69175053 2.35707521 -38.6787186
v -5.70756102 2.35707521 -38.6787186
v -5.70756102 2.35707521 -38.4360542
v -5.69175053 2.35707521 -38.4360542
v -5.70756102 2.35707521 -38.4360542
v -5.70756102 2.58695579 -38.5573883
v -5.69175053 2.58695579 -38.5573883
v -5.69175053 2.35707521 -38.4360542
v -5.69175053 2.35707521 -38.6787186
v -5.69175053 2.58695579 -38.5573883
v -5.70756102 2.58695579 -38.5573883
v -5.70756102 2.35707521 -38.6787186
v -5.17985582 2.45339966 -39.4813728
v -5.17985582 2.4252398 -39.481411
v -5.17985582 2.44516754 -39.4615479
v -5.17985582 2.44496393 -39.5013504
v -5.17985582 2.42529011 -39.4533348
v -5.17985582 2.42508817 -39.5095596
v -5.17985582 2.4054141 -39.4615479
v -5.17985582 2.4054141 -39.5011902
v -5.17985582 2.3971808 -39.4813728
v -5.38433838 2.86214328 -39.4811478
v -5.42259979 2.96889734 -39.4811478
v -5.45015383 2.95437956 -39.5613708
v -5.6209836 2.87921357 -39.4811478
v -5.63515377 2.88316607 -39.4811478
v -5.63057852 2.91535974 -39.4009209
v -5.58320522 2.88428426 -39.5613708
v -5.6209836 2.87921357 -39.4811478
v -5.61075926 2.86976767 -39.4811478
v -5.38433838 2.86214328 -39.1554413
v -5.42259979 2.96889734 -39.1554413
v -5.45015383 2.95437956 -39.2356682
v -5.6209836 2.87921357 -39.1554413
v -5.63515377 2.88316607 -39.1554413
v -5.63057852 2.91535974 -39.0752144
v -5.58320522 2.88428426 -39.2356682
v -5.6209836 2.87921357 -39.1554413
v -5.61075926 2.86976767 -39.1554413
v -5.60323954 1.54981101 -39.3756714
v -5.60323954 1.6175561 -39.3758926
v -5.4977951 1.61755586 -39.332325
v -5.4977951 1.54981077 -39.3320122
v -5.39234591 1.6175561 -39.3758926
v -5.39235115 1.54981101 -39.3756714
v -5.39235115 1.54981101 -39.3756714
v -5.39234591 1.6175561 -39.3758926
v -5.34864473 1.61755669 -39.481144
v -5.34864473 1.54981136 -39.481144
v -5.34864473 1.54981136 -39.481144
v -5.34864473 1.61755669 -39.481144
v -5.39234591 1.61755705 -39.5863953
v -5.39234591 1.54981172 -39.5866165
v -5.4977951 1.61755729 -39.6299706
v -5.4977951 1.54981196 -39.6302834
v -5.4977951 1.54981196 -39.6302834
v -5.4977951 1.61755729 -39.6299706
v -5.6032443 1.61755705 -39.5863953
v -5.6032443 1.54981172 -39.5866165
v -5.64694548 1.61755669 -39.481144
v -5.64694548 1.54981136 -39.481144
v -5.64694548 1.54981136 -39.481144
v -5.64694548 1.61755669 -39.481144
v -5.60323954 1.6175561 -39.3758926
v -5.60323954 1.54981101 -39.3756714
v -5.5780201 2.86214328 -39.4009209
v -5.58320522 2.88428426 -39.4009209
v -5.51668215 2.91933179 -39.367691
v -5.4977951 2.86214328 -39.367691
v -5.45015383 2.95437956 -39.4009209
v -5.41756582 2.86214328 -39.4009209
v -5.41756582 2.86214328 -39.4009209
v -5.45015383 2.95437956 -39.4009209
v -5.42259979 2.96889734 -39.4811478
v -5.38433838 2.86214328 -39.4811478
v -5.38433838 2.86214328 -39.4811478
v -5.45015383 2.95437956 -39.5613708
v -5.41756582 2.86214328 -39.5613708
v -5.51668215 2.91933179 -39.5946045
v -5.4977951 2.86214328 -39.5946045
v -5.4977951 2.86214328 -39.5946045
v -5.51668215 2.91933179 -39.5946045
v -5.58320522 2.88428426 -39.5613708
v -5.5780201 2.86214328 -39.5613708
v -5.61075926 2.86976767 -39.4811478
v -5.61125231 2.86214328 -39.4811478
v -5.61125231 2.86214328 -39.4811478
v -5.61075926 2.86976767 -39.4811478
v -5.58320522 2.88428426 -39.4009209
v -5.5780201 2.86214328 -39.4009209
v -5.51512909 3.04141068 -39.4009209
v -5.60391331 3.10300016 -39.4811478
v -5.49697018 3.06923914 -39.4811478
v -5.60848856 3.07080531 -39.4009209
v -5.66183329 3.10650349 -39.4811478
v -5.66183329 3.07328343 -39.4009209
v -5.61953354 2.99308324 -39.367691
v -5.66183329 2.99308324 -39.367691
v -5.55897713 2.97422695 -39.367691
v -5.63057852 2.91535974 -39.4009209
v -5.66183329 2.91288161 -39.4009209
v -5.63515377 2.88316607 -39.4811478
v -5.66183329 2.87966275 -39.4811478
v -5.60281992 2.90704179 -39.4009209
v -5.58320522 2.88428426 -39.4009209
v -5.51668215 2.91933179 -39.367691
v -5.45015383 2.95437956 -39.4009209
v -5.49697018 3.06923914 -39.4811478
v -5.60391331 3.10300016 -39.4811478
v -5.60848856 3.07080531 -39.5613708
v -5.66183329 3.07328343 -39.5613708
v -5.66183329 3.10650349 -39.4811478
v -5.66183329 2.99308324 -39.5946045
v -5.49697018 3.06923914 -39.4811478
v -5.60848856 3.07080531 -39.5613708
v -5.51512909 3.04141068 -39.5613708
v -5.61953354 2.99308324 -39.5946045
v -5.66183329 2.99308324 -39.5946045
v -5.55897713 2.97422695 -39.5946045
v -5.45015383 2.95437956 -39.5613708
v -5.51668215 2.91933179 -39.5946045
v -5.6209836 2.87921357 -39.4811478
v -5.63057852 2.91535974 -39.4009209
v -5.60281992 2.90704179 -39.4009209
v -5.61075926 2.86976767 -39.4811478
v -5.58320522 2.88428426 -39.4009209
v -5.61953354 2.99308324 -39.5946045
v -5.66183329 2.99308324 -39.5946045
v -5.66183329 2.91288161 -39.5613708
v -5.63057852 2.91535974 -39.5613708
v -5.55897713 2.97422695 -39.5946045
v -5.60281992 2.90704179 -39.5613708
v -5.51668215 2.91933179 -39.5946045
v -5.58320522 2.88428426 -39.5613708
v -5.63057852 2.91535974 -39.5613708
v -5.66183329 2.91288161 -39.5613708
v -5.66183329 2.87966275 -39.4811478
v -5.63515377 2.88316607 -39.4811478
v -5.60281992 2.90704179 -39.5613708
v -5.6209836 2.87921357 -39.4811478
v -5.58320522 2.88428426 -39.5613708
v -5.66183329 3.07328343 -39.4009209
v -5.66183329 3.14464307 -39.4811478
v -5.66183329 3.10650349 -39.4811478
v -5.66183329 3.10025239 -39.3739433
v -5.66183329 2.99308324 -39.367691
v -5.66183329 2.99308324 -39.3295403
v -5.66183329 2.91288161 -39.4009209
v -5.66183329 2.88591385 -39.3739433
v -5.66183329 2.87966275 -39.4811478
v -5.66183329 2.84152317 -39.4811478
v -5.66183329 3.10650349 -39.4811478
v -5.66183329 3.14464307 -39.4811478
v -5.66183329 3.10025239 -39.5883484
v -5.66183329 3.07328343 -39.5613708
v -5.66183329 2.99308324 -39.6327515
v -5.66183329 2.99308324 -39.5946045
v -5.66183329 2.88591385 -39.5883484
v -5.66183329 2.91288161 -39.5613708
v -5.66183329 2.84152317 -39.4811478
v -5.66183329 2.87966275 -39.4811478
v -5.66183329 2.88591385 -39.3739433
v -5.72178459 2.88591385 -39.3739433
v -5.72178459 2.99308324 -39.3295403
v -5.66183329 2.99308324 -39.3295403
v -5.66183329 2.99308324 -39.3295403
v -5.72178459 2.99308324 -39.3295403
v -5.72178459 3.10025239 -39.3739433
v -5.66183329 3.10025239 -39.3739433
v -5.72178459 3.14464307 -39.4811478
v -5.66183329 3.14464307 -39.4811478
v -5.66183329 3.14464307 -39.4811478
v -5.72178459 3.14464307 -39.4811478
v -5.72178459 3.10025239 -39.5883484
v -5.66183329 3.10025239 -39.5883484
v -5.66183329 3.10025239 -39.5883484
v -5.72178459 3.10025239 -39.5883484
v -5.72178459 2.99308324 -39.6327515
v -5.66183329 2.99308324 -39.6327515
v -5.72178459 2.88591385 -39.5883484
v -5.66183329 2.88591385 -39.5883484
v -5.66183329 2.88591385 -39.5883484
v -5.72178459 2.88591385 -39.5883484
v -5.72178459 2.84152317 -39.4811478
v -5.66183329 2.84152317 -39.4811478
v -5.66183329 2.84152317 -39.4811478
v -5.72178459 2.84152317 -39.4811478
v -5.72178459 2.88591385 -39.3739433
v -5.66183329 2.88591385 -39.3739433
v -5.42259979 2.96889734 -39.4811478
v -5.49697018 3.06923914 -39.4811478
v -5.51512909 3.04141068 -39.5613708
v -5.45015383 2.95437956 -39.5613708
v -5.45015383 2.95437956 -39.4009209
v -5.51512909 3.04141068 -39.4009209
v -5.49697018 3.06923914 -39.4811478
v -5.42259979 2.96889734 -39.4811478
v -5.5780201 1.62172425 -39.4011383
v -5.4977951 2.13594699 -39.3678246
v -5.4977951 1.62172425 -39.3680038
v -5.5780201 2.13594699 -39.4010162
v -5.61125231 1.62172484 -39.4811478
v -5.61125231 2.13594699 -39.4811478
v -5.5780201 1.62172508 -39.5611496
v -5.61125231 2.13594699 -39.4811478
v -5.61125231 1.62172484 -39.4811478
v -5.5780201 2.13594747 -39.5612755
v -5.4986105 1.62172544 -39.5949326
v -5.49815178 2.13594747 -39.5947495
v -5.41838598 1.62172508 -39.5617943
v -5.41792202 2.13594747 -39.5615578
v -5.49815178 2.13594747 -39.5947495
v -5.4986105 1.62172544 -39.5949326
v -5.38433838 1.62172484 -39.4811478
v -5.38433838 2.13594699 -39.4811478
v -5.41792202 2.13594747 -39.5615578
v -5.41838598 1.62172508 -39.5617943
v -5.41756582 1.62172425 -39.4011383
v -5.41756582 2.13594699 -39.4010162
v -5.38433838 2.13594699 -39.4811478
v -5.38433838 1.62172484 -39.4811478
v -5.4977951 1.62172425 -39.3680038
v -5.4977951 2.13594699 -39.3678246
v -5.41756582 2.13594699 -39.4010162
v -5.41756582 1.62172425 -39.4011383
v -5.38433838 1.62172484 -39.4811478
v -5.34864473 1.61755669 -39.481144
v -5.39234591 1.6175561 -39.3758926
v -5.41756582 1.62172425 -39.4011383
v -5.4977951 1.61755586 -39.332325
v -5.4977951 1.62172425 -39.3680038
v -5.60323954 1.6175561 -39.3758926
v -5.5780201 1.62172425 -39.4011383
v -5.64694548 1.61755669 -39.481144
v -5.61125231 1.62172484 -39.4811478
v -5.41838598 1.62172508 -39.5617943
v -5.34864473 1.61755669 -39.481144
v -5.38433838 1.62172484 -39.4811478
v -5.39234591 1.61755705 -39.5863953
v -5.4986105 1.62172544 -39.5949326
v -5.4977951 1.61755729 -39.6299706
v -5.5780201 1.62172508 -39.5611496
v -5.6032443 1.61755705 -39.5863953
v -5.61125231 1.62172484 -39.4811478
v -5.64694548 1.61755669 -39.481144
v -5.38433838 2.13594699 -39.4811478
v -5.38433838 2.55574179 -39.4811478
v -5.41771698 2.55574179 -39.561451
v -5.41792202 2.13594747 -39.5615578
v -5.49794674 2.55574179 -39.5946617
v -5.49815178 2.13594747 -39.5947495
v -5.41756582 2.13594699 -39.4010162
v -5.41756582 2.55574179 -39.4009628
v -5.38433838 2.55574179 -39.4811478
v -5.38433838 2.13594699 -39.4811478
v -5.4977951 2.13594699 -39.3678246
v -5.4977951 2.55574179 -39.3677483
v -5.41756582 2.55574179 -39.4009628
v -5.41756582 2.13594699 -39.4010162
v -5.5780201 2.13594699 -39.4010162
v -5.4977951 2.55574179 -39.3677483
v -5.4977951 2.13594699 -39.3678246
v -5.5780201 2.55574179 -39.4009628
v -5.61125231 2.13594699 -39.4811478
v -5.61125231 2.55574179 -39.4811478
v -5.5780201 2.13594747 -39.5612755
v -5.61125231 2.55574179 -39.4811478
v -5.61125231 2.13594699 -39.4811478
v -5.5780201 2.55574179 -39.5613327
v -5.49815178 2.13594747 -39.5947495
v -5.49794674 2.55574179 -39.5946617
v -5.38433838 2.55574179 -39.4811478
v -5.38433838 2.86214328 -39.4811478
v -5.41756582 2.86214328 -39.5613708
v -5.41771698 2.55574179 -39.561451
v -5.4977951 2.86214328 -39.5946045
v -5.49794674 2.55574179 -39.5946617
v -5.41756582 2.55574179 -39.4009628
v -5.41756582 2.86214328 -39.4009209
v -5.38433838 2.86214328 -39.4811478
v -5.38433838 2.55574179 -39.4811478
v -5.4977951 2.55574179 -39.3677483
v -5.4977951 2.86214328 -39.367691
v -5.41756582 2.86214328 -39.4009209
v -5.41756582 2.55574179 -39.4009628
v -5.5780201 2.55574179 -39.4009628
v -5.4977951 2.86214328 -39.367691
v -5.4977951 2.55574179 -39.3677483
v -5.5780201 2.86214328 -39.4009209
v -5.61125231 2.55574179 -39.4811478
v -5.61125231 2.86214328 -39.4811478
v -5.5780201 2.55574179 -39.5613327
v -5.61125231 2.86214328 -39.4811478
v -5.61125231 2.55574179 -39.4811478
v -5.5780201 2.86214328 -39.5613708
v -5.49794674 2.55574179 -39.5946617
v -5.4977951 2.86214328 -39.5946045
v -5.60323954 1.54981101 -39.0499687
v -5.60323954 1.6175561 -39.0501862
v -5.4977951 1.61755586 -39.0066185
v -5.4977951 1.54981077 -39.0063095
v -5.39234591 1.6175561 -39.0501862
v -5.39235115 1.54981101 -39.0499649
v -5.39235115 1.54981101 -39.0499649
v -5.39234591 1.6175561 -39.0501862
v -5.34864473 1.61755669 -39.1554375
v -5.34864473 1.54981136 -39.1554375
v -5.34864473 1.54981136 -39.1554375
v -5.34864473 1.61755669 -39.1554375
v -5.39234591 1.61755705 -39.2606926
v -5.39234591 1.54981172 -39.2609138
v -5.4977951 1.61755729 -39.3042679
v -5.4977951 1.54981196 -39.3045807
v -5.4977951 1.54981196 -39.3045807
v -5.4977951 1.61755729 -39.3042679
v -5.6032443 1.61755705 -39.2606926
v -5.6032443 1.54981172 -39.2609138
v -5.64694548 1.61755669 -39.1554375
v -5.64694548 1.54981136 -39.1554375
v -5.64694548 1.54981136 -39.1554375
v -5.64694548 1.61755669 -39.1554375
v -5.60323954 1.6175561 -39.0501862
v -5.60323954 1.54981101 -39.0499687
v -5.5780201 2.86214328 -39.0752144
v -5.58320522 2.88428426 -39.0752144
v -5.51668215 2.91933179 -39.0419846
v -5.4977951 2.86214328 -39.0419846
v -5.45015383 2.95437956 -39.0752144
v -5.41756582 2.86214328 -39.0752144
v -5.41756582 2.86214328 -39.0752144
v -5.45015383 2.95437956 -39.0752144
v -5.42259979 2.96889734 -39.1554413
v -5.38433838 2.86214328 -39.1554413
v -5.38433838 2.86214328 -39.1554413
v -5.45015383 2.95437956 -39.2356682
v -5.41756582 2.86214328 -39.2356682
v -5.51668215 2.91933179 -39.268898
v -5.4977951 2.86214328 -39.268898
v -5.4977951 2.86214328 -39.268898
v -5.51668215 2.91933179 -39.268898
v -5.58320522 2.88428426 -39.2356682
v -5.5780201 2.86214328 -39.2356682
v -5.61075926 2.86976767 -39.1554413
v -5.61125231 2.86214328 -39.1554413
v -5.61125231 2.86214328 -39.1554413
v -5.61075926 2.86976767 -39.1554413
v -5.58320522 2.88428426 -39.0752144
v -5.5780201 2.86214328 -39.0752144
v -5.51512909 3.04141068 -39.0752144
v -5.60391331 3.10300016 -39.1554413
v -5.49697018 3.06923914 -39.1554413
v -5.60848856 3.07080531 -39.0752144
v -5.66183329 3.10650349 -39.1554413
v -5.66183329 3.07328343 -39.0752144
v -5.61953354 2.99308324 -39.0419846
v -5.66183329 2.99308324 -39.0419846
v -5.55897713 2.97422695 -39.0419846
v -5.63057852 2.91535974 -39.0752144
v -5.66183329 2.91288161 -39.0752144
v -5.63515377 2.88316607 -39.1554413
v -5.66183329 2.87966275 -39.1554413
v -5.60281992 2.90704179 -39.0752144
v -5.58320522 2.88428426 -39.0752144
v -5.51668215 2.91933179 -39.0419846
v -5.45015383 2.95437956 -39.0752144
v -5.49697018 3.06923914 -39.1554413
v -5.60391331 3.10300016 -39.1554413
v -5.60848856 3.07080531 -39.2356682
v -5.66183329 3.07328343 -39.2356682
v -5.66183329 3.10650349 -39.1554413
v -5.66183329 2.99308324 -39.268898
v -5.49697018 3.06923914 -39.1554413
v -5.60848856 3.07080531 -39.2356682
v -5.51512909 3.04141068 -39.2356682
v -5.61953354 2.99308324 -39.268898
v -5.66183329 2.99308324 -39.268898
v -5.55897713 2.97422695 -39.268898
v -5.45015383 2.95437956 -39.2356682
v -5.51668215 2.91933179 -39.268898
v -5.6209836 2.87921357 -39.1554413
v -5.63057852 2.91535974 -39.0752144
v -5.60281992 2.90704179 -39.0752144
v -5.61075926 2.86976767 -39.1554413
v -5.58320522 2.88428426 -39.0752144
v -5.61953354 2.99308324 -39.268898
v -5.66183329 2.99308324 -39.268898
v -5.66183329 2.91288161 -39.2356682
v -5.63057852 2.91535974 -39.2356682
v -5.55897713 2.97422695 -39.268898
v -5.60281992 2.90704179 -39.2356682
v -5.51668215 2.91933179 -39.268898
v -5.58320522 2.88428426 -39.2356682
v -5.63057852 2.91535974 -39.2356682
v -5.66183329 2.91288161 -39.2356682
v -5.66183329 2.87966275 -39.1554413
v -5.63515377 2.88316607 -39.1554413
v -5.60281992 2.90704179 -39.2356682
v -5.6209836 2.87921357 -39.1554413
v -5.58320522 2.88428426 -39.2356682
v -5.66183329 3.07328343 -39.0752144
v -5.66183329 3.14464307 -39.1554413
v -5.66183329 3.10650349 -39.1554413
v -5.66183329 3.10025239 -39.0482407
v -5.66183329 2.99308324 -39.0419846
v -5.66183329 2.99308324 -39.0038338
v -5.66183329 2.91288161 -39.0752144
v -5.66183329 2.88591385 -39.0482407
v -5.66183329 2.87966275 -39.1554413
v -5.66183329 2.84152317 -39.1554413
v -5.66183329 3.10650349 -39.1554413
v -5.66183329 3.14464307 -39.1554413
v -5.66183329 3.10025239 -39.2626457
v -5.66183329 3.07328343 -39.2356682
v -5.66183329 2.99308324 -39.3070488
v -5.66183329 2.99308324 -39.268898
v -5.66183329 2.88591385 -39.2626457
v -5.66183329 2.91288161 -39.2356682
v -5.66183329 2.84152317 -39.1554413
v -5.66183329 2.87966275 -39.1554413
v -5.66183329 2.88591385 -39.0482407
v -5.72178459 2.88591385 -39.0482407
v -5.72178459 2.99308324 -39.0038338
v -5.66183329 2.99308324 -39.0038338
v -5.66183329 2.99308324 -39.0038338
v -5.72178459 2.99308324 -39.0038338
v -5.72178459 3.10025239 -39.0482407
v -5.66183329 3.10025239 -39.0482407
v -5.72178459 3.14464307 -39.1554413
v -5.66183329 3.14464307 -39.1554413
v -5.66183329 3.14464307 -39.1554413
v -5.72178459 3.14464307 -39.1554413
v -5.72178459 3.10025239 -39.2626457
v -5.66183329 3.10025239 -39.2626457
v -5.66183329 3.10025239 -39.2626457
v -5.72178459 3.10025239 -39.2626457
v -5.72178459 2.99308324 -39.3070488
v -5.66183329 2.99308324 -39.3070488
v -5.72178459 2.88591385 -39.2626457
v -5.66183329 2.88591385 -39.2626457
v -5.66183329 2.88591385 -39.2626457
v -5.72178459 2.88591385 -39.2626457
v -5.72178459 2.84152317 -39.1554413
v -5.66183329 2.84152317 -39.1554413
v -5.66183329 2.84152317 -39.1554413
v -5.72178459 2.84152317 -39.1554413
v -5.72178459 2.88591385 -39.0482407
v -5.66183329 2.88591385 -39.0482407
v -5.42259979 2.96889734 -39.1554413
v -5.49697018 3.06923914 -39.1554413
v -5.51512909 3.04141068 -39.2356682
v -5.45015383 2.95437956 -39.2356682
v -5.45015383 2.95437956 -39.0752144
v -5.51512909 3.04141068 -39.0752144
v -5.49697018 3.06923914 -39.1554413
v -5.42259979 2.96889734 -39.1554413
v -5.5780201 1.62172425 -39.0754356
v -5.4977951 2.13594699 -39.0421219
v -5.4977951 1.62172425 -39.0422974
v -5.5780201 2.13594699 -39.0753098
v -5.61125231 1.62172484 -39.1554413
v -5.61125231 2.13594699 -39.1554413
v -5.5780201 1.62172508 -39.2354469
v -5.61125231 2.13594699 -39.1554413
v -5.61125231 1.62172484 -39.1554413
v -5.5780201 2.13594747 -39.235569
v -5.4986105 1.62172544 -39.2692261
v -5.49815178 2.13594747 -39.269043
v -5.41838598 1.62172508 -39.2360878
v -5.41792202 2.13594747 -39.2358551
v -5.49815178 2.13594747 -39.269043
v -5.4986105 1.62172544 -39.2692261
v -5.38433838 1.62172484 -39.1554413
v -5.38433838 2.13594699 -39.1554413
v -5.41792202 2.13594747 -39.2358551
v -5.41838598 1.62172508 -39.2360878
v -5.41756582 1.62172425 -39.0754356
v -5.41756582 2.13594699 -39.0753098
v -5.38433838 2.13594699 -39.1554413
v -5.38433838 1.62172484 -39.1554413
v -5.4977951 1.62172425 -39.0422974
v -5.4977951 2.13594699 -39.0421219
v -5.41756582 2.13594699 -39.0753098
v -5.41756582 1.62172425 -39.0754356
v -5.38433838 1.62172484 -39.1554413
v -5.34864473 1.61755669 -39.1554375
v -5.39234591 1.6175561 -39.0501862
v -5.41756582 1.62172425 -39.0754356
v -5.4977951 1.61755586 -39.0066185
v -5.4977951 1.62172425 -39.0422974
v -5.60323954 1.6175561 -39.0501862
v -5.5780201 1.62172425 -39.0754356
v -5.64694548 1.61755669 -39.1554375
v -5.61125231 1.62172484 -39.1554413
v -5.41838598 1.62172508 -39.2360878
v -5.34864473 1.61755669 -39.1554375
v -5.38433838 1.62172484 -39.1554413
v -5.39234591 1.61755705 -39.2606926
v -5.4986105 1.62172544 -39.2692261
v -5.4977951 1.61755729 -39.3042679
v -5.5780201 1.62172508 -39.2354469
v -5.6032443 1.61755705 -39.2606926
v -5.61125231 1.62172484 -39.1554413
v -5.64694548 1.61755669 -39.1554375
v -5.38433838 2.13594699 -39.1554413
v -5.38433838 2.55574179 -39.1554413
v -5.41771698 2.55574179 -39.2357445
v -5.41792202 2.13594747 -39.2358551
v -5.49794674 2.55574179 -39.268959
v -5.49815178 2.13594747 -39.269043
v -5.41756582 2.13594699 -39.0753098
v -5.41756582 2.55574179 -39.0752563
v -5.38433838 2.55574179 -39.1554413
v -5.38433838 2.13594699 -39.1554413
v -5.4977951 2.13594699 -39.0421219
v -5.4977951 2.55574179 -39.0420418
v -5.41756582 2.55574179 -39.0752563
v -5.41756582 2.13594699 -39.0753098
v -5.5780201 2.13594699 -39.0753098
v -5.4977951 2.55574179 -39.0420418
v -5.4977951 2.13594699 -39.0421219
v -5.5780201 2.55574179 -39.0752563
v -5.61125231 2.13594699 -39.1554413
v -5.61125231 2.55574179 -39.1554413
v -5.5780201 2.13594747 -39.235569
v -5.61125231 2.55574179 -39.1554413
v -5.61125231 2.13594699 -39.1554413
v -5.5780201 2.55574179 -39.2356262
v -5.49815178 2.13594747 -39.269043
v -5.49794674 2.55574179 -39.268959
v -5.38433838 2.55574179 -39.1554413
v -5.38433838 2.86214328 -39.1554413
v -5.41756582 2.86214328 -39.2356682
v -5.41771698 2.55574179 -39.2357445
v -5.4977951 2.86214328 -39.268898
v -5.49794674 2.55574179 -39.268959
v -5.41756582 2.55574179 -39.0752563
v -5.41756582 2.86214328 -39.0752144
v -5.38433838 2.86214328 -39.1554413
v -5.38433838 2.55574179 -39.1554413
v -5.4977951 2.55574179 -39.0420418
v -5.4977951 2.86214328 -39.0419846
v -5.41756582 2.86214328 -39.0752144
v -5.41756582 2.55574179 -39.0752563
v -5.5780201 2.55574179 -39.0752563
v -5.4977951 2.86214328 -39.0419846
v -5.4977951 2.55574179 -39.0420418
v -5.5780201 2.86214328 -39.0752144
v -5.61125231 2.55574179 -39.1554413
v -5.61125231 2.86214328 -39.1554413
v -5.5780201 2.55574179 -39.2356262
v -5.61125231 2.86214328 -39.1554413
v -5.61125231 2.55574179 -39.1554413
v -5.5780201 2.86214328 -39.2356682
v -5.49794674 2.55574179 -39.268959
v -5.4977951 2.86214328 -39.268898
vt 0.429443359 0.394042969
vt 0.385498047 0.468261719
vt 0.471923828 0.468994141
vt 0.812988281 0.00793457031
vt 0.841308594 0.0210723877
vt 0.812988281 0.0210723877
vt 0.841308594 0.00793457031
vt 0.872070312 0.0210723877
vt 0.872070312 0.00793457031
vt 0.898925781 0.0210723877
vt 0.898925781 0.00793457031
vt 0.930664062 0.0210723877
vt 0.930664062 0.00793457031
vt 0.898925781 0.00793457031
vt 0.930664062 0.00793457031
vt 0.930664062 0.0210723877
vt 0.898925781 0.0210723877
vt 0.872070312 0.00793457031
vt 0.872070312 0.0210723877
vt 0.841308594 0.00793457031
vt 0.841308594 0.0210723877
vt 0.812988281 0.00793457031
vt 0.812988281 0.0210723877
vt 0.898925781 0.0210723877
vt 0.898925781 0.00793457031
vt 0.872070312 0.00793457031
vt 0.872070312 0.0210723877
vt 0.872070312 0.0210723877
vt 0.872070312 0.00793457031
vt 0.841308594 0.00793457031
vt 0.841308594 0.0210723877
vt 0.812988281 0.00793457031
vt 0.812988281 0.0210723877
vt 0.812988281 0.0210723877
vt 0.812988281 0.00793457031
vt 0.841308594 0.00793457031
vt 0.841308594 0.0210723877
vt 0.872070312 0.00793457031
vt 0.872070312 0.0210723877
vt 0.872070312 0.0210723877
vt 0.872070312 0.00793457031
vt 0.898925781 0.00793457031
vt 0.898925781 0.0210723877
vt 0.898925781 0.0210723877
vt 0.898925781 0.00793457031
vt 0.930664062 0.00793457031
vt 0.930664062 0.0210723877
vt 0.930664062 0.0210723877
vt 0.930664062 0.00793457031
vt 0.898925781 0.00793457031
vt 0.898925781 0.0210723877
vt 0.907226562 0.0674438477
vt 0.907226562 0.181884766
vt 0.861816406 0.181884766
vt 0.861816406 0.0674438477
vt 0.819824219 0.181884766
vt 0.819824219 0.0674438477
vt 0.961914062 0.0674438477
vt 0.961914062 0.181884766
vt 0.907226562 0.181884766
vt 0.907226562 0.0674438477
vt 0.911132812 0.0674438477
vt 0.911132812 0.184814453
vt 0.961914062 0.184814453
vt 0.961914062 0.0674438477
vt 0.866210938 0.0674438477
vt 0.911132812 0.184814453
vt 0.911132812 0.0674438477
vt 0.866210938 0.184814453
vt 0.823242188 0.0674438477
vt 0.823242188 0.184814453
vt 0.777832031 0.0674438477
vt 0.777832031 0.184814453
vt 0.823242188 0.184814453
vt 0.823242188 0.0674438477
vt 0.819824219 0.0674438477
vt 0.819824219 0.181884766
vt 0.777832031 0.181884766
vt 0.777832031 0.0674438477
vt 0.812988281 0.00793457031
vt 0.812988281 0.0210723877
vt 0.841308594 0.0210723877
vt 0.841308594 0.00793457031
vt 0.872070312 0.0210723877
vt 0.872070312 0.00793457031
vt 0.898925781 0.0210723877
vt 0.898925781 0.00793457031
vt 0.930664062 0.0210723877
vt 0.930664062 0.00793457031
vt 0.898925781 0.00793457031
vt 0.930664062 0.0210723877
vt 0.930664062 0.00793457031
vt 0.898925781 0.0210723877
vt 0.872070312 0.00793457031
vt 0.872070312 0.0210723877
vt 0.841308594 0.00793457031
vt 0.841308594 0.0210723877
vt 0.812988281 0.00793457031
vt 0.812988281 0.0210723877
vt 0.477294922 0.887207031
vt 0.485351562 0.887207031
vt 0.489013672 0.877441406
vt 0.482666016 0.869628906
vt 0.499755859 0.869140625
vt 0.499511719 0.856933594
vt 0.499511719 0.856933594
vt 0.499755859 0.869140625
vt 0.510253906 0.877441406
vt 0.515136719 0.869628906
vt 0.515136719 0.869628906
vt 0.510253906 0.877441406
vt 0.513183594 0.887207031
vt 0.520996094 0.887207031
vt 0.377685547 0.722167969
vt 0.370117188 0.722167969
vt 0.3671875 0.732421875
vt 0.372314453 0.739746094
vt 0.356689453 0.741210938
vt 0.356933594 0.752929688
vt 0.356933594 0.752929688
vt 0.356689453 0.741210938
vt 0.345947266 0.732910156
vt 0.341552734 0.739746094
vt 0.341552734 0.739746094
vt 0.345947266 0.732910156
vt 0.343505859 0.722167969
vt 0.335449219 0.722167969
vt 0.485351562 0.887207031
vt 0.496826172 0.887207031
vt 0.497558594 0.884765625
vt 0.489013672 0.877441406
vt 0.499755859 0.884277344
vt 0.499755859 0.869140625
vt 0.501953125 0.884765625
vt 0.510253906 0.877441406
vt 0.502929688 0.887207031
vt 0.513183594 0.887207031
vt 0.370117188 0.722167969
vt 0.359619141 0.722167969
vt 0.358886719 0.725097656
vt 0.3671875 0.732421875
vt 0.356689453 0.725585938
vt 0.356689453 0.741210938
vt 0.354492188 0.724609375
vt 0.345947266 0.732910156
vt 0.353759766 0.722167969
vt 0.343505859 0.722167969
vt 0.898925781 0.0210723877
vt 0.872070312 0.00793457031
vt 0.898925781 0.00793457031
vt 0.872070312 0.0210723877
vt 0.841308594 0.00793457031
vt 0.841308594 0.0210723877
vt 0.841308594 0.0210723877
vt 0.812988281 0.0210723877
vt 0.812988281 0.00793457031
vt 0.841308594 0.00793457031
vt 0.812988281 0.0210723877
vt 0.841308594 0.0210723877
vt 0.841308594 0.00793457031
vt 0.812988281 0.00793457031
vt 0.841308594 0.0210723877
vt 0.872070312 0.00793457031
vt 0.841308594 0.00793457031
vt 0.872070312 0.0210723877
vt 0.898925781 0.00793457031
vt 0.898925781 0.0210723877
vt 0.898925781 0.0210723877
vt 0.930664062 0.0210723877
vt 0.930664062 0.00793457031
vt 0.898925781 0.00793457031
vt 0.930664062 0.0210723877
vt 0.898925781 0.0210723877
vt 0.898925781 0.00793457031
vt 0.930664062 0.00793457031
vt 0.812988281 0.00793457031
vt 0.841308594 0.0210723877
vt 0.812988281 0.0210723877
vt 0.841308594 0.00793457031
vt 0.872070312 0.0210723877
vt 0.872070312 0.00793457031
vt 0.898925781 0.0210723877
vt 0.898925781 0.00793457031
vt 0.930664062 0.0210723877
vt 0.930664062 0.00793457031
vt 0.898925781 0.00793457031
vt 0.930664062 0.00793457031
vt 0.930664062 0.0210723877
vt 0.898925781 0.0210723877
vt 0.872070312 0.00793457031
vt 0.872070312 0.0210723877
vt 0.841308594 0.00793457031
vt 0.841308594 0.0210723877
vt 0.812988281 0.00793457031
vt 0.812988281 0.0210723877
vt 0.812988281 0.00793457031
vt 0.812988281 0.0210723877
vt 0.841308594 0.0210723877
vt 0.841308594 0.00793457031
vt 0.872070312 0.0210723877
vt 0.872070312 0.00793457031
vt 0.898925781 0.0210723877
vt 0.898925781 0.00793457031
vt 0.930664062 0.0210723877
vt 0.930664062 0.00793457031
vt 0.898925781 0.00793457031
vt 0.930664062 0.0210723877
vt 0.930664062 0.00793457031
vt 0.898925781 0.0210723877
vt 0.872070312 0.00793457031
vt 0.872070312 0.0210723877
vt 0.841308594 0.00793457031
vt 0.841308594 0.0210723877
vt 0.812988281 0.00793457031
vt 0.812988281 0.0210723877
vt 0.532226562 0.243774414
vt 0.532226562 0.265136719
vt 0.754394531 0.265136719
vt 0.754394531 0.243774414
vt 0.52734375 0.236938477
vt 0.52734375 0.122070312
vt 0.762695312 0.121704102
vt 0.762695312 0.236694336
vt 0.592773438 0.265136719
vt 0.718261719 0.265136719
vt 0.718261719 0.243774414
vt 0.592773438 0.243774414
vt 0.592773438 0.265380859
vt 0.718261719 0.265380859
vt 0.718261719 0.244018555
vt 0.592773438 0.244018555
vt 0.15246582 0.278564453
vt 0.264892578 0.235595703
vt 0.15246582 0.235595703
vt 0.264892578 0.278564453
vt 0.290283203 0.235595703
vt 0.290283203 0.278320312
vt 0.193481445 0.235351562
vt 0.104064941 0.235351562
vt 0.104064941 0.278564453
vt 0.193481445 0.278564453
vt 0.15246582 0.235229492
vt 0.264892578 0.278076172
vt 0.15246582 0.278076172
vt 0.264892578 0.235229492
vt 0.290283203 0.277832031
vt 0.290283203 0.235229492
vt 0.193481445 0.235351562
vt 0.104064941 0.235351562
vt 0.104064941 0.277832031
vt 0.193481445 0.277832031
vt 0.0125656128 0.0168762207
vt 0.159301758 0.180419922
vt 0.159301758 0.0168762207
vt 0.0125656128 0.180419922
vt 0.159301758 0.217041016
vt 0.0125656128 0.217041016
vt 0.622558594 0.0150680542
vt 0.622558594 0.282226562
vt 0.689453125 0.282226562
vt 0.689453125 0.0150680542
vt 0.768554688 0.0119018555
vt 0.768554688 0.281005859
vt 0.906738281 0.281005859
vt 0.906738281 0.0119018555
vt 0.622558594 0.0150680542
vt 0.622558594 0.282226562
vt 0.690429688 0.282226562
vt 0.690429688 0.0150680542
vt 0.986816406 0.013381958
vt 0.622558594 0.013381958
vt 0.622558594 0.281738281
vt 0.986816406 0.281738281
vt 0.898925781 0.0210723877
vt 0.872070312 0.00793457031
vt 0.898925781 0.00793457031
vt 0.872070312 0.0210723877
vt 0.841308594 0.00793457031
vt 0.841308594 0.0210723877
vt 0.841308594 0.0210723877
vt 0.812988281 0.0210723877
vt 0.812988281 0.00793457031
vt 0.841308594 0.00793457031
vt 0.812988281 0.0210723877
vt 0.841308594 0.0210723877
vt 0.841308594 0.00793457031
vt 0.812988281 0.00793457031
vt 0.841308594 0.0210723877
vt 0.872070312 0.00793457031
vt 0.841308594 0.00793457031
vt 0.872070312 0.0210723877
vt 0.898925781 0.00793457031
vt 0.898925781 0.0210723877
vt 0.898925781 0.0210723877
vt 0.930664062 0.0210723877
vt 0.930664062 0.00793457031
vt 0.898925781 0.00793457031
vt 0.930664062 0.0210723877
vt 0.898925781 0.0210723877
vt 0.898925781 0.00793457031
vt 0.930664062 0.00793457031
vt 0.812988281 0.00793457031
vt 0.841308594 0.0210723877
vt 0.812988281 0.0210723877
vt 0.841308594 0.00793457031
vt 0.872070312 0.0210723877
vt 0.872070312 0.00793457031
vt 0.898925781 0.0210723877
vt 0.898925781 0.00793457031
vt 0.930664062 0.0210723877
vt 0.930664062 0.00793457031
vt 0.898925781 0.00793457031
vt 0.930664062 0.00793457031
vt 0.930664062 0.0210723877
vt 0.898925781 0.0210723877
vt 0.872070312 0.00793457031
vt 0.872070312 0.0210723877
vt 0.841308594 0.00793457031
vt 0.841308594 0.0210723877
vt 0.812988281 0.00793457031
vt 0.812988281 0.0210723877
vt 0.812988281 0.00793457031
vt 0.812988281 0.0210723877
vt 0.841308594 0.0210723877
vt 0.841308594 0.00793457031
vt 0.872070312 0.0210723877
vt 0.872070312 0.00793457031
vt 0.898925781 0.0210723877
vt 0.898925781 0.00793457031
vt 0.930664062 0.0210723877
vt 0.930664062 0.00793457031
vt 0.898925781 0.00793457031
vt 0.930664062 0.0210723877
vt 0.930664062 0.00793457031
vt 0.898925781 0.0210723877
vt 0.872070312 0.00793457031
vt 0.872070312 0.0210723877
vt 0.841308594 0.00793457031
vt 0.841308594 0.0210723877
vt 0.812988281 0.00793457031
vt 0.812988281 0.0210723877
vt 0.388916016 0.464111328
vt 0.388916016 0.469482422
vt 0.470458984 0.469482422
vt 0.470458984 0.464111328
vt 0.470458984 0.464355469
vt 0.393310547 0.464355469
vt 0.393310547 0.469482422
vt 0.470458984 0.469482422
vt 0.470458984 0.464355469
vt 0.393066406 0.464355469
vt 0.393066406 0.469482422
vt 0.470458984 0.469482422
vt 0.509277344 0.716796875
vt 0.509277344 0.689941406
vt 0.490234375 0.708984375
vt 0.528808594 0.708496094
vt 0.482666016 0.689941406
vt 0.536621094 0.689453125
vt 0.490722656 0.671386719
vt 0.528320312 0.670898438
vt 0.509277344 0.663574219
vt 0.777832031 0.183349609
vt 0.777832031 0.1328125
vt 0.823242188 0.1328125
vt 0.961914062 0.151855469
vt 0.961914062 0.171142578
vt 0.907226562 0.171142578
vt 0.911132812 0.1328125
vt 0.961914062 0.154907227
vt 0.961914062 0.1328125
vt 0.777832031 0.183349609
vt 0.777832031 0.1328125
vt 0.823242188 0.1328125
vt 0.961914062 0.151855469
vt 0.961914062 0.171142578
vt 0.907226562 0.171142578
vt 0.911132812 0.1328125
vt 0.961914062 0.154907227
vt 0.961914062 0.1328125
vt 0.898925781 0.0210723877
vt 0.898925781 0.00793457031
vt 0.872070312 0.00793457031
vt 0.872070312 0.0210723877
vt 0.841308594 0.00793457031
vt 0.841308594 0.0210723877
vt 0.841308594 0.0210723877
vt 0.841308594 0.00793457031
vt 0.812988281 0.00793457031
vt 0.812988281 0.0210723877
vt 0.812988281 0.00793457031
vt 0.812988281 0.0210723877
vt 0.841308594 0.0210723877
vt 0.841308594 0.00793457031
vt 0.872070312 0.0210723877
vt 0.872070312 0.00793457031
vt 0.872070312 0.00793457031
vt 0.872070312 0.0210723877
vt 0.898925781 0.0210723877
vt 0.898925781 0.00793457031
vt 0.930664062 0.0210723877
vt 0.930664062 0.00793457031
vt 0.930664062 0.0210723877
vt 0.930664062 0.00793457031
vt 0.898925781 0.00793457031
vt 0.898925781 0.0210723877
vt 0.907226562 0.169433594
vt 0.907226562 0.129760742
vt 0.861816406 0.129760742
vt 0.861816406 0.169433594
vt 0.819824219 0.129760742
vt 0.819824219 0.169433594
vt 0.819824219 0.169433594
vt 0.819824219 0.129760742
vt 0.777832031 0.129760742
vt 0.777832031 0.169433594
vt 0.777832031 0.183349609
vt 0.823242188 0.1328125
vt 0.823242188 0.183349609
vt 0.866210938 0.1328125
vt 0.866210938 0.183349609
vt 0.866210938 0.183349609
vt 0.866210938 0.1328125
vt 0.911132812 0.1328125
vt 0.911132812 0.183349609
vt 0.961914062 0.1328125
vt 0.961914062 0.183349609
vt 0.961914062 0.169433594
vt 0.961914062 0.129760742
vt 0.907226562 0.129760742
vt 0.907226562 0.169433594
vt 0.819824219 0.151855469
vt 0.777832031 0.171142578
vt 0.777832031 0.151855469
vt 0.819824219 0.171142578
vt 0.777832031 0.249145508
vt 0.819824219 0.249145508
vt 0.861816406 0.171142578
vt 0.861816406 0.249145508
vt 0.861816406 0.151855469
vt 0.907226562 0.171142578
vt 0.907226562 0.249145508
vt 0.961914062 0.171142578
vt 0.961914062 0.249145508
vt 0.907226562 0.151855469
vt 0.907226562 0.129760742
vt 0.861816406 0.129760742
vt 0.819824219 0.129760742
vt 0.777832031 0.154907227
vt 0.777832031 0.173828125
vt 0.823242188 0.173828125
vt 0.823242188 0.249755859
vt 0.777832031 0.249755859
vt 0.866210938 0.249755859
vt 0.777832031 0.154907227
vt 0.823242188 0.173828125
vt 0.823242188 0.154907227
vt 0.866210938 0.173828125
vt 0.866210938 0.249755859
vt 0.866210938 0.154907227
vt 0.823242188 0.1328125
vt 0.866210938 0.1328125
vt 0.961914062 0.151855469
vt 0.907226562 0.171142578
vt 0.907226562 0.151855469
vt 0.961914062 0.129760742
vt 0.907226562 0.129760742
vt 0.866210938 0.173828125
vt 0.866210938 0.249755859
vt 0.911132812 0.249755859
vt 0.911132812 0.173828125
vt 0.866210938 0.154907227
vt 0.911132812 0.154907227
vt 0.866210938 0.1328125
vt 0.911132812 0.1328125
vt 0.911132812 0.173828125
vt 0.911132812 0.249755859
vt 0.961914062 0.249755859
vt 0.961914062 0.173828125
vt 0.911132812 0.154907227
vt 0.961914062 0.154907227
vt 0.911132812 0.1328125
vt 0.898925781 0.00793457031
vt 0.930664062 0.0210723877
vt 0.930664062 0.00793457031
vt 0.898925781 0.0210723877
vt 0.872070312 0.00793457031
vt 0.872070312 0.0210723877
vt 0.841308594 0.00793457031
vt 0.841308594 0.0210723877
vt 0.814453125 0.00793457031
vt 0.813476562 0.0210723877
vt 0.814453125 0.00793457031
vt 0.813476562 0.0210723877
vt 0.841308594 0.0210723877
vt 0.841308594 0.00793457031
vt 0.872070312 0.0210723877
vt 0.872070312 0.00793457031
vt 0.898925781 0.0210723877
vt 0.898925781 0.00793457031
vt 0.930664062 0.0210723877
vt 0.930664062 0.00793457031
vt 0.92578125 0.252685547
vt 0.92578125 0.241455078
vt 0.873046875 0.241455078
vt 0.873046875 0.252685547
vt 0.873046875 0.252685547
vt 0.873046875 0.241455078
vt 0.8203125 0.241455078
vt 0.8203125 0.252685547
vt 0.793457031 0.241455078
vt 0.793457031 0.252685547
vt 0.951660156 0.252685547
vt 0.951660156 0.241455078
vt 0.924804688 0.241455078
vt 0.925292969 0.252685547
vt 0.925292969 0.252685547
vt 0.924804688 0.241455078
vt 0.872558594 0.241455078
vt 0.872558594 0.252685547
vt 0.819824219 0.241455078
vt 0.819824219 0.252685547
vt 0.819824219 0.252685547
vt 0.819824219 0.241455078
vt 0.793457031 0.241455078
vt 0.793457031 0.252685547
vt 0.951660156 0.252685547
vt 0.951660156 0.241455078
vt 0.92578125 0.241455078
vt 0.92578125 0.252685547
vt 0.777832031 0.1328125
vt 0.777832031 0.154907227
vt 0.823242188 0.154907227
vt 0.823242188 0.1328125
vt 0.819824219 0.129760742
vt 0.819824219 0.151855469
vt 0.777832031 0.151855469
vt 0.777832031 0.129760742
vt 0.907226562 0.0674438477
vt 0.861816406 0.181884766
vt 0.861816406 0.0674438477
vt 0.907226562 0.181884766
vt 0.961914062 0.0674438477
vt 0.961914062 0.181884766
vt 0.911132812 0.0674438477
vt 0.961914062 0.184814453
vt 0.961914062 0.0674438477
vt 0.911132812 0.184814453
vt 0.866210938 0.0674438477
vt 0.866210938 0.184814453
vt 0.823242188 0.0674438477
vt 0.823242188 0.184814453
vt 0.866210938 0.184814453
vt 0.866210938 0.0674438477
vt 0.777832031 0.0674438477
vt 0.777832031 0.184814453
vt 0.823242188 0.184814453
vt 0.823242188 0.0674438477
vt 0.819824219 0.0674438477
vt 0.819824219 0.181884766
vt 0.777832031 0.181884766
vt 0.777832031 0.0674438477
vt 0.861816406 0.0674438477
vt 0.861816406 0.181884766
vt 0.819824219 0.181884766
vt 0.819824219 0.0674438477
vt 0.812988281 0.00793457031
vt 0.812988281 0.0210723877
vt 0.841308594 0.0210723877
vt 0.841308594 0.00793457031
vt 0.872070312 0.0210723877
vt 0.872070312 0.00793457031
vt 0.898925781 0.0210723877
vt 0.898925781 0.00793457031
vt 0.930664062 0.0210723877
vt 0.930664062 0.00793457031
vt 0.898925781 0.00793457031
vt 0.930664062 0.0210723877
vt 0.930664062 0.00793457031
vt 0.898925781 0.0210723877
vt 0.872070312 0.00793457031
vt 0.872070312 0.0210723877
vt 0.841308594 0.00793457031
vt 0.841308594 0.0210723877
vt 0.812988281 0.00793457031
vt 0.812988281 0.0210723877
vt 0.777832031 0.0719604492
vt 0.777832031 0.183105469
vt 0.823242188 0.183105469
vt 0.823242188 0.0719604492
vt 0.866210938 0.183105469
vt 0.866210938 0.0719604492
vt 0.819824219 0.0658569336
vt 0.819824219 0.174194336
vt 0.777832031 0.174194336
vt 0.777832031 0.0658569336
vt 0.861816406 0.0658569336
vt 0.861816406 0.174194336
vt 0.819824219 0.174194336
vt 0.819824219 0.0658569336
vt 0.907226562 0.0658569336
vt 0.861816406 0.174194336
vt 0.861816406 0.0658569336
vt 0.907226562 0.174194336
vt 0.961914062 0.0658569336
vt 0.961914062 0.174194336
vt 0.911132812 0.0719604492
vt 0.961914062 0.183105469
vt 0.961914062 0.0719604492
vt 0.911132812 0.183105469
vt 0.866210938 0.0719604492
vt 0.866210938 0.183105469
vt 0.777832031 0.0796508789
vt 0.777832031 0.183349609
vt 0.823242188 0.183349609
vt 0.823242188 0.0796508789
vt 0.866210938 0.183349609
vt 0.866210938 0.0796508789
vt 0.819824219 0.0682373047
vt 0.819824219 0.169433594
vt 0.777832031 0.169433594
vt 0.777832031 0.0682373047
vt 0.861816406 0.0682373047
vt 0.861816406 0.169433594
vt 0.819824219 0.169433594
vt 0.819824219 0.0682373047
vt 0.907226562 0.0682373047
vt 0.861816406 0.169433594
vt 0.861816406 0.0682373047
vt 0.907226562 0.169433594
vt 0.961914062 0.0682373047
vt 0.961914062 0.169433594
vt 0.911132812 0.0796508789
vt 0.961914062 0.183349609
vt 0.961914062 0.0796508789
vt 0.911132812 0.183349609
vt 0.866210938 0.0796508789
vt 0.866210938 0.183349609
vt 0.898925781 0.0210723877
vt 0.898925781 0.00793457031
vt 0.872070312 0.00793457031
vt 0.872070312 0.0210723877
vt 0.841308594 0.00793457031
vt 0.841308594 0.0210723877
vt 0.841308594 0.0210723877
vt 0.841308594 0.00793457031
vt 0.812988281 0.00793457031
vt 0.812988281 0.0210723877
vt 0.812988281 0.00793457031
vt 0.812988281 0.0210723877
vt 0.841308594 0.0210723877
vt 0.841308594 0.00793457031
vt 0.872070312 0.0210723877
vt 0.872070312 0.00793457031
vt 0.872070312 0.00793457031
vt 0.872070312 0.0210723877
vt 0.898925781 0.0210723877
vt 0.898925781 0.00793457031
vt 0.930664062 0.0210723877
vt 0.930664062 0.00793457031
vt 0.930664062 0.0210723877
vt 0.930664062 0.00793457031
vt 0.898925781 0.00793457031
vt 0.898925781 0.0210723877
vt 0.907226562 0.169433594
vt 0.907226562 0.129760742
vt 0.861816406 0.129760742
vt 0.861816406 0.169433594
vt 0.819824219 0.129760742
vt 0.819824219 0.169433594
vt 0.819824219 0.169433594
vt 0.819824219 0.129760742
vt 0.777832031 0.129760742
vt 0.777832031 0.169433594
vt 0.777832031 0.183349609
vt 0.823242188 0.1328125
vt 0.823242188 0.183349609
vt 0.866210938 0.1328125
vt 0.866210938 0.183349609
vt 0.866210938 0.183349609
vt 0.866210938 0.1328125
vt 0.911132812 0.1328125
vt 0.911132812 0.183349609
vt 0.961914062 0.1328125
vt 0.961914062 0.183349609
vt 0.961914062 0.169433594
vt 0.961914062 0.129760742
vt 0.907226562 0.129760742
vt 0.907226562 0.169433594
vt 0.819824219 0.151855469
vt 0.777832031 0.171142578
vt 0.777832031 0.151855469
vt 0.819824219 0.171142578
vt 0.777832031 0.249145508
vt 0.819824219 0.249145508
vt 0.861816406 0.171142578
vt 0.861816406 0.249145508
vt 0.861816406 0.151855469
vt 0.907226562 0.171142578
vt 0.907226562 0.249145508
vt 0.961914062 0.171142578
vt 0.961914062 0.249145508
vt 0.907226562 0.151855469
vt 0.907226562 0.129760742
vt 0.861816406 0.129760742
vt 0.819824219 0.129760742
vt 0.777832031 0.154907227
vt 0.777832031 0.173828125
vt 0.823242188 0.173828125
vt 0.823242188 0.249755859
vt 0.777832031 0.249755859
vt 0.866210938 0.249755859
vt 0.777832031 0.154907227
vt 0.823242188 0.173828125
vt 0.823242188 0.154907227
vt 0.866210938 0.173828125
vt 0.866210938 0.249755859
vt 0.866210938 0.154907227
vt 0.823242188 0.1328125
vt 0.866210938 0.1328125
vt 0.961914062 0.151855469
vt 0.907226562 0.171142578
vt 0.907226562 0.151855469
vt 0.961914062 0.129760742
vt 0.907226562 0.129760742
vt 0.866210938 0.173828125
vt 0.866210938 0.249755859
vt 0.911132812 0.249755859
vt 0.911132812 0.173828125
vt 0.866210938 0.154907227
vt 0.911132812 0.154907227
vt 0.866210938 0.1328125
vt 0.911132812 0.1328125
vt 0.911132812 0.173828125
vt 0.911132812 0.249755859
vt 0.961914062 0.249755859
vt 0.961914062 0.173828125
vt 0.911132812 0.154907227
vt 0.961914062 0.154907227
vt 0.911132812 0.1328125
vt 0.898925781 0.00793457031
vt 0.930664062 0.0210723877
vt 0.930664062 0.00793457031
vt 0.898925781 0.0210723877
vt 0.872070312 0.00793457031
vt 0.872070312 0.0210723877
vt 0.841308594 0.00793457031
vt 0.841308594 0.0210723877
vt 0.814453125 0.00793457031
vt 0.813476562 0.0210723877
vt 0.814453125 0.00793457031
vt 0.813476562 0.0210723877
vt 0.841308594 0.0210723877
vt 0.841308594 0.00793457031
vt 0.872070312 0.0210723877
vt 0.872070312 0.00793457031
vt 0.898925781 0.0210723877
vt 0.898925781 0.00793457031
vt 0.930664062 0.0210723877
vt 0.930664062 0.00793457031
vt 0.92578125 0.252685547
vt 0.92578125 0.241455078
vt 0.873046875 0.241455078
vt 0.873046875 0.252685547
vt 0.873046875 0.252685547
vt 0.873046875 0.241455078
vt 0.8203125 0.241455078
vt 0.8203125 0.252685547
vt 0.793457031 0.241455078
vt 0.793457031 0.252685547
vt 0.951660156 0.252685547
vt 0.951660156 0.241455078
vt 0.924804688 0.241455078
vt 0.925292969 0.252685547
vt 0.925292969 0.252685547
vt 0.924804688 0.241455078
vt 0.872558594 0.241455078
vt 0.872558594 0.252685547
vt 0.819824219 0.241455078
vt 0.819824219 0.252685547
vt 0.819824219 0.252685547
vt 0.819824219 0.241455078
vt 0.793457031 0.241455078
vt 0.793457031 0.252685547
vt 0.951660156 0.252685547
vt 0.951660156 0.241455078
vt 0.92578125 0.241455078
vt 0.92578125 0.252685547
vt 0.777832031 0.1328125
vt 0.777832031 0.154907227
vt 0.823242188 0.154907227
vt 0.823242188 0.1328125
vt 0.819824219 0.129760742
vt 0.819824219 0.151855469
vt 0.777832031 0.151855469
vt 0.777832031 0.129760742
vt 0.907226562 0.0674438477
vt 0.861816406 0.181884766
vt 0.861816406 0.0674438477
vt 0.907226562 0.181884766
vt 0.961914062 0.0674438477
vt 0.961914062 0.181884766
vt 0.911132812 0.0674438477
vt 0.961914062 0.184814453
vt 0.961914062 0.0674438477
vt 0.911132812 0.184814453
vt 0.866210938 0.0674438477
vt 0.866210938 0.184814453
vt 0.823242188 0.0674438477
vt 0.823242188 0.184814453
vt 0.866210938 0.184814453
vt 0.866210938 0.0674438477
vt 0.777832031 0.0674438477
vt 0.777832031 0.184814453
vt 0.823242188 0.184814453
vt 0.823242188 0.0674438477
vt 0.819824219 0.0674438477
vt 0.819824219 0.181884766
vt 0.777832031 0.181884766
vt 0.777832031 0.0674438477
vt 0.861816406 0.0674438477
vt 0.861816406 0.181884766
vt 0.819824219 0.181884766
vt 0.819824219 0.0674438477
vt 0.812988281 0.00793457031
vt 0.812988281 0.0210723877
vt 0.841308594 0.0210723877
vt 0.841308594 0.00793457031
vt 0.872070312 0.0210723877
vt 0.872070312 0.00793457031
vt 0.898925781 0.0210723877
vt 0.898925781 0.00793457031
vt 0.930664062 0.0210723877
vt 0.930664062 0.00793457031
vt 0.898925781 0.00793457031
vt 0.930664062 0.0210723877
vt 0.930664062 0.00793457031
vt 0.898925781 0.0210723877
vt 0.872070312 0.00793457031
vt 0.872070312 0.0210723877
vt 0.841308594 0.00793457031
vt 0.841308594 0.0210723877
vt 0.812988281 0.00793457031
vt 0.812988281 0.0210723877
vt 0.777832031 0.0719604492
vt 0.777832031 0.183105469
vt 0.823242188 0.183105469
vt 0.823242188 0.0719604492
vt 0.866210938 0.183105469
vt 0.866210938 0.0719604492
vt 0.819824219 0.0658569336
vt 0.819824219 0.174194336
vt 0.777832031 0.174194336
vt 0.777832031 0.0658569336
vt 0.861816406 0.0658569336
vt 0.861816406 0.174194336
vt 0.819824219 0.174194336
vt 0.819824219 0.0658569336
vt 0.907226562 0.0658569336
vt 0.861816406 0.174194336
vt 0.861816406 0.0658569336
vt 0.907226562 0.174194336
vt 0.961914062 0.0658569336
vt 0.961914062 0.174194336
vt 0.911132812 0.0719604492
vt 0.961914062 0.183105469
vt 0.961914062 0.0719604492
vt 0.911132812 0.183105469
vt 0.866210938 0.0719604492
vt 0.866210938 0.183105469
vt 0.777832031 0.0796508789
vt 0.777832031 0.183349609
vt 0.823242188 0.183349609
vt 0.823242188 0.0796508789
vt 0.866210938 0.183349609
vt 0.866210938 0.0796508789
vt 0.819824219 0.0682373047
vt 0.819824219 0.169433594
vt 0.777832031 0.169433594
vt 0.777832031 0.0682373047
vt 0.861816406 0.0682373047
vt 0.861816406 0.169433594
vt 0.819824219 0.169433594
vt 0.819824219 0.0682373047
vt 0.907226562 0.0682373047
vt 0.861816406 0.169433594
vt 0.861816406 0.0682373047
vt 0.907226562 0.169433594
vt 0.961914062 0.0682373047
vt 0.961914062 0.169433594
vt 0.911132812 0.0796508789
vt 0.961914062 0.183349609
vt 0.961914062 0.0796508789
vt 0.911132812 0.183349609
vt 0.866210938 0.0796508789
vt 0.866210938 0.183349609
vn 1 0 0
vn 1 0 0
vn 1 0 0
vn 0.999511719 -0.0281524658 7.30156898E-05
vn 0.999511719 -0.0199279785 -0.02003479
vn 0.999511719 -0.0281524658 5.52535057E-05
vn 0.999511719 -0.0199890137 -0.0199890137
vn 0.999511719 -8.22544098E-06 -0.0281982422
vn 0.999511719 -8.16583633E-06 -0.0281982422
vn 0.999511719 0.0199432373 -0.02003479
vn 0.999511719 0.0199890137 -0.0199890137
vn 0.999511719 0.0283050537 -1.40070915E-05
vn 0.999511719 0.0283050537 -1.36494637E-05
vn 0.999511719 -0.0198364258 0.0201721191
vn 0.999511719 -0.0281524658 7.30156898E-05
vn 0.999511719 -0.0281524658 5.52535057E-05
vn 0.999511719 -0.0201263428 0.0198669434
vn 0.999511719 0.000221610069 0.0285491943
vn 0.999511719 -0.00018286705 0.0285491943
vn 0.999511719 0.0202026367 0.0200653076
vn 0.999511719 0.0201416016 0.0201416016
vn 0.999511719 0.0283050537 -1.36494637E-05
vn 0.999511719 0.0283050537 -1.40070915E-05
vn -0.00231170654 -0.706054688 0.708007812
vn -0.00230789185 -0.70703125 0.70703125
vn -0.00393295288 5.96046448E-07 1
vn -0.00393295288 5.96046448E-07 1
vn -0.00393295288 5.96046448E-07 1
vn -0.00393295288 5.96046448E-07 1
vn -0.00227546692 0.70703125 0.70703125
vn -0.00227928162 0.706054688 0.708007812
vn -0.000658035278 1 8.16583633E-06
vn -0.000658035278 1 1.11460686E-05
vn -0.000658035278 1 1.11460686E-05
vn -0.000658035278 1 8.16583633E-06
vn -0.00172710419 0.70703125 -0.707519531
vn -0.00172996521 0.706054688 -0.708007812
vn -0.00277519226 -2.44379044E-06 -1
vn -0.00277519226 -9.53674316E-07 -1
vn -0.00277519226 -9.53674316E-07 -1
vn -0.00277519226 -2.44379044E-06 -1
vn -0.00173091888 -0.70703125 -0.707519531
vn -0.00173377991 -0.706054688 -0.708007812
vn -0.00173377991 -0.706054688 -0.708007812
vn -0.00173091888 -0.70703125 -0.707519531
vn -0.000679016113 -1 2.64644623E-05
vn -0.000679016113 -1 3.09944153E-05
vn -0.000679016113 -1 3.09944153E-05
vn -0.000679016113 -1 2.64644623E-05
vn -0.00230789185 -0.70703125 0.70703125
vn -0.00231170654 -0.706054688 0.708007812
vn 0.000712394714 -0.641113281 0.767578125
vn 0.000801086426 -0.551757812 0.833984375
vn 0.00100708008 6.37769699E-06 1
vn 0.00100708008 0 1
vn 0.000799655914 0.551757812 0.833984375
vn 0.000709533691 0.641113281 0.767578125
vn 0.000262498856 -1 1.84774399E-06
vn 0.000262498856 -1 8.94069672E-07
vn 0.000801086426 -0.551757812 0.833984375
vn 0.000712394714 -0.641113281 0.767578125
vn -0.000408887863 -0.645507812 -0.763671875
vn -0.000552654266 -0.557617188 -0.830078125
vn 0.000262498856 -1 8.94069672E-07
vn 0.000262498856 -1 1.84774399E-06
vn -0.000493049622 -0.0032119751 -1
vn -0.000552654266 -0.557617188 -0.830078125
vn -0.000408887863 -0.645507812 -0.763671875
vn -0.00049161911 -0.00121688843 -1
vn 0.000650882721 0.640136719 -0.768554688
vn 0.000374078751 0.552734375 -0.833496094
vn 0.00107097626 1 -0.0039100647
vn 0.00107097626 1 -0.00374603271
vn 0.000374078751 0.552734375 -0.833496094
vn 0.000650882721 0.640136719 -0.768554688
vn 0.000709533691 0.641113281 0.767578125
vn 0.000799655914 0.551757812 0.833984375
vn 0.00107097626 1 -0.00374603271
vn 0.00107097626 1 -0.0039100647
vn -0.993164062 0.115478516 -0.000321626663
vn -0.993164062 0.115478516 -0.000248193741
vn -0.993164062 0.0819091797 0.0820922852
vn -0.993164062 0.0819091797 0.0821533203
vn -0.993164062 -7.86781311E-06 0.116027832
vn -0.993164062 -8.5234642E-06 0.116027832
vn -0.993164062 -0.0819702148 0.0820922852
vn -0.993164062 -0.0819702148 0.0821533203
vn -0.993164062 -0.116027832 8.22544098E-06
vn -0.993164062 -0.116027832 6.67572021E-06
vn -0.993164062 0.0814819336 -0.082824707
vn -0.993164062 0.115478516 -0.000248193741
vn -0.993164062 0.115478516 -0.000321626663
vn -0.993164062 0.082824707 -0.0813598633
vn -0.993164062 -0.000911235809 -0.117248535
vn -0.993164062 0.000742435455 -0.117248535
vn -0.993164062 -0.0829467773 -0.0824584961
vn -0.993164062 -0.082824707 -0.0825195312
vn -0.993164062 -0.116027832 6.67572021E-06
vn -0.993164062 -0.116027832 8.22544098E-06
vn 0.487792969 3.9935112E-06 0.873046875
vn 0.645507812 1.31130219E-06 0.763671875
vn 0.645507812 -0.539550781 0.541015625
vn 0.487792969 -0.616210938 0.618164062
vn 0.645019531 -0.764160156 -6.46114349E-05
vn 0.487792969 -0.873046875 0.000339269638
vn 0.487792969 -0.873046875 0.000339269638
vn 0.645019531 -0.764160156 -6.46114349E-05
vn 0.64453125 -0.543457031 -0.538085938
vn 0.486328125 -0.62109375 -0.614746094
vn 0.486328125 -0.62109375 -0.614746094
vn 0.64453125 -0.543457031 -0.538085938
vn 0.645019531 -0.00302314758 -0.764160156
vn 0.487792969 -0.00374031067 -0.873046875
vn 0.487792969 -0.00374031067 -0.873046875
vn 0.645019531 -0.00302314758 -0.764160156
vn 0.644042969 0.540039062 -0.541992188
vn 0.486083984 0.616699219 -0.619628906
vn 0.645019531 0.764160156 -0.00403594971
vn 0.487792969 0.873046875 -0.00376319885
vn 0.487792969 0.873046875 -0.00376319885
vn 0.645019531 0.764160156 -0.00403594971
vn 0.645507812 0.5390625 0.541015625
vn 0.488037109 0.616210938 0.618164062
vn 0.488037109 0.616210938 0.618164062
vn 0.645507812 0.5390625 0.541015625
vn 0.645507812 1.31130219E-06 0.763671875
vn 0.487792969 3.9935112E-06 0.873046875
vn 0.645507812 1.31130219E-06 0.763671875
vn 0.911621094 -4.76837158E-06 0.410888672
vn 0.911621094 -0.290039062 0.291015625
vn 0.645507812 -0.539550781 0.541015625
vn 0.911621094 -0.411132812 -0.000226855278
vn 0.645019531 -0.764160156 -6.46114349E-05
vn 0.911132812 -0.29296875 -0.289794922
vn 0.64453125 -0.543457031 -0.538085938
vn 0.911621094 -0.00149917603 -0.411132812
vn 0.645019531 -0.00302314758 -0.764160156
vn 0.645019531 -0.00302314758 -0.764160156
vn 0.911621094 -0.00149917603 -0.411132812
vn 0.911132812 0.291015625 -0.292236328
vn 0.644042969 0.540039062 -0.541992188
vn 0.911621094 0.411132812 -0.00256156921
vn 0.645019531 0.764160156 -0.00403594971
vn 0.911621094 0.290039062 0.291015625
vn 0.645507812 0.5390625 0.541015625
vn 0.911621094 -4.76837158E-06 0.410888672
vn 0.645507812 1.31130219E-06 0.763671875
vn 0.708007812 -0.00152492523 0.706542969
vn 1 -0.00258636475 4.11272049E-06
vn 0.70703125 -0.00152301788 0.70703125
vn 1 -0.00258636475 1.65104866E-05
vn 0.70703125 -0.00150489807 -0.70703125
vn 0.708007812 -0.00150680542 -0.706542969
vn 0.708007812 -0.00150680542 -0.706542969
vn 1.68681145E-05 -0.00042963028 -1
vn 1.40070915E-05 -0.00042963028 -1
vn 0.70703125 -0.00150489807 -0.70703125
vn 1.68681145E-05 -0.00042963028 -1
vn -0.707519531 -0.00149059296 -0.706542969
vn -0.70703125 -0.00148868561 -0.70703125
vn 1.40070915E-05 -0.00042963028 -1
vn -0.707519531 -0.00149059296 -0.706542969
vn -1 -0.00256538391 -1.7285347E-06
vn -0.70703125 -0.00148868561 -0.70703125
vn -1 -0.00256538391 -1.78813934E-06
vn -0.70703125 -0.00150680542 0.70703125
vn -0.707519531 -0.00150871277 0.706542969
vn -0.707519531 -0.00150871277 0.706542969
vn 1.93119049E-05 -0.000445365906 1
vn 3.9935112E-06 -0.000445365906 1
vn -0.70703125 -0.00150680542 0.70703125
vn 1.93119049E-05 -0.000445365906 1
vn 0.708007812 -0.00152492523 0.706542969
vn 0.70703125 -0.00152301788 0.70703125
vn 3.9935112E-06 -0.000445365906 1
vn -0.000490188599 -0.984375 -0.175415039
vn 0.124755859 -0.984375 -0.124450684
vn -0.000376701355 -0.984375 -0.175415039
vn 0.124755859 -0.984375 -0.124389648
vn 0.176269531 -0.984375 -1.66893005E-06
vn 0.176269531 -0.984375 2.92062759E-06
vn 0.124755859 -0.984375 0.124450684
vn 0.124755859 -0.984375 0.124450684
vn 6.97374344E-06 -0.984375 0.176147461
vn 7.21216202E-06 -0.984375 0.176147461
vn -0.125732422 -0.984375 -0.123657227
vn -0.000490188599 -0.984375 -0.175415039
vn -0.000376701355 -0.984375 -0.175415039
vn -0.123596191 -0.984375 -0.125732422
vn -0.177978516 -0.983886719 0.0013666153
vn -0.177978516 -0.983886719 -0.00111961365
vn -0.125244141 -0.983886719 0.125854492
vn -0.125366211 -0.983886719 0.125732422
vn 7.21216202E-06 -0.984375 0.176147461
vn 6.97374344E-06 -0.984375 0.176147461
vn -0.000482082367 0.984375 -0.175415039
vn -0.000372648239 0.984375 -0.175415039
vn 0.124755859 0.984375 -0.124450684
vn 0.124755859 0.984375 -0.124389648
vn 0.176269531 0.984375 -2.62260437E-06
vn 0.176269531 0.984375 1.07288361E-06
vn 0.124755859 0.984375 0.124450684
vn 0.124755859 0.984375 0.124450684
vn 6.55651093E-06 0.984375 0.176147461
vn 6.67572021E-06 0.984375 0.176147461
vn -0.125732422 0.984375 -0.123657227
vn -0.000372648239 0.984375 -0.175415039
vn -0.000482082367 0.984375 -0.175415039
vn -0.123596191 0.984375 -0.125732422
vn -0.177978516 0.983886719 0.00136756897
vn -0.177978516 0.983886719 -0.0011177063
vn -0.125244141 0.983886719 0.125854492
vn -0.125366211 0.983886719 0.125732422
vn 6.67572021E-06 0.984375 0.176147461
vn 6.55651093E-06 0.984375 0.176147461
vn 1 0 0
vn 1 0 0
vn 1 0 0
vn 1 0 0
vn -0 1 0
vn -0 1 0
vn -0 1 0
vn -0 1 0
vn -0 0 1
vn -0 0 1
vn -0 0 1
vn -0 0 1
vn -0 0 -1
vn -0 0 -1
vn -0 0 -1
vn -0 0 -1
vn -0 0 -1
vn -0 0 -1
vn -0 0 -1
vn -0 0 -1
vn -0 0 -1
vn -0 0 -1
vn -0 1 0
vn -0 1 0
vn -0 1 0
vn -0 1 0
vn -0 0 1
vn -0 0 1
vn -0 0 1
vn -0 0 1
vn -0 0 1
vn -0 0 1
vn -0 -1 0
vn -0 -1 0
vn -0 -1 0
vn -0 -1 0
vn 1 0 0
vn 0.9921875 0.126586914 0
vn 1 0 0
vn 0.9921875 0.126586914 0
vn 0.8203125 0.572265625 0
vn 0.8203125 0.572265625 0
vn -0 0 1
vn -0 0 1
vn -0 0 1
vn -0 0 1
vn -0 1 0
vn -0 1 0
vn -0 1 0
vn -0 1 0
vn -0 0 -1
vn -0 0 -1
vn -0 0 -1
vn -0 0 -1
vn 1 0 0
vn 1 0 0
vn 1 0 0
vn 1 0 0
vn 0.708007812 -0.00152492523 0.706542969
vn 1 -0.00258636475 4.41074371E-06
vn 0.70703125 -0.00152301788 0.70703125
vn 1 -0.00258636475 1.68085098E-05
vn 0.70703125 -0.00150489807 -0.70703125
vn 0.708007812 -0.00150680542 -0.706542969
vn 0.708007812 -0.00150680542 -0.706542969
vn 1.68085098E-05 -0.00042963028 -1
vn 1.39474869E-05 -0.00042963028 -1
vn 0.70703125 -0.00150489807 -0.70703125
vn 1.68085098E-05 -0.00042963028 -1
vn -0.707519531 -0.00149059296 -0.706542969
vn -0.70703125 -0.00148868561 -0.70703125
vn 1.39474869E-05 -0.00042963028 -1
vn -0.707519531 -0.00149059296 -0.706542969
vn -1 -0.00256538391 -1.7285347E-06
vn -0.70703125 -0.00148868561 -0.70703125
vn -1 -0.00256538391 -1.7285347E-06
vn -0.70703125 -0.00150680542 0.70703125
vn -0.707519531 -0.00150871277 0.706542969
vn -0.707519531 -0.00150871277 0.706542969
vn 1.91926956E-05 -0.000445365906 1
vn 3.87430191E-06 -0.000445365906 1
vn -0.70703125 -0.00150680542 0.70703125
vn 1.91926956E-05 -0.000445365906 1
vn 0.708007812 -0.00152492523 0.706542969
vn 0.70703125 -0.00152301788 0.70703125
vn 3.87430191E-06 -0.000445365906 1
vn -0.000490188599 -0.984375 -0.175415039
vn 0.124755859 -0.984375 -0.124450684
vn -0.000376701355 -0.984375 -0.175415039
vn 0.124755859 -0.984375 -0.124389648
vn 0.176269531 -0.984375 -5.96046448E-07
vn 0.176269531 -0.984375 3.93390656E-06
vn 0.124755859 -0.984375 0.124450684
vn 0.124755859 -0.984375 0.124450684
vn 6.91413879E-06 -0.984375 0.176147461
vn 7.15255737E-06 -0.984375 0.176147461
vn -0.125732422 -0.984375 -0.123657227
vn -0.000490188599 -0.984375 -0.175415039
vn -0.000376701355 -0.984375 -0.175415039
vn -0.123596191 -0.984375 -0.125732422
vn -0.177978516 -0.983886719 0.00136566162
vn -0.177978516 -0.983886719 -0.00112056732
vn -0.125244141 -0.983886719 0.125854492
vn -0.125366211 -0.983886719 0.125732422
vn 7.15255737E-06 -0.984375 0.176147461
vn 6.91413879E-06 -0.984375 0.176147461
vn -0.000482082367 0.984375 -0.175415039
vn -0.000372648239 0.984375 -0.175415039
vn 0.124755859 0.984375 -0.124450684
vn 0.124755859 0.984375 -0.124389648
vn 0.176269531 0.984375 -2.08616257E-06
vn 0.176269531 0.984375 1.60932541E-06
vn 0.124755859 0.984375 0.124450684
vn 0.124755859 0.984375 0.124450684
vn 6.49690628E-06 0.984375 0.176147461
vn 6.61611557E-06 0.984375 0.176147461
vn -0.125732422 0.984375 -0.123657227
vn -0.000372648239 0.984375 -0.175415039
vn -0.000482082367 0.984375 -0.175415039
vn -0.123596191 0.984375 -0.125732422
vn -0.177978516 0.983886719 0.0013666153
vn -0.177978516 0.983886719 -0.00111865997
vn -0.125244141 0.983886719 0.125854492
vn -0.125366211 0.983886719 0.125732422
vn 6.61611557E-06 0.984375 0.176147461
vn 6.49690628E-06 0.984375 0.176147461
vn -0 -1 0
vn -0 -1 0
vn -0 -1 0
vn -0 -1 0
vn -0 0.466796875 0.884277344
vn -0 0.466796875 0.884277344
vn -0 0.466796875 0.884277344
vn -0 0.466796875 0.884277344
vn -0 0.466796875 -0.884277344
vn -0 0.466796875 -0.884277344
vn -0 0.466796875 -0.884277344
vn -0 0.466796875 -0.884277344
vn 0.911621094 0.411132812 -0.00256156921
vn 1 -1.7285347E-06 0
vn 0.911621094 0.290039062 0.291015625
vn 0.911132812 0.291015625 -0.292236328
vn 0.911621094 -4.76837158E-06 0.410888672
vn 0.911621094 -0.00149917603 -0.411132812
vn 0.911621094 -0.290039062 0.291015625
vn 0.911132812 -0.29296875 -0.289794922
vn 0.911621094 -0.411132812 -0.000226855278
vn 0.996582031 0.0813598633 -0.00036239624
vn 0.878417969 0.477783203 -1.31130219E-06
vn 0.686035156 0.373291016 -0.624511719
vn -0.522949219 -0.852050781 1.66893005E-06
vn -0.0598449707 -0.998046875 -3.57627869E-07
vn -0.0624389648 -0.613769531 0.787109375
vn -0.494384766 -0.272705078 -0.825683594
vn -0.522949219 -0.852050781 1.66893005E-06
vn -0.876464844 -0.481689453 5.96046448E-07
vn 0.996582031 0.0813598633 -0.00036239624
vn 0.878417969 0.477783203 -1.66893005E-06
vn 0.686035156 0.373291016 -0.624511719
vn -0.522949219 -0.852050781 -9.53674316E-07
vn -0.0598144531 -0.998046875 -1.78813934E-07
vn -0.0624389648 -0.613769531 0.787109375
vn -0.494384766 -0.272705078 -0.825683594
vn -0.522949219 -0.852050781 -9.53674316E-07
vn -0.876464844 -0.481689453 -3.57627869E-07
vn -0.706054688 0.00229263306 0.708007812
vn -0.70703125 0.00228881836 0.70703125
vn -0 0.00391769409 1
vn -0 0.00391769409 1
vn 0.70703125 0.00226974487 0.70703125
vn 0.706054688 0.00227355957 0.708007812
vn 0.706054688 0.00227355957 0.708007812
vn 0.70703125 0.00226974487 0.70703125
vn 1 0.000655651093 1.06096268E-05
vn 1 0.000655651093 1.23977661E-05
vn 1 0.000655651093 1.23977661E-05
vn 1 0.000655651093 1.06096268E-05
vn 0.70703125 0.00230979919 -0.70703125
vn 0.706542969 0.00231361389 -0.708007812
vn -6.85453415E-06 0.00393295288 -1
vn -6.7949295E-06 0.00393295288 -1
vn -6.7949295E-06 0.00393295288 -1
vn -6.85453415E-06 0.00393295288 -1
vn -0.70703125 0.00229072571 -0.70703125
vn -0.706542969 0.00229644775 -0.708007812
vn -1 0.000656604767 2.22325325E-05
vn -1 0.000656604767 2.40206718E-05
vn -1 0.000656604767 2.40206718E-05
vn -1 0.000656604767 2.22325325E-05
vn -0.70703125 0.00228881836 0.70703125
vn -0.706054688 0.00229263306 0.708007812
vn -0.694335938 -0.0118179321 0.719726562
vn -0.494384766 -0.272705078 0.825683594
vn 0.146118164 0.0794067383 0.985839844
vn 0.0319213867 0.0116043091 0.999511719
vn 0.686035156 0.373291016 0.624511719
vn 0.724121094 0.0599060059 0.687011719
vn 0.724121094 0.0599060059 0.687011719
vn 0.686035156 0.373291016 0.624511719
vn 0.878417969 0.477783203 -1.31130219E-06
vn 0.996582031 0.0813598633 -0.00036239624
vn 0.996582031 0.0813598633 -0.00036239624
vn 0.686035156 0.373291016 -0.624511719
vn 0.724121094 0.0598754883 -0.687011719
vn 0.146118164 0.0794067383 -0.985839844
vn 0.0317077637 0.0118103027 -0.999511719
vn 0.0317077637 0.0118103027 -0.999511719
vn 0.146118164 0.0794067383 -0.985839844
vn -0.494384766 -0.272705078 -0.825683594
vn -0.694824219 -0.0116882324 -0.719238281
vn -0.876464844 -0.481689453 5.96046448E-07
vn -1 -0.00722122192 -1.78813934E-07
vn -1 -0.00722122192 -1.78813934E-07
vn -0.876464844 -0.481689453 5.96046448E-07
vn -0.494384766 -0.272705078 0.825683594
vn -0.694335938 -0.0118179321 0.719726562
vn 0.463378906 0.629394531 0.624023438
vn 0.215454102 0.9765625 3.57627869E-07
vn 0.590820312 0.806640625 -4.76837158E-07
vn 0.161987305 0.744140625 0.6484375
vn 0.0536804199 0.998535156 0
vn 0.0344543457 0.73828125 0.673339844
vn 0.0324707031 0.122009277 0.9921875
vn 0.0123138428 0.0548400879 0.998535156
vn 0.108642578 0.141601562 0.983886719
vn -0.0624389648 -0.613769531 0.787109375
vn 0.0552368164 -0.6875 0.724121094
vn -0.0598449707 -0.998046875 -3.57627869E-07
vn 0.102722168 -0.994628906 -3.57627869E-07
vn -0.311035156 -0.471191406 0.825195312
vn -0.494384766 -0.272705078 0.825683594
vn 0.146118164 0.0794067383 0.985839844
vn 0.686035156 0.373291016 0.624511719
vn 0.590820312 0.806640625 -4.76837158E-07
vn 0.215454102 0.9765625 3.57627869E-07
vn 0.161987305 0.744140625 -0.6484375
vn 0.0344543457 0.73828125 -0.673339844
vn 0.0536804199 0.998535156 0
vn 0.0123138428 0.0548706055 -0.998535156
vn 0.590820312 0.806640625 -4.76837158E-07
vn 0.161987305 0.744140625 -0.6484375
vn 0.463378906 0.629394531 -0.624023438
vn 0.0324707031 0.122009277 -0.9921875
vn 0.0123138428 0.0548706055 -0.998535156
vn 0.108581543 0.141601562 -0.983886719
vn 0.686035156 0.373291016 -0.624511719
vn 0.146118164 0.0794067383 -0.985839844
vn -0.522949219 -0.852050781 1.66893005E-06
vn -0.0624389648 -0.613769531 0.787109375
vn -0.311035156 -0.471191406 0.825195312
vn -0.876464844 -0.481689453 5.96046448E-07
vn -0.494384766 -0.272705078 0.825683594
vn 0.0324707031 0.122009277 -0.9921875
vn 0.0123138428 0.0548706055 -0.998535156
vn 0.0552368164 -0.6875 -0.724121094
vn -0.0624389648 -0.613769531 -0.787109375
vn 0.108581543 0.141601562 -0.983886719
vn -0.311035156 -0.471191406 -0.825195312
vn 0.146118164 0.0794067383 -0.985839844
vn -0.494384766 -0.272705078 -0.825683594
vn -0.0624389648 -0.613769531 -0.787109375
vn 0.0552368164 -0.6875 -0.724121094
vn 0.102722168 -0.994628906 -3.57627869E-07
vn -0.0598449707 -0.998046875 -3.57627869E-07
vn -0.311035156 -0.471191406 -0.825195312
vn -0.522949219 -0.852050781 1.66893005E-06
vn -0.494384766 -0.272705078 -0.825683594
vn 1 1.36494637E-05 0
vn 1 4.10079956E-05 0
vn 1 4.10079956E-05 0
vn 1 1.36494637E-05 0
vn 1 6.85453415E-06 0
vn 1 6.85453415E-06 0
vn 1 -2.05039978E-05 0
vn 1 -2.05039978E-05 0
vn 1 -4.10079956E-05 0
vn 1 -4.10079956E-05 0
vn 1 4.10079956E-05 0
vn 1 4.10079956E-05 0
vn 1 3.41534615E-05 0
vn 1 3.41534615E-05 0
vn 1 0 0
vn 1 0 0
vn 1 -2.05039978E-05 0
vn 1 -2.05039978E-05 0
vn 1 -4.10079956E-05 0
vn 1 -4.10079956E-05 0
vn -0 -0.70703125 0.70703125
vn -0 -0.70703125 0.70703125
vn -0 0 1
vn -0 0 1
vn -0 0 1
vn -0 0 1
vn -0 0.70703125 0.70703125
vn -0 0.70703125 0.70703125
vn -0 1 0
vn -0 1 0
vn -0 1 0
vn -0 1 0
vn -0 0.70703125 -0.70703125
vn -0 0.70703125 -0.70703125
vn -0 0.70703125 -0.70703125
vn -0 0.70703125 -0.70703125
vn -0 0 -1
vn -0 0 -1
vn -0 -0.70703125 -0.70703125
vn -0 -0.70703125 -0.70703125
vn -0 -0.70703125 -0.70703125
vn -0 -0.70703125 -0.70703125
vn -0 -1 0
vn -0 -1 0
vn -0 -1 0
vn -0 -1 0
vn -0 -0.70703125 0.70703125
vn -0 -0.70703125 0.70703125
vn 0.878417969 0.477783203 -1.31130219E-06
vn 0.590820312 0.806640625 -4.76837158E-07
vn 0.463378906 0.629394531 -0.624023438
vn 0.686035156 0.373291016 -0.624511719
vn 0.686035156 0.373291016 0.624511719
vn 0.463378906 0.629394531 0.624023438
vn 0.590820312 0.806640625 -4.76837158E-07
vn 0.878417969 0.477783203 -1.31130219E-06
vn -0.706542969 -0.00017118454 0.708007812
vn -0 -0.000231862068 1
vn -0 -0.000289678574 1
vn -0.706542969 -0.000136971474 0.707519531
vn -1 -5.12003899E-05 1.84774399E-06
vn -1 -4.13060188E-05 2.38418579E-07
vn -0.709472656 9.78708267E-05 -0.704589844
vn -1 -4.13060188E-05 2.38418579E-07
vn -1 -5.12003899E-05 1.84774399E-06
vn -0.708984375 7.77244568E-05 -0.705078125
vn -0.00309753418 0.00014424324 -1
vn -0.00207138062 0.000115454197 -1
vn 0.706054688 -0.000155925751 -0.708496094
vn 0.706542969 -0.000123381615 -0.708007812
vn -0.00207138062 0.000115454197 -1
vn -0.00309753418 0.00014424324 -1
vn 1 -0.000202059746 -0.00366210938
vn 1 -0.000160336494 -0.00272750854
vn 0.706542969 -0.000123381615 -0.708007812
vn 0.706054688 -0.000155925751 -0.708496094
vn 0.706542969 -0.00016951561 0.708007812
vn 0.706542969 -0.000135660172 0.707519531
vn 1 -0.000160336494 -0.00272750854
vn 1 -0.000202059746 -0.00366210938
vn -0 -0.000289678574 1
vn -0 -0.000231862068 1
vn 0.706542969 -0.000135660172 0.707519531
vn 0.706542969 -0.00016951561 0.708007812
vn 0.115478516 0.993164062 -0.0003221035
vn 0.115478516 0.993164062 -0.000248908997
vn 0.0819702148 0.993164062 0.0821533203
vn 0.0819091797 0.993164062 0.0821533203
vn 3.57627869E-07 0.993164062 0.116088867
vn -2.38418579E-07 0.993164062 0.116088867
vn -0.0819702148 0.993164062 0.0821533203
vn -0.0819091797 0.993164062 0.0821533203
vn -0.115966797 0.993164062 6.19888306E-06
vn -0.115966797 0.993164062 4.64916229E-06
vn 0.0814208984 0.993164062 -0.082824707
vn 0.115478516 0.993164062 -0.000248908997
vn 0.115478516 0.993164062 -0.0003221035
vn 0.082824707 0.993164062 -0.0813598633
vn -0.000904083252 0.993164062 -0.117248535
vn 0.000749588013 0.993164062 -0.117248535
vn -0.0828857422 0.993164062 -0.0824584961
vn -0.082824707 0.993164062 -0.0825195312
vn -0.115966797 0.993164062 4.64916229E-06
vn -0.115966797 0.993164062 6.19888306E-06
vn 1 -0.000160336494 -0.00272750854
vn 1 -0.000110030174 -0.00111293793
vn 0.70703125 -8.44597816E-05 -0.707519531
vn 0.706542969 -0.000123381615 -0.708007812
vn -0.000851154327 7.9870224E-05 -1
vn -0.00207138062 0.000115454197 -1
vn 0.706542969 -0.000135660172 0.707519531
vn 0.70703125 -9.43541527E-05 0.707519531
vn 1 -0.000110030174 -0.00111293793
vn 1 -0.000160336494 -0.00272750854
vn -0 -0.000231862068 1
vn -0 -0.000160932541 1
vn 0.70703125 -9.43541527E-05 0.707519531
vn 0.706542969 -0.000135660172 0.707519531
vn -0.706542969 -0.000136971474 0.707519531
vn -0 -0.000160932541 1
vn -0 -0.000231862068 1
vn -0.70703125 -9.45329666E-05 0.707519531
vn -1 -4.13060188E-05 2.38418579E-07
vn -1 -2.8192997E-05 1.1920929E-07
vn -0.708984375 7.77244568E-05 -0.705078125
vn -1 -2.8192997E-05 1.1920929E-07
vn -1 -4.13060188E-05 2.38418579E-07
vn -0.708007812 5.40614128E-05 -0.706542969
vn -0.00207138062 0.000115454197 -1
vn -0.000851154327 7.9870224E-05 -1
vn 1 -0.000110030174 -0.00111293793
vn 0.996582031 0.0813598633 -0.00036239624
vn 0.724121094 0.0598754883 -0.687011719
vn 0.70703125 -8.44597816E-05 -0.707519531
vn 0.0317077637 0.0118103027 -0.999511719
vn -0.000851154327 7.9870224E-05 -1
vn 0.70703125 -9.43541527E-05 0.707519531
vn 0.724121094 0.0599060059 0.687011719
vn 0.996582031 0.0813598633 -0.00036239624
vn 1 -0.000110030174 -0.00111293793
vn -0 -0.000160932541 1
vn 0.0319213867 0.0116043091 0.999511719
vn 0.724121094 0.0599060059 0.687011719
vn 0.70703125 -9.43541527E-05 0.707519531
vn -0.70703125 -9.45329666E-05 0.707519531
vn 0.0319213867 0.0116043091 0.999511719
vn -0 -0.000160932541 1
vn -0.694335938 -0.0118179321 0.719726562
vn -1 -2.8192997E-05 1.1920929E-07
vn -1 -0.00722122192 -1.78813934E-07
vn -0.708007812 5.40614128E-05 -0.706542969
vn -1 -0.00722122192 -1.78813934E-07
vn -1 -2.8192997E-05 1.1920929E-07
vn -0.694824219 -0.0116882324 -0.719238281
vn -0.000851154327 7.9870224E-05 -1
vn 0.0317077637 0.0118103027 -0.999511719
vn -0.706054688 0.00230407715 0.708007812
vn -0.70703125 0.0022983551 0.70703125
vn -0 0.00391769409 1
vn -0 0.00391769409 1
vn 0.70703125 0.00226974487 0.70703125
vn 0.706054688 0.00227355957 0.708007812
vn 0.706054688 0.00227355957 0.708007812
vn 0.70703125 0.00226974487 0.70703125
vn 1 0.000655651093 1.06692314E-05
vn 1 0.000655651093 1.24573708E-05
vn 1 0.000655651093 1.24573708E-05
vn 1 0.000655651093 1.06692314E-05
vn 0.70703125 0.0023059845 -0.70703125
vn 0.706542969 0.00231170654 -0.708007812
vn -0 0.00392913818 -1
vn -0 0.00392913818 -1
vn -0 0.00392913818 -1
vn -0 0.00392913818 -1
vn -0.70703125 0.00228881836 -0.70703125
vn -0.706542969 0.00229263306 -0.708007812
vn -1 0.000670433044 2.22325325E-05
vn -1 0.000670433044 2.39610672E-05
vn -1 0.000670433044 2.39610672E-05
vn -1 0.000670433044 2.22325325E-05
vn -0.70703125 0.0022983551 0.70703125
vn -0.706054688 0.00230407715 0.708007812
vn -0.694335938 -0.0118179321 0.719726562
vn -0.494384766 -0.272705078 0.825683594
vn 0.146118164 0.0794067383 0.985839844
vn 0.0319213867 0.0116043091 0.999511719
vn 0.686035156 0.373291016 0.624511719
vn 0.724121094 0.0599060059 0.687011719
vn 0.724121094 0.0599060059 0.687011719
vn 0.686035156 0.373291016 0.624511719
vn 0.878417969 0.477783203 -1.66893005E-06
vn 0.996582031 0.0813598633 -0.00036239624
vn 0.996582031 0.0813598633 -0.00036239624
vn 0.686035156 0.373291016 -0.624511719
vn 0.724121094 0.0598754883 -0.687011719
vn 0.146118164 0.0794067383 -0.985839844
vn 0.0317077637 0.0118103027 -0.999511719
vn 0.0317077637 0.0118103027 -0.999511719
vn 0.146118164 0.0794067383 -0.985839844
vn -0.494384766 -0.272705078 -0.825683594
vn -0.694824219 -0.0116882324 -0.719238281
vn -0.876464844 -0.481689453 -3.57627869E-07
vn -1 -0.00722122192 0
vn -1 -0.00722122192 0
vn -0.876464844 -0.481689453 -3.57627869E-07
vn -0.494384766 -0.272705078 0.825683594
vn -0.694335938 -0.0118179321 0.719726562
vn 0.463378906 0.629394531 0.624023438
vn 0.215454102 0.9765625 1.78813934E-07
vn 0.590820312 0.806640625 -1.01327896E-06
vn 0.161987305 0.744140625 0.6484375
vn 0.0536804199 0.998535156 0
vn 0.0344543457 0.73828125 0.673339844
vn 0.0324707031 0.122009277 0.9921875
vn 0.0122909546 0.0548400879 0.998535156
vn 0.108642578 0.141601562 0.983886719
vn -0.0624389648 -0.613769531 0.787109375
vn 0.0552062988 -0.6875 0.724121094
vn -0.0598144531 -0.998046875 -1.78813934E-07
vn 0.102722168 -0.994628906 0
vn -0.311035156 -0.471191406 0.825195312
vn -0.494384766 -0.272705078 0.825683594
vn 0.146118164 0.0794067383 0.985839844
vn 0.686035156 0.373291016 0.624511719
vn 0.590820312 0.806640625 -1.01327896E-06
vn 0.215454102 0.9765625 1.78813934E-07
vn 0.161987305 0.744140625 -0.6484375
vn 0.0344543457 0.73828125 -0.673339844
vn 0.0536804199 0.998535156 0
vn 0.0123138428 0.0548706055 -0.998535156
vn 0.590820312 0.806640625 -1.01327896E-06
vn 0.161987305 0.744140625 -0.6484375
vn 0.463378906 0.629394531 -0.624023438
vn 0.0324707031 0.122009277 -0.9921875
vn 0.0123138428 0.0548706055 -0.998535156
vn 0.108642578 0.141601562 -0.983886719
vn 0.686035156 0.373291016 -0.624511719
vn 0.146118164 0.0794067383 -0.985839844
vn -0.522949219 -0.852050781 -9.53674316E-07
vn -0.0624389648 -0.613769531 0.787109375
vn -0.311035156 -0.471191406 0.825195312
vn -0.876464844 -0.481689453 -3.57627869E-07
vn -0.494384766 -0.272705078 0.825683594
vn 0.0324707031 0.122009277 -0.9921875
vn 0.0123138428 0.0548706055 -0.998535156
vn 0.0552062988 -0.6875 -0.724121094
vn -0.0624389648 -0.613769531 -0.787109375
vn 0.108642578 0.141601562 -0.983886719
vn -0.311035156 -0.471191406 -0.825195312
vn 0.146118164 0.0794067383 -0.985839844
vn -0.494384766 -0.272705078 -0.825683594
vn -0.0624389648 -0.613769531 -0.787109375
vn 0.0552062988 -0.6875 -0.724121094
vn 0.102722168 -0.994628906 0
vn -0.0598144531 -0.998046875 -1.78813934E-07
vn -0.311035156 -0.471191406 -0.825195312
vn -0.522949219 -0.852050781 -9.53674316E-07
vn -0.494384766 -0.272705078 -0.825683594
vn 1 1.36494637E-05 0
vn 1 4.10079956E-05 0
vn 1 4.10079956E-05 0
vn 1 1.36494637E-05 0
vn 1 6.85453415E-06 0
vn 1 6.85453415E-06 0
vn 1 -2.05039978E-05 0
vn 1 -2.05039978E-05 0
vn 1 -4.78029251E-05 0
vn 1 -4.78029251E-05 0
vn 1 4.10079956E-05 0
vn 1 4.10079956E-05 0
vn 1 2.72989273E-05 0
vn 1 2.72989273E-05 0
vn 1 0 0
vn 1 0 0
vn 1 -2.05039978E-05 0
vn 1 -2.05039978E-05 0
vn 1 -4.78029251E-05 0
vn 1 -4.78029251E-05 0
vn -0 -0.70703125 0.70703125
vn -0 -0.70703125 0.70703125
vn -0 0 1
vn -0 0 1
vn -0 0 1
vn -0 0 1
vn -0 0.70703125 0.70703125
vn -0 0.70703125 0.70703125
vn -0 1 0
vn -0 1 0
vn -0 1 0
vn -0 1 0
vn -0 0.70703125 -0.70703125
vn -0 0.70703125 -0.70703125
vn -0 0.70703125 -0.70703125
vn -0 0.70703125 -0.70703125
vn -0 0 -1
vn -0 0 -1
vn -0 -0.70703125 -0.70703125
vn -0 -0.70703125 -0.70703125
vn -0 -0.70703125 -0.70703125
vn -0 -0.70703125 -0.70703125
vn -0 -1 0
vn -0 -1 0
vn -0 -1 0
vn -0 -1 0
vn -0 -0.70703125 0.70703125
vn -0 -0.70703125 0.70703125
vn 0.878417969 0.477783203 -1.66893005E-06
vn 0.590820312 0.806640625 -1.01327896E-06
vn 0.463378906 0.629394531 -0.624023438
vn 0.686035156 0.373291016 -0.624511719
vn 0.686035156 0.373291016 0.624511719
vn 0.463378906 0.629394531 0.624023438
vn 0.590820312 0.806640625 -1.01327896E-06
vn 0.878417969 0.477783203 -1.66893005E-06
vn -0.706542969 -0.000170826912 0.708007812
vn -0 -0.000232577324 1
vn -0 -0.000291109085 1
vn -0.706542969 -0.000136733055 0.707519531
vn -1 -5.0008297E-05 9.53674316E-07
vn -1 -4.02331352E-05 -2.38418579E-07
vn -0.709472656 9.78708267E-05 -0.704589844
vn -1 -4.02331352E-05 -2.38418579E-07
vn -1 -5.0008297E-05 9.53674316E-07
vn -0.708984375 7.76052475E-05 -0.705078125
vn -0.00310707092 0.000143289566 -1
vn -0.00208091736 0.000114262104 -1
vn 0.706054688 -0.000156879425 -0.708496094
vn 0.706542969 -0.000123977661 -0.708007812
vn -0.00208091736 0.000114262104 -1
vn -0.00310707092 0.000143289566 -1
vn 1 -0.000202894211 -0.00366210938
vn 1 -0.000160694122 -0.00272941589
vn 0.706542969 -0.000123977661 -0.708007812
vn 0.706054688 -0.000156879425 -0.708496094
vn 0.706542969 -0.000170946121 0.708007812
vn 0.706542969 -0.000136375427 0.707519531
vn 1 -0.000160694122 -0.00272941589
vn 1 -0.000202894211 -0.00366210938
vn -0 -0.000291109085 1
vn -0 -0.000232577324 1
vn 0.706542969 -0.000136375427 0.707519531
vn 0.706542969 -0.000170946121 0.708007812
vn 0.115478516 0.993164062 -0.000323534012
vn 0.115478516 0.993164062 -0.000250339508
vn 0.0819091797 0.993164062 0.0821533203
vn 0.0819091797 0.993164062 0.0821533203
vn 2.98023224E-07 0.993164062 0.116088867
vn -2.38418579E-07 0.993164062 0.116088867
vn -0.0819702148 0.993164062 0.0821533203
vn -0.0819091797 0.993164062 0.0821533203
vn -0.115966797 0.993164062 6.55651093E-06
vn -0.115966797 0.993164062 5.00679016E-06
vn 0.0814208984 0.993164062 -0.082824707
vn 0.115478516 0.993164062 -0.000250339508
vn 0.115478516 0.993164062 -0.000323534012
vn 0.082824707 0.993164062 -0.0813598633
vn -0.000905513763 0.993164062 -0.117248535
vn 0.000748157501 0.993164062 -0.117248535
vn -0.0828857422 0.993164062 -0.0824584961
vn -0.082824707 0.993164062 -0.0825195312
vn -0.115966797 0.993164062 5.00679016E-06
vn -0.115966797 0.993164062 6.55651093E-06
vn 1 -0.000160694122 -0.00272941589
vn 1 -0.000110030174 -0.00111293793
vn 0.70703125 -8.46385956E-05 -0.707519531
vn 0.706542969 -0.000123977661 -0.708007812
vn -0.000854492188 7.9035759E-05 -1
vn -0.00208091736 0.000114262104 -1
vn 0.706542969 -0.000136375427 0.707519531
vn 0.70703125 -9.43541527E-05 0.707519531
vn 1 -0.000110030174 -0.00111293793
vn 1 -0.000160694122 -0.00272941589
vn -0 -0.000232577324 1
vn -0 -0.000160932541 1
vn 0.70703125 -9.43541527E-05 0.707519531
vn 0.706542969 -0.000136375427 0.707519531
vn -0.706542969 -0.000136733055 0.707519531
vn -0 -0.000160932541 1
vn -0 -0.000232577324 1
vn -0.70703125 -9.45329666E-05 0.707519531
vn -1 -4.02331352E-05 -2.38418579E-07
vn -1 -2.75969505E-05 1.1920929E-07
vn -0.708984375 7.76052475E-05 -0.705078125
vn -1 -2.75969505E-05 1.1920929E-07
vn -1 -4.02331352E-05 -2.38418579E-07
vn -0.708007812 5.39422035E-05 -0.706542969
vn -0.00208091736 0.000114262104 -1
vn -0.000854492188 7.9035759E-05 -1
vn 1 -0.000110030174 -0.00111293793
vn 0.996582031 0.0813598633 -0.00036239624
vn 0.724121094 0.0598754883 -0.687011719
vn 0.70703125 -8.46385956E-05 -0.707519531
vn 0.0317077637 0.0118103027 -0.999511719
vn -0.000854492188 7.9035759E-05 -1
vn 0.70703125 -9.43541527E-05 0.707519531
vn 0.724121094 0.0599060059 0.687011719
vn 0.996582031 0.0813598633 -0.00036239624
vn 1 -0.000110030174 -0.00111293793
vn -0 -0.000160932541 1
vn 0.0319213867 0.0116043091 0.999511719
vn 0.724121094 0.0599060059 0.687011719
vn 0.70703125 -9.43541527E-05 0.707519531
vn -0.70703125 -9.45329666E-05 0.707519531
vn 0.0319213867 0.0116043091 0.999511719
vn -0 -0.000160932541 1
vn -0.694335938 -0.0118179321 0.719726562
vn -1 -2.75969505E-05 1.1920929E-07
vn -1 -0.00722122192 0
vn -0.708007812 5.39422035E-05 -0.706542969
vn -1 -0.00722122192 0
vn -1 -2.75969505E-05 1.1920929E-07
vn -0.694824219 -0.0116882324 -0.719238281
vn -0.000854492188 7.9035759E-05 -1
vn 0.0317077637 0.0118103027 -0.999511719
g DamRound_Generator_2_0
f 3/3/3 2/2/2 1/1/1
f 6/6/6 5/5/5 4/4/4
f 5/5/5 7/7/7 4/4/4
f 5/5/5 8/8/8 7/7/7
f 8/8/8 9/9/9 7/7/7
f 8/8/8 10/10/10 9/9/9
f 10/10/10 11/11/11 9/9/9
f 10/10/10 12/12/12 11/11/11
f 12/12/12 13/13/13 11/11/11
f 16/16/16 15/15/15 14/14/14
f 17/17/17 16/16/16 14/14/14
f 17/17/17 14/14/14 18/18/18
f 19/19/19 17/17/17 18/18/18
f 19/19/19 18/18/18 20/20/20
f 21/21/21 19/19/19 20/20/20
f 21/21/21 20/20/20 22/22/22
f 23/23/23 21/21/21 22/22/22
f 26/26/26 25/25/25 24/24/24
f 27/27/27 26/26/26 24/24/24
f 30/30/30 29/29/29 28/28/28
f 31/31/31 30/30/30 28/28/28
f 32/32/32 30/30/30 31/31/31
f 33/33/33 32/32/32 31/31/31
f 36/36/36 35/35/35 34/34/34
f 37/37/37 36/36/36 34/34/34
f 38/38/38 36/36/36 37/37/37
f 39/39/39 38/38/38 37/37/37
f 42/42/42 41/41/41 40/40/40
f 43/43/43 42/42/42 40/40/40
f 46/46/46 45/45/45 44/44/44
f 47/47/47 46/46/46 44/44/44
f 50/50/50 49/49/49 48/48/48
f 51/51/51 50/50/50 48/48/48
f 54/54/54 53/53/53 52/52/52
f 55/55/55 54/54/54 52/52/52
f 56/56/56 54/54/54 55/55/55
f 57/57/57 56/56/56 55/55/55
f 60/60/60 59/59/59 58/58/58
f 61/61/61 60/60/60 58/58/58
f 64/64/64 63/63/63 62/62/62
f 65/65/65 64/64/64 62/62/62
f 68/68/68 67/67/67 66/66/66
f 67/67/67 69/69/69 66/66/66
f 66/66/66 69/69/69 70/70/70
f 69/69/69 71/71/71 70/70/70
f 74/74/74 73/73/73 72/72/72
f 75/75/75 74/74/74 72/72/72
f 78/78/78 77/77/77 76/76/76
f 79/79/79 78/78/78 76/76/76
f 82/82/82 81/81/81 80/80/80
f 83/83/83 82/82/82 80/80/80
f 84/84/84 82/82/82 83/83/83
f 85/85/85 84/84/84 83/83/83
f 86/86/86 84/84/84 85/85/85
f 87/87/87 86/86/86 85/85/85
f 88/88/88 86/86/86 87/87/87
f 89/89/89 88/88/88 87/87/87
f 92/92/92 91/91/91 90/90/90
f 91/91/91 93/93/93 90/90/90
f 90/90/90 93/93/93 94/94/94
f 93/93/93 95/95/95 94/94/94
f 94/94/94 95/95/95 96/96/96
f 95/95/95 97/97/97 96/96/96
f 96/96/96 97/97/97 98/98/98
f 97/97/97 99/99/99 98/98/98
f 102/102/102 101/101/101 100/100/100
f 103/103/103 102/102/102 100/100/100
f 104/104/104 102/102/102 103/103/103
f 105/105/105 104/104/104 103/103/103
f 108/108/108 107/107/107 106/106/106
f 109/109/109 108/108/108 106/106/106
f 112/112/112 111/111/111 110/110/110
f 113/113/113 112/112/112 110/110/110
f 116/116/116 115/115/115 114/114/114
f 117/117/117 116/116/116 114/114/114
f 118/118/118 116/116/116 117/117/117
f 119/119/119 118/118/118 117/117/117
f 122/122/122 121/121/121 120/120/120
f 123/123/123 122/122/122 120/120/120
f 126/126/126 125/125/125 124/124/124
f 127/127/127 126/126/126 124/124/124
f 130/130/130 129/129/129 128/128/128
f 131/131/131 130/130/130 128/128/128
f 132/132/132 130/130/130 131/131/131
f 133/133/133 132/132/132 131/131/131
f 134/134/134 132/132/132 133/133/133
f 135/135/135 134/134/134 133/133/133
f 136/136/136 134/134/134 135/135/135
f 137/137/137 136/136/136 135/135/135
f 140/140/140 139/139/139 138/138/138
f 141/141/141 140/140/140 138/138/138
f 142/142/142 140/140/140 141/141/141
f 143/143/143 142/142/142 141/141/141
f 144/144/144 142/142/142 143/143/143
f 145/145/145 144/144/144 143/143/143
f 146/146/146 144/144/144 145/145/145
f 147/147/147 146/146/146 145/145/145
f 150/150/150 149/149/149 148/148/148
f 149/149/149 151/151/151 148/148/148
f 149/149/149 152/152/152 151/151/151
f 152/152/152 153/153/153 151/151/151
f 156/156/156 155/155/155 154/154/154
f 157/157/157 156/156/156 154/154/154
f 160/160/160 159/159/159 158/158/158
f 161/161/161 160/160/160 158/158/158
f 164/164/164 163/163/163 162/162/162
f 163/163/163 165/165/165 162/162/162
f 163/163/163 166/166/166 165/165/165
f 166/166/166 167/167/167 165/165/165
f 170/170/170 169/169/169 168/168/168
f 171/171/171 170/170/170 168/168/168
f 174/174/174 173/173/173 172/172/172
f 175/175/175 174/174/174 172/172/172
f 178/178/178 177/177/177 176/176/176
f 177/177/177 179/179/179 176/176/176
f 177/177/177 180/180/180 179/179/179
f 180/180/180 181/181/181 179/179/179
f 180/180/180 182/182/182 181/181/181
f 182/182/182 183/183/183 181/181/181
f 182/182/182 184/184/184 183/183/183
f 184/184/184 185/185/185 183/183/183
f 188/188/188 187/187/187 186/186/186
f 189/189/189 188/188/188 186/186/186
f 189/189/189 186/186/186 190/190/190
f 191/191/191 189/189/189 190/190/190
f 191/191/191 190/190/190 192/192/192
f 193/193/193 191/191/191 192/192/192
f 193/193/193 192/192/192 194/194/194
f 195/195/195 193/193/193 194/194/194
f 198/198/198 197/197/197 196/196/196
f 199/199/199 198/198/198 196/196/196
f 200/200/200 198/198/198 199/199/199
f 201/201/201 200/200/200 199/199/199
f 202/202/202 200/200/200 201/201/201
f 203/203/203 202/202/202 201/201/201
f 204/204/204 202/202/202 203/203/203
f 205/205/205 204/204/204 203/203/203
f 208/208/208 207/207/207 206/206/206
f 207/207/207 209/209/209 206/206/206
f 206/206/206 209/209/209 210/210/210
f 209/209/209 211/211/211 210/210/210
f 210/210/210 211/211/211 212/212/212
f 211/211/211 213/213/213 212/212/212
f 212/212/212 213/213/213 214/214/214
f 213/213/213 215/215/215 214/214/214
f 218/218/218 217/217/217 216/216/216
f 219/219/219 218/218/218 216/216/216
f 222/222/222 221/221/221 220/220/220
f 223/223/223 222/222/222 220/220/220
f 226/226/226 225/225/225 224/224/224
f 227/227/227 226/226/226 224/224/224
f 230/230/230 229/229/229 228/228/228
f 231/231/231 230/230/230 228/228/228
f 234/234/234 233/233/233 232/232/232
f 233/233/233 235/235/235 232/232/232
f 233/233/233 236/236/236 235/235/235
f 236/236/236 237/237/237 235/235/235
f 240/240/240 239/239/239 238/238/238
f 241/241/241 240/240/240 238/238/238
f 244/244/244 243/243/243 242/242/242
f 243/243/243 245/245/245 242/242/242
f 245/245/245 243/243/243 246/246/246
f 247/247/247 245/245/245 246/246/246
f 250/250/250 249/249/249 248/248/248
f 251/251/251 250/250/250 248/248/248
f 254/254/254 253/253/253 252/252/252
f 253/253/253 255/255/255 252/252/252
f 253/253/253 256/256/256 255/255/255
f 256/256/256 257/257/257 255/255/255
f 260/260/260 259/259/259 258/258/258
f 261/261/261 260/260/260 258/258/258
f 264/264/264 263/263/263 262/262/262
f 265/265/265 264/264/264 262/262/262
f 268/268/268 267/267/267 266/266/266
f 269/269/269 268/268/268 266/266/266
f 272/272/272 271/271/271 270/270/270
f 273/273/273 272/272/272 270/270/270
f 276/276/276 275/275/275 274/274/274
f 275/275/275 277/277/277 274/274/274
f 275/275/275 278/278/278 277/277/277
f 278/278/278 279/279/279 277/277/277
f 282/282/282 281/281/281 280/280/280
f 283/283/283 282/282/282 280/280/280
f 286/286/286 285/285/285 284/284/284
f 287/287/287 286/286/286 284/284/284
f 290/290/290 289/289/289 288/288/288
f 289/289/289 291/291/291 288/288/288
f 289/289/289 292/292/292 291/291/291
f 292/292/292 293/293/293 291/291/291
f 296/296/296 295/295/295 294/294/294
f 297/297/297 296/296/296 294/294/294
f 300/300/300 299/299/299 298/298/298
f 301/301/301 300/300/300 298/298/298
f 304/304/304 303/303/303 302/302/302
f 303/303/303 305/305/305 302/302/302
f 303/303/303 306/306/306 305/305/305
f 306/306/306 307/307/307 305/305/305
f 306/306/306 308/308/308 307/307/307
f 308/308/308 309/309/309 307/307/307
f 308/308/308 310/310/310 309/309/309
f 310/310/310 311/311/311 309/309/309
f 314/314/314 313/313/313 312/312/312
f 315/315/315 314/314/314 312/312/312
f 315/315/315 312/312/312 316/316/316
f 317/317/317 315/315/315 316/316/316
f 317/317/317 316/316/316 318/318/318
f 319/319/319 317/317/317 318/318/318
f 319/319/319 318/318/318 320/320/320
f 321/321/321 319/319/319 320/320/320
f 324/324/324 323/323/323 322/322/322
f 325/325/325 324/324/324 322/322/322
f 326/326/326 324/324/324 325/325/325
f 327/327/327 326/326/326 325/325/325
f 328/328/328 326/326/326 327/327/327
f 329/329/329 328/328/328 327/327/327
f 330/330/330 328/328/328 329/329/329
f 331/331/331 330/330/330 329/329/329
f 334/334/334 333/333/333 332/332/332
f 333/333/333 335/335/335 332/332/332
f 332/332/332 335/335/335 336/336/336
f 335/335/335 337/337/337 336/336/336
f 336/336/336 337/337/337 338/338/338
f 337/337/337 339/339/339 338/338/338
f 338/338/338 339/339/339 340/340/340
f 339/339/339 341/341/341 340/340/340
f 344/344/344 343/343/343 342/342/342
f 345/345/345 344/344/344 342/342/342
f 348/348/348 347/347/347 346/346/346
f 349/349/349 348/348/348 346/346/346
f 352/352/352 351/351/351 350/350/350
f 353/353/353 352/352/352 350/350/350
f 356/356/356 355/355/355 354/354/354
f 354/354/354 355/355/355 357/357/357
f 358/358/358 355/355/355 356/356/356
f 357/357/357 355/355/355 359/359/359
f 360/360/360 355/355/355 358/358/358
f 359/359/359 355/355/355 361/361/361
f 362/362/362 355/355/355 360/360/360
f 361/361/361 355/355/355 362/362/362
g DamRound_Generator_2_1
f 365/365/365 364/364/364 363/363/363
f 368/368/368 367/367/367 366/366/366
f 371/371/371 370/370/370 369/369/369
f 374/374/374 373/373/373 372/372/372
f 377/377/377 376/376/376 375/375/375
f 380/380/380 379/379/379 378/378/378
f 383/383/383 382/382/382 381/381/381
f 384/384/384 383/383/383 381/381/381
f 385/385/385 383/383/383 384/384/384
f 386/386/386 385/385/385 384/384/384
f 389/389/389 388/388/388 387/387/387
f 390/390/390 389/389/389 387/387/387
f 393/393/393 392/392/392 391/391/391
f 394/394/394 393/393/393 391/391/391
f 395/395/395 393/393/393 394/394/394
f 396/396/396 395/395/395 394/394/394
f 399/399/399 398/398/398 397/397/397
f 400/400/400 399/399/399 397/397/397
f 401/401/401 399/399/399 400/400/400
f 402/402/402 401/401/401 400/400/400
f 405/405/405 404/404/404 403/403/403
f 406/406/406 405/405/405 403/403/403
f 409/409/409 408/408/408 407/407/407
f 410/410/410 409/409/409 407/407/407
f 411/411/411 409/409/409 410/410/410
f 412/412/412 411/411/411 410/410/410
f 415/415/415 414/414/414 413/413/413
f 416/416/416 415/415/415 413/413/413
f 419/419/419 418/418/418 417/417/417
f 420/420/420 418/418/418 419/419/419
f 421/421/421 420/420/420 419/419/419
f 424/424/424 423/423/423 422/422/422
f 425/425/425 424/424/424 422/422/422
f 426/426/426 424/424/424 425/425/425
f 427/427/427 426/426/426 425/425/425
f 430/430/430 429/429/429 428/428/428
f 431/431/431 430/430/430 428/428/428
f 434/434/434 433/433/433 432/432/432
f 433/433/433 435/435/435 432/432/432
f 433/433/433 436/436/436 435/435/435
f 436/436/436 437/437/437 435/435/435
f 435/435/435 437/437/437 438/438/438
f 437/437/437 439/439/439 438/438/438
f 432/432/432 435/435/435 440/440/440
f 435/435/435 438/438/438 440/440/440
f 438/438/438 439/439/439 441/441/441
f 439/439/439 442/442/442 441/441/441
f 441/441/441 442/442/442 443/443/443
f 442/442/442 444/444/444 443/443/443
f 438/438/438 441/441/441 445/445/445
f 440/440/440 438/438/438 445/445/445
f 440/440/440 445/445/445 446/446/446
f 447/447/447 440/440/440 446/446/446
f 432/432/432 440/440/440 447/447/447
f 448/448/448 432/432/432 447/447/447
f 451/451/451 450/450/450 449/449/449
f 451/451/451 452/452/452 450/450/450
f 452/452/452 453/453/453 450/450/450
f 454/454/454 452/452/452 451/451/451
f 457/457/457 456/456/456 455/455/455
f 458/458/458 456/456/456 457/457/457
f 458/458/458 459/459/459 456/456/456
f 460/460/460 458/458/458 457/457/457
f 460/460/460 457/457/457 461/461/461
f 462/462/462 460/460/460 461/461/461
f 465/465/465 464/464/464 463/463/463
f 465/465/465 463/463/463 466/466/466
f 467/467/467 465/465/465 466/466/466
f 470/470/470 469/469/469 468/468/468
f 471/471/471 470/470/470 468/468/468
f 471/471/471 468/468/468 472/472/472
f 473/473/473 471/471/471 472/472/472
f 473/473/473 472/472/472 474/474/474
f 475/475/475 473/473/473 474/474/474
f 478/478/478 477/477/477 476/476/476
f 479/479/479 478/478/478 476/476/476
f 479/479/479 476/476/476 480/480/480
f 481/481/481 479/479/479 480/480/480
f 481/481/481 480/480/480 482/482/482
f 485/485/485 484/484/484 483/483/483
f 484/484/484 486/486/486 483/483/483
f 483/483/483 486/486/486 487/487/487
f 486/486/486 488/488/488 487/487/487
f 487/487/487 488/488/488 489/489/489
f 488/488/488 490/490/490 489/489/489
f 489/489/489 490/490/490 491/491/491
f 490/490/490 492/492/492 491/491/491
f 495/495/495 494/494/494 493/493/493
f 496/496/496 495/495/495 493/493/493
f 497/497/497 495/495/495 496/496/496
f 498/498/498 497/497/497 496/496/496
f 499/499/499 497/497/497 498/498/498
f 500/500/500 499/499/499 498/498/498
f 501/501/501 499/499/499 500/500/500
f 502/502/502 501/501/501 500/500/500
f 505/505/505 504/504/504 503/503/503
f 506/506/506 505/505/505 503/503/503
f 509/509/509 508/508/508 507/507/507
f 510/510/510 509/509/509 507/507/507
f 511/511/511 509/509/509 510/510/510
f 512/512/512 511/511/511 510/510/510
f 515/515/515 514/514/514 513/513/513
f 516/516/516 515/515/515 513/513/513
f 519/519/519 518/518/518 517/517/517
f 520/520/520 519/519/519 517/517/517
f 521/521/521 519/519/519 520/520/520
f 522/522/522 521/521/521 520/520/520
f 525/525/525 524/524/524 523/523/523
f 526/526/526 525/525/525 523/523/523
f 529/529/529 528/528/528 527/527/527
f 530/530/530 529/529/529 527/527/527
f 533/533/533 532/532/532 531/531/531
f 534/534/534 533/533/533 531/531/531
f 537/537/537 536/536/536 535/535/535
f 538/538/538 537/537/537 535/535/535
f 541/541/541 540/540/540 539/539/539
f 540/540/540 542/542/542 539/539/539
f 539/539/539 542/542/542 543/543/543
f 542/542/542 544/544/544 543/543/543
f 547/547/547 546/546/546 545/545/545
f 546/546/546 548/548/548 545/545/545
f 545/545/545 548/548/548 549/549/549
f 548/548/548 550/550/550 549/549/549
f 553/553/553 552/552/552 551/551/551
f 554/554/554 553/553/553 551/551/551
f 557/557/557 556/556/556 555/555/555
f 558/558/558 557/557/557 555/555/555
f 561/561/561 560/560/560 559/559/559
f 562/562/562 561/561/561 559/559/559
f 565/565/565 564/564/564 563/563/563
f 566/566/566 565/565/565 563/563/563
f 569/569/569 568/568/568 567/567/567
f 570/570/570 569/569/569 567/567/567
f 571/571/571 569/569/569 570/570/570
f 572/572/572 571/571/571 570/570/570
f 573/573/573 571/571/571 572/572/572
f 574/574/574 573/573/573 572/572/572
f 575/575/575 573/573/573 574/574/574
f 576/576/576 575/575/575 574/574/574
f 579/579/579 578/578/578 577/577/577
f 578/578/578 580/580/580 577/577/577
f 577/577/577 580/580/580 581/581/581
f 580/580/580 582/582/582 581/581/581
f 581/581/581 582/582/582 583/583/583
f 582/582/582 584/584/584 583/583/583
f 583/583/583 584/584/584 585/585/585
f 584/584/584 586/586/586 585/585/585
f 589/589/589 588/588/588 587/587/587
f 590/590/590 589/589/589 587/587/587
f 591/591/591 589/589/589 590/590/590
f 592/592/592 591/591/591 590/590/590
f 595/595/595 594/594/594 593/593/593
f 596/596/596 595/595/595 593/593/593
f 599/599/599 598/598/598 597/597/597
f 600/600/600 599/599/599 597/597/597
f 603/603/603 602/602/602 601/601/601
f 602/602/602 604/604/604 601/601/601
f 601/601/601 604/604/604 605/605/605
f 604/604/604 606/606/606 605/605/605
f 609/609/609 608/608/608 607/607/607
f 608/608/608 610/610/610 607/607/607
f 607/607/607 610/610/610 611/611/611
f 610/610/610 612/612/612 611/611/611
f 615/615/615 614/614/614 613/613/613
f 616/616/616 615/615/615 613/613/613
f 617/617/617 615/615/615 616/616/616
f 618/618/618 617/617/617 616/616/616
f 621/621/621 620/620/620 619/619/619
f 622/622/622 621/621/621 619/619/619
f 625/625/625 624/624/624 623/623/623
f 626/626/626 625/625/625 623/623/623
f 629/629/629 628/628/628 627/627/627
f 628/628/628 630/630/630 627/627/627
f 627/627/627 630/630/630 631/631/631
f 630/630/630 632/632/632 631/631/631
f 635/635/635 634/634/634 633/633/633
f 634/634/634 636/636/636 633/633/633
f 633/633/633 636/636/636 637/637/637
f 636/636/636 638/638/638 637/637/637
f 641/641/641 640/640/640 639/639/639
f 642/642/642 641/641/641 639/639/639
f 643/643/643 641/641/641 642/642/642
f 644/644/644 643/643/643 642/642/642
f 647/647/647 646/646/646 645/645/645
f 648/648/648 647/647/647 645/645/645
f 651/651/651 650/650/650 649/649/649
f 652/652/652 651/651/651 649/649/649
f 653/653/653 651/651/651 652/652/652
f 654/654/654 653/653/653 652/652/652
f 657/657/657 656/656/656 655/655/655
f 658/658/658 657/657/657 655/655/655
f 659/659/659 657/657/657 658/658/658
f 660/660/660 659/659/659 658/658/658
f 663/663/663 662/662/662 661/661/661
f 664/664/664 663/663/663 661/661/661
f 667/667/667 666/666/666 665/665/665
f 668/668/668 667/667/667 665/665/665
f 669/669/669 667/667/667 668/668/668
f 670/670/670 669/669/669 668/668/668
f 673/673/673 672/672/672 671/671/671
f 674/674/674 673/673/673 671/671/671
f 677/677/677 676/676/676 675/675/675
f 678/678/678 676/676/676 677/677/677
f 679/679/679 678/678/678 677/677/677
f 682/682/682 681/681/681 680/680/680
f 683/683/683 682/682/682 680/680/680
f 684/684/684 682/682/682 683/683/683
f 685/685/685 684/684/684 683/683/683
f 688/688/688 687/687/687 686/686/686
f 689/689/689 688/688/688 686/686/686
f 692/692/692 691/691/691 690/690/690
f 691/691/691 693/693/693 690/690/690
f 691/691/691 694/694/694 693/693/693
f 694/694/694 695/695/695 693/693/693
f 693/693/693 695/695/695 696/696/696
f 695/695/695 697/697/697 696/696/696
f 690/690/690 693/693/693 698/698/698
f 693/693/693 696/696/696 698/698/698
f 696/696/696 697/697/697 699/699/699
f 697/697/697 700/700/700 699/699/699
f 699/699/699 700/700/700 701/701/701
f 700/700/700 702/702/702 701/701/701
f 696/696/696 699/699/699 703/703/703
f 698/698/698 696/696/696 703/703/703
f 698/698/698 703/703/703 704/704/704
f 705/705/705 698/698/698 704/704/704
f 690/690/690 698/698/698 705/705/705
f 706/706/706 690/690/690 705/705/705
f 709/709/709 708/708/708 707/707/707
f 709/709/709 710/710/710 708/708/708
f 710/710/710 711/711/711 708/708/708
f 712/712/712 710/710/710 709/709/709
f 715/715/715 714/714/714 713/713/713
f 716/716/716 714/714/714 715/715/715
f 716/716/716 717/717/717 714/714/714
f 718/718/718 716/716/716 715/715/715
f 718/718/718 715/715/715 719/719/719
f 720/720/720 718/718/718 719/719/719
f 723/723/723 722/722/722 721/721/721
f 723/723/723 721/721/721 724/724/724
f 725/725/725 723/723/723 724/724/724
f 728/728/728 727/727/727 726/726/726
f 729/729/729 728/728/728 726/726/726
f 729/729/729 726/726/726 730/730/730
f 731/731/731 729/729/729 730/730/730
f 731/731/731 730/730/730 732/732/732
f 733/733/733 731/731/731 732/732/732
f 736/736/736 735/735/735 734/734/734
f 737/737/737 736/736/736 734/734/734
f 737/737/737 734/734/734 738/738/738
f 739/739/739 737/737/737 738/738/738
f 739/739/739 738/738/738 740/740/740
f 743/743/743 742/742/742 741/741/741
f 742/742/742 744/744/744 741/741/741
f 741/741/741 744/744/744 745/745/745
f 744/744/744 746/746/746 745/745/745
f 745/745/745 746/746/746 747/747/747
f 746/746/746 748/748/748 747/747/747
f 747/747/747 748/748/748 749/749/749
f 748/748/748 750/750/750 749/749/749
f 753/753/753 752/752/752 751/751/751
f 754/754/754 753/753/753 751/751/751
f 755/755/755 753/753/753 754/754/754
f 756/756/756 755/755/755 754/754/754
f 757/757/757 755/755/755 756/756/756
f 758/758/758 757/757/757 756/756/756
f 759/759/759 757/757/757 758/758/758
f 760/760/760 759/759/759 758/758/758
f 763/763/763 762/762/762 761/761/761
f 764/764/764 763/763/763 761/761/761
f 767/767/767 766/766/766 765/765/765
f 768/768/768 767/767/767 765/765/765
f 769/769/769 767/767/767 768/768/768
f 770/770/770 769/769/769 768/768/768
f 773/773/773 772/772/772 771/771/771
f 774/774/774 773/773/773 771/771/771
f 777/777/777 776/776/776 775/775/775
f 778/778/778 777/777/777 775/775/775
f 779/779/779 777/777/777 778/778/778
f 780/780/780 779/779/779 778/778/778
f 783/783/783 782/782/782 781/781/781
f 784/784/784 783/783/783 781/781/781
f 787/787/787 786/786/786 785/785/785
f 788/788/788 787/787/787 785/785/785
f 791/791/791 790/790/790 789/789/789
f 792/792/792 791/791/791 789/789/789
f 795/795/795 794/794/794 793/793/793
f 796/796/796 795/795/795 793/793/793
f 799/799/799 798/798/798 797/797/797
f 798/798/798 800/800/800 797/797/797
f 797/797/797 800/800/800 801/801/801
f 800/800/800 802/802/802 801/801/801
f 805/805/805 804/804/804 803/803/803
f 804/804/804 806/806/806 803/803/803
f 803/803/803 806/806/806 807/807/807
f 806/806/806 808/808/808 807/807/807
f 811/811/811 810/810/810 809/809/809
f 812/812/812 811/811/811 809/809/809
f 815/815/815 814/814/814 813/813/813
f 816/816/816 815/815/815 813/813/813
f 819/819/819 818/818/818 817/817/817
f 820/820/820 819/819/819 817/817/817
f 823/823/823 822/822/822 821/821/821
f 824/824/824 823/823/823 821/821/821
f 827/827/827 826/826/826 825/825/825
f 828/828/828 827/827/827 825/825/825
f 829/829/829 827/827/827 828/828/828
f 830/830/830 829/829/829 828/828/828
f 831/831/831 829/829/829 830/830/830
f 832/832/832 831/831/831 830/830/830
f 833/833/833 831/831/831 832/832/832
f 834/834/834 833/833/833 832/832/832
f 837/837/837 836/836/836 835/835/835
f 836/836/836 838/838/838 835/835/835
f 835/835/835 838/838/838 839/839/839
f 838/838/838 840/840/840 839/839/839
f 839/839/839 840/840/840 841/841/841
f 840/840/840 842/842/842 841/841/841
f 841/841/841 842/842/842 843/843/843
f 842/842/842 844/844/844 843/843/843
f 847/847/847 846/846/846 845/845/845
f 848/848/848 847/847/847 845/845/845
f 849/849/849 847/847/847 848/848/848
f 850/850/850 849/849/849 848/848/848
f 853/853/853 852/852/852 851/851/851
f 854/854/854 853/853/853 851/851/851
f 857/857/857 856/856/856 855/855/855
f 858/858/858 857/857/857 855/855/855
f 861/861/861 860/860/860 859/859/859
f 860/860/860 862/862/862 859/859/859
f 859/859/859 862/862/862 863/863/863
f 862/862/862 864/864/864 863/863/863
f 867/867/867 866/866/866 865/865/865
f 866/866/866 868/868/868 865/865/865
f 865/865/865 868/868/868 869/869/869
f 868/868/868 870/870/870 869/869/869
f 873/873/873 872/872/872 871/871/871
f 874/874/874 873/873/873 871/871/871
f 875/875/875 873/873/873 874/874/874
f 876/876/876 875/875/875 874/874/874
f 879/879/879 878/878/878 877/877/877
f 880/880/880 879/879/879 877/877/877
f 883/883/883 882/882/882 881/881/881
f 884/884/884 883/883/883 881/881/881
f 887/887/887 886/886/886 885/885/885
f 886/886/886 888/888/888 885/885/885
f 885/885/885 888/888/888 889/889/889
f 888/888/888 890/890/890 889/889/889
f 893/893/893 892/892/892 891/891/891
f 892/892/892 894/894/894 891/891/891
f 891/891/891 894/894/894 895/895/895
f 894/894/894 896/896/896 895/895/895
