g Combined Mesh (root: scene) 18
v 12.2502384 0.229762018 25.8317127
v 12.3023453 0.239560992 25.7495861
v 12.3023453 0.277261496 25.7495861
v 12.2502384 0.277261496 25.8317127
v 12.4410715 0.229762018 25.9527912
v 12.4410715 0.277261496 25.9527912
v 12.4931784 0.277261496 25.8706665
v 12.4931784 0.239560992 25.8706665
v 12.2488804 0.229762167 25.8308506
v 12.3009872 0.239561051 25.7487259
v 12.3009872 0.277261555 25.7487259
v 12.2488804 0.277261555 25.8308506
v -19.6360817 14.7147799 -25.8997841
v -19.6360817 14.7752209 -25.8997841
v -19.6360817 14.7752209 -26.6422138
v -19.6360817 14.7147799 -26.6422138
v -20.3639183 14.7752209 -25.8997841
v -20.3639183 14.7147799 -25.8997841
v -20.3639183 14.7147799 -26.6422138
v -20.3639183 14.7752209 -26.6422138
v -19.6360817 14.7147799 -26.6422138
v -19.6360817 14.7752209 -26.6422138
v -20.3639183 14.7752209 -26.6422138
v -20.3639183 14.7147799 -26.6422138
v -20.3639183 14.7147799 -25.8997841
v -20.3639183 14.7752209 -25.8997841
v -19.6360817 14.7752209 -25.8997841
v -19.6360817 14.7147799 -25.8997841
v -20.3639183 14.7147799 -25.8997841
v -20.3440876 14.7147799 -25.9229031
v -20.3440876 14.7147799 -26.6190987
v -20.3639183 14.7147799 -26.6422138
v -20.3639183 14.7147799 -26.6422138
v -20.3440876 14.7147799 -26.6190987
v -19.6559143 14.7147799 -26.6190987
v -19.6360817 14.7147799 -26.6422138
v -19.6360817 14.7147799 -26.6422138
v -19.6559143 14.7147799 -26.6190987
v -19.6559143 14.7147799 -25.9229031
v -19.6360817 14.7147799 -25.8997841
v -19.6360817 14.7147799 -25.8997841
v -19.6559143 14.7147799 -25.9229031
v -20.3440876 14.7147799 -25.9229031
v -20.3639183 14.7147799 -25.8997841
v -20.3440876 14.7147799 -25.9229031
v -20.3440876 14.724268 -25.9229031
v -20.3440876 14.724268 -26.6190987
v -20.3440876 14.7147799 -26.6190987
v -20.3440876 14.7147799 -26.6190987
v -20.3440876 14.724268 -26.6190987
v -19.6559143 14.724268 -26.6190987
v -19.6559143 14.7147799 -26.6190987
v -19.6559143 14.7147799 -26.6190987
v -19.6559143 14.724268 -26.6190987
v -19.6559143 14.724268 -25.9229031
v -19.6559143 14.7147799 -25.9229031
v -19.6559143 14.7147799 -25.9229031
v -19.6559143 14.724268 -25.9229031
v -20.3440876 14.724268 -25.9229031
v -20.3440876 14.7147799 -25.9229031
v -20.3440876 14.724268 -25.9229031
v -19.6559143 14.724268 -25.9229031
v -19.6559143 14.724268 -26.6190987
v -20.3440876 14.724268 -26.6190987
v 24.0443096 -0.999147892 25.8559303
v 24.058588 -0.858227849 25.8066578
v 24.0993767 -0.996965468 25.8464375
v 23.9933052 -0.979916453 25.8650303
v 24.058588 -0.858227849 25.8066578
v 24.0443096 -0.999147892 25.8559303
v 23.9534607 -0.942348361 25.8724613
v 24.058588 -0.858227849 25.8066578
v 23.9933052 -0.979916453 25.8650303
v 23.9308262 -0.892145932 25.8770981
v 24.058588 -0.858227849 25.8066578
v 23.9534607 -0.942348361 25.8724613
v 23.9288368 -0.836929321 25.8782368
v 24.058588 -0.858227849 25.8066578
v 23.9308262 -0.892145932 25.8770981
v 23.9477921 -0.785080016 25.8757038
v 24.058588 -0.858227849 25.8066578
v 23.9288368 -0.836929321 25.8782368
v 23.9848175 -0.744467854 25.8698826
v 24.058588 -0.858227849 25.8066578
v 23.9477921 -0.785080016 25.8757038
v 24.0342922 -0.721257567 25.8616581
v 24.058588 -0.858227849 25.8066578
v 23.9848175 -0.744467854 25.8698826
v 24.1398029 -0.737958312 25.8431702
v 24.058588 -0.858227849 25.8066578
v 24.088707 -0.718971908 25.8522797
v 24.088707 -0.718971908 25.8522797
v 24.058588 -0.858227849 25.8066578
v 24.0342922 -0.721257567 25.8616581
v 24.179821 -0.775334299 25.8357105
v 24.058588 -0.858227849 25.8066578
v 24.1398029 -0.737958312 25.8431702
v 24.2026901 -0.825426936 25.8310337
v 24.058588 -0.858227849 25.8066578
v 24.179821 -0.775334299 25.8357105
v 24.204937 -0.880632758 25.8298512
v 24.058588 -0.858227849 25.8066578
v 24.2026901 -0.825426936 25.8310337
v 24.1862221 -0.932571948 25.8323421
v 24.058588 -0.858227849 25.8066578
v 24.204937 -0.880632758 25.8298512
v 24.1493855 -0.973360658 25.8381271
v 24.058588 -0.858227849 25.8066578
v 24.1862221 -0.932571948 25.8323421
v 24.0993767 -0.996965468 25.8464375
v 24.058588 -0.858227849 25.8066578
v 24.1493855 -0.973360658 25.8381271
v 24.0408154 -0.998857319 25.835722
v 24.0443096 -0.999147892 25.8559303
v 24.0993767 -0.996965468 25.8464375
v 24.0958805 -0.996674895 25.8262291
v 24.1493855 -0.973360658 25.8381271
v 24.0929089 -0.988802135 25.8207283
v 24.040966 -0.990820229 25.8296833
v 24.0580273 -0.858208299 25.8033695
v 24.1458912 -0.973070085 25.8179188
v 24.1862221 -0.932571948 25.8323421
v 24.1400967 -0.966574013 25.8128853
v 24.1748734 -0.92812717 25.8074245
v 24.1925621 -0.879149497 25.805069
v 24.1827278 -0.932281375 25.8121338
v 24.204937 -0.880632758 25.8298512
v 24.2014427 -0.880342245 25.8096428
v 23.9253407 -0.836638749 25.8580265
v 23.9288368 -0.836929321 25.8782368
v 23.9308262 -0.892145932 25.8770981
v 23.92733 -0.891855359 25.8568878
v 23.9534607 -0.942348361 25.8724613
v 23.934 -0.889807165 25.849638
v 23.9321632 -0.837722838 25.8507042
v 24.0580273 -0.858208299 25.8033695
v 23.9499664 -0.942057788 25.8522511
v 23.9933052 -0.979916453 25.8650303
v 23.9553146 -0.937177181 25.8452702
v 23.9928703 -0.972642601 25.8382645
v 24.040966 -0.990820229 25.8296833
v 23.989809 -0.979625881 25.84482
v 24.0443096 -0.999147892 25.8559303
v 24.0408154 -0.998857319 25.835722
v 24.0852127 -0.718681335 25.8320713
v 24.088707 -0.718971908 25.8522797
v 24.0342922 -0.721257567 25.8616581
v 24.030798 -0.720966995 25.8414497
v 23.9848175 -0.744467854 25.8698826
v 24.0317173 -0.728693366 25.8350525
v 24.083046 -0.726577699 25.8262043
v 24.0580273 -0.858208299 25.8033695
v 23.9813232 -0.744177282 25.8496723
v 23.9477921 -0.785080016 25.8757038
v 23.985033 -0.750549972 25.8428135
v 23.9500809 -0.788830101 25.8483086
v 23.9321632 -0.837722838 25.8507042
v 23.9442959 -0.784789443 25.8554935
v 23.9288368 -0.836929321 25.8782368
v 23.9253407 -0.836638749 25.8580265
v 24.2014427 -0.880342245 25.8096428
v 24.204937 -0.880632758 25.8298512
v 24.2026901 -0.825426936 25.8310337
v 24.199194 -0.825136364 25.8108253
v 24.179821 -0.775334299 25.8357105
v 24.1904812 -0.827075362 25.8061771
v 24.1925621 -0.879149497 25.805069
v 24.0580273 -0.858208299 25.8033695
v 24.1763248 -0.775043726 25.8155003
v 24.1398029 -0.737958312 25.8431702
v 24.1689472 -0.779808521 25.8105812
v 24.1312275 -0.744524002 25.8176136
v 24.083046 -0.726577699 25.8262043
v 24.1363068 -0.737667739 25.8229599
v 24.088707 -0.718971908 25.8522797
v 24.0852127 -0.718681335 25.8320713
v 14.6595297 -1.01891112 25.7427883
v 14.7049942 -0.878797531 25.7146568
v 14.7067223 -1.01706791 25.7727299
v 14.6158819 -0.999363422 25.7150936
v 14.7049942 -0.878797531 25.7146568
v 14.6595297 -1.01891112 25.7427883
v 14.5818548 -0.961546063 25.6935043
v 14.7049942 -0.878797531 25.7146568
v 14.6158819 -0.999363422 25.7150936
v 14.5626125 -0.911199331 25.6812954
v 14.7049942 -0.878797531 25.7146568
v 14.5818548 -0.961546063 25.6935043
v 14.5610752 -0.855965078 25.6803207
v 14.7049942 -0.878797531 25.7146568
v 14.5626125 -0.911199331 25.6812954
v 14.5774784 -0.804227591 25.6907272
v 14.7049942 -0.878797531 25.7146568
v 14.5610752 -0.855965078 25.6803207
v 14.6093302 -0.763839722 25.7109375
v 14.7049942 -0.878797531 25.7146568
v 14.5774784 -0.804227591 25.6907272
v 14.6517963 -0.740932107 25.7378807
v 14.7049942 -0.878797531 25.7146568
v 14.6093302 -0.763839722 25.7109375
v 14.742156 -0.758284748 25.7952118
v 14.7049942 -0.878797531 25.7146568
v 14.698431 -0.738981605 25.7674694
v 14.698431 -0.738981605 25.7674694
v 14.7049942 -0.878797531 25.7146568
v 14.6517963 -0.740932107 25.7378807
v 14.7763338 -0.795911014 25.8168983
v 14.7049942 -0.878797531 25.7146568
v 14.742156 -0.758284748 25.7952118
v 14.7957773 -0.846149445 25.8292332
v 14.7049942 -0.878797531 25.7146568
v 14.7763338 -0.795911014 25.8168983
v 14.797534 -0.901374519 25.830349
v 14.7049942 -0.878797531 25.7146568
v 14.7957773 -0.846149445 25.8292332
v 14.7813387 -0.953203321 25.8200722
v 14.7049942 -0.878797531 25.7146568
v 14.797534 -0.901374519 25.830349
v 14.7496481 -0.99376899 25.7999668
v 14.7049942 -0.878797531 25.7146568
v 14.7813387 -0.953203321 25.8200722
v 14.7067223 -1.01706791 25.7727299
v 14.7049942 -0.878797531 25.7146568
v 14.7496481 -0.99376899 25.7999668
v 14.6705179 -1.01891112 25.7254677
v 14.6595297 -1.01891112 25.7427883
v 14.7067223 -1.01706791 25.7727299
v 14.7177114 -1.01706791 25.7554111
v 14.7496481 -0.99376899 25.7999668
v 14.719305 -1.00926781 25.7492733
v 14.6747885 -1.01096594 25.7210274
v 14.7067871 -0.878825307 25.7118435
v 14.7606373 -0.99376899 25.7826462
v 14.7813387 -0.953203321 25.8200722
v 14.7598085 -0.98732841 25.774971
v 14.7897253 -0.94909215 25.7939529
v 14.8050337 -0.900218785 25.8036652
v 14.7923269 -0.953203321 25.8027534
v 14.797534 -0.901374519 25.830349
v 14.8085232 -0.901374519 25.8130283
v 14.5720644 -0.855965078 25.663002
v 14.5610752 -0.855965078 25.6803207
v 14.5626125 -0.911199331 25.6812954
v 14.5736008 -0.911199331 25.6639767
v 14.5818548 -0.961546063 25.6935043
v 14.5834379 -0.909283876 25.6630688
v 14.5820227 -0.857183218 25.6621704
v 14.7067871 -0.878825307 25.7118435
v 14.5928431 -0.961546063 25.6761856
v 14.6158819 -0.999363422 25.7150936
v 14.6015577 -0.956789851 25.6745644
v 14.6336308 -0.992490172 25.6949139
v 14.6747885 -1.01096594 25.7210274
v 14.6268711 -0.999363422 25.6977749
v 14.6595297 -1.01891112 25.7427883
v 14.6705179 -1.01891112 25.7254677
v 14.7094202 -0.738981605 25.7501507
v 14.698431 -0.738981605 25.7674694
v 14.6517963 -0.740932107 25.7378807
v 14.6627846 -0.740932107 25.720562
v 14.6093302 -0.763839722 25.7109375
v 14.6676655 -0.748756766 25.7165089
v 14.7116547 -0.746957242 25.7444191
v 14.7067871 -0.878825307 25.7118435
v 14.6203184 -0.763839722 25.6936169
v 14.5774784 -0.804227591 25.6907272
v 14.6275949 -0.770327747 25.6910839
v 14.5975256 -0.808396161 25.6720066
v 14.5820227 -0.857183218 25.6621704
v 14.5884666 -0.804227591 25.6734085
v 14.5610752 -0.855965078 25.6803207
v 14.5720644 -0.855965078 25.663002
v 14.8085232 -0.901374519 25.8130283
v 14.797534 -0.901374519 25.830349
v 14.7957773 -0.846149445 25.8292332
v 14.8067665 -0.846149445 25.8119144
v 14.7763338 -0.795911014 25.8168983
v 14.8034096 -0.848126829 25.8026352
v 14.8050337 -0.900218785 25.8036652
v 14.7067871 -0.878825307 25.7118435
v 14.787323 -0.795911014 25.7995777
v 14.742156 -0.758284748 25.7952118
v 14.7851009 -0.800722659 25.7910194
v 14.7528858 -0.765202284 25.7705784
v 14.7116547 -0.746957242 25.7444191
v 14.7531452 -0.758284748 25.7778931
v 14.698431 -0.738981605 25.7674694
v 14.7094202 -0.738981605 25.7501507
v -30.0760822 14.7147799 -6.39578438
v -30.0760822 14.7752209 -6.39578438
v -30.0760822 14.7752209 -7.13821459
v -30.0760822 14.7147799 -7.13821459
v -30.8039188 14.7752209 -6.39578438
v -30.8039188 14.7147799 -6.39578438
v -30.8039188 14.7147799 -7.13821459
v -30.8039188 14.7752209 -7.13821459
v -30.0760822 14.7147799 -7.13821459
v -30.0760822 14.7752209 -7.13821459
v -30.8039188 14.7752209 -7.13821459
v -30.8039188 14.7147799 -7.13821459
v -30.8039188 14.7147799 -6.39578438
v -30.8039188 14.7752209 -6.39578438
v -30.0760822 14.7752209 -6.39578438
v -30.0760822 14.7147799 -6.39578438
v -30.8039188 14.7147799 -6.39578438
v -30.7840881 14.7147799 -6.41890335
v -30.7840881 14.7147799 -7.115098
v -30.8039188 14.7147799 -7.13821459
v -30.8039188 14.7147799 -7.13821459
v -30.7840881 14.7147799 -7.115098
v -30.0959148 14.7147799 -7.115098
v -30.0760822 14.7147799 -7.13821459
v -30.0760822 14.7147799 -7.13821459
v -30.0959148 14.7147799 -7.115098
v -30.0959148 14.7147799 -6.41890335
v -30.0760822 14.7147799 -6.39578438
v -30.0760822 14.7147799 -6.39578438
v -30.0959148 14.7147799 -6.41890335
v -30.7840881 14.7147799 -6.41890335
v -30.8039188 14.7147799 -6.39578438
v -30.7840881 14.7147799 -6.41890335
v -30.7840881 14.724268 -6.41890335
v -30.7840881 14.724268 -7.115098
v -30.7840881 14.7147799 -7.115098
v -30.7840881 14.7147799 -7.115098
v -30.7840881 14.724268 -7.115098
v -30.0959148 14.724268 -7.115098
v -30.0959148 14.7147799 -7.115098
v -30.0959148 14.7147799 -7.115098
v -30.0959148 14.724268 -7.115098
v -30.0959148 14.724268 -6.41890335
v -30.0959148 14.7147799 -6.41890335
v -30.0959148 14.7147799 -6.41890335
v -30.0959148 14.724268 -6.41890335
v -30.7840881 14.724268 -6.41890335
v -30.7840881 14.7147799 -6.41890335
v -30.7840881 14.724268 -6.41890335
v -30.0959148 14.724268 -6.41890335
v -30.0959148 14.724268 -7.115098
v -30.7840881 14.724268 -7.115098
v 24.3754711 -1.02256417 27.4963779
v 24.3601913 -0.88329047 27.5498524
v 24.3203907 -1.02106059 27.5059261
v 24.4263363 -1.00270498 27.4878654
v 24.3601913 -0.88329047 27.5498524
v 24.3754711 -1.02256417 27.4963779
v 24.46591 -0.964647412 27.4815674
v 24.3601913 -0.88329047 27.5498524
v 24.4263363 -1.00270498 27.4878654
v 24.488184 -0.914168239 27.4784412
v 24.3601913 -0.88329047 27.5498524
v 24.46591 -0.964647412 27.4815674
v 24.4897804 -0.858929574 27.4789581
v 24.3601913 -0.88329047 27.5498524
v 24.488184 -0.914168239 27.4784412
v 24.4704552 -0.807316124 27.4830437
v 24.3601913 -0.88329047 27.5498524
v 24.4897804 -0.858929574 27.4789581
v 24.4331417 -0.767162144 27.4900742
v 24.3601913 -0.88329047 27.5498524
v 24.4704552 -0.807316124 27.4830437
v 24.383503 -0.744562626 27.4989853
v 24.3601913 -0.88329047 27.5498524
v 24.4331417 -0.767162144 27.4900742
v 24.2781181 -0.762563109 27.5169544
v 24.3601913 -0.88329047 27.5498524
v 24.329073 -0.742947817 27.5084229
v 24.329073 -0.742947817 27.5084229
v 24.3601913 -0.88329047 27.5498524
v 24.383503 -0.744562626 27.4989853
v 24.2383671 -0.800430715 27.5232849
v 24.3601913 -0.88329047 27.5498524
v 24.2781181 -0.762563109 27.5169544
v 24.2158566 -0.850802958 27.5264549
v 24.3601913 -0.88329047 27.5498524
v 24.2383671 -0.800430715 27.5232849
v 24.2140026 -0.906034112 27.5259819
v 24.3601913 -0.88329047 27.5498524
v 24.2158566 -0.850802958 27.5264549
v 24.2330894 -0.957740307 27.5219364
v 24.3601913 -0.88329047 27.5498524
v 24.2140026 -0.906034112 27.5259819
v 24.2702141 -0.99807322 27.5149364
v 24.3601913 -0.88329047 27.5498524
v 24.2330894 -0.957740307 27.5219364
v 24.3203907 -1.02106059 27.5059261
v 24.3601913 -0.88329047 27.5498524
v 24.2702141 -0.99807322 27.5149364
v 24.3789654 -1.0228548 27.5165882
v 24.3754711 -1.02256417 27.4963779
v 24.3203907 -1.02106059 27.5059261
v 24.3238869 -1.02135122 27.5261364
v 24.2702141 -0.99807322 27.5149364
v 24.3268013 -1.01362586 27.5318699
v 24.3787575 -1.01500356 27.5228634
v 24.360754 -0.883365512 27.5531406
v 24.2737103 -0.998363793 27.5351448
v 24.2330894 -0.957740307 27.5219364
v 24.2794571 -0.991980255 27.540369
v 24.2444077 -0.953963757 27.546978
v 24.2263699 -0.905206263 27.5508003
v 24.2365837 -0.958030879 27.5421467
v 24.2140026 -0.906034112 27.5259819
v 24.2174988 -0.906324685 27.5461903
v 24.4932766 -0.859220088 27.4991684
v 24.4897804 -0.858929574 27.4789581
v 24.488184 -0.914168239 27.4784412
v 24.4916801 -0.914458811 27.4986496
v 24.46591 -0.964647412 27.4815674
v 24.4849968 -0.912676632 27.5059586
v 24.4864635 -0.86057198 27.5064545
v 24.360754 -0.883365512 27.5531406
v 24.4694042 -0.964937985 27.5017776
v 24.4263363 -1.00270498 27.4878654
v 24.4640217 -0.96030724 27.5089016
v 24.4267216 -0.99623394 27.5148373
v 24.3787575 -1.01500356 27.5228634
v 24.4298306 -1.00299561 27.5080757
v 24.3754711 -1.02256417 27.4963779
v 24.3789654 -1.0228548 27.5165882
v 24.3325691 -0.74323833 27.5286331
v 24.329073 -0.742947817 27.5084229
v 24.383503 -0.744562626 27.4989853
v 24.3869972 -0.744853199 27.5191956
v 24.4331417 -0.767162144 27.4900742
v 24.3861332 -0.752774298 27.5253582
v 24.3347931 -0.751291335 27.5342598
v 24.360754 -0.883365512 27.5531406
v 24.436636 -0.767452717 27.5102844
v 24.4704552 -0.807316124 27.4830437
v 24.432972 -0.774054527 27.5169506
v 24.4681969 -0.811902165 27.510313
v 24.4864635 -0.86057198 27.5064545
v 24.4739513 -0.807606697 27.5032539
v 24.4897804 -0.858929574 27.4789581
v 24.4932766 -0.859220088 27.4991684
v 24.2174988 -0.906324685 27.5461903
v 24.2140026 -0.906034112 27.5259819
v 24.2158566 -0.850802958 27.5264549
v 24.2193527 -0.851093531 27.5466652
v 24.2383671 -0.800430715 27.5232849
v 24.2280788 -0.853108823 27.5512524
v 24.2263699 -0.905206263 27.5508003
v 24.360754 -0.883365512 27.5531406
v 24.2418613 -0.800721288 27.5434952
v 24.2781181 -0.762563109 27.5169544
v 24.2492752 -0.805578589 27.5482693
v 24.2867413 -0.769830704 27.5423031
v 24.3347931 -0.751291335 27.5342598
v 24.2816124 -0.762853682 27.5371647
v 24.329073 -0.742947817 27.5084229
v 24.3325691 -0.74323833 27.5286331
v -5.33208227 14.9460688 -26.5971184
v -5.33208227 15.0056095 -26.6075115
v -5.33208227 14.8779316 -27.3388824
v -5.33208227 14.8183908 -27.3284874
v -6.0599184 15.0056095 -26.6075115
v -6.0599184 14.9460688 -26.5971184
v -6.0599184 14.8183908 -27.3284874
v -6.0599184 14.8779316 -27.3388824
v -5.33208227 14.8183908 -27.3284874
v -5.33208227 14.8779316 -27.3388824
v -6.0599184 14.8779316 -27.3388824
v -6.0599184 14.8183908 -27.3284874
v -6.0599184 14.9460688 -26.5971184
v -6.0599184 15.0056095 -26.6075115
v -5.33208227 15.0056095 -26.6075115
v -5.33208227 14.9460688 -26.5971184
v -6.0599184 14.9460688 -26.5971184
v -6.04008675 14.9420929 -26.6198921
v -6.04008675 14.8223667 -27.3057156
v -6.0599184 14.8183908 -27.3284874
v -6.0599184 14.8183908 -27.3284874
v -6.04008675 14.8223667 -27.3057156
v -5.35191345 14.8223667 -27.3057156
v -5.33208227 14.8183908 -27.3284874
v -5.33208227 14.8183908 -27.3284874
v -5.35191345 14.8223667 -27.3057156
v -5.35191345 14.9420929 -26.6198921
v -5.33208227 14.9460688 -26.5971184
v -5.33208227 14.9460688 -26.5971184
v -5.35191345 14.9420929 -26.6198921
v -6.04008675 14.9420929 -26.6198921
v -6.0599184 14.9460688 -26.5971184
v -6.04008675 14.9420929 -26.6198921
v -6.04008675 14.9514399 -26.6215248
v -6.04008675 14.8317127 -27.3073463
v -6.04008675 14.8223667 -27.3057156
v -6.04008675 14.8223667 -27.3057156
v -6.04008675 14.8317127 -27.3073463
v -5.35191345 14.8317127 -27.3073463
v -5.35191345 14.8223667 -27.3057156
v -5.35191345 14.8223667 -27.3057156
v -5.35191345 14.8317127 -27.3073463
v -5.35191345 14.9514399 -26.6215248
v -5.35191345 14.9420929 -26.6198921
v -5.35191345 14.9420929 -26.6198921
v -5.35191345 14.9514399 -26.6215248
v -6.04008675 14.9514399 -26.6215248
v -6.04008675 14.9420929 -26.6198921
v -6.04008675 14.9514399 -26.6215248
v -5.35191345 14.9514399 -26.6215248
v -5.35191345 14.8317127 -27.3073463
v -6.04008675 14.8317127 -27.3073463
v -27.0680809 14.7147799 -25.8997841
v -27.0680809 14.7752209 -25.8997841
v -27.0680809 14.7752209 -26.6422138
v -27.0680809 14.7147799 -26.6422138
v -27.7959175 14.7752209 -25.8997841
v -27.7959175 14.7147799 -25.8997841
v -27.7959175 14.7147799 -26.6422138
v -27.7959175 14.7752209 -26.6422138
v -27.0680809 14.7147799 -26.6422138
v -27.0680809 14.7752209 -26.6422138
v -27.7959175 14.7752209 -26.6422138
v -27.7959175 14.7147799 -26.6422138
v -27.7959175 14.7147799 -25.8997841
v -27.7959175 14.7752209 -25.8997841
v -27.0680809 14.7752209 -25.8997841
v -27.0680809 14.7147799 -25.8997841
v -27.7959175 14.7147799 -25.8997841
v -27.7760868 14.7147799 -25.9229031
v -27.7760868 14.7147799 -26.6190987
v -27.7959175 14.7147799 -26.6422138
v -27.7959175 14.7147799 -26.6422138
v -27.7760868 14.7147799 -26.6190987
v -27.0879135 14.7147799 -26.6190987
v -27.0680809 14.7147799 -26.6422138
v -27.0680809 14.7147799 -26.6422138
v -27.0879135 14.7147799 -26.6190987
v -27.0879135 14.7147799 -25.9229031
v -27.0680809 14.7147799 -25.8997841
v -27.0680809 14.7147799 -25.8997841
v -27.0879135 14.7147799 -25.9229031
v -27.7760868 14.7147799 -25.9229031
v -27.7959175 14.7147799 -25.8997841
v -27.7760868 14.7147799 -25.9229031
v -27.7760868 14.724268 -25.9229031
v -27.7760868 14.724268 -26.6190987
v -27.7760868 14.7147799 -26.6190987
v -27.7760868 14.7147799 -26.6190987
v -27.7760868 14.724268 -26.6190987
v -27.0879135 14.724268 -26.6190987
v -27.0879135 14.7147799 -26.6190987
v -27.0879135 14.7147799 -26.6190987
v -27.0879135 14.724268 -26.6190987
v -27.0879135 14.724268 -25.9229031
v -27.0879135 14.7147799 -25.9229031
v -27.0879135 14.7147799 -25.9229031
v -27.0879135 14.724268 -25.9229031
v -27.7760868 14.724268 -25.9229031
v -27.7760868 14.7147799 -25.9229031
v -27.7760868 14.724268 -25.9229031
v -27.0879135 14.724268 -25.9229031
v -27.0879135 14.724268 -26.6190987
v -27.7760868 14.724268 -26.6190987
v 2.20391822 15.3400688 -24.3231182
v 2.20391822 15.3996096 -24.3335114
v 2.20391822 15.2719316 -25.0648823
v 2.20391822 15.2123909 -25.0544872
v 1.47608173 15.3996096 -24.3335114
v 1.47608173 15.3400688 -24.3231182
v 1.47608173 15.2123909 -25.0544872
v 1.47608173 15.2719316 -25.0648823
v 2.20391822 15.2123909 -25.0544872
v 2.20391822 15.2719316 -25.0648823
v 1.47608173 15.2719316 -25.0648823
v 1.47608173 15.2123909 -25.0544872
v 1.47608173 15.3400688 -24.3231182
v 1.47608173 15.3996096 -24.3335114
v 2.20391822 15.3996096 -24.3335114
v 2.20391822 15.3400688 -24.3231182
v 1.47608173 15.3400688 -24.3231182
v 1.49591327 15.3360929 -24.345892
v 1.49591327 15.2163668 -25.0317154
v 1.47608173 15.2123909 -25.0544872
v 1.47608173 15.2123909 -25.0544872
v 1.49591327 15.2163668 -25.0317154
v 2.18408656 15.2163668 -25.0317154
v 2.20391822 15.2123909 -25.0544872
v 2.20391822 15.2123909 -25.0544872
v 2.18408656 15.2163668 -25.0317154
v 2.18408656 15.3360929 -24.345892
v 2.20391822 15.3400688 -24.3231182
v 2.20391822 15.3400688 -24.3231182
v 2.18408656 15.3360929 -24.345892
v 1.49591327 15.3360929 -24.345892
v 1.47608173 15.3400688 -24.3231182
v 1.49591327 15.3360929 -24.345892
v 1.49591327 15.3454399 -24.3475246
v 1.49591327 15.2257128 -25.0333462
v 1.49591327 15.2163668 -25.0317154
v 1.49591327 15.2163668 -25.0317154
v 1.49591327 15.2257128 -25.0333462
v 2.18408656 15.2257128 -25.0333462
v 2.18408656 15.2163668 -25.0317154
v 2.18408656 15.2163668 -25.0317154
v 2.18408656 15.2257128 -25.0333462
v 2.18408656 15.3454399 -24.3475246
v 2.18408656 15.3360929 -24.345892
v 2.18408656 15.3360929 -24.345892
v 2.18408656 15.3454399 -24.3475246
v 1.49591327 15.3454399 -24.3475246
v 1.49591327 15.3360929 -24.345892
v 1.49591327 15.3454399 -24.3475246
v 2.18408656 15.3454399 -24.3475246
v 2.18408656 15.2257128 -25.0333462
v 1.49591327 15.2257128 -25.0333462
v -22.8550816 14.7147799 -25.8997841
v -22.8550816 14.7752209 -25.8997841
v -22.8550816 14.7752209 -26.6422138
v -22.8550816 14.7147799 -26.6422138
v -23.5829182 14.7752209 -25.8997841
v -23.5829182 14.7147799 -25.8997841
v -23.5829182 14.7147799 -26.6422138
v -23.5829182 14.7752209 -26.6422138
v -22.8550816 14.7147799 -26.6422138
v -22.8550816 14.7752209 -26.6422138
v -23.5829182 14.7752209 -26.6422138
v -23.5829182 14.7147799 -26.6422138
v -23.5829182 14.7147799 -25.8997841
v -23.5829182 14.7752209 -25.8997841
v -22.8550816 14.7752209 -25.8997841
v -22.8550816 14.7147799 -25.8997841
v -23.5829182 14.7147799 -25.8997841
v -23.5630875 14.7147799 -25.9229031
v -23.5630875 14.7147799 -26.6190987
v -23.5829182 14.7147799 -26.6422138
v -23.5829182 14.7147799 -26.6422138
v -23.5630875 14.7147799 -26.6190987
v -22.8749142 14.7147799 -26.6190987
v -22.8550816 14.7147799 -26.6422138
v -22.8550816 14.7147799 -26.6422138
v -22.8749142 14.7147799 -26.6190987
v -22.8749142 14.7147799 -25.9229031
v -22.8550816 14.7147799 -25.8997841
v -22.8550816 14.7147799 -25.8997841
v -22.8749142 14.7147799 -25.9229031
v -23.5630875 14.7147799 -25.9229031
v -23.5829182 14.7147799 -25.8997841
v -23.5630875 14.7147799 -25.9229031
v -23.5630875 14.724268 -25.9229031
v -23.5630875 14.724268 -26.6190987
v -23.5630875 14.7147799 -26.6190987
v -23.5630875 14.7147799 -26.6190987
v -23.5630875 14.724268 -26.6190987
v -22.8749142 14.724268 -26.6190987
v -22.8749142 14.7147799 -26.6190987
v -22.8749142 14.7147799 -26.6190987
v -22.8749142 14.724268 -26.6190987
v -22.8749142 14.724268 -25.9229031
v -22.8749142 14.7147799 -25.9229031
v -22.8749142 14.7147799 -25.9229031
v -22.8749142 14.724268 -25.9229031
v -23.5630875 14.724268 -25.9229031
v -23.5630875 14.7147799 -25.9229031
v -23.5630875 14.724268 -25.9229031
v -22.8749142 14.724268 -25.9229031
v -22.8749142 14.724268 -26.6190987
v -23.5630875 14.724268 -26.6190987
v -16.878603 7.49970484 4.04922247
v -16.861454 7.42799997 3.99835587
v -16.837204 7.42799997 4.04922247
v -16.890728 7.47870302 3.99835587
v -16.9613991 7.49970484 4.04922247
v -16.890728 7.37729692 3.99835587
v -16.878603 7.35629511 4.04922247
v -16.9492741 7.47870302 3.99835587
v -17.0027981 7.42799997 4.04922247
v -16.9200001 7.42799997 3.97728658
v -16.9492741 7.37729692 3.99835587
v -16.9613991 7.35629511 4.04922247
v -16.978548 7.42799997 3.99835587
v -16.890728 7.47870302 4.10008955
v -16.878603 7.49970484 4.04922247
v -16.837204 7.42799997 4.04922247
v -16.9492741 7.47870302 4.10008955
v -16.9613991 7.49970484 4.04922247
v -16.861454 7.42799997 4.10008955
v -16.878603 7.35629511 4.04922247
v -16.978548 7.42799997 4.10008955
v -17.0027981 7.42799997 4.04922247
v -16.9200001 7.42799997 4.12115908
v -16.890728 7.37729692 4.10008955
v -16.9613991 7.35629511 4.04922247
v -16.9492741 7.37729692 4.10008955
v -5.32608223 16.3440685 -18.4331188
v -5.32608223 16.4036083 -18.443512
v -5.32608223 16.2759304 -19.1748829
v -5.32608223 16.2163906 -19.1644878
v -6.05391836 16.4036083 -18.443512
v -6.05391836 16.3440685 -18.4331188
v -6.05391836 16.2163906 -19.1644878
v -6.05391836 16.2759304 -19.1748829
v -5.32608223 16.2163906 -19.1644878
v -5.32608223 16.2759304 -19.1748829
v -6.05391836 16.2759304 -19.1748829
v -6.05391836 16.2163906 -19.1644878
v -6.05391836 16.3440685 -18.4331188
v -6.05391836 16.4036083 -18.443512
v -5.32608223 16.4036083 -18.443512
v -5.32608223 16.3440685 -18.4331188
v -6.05391836 16.3440685 -18.4331188
v -6.0340867 16.3400936 -18.4558926
v -6.0340867 16.2203655 -19.141716
v -6.05391836 16.2163906 -19.1644878
v -6.05391836 16.2163906 -19.1644878
v -6.0340867 16.2203655 -19.141716
v -5.34591389 16.2203655 -19.141716
v -5.32608223 16.2163906 -19.1644878
v -5.32608223 16.2163906 -19.1644878
v -5.34591389 16.2203655 -19.141716
v -5.34591389 16.3400936 -18.4558926
v -5.32608223 16.3440685 -18.4331188
v -5.32608223 16.3440685 -18.4331188
v -5.34591389 16.3400936 -18.4558926
v -6.0340867 16.3400936 -18.4558926
v -6.05391836 16.3440685 -18.4331188
v -6.0340867 16.3400936 -18.4558926
v -6.0340867 16.3494396 -18.4575253
v -6.0340867 16.2297134 -19.1433468
v -6.0340867 16.2203655 -19.141716
v -6.0340867 16.2203655 -19.141716
v -6.0340867 16.2297134 -19.1433468
v -5.34591389 16.2297134 -19.1433468
v -5.34591389 16.2203655 -19.141716
v -5.34591389 16.2203655 -19.141716
v -5.34591389 16.2297134 -19.1433468
v -5.34591389 16.3494396 -18.4575253
v -5.34591389 16.3400936 -18.4558926
v -5.34591389 16.3400936 -18.4558926
v -5.34591389 16.3494396 -18.4575253
v -6.0340867 16.3494396 -18.4575253
v -6.0340867 16.3400936 -18.4558926
v -6.0340867 16.3494396 -18.4575253
v -5.34591389 16.3494396 -18.4575253
v -5.34591389 16.2297134 -19.1433468
v -6.0340867 16.2297134 -19.1433468
v -30.0760822 14.7147799 -3.42178416
v -30.0760822 14.7752209 -3.42178416
v -30.0760822 14.7752209 -4.16421461
v -30.0760822 14.7147799 -4.16421461
v -30.8039188 14.7752209 -3.42178416
v -30.8039188 14.7147799 -3.42178416
v -30.8039188 14.7147799 -4.16421461
v -30.8039188 14.7752209 -4.16421461
v -30.0760822 14.7147799 -4.16421461
v -30.0760822 14.7752209 -4.16421461
v -30.8039188 14.7752209 -4.16421461
v -30.8039188 14.7147799 -4.16421461
v -30.8039188 14.7147799 -3.42178416
v -30.8039188 14.7752209 -3.42178416
v -30.0760822 14.7752209 -3.42178416
v -30.0760822 14.7147799 -3.42178416
v -30.8039188 14.7147799 -3.42178416
v -30.7840881 14.7147799 -3.44490337
v -30.7840881 14.7147799 -4.14109802
v -30.8039188 14.7147799 -4.16421461
v -30.8039188 14.7147799 -4.16421461
v -30.7840881 14.7147799 -4.14109802
v -30.0959148 14.7147799 -4.14109802
v -30.0760822 14.7147799 -4.16421461
v -30.0760822 14.7147799 -4.16421461
v -30.0959148 14.7147799 -4.14109802
v -30.0959148 14.7147799 -3.44490337
v -30.0760822 14.7147799 -3.42178416
v -30.0760822 14.7147799 -3.42178416
v -30.0959148 14.7147799 -3.44490337
v -30.7840881 14.7147799 -3.44490337
v -30.8039188 14.7147799 -3.42178416
v -30.7840881 14.7147799 -3.44490337
v -30.7840881 14.724268 -3.44490337
v -30.7840881 14.724268 -4.14109802
v -30.7840881 14.7147799 -4.14109802
v -30.7840881 14.7147799 -4.14109802
v -30.7840881 14.724268 -4.14109802
v -30.0959148 14.724268 -4.14109802
v -30.0959148 14.7147799 -4.14109802
v -30.0959148 14.7147799 -4.14109802
v -30.0959148 14.724268 -4.14109802
v -30.0959148 14.724268 -3.44490337
v -30.0959148 14.7147799 -3.44490337
v -30.0959148 14.7147799 -3.44490337
v -30.0959148 14.724268 -3.44490337
v -30.7840881 14.724268 -3.44490337
v -30.7840881 14.7147799 -3.44490337
v -30.7840881 14.724268 -3.44490337
v -30.0959148 14.724268 -3.44490337
v -30.0959148 14.724268 -4.14109802
v -30.7840881 14.724268 -4.14109802
v -19.6360817 14.7147799 -23.6567841
v -19.6360817 14.7752209 -23.6567841
v -19.6360817 14.7752209 -24.3992138
v -19.6360817 14.7147799 -24.3992138
v -20.3639183 14.7752209 -23.6567841
v -20.3639183 14.7147799 -23.6567841
v -20.3639183 14.7147799 -24.3992138
v -20.3639183 14.7752209 -24.3992138
v -19.6360817 14.7147799 -24.3992138
v -19.6360817 14.7752209 -24.3992138
v -20.3639183 14.7752209 -24.3992138
v -20.3639183 14.7147799 -24.3992138
v -20.3639183 14.7147799 -23.6567841
v -20.3639183 14.7752209 -23.6567841
v -19.6360817 14.7752209 -23.6567841
v -19.6360817 14.7147799 -23.6567841
v -20.3639183 14.7147799 -23.6567841
v -20.3440876 14.7147799 -23.679903
v -20.3440876 14.7147799 -24.3760986
v -20.3639183 14.7147799 -24.3992138
v -20.3639183 14.7147799 -24.3992138
v -20.3440876 14.7147799 -24.3760986
v -19.6559143 14.7147799 -24.3760986
v -19.6360817 14.7147799 -24.3992138
v -19.6360817 14.7147799 -24.3992138
v -19.6559143 14.7147799 -24.3760986
v -19.6559143 14.7147799 -23.679903
v -19.6360817 14.7147799 -23.6567841
v -19.6360817 14.7147799 -23.6567841
v -19.6559143 14.7147799 -23.679903
v -20.3440876 14.7147799 -23.679903
v -20.3639183 14.7147799 -23.6567841
v -20.3440876 14.7147799 -23.679903
v -20.3440876 14.724268 -23.679903
v -20.3440876 14.724268 -24.3760986
v -20.3440876 14.7147799 -24.3760986
v -20.3440876 14.7147799 -24.3760986
v -20.3440876 14.724268 -24.3760986
v -19.6559143 14.724268 -24.3760986
v -19.6559143 14.7147799 -24.3760986
v -19.6559143 14.7147799 -24.3760986
v -19.6559143 14.724268 -24.3760986
v -19.6559143 14.724268 -23.679903
v -19.6559143 14.7147799 -23.679903
v -19.6559143 14.7147799 -23.679903
v -19.6559143 14.724268 -23.679903
v -20.3440876 14.724268 -23.679903
v -20.3440876 14.7147799 -23.679903
v -20.3440876 14.724268 -23.679903
v -19.6559143 14.724268 -23.679903
v -19.6559143 14.724268 -24.3760986
v -20.3440876 14.724268 -24.3760986
v -5.33208227 15.3400688 -24.3231182
v -5.33208227 15.3996096 -24.3335114
v -5.33208227 15.2719316 -25.0648823
v -5.33208227 15.2123909 -25.0544872
v -6.0599184 15.3996096 -24.3335114
v -6.0599184 15.3400688 -24.3231182
v -6.0599184 15.2123909 -25.0544872
v -6.0599184 15.2719316 -25.0648823
v -5.33208227 15.2123909 -25.0544872
v -5.33208227 15.2719316 -25.0648823
v -6.0599184 15.2719316 -25.0648823
v -6.0599184 15.2123909 -25.0544872
v -6.0599184 15.3400688 -24.3231182
v -6.0599184 15.3996096 -24.3335114
v -5.33208227 15.3996096 -24.3335114
v -5.33208227 15.3400688 -24.3231182
v -6.0599184 15.3400688 -24.3231182
v -6.04008675 15.3360929 -24.345892
v -6.04008675 15.2163668 -25.0317154
v -6.0599184 15.2123909 -25.0544872
v -6.0599184 15.2123909 -25.0544872
v -6.04008675 15.2163668 -25.0317154
v -5.35191345 15.2163668 -25.0317154
v -5.33208227 15.2123909 -25.0544872
v -5.33208227 15.2123909 -25.0544872
v -5.35191345 15.2163668 -25.0317154
v -5.35191345 15.3360929 -24.345892
v -5.33208227 15.3400688 -24.3231182
v -5.33208227 15.3400688 -24.3231182
v -5.35191345 15.3360929 -24.345892
v -6.04008675 15.3360929 -24.345892
v -6.0599184 15.3400688 -24.3231182
v -6.04008675 15.3360929 -24.345892
v -6.04008675 15.3454399 -24.3475246
v -6.04008675 15.2257128 -25.0333462
v -6.04008675 15.2163668 -25.0317154
v -6.04008675 15.2163668 -25.0317154
v -6.04008675 15.2257128 -25.0333462
v -5.35191345 15.2257128 -25.0333462
v -5.35191345 15.2163668 -25.0317154
v -5.35191345 15.2163668 -25.0317154
v -5.35191345 15.2257128 -25.0333462
v -5.35191345 15.3454399 -24.3475246
v -5.35191345 15.3360929 -24.345892
v -5.35191345 15.3360929 -24.345892
v -5.35191345 15.3454399 -24.3475246
v -6.04008675 15.3454399 -24.3475246
v -6.04008675 15.3360929 -24.345892
v -6.04008675 15.3454399 -24.3475246
v -5.35191345 15.3454399 -24.3475246
v -5.35191345 15.2257128 -25.0333462
v -6.04008675 15.2257128 -25.0333462
v -18.352396 7.49970484 -1.79722238
v -18.369545 7.42799997 -1.74635589
v -18.393795 7.42799997 -1.79722238
v -18.340271 7.47870302 -1.74635589
v -18.2695999 7.49970484 -1.79722238
v -18.340271 7.37729692 -1.74635589
v -18.352396 7.35629511 -1.79722238
v -18.2817249 7.47870302 -1.74635589
v -18.2282009 7.42799997 -1.79722238
v -18.3109989 7.42799997 -1.7252866
v -18.2817249 7.37729692 -1.74635589
v -18.2695999 7.35629511 -1.79722238
v -18.2524509 7.42799997 -1.74635589
v -18.340271 7.47870302 -1.84808958
v -18.352396 7.49970484 -1.79722238
v -18.393795 7.42799997 -1.79722238
v -18.2817249 7.47870302 -1.84808958
v -18.2695999 7.49970484 -1.79722238
v -18.369545 7.42799997 -1.84808958
v -18.352396 7.35629511 -1.79722238
v -18.2524509 7.42799997 -1.84808958
v -18.2282009 7.42799997 -1.79722238
v -18.3109989 7.42799997 -1.86915886
v -18.340271 7.37729692 -1.84808958
v -18.2695999 7.35629511 -1.79722238
v -18.2817249 7.37729692 -1.84808958
v -10.805685 7.49970484 4.04922247
v -10.788538 7.42799997 3.99835587
v -10.764286 7.42799997 4.04922247
v -10.8178101 7.47870302 3.99835587
v -10.8884821 7.49970484 4.04922247
v -10.8178101 7.37729692 3.99835587
v -10.805685 7.35629511 4.04922247
v -10.8763571 7.47870302 3.99835587
v -10.9298811 7.42799997 4.04922247
v -10.847084 7.42799997 3.97728658
v -10.8763571 7.37729692 3.99835587
v -10.8884821 7.35629511 4.04922247
v -10.9056301 7.42799997 3.99835587
v -10.8178101 7.47870302 4.10008955
v -10.805685 7.49970484 4.04922247
v -10.764286 7.42799997 4.04922247
v -10.8763571 7.47870302 4.10008955
v -10.8884821 7.49970484 4.04922247
v -10.788538 7.42799997 4.10008955
v -10.805685 7.35629511 4.04922247
v -10.9056301 7.42799997 4.10008955
v -10.9298811 7.42799997 4.04922247
v -10.847084 7.42799997 4.12115908
v -10.8178101 7.37729692 4.10008955
v -10.8884821 7.35629511 4.04922247
v -10.8763571 7.37729692 4.10008955
v 21.0754032 -1.01744461 26.3691826
v 21.0896816 -0.876524568 26.31991
v 21.1304703 -1.01526225 26.3596897
v 21.0243988 -0.998213172 26.3782825
v 21.0896816 -0.876524568 26.31991
v 21.0754032 -1.01744461 26.3691826
v 20.9845543 -0.96064508 26.3857136
v 21.0896816 -0.876524568 26.31991
v 21.0243988 -0.998213172 26.3782825
v 20.9619198 -0.91044265 26.3903503
v 21.0896816 -0.876524568 26.31991
v 20.9845543 -0.96064508 26.3857136
v 20.9599304 -0.85522604 26.391489
v 21.0896816 -0.876524568 26.31991
v 20.9619198 -0.91044265 26.3903503
v 20.9788857 -0.803376734 26.3889561
v 21.0896816 -0.876524568 26.31991
v 20.9599304 -0.85522604 26.391489
v 21.0159111 -0.762764573 26.3831348
v 21.0896816 -0.876524568 26.31991
v 20.9788857 -0.803376734 26.3889561
v 21.0653858 -0.739554286 26.3749104
v 21.0896816 -0.876524568 26.31991
v 21.0159111 -0.762764573 26.3831348
v 21.1708965 -0.756255031 26.3564224
v 21.0896816 -0.876524568 26.31991
v 21.1198006 -0.737268627 26.3655319
v 21.1198006 -0.737268627 26.3655319
v 21.0896816 -0.876524568 26.31991
v 21.0653858 -0.739554286 26.3749104
v 21.2109146 -0.793631017 26.3489628
v 21.0896816 -0.876524568 26.31991
v 21.1708965 -0.756255031 26.3564224
v 21.2337837 -0.843723655 26.344286
v 21.0896816 -0.876524568 26.31991
v 21.2109146 -0.793631017 26.3489628
v 21.2360306 -0.898929477 26.3431034
v 21.0896816 -0.876524568 26.31991
v 21.2337837 -0.843723655 26.344286
v 21.2173157 -0.950868666 26.3455944
v 21.0896816 -0.876524568 26.31991
v 21.2360306 -0.898929477 26.3431034
v 21.180479 -0.991657376 26.3513794
v 21.0896816 -0.876524568 26.31991
v 21.2173157 -0.950868666 26.3455944
v 21.1304703 -1.01526225 26.3596897
v 21.0896816 -0.876524568 26.31991
v 21.180479 -0.991657376 26.3513794
v 21.071909 -1.0171541 26.3489742
v 21.0754032 -1.01744461 26.3691826
v 21.1304703 -1.01526225 26.3596897
v 21.1269741 -1.01497161 26.3394814
v 21.180479 -0.991657376 26.3513794
v 21.1240025 -1.00709891 26.3339806
v 21.0720596 -1.00911689 26.3429356
v 21.0891209 -0.876505017 26.3166218
v 21.1769848 -0.991366804 26.331171
v 21.2173157 -0.950868666 26.3455944
v 21.1711903 -0.984870732 26.3261375
v 21.2059669 -0.946423888 26.3206768
v 21.2236557 -0.897446215 26.3183212
v 21.2138214 -0.950578094 26.325386
v 21.2360306 -0.898929477 26.3431034
v 21.2325363 -0.898638964 26.3228951
v 20.9564342 -0.854935467 26.3712788
v 20.9599304 -0.85522604 26.391489
v 20.9619198 -0.91044265 26.3903503
v 20.9584236 -0.910152078 26.3701401
v 20.9845543 -0.96064508 26.3857136
v 20.9650936 -0.908103883 26.3628902
v 20.9632568 -0.856019557 26.3639565
v 21.0891209 -0.876505017 26.3166218
v 20.98106 -0.960354507 26.3655033
v 21.0243988 -0.998213172 26.3782825
v 20.9864082 -0.9554739 26.3585224
v 21.0239639 -0.990939319 26.3515167
v 21.0720596 -1.00911689 26.3429356
v 21.0209026 -0.997922599 26.3580723
v 21.0754032 -1.01744461 26.3691826
v 21.071909 -1.0171541 26.3489742
v 21.1163063 -0.736978054 26.3453236
v 21.1198006 -0.737268627 26.3655319
v 21.0653858 -0.739554286 26.3749104
v 21.0618916 -0.739263713 26.354702
v 21.0159111 -0.762764573 26.3831348
v 21.0628109 -0.746990085 26.3483047
v 21.1141396 -0.744874418 26.3394566
v 21.0891209 -0.876505017 26.3166218
v 21.0124168 -0.762474 26.3629246
v 20.9788857 -0.803376734 26.3889561
v 21.0161266 -0.768846691 26.3560658
v 20.9811745 -0.80712682 26.3615608
v 20.9632568 -0.856019557 26.3639565
v 20.9753895 -0.803086162 26.3687458
v 20.9599304 -0.85522604 26.391489
v 20.9564342 -0.854935467 26.3712788
v 21.2325363 -0.898638964 26.3228951
v 21.2360306 -0.898929477 26.3431034
v 21.2337837 -0.843723655 26.344286
v 21.2302876 -0.843433082 26.3240776
v 21.2109146 -0.793631017 26.3489628
v 21.2215748 -0.845372081 26.3194294
v 21.2236557 -0.897446215 26.3183212
v 21.0891209 -0.876505017 26.3166218
v 21.2074184 -0.793340445 26.3287525
v 21.1708965 -0.756255031 26.3564224
v 21.2000408 -0.79810524 26.3238335
v 21.1623211 -0.762820721 26.3308659
v 21.1141396 -0.744874418 26.3394566
v 21.1674004 -0.755964458 26.3362122
v 21.1198006 -0.737268627 26.3655319
v 21.1163063 -0.736978054 26.3453236
v -30.0760822 14.7147799 -12.3937845
v -30.0760822 14.7752209 -12.3937845
v -30.0760822 14.7752209 -13.1362152
v -30.0760822 14.7147799 -13.1362152
v -30.8039188 14.7752209 -12.3937845
v -30.8039188 14.7147799 -12.3937845
v -30.8039188 14.7147799 -13.1362152
v -30.8039188 14.7752209 -13.1362152
v -30.0760822 14.7147799 -13.1362152
v -30.0760822 14.7752209 -13.1362152
v -30.8039188 14.7752209 -13.1362152
v -30.8039188 14.7147799 -13.1362152
v -30.8039188 14.7147799 -12.3937845
v -30.8039188 14.7752209 -12.3937845
v -30.0760822 14.7752209 -12.3937845
v -30.0760822 14.7147799 -12.3937845
v -30.8039188 14.7147799 -12.3937845
v -30.7840881 14.7147799 -12.4169035
v -30.7840881 14.7147799 -13.1130981
v -30.8039188 14.7147799 -13.1362152
v -30.8039188 14.7147799 -13.1362152
v -30.7840881 14.7147799 -13.1130981
v -30.0959148 14.7147799 -13.1130981
v -30.0760822 14.7147799 -13.1362152
v -30.0760822 14.7147799 -13.1362152
v -30.0959148 14.7147799 -13.1130981
v -30.0959148 14.7147799 -12.4169035
v -30.0760822 14.7147799 -12.3937845
v -30.0760822 14.7147799 -12.3937845
v -30.0959148 14.7147799 -12.4169035
v -30.7840881 14.7147799 -12.4169035
v -30.8039188 14.7147799 -12.3937845
v -30.7840881 14.7147799 -12.4169035
v -30.7840881 14.724268 -12.4169035
v -30.7840881 14.724268 -13.1130981
v -30.7840881 14.7147799 -13.1130981
v -30.7840881 14.7147799 -13.1130981
v -30.7840881 14.724268 -13.1130981
v -30.0959148 14.724268 -13.1130981
v -30.0959148 14.7147799 -13.1130981
v -30.0959148 14.7147799 -13.1130981
v -30.0959148 14.724268 -13.1130981
v -30.0959148 14.724268 -12.4169035
v -30.0959148 14.7147799 -12.4169035
v -30.0959148 14.7147799 -12.4169035
v -30.0959148 14.724268 -12.4169035
v -30.7840881 14.724268 -12.4169035
v -30.7840881 14.7147799 -12.4169035
v -30.7840881 14.724268 -12.4169035
v -30.0959148 14.724268 -12.4169035
v -30.0959148 14.724268 -13.1130981
v -30.7840881 14.724268 -13.1130981
v 24.0214653 -0.99487108 27.3997536
v 24.0489941 -0.88212043 27.3842182
v 24.0015335 -0.882598758 27.4048157
v 24.065876 -0.977217078 27.3799305
v 24.1383343 -0.881861687 27.3882332
v 24.0780525 -1.09336114 27.3885498
v 24.1499195 -0.947118402 27.3852921
v 24.1138077 -1.06063986 27.3704414
v 24.1644707 -1.16618931 27.3725567
v 24.1828098 -1.00436425 27.3787804
v 24.187006 -1.12232649 27.3568935
v 24.270298 -1.2045716 27.3537006
v 24.2330399 -1.04669464 27.3694839
v 24.2766418 -1.15483689 27.3409214
v 24.3827667 -1.2038784 27.3342571
v 24.2945499 -1.06900382 27.3585224
v 24.3719063 -1.15424979 27.3244534
v 24.4883156 -1.16419351 27.3165703
v 24.3599205 -1.06860089 27.3472214
v 24.4613075 -1.12063599 27.309473
v 24.5742111 -1.0903033 27.3027763
v 24.4212704 -1.04553461 27.3369427
v 24.5340614 -1.0580498 27.2977886
v 24.6300926 -0.991120219 27.2945366
v 24.4711952 -1.00258708 27.3289242
v 24.5813942 -0.974039912 27.2908096
v 24.6492214 -0.878607035 27.2928467
v 24.5036755 -0.944938183 27.3241367
v 24.5975971 -0.878739357 27.2893772
v 24.6292896 -0.766334713 27.2979069
v 24.5147934 -0.879541516 27.3231525
v 24.5807152 -0.783642709 27.2936649
v 24.5727024 -0.667844772 27.3091125
v 24.5032082 -0.814284682 27.3260956
v 24.5327835 -0.700220108 27.3031559
v 24.4862823 -0.595016599 27.3251057
v 24.4703178 -0.757038832 27.3326073
v 24.4595852 -0.638533354 27.3167038
v 24.3804569 -0.556634188 27.3439617
v 24.4200878 -0.714708447 27.3419037
v 24.3699493 -0.606022835 27.332674
v 24.2679863 -0.55732739 27.3634052
v 24.3585777 -0.692399323 27.3528633
v 24.2746849 -0.606609941 27.349144
v 24.1624393 -0.597012401 27.3810902
v 24.2932072 -0.69280225 27.3641644
v 24.1852837 -0.640223861 27.3641224
v 24.0765438 -0.670902491 27.394886
v 24.2318592 -0.715868473 27.3744431
v 24.1125298 -0.702810109 27.3758068
v 24.0206623 -0.770085573 27.4031258
v 24.1819324 -0.758816063 27.3824615
v 24.065197 -0.786819816 27.3827858
v 24.0015335 -0.882598758 27.4048157
v 24.1494522 -0.816464901 27.3872509
v 24.0489941 -0.88212043 27.3842182
v 24.1383343 -0.881861687 27.3882332
v 24.0883904 -0.88539511 27.6119862
v 24.0566978 -0.997799814 27.6034565
v 24.0367661 -0.885527432 27.6085186
v 24.1052723 -0.980491757 27.6076984
v 24.1132851 -1.09628987 27.5922527
v 24.168457 -0.954501271 27.5681686
v 24.1560383 -0.884543836 27.5713234
v 24.2037182 -1.01587081 27.5611877
v 24.153204 -1.06391454 27.5982094
v 24.1997051 -1.16911805 27.5762577
v 24.2575645 -1.06125033 27.5512218
v 24.2264023 -1.12560129 27.5846615
v 24.3055305 -1.20750034 27.5574017
v 24.3235054 -1.08516657 27.5394726
v 24.3160381 -1.15811169 27.5686893
v 24.4180012 -1.20680714 27.5379581
v 24.3935871 -1.08473456 27.5273571
v 24.4113026 -1.15752459 27.5522213
v 24.5235481 -1.16712224 27.5202732
v 24.4593544 -1.06000674 27.5163364
v 24.5007038 -1.12391078 27.537241
v 24.6094437 -1.09323215 27.5064793
v 24.5128746 -1.01396549 27.5077419
v 24.5734577 -1.06132448 27.5255566
v 24.6653252 -0.994048893 27.4982395
v 24.5476952 -0.952164054 27.5026073
v 24.6207905 -0.977314711 27.5185776
v 24.684454 -0.881535769 27.4965477
v 24.5596142 -0.882056594 27.5015545
v 24.6369934 -0.882014096 27.5171452
v 24.6645222 -0.769263387 27.5016098
v 24.5471954 -0.812099159 27.5047073
v 24.6201115 -0.786917388 27.5214329
v 24.607935 -0.670773506 27.5128136
v 24.5119362 -0.75072962 27.5116882
v 24.5721798 -0.703494847 27.5309219
v 24.5215168 -0.597945333 27.5288086
v 24.4580879 -0.705350161 27.521656
v 24.4989815 -0.641808093 27.5444698
v 24.4156895 -0.559563041 27.5476646
v 24.3921471 -0.681433916 27.5334053
v 24.4093456 -0.609297633 27.560442
v 24.3032207 -0.560256124 27.5671082
v 24.3220654 -0.681865871 27.5455189
v 24.3140812 -0.609884739 27.57691
v 24.1976719 -0.599941134 27.5847931
v 24.2562981 -0.706593752 27.5565395
v 24.2246799 -0.6434986 27.5918903
v 24.1117764 -0.673831284 27.598587
v 24.2027779 -0.752635002 27.565134
v 24.151926 -0.706084788 27.6035748
v 24.0558949 -0.773014247 27.6068268
v 24.1679573 -0.814436436 27.5702686
v 24.1045933 -0.790094614 27.6105537
v 24.0367661 -0.885527432 27.6085186
v 24.1560383 -0.884543836 27.5713234
v 24.0883904 -0.88539511 27.6119862
v 24.0566978 -0.997799814 27.6034565
v 24.0015335 -0.882598758 27.4048157
v 24.0367661 -0.885527432 27.6085186
v 24.0214653 -0.99487108 27.3997536
v 24.1132851 -1.09628987 27.5922527
v 24.0780525 -1.09336114 27.3885498
v 24.1997051 -1.16911805 27.5762577
v 24.1644707 -1.16618931 27.3725567
v 24.3055305 -1.20750034 27.5574017
v 24.270298 -1.2045716 27.3537006
v 24.4180012 -1.20680714 27.5379581
v 24.3827667 -1.2038784 27.3342571
v 24.5235481 -1.16712224 27.5202732
v 24.4883156 -1.16419351 27.3165703
v 24.6094437 -1.09323215 27.5064793
v 24.5742111 -1.0903033 27.3027763
v 24.6653252 -0.994048893 27.4982395
v 24.6300926 -0.991120219 27.2945366
v 24.684454 -0.881535769 27.4965477
v 24.6492214 -0.878607035 27.2928467
v 24.6645222 -0.769263387 27.5016098
v 24.6292896 -0.766334713 27.2979069
v 24.607935 -0.670773506 27.5128136
v 24.5727024 -0.667844772 27.3091125
v 24.5215168 -0.597945333 27.5288086
v 24.4862823 -0.595016599 27.3251057
v 24.4156895 -0.559563041 27.5476646
v 24.3804569 -0.556634188 27.3439617
v 24.3032207 -0.560256124 27.5671082
v 24.2679863 -0.55732739 27.3634052
v 24.1976719 -0.599941134 27.5847931
v 24.1624393 -0.597012401 27.3810902
v 24.1117764 -0.673831284 27.598587
v 24.0765438 -0.670902491 27.394886
v 24.0558949 -0.773014247 27.6068268
v 24.0206623 -0.770085573 27.4031258
v 24.0367661 -0.885527432 27.6085186
v 24.0015335 -0.882598758 27.4048157
v 24.2027779 -0.752635002 27.565134
v 24.1923599 -0.829651177 27.4146748
v 24.1679573 -0.814436436 27.5702686
v 24.1560383 -0.884543836 27.5713234
v 24.258461 -0.74895817 27.4043999
v 24.2562981 -0.706593752 27.5565395
v 24.3321266 -0.871110201 27.386795
v 24.1927338 -0.934454262 27.4131012
v 24.168457 -0.954501271 27.5681686
v 24.3220654 -0.681865871 27.5455189
v 24.2037182 -1.01587081 27.5611877
v 24.3601093 -0.730132341 27.3870907
v 24.3921471 -0.681433916 27.5334053
v 24.4580879 -0.705350161 27.521656
v 24.259409 -1.01432896 27.4004211
v 24.2575645 -1.06125033 27.5512218
v 24.3235054 -1.08516657 27.5394726
v 24.4497395 -0.78198272 27.370842
v 24.5119362 -0.75072962 27.5116882
v 24.5471954 -0.812099159 27.5047073
v 24.361187 -1.031901 27.3825645
v 24.3935871 -1.08473456 27.5273571
v 24.4593544 -1.06000674 27.5163364
v 24.4854164 -0.880247712 27.3632584
v 24.5596142 -0.882056594 27.5015545
v 24.5476952 -0.952164054 27.5026073
v 24.4504433 -0.978948116 27.3678875
v 24.5128746 -1.01396549 27.5077419
v 24.1494522 -0.816464901 27.3872509
v 24.3291683 -0.880918086 27.3707542
v 24.1819324 -0.758816063 27.3824615
v 24.1383343 -0.881861687 27.3882332
v 24.2318592 -0.715868473 27.3744431
v 24.1499195 -0.947118402 27.3852921
v 24.2932072 -0.69280225 27.3641644
v 24.1828098 -1.00436425 27.3787804
v 24.3585777 -0.692399323 27.3528633
v 24.2330399 -1.04669464 27.3694839
v 24.4200878 -0.714708447 27.3419037
v 24.2945499 -1.06900382 27.3585224
v 24.4703178 -0.757038832 27.3326073
v 24.3599205 -1.06860089 27.3472214
v 24.5032082 -0.814284682 27.3260956
v 24.4212704 -1.04553461 27.3369427
v 24.5147934 -0.879541516 27.3231525
v 24.4711952 -1.00258708 27.3289242
v 24.5036755 -0.944938183 27.3241367
v -30.0760822 14.7147799 -16.9027843
v -30.0760822 14.7752209 -16.9027843
v -30.0760822 14.7752209 -17.6452141
v -30.0760822 14.7147799 -17.6452141
v -30.8039188 14.7752209 -16.9027843
v -30.8039188 14.7147799 -16.9027843
v -30.8039188 14.7147799 -17.6452141
v -30.8039188 14.7752209 -17.6452141
v -30.0760822 14.7147799 -17.6452141
v -30.0760822 14.7752209 -17.6452141
v -30.8039188 14.7752209 -17.6452141
v -30.8039188 14.7147799 -17.6452141
v -30.8039188 14.7147799 -16.9027843
v -30.8039188 14.7752209 -16.9027843
v -30.0760822 14.7752209 -16.9027843
v -30.0760822 14.7147799 -16.9027843
v -30.8039188 14.7147799 -16.9027843
v -30.7840881 14.7147799 -16.9259033
v -30.7840881 14.7147799 -17.6220989
v -30.8039188 14.7147799 -17.6452141
v -30.8039188 14.7147799 -17.6452141
v -30.7840881 14.7147799 -17.6220989
v -30.0959148 14.7147799 -17.6220989
v -30.0760822 14.7147799 -17.6452141
v -30.0760822 14.7147799 -17.6452141
v -30.0959148 14.7147799 -17.6220989
v -30.0959148 14.7147799 -16.9259033
v -30.0760822 14.7147799 -16.9027843
v -30.0760822 14.7147799 -16.9027843
v -30.0959148 14.7147799 -16.9259033
v -30.7840881 14.7147799 -16.9259033
v -30.8039188 14.7147799 -16.9027843
v -30.7840881 14.7147799 -16.9259033
v -30.7840881 14.724268 -16.9259033
v -30.7840881 14.724268 -17.6220989
v -30.7840881 14.7147799 -17.6220989
v -30.7840881 14.7147799 -17.6220989
v -30.7840881 14.724268 -17.6220989
v -30.0959148 14.724268 -17.6220989
v -30.0959148 14.7147799 -17.6220989
v -30.0959148 14.7147799 -17.6220989
v -30.0959148 14.724268 -17.6220989
v -30.0959148 14.724268 -16.9259033
v -30.0959148 14.7147799 -16.9259033
v -30.0959148 14.7147799 -16.9259033
v -30.0959148 14.724268 -16.9259033
v -30.7840881 14.724268 -16.9259033
v -30.7840881 14.7147799 -16.9259033
v -30.7840881 14.724268 -16.9259033
v -30.0959148 14.724268 -16.9259033
v -30.0959148 14.724268 -17.6220989
v -30.7840881 14.724268 -17.6220989
v -26.3170815 14.7147799 -0.39878422
v -26.3170815 14.7752209 -0.39878422
v -26.3170815 14.7752209 -1.14121461
v -26.3170815 14.7147799 -1.14121461
v -27.0449181 14.7752209 -0.39878422
v -27.0449181 14.7147799 -0.39878422
v -27.0449181 14.7147799 -1.14121461
v -27.0449181 14.7752209 -1.14121461
v -26.3170815 14.7147799 -1.14121461
v -26.3170815 14.7752209 -1.14121461
v -27.0449181 14.7752209 -1.14121461
v -27.0449181 14.7147799 -1.14121461
v -27.0449181 14.7147799 -0.39878422
v -27.0449181 14.7752209 -0.39878422
v -26.3170815 14.7752209 -0.39878422
v -26.3170815 14.7147799 -0.39878422
v -27.0449181 14.7147799 -0.39878422
v -27.0250874 14.7147799 -0.421903372
v -27.0250874 14.7147799 -1.1180979
v -27.0449181 14.7147799 -1.14121461
v -27.0449181 14.7147799 -1.14121461
v -27.0250874 14.7147799 -1.1180979
v -26.3369141 14.7147799 -1.1180979
v -26.3170815 14.7147799 -1.14121461
v -26.3170815 14.7147799 -1.14121461
v -26.3369141 14.7147799 -1.1180979
v -26.3369141 14.7147799 -0.421903372
v -26.3170815 14.7147799 -0.39878422
v -26.3170815 14.7147799 -0.39878422
v -26.3369141 14.7147799 -0.421903372
v -27.0250874 14.7147799 -0.421903372
v -27.0449181 14.7147799 -0.39878422
v -27.0250874 14.7147799 -0.421903372
v -27.0250874 14.724268 -0.421903372
v -27.0250874 14.724268 -1.1180979
v -27.0250874 14.7147799 -1.1180979
v -27.0250874 14.7147799 -1.1180979
v -27.0250874 14.724268 -1.1180979
v -26.3369141 14.724268 -1.1180979
v -26.3369141 14.7147799 -1.1180979
v -26.3369141 14.7147799 -1.1180979
v -26.3369141 14.724268 -1.1180979
v -26.3369141 14.724268 -0.421903372
v -26.3369141 14.7147799 -0.421903372
v -26.3369141 14.7147799 -0.421903372
v -26.3369141 14.724268 -0.421903372
v -27.0250874 14.724268 -0.421903372
v -27.0250874 14.7147799 -0.421903372
v -27.0250874 14.724268 -0.421903372
v -26.3369141 14.724268 -0.421903372
v -26.3369141 14.724268 -1.1180979
v -27.0250874 14.724268 -1.1180979
v -16.573082 14.7147799 -23.6567841
v -16.573082 14.7752209 -23.6567841
v -16.573082 14.7752209 -24.3992138
v -16.573082 14.7147799 -24.3992138
v -17.3009186 14.7752209 -23.6567841
v -17.3009186 14.7147799 -23.6567841
v -17.3009186 14.7147799 -24.3992138
v -17.3009186 14.7752209 -24.3992138
v -16.573082 14.7147799 -24.3992138
v -16.573082 14.7752209 -24.3992138
v -17.3009186 14.7752209 -24.3992138
v -17.3009186 14.7147799 -24.3992138
v -17.3009186 14.7147799 -23.6567841
v -17.3009186 14.7752209 -23.6567841
v -16.573082 14.7752209 -23.6567841
v -16.573082 14.7147799 -23.6567841
v -17.3009186 14.7147799 -23.6567841
v -17.2810879 14.7147799 -23.679903
v -17.2810879 14.7147799 -24.3760986
v -17.3009186 14.7147799 -24.3992138
v -17.3009186 14.7147799 -24.3992138
v -17.2810879 14.7147799 -24.3760986
v -16.5929146 14.7147799 -24.3760986
v -16.573082 14.7147799 -24.3992138
v -16.573082 14.7147799 -24.3992138
v -16.5929146 14.7147799 -24.3760986
v -16.5929146 14.7147799 -23.679903
v -16.573082 14.7147799 -23.6567841
v -16.573082 14.7147799 -23.6567841
v -16.5929146 14.7147799 -23.679903
v -17.2810879 14.7147799 -23.679903
v -17.3009186 14.7147799 -23.6567841
v -17.2810879 14.7147799 -23.679903
v -17.2810879 14.724268 -23.679903
v -17.2810879 14.724268 -24.3760986
v -17.2810879 14.7147799 -24.3760986
v -17.2810879 14.7147799 -24.3760986
v -17.2810879 14.724268 -24.3760986
v -16.5929146 14.724268 -24.3760986
v -16.5929146 14.7147799 -24.3760986
v -16.5929146 14.7147799 -24.3760986
v -16.5929146 14.724268 -24.3760986
v -16.5929146 14.724268 -23.679903
v -16.5929146 14.7147799 -23.679903
v -16.5929146 14.7147799 -23.679903
v -16.5929146 14.724268 -23.679903
v -17.2810879 14.724268 -23.679903
v -17.2810879 14.7147799 -23.679903
v -17.2810879 14.724268 -23.679903
v -16.5929146 14.724268 -23.679903
v -16.5929146 14.724268 -24.3760986
v -17.2810879 14.724268 -24.3760986
v -11.0983152 7.49970484 -1.79722238
v -11.1154623 7.42799997 -1.74635589
v -11.1397142 7.42799997 -1.79722238
v -11.0861902 7.47870302 -1.74635589
v -11.0155182 7.49970484 -1.79722238
v -11.0861902 7.37729692 -1.74635589
v -11.0983152 7.35629511 -1.79722238
v -11.0276432 7.47870302 -1.74635589
v -10.9741192 7.42799997 -1.79722238
v -11.0569162 7.42799997 -1.7252866
v -11.0276432 7.37729692 -1.74635589
v -11.0155182 7.35629511 -1.79722238
v -10.9983702 7.42799997 -1.74635589
v -11.0861902 7.47870302 -1.84808958
v -11.0983152 7.49970484 -1.79722238
v -11.1397142 7.42799997 -1.79722238
v -11.0276432 7.47870302 -1.84808958
v -11.0155182 7.49970484 -1.79722238
v -11.1154623 7.42799997 -1.84808958
v -11.0983152 7.35629511 -1.79722238
v -10.9983702 7.42799997 -1.84808958
v -10.9741192 7.42799997 -1.79722238
v -11.0569162 7.42799997 -1.86915886
v -11.0861902 7.37729692 -1.84808958
v -11.0155182 7.35629511 -1.79722238
v -11.0276432 7.37729692 -1.84808958
v -13.135684 7.49970484 4.04922247
v -13.1185369 7.42799997 3.99835587
v -13.094285 7.42799997 4.04922247
v -13.147809 7.47870302 3.99835587
v -13.2184811 7.49970484 4.04922247
v -13.147809 7.37729692 3.99835587
v -13.135684 7.35629511 4.04922247
v -13.206356 7.47870302 3.99835587
v -13.2598801 7.42799997 4.04922247
v -13.177083 7.42799997 3.97728658
v -13.206356 7.37729692 3.99835587
v -13.2184811 7.35629511 4.04922247
v -13.2356291 7.42799997 3.99835587
v -13.147809 7.47870302 4.10008955
v -13.135684 7.49970484 4.04922247
v -13.094285 7.42799997 4.04922247
v -13.206356 7.47870302 4.10008955
v -13.2184811 7.49970484 4.04922247
v -13.1185369 7.42799997 4.10008955
v -13.135684 7.35629511 4.04922247
v -13.2356291 7.42799997 4.10008955
v -13.2598801 7.42799997 4.04922247
v -13.177083 7.42799997 4.12115908
v -13.147809 7.37729692 4.10008955
v -13.2184811 7.35629511 4.04922247
v -13.206356 7.37729692 4.10008955
v -22.8550816 14.7147799 -23.6567841
v -22.8550816 14.7752209 -23.6567841
v -22.8550816 14.7752209 -24.3992138
v -22.8550816 14.7147799 -24.3992138
v -23.5829182 14.7752209 -23.6567841
v -23.5829182 14.7147799 -23.6567841
v -23.5829182 14.7147799 -24.3992138
v -23.5829182 14.7752209 -24.3992138
v -22.8550816 14.7147799 -24.3992138
v -22.8550816 14.7752209 -24.3992138
v -23.5829182 14.7752209 -24.3992138
v -23.5829182 14.7147799 -24.3992138
v -23.5829182 14.7147799 -23.6567841
v -23.5829182 14.7752209 -23.6567841
v -22.8550816 14.7752209 -23.6567841
v -22.8550816 14.7147799 -23.6567841
v -23.5829182 14.7147799 -23.6567841
v -23.5630875 14.7147799 -23.679903
v -23.5630875 14.7147799 -24.3760986
v -23.5829182 14.7147799 -24.3992138
v -23.5829182 14.7147799 -24.3992138
v -23.5630875 14.7147799 -24.3760986
v -22.8749142 14.7147799 -24.3760986
v -22.8550816 14.7147799 -24.3992138
v -22.8550816 14.7147799 -24.3992138
v -22.8749142 14.7147799 -24.3760986
v -22.8749142 14.7147799 -23.679903
v -22.8550816 14.7147799 -23.6567841
v -22.8550816 14.7147799 -23.6567841
v -22.8749142 14.7147799 -23.679903
v -23.5630875 14.7147799 -23.679903
v -23.5829182 14.7147799 -23.6567841
v -23.5630875 14.7147799 -23.679903
v -23.5630875 14.724268 -23.679903
v -23.5630875 14.724268 -24.3760986
v -23.5630875 14.7147799 -24.3760986
v -23.5630875 14.7147799 -24.3760986
v -23.5630875 14.724268 -24.3760986
v -22.8749142 14.724268 -24.3760986
v -22.8749142 14.7147799 -24.3760986
v -22.8749142 14.7147799 -24.3760986
v -22.8749142 14.724268 -24.3760986
v -22.8749142 14.724268 -23.679903
v -22.8749142 14.7147799 -23.679903
v -22.8749142 14.7147799 -23.679903
v -22.8749142 14.724268 -23.679903
v -23.5630875 14.724268 -23.679903
v -23.5630875 14.7147799 -23.679903
v -23.5630875 14.724268 -23.679903
v -22.8749142 14.724268 -23.679903
v -22.8749142 14.724268 -24.3760986
v -23.5630875 14.724268 -24.3760986
v -46.1514931 0.952180386 -3.36023617
v -46.1514931 1.10537648 -3.36023617
v -46.2340317 1.10537648 -3.79446626
v -46.2340317 0.952180386 -3.79446626
v -45.9037247 0.952180386 -3.40733218
v -46.1514931 0.952180386 -3.36023617
v -46.2340317 0.952180386 -3.79446626
v -45.9862633 0.952180386 -3.84156227
v -45.9862633 0.952180386 -3.84156227
v -46.2340317 0.952180386 -3.79446626
v -46.2340317 1.10537648 -3.79446626
v -45.9862633 1.10537648 -3.84156227
v -45.9037247 1.10537648 -3.40733218
v -46.1514931 1.10537648 -3.36023617
v -46.1514931 0.952180386 -3.36023617
v -45.9037247 0.952180386 -3.40733218
v -46.1685905 0.942425966 -3.33098412
v -46.2606697 0.942425966 -3.81540489
v -46.2606697 1.10618341 -3.81540489
v -46.1685905 1.10618341 -3.33098412
v -45.8770866 0.942425966 -3.38639402
v -45.9691658 0.942425966 -3.8708148
v -46.2606697 0.942425966 -3.81540489
v -46.1685905 0.942425966 -3.33098412
v -45.9691658 0.942425966 -3.8708148
v -45.9691658 1.10618341 -3.8708148
v -46.2606697 1.10618341 -3.81540489
v -46.2606697 0.942425966 -3.81540489
v -45.8770866 1.10618341 -3.38639402
v -45.8770866 0.942425966 -3.38639402
v -46.1685905 0.942425966 -3.33098412
v -46.1685905 1.10618341 -3.33098412
v -45.9691658 1.10618341 -3.8708148
v -45.8770866 1.10618341 -3.38639402
v -45.9037247 1.10537648 -3.40733218
v -45.9862633 1.10537648 -3.84156227
v -45.9862633 0.952180386 -3.84156227
v -45.9862633 1.10537648 -3.84156227
v -45.9037247 1.10537648 -3.40733218
v -45.9037247 0.952180386 -3.40733218
v -45.8770866 0.942425966 -3.38639402
v -45.8770866 1.10618341 -3.38639402
v -45.9691658 1.10618341 -3.8708148
v -45.9691658 0.942425966 -3.8708148
v -45.9691658 1.10618341 -3.8708148
v -45.9862633 1.10537648 -3.84156227
v -46.2340317 1.10537648 -3.79446626
v -46.2606697 1.10618341 -3.81540489
v -46.2606697 1.10618341 -3.81540489
v -46.2340317 1.10537648 -3.79446626
v -46.1514931 1.10537648 -3.36023617
v -46.1685905 1.10618341 -3.33098412
v -46.1685905 1.10618341 -3.33098412
v -46.1514931 1.10537648 -3.36023617
v -45.9037247 1.10537648 -3.40733218
v -45.8770866 1.10618341 -3.38639402
v 2.20391822 16.3440685 -18.4331188
v 2.20391822 16.4036083 -18.443512
v 2.20391822 16.2759304 -19.1748829
v 2.20391822 16.2163906 -19.1644878
v 1.47608173 16.4036083 -18.443512
v 1.47608173 16.3440685 -18.4331188
v 1.47608173 16.2163906 -19.1644878
v 1.47608173 16.2759304 -19.1748829
v 2.20391822 16.2163906 -19.1644878
v 2.20391822 16.2759304 -19.1748829
v 1.47608173 16.2759304 -19.1748829
v 1.47608173 16.2163906 -19.1644878
v 1.47608173 16.3440685 -18.4331188
v 1.47608173 16.4036083 -18.443512
v 2.20391822 16.4036083 -18.443512
v 2.20391822 16.3440685 -18.4331188
v 1.47608173 16.3440685 -18.4331188
v 1.49591327 16.3400936 -18.4558926
v 1.49591327 16.2203655 -19.141716
v 1.47608173 16.2163906 -19.1644878
v 1.47608173 16.2163906 -19.1644878
v 1.49591327 16.2203655 -19.141716
v 2.18408656 16.2203655 -19.141716
v 2.20391822 16.2163906 -19.1644878
v 2.20391822 16.2163906 -19.1644878
v 2.18408656 16.2203655 -19.141716
v 2.18408656 16.3400936 -18.4558926
v 2.20391822 16.3440685 -18.4331188
v 2.20391822 16.3440685 -18.4331188
v 2.18408656 16.3400936 -18.4558926
v 1.49591327 16.3400936 -18.4558926
v 1.47608173 16.3440685 -18.4331188
v 1.49591327 16.3400936 -18.4558926
v 1.49591327 16.3494396 -18.4575253
v 1.49591327 16.2297134 -19.1433468
v 1.49591327 16.2203655 -19.141716
v 1.49591327 16.2203655 -19.141716
v 1.49591327 16.2297134 -19.1433468
v 2.18408656 16.2297134 -19.1433468
v 2.18408656 16.2203655 -19.141716
v 2.18408656 16.2203655 -19.141716
v 2.18408656 16.2297134 -19.1433468
v 2.18408656 16.3494396 -18.4575253
v 2.18408656 16.3400936 -18.4558926
v 2.18408656 16.3400936 -18.4558926
v 2.18408656 16.3494396 -18.4575253
v 1.49591327 16.3494396 -18.4575253
v 1.49591327 16.3400936 -18.4558926
v 1.49591327 16.3494396 -18.4575253
v 2.18408656 16.3494396 -18.4575253
v 2.18408656 16.2297134 -19.1433468
v 1.49591327 16.2297134 -19.1433468
v -28.5860825 14.7147799 -0.386784256
v -28.5860825 14.7752209 -0.386784256
v -28.5860825 14.7752209 -1.12921464
v -28.5860825 14.7147799 -1.12921464
v -29.3139191 14.7752209 -0.386784256
v -29.3139191 14.7147799 -0.386784256
v -29.3139191 14.7147799 -1.12921464
v -29.3139191 14.7752209 -1.12921464
v -28.5860825 14.7147799 -1.12921464
v -28.5860825 14.7752209 -1.12921464
v -29.3139191 14.7752209 -1.12921464
v -29.3139191 14.7147799 -1.12921464
v -29.3139191 14.7147799 -0.386784256
v -29.3139191 14.7752209 -0.386784256
v -28.5860825 14.7752209 -0.386784256
v -28.5860825 14.7147799 -0.386784256
v -29.3139191 14.7147799 -0.386784256
v -29.2940884 14.7147799 -0.409903407
v -29.2940884 14.7147799 -1.10609794
v -29.3139191 14.7147799 -1.12921464
v -29.3139191 14.7147799 -1.12921464
v -29.2940884 14.7147799 -1.10609794
v -28.6059151 14.7147799 -1.10609794
v -28.5860825 14.7147799 -1.12921464
v -28.5860825 14.7147799 -1.12921464
v -28.6059151 14.7147799 -1.10609794
v -28.6059151 14.7147799 -0.409903407
v -28.5860825 14.7147799 -0.386784256
v -28.5860825 14.7147799 -0.386784256
v -28.6059151 14.7147799 -0.409903407
v -29.2940884 14.7147799 -0.409903407
v -29.3139191 14.7147799 -0.386784256
v -29.2940884 14.7147799 -0.409903407
v -29.2940884 14.724268 -0.409903407
v -29.2940884 14.724268 -1.10609794
v -29.2940884 14.7147799 -1.10609794
v -29.2940884 14.7147799 -1.10609794
v -29.2940884 14.724268 -1.10609794
v -28.6059151 14.724268 -1.10609794
v -28.6059151 14.7147799 -1.10609794
v -28.6059151 14.7147799 -1.10609794
v -28.6059151 14.724268 -1.10609794
v -28.6059151 14.724268 -0.409903407
v -28.6059151 14.7147799 -0.409903407
v -28.6059151 14.7147799 -0.409903407
v -28.6059151 14.724268 -0.409903407
v -29.2940884 14.724268 -0.409903407
v -29.2940884 14.7147799 -0.409903407
v -29.2940884 14.724268 -0.409903407
v -28.6059151 14.724268 -0.409903407
v -28.6059151 14.724268 -1.10609794
v -29.2940884 14.724268 -1.10609794
v -30.4996166 7.70420742 1.76857567
v -30.4996166 7.70420742 1.74846673
v -30.5358849 7.70420742 1.74846673
v -30.5358849 7.70420742 1.76857567
v -30.5395451 7.73462582 1.76857567
v -30.5358849 7.70420742 1.76857567
v -30.5358849 7.70420742 1.74846673
v -30.5395451 7.73462582 1.74846673
v -30.4959545 7.73462582 1.74846673
v -30.4996166 7.70420742 1.74846673
v -30.4996166 7.70420742 1.76857567
v -30.4959545 7.73462582 1.76857567
v -30.5358849 7.70420742 1.74846673
v -30.4996166 7.70420742 1.74846673
v -30.4959545 7.73462582 1.74846673
v -30.5395451 7.73462582 1.74846673
v -30.5395451 7.73462582 1.76857567
v -30.4959545 7.73462582 1.76857567
v -30.4996166 7.70420742 1.76857567
v -30.5358849 7.70420742 1.76857567
v -30.4384804 7.70420742 1.76857567
v -30.4384804 7.70420742 1.74846673
v -30.4747505 7.70420742 1.74846673
v -30.4747505 7.70420742 1.76857567
v -30.4784107 7.73462582 1.76857567
v -30.4747505 7.70420742 1.76857567
v -30.4747505 7.70420742 1.74846673
v -30.4784107 7.73462582 1.74846673
v -30.4348202 7.73462582 1.74846673
v -30.4384804 7.70420742 1.74846673
v -30.4384804 7.70420742 1.76857567
v -30.4348202 7.73462582 1.76857567
v -30.4747505 7.70420742 1.74846673
v -30.4384804 7.70420742 1.74846673
v -30.4348202 7.73462582 1.74846673
v -30.4784107 7.73462582 1.74846673
v -30.4784107 7.73462582 1.76857567
v -30.4348202 7.73462582 1.76857567
v -30.4384804 7.70420742 1.76857567
v -30.4747505 7.70420742 1.76857567
v -30.4965649 7.74671078 2.65065598
v -30.4965649 8.01007938 2.6641705
v -30.4965649 7.74671078 2.6641705
v -30.4965649 8.01007938 2.65065598
v -30.4834366 7.74671078 2.65065598
v -30.4834366 8.01007938 2.65065598
v -30.4834366 7.74671078 2.6641705
v -30.4834366 8.01007938 2.6641705
v -30.4965649 7.74671078 2.6641705
v -30.4965649 8.01007938 2.6641705
v -30.4965649 8.01007938 2.65065598
v -30.5030861 8.01421165 2.67088437
v -30.4965649 8.01007938 2.6641705
v -30.5030861 8.01421165 2.64394236
v -30.5030861 8.02200031 2.67088437
v -30.4834366 8.01007938 2.65065598
v -30.5030861 8.02200031 2.64394236
v -30.4769135 8.01421165 2.64394236
v -30.4834366 8.01007938 2.6641705
v -30.4769135 8.02200031 2.64394236
v -30.4769135 8.01421165 2.67088437
v -30.4965649 8.01007938 2.6641705
v -30.4769135 8.02200031 2.67088437
v -30.5030861 8.01421165 2.67088437
v -30.5030861 8.02200031 2.67088437
v -30.4965649 7.74671078 1.91982913
v -30.4965649 8.01007938 1.93334353
v -30.4965649 7.74671078 1.93334353
v -30.4965649 8.01007938 1.91982913
v -30.4834366 7.74671078 1.91982913
v -30.4834366 8.01007938 1.91982913
v -30.4834366 7.74671078 1.93334353
v -30.4834366 8.01007938 1.93334353
v -30.4965649 7.74671078 1.93334353
v -30.4965649 8.01007938 1.93334353
v -30.4965649 8.01007938 1.91982913
v -30.5030861 8.01421165 1.94005728
v -30.4965649 8.01007938 1.93334353
v -30.5030861 8.01421165 1.91311526
v -30.5030861 8.02200031 1.94005728
v -30.4834366 8.01007938 1.91982913
v -30.5030861 8.02200031 1.91311526
v -30.4769154 8.01421165 1.91311526
v -30.4834366 8.01007938 1.93334353
v -30.4769154 8.02200031 1.91311526
v -30.4769154 8.01421165 1.94005728
v -30.4965649 8.01007938 1.93334353
v -30.4769154 8.02200031 1.94005728
v -30.5030861 8.01421165 1.94005728
v -30.5030861 8.02200031 1.94005728
v -30.3581924 7.69348574 2.84042835
v -30.3581924 7.71545315 2.84042835
v -30.3581924 7.71545315 1.73957169
v -30.3581924 7.69348574 1.73957169
v -30.6218071 7.71545315 2.84042835
v -30.6218071 7.69348574 2.84042835
v -30.6218071 7.69348574 1.73957169
v -30.6218071 7.71545315 1.73957169
v -30.6218071 7.69348574 2.84042835
v -30.5559044 7.73198795 1.73957169
v -30.6218071 7.69348574 1.73957169
v -30.5559044 7.73198795 2.84042835
v -30.4240952 7.73198795 2.84042835
v -30.4240952 7.73198795 1.73957169
v -30.3581924 7.69348574 1.73957169
v -30.3581924 7.69348574 2.84042835
v -30.5559044 7.75395584 1.73957169
v -30.6218071 7.71545315 1.73957169
v -30.6218071 7.69348574 1.73957169
v -30.5559044 7.73198795 1.73957169
v -30.4240952 7.73198795 1.73957169
v -30.4240952 7.75395584 1.73957169
v -30.3581924 7.69348574 1.73957169
v -30.3581924 7.71545315 1.73957169
v -30.5559044 7.75395584 2.84042835
v -30.6218071 7.71545315 2.84042835
v -30.6218071 7.71545315 1.73957169
v -30.5559044 7.75395584 1.73957169
v -30.4240952 7.75395584 2.84042835
v -30.4240952 7.75395584 1.73957169
v -30.3581924 7.71545315 2.84042835
v -30.3581924 7.71545315 1.73957169
v -30.6218071 7.69348574 2.84042835
v -30.6218071 7.71545315 2.84042835
v -30.5559044 7.75395584 2.84042835
v -30.5559044 7.73198795 2.84042835
v -30.4240952 7.73198795 2.84042835
v -30.4240952 7.75395584 2.84042835
v -30.3581924 7.69348574 2.84042835
v -30.3581924 7.71545315 2.84042835
v -30.4996166 7.70420742 2.82835627
v -30.4996166 7.70420742 2.80824757
v -30.5358849 7.70420742 2.80824757
v -30.5358849 7.70420742 2.82835627
v -30.5395451 7.73462582 2.82835627
v -30.5358849 7.70420742 2.82835627
v -30.5358849 7.70420742 2.80824757
v -30.5395451 7.73462582 2.80824757
v -30.4959545 7.73462582 2.80824757
v -30.4996166 7.70420742 2.80824757
v -30.4996166 7.70420742 2.82835627
v -30.4959545 7.73462582 2.82835627
v -30.5358849 7.70420742 2.80824757
v -30.4996166 7.70420742 2.80824757
v -30.4959545 7.73462582 2.80824757
v -30.5395451 7.73462582 2.80824757
v -30.5395451 7.73462582 2.82835627
v -30.4959545 7.73462582 2.82835627
v -30.4996166 7.70420742 2.82835627
v -30.5358849 7.70420742 2.82835627
v -30.4384804 7.70420742 2.82835627
v -30.4384804 7.70420742 2.80824757
v -30.4747486 7.70420742 2.80824757
v -30.4747486 7.70420742 2.82835627
v -30.4784107 7.73462582 2.82835627
v -30.4747486 7.70420742 2.82835627
v -30.4747486 7.70420742 2.80824757
v -30.4784107 7.73462582 2.80824757
v -30.4348202 7.73462582 2.80824757
v -30.4384804 7.70420742 2.80824757
v -30.4384804 7.70420742 2.82835627
v -30.4348202 7.73462582 2.82835627
v -30.4747486 7.70420742 2.80824757
v -30.4384804 7.70420742 2.80824757
v -30.4348202 7.73462582 2.80824757
v -30.4784107 7.73462582 2.80824757
v -30.4784107 7.73462582 2.82835627
v -30.4348202 7.73462582 2.82835627
v -30.4384804 7.70420742 2.82835627
v -30.4747486 7.70420742 2.82835627
v -27.8440819 14.7147799 -3.40878415
v -27.8440819 14.7752209 -3.40878415
v -27.8440819 14.7752209 -4.1512146
v -27.8440819 14.7147799 -4.1512146
v -28.5719185 14.7752209 -3.40878415
v -28.5719185 14.7147799 -3.40878415
v -28.5719185 14.7147799 -4.1512146
v -28.5719185 14.7752209 -4.1512146
v -27.8440819 14.7147799 -4.1512146
v -27.8440819 14.7752209 -4.1512146
v -28.5719185 14.7752209 -4.1512146
v -28.5719185 14.7147799 -4.1512146
v -28.5719185 14.7147799 -3.40878415
v -28.5719185 14.7752209 -3.40878415
v -27.8440819 14.7752209 -3.40878415
v -27.8440819 14.7147799 -3.40878415
v -28.5719185 14.7147799 -3.40878415
v -28.5520878 14.7147799 -3.43190336
v -28.5520878 14.7147799 -4.12809801
v -28.5719185 14.7147799 -4.1512146
v -28.5719185 14.7147799 -4.1512146
v -28.5520878 14.7147799 -4.12809801
v -27.8639145 14.7147799 -4.12809801
v -27.8440819 14.7147799 -4.1512146
v -27.8440819 14.7147799 -4.1512146
v -27.8639145 14.7147799 -4.12809801
v -27.8639145 14.7147799 -3.43190336
v -27.8440819 14.7147799 -3.40878415
v -27.8440819 14.7147799 -3.40878415
v -27.8639145 14.7147799 -3.43190336
v -28.5520878 14.7147799 -3.43190336
v -28.5719185 14.7147799 -3.40878415
v -28.5520878 14.7147799 -3.43190336
v -28.5520878 14.724268 -3.43190336
v -28.5520878 14.724268 -4.12809801
v -28.5520878 14.7147799 -4.12809801
v -28.5520878 14.7147799 -4.12809801
v -28.5520878 14.724268 -4.12809801
v -27.8639145 14.724268 -4.12809801
v -27.8639145 14.7147799 -4.12809801
v -27.8639145 14.7147799 -4.12809801
v -27.8639145 14.724268 -4.12809801
v -27.8639145 14.724268 -3.43190336
v -27.8639145 14.7147799 -3.43190336
v -27.8639145 14.7147799 -3.43190336
v -27.8639145 14.724268 -3.43190336
v -28.5520878 14.724268 -3.43190336
v -28.5520878 14.7147799 -3.43190336
v -28.5520878 14.724268 -3.43190336
v -27.8639145 14.724268 -3.43190336
v -27.8639145 14.724268 -4.12809801
v -28.5520878 14.724268 -4.12809801
v -27.0680809 14.7147799 -23.6567841
v -27.0680809 14.7752209 -23.6567841
v -27.0680809 14.7752209 -24.3992138
v -27.0680809 14.7147799 -24.3992138
v -27.7959175 14.7752209 -23.6567841
v -27.7959175 14.7147799 -23.6567841
v -27.7959175 14.7147799 -24.3992138
v -27.7959175 14.7752209 -24.3992138
v -27.0680809 14.7147799 -24.3992138
v -27.0680809 14.7752209 -24.3992138
v -27.7959175 14.7752209 -24.3992138
v -27.7959175 14.7147799 -24.3992138
v -27.7959175 14.7147799 -23.6567841
v -27.7959175 14.7752209 -23.6567841
v -27.0680809 14.7752209 -23.6567841
v -27.0680809 14.7147799 -23.6567841
v -27.7959175 14.7147799 -23.6567841
v -27.7760868 14.7147799 -23.679903
v -27.7760868 14.7147799 -24.3760986
v -27.7959175 14.7147799 -24.3992138
v -27.7959175 14.7147799 -24.3992138
v -27.7760868 14.7147799 -24.3760986
v -27.0879135 14.7147799 -24.3760986
v -27.0680809 14.7147799 -24.3992138
v -27.0680809 14.7147799 -24.3992138
v -27.0879135 14.7147799 -24.3760986
v -27.0879135 14.7147799 -23.679903
v -27.0680809 14.7147799 -23.6567841
v -27.0680809 14.7147799 -23.6567841
v -27.0879135 14.7147799 -23.679903
v -27.7760868 14.7147799 -23.679903
v -27.7959175 14.7147799 -23.6567841
v -27.7760868 14.7147799 -23.679903
v -27.7760868 14.724268 -23.679903
v -27.7760868 14.724268 -24.3760986
v -27.7760868 14.7147799 -24.3760986
v -27.7760868 14.7147799 -24.3760986
v -27.7760868 14.724268 -24.3760986
v -27.0879135 14.724268 -24.3760986
v -27.0879135 14.7147799 -24.3760986
v -27.0879135 14.7147799 -24.3760986
v -27.0879135 14.724268 -24.3760986
v -27.0879135 14.724268 -23.679903
v -27.0879135 14.7147799 -23.679903
v -27.0879135 14.7147799 -23.679903
v -27.0879135 14.724268 -23.679903
v -27.7760868 14.724268 -23.679903
v -27.7760868 14.7147799 -23.679903
v -27.7760868 14.724268 -23.679903
v -27.0879135 14.724268 -23.679903
v -27.0879135 14.724268 -24.3760986
v -27.7760868 14.724268 -24.3760986
v -30.4996166 7.70420742 -7.59142399
v -30.4996166 7.70420742 -7.61153316
v -30.5358849 7.70420742 -7.61153316
v -30.5358849 7.70420742 -7.59142399
v -30.5395451 7.73462582 -7.59142399
v -30.5358849 7.70420742 -7.59142399
v -30.5358849 7.70420742 -7.61153316
v -30.5395451 7.73462582 -7.61153316
v -30.4959545 7.73462582 -7.61153316
v -30.4996166 7.70420742 -7.61153316
v -30.4996166 7.70420742 -7.59142399
v -30.4959545 7.73462582 -7.59142399
v -30.5358849 7.70420742 -7.61153316
v -30.4996166 7.70420742 -7.61153316
v -30.4959545 7.73462582 -7.61153316
v -30.5395451 7.73462582 -7.61153316
v -30.5395451 7.73462582 -7.59142399
v -30.4959545 7.73462582 -7.59142399
v -30.4996166 7.70420742 -7.59142399
v -30.5358849 7.70420742 -7.59142399
v -30.4384804 7.70420742 -7.59142399
v -30.4384804 7.70420742 -7.61153316
v -30.4747505 7.70420742 -7.61153316
v -30.4747505 7.70420742 -7.59142399
v -30.4784107 7.73462582 -7.59142399
v -30.4747505 7.70420742 -7.59142399
v -30.4747505 7.70420742 -7.61153316
v -30.4784107 7.73462582 -7.61153316
v -30.4348202 7.73462582 -7.61153316
v -30.4384804 7.70420742 -7.61153316
v -30.4384804 7.70420742 -7.59142399
v -30.4348202 7.73462582 -7.59142399
v -30.4747505 7.70420742 -7.61153316
v -30.4384804 7.70420742 -7.61153316
v -30.4348202 7.73462582 -7.61153316
v -30.4784107 7.73462582 -7.61153316
v -30.4784107 7.73462582 -7.59142399
v -30.4348202 7.73462582 -7.59142399
v -30.4384804 7.70420742 -7.59142399
v -30.4747505 7.70420742 -7.59142399
v -30.4965649 7.74671078 -6.70934343
v -30.4965649 8.01007938 -6.69582891
v -30.4965649 7.74671078 -6.69582891
v -30.4965649 8.01007938 -6.70934343
v -30.4834366 7.74671078 -6.70934343
v -30.4834366 8.01007938 -6.70934343
v -30.4834366 7.74671078 -6.69582891
v -30.4834366 8.01007938 -6.69582891
v -30.4965649 7.74671078 -6.69582891
v -30.4965649 8.01007938 -6.69582891
v -30.4965649 8.01007938 -6.70934343
v -30.5030861 8.01421165 -6.68911505
v -30.4965649 8.01007938 -6.69582891
v -30.5030861 8.01421165 -6.7160573
v -30.5030861 8.02200031 -6.68911505
v -30.4834366 8.01007938 -6.70934343
v -30.5030861 8.02200031 -6.7160573
v -30.4769135 8.01421165 -6.7160573
v -30.4834366 8.01007938 -6.69582891
v -30.4769135 8.02200031 -6.7160573
v -30.4769135 8.01421165 -6.68911505
v -30.4965649 8.01007938 -6.69582891
v -30.4769135 8.02200031 -6.68911505
v -30.5030861 8.01421165 -6.68911505
v -30.5030861 8.02200031 -6.68911505
v -30.4965649 7.74671078 -7.44017029
v -30.4965649 8.01007938 -7.42665625
v -30.4965649 7.74671078 -7.42665625
v -30.4965649 8.01007938 -7.44017029
v -30.4834366 7.74671078 -7.44017029
v -30.4834366 8.01007938 -7.44017029
v -30.4834366 7.74671078 -7.42665625
v -30.4834366 8.01007938 -7.42665625
v -30.4965649 7.74671078 -7.42665625
v -30.4965649 8.01007938 -7.42665625
v -30.4965649 8.01007938 -7.44017029
v -30.5030861 8.01421165 -7.41994238
v -30.4965649 8.01007938 -7.42665625
v -30.5030861 8.01421165 -7.44688416
v -30.5030861 8.02200031 -7.41994238
v -30.4834366 8.01007938 -7.44017029
v -30.5030861 8.02200031 -7.44688416
v -30.4769154 8.01421165 -7.44688416
v -30.4834366 8.01007938 -7.42665625
v -30.4769154 8.02200031 -7.44688416
v -30.4769154 8.01421165 -7.41994238
v -30.4965649 8.01007938 -7.42665625
v -30.4769154 8.02200031 -7.41994238
v -30.5030861 8.01421165 -7.41994238
v -30.5030861 8.02200031 -7.41994238
v -30.3581924 7.69348574 -6.5195713
v -30.3581924 7.71545315 -6.5195713
v -30.3581924 7.71545315 -7.62042809
v -30.3581924 7.69348574 -7.62042809
v -30.6218071 7.71545315 -6.5195713
v -30.6218071 7.69348574 -6.5195713
v -30.6218071 7.69348574 -7.62042809
v -30.6218071 7.71545315 -7.62042809
v -30.6218071 7.69348574 -6.5195713
v -30.5559044 7.73198795 -7.62042809
v -30.6218071 7.69348574 -7.62042809
v -30.5559044 7.73198795 -6.5195713
v -30.4240952 7.73198795 -6.5195713
v -30.4240952 7.73198795 -7.62042809
v -30.3581924 7.69348574 -7.62042809
v -30.3581924 7.69348574 -6.5195713
v -30.5559044 7.75395584 -7.62042809
v -30.6218071 7.71545315 -7.62042809
v -30.6218071 7.69348574 -7.62042809
v -30.5559044 7.73198795 -7.62042809
v -30.4240952 7.73198795 -7.62042809
v -30.4240952 7.75395584 -7.62042809
v -30.3581924 7.69348574 -7.62042809
v -30.3581924 7.71545315 -7.62042809
v -30.5559044 7.75395584 -6.5195713
v -30.6218071 7.71545315 -6.5195713
v -30.6218071 7.71545315 -7.62042809
v -30.5559044 7.75395584 -7.62042809
v -30.4240952 7.75395584 -6.5195713
v -30.4240952 7.75395584 -7.62042809
v -30.3581924 7.71545315 -6.5195713
v -30.3581924 7.71545315 -7.62042809
v -30.6218071 7.69348574 -6.5195713
v -30.6218071 7.71545315 -6.5195713
v -30.5559044 7.75395584 -6.5195713
v -30.5559044 7.73198795 -6.5195713
v -30.4240952 7.73198795 -6.5195713
v -30.4240952 7.75395584 -6.5195713
v -30.3581924 7.69348574 -6.5195713
v -30.3581924 7.71545315 -6.5195713
v -30.4996166 7.70420742 -6.53164339
v -30.4996166 7.70420742 -6.55175209
v -30.5358849 7.70420742 -6.55175209
v -30.5358849 7.70420742 -6.53164339
v -30.5395451 7.73462582 -6.53164339
v -30.5358849 7.70420742 -6.53164339
v -30.5358849 7.70420742 -6.55175209
v -30.5395451 7.73462582 -6.55175209
v -30.4959545 7.73462582 -6.55175209
v -30.4996166 7.70420742 -6.55175209
v -30.4996166 7.70420742 -6.53164339
v -30.4959545 7.73462582 -6.53164339
v -30.5358849 7.70420742 -6.55175209
v -30.4996166 7.70420742 -6.55175209
v -30.4959545 7.73462582 -6.55175209
v -30.5395451 7.73462582 -6.55175209
v -30.5395451 7.73462582 -6.53164339
v -30.4959545 7.73462582 -6.53164339
v -30.4996166 7.70420742 -6.53164339
v -30.5358849 7.70420742 -6.53164339
v -30.4384804 7.70420742 -6.53164339
v -30.4384804 7.70420742 -6.55175209
v -30.4747486 7.70420742 -6.55175209
v -30.4747486 7.70420742 -6.53164339
v -30.4784107 7.73462582 -6.53164339
v -30.4747486 7.70420742 -6.53164339
v -30.4747486 7.70420742 -6.55175209
v -30.4784107 7.73462582 -6.55175209
v -30.4348202 7.73462582 -6.55175209
v -30.4384804 7.70420742 -6.55175209
v -30.4384804 7.70420742 -6.53164339
v -30.4348202 7.73462582 -6.53164339
v -30.4747486 7.70420742 -6.55175209
v -30.4384804 7.70420742 -6.55175209
v -30.4348202 7.73462582 -6.55175209
v -30.4784107 7.73462582 -6.55175209
v -30.4784107 7.73462582 -6.53164339
v -30.4348202 7.73462582 -6.53164339
v -30.4384804 7.70420742 -6.53164339
v -30.4747486 7.70420742 -6.53164339
v 21.4065628 -1.04086089 28.0096302
v 21.391283 -0.901587188 28.0631046
v 21.3514824 -1.0393573 28.0191784
v 21.457428 -1.0210017 28.0011177
v 21.391283 -0.901587188 28.0631046
v 21.4065628 -1.04086089 28.0096302
v 21.4970016 -0.982944131 27.9948196
v 21.391283 -0.901587188 28.0631046
v 21.457428 -1.0210017 28.0011177
v 21.5192757 -0.932464957 27.9916935
v 21.391283 -0.901587188 28.0631046
v 21.4970016 -0.982944131 27.9948196
v 21.5208721 -0.877226293 27.9922104
v 21.391283 -0.901587188 28.0631046
v 21.5192757 -0.932464957 27.9916935
v 21.5015469 -0.825612843 27.9962959
v 21.391283 -0.901587188 28.0631046
v 21.5208721 -0.877226293 27.9922104
v 21.4642334 -0.785458863 28.0033264
v 21.391283 -0.901587188 28.0631046
v 21.5015469 -0.825612843 27.9962959
v 21.4145947 -0.762859344 28.0122375
v 21.391283 -0.901587188 28.0631046
v 21.4642334 -0.785458863 28.0033264
v 21.3092098 -0.780859828 28.0302067
v 21.391283 -0.901587188 28.0631046
v 21.3601646 -0.761244535 28.0216751
v 21.3601646 -0.761244535 28.0216751
v 21.391283 -0.901587188 28.0631046
v 21.4145947 -0.762859344 28.0122375
v 21.2694588 -0.818727434 28.0365372
v 21.391283 -0.901587188 28.0631046
v 21.3092098 -0.780859828 28.0302067
v 21.2469482 -0.869099677 28.0397072
v 21.391283 -0.901587188 28.0631046
v 21.2694588 -0.818727434 28.0365372
v 21.2450943 -0.924330831 28.0392342
v 21.391283 -0.901587188 28.0631046
v 21.2469482 -0.869099677 28.0397072
v 21.2641811 -0.976037025 28.0351887
v 21.391283 -0.901587188 28.0631046
v 21.2450943 -0.924330831 28.0392342
v 21.3013058 -1.01636994 28.0281887
v 21.391283 -0.901587188 28.0631046
v 21.2641811 -0.976037025 28.0351887
v 21.3514824 -1.0393573 28.0191784
v 21.391283 -0.901587188 28.0631046
v 21.3013058 -1.01636994 28.0281887
v 21.4100571 -1.04115152 28.0298405
v 21.4065628 -1.04086089 28.0096302
v 21.3514824 -1.0393573 28.0191784
v 21.3549786 -1.03964794 28.0393887
v 21.3013058 -1.01636994 28.0281887
v 21.357893 -1.03192258 28.0451221
v 21.4098492 -1.03330028 28.0361156
v 21.3918457 -0.90166223 28.0663929
v 21.3048019 -1.01666057 28.0483971
v 21.2641811 -0.976037025 28.0351887
v 21.3105488 -1.01027703 28.0536213
v 21.2754993 -0.972260475 28.0602303
v 21.2574615 -0.923502982 28.0640526
v 21.2676754 -0.976327598 28.0553989
v 21.2450943 -0.924330831 28.0392342
v 21.2485905 -0.924621403 28.0594425
v 21.5243683 -0.877516806 28.0124207
v 21.5208721 -0.877226293 27.9922104
v 21.5192757 -0.932464957 27.9916935
v 21.5227718 -0.93275553 28.0119019
v 21.4970016 -0.982944131 27.9948196
v 21.5160885 -0.930973351 28.0192108
v 21.5175552 -0.878868699 28.0197067
v 21.3918457 -0.90166223 28.0663929
v 21.5004959 -0.983234704 28.0150299
v 21.457428 -1.0210017 28.0011177
v 21.4951134 -0.978603959 28.0221539
v 21.4578133 -1.01453066 28.0280895
v 21.4098492 -1.03330028 28.0361156
v 21.4609222 -1.02129233 28.021328
v 21.4065628 -1.04086089 28.0096302
v 21.4100571 -1.04115152 28.0298405
v 21.3636608 -0.761535048 28.0418854
v 21.3601646 -0.761244535 28.0216751
v 21.4145947 -0.762859344 28.0122375
v 21.4180889 -0.763149917 28.0324478
v 21.4642334 -0.785458863 28.0033264
v 21.4172249 -0.771071017 28.0386105
v 21.3658848 -0.769588053 28.0475121
v 21.3918457 -0.90166223 28.0663929
v 21.4677277 -0.785749435 28.0235367
v 21.5015469 -0.825612843 27.9962959
v 21.4640636 -0.792351246 28.0302029
v 21.4992886 -0.830198884 28.0235653
v 21.5175552 -0.878868699 28.0197067
v 21.505043 -0.825903416 28.0165062
v 21.5208721 -0.877226293 27.9922104
v 21.5243683 -0.877516806 28.0124207
v 21.2485905 -0.924621403 28.0594425
v 21.2450943 -0.924330831 28.0392342
v 21.2469482 -0.869099677 28.0397072
v 21.2504444 -0.869390249 28.0599174
v 21.2694588 -0.818727434 28.0365372
v 21.2591705 -0.871405542 28.0645046
v 21.2574615 -0.923502982 28.0640526
v 21.3918457 -0.90166223 28.0663929
v 21.272953 -0.819018006 28.0567474
v 21.3092098 -0.780859828 28.0302067
v 21.2803669 -0.823875308 28.0615215
v 21.3178329 -0.788127422 28.0555553
v 21.3658848 -0.769588053 28.0475121
v 21.3127041 -0.781150401 28.0504169
v 21.3601646 -0.761244535 28.0216751
v 21.3636608 -0.761535048 28.0418854
v -1.61608207 15.3400688 -24.3231182
v -1.61608207 15.3996096 -24.3335114
v -1.61608207 15.2719316 -25.0648823
v -1.61608207 15.2123909 -25.0544872
v -2.34391832 15.3996096 -24.3335114
v -2.34391832 15.3400688 -24.3231182
v -2.34391832 15.2123909 -25.0544872
v -2.34391832 15.2719316 -25.0648823
v -1.61608207 15.2123909 -25.0544872
v -1.61608207 15.2719316 -25.0648823
v -2.34391832 15.2719316 -25.0648823
v -2.34391832 15.2123909 -25.0544872
v -2.34391832 15.3400688 -24.3231182
v -2.34391832 15.3996096 -24.3335114
v -1.61608207 15.3996096 -24.3335114
v -1.61608207 15.3400688 -24.3231182
v -2.34391832 15.3400688 -24.3231182
v -2.3240869 15.3360929 -24.345892
v -2.3240869 15.2163668 -25.0317154
v -2.34391832 15.2123909 -25.0544872
v -2.34391832 15.2123909 -25.0544872
v -2.3240869 15.2163668 -25.0317154
v -1.63591361 15.2163668 -25.0317154
v -1.61608207 15.2123909 -25.0544872
v -1.61608207 15.2123909 -25.0544872
v -1.63591361 15.2163668 -25.0317154
v -1.63591361 15.3360929 -24.345892
v -1.61608207 15.3400688 -24.3231182
v -1.61608207 15.3400688 -24.3231182
v -1.63591361 15.3360929 -24.345892
v -2.3240869 15.3360929 -24.345892
v -2.34391832 15.3400688 -24.3231182
v -2.3240869 15.3360929 -24.345892
v -2.3240869 15.3454399 -24.3475246
v -2.3240869 15.2257128 -25.0333462
v -2.3240869 15.2163668 -25.0317154
v -2.3240869 15.2163668 -25.0317154
v -2.3240869 15.2257128 -25.0333462
v -1.63591361 15.2257128 -25.0333462
v -1.63591361 15.2163668 -25.0317154
v -1.63591361 15.2163668 -25.0317154
v -1.63591361 15.2257128 -25.0333462
v -1.63591361 15.3454399 -24.3475246
v -1.63591361 15.3360929 -24.345892
v -1.63591361 15.3360929 -24.345892
v -1.63591361 15.3454399 -24.3475246
v -2.3240869 15.3454399 -24.3475246
v -2.3240869 15.3360929 -24.345892
v -2.3240869 15.3454399 -24.3475246
v -1.63591361 15.3454399 -24.3475246
v -1.63591361 15.2257128 -25.0333462
v -2.3240869 15.2257128 -25.0333462
v -21.4656849 7.49970484 4.04922247
v -21.4485359 7.42799997 3.99835587
v -21.4242859 7.42799997 4.04922247
v -21.4778099 7.47870302 3.99835587
v -21.548481 7.49970484 4.04922247
v -21.4778099 7.37729692 3.99835587
v -21.4656849 7.35629511 4.04922247
v -21.536356 7.47870302 3.99835587
v -21.58988 7.42799997 4.04922247
v -21.507082 7.42799997 3.97728658
v -21.536356 7.37729692 3.99835587
v -21.548481 7.35629511 4.04922247
v -21.56563 7.42799997 3.99835587
v -21.4778099 7.47870302 4.10008955
v -21.4656849 7.49970484 4.04922247
v -21.4242859 7.42799997 4.04922247
v -21.536356 7.47870302 4.10008955
v -21.548481 7.49970484 4.04922247
v -21.4485359 7.42799997 4.10008955
v -21.4656849 7.35629511 4.04922247
v -21.56563 7.42799997 4.10008955
v -21.58988 7.42799997 4.04922247
v -21.507082 7.42799997 4.12115908
v -21.4778099 7.37729692 4.10008955
v -21.548481 7.35629511 4.04922247
v -21.536356 7.37729692 4.10008955
v -5.33208227 16.7170696 -16.2191181
v -5.33208227 16.7766094 -16.2295113
v -5.33208227 16.6489315 -16.9608822
v -5.33208227 16.5893917 -16.9504871
v -6.0599184 16.7766094 -16.2295113
v -6.0599184 16.7170696 -16.2191181
v -6.0599184 16.5893917 -16.9504871
v -6.0599184 16.6489315 -16.9608822
v -5.33208227 16.5893917 -16.9504871
v -5.33208227 16.6489315 -16.9608822
v -6.0599184 16.6489315 -16.9608822
v -6.0599184 16.5893917 -16.9504871
v -6.0599184 16.7170696 -16.2191181
v -6.0599184 16.7766094 -16.2295113
v -5.33208227 16.7766094 -16.2295113
v -5.33208227 16.7170696 -16.2191181
v -6.0599184 16.7170696 -16.2191181
v -6.04008675 16.7130947 -16.2418919
v -6.04008675 16.5933666 -16.9277153
v -6.0599184 16.5893917 -16.9504871
v -6.0599184 16.5893917 -16.9504871
v -6.04008675 16.5933666 -16.9277153
v -5.35191345 16.5933666 -16.9277153
v -5.33208227 16.5893917 -16.9504871
v -5.33208227 16.5893917 -16.9504871
v -5.35191345 16.5933666 -16.9277153
v -5.35191345 16.7130947 -16.2418919
v -5.33208227 16.7170696 -16.2191181
v -5.33208227 16.7170696 -16.2191181
v -5.35191345 16.7130947 -16.2418919
v -6.04008675 16.7130947 -16.2418919
v -6.0599184 16.7170696 -16.2191181
v -6.04008675 16.7130947 -16.2418919
v -6.04008675 16.7224407 -16.2435246
v -6.04008675 16.6027145 -16.9293461
v -6.04008675 16.5933666 -16.9277153
v -6.04008675 16.5933666 -16.9277153
v -6.04008675 16.6027145 -16.9293461
v -5.35191345 16.6027145 -16.9293461
v -5.35191345 16.5933666 -16.9277153
v -5.35191345 16.5933666 -16.9277153
v -5.35191345 16.6027145 -16.9293461
v -5.35191345 16.7224407 -16.2435246
v -5.35191345 16.7130947 -16.2418919
v -5.35191345 16.7130947 -16.2418919
v -5.35191345 16.7224407 -16.2435246
v -6.04008675 16.7224407 -16.2435246
v -6.04008675 16.7130947 -16.2418919
v -6.04008675 16.7224407 -16.2435246
v -5.35191345 16.7224407 -16.2435246
v -5.35191345 16.6027145 -16.9293461
v -6.04008675 16.6027145 -16.9293461
v -37.9236908 1.06188536 -6.45180321
v -37.9433594 1.07268465 -6.45769548
v -37.6458778 1.07268465 -6.11225986
v -37.6487885 1.06188536 -6.13258505
v -37.7280045 1.07226562 -6.62032366
v -37.9236908 1.06188536 -6.45180321
v -37.6487885 1.06188536 -6.13258505
v -37.4531021 1.07226562 -6.3011055
v -37.4531021 1.07226562 -6.3011055
v -37.6487885 1.06188536 -6.13258505
v -37.6458778 1.07268465 -6.11225986
v -37.4341164 1.08391762 -6.29462337
v -37.7315979 1.08391762 -6.64005899
v -37.9433594 1.07268465 -6.45769548
v -37.9236908 1.06188536 -6.45180321
v -37.7280045 1.07226562 -6.62032366
v -37.4143372 1.11740422 -6.28709888
v -37.447834 1.11570382 -6.29196167
v -37.7362671 1.11570382 -6.62688875
v -37.7361069 1.11740434 -6.66073847
v -37.7280045 1.07226562 -6.62032366
v -37.4531021 1.07226562 -6.3011055
v -37.4341164 1.08391762 -6.29462337
v -37.7315979 1.08391762 -6.64005899
v -37.4143372 1.11740422 -6.28709888
v -37.643383 1.10525429 -6.08984852
v -37.6431732 1.10534203 -6.12374067
v -37.447834 1.11570382 -6.29196167
v -37.643383 1.10525429 -6.08984852
v -37.9651527 1.10525429 -6.4634881
v -37.9316063 1.10534203 -6.45866776
v -37.6431732 1.10534203 -6.12374067
v -37.9651527 1.10525429 -6.4634881
v -37.7361069 1.11740434 -6.66073847
v -37.7362671 1.11570382 -6.62688875
v -37.9316063 1.10534203 -6.45866776
v -37.760273 1.06954765 -6.43554735
v -37.7641754 1.05180407 -6.43970871
v -37.7826233 1.05150568 -6.46115112
v -37.7824593 1.0698657 -6.46129131
v -37.7824593 1.0698657 -6.46129131
v -37.7826233 1.05150568 -6.46115112
v -37.7545891 1.05213833 -6.48529291
v -37.754425 1.07049835 -6.48543358
v -37.754425 1.07049835 -6.48543358
v -37.7545891 1.05213833 -6.48529291
v -37.7362595 1.05245638 -6.46398926
v -37.7323608 1.07019997 -6.4598279
v -37.5920105 1.07049835 -6.29683638
v -37.5921745 1.05213833 -6.29669619
v -37.6202087 1.05150568 -6.27255392
v -37.6200447 1.0698657 -6.27269459
v -37.7641754 1.05180407 -6.43970871
v -37.7362595 1.05245638 -6.46398926
v -37.7545891 1.05213833 -6.48529291
v -37.7826233 1.05150568 -6.46115112
v -37.7323608 1.07019997 -6.4598279
v -37.7362595 1.05245638 -6.46398926
v -37.7118683 1.00213671 -6.4372797
v -37.711956 1.02876997 -6.43720293
v -37.711956 1.02876997 -6.43720293
v -37.7399902 1.02813733 -6.41306067
v -37.760273 1.06954765 -6.43554735
v -37.7323608 1.07019997 -6.4598279
v -37.7399902 1.02813733 -6.41306067
v -37.7398987 1.00150406 -6.41313744
v -37.7641754 1.05180407 -6.43970871
v -37.760273 1.06954765 -6.43554735
v -37.7398987 1.00150406 -6.41313744
v -37.7118683 1.00213671 -6.4372797
v -37.7362595 1.05245638 -6.46398926
v -37.7641754 1.05180407 -6.43970871
v -37.6205177 1.0695852 -6.3299942
v -37.6143112 1.05311191 -6.32234287
v -37.5921745 1.05213833 -6.29669619
v -37.5920105 1.07049835 -6.29683638
v -37.6200447 1.0698657 -6.27269459
v -37.6202087 1.05150568 -6.27255392
v -37.6425514 1.05241883 -6.29844189
v -37.6487579 1.068892 -6.30609274
v -37.6202087 1.05150568 -6.27255392
v -37.5921745 1.05213833 -6.29669619
v -37.6143112 1.05311191 -6.32234287
v -37.6425514 1.05241883 -6.29844189
v -37.711956 1.02876997 -6.43720293
v -37.7118683 1.00213671 -6.4372797
v -37.6379204 1.00213671 -6.35141277
v -37.6380081 1.02876997 -6.35133648
v -37.6380081 1.02876997 -6.35133648
v -37.6660423 1.02813733 -6.32719421
v -37.7399902 1.02813733 -6.41306067
v -37.711956 1.02876997 -6.43720293
v -37.6660423 1.02813733 -6.32719421
v -37.6659546 1.00150406 -6.32727098
v -37.7398987 1.00150406 -6.41313744
v -37.7399902 1.02813733 -6.41306067
v -37.6659546 1.00150406 -6.32727098
v -37.6379204 1.00213671 -6.35141277
v -37.7118683 1.00213671 -6.4372797
v -37.7398987 1.00150406 -6.41313744
v -37.6380081 1.02876997 -6.35133648
v -37.6379204 1.00213671 -6.35141277
v -37.6143112 1.05311191 -6.32234287
v -37.6205177 1.0695852 -6.3299942
v -37.6205177 1.0695852 -6.3299942
v -37.6487579 1.068892 -6.30609274
v -37.6660423 1.02813733 -6.32719421
v -37.6380081 1.02876997 -6.35133648
v -37.6487579 1.068892 -6.30609274
v -37.6425514 1.05241883 -6.29844189
v -37.6659546 1.00150406 -6.32727098
v -37.6660423 1.02813733 -6.32719421
v -37.6425514 1.05241883 -6.29844189
v -37.6143112 1.05311191 -6.32234287
v -37.6379204 1.00213671 -6.35141277
v -37.6659546 1.00150406 -6.32727098
v -37.7361069 1.11740434 -6.66073847
v -37.9651527 1.10525429 -6.4634881
v -37.9433594 1.07268465 -6.45769548
v -37.7315979 1.08391762 -6.64005899
v -37.6458778 1.07268465 -6.11225986
v -37.9433594 1.07268465 -6.45769548
v -37.9651527 1.10525429 -6.4634881
v -37.643383 1.10525429 -6.08984852
v -37.4341164 1.08391762 -6.29462337
v -37.6458778 1.07268465 -6.11225986
v -37.643383 1.10525429 -6.08984852
v -37.4143372 1.11740422 -6.28709888
v -37.7315979 1.08391762 -6.64005899
v -37.4341164 1.08391762 -6.29462337
v -37.4143372 1.11740422 -6.28709888
v -37.7361069 1.11740434 -6.66073847
v -37.6431732 1.10534203 -6.12374067
v -37.9316063 1.10534203 -6.45866776
v -37.9099426 1.08021808 -6.45214128
v -37.6464157 1.08021808 -6.14613199
v -37.447834 1.11570382 -6.29196167
v -37.6431732 1.10534203 -6.12374067
v -37.6464157 1.08021808 -6.14613199
v -37.4679413 1.08968532 -6.29982901
v -37.9316063 1.10534203 -6.45866776
v -37.7362671 1.11570382 -6.62688875
v -37.7314682 1.08968532 -6.6058383
v -37.9099426 1.08021808 -6.45214128
v -37.7362671 1.11570382 -6.62688875
v -37.447834 1.11570382 -6.29196167
v -37.4679413 1.08968532 -6.29982901
v -37.7314682 1.08968532 -6.6058383
v -37.9099426 1.08021808 -6.45214128
v -37.7314682 1.08968532 -6.6058383
v -37.4679413 1.08968532 -6.29982901
v -37.6464157 1.08021808 -6.14613199
v -16.573082 14.7147799 -25.8997841
v -16.573082 14.7752209 -25.8997841
v -16.573082 14.7752209 -26.6422138
v -16.573082 14.7147799 -26.6422138
v -17.3009186 14.7752209 -25.8997841
v -17.3009186 14.7147799 -25.8997841
v -17.3009186 14.7147799 -26.6422138
v -17.3009186 14.7752209 -26.6422138
v -16.573082 14.7147799 -26.6422138
v -16.573082 14.7752209 -26.6422138
v -17.3009186 14.7752209 -26.6422138
v -17.3009186 14.7147799 -26.6422138
v -17.3009186 14.7147799 -25.8997841
v -17.3009186 14.7752209 -25.8997841
v -16.573082 14.7752209 -25.8997841
v -16.573082 14.7147799 -25.8997841
v -17.3009186 14.7147799 -25.8997841
v -17.2810879 14.7147799 -25.9229031
v -17.2810879 14.7147799 -26.6190987
v -17.3009186 14.7147799 -26.6422138
v -17.3009186 14.7147799 -26.6422138
v -17.2810879 14.7147799 -26.6190987
v -16.5929146 14.7147799 -26.6190987
v -16.573082 14.7147799 -26.6422138
v -16.573082 14.7147799 -26.6422138
v -16.5929146 14.7147799 -26.6190987
v -16.5929146 14.7147799 -25.9229031
v -16.573082 14.7147799 -25.8997841
v -16.573082 14.7147799 -25.8997841
v -16.5929146 14.7147799 -25.9229031
v -17.2810879 14.7147799 -25.9229031
v -17.3009186 14.7147799 -25.8997841
v -17.2810879 14.7147799 -25.9229031
v -17.2810879 14.724268 -25.9229031
v -17.2810879 14.724268 -26.6190987
v -17.2810879 14.7147799 -26.6190987
v -17.2810879 14.7147799 -26.6190987
v -17.2810879 14.724268 -26.6190987
v -16.5929146 14.724268 -26.6190987
v -16.5929146 14.7147799 -26.6190987
v -16.5929146 14.7147799 -26.6190987
v -16.5929146 14.724268 -26.6190987
v -16.5929146 14.724268 -25.9229031
v -16.5929146 14.7147799 -25.9229031
v -16.5929146 14.7147799 -25.9229031
v -16.5929146 14.724268 -25.9229031
v -17.2810879 14.724268 -25.9229031
v -17.2810879 14.7147799 -25.9229031
v -17.2810879 14.724268 -25.9229031
v -16.5929146 14.724268 -25.9229031
v -16.5929146 14.724268 -26.6190987
v -17.2810879 14.724268 -26.6190987
v -30.0760822 14.7147799 -19.1597843
v -30.0760822 14.7752209 -19.1597843
v -30.0760822 14.7752209 -19.9022141
v -30.0760822 14.7147799 -19.9022141
v -30.8039188 14.7752209 -19.1597843
v -30.8039188 14.7147799 -19.1597843
v -30.8039188 14.7147799 -19.9022141
v -30.8039188 14.7752209 -19.9022141
v -30.0760822 14.7147799 -19.9022141
v -30.0760822 14.7752209 -19.9022141
v -30.8039188 14.7752209 -19.9022141
v -30.8039188 14.7147799 -19.9022141
v -30.8039188 14.7147799 -19.1597843
v -30.8039188 14.7752209 -19.1597843
v -30.0760822 14.7752209 -19.1597843
v -30.0760822 14.7147799 -19.1597843
v -30.8039188 14.7147799 -19.1597843
v -30.7840881 14.7147799 -19.1829033
v -30.7840881 14.7147799 -19.8790989
v -30.8039188 14.7147799 -19.9022141
v -30.8039188 14.7147799 -19.9022141
v -30.7840881 14.7147799 -19.8790989
v -30.0959148 14.7147799 -19.8790989
v -30.0760822 14.7147799 -19.9022141
v -30.0760822 14.7147799 -19.9022141
v -30.0959148 14.7147799 -19.8790989
v -30.0959148 14.7147799 -19.1829033
v -30.0760822 14.7147799 -19.1597843
v -30.0760822 14.7147799 -19.1597843
v -30.0959148 14.7147799 -19.1829033
v -30.7840881 14.7147799 -19.1829033
v -30.8039188 14.7147799 -19.1597843
v -30.7840881 14.7147799 -19.1829033
v -30.7840881 14.724268 -19.1829033
v -30.7840881 14.724268 -19.8790989
v -30.7840881 14.7147799 -19.8790989
v -30.7840881 14.7147799 -19.8790989
v -30.7840881 14.724268 -19.8790989
v -30.0959148 14.724268 -19.8790989
v -30.0959148 14.7147799 -19.8790989
v -30.0959148 14.7147799 -19.8790989
v -30.0959148 14.724268 -19.8790989
v -30.0959148 14.724268 -19.1829033
v -30.0959148 14.7147799 -19.1829033
v -30.0959148 14.7147799 -19.1829033
v -30.0959148 14.724268 -19.1829033
v -30.7840881 14.724268 -19.1829033
v -30.7840881 14.7147799 -19.1829033
v -30.7840881 14.724268 -19.1829033
v -30.0959148 14.724268 -19.1829033
v -30.0959148 14.724268 -19.8790989
v -30.7840881 14.724268 -19.8790989
v -30.0760822 14.7147799 -25.8997841
v -30.0760822 14.7752209 -25.8997841
v -30.0760822 14.7752209 -26.6422138
v -30.0760822 14.7147799 -26.6422138
v -30.8039188 14.7752209 -25.8997841
v -30.8039188 14.7147799 -25.8997841
v -30.8039188 14.7147799 -26.6422138
v -30.8039188 14.7752209 -26.6422138
v -30.0760822 14.7147799 -26.6422138
v -30.0760822 14.7752209 -26.6422138
v -30.8039188 14.7752209 -26.6422138
v -30.8039188 14.7147799 -26.6422138
v -30.8039188 14.7147799 -25.8997841
v -30.8039188 14.7752209 -25.8997841
v -30.0760822 14.7752209 -25.8997841
v -30.0760822 14.7147799 -25.8997841
v -30.8039188 14.7147799 -25.8997841
v -30.7840881 14.7147799 -25.9229031
v -30.7840881 14.7147799 -26.6190987
v -30.8039188 14.7147799 -26.6422138
v -30.8039188 14.7147799 -26.6422138
v -30.7840881 14.7147799 -26.6190987
v -30.0959148 14.7147799 -26.6190987
v -30.0760822 14.7147799 -26.6422138
v -30.0760822 14.7147799 -26.6422138
v -30.0959148 14.7147799 -26.6190987
v -30.0959148 14.7147799 -25.9229031
v -30.0760822 14.7147799 -25.8997841
v -30.0760822 14.7147799 -25.8997841
v -30.0959148 14.7147799 -25.9229031
v -30.7840881 14.7147799 -25.9229031
v -30.8039188 14.7147799 -25.8997841
v -30.7840881 14.7147799 -25.9229031
v -30.7840881 14.724268 -25.9229031
v -30.7840881 14.724268 -26.6190987
v -30.7840881 14.7147799 -26.6190987
v -30.7840881 14.7147799 -26.6190987
v -30.7840881 14.724268 -26.6190987
v -30.0959148 14.724268 -26.6190987
v -30.0959148 14.7147799 -26.6190987
v -30.0959148 14.7147799 -26.6190987
v -30.0959148 14.724268 -26.6190987
v -30.0959148 14.724268 -25.9229031
v -30.0959148 14.7147799 -25.9229031
v -30.0959148 14.7147799 -25.9229031
v -30.0959148 14.724268 -25.9229031
v -30.7840881 14.724268 -25.9229031
v -30.7840881 14.7147799 -25.9229031
v -30.7840881 14.724268 -25.9229031
v -30.0959148 14.724268 -25.9229031
v -30.0959148 14.724268 -26.6190987
v -30.7840881 14.724268 -26.6190987
v -17.0433979 7.49970484 -1.7952224
v -17.0605469 7.42799997 -1.74435592
v -17.0847969 7.42799997 -1.7952224
v -17.0312729 7.47870302 -1.74435592
v -16.9606018 7.49970484 -1.7952224
v -17.0312729 7.37729692 -1.74435592
v -17.0433979 7.35629511 -1.7952224
v -16.9727268 7.47870302 -1.74435592
v -16.9192028 7.42799997 -1.7952224
v -17.0020008 7.42799997 -1.72328663
v -16.9727268 7.37729692 -1.74435592
v -16.9606018 7.35629511 -1.7952224
v -16.9434528 7.42799997 -1.74435592
v -17.0312729 7.47870302 -1.8460896
v -17.0433979 7.49970484 -1.7952224
v -17.0847969 7.42799997 -1.7952224
v -16.9727268 7.47870302 -1.8460896
v -16.9606018 7.49970484 -1.7952224
v -17.0605469 7.42799997 -1.8460896
v -17.0433979 7.35629511 -1.7952224
v -16.9434528 7.42799997 -1.8460896
v -16.9192028 7.42799997 -1.7952224
v -17.0020008 7.42799997 -1.86715889
v -17.0312729 7.37729692 -1.8460896
v -16.9606018 7.35629511 -1.7952224
v -16.9727268 7.37729692 -1.8460896
v -28.5630817 14.7147799 2.58121586
v -28.5630817 14.7752209 2.58121586
v -28.5630817 14.7752209 1.83878541
v -28.5630817 14.7147799 1.83878541
v -29.2909184 14.7752209 2.58121586
v -29.2909184 14.7147799 2.58121586
v -29.2909184 14.7147799 1.83878541
v -29.2909184 14.7752209 1.83878541
v -28.5630817 14.7147799 1.83878541
v -28.5630817 14.7752209 1.83878541
v -29.2909184 14.7752209 1.83878541
v -29.2909184 14.7147799 1.83878541
v -29.2909184 14.7147799 2.58121586
v -29.2909184 14.7752209 2.58121586
v -28.5630817 14.7752209 2.58121586
v -28.5630817 14.7147799 2.58121586
v -29.2909184 14.7147799 2.58121586
v -29.2710876 14.7147799 2.55809665
v -29.2710876 14.7147799 1.86190212
v -29.2909184 14.7147799 1.83878541
v -29.2909184 14.7147799 1.83878541
v -29.2710876 14.7147799 1.86190212
v -28.5829144 14.7147799 1.86190212
v -28.5630817 14.7147799 1.83878541
v -28.5630817 14.7147799 1.83878541
v -28.5829144 14.7147799 1.86190212
v -28.5829144 14.7147799 2.55809665
v -28.5630817 14.7147799 2.58121586
v -28.5630817 14.7147799 2.58121586
v -28.5829144 14.7147799 2.55809665
v -29.2710876 14.7147799 2.55809665
v -29.2909184 14.7147799 2.58121586
v -29.2710876 14.7147799 2.55809665
v -29.2710876 14.724268 2.55809665
v -29.2710876 14.724268 1.86190212
v -29.2710876 14.7147799 1.86190212
v -29.2710876 14.7147799 1.86190212
v -29.2710876 14.724268 1.86190212
v -28.5829144 14.724268 1.86190212
v -28.5829144 14.7147799 1.86190212
v -28.5829144 14.7147799 1.86190212
v -28.5829144 14.724268 1.86190212
v -28.5829144 14.724268 2.55809665
v -28.5829144 14.7147799 2.55809665
v -28.5829144 14.7147799 2.55809665
v -28.5829144 14.724268 2.55809665
v -29.2710876 14.724268 2.55809665
v -29.2710876 14.7147799 2.55809665
v -29.2710876 14.724268 2.55809665
v -28.5829144 14.724268 2.55809665
v -28.5829144 14.724268 1.86190212
v -29.2710876 14.724268 1.86190212
v -30.0760822 14.7147799 -21.3987846
v -30.0760822 14.7752209 -21.3987846
v -30.0760822 14.7752209 -22.1412144
v -30.0760822 14.7147799 -22.1412144
v -30.8039188 14.7752209 -21.3987846
v -30.8039188 14.7147799 -21.3987846
v -30.8039188 14.7147799 -22.1412144
v -30.8039188 14.7752209 -22.1412144
v -30.0760822 14.7147799 -22.1412144
v -30.0760822 14.7752209 -22.1412144
v -30.8039188 14.7752209 -22.1412144
v -30.8039188 14.7147799 -22.1412144
v -30.8039188 14.7147799 -21.3987846
v -30.8039188 14.7752209 -21.3987846
v -30.0760822 14.7752209 -21.3987846
v -30.0760822 14.7147799 -21.3987846
v -30.8039188 14.7147799 -21.3987846
v -30.7840881 14.7147799 -21.4219036
v -30.7840881 14.7147799 -22.1180992
v -30.8039188 14.7147799 -22.1412144
v -30.8039188 14.7147799 -22.1412144
v -30.7840881 14.7147799 -22.1180992
v -30.0959148 14.7147799 -22.1180992
v -30.0760822 14.7147799 -22.1412144
v -30.0760822 14.7147799 -22.1412144
v -30.0959148 14.7147799 -22.1180992
v -30.0959148 14.7147799 -21.4219036
v -30.0760822 14.7147799 -21.3987846
v -30.0760822 14.7147799 -21.3987846
v -30.0959148 14.7147799 -21.4219036
v -30.7840881 14.7147799 -21.4219036
v -30.8039188 14.7147799 -21.3987846
v -30.7840881 14.7147799 -21.4219036
v -30.7840881 14.724268 -21.4219036
v -30.7840881 14.724268 -22.1180992
v -30.7840881 14.7147799 -22.1180992
v -30.7840881 14.7147799 -22.1180992
v -30.7840881 14.724268 -22.1180992
v -30.0959148 14.724268 -22.1180992
v -30.0959148 14.7147799 -22.1180992
v -30.0959148 14.7147799 -22.1180992
v -30.0959148 14.724268 -22.1180992
v -30.0959148 14.724268 -21.4219036
v -30.0959148 14.7147799 -21.4219036
v -30.0959148 14.7147799 -21.4219036
v -30.0959148 14.724268 -21.4219036
v -30.7840881 14.724268 -21.4219036
v -30.7840881 14.7147799 -21.4219036
v -30.7840881 14.724268 -21.4219036
v -30.0959148 14.724268 -21.4219036
v -30.0959148 14.724268 -22.1180992
v -30.7840881 14.724268 -22.1180992
v -30.4996166 7.70420742 -3.07142425
v -30.4996166 7.70420742 -3.09153318
v -30.5358849 7.70420742 -3.09153318
v -30.5358849 7.70420742 -3.07142425
v -30.5395451 7.73462582 -3.07142425
v -30.5358849 7.70420742 -3.07142425
v -30.5358849 7.70420742 -3.09153318
v -30.5395451 7.73462582 -3.09153318
v -30.4959545 7.73462582 -3.09153318
v -30.4996166 7.70420742 -3.09153318
v -30.4996166 7.70420742 -3.07142425
v -30.4959545 7.73462582 -3.07142425
v -30.5358849 7.70420742 -3.09153318
v -30.4996166 7.70420742 -3.09153318
v -30.4959545 7.73462582 -3.09153318
v -30.5395451 7.73462582 -3.09153318
v -30.5395451 7.73462582 -3.07142425
v -30.4959545 7.73462582 -3.07142425
v -30.4996166 7.70420742 -3.07142425
v -30.5358849 7.70420742 -3.07142425
v -30.4384804 7.70420742 -3.07142425
v -30.4384804 7.70420742 -3.09153318
v -30.4747505 7.70420742 -3.09153318
v -30.4747505 7.70420742 -3.07142425
v -30.4784107 7.73462582 -3.07142425
v -30.4747505 7.70420742 -3.07142425
v -30.4747505 7.70420742 -3.09153318
v -30.4784107 7.73462582 -3.09153318
v -30.4348202 7.73462582 -3.09153318
v -30.4384804 7.70420742 -3.09153318
v -30.4384804 7.70420742 -3.07142425
v -30.4348202 7.73462582 -3.07142425
v -30.4747505 7.70420742 -3.09153318
v -30.4384804 7.70420742 -3.09153318
v -30.4348202 7.73462582 -3.09153318
v -30.4784107 7.73462582 -3.09153318
v -30.4784107 7.73462582 -3.07142425
v -30.4348202 7.73462582 -3.07142425
v -30.4384804 7.70420742 -3.07142425
v -30.4747505 7.70420742 -3.07142425
v -30.4965649 7.74671078 -2.18934393
v -30.4965649 8.01007938 -2.17582941
v -30.4965649 7.74671078 -2.17582941
v -30.4965649 8.01007938 -2.18934393
v -30.4834366 7.74671078 -2.18934393
v -30.4834366 8.01007938 -2.18934393
v -30.4834366 7.74671078 -2.17582941
v -30.4834366 8.01007938 -2.17582941
v -30.4965649 7.74671078 -2.17582941
v -30.4965649 8.01007938 -2.17582941
v -30.4965649 8.01007938 -2.18934393
v -30.5030861 8.01421165 -2.16911554
v -30.4965649 8.01007938 -2.17582941
v -30.5030861 8.01421165 -2.19605756
v -30.5030861 8.02200031 -2.16911554
v -30.4834366 8.01007938 -2.18934393
v -30.5030861 8.02200031 -2.19605756
v -30.4769135 8.01421165 -2.19605756
v -30.4834366 8.01007938 -2.17582941
v -30.4769135 8.02200031 -2.19605756
v -30.4769135 8.01421165 -2.16911554
v -30.4965649 8.01007938 -2.17582941
v -30.4769135 8.02200031 -2.16911554
v -30.5030861 8.01421165 -2.16911554
v -30.5030861 8.02200031 -2.16911554
v -30.4965649 7.74671078 -2.92017078
v -30.4965649 8.01007938 -2.90665627
v -30.4965649 7.74671078 -2.90665627
v -30.4965649 8.01007938 -2.92017078
v -30.4834366 7.74671078 -2.92017078
v -30.4834366 8.01007938 -2.92017078
v -30.4834366 7.74671078 -2.90665627
v -30.4834366 8.01007938 -2.90665627
v -30.4965649 7.74671078 -2.90665627
v -30.4965649 8.01007938 -2.90665627
v -30.4965649 8.01007938 -2.92017078
v -30.5030861 8.01421165 -2.89994264
v -30.4965649 8.01007938 -2.90665627
v -30.5030861 8.01421165 -2.92688465
v -30.5030861 8.02200031 -2.89994264
v -30.4834366 8.01007938 -2.92017078
v -30.5030861 8.02200031 -2.92688465
v -30.4769154 8.01421165 -2.92688465
v -30.4834366 8.01007938 -2.90665627
v -30.4769154 8.02200031 -2.92688465
v -30.4769154 8.01421165 -2.89994264
v -30.4965649 8.01007938 -2.90665627
v -30.4769154 8.02200031 -2.89994264
v -30.5030861 8.01421165 -2.89994264
v -30.5030861 8.02200031 -2.89994264
v -30.3581924 7.69348574 -1.99957156
v -30.3581924 7.71545315 -1.99957156
v -30.3581924 7.71545315 -3.1004281
v -30.3581924 7.69348574 -3.1004281
v -30.6218071 7.71545315 -1.99957156
v -30.6218071 7.69348574 -1.99957156
v -30.6218071 7.69348574 -3.1004281
v -30.6218071 7.71545315 -3.1004281
v -30.6218071 7.69348574 -1.99957156
v -30.5559044 7.73198795 -3.1004281
v -30.6218071 7.69348574 -3.1004281
v -30.5559044 7.73198795 -1.99957156
v -30.4240952 7.73198795 -1.99957156
v -30.4240952 7.73198795 -3.1004281
v -30.3581924 7.69348574 -3.1004281
v -30.3581924 7.69348574 -1.99957156
v -30.5559044 7.75395584 -3.1004281
v -30.6218071 7.71545315 -3.1004281
v -30.6218071 7.69348574 -3.1004281
v -30.5559044 7.73198795 -3.1004281
v -30.4240952 7.73198795 -3.1004281
v -30.4240952 7.75395584 -3.1004281
v -30.3581924 7.69348574 -3.1004281
v -30.3581924 7.71545315 -3.1004281
v -30.5559044 7.75395584 -1.99957156
v -30.6218071 7.71545315 -1.99957156
v -30.6218071 7.71545315 -3.1004281
v -30.5559044 7.75395584 -3.1004281
v -30.4240952 7.75395584 -1.99957156
v -30.4240952 7.75395584 -3.1004281
v -30.3581924 7.71545315 -1.99957156
v -30.3581924 7.71545315 -3.1004281
v -30.6218071 7.69348574 -1.99957156
v -30.6218071 7.71545315 -1.99957156
v -30.5559044 7.75395584 -1.99957156
v -30.5559044 7.73198795 -1.99957156
v -30.4240952 7.73198795 -1.99957156
v -30.4240952 7.75395584 -1.99957156
v -30.3581924 7.69348574 -1.99957156
v -30.3581924 7.71545315 -1.99957156
v -30.4996166 7.70420742 -2.01164341
v -30.4996166 7.70420742 -2.03175235
v -30.5358849 7.70420742 -2.03175235
v -30.5358849 7.70420742 -2.01164341
v -30.5395451 7.73462582 -2.01164341
v -30.5358849 7.70420742 -2.01164341
v -30.5358849 7.70420742 -2.03175235
v -30.5395451 7.73462582 -2.03175235
v -30.4959545 7.73462582 -2.03175235
v -30.4996166 7.70420742 -2.03175235
v -30.4996166 7.70420742 -2.01164341
v -30.4959545 7.73462582 -2.01164341
v -30.5358849 7.70420742 -2.03175235
v -30.4996166 7.70420742 -2.03175235
v -30.4959545 7.73462582 -2.03175235
v -30.5395451 7.73462582 -2.03175235
v -30.5395451 7.73462582 -2.01164341
v -30.4959545 7.73462582 -2.01164341
v -30.4996166 7.70420742 -2.01164341
v -30.5358849 7.70420742 -2.01164341
v -30.4384804 7.70420742 -2.01164341
v -30.4384804 7.70420742 -2.03175235
v -30.4747486 7.70420742 -2.03175235
v -30.4747486 7.70420742 -2.01164341
v -30.4784107 7.73462582 -2.01164341
v -30.4747486 7.70420742 -2.01164341
v -30.4747486 7.70420742 -2.03175235
v -30.4784107 7.73462582 -2.03175235
v -30.4348202 7.73462582 -2.03175235
v -30.4384804 7.70420742 -2.03175235
v -30.4384804 7.70420742 -2.01164341
v -30.4348202 7.73462582 -2.01164341
v -30.4747486 7.70420742 -2.03175235
v -30.4384804 7.70420742 -2.03175235
v -30.4348202 7.73462582 -2.03175235
v -30.4784107 7.73462582 -2.03175235
v -30.4784107 7.73462582 -2.01164341
v -30.4348202 7.73462582 -2.01164341
v -30.4384804 7.70420742 -2.01164341
v -30.4747486 7.70420742 -2.01164341
v 2.20391822 16.7170696 -16.2191181
v 2.20391822 16.7766094 -16.2295113
v 2.20391822 16.6489315 -16.9608822
v 2.20391822 16.5893917 -16.9504871
v 1.47608173 16.7766094 -16.2295113
v 1.47608173 16.7170696 -16.2191181
v 1.47608173 16.5893917 -16.9504871
v 1.47608173 16.6489315 -16.9608822
v 2.20391822 16.5893917 -16.9504871
v 2.20391822 16.6489315 -16.9608822
v 1.47608173 16.6489315 -16.9608822
v 1.47608173 16.5893917 -16.9504871
v 1.47608173 16.7170696 -16.2191181
v 1.47608173 16.7766094 -16.2295113
v 2.20391822 16.7766094 -16.2295113
v 2.20391822 16.7170696 -16.2191181
v 1.47608173 16.7170696 -16.2191181
v 1.49591327 16.7130947 -16.2418919
v 1.49591327 16.5933666 -16.9277153
v 1.47608173 16.5893917 -16.9504871
v 1.47608173 16.5893917 -16.9504871
v 1.49591327 16.5933666 -16.9277153
v 2.18408656 16.5933666 -16.9277153
v 2.20391822 16.5893917 -16.9504871
v 2.20391822 16.5893917 -16.9504871
v 2.18408656 16.5933666 -16.9277153
v 2.18408656 16.7130947 -16.2418919
v 2.20391822 16.7170696 -16.2191181
v 2.20391822 16.7170696 -16.2191181
v 2.18408656 16.7130947 -16.2418919
v 1.49591327 16.7130947 -16.2418919
v 1.47608173 16.7170696 -16.2191181
v 1.49591327 16.7130947 -16.2418919
v 1.49591327 16.7224407 -16.2435246
v 1.49591327 16.6027145 -16.9293461
v 1.49591327 16.5933666 -16.9277153
v 1.49591327 16.5933666 -16.9277153
v 1.49591327 16.6027145 -16.9293461
v 2.18408656 16.6027145 -16.9293461
v 2.18408656 16.5933666 -16.9277153
v 2.18408656 16.5933666 -16.9277153
v 2.18408656 16.6027145 -16.9293461
v 2.18408656 16.7224407 -16.2435246
v 2.18408656 16.7130947 -16.2418919
v 2.18408656 16.7130947 -16.2418919
v 2.18408656 16.7224407 -16.2435246
v 1.49591327 16.7224407 -16.2435246
v 1.49591327 16.7130947 -16.2418919
v 1.49591327 16.7224407 -16.2435246
v 2.18408656 16.7224407 -16.2435246
v 2.18408656 16.6027145 -16.9293461
v 1.49591327 16.6027145 -16.9293461
v -30.0760822 14.7147799 -14.6487846
v -30.0760822 14.7752209 -14.6487846
v -30.0760822 14.7752209 -15.3912153
v -30.0760822 14.7147799 -15.3912153
v -30.8039188 14.7752209 -14.6487846
v -30.8039188 14.7147799 -14.6487846
v -30.8039188 14.7147799 -15.3912153
v -30.8039188 14.7752209 -15.3912153
v -30.0760822 14.7147799 -15.3912153
v -30.0760822 14.7752209 -15.3912153
v -30.8039188 14.7752209 -15.3912153
v -30.8039188 14.7147799 -15.3912153
v -30.8039188 14.7147799 -14.6487846
v -30.8039188 14.7752209 -14.6487846
v -30.0760822 14.7752209 -14.6487846
v -30.0760822 14.7147799 -14.6487846
v -30.8039188 14.7147799 -14.6487846
v -30.7840881 14.7147799 -14.6719036
v -30.7840881 14.7147799 -15.3680983
v -30.8039188 14.7147799 -15.3912153
v -30.8039188 14.7147799 -15.3912153
v -30.7840881 14.7147799 -15.3680983
v -30.0959148 14.7147799 -15.3680983
v -30.0760822 14.7147799 -15.3912153
v -30.0760822 14.7147799 -15.3912153
v -30.0959148 14.7147799 -15.3680983
v -30.0959148 14.7147799 -14.6719036
v -30.0760822 14.7147799 -14.6487846
v -30.0760822 14.7147799 -14.6487846
v -30.0959148 14.7147799 -14.6719036
v -30.7840881 14.7147799 -14.6719036
v -30.8039188 14.7147799 -14.6487846
v -30.7840881 14.7147799 -14.6719036
v -30.7840881 14.724268 -14.6719036
v -30.7840881 14.724268 -15.3680983
v -30.7840881 14.7147799 -15.3680983
v -30.7840881 14.7147799 -15.3680983
v -30.7840881 14.724268 -15.3680983
v -30.0959148 14.724268 -15.3680983
v -30.0959148 14.7147799 -15.3680983
v -30.0959148 14.7147799 -15.3680983
v -30.0959148 14.724268 -15.3680983
v -30.0959148 14.724268 -14.6719036
v -30.0959148 14.7147799 -14.6719036
v -30.0959148 14.7147799 -14.6719036
v -30.0959148 14.724268 -14.6719036
v -30.7840881 14.724268 -14.6719036
v -30.7840881 14.7147799 -14.6719036
v -30.7840881 14.724268 -14.6719036
v -30.0959148 14.724268 -14.6719036
v -30.0959148 14.724268 -15.3680983
v -30.7840881 14.724268 -15.3680983
v -30.0760822 14.7147799 -10.1257839
v -30.0760822 14.7752209 -10.1257839
v -30.0760822 14.7752209 -10.8682146
v -30.0760822 14.7147799 -10.8682146
v -30.8039188 14.7752209 -10.1257839
v -30.8039188 14.7147799 -10.1257839
v -30.8039188 14.7147799 -10.8682146
v -30.8039188 14.7752209 -10.8682146
v -30.0760822 14.7147799 -10.8682146
v -30.0760822 14.7752209 -10.8682146
v -30.8039188 14.7752209 -10.8682146
v -30.8039188 14.7147799 -10.8682146
v -30.8039188 14.7147799 -10.1257839
v -30.8039188 14.7752209 -10.1257839
v -30.0760822 14.7752209 -10.1257839
v -30.0760822 14.7147799 -10.1257839
v -30.8039188 14.7147799 -10.1257839
v -30.7840881 14.7147799 -10.1489029
v -30.7840881 14.7147799 -10.8450975
v -30.8039188 14.7147799 -10.8682146
v -30.8039188 14.7147799 -10.8682146
v -30.7840881 14.7147799 -10.8450975
v -30.0959148 14.7147799 -10.8450975
v -30.0760822 14.7147799 -10.8682146
v -30.0760822 14.7147799 -10.8682146
v -30.0959148 14.7147799 -10.8450975
v -30.0959148 14.7147799 -10.1489029
v -30.0760822 14.7147799 -10.1257839
v -30.0760822 14.7147799 -10.1257839
v -30.0959148 14.7147799 -10.1489029
v -30.7840881 14.7147799 -10.1489029
v -30.8039188 14.7147799 -10.1257839
v -30.7840881 14.7147799 -10.1489029
v -30.7840881 14.724268 -10.1489029
v -30.7840881 14.724268 -10.8450975
v -30.7840881 14.7147799 -10.8450975
v -30.7840881 14.7147799 -10.8450975
v -30.7840881 14.724268 -10.8450975
v -30.0959148 14.724268 -10.8450975
v -30.0959148 14.7147799 -10.8450975
v -30.0959148 14.7147799 -10.8450975
v -30.0959148 14.724268 -10.8450975
v -30.0959148 14.724268 -10.1489029
v -30.0959148 14.7147799 -10.1489029
v -30.0959148 14.7147799 -10.1489029
v -30.0959148 14.724268 -10.1489029
v -30.7840881 14.724268 -10.1489029
v -30.7840881 14.7147799 -10.1489029
v -30.7840881 14.724268 -10.1489029
v -30.0959148 14.724268 -10.1489029
v -30.0959148 14.724268 -10.8450975
v -30.7840881 14.724268 -10.8450975
v -20.4053974 7.49970484 -1.79672241
v -20.4225464 7.42799997 -1.74585593
v -20.4467964 7.42799997 -1.79672241
v -20.3932724 7.47870302 -1.74585593
v -20.3226013 7.49970484 -1.79672241
v -20.3932724 7.37729692 -1.74585593
v -20.4053974 7.35629511 -1.79672241
v -20.3347263 7.47870302 -1.74585593
v -20.2812023 7.42799997 -1.79672241
v -20.3640003 7.42799997 -1.72478664
v -20.3347263 7.37729692 -1.74585593
v -20.3226013 7.35629511 -1.79672241
v -20.3054523 7.42799997 -1.74585593
v -20.3932724 7.47870302 -1.84758961
v -20.4053974 7.49970484 -1.79672241
v -20.4467964 7.42799997 -1.79672241
v -20.3347263 7.47870302 -1.84758961
v -20.3226013 7.49970484 -1.79672241
v -20.4225464 7.42799997 -1.84758961
v -20.4053974 7.35629511 -1.79672241
v -20.3054523 7.42799997 -1.84758961
v -20.2812023 7.42799997 -1.79672241
v -20.3640003 7.42799997 -1.8686589
v -20.3932724 7.37729692 -1.84758961
v -20.3226013 7.35629511 -1.79672241
v -20.3347263 7.37729692 -1.84758961
v -30.4996166 7.70420742 -16.2514229
v -30.4996166 7.70420742 -16.2715321
v -30.5358849 7.70420742 -16.2715321
v -30.5358849 7.70420742 -16.2514229
v -30.5395451 7.73462582 -16.2514229
v -30.5358849 7.70420742 -16.2514229
v -30.5358849 7.70420742 -16.2715321
v -30.5395451 7.73462582 -16.2715321
v -30.4959545 7.73462582 -16.2715321
v -30.4996166 7.70420742 -16.2715321
v -30.4996166 7.70420742 -16.2514229
v -30.4959545 7.73462582 -16.2514229
v -30.5358849 7.70420742 -16.2715321
v -30.4996166 7.70420742 -16.2715321
v -30.4959545 7.73462582 -16.2715321
v -30.5395451 7.73462582 -16.2715321
v -30.5395451 7.73462582 -16.2514229
v -30.4959545 7.73462582 -16.2514229
v -30.4996166 7.70420742 -16.2514229
v -30.5358849 7.70420742 -16.2514229
v -30.4384804 7.70420742 -16.2514229
v -30.4384804 7.70420742 -16.2715321
v -30.4747505 7.70420742 -16.2715321
v -30.4747505 7.70420742 -16.2514229
v -30.4784107 7.73462582 -16.2514229
v -30.4747505 7.70420742 -16.2514229
v -30.4747505 7.70420742 -16.2715321
v -30.4784107 7.73462582 -16.2715321
v -30.4348202 7.73462582 -16.2715321
v -30.4384804 7.70420742 -16.2715321
v -30.4384804 7.70420742 -16.2514229
v -30.4348202 7.73462582 -16.2514229
v -30.4747505 7.70420742 -16.2715321
v -30.4384804 7.70420742 -16.2715321
v -30.4348202 7.73462582 -16.2715321
v -30.4784107 7.73462582 -16.2715321
v -30.4784107 7.73462582 -16.2514229
v -30.4348202 7.73462582 -16.2514229
v -30.4384804 7.70420742 -16.2514229
v -30.4747505 7.70420742 -16.2514229
v -30.4965649 7.74671078 -15.3693438
v -30.4965649 8.01007938 -15.3558292
v -30.4965649 7.74671078 -15.3558292
v -30.4965649 8.01007938 -15.3693438
v -30.4834366 7.74671078 -15.3693438
v -30.4834366 8.01007938 -15.3693438
v -30.4834366 7.74671078 -15.3558292
v -30.4834366 8.01007938 -15.3558292
v -30.4965649 7.74671078 -15.3558292
v -30.4965649 8.01007938 -15.3558292
v -30.4965649 8.01007938 -15.3693438
v -30.5030861 8.01421165 -15.3491154
v -30.4965649 8.01007938 -15.3558292
v -30.5030861 8.01421165 -15.3760576
v -30.5030861 8.02200031 -15.3491154
v -30.4834366 8.01007938 -15.3693438
v -30.5030861 8.02200031 -15.3760576
v -30.4769135 8.01421165 -15.3760576
v -30.4834366 8.01007938 -15.3558292
v -30.4769135 8.02200031 -15.3760576
v -30.4769135 8.01421165 -15.3491154
v -30.4965649 8.01007938 -15.3558292
v -30.4769135 8.02200031 -15.3491154
v -30.5030861 8.01421165 -15.3491154
v -30.5030861 8.02200031 -15.3491154
v -30.4965649 7.74671078 -16.1001701
v -30.4965649 8.01007938 -16.0866566
v -30.4965649 7.74671078 -16.0866566
v -30.4965649 8.01007938 -16.1001701
v -30.4834366 7.74671078 -16.1001701
v -30.4834366 8.01007938 -16.1001701
v -30.4834366 7.74671078 -16.0866566
v -30.4834366 8.01007938 -16.0866566
v -30.4965649 7.74671078 -16.0866566
v -30.4965649 8.01007938 -16.0866566
v -30.4965649 8.01007938 -16.1001701
v -30.5030861 8.01421165 -16.0799427
v -30.4965649 8.01007938 -16.0866566
v -30.5030861 8.01421165 -16.106884
v -30.5030861 8.02200031 -16.0799427
v -30.4834366 8.01007938 -16.1001701
v -30.5030861 8.02200031 -16.106884
v -30.4769154 8.01421165 -16.106884
v -30.4834366 8.01007938 -16.0866566
v -30.4769154 8.02200031 -16.106884
v -30.4769154 8.01421165 -16.0799427
v -30.4965649 8.01007938 -16.0866566
v -30.4769154 8.02200031 -16.0799427
v -30.5030861 8.01421165 -16.0799427
v -30.5030861 8.02200031 -16.0799427
v -30.3581924 7.69348574 -15.1795712
v -30.3581924 7.71545315 -15.1795712
v -30.3581924 7.71545315 -16.2804279
v -30.3581924 7.69348574 -16.2804279
v -30.6218071 7.71545315 -15.1795712
v -30.6218071 7.69348574 -15.1795712
v -30.6218071 7.69348574 -16.2804279
v -30.6218071 7.71545315 -16.2804279
v -30.6218071 7.69348574 -15.1795712
v -30.5559044 7.73198795 -16.2804279
v -30.6218071 7.69348574 -16.2804279
v -30.5559044 7.73198795 -15.1795712
v -30.4240952 7.73198795 -15.1795712
v -30.4240952 7.73198795 -16.2804279
v -30.3581924 7.69348574 -16.2804279
v -30.3581924 7.69348574 -15.1795712
v -30.5559044 7.75395584 -16.2804279
v -30.6218071 7.71545315 -16.2804279
v -30.6218071 7.69348574 -16.2804279
v -30.5559044 7.73198795 -16.2804279
v -30.4240952 7.73198795 -16.2804279
v -30.4240952 7.75395584 -16.2804279
v -30.3581924 7.69348574 -16.2804279
v -30.3581924 7.71545315 -16.2804279
v -30.5559044 7.75395584 -15.1795712
v -30.6218071 7.71545315 -15.1795712
v -30.6218071 7.71545315 -16.2804279
v -30.5559044 7.75395584 -16.2804279
v -30.4240952 7.75395584 -15.1795712
v -30.4240952 7.75395584 -16.2804279
v -30.3581924 7.71545315 -15.1795712
v -30.3581924 7.71545315 -16.2804279
v -30.6218071 7.69348574 -15.1795712
v -30.6218071 7.71545315 -15.1795712
v -30.5559044 7.75395584 -15.1795712
v -30.5559044 7.73198795 -15.1795712
v -30.4240952 7.73198795 -15.1795712
v -30.4240952 7.75395584 -15.1795712
v -30.3581924 7.69348574 -15.1795712
v -30.3581924 7.71545315 -15.1795712
v -30.4996166 7.70420742 -15.1916428
v -30.4996166 7.70420742 -15.2117519
v -30.5358849 7.70420742 -15.2117519
v -30.5358849 7.70420742 -15.1916428
v -30.5395451 7.73462582 -15.1916428
v -30.5358849 7.70420742 -15.1916428
v -30.5358849 7.70420742 -15.2117519
v -30.5395451 7.73462582 -15.2117519
v -30.4959545 7.73462582 -15.2117519
v -30.4996166 7.70420742 -15.2117519
v -30.4996166 7.70420742 -15.1916428
v -30.4959545 7.73462582 -15.1916428
v -30.5358849 7.70420742 -15.2117519
v -30.4996166 7.70420742 -15.2117519
v -30.4959545 7.73462582 -15.2117519
v -30.5395451 7.73462582 -15.2117519
v -30.5395451 7.73462582 -15.1916428
v -30.4959545 7.73462582 -15.1916428
v -30.4996166 7.70420742 -15.1916428
v -30.5358849 7.70420742 -15.1916428
v -30.4384804 7.70420742 -15.1916428
v -30.4384804 7.70420742 -15.2117519
v -30.4747486 7.70420742 -15.2117519
v -30.4747486 7.70420742 -15.1916428
v -30.4784107 7.73462582 -15.1916428
v -30.4747486 7.70420742 -15.1916428
v -30.4747486 7.70420742 -15.2117519
v -30.4784107 7.73462582 -15.2117519
v -30.4348202 7.73462582 -15.2117519
v -30.4384804 7.70420742 -15.2117519
v -30.4384804 7.70420742 -15.1916428
v -30.4348202 7.73462582 -15.1916428
v -30.4747486 7.70420742 -15.2117519
v -30.4384804 7.70420742 -15.2117519
v -30.4348202 7.73462582 -15.2117519
v -30.4784107 7.73462582 -15.2117519
v -30.4784107 7.73462582 -15.1916428
v -30.4348202 7.73462582 -15.1916428
v -30.4384804 7.70420742 -15.1916428
v -30.4747486 7.70420742 -15.1916428
v -9.53668404 7.49970484 4.04922247
v -9.51953697 7.42799997 3.99835587
v -9.49528503 7.42799997 4.04922247
v -9.54880905 7.47870302 3.99835587
v -9.61948109 7.49970484 4.04922247
v -9.54880905 7.37729692 3.99835587
v -9.53668404 7.35629511 4.04922247
v -9.60735607 7.47870302 3.99835587
v -9.66088009 7.42799997 4.04922247
v -9.57808304 7.42799997 3.97728658
v -9.60735607 7.37729692 3.99835587
v -9.61948109 7.35629511 4.04922247
v -9.6366291 7.42799997 3.99835587
v -9.54880905 7.47870302 4.10008955
v -9.53668404 7.49970484 4.04922247
v -9.49528503 7.42799997 4.04922247
v -9.60735607 7.47870302 4.10008955
v -9.61948109 7.49970484 4.04922247
v -9.51953697 7.42799997 4.10008955
v -9.53668404 7.35629511 4.04922247
v -9.6366291 7.42799997 4.10008955
v -9.66088009 7.42799997 4.04922247
v -9.57808304 7.42799997 4.12115908
v -9.54880905 7.37729692 4.10008955
v -9.61948109 7.35629511 4.04922247
v -9.60735607 7.37729692 4.10008955
v 2.26391864 15.9540691 -20.6391182
v 2.26391864 16.0136089 -20.6495113
v 2.26391864 15.885932 -21.3808823
v 2.26391864 15.8263912 -21.3704872
v 1.53608215 16.0136089 -20.6495113
v 1.53608215 15.9540691 -20.6391182
v 1.53608215 15.8263912 -21.3704872
v 1.53608215 15.885932 -21.3808823
v 2.26391864 15.8263912 -21.3704872
v 2.26391864 15.885932 -21.3808823
v 1.53608215 15.885932 -21.3808823
v 1.53608215 15.8263912 -21.3704872
v 1.53608215 15.9540691 -20.6391182
v 1.53608215 16.0136089 -20.6495113
v 2.26391864 16.0136089 -20.6495113
v 2.26391864 15.9540691 -20.6391182
v 1.53608215 15.9540691 -20.6391182
v 1.55591369 15.9500933 -20.6618919
v 1.55591369 15.8303671 -21.3477154
v 1.53608215 15.8263912 -21.3704872
v 1.53608215 15.8263912 -21.3704872
v 1.55591369 15.8303671 -21.3477154
v 2.24408698 15.8303671 -21.3477154
v 2.26391864 15.8263912 -21.3704872
v 2.26391864 15.8263912 -21.3704872
v 2.24408698 15.8303671 -21.3477154
v 2.24408698 15.9500933 -20.6618919
v 2.26391864 15.9540691 -20.6391182
v 2.26391864 15.9540691 -20.6391182
v 2.24408698 15.9500933 -20.6618919
v 1.55591369 15.9500933 -20.6618919
v 1.53608215 15.9540691 -20.6391182
v 1.55591369 15.9500933 -20.6618919
v 1.55591369 15.9594402 -20.6635246
v 1.55591369 15.8397131 -21.3493462
v 1.55591369 15.8303671 -21.3477154
v 1.55591369 15.8303671 -21.3477154
v 1.55591369 15.8397131 -21.3493462
v 2.24408698 15.8397131 -21.3493462
v 2.24408698 15.8303671 -21.3477154
v 2.24408698 15.8303671 -21.3477154
v 2.24408698 15.8397131 -21.3493462
v 2.24408698 15.9594402 -20.6635246
v 2.24408698 15.9500933 -20.6618919
v 2.24408698 15.9500933 -20.6618919
v 2.24408698 15.9594402 -20.6635246
v 1.55591369 15.9594402 -20.6635246
v 1.55591369 15.9500933 -20.6618919
v 1.55591369 15.9594402 -20.6635246
v 2.24408698 15.9594402 -20.6635246
v 2.24408698 15.8397131 -21.3493462
v 1.55591369 15.8397131 -21.3493462
v -19.4763966 7.49970484 -1.79672241
v -19.4935455 7.42799997 -1.74585593
v -19.5177956 7.42799997 -1.79672241
v -19.4642715 7.47870302 -1.74585593
v -19.3936005 7.49970484 -1.79672241
v -19.4642715 7.37729692 -1.74585593
v -19.4763966 7.35629511 -1.79672241
v -19.4057255 7.47870302 -1.74585593
v -19.3522015 7.42799997 -1.79672241
v -19.4349995 7.42799997 -1.72478664
v -19.4057255 7.37729692 -1.74585593
v -19.3936005 7.35629511 -1.79672241
v -19.3764515 7.42799997 -1.74585593
v -19.4642715 7.47870302 -1.84758961
v -19.4763966 7.49970484 -1.79672241
v -19.5177956 7.42799997 -1.79672241
v -19.4057255 7.47870302 -1.84758961
v -19.3936005 7.49970484 -1.79672241
v -19.4935455 7.42799997 -1.84758961
v -19.4763966 7.35629511 -1.79672241
v -19.3764515 7.42799997 -1.84758961
v -19.3522015 7.42799997 -1.79672241
v -19.4349995 7.42799997 -1.8686589
v -19.4642715 7.37729692 -1.84758961
v -19.3936005 7.35629511 -1.79672241
v -19.4057255 7.37729692 -1.84758961
v -1.54808199 15.9710693 -20.6161175
v -1.54808199 16.0306091 -20.6265106
v -1.54808199 15.9029322 -21.3578815
v -1.54808199 15.8433914 -21.3474865
v -2.27591848 16.0306091 -20.6265106
v -2.27591848 15.9710693 -20.6161175
v -2.27591848 15.8433914 -21.3474865
v -2.27591848 15.9029322 -21.3578815
v -1.54808199 15.8433914 -21.3474865
v -1.54808199 15.9029322 -21.3578815
v -2.27591848 15.9029322 -21.3578815
v -2.27591848 15.8433914 -21.3474865
v -2.27591848 15.9710693 -20.6161175
v -2.27591848 16.0306091 -20.6265106
v -1.54808199 16.0306091 -20.6265106
v -1.54808199 15.9710693 -20.6161175
v -2.27591848 15.9710693 -20.6161175
v -2.25608683 15.9670935 -20.6388912
v -2.25608683 15.8473673 -21.3247147
v -2.27591848 15.8433914 -21.3474865
v -2.27591848 15.8433914 -21.3474865
v -2.25608683 15.8473673 -21.3247147
v -1.56791353 15.8473673 -21.3247147
v -1.54808199 15.8433914 -21.3474865
v -1.54808199 15.8433914 -21.3474865
v -1.56791353 15.8473673 -21.3247147
v -1.56791353 15.9670935 -20.6388912
v -1.54808199 15.9710693 -20.6161175
v -1.54808199 15.9710693 -20.6161175
v -1.56791353 15.9670935 -20.6388912
v -2.25608683 15.9670935 -20.6388912
v -2.27591848 15.9710693 -20.6161175
v -2.25608683 15.9670935 -20.6388912
v -2.25608683 15.9764404 -20.6405239
v -2.25608683 15.8567133 -21.3263454
v -2.25608683 15.8473673 -21.3247147
v -2.25608683 15.8473673 -21.3247147
v -2.25608683 15.8567133 -21.3263454
v -1.56791353 15.8567133 -21.3263454
v -1.56791353 15.8473673 -21.3247147
v -1.56791353 15.8473673 -21.3247147
v -1.56791353 15.8567133 -21.3263454
v -1.56791353 15.9764404 -20.6405239
v -1.56791353 15.9670935 -20.6388912
v -1.56791353 15.9670935 -20.6388912
v -1.56791353 15.9764404 -20.6405239
v -2.25608683 15.9764404 -20.6405239
v -2.25608683 15.9670935 -20.6388912
v -2.25608683 15.9764404 -20.6405239
v -1.56791353 15.9764404 -20.6405239
v -1.56791353 15.8567133 -21.3263454
v -2.25608683 15.8567133 -21.3263454
v -5.3250823 15.9710693 -20.6431179
v -5.3250823 16.0306091 -20.653511
v -5.3250823 15.9029322 -21.384882
v -5.3250823 15.8433914 -21.3744869
v -6.05291843 16.0306091 -20.653511
v -6.05291843 15.9710693 -20.6431179
v -6.05291843 15.8433914 -21.3744869
v -6.05291843 15.9029322 -21.384882
v -5.3250823 15.8433914 -21.3744869
v -5.3250823 15.9029322 -21.384882
v -6.05291843 15.9029322 -21.384882
v -6.05291843 15.8433914 -21.3744869
v -6.05291843 15.9710693 -20.6431179
v -6.05291843 16.0306091 -20.653511
v -5.3250823 16.0306091 -20.653511
v -5.3250823 15.9710693 -20.6431179
v -6.05291843 15.9710693 -20.6431179
v -6.03308678 15.9670935 -20.6658916
v -6.03308678 15.8473673 -21.3517151
v -6.05291843 15.8433914 -21.3744869
v -6.05291843 15.8433914 -21.3744869
v -6.03308678 15.8473673 -21.3517151
v -5.34491348 15.8473673 -21.3517151
v -5.3250823 15.8433914 -21.3744869
v -5.3250823 15.8433914 -21.3744869
v -5.34491348 15.8473673 -21.3517151
v -5.34491348 15.9670935 -20.6658916
v -5.3250823 15.9710693 -20.6431179
v -5.3250823 15.9710693 -20.6431179
v -5.34491348 15.9670935 -20.6658916
v -6.03308678 15.9670935 -20.6658916
v -6.05291843 15.9710693 -20.6431179
v -6.03308678 15.9670935 -20.6658916
v -6.03308678 15.9764404 -20.6675243
v -6.03308678 15.8567133 -21.3533459
v -6.03308678 15.8473673 -21.3517151
v -6.03308678 15.8473673 -21.3517151
v -6.03308678 15.8567133 -21.3533459
v -5.34491348 15.8567133 -21.3533459
v -5.34491348 15.8473673 -21.3517151
v -5.34491348 15.8473673 -21.3517151
v -5.34491348 15.8567133 -21.3533459
v -5.34491348 15.9764404 -20.6675243
v -5.34491348 15.9670935 -20.6658916
v -5.34491348 15.9670935 -20.6658916
v -5.34491348 15.9764404 -20.6675243
v -6.03308678 15.9764404 -20.6675243
v -6.03308678 15.9670935 -20.6658916
v -6.03308678 15.9764404 -20.6675243
v -5.34491348 15.9764404 -20.6675243
v -5.34491348 15.8567133 -21.3533459
v -6.03308678 15.8567133 -21.3533459
v 12.3123732 -0.991406143 24.4382267
v 12.2801123 -0.879000068 24.4322224
v 12.3291092 -0.879000127 24.4488468
v 12.2659369 -0.974209964 24.4232273
v 12.21663 -0.879000068 24.3692322
v 12.264185 -1.09025455 24.4076519
v 12.2069025 -0.944334567 24.36306
v 12.2251196 -1.05793619 24.3973312
v 12.1903543 -1.16362238 24.3608093
v 12.1788931 -1.00178874 24.3452892
v 12.1625853 -1.12007999 24.3576527
v 12.0997896 -1.20266056 24.3033466
v 12.1359806 -1.04443276 24.3180618
v 12.0858746 -1.15314603 24.3089828
v 12.0034113 -1.20266056 24.242197
v 12.0833406 -1.06712317 24.2846622
v 12.004241 -1.15314603 24.2571869
v 11.9128456 -1.16362238 24.1847363
v 12.0273228 -1.06712317 24.2491207
v 11.9275303 -1.12007999 24.2085171
v 11.839016 -1.09025443 24.1378918
v 11.9746828 -1.04443276 24.2157211
v 11.864995 -1.05793607 24.1688385
v 11.7908268 -0.991406083 24.107317
v 11.9317703 -1.00178874 24.1884937
v 11.8241777 -0.974209905 24.1429424
v 11.7740908 -0.878999889 24.0966988
v 11.9037609 -0.944334447 24.170723
v 11.8100023 -0.878999949 24.1339474
v 11.7908268 -0.766593933 24.107317
v 11.8940334 -0.879000008 24.1645508
v 11.8241777 -0.783790052 24.1429424
v 11.839016 -0.66774565 24.1378918
v 11.9037609 -0.81366545 24.170723
v 11.864995 -0.700063944 24.1688385
v 11.9128456 -0.594377756 24.1847363
v 11.9317703 -0.756211281 24.1884937
v 11.9275303 -0.637920082 24.2085152
v 12.0034113 -0.555339456 24.242197
v 11.9746828 -0.713567257 24.2157211
v 12.004241 -0.604853988 24.2571869
v 12.0997896 -0.555339515 24.3033466
v 12.0273228 -0.690876842 24.2491207
v 12.0858746 -0.604853988 24.3089828
v 12.1903553 -0.594377756 24.3608093
v 12.0833406 -0.690876901 24.2846622
v 12.1625853 -0.637920082 24.3576527
v 12.264185 -0.667745709 24.4076519
v 12.1359806 -0.713567257 24.3180618
v 12.2251205 -0.700064003 24.3973312
v 12.3123741 -0.766593933 24.4382267
v 12.1788931 -0.75621134 24.3452892
v 12.2659369 -0.783790112 24.4232273
v 12.3291092 -0.879000127 24.4488468
v 12.2069025 -0.813665569 24.36306
v 12.2801123 -0.879000068 24.4322224
v 12.21663 -0.879000068 24.3692322
v 12.4039612 -0.879000008 24.2370243
v 12.4231367 -0.991406083 24.2636528
v 12.4398727 -0.879000008 24.2742729
v 12.3897858 -0.974209905 24.2280293
v 12.3749475 -1.09025443 24.233078
v 12.3161011 -0.949040771 24.2150879
v 12.3265285 -0.879000008 24.2217045
v 12.2860737 -1.01063359 24.1960373
v 12.3489685 -1.05793619 24.2021332
v 12.3011179 -1.16362238 24.1862354
v 12.2400703 -1.0563494 24.1668491
v 12.2864342 -1.12007999 24.1624546
v 12.2105522 -1.20266056 24.1287727
v 12.1836386 -1.08067441 24.1310425
v 12.2097235 -1.15314603 24.1137848
v 12.1141748 -1.20266056 24.0676231
v 12.1235847 -1.08067429 24.0929413
v 12.128089 -1.15314603 24.0619888
v 12.0236092 -1.16362238 24.0101624
v 12.067153 -1.0563494 24.0571365
v 12.0513783 -1.12007999 24.0133171
v 11.9497795 -1.09025443 23.9633179
v 12.0211496 -1.01063347 24.0279484
v 11.9888439 -1.05793607 23.9736404
v 11.9015903 -0.991406024 23.9327431
v 11.9911232 -0.949040771 24.0088959
v 11.9480267 -0.974209905 23.9477444
v 11.8848543 -0.878999889 23.9221249
v 11.9806948 -0.878999949 24.0022793
v 11.9338512 -0.878999949 23.9387493
v 11.9015903 -0.766593814 23.9327431
v 11.9911232 -0.808959186 24.0088959
v 11.9480267 -0.783789933 23.9477444
v 11.9497795 -0.66774565 23.9633179
v 12.0211496 -0.747366428 24.0279484
v 11.9888439 -0.700063944 23.9736404
v 12.0236092 -0.594377756 24.0101624
v 12.067153 -0.70165062 24.0571365
v 12.0513783 -0.637920082 24.013319
v 12.1141748 -0.555339515 24.0676231
v 12.1235847 -0.677325666 24.0929413
v 12.128089 -0.604853988 24.0619888
v 12.2105522 -0.555339515 24.1287727
v 12.1836386 -0.677325726 24.1310425
v 12.2097235 -0.604853988 24.1137848
v 12.3011179 -0.594377756 24.1862354
v 12.2400703 -0.70165062 24.1668472
v 12.2864342 -0.637920082 24.1624546
v 12.3749475 -0.667745709 24.233078
v 12.2860737 -0.747366488 24.1960373
v 12.3489685 -0.700063944 24.2021332
v 12.4231367 -0.766593874 24.2636528
v 12.3161011 -0.808959246 24.2150879
v 12.3897858 -0.783790112 24.2280293
v 12.4398727 -0.879000008 24.2742729
v 12.3265285 -0.879000008 24.2217045
v 12.4039612 -0.879000008 24.2370243
v 12.4231367 -0.991406083 24.2636528
v 12.3291092 -0.879000127 24.4488468
v 12.4398727 -0.879000008 24.2742729
v 12.3123732 -0.991406143 24.4382267
v 12.3749475 -1.09025443 24.233078
v 12.264185 -1.09025455 24.4076519
v 12.3011179 -1.16362238 24.1862354
v 12.1903543 -1.16362238 24.3608093
v 12.2105522 -1.20266056 24.1287727
v 12.0997896 -1.20266056 24.3033466
v 12.1141748 -1.20266056 24.0676231
v 12.0034113 -1.20266056 24.242197
v 12.0236092 -1.16362238 24.0101624
v 11.9128456 -1.16362238 24.1847363
v 11.9497795 -1.09025443 23.9633179
v 11.839016 -1.09025443 24.1378918
v 11.9015903 -0.991406024 23.9327431
v 11.7908268 -0.991406083 24.107317
v 11.8848543 -0.878999889 23.9221249
v 11.7740908 -0.878999889 24.0966988
v 11.9015903 -0.766593814 23.9327431
v 11.7908268 -0.766593933 24.107317
v 11.9497795 -0.66774565 23.9633179
v 11.839016 -0.66774565 24.1378918
v 12.0236092 -0.594377756 24.0101624
v 11.9128456 -0.594377756 24.1847363
v 12.1141748 -0.555339515 24.0676231
v 12.0034113 -0.555339456 24.242197
v 12.2105522 -0.555339515 24.1287727
v 12.0997896 -0.555339515 24.3033466
v 12.3011179 -0.594377756 24.1862354
v 12.1903553 -0.594377756 24.3608093
v 12.3749475 -0.667745709 24.233078
v 12.264185 -0.667745709 24.4076519
v 12.4231367 -0.766593874 24.2636528
v 12.3123741 -0.766593933 24.4382267
v 12.4398727 -0.879000008 24.2742729
v 12.3291092 -0.879000127 24.4488468
v 12.2860737 -0.747366488 24.1960373
v 12.1937075 -0.826592267 24.3138084
v 12.3161011 -0.808959246 24.2150879
v 12.3265285 -0.879000008 24.2217045
v 12.1368179 -0.74629879 24.2777138
v 12.2400703 -0.70165062 24.1668472
v 12.0719795 -0.868963301 24.240202
v 12.1937075 -0.93140775 24.3138084
v 12.3161011 -0.949040771 24.2150879
v 12.1836386 -0.677325726 24.1310425
v 12.2860737 -1.01063359 24.1960373
v 12.0496588 -0.728097677 24.2224121
v 12.1235847 -0.677325666 24.0929413
v 12.067153 -0.70165062 24.0571365
v 12.1368179 -1.01170111 24.2777138
v 12.2400703 -1.0563494 24.1668491
v 12.1836386 -1.08067441 24.1310425
v 11.973011 -0.780505538 24.1737823
v 12.0211496 -0.747366428 24.0279484
v 11.9911232 -0.808959186 24.0088959
v 12.0496578 -1.02990222 24.2224121
v 12.1235847 -1.08067429 24.0929413
v 12.067153 -1.0563494 24.0571365
v 11.9427414 -0.878999949 24.1545753
v 11.9806948 -0.878999949 24.0022793
v 11.9911232 -0.949040771 24.0088959
v 11.973011 -0.977494359 24.1737823
v 12.0211496 -1.01063347 24.0279484
v 12.2069025 -0.813665569 24.36306
v 12.0635214 -0.879000008 24.2539845
v 12.1788931 -0.75621134 24.3452892
v 12.21663 -0.879000068 24.3692322
v 12.1359806 -0.713567257 24.3180618
v 12.2069025 -0.944334567 24.36306
v 12.0833406 -0.690876901 24.2846622
v 12.1788931 -1.00178874 24.3452892
v 12.0273228 -0.690876842 24.2491207
v 12.1359806 -1.04443276 24.3180618
v 11.9746828 -0.713567257 24.2157211
v 12.0833406 -1.06712317 24.2846622
v 11.9317703 -0.756211281 24.1884937
v 12.0273228 -1.06712317 24.2491207
v 11.9037609 -0.81366545 24.170723
v 11.9746828 -1.04443276 24.2157211
v 11.8940334 -0.879000008 24.1645508
v 11.9317703 -1.00178874 24.1884937
v 11.9037609 -0.944334447 24.170723
v -19.0666847 7.49970484 4.04922247
v -19.0495358 7.42799997 3.99835587
v -19.0252857 7.42799997 4.04922247
v -19.0788097 7.47870302 3.99835587
v -19.1494808 7.49970484 4.04922247
v -19.0788097 7.37729692 3.99835587
v -19.0666847 7.35629511 4.04922247
v -19.1373558 7.47870302 3.99835587
v -19.1908798 7.42799997 4.04922247
v -19.1080818 7.42799997 3.97728658
v -19.1373558 7.37729692 3.99835587
v -19.1494808 7.35629511 4.04922247
v -19.1666298 7.42799997 3.99835587
v -19.0788097 7.47870302 4.10008955
v -19.0666847 7.49970484 4.04922247
v -19.0252857 7.42799997 4.04922247
v -19.1373558 7.47870302 4.10008955
v -19.1494808 7.49970484 4.04922247
v -19.0495358 7.42799997 4.10008955
v -19.0666847 7.35629511 4.04922247
v -19.1666298 7.42799997 4.10008955
v -19.1908798 7.42799997 4.04922247
v -19.1080818 7.42799997 4.12115908
v -19.0788097 7.37729692 4.10008955
v -19.1494808 7.35629511 4.04922247
v -19.1373558 7.37729692 4.10008955
v 13.8026619 -1.01891112 27.1805153
v 13.7571974 -0.878797531 27.2086468
v 13.7554693 -1.01706791 27.1505737
v 13.8463097 -0.999363422 27.20821
v 13.7571974 -0.878797531 27.2086468
v 13.8026619 -1.01891112 27.1805153
v 13.8803368 -0.961546063 27.2297993
v 13.7571974 -0.878797531 27.2086468
v 13.8463097 -0.999363422 27.20821
v 13.899579 -0.911199331 27.2420082
v 13.7571974 -0.878797531 27.2086468
v 13.8803368 -0.961546063 27.2297993
v 13.9011164 -0.855965137 27.2429829
v 13.7571974 -0.878797531 27.2086468
v 13.899579 -0.911199331 27.2420082
v 13.8847141 -0.804227591 27.2325764
v 13.7571974 -0.878797531 27.2086468
v 13.9011164 -0.855965137 27.2429829
v 13.8528614 -0.763839722 27.2123661
v 13.7571974 -0.878797531 27.2086468
v 13.8847141 -0.804227591 27.2325764
v 13.8103952 -0.740932107 27.1854229
v 13.7571974 -0.878797531 27.2086468
v 13.8528614 -0.763839722 27.2123661
v 13.7200356 -0.758284748 27.1280918
v 13.7571974 -0.878797531 27.2086468
v 13.7637606 -0.738981605 27.1558342
v 13.7637606 -0.738981605 27.1558342
v 13.7571974 -0.878797531 27.2086468
v 13.8103952 -0.740932107 27.1854229
v 13.6858578 -0.795911014 27.1064053
v 13.7571974 -0.878797531 27.2086468
v 13.7200356 -0.758284748 27.1280918
v 13.6664143 -0.846149445 27.0940704
v 13.7571974 -0.878797531 27.2086468
v 13.6858578 -0.795911014 27.1064053
v 13.6646576 -0.901374519 27.0929546
v 13.7571974 -0.878797531 27.2086468
v 13.6664143 -0.846149445 27.0940704
v 13.6808529 -0.953203321 27.1032314
v 13.7571974 -0.878797531 27.2086468
v 13.6646576 -0.901374519 27.0929546
v 13.7125435 -0.99376899 27.1233368
v 13.7571974 -0.878797531 27.2086468
v 13.6808529 -0.953203321 27.1032314
v 13.7554693 -1.01706791 27.1505737
v 13.7571974 -0.878797531 27.2086468
v 13.7125435 -0.99376899 27.1233368
v 13.7916737 -1.01891112 27.1978359
v 13.8026619 -1.01891112 27.1805153
v 13.7554693 -1.01706791 27.1505737
v 13.7444801 -1.01706791 27.1678925
v 13.7125435 -0.99376899 27.1233368
v 13.7428865 -1.00926781 27.1740303
v 13.7874031 -1.01096594 27.2022762
v 13.7554045 -0.878825307 27.2114601
v 13.7015543 -0.99376899 27.1406574
v 13.6808529 -0.953203321 27.1032314
v 13.702383 -0.98732841 27.1483326
v 13.6724663 -0.94909215 27.1293507
v 13.6571579 -0.900218785 27.1196384
v 13.6698647 -0.953203321 27.1205502
v 13.6646576 -0.901374519 27.0929546
v 13.6536684 -0.901374519 27.1102753
v 13.8901272 -0.855965137 27.2603016
v 13.9011164 -0.855965137 27.2429829
v 13.899579 -0.911199331 27.2420082
v 13.8885908 -0.911199331 27.2593269
v 13.8803368 -0.961546063 27.2297993
v 13.8787537 -0.909283876 27.2602348
v 13.8801689 -0.857183218 27.2611332
v 13.7554045 -0.878825307 27.2114601
v 13.8693485 -0.961546063 27.247118
v 13.8463097 -0.999363422 27.20821
v 13.8606339 -0.956789851 27.2487392
v 13.8285608 -0.992490172 27.2283897
v 13.7874031 -1.01096594 27.2022762
v 13.8353205 -0.999363422 27.2255287
v 13.8026619 -1.01891112 27.1805153
v 13.7916737 -1.01891112 27.1978359
v 13.7527714 -0.738981605 27.1731529
v 13.7637606 -0.738981605 27.1558342
v 13.8103952 -0.740932107 27.1854229
v 13.799407 -0.740932107 27.2027416
v 13.8528614 -0.763839722 27.2123661
v 13.7945261 -0.748756766 27.2067947
v 13.7505369 -0.746957242 27.1788845
v 13.7554045 -0.878825307 27.2114601
v 13.8418732 -0.763839722 27.2296867
v 13.8847141 -0.804227591 27.2325764
v 13.8345966 -0.770327747 27.2322197
v 13.864666 -0.808396161 27.251297
v 13.8801689 -0.857183218 27.2611332
v 13.8737249 -0.804227591 27.2498951
v 13.9011164 -0.855965137 27.2429829
v 13.8901272 -0.855965137 27.2603016
v 13.6536684 -0.901374519 27.1102753
v 13.6646576 -0.901374519 27.0929546
v 13.6664143 -0.846149445 27.0940704
v 13.6554251 -0.846149445 27.1113892
v 13.6858578 -0.795911014 27.1064053
v 13.658782 -0.848126829 27.1206684
v 13.6571579 -0.900218785 27.1196384
v 13.7554045 -0.878825307 27.2114601
v 13.6748686 -0.795911014 27.1237259
v 13.7200356 -0.758284748 27.1280918
v 13.6770906 -0.800722659 27.1322842
v 13.7093058 -0.765202284 27.1527252
v 13.7505369 -0.746957242 27.1788845
v 13.7090464 -0.758284748 27.1454105
v 13.7637606 -0.738981605 27.1558342
v 13.7527714 -0.738981605 27.1731529
v -26.323082 14.7147799 2.58121586
v -26.323082 14.7752209 2.58121586
v -26.323082 14.7752209 1.83878541
v -26.323082 14.7147799 1.83878541
v -27.0509186 14.7752209 2.58121586
v -27.0509186 14.7147799 2.58121586
v -27.0509186 14.7147799 1.83878541
v -27.0509186 14.7752209 1.83878541
v -26.323082 14.7147799 1.83878541
v -26.323082 14.7752209 1.83878541
v -27.0509186 14.7752209 1.83878541
v -27.0509186 14.7147799 1.83878541
v -27.0509186 14.7147799 2.58121586
v -27.0509186 14.7752209 2.58121586
v -26.323082 14.7752209 2.58121586
v -26.323082 14.7147799 2.58121586
v -27.0509186 14.7147799 2.58121586
v -27.0310879 14.7147799 2.55809665
v -27.0310879 14.7147799 1.86190212
v -27.0509186 14.7147799 1.83878541
v -27.0509186 14.7147799 1.83878541
v -27.0310879 14.7147799 1.86190212
v -26.3429146 14.7147799 1.86190212
v -26.323082 14.7147799 1.83878541
v -26.323082 14.7147799 1.83878541
v -26.3429146 14.7147799 1.86190212
v -26.3429146 14.7147799 2.55809665
v -26.323082 14.7147799 2.58121586
v -26.323082 14.7147799 2.58121586
v -26.3429146 14.7147799 2.55809665
v -27.0310879 14.7147799 2.55809665
v -27.0509186 14.7147799 2.58121586
v -27.0310879 14.7147799 2.55809665
v -27.0310879 14.724268 2.55809665
v -27.0310879 14.724268 1.86190212
v -27.0310879 14.7147799 1.86190212
v -27.0310879 14.7147799 1.86190212
v -27.0310879 14.724268 1.86190212
v -26.3429146 14.724268 1.86190212
v -26.3429146 14.7147799 1.86190212
v -26.3429146 14.7147799 1.86190212
v -26.3429146 14.724268 1.86190212
v -26.3429146 14.724268 2.55809665
v -26.3429146 14.7147799 2.55809665
v -26.3429146 14.7147799 2.55809665
v -26.3429146 14.724268 2.55809665
v -27.0310879 14.724268 2.55809665
v -27.0310879 14.7147799 2.55809665
v -27.0310879 14.724268 2.55809665
v -26.3429146 14.724268 2.55809665
v -26.3429146 14.724268 1.86190212
v -27.0310879 14.724268 1.86190212
v -6.0821228 7.54339933 2.49473906
v -6.09170771 7.54339933 2.49473906
v -6.09170771 7.54339933 1.64326072
v -6.0821228 7.54339933 1.64326072
v -6.09170771 7.54339933 2.49473906
v -6.09170771 7.35460281 2.49473906
v -6.09170771 7.35460281 1.64326072
v -6.09170771 7.54339933 1.64326072
v -6.09170771 7.35460281 2.49473906
v -6.0821228 7.35460281 2.49473906
v -6.0821228 7.35460281 1.64326072
v -6.09170771 7.35460281 1.64326072
v -6.0821228 7.35460281 1.64326072
v -6.0821228 7.54339933 1.64326072
v -6.09170771 7.54339933 1.64326072
v -6.09170771 7.35460281 1.64326072
v -6.09170771 7.35460281 2.49473906
v -6.09170771 7.54339933 2.49473906
v -6.0821228 7.54339933 2.49473906
v -6.0821228 7.35460281 2.49473906
v -23.8893967 7.49970484 -1.79672241
v -23.9065456 7.42799997 -1.74585593
v -23.9307957 7.42799997 -1.79672241
v -23.8772717 7.47870302 -1.74585593
v -23.8066006 7.49970484 -1.79672241
v -23.8772717 7.37729692 -1.74585593
v -23.8893967 7.35629511 -1.79672241
v -23.8187256 7.47870302 -1.74585593
v -23.7652016 7.42799997 -1.79672241
v -23.8479996 7.42799997 -1.72478664
v -23.8187256 7.37729692 -1.74585593
v -23.8066006 7.35629511 -1.79672241
v -23.7894516 7.42799997 -1.74585593
v -23.8772717 7.47870302 -1.84758961
v -23.8893967 7.49970484 -1.79672241
v -23.9307957 7.42799997 -1.79672241
v -23.8187256 7.47870302 -1.84758961
v -23.8066006 7.49970484 -1.79672241
v -23.9065456 7.42799997 -1.84758961
v -23.8893967 7.35629511 -1.79672241
v -23.7894516 7.42799997 -1.84758961
v -23.7652016 7.42799997 -1.79672241
v -23.8479996 7.42799997 -1.8686589
v -23.8772717 7.37729692 -1.84758961
v -23.8066006 7.35629511 -1.79672241
v -23.8187256 7.37729692 -1.84758961
v 12.115406 -1.01891112 24.1285992
v 12.1608706 -0.878797531 24.1004677
v 12.1625986 -1.01706791 24.1585407
v 12.0717583 -0.999363422 24.1009045
v 12.1608706 -0.878797531 24.1004677
v 12.115406 -1.01891112 24.1285992
v 12.0377312 -0.961546063 24.0793152
v 12.1608706 -0.878797531 24.1004677
v 12.0717583 -0.999363422 24.1009045
v 12.0184889 -0.911199331 24.0671062
v 12.1608706 -0.878797531 24.1004677
v 12.0377312 -0.961546063 24.0793152
v 12.0169516 -0.855965078 24.0661316
v 12.1608706 -0.878797531 24.1004677
v 12.0184889 -0.911199331 24.0671062
v 12.0333538 -0.804227591 24.0765381
v 12.1608706 -0.878797531 24.1004677
v 12.0169516 -0.855965078 24.0661316
v 12.0652065 -0.763839722 24.0967484
v 12.1608706 -0.878797531 24.1004677
v 12.0333538 -0.804227591 24.0765381
v 12.1076727 -0.740932107 24.1236916
v 12.1608706 -0.878797531 24.1004677
v 12.0652065 -0.763839722 24.0967484
v 12.1980324 -0.758284748 24.1810226
v 12.1608706 -0.878797531 24.1004677
v 12.1543074 -0.738981605 24.1532803
v 12.1543074 -0.738981605 24.1532803
v 12.1608706 -0.878797531 24.1004677
v 12.1076727 -0.740932107 24.1236916
v 12.2322102 -0.795911014 24.2027092
v 12.1608706 -0.878797531 24.1004677
v 12.1980324 -0.758284748 24.1810226
v 12.2516537 -0.846149445 24.215044
v 12.1608706 -0.878797531 24.1004677
v 12.2322102 -0.795911014 24.2027092
v 12.2534103 -0.901374519 24.2161598
v 12.1608706 -0.878797531 24.1004677
v 12.2516537 -0.846149445 24.215044
v 12.237215 -0.953203321 24.205883
v 12.1608706 -0.878797531 24.1004677
v 12.2534103 -0.901374519 24.2161598
v 12.2055244 -0.99376899 24.1857777
v 12.1608706 -0.878797531 24.1004677
v 12.237215 -0.953203321 24.205883
v 12.1625986 -1.01706791 24.1585407
v 12.1608706 -0.878797531 24.1004677
v 12.2055244 -0.99376899 24.1857777
v 12.1263943 -1.01891112 24.1112785
v 12.115406 -1.01891112 24.1285992
v 12.1625986 -1.01706791 24.1585407
v 12.1735878 -1.01706791 24.141222
v 12.2055244 -0.99376899 24.1857777
v 12.1751814 -1.00926781 24.1350842
v 12.1306648 -1.01096594 24.1068382
v 12.1626635 -0.878825307 24.0976543
v 12.2165136 -0.99376899 24.168457
v 12.237215 -0.953203321 24.205883
v 12.2156849 -0.98732841 24.1607819
v 12.2456017 -0.94909215 24.1797638
v 12.26091 -0.900218785 24.189476
v 12.2482033 -0.953203321 24.1885643
v 12.2534103 -0.901374519 24.2161598
v 12.2643995 -0.901374519 24.1988392
v 12.0279408 -0.855965078 24.0488129
v 12.0169516 -0.855965078 24.0661316
v 12.0184889 -0.911199331 24.0671062
v 12.0294771 -0.911199331 24.0497875
v 12.0377312 -0.961546063 24.0793152
v 12.0393143 -0.909283876 24.0488796
v 12.037899 -0.857183218 24.0479813
v 12.1626635 -0.878825307 24.0976543
v 12.0487194 -0.961546063 24.0619965
v 12.0717583 -0.999363422 24.1009045
v 12.0574341 -0.956789851 24.0603752
v 12.0895071 -0.992490172 24.0807247
v 12.1306648 -1.01096594 24.1068382
v 12.0827475 -0.999363422 24.0835857
v 12.115406 -1.01891112 24.1285992
v 12.1263943 -1.01891112 24.1112785
v 12.1652966 -0.738981605 24.1359615
v 12.1543074 -0.738981605 24.1532803
v 12.1076727 -0.740932107 24.1236916
v 12.1186609 -0.740932107 24.1063728
v 12.0652065 -0.763839722 24.0967484
v 12.1235418 -0.748756766 24.1023197
v 12.167531 -0.746957242 24.1302299
v 12.1626635 -0.878825307 24.0976543
v 12.0761948 -0.763839722 24.0794277
v 12.0333538 -0.804227591 24.0765381
v 12.0834713 -0.770327747 24.0768948
v 12.0534019 -0.808396161 24.0578175
v 12.037899 -0.857183218 24.0479813
v 12.044343 -0.804227591 24.0592194
v 12.0169516 -0.855965078 24.0661316
v 12.0279408 -0.855965078 24.0488129
v 12.2643995 -0.901374519 24.1988392
v 12.2534103 -0.901374519 24.2161598
v 12.2516537 -0.846149445 24.215044
v 12.2626429 -0.846149445 24.1977253
v 12.2322102 -0.795911014 24.2027092
v 12.2592859 -0.848126829 24.188446
v 12.26091 -0.900218785 24.189476
v 12.1626635 -0.878825307 24.0976543
v 12.2431993 -0.795911014 24.1853886
v 12.1980324 -0.758284748 24.1810226
v 12.2409773 -0.800722659 24.1768303
v 12.2087622 -0.765202284 24.1563892
v 12.167531 -0.746957242 24.1302299
v 12.2090216 -0.758284748 24.1637039
v 12.1543074 -0.738981605 24.1532803
v 12.1652966 -0.738981605 24.1359615
v -14.7033987 7.49970484 -1.7952224
v -14.7205458 7.42799997 -1.74435592
v -14.7447977 7.42799997 -1.7952224
v -14.6912737 7.47870302 -1.74435592
v -14.6206017 7.49970484 -1.7952224
v -14.6912737 7.37729692 -1.74435592
v -14.7033987 7.35629511 -1.7952224
v -14.6327267 7.47870302 -1.74435592
v -14.5792027 7.42799997 -1.7952224
v -14.6619997 7.42799997 -1.72328663
v -14.6327267 7.37729692 -1.74435592
v -14.6206017 7.35629511 -1.7952224
v -14.6034536 7.42799997 -1.74435592
v -14.6912737 7.47870302 -1.8460896
v -14.7033987 7.49970484 -1.7952224
v -14.7447977 7.42799997 -1.7952224
v -14.6327267 7.47870302 -1.8460896
v -14.6206017 7.49970484 -1.7952224
v -14.7205458 7.42799997 -1.8460896
v -14.7033987 7.35629511 -1.7952224
v -14.6034536 7.42799997 -1.8460896
v -14.5792027 7.42799997 -1.7952224
v -14.6619997 7.42799997 -1.86715889
v -14.6912737 7.37729692 -1.8460896
v -14.6206017 7.35629511 -1.7952224
v -14.6327267 7.37729692 -1.8460896
v -15.6296005 7.49970484 4.04922247
v -15.6124535 7.42799997 3.99835587
v -15.5882015 7.42799997 4.04922247
v -15.6417255 7.47870302 3.99835587
v -15.7123976 7.49970484 4.04922247
v -15.6417255 7.37729692 3.99835587
v -15.6296005 7.35629511 4.04922247
v -15.7002726 7.47870302 3.99835587
v -15.7537966 7.42799997 4.04922247
v -15.6709995 7.42799997 3.97728658
v -15.7002726 7.37729692 3.99835587
v -15.7123976 7.35629511 4.04922247
v -15.7295456 7.42799997 3.99835587
v -15.6417255 7.47870302 4.10008955
v -15.6296005 7.49970484 4.04922247
v -15.5882015 7.42799997 4.04922247
v -15.7002726 7.47870302 4.10008955
v -15.7123976 7.49970484 4.04922247
v -15.6124535 7.42799997 4.10008955
v -15.6296005 7.35629511 4.04922247
v -15.7295456 7.42799997 4.10008955
v -15.7537966 7.42799997 4.04922247
v -15.6709995 7.42799997 4.12115908
v -15.6417255 7.37729692 4.10008955
v -15.7123976 7.35629511 4.04922247
v -15.7002726 7.37729692 4.10008955
v 2.20391798 14.9460688 -26.5971184
v 2.20391798 15.0056095 -26.6075115
v 2.20391798 14.8779316 -27.3388824
v 2.20391798 14.8183908 -27.3284874
v 1.47608161 15.0056095 -26.6075115
v 1.47608161 14.9460688 -26.5971184
v 1.47608161 14.8183908 -27.3284874
v 1.47608161 14.8779316 -27.3388824
v 2.20391798 14.8183908 -27.3284874
v 2.20391798 14.8779316 -27.3388824
v 1.47608161 14.8779316 -27.3388824
v 1.47608161 14.8183908 -27.3284874
v 1.47608161 14.9460688 -26.5971184
v 1.47608161 15.0056095 -26.6075115
v 2.20391798 15.0056095 -26.6075115
v 2.20391798 14.9460688 -26.5971184
v 1.47608161 14.9460688 -26.5971184
v 1.49591315 14.9420929 -26.6198921
v 1.49591315 14.8223667 -27.3057156
v 1.47608161 14.8183908 -27.3284874
v 1.47608161 14.8183908 -27.3284874
v 1.49591315 14.8223667 -27.3057156
v 2.18408632 14.8223667 -27.3057156
v 2.20391798 14.8183908 -27.3284874
v 2.20391798 14.8183908 -27.3284874
v 2.18408632 14.8223667 -27.3057156
v 2.18408632 14.9420929 -26.6198921
v 2.20391798 14.9460688 -26.5971184
v 2.20391798 14.9460688 -26.5971184
v 2.18408632 14.9420929 -26.6198921
v 1.49591315 14.9420929 -26.6198921
v 1.47608161 14.9460688 -26.5971184
v 1.49591315 14.9420929 -26.6198921
v 1.49591315 14.9514399 -26.6215248
v 1.49591315 14.8317127 -27.3073463
v 1.49591315 14.8223667 -27.3057156
v 1.49591315 14.8223667 -27.3057156
v 1.49591315 14.8317127 -27.3073463
v 2.18408632 14.8317127 -27.3073463
v 2.18408632 14.8223667 -27.3057156
v 2.18408632 14.8223667 -27.3057156
v 2.18408632 14.8317127 -27.3073463
v 2.18408632 14.9514399 -26.6215248
v 2.18408632 14.9420929 -26.6198921
v 2.18408632 14.9420929 -26.6198921
v 2.18408632 14.9514399 -26.6215248
v 1.49591315 14.9514399 -26.6215248
v 1.49591315 14.9420929 -26.6198921
v 1.49591315 14.9514399 -26.6215248
v 2.18408632 14.9514399 -26.6215248
v 2.18408632 14.8317127 -27.3073463
v 1.49591315 14.8317127 -27.3073463
v 11.2585382 -1.01891112 25.5663261
v 11.2130737 -0.878797531 25.5944576
v 11.2113457 -1.01706791 25.5363846
v 11.302186 -0.999363422 25.5940208
v 11.2130737 -0.878797531 25.5944576
v 11.2585382 -1.01891112 25.5663261
v 11.3362131 -0.961546063 25.6156101
v 11.2130737 -0.878797531 25.5944576
v 11.302186 -0.999363422 25.5940208
v 11.3554554 -0.911199331 25.6278191
v 11.2130737 -0.878797531 25.5944576
v 11.3362131 -0.961546063 25.6156101
v 11.3569927 -0.855965137 25.6287937
v 11.2130737 -0.878797531 25.5944576
v 11.3554554 -0.911199331 25.6278191
v 11.3405895 -0.804227591 25.6183872
v 11.2130737 -0.878797531 25.5944576
v 11.3569927 -0.855965137 25.6287937
v 11.3087378 -0.763839722 25.598177
v 11.2130737 -0.878797531 25.5944576
v 11.3405895 -0.804227591 25.6183872
v 11.2662716 -0.740932107 25.5712337
v 11.2130737 -0.878797531 25.5944576
v 11.3087378 -0.763839722 25.598177
v 11.1759119 -0.758284748 25.5139027
v 11.2130737 -0.878797531 25.5944576
v 11.2196369 -0.738981605 25.5416451
v 11.2196369 -0.738981605 25.5416451
v 11.2130737 -0.878797531 25.5944576
v 11.2662716 -0.740932107 25.5712337
v 11.1417341 -0.795911014 25.4922161
v 11.2130737 -0.878797531 25.5944576
v 11.1759119 -0.758284748 25.5139027
v 11.1222906 -0.846149445 25.4798813
v 11.2130737 -0.878797531 25.5944576
v 11.1417341 -0.795911014 25.4922161
v 11.1205339 -0.901374519 25.4787655
v 11.2130737 -0.878797531 25.5944576
v 11.1222906 -0.846149445 25.4798813
v 11.1367292 -0.953203321 25.4890423
v 11.2130737 -0.878797531 25.5944576
v 11.1205339 -0.901374519 25.4787655
v 11.1684198 -0.99376899 25.5091476
v 11.2130737 -0.878797531 25.5944576
v 11.1367292 -0.953203321 25.4890423
v 11.2113457 -1.01706791 25.5363846
v 11.2130737 -0.878797531 25.5944576
v 11.1684198 -0.99376899 25.5091476
v 11.24755 -1.01891112 25.5836468
v 11.2585382 -1.01891112 25.5663261
v 11.2113457 -1.01706791 25.5363846
v 11.2003565 -1.01706791 25.5537033
v 11.1684198 -0.99376899 25.5091476
v 11.1987629 -1.00926781 25.5598412
v 11.2432795 -1.01096594 25.5880871
v 11.2112808 -0.878825307 25.597271
v 11.1574306 -0.99376899 25.5264683
v 11.1367292 -0.953203321 25.4890423
v 11.1582594 -0.98732841 25.5341434
v 11.1283426 -0.94909215 25.5151615
v 11.1130342 -0.900218785 25.5054493
v 11.125741 -0.953203321 25.506361
v 11.1205339 -0.901374519 25.4787655
v 11.1095448 -0.901374519 25.4960861
v 11.3460035 -0.855965137 25.6461124
v 11.3569927 -0.855965137 25.6287937
v 11.3554554 -0.911199331 25.6278191
v 11.3444672 -0.911199331 25.6451378
v 11.3362131 -0.961546063 25.6156101
v 11.33463 -0.909283876 25.6460457
v 11.3360453 -0.857183218 25.646944
v 11.2112808 -0.878825307 25.597271
v 11.3252249 -0.961546063 25.6329288
v 11.302186 -0.999363422 25.5940208
v 11.3165102 -0.956789851 25.6345501
v 11.2844372 -0.992490172 25.6142006
v 11.2432795 -1.01096594 25.5880871
v 11.2911968 -0.999363422 25.6113396
v 11.2585382 -1.01891112 25.5663261
v 11.24755 -1.01891112 25.5836468
v 11.2086477 -0.738981605 25.5589638
v 11.2196369 -0.738981605 25.5416451
v 11.2662716 -0.740932107 25.5712337
v 11.2552834 -0.740932107 25.5885525
v 11.3087378 -0.763839722 25.598177
v 11.2504025 -0.748756766 25.5926056
v 11.2064133 -0.746957242 25.5646954
v 11.2112808 -0.878825307 25.597271
v 11.2977495 -0.763839722 25.6154976
v 11.3405895 -0.804227591 25.6183872
v 11.290473 -0.770327747 25.6180305
v 11.3205423 -0.808396161 25.6371078
v 11.3360453 -0.857183218 25.646944
v 11.3296013 -0.804227591 25.6357059
v 11.3569927 -0.855965137 25.6287937
v 11.3460035 -0.855965137 25.6461124
v 11.1095448 -0.901374519 25.4960861
v 11.1205339 -0.901374519 25.4787655
v 11.1222906 -0.846149445 25.4798813
v 11.1113014 -0.846149445 25.4972
v 11.1417341 -0.795911014 25.4922161
v 11.1146584 -0.848126829 25.5064793
v 11.1130342 -0.900218785 25.5054493
v 11.2112808 -0.878825307 25.597271
v 11.1307449 -0.795911014 25.5095367
v 11.1759119 -0.758284748 25.5139027
v 11.132967 -0.800722659 25.518095
v 11.1651821 -0.765202284 25.5385361
v 11.2064133 -0.746957242 25.5646954
v 11.1649227 -0.758284748 25.5312214
v 11.2196369 -0.738981605 25.5416451
v 11.2086477 -0.738981605 25.5589638
v -12.0706015 7.49970484 4.04922247
v -12.0534544 7.42799997 3.99835587
v -12.0292025 7.42799997 4.04922247
v -12.0827265 7.47870302 3.99835587
v -12.1533985 7.49970484 4.04922247
v -12.0827265 7.37729692 3.99835587
v -12.0706015 7.35629511 4.04922247
v -12.1412735 7.47870302 3.99835587
v -12.1947975 7.42799997 4.04922247
v -12.1120005 7.42799997 3.97728658
v -12.1412735 7.37729692 3.99835587
v -12.1533985 7.35629511 4.04922247
v -12.1705465 7.42799997 3.99835587
v -12.0827265 7.47870302 4.10008955
v -12.0706015 7.49970484 4.04922247
v -12.0292025 7.42799997 4.04922247
v -12.1412735 7.47870302 4.10008955
v -12.1533985 7.49970484 4.04922247
v -12.0534544 7.42799997 4.10008955
v -12.0706015 7.35629511 4.04922247
v -12.1705465 7.42799997 4.10008955
v -12.1947975 7.42799997 4.04922247
v -12.1120005 7.42799997 4.12115908
v -12.0827265 7.37729692 4.10008955
v -12.1533985 7.35629511 4.04922247
v -12.1412735 7.37729692 4.10008955
v 12.2291508 0.334999055 25.8962212
v 12.3942175 0.401652664 25.9589119
v 12.3918314 0.334999055 25.9994392
v 12.4311352 0.399718136 25.9571991
v 12.4288874 0.336933583 25.9953728
v 12.6263056 0.336933583 25.6842232
v 12.4057884 0.41906324 25.9319096
v 12.6106396 0.399718136 25.674284
v 12.5811272 0.41906324 25.6555576
v 12.3943682 0.401104718 25.9583473
v 12.2296867 0.334587604 25.8957939
v 12.3919907 0.334587604 25.9987717
v 12.4307709 0.39920783 25.9567032
v 12.4285727 0.336559743 25.9947395
v 12.625658 0.336706817 25.6838112
v 12.4057436 0.418304116 25.9316616
v 12.6101122 0.399217427 25.6739483
v 12.5809584 0.418288618 25.6554508
v 12.2845449 0.418304116 25.854763
v 12.3943682 0.401104718 25.9583473
v 12.4057436 0.418304116 25.9316616
v 12.5809584 0.418288618 25.6554508
v 12.4598093 0.418288618 25.5785847
v 12.4306545 0.399217427 25.5600872
v 12.2652464 0.401104718 25.8764229
v 12.2296867 0.334587604 25.8957939
v 12.2177505 0.336559743 25.8609791
v 12.2512283 0.39920783 25.8427868
v 12.4151096 0.336706817 25.5502243
v 12.3942175 0.401652664 25.9589119
v 12.2843008 0.41906324 25.8548279
v 12.4057884 0.41906324 25.9319096
v 12.5811272 0.41906324 25.6555576
v 12.4596395 0.41906324 25.5784779
v 12.4301281 0.399718136 25.5597534
v 12.264801 0.401652664 25.8767986
v 12.2291508 0.334999055 25.8962212
v 12.2170439 0.336933583 25.8609638
v 12.2506237 0.399718136 25.8426685
v 12.4144621 0.336933583 25.5498123
v 24.398119 -0.97183764 25.9533806
v 24.3697872 -0.859802961 25.9722862
v 24.4172478 -0.859324634 25.9516888
v 24.3535843 -0.955103457 25.9737186
v 24.280447 -0.860061705 25.9682713
v 24.3422375 -1.07102084 25.9616184
v 24.2693291 -0.925458372 25.9692535
v 24.3062515 -1.03911328 25.9806976
v 24.2563419 -1.14491093 25.9754143
v 24.2368488 -0.98310715 25.9740429
v 24.2334976 -1.10169947 25.992382
v 24.150795 -1.18459594 25.9930992
v 24.1869221 -1.02605474 25.9820614
v 24.1440964 -1.13531327 26.0073605
v 24.0383244 -1.18528903 26.0125427
v 24.1255741 -1.04912102 25.9923401
v 24.0488319 -1.13590038 26.0238304
v 23.9324989 -1.14690673 26.0313988
v 24.0602036 -1.04952395 26.0036411
v 23.9591961 -1.10338998 26.0398026
v 23.8460789 -1.07407856 26.0473938
v 23.9986935 -1.02721477 26.0146008
v 23.8859978 -1.0417031 26.0533485
v 23.7894917 -0.975588441 26.0585976
v 23.9484634 -0.984884381 26.0238972
v 23.8380661 -0.958280385 26.0628395
v 23.7695599 -0.863316 26.0636578
v 23.9155731 -0.927638412 26.0304089
v 23.8211842 -0.863183677 26.0671272
v 23.7886887 -0.750802994 26.0619678
v 23.9039879 -0.862381697 26.0333519
v 23.8373871 -0.767883182 26.0656948
v 23.8445721 -0.651619911 26.0537281
v 23.9151058 -0.796984911 26.0323677
v 23.8847198 -0.683873475 26.0587158
v 23.9304657 -0.577729821 26.0399342
v 23.9475861 -0.739336193 26.0275803
v 23.9574738 -0.621287227 26.0470314
v 24.0360146 -0.538044751 26.0222473
v 23.9975109 -0.696388602 26.0195618
v 24.046875 -0.587673426 26.0320511
v 24.1484833 -0.537351727 26.0028038
v 24.0588608 -0.67332226 26.0092831
v 24.1421394 -0.58708632 26.015583
v 24.2543106 -0.575734019 25.9839478
v 24.1242313 -0.672919512 25.997982
v 24.2317753 -0.619596779 25.9996109
v 24.3407288 -0.648562193 25.9679546
v 24.1857414 -0.695228577 25.9870205
v 24.3049736 -0.681283593 25.986063
v 24.397316 -0.747052193 25.9567509
v 24.2359715 -0.737558961 25.9777241
v 24.3529053 -0.764706254 25.9765739
v 24.4172478 -0.859324634 25.9516888
v 24.2688618 -0.794804871 25.9712124
v 24.3697872 -0.859802961 25.9722862
v 24.280447 -0.860061705 25.9682713
v 24.3303909 -0.856528103 25.7445183
v 24.3628864 -0.968908906 25.7496777
v 24.3820152 -0.856395781 25.7479858
v 24.314188 -0.951828599 25.7459507
v 24.307003 -1.06809199 25.7579174
v 24.250824 -0.927486837 25.7862358
v 24.262743 -0.857379377 25.785181
v 24.2160034 -0.98928827 25.7913704
v 24.2668552 -1.0358386 25.7529297
v 24.2211094 -1.1419822 25.7717113
v 24.1624813 -1.03532946 25.7999649
v 24.1941013 -1.09842467 25.7646141
v 24.1155605 -1.18166721 25.7893963
v 24.0967159 -1.0600574 25.8109856
v 24.1047001 -1.13203847 25.7795944
v 24.0030918 -1.18236029 25.8088398
v 24.0266342 -1.06048918 25.8230991
v 24.0094357 -1.13262558 25.7960625
v 23.8972645 -1.143978 25.8276958
v 23.9606934 -1.03657305 25.8348503
v 23.9197998 -1.10011518 25.8120346
v 23.8108463 -1.07114971 25.8436909
v 23.9068451 -0.991193473 25.8448162
v 23.8466015 -1.03842831 25.8255825
v 23.7542591 -0.972659707 25.8548946
v 23.8715858 -0.929823995 25.8517971
v 23.7986698 -0.955005646 25.8350716
v 23.7343273 -0.860387266 25.8599567
v 23.8591671 -0.8598665 25.85495
v 23.7817879 -0.859908938 25.8393593
v 23.7534561 -0.7478742 25.8582649
v 23.8710861 -0.78975904 25.8538971
v 23.7979908 -0.764608324 25.8379269
v 23.8093376 -0.648691177 25.8500252
v 23.9059067 -0.727957606 25.8487625
v 23.8453236 -0.680598736 25.8309479
v 23.8952332 -0.574801087 25.8362312
v 23.9594269 -0.681916475 25.840168
v 23.9180775 -0.618012488 25.8192635
v 24.0007801 -0.535116076 25.8185463
v 24.0251942 -0.657188535 25.8291473
v 24.0074787 -0.584398627 25.8042831
v 24.1132507 -0.534422994 25.7991028
v 24.0952759 -0.656756699 25.8170319
v 24.1027431 -0.583811522 25.7878151
v 24.2190762 -0.572805226 25.7802467
v 24.1612167 -0.680672884 25.8052826
v 24.192379 -0.616322041 25.771843
v 24.3054962 -0.645633459 25.7642517
v 24.2150631 -0.726052463 25.7953167
v 24.2655773 -0.678008795 25.7582951
v 24.3620834 -0.74412334 25.7530479
v 24.2503242 -0.787422001 25.7883358
v 24.313509 -0.761431456 25.748806
v 24.3820152 -0.856395781 25.7479858
v 24.262743 -0.857379377 25.785181
v 24.3303909 -0.856528103 25.7445183
v 24.3628864 -0.968908906 25.7496777
v 24.4172478 -0.859324634 25.9516888
v 24.3820152 -0.856395781 25.7479858
v 24.398119 -0.97183764 25.9533806
v 24.307003 -1.06809199 25.7579174
v 24.3422375 -1.07102084 25.9616184
v 24.2211094 -1.1419822 25.7717113
v 24.2563419 -1.14491093 25.9754143
v 24.1155605 -1.18166721 25.7893963
v 24.150795 -1.18459594 25.9930992
v 24.0030918 -1.18236029 25.8088398
v 24.0383244 -1.18528903 26.0125427
v 23.8972645 -1.143978 25.8276958
v 23.9324989 -1.14690673 26.0313988
v 23.8108463 -1.07114971 25.8436909
v 23.8460789 -1.07407856 26.0473938
v 23.7542591 -0.972659707 25.8548946
v 23.7894917 -0.975588441 26.0585976
v 23.7343273 -0.860387266 25.8599567
v 23.7695599 -0.863316 26.0636578
v 23.7534561 -0.7478742 25.8582649
v 23.7886887 -0.750802994 26.0619678
v 23.8093376 -0.648691177 25.8500252
v 23.8445721 -0.651619911 26.0537281
v 23.8952332 -0.574801087 25.8362312
v 23.9304657 -0.577729821 26.0399342
v 24.0007801 -0.535116076 25.8185463
v 24.0360146 -0.538044751 26.0222473
v 24.1132507 -0.534422994 25.7991028
v 24.1484833 -0.537351727 26.0028038
v 24.2190762 -0.572805226 25.7802467
v 24.2543106 -0.575734019 25.9839478
v 24.3054962 -0.645633459 25.7642517
v 24.3407288 -0.648562193 25.9679546
v 24.3620834 -0.74412334 25.7530479
v 24.397316 -0.747052193 25.9567509
v 24.3820152 -0.856395781 25.7479858
v 24.4172478 -0.859324634 25.9516888
v 24.2150631 -0.726052463 25.7953167
v 24.2260475 -0.807468951 25.9434013
v 24.2503242 -0.787422001 25.7883358
v 24.262743 -0.857379377 25.785181
v 24.1593723 -0.727594197 25.9560833
v 24.1612167 -0.680672884 25.8052826
v 24.0865822 -0.850742042 25.9700108
v 24.2264214 -0.912272036 25.9418316
v 24.250824 -0.927486837 25.7862358
v 24.0952759 -0.656756699 25.8170319
v 24.2160034 -0.98928827 25.7913704
v 24.0575943 -0.710022092 25.9739399
v 24.0251942 -0.657188535 25.8291473
v 23.9594269 -0.681916475 25.840168
v 24.1603203 -0.992964983 25.9521046
v 24.1624813 -1.03532946 25.7999649
v 24.0967159 -1.0600574 25.8109856
v 23.968338 -0.762974918 25.9886169
v 23.9059067 -0.727957606 25.8487625
v 23.8710861 -0.78975904 25.8538971
v 24.058672 -1.01179075 25.9694138
v 24.0266342 -1.06048918 25.8230991
v 23.9606934 -1.03657305 25.8348503
v 23.9333649 -0.861675322 25.9932461
v 23.8591671 -0.8598665 25.85495
v 23.8715858 -0.929823995 25.8517971
v 23.9690418 -0.959940314 25.9856625
v 23.9068451 -0.991193473 25.8448162
v 24.2688618 -0.794804871 25.9712124
v 24.089613 -0.861005127 25.9857502
v 24.2359715 -0.737558961 25.9777241
v 24.280447 -0.860061705 25.9682713
v 24.1857414 -0.695228577 25.9870205
v 24.2693291 -0.925458372 25.9692535
v 24.1242313 -0.672919512 25.997982
v 24.2368488 -0.98310715 25.9740429
v 24.0588608 -0.67332226 26.0092831
v 24.1869221 -1.02605474 25.9820614
v 23.9975109 -0.696388602 26.0195618
v 24.1255741 -1.04912102 25.9923401
v 23.9475861 -0.739336193 26.0275803
v 24.0602036 -1.04952395 26.0036411
v 23.9151058 -0.796984911 26.0323677
v 23.9986935 -1.02721477 26.0146008
v 23.9039879 -0.862381697 26.0333519
v 23.9484634 -0.984884381 26.0238972
v 23.9155731 -0.927638412 26.0304089
v -1.55408204 16.3440685 -18.4331188
v -1.55408204 16.4036083 -18.443512
v -1.55408204 16.2759304 -19.1748829
v -1.55408204 16.2163906 -19.1644878
v -2.28191853 16.4036083 -18.443512
v -2.28191853 16.3440685 -18.4331188
v -2.28191853 16.2163906 -19.1644878
v -2.28191853 16.2759304 -19.1748829
v -1.55408204 16.2163906 -19.1644878
v -1.55408204 16.2759304 -19.1748829
v -2.28191853 16.2759304 -19.1748829
v -2.28191853 16.2163906 -19.1644878
v -2.28191853 16.3440685 -18.4331188
v -2.28191853 16.4036083 -18.443512
v -1.55408204 16.4036083 -18.443512
v -1.55408204 16.3440685 -18.4331188
v -2.28191853 16.3440685 -18.4331188
v -2.26208687 16.3400936 -18.4558926
v -2.26208687 16.2203655 -19.141716
v -2.28191853 16.2163906 -19.1644878
v -2.28191853 16.2163906 -19.1644878
v -2.26208687 16.2203655 -19.141716
v -1.57391357 16.2203655 -19.141716
v -1.55408204 16.2163906 -19.1644878
v -1.55408204 16.2163906 -19.1644878
v -1.57391357 16.2203655 -19.141716
v -1.57391357 16.3400936 -18.4558926
v -1.55408204 16.3440685 -18.4331188
v -1.55408204 16.3440685 -18.4331188
v -1.57391357 16.3400936 -18.4558926
v -2.26208687 16.3400936 -18.4558926
v -2.28191853 16.3440685 -18.4331188
v -2.26208687 16.3400936 -18.4558926
v -2.26208687 16.3494396 -18.4575253
v -2.26208687 16.2297134 -19.1433468
v -2.26208687 16.2203655 -19.141716
v -2.26208687 16.2203655 -19.141716
v -2.26208687 16.2297134 -19.1433468
v -1.57391357 16.2297134 -19.1433468
v -1.57391357 16.2203655 -19.141716
v -1.57391357 16.2203655 -19.141716
v -1.57391357 16.2297134 -19.1433468
v -1.57391357 16.3494396 -18.4575253
v -1.57391357 16.3400936 -18.4558926
v -1.57391357 16.3400936 -18.4558926
v -1.57391357 16.3494396 -18.4575253
v -2.26208687 16.3494396 -18.4575253
v -2.26208687 16.3400936 -18.4558926
v -2.26208687 16.3494396 -18.4575253
v -1.57391357 16.3494396 -18.4575253
v -1.57391357 16.2297134 -19.1433468
v -2.26208687 16.2297134 -19.1433468
v -14.3026009 7.49970484 4.04922247
v -14.2854538 7.42799997 3.99835587
v -14.2612019 7.42799997 4.04922247
v -14.3147259 7.47870302 3.99835587
v -14.3853979 7.49970484 4.04922247
v -14.3147259 7.37729692 3.99835587
v -14.3026009 7.35629511 4.04922247
v -14.3732729 7.47870302 3.99835587
v -14.4267969 7.42799997 4.04922247
v -14.3439999 7.42799997 3.97728658
v -14.3732729 7.37729692 3.99835587
v -14.3853979 7.35629511 4.04922247
v -14.4025459 7.42799997 3.99835587
v -14.3147259 7.47870302 4.10008955
v -14.3026009 7.49970484 4.04922247
v -14.2612019 7.42799997 4.04922247
v -14.3732729 7.47870302 4.10008955
v -14.3853979 7.49970484 4.04922247
v -14.2854538 7.42799997 4.10008955
v -14.3026009 7.35629511 4.04922247
v -14.4025459 7.42799997 4.10008955
v -14.4267969 7.42799997 4.04922247
v -14.3439999 7.42799997 4.12115908
v -14.3147259 7.37729692 4.10008955
v -14.3853979 7.35629511 4.04922247
v -14.3732729 7.37729692 4.10008955
v -20.2076855 7.49970484 4.04922247
v -20.1905365 7.42799997 3.99835587
v -20.1662865 7.42799997 4.04922247
v -20.2198105 7.47870302 3.99835587
v -20.2904816 7.49970484 4.04922247
v -20.2198105 7.37729692 3.99835587
v -20.2076855 7.35629511 4.04922247
v -20.2783566 7.47870302 3.99835587
v -20.3318806 7.42799997 4.04922247
v -20.2490826 7.42799997 3.97728658
v -20.2783566 7.37729692 3.99835587
v -20.2904816 7.35629511 4.04922247
v -20.3076305 7.42799997 3.99835587
v -20.2198105 7.47870302 4.10008955
v -20.2076855 7.49970484 4.04922247
v -20.1662865 7.42799997 4.04922247
v -20.2783566 7.47870302 4.10008955
v -20.2904816 7.49970484 4.04922247
v -20.1905365 7.42799997 4.10008955
v -20.2076855 7.35629511 4.04922247
v -20.3076305 7.42799997 4.10008955
v -20.3318806 7.42799997 4.04922247
v -20.2490826 7.42799997 4.12115908
v -20.2198105 7.37729692 4.10008955
v -20.2904816 7.35629511 4.04922247
v -20.2783566 7.37729692 4.10008955
v -1.61608207 14.9460688 -26.5971184
v -1.61608207 15.0056095 -26.6075115
v -1.61608207 14.8779316 -27.3388824
v -1.61608207 14.8183908 -27.3284874
v -2.34391832 15.0056095 -26.6075115
v -2.34391832 14.9460688 -26.5971184
v -2.34391832 14.8183908 -27.3284874
v -2.34391832 14.8779316 -27.3388824
v -1.61608207 14.8183908 -27.3284874
v -1.61608207 14.8779316 -27.3388824
v -2.34391832 14.8779316 -27.3388824
v -2.34391832 14.8183908 -27.3284874
v -2.34391832 14.9460688 -26.5971184
v -2.34391832 15.0056095 -26.6075115
v -1.61608207 15.0056095 -26.6075115
v -1.61608207 14.9460688 -26.5971184
v -2.34391832 14.9460688 -26.5971184
v -2.3240869 14.9420929 -26.6198921
v -2.3240869 14.8223667 -27.3057156
v -2.34391832 14.8183908 -27.3284874
v -2.34391832 14.8183908 -27.3284874
v -2.3240869 14.8223667 -27.3057156
v -1.63591361 14.8223667 -27.3057156
v -1.61608207 14.8183908 -27.3284874
v -1.61608207 14.8183908 -27.3284874
v -1.63591361 14.8223667 -27.3057156
v -1.63591361 14.9420929 -26.6198921
v -1.61608207 14.9460688 -26.5971184
v -1.61608207 14.9460688 -26.5971184
v -1.63591361 14.9420929 -26.6198921
v -2.3240869 14.9420929 -26.6198921
v -2.34391832 14.9460688 -26.5971184
v -2.3240869 14.9420929 -26.6198921
v -2.3240869 14.9514399 -26.6215248
v -2.3240869 14.8317127 -27.3073463
v -2.3240869 14.8223667 -27.3057156
v -2.3240869 14.8223667 -27.3057156
v -2.3240869 14.8317127 -27.3073463
v -1.63591361 14.8317127 -27.3073463
v -1.63591361 14.8223667 -27.3057156
v -1.63591361 14.8223667 -27.3057156
v -1.63591361 14.8317127 -27.3073463
v -1.63591361 14.9514399 -26.6215248
v -1.63591361 14.9420929 -26.6198921
v -1.63591361 14.9420929 -26.6198921
v -1.63591361 14.9514399 -26.6215248
v -2.3240869 14.9514399 -26.6215248
v -2.3240869 14.9420929 -26.6198921
v -2.3240869 14.9514399 -26.6215248
v -1.63591361 14.9514399 -26.6215248
v -1.63591361 14.8317127 -27.3073463
v -2.3240869 14.8317127 -27.3073463
v 11.2797298 -0.312470168 24.3841553
v 11.2640638 -0.280544907 24.3742161
v 11.2764559 -0.278852135 24.3820782
v 11.2673388 -0.31416294 24.3762932
v 11.2813425 -0.329029977 24.3851795
v 11.2689514 -0.330722749 24.3773174
v 11.1875191 -0.341847181 24.3256493
v 11.1540775 -0.329635441 24.3044319
v 11.2842054 -0.280544907 24.3424702
v 11.2998714 -0.312470168 24.3524094
v 11.2965975 -0.278852135 24.3503323
v 11.2874804 -0.31416294 24.3445473
v 11.3014841 -0.329029977 24.3534336
v 11.289093 -0.330722749 24.3455715
v 11.2076607 -0.341847181 24.2939034
v 11.1742191 -0.329635441 24.272686
v 11.2965975 -0.278852135 24.3503323
v 11.2797298 -0.312470168 24.3841553
v 11.2764559 -0.278852135 24.3820782
v 11.2998714 -0.312470168 24.3524094
v 11.2813425 -0.329029977 24.3851795
v 11.3014841 -0.329029977 24.3534336
v 11.3014841 -0.329029977 24.3534336
v 11.2689514 -0.330722749 24.3773174
v 11.2813425 -0.329029977 24.3851795
v 11.289093 -0.330722749 24.3455715
v 11.1875191 -0.341847181 24.3256493
v 11.2076607 -0.341847181 24.2939034
v 11.1540775 -0.329635441 24.3044319
v 11.2076607 -0.341847181 24.2939034
v 11.1742191 -0.329635441 24.272686
v 11.1875191 -0.341847181 24.3256493
v 11.2745705 -0.272543728 24.3836918
v 10.9472132 -0.323521376 24.1759911
v 10.9466124 -0.317345738 24.1756096
v 11.2751713 -0.278719336 24.3840733
v 11.2972536 -0.272543728 24.3479404
v 10.9698973 -0.323521376 24.1402397
v 11.2978554 -0.278719336 24.3483219
v 10.9692955 -0.317345738 24.1398582
v 11.2745705 -0.272543728 24.3836918
v 11.2978554 -0.278719336 24.3483219
v 11.2751713 -0.278719336 24.3840733
v 11.2972536 -0.272543728 24.3479404
v 11.2751713 -0.278719336 24.3840733
v 10.9698973 -0.323521376 24.1402397
v 10.9472132 -0.323521376 24.1759911
v 11.2978554 -0.278719336 24.3483219
v 10.9472132 -0.323521376 24.1759911
v 10.9692955 -0.317345738 24.1398582
v 10.9466124 -0.317345738 24.1756096
v 10.9698973 -0.323521376 24.1402397
v 10.9466124 -0.317345738 24.1756096
v 11.2972536 -0.272543728 24.3479404
v 11.2745705 -0.272543728 24.3836918
v 10.9692955 -0.317345738 24.1398582
v 11.0909529 -0.338258743 24.2643814
v 11.0752878 -0.306333631 24.2544422
v 11.0876789 -0.304640859 24.2623043
v 11.0785618 -0.339951515 24.2565193
v 11.0925665 -0.354818553 24.2654037
v 11.0801744 -0.356511325 24.2575417
v 11.0016956 -0.367232203 24.2077484
v 10.9682541 -0.355020523 24.1865311
v 11.0954294 -0.306333482 24.2226963
v 11.1110945 -0.338258743 24.2326355
v 11.1078205 -0.30464071 24.2305584
v 11.0987034 -0.339951515 24.2247734
v 11.1127081 -0.354818553 24.2336597
v 11.100316 -0.356511325 24.2257977
v 11.0218382 -0.367232203 24.1760044
v 10.9883957 -0.355020523 24.1547852
v 11.1078205 -0.30464071 24.2305584
v 11.0909529 -0.338258743 24.2643814
v 11.0876789 -0.304640859 24.2623043
v 11.1110945 -0.338258743 24.2326355
v 11.0925665 -0.354818553 24.2654037
v 11.1127081 -0.354818553 24.2336597
v 11.1127081 -0.354818553 24.2336597
v 11.0801744 -0.356511325 24.2575417
v 11.0925665 -0.354818553 24.2654037
v 11.100316 -0.356511325 24.2257977
v 11.0016956 -0.367232203 24.2077484
v 11.0218382 -0.367232203 24.1760044
v 10.9682541 -0.355020523 24.1865311
v 11.0218382 -0.367232203 24.1760044
v 10.9883957 -0.355020523 24.1547852
v 11.0016956 -0.367232203 24.2077484
v 11.2764559 -0.278852135 24.3820782
v 11.2842054 -0.280544907 24.3424702
v 11.2965975 -0.278852135 24.3503323
v 11.2640638 -0.280544907 24.3742161
v 11.0876789 -0.304640859 24.2623043
v 11.0954294 -0.306333482 24.2226963
v 11.1078205 -0.30464071 24.2305584
v 11.0752878 -0.306333631 24.2544422
v 11.2874804 -0.31416294 24.3445473
v 11.1540775 -0.329635441 24.3044319
v 11.1742191 -0.329635441 24.272686
v 11.2673388 -0.31416294 24.3762932
v 11.0987034 -0.339951515 24.2247734
v 10.9682541 -0.355020523 24.1865311
v 10.9883957 -0.355020523 24.1547852
v 11.0785618 -0.339951515 24.2565193
v 11.2842054 -0.280544907 24.3424702
v 11.2673388 -0.31416294 24.3762932
v 11.2874804 -0.31416294 24.3445473
v 11.2640638 -0.280544907 24.3742161
v 11.0954294 -0.306333482 24.2226963
v 11.0785618 -0.339951515 24.2565193
v 11.0987034 -0.339951515 24.2247734
v 11.0752878 -0.306333631 24.2544422
v 11.0741873 -0.312470168 24.7081108
v 11.0585213 -0.280544907 24.6981716
v 11.0709124 -0.278852135 24.7060337
v 11.0617952 -0.31416294 24.7002487
v 11.0757999 -0.329029977 24.7091351
v 11.0634089 -0.330722749 24.701273
v 10.9819756 -0.341847181 24.6496067
v 10.948534 -0.329635441 24.6283875
v 11.0786629 -0.280544907 24.6664276
v 11.0943289 -0.312470168 24.6763668
v 11.091054 -0.278852135 24.6742897
v 11.0819378 -0.31416294 24.6685047
v 11.0959415 -0.329029977 24.6773891
v 11.0835505 -0.330722749 24.6695271
v 11.0021172 -0.341847181 24.6178608
v 10.9686756 -0.329635441 24.5966415
v 11.091054 -0.278852135 24.6742897
v 11.0741873 -0.312470168 24.7081108
v 11.0709124 -0.278852135 24.7060337
v 11.0943289 -0.312470168 24.6763668
v 11.0757999 -0.329029977 24.7091351
v 11.0959415 -0.329029977 24.6773891
v 11.0959415 -0.329029977 24.6773891
v 11.0634089 -0.330722749 24.701273
v 11.0757999 -0.329029977 24.7091351
v 11.0835505 -0.330722749 24.6695271
v 10.9819756 -0.341847181 24.6496067
v 11.0021172 -0.341847181 24.6178608
v 10.948534 -0.329635441 24.6283875
v 11.0021172 -0.341847181 24.6178608
v 10.9686756 -0.329635441 24.5966415
v 10.9819756 -0.341847181 24.6496067
v 11.0690269 -0.272543728 24.7076473
v 10.7416706 -0.323521376 24.4999466
v 10.7410688 -0.317345738 24.4995651
v 11.0696287 -0.278719336 24.7080288
v 11.091711 -0.272543728 24.671896
v 10.7643538 -0.323521376 24.4641953
v 11.0923119 -0.278719336 24.6722775
v 10.763752 -0.317345738 24.4638138
v 11.0690269 -0.272543728 24.7076473
v 11.0923119 -0.278719336 24.6722775
v 11.0696287 -0.278719336 24.7080288
v 11.091711 -0.272543728 24.671896
v 11.0696287 -0.278719336 24.7080288
v 10.7643538 -0.323521376 24.4641953
v 10.7416706 -0.323521376 24.4999466
v 11.0923119 -0.278719336 24.6722775
v 10.7416706 -0.323521376 24.4999466
v 10.763752 -0.317345738 24.4638138
v 10.7410688 -0.317345738 24.4995651
v 10.7643538 -0.323521376 24.4641953
v 10.7410688 -0.317345738 24.4995651
v 11.091711 -0.272543728 24.671896
v 11.0690269 -0.272543728 24.7076473
v 10.763752 -0.317345738 24.4638138
v 10.8854103 -0.338258743 24.5883369
v 10.8697443 -0.306333631 24.5783978
v 10.8821354 -0.304640859 24.5862598
v 10.8730192 -0.339951515 24.5804749
v 10.887023 -0.354818553 24.5893612
v 10.8746319 -0.356511325 24.5814991
v 10.7961531 -0.367232203 24.5317059
v 10.7627115 -0.355020523 24.5104866
v 10.8898859 -0.306333631 24.5466518
v 10.9055519 -0.338258743 24.556591
v 10.9022779 -0.304640859 24.5545139
v 10.8931608 -0.339951515 24.5487289
v 10.9071646 -0.354818553 24.5576153
v 10.8947735 -0.356511325 24.5497532
v 10.8162947 -0.367232203 24.4999599
v 10.7828531 -0.355020523 24.4787426
v 10.9022779 -0.304640859 24.5545139
v 10.8854103 -0.338258743 24.5883369
v 10.8821354 -0.304640859 24.5862598
v 10.9055519 -0.338258743 24.556591
v 10.887023 -0.354818553 24.5893612
v 10.9071646 -0.354818553 24.5576153
v 10.9071646 -0.354818553 24.5576153
v 10.8746319 -0.356511325 24.5814991
v 10.887023 -0.354818553 24.5893612
v 10.8947735 -0.356511325 24.5497532
v 10.7961531 -0.367232203 24.5317059
v 10.8162947 -0.367232203 24.4999599
v 10.7627115 -0.355020523 24.5104866
v 10.8162947 -0.367232203 24.4999599
v 10.7828531 -0.355020523 24.4787426
v 10.7961531 -0.367232203 24.5317059
v 11.0709124 -0.278852135 24.7060337
v 11.0786629 -0.280544907 24.6664276
v 11.091054 -0.278852135 24.6742897
v 11.0585213 -0.280544907 24.6981716
v 10.8821354 -0.304640859 24.5862598
v 10.8898859 -0.306333631 24.5466518
v 10.9022779 -0.304640859 24.5545139
v 10.8697443 -0.306333631 24.5783978
v 11.0819378 -0.31416294 24.6685047
v 10.948534 -0.329635441 24.6283875
v 10.9686756 -0.329635441 24.5966415
v 11.0617952 -0.31416294 24.7002487
v 10.8931608 -0.339951515 24.5487289
v 10.7627115 -0.355020523 24.5104866
v 10.7828531 -0.355020523 24.4787426
v 10.8730192 -0.339951515 24.5804749
v 11.0786629 -0.280544907 24.6664276
v 11.0617952 -0.31416294 24.7002487
v 11.0819378 -0.31416294 24.6685047
v 11.0585213 -0.280544907 24.6981716
v 10.8898859 -0.306333631 24.5466518
v 10.8730192 -0.339951515 24.5804749
v 10.8931608 -0.339951515 24.5487289
v 10.8697443 -0.306333631 24.5783978
v 11.1697626 -0.296267241 24.2686977
v 10.9437208 -0.302442878 24.6262913
v 10.943119 -0.296267241 24.6259098
v 11.1703644 -0.302442878 24.2690792
v 11.1342468 -0.30111903 24.2461624
v 10.908205 -0.307294667 24.6037579
v 11.1348486 -0.307294667 24.2465439
v 10.9076033 -0.30111903 24.6033764
v 11.1697626 -0.296267241 24.2686977
v 11.1348486 -0.307294667 24.2465439
v 11.1703644 -0.302442878 24.2690792
v 11.1342468 -0.30111903 24.2461624
v 11.1703644 -0.302442878 24.2690792
v 10.908205 -0.307294667 24.6037579
v 10.9437208 -0.302442878 24.6262913
v 11.1348486 -0.307294667 24.2465439
v 10.9437208 -0.302442878 24.6262913
v 10.9076033 -0.30111903 24.6033764
v 10.943119 -0.296267241 24.6259098
v 10.908205 -0.307294667 24.6037579
v 10.943119 -0.296267241 24.6259098
v 11.1342468 -0.30111903 24.2461624
v 11.1697626 -0.296267241 24.2686977
v 10.9076033 -0.30111903 24.6033764
v 10.9054241 -0.330043733 24.326416
v 10.9296026 -0.350967079 24.3417568
v 10.9048233 -0.323868096 24.3260345
v 10.9283848 -0.35701406 24.3409824
v 10.9754496 -0.348899305 24.3708439
v 10.9757576 -0.342788011 24.3710403
v 11.0511398 -0.310138702 24.418869
v 11.0505381 -0.303963065 24.4184856
v 11.1329737 -0.321310967 24.4707909
v 11.134449 -0.327178597 24.4717255
v 11.1794891 -0.316830456 24.5003033
v 11.181838 -0.322390169 24.5017929
v 11.1990099 -0.289937377 24.5126877
v 11.1984081 -0.28376174 24.5123062
v 10.9069195 -0.350967079 24.3775082
v 10.882741 -0.330043733 24.3621674
v 10.8821402 -0.323868096 24.3617859
v 10.9057016 -0.35701406 24.3767338
v 10.9527664 -0.348899305 24.4065952
v 10.9530745 -0.342788011 24.4067917
v 11.0284557 -0.310138702 24.4546204
v 11.0278549 -0.303963065 24.454237
v 11.1102905 -0.321310967 24.5065422
v 11.1117659 -0.327178597 24.5074768
v 11.156806 -0.316830456 24.5360546
v 11.1591539 -0.322390169 24.5375443
v 11.1763268 -0.289937377 24.548439
v 11.175725 -0.28376174 24.5480576
v 10.9048233 -0.323868096 24.3260345
v 10.882741 -0.330043733 24.3621674
v 10.9054241 -0.330043733 24.326416
v 10.8821402 -0.323868096 24.3617859
v 10.882741 -0.330043733 24.3621674
v 10.9283848 -0.35701406 24.3409824
v 10.9054241 -0.330043733 24.326416
v 10.9057016 -0.35701406 24.3767338
v 10.9754496 -0.348899305 24.3708439
v 10.9527664 -0.348899305 24.4065952
v 11.0511398 -0.310138702 24.418869
v 11.0284557 -0.310138702 24.4546204
v 11.134449 -0.327178597 24.4717255
v 11.1117659 -0.327178597 24.5074768
v 11.181838 -0.322390169 24.5017929
v 11.1591539 -0.322390169 24.5375443
v 11.1990099 -0.289937377 24.5126877
v 11.1763268 -0.289937377 24.548439
v 10.9048233 -0.323868096 24.3260345
v 10.9069195 -0.350967079 24.3775082
v 10.8821402 -0.323868096 24.3617859
v 10.9296026 -0.350967079 24.3417568
v 10.9530745 -0.342788011 24.4067917
v 10.9757576 -0.342788011 24.3710403
v 11.0278549 -0.303963065 24.454237
v 11.0505381 -0.303963065 24.4184856
v 11.1102905 -0.321310967 24.5065422
v 11.1329737 -0.321310967 24.4707909
v 11.156806 -0.316830456 24.5360546
v 11.1794891 -0.316830456 24.5003033
v 11.175725 -0.28376174 24.5480576
v 11.1984081 -0.28376174 24.5123062
v 11.175725 -0.28376174 24.5480576
v 11.1990099 -0.289937377 24.5126877
v 11.1763268 -0.289937377 24.548439
v 11.1984081 -0.28376174 24.5123062
v -9.15608215 15.3400688 -24.3231182
v -9.15608215 15.3996096 -24.3335114
v -9.15608215 15.2719316 -25.0648823
v -9.15608215 15.2123909 -25.0544872
v -9.88391876 15.3996096 -24.3335114
v -9.88391876 15.3400688 -24.3231182
v -9.88391876 15.2123909 -25.0544872
v -9.88391876 15.2719316 -25.0648823
v -9.15608215 15.2123909 -25.0544872
v -9.15608215 15.2719316 -25.0648823
v -9.88391876 15.2719316 -25.0648823
v -9.88391876 15.2123909 -25.0544872
v -9.88391876 15.3400688 -24.3231182
v -9.88391876 15.3996096 -24.3335114
v -9.15608215 15.3996096 -24.3335114
v -9.15608215 15.3400688 -24.3231182
v -9.88391876 15.3400688 -24.3231182
v -9.8640871 15.3360929 -24.345892
v -9.8640871 15.2163668 -25.0317154
v -9.88391876 15.2123909 -25.0544872
v -9.88391876 15.2123909 -25.0544872
v -9.8640871 15.2163668 -25.0317154
v -9.17591381 15.2163668 -25.0317154
v -9.15608215 15.2123909 -25.0544872
v -9.15608215 15.2123909 -25.0544872
v -9.17591381 15.2163668 -25.0317154
v -9.17591381 15.3360929 -24.345892
v -9.15608215 15.3400688 -24.3231182
v -9.15608215 15.3400688 -24.3231182
v -9.17591381 15.3360929 -24.345892
v -9.8640871 15.3360929 -24.345892
v -9.88391876 15.3400688 -24.3231182
v -9.8640871 15.3360929 -24.345892
v -9.8640871 15.3454399 -24.3475246
v -9.8640871 15.2257128 -25.0333462
v -9.8640871 15.2163668 -25.0317154
v -9.8640871 15.2163668 -25.0317154
v -9.8640871 15.2257128 -25.0333462
v -9.17591381 15.2257128 -25.0333462
v -9.17591381 15.2163668 -25.0317154
v -9.17591381 15.2163668 -25.0317154
v -9.17591381 15.2257128 -25.0333462
v -9.17591381 15.3454399 -24.3475246
v -9.17591381 15.3360929 -24.345892
v -9.17591381 15.3360929 -24.345892
v -9.17591381 15.3454399 -24.3475246
v -9.8640871 15.3454399 -24.3475246
v -9.8640871 15.3360929 -24.345892
v -9.8640871 15.3454399 -24.3475246
v -9.17591381 15.3454399 -24.3475246
v -9.17591381 15.2257128 -25.0333462
v -9.8640871 15.2257128 -25.0333462
v -46.7054062 1.13748038 -3.77219057
v -46.7063599 1.29372752 -3.77646542
v -46.6907616 1.29356861 -3.76836228
v -46.6918144 1.1373446 -3.76418257
v -46.7063599 1.29372752 -3.77646542
v -46.7022438 1.47263885 -3.77893114
v -46.6892738 1.47250187 -3.77374816
v -46.6992378 1.63439512 -3.7768755
v -46.6867447 1.63426661 -3.77073288
v -46.7022438 1.47263885 -3.77893114
v -46.7058144 1.63443959 -3.78788877
v -46.7086334 1.47268915 -3.78726125
v -46.7063599 1.29372752 -3.77646542
v -46.7138863 1.29378688 -3.78621149
v -46.7052231 1.47261977 -3.79717827
v -46.7031021 1.63437068 -3.80042291
v -46.7086334 1.47268915 -3.78726125
v -46.7098732 1.29370534 -3.79784727
v -46.7138863 1.29378688 -3.78621149
v -46.6946106 1.4724679 -3.80625057
v -46.6932335 1.63422573 -3.81023741
v -46.7052231 1.47261977 -3.79717827
v -46.6976814 1.29352486 -3.81051087
v -46.7098732 1.29370534 -3.79784727
v -46.7102814 1.13744962 -3.80188537
v -46.6999664 1.13729298 -3.81381392
v -46.7098732 1.29370534 -3.79784727
v -46.6794319 1.13716292 -3.77645564
v -46.6761742 1.29335845 -3.78142142
v -46.6721573 1.29327679 -3.79306459
v -46.6769028 1.13708675 -3.79212213
v -46.7128105 1.13752568 -3.78622603
v -46.7138863 1.29378688 -3.78621149
v -46.7063599 1.29372752 -3.77646542
v -46.7054062 1.13748038 -3.77219057
v -46.7128105 1.13752568 -3.78622603
v -46.7054062 1.13748038 -3.77219057
v -46.6918144 1.1373446 -3.76418257
v -46.6933441 1.12283683 -3.78940964
v -46.6794319 1.13716292 -3.77645564
v -46.6769028 1.13708675 -3.79212213
v -46.673214 1.47225606 -3.79307675
v -46.6721573 1.29327679 -3.79306459
v -46.6761742 1.29335845 -3.78142142
v -46.6766052 1.47232533 -3.78314257
v -46.6722336 1.63402903 -3.79340625
v -46.674942 1.63409805 -3.78086472
v -46.6766052 1.47232533 -3.78314257
v -46.6867447 1.63426661 -3.77073288
v -46.6892738 1.47250187 -3.77374816
v -46.6761742 1.29335845 -3.78142142
v -46.6907616 1.29356861 -3.76836228
v -46.6918144 1.1373446 -3.76418257
v -46.6761742 1.29335845 -3.78142142
v -46.6794319 1.13716292 -3.77645564
v -46.6788101 1.63407362 -3.80441713
v -46.6796188 1.47230649 -3.80138493
v -46.673214 1.47225606 -3.79307675
v -46.6796875 1.29333615 -3.80280566
v -46.6721573 1.29327679 -3.79306459
v -46.6796188 1.47230649 -3.80138493
v -46.6932335 1.63422573 -3.81023741
v -46.6946106 1.4724679 -3.80625057
v -46.6796875 1.29333615 -3.80280566
v -46.6976814 1.29352486 -3.81051087
v -46.6999664 1.13729298 -3.81381392
v -46.6796875 1.29333615 -3.80280566
v -46.6843071 1.13713205 -3.80614805
v -46.6892319 1.71762228 -3.74697566
v -46.681881 1.69681144 -3.75368214
v -46.6950493 1.69694364 -3.76122117
v -46.7203789 1.71787322 -3.7855866
v -46.7042923 1.69697213 -3.78820848
v -46.7041664 1.69688618 -3.81671691
v -46.7032127 1.71753383 -3.83211231
v -46.6940994 1.69673419 -3.82806444
v -46.7200623 1.74479461 -3.78566456
v -46.6974907 1.74464834 -3.74564743
v -46.6877251 1.7429601 -3.72046924
v -46.6813393 1.72769988 -3.72149968
v -46.6939926 1.74361992 -3.69184875
v -46.6838951 1.71159935 -3.69347715
v -46.6991348 1.7437799 -3.65832829
v -46.6798096 1.7094028 -3.66506147
v -46.6790504 1.78030729 -3.66574764
v -46.6831169 1.77764487 -3.69367242
v -46.680912 1.7641952 -3.72160697
v -46.6904411 1.77487183 -3.75860167
v -46.7049942 1.77332926 -3.78817201
v -46.7114716 1.74455988 -3.8307817
v -46.7007217 1.76993036 -3.82081842
v -46.7040138 1.75066447 -3.85772514
v -46.7118683 1.7339524 -3.86124086
v -46.7039566 1.71853054 -3.85499573
v -46.7093124 1.72671795 -3.89938045
v -46.7153397 1.71712554 -3.89876509
v -46.7168198 1.69755423 -3.91832328
v -46.7085152 1.70978022 -3.89327455
v -46.7166901 1.69469297 -3.91730285
v -46.7162247 1.69327116 -3.91436338
v -46.6705399 1.69664395 -3.76524949
v -46.681881 1.69681144 -3.75368214
v -46.6892319 1.71762228 -3.74697566
v -46.6609039 1.71727598 -3.75162649
v -46.6813393 1.72769988 -3.72149968
v -46.6704102 1.69655788 -3.79377246
v -46.6596718 1.72743487 -3.72505903
v -46.6838951 1.71159935 -3.69347715
v -46.6492958 1.7111764 -3.69915581
v -46.6798096 1.7094028 -3.66506147
v -46.6438332 1.70896316 -3.67096972
v -46.6367836 1.74292052 -3.70124578
v -46.622551 1.74284339 -3.67090869
v -46.6518898 1.742522 -3.72635317
v -46.6485252 1.77722192 -3.69935369
v -46.6430779 1.77986717 -3.67165589
v -46.6592445 1.76393032 -3.72516656
v -46.6621132 1.77452564 -3.7632525
v -46.6506462 1.74407578 -3.75333786
v -46.6458321 1.71696174 -3.7978301
v -46.6455154 1.74388313 -3.79791069
v -46.6599121 1.77277803 -3.79557681
v -46.6723938 1.76958394 -3.82547164
v -46.6748848 1.7171874 -3.83676577
v -46.6796532 1.69658661 -3.82074523
v -46.6646271 1.74398732 -3.83847713
v -46.7032127 1.71753383 -3.83211231
v -46.6940994 1.69673419 -3.82806444
v -46.7039566 1.71853054 -3.85499573
v -46.6812096 1.7182523 -3.85872865
v -46.7085152 1.70978022 -3.89327455
v -46.6742516 1.73349261 -3.86741996
v -46.6812668 1.75038624 -3.86146045
v -46.6891785 1.7095437 -3.89645076
v -46.7162247 1.69327116 -3.91436338
v -46.6833649 1.71673453 -3.90401912
v -46.6899757 1.72648156 -3.90255666
v -46.6894455 1.69294393 -3.9187603
v -46.7166901 1.69469297 -3.91730285
v -46.6899109 1.69436574 -3.92169976
v -46.6900444 1.69722676 -3.92272019
v -46.7168198 1.69755423 -3.91832328
v -46.674942 1.63409805 -3.78086472
v -46.6867447 1.63426661 -3.77073288
v -46.6840782 1.64274728 -3.75963688
v -46.669899 1.64253843 -3.77388716
v -46.681881 1.69681144 -3.75368214
v -46.6705399 1.69664395 -3.76524949
v -46.6722336 1.63402903 -3.79340625
v -46.6673813 1.64244866 -3.79421186
v -46.6704102 1.69655788 -3.79377246
v -46.6796532 1.69658661 -3.82074523
v -46.6762657 1.64249825 -3.81265688
v -46.6940994 1.69673419 -3.82806444
v -46.6788101 1.63407362 -3.80441713
v -46.6942558 1.64268303 -3.82161427
v -46.6932335 1.63422573 -3.81023741
v -46.6438332 1.70896316 -3.67096972
v -46.6798096 1.7094028 -3.66506147
v -46.6991348 1.7437799 -3.65832829
v -46.622551 1.74284339 -3.67090869
v -46.6790504 1.78030729 -3.66574764
v -46.6430779 1.77986717 -3.67165589
v -46.6831169 1.77764487 -3.69367242
v -46.6430779 1.77986717 -3.67165589
v -46.6790504 1.78030729 -3.66574764
v -46.6485252 1.77722192 -3.69935369
v -46.680912 1.7641952 -3.72160697
v -46.6592445 1.76393032 -3.72516656
v -46.6904411 1.77487183 -3.75860167
v -46.6621132 1.77452564 -3.7632525
v -46.6599121 1.77277803 -3.79557681
v -46.7049942 1.77332926 -3.78817201
v -46.7007217 1.76993036 -3.82081842
v -46.6723938 1.76958394 -3.82547164
v -46.6812668 1.75038624 -3.86146045
v -46.7040138 1.75066447 -3.85772514
v -46.6899757 1.72648156 -3.90255666
v -46.7093124 1.72671795 -3.89938045
v -46.6900444 1.69722676 -3.92272019
v -46.7168198 1.69755423 -3.91832328
v -46.6843071 1.13713205 -3.80614805
v -46.6769028 1.13708675 -3.79212213
v -46.6721573 1.29327679 -3.79306459
v -46.6796875 1.29333615 -3.80280566
v -46.7128105 1.13752568 -3.78622603
v -46.7102814 1.13744962 -3.80188537
v -46.7098732 1.29370534 -3.79784727
v -46.7138863 1.29378688 -3.78621149
v -46.7128105 1.13752568 -3.78622603
v -46.6999664 1.13729298 -3.81381392
v -46.7102814 1.13744962 -3.80188537
v -46.6933441 1.12283683 -3.78940964
v -46.6843071 1.13713205 -3.80614805
v -46.6769028 1.13708675 -3.79212213
v -46.6940994 1.69673419 -3.82806444
v -46.7041664 1.69688618 -3.81671691
v -46.7060738 1.64286268 -3.80776167
v -46.6942558 1.64268303 -3.82161427
v -46.6932335 1.63422573 -3.81023741
v -46.7031021 1.63437068 -3.80042291
v -46.7042923 1.69697213 -3.78820848
v -46.7085915 1.64295256 -3.78744435
v -46.7058144 1.63443959 -3.78788877
v -46.6992378 1.63439512 -3.7768755
v -46.6997032 1.64290297 -3.76899219
v -46.6950493 1.69694364 -3.76122117
v -46.6867447 1.63426661 -3.77073288
v -46.681881 1.69681144 -3.75368214
v -46.6840782 1.64274728 -3.75963688
vt 0.475830078 0.543457031
vt 0.470703125 0.264892578
vt 0.296142578 0.227294922
vt 0.296142578 0.543457031
vt 0.470703125 0.264892578
vt 0.296142578 0.227294922
vt 0.296142578 0.543457031
vt 0.475830078 0.543457031
vt 0.475585938 0.537597656
vt 0.470458984 0.271972656
vt 0.297851562 0.235961914
vt 0.297851562 0.537597656
vt 0.395019531 0.63671875
vt 0.395019531 0.651855469
vt 0.292724609 0.651855469
vt 0.292724609 0.63671875
vt 0.395019531 0.651855469
vt 0.395019531 0.63671875
vt 0.292724609 0.63671875
vt 0.292724609 0.651855469
vt 0.395019531 0.63671875
vt 0.395019531 0.651855469
vt 0.292724609 0.651855469
vt 0.292724609 0.63671875
vt 0.395019531 0.63671875
vt 0.395019531 0.651855469
vt 0.292724609 0.651855469
vt 0.292724609 0.63671875
vt 0.393310547 0.646484375
vt 0.393310547 0.65234375
vt 0.298095703 0.65234375
vt 0.298095703 0.646484375
vt 0.298095703 0.646484375
vt 0.298095703 0.65234375
vt 0.393310547 0.65234375
vt 0.393310547 0.646484375
vt 0.298095703 0.646484375
vt 0.298095703 0.65234375
vt 0.393310547 0.65234375
vt 0.393310547 0.646484375
vt 0.393310547 0.646484375
vt 0.393310547 0.65234375
vt 0.298095703 0.65234375
vt 0.298095703 0.646484375
vt 0.395019531 0.63671875
vt 0.395019531 0.651855469
vt 0.292724609 0.651855469
vt 0.292724609 0.63671875
vt 0.395019531 0.63671875
vt 0.395019531 0.651855469
vt 0.292724609 0.651855469
vt 0.292724609 0.63671875
vt 0.292724609 0.651855469
vt 0.292724609 0.63671875
vt 0.395019531 0.63671875
vt 0.395019531 0.651855469
vt 0.395019531 0.63671875
vt 0.395019531 0.651855469
vt 0.292724609 0.651855469
vt 0.292724609 0.63671875
vt 0.281982422 0.634277344
vt 0.185058594 0.634277344
vt 0.185058594 0.705078125
vt 0.281982422 0.705078125
vt 0.00973510742 0.000499725342
vt 0.0115814209 0.00954437256
vt 0.0141677856 0.000618457794
vt 0.00564193726 0.00176143646
vt 0.0115814209 0.00954437256
vt 0.00973510742 0.000499725342
vt 0.00244903564 0.00419998169
vt 0.0115814209 0.00954437256
vt 0.00564193726 0.00176143646
vt 0.000643730164 0.00745010376
vt 0.0115814209 0.00954437256
vt 0.00244903564 0.00419998169
vt 0.000499725342 0.0110168457
vt 0.0115814209 0.00954437256
vt 0.000643730164 0.00745010376
vt 0.00203895569 0.0143508911
vt 0.0115814209 0.00954437256
vt 0.000499725342 0.0110168457
vt 0.005027771 0.0169525146
vt 0.0115814209 0.00954437256
vt 0.00203895569 0.0143508911
vt 0.00901031494 0.0184326172
vt 0.0115814209 0.00954437256
vt 0.005027771 0.0169525146
vt 0.0174865723 0.0173187256
vt 0.0115814209 0.00954437256
vt 0.0133895874 0.0185699463
vt 0.0133895874 0.0185699463
vt 0.0115814209 0.00954437256
vt 0.00901031494 0.0184326172
vt 0.020690918 0.0148925781
vt 0.0115814209 0.00954437256
vt 0.0174865723 0.0173187256
vt 0.0225219727 0.0116500854
vt 0.0115814209 0.00954437256
vt 0.020690918 0.0148925781
vt 0.0226898193 0.0080871582
vt 0.0115814209 0.00954437256
vt 0.0225219727 0.0116500854
vt 0.0211639404 0.004737854
vt 0.0115814209 0.00954437256
vt 0.0226898193 0.0080871582
vt 0.0181884766 0.00212287903
vt 0.0115814209 0.00954437256
vt 0.0211639404 0.004737854
vt 0.0141677856 0.000618457794
vt 0.0115814209 0.00954437256
vt 0.0181884766 0.00212287903
vt 0.609375 0.359863281
vt 0.609375 0.381591797
vt 0.615234375 0.381347656
vt 0.615234375 0.359375
vt 0.622558594 0.382080078
vt 0.615722656 0.352294922
vt 0.609863281 0.351806641
vt 0.622558594 0.242431641
vt 0.622558594 0.360107422
vt 0.629882812 0.381347656
vt 0.622558594 0.352294922
vt 0.629394531 0.352294922
vt 0.635253906 0.352294922
vt 0.629882812 0.359375
vt 0.635742188 0.382324219
vt 0.635742188 0.360351562
vt 0.635742188 0.360839844
vt 0.635742188 0.382568359
vt 0.629882812 0.381591797
vt 0.629882812 0.359619141
vt 0.622558594 0.382324219
vt 0.629394531 0.352539062
vt 0.635253906 0.352783203
vt 0.622558594 0.242431641
vt 0.622558594 0.360351562
vt 0.615234375 0.381835938
vt 0.622558594 0.352539062
vt 0.615722656 0.353027344
vt 0.609863281 0.351806641
vt 0.615234375 0.360107422
vt 0.609375 0.381591797
vt 0.609375 0.359863281
vt 0.609375 0.360351562
vt 0.609375 0.382080078
vt 0.615234375 0.381591797
vt 0.615234375 0.359619141
vt 0.622558594 0.382080078
vt 0.615722656 0.352539062
vt 0.609863281 0.352294922
vt 0.622558594 0.242431641
vt 0.622558594 0.360351562
vt 0.629882812 0.381591797
vt 0.622558594 0.352539062
vt 0.629394531 0.352783203
vt 0.635253906 0.352783203
vt 0.629882812 0.359863281
vt 0.635742188 0.382568359
vt 0.635742188 0.360839844
vt 0.635742188 0.360351562
vt 0.635742188 0.382324219
vt 0.629882812 0.381347656
vt 0.629882812 0.359375
vt 0.622558594 0.381835938
vt 0.629394531 0.352294922
vt 0.635253906 0.352294922
vt 0.622558594 0.242431641
vt 0.622558594 0.359863281
vt 0.615234375 0.381347656
vt 0.622558594 0.352294922
vt 0.615722656 0.352294922
vt 0.609863281 0.352294922
vt 0.615234375 0.359375
vt 0.609375 0.382080078
vt 0.609375 0.360351562
vt 0.00973510742 0.000499725342
vt 0.0115814209 0.00954437256
vt 0.0141677856 0.000618457794
vt 0.00564193726 0.00176143646
vt 0.0115814209 0.00954437256
vt 0.00973510742 0.000499725342
vt 0.00244903564 0.00419998169
vt 0.0115814209 0.00954437256
vt 0.00564193726 0.00176143646
vt 0.000643730164 0.00745010376
vt 0.0115814209 0.00954437256
vt 0.00244903564 0.00419998169
vt 0.000499725342 0.0110168457
vt 0.0115814209 0.00954437256
vt 0.000643730164 0.00745010376
vt 0.00203895569 0.0143508911
vt 0.0115814209 0.00954437256
vt 0.000499725342 0.0110168457
vt 0.005027771 0.0169525146
vt 0.0115814209 0.00954437256
vt 0.00203895569 0.0143508911
vt 0.00901031494 0.0184326172
vt 0.0115814209 0.00954437256
vt 0.005027771 0.0169525146
vt 0.0174865723 0.0173187256
vt 0.0115814209 0.00954437256
vt 0.0133895874 0.0185699463
vt 0.0133895874 0.0185699463
vt 0.0115814209 0.00954437256
vt 0.00901031494 0.0184326172
vt 0.020690918 0.0148925781
vt 0.0115814209 0.00954437256
vt 0.0174865723 0.0173187256
vt 0.0225219727 0.0116500854
vt 0.0115814209 0.00954437256
vt 0.020690918 0.0148925781
vt 0.0226898193 0.0080871582
vt 0.0115814209 0.00954437256
vt 0.0225219727 0.0116500854
vt 0.0211639404 0.004737854
vt 0.0115814209 0.00954437256
vt 0.0226898193 0.0080871582
vt 0.0181884766 0.00212287903
vt 0.0115814209 0.00954437256
vt 0.0211639404 0.004737854
vt 0.0141677856 0.000618457794
vt 0.0115814209 0.00954437256
vt 0.0181884766 0.00212287903
vt 0.609375 0.359863281
vt 0.609375 0.381591797
vt 0.615234375 0.381347656
vt 0.615234375 0.359375
vt 0.622558594 0.382080078
vt 0.615722656 0.352294922
vt 0.609863281 0.351806641
vt 0.622558594 0.242431641
vt 0.622558594 0.360107422
vt 0.629882812 0.381347656
vt 0.622558594 0.352294922
vt 0.629394531 0.352294922
vt 0.635253906 0.352294922
vt 0.629882812 0.359375
vt 0.635742188 0.382324219
vt 0.635742188 0.360351562
vt 0.635742188 0.360839844
vt 0.635742188 0.382568359
vt 0.629882812 0.381591797
vt 0.629882812 0.359619141
vt 0.622558594 0.382324219
vt 0.629394531 0.352539062
vt 0.635253906 0.352783203
vt 0.622558594 0.242431641
vt 0.622558594 0.360351562
vt 0.615234375 0.381835938
vt 0.622558594 0.352539062
vt 0.615722656 0.353027344
vt 0.609863281 0.351806641
vt 0.615234375 0.360107422
vt 0.609375 0.381591797
vt 0.609375 0.359863281
vt 0.609375 0.360351562
vt 0.609375 0.382080078
vt 0.615234375 0.381591797
vt 0.615234375 0.359619141
vt 0.622558594 0.382080078
vt 0.615722656 0.352539062
vt 0.609863281 0.352294922
vt 0.622558594 0.242431641
vt 0.622558594 0.360351562
vt 0.629882812 0.381591797
vt 0.622558594 0.352539062
vt 0.629394531 0.352783203
vt 0.635253906 0.352783203
vt 0.629882812 0.359863281
vt 0.635742188 0.382568359
vt 0.635742188 0.360839844
vt 0.635742188 0.360351562
vt 0.635742188 0.382324219
vt 0.629882812 0.381347656
vt 0.629882812 0.359375
vt 0.622558594 0.381835938
vt 0.629394531 0.352294922
vt 0.635253906 0.352294922
vt 0.622558594 0.242431641
vt 0.622558594 0.359863281
vt 0.615234375 0.381347656
vt 0.622558594 0.352294922
vt 0.615722656 0.352294922
vt 0.609863281 0.352294922
vt 0.615234375 0.359375
vt 0.609375 0.382080078
vt 0.609375 0.360351562
vt 0.395019531 0.63671875
vt 0.395019531 0.651855469
vt 0.292724609 0.651855469
vt 0.292724609 0.63671875
vt 0.395019531 0.651855469
vt 0.395019531 0.63671875
vt 0.292724609 0.63671875
vt 0.292724609 0.651855469
vt 0.395019531 0.63671875
vt 0.395019531 0.651855469
vt 0.292724609 0.651855469
vt 0.292724609 0.63671875
vt 0.395019531 0.63671875
vt 0.395019531 0.651855469
vt 0.292724609 0.651855469
vt 0.292724609 0.63671875
vt 0.393310547 0.646484375
vt 0.393310547 0.65234375
vt 0.298095703 0.65234375
vt 0.298095703 0.646484375
vt 0.298095703 0.646484375
vt 0.298095703 0.65234375
vt 0.393310547 0.65234375
vt 0.393310547 0.646484375
vt 0.298095703 0.646484375
vt 0.298095703 0.65234375
vt 0.393310547 0.65234375
vt 0.393310547 0.646484375
vt 0.393310547 0.646484375
vt 0.393310547 0.65234375
vt 0.298095703 0.65234375
vt 0.298095703 0.646484375
vt 0.395019531 0.63671875
vt 0.395019531 0.651855469
vt 0.292724609 0.651855469
vt 0.292724609 0.63671875
vt 0.395019531 0.63671875
vt 0.395019531 0.651855469
vt 0.292724609 0.651855469
vt 0.292724609 0.63671875
vt 0.292724609 0.651855469
vt 0.292724609 0.63671875
vt 0.395019531 0.63671875
vt 0.395019531 0.651855469
vt 0.395019531 0.63671875
vt 0.395019531 0.651855469
vt 0.292724609 0.651855469
vt 0.292724609 0.63671875
vt 0.281982422 0.634277344
vt 0.185058594 0.634277344
vt 0.185058594 0.705078125
vt 0.281982422 0.705078125
vt 0.00973510742 0.000499725342
vt 0.0115814209 0.00954437256
vt 0.0141677856 0.000618457794
vt 0.00564193726 0.00176143646
vt 0.0115814209 0.00954437256
vt 0.00973510742 0.000499725342
vt 0.00244903564 0.00419998169
vt 0.0115814209 0.00954437256
vt 0.00564193726 0.00176143646
vt 0.000643730164 0.00745010376
vt 0.0115814209 0.00954437256
vt 0.00244903564 0.00419998169
vt 0.000499725342 0.0110168457
vt 0.0115814209 0.00954437256
vt 0.000643730164 0.00745010376
vt 0.00203895569 0.0143508911
vt 0.0115814209 0.00954437256
vt 0.000499725342 0.0110168457
vt 0.005027771 0.0169525146
vt 0.0115814209 0.00954437256
vt 0.00203895569 0.0143508911
vt 0.00901031494 0.0184326172
vt 0.0115814209 0.00954437256
vt 0.005027771 0.0169525146
vt 0.0174865723 0.0173187256
vt 0.0115814209 0.00954437256
vt 0.0133895874 0.0185699463
vt 0.0133895874 0.0185699463
vt 0.0115814209 0.00954437256
vt 0.00901031494 0.0184326172
vt 0.020690918 0.0148925781
vt 0.0115814209 0.00954437256
vt 0.0174865723 0.0173187256
vt 0.0225219727 0.0116500854
vt 0.0115814209 0.00954437256
vt 0.020690918 0.0148925781
vt 0.0226898193 0.0080871582
vt 0.0115814209 0.00954437256
vt 0.0225219727 0.0116500854
vt 0.0211639404 0.004737854
vt 0.0115814209 0.00954437256
vt 0.0226898193 0.0080871582
vt 0.0181884766 0.00212287903
vt 0.0115814209 0.00954437256
vt 0.0211639404 0.004737854
vt 0.0141677856 0.000618457794
vt 0.0115814209 0.00954437256
vt 0.0181884766 0.00212287903
vt 0.609375 0.359863281
vt 0.609375 0.381591797
vt 0.615234375 0.381347656
vt 0.615234375 0.359375
vt 0.622558594 0.382080078
vt 0.615722656 0.352294922
vt 0.609863281 0.351806641
vt 0.622558594 0.242431641
vt 0.622558594 0.360107422
vt 0.629882812 0.381347656
vt 0.622558594 0.352294922
vt 0.629394531 0.352294922
vt 0.635253906 0.352294922
vt 0.629882812 0.359375
vt 0.635742188 0.382324219
vt 0.635742188 0.360351562
vt 0.635742188 0.360839844
vt 0.635742188 0.382568359
vt 0.629882812 0.381591797
vt 0.629882812 0.359619141
vt 0.622558594 0.382324219
vt 0.629394531 0.352539062
vt 0.635253906 0.352783203
vt 0.622558594 0.242431641
vt 0.622558594 0.360351562
vt 0.615234375 0.381835938
vt 0.622558594 0.352539062
vt 0.615722656 0.353027344
vt 0.609863281 0.351806641
vt 0.615234375 0.360107422
vt 0.609375 0.381591797
vt 0.609375 0.359863281
vt 0.609375 0.360351562
vt 0.609375 0.382080078
vt 0.615234375 0.381591797
vt 0.615234375 0.359619141
vt 0.622558594 0.382080078
vt 0.615722656 0.352539062
vt 0.609863281 0.352294922
vt 0.622558594 0.242431641
vt 0.622558594 0.360351562
vt 0.629882812 0.381591797
vt 0.622558594 0.352539062
vt 0.629394531 0.352783203
vt 0.635253906 0.352783203
vt 0.629882812 0.359863281
vt 0.635742188 0.382568359
vt 0.635742188 0.360839844
vt 0.635742188 0.360351562
vt 0.635742188 0.382324219
vt 0.629882812 0.381347656
vt 0.629882812 0.359375
vt 0.622558594 0.381835938
vt 0.629394531 0.352294922
vt 0.635253906 0.352294922
vt 0.622558594 0.242431641
vt 0.622558594 0.359863281
vt 0.615234375 0.381347656
vt 0.622558594 0.352294922
vt 0.615722656 0.352294922
vt 0.609863281 0.352294922
vt 0.615234375 0.359375
vt 0.609375 0.382080078
vt 0.609375 0.360351562
vt 0.395019531 0.63671875
vt 0.395019531 0.651855469
vt 0.292724609 0.651855469
vt 0.292724609 0.63671875
vt 0.395019531 0.651855469
vt 0.395019531 0.63671875
vt 0.292724609 0.63671875
vt 0.292724609 0.651855469
vt 0.395019531 0.63671875
vt 0.395019531 0.651855469
vt 0.292724609 0.651855469
vt 0.292724609 0.63671875
vt 0.395019531 0.63671875
vt 0.395019531 0.651855469
vt 0.292724609 0.651855469
vt 0.292724609 0.63671875
vt 0.393310547 0.646484375
vt 0.393310547 0.65234375
vt 0.298095703 0.65234375
vt 0.298095703 0.646484375
vt 0.298095703 0.646484375
vt 0.298095703 0.65234375
vt 0.393310547 0.65234375
vt 0.393310547 0.646484375
vt 0.298095703 0.646484375
vt 0.298095703 0.65234375
vt 0.393310547 0.65234375
vt 0.393310547 0.646484375
vt 0.393310547 0.646484375
vt 0.393310547 0.65234375
vt 0.298095703 0.65234375
vt 0.298095703 0.646484375
vt 0.395019531 0.63671875
vt 0.395019531 0.651855469
vt 0.292724609 0.651855469
vt 0.292724609 0.63671875
vt 0.395019531 0.63671875
vt 0.395019531 0.651855469
vt 0.292724609 0.651855469
vt 0.292724609 0.63671875
vt 0.292724609 0.651855469
vt 0.292724609 0.63671875
vt 0.395019531 0.63671875
vt 0.395019531 0.651855469
vt 0.395019531 0.63671875
vt 0.395019531 0.651855469
vt 0.292724609 0.651855469
vt 0.292724609 0.63671875
vt 0.281982422 0.634277344
vt 0.185058594 0.634277344
vt 0.185058594 0.705078125
vt 0.281982422 0.705078125
vt 0.395019531 0.63671875
vt 0.395019531 0.651855469
vt 0.292724609 0.651855469
vt 0.292724609 0.63671875
vt 0.395019531 0.651855469
vt 0.395019531 0.63671875
vt 0.292724609 0.63671875
vt 0.292724609 0.651855469
vt 0.395019531 0.63671875
vt 0.395019531 0.651855469
vt 0.292724609 0.651855469
vt 0.292724609 0.63671875
vt 0.395019531 0.63671875
vt 0.395019531 0.651855469
vt 0.292724609 0.651855469
vt 0.292724609 0.63671875
vt 0.393310547 0.646484375
vt 0.393310547 0.65234375
vt 0.298095703 0.65234375
vt 0.298095703 0.646484375
vt 0.298095703 0.646484375
vt 0.298095703 0.65234375
vt 0.393310547 0.65234375
vt 0.393310547 0.646484375
vt 0.298095703 0.646484375
vt 0.298095703 0.65234375
vt 0.393310547 0.65234375
vt 0.393310547 0.646484375
vt 0.393310547 0.646484375
vt 0.393310547 0.65234375
vt 0.298095703 0.65234375
vt 0.298095703 0.646484375
vt 0.395019531 0.63671875
vt 0.395019531 0.651855469
vt 0.292724609 0.651855469
vt 0.292724609 0.63671875
vt 0.395019531 0.63671875
vt 0.395019531 0.651855469
vt 0.292724609 0.651855469
vt 0.292724609 0.63671875
vt 0.292724609 0.651855469
vt 0.292724609 0.63671875
vt 0.395019531 0.63671875
vt 0.395019531 0.651855469
vt 0.395019531 0.63671875
vt 0.395019531 0.651855469
vt 0.292724609 0.651855469
vt 0.292724609 0.63671875
vt 0.281982422 0.634277344
vt 0.185058594 0.634277344
vt 0.185058594 0.705078125
vt 0.281982422 0.705078125
vt 0.395019531 0.63671875
vt 0.395019531 0.651855469
vt 0.292724609 0.651855469
vt 0.292724609 0.63671875
vt 0.395019531 0.651855469
vt 0.395019531 0.63671875
vt 0.292724609 0.63671875
vt 0.292724609 0.651855469
vt 0.395019531 0.63671875
vt 0.395019531 0.651855469
vt 0.292724609 0.651855469
vt 0.292724609 0.63671875
vt 0.395019531 0.63671875
vt 0.395019531 0.651855469
vt 0.292724609 0.651855469
vt 0.292724609 0.63671875
vt 0.393310547 0.646484375
vt 0.393310547 0.65234375
vt 0.298095703 0.65234375
vt 0.298095703 0.646484375
vt 0.298095703 0.646484375
vt 0.298095703 0.65234375
vt 0.393310547 0.65234375
vt 0.393310547 0.646484375
vt 0.298095703 0.646484375
vt 0.298095703 0.65234375
vt 0.393310547 0.65234375
vt 0.393310547 0.646484375
vt 0.393310547 0.646484375
vt 0.393310547 0.65234375
vt 0.298095703 0.65234375
vt 0.298095703 0.646484375
vt 0.395019531 0.63671875
vt 0.395019531 0.651855469
vt 0.292724609 0.651855469
vt 0.292724609 0.63671875
vt 0.395019531 0.63671875
vt 0.395019531 0.651855469
vt 0.292724609 0.651855469
vt 0.292724609 0.63671875
vt 0.292724609 0.651855469
vt 0.292724609 0.63671875
vt 0.395019531 0.63671875
vt 0.395019531 0.651855469
vt 0.395019531 0.63671875
vt 0.395019531 0.651855469
vt 0.292724609 0.651855469
vt 0.292724609 0.63671875
vt 0.281982422 0.634277344
vt 0.185058594 0.634277344
vt 0.185058594 0.705078125
vt 0.281982422 0.705078125
vt 0.395019531 0.63671875
vt 0.395019531 0.651855469
vt 0.292724609 0.651855469
vt 0.292724609 0.63671875
vt 0.395019531 0.651855469
vt 0.395019531 0.63671875
vt 0.292724609 0.63671875
vt 0.292724609 0.651855469
vt 0.395019531 0.63671875
vt 0.395019531 0.651855469
vt 0.292724609 0.651855469
vt 0.292724609 0.63671875
vt 0.395019531 0.63671875
vt 0.395019531 0.651855469
vt 0.292724609 0.651855469
vt 0.292724609 0.63671875
vt 0.393310547 0.646484375
vt 0.393310547 0.65234375
vt 0.298095703 0.65234375
vt 0.298095703 0.646484375
vt 0.298095703 0.646484375
vt 0.298095703 0.65234375
vt 0.393310547 0.65234375
vt 0.393310547 0.646484375
vt 0.298095703 0.646484375
vt 0.298095703 0.65234375
vt 0.393310547 0.65234375
vt 0.393310547 0.646484375
vt 0.393310547 0.646484375
vt 0.393310547 0.65234375
vt 0.298095703 0.65234375
vt 0.298095703 0.646484375
vt 0.395019531 0.63671875
vt 0.395019531 0.651855469
vt 0.292724609 0.651855469
vt 0.292724609 0.63671875
vt 0.395019531 0.63671875
vt 0.395019531 0.651855469
vt 0.292724609 0.651855469
vt 0.292724609 0.63671875
vt 0.292724609 0.651855469
vt 0.292724609 0.63671875
vt 0.395019531 0.63671875
vt 0.395019531 0.651855469
vt 0.395019531 0.63671875
vt 0.395019531 0.651855469
vt 0.292724609 0.651855469
vt 0.292724609 0.63671875
vt 0.281982422 0.634277344
vt 0.185058594 0.634277344
vt 0.185058594 0.705078125
vt 0.281982422 0.705078125
vt 0.323242188 0.627441406
vt 0.323730469 0.601074219
vt 0.307861328 0.601074219
vt 0.331054688 0.613769531
vt 0.354003906 0.627441406
vt 0.331054688 0.587890625
vt 0.322998047 0.57421875
vt 0.345947266 0.613769531
vt 0.369384766 0.601074219
vt 0.338623047 0.601074219
vt 0.345947266 0.587890625
vt 0.354003906 0.57421875
vt 0.353271484 0.601074219
vt 0.331054688 0.613769531
vt 0.323242188 0.627441406
vt 0.354003906 0.627441406
vt 0.323730469 0.601074219
vt 0.307861328 0.601074219
vt 0.345947266 0.613769531
vt 0.369384766 0.601074219
vt 0.331054688 0.587890625
vt 0.323242188 0.57421875
vt 0.338623047 0.601074219
vt 0.353515625 0.601074219
vt 0.354003906 0.57421875
vt 0.345947266 0.587890625
vt 0.395019531 0.63671875
vt 0.395019531 0.651855469
vt 0.292724609 0.651855469
vt 0.292724609 0.63671875
vt 0.395019531 0.651855469
vt 0.395019531 0.63671875
vt 0.292724609 0.63671875
vt 0.292724609 0.651855469
vt 0.395019531 0.63671875
vt 0.395019531 0.651855469
vt 0.292724609 0.651855469
vt 0.292724609 0.63671875
vt 0.395019531 0.63671875
vt 0.395019531 0.651855469
vt 0.292724609 0.651855469
vt 0.292724609 0.63671875
vt 0.393310547 0.646484375
vt 0.393310547 0.65234375
vt 0.298095703 0.65234375
vt 0.298095703 0.646484375
vt 0.298095703 0.646484375
vt 0.298095703 0.65234375
vt 0.393310547 0.65234375
vt 0.393310547 0.646484375
vt 0.298095703 0.646484375
vt 0.298095703 0.65234375
vt 0.393310547 0.65234375
vt 0.393310547 0.646484375
vt 0.393310547 0.646484375
vt 0.393310547 0.65234375
vt 0.298095703 0.65234375
vt 0.298095703 0.646484375
vt 0.395019531 0.63671875
vt 0.395019531 0.651855469
vt 0.292724609 0.651855469
vt 0.292724609 0.63671875
vt 0.395019531 0.63671875
vt 0.395019531 0.651855469
vt 0.292724609 0.651855469
vt 0.292724609 0.63671875
vt 0.292724609 0.651855469
vt 0.292724609 0.63671875
vt 0.395019531 0.63671875
vt 0.395019531 0.651855469
vt 0.395019531 0.63671875
vt 0.395019531 0.651855469
vt 0.292724609 0.651855469
vt 0.292724609 0.63671875
vt 0.281982422 0.634277344
vt 0.185058594 0.634277344
vt 0.185058594 0.705078125
vt 0.281982422 0.705078125
vt 0.395019531 0.63671875
vt 0.395019531 0.651855469
vt 0.292724609 0.651855469
vt 0.292724609 0.63671875
vt 0.395019531 0.651855469
vt 0.395019531 0.63671875
vt 0.292724609 0.63671875
vt 0.292724609 0.651855469
vt 0.395019531 0.63671875
vt 0.395019531 0.651855469
vt 0.292724609 0.651855469
vt 0.292724609 0.63671875
vt 0.395019531 0.63671875
vt 0.395019531 0.651855469
vt 0.292724609 0.651855469
vt 0.292724609 0.63671875
vt 0.393310547 0.646484375
vt 0.393310547 0.65234375
vt 0.298095703 0.65234375
vt 0.298095703 0.646484375
vt 0.298095703 0.646484375
vt 0.298095703 0.65234375
vt 0.393310547 0.65234375
vt 0.393310547 0.646484375
vt 0.298095703 0.646484375
vt 0.298095703 0.65234375
vt 0.393310547 0.65234375
vt 0.393310547 0.646484375
vt 0.393310547 0.646484375
vt 0.393310547 0.65234375
vt 0.298095703 0.65234375
vt 0.298095703 0.646484375
vt 0.395019531 0.63671875
vt 0.395019531 0.651855469
vt 0.292724609 0.651855469
vt 0.292724609 0.63671875
vt 0.395019531 0.63671875
vt 0.395019531 0.651855469
vt 0.292724609 0.651855469
vt 0.292724609 0.63671875
vt 0.292724609 0.651855469
vt 0.292724609 0.63671875
vt 0.395019531 0.63671875
vt 0.395019531 0.651855469
vt 0.395019531 0.63671875
vt 0.395019531 0.651855469
vt 0.292724609 0.651855469
vt 0.292724609 0.63671875
vt 0.281982422 0.634277344
vt 0.185058594 0.634277344
vt 0.185058594 0.705078125
vt 0.281982422 0.705078125
vt 0.395019531 0.63671875
vt 0.395019531 0.651855469
vt 0.292724609 0.651855469
vt 0.292724609 0.63671875
vt 0.395019531 0.651855469
vt 0.395019531 0.63671875
vt 0.292724609 0.63671875
vt 0.292724609 0.651855469
vt 0.395019531 0.63671875
vt 0.395019531 0.651855469
vt 0.292724609 0.651855469
vt 0.292724609 0.63671875
vt 0.395019531 0.63671875
vt 0.395019531 0.651855469
vt 0.292724609 0.651855469
vt 0.292724609 0.63671875
vt 0.393310547 0.646484375
vt 0.393310547 0.65234375
vt 0.298095703 0.65234375
vt 0.298095703 0.646484375
vt 0.298095703 0.646484375
vt 0.298095703 0.65234375
vt 0.393310547 0.65234375
vt 0.393310547 0.646484375
vt 0.298095703 0.646484375
vt 0.298095703 0.65234375
vt 0.393310547 0.65234375
vt 0.393310547 0.646484375
vt 0.393310547 0.646484375
vt 0.393310547 0.65234375
vt 0.298095703 0.65234375
vt 0.298095703 0.646484375
vt 0.395019531 0.63671875
vt 0.395019531 0.651855469
vt 0.292724609 0.651855469
vt 0.292724609 0.63671875
vt 0.395019531 0.63671875
vt 0.395019531 0.651855469
vt 0.292724609 0.651855469
vt 0.292724609 0.63671875
vt 0.292724609 0.651855469
vt 0.292724609 0.63671875
vt 0.395019531 0.63671875
vt 0.395019531 0.651855469
vt 0.395019531 0.63671875
vt 0.395019531 0.651855469
vt 0.292724609 0.651855469
vt 0.292724609 0.63671875
vt 0.281982422 0.634277344
vt 0.185058594 0.634277344
vt 0.185058594 0.705078125
vt 0.281982422 0.705078125
vt 0.395019531 0.63671875
vt 0.395019531 0.651855469
vt 0.292724609 0.651855469
vt 0.292724609 0.63671875
vt 0.395019531 0.651855469
vt 0.395019531 0.63671875
vt 0.292724609 0.63671875
vt 0.292724609 0.651855469
vt 0.395019531 0.63671875
vt 0.395019531 0.651855469
vt 0.292724609 0.651855469
vt 0.292724609 0.63671875
vt 0.395019531 0.63671875
vt 0.395019531 0.651855469
vt 0.292724609 0.651855469
vt 0.292724609 0.63671875
vt 0.393310547 0.646484375
vt 0.393310547 0.65234375
vt 0.298095703 0.65234375
vt 0.298095703 0.646484375
vt 0.298095703 0.646484375
vt 0.298095703 0.65234375
vt 0.393310547 0.65234375
vt 0.393310547 0.646484375
vt 0.298095703 0.646484375
vt 0.298095703 0.65234375
vt 0.393310547 0.65234375
vt 0.393310547 0.646484375
vt 0.393310547 0.646484375
vt 0.393310547 0.65234375
vt 0.298095703 0.65234375
vt 0.298095703 0.646484375
vt 0.395019531 0.63671875
vt 0.395019531 0.651855469
vt 0.292724609 0.651855469
vt 0.292724609 0.63671875
vt 0.395019531 0.63671875
vt 0.395019531 0.651855469
vt 0.292724609 0.651855469
vt 0.292724609 0.63671875
vt 0.292724609 0.651855469
vt 0.292724609 0.63671875
vt 0.395019531 0.63671875
vt 0.395019531 0.651855469
vt 0.395019531 0.63671875
vt 0.395019531 0.651855469
vt 0.292724609 0.651855469
vt 0.292724609 0.63671875
vt 0.281982422 0.634277344
vt 0.185058594 0.634277344
vt 0.185058594 0.705078125
vt 0.281982422 0.705078125
vt 0.323242188 0.627441406
vt 0.323730469 0.601074219
vt 0.307861328 0.601074219
vt 0.331054688 0.613769531
vt 0.354003906 0.627441406
vt 0.331054688 0.587890625
vt 0.322998047 0.57421875
vt 0.345947266 0.613769531
vt 0.369384766 0.601074219
vt 0.338623047 0.601074219
vt 0.345947266 0.587890625
vt 0.354003906 0.57421875
vt 0.353271484 0.601074219
vt 0.331054688 0.613769531
vt 0.323242188 0.627441406
vt 0.354003906 0.627441406
vt 0.323730469 0.601074219
vt 0.307861328 0.601074219
vt 0.345947266 0.613769531
vt 0.369384766 0.601074219
vt 0.331054688 0.587890625
vt 0.323242188 0.57421875
vt 0.338623047 0.601074219
vt 0.353515625 0.601074219
vt 0.354003906 0.57421875
vt 0.345947266 0.587890625
vt 0.323242188 0.627441406
vt 0.323730469 0.601074219
vt 0.307861328 0.601074219
vt 0.331054688 0.613769531
vt 0.354003906 0.627441406
vt 0.331054688 0.587890625
vt 0.322998047 0.57421875
vt 0.345947266 0.613769531
vt 0.369384766 0.601074219
vt 0.338623047 0.601074219
vt 0.345947266 0.587890625
vt 0.354003906 0.57421875
vt 0.353271484 0.601074219
vt 0.331054688 0.613769531
vt 0.323242188 0.627441406
vt 0.354003906 0.627441406
vt 0.323730469 0.601074219
vt 0.307861328 0.601074219
vt 0.345947266 0.613769531
vt 0.369384766 0.601074219
vt 0.331054688 0.587890625
vt 0.323242188 0.57421875
vt 0.338623047 0.601074219
vt 0.353515625 0.601074219
vt 0.354003906 0.57421875
vt 0.345947266 0.587890625
vt 0.00973510742 0.000499725342
vt 0.0115814209 0.00954437256
vt 0.0141677856 0.000618457794
vt 0.00564193726 0.00176143646
vt 0.0115814209 0.00954437256
vt 0.00973510742 0.000499725342
vt 0.00244903564 0.00419998169
vt 0.0115814209 0.00954437256
vt 0.00564193726 0.00176143646
vt 0.000643730164 0.00745010376
vt 0.0115814209 0.00954437256
vt 0.00244903564 0.00419998169
vt 0.000499725342 0.0110168457
vt 0.0115814209 0.00954437256
vt 0.000643730164 0.00745010376
vt 0.00203895569 0.0143508911
vt 0.0115814209 0.00954437256
vt 0.000499725342 0.0110168457
vt 0.005027771 0.0169525146
vt 0.0115814209 0.00954437256
vt 0.00203895569 0.0143508911
vt 0.00901031494 0.0184326172
vt 0.0115814209 0.00954437256
vt 0.005027771 0.0169525146
vt 0.0174865723 0.0173187256
vt 0.0115814209 0.00954437256
vt 0.0133895874 0.0185699463
vt 0.0133895874 0.0185699463
vt 0.0115814209 0.00954437256
vt 0.00901031494 0.0184326172
vt 0.020690918 0.0148925781
vt 0.0115814209 0.00954437256
vt 0.0174865723 0.0173187256
vt 0.0225219727 0.0116500854
vt 0.0115814209 0.00954437256
vt 0.020690918 0.0148925781
vt 0.0226898193 0.0080871582
vt 0.0115814209 0.00954437256
vt 0.0225219727 0.0116500854
vt 0.0211639404 0.004737854
vt 0.0115814209 0.00954437256
vt 0.0226898193 0.0080871582
vt 0.0181884766 0.00212287903
vt 0.0115814209 0.00954437256
vt 0.0211639404 0.004737854
vt 0.0141677856 0.000618457794
vt 0.0115814209 0.00954437256
vt 0.0181884766 0.00212287903
vt 0.609375 0.359863281
vt 0.609375 0.381591797
vt 0.615234375 0.381347656
vt 0.615234375 0.359375
vt 0.622558594 0.382080078
vt 0.615722656 0.352294922
vt 0.609863281 0.351806641
vt 0.622558594 0.242431641
vt 0.622558594 0.360107422
vt 0.629882812 0.381347656
vt 0.622558594 0.352294922
vt 0.629394531 0.352294922
vt 0.635253906 0.352294922
vt 0.629882812 0.359375
vt 0.635742188 0.382324219
vt 0.635742188 0.360351562
vt 0.635742188 0.360839844
vt 0.635742188 0.382568359
vt 0.629882812 0.381591797
vt 0.629882812 0.359619141
vt 0.622558594 0.382324219
vt 0.629394531 0.352539062
vt 0.635253906 0.352783203
vt 0.622558594 0.242431641
vt 0.622558594 0.360351562
vt 0.615234375 0.381835938
vt 0.622558594 0.352539062
vt 0.615722656 0.353027344
vt 0.609863281 0.351806641
vt 0.615234375 0.360107422
vt 0.609375 0.381591797
vt 0.609375 0.359863281
vt 0.609375 0.360351562
vt 0.609375 0.382080078
vt 0.615234375 0.381591797
vt 0.615234375 0.359619141
vt 0.622558594 0.382080078
vt 0.615722656 0.352539062
vt 0.609863281 0.352294922
vt 0.622558594 0.242431641
vt 0.622558594 0.360351562
vt 0.629882812 0.381591797
vt 0.622558594 0.352539062
vt 0.629394531 0.352783203
vt 0.635253906 0.352783203
vt 0.629882812 0.359863281
vt 0.635742188 0.382568359
vt 0.635742188 0.360839844
vt 0.635742188 0.360351562
vt 0.635742188 0.382324219
vt 0.629882812 0.381347656
vt 0.629882812 0.359375
vt 0.622558594 0.381835938
vt 0.629394531 0.352294922
vt 0.635253906 0.352294922
vt 0.622558594 0.242431641
vt 0.622558594 0.359863281
vt 0.615234375 0.381347656
vt 0.622558594 0.352294922
vt 0.615722656 0.352294922
vt 0.609863281 0.352294922
vt 0.615234375 0.359375
vt 0.609375 0.382080078
vt 0.609375 0.360351562
vt 0.395019531 0.63671875
vt 0.395019531 0.651855469
vt 0.292724609 0.651855469
vt 0.292724609 0.63671875
vt 0.395019531 0.651855469
vt 0.395019531 0.63671875
vt 0.292724609 0.63671875
vt 0.292724609 0.651855469
vt 0.395019531 0.63671875
vt 0.395019531 0.651855469
vt 0.292724609 0.651855469
vt 0.292724609 0.63671875
vt 0.395019531 0.63671875
vt 0.395019531 0.651855469
vt 0.292724609 0.651855469
vt 0.292724609 0.63671875
vt 0.393310547 0.646484375
vt 0.393310547 0.65234375
vt 0.298095703 0.65234375
vt 0.298095703 0.646484375
vt 0.298095703 0.646484375
vt 0.298095703 0.65234375
vt 0.393310547 0.65234375
vt 0.393310547 0.646484375
vt 0.298095703 0.646484375
vt 0.298095703 0.65234375
vt 0.393310547 0.65234375
vt 0.393310547 0.646484375
vt 0.393310547 0.646484375
vt 0.393310547 0.65234375
vt 0.298095703 0.65234375
vt 0.298095703 0.646484375
vt 0.395019531 0.63671875
vt 0.395019531 0.651855469
vt 0.292724609 0.651855469
vt 0.292724609 0.63671875
vt 0.395019531 0.63671875
vt 0.395019531 0.651855469
vt 0.292724609 0.651855469
vt 0.292724609 0.63671875
vt 0.292724609 0.651855469
vt 0.292724609 0.63671875
vt 0.395019531 0.63671875
vt 0.395019531 0.651855469
vt 0.395019531 0.63671875
vt 0.395019531 0.651855469
vt 0.292724609 0.651855469
vt 0.292724609 0.63671875
vt 0.281982422 0.634277344
vt 0.185058594 0.634277344
vt 0.185058594 0.705078125
vt 0.281982422 0.705078125
vt 0.9453125 0.857910156
vt 1.00097656 0.807617188
vt 1.00097656 0.857910156
vt 0.9453125 0.807617188
vt 1.00097656 0.756835938
vt 0.889648438 0.857910156
vt 0.9453125 0.756835938
vt 0.889648438 0.807617188
vt 0.833984375 0.857910156
vt 0.889648438 0.756835938
vt 0.833984375 0.807617188
vt 0.778320312 0.857910156
vt 0.833984375 0.756835938
vt 0.778320312 0.807617188
vt 0.72265625 0.857910156
vt 0.778320312 0.756835938
vt 0.72265625 0.807617188
vt 0.666992188 0.857910156
vt 0.72265625 0.756835938
vt 0.666992188 0.807617188
vt 0.611816406 0.857910156
vt 0.666992188 0.756835938
vt 0.611816406 0.807617188
vt 0.556152344 0.857910156
vt 0.611816406 0.756835938
vt 0.556152344 0.807617188
vt 0.500488281 0.857910156
vt 0.556152344 0.756835938
vt 0.500488281 0.807617188
vt 0.444824219 0.857910156
vt 0.500488281 0.756835938
vt 0.444824219 0.807617188
vt 0.389160156 0.857910156
vt 0.444824219 0.756835938
vt 0.389160156 0.807617188
vt 0.333496094 0.857910156
vt 0.389160156 0.756835938
vt 0.333496094 0.807617188
vt 0.278076172 0.857910156
vt 0.333496094 0.756835938
vt 0.278076172 0.807617188
vt 0.222412109 0.857910156
vt 0.278076172 0.756835938
vt 0.222412109 0.807617188
vt 0.166748047 0.857910156
vt 0.222412109 0.756835938
vt 0.166748047 0.807617188
vt 0.111206055 0.857910156
vt 0.166748047 0.756835938
vt 0.111206055 0.807617188
vt 0.0556030273 0.857910156
vt 0.111206055 0.756835938
vt 0.0556030273 0.807617188
vt -3.75509262E-06 0.857910156
vt 0.0556030273 0.756835938
vt -3.75509262E-06 0.807617188
vt -3.75509262E-06 0.756835938
vt -3.57627869E-06 0.805664062
vt 0.0556030273 0.866699219
vt -3.57627869E-06 0.866699219
vt 0.0556030273 0.805664062
vt 0.111206055 0.866699219
vt 0.0565185547 0.752929688
vt -0.000166296959 0.752929688
vt 0.112121582 0.752929688
vt 0.111206055 0.805664062
vt 0.166748047 0.866699219
vt 0.167724609 0.752929688
vt 0.166748047 0.805664062
vt 0.222412109 0.866699219
vt 0.223266602 0.752929688
vt 0.222412109 0.805664062
vt 0.278076172 0.866699219
vt 0.278808594 0.752929688
vt 0.278076172 0.805664062
vt 0.333496094 0.866699219
vt 0.334472656 0.752929688
vt 0.333496094 0.805664062
vt 0.389160156 0.866699219
vt 0.390136719 0.752929688
vt 0.389160156 0.805664062
vt 0.444824219 0.866699219
vt 0.445800781 0.752929688
vt 0.444824219 0.805664062
vt 0.500488281 0.866699219
vt 0.501464844 0.752929688
vt 0.500488281 0.805664062
vt 0.556152344 0.866699219
vt 0.557128906 0.752929688
vt 0.556152344 0.805664062
vt 0.611816406 0.866699219
vt 0.612304688 0.752929688
vt 0.611816406 0.805664062
vt 0.666992188 0.866699219
vt 0.66796875 0.752929688
vt 0.666992188 0.805664062
vt 0.72265625 0.866699219
vt 0.723632812 0.752929688
vt 0.72265625 0.805664062
vt 0.778320312 0.866699219
vt 0.779296875 0.752929688
vt 0.778320312 0.805664062
vt 0.833984375 0.866699219
vt 0.834960938 0.752929688
vt 0.833984375 0.805664062
vt 0.889648438 0.866699219
vt 0.890625 0.752929688
vt 0.889648438 0.805664062
vt 0.9453125 0.866699219
vt 0.946289062 0.752929688
vt 0.9453125 0.805664062
vt 1.00097656 0.866699219
vt 1.00292969 0.752929688
vt 1.00097656 0.805664062
vt 0.0556030273 0.629882812
vt -3.57627869E-06 0.7265625
vt -3.57627869E-06 0.629882812
vt 0.0556030273 0.7265625
vt 0.111206055 0.629882812
vt 0.111206055 0.7265625
vt 0.166748047 0.629882812
vt 0.166748047 0.7265625
vt 0.222412109 0.629882812
vt 0.222412109 0.7265625
vt 0.278076172 0.629882812
vt 0.278076172 0.7265625
vt 0.333496094 0.629882812
vt 0.333496094 0.7265625
vt 0.389160156 0.629882812
vt 0.389160156 0.7265625
vt 0.444824219 0.629882812
vt 0.444824219 0.7265625
vt 0.500488281 0.629882812
vt 0.500488281 0.7265625
vt 0.556152344 0.629882812
vt 0.556152344 0.7265625
vt 0.611816406 0.629882812
vt 0.611816406 0.7265625
vt 0.666992188 0.629882812
vt 0.666992188 0.7265625
vt 0.72265625 0.629882812
vt 0.72265625 0.7265625
vt 0.778320312 0.629882812
vt 0.778320312 0.7265625
vt 0.833984375 0.629882812
vt 0.833984375 0.7265625
vt 0.889648438 0.629882812
vt 0.889648438 0.7265625
vt 0.9453125 0.629882812
vt 0.9453125 0.7265625
vt 1.00097656 0.629882812
vt 1.00097656 0.7265625
vt 0.0114822388 0.0617980957
vt 0.0113525391 0.0610656738
vt 0.0117950439 0.0612182617
vt 0.0119094849 0.0606079102
vt 0.0107498169 0.0617980957
vt 0.0110015869 0.0621948242
vt 0.0100860596 0.0606994629
vt 0.0113525391 0.0601196289
vt 0.0117950439 0.059967041
vt 0.0104064941 0.0624084473
vt 0.0114822388 0.0594177246
vt 0.00983428955 0.0619506836
vt 0.00977325439 0.0624084473
vt 0.00917816162 0.0621948242
vt 0.0107498169 0.059387207
vt 0.0110015869 0.0589904785
vt 0.0104064941 0.0587768555
vt 0.00902557373 0.0614929199
vt 0.00869750977 0.0617980957
vt 0.0083770752 0.0612182617
vt 0.00983428955 0.0592346191
vt 0.00977325439 0.0587768555
vt 0.00917816162 0.0589904785
vt 0.00871276855 0.0606079102
vt 0.00827026367 0.0606079102
vt 0.0083770752 0.059967041
vt 0.00902557373 0.0597229004
vt 0.00869750977 0.0594177246
vt 0.011680603 0.0611877441
vt 0.0100860596 0.0606079102
vt 0.011390686 0.061706543
vt 0.0117874146 0.0606079102
vt 0.0109405518 0.0621032715
vt 0.011680603 0.0599975586
vt 0.010383606 0.062286377
vt 0.011390686 0.0594787598
vt 0.00979614258 0.062286377
vt 0.0109405518 0.0591125488
vt 0.00923919678 0.0621032715
vt 0.010383606 0.0588989258
vt 0.0087890625 0.061706543
vt 0.00979614258 0.0588989258
vt 0.00849151611 0.0611877441
vt 0.00923919678 0.0591125488
vt 0.00839233398 0.0606079102
vt 0.0087890625 0.0594787598
vt 0.00849151611 0.0599975586
vt 0.395019531 0.63671875
vt 0.395019531 0.651855469
vt 0.292724609 0.651855469
vt 0.292724609 0.63671875
vt 0.395019531 0.651855469
vt 0.395019531 0.63671875
vt 0.292724609 0.63671875
vt 0.292724609 0.651855469
vt 0.395019531 0.63671875
vt 0.395019531 0.651855469
vt 0.292724609 0.651855469
vt 0.292724609 0.63671875
vt 0.395019531 0.63671875
vt 0.395019531 0.651855469
vt 0.292724609 0.651855469
vt 0.292724609 0.63671875
vt 0.393310547 0.646484375
vt 0.393310547 0.65234375
vt 0.298095703 0.65234375
vt 0.298095703 0.646484375
vt 0.298095703 0.646484375
vt 0.298095703 0.65234375
vt 0.393310547 0.65234375
vt 0.393310547 0.646484375
vt 0.298095703 0.646484375
vt 0.298095703 0.65234375
vt 0.393310547 0.65234375
vt 0.393310547 0.646484375
vt 0.393310547 0.646484375
vt 0.393310547 0.65234375
vt 0.298095703 0.65234375
vt 0.298095703 0.646484375
vt 0.395019531 0.63671875
vt 0.395019531 0.651855469
vt 0.292724609 0.651855469
vt 0.292724609 0.63671875
vt 0.395019531 0.63671875
vt 0.395019531 0.651855469
vt 0.292724609 0.651855469
vt 0.292724609 0.63671875
vt 0.292724609 0.651855469
vt 0.292724609 0.63671875
vt 0.395019531 0.63671875
vt 0.395019531 0.651855469
vt 0.395019531 0.63671875
vt 0.395019531 0.651855469
vt 0.292724609 0.651855469
vt 0.292724609 0.63671875
vt 0.281982422 0.634277344
vt 0.185058594 0.634277344
vt 0.185058594 0.705078125
vt 0.281982422 0.705078125
vt 0.395019531 0.63671875
vt 0.395019531 0.651855469
vt 0.292724609 0.651855469
vt 0.292724609 0.63671875
vt 0.395019531 0.651855469
vt 0.395019531 0.63671875
vt 0.292724609 0.63671875
vt 0.292724609 0.651855469
vt 0.395019531 0.63671875
vt 0.395019531 0.651855469
vt 0.292724609 0.651855469
vt 0.292724609 0.63671875
vt 0.395019531 0.63671875
vt 0.395019531 0.651855469
vt 0.292724609 0.651855469
vt 0.292724609 0.63671875
vt 0.393310547 0.646484375
vt 0.393310547 0.65234375
vt 0.298095703 0.65234375
vt 0.298095703 0.646484375
vt 0.298095703 0.646484375
vt 0.298095703 0.65234375
vt 0.393310547 0.65234375
vt 0.393310547 0.646484375
vt 0.298095703 0.646484375
vt 0.298095703 0.65234375
vt 0.393310547 0.65234375
vt 0.393310547 0.646484375
vt 0.393310547 0.646484375
vt 0.393310547 0.65234375
vt 0.298095703 0.65234375
vt 0.298095703 0.646484375
vt 0.395019531 0.63671875
vt 0.395019531 0.651855469
vt 0.292724609 0.651855469
vt 0.292724609 0.63671875
vt 0.395019531 0.63671875
vt 0.395019531 0.651855469
vt 0.292724609 0.651855469
vt 0.292724609 0.63671875
vt 0.292724609 0.651855469
vt 0.292724609 0.63671875
vt 0.395019531 0.63671875
vt 0.395019531 0.651855469
vt 0.395019531 0.63671875
vt 0.395019531 0.651855469
vt 0.292724609 0.651855469
vt 0.292724609 0.63671875
vt 0.281982422 0.634277344
vt 0.185058594 0.634277344
vt 0.185058594 0.705078125
vt 0.281982422 0.705078125
vt 0.395019531 0.63671875
vt 0.395019531 0.651855469
vt 0.292724609 0.651855469
vt 0.292724609 0.63671875
vt 0.395019531 0.651855469
vt 0.395019531 0.63671875
vt 0.292724609 0.63671875
vt 0.292724609 0.651855469
vt 0.395019531 0.63671875
vt 0.395019531 0.651855469
vt 0.292724609 0.651855469
vt 0.292724609 0.63671875
vt 0.395019531 0.63671875
vt 0.395019531 0.651855469
vt 0.292724609 0.651855469
vt 0.292724609 0.63671875
vt 0.393310547 0.646484375
vt 0.393310547 0.65234375
vt 0.298095703 0.65234375
vt 0.298095703 0.646484375
vt 0.298095703 0.646484375
vt 0.298095703 0.65234375
vt 0.393310547 0.65234375
vt 0.393310547 0.646484375
vt 0.298095703 0.646484375
vt 0.298095703 0.65234375
vt 0.393310547 0.65234375
vt 0.393310547 0.646484375
vt 0.393310547 0.646484375
vt 0.393310547 0.65234375
vt 0.298095703 0.65234375
vt 0.298095703 0.646484375
vt 0.395019531 0.63671875
vt 0.395019531 0.651855469
vt 0.292724609 0.651855469
vt 0.292724609 0.63671875
vt 0.395019531 0.63671875
vt 0.395019531 0.651855469
vt 0.292724609 0.651855469
vt 0.292724609 0.63671875
vt 0.292724609 0.651855469
vt 0.292724609 0.63671875
vt 0.395019531 0.63671875
vt 0.395019531 0.651855469
vt 0.395019531 0.63671875
vt 0.395019531 0.651855469
vt 0.292724609 0.651855469
vt 0.292724609 0.63671875
vt 0.281982422 0.634277344
vt 0.185058594 0.634277344
vt 0.185058594 0.705078125
vt 0.281982422 0.705078125
vt 0.323242188 0.627441406
vt 0.323730469 0.601074219
vt 0.307861328 0.601074219
vt 0.331054688 0.613769531
vt 0.354003906 0.627441406
vt 0.331054688 0.587890625
vt 0.322998047 0.57421875
vt 0.345947266 0.613769531
vt 0.369384766 0.601074219
vt 0.338623047 0.601074219
vt 0.345947266 0.587890625
vt 0.354003906 0.57421875
vt 0.353271484 0.601074219
vt 0.331054688 0.613769531
vt 0.323242188 0.627441406
vt 0.354003906 0.627441406
vt 0.323730469 0.601074219
vt 0.307861328 0.601074219
vt 0.345947266 0.613769531
vt 0.369384766 0.601074219
vt 0.331054688 0.587890625
vt 0.323242188 0.57421875
vt 0.338623047 0.601074219
vt 0.353515625 0.601074219
vt 0.354003906 0.57421875
vt 0.345947266 0.587890625
vt 0.323242188 0.627441406
vt 0.323730469 0.601074219
vt 0.307861328 0.601074219
vt 0.331054688 0.613769531
vt 0.354003906 0.627441406
vt 0.331054688 0.587890625
vt 0.322998047 0.57421875
vt 0.345947266 0.613769531
vt 0.369384766 0.601074219
vt 0.338623047 0.601074219
vt 0.345947266 0.587890625
vt 0.354003906 0.57421875
vt 0.353271484 0.601074219
vt 0.331054688 0.613769531
vt 0.323242188 0.627441406
vt 0.354003906 0.627441406
vt 0.323730469 0.601074219
vt 0.307861328 0.601074219
vt 0.345947266 0.613769531
vt 0.369384766 0.601074219
vt 0.331054688 0.587890625
vt 0.323242188 0.57421875
vt 0.338623047 0.601074219
vt 0.353515625 0.601074219
vt 0.354003906 0.57421875
vt 0.345947266 0.587890625
vt 0.395019531 0.63671875
vt 0.395019531 0.651855469
vt 0.292724609 0.651855469
vt 0.292724609 0.63671875
vt 0.395019531 0.651855469
vt 0.395019531 0.63671875
vt 0.292724609 0.63671875
vt 0.292724609 0.651855469
vt 0.395019531 0.63671875
vt 0.395019531 0.651855469
vt 0.292724609 0.651855469
vt 0.292724609 0.63671875
vt 0.395019531 0.63671875
vt 0.395019531 0.651855469
vt 0.292724609 0.651855469
vt 0.292724609 0.63671875
vt 0.393310547 0.646484375
vt 0.393310547 0.65234375
vt 0.298095703 0.65234375
vt 0.298095703 0.646484375
vt 0.298095703 0.646484375
vt 0.298095703 0.65234375
vt 0.393310547 0.65234375
vt 0.393310547 0.646484375
vt 0.298095703 0.646484375
vt 0.298095703 0.65234375
vt 0.393310547 0.65234375
vt 0.393310547 0.646484375
vt 0.393310547 0.646484375
vt 0.393310547 0.65234375
vt 0.298095703 0.65234375
vt 0.298095703 0.646484375
vt 0.395019531 0.63671875
vt 0.395019531 0.651855469
vt 0.292724609 0.651855469
vt 0.292724609 0.63671875
vt 0.395019531 0.63671875
vt 0.395019531 0.651855469
vt 0.292724609 0.651855469
vt 0.292724609 0.63671875
vt 0.292724609 0.651855469
vt 0.292724609 0.63671875
vt 0.395019531 0.63671875
vt 0.395019531 0.651855469
vt 0.395019531 0.63671875
vt 0.395019531 0.651855469
vt 0.292724609 0.651855469
vt 0.292724609 0.63671875
vt 0.281982422 0.634277344
vt 0.185058594 0.634277344
vt 0.185058594 0.705078125
vt 0.281982422 0.705078125
vt 0.374267578 0.396728516
vt 0.374267578 0.365234375
vt 0.470458984 0.365234375
vt 0.470458984 0.396728516
vt 0.492919922 0.0152664185
vt 0.393798828 0.0152664185
vt 0.393798828 0.0892333984
vt 0.492919922 0.0892333984
vt 0.470947266 0.396728516
vt 0.407470703 0.396728516
vt 0.407470703 0.365478516
vt 0.470947266 0.365478516
vt 0.4375 0.365478516
vt 0.374023438 0.365478516
vt 0.374023438 0.396972656
vt 0.4375 0.396972656
vt 0.682128906 0.188964844
vt 0.871582031 0.188964844
vt 0.871582031 0.0821533203
vt 0.682128906 0.0821533203
vt 0.871582031 0.188354492
vt 0.871582031 0.0814819336
vt 0.682128906 0.0814819336
vt 0.682128906 0.188354492
vt 0.682128906 0.188964844
vt 0.682128906 0.0821533203
vt 0.871582031 0.0821533203
vt 0.871582031 0.188964844
vt 0.682128906 0.0821533203
vt 0.682128906 0.188964844
vt 0.871582031 0.188964844
vt 0.871582031 0.0821533203
vt 0.463134766 0.450927734
vt 0.290771484 0.450927734
vt 0.299560547 0.4609375
vt 0.454101562 0.4609375
vt 0.375244141 0.396240234
vt 0.375244141 0.364990234
vt 0.471435547 0.364990234
vt 0.471435547 0.396240234
vt 0.871582031 0.188964844
vt 0.871582031 0.0821533203
vt 0.682128906 0.0821533203
vt 0.682128906 0.188964844
vt 0.444580078 0.4609375
vt 0.437744141 0.450927734
vt 0.345214844 0.450927734
vt 0.338623047 0.4609375
vt 0.450439453 0.4609375
vt 0.442382812 0.450927734
vt 0.302246094 0.450927734
vt 0.293945312 0.4609375
vt 0.337402344 0.450927734
vt 0.343994141 0.4609375
vt 0.436523438 0.4609375
vt 0.443115234 0.450927734
vt 0.395019531 0.63671875
vt 0.395019531 0.651855469
vt 0.292724609 0.651855469
vt 0.292724609 0.63671875
vt 0.395019531 0.651855469
vt 0.395019531 0.63671875
vt 0.292724609 0.63671875
vt 0.292724609 0.651855469
vt 0.395019531 0.63671875
vt 0.395019531 0.651855469
vt 0.292724609 0.651855469
vt 0.292724609 0.63671875
vt 0.395019531 0.63671875
vt 0.395019531 0.651855469
vt 0.292724609 0.651855469
vt 0.292724609 0.63671875
vt 0.393310547 0.646484375
vt 0.393310547 0.65234375
vt 0.298095703 0.65234375
vt 0.298095703 0.646484375
vt 0.298095703 0.646484375
vt 0.298095703 0.65234375
vt 0.393310547 0.65234375
vt 0.393310547 0.646484375
vt 0.298095703 0.646484375
vt 0.298095703 0.65234375
vt 0.393310547 0.65234375
vt 0.393310547 0.646484375
vt 0.393310547 0.646484375
vt 0.393310547 0.65234375
vt 0.298095703 0.65234375
vt 0.298095703 0.646484375
vt 0.395019531 0.63671875
vt 0.395019531 0.651855469
vt 0.292724609 0.651855469
vt 0.292724609 0.63671875
vt 0.395019531 0.63671875
vt 0.395019531 0.651855469
vt 0.292724609 0.651855469
vt 0.292724609 0.63671875
vt 0.292724609 0.651855469
vt 0.292724609 0.63671875
vt 0.395019531 0.63671875
vt 0.395019531 0.651855469
vt 0.395019531 0.63671875
vt 0.395019531 0.651855469
vt 0.292724609 0.651855469
vt 0.292724609 0.63671875
vt 0.281982422 0.634277344
vt 0.185058594 0.634277344
vt 0.185058594 0.705078125
vt 0.281982422 0.705078125
vt 0.395019531 0.63671875
vt 0.395019531 0.651855469
vt 0.292724609 0.651855469
vt 0.292724609 0.63671875
vt 0.395019531 0.651855469
vt 0.395019531 0.63671875
vt 0.292724609 0.63671875
vt 0.292724609 0.651855469
vt 0.395019531 0.63671875
vt 0.395019531 0.651855469
vt 0.292724609 0.651855469
vt 0.292724609 0.63671875
vt 0.395019531 0.63671875
vt 0.395019531 0.651855469
vt 0.292724609 0.651855469
vt 0.292724609 0.63671875
vt 0.393310547 0.646484375
vt 0.393310547 0.65234375
vt 0.298095703 0.65234375
vt 0.298095703 0.646484375
vt 0.298095703 0.646484375
vt 0.298095703 0.65234375
vt 0.393310547 0.65234375
vt 0.393310547 0.646484375
vt 0.298095703 0.646484375
vt 0.298095703 0.65234375
vt 0.393310547 0.65234375
vt 0.393310547 0.646484375
vt 0.393310547 0.646484375
vt 0.393310547 0.65234375
vt 0.298095703 0.65234375
vt 0.298095703 0.646484375
vt 0.395019531 0.63671875
vt 0.395019531 0.651855469
vt 0.292724609 0.651855469
vt 0.292724609 0.63671875
vt 0.395019531 0.63671875
vt 0.395019531 0.651855469
vt 0.292724609 0.651855469
vt 0.292724609 0.63671875
vt 0.292724609 0.651855469
vt 0.292724609 0.63671875
vt 0.395019531 0.63671875
vt 0.395019531 0.651855469
vt 0.395019531 0.63671875
vt 0.395019531 0.651855469
vt 0.292724609 0.651855469
vt 0.292724609 0.63671875
vt 0.281982422 0.634277344
vt 0.185058594 0.634277344
vt 0.185058594 0.705078125
vt 0.281982422 0.705078125
vt 0.497314453 0.808105469
vt 0.489746094 0.808105469
vt 0.489746094 0.821777344
vt 0.497314453 0.821777344
vt 0.497314453 0.833496094
vt 0.497314453 0.821777344
vt 0.489746094 0.821777344
vt 0.489746094 0.833496094
vt 0.489746094 0.796386719
vt 0.489746094 0.808105469
vt 0.497314453 0.808105469
vt 0.497314453 0.796386719
vt 0.489746094 0.821777344
vt 0.489746094 0.808105469
vt 0.478027344 0.806640625
vt 0.478027344 0.823242188
vt 0.508789062 0.823242188
vt 0.508789062 0.806640625
vt 0.497314453 0.808105469
vt 0.497314453 0.821777344
vt 0.497314453 0.808105469
vt 0.489746094 0.808105469
vt 0.489746094 0.821777344
vt 0.497314453 0.821777344
vt 0.497314453 0.833496094
vt 0.497314453 0.821777344
vt 0.489746094 0.821777344
vt 0.489746094 0.833496094
vt 0.489746094 0.796386719
vt 0.489746094 0.808105469
vt 0.497314453 0.808105469
vt 0.497314453 0.796386719
vt 0.489746094 0.821777344
vt 0.489746094 0.808105469
vt 0.478027344 0.806640625
vt 0.478027344 0.823242188
vt 0.508789062 0.823242188
vt 0.508789062 0.806640625
vt 0.497314453 0.808105469
vt 0.497314453 0.821777344
vt 0.510742188 0.712402344
vt 0.358886719 0.71875
vt 0.510742188 0.718261719
vt 0.358886719 0.713378906
vt 0.510742188 0.707519531
vt 0.358886719 0.708007812
vt 0.510742188 0.701660156
vt 0.358886719 0.702148438
vt 0.510742188 0.696289062
vt 0.358886719 0.697265625
vt 0.358886719 0.713378906
vt 0.356933594 0.723144531
vt 0.358886719 0.71875
vt 0.356933594 0.71484375
vt 0.351074219 0.725097656
vt 0.358886719 0.708007812
vt 0.351074219 0.716308594
vt 0.356933594 0.707519531
vt 0.358886719 0.702148438
vt 0.351074219 0.707519531
vt 0.356933594 0.700195312
vt 0.358886719 0.697265625
vt 0.351074219 0.698730469
vt 0.356933594 0.693359375
vt 0.351074219 0.690917969
vt 0.510742188 0.712402344
vt 0.358886719 0.71875
vt 0.510742188 0.718261719
vt 0.358886719 0.713378906
vt 0.510742188 0.707519531
vt 0.358886719 0.708007812
vt 0.510742188 0.701660156
vt 0.358886719 0.702148438
vt 0.510742188 0.696289062
vt 0.358886719 0.697265625
vt 0.358886719 0.713378906
vt 0.356933594 0.723144531
vt 0.358886719 0.71875
vt 0.356933594 0.71484375
vt 0.351074219 0.725097656
vt 0.358886719 0.708007812
vt 0.351074219 0.716308594
vt 0.356933594 0.707519531
vt 0.358886719 0.702148438
vt 0.351074219 0.707519531
vt 0.356933594 0.700195312
vt 0.358886719 0.697265625
vt 0.351074219 0.698730469
vt 0.356933594 0.693359375
vt 0.351074219 0.690917969
vt 0.0134658813 0.724609375
vt 0.0134735107 0.731445312
vt 0.349121094 0.730957031
vt 0.349121094 0.724609375
vt 0.0134735107 0.817382812
vt 0.0134811401 0.823730469
vt 0.349121094 0.823242188
vt 0.349121094 0.816894531
vt 0.0167388916 0.6328125
vt 0.345947266 0.655761719
vt 0.345947266 0.6328125
vt 0.0167388916 0.655761719
vt 0.0167388916 0.694824219
vt 0.345947266 0.694824219
vt 0.345947266 0.717773438
vt 0.0167388916 0.717773438
vt 0.346679688 0.793945312
vt 0.349121094 0.816894531
vt 0.35546875 0.818847656
vt 0.353027344 0.794921875
vt 0.353027344 0.752929688
vt 0.346679688 0.754394531
vt 0.355224609 0.729003906
vt 0.349121094 0.730957031
vt 0.0160064697 0.793945312
vt 0.0134735107 0.817382812
vt 0.349121094 0.816894531
vt 0.346679688 0.793945312
vt 0.015914917 0.754394531
vt 0.346679688 0.754394531
vt 0.0134735107 0.731445312
vt 0.349121094 0.730957031
vt 0.00733566284 0.819335938
vt 0.0134735107 0.817382812
vt 0.0160064697 0.793945312
vt 0.00968933105 0.795410156
vt 0.00971984863 0.752929688
vt 0.015914917 0.754394531
vt 0.00733184814 0.729003906
vt 0.0134735107 0.731445312
vt 0.497314453 0.808105469
vt 0.489746094 0.808105469
vt 0.489746094 0.821777344
vt 0.497314453 0.821777344
vt 0.497314453 0.833496094
vt 0.497314453 0.821777344
vt 0.489746094 0.821777344
vt 0.489746094 0.833496094
vt 0.489746094 0.796386719
vt 0.489746094 0.808105469
vt 0.497314453 0.808105469
vt 0.497314453 0.796386719
vt 0.489746094 0.821777344
vt 0.489746094 0.808105469
vt 0.478027344 0.806640625
vt 0.478027344 0.823242188
vt 0.508789062 0.823242188
vt 0.508789062 0.806640625
vt 0.497314453 0.808105469
vt 0.497314453 0.821777344
vt 0.497314453 0.808105469
vt 0.489746094 0.808105469
vt 0.489746094 0.821777344
vt 0.497314453 0.821777344
vt 0.497314453 0.833496094
vt 0.497314453 0.821777344
vt 0.489746094 0.821777344
vt 0.489746094 0.833496094
vt 0.489746094 0.796386719
vt 0.489746094 0.808105469
vt 0.497314453 0.808105469
vt 0.497314453 0.796386719
vt 0.489746094 0.821777344
vt 0.489746094 0.808105469
vt 0.478027344 0.806640625
vt 0.478027344 0.823242188
vt 0.508789062 0.823242188
vt 0.508789062 0.806640625
vt 0.497314453 0.808105469
vt 0.497314453 0.821777344
vt 0.395019531 0.63671875
vt 0.395019531 0.651855469
vt 0.292724609 0.651855469
vt 0.292724609 0.63671875
vt 0.395019531 0.651855469
vt 0.395019531 0.63671875
vt 0.292724609 0.63671875
vt 0.292724609 0.651855469
vt 0.395019531 0.63671875
vt 0.395019531 0.651855469
vt 0.292724609 0.651855469
vt 0.292724609 0.63671875
vt 0.395019531 0.63671875
vt 0.395019531 0.651855469
vt 0.292724609 0.651855469
vt 0.292724609 0.63671875
vt 0.393310547 0.646484375
vt 0.393310547 0.65234375
vt 0.298095703 0.65234375
vt 0.298095703 0.646484375
vt 0.298095703 0.646484375
vt 0.298095703 0.65234375
vt 0.393310547 0.65234375
vt 0.393310547 0.646484375
vt 0.298095703 0.646484375
vt 0.298095703 0.65234375
vt 0.393310547 0.65234375
vt 0.393310547 0.646484375
vt 0.393310547 0.646484375
vt 0.393310547 0.65234375
vt 0.298095703 0.65234375
vt 0.298095703 0.646484375
vt 0.395019531 0.63671875
vt 0.395019531 0.651855469
vt 0.292724609 0.651855469
vt 0.292724609 0.63671875
vt 0.395019531 0.63671875
vt 0.395019531 0.651855469
vt 0.292724609 0.651855469
vt 0.292724609 0.63671875
vt 0.292724609 0.651855469
vt 0.292724609 0.63671875
vt 0.395019531 0.63671875
vt 0.395019531 0.651855469
vt 0.395019531 0.63671875
vt 0.395019531 0.651855469
vt 0.292724609 0.651855469
vt 0.292724609 0.63671875
vt 0.281982422 0.634277344
vt 0.185058594 0.634277344
vt 0.185058594 0.705078125
vt 0.281982422 0.705078125
vt 0.395019531 0.63671875
vt 0.395019531 0.651855469
vt 0.292724609 0.651855469
vt 0.292724609 0.63671875
vt 0.395019531 0.651855469
vt 0.395019531 0.63671875
vt 0.292724609 0.63671875
vt 0.292724609 0.651855469
vt 0.395019531 0.63671875
vt 0.395019531 0.651855469
vt 0.292724609 0.651855469
vt 0.292724609 0.63671875
vt 0.395019531 0.63671875
vt 0.395019531 0.651855469
vt 0.292724609 0.651855469
vt 0.292724609 0.63671875
vt 0.393310547 0.646484375
vt 0.393310547 0.65234375
vt 0.298095703 0.65234375
vt 0.298095703 0.646484375
vt 0.298095703 0.646484375
vt 0.298095703 0.65234375
vt 0.393310547 0.65234375
vt 0.393310547 0.646484375
vt 0.298095703 0.646484375
vt 0.298095703 0.65234375
vt 0.393310547 0.65234375
vt 0.393310547 0.646484375
vt 0.393310547 0.646484375
vt 0.393310547 0.65234375
vt 0.298095703 0.65234375
vt 0.298095703 0.646484375
vt 0.395019531 0.63671875
vt 0.395019531 0.651855469
vt 0.292724609 0.651855469
vt 0.292724609 0.63671875
vt 0.395019531 0.63671875
vt 0.395019531 0.651855469
vt 0.292724609 0.651855469
vt 0.292724609 0.63671875
vt 0.292724609 0.651855469
vt 0.292724609 0.63671875
vt 0.395019531 0.63671875
vt 0.395019531 0.651855469
vt 0.395019531 0.63671875
vt 0.395019531 0.651855469
vt 0.292724609 0.651855469
vt 0.292724609 0.63671875
vt 0.281982422 0.634277344
vt 0.185058594 0.634277344
vt 0.185058594 0.705078125
vt 0.281982422 0.705078125
vt 0.497314453 0.808105469
vt 0.489746094 0.808105469
vt 0.489746094 0.821777344
vt 0.497314453 0.821777344
vt 0.497314453 0.833496094
vt 0.497314453 0.821777344
vt 0.489746094 0.821777344
vt 0.489746094 0.833496094
vt 0.489746094 0.796386719
vt 0.489746094 0.808105469
vt 0.497314453 0.808105469
vt 0.497314453 0.796386719
vt 0.489746094 0.821777344
vt 0.489746094 0.808105469
vt 0.478027344 0.806640625
vt 0.478027344 0.823242188
vt 0.508789062 0.823242188
vt 0.508789062 0.806640625
vt 0.497314453 0.808105469
vt 0.497314453 0.821777344
vt 0.497314453 0.808105469
vt 0.489746094 0.808105469
vt 0.489746094 0.821777344
vt 0.497314453 0.821777344
vt 0.497314453 0.833496094
vt 0.497314453 0.821777344
vt 0.489746094 0.821777344
vt 0.489746094 0.833496094
vt 0.489746094 0.796386719
vt 0.489746094 0.808105469
vt 0.497314453 0.808105469
vt 0.497314453 0.796386719
vt 0.489746094 0.821777344
vt 0.489746094 0.808105469
vt 0.478027344 0.806640625
vt 0.478027344 0.823242188
vt 0.508789062 0.823242188
vt 0.508789062 0.806640625
vt 0.497314453 0.808105469
vt 0.497314453 0.821777344
vt 0.510742188 0.712402344
vt 0.358886719 0.71875
vt 0.510742188 0.718261719
vt 0.358886719 0.713378906
vt 0.510742188 0.707519531
vt 0.358886719 0.708007812
vt 0.510742188 0.701660156
vt 0.358886719 0.702148438
vt 0.510742188 0.696289062
vt 0.358886719 0.697265625
vt 0.358886719 0.713378906
vt 0.356933594 0.723144531
vt 0.358886719 0.71875
vt 0.356933594 0.71484375
vt 0.351074219 0.725097656
vt 0.358886719 0.708007812
vt 0.351074219 0.716308594
vt 0.356933594 0.707519531
vt 0.358886719 0.702148438
vt 0.351074219 0.707519531
vt 0.356933594 0.700195312
vt 0.358886719 0.697265625
vt 0.351074219 0.698730469
vt 0.356933594 0.693359375
vt 0.351074219 0.690917969
vt 0.510742188 0.712402344
vt 0.358886719 0.71875
vt 0.510742188 0.718261719
vt 0.358886719 0.713378906
vt 0.510742188 0.707519531
vt 0.358886719 0.708007812
vt 0.510742188 0.701660156
vt 0.358886719 0.702148438
vt 0.510742188 0.696289062
vt 0.358886719 0.697265625
vt 0.358886719 0.713378906
vt 0.356933594 0.723144531
vt 0.358886719 0.71875
vt 0.356933594 0.71484375
vt 0.351074219 0.725097656
vt 0.358886719 0.708007812
vt 0.351074219 0.716308594
vt 0.356933594 0.707519531
vt 0.358886719 0.702148438
vt 0.351074219 0.707519531
vt 0.356933594 0.700195312
vt 0.358886719 0.697265625
vt 0.351074219 0.698730469
vt 0.356933594 0.693359375
vt 0.351074219 0.690917969
vt 0.0134658813 0.724609375
vt 0.0134735107 0.731445312
vt 0.349121094 0.730957031
vt 0.349121094 0.724609375
vt 0.0134735107 0.817382812
vt 0.0134811401 0.823730469
vt 0.349121094 0.823242188
vt 0.349121094 0.816894531
vt 0.0167388916 0.6328125
vt 0.345947266 0.655761719
vt 0.345947266 0.6328125
vt 0.0167388916 0.655761719
vt 0.0167388916 0.694824219
vt 0.345947266 0.694824219
vt 0.345947266 0.717773438
vt 0.0167388916 0.717773438
vt 0.346679688 0.793945312
vt 0.349121094 0.816894531
vt 0.35546875 0.818847656
vt 0.353027344 0.794921875
vt 0.353027344 0.752929688
vt 0.346679688 0.754394531
vt 0.355224609 0.729003906
vt 0.349121094 0.730957031
vt 0.0160064697 0.793945312
vt 0.0134735107 0.817382812
vt 0.349121094 0.816894531
vt 0.346679688 0.793945312
vt 0.015914917 0.754394531
vt 0.346679688 0.754394531
vt 0.0134735107 0.731445312
vt 0.349121094 0.730957031
vt 0.00733566284 0.819335938
vt 0.0134735107 0.817382812
vt 0.0160064697 0.793945312
vt 0.00968933105 0.795410156
vt 0.00971984863 0.752929688
vt 0.015914917 0.754394531
vt 0.00733184814 0.729003906
vt 0.0134735107 0.731445312
vt 0.497314453 0.808105469
vt 0.489746094 0.808105469
vt 0.489746094 0.821777344
vt 0.497314453 0.821777344
vt 0.497314453 0.833496094
vt 0.497314453 0.821777344
vt 0.489746094 0.821777344
vt 0.489746094 0.833496094
vt 0.489746094 0.796386719
vt 0.489746094 0.808105469
vt 0.497314453 0.808105469
vt 0.497314453 0.796386719
vt 0.489746094 0.821777344
vt 0.489746094 0.808105469
vt 0.478027344 0.806640625
vt 0.478027344 0.823242188
vt 0.508789062 0.823242188
vt 0.508789062 0.806640625
vt 0.497314453 0.808105469
vt 0.497314453 0.821777344
vt 0.497314453 0.808105469
vt 0.489746094 0.808105469
vt 0.489746094 0.821777344
vt 0.497314453 0.821777344
vt 0.497314453 0.833496094
vt 0.497314453 0.821777344
vt 0.489746094 0.821777344
vt 0.489746094 0.833496094
vt 0.489746094 0.796386719
vt 0.489746094 0.808105469
vt 0.497314453 0.808105469
vt 0.497314453 0.796386719
vt 0.489746094 0.821777344
vt 0.489746094 0.808105469
vt 0.478027344 0.806640625
vt 0.478027344 0.823242188
vt 0.508789062 0.823242188
vt 0.508789062 0.806640625
vt 0.497314453 0.808105469
vt 0.497314453 0.821777344
vt 0.00973510742 0.000499725342
vt 0.0115814209 0.00954437256
vt 0.0141677856 0.000618457794
vt 0.00564193726 0.00176143646
vt 0.0115814209 0.00954437256
vt 0.00973510742 0.000499725342
vt 0.00244903564 0.00419998169
vt 0.0115814209 0.00954437256
vt 0.00564193726 0.00176143646
vt 0.000643730164 0.00745010376
vt 0.0115814209 0.00954437256
vt 0.00244903564 0.00419998169
vt 0.000499725342 0.0110168457
vt 0.0115814209 0.00954437256
vt 0.000643730164 0.00745010376
vt 0.00203895569 0.0143508911
vt 0.0115814209 0.00954437256
vt 0.000499725342 0.0110168457
vt 0.005027771 0.0169525146
vt 0.0115814209 0.00954437256
vt 0.00203895569 0.0143508911
vt 0.00901031494 0.0184326172
vt 0.0115814209 0.00954437256
vt 0.005027771 0.0169525146
vt 0.0174865723 0.0173187256
vt 0.0115814209 0.00954437256
vt 0.0133895874 0.0185699463
vt 0.0133895874 0.0185699463
vt 0.0115814209 0.00954437256
vt 0.00901031494 0.0184326172
vt 0.020690918 0.0148925781
vt 0.0115814209 0.00954437256
vt 0.0174865723 0.0173187256
vt 0.0225219727 0.0116500854
vt 0.0115814209 0.00954437256
vt 0.020690918 0.0148925781
vt 0.0226898193 0.0080871582
vt 0.0115814209 0.00954437256
vt 0.0225219727 0.0116500854
vt 0.0211639404 0.004737854
vt 0.0115814209 0.00954437256
vt 0.0226898193 0.0080871582
vt 0.0181884766 0.00212287903
vt 0.0115814209 0.00954437256
vt 0.0211639404 0.004737854
vt 0.0141677856 0.000618457794
vt 0.0115814209 0.00954437256
vt 0.0181884766 0.00212287903
vt 0.609375 0.359863281
vt 0.609375 0.381591797
vt 0.615234375 0.381347656
vt 0.615234375 0.359375
vt 0.622558594 0.382080078
vt 0.615722656 0.352294922
vt 0.609863281 0.351806641
vt 0.622558594 0.242431641
vt 0.622558594 0.360107422
vt 0.629882812 0.381347656
vt 0.622558594 0.352294922
vt 0.629394531 0.352294922
vt 0.635253906 0.352294922
vt 0.629882812 0.359375
vt 0.635742188 0.382324219
vt 0.635742188 0.360351562
vt 0.635742188 0.360839844
vt 0.635742188 0.382568359
vt 0.629882812 0.381591797
vt 0.629882812 0.359619141
vt 0.622558594 0.382324219
vt 0.629394531 0.352539062
vt 0.635253906 0.352783203
vt 0.622558594 0.242431641
vt 0.622558594 0.360351562
vt 0.615234375 0.381835938
vt 0.622558594 0.352539062
vt 0.615722656 0.353027344
vt 0.609863281 0.351806641
vt 0.615234375 0.360107422
vt 0.609375 0.381591797
vt 0.609375 0.359863281
vt 0.609375 0.360351562
vt 0.609375 0.382080078
vt 0.615234375 0.381591797
vt 0.615234375 0.359619141
vt 0.622558594 0.382080078
vt 0.615722656 0.352539062
vt 0.609863281 0.352294922
vt 0.622558594 0.242431641
vt 0.622558594 0.360351562
vt 0.629882812 0.381591797
vt 0.622558594 0.352539062
vt 0.629394531 0.352783203
vt 0.635253906 0.352783203
vt 0.629882812 0.359863281
vt 0.635742188 0.382568359
vt 0.635742188 0.360839844
vt 0.635742188 0.360351562
vt 0.635742188 0.382324219
vt 0.629882812 0.381347656
vt 0.629882812 0.359375
vt 0.622558594 0.381835938
vt 0.629394531 0.352294922
vt 0.635253906 0.352294922
vt 0.622558594 0.242431641
vt 0.622558594 0.359863281
vt 0.615234375 0.381347656
vt 0.622558594 0.352294922
vt 0.615722656 0.352294922
vt 0.609863281 0.352294922
vt 0.615234375 0.359375
vt 0.609375 0.382080078
vt 0.609375 0.360351562
vt 0.395019531 0.63671875
vt 0.395019531 0.651855469
vt 0.292724609 0.651855469
vt 0.292724609 0.63671875
vt 0.395019531 0.651855469
vt 0.395019531 0.63671875
vt 0.292724609 0.63671875
vt 0.292724609 0.651855469
vt 0.395019531 0.63671875
vt 0.395019531 0.651855469
vt 0.292724609 0.651855469
vt 0.292724609 0.63671875
vt 0.395019531 0.63671875
vt 0.395019531 0.651855469
vt 0.292724609 0.651855469
vt 0.292724609 0.63671875
vt 0.393310547 0.646484375
vt 0.393310547 0.65234375
vt 0.298095703 0.65234375
vt 0.298095703 0.646484375
vt 0.298095703 0.646484375
vt 0.298095703 0.65234375
vt 0.393310547 0.65234375
vt 0.393310547 0.646484375
vt 0.298095703 0.646484375
vt 0.298095703 0.65234375
vt 0.393310547 0.65234375
vt 0.393310547 0.646484375
vt 0.393310547 0.646484375
vt 0.393310547 0.65234375
vt 0.298095703 0.65234375
vt 0.298095703 0.646484375
vt 0.395019531 0.63671875
vt 0.395019531 0.651855469
vt 0.292724609 0.651855469
vt 0.292724609 0.63671875
vt 0.395019531 0.63671875
vt 0.395019531 0.651855469
vt 0.292724609 0.651855469
vt 0.292724609 0.63671875
vt 0.292724609 0.651855469
vt 0.292724609 0.63671875
vt 0.395019531 0.63671875
vt 0.395019531 0.651855469
vt 0.395019531 0.63671875
vt 0.395019531 0.651855469
vt 0.292724609 0.651855469
vt 0.292724609 0.63671875
vt 0.281982422 0.634277344
vt 0.185058594 0.634277344
vt 0.185058594 0.705078125
vt 0.281982422 0.705078125
vt 0.323242188 0.627441406
vt 0.323730469 0.601074219
vt 0.307861328 0.601074219
vt 0.331054688 0.613769531
vt 0.354003906 0.627441406
vt 0.331054688 0.587890625
vt 0.322998047 0.57421875
vt 0.345947266 0.613769531
vt 0.369384766 0.601074219
vt 0.338623047 0.601074219
vt 0.345947266 0.587890625
vt 0.354003906 0.57421875
vt 0.353271484 0.601074219
vt 0.331054688 0.613769531
vt 0.323242188 0.627441406
vt 0.354003906 0.627441406
vt 0.323730469 0.601074219
vt 0.307861328 0.601074219
vt 0.345947266 0.613769531
vt 0.369384766 0.601074219
vt 0.331054688 0.587890625
vt 0.323242188 0.57421875
vt 0.338623047 0.601074219
vt 0.353515625 0.601074219
vt 0.354003906 0.57421875
vt 0.345947266 0.587890625
vt 0.395019531 0.63671875
vt 0.395019531 0.651855469
vt 0.292724609 0.651855469
vt 0.292724609 0.63671875
vt 0.395019531 0.651855469
vt 0.395019531 0.63671875
vt 0.292724609 0.63671875
vt 0.292724609 0.651855469
vt 0.395019531 0.63671875
vt 0.395019531 0.651855469
vt 0.292724609 0.651855469
vt 0.292724609 0.63671875
vt 0.395019531 0.63671875
vt 0.395019531 0.651855469
vt 0.292724609 0.651855469
vt 0.292724609 0.63671875
vt 0.393310547 0.646484375
vt 0.393310547 0.65234375
vt 0.298095703 0.65234375
vt 0.298095703 0.646484375
vt 0.298095703 0.646484375
vt 0.298095703 0.65234375
vt 0.393310547 0.65234375
vt 0.393310547 0.646484375
vt 0.298095703 0.646484375
vt 0.298095703 0.65234375
vt 0.393310547 0.65234375
vt 0.393310547 0.646484375
vt 0.393310547 0.646484375
vt 0.393310547 0.65234375
vt 0.298095703 0.65234375
vt 0.298095703 0.646484375
vt 0.395019531 0.63671875
vt 0.395019531 0.651855469
vt 0.292724609 0.651855469
vt 0.292724609 0.63671875
vt 0.395019531 0.63671875
vt 0.395019531 0.651855469
vt 0.292724609 0.651855469
vt 0.292724609 0.63671875
vt 0.292724609 0.651855469
vt 0.292724609 0.63671875
vt 0.395019531 0.63671875
vt 0.395019531 0.651855469
vt 0.395019531 0.63671875
vt 0.395019531 0.651855469
vt 0.292724609 0.651855469
vt 0.292724609 0.63671875
vt 0.281982422 0.634277344
vt 0.185058594 0.634277344
vt 0.185058594 0.705078125
vt 0.281982422 0.705078125
vt 0.701660156 0.184326172
vt 0.68359375 0.184326172
vt 0.68359375 0.0896606445
vt 0.701660156 0.0896606445
vt 0.683105469 0.189208984
vt 0.683105469 0.0811157227
vt 0.871582031 0.0811157227
vt 0.871582031 0.189208984
vt 0.701660156 0.166870117
vt 0.701660156 0.106567383
vt 0.68359375 0.106567383
vt 0.68359375 0.166870117
vt 0.68359375 0.166870117
vt 0.68359375 0.106567383
vt 0.701660156 0.106567383
vt 0.701660156 0.166870117
vt 0.439453125 0.413085938
vt 0.433349609 0.432861328
vt 0.327148438 0.432861328
vt 0.321044922 0.413085938
vt 0.701660156 0.0885620117
vt 0.701660156 0.186279297
vt 0.68359375 0.186279297
vt 0.68359375 0.0885620117
vt 0.418212891 0.432861328
vt 0.345703125 0.432861328
vt 0.350097656 0.413085938
vt 0.413818359 0.413085938
vt 0.430664062 0.432861328
vt 0.323242188 0.432861328
vt 0.328857422 0.413085938
vt 0.425292969 0.413085938
vt 0.345703125 0.413085938
vt 0.418212891 0.413085938
vt 0.413818359 0.432861328
vt 0.350097656 0.432861328
vt 0.353027344 0.413085938
vt 0.353027344 0.433105469
vt 0.330566406 0.433105469
vt 0.330566406 0.413085938
vt 0.386474609 0.413085938
vt 0.423095703 0.413085938
vt 0.423095703 0.433105469
vt 0.386474609 0.433105469
vt 0.423095703 0.413085938
vt 0.423095703 0.433105469
vt 0.400634766 0.433105469
vt 0.400634766 0.413085938
vt 0.386474609 0.413085938
vt 0.423095703 0.413085938
vt 0.423095703 0.433105469
vt 0.386474609 0.433105469
vt 0.353271484 0.413085938
vt 0.353271484 0.433105469
vt 0.330810547 0.433105469
vt 0.330810547 0.413085938
vt 0.400634766 0.413085938
vt 0.400634766 0.433105469
vt 0.384521484 0.433105469
vt 0.384521484 0.413085938
vt 0.369140625 0.413085938
vt 0.369140625 0.433105469
vt 0.353027344 0.433105469
vt 0.353027344 0.413085938
vt 0.368896484 0.413085938
vt 0.368896484 0.433105469
vt 0.353027344 0.433105469
vt 0.353027344 0.413085938
vt 0.369140625 0.413085938
vt 0.369140625 0.433105469
vt 0.353271484 0.433105469
vt 0.353271484 0.413085938
vt 0.355957031 0.413085938
vt 0.355957031 0.433105469
vt 0.330566406 0.433105469
vt 0.330566406 0.413085938
vt 0.423095703 0.413085938
vt 0.423095703 0.433105469
vt 0.397705078 0.433105469
vt 0.397705078 0.413085938
vt 0.423095703 0.413085938
vt 0.423095703 0.433105469
vt 0.397705078 0.433105469
vt 0.397705078 0.413085938
vt 0.384521484 0.413085938
vt 0.384521484 0.433105469
vt 0.372558594 0.433105469
vt 0.372558594 0.413085938
vt 0.380859375 0.413085938
vt 0.380859375 0.433105469
vt 0.369140625 0.433105469
vt 0.369140625 0.413085938
vt 0.380859375 0.413085938
vt 0.380859375 0.433105469
vt 0.368896484 0.433105469
vt 0.368896484 0.413085938
vt 0.381103516 0.413085938
vt 0.381103516 0.433105469
vt 0.369140625 0.433105469
vt 0.369140625 0.413085938
vt 0.372558594 0.413085938
vt 0.372558594 0.433105469
vt 0.355957031 0.433105469
vt 0.355957031 0.413085938
vt 0.397705078 0.413085938
vt 0.397705078 0.433105469
vt 0.380859375 0.433105469
vt 0.380859375 0.413085938
vt 0.397705078 0.413085938
vt 0.397705078 0.433105469
vt 0.380859375 0.433105469
vt 0.380859375 0.413085938
vt 0.397705078 0.413085938
vt 0.397705078 0.433105469
vt 0.381103516 0.433105469
vt 0.381103516 0.413085938
vt 0.701660156 0.105285645
vt 0.701660156 0.165649414
vt 0.68359375 0.165649414
vt 0.68359375 0.105285645
vt 0.68359375 0.182495117
vt 0.68359375 0.0878295898
vt 0.701660156 0.0878295898
vt 0.701660156 0.182495117
vt 0.68359375 0.105285645
vt 0.68359375 0.165649414
vt 0.701660156 0.165649414
vt 0.701660156 0.105285645
vt 0.68359375 0.18359375
vt 0.68359375 0.0858764648
vt 0.701660156 0.0858764648
vt 0.701660156 0.18359375
vt 0.262939453 0.398925781
vt 0.262939453 0.279541016
vt 0.268066406 0.284667969
vt 0.268066406 0.393798828
vt 0.382568359 0.398925781
vt 0.262939453 0.398925781
vt 0.268066406 0.393798828
vt 0.377441406 0.393798828
vt 0.262939453 0.279541016
vt 0.382568359 0.279541016
vt 0.377441406 0.284667969
vt 0.268066406 0.284667969
vt 0.382568359 0.279541016
vt 0.382568359 0.398925781
vt 0.377441406 0.393798828
vt 0.377441406 0.284667969
vt 0.268066406 0.284667969
vt 0.377441406 0.284667969
vt 0.377441406 0.393798828
vt 0.268066406 0.393798828
vt 0.395019531 0.63671875
vt 0.395019531 0.651855469
vt 0.292724609 0.651855469
vt 0.292724609 0.63671875
vt 0.395019531 0.651855469
vt 0.395019531 0.63671875
vt 0.292724609 0.63671875
vt 0.292724609 0.651855469
vt 0.395019531 0.63671875
vt 0.395019531 0.651855469
vt 0.292724609 0.651855469
vt 0.292724609 0.63671875
vt 0.395019531 0.63671875
vt 0.395019531 0.651855469
vt 0.292724609 0.651855469
vt 0.292724609 0.63671875
vt 0.393310547 0.646484375
vt 0.393310547 0.65234375
vt 0.298095703 0.65234375
vt 0.298095703 0.646484375
vt 0.298095703 0.646484375
vt 0.298095703 0.65234375
vt 0.393310547 0.65234375
vt 0.393310547 0.646484375
vt 0.298095703 0.646484375
vt 0.298095703 0.65234375
vt 0.393310547 0.65234375
vt 0.393310547 0.646484375
vt 0.393310547 0.646484375
vt 0.393310547 0.65234375
vt 0.298095703 0.65234375
vt 0.298095703 0.646484375
vt 0.395019531 0.63671875
vt 0.395019531 0.651855469
vt 0.292724609 0.651855469
vt 0.292724609 0.63671875
vt 0.395019531 0.63671875
vt 0.395019531 0.651855469
vt 0.292724609 0.651855469
vt 0.292724609 0.63671875
vt 0.292724609 0.651855469
vt 0.292724609 0.63671875
vt 0.395019531 0.63671875
vt 0.395019531 0.651855469
vt 0.395019531 0.63671875
vt 0.395019531 0.651855469
vt 0.292724609 0.651855469
vt 0.292724609 0.63671875
vt 0.281982422 0.634277344
vt 0.185058594 0.634277344
vt 0.185058594 0.705078125
vt 0.281982422 0.705078125
vt 0.395019531 0.63671875
vt 0.395019531 0.651855469
vt 0.292724609 0.651855469
vt 0.292724609 0.63671875
vt 0.395019531 0.651855469
vt 0.395019531 0.63671875
vt 0.292724609 0.63671875
vt 0.292724609 0.651855469
vt 0.395019531 0.63671875
vt 0.395019531 0.651855469
vt 0.292724609 0.651855469
vt 0.292724609 0.63671875
vt 0.395019531 0.63671875
vt 0.395019531 0.651855469
vt 0.292724609 0.651855469
vt 0.292724609 0.63671875
vt 0.393310547 0.646484375
vt 0.393310547 0.65234375
vt 0.298095703 0.65234375
vt 0.298095703 0.646484375
vt 0.298095703 0.646484375
vt 0.298095703 0.65234375
vt 0.393310547 0.65234375
vt 0.393310547 0.646484375
vt 0.298095703 0.646484375
vt 0.298095703 0.65234375
vt 0.393310547 0.65234375
vt 0.393310547 0.646484375
vt 0.393310547 0.646484375
vt 0.393310547 0.65234375
vt 0.298095703 0.65234375
vt 0.298095703 0.646484375
vt 0.395019531 0.63671875
vt 0.395019531 0.651855469
vt 0.292724609 0.651855469
vt 0.292724609 0.63671875
vt 0.395019531 0.63671875
vt 0.395019531 0.651855469
vt 0.292724609 0.651855469
vt 0.292724609 0.63671875
vt 0.292724609 0.651855469
vt 0.292724609 0.63671875
vt 0.395019531 0.63671875
vt 0.395019531 0.651855469
vt 0.395019531 0.63671875
vt 0.395019531 0.651855469
vt 0.292724609 0.651855469
vt 0.292724609 0.63671875
vt 0.281982422 0.634277344
vt 0.185058594 0.634277344
vt 0.185058594 0.705078125
vt 0.281982422 0.705078125
vt 0.395019531 0.63671875
vt 0.395019531 0.651855469
vt 0.292724609 0.651855469
vt 0.292724609 0.63671875
vt 0.395019531 0.651855469
vt 0.395019531 0.63671875
vt 0.292724609 0.63671875
vt 0.292724609 0.651855469
vt 0.395019531 0.63671875
vt 0.395019531 0.651855469
vt 0.292724609 0.651855469
vt 0.292724609 0.63671875
vt 0.395019531 0.63671875
vt 0.395019531 0.651855469
vt 0.292724609 0.651855469
vt 0.292724609 0.63671875
vt 0.393310547 0.646484375
vt 0.393310547 0.65234375
vt 0.298095703 0.65234375
vt 0.298095703 0.646484375
vt 0.298095703 0.646484375
vt 0.298095703 0.65234375
vt 0.393310547 0.65234375
vt 0.393310547 0.646484375
vt 0.298095703 0.646484375
vt 0.298095703 0.65234375
vt 0.393310547 0.65234375
vt 0.393310547 0.646484375
vt 0.393310547 0.646484375
vt 0.393310547 0.65234375
vt 0.298095703 0.65234375
vt 0.298095703 0.646484375
vt 0.395019531 0.63671875
vt 0.395019531 0.651855469
vt 0.292724609 0.651855469
vt 0.292724609 0.63671875
vt 0.395019531 0.63671875
vt 0.395019531 0.651855469
vt 0.292724609 0.651855469
vt 0.292724609 0.63671875
vt 0.292724609 0.651855469
vt 0.292724609 0.63671875
vt 0.395019531 0.63671875
vt 0.395019531 0.651855469
vt 0.395019531 0.63671875
vt 0.395019531 0.651855469
vt 0.292724609 0.651855469
vt 0.292724609 0.63671875
vt 0.281982422 0.634277344
vt 0.185058594 0.634277344
vt 0.185058594 0.705078125
vt 0.281982422 0.705078125
vt 0.323242188 0.627441406
vt 0.323730469 0.601074219
vt 0.307861328 0.601074219
vt 0.331054688 0.613769531
vt 0.354003906 0.627441406
vt 0.331054688 0.587890625
vt 0.322998047 0.57421875
vt 0.345947266 0.613769531
vt 0.369384766 0.601074219
vt 0.338623047 0.601074219
vt 0.345947266 0.587890625
vt 0.354003906 0.57421875
vt 0.353271484 0.601074219
vt 0.331054688 0.613769531
vt 0.323242188 0.627441406
vt 0.354003906 0.627441406
vt 0.323730469 0.601074219
vt 0.307861328 0.601074219
vt 0.345947266 0.613769531
vt 0.369384766 0.601074219
vt 0.331054688 0.587890625
vt 0.323242188 0.57421875
vt 0.338623047 0.601074219
vt 0.353515625 0.601074219
vt 0.354003906 0.57421875
vt 0.345947266 0.587890625
vt 0.395019531 0.63671875
vt 0.395019531 0.651855469
vt 0.292724609 0.651855469
vt 0.292724609 0.63671875
vt 0.395019531 0.651855469
vt 0.395019531 0.63671875
vt 0.292724609 0.63671875
vt 0.292724609 0.651855469
vt 0.395019531 0.63671875
vt 0.395019531 0.651855469
vt 0.292724609 0.651855469
vt 0.292724609 0.63671875
vt 0.395019531 0.63671875
vt 0.395019531 0.651855469
vt 0.292724609 0.651855469
vt 0.292724609 0.63671875
vt 0.393310547 0.646484375
vt 0.393310547 0.65234375
vt 0.298095703 0.65234375
vt 0.298095703 0.646484375
vt 0.298095703 0.646484375
vt 0.298095703 0.65234375
vt 0.393310547 0.65234375
vt 0.393310547 0.646484375
vt 0.298095703 0.646484375
vt 0.298095703 0.65234375
vt 0.393310547 0.65234375
vt 0.393310547 0.646484375
vt 0.393310547 0.646484375
vt 0.393310547 0.65234375
vt 0.298095703 0.65234375
vt 0.298095703 0.646484375
vt 0.395019531 0.63671875
vt 0.395019531 0.651855469
vt 0.292724609 0.651855469
vt 0.292724609 0.63671875
vt 0.395019531 0.63671875
vt 0.395019531 0.651855469
vt 0.292724609 0.651855469
vt 0.292724609 0.63671875
vt 0.292724609 0.651855469
vt 0.292724609 0.63671875
vt 0.395019531 0.63671875
vt 0.395019531 0.651855469
vt 0.395019531 0.63671875
vt 0.395019531 0.651855469
vt 0.292724609 0.651855469
vt 0.292724609 0.63671875
vt 0.281982422 0.634277344
vt 0.185058594 0.634277344
vt 0.185058594 0.705078125
vt 0.281982422 0.705078125
vt 0.395019531 0.63671875
vt 0.395019531 0.651855469
vt 0.292724609 0.651855469
vt 0.292724609 0.63671875
vt 0.395019531 0.651855469
vt 0.395019531 0.63671875
vt 0.292724609 0.63671875
vt 0.292724609 0.651855469
vt 0.395019531 0.63671875
vt 0.395019531 0.651855469
vt 0.292724609 0.651855469
vt 0.292724609 0.63671875
vt 0.395019531 0.63671875
vt 0.395019531 0.651855469
vt 0.292724609 0.651855469
vt 0.292724609 0.63671875
vt 0.393310547 0.646484375
vt 0.393310547 0.65234375
vt 0.298095703 0.65234375
vt 0.298095703 0.646484375
vt 0.298095703 0.646484375
vt 0.298095703 0.65234375
vt 0.393310547 0.65234375
vt 0.393310547 0.646484375
vt 0.298095703 0.646484375
vt 0.298095703 0.65234375
vt 0.393310547 0.65234375
vt 0.393310547 0.646484375
vt 0.393310547 0.646484375
vt 0.393310547 0.65234375
vt 0.298095703 0.65234375
vt 0.298095703 0.646484375
vt 0.395019531 0.63671875
vt 0.395019531 0.651855469
vt 0.292724609 0.651855469
vt 0.292724609 0.63671875
vt 0.395019531 0.63671875
vt 0.395019531 0.651855469
vt 0.292724609 0.651855469
vt 0.292724609 0.63671875
vt 0.292724609 0.651855469
vt 0.292724609 0.63671875
vt 0.395019531 0.63671875
vt 0.395019531 0.651855469
vt 0.395019531 0.63671875
vt 0.395019531 0.651855469
vt 0.292724609 0.651855469
vt 0.292724609 0.63671875
vt 0.281982422 0.634277344
vt 0.185058594 0.634277344
vt 0.185058594 0.705078125
vt 0.281982422 0.705078125
vt 0.497314453 0.808105469
vt 0.489746094 0.808105469
vt 0.489746094 0.821777344
vt 0.497314453 0.821777344
vt 0.497314453 0.833496094
vt 0.497314453 0.821777344
vt 0.489746094 0.821777344
vt 0.489746094 0.833496094
vt 0.489746094 0.796386719
vt 0.489746094 0.808105469
vt 0.497314453 0.808105469
vt 0.497314453 0.796386719
vt 0.489746094 0.821777344
vt 0.489746094 0.808105469
vt 0.478027344 0.806640625
vt 0.478027344 0.823242188
vt 0.508789062 0.823242188
vt 0.508789062 0.806640625
vt 0.497314453 0.808105469
vt 0.497314453 0.821777344
vt 0.497314453 0.808105469
vt 0.489746094 0.808105469
vt 0.489746094 0.821777344
vt 0.497314453 0.821777344
vt 0.497314453 0.833496094
vt 0.497314453 0.821777344
vt 0.489746094 0.821777344
vt 0.489746094 0.833496094
vt 0.489746094 0.796386719
vt 0.489746094 0.808105469
vt 0.497314453 0.808105469
vt 0.497314453 0.796386719
vt 0.489746094 0.821777344
vt 0.489746094 0.808105469
vt 0.478027344 0.806640625
vt 0.478027344 0.823242188
vt 0.508789062 0.823242188
vt 0.508789062 0.806640625
vt 0.497314453 0.808105469
vt 0.497314453 0.821777344
vt 0.510742188 0.712402344
vt 0.358886719 0.71875
vt 0.510742188 0.718261719
vt 0.358886719 0.713378906
vt 0.510742188 0.707519531
vt 0.358886719 0.708007812
vt 0.510742188 0.701660156
vt 0.358886719 0.702148438
vt 0.510742188 0.696289062
vt 0.358886719 0.697265625
vt 0.358886719 0.713378906
vt 0.356933594 0.723144531
vt 0.358886719 0.71875
vt 0.356933594 0.71484375
vt 0.351074219 0.725097656
vt 0.358886719 0.708007812
vt 0.351074219 0.716308594
vt 0.356933594 0.707519531
vt 0.358886719 0.702148438
vt 0.351074219 0.707519531
vt 0.356933594 0.700195312
vt 0.358886719 0.697265625
vt 0.351074219 0.698730469
vt 0.356933594 0.693359375
vt 0.351074219 0.690917969
vt 0.510742188 0.712402344
vt 0.358886719 0.71875
vt 0.510742188 0.718261719
vt 0.358886719 0.713378906
vt 0.510742188 0.707519531
vt 0.358886719 0.708007812
vt 0.510742188 0.701660156
vt 0.358886719 0.702148438
vt 0.510742188 0.696289062
vt 0.358886719 0.697265625
vt 0.358886719 0.713378906
vt 0.356933594 0.723144531
vt 0.358886719 0.71875
vt 0.356933594 0.71484375
vt 0.351074219 0.725097656
vt 0.358886719 0.708007812
vt 0.351074219 0.716308594
vt 0.356933594 0.707519531
vt 0.358886719 0.702148438
vt 0.351074219 0.707519531
vt 0.356933594 0.700195312
vt 0.358886719 0.697265625
vt 0.351074219 0.698730469
vt 0.356933594 0.693359375
vt 0.351074219 0.690917969
vt 0.0134658813 0.724609375
vt 0.0134735107 0.731445312
vt 0.349121094 0.730957031
vt 0.349121094 0.724609375
vt 0.0134735107 0.817382812
vt 0.0134811401 0.823730469
vt 0.349121094 0.823242188
vt 0.349121094 0.816894531
vt 0.0167388916 0.6328125
vt 0.345947266 0.655761719
vt 0.345947266 0.6328125
vt 0.0167388916 0.655761719
vt 0.0167388916 0.694824219
vt 0.345947266 0.694824219
vt 0.345947266 0.717773438
vt 0.0167388916 0.717773438
vt 0.346679688 0.793945312
vt 0.349121094 0.816894531
vt 0.35546875 0.818847656
vt 0.353027344 0.794921875
vt 0.353027344 0.752929688
vt 0.346679688 0.754394531
vt 0.355224609 0.729003906
vt 0.349121094 0.730957031
vt 0.0160064697 0.793945312
vt 0.0134735107 0.817382812
vt 0.349121094 0.816894531
vt 0.346679688 0.793945312
vt 0.015914917 0.754394531
vt 0.346679688 0.754394531
vt 0.0134735107 0.731445312
vt 0.349121094 0.730957031
vt 0.00733566284 0.819335938
vt 0.0134735107 0.817382812
vt 0.0160064697 0.793945312
vt 0.00968933105 0.795410156
vt 0.00971984863 0.752929688
vt 0.015914917 0.754394531
vt 0.00733184814 0.729003906
vt 0.0134735107 0.731445312
vt 0.497314453 0.808105469
vt 0.489746094 0.808105469
vt 0.489746094 0.821777344
vt 0.497314453 0.821777344
vt 0.497314453 0.833496094
vt 0.497314453 0.821777344
vt 0.489746094 0.821777344
vt 0.489746094 0.833496094
vt 0.489746094 0.796386719
vt 0.489746094 0.808105469
vt 0.497314453 0.808105469
vt 0.497314453 0.796386719
vt 0.489746094 0.821777344
vt 0.489746094 0.808105469
vt 0.478027344 0.806640625
vt 0.478027344 0.823242188
vt 0.508789062 0.823242188
vt 0.508789062 0.806640625
vt 0.497314453 0.808105469
vt 0.497314453 0.821777344
vt 0.497314453 0.808105469
vt 0.489746094 0.808105469
vt 0.489746094 0.821777344
vt 0.497314453 0.821777344
vt 0.497314453 0.833496094
vt 0.497314453 0.821777344
vt 0.489746094 0.821777344
vt 0.489746094 0.833496094
vt 0.489746094 0.796386719
vt 0.489746094 0.808105469
vt 0.497314453 0.808105469
vt 0.497314453 0.796386719
vt 0.489746094 0.821777344
vt 0.489746094 0.808105469
vt 0.478027344 0.806640625
vt 0.478027344 0.823242188
vt 0.508789062 0.823242188
vt 0.508789062 0.806640625
vt 0.497314453 0.808105469
vt 0.497314453 0.821777344
vt 0.395019531 0.63671875
vt 0.395019531 0.651855469
vt 0.292724609 0.651855469
vt 0.292724609 0.63671875
vt 0.395019531 0.651855469
vt 0.395019531 0.63671875
vt 0.292724609 0.63671875
vt 0.292724609 0.651855469
vt 0.395019531 0.63671875
vt 0.395019531 0.651855469
vt 0.292724609 0.651855469
vt 0.292724609 0.63671875
vt 0.395019531 0.63671875
vt 0.395019531 0.651855469
vt 0.292724609 0.651855469
vt 0.292724609 0.63671875
vt 0.393310547 0.646484375
vt 0.393310547 0.65234375
vt 0.298095703 0.65234375
vt 0.298095703 0.646484375
vt 0.298095703 0.646484375
vt 0.298095703 0.65234375
vt 0.393310547 0.65234375
vt 0.393310547 0.646484375
vt 0.298095703 0.646484375
vt 0.298095703 0.65234375
vt 0.393310547 0.65234375
vt 0.393310547 0.646484375
vt 0.393310547 0.646484375
vt 0.393310547 0.65234375
vt 0.298095703 0.65234375
vt 0.298095703 0.646484375
vt 0.395019531 0.63671875
vt 0.395019531 0.651855469
vt 0.292724609 0.651855469
vt 0.292724609 0.63671875
vt 0.395019531 0.63671875
vt 0.395019531 0.651855469
vt 0.292724609 0.651855469
vt 0.292724609 0.63671875
vt 0.292724609 0.651855469
vt 0.292724609 0.63671875
vt 0.395019531 0.63671875
vt 0.395019531 0.651855469
vt 0.395019531 0.63671875
vt 0.395019531 0.651855469
vt 0.292724609 0.651855469
vt 0.292724609 0.63671875
vt 0.281982422 0.634277344
vt 0.185058594 0.634277344
vt 0.185058594 0.705078125
vt 0.281982422 0.705078125
vt 0.395019531 0.63671875
vt 0.395019531 0.651855469
vt 0.292724609 0.651855469
vt 0.292724609 0.63671875
vt 0.395019531 0.651855469
vt 0.395019531 0.63671875
vt 0.292724609 0.63671875
vt 0.292724609 0.651855469
vt 0.395019531 0.63671875
vt 0.395019531 0.651855469
vt 0.292724609 0.651855469
vt 0.292724609 0.63671875
vt 0.395019531 0.63671875
vt 0.395019531 0.651855469
vt 0.292724609 0.651855469
vt 0.292724609 0.63671875
vt 0.393310547 0.646484375
vt 0.393310547 0.65234375
vt 0.298095703 0.65234375
vt 0.298095703 0.646484375
vt 0.298095703 0.646484375
vt 0.298095703 0.65234375
vt 0.393310547 0.65234375
vt 0.393310547 0.646484375
vt 0.298095703 0.646484375
vt 0.298095703 0.65234375
vt 0.393310547 0.65234375
vt 0.393310547 0.646484375
vt 0.393310547 0.646484375
vt 0.393310547 0.65234375
vt 0.298095703 0.65234375
vt 0.298095703 0.646484375
vt 0.395019531 0.63671875
vt 0.395019531 0.651855469
vt 0.292724609 0.651855469
vt 0.292724609 0.63671875
vt 0.395019531 0.63671875
vt 0.395019531 0.651855469
vt 0.292724609 0.651855469
vt 0.292724609 0.63671875
vt 0.292724609 0.651855469
vt 0.292724609 0.63671875
vt 0.395019531 0.63671875
vt 0.395019531 0.651855469
vt 0.395019531 0.63671875
vt 0.395019531 0.651855469
vt 0.292724609 0.651855469
vt 0.292724609 0.63671875
vt 0.281982422 0.634277344
vt 0.185058594 0.634277344
vt 0.185058594 0.705078125
vt 0.281982422 0.705078125
vt 0.395019531 0.63671875
vt 0.395019531 0.651855469
vt 0.292724609 0.651855469
vt 0.292724609 0.63671875
vt 0.395019531 0.651855469
vt 0.395019531 0.63671875
vt 0.292724609 0.63671875
vt 0.292724609 0.651855469
vt 0.395019531 0.63671875
vt 0.395019531 0.651855469
vt 0.292724609 0.651855469
vt 0.292724609 0.63671875
vt 0.395019531 0.63671875
vt 0.395019531 0.651855469
vt 0.292724609 0.651855469
vt 0.292724609 0.63671875
vt 0.393310547 0.646484375
vt 0.393310547 0.65234375
vt 0.298095703 0.65234375
vt 0.298095703 0.646484375
vt 0.298095703 0.646484375
vt 0.298095703 0.65234375
vt 0.393310547 0.65234375
vt 0.393310547 0.646484375
vt 0.298095703 0.646484375
vt 0.298095703 0.65234375
vt 0.393310547 0.65234375
vt 0.393310547 0.646484375
vt 0.393310547 0.646484375
vt 0.393310547 0.65234375
vt 0.298095703 0.65234375
vt 0.298095703 0.646484375
vt 0.395019531 0.63671875
vt 0.395019531 0.651855469
vt 0.292724609 0.651855469
vt 0.292724609 0.63671875
vt 0.395019531 0.63671875
vt 0.395019531 0.651855469
vt 0.292724609 0.651855469
vt 0.292724609 0.63671875
vt 0.292724609 0.651855469
vt 0.292724609 0.63671875
vt 0.395019531 0.63671875
vt 0.395019531 0.651855469
vt 0.395019531 0.63671875
vt 0.395019531 0.651855469
vt 0.292724609 0.651855469
vt 0.292724609 0.63671875
vt 0.281982422 0.634277344
vt 0.185058594 0.634277344
vt 0.185058594 0.705078125
vt 0.281982422 0.705078125
vt 0.323242188 0.627441406
vt 0.323730469 0.601074219
vt 0.307861328 0.601074219
vt 0.331054688 0.613769531
vt 0.354003906 0.627441406
vt 0.331054688 0.587890625
vt 0.322998047 0.57421875
vt 0.345947266 0.613769531
vt 0.369384766 0.601074219
vt 0.338623047 0.601074219
vt 0.345947266 0.587890625
vt 0.354003906 0.57421875
vt 0.353271484 0.601074219
vt 0.331054688 0.613769531
vt 0.323242188 0.627441406
vt 0.354003906 0.627441406
vt 0.323730469 0.601074219
vt 0.307861328 0.601074219
vt 0.345947266 0.613769531
vt 0.369384766 0.601074219
vt 0.331054688 0.587890625
vt 0.323242188 0.57421875
vt 0.338623047 0.601074219
vt 0.353515625 0.601074219
vt 0.354003906 0.57421875
vt 0.345947266 0.587890625
vt 0.497314453 0.808105469
vt 0.489746094 0.808105469
vt 0.489746094 0.821777344
vt 0.497314453 0.821777344
vt 0.497314453 0.833496094
vt 0.497314453 0.821777344
vt 0.489746094 0.821777344
vt 0.489746094 0.833496094
vt 0.489746094 0.796386719
vt 0.489746094 0.808105469
vt 0.497314453 0.808105469
vt 0.497314453 0.796386719
vt 0.489746094 0.821777344
vt 0.489746094 0.808105469
vt 0.478027344 0.806640625
vt 0.478027344 0.823242188
vt 0.508789062 0.823242188
vt 0.508789062 0.806640625
vt 0.497314453 0.808105469
vt 0.497314453 0.821777344
vt 0.497314453 0.808105469
vt 0.489746094 0.808105469
vt 0.489746094 0.821777344
vt 0.497314453 0.821777344
vt 0.497314453 0.833496094
vt 0.497314453 0.821777344
vt 0.489746094 0.821777344
vt 0.489746094 0.833496094
vt 0.489746094 0.796386719
vt 0.489746094 0.808105469
vt 0.497314453 0.808105469
vt 0.497314453 0.796386719
vt 0.489746094 0.821777344
vt 0.489746094 0.808105469
vt 0.478027344 0.806640625
vt 0.478027344 0.823242188
vt 0.508789062 0.823242188
vt 0.508789062 0.806640625
vt 0.497314453 0.808105469
vt 0.497314453 0.821777344
vt 0.510742188 0.712402344
vt 0.358886719 0.71875
vt 0.510742188 0.718261719
vt 0.358886719 0.713378906
vt 0.510742188 0.707519531
vt 0.358886719 0.708007812
vt 0.510742188 0.701660156
vt 0.358886719 0.702148438
vt 0.510742188 0.696289062
vt 0.358886719 0.697265625
vt 0.358886719 0.713378906
vt 0.356933594 0.723144531
vt 0.358886719 0.71875
vt 0.356933594 0.71484375
vt 0.351074219 0.725097656
vt 0.358886719 0.708007812
vt 0.351074219 0.716308594
vt 0.356933594 0.707519531
vt 0.358886719 0.702148438
vt 0.351074219 0.707519531
vt 0.356933594 0.700195312
vt 0.358886719 0.697265625
vt 0.351074219 0.698730469
vt 0.356933594 0.693359375
vt 0.351074219 0.690917969
vt 0.510742188 0.712402344
vt 0.358886719 0.71875
vt 0.510742188 0.718261719
vt 0.358886719 0.713378906
vt 0.510742188 0.707519531
vt 0.358886719 0.708007812
vt 0.510742188 0.701660156
vt 0.358886719 0.702148438
vt 0.510742188 0.696289062
vt 0.358886719 0.697265625
vt 0.358886719 0.713378906
vt 0.356933594 0.723144531
vt 0.358886719 0.71875
vt 0.356933594 0.71484375
vt 0.351074219 0.725097656
vt 0.358886719 0.708007812
vt 0.351074219 0.716308594
vt 0.356933594 0.707519531
vt 0.358886719 0.702148438
vt 0.351074219 0.707519531
vt 0.356933594 0.700195312
vt 0.358886719 0.697265625
vt 0.351074219 0.698730469
vt 0.356933594 0.693359375
vt 0.351074219 0.690917969
vt 0.0134658813 0.724609375
vt 0.0134735107 0.731445312
vt 0.349121094 0.730957031
vt 0.349121094 0.724609375
vt 0.0134735107 0.817382812
vt 0.0134811401 0.823730469
vt 0.349121094 0.823242188
vt 0.349121094 0.816894531
vt 0.0167388916 0.6328125
vt 0.345947266 0.655761719
vt 0.345947266 0.6328125
vt 0.0167388916 0.655761719
vt 0.0167388916 0.694824219
vt 0.345947266 0.694824219
vt 0.345947266 0.717773438
vt 0.0167388916 0.717773438
vt 0.346679688 0.793945312
vt 0.349121094 0.816894531
vt 0.35546875 0.818847656
vt 0.353027344 0.794921875
vt 0.353027344 0.752929688
vt 0.346679688 0.754394531
vt 0.355224609 0.729003906
vt 0.349121094 0.730957031
vt 0.0160064697 0.793945312
vt 0.0134735107 0.817382812
vt 0.349121094 0.816894531
vt 0.346679688 0.793945312
vt 0.015914917 0.754394531
vt 0.346679688 0.754394531
vt 0.0134735107 0.731445312
vt 0.349121094 0.730957031
vt 0.00733566284 0.819335938
vt 0.0134735107 0.817382812
vt 0.0160064697 0.793945312
vt 0.00968933105 0.795410156
vt 0.00971984863 0.752929688
vt 0.015914917 0.754394531
vt 0.00733184814 0.729003906
vt 0.0134735107 0.731445312
vt 0.497314453 0.808105469
vt 0.489746094 0.808105469
vt 0.489746094 0.821777344
vt 0.497314453 0.821777344
vt 0.497314453 0.833496094
vt 0.497314453 0.821777344
vt 0.489746094 0.821777344
vt 0.489746094 0.833496094
vt 0.489746094 0.796386719
vt 0.489746094 0.808105469
vt 0.497314453 0.808105469
vt 0.497314453 0.796386719
vt 0.489746094 0.821777344
vt 0.489746094 0.808105469
vt 0.478027344 0.806640625
vt 0.478027344 0.823242188
vt 0.508789062 0.823242188
vt 0.508789062 0.806640625
vt 0.497314453 0.808105469
vt 0.497314453 0.821777344
vt 0.497314453 0.808105469
vt 0.489746094 0.808105469
vt 0.489746094 0.821777344
vt 0.497314453 0.821777344
vt 0.497314453 0.833496094
vt 0.497314453 0.821777344
vt 0.489746094 0.821777344
vt 0.489746094 0.833496094
vt 0.489746094 0.796386719
vt 0.489746094 0.808105469
vt 0.497314453 0.808105469
vt 0.497314453 0.796386719
vt 0.489746094 0.821777344
vt 0.489746094 0.808105469
vt 0.478027344 0.806640625
vt 0.478027344 0.823242188
vt 0.508789062 0.823242188
vt 0.508789062 0.806640625
vt 0.497314453 0.808105469
vt 0.497314453 0.821777344
vt 0.323242188 0.627441406
vt 0.323730469 0.601074219
vt 0.307861328 0.601074219
vt 0.331054688 0.613769531
vt 0.354003906 0.627441406
vt 0.331054688 0.587890625
vt 0.322998047 0.57421875
vt 0.345947266 0.613769531
vt 0.369384766 0.601074219
vt 0.338623047 0.601074219
vt 0.345947266 0.587890625
vt 0.354003906 0.57421875
vt 0.353271484 0.601074219
vt 0.331054688 0.613769531
vt 0.323242188 0.627441406
vt 0.354003906 0.627441406
vt 0.323730469 0.601074219
vt 0.307861328 0.601074219
vt 0.345947266 0.613769531
vt 0.369384766 0.601074219
vt 0.331054688 0.587890625
vt 0.323242188 0.57421875
vt 0.338623047 0.601074219
vt 0.353515625 0.601074219
vt 0.354003906 0.57421875
vt 0.345947266 0.587890625
vt 0.395019531 0.63671875
vt 0.395019531 0.651855469
vt 0.292724609 0.651855469
vt 0.292724609 0.63671875
vt 0.395019531 0.651855469
vt 0.395019531 0.63671875
vt 0.292724609 0.63671875
vt 0.292724609 0.651855469
vt 0.395019531 0.63671875
vt 0.395019531 0.651855469
vt 0.292724609 0.651855469
vt 0.292724609 0.63671875
vt 0.395019531 0.63671875
vt 0.395019531 0.651855469
vt 0.292724609 0.651855469
vt 0.292724609 0.63671875
vt 0.393310547 0.646484375
vt 0.393310547 0.65234375
vt 0.298095703 0.65234375
vt 0.298095703 0.646484375
vt 0.298095703 0.646484375
vt 0.298095703 0.65234375
vt 0.393310547 0.65234375
vt 0.393310547 0.646484375
vt 0.298095703 0.646484375
vt 0.298095703 0.65234375
vt 0.393310547 0.65234375
vt 0.393310547 0.646484375
vt 0.393310547 0.646484375
vt 0.393310547 0.65234375
vt 0.298095703 0.65234375
vt 0.298095703 0.646484375
vt 0.395019531 0.63671875
vt 0.395019531 0.651855469
vt 0.292724609 0.651855469
vt 0.292724609 0.63671875
vt 0.395019531 0.63671875
vt 0.395019531 0.651855469
vt 0.292724609 0.651855469
vt 0.292724609 0.63671875
vt 0.292724609 0.651855469
vt 0.292724609 0.63671875
vt 0.395019531 0.63671875
vt 0.395019531 0.651855469
vt 0.395019531 0.63671875
vt 0.395019531 0.651855469
vt 0.292724609 0.651855469
vt 0.292724609 0.63671875
vt 0.281982422 0.634277344
vt 0.185058594 0.634277344
vt 0.185058594 0.705078125
vt 0.281982422 0.705078125
vt 0.323242188 0.627441406
vt 0.323730469 0.601074219
vt 0.307861328 0.601074219
vt 0.331054688 0.613769531
vt 0.354003906 0.627441406
vt 0.331054688 0.587890625
vt 0.322998047 0.57421875
vt 0.345947266 0.613769531
vt 0.369384766 0.601074219
vt 0.338623047 0.601074219
vt 0.345947266 0.587890625
vt 0.354003906 0.57421875
vt 0.353271484 0.601074219
vt 0.331054688 0.613769531
vt 0.323242188 0.627441406
vt 0.354003906 0.627441406
vt 0.323730469 0.601074219
vt 0.307861328 0.601074219
vt 0.345947266 0.613769531
vt 0.369384766 0.601074219
vt 0.331054688 0.587890625
vt 0.323242188 0.57421875
vt 0.338623047 0.601074219
vt 0.353515625 0.601074219
vt 0.354003906 0.57421875
vt 0.345947266 0.587890625
vt 0.395019531 0.63671875
vt 0.395019531 0.651855469
vt 0.292724609 0.651855469
vt 0.292724609 0.63671875
vt 0.395019531 0.651855469
vt 0.395019531 0.63671875
vt 0.292724609 0.63671875
vt 0.292724609 0.651855469
vt 0.395019531 0.63671875
vt 0.395019531 0.651855469
vt 0.292724609 0.651855469
vt 0.292724609 0.63671875
vt 0.395019531 0.63671875
vt 0.395019531 0.651855469
vt 0.292724609 0.651855469
vt 0.292724609 0.63671875
vt 0.393310547 0.646484375
vt 0.393310547 0.65234375
vt 0.298095703 0.65234375
vt 0.298095703 0.646484375
vt 0.298095703 0.646484375
vt 0.298095703 0.65234375
vt 0.393310547 0.65234375
vt 0.393310547 0.646484375
vt 0.298095703 0.646484375
vt 0.298095703 0.65234375
vt 0.393310547 0.65234375
vt 0.393310547 0.646484375
vt 0.393310547 0.646484375
vt 0.393310547 0.65234375
vt 0.298095703 0.65234375
vt 0.298095703 0.646484375
vt 0.395019531 0.63671875
vt 0.395019531 0.651855469
vt 0.292724609 0.651855469
vt 0.292724609 0.63671875
vt 0.395019531 0.63671875
vt 0.395019531 0.651855469
vt 0.292724609 0.651855469
vt 0.292724609 0.63671875
vt 0.292724609 0.651855469
vt 0.292724609 0.63671875
vt 0.395019531 0.63671875
vt 0.395019531 0.651855469
vt 0.395019531 0.63671875
vt 0.395019531 0.651855469
vt 0.292724609 0.651855469
vt 0.292724609 0.63671875
vt 0.281982422 0.634277344
vt 0.185058594 0.634277344
vt 0.185058594 0.705078125
vt 0.281982422 0.705078125
vt 0.395019531 0.63671875
vt 0.395019531 0.651855469
vt 0.292724609 0.651855469
vt 0.292724609 0.63671875
vt 0.395019531 0.651855469
vt 0.395019531 0.63671875
vt 0.292724609 0.63671875
vt 0.292724609 0.651855469
vt 0.395019531 0.63671875
vt 0.395019531 0.651855469
vt 0.292724609 0.651855469
vt 0.292724609 0.63671875
vt 0.395019531 0.63671875
vt 0.395019531 0.651855469
vt 0.292724609 0.651855469
vt 0.292724609 0.63671875
vt 0.393310547 0.646484375
vt 0.393310547 0.65234375
vt 0.298095703 0.65234375
vt 0.298095703 0.646484375
vt 0.298095703 0.646484375
vt 0.298095703 0.65234375
vt 0.393310547 0.65234375
vt 0.393310547 0.646484375
vt 0.298095703 0.646484375
vt 0.298095703 0.65234375
vt 0.393310547 0.65234375
vt 0.393310547 0.646484375
vt 0.393310547 0.646484375
vt 0.393310547 0.65234375
vt 0.298095703 0.65234375
vt 0.298095703 0.646484375
vt 0.395019531 0.63671875
vt 0.395019531 0.651855469
vt 0.292724609 0.651855469
vt 0.292724609 0.63671875
vt 0.395019531 0.63671875
vt 0.395019531 0.651855469
vt 0.292724609 0.651855469
vt 0.292724609 0.63671875
vt 0.292724609 0.651855469
vt 0.292724609 0.63671875
vt 0.395019531 0.63671875
vt 0.395019531 0.651855469
vt 0.395019531 0.63671875
vt 0.395019531 0.651855469
vt 0.292724609 0.651855469
vt 0.292724609 0.63671875
vt 0.281982422 0.634277344
vt 0.185058594 0.634277344
vt 0.185058594 0.705078125
vt 0.281982422 0.705078125
vt 0.9453125 0.857910156
vt 1.00097656 0.807617188
vt 1.00097656 0.857910156
vt 0.9453125 0.807617188
vt 1.00097656 0.756835938
vt 0.889648438 0.857910156
vt 0.9453125 0.756835938
vt 0.889648438 0.807617188
vt 0.833984375 0.857910156
vt 0.889648438 0.756835938
vt 0.833984375 0.807617188
vt 0.778320312 0.857910156
vt 0.833984375 0.756835938
vt 0.778320312 0.807617188
vt 0.72265625 0.857910156
vt 0.778320312 0.756835938
vt 0.72265625 0.807617188
vt 0.666992188 0.857910156
vt 0.72265625 0.756835938
vt 0.666992188 0.807617188
vt 0.611816406 0.857910156
vt 0.666992188 0.756835938
vt 0.611816406 0.807617188
vt 0.556152344 0.857910156
vt 0.611816406 0.756835938
vt 0.556152344 0.807617188
vt 0.500488281 0.857910156
vt 0.556152344 0.756835938
vt 0.500488281 0.807617188
vt 0.444824219 0.857910156
vt 0.500488281 0.756835938
vt 0.444824219 0.807617188
vt 0.389160156 0.857910156
vt 0.444824219 0.756835938
vt 0.389160156 0.807617188
vt 0.333496094 0.857910156
vt 0.389160156 0.756835938
vt 0.333496094 0.807617188
vt 0.278076172 0.857910156
vt 0.333496094 0.756835938
vt 0.278076172 0.807617188
vt 0.222412109 0.857910156
vt 0.278076172 0.756835938
vt 0.222412109 0.807617188
vt 0.166748047 0.857910156
vt 0.222412109 0.756835938
vt 0.166748047 0.807617188
vt 0.111206055 0.857910156
vt 0.166748047 0.756835938
vt 0.111206055 0.807617188
vt 0.0556030273 0.857910156
vt 0.111206055 0.756835938
vt 0.0556030273 0.807617188
vt -3.75509262E-06 0.857910156
vt 0.0556030273 0.756835938
vt -3.75509262E-06 0.807617188
vt -3.75509262E-06 0.756835938
vt -3.57627869E-06 0.805664062
vt 0.0556030273 0.866699219
vt -3.57627869E-06 0.866699219
vt 0.0556030273 0.805664062
vt 0.111206055 0.866699219
vt 0.0565185547 0.752929688
vt -0.000166296959 0.752929688
vt 0.112121582 0.752929688
vt 0.111206055 0.805664062
vt 0.166748047 0.866699219
vt 0.167724609 0.752929688
vt 0.166748047 0.805664062
vt 0.222412109 0.866699219
vt 0.223266602 0.752929688
vt 0.222412109 0.805664062
vt 0.278076172 0.866699219
vt 0.278808594 0.752929688
vt 0.278076172 0.805664062
vt 0.333496094 0.866699219
vt 0.334472656 0.752929688
vt 0.333496094 0.805664062
vt 0.389160156 0.866699219
vt 0.390136719 0.752929688
vt 0.389160156 0.805664062
vt 0.444824219 0.866699219
vt 0.445800781 0.752929688
vt 0.444824219 0.805664062
vt 0.500488281 0.866699219
vt 0.501464844 0.752929688
vt 0.500488281 0.805664062
vt 0.556152344 0.866699219
vt 0.557128906 0.752929688
vt 0.556152344 0.805664062
vt 0.611816406 0.866699219
vt 0.612304688 0.752929688
vt 0.611816406 0.805664062
vt 0.666992188 0.866699219
vt 0.66796875 0.752929688
vt 0.666992188 0.805664062
vt 0.72265625 0.866699219
vt 0.723632812 0.752929688
vt 0.72265625 0.805664062
vt 0.778320312 0.866699219
vt 0.779296875 0.752929688
vt 0.778320312 0.805664062
vt 0.833984375 0.866699219
vt 0.834960938 0.752929688
vt 0.833984375 0.805664062
vt 0.889648438 0.866699219
vt 0.890625 0.752929688
vt 0.889648438 0.805664062
vt 0.9453125 0.866699219
vt 0.946289062 0.752929688
vt 0.9453125 0.805664062
vt 1.00097656 0.866699219
vt 1.00292969 0.752929688
vt 1.00097656 0.805664062
vt 0.0556030273 0.629882812
vt -3.57627869E-06 0.7265625
vt -3.57627869E-06 0.629882812
vt 0.0556030273 0.7265625
vt 0.111206055 0.629882812
vt 0.111206055 0.7265625
vt 0.166748047 0.629882812
vt 0.166748047 0.7265625
vt 0.222412109 0.629882812
vt 0.222412109 0.7265625
vt 0.278076172 0.629882812
vt 0.278076172 0.7265625
vt 0.333496094 0.629882812
vt 0.333496094 0.7265625
vt 0.389160156 0.629882812
vt 0.389160156 0.7265625
vt 0.444824219 0.629882812
vt 0.444824219 0.7265625
vt 0.500488281 0.629882812
vt 0.500488281 0.7265625
vt 0.556152344 0.629882812
vt 0.556152344 0.7265625
vt 0.611816406 0.629882812
vt 0.611816406 0.7265625
vt 0.666992188 0.629882812
vt 0.666992188 0.7265625
vt 0.72265625 0.629882812
vt 0.72265625 0.7265625
vt 0.778320312 0.629882812
vt 0.778320312 0.7265625
vt 0.833984375 0.629882812
vt 0.833984375 0.7265625
vt 0.889648438 0.629882812
vt 0.889648438 0.7265625
vt 0.9453125 0.629882812
vt 0.9453125 0.7265625
vt 1.00097656 0.629882812
vt 1.00097656 0.7265625
vt 0.0114822388 0.0617980957
vt 0.0113525391 0.0610656738
vt 0.0117950439 0.0612182617
vt 0.0119094849 0.0606079102
vt 0.0107498169 0.0617980957
vt 0.0110015869 0.0621948242
vt 0.0100860596 0.0606994629
vt 0.0113525391 0.0601196289
vt 0.0117950439 0.059967041
vt 0.0104064941 0.0624084473
vt 0.0114822388 0.0594177246
vt 0.00983428955 0.0619506836
vt 0.00977325439 0.0624084473
vt 0.00917816162 0.0621948242
vt 0.0107498169 0.059387207
vt 0.0110015869 0.0589904785
vt 0.0104064941 0.0587768555
vt 0.00902557373 0.0614929199
vt 0.00869750977 0.0617980957
vt 0.0083770752 0.0612182617
vt 0.00983428955 0.0592346191
vt 0.00977325439 0.0587768555
vt 0.00917816162 0.0589904785
vt 0.00871276855 0.0606079102
vt 0.00827026367 0.0606079102
vt 0.0083770752 0.059967041
vt 0.00902557373 0.0597229004
vt 0.00869750977 0.0594177246
vt 0.011680603 0.0611877441
vt 0.0100860596 0.0606079102
vt 0.011390686 0.061706543
vt 0.0117874146 0.0606079102
vt 0.0109405518 0.0621032715
vt 0.011680603 0.0599975586
vt 0.010383606 0.062286377
vt 0.011390686 0.0594787598
vt 0.00979614258 0.062286377
vt 0.0109405518 0.0591125488
vt 0.00923919678 0.0621032715
vt 0.010383606 0.0588989258
vt 0.0087890625 0.061706543
vt 0.00979614258 0.0588989258
vt 0.00849151611 0.0611877441
vt 0.00923919678 0.0591125488
vt 0.00839233398 0.0606079102
vt 0.0087890625 0.0594787598
vt 0.00849151611 0.0599975586
vt 0.323242188 0.627441406
vt 0.323730469 0.601074219
vt 0.307861328 0.601074219
vt 0.331054688 0.613769531
vt 0.354003906 0.627441406
vt 0.331054688 0.587890625
vt 0.322998047 0.57421875
vt 0.345947266 0.613769531
vt 0.369384766 0.601074219
vt 0.338623047 0.601074219
vt 0.345947266 0.587890625
vt 0.354003906 0.57421875
vt 0.353271484 0.601074219
vt 0.331054688 0.613769531
vt 0.323242188 0.627441406
vt 0.354003906 0.627441406
vt 0.323730469 0.601074219
vt 0.307861328 0.601074219
vt 0.345947266 0.613769531
vt 0.369384766 0.601074219
vt 0.331054688 0.587890625
vt 0.323242188 0.57421875
vt 0.338623047 0.601074219
vt 0.353515625 0.601074219
vt 0.354003906 0.57421875
vt 0.345947266 0.587890625
vt 0.00973510742 0.000499725342
vt 0.0115814209 0.00954437256
vt 0.0141677856 0.000618457794
vt 0.00564193726 0.00176143646
vt 0.0115814209 0.00954437256
vt 0.00973510742 0.000499725342
vt 0.00244903564 0.00419998169
vt 0.0115814209 0.00954437256
vt 0.00564193726 0.00176143646
vt 0.000643730164 0.00745010376
vt 0.0115814209 0.00954437256
vt 0.00244903564 0.00419998169
vt 0.000499725342 0.0110168457
vt 0.0115814209 0.00954437256
vt 0.000643730164 0.00745010376
vt 0.00203895569 0.0143508911
vt 0.0115814209 0.00954437256
vt 0.000499725342 0.0110168457
vt 0.005027771 0.0169525146
vt 0.0115814209 0.00954437256
vt 0.00203895569 0.0143508911
vt 0.00901031494 0.0184326172
vt 0.0115814209 0.00954437256
vt 0.005027771 0.0169525146
vt 0.0174865723 0.0173187256
vt 0.0115814209 0.00954437256
vt 0.0133895874 0.0185699463
vt 0.0133895874 0.0185699463
vt 0.0115814209 0.00954437256
vt 0.00901031494 0.0184326172
vt 0.020690918 0.0148925781
vt 0.0115814209 0.00954437256
vt 0.0174865723 0.0173187256
vt 0.0225219727 0.0116500854
vt 0.0115814209 0.00954437256
vt 0.020690918 0.0148925781
vt 0.0226898193 0.0080871582
vt 0.0115814209 0.00954437256
vt 0.0225219727 0.0116500854
vt 0.0211639404 0.004737854
vt 0.0115814209 0.00954437256
vt 0.0226898193 0.0080871582
vt 0.0181884766 0.00212287903
vt 0.0115814209 0.00954437256
vt 0.0211639404 0.004737854
vt 0.0141677856 0.000618457794
vt 0.0115814209 0.00954437256
vt 0.0181884766 0.00212287903
vt 0.609375 0.359863281
vt 0.609375 0.381591797
vt 0.615234375 0.381347656
vt 0.615234375 0.359375
vt 0.622558594 0.382080078
vt 0.615722656 0.352294922
vt 0.609863281 0.351806641
vt 0.622558594 0.242431641
vt 0.622558594 0.360107422
vt 0.629882812 0.381347656
vt 0.622558594 0.352294922
vt 0.629394531 0.352294922
vt 0.635253906 0.352294922
vt 0.629882812 0.359375
vt 0.635742188 0.382324219
vt 0.635742188 0.360351562
vt 0.635742188 0.360839844
vt 0.635742188 0.382568359
vt 0.629882812 0.381591797
vt 0.629882812 0.359619141
vt 0.622558594 0.382324219
vt 0.629394531 0.352539062
vt 0.635253906 0.352783203
vt 0.622558594 0.242431641
vt 0.622558594 0.360351562
vt 0.615234375 0.381835938
vt 0.622558594 0.352539062
vt 0.615722656 0.353027344
vt 0.609863281 0.351806641
vt 0.615234375 0.360107422
vt 0.609375 0.381591797
vt 0.609375 0.359863281
vt 0.609375 0.360351562
vt 0.609375 0.382080078
vt 0.615234375 0.381591797
vt 0.615234375 0.359619141
vt 0.622558594 0.382080078
vt 0.615722656 0.352539062
vt 0.609863281 0.352294922
vt 0.622558594 0.242431641
vt 0.622558594 0.360351562
vt 0.629882812 0.381591797
vt 0.622558594 0.352539062
vt 0.629394531 0.352783203
vt 0.635253906 0.352783203
vt 0.629882812 0.359863281
vt 0.635742188 0.382568359
vt 0.635742188 0.360839844
vt 0.635742188 0.360351562
vt 0.635742188 0.382324219
vt 0.629882812 0.381347656
vt 0.629882812 0.359375
vt 0.622558594 0.381835938
vt 0.629394531 0.352294922
vt 0.635253906 0.352294922
vt 0.622558594 0.242431641
vt 0.622558594 0.359863281
vt 0.615234375 0.381347656
vt 0.622558594 0.352294922
vt 0.615722656 0.352294922
vt 0.609863281 0.352294922
vt 0.615234375 0.359375
vt 0.609375 0.382080078
vt 0.609375 0.360351562
vt 0.395019531 0.63671875
vt 0.395019531 0.651855469
vt 0.292724609 0.651855469
vt 0.292724609 0.63671875
vt 0.395019531 0.651855469
vt 0.395019531 0.63671875
vt 0.292724609 0.63671875
vt 0.292724609 0.651855469
vt 0.395019531 0.63671875
vt 0.395019531 0.651855469
vt 0.292724609 0.651855469
vt 0.292724609 0.63671875
vt 0.395019531 0.63671875
vt 0.395019531 0.651855469
vt 0.292724609 0.651855469
vt 0.292724609 0.63671875
vt 0.393310547 0.646484375
vt 0.393310547 0.65234375
vt 0.298095703 0.65234375
vt 0.298095703 0.646484375
vt 0.298095703 0.646484375
vt 0.298095703 0.65234375
vt 0.393310547 0.65234375
vt 0.393310547 0.646484375
vt 0.298095703 0.646484375
vt 0.298095703 0.65234375
vt 0.393310547 0.65234375
vt 0.393310547 0.646484375
vt 0.393310547 0.646484375
vt 0.393310547 0.65234375
vt 0.298095703 0.65234375
vt 0.298095703 0.646484375
vt 0.395019531 0.63671875
vt 0.395019531 0.651855469
vt 0.292724609 0.651855469
vt 0.292724609 0.63671875
vt 0.395019531 0.63671875
vt 0.395019531 0.651855469
vt 0.292724609 0.651855469
vt 0.292724609 0.63671875
vt 0.292724609 0.651855469
vt 0.292724609 0.63671875
vt 0.395019531 0.63671875
vt 0.395019531 0.651855469
vt 0.395019531 0.63671875
vt 0.395019531 0.651855469
vt 0.292724609 0.651855469
vt 0.292724609 0.63671875
vt 0.281982422 0.634277344
vt 0.185058594 0.634277344
vt 0.185058594 0.705078125
vt 0.281982422 0.705078125
vt 0.375488281 0.639160156
vt 0.372314453 0.639160156
vt 0.372314453 0.708496094
vt 0.375488281 0.708496094
vt 0.372314453 0.639160156
vt 0.303222656 0.639160156
vt 0.303222656 0.708496094
vt 0.372314453 0.708496094
vt 0.303222656 0.639160156
vt 0.300292969 0.639160156
vt 0.300292969 0.708496094
vt 0.303222656 0.708496094
vt 0.303222656 0.711425781
vt 0.372314453 0.711425781
vt 0.372314453 0.708496094
vt 0.303222656 0.708496094
vt 0.303222656 0.639160156
vt 0.372314453 0.639160156
vt 0.372314453 0.636230469
vt 0.303222656 0.636230469
vt 0.323242188 0.627441406
vt 0.323730469 0.601074219
vt 0.307861328 0.601074219
vt 0.331054688 0.613769531
vt 0.354003906 0.627441406
vt 0.331054688 0.587890625
vt 0.322998047 0.57421875
vt 0.345947266 0.613769531
vt 0.369384766 0.601074219
vt 0.338623047 0.601074219
vt 0.345947266 0.587890625
vt 0.354003906 0.57421875
vt 0.353271484 0.601074219
vt 0.331054688 0.613769531
vt 0.323242188 0.627441406
vt 0.354003906 0.627441406
vt 0.323730469 0.601074219
vt 0.307861328 0.601074219
vt 0.345947266 0.613769531
vt 0.369384766 0.601074219
vt 0.331054688 0.587890625
vt 0.323242188 0.57421875
vt 0.338623047 0.601074219
vt 0.353515625 0.601074219
vt 0.354003906 0.57421875
vt 0.345947266 0.587890625
vt 0.00973510742 0.000499725342
vt 0.0115814209 0.00954437256
vt 0.0141677856 0.000618457794
vt 0.00564193726 0.00176143646
vt 0.0115814209 0.00954437256
vt 0.00973510742 0.000499725342
vt 0.00244903564 0.00419998169
vt 0.0115814209 0.00954437256
vt 0.00564193726 0.00176143646
vt 0.000643730164 0.00745010376
vt 0.0115814209 0.00954437256
vt 0.00244903564 0.00419998169
vt 0.000499725342 0.0110168457
vt 0.0115814209 0.00954437256
vt 0.000643730164 0.00745010376
vt 0.00203895569 0.0143508911
vt 0.0115814209 0.00954437256
vt 0.000499725342 0.0110168457
vt 0.005027771 0.0169525146
vt 0.0115814209 0.00954437256
vt 0.00203895569 0.0143508911
vt 0.00901031494 0.0184326172
vt 0.0115814209 0.00954437256
vt 0.005027771 0.0169525146
vt 0.0174865723 0.0173187256
vt 0.0115814209 0.00954437256
vt 0.0133895874 0.0185699463
vt 0.0133895874 0.0185699463
vt 0.0115814209 0.00954437256
vt 0.00901031494 0.0184326172
vt 0.020690918 0.0148925781
vt 0.0115814209 0.00954437256
vt 0.0174865723 0.0173187256
vt 0.0225219727 0.0116500854
vt 0.0115814209 0.00954437256
vt 0.020690918 0.0148925781
vt 0.0226898193 0.0080871582
vt 0.0115814209 0.00954437256
vt 0.0225219727 0.0116500854
vt 0.0211639404 0.004737854
vt 0.0115814209 0.00954437256
vt 0.0226898193 0.0080871582
vt 0.0181884766 0.00212287903
vt 0.0115814209 0.00954437256
vt 0.0211639404 0.004737854
vt 0.0141677856 0.000618457794
vt 0.0115814209 0.00954437256
vt 0.0181884766 0.00212287903
vt 0.609375 0.359863281
vt 0.609375 0.381591797
vt 0.615234375 0.381347656
vt 0.615234375 0.359375
vt 0.622558594 0.382080078
vt 0.615722656 0.352294922
vt 0.609863281 0.351806641
vt 0.622558594 0.242431641
vt 0.622558594 0.360107422
vt 0.629882812 0.381347656
vt 0.622558594 0.352294922
vt 0.629394531 0.352294922
vt 0.635253906 0.352294922
vt 0.629882812 0.359375
vt 0.635742188 0.382324219
vt 0.635742188 0.360351562
vt 0.635742188 0.360839844
vt 0.635742188 0.382568359
vt 0.629882812 0.381591797
vt 0.629882812 0.359619141
vt 0.622558594 0.382324219
vt 0.629394531 0.352539062
vt 0.635253906 0.352783203
vt 0.622558594 0.242431641
vt 0.622558594 0.360351562
vt 0.615234375 0.381835938
vt 0.622558594 0.352539062
vt 0.615722656 0.353027344
vt 0.609863281 0.351806641
vt 0.615234375 0.360107422
vt 0.609375 0.381591797
vt 0.609375 0.359863281
vt 0.609375 0.360351562
vt 0.609375 0.382080078
vt 0.615234375 0.381591797
vt 0.615234375 0.359619141
vt 0.622558594 0.382080078
vt 0.615722656 0.352539062
vt 0.609863281 0.352294922
vt 0.622558594 0.242431641
vt 0.622558594 0.360351562
vt 0.629882812 0.381591797
vt 0.622558594 0.352539062
vt 0.629394531 0.352783203
vt 0.635253906 0.352783203
vt 0.629882812 0.359863281
vt 0.635742188 0.382568359
vt 0.635742188 0.360839844
vt 0.635742188 0.360351562
vt 0.635742188 0.382324219
vt 0.629882812 0.381347656
vt 0.629882812 0.359375
vt 0.622558594 0.381835938
vt 0.629394531 0.352294922
vt 0.635253906 0.352294922
vt 0.622558594 0.242431641
vt 0.622558594 0.359863281
vt 0.615234375 0.381347656
vt 0.622558594 0.352294922
vt 0.615722656 0.352294922
vt 0.609863281 0.352294922
vt 0.615234375 0.359375
vt 0.609375 0.382080078
vt 0.609375 0.360351562
vt 0.323242188 0.627441406
vt 0.323730469 0.601074219
vt 0.307861328 0.601074219
vt 0.331054688 0.613769531
vt 0.354003906 0.627441406
vt 0.331054688 0.587890625
vt 0.322998047 0.57421875
vt 0.345947266 0.613769531
vt 0.369384766 0.601074219
vt 0.338623047 0.601074219
vt 0.345947266 0.587890625
vt 0.354003906 0.57421875
vt 0.353271484 0.601074219
vt 0.331054688 0.613769531
vt 0.323242188 0.627441406
vt 0.354003906 0.627441406
vt 0.323730469 0.601074219
vt 0.307861328 0.601074219
vt 0.345947266 0.613769531
vt 0.369384766 0.601074219
vt 0.331054688 0.587890625
vt 0.323242188 0.57421875
vt 0.338623047 0.601074219
vt 0.353515625 0.601074219
vt 0.354003906 0.57421875
vt 0.345947266 0.587890625
vt 0.323242188 0.627441406
vt 0.323730469 0.601074219
vt 0.307861328 0.601074219
vt 0.331054688 0.613769531
vt 0.354003906 0.627441406
vt 0.331054688 0.587890625
vt 0.322998047 0.57421875
vt 0.345947266 0.613769531
vt 0.369384766 0.601074219
vt 0.338623047 0.601074219
vt 0.345947266 0.587890625
vt 0.354003906 0.57421875
vt 0.353271484 0.601074219
vt 0.331054688 0.613769531
vt 0.323242188 0.627441406
vt 0.354003906 0.627441406
vt 0.323730469 0.601074219
vt 0.307861328 0.601074219
vt 0.345947266 0.613769531
vt 0.369384766 0.601074219
vt 0.331054688 0.587890625
vt 0.323242188 0.57421875
vt 0.338623047 0.601074219
vt 0.353515625 0.601074219
vt 0.354003906 0.57421875
vt 0.345947266 0.587890625
vt 0.395019531 0.63671875
vt 0.395019531 0.651855469
vt 0.292724609 0.651855469
vt 0.292724609 0.63671875
vt 0.395019531 0.651855469
vt 0.395019531 0.63671875
vt 0.292724609 0.63671875
vt 0.292724609 0.651855469
vt 0.395019531 0.63671875
vt 0.395019531 0.651855469
vt 0.292724609 0.651855469
vt 0.292724609 0.63671875
vt 0.395019531 0.63671875
vt 0.395019531 0.651855469
vt 0.292724609 0.651855469
vt 0.292724609 0.63671875
vt 0.393310547 0.646484375
vt 0.393310547 0.65234375
vt 0.298095703 0.65234375
vt 0.298095703 0.646484375
vt 0.298095703 0.646484375
vt 0.298095703 0.65234375
vt 0.393310547 0.65234375
vt 0.393310547 0.646484375
vt 0.298095703 0.646484375
vt 0.298095703 0.65234375
vt 0.393310547 0.65234375
vt 0.393310547 0.646484375
vt 0.393310547 0.646484375
vt 0.393310547 0.65234375
vt 0.298095703 0.65234375
vt 0.298095703 0.646484375
vt 0.395019531 0.63671875
vt 0.395019531 0.651855469
vt 0.292724609 0.651855469
vt 0.292724609 0.63671875
vt 0.395019531 0.63671875
vt 0.395019531 0.651855469
vt 0.292724609 0.651855469
vt 0.292724609 0.63671875
vt 0.292724609 0.651855469
vt 0.292724609 0.63671875
vt 0.395019531 0.63671875
vt 0.395019531 0.651855469
vt 0.395019531 0.63671875
vt 0.395019531 0.651855469
vt 0.292724609 0.651855469
vt 0.292724609 0.63671875
vt 0.281982422 0.634277344
vt 0.185058594 0.634277344
vt 0.185058594 0.705078125
vt 0.281982422 0.705078125
vt 0.00973510742 0.000499725342
vt 0.0115814209 0.00954437256
vt 0.0141677856 0.000618457794
vt 0.00564193726 0.00176143646
vt 0.0115814209 0.00954437256
vt 0.00973510742 0.000499725342
vt 0.00244903564 0.00419998169
vt 0.0115814209 0.00954437256
vt 0.00564193726 0.00176143646
vt 0.000643730164 0.00745010376
vt 0.0115814209 0.00954437256
vt 0.00244903564 0.00419998169
vt 0.000499725342 0.0110168457
vt 0.0115814209 0.00954437256
vt 0.000643730164 0.00745010376
vt 0.00203895569 0.0143508911
vt 0.0115814209 0.00954437256
vt 0.000499725342 0.0110168457
vt 0.005027771 0.0169525146
vt 0.0115814209 0.00954437256
vt 0.00203895569 0.0143508911
vt 0.00901031494 0.0184326172
vt 0.0115814209 0.00954437256
vt 0.005027771 0.0169525146
vt 0.0174865723 0.0173187256
vt 0.0115814209 0.00954437256
vt 0.0133895874 0.0185699463
vt 0.0133895874 0.0185699463
vt 0.0115814209 0.00954437256
vt 0.00901031494 0.0184326172
vt 0.020690918 0.0148925781
vt 0.0115814209 0.00954437256
vt 0.0174865723 0.0173187256
vt 0.0225219727 0.0116500854
vt 0.0115814209 0.00954437256
vt 0.020690918 0.0148925781
vt 0.0226898193 0.0080871582
vt 0.0115814209 0.00954437256
vt 0.0225219727 0.0116500854
vt 0.0211639404 0.004737854
vt 0.0115814209 0.00954437256
vt 0.0226898193 0.0080871582
vt 0.0181884766 0.00212287903
vt 0.0115814209 0.00954437256
vt 0.0211639404 0.004737854
vt 0.0141677856 0.000618457794
vt 0.0115814209 0.00954437256
vt 0.0181884766 0.00212287903
vt 0.609375 0.359863281
vt 0.609375 0.381591797
vt 0.615234375 0.381347656
vt 0.615234375 0.359375
vt 0.622558594 0.382080078
vt 0.615722656 0.352294922
vt 0.609863281 0.351806641
vt 0.622558594 0.242431641
vt 0.622558594 0.360107422
vt 0.629882812 0.381347656
vt 0.622558594 0.352294922
vt 0.629394531 0.352294922
vt 0.635253906 0.352294922
vt 0.629882812 0.359375
vt 0.635742188 0.382324219
vt 0.635742188 0.360351562
vt 0.635742188 0.360839844
vt 0.635742188 0.382568359
vt 0.629882812 0.381591797
vt 0.629882812 0.359619141
vt 0.622558594 0.382324219
vt 0.629394531 0.352539062
vt 0.635253906 0.352783203
vt 0.622558594 0.242431641
vt 0.622558594 0.360351562
vt 0.615234375 0.381835938
vt 0.622558594 0.352539062
vt 0.615722656 0.353027344
vt 0.609863281 0.351806641
vt 0.615234375 0.360107422
vt 0.609375 0.381591797
vt 0.609375 0.359863281
vt 0.609375 0.360351562
vt 0.609375 0.382080078
vt 0.615234375 0.381591797
vt 0.615234375 0.359619141
vt 0.622558594 0.382080078
vt 0.615722656 0.352539062
vt 0.609863281 0.352294922
vt 0.622558594 0.242431641
vt 0.622558594 0.360351562
vt 0.629882812 0.381591797
vt 0.622558594 0.352539062
vt 0.629394531 0.352783203
vt 0.635253906 0.352783203
vt 0.629882812 0.359863281
vt 0.635742188 0.382568359
vt 0.635742188 0.360839844
vt 0.635742188 0.360351562
vt 0.635742188 0.382324219
vt 0.629882812 0.381347656
vt 0.629882812 0.359375
vt 0.622558594 0.381835938
vt 0.629394531 0.352294922
vt 0.635253906 0.352294922
vt 0.622558594 0.242431641
vt 0.622558594 0.359863281
vt 0.615234375 0.381347656
vt 0.622558594 0.352294922
vt 0.615722656 0.352294922
vt 0.609863281 0.352294922
vt 0.615234375 0.359375
vt 0.609375 0.382080078
vt 0.609375 0.360351562
vt 0.323242188 0.627441406
vt 0.323730469 0.601074219
vt 0.307861328 0.601074219
vt 0.331054688 0.613769531
vt 0.354003906 0.627441406
vt 0.331054688 0.587890625
vt 0.322998047 0.57421875
vt 0.345947266 0.613769531
vt 0.369384766 0.601074219
vt 0.338623047 0.601074219
vt 0.345947266 0.587890625
vt 0.354003906 0.57421875
vt 0.353271484 0.601074219
vt 0.331054688 0.613769531
vt 0.323242188 0.627441406
vt 0.354003906 0.627441406
vt 0.323730469 0.601074219
vt 0.307861328 0.601074219
vt 0.345947266 0.613769531
vt 0.369384766 0.601074219
vt 0.331054688 0.587890625
vt 0.323242188 0.57421875
vt 0.338623047 0.601074219
vt 0.353515625 0.601074219
vt 0.354003906 0.57421875
vt 0.345947266 0.587890625
vt 0.449707031 0.458007812
vt 0.459716797 0.5
vt 0.449707031 0.458007812
vt 0.465576172 0.498779297
vt 0.456298828 0.459228516
vt 0.559082031 0.459228516
vt 0.467773438 0.511230469
vt 0.559082031 0.498779297
vt 0.559082031 0.511230469
vt 0.459716797 0.5
vt 0.449707031 0.458007812
vt 0.449707031 0.458007812
vt 0.465576172 0.498779297
vt 0.456298828 0.459228516
vt 0.559082031 0.459228516
vt 0.467773438 0.511230469
vt 0.559082031 0.498779297
vt 0.559082031 0.511230469
vt 0.467773438 0.511230469
vt 0.459716797 0.5
vt 0.467773438 0.511230469
vt 0.559082031 0.511230469
vt 0.559082031 0.511230469
vt 0.559082031 0.498779297
vt 0.459716797 0.5
vt 0.449707031 0.458007812
vt 0.456298828 0.459228516
vt 0.465576172 0.498779297
vt 0.559082031 0.459228516
vt 0.459716797 0.5
vt 0.467773438 0.511230469
vt 0.467773438 0.511230469
vt 0.559082031 0.511230469
vt 0.559082031 0.511230469
vt 0.559082031 0.498779297
vt 0.459716797 0.5
vt 0.449707031 0.458007812
vt 0.456298828 0.459228516
vt 0.465576172 0.498779297
vt 0.559082031 0.459228516
vt 0.9453125 0.857910156
vt 1.00097656 0.807617188
vt 1.00097656 0.857910156
vt 0.9453125 0.807617188
vt 1.00097656 0.756835938
vt 0.889648438 0.857910156
vt 0.9453125 0.756835938
vt 0.889648438 0.807617188
vt 0.833984375 0.857910156
vt 0.889648438 0.756835938
vt 0.833984375 0.807617188
vt 0.778320312 0.857910156
vt 0.833984375 0.756835938
vt 0.778320312 0.807617188
vt 0.72265625 0.857910156
vt 0.778320312 0.756835938
vt 0.72265625 0.807617188
vt 0.666992188 0.857910156
vt 0.72265625 0.756835938
vt 0.666992188 0.807617188
vt 0.611816406 0.857910156
vt 0.666992188 0.756835938
vt 0.611816406 0.807617188
vt 0.556152344 0.857910156
vt 0.611816406 0.756835938
vt 0.556152344 0.807617188
vt 0.500488281 0.857910156
vt 0.556152344 0.756835938
vt 0.500488281 0.807617188
vt 0.444824219 0.857910156
vt 0.500488281 0.756835938
vt 0.444824219 0.807617188
vt 0.389160156 0.857910156
vt 0.444824219 0.756835938
vt 0.389160156 0.807617188
vt 0.333496094 0.857910156
vt 0.389160156 0.756835938
vt 0.333496094 0.807617188
vt 0.278076172 0.857910156
vt 0.333496094 0.756835938
vt 0.278076172 0.807617188
vt 0.222412109 0.857910156
vt 0.278076172 0.756835938
vt 0.222412109 0.807617188
vt 0.166748047 0.857910156
vt 0.222412109 0.756835938
vt 0.166748047 0.807617188
vt 0.111206055 0.857910156
vt 0.166748047 0.756835938
vt 0.111206055 0.807617188
vt 0.0556030273 0.857910156
vt 0.111206055 0.756835938
vt 0.0556030273 0.807617188
vt -3.75509262E-06 0.857910156
vt 0.0556030273 0.756835938
vt -3.75509262E-06 0.807617188
vt -3.75509262E-06 0.756835938
vt -3.57627869E-06 0.805664062
vt 0.0556030273 0.866699219
vt -3.57627869E-06 0.866699219
vt 0.0556030273 0.805664062
vt 0.111206055 0.866699219
vt 0.0565185547 0.752929688
vt -0.000166296959 0.752929688
vt 0.112121582 0.752929688
vt 0.111206055 0.805664062
vt 0.166748047 0.866699219
vt 0.167724609 0.752929688
vt 0.166748047 0.805664062
vt 0.222412109 0.866699219
vt 0.223266602 0.752929688
vt 0.222412109 0.805664062
vt 0.278076172 0.866699219
vt 0.278808594 0.752929688
vt 0.278076172 0.805664062
vt 0.333496094 0.866699219
vt 0.334472656 0.752929688
vt 0.333496094 0.805664062
vt 0.389160156 0.866699219
vt 0.390136719 0.752929688
vt 0.389160156 0.805664062
vt 0.444824219 0.866699219
vt 0.445800781 0.752929688
vt 0.444824219 0.805664062
vt 0.500488281 0.866699219
vt 0.501464844 0.752929688
vt 0.500488281 0.805664062
vt 0.556152344 0.866699219
vt 0.557128906 0.752929688
vt 0.556152344 0.805664062
vt 0.611816406 0.866699219
vt 0.612304688 0.752929688
vt 0.611816406 0.805664062
vt 0.666992188 0.866699219
vt 0.66796875 0.752929688
vt 0.666992188 0.805664062
vt 0.72265625 0.866699219
vt 0.723632812 0.752929688
vt 0.72265625 0.805664062
vt 0.778320312 0.866699219
vt 0.779296875 0.752929688
vt 0.778320312 0.805664062
vt 0.833984375 0.866699219
vt 0.834960938 0.752929688
vt 0.833984375 0.805664062
vt 0.889648438 0.866699219
vt 0.890625 0.752929688
vt 0.889648438 0.805664062
vt 0.9453125 0.866699219
vt 0.946289062 0.752929688
vt 0.9453125 0.805664062
vt 1.00097656 0.866699219
vt 1.00292969 0.752929688
vt 1.00097656 0.805664062
vt 0.0556030273 0.629882812
vt -3.57627869E-06 0.7265625
vt -3.57627869E-06 0.629882812
vt 0.0556030273 0.7265625
vt 0.111206055 0.629882812
vt 0.111206055 0.7265625
vt 0.166748047 0.629882812
vt 0.166748047 0.7265625
vt 0.222412109 0.629882812
vt 0.222412109 0.7265625
vt 0.278076172 0.629882812
vt 0.278076172 0.7265625
vt 0.333496094 0.629882812
vt 0.333496094 0.7265625
vt 0.389160156 0.629882812
vt 0.389160156 0.7265625
vt 0.444824219 0.629882812
vt 0.444824219 0.7265625
vt 0.500488281 0.629882812
vt 0.500488281 0.7265625
vt 0.556152344 0.629882812
vt 0.556152344 0.7265625
vt 0.611816406 0.629882812
vt 0.611816406 0.7265625
vt 0.666992188 0.629882812
vt 0.666992188 0.7265625
vt 0.72265625 0.629882812
vt 0.72265625 0.7265625
vt 0.778320312 0.629882812
vt 0.778320312 0.7265625
vt 0.833984375 0.629882812
vt 0.833984375 0.7265625
vt 0.889648438 0.629882812
vt 0.889648438 0.7265625
vt 0.9453125 0.629882812
vt 0.9453125 0.7265625
vt 1.00097656 0.629882812
vt 1.00097656 0.7265625
vt 0.0114822388 0.0617980957
vt 0.0113525391 0.0610656738
vt 0.0117950439 0.0612182617
vt 0.0119094849 0.0606079102
vt 0.0107498169 0.0617980957
vt 0.0110015869 0.0621948242
vt 0.0100860596 0.0606994629
vt 0.0113525391 0.0601196289
vt 0.0117950439 0.059967041
vt 0.0104064941 0.0624084473
vt 0.0114822388 0.0594177246
vt 0.00983428955 0.0619506836
vt 0.00977325439 0.0624084473
vt 0.00917816162 0.0621948242
vt 0.0107498169 0.059387207
vt 0.0110015869 0.0589904785
vt 0.0104064941 0.0587768555
vt 0.00902557373 0.0614929199
vt 0.00869750977 0.0617980957
vt 0.0083770752 0.0612182617
vt 0.00983428955 0.0592346191
vt 0.00977325439 0.0587768555
vt 0.00917816162 0.0589904785
vt 0.00871276855 0.0606079102
vt 0.00827026367 0.0606079102
vt 0.0083770752 0.059967041
vt 0.00902557373 0.0597229004
vt 0.00869750977 0.0594177246
vt 0.011680603 0.0611877441
vt 0.0100860596 0.0606079102
vt 0.011390686 0.061706543
vt 0.0117874146 0.0606079102
vt 0.0109405518 0.0621032715
vt 0.011680603 0.0599975586
vt 0.010383606 0.062286377
vt 0.011390686 0.0594787598
vt 0.00979614258 0.062286377
vt 0.0109405518 0.0591125488
vt 0.00923919678 0.0621032715
vt 0.010383606 0.0588989258
vt 0.0087890625 0.061706543
vt 0.00979614258 0.0588989258
vt 0.00849151611 0.0611877441
vt 0.00923919678 0.0591125488
vt 0.00839233398 0.0606079102
vt 0.0087890625 0.0594787598
vt 0.00849151611 0.0599975586
vt 0.395019531 0.63671875
vt 0.395019531 0.651855469
vt 0.292724609 0.651855469
vt 0.292724609 0.63671875
vt 0.395019531 0.651855469
vt 0.395019531 0.63671875
vt 0.292724609 0.63671875
vt 0.292724609 0.651855469
vt 0.395019531 0.63671875
vt 0.395019531 0.651855469
vt 0.292724609 0.651855469
vt 0.292724609 0.63671875
vt 0.395019531 0.63671875
vt 0.395019531 0.651855469
vt 0.292724609 0.651855469
vt 0.292724609 0.63671875
vt 0.393310547 0.646484375
vt 0.393310547 0.65234375
vt 0.298095703 0.65234375
vt 0.298095703 0.646484375
vt 0.298095703 0.646484375
vt 0.298095703 0.65234375
vt 0.393310547 0.65234375
vt 0.393310547 0.646484375
vt 0.298095703 0.646484375
vt 0.298095703 0.65234375
vt 0.393310547 0.65234375
vt 0.393310547 0.646484375
vt 0.393310547 0.646484375
vt 0.393310547 0.65234375
vt 0.298095703 0.65234375
vt 0.298095703 0.646484375
vt 0.395019531 0.63671875
vt 0.395019531 0.651855469
vt 0.292724609 0.651855469
vt 0.292724609 0.63671875
vt 0.395019531 0.63671875
vt 0.395019531 0.651855469
vt 0.292724609 0.651855469
vt 0.292724609 0.63671875
vt 0.292724609 0.651855469
vt 0.292724609 0.63671875
vt 0.395019531 0.63671875
vt 0.395019531 0.651855469
vt 0.395019531 0.63671875
vt 0.395019531 0.651855469
vt 0.292724609 0.651855469
vt 0.292724609 0.63671875
vt 0.281982422 0.634277344
vt 0.185058594 0.634277344
vt 0.185058594 0.705078125
vt 0.281982422 0.705078125
vt 0.323242188 0.627441406
vt 0.323730469 0.601074219
vt 0.307861328 0.601074219
vt 0.331054688 0.613769531
vt 0.354003906 0.627441406
vt 0.331054688 0.587890625
vt 0.322998047 0.57421875
vt 0.345947266 0.613769531
vt 0.369384766 0.601074219
vt 0.338623047 0.601074219
vt 0.345947266 0.587890625
vt 0.354003906 0.57421875
vt 0.353271484 0.601074219
vt 0.331054688 0.613769531
vt 0.323242188 0.627441406
vt 0.354003906 0.627441406
vt 0.323730469 0.601074219
vt 0.307861328 0.601074219
vt 0.345947266 0.613769531
vt 0.369384766 0.601074219
vt 0.331054688 0.587890625
vt 0.323242188 0.57421875
vt 0.338623047 0.601074219
vt 0.353515625 0.601074219
vt 0.354003906 0.57421875
vt 0.345947266 0.587890625
vt 0.323242188 0.627441406
vt 0.323730469 0.601074219
vt 0.307861328 0.601074219
vt 0.331054688 0.613769531
vt 0.354003906 0.627441406
vt 0.331054688 0.587890625
vt 0.322998047 0.57421875
vt 0.345947266 0.613769531
vt 0.369384766 0.601074219
vt 0.338623047 0.601074219
vt 0.345947266 0.587890625
vt 0.354003906 0.57421875
vt 0.353271484 0.601074219
vt 0.331054688 0.613769531
vt 0.323242188 0.627441406
vt 0.354003906 0.627441406
vt 0.323730469 0.601074219
vt 0.307861328 0.601074219
vt 0.345947266 0.613769531
vt 0.369384766 0.601074219
vt 0.331054688 0.587890625
vt 0.323242188 0.57421875
vt 0.338623047 0.601074219
vt 0.353515625 0.601074219
vt 0.354003906 0.57421875
vt 0.345947266 0.587890625
vt 0.395019531 0.63671875
vt 0.395019531 0.651855469
vt 0.292724609 0.651855469
vt 0.292724609 0.63671875
vt 0.395019531 0.651855469
vt 0.395019531 0.63671875
vt 0.292724609 0.63671875
vt 0.292724609 0.651855469
vt 0.395019531 0.63671875
vt 0.395019531 0.651855469
vt 0.292724609 0.651855469
vt 0.292724609 0.63671875
vt 0.395019531 0.63671875
vt 0.395019531 0.651855469
vt 0.292724609 0.651855469
vt 0.292724609 0.63671875
vt 0.393310547 0.646484375
vt 0.393310547 0.65234375
vt 0.298095703 0.65234375
vt 0.298095703 0.646484375
vt 0.298095703 0.646484375
vt 0.298095703 0.65234375
vt 0.393310547 0.65234375
vt 0.393310547 0.646484375
vt 0.298095703 0.646484375
vt 0.298095703 0.65234375
vt 0.393310547 0.65234375
vt 0.393310547 0.646484375
vt 0.393310547 0.646484375
vt 0.393310547 0.65234375
vt 0.298095703 0.65234375
vt 0.298095703 0.646484375
vt 0.395019531 0.63671875
vt 0.395019531 0.651855469
vt 0.292724609 0.651855469
vt 0.292724609 0.63671875
vt 0.395019531 0.63671875
vt 0.395019531 0.651855469
vt 0.292724609 0.651855469
vt 0.292724609 0.63671875
vt 0.292724609 0.651855469
vt 0.292724609 0.63671875
vt 0.395019531 0.63671875
vt 0.395019531 0.651855469
vt 0.395019531 0.63671875
vt 0.395019531 0.651855469
vt 0.292724609 0.651855469
vt 0.292724609 0.63671875
vt 0.281982422 0.634277344
vt 0.185058594 0.634277344
vt 0.185058594 0.705078125
vt 0.281982422 0.705078125
vt 0.0634765625 0.724121094
vt 0.0634765625 0.725585938
vt 0.0634765625 0.724121094
vt 0.0634765625 0.725585938
vt 0.0634765625 0.724121094
vt 0.0634765625 0.725585938
vt 0.0634765625 0.736328125
vt 0.0634765625 0.740234375
vt 0.0657958984 0.725585938
vt 0.0657958984 0.724121094
vt 0.0657958984 0.724121094
vt 0.0657958984 0.725585938
vt 0.0657958984 0.724121094
vt 0.0657958984 0.725585938
vt 0.0657958984 0.736328125
vt 0.0657958984 0.740234375
vt 0.0657958984 0.724121094
vt 0.0634765625 0.724121094
vt 0.0634765625 0.724121094
vt 0.0657958984 0.724121094
vt 0.0634765625 0.724121094
vt 0.0657958984 0.724121094
vt 0.0657958984 0.724121094
vt 0.0634765625 0.725585938
vt 0.0634765625 0.724121094
vt 0.0657958984 0.725585938
vt 0.0634765625 0.736328125
vt 0.0657958984 0.736328125
vt 0.0634765625 0.740234375
vt 0.0657958984 0.736328125
vt 0.0657958984 0.740234375
vt 0.0634765625 0.736328125
vt 0.0633544922 0.724121094
vt 0.0633544922 0.766601562
vt 0.0633544922 0.766601562
vt 0.0633544922 0.724121094
vt 0.0659790039 0.724121094
vt 0.0659790039 0.766601562
vt 0.0659790039 0.724121094
vt 0.0659790039 0.766601562
vt 0.0633544922 0.724121094
vt 0.0659790039 0.724121094
vt 0.0633544922 0.724121094
vt 0.0659790039 0.724121094
vt 0.0633544922 0.724121094
vt 0.0659790039 0.766601562
vt 0.0633544922 0.766601562
vt 0.0659790039 0.724121094
vt 0.0633544922 0.766601562
vt 0.0659790039 0.766601562
vt 0.0633544922 0.766601562
vt 0.0659790039 0.766601562
vt 0.0633544922 0.766601562
vt 0.0659790039 0.724121094
vt 0.0633544922 0.724121094
vt 0.0659790039 0.766601562
vt 0.0634765625 0.748535156
vt 0.0634765625 0.75
vt 0.0634765625 0.748535156
vt 0.0634765625 0.75
vt 0.0634765625 0.748535156
vt 0.0634765625 0.75
vt 0.0634765625 0.760253906
vt 0.0634765625 0.764648438
vt 0.0657958984 0.75
vt 0.0657958984 0.748535156
vt 0.0657958984 0.748535156
vt 0.0657958984 0.75
vt 0.0657958984 0.748535156
vt 0.0657958984 0.75
vt 0.0657958984 0.760253906
vt 0.0657958984 0.764648438
vt 0.0657958984 0.748535156
vt 0.0634765625 0.748535156
vt 0.0634765625 0.748535156
vt 0.0657958984 0.748535156
vt 0.0634765625 0.748535156
vt 0.0657958984 0.748535156
vt 0.0657958984 0.748535156
vt 0.0634765625 0.75
vt 0.0634765625 0.748535156
vt 0.0657958984 0.75
vt 0.0634765625 0.760253906
vt 0.0657958984 0.760253906
vt 0.0634765625 0.764648438
vt 0.0657958984 0.760253906
vt 0.0657958984 0.764648438
vt 0.0634765625 0.760253906
vt 0.0634765625 0.724121094
vt 0.0657958984 0.725585938
vt 0.0657958984 0.724121094
vt 0.0634765625 0.725585938
vt 0.0634765625 0.748535156
vt 0.0657958984 0.75
vt 0.0657958984 0.748535156
vt 0.0634765625 0.75
vt 0.0657958984 0.725585938
vt 0.0634765625 0.740234375
vt 0.0657958984 0.740234375
vt 0.0634765625 0.725585938
vt 0.0657958984 0.75
vt 0.0634765625 0.764648438
vt 0.0657958984 0.764648438
vt 0.0634765625 0.75
vt 0.0657958984 0.725585938
vt 0.0634765625 0.725585938
vt 0.0657958984 0.725585938
vt 0.0634765625 0.725585938
vt 0.0657958984 0.75
vt 0.0634765625 0.75
vt 0.0657958984 0.75
vt 0.0634765625 0.75
vt 0.0397949219 0.724121094
vt 0.0397949219 0.725585938
vt 0.0397949219 0.724121094
vt 0.0397949219 0.725585938
vt 0.0397949219 0.724121094
vt 0.0397949219 0.725585938
vt 0.0397949219 0.736328125
vt 0.0397949219 0.740234375
vt 0.0421142578 0.725585938
vt 0.0421142578 0.724121094
vt 0.0421142578 0.724121094
vt 0.0421142578 0.725585938
vt 0.0421142578 0.724121094
vt 0.0421142578 0.725585938
vt 0.0421142578 0.736328125
vt 0.0421142578 0.740234375
vt 0.0421142578 0.724121094
vt 0.0397949219 0.724121094
vt 0.0397949219 0.724121094
vt 0.0421142578 0.724121094
vt 0.0397949219 0.724121094
vt 0.0421142578 0.724121094
vt 0.0421142578 0.724121094
vt 0.0397949219 0.725585938
vt 0.0397949219 0.724121094
vt 0.0421142578 0.725585938
vt 0.0397949219 0.736328125
vt 0.0421142578 0.736328125
vt 0.0397949219 0.740234375
vt 0.0421142578 0.736328125
vt 0.0421142578 0.740234375
vt 0.0397949219 0.736328125
vt 0.039642334 0.724121094
vt 0.039642334 0.766601562
vt 0.039642334 0.766601562
vt 0.039642334 0.724121094
vt 0.0422668457 0.724121094
vt 0.0422668457 0.766601562
vt 0.0422668457 0.724121094
vt 0.0422668457 0.766601562
vt 0.039642334 0.724121094
vt 0.0422668457 0.724121094
vt 0.039642334 0.724121094
vt 0.0422668457 0.724121094
vt 0.039642334 0.724121094
vt 0.0422668457 0.766601562
vt 0.039642334 0.766601562
vt 0.0422668457 0.724121094
vt 0.039642334 0.766601562
vt 0.0422668457 0.766601562
vt 0.039642334 0.766601562
vt 0.0422668457 0.766601562
vt 0.039642334 0.766601562
vt 0.0422668457 0.724121094
vt 0.039642334 0.724121094
vt 0.0422668457 0.766601562
vt 0.0397949219 0.748535156
vt 0.0397949219 0.75
vt 0.0397949219 0.748535156
vt 0.0397949219 0.75
vt 0.0397949219 0.748535156
vt 0.0397949219 0.75
vt 0.0397949219 0.760253906
vt 0.0397949219 0.764648438
vt 0.0421142578 0.75
vt 0.0421142578 0.748535156
vt 0.0421142578 0.748535156
vt 0.0421142578 0.75
vt 0.0421142578 0.748535156
vt 0.0421142578 0.75
vt 0.0421142578 0.760253906
vt 0.0421142578 0.764648438
vt 0.0421142578 0.748535156
vt 0.0397949219 0.748535156
vt 0.0397949219 0.748535156
vt 0.0421142578 0.748535156
vt 0.0397949219 0.748535156
vt 0.0421142578 0.748535156
vt 0.0421142578 0.748535156
vt 0.0397949219 0.75
vt 0.0397949219 0.748535156
vt 0.0421142578 0.75
vt 0.0397949219 0.760253906
vt 0.0421142578 0.760253906
vt 0.0397949219 0.764648438
vt 0.0421142578 0.760253906
vt 0.0421142578 0.764648438
vt 0.0397949219 0.760253906
vt 0.0397949219 0.724121094
vt 0.0421142578 0.725585938
vt 0.0421142578 0.724121094
vt 0.0397949219 0.725585938
vt 0.0397949219 0.748535156
vt 0.0421142578 0.75
vt 0.0421142578 0.748535156
vt 0.0397949219 0.75
vt 0.0421142578 0.725585938
vt 0.0397949219 0.740234375
vt 0.0421142578 0.740234375
vt 0.0397949219 0.725585938
vt 0.0421142578 0.75
vt 0.0397949219 0.764648438
vt 0.0421142578 0.764648438
vt 0.0397949219 0.75
vt 0.0421142578 0.725585938
vt 0.0397949219 0.725585938
vt 0.0421142578 0.725585938
vt 0.0397949219 0.725585938
vt 0.0421142578 0.75
vt 0.0397949219 0.75
vt 0.0421142578 0.75
vt 0.0397949219 0.75
vt 0.0658569336 0.740722656
vt 0.0397644043 0.740722656
vt 0.0397644043 0.740722656
vt 0.0658569336 0.740722656
vt 0.0658569336 0.745117188
vt 0.0397644043 0.745117188
vt 0.0658569336 0.745117188
vt 0.0397644043 0.745117188
vt 0.0658569336 0.740722656
vt 0.0658569336 0.745117188
vt 0.0658569336 0.740722656
vt 0.0658569336 0.745117188
vt 0.0658569336 0.740722656
vt 0.0397644043 0.745117188
vt 0.0397644043 0.740722656
vt 0.0658569336 0.745117188
vt 0.0397644043 0.740722656
vt 0.0397644043 0.745117188
vt 0.0397644043 0.740722656
vt 0.0397644043 0.745117188
vt 0.0397644043 0.740722656
vt 0.0658569336 0.745117188
vt 0.0658569336 0.740722656
vt 0.0397644043 0.745117188
vt 0.054107666 0.76171875
vt 0.054107666 0.758789062
vt 0.054107666 0.76171875
vt 0.054107666 0.759277344
vt 0.054107666 0.752929688
vt 0.054107666 0.752929688
vt 0.054107666 0.743164062
vt 0.054107666 0.743164062
vt 0.054107666 0.732421875
vt 0.054107666 0.732421875
vt 0.054107666 0.7265625
vt 0.054107666 0.7265625
vt 0.054107666 0.723632812
vt 0.054107666 0.723632812
vt 0.0515136719 0.758789062
vt 0.0515136719 0.76171875
vt 0.0515136719 0.76171875
vt 0.0515136719 0.759277344
vt 0.0515136719 0.752929688
vt 0.0515136719 0.752929688
vt 0.0515136719 0.743164062
vt 0.0515136719 0.743164062
vt 0.0515136719 0.732421875
vt 0.0515136719 0.732421875
vt 0.0515136719 0.7265625
vt 0.0515136719 0.7265625
vt 0.0515136719 0.723632812
vt 0.0515136719 0.723632812
vt 0.054107666 0.76171875
vt 0.0515136719 0.76171875
vt 0.054107666 0.76171875
vt 0.0515136719 0.76171875
vt 0.0515136719 0.76171875
vt 0.054107666 0.759277344
vt 0.054107666 0.76171875
vt 0.0515136719 0.759277344
vt 0.054107666 0.752929688
vt 0.0515136719 0.752929688
vt 0.054107666 0.743164062
vt 0.0515136719 0.743164062
vt 0.054107666 0.732421875
vt 0.0515136719 0.732421875
vt 0.054107666 0.7265625
vt 0.0515136719 0.7265625
vt 0.054107666 0.723632812
vt 0.0515136719 0.723632812
vt 0.054107666 0.76171875
vt 0.0515136719 0.758789062
vt 0.0515136719 0.76171875
vt 0.054107666 0.758789062
vt 0.0515136719 0.752929688
vt 0.054107666 0.752929688
vt 0.0515136719 0.743164062
vt 0.054107666 0.743164062
vt 0.0515136719 0.732421875
vt 0.054107666 0.732421875
vt 0.0515136719 0.7265625
vt 0.054107666 0.7265625
vt 0.0515136719 0.723632812
vt 0.054107666 0.723632812
vt 0.0515136719 0.723632812
vt 0.054107666 0.723632812
vt 0.0515136719 0.723632812
vt 0.054107666 0.723632812
vt 0.395019531 0.63671875
vt 0.395019531 0.651855469
vt 0.292724609 0.651855469
vt 0.292724609 0.63671875
vt 0.395019531 0.651855469
vt 0.395019531 0.63671875
vt 0.292724609 0.63671875
vt 0.292724609 0.651855469
vt 0.395019531 0.63671875
vt 0.395019531 0.651855469
vt 0.292724609 0.651855469
vt 0.292724609 0.63671875
vt 0.395019531 0.63671875
vt 0.395019531 0.651855469
vt 0.292724609 0.651855469
vt 0.292724609 0.63671875
vt 0.393310547 0.646484375
vt 0.393310547 0.65234375
vt 0.298095703 0.65234375
vt 0.298095703 0.646484375
vt 0.298095703 0.646484375
vt 0.298095703 0.65234375
vt 0.393310547 0.65234375
vt 0.393310547 0.646484375
vt 0.298095703 0.646484375
vt 0.298095703 0.65234375
vt 0.393310547 0.65234375
vt 0.393310547 0.646484375
vt 0.393310547 0.646484375
vt 0.393310547 0.65234375
vt 0.298095703 0.65234375
vt 0.298095703 0.646484375
vt 0.395019531 0.63671875
vt 0.395019531 0.651855469
vt 0.292724609 0.651855469
vt 0.292724609 0.63671875
vt 0.395019531 0.63671875
vt 0.395019531 0.651855469
vt 0.292724609 0.651855469
vt 0.292724609 0.63671875
vt 0.292724609 0.651855469
vt 0.292724609 0.63671875
vt 0.395019531 0.63671875
vt 0.395019531 0.651855469
vt 0.395019531 0.63671875
vt 0.395019531 0.651855469
vt 0.292724609 0.651855469
vt 0.292724609 0.63671875
vt 0.281982422 0.634277344
vt 0.185058594 0.634277344
vt 0.185058594 0.705078125
vt 0.281982422 0.705078125
vt 0.507324219 0.416015625
vt 0.627929688 0.416015625
vt 0.627929688 0.410400391
vt 0.507324219 0.410400391
vt 0.627929688 0.416015625
vt 0.765625 0.416015625
vt 0.765625 0.410400391
vt 0.895507812 0.416015625
vt 0.895507812 0.410400391
vt 0.765625 0.416015625
vt 0.895507812 0.421142578
vt 0.765625 0.421142578
vt 0.627929688 0.416015625
vt 0.627929688 0.421142578
vt 0.765625 0.426025391
vt 0.895507812 0.426025391
vt 0.765625 0.421142578
vt 0.627929688 0.426025391
vt 0.627929688 0.421142578
vt 0.765625 0.431884766
vt 0.895507812 0.431884766
vt 0.765625 0.426025391
vt 0.627929688 0.431884766
vt 0.627929688 0.426025391
vt 0.507324219 0.426025391
vt 0.507324219 0.431884766
vt 0.627929688 0.426025391
vt 0.508789062 0.426025391
vt 0.626464844 0.426025391
vt 0.626464844 0.421142578
vt 0.508789062 0.421142578
vt 0.507324219 0.421142578
vt 0.627929688 0.421142578
vt 0.627929688 0.416015625
vt 0.507324219 0.416015625
vt 0.93359375 0.431152344
vt 0.938476562 0.443847656
vt 0.951660156 0.453613281
vt 0.956054688 0.435058594
vt 0.96875 0.449462891
vt 0.975585938 0.438720703
vt 0.761230469 0.421142578
vt 0.626464844 0.421142578
vt 0.626464844 0.426025391
vt 0.761230469 0.426025391
vt 0.895507812 0.421142578
vt 0.895507812 0.426025391
vt 0.761230469 0.426025391
vt 0.895507812 0.431884766
vt 0.761230469 0.431884766
vt 0.626464844 0.426025391
vt 0.626464844 0.431884766
vt 0.508789062 0.431884766
vt 0.626464844 0.426025391
vt 0.508789062 0.426025391
vt 0.895507812 0.416259766
vt 0.761230469 0.416259766
vt 0.761230469 0.421142578
vt 0.626464844 0.416259766
vt 0.626464844 0.421142578
vt 0.761230469 0.416259766
vt 0.895507812 0.41015625
vt 0.761230469 0.41015625
vt 0.626464844 0.416259766
vt 0.626464844 0.41015625
vt 0.508789062 0.41015625
vt 0.626464844 0.416259766
vt 0.508789062 0.416259766
vt 0.875488281 0.610351562
vt 0.883300781 0.612792969
vt 0.881835938 0.617675781
vt 0.872070312 0.626464844
vt 0.880371094 0.627441406
vt 0.87890625 0.637695312
vt 0.87109375 0.642578125
vt 0.879394531 0.643066406
vt 0.86328125 0.625488281
vt 0.864257812 0.609863281
vt 0.865234375 0.600097656
vt 0.877441406 0.600585938
vt 0.866210938 0.588378906
vt 0.877441406 0.588867188
vt 0.8671875 0.576660156
vt 0.878417969 0.579101562
vt 0.852050781 0.580078125
vt 0.854003906 0.58984375
vt 0.853515625 0.599609375
vt 0.853515625 0.611816406
vt 0.853027344 0.624023438
vt 0.860839844 0.640625
vt 0.852050781 0.635742188
vt 0.853027344 0.647460938
vt 0.859863281 0.651367188
vt 0.866210938 0.651855469
vt 0.854492188 0.6640625
vt 0.858398438 0.665527344
vt 0.857910156 0.671386719
vt 0.862304688 0.665527344
vt 0.858886719 0.671386719
vt 0.859863281 0.670898438
vt 0.881835938 0.618652344
vt 0.885742188 0.615722656
vt 0.885253906 0.608398438
vt 0.875488281 0.610839844
vt 0.8828125 0.600585938
vt 0.880371094 0.62890625
vt 0.877929688 0.599609375
vt 0.887695312 0.590820312
vt 0.877441406 0.588867188
vt 0.889648438 0.581054688
vt 0.878417969 0.579101562
vt 0.866210938 0.588867188
vt 0.8671875 0.577148438
vt 0.865234375 0.599609375
vt 0.853515625 0.588867188
vt 0.8515625 0.579589844
vt 0.853515625 0.599121094
vt 0.853515625 0.61328125
vt 0.864257812 0.609375
vt 0.87109375 0.626953125
vt 0.86328125 0.625
vt 0.853515625 0.624023438
vt 0.8515625 0.634765625
vt 0.870117188 0.644042969
vt 0.87890625 0.639160156
vt 0.860839844 0.640625
vt 0.878417969 0.650878906
vt 0.881347656 0.643554688
vt 0.873535156 0.65625
vt 0.866210938 0.651855469
vt 0.868164062 0.668945312
vt 0.859863281 0.651855469
vt 0.853515625 0.647949219
vt 0.862792969 0.665527344
vt 0.859863281 0.677734375
vt 0.858398438 0.665039062
vt 0.854492188 0.6640625
vt 0.859375 0.671386719
vt 0.858398438 0.678222656
vt 0.858398438 0.671875
vt 0.857910156 0.671386719
vt 0.856933594 0.678222656
vt 0.931640625 0.560058594
vt 0.924804688 0.560058594
vt 0.920410156 0.565917969
vt 0.9296875 0.565917969
vt 0.918457031 0.597167969
vt 0.92578125 0.596679688
vt 0.937988281 0.560058594
vt 0.938476562 0.565917969
vt 0.939453125 0.596679688
vt 0.953125 0.596191406
vt 0.947265625 0.565917969
vt 0.960449219 0.596191406
vt 0.944335938 0.560058594
vt 0.956054688 0.565917969
vt 0.951660156 0.560058594
vt 0.826171875 0.6484375
vt 0.805175781 0.647949219
vt 0.792480469 0.667480469
vt 0.837890625 0.668945312
vt 0.803710938 0.689453125
vt 0.825195312 0.689941406
vt 0.862304688 0.670410156
vt 0.879394531 0.681640625
vt 0.862304688 0.681640625
vt 0.879394531 0.670410156
vt 0.86328125 0.659179688
vt 0.879394531 0.659179688
vt 0.86328125 0.64453125
vt 0.879394531 0.64453125
vt 0.879394531 0.632324219
vt 0.86328125 0.632324219
vt 0.86328125 0.619140625
vt 0.879394531 0.619140625
vt 0.879394531 0.603027344
vt 0.86328125 0.603027344
vt 0.879394531 0.583984375
vt 0.86328125 0.583984375
vt 0.875976562 0.572265625
vt 0.865234375 0.572265625
vt 0.508789062 0.416259766
vt 0.508789062 0.421142578
vt 0.626464844 0.421142578
vt 0.626464844 0.416259766
vt 0.507324219 0.421142578
vt 0.507324219 0.426025391
vt 0.627929688 0.426025391
vt 0.627929688 0.421142578
vt 0.93359375 0.431152344
vt 0.955566406 0.416015625
vt 0.940429688 0.420410156
vt 0.956054688 0.435058594
vt 0.970703125 0.42578125
vt 0.975585938 0.438720703
vt 0.918945312 0.597167969
vt 0.92578125 0.596679688
vt 0.9296875 0.565917969
vt 0.921875 0.565917969
vt 0.926269531 0.560058594
vt 0.932617188 0.560058594
vt 0.939453125 0.596679688
vt 0.938964844 0.565917969
vt 0.938964844 0.560058594
vt 0.944824219 0.560058594
vt 0.948242188 0.565917969
vt 0.952636719 0.596191406
vt 0.951660156 0.560058594
vt 0.959472656 0.596191406
vt 0.956054688 0.565917969
vn -0.844238281 0 -0.535644531
vn -0.844238281 0 -0.535644531
vn -0.844238281 0 -0.535644531
vn -0.844238281 0 -0.535644531
vn 0.844238281 0 0.535644531
vn 0.844238281 0 0.535644531
vn 0.844238281 0 0.535644531
vn 0.844238281 0 0.535644531
vn -0.844238281 0 -0.535644531
vn -0.844238281 0 -0.535644531
vn -0.844238281 0 -0.535644531
vn -0.844238281 0 -0.535644531
vn 1 0 0
vn 1 0 0
vn 1 0 0
vn 1 0 0
vn -1 0 0
vn -1 0 0
vn -1 0 0
vn -1 0 0
vn -0 0 -1
vn -0 0 -1
vn -0 0 -1
vn -0 0 -1
vn -0 0 1
vn -0 0 1
vn -0 0 1
vn -0 0 1
vn 2.98023224E-07 -1 0
vn 2.98023224E-07 -1 0
vn 2.98023224E-07 -1 0
vn 2.98023224E-07 -1 0
vn -0 -1 0
vn -0 -1 0
vn -0 -1 0
vn -0 -1 0
vn -2.98023224E-07 -1 0
vn -2.98023224E-07 -1 0
vn -2.98023224E-07 -1 0
vn -2.98023224E-07 -1 0
vn -0 -1 0
vn -0 -1 0
vn -0 -1 0
vn -0 -1 0
vn 1 0 0
vn 1 0 0
vn 1 0 0
vn 1 0 0
vn -0 0 1
vn -0 0 1
vn -0 0 1
vn -0 0 1
vn -1 0 0
vn -1 0 0
vn -1 0 0
vn -1 0 0
vn -0 0 -1
vn -0 0 -1
vn -0 0 -1
vn -0 0 -1
vn -0 -1 0
vn -0 -1 0
vn -0 -1 0
vn -0 -1 0
vn 0.149291992 0.312744141 0.937988281
vn 0.149291992 0.312744141 0.937988281
vn 0.149291992 0.312744141 0.937988281
vn 0.273681641 0.292724609 0.916015625
vn 0.273681641 0.292724609 0.916015625
vn 0.273681641 0.292724609 0.916015625
vn 0.380371094 0.226074219 0.896972656
vn 0.380371094 0.226074219 0.896972656
vn 0.380371094 0.226074219 0.896972656
vn 0.453857422 0.12310791 0.882324219
vn 0.453857422 0.12310791 0.882324219
vn 0.453857422 0.12310791 0.882324219
vn 0.482910156 -0.000640869141 0.875488281
vn 0.482910156 -0.000640869141 0.875488281
vn 0.482910156 -0.000640869141 0.875488281
vn 0.463134766 -0.126464844 0.877441406
vn 0.463134766 -0.126464844 0.877441406
vn 0.463134766 -0.126464844 0.877441406
vn 0.397460938 -0.235229492 0.887207031
vn 0.397460938 -0.235229492 0.887207031
vn 0.397460938 -0.235229492 0.887207031
vn 0.295654297 -0.310302734 0.903320312
vn 0.295654297 -0.310302734 0.903320312
vn 0.295654297 -0.310302734 0.903320312
vn 0.0495300293 -0.320556641 0.945800781
vn 0.0495300293 -0.320556641 0.945800781
vn 0.0495300293 -0.320556641 0.945800781
vn 0.173583984 -0.340332031 0.924316406
vn 0.173583984 -0.340332031 0.924316406
vn 0.173583984 -0.340332031 0.924316406
vn -0.0575256348 -0.254150391 0.965332031
vn -0.0575256348 -0.254150391 0.965332031
vn -0.0575256348 -0.254150391 0.965332031
vn -0.131225586 -0.151367188 0.979492188
vn -0.131225586 -0.151367188 0.979492188
vn -0.131225586 -0.151367188 0.979492188
vn -0.160644531 -0.0276641846 0.986816406
vn -0.160644531 -0.0276641846 0.986816406
vn -0.160644531 -0.0276641846 0.986816406
vn -0.141113281 0.0980834961 0.985351562
vn -0.141113281 0.0980834961 0.985351562
vn -0.141113281 0.0980834961 0.985351562
vn -0.0758056641 0.206787109 0.975585938
vn -0.0758056641 0.206787109 0.975585938
vn -0.0758056641 0.206787109 0.975585938
vn 0.025970459 0.282470703 0.958984375
vn 0.025970459 0.282470703 0.958984375
vn 0.025970459 0.282470703 0.958984375
vn -0.21496582 -0.887207031 -0.407958984
vn -0.157592773 -0.987304688 0.0130691528
vn 0.229370117 -0.971679688 -0.0536499023
vn 0.135375977 -0.873046875 -0.468261719
vn 0.581054688 -0.806152344 -0.112060547
vn -0.0570983887 -0.401123047 -0.9140625
vn -0.221801758 -0.407470703 -0.885742188
vn -0.170532227 0.0144119263 -0.985351562
vn 0.453369141 -0.723144531 -0.520996094
vn 0.841796875 -0.518066406 -0.153076172
vn 0.092590332 -0.330810547 -0.938964844
vn 0.203491211 -0.208129883 -0.956542969
vn 0.259765625 -0.0523986816 -0.964355469
vn 0.688964844 -0.462158203 -0.55859375
vn 0.973632812 -0.151733398 -0.170532227
vn 0.808105469 -0.130859375 -0.57421875
vn -0.952636719 0.147216797 -0.266113281
vn -0.97265625 0.15637207 0.170532227
vn -0.958984375 -0.232910156 0.162475586
vn -0.939941406 -0.204833984 -0.273193359
vn -0.799316406 -0.586914062 0.129760742
vn -0.562011719 -0.0856933594 -0.822753906
vn -0.567871094 0.0798339844 -0.819335938
vn -0.170532227 0.0144119263 -0.985351562
vn -0.795410156 -0.524902344 -0.302734375
vn -0.518554688 -0.8515625 0.0773925781
vn -0.494628906 -0.236328125 -0.836425781
vn -0.375244141 -0.349121094 -0.858398438
vn -0.221801758 -0.407470703 -0.885742188
vn -0.541503906 -0.764648438 -0.349853516
vn -0.157592773 -0.987304688 0.0130691528
vn -0.21496582 -0.887207031 -0.407958984
vn 0.06640625 0.899414062 -0.431640625
vn 0.154174805 0.987792969 -0.0124664307
vn -0.229370117 0.971679688 0.0536499023
vn -0.280517578 0.884765625 -0.371826172
vn -0.578125 0.808105469 0.111633301
vn -0.251220703 0.426025391 -0.869140625
vn -0.0880737305 0.432617188 -0.897460938
vn -0.170532227 0.0144119263 -0.985351562
vn -0.595703125 0.736816406 -0.319335938
vn -0.839355469 0.521972656 0.152709961
vn -0.399414062 0.356689453 -0.844726562
vn -0.510742188 0.235107422 -0.827148438
vn -0.567871094 0.0798339844 -0.819335938
vn -0.83203125 0.477783203 -0.282226562
vn -0.97265625 0.15637207 0.170532227
vn -0.952636719 0.147216797 -0.266113281
vn 0.808105469 -0.130859375 -0.57421875
vn 0.973632812 -0.151733398 -0.170532227
vn 0.957519531 0.237426758 -0.162231445
vn 0.793457031 0.221191406 -0.566894531
vn 0.796386719 0.590820312 -0.129272461
vn 0.253173828 0.11315918 -0.9609375
vn 0.259765625 -0.0523986816 -0.964355469
vn -0.170532227 0.0144119263 -0.985351562
vn 0.647460938 0.540527344 -0.537109375
vn 0.514160156 0.854003906 -0.0767211914
vn 0.184814453 0.263427734 -0.946777344
vn 0.0649414062 0.375488281 -0.924316406
vn -0.0880737305 0.432617188 -0.897460938
vn 0.392333984 0.778808594 -0.489746094
vn 0.154174805 0.987792969 -0.0124664307
vn 0.06640625 0.899414062 -0.431640625
vn -0.515625 0.326416016 0.792480469
vn -0.515625 0.326416016 0.792480469
vn -0.515625 0.326416016 0.792480469
vn -0.408935547 0.305419922 0.859863281
vn -0.408935547 0.305419922 0.859863281
vn -0.408935547 0.305419922 0.859863281
vn -0.317626953 0.23815918 0.91796875
vn -0.317626953 0.23815918 0.91796875
vn -0.317626953 0.23815918 0.91796875
vn -0.255126953 0.134765625 0.957519531
vn -0.255126953 0.134765625 0.957519531
vn -0.255126953 0.134765625 0.957519531
vn -0.23046875 0.0107650757 0.973144531
vn -0.23046875 0.0107650757 0.973144531
vn -0.23046875 0.0107650757 0.973144531
vn -0.247802734 -0.114929199 0.961914062
vn -0.247802734 -0.114929199 0.961914062
vn -0.247802734 -0.114929199 0.961914062
vn -0.304443359 -0.223266602 0.92578125
vn -0.304443359 -0.223266602 0.92578125
vn -0.304443359 -0.223266602 0.92578125
vn -0.391601562 -0.297851562 0.870605469
vn -0.391601562 -0.297851562 0.870605469
vn -0.391601562 -0.297851562 0.870605469
vn -0.602539062 -0.306640625 0.736816406
vn -0.602539062 -0.306640625 0.736816406
vn -0.602539062 -0.306640625 0.736816406
vn -0.496582031 -0.327148438 0.804199219
vn -0.496582031 -0.327148438 0.804199219
vn -0.496582031 -0.327148438 0.804199219
vn -0.694335938 -0.239501953 0.678710938
vn -0.694335938 -0.239501953 0.678710938
vn -0.694335938 -0.239501953 0.678710938
vn -0.757324219 -0.136230469 0.638671875
vn -0.757324219 -0.136230469 0.638671875
vn -0.757324219 -0.136230469 0.638671875
vn -0.782226562 -0.012298584 0.623046875
vn -0.782226562 -0.012298584 0.623046875
vn -0.782226562 -0.012298584 0.623046875
vn -0.765136719 0.113342285 0.633789062
vn -0.765136719 0.113342285 0.633789062
vn -0.765136719 0.113342285 0.633789062
vn -0.708496094 0.221679688 0.669921875
vn -0.708496094 0.221679688 0.669921875
vn -0.708496094 0.221679688 0.669921875
vn -0.62109375 0.296875 0.725097656
vn -0.62109375 0.296875 0.725097656
vn -0.62109375 0.296875 0.725097656
vn 0.103515625 -0.892578125 -0.438964844
vn -0.138061523 -0.986328125 -0.0876464844
vn 0.193603516 -0.973144531 0.12286377
vn 0.403564453 -0.880371094 -0.248291016
vn 0.495361328 -0.809570312 0.314208984
vn 0.566894531 -0.414550781 -0.711914062
vn 0.425537109 -0.419921875 -0.801757812
vn 0.535644531 0.000244855881 -0.844238281
vn 0.676757812 -0.732421875 -0.0751953125
vn 0.719726562 -0.522949219 0.456542969
vn 0.6953125 -0.345214844 -0.630371094
vn 0.790527344 -0.223144531 -0.5703125
vn 0.839355469 -0.0677490234 -0.5390625
vn 0.879394531 -0.472900391 0.0532531738
vn 0.833984375 -0.157714844 0.528808594
vn 0.982910156 -0.142333984 0.118591309
vn -0.524902344 0.146606445 -0.838378906
vn -0.833007812 0.162353516 -0.528808594
vn -0.822265625 -0.227050781 -0.521972656
vn -0.515136719 -0.205566406 -0.83203125
vn -0.686523438 -0.58203125 -0.435791016
vn 0.135131836 -0.0960083008 -0.986328125
vn 0.130737305 0.0695800781 -0.988769531
vn 0.535644531 0.000244855881 -0.844238281
vn -0.392578125 -0.526855469 -0.75390625
vn -0.446777344 -0.848632812 -0.283447266
vn 0.192504883 -0.247070312 -0.949707031
vn 0.294433594 -0.360595703 -0.885253906
vn 0.425537109 -0.419921875 -0.801757812
vn -0.17565918 -0.767578125 -0.616210938
vn -0.138061523 -0.986328125 -0.0876464844
vn 0.103515625 -0.892578125 -0.438964844
vn 0.350585938 0.892578125 -0.282958984
vn 0.135131836 0.987304688 0.0857543945
vn -0.193603516 0.973144531 -0.12286377
vn 0.0532531738 0.880371094 -0.471679688
vn -0.492919922 0.812011719 -0.312744141
vn 0.403076172 0.413818359 -0.81640625
vn 0.54296875 0.419433594 -0.727539062
vn 0.535644531 0.000244855881 -0.844238281
vn -0.217407227 0.733886719 -0.643554688
vn -0.717773438 0.52734375 -0.455322266
vn 0.275878906 0.345458984 -0.896972656
vn 0.180175781 0.224487305 -0.957519531
vn 0.130737305 0.0695800781 -0.988769531
vn -0.420410156 0.4765625 -0.771972656
vn -0.833007812 0.162353516 -0.528808594
vn -0.524902344 0.146606445 -0.838378906
vn 0.982910156 -0.142333984 0.118591309
vn 0.833984375 -0.157714844 0.528808594
vn 0.821289062 0.231567383 0.520996094
vn 0.971191406 0.209838867 0.11126709
vn 0.684570312 0.5859375 0.434326172
vn 0.834472656 0.0978393555 -0.542480469
vn 0.839355469 -0.0677490234 -0.5390625
vn 0.535644531 0.000244855881 -0.844238281
vn 0.847167969 0.530273438 0.0324401855
vn 0.443359375 0.851074219 0.28125
vn 0.776367188 0.248535156 -0.579589844
vn 0.673828125 0.361328125 -0.64453125
vn 0.54296875 0.419433594 -0.727539062
vn 0.629394531 0.770019531 -0.105957031
vn 0.135131836 0.987304688 0.0857543945
vn 0.350585938 0.892578125 -0.282958984
vn 1 0 0
vn 1 0 0
vn 1 0 0
vn 1 0 0
vn -1 0 0
vn -1 0 0
vn -1 0 0
vn -1 0 0
vn -0 0 -1
vn -0 0 -1
vn -0 0 -1
vn -0 0 -1
vn -0 0 1
vn -0 0 1
vn -0 0 1
vn -0 0 1
vn 2.98023224E-07 -1 0
vn 2.98023224E-07 -1 0
vn 2.98023224E-07 -1 0
vn 2.98023224E-07 -1 0
vn -0 -1 0
vn -0 -1 0
vn -0 -1 0
vn -0 -1 0
vn -2.98023224E-07 -1 0
vn -2.98023224E-07 -1 0
vn -2.98023224E-07 -1 0
vn -2.98023224E-07 -1 0
vn -0 -1 0
vn -0 -1 0
vn -0 -1 0
vn -0 -1 0
vn 1 0 0
vn 1 0 0
vn 1 0 0
vn 1 0 0
vn -0 0 1
vn -0 0 1
vn -0 0 1
vn -0 0 1
vn -1 0 0
vn -1 0 0
vn -1 0 0
vn -1 0 0
vn -0 0 -1
vn -0 0 -1
vn -0 0 -1
vn -0 0 -1
vn -0 -1 0
vn -0 -1 0
vn -0 -1 0
vn -0 -1 0
vn -0.151611328 0.33984375 -0.928222656
vn -0.151611328 0.33984375 -0.928222656
vn -0.151611328 0.33984375 -0.928222656
vn -0.275878906 0.318115234 -0.907226562
vn -0.275878906 0.318115234 -0.907226562
vn -0.275878906 0.318115234 -0.907226562
vn -0.382080078 0.250244141 -0.889648438
vn -0.382080078 0.250244141 -0.889648438
vn -0.382080078 0.250244141 -0.889648438
vn -0.454833984 0.146240234 -0.878417969
vn -0.454833984 0.146240234 -0.878417969
vn -0.454833984 0.146240234 -0.878417969
vn -0.482910156 0.0221710205 -0.875488281
vn -0.482910156 0.0221710205 -0.875488281
vn -0.482910156 0.0221710205 -0.875488281
vn -0.462402344 -0.103393555 -0.880859375
vn -0.462402344 -0.103393555 -0.880859375
vn -0.462402344 -0.103393555 -0.880859375
vn -0.395751953 -0.211303711 -0.893554688
vn -0.395751953 -0.211303711 -0.893554688
vn -0.395751953 -0.211303711 -0.893554688
vn -0.293701172 -0.28515625 -0.912597656
vn -0.293701172 -0.28515625 -0.912597656
vn -0.293701172 -0.28515625 -0.912597656
vn -0.0473327637 -0.292480469 -0.955078125
vn -0.0473327637 -0.292480469 -0.955078125
vn -0.0473327637 -0.292480469 -0.955078125
vn -0.171264648 -0.313720703 -0.934082031
vn -0.171264648 -0.313720703 -0.934082031
vn -0.171264648 -0.313720703 -0.934082031
vn 0.0592346191 -0.224731445 -0.97265625
vn 0.0592346191 -0.224731445 -0.97265625
vn 0.0592346191 -0.224731445 -0.97265625
vn 0.132202148 -0.12097168 -0.983886719
vn 0.132202148 -0.12097168 -0.983886719
vn 0.132202148 -0.12097168 -0.983886719
vn 0.160644531 0.0030708313 -0.986816406
vn 0.160644531 0.0030708313 -0.986816406
vn 0.160644531 0.0030708313 -0.986816406
vn 0.140258789 0.128540039 -0.981933594
vn 0.140258789 0.128540039 -0.981933594
vn 0.140258789 0.128540039 -0.981933594
vn 0.07421875 0.236572266 -0.96875
vn 0.07421875 0.236572266 -0.96875
vn 0.07421875 0.236572266 -0.96875
vn -0.0280914307 0.311035156 -0.950195312
vn -0.0280914307 0.311035156 -0.950195312
vn -0.0280914307 0.311035156 -0.950195312
vn 0.221313477 -0.897460938 0.381103516
vn 0.164672852 -0.985351562 -0.0426635742
vn -0.222412109 -0.974609375 0.0244598389
vn -0.12902832 -0.887695312 0.441894531
vn -0.575195312 -0.813476562 0.0878295898
vn 0.0600585938 -0.427978516 0.901855469
vn 0.224853516 -0.432128906 0.873535156
vn 0.170532227 -0.013923645 0.985351562
vn -0.448242188 -0.741699219 0.499267578
vn -0.837890625 -0.528320312 0.137329102
vn -0.0900878906 -0.359375 0.928710938
vn -0.201904297 -0.23815918 0.950195312
vn -0.259277344 -0.0831298828 0.962402344
vn -0.685546875 -0.483642578 0.544433594
vn -0.97265625 -0.163696289 0.165893555
vn -0.807128906 -0.153808594 0.5703125
vn 0.951660156 0.145996094 0.270507812
vn 0.971679688 0.168334961 -0.165649414
vn 0.960449219 -0.221069336 -0.169311523
vn 0.94140625 -0.206298828 0.267089844
vn 0.803222656 -0.577148438 -0.147216797
vn 0.562988281 -0.106323242 0.819824219
vn 0.567382812 0.0592956543 0.821289062
vn 0.170532227 -0.013923645 0.985351562
vn 0.799316406 -0.528320312 0.286865234
vn 0.524414062 -0.845214844 -0.102844238
vn 0.496337891 -0.2578125 0.829101562
vn 0.377929688 -0.372070312 0.84765625
vn 0.224853516 -0.432128906 0.873535156
vn 0.546875 -0.770996094 0.326904297
vn 0.164672852 -0.985351562 -0.0426635742
vn 0.221313477 -0.897460938 0.381103516
vn -0.0727539062 0.885742188 0.458496094
vn -0.161254883 0.985839844 0.0420532227
vn 0.222412109 0.974609375 -0.0244598389
vn 0.274169922 0.875488281 0.398193359
vn 0.572265625 0.815429688 -0.0872802734
vn 0.248168945 0.401611328 0.881347656
vn 0.0850830078 0.40625 0.909667969
vn 0.170532227 -0.013923645 0.985351562
vn 0.590820312 0.730957031 0.341552734
vn 0.835449219 0.532226562 -0.13684082
vn 0.396972656 0.333984375 0.854980469
vn 0.509277344 0.213867188 0.833496094
vn 0.567382812 0.0592956543 0.821289062
vn 0.828613281 0.475097656 0.296630859
vn 0.971679688 0.168334961 -0.165649414
vn 0.951660156 0.145996094 0.270507812
vn -0.807128906 -0.153808594 0.5703125
vn -0.97265625 -0.163696289 0.165893555
vn -0.959472656 0.225708008 0.169189453
vn -0.794921875 0.198486328 0.573242188
vn -0.80078125 0.580566406 0.146850586
vn -0.25390625 0.0824584961 0.963867188
vn -0.259277344 -0.0831298828 0.962402344
vn 0.170532227 -0.013923645 0.985351562
vn -0.651367188 0.51953125 0.553222656
vn -0.520507812 0.84765625 0.102233887
vn -0.186523438 0.233520508 0.954101562
vn -0.067565918 0.347167969 0.935546875
vn 0.0850830078 0.40625 0.909667969
vn -0.397705078 0.760742188 0.512695312
vn -0.161254883 0.985839844 0.0420532227
vn -0.0727539062 0.885742188 0.458496094
vn 1 0 0
vn 1 0 0
vn 1 0 0
vn 1 0 0
vn -1 0 0
vn -1 0 0
vn -1 0 0
vn -1 0 0
vn -0 -0.17199707 -0.984863281
vn -0 -0.17199707 -0.984863281
vn -0 -0.17199707 -0.984863281
vn -0 -0.17199707 -0.984863281
vn -0 0.17199707 0.984863281
vn -0 0.17199707 0.984863281
vn -0 0.17199707 0.984863281
vn -0 0.17199707 0.984863281
vn 2.98023224E-07 -0.984863281 0.17199707
vn 2.98023224E-07 -0.984863281 0.17199707
vn 2.98023224E-07 -0.984863281 0.17199707
vn 2.98023224E-07 -0.984863281 0.17199707
vn -0 -0.984863281 0.17199707
vn -0 -0.984863281 0.17199707
vn -0 -0.984863281 0.17199707
vn -0 -0.984863281 0.17199707
vn -2.98023224E-07 -0.984863281 0.17199707
vn -2.98023224E-07 -0.984863281 0.17199707
vn -2.98023224E-07 -0.984863281 0.17199707
vn -2.98023224E-07 -0.984863281 0.17199707
vn -0 -0.984863281 0.17199707
vn -0 -0.984863281 0.17199707
vn -0 -0.984863281 0.17199707
vn -0 -0.984863281 0.17199707
vn 1 0 0
vn 1 0 0
vn 1 0 0
vn 1 0 0
vn -0 0.17199707 0.984863281
vn -0 0.17199707 0.984863281
vn -0 0.17199707 0.984863281
vn -0 0.17199707 0.984863281
vn -1 0 0
vn -1 0 0
vn -1 0 0
vn -1 0 0
vn -0 -0.17199707 -0.984863281
vn -0 -0.17199707 -0.984863281
vn -0 -0.17199707 -0.984863281
vn -0 -0.17199707 -0.984863281
vn -0 -0.984863281 0.17199707
vn -0 -0.984863281 0.17199707
vn -0 -0.984863281 0.17199707
vn -0 -0.984863281 0.17199707
vn 1 0 0
vn 1 0 0
vn 1 0 0
vn 1 0 0
vn -1 0 0
vn -1 0 0
vn -1 0 0
vn -1 0 0
vn -0 0 -1
vn -0 0 -1
vn -0 0 -1
vn -0 0 -1
vn -0 0 1
vn -0 0 1
vn -0 0 1
vn -0 0 1
vn 2.98023224E-07 -1 0
vn 2.98023224E-07 -1 0
vn 2.98023224E-07 -1 0
vn 2.98023224E-07 -1 0
vn -0 -1 0
vn -0 -1 0
vn -0 -1 0
vn -0 -1 0
vn -2.98023224E-07 -1 0
vn -2.98023224E-07 -1 0
vn -2.98023224E-07 -1 0
vn -2.98023224E-07 -1 0
vn -0 -1 0
vn -0 -1 0
vn -0 -1 0
vn -0 -1 0
vn 1 0 0
vn 1 0 0
vn 1 0 0
vn 1 0 0
vn -0 0 1
vn -0 0 1
vn -0 0 1
vn -0 0 1
vn -1 0 0
vn -1 0 0
vn -1 0 0
vn -1 0 0
vn -0 0 -1
vn -0 0 -1
vn -0 0 -1
vn -0 0 -1
vn -0 -1 0
vn -0 -1 0
vn -0 -1 0
vn -0 -1 0
vn 1 0 0
vn 1 0 0
vn 1 0 0
vn 1 0 0
vn -1 0 0
vn -1 0 0
vn -1 0 0
vn -1 0 0
vn -0 -0.17199707 -0.984863281
vn -0 -0.17199707 -0.984863281
vn -0 -0.17199707 -0.984863281
vn -0 -0.17199707 -0.984863281
vn -0 0.17199707 0.984863281
vn -0 0.17199707 0.984863281
vn -0 0.17199707 0.984863281
vn -0 0.17199707 0.984863281
vn 2.98023224E-07 -0.984863281 0.17199707
vn 2.98023224E-07 -0.984863281 0.17199707
vn 2.98023224E-07 -0.984863281 0.17199707
vn 2.98023224E-07 -0.984863281 0.17199707
vn -0 -0.984863281 0.17199707
vn -0 -0.984863281 0.17199707
vn -0 -0.984863281 0.17199707
vn -0 -0.984863281 0.17199707
vn -2.98023224E-07 -0.984863281 0.17199707
vn -2.98023224E-07 -0.984863281 0.17199707
vn -2.98023224E-07 -0.984863281 0.17199707
vn -2.98023224E-07 -0.984863281 0.17199707
vn -0 -0.984863281 0.17199707
vn -0 -0.984863281 0.17199707
vn -0 -0.984863281 0.17199707
vn -0 -0.984863281 0.17199707
vn 1 0 0
vn 1 0 0
vn 1 0 0
vn 1 0 0
vn -0 0.17199707 0.984863281
vn -0 0.17199707 0.984863281
vn -0 0.17199707 0.984863281
vn -0 0.17199707 0.984863281
vn -1 0 0
vn -1 0 0
vn -1 0 0
vn -1 0 0
vn -0 -0.17199707 -0.984863281
vn -0 -0.17199707 -0.984863281
vn -0 -0.17199707 -0.984863281
vn -0 -0.17199707 -0.984863281
vn -0 -0.984863281 0.17199707
vn -0 -0.984863281 0.17199707
vn -0 -0.984863281 0.17199707
vn -0 -0.984863281 0.17199707
vn 1 0 0
vn 1 0 0
vn 1 0 0
vn 1 0 0
vn -1 0 0
vn -1 0 0
vn -1 0 0
vn -1 0 0
vn -0 0 -1
vn -0 0 -1
vn -0 0 -1
vn -0 0 -1
vn -0 0 1
vn -0 0 1
vn -0 0 1
vn -0 0 1
vn 2.98023224E-07 -1 0
vn 2.98023224E-07 -1 0
vn 2.98023224E-07 -1 0
vn 2.98023224E-07 -1 0
vn -0 -1 0
vn -0 -1 0
vn -0 -1 0
vn -0 -1 0
vn -2.98023224E-07 -1 0
vn -2.98023224E-07 -1 0
vn -2.98023224E-07 -1 0
vn -2.98023224E-07 -1 0
vn -0 -1 0
vn -0 -1 0
vn -0 -1 0
vn -0 -1 0
vn 1 0 0
vn 1 0 0
vn 1 0 0
vn 1 0 0
vn -0 0 1
vn -0 0 1
vn -0 0 1
vn -0 0 1
vn -1 0 0
vn -1 0 0
vn -1 0 0
vn -1 0 0
vn -0 0 -1
vn -0 0 -1
vn -0 0 -1
vn -0 0 -1
vn -0 -1 0
vn -0 -1 0
vn -0 -1 0
vn -0 -1 0
vn 0.5 0.866210938 4.76837158E-07
vn 0.821777344 0 -0.569824219
vn 1 -1.1920929E-07 4.76837158E-07
vn 0.410888672 0.711914062 -0.569824219
vn -0.5 0.866210938 4.76837158E-07
vn 0.410888672 -0.711914062 -0.569824219
vn 0.5 -0.866210938 5.36441803E-07
vn -0.410888672 0.711914062 -0.569824219
vn -1 -1.1920929E-07 5.36441803E-07
vn -1.37090683E-06 0 -1
vn -0.410888672 -0.711914062 -0.569824219
vn -0.5 -0.866210938 5.36441803E-07
vn -0.821777344 0 -0.569824219
vn 0.410888672 0.711914062 0.569824219
vn 0.5 0.866210938 4.76837158E-07
vn 1 -1.1920929E-07 4.76837158E-07
vn -0.410888672 0.711914062 0.569824219
vn -0.5 0.866210938 4.76837158E-07
vn 0.821777344 0 0.569824219
vn 0.5 -0.866210938 5.36441803E-07
vn -0.821777344 0 0.569824219
vn -1 -1.1920929E-07 5.36441803E-07
vn -1.37090683E-06 0 1
vn 0.410888672 -0.711914062 0.569824219
vn -0.5 -0.866210938 5.36441803E-07
vn -0.410888672 -0.711914062 0.569824219
vn 1 0 0
vn 1 0 0
vn 1 0 0
vn 1 0 0
vn -1 0 0
vn -1 0 0
vn -1 0 0
vn -1 0 0
vn -0 -0.17199707 -0.984863281
vn -0 -0.17199707 -0.984863281
vn -0 -0.17199707 -0.984863281
vn -0 -0.17199707 -0.984863281
vn -0 0.17199707 0.984863281
vn -0 0.17199707 0.984863281
vn -0 0.17199707 0.984863281
vn -0 0.17199707 0.984863281
vn 2.98023224E-07 -0.984863281 0.17199707
vn 2.98023224E-07 -0.984863281 0.17199707
vn 2.98023224E-07 -0.984863281 0.17199707
vn 2.98023224E-07 -0.984863281 0.17199707
vn -0 -0.984863281 0.17199707
vn -0 -0.984863281 0.17199707
vn -0 -0.984863281 0.17199707
vn -0 -0.984863281 0.17199707
vn -2.98023224E-07 -0.984863281 0.17199707
vn -2.98023224E-07 -0.984863281 0.17199707
vn -2.98023224E-07 -0.984863281 0.17199707
vn -2.98023224E-07 -0.984863281 0.17199707
vn -0 -0.984863281 0.17199707
vn -0 -0.984863281 0.17199707
vn -0 -0.984863281 0.17199707
vn -0 -0.984863281 0.17199707
vn 1 0 0
vn 1 0 0
vn 1 0 0
vn 1 0 0
vn -0 0.17199707 0.984863281
vn -0 0.17199707 0.984863281
vn -0 0.17199707 0.984863281
vn -0 0.17199707 0.984863281
vn -1 0 0
vn -1 0 0
vn -1 0 0
vn -1 0 0
vn -0 -0.17199707 -0.984863281
vn -0 -0.17199707 -0.984863281
vn -0 -0.17199707 -0.984863281
vn -0 -0.17199707 -0.984863281
vn -0 -0.984863281 0.17199707
vn -0 -0.984863281 0.17199707
vn -0 -0.984863281 0.17199707
vn -0 -0.984863281 0.17199707
vn 1 0 0
vn 1 0 0
vn 1 0 0
vn 1 0 0
vn -1 0 0
vn -1 0 0
vn -1 0 0
vn -1 0 0
vn -0 0 -1
vn -0 0 -1
vn -0 0 -1
vn -0 0 -1
vn -0 0 1
vn -0 0 1
vn -0 0 1
vn -0 0 1
vn 2.98023224E-07 -1 0
vn 2.98023224E-07 -1 0
vn 2.98023224E-07 -1 0
vn 2.98023224E-07 -1 0
vn -0 -1 0
vn -0 -1 0
vn -0 -1 0
vn -0 -1 0
vn -2.98023224E-07 -1 0
vn -2.98023224E-07 -1 0
vn -2.98023224E-07 -1 0
vn -2.98023224E-07 -1 0
vn -0 -1 0
vn -0 -1 0
vn -0 -1 0
vn -0 -1 0
vn 1 0 0
vn 1 0 0
vn 1 0 0
vn 1 0 0
vn -0 0 1
vn -0 0 1
vn -0 0 1
vn -0 0 1
vn -1 0 0
vn -1 0 0
vn -1 0 0
vn -1 0 0
vn -0 0 -1
vn -0 0 -1
vn -0 0 -1
vn -0 0 -1
vn -0 -1 0
vn -0 -1 0
vn -0 -1 0
vn -0 -1 0
vn 1 0 0
vn 1 0 0
vn 1 0 0
vn 1 0 0
vn -1 0 0
vn -1 0 0
vn -1 0 0
vn -1 0 0
vn -0 0 -1
vn -0 0 -1
vn -0 0 -1
vn -0 0 -1
vn -0 0 1
vn -0 0 1
vn -0 0 1
vn -0 0 1
vn 2.98023224E-07 -1 0
vn 2.98023224E-07 -1 0
vn 2.98023224E-07 -1 0
vn 2.98023224E-07 -1 0
vn -0 -1 0
vn -0 -1 0
vn -0 -1 0
vn -0 -1 0
vn -2.98023224E-07 -1 0
vn -2.98023224E-07 -1 0
vn -2.98023224E-07 -1 0
vn -2.98023224E-07 -1 0
vn -0 -1 0
vn -0 -1 0
vn -0 -1 0
vn -0 -1 0
vn 1 0 0
vn 1 0 0
vn 1 0 0
vn 1 0 0
vn -0 0 1
vn -0 0 1
vn -0 0 1
vn -0 0 1
vn -1 0 0
vn -1 0 0
vn -1 0 0
vn -1 0 0
vn -0 0 -1
vn -0 0 -1
vn -0 0 -1
vn -0 0 -1
vn -0 -1 0
vn -0 -1 0
vn -0 -1 0
vn -0 -1 0
vn 1 0 0
vn 1 0 0
vn 1 0 0
vn 1 0 0
vn -1 0 0
vn -1 0 0
vn -1 0 0
vn -1 0 0
vn -0 -0.17199707 -0.984863281
vn -0 -0.17199707 -0.984863281
vn -0 -0.17199707 -0.984863281
vn -0 -0.17199707 -0.984863281
vn -0 0.17199707 0.984863281
vn -0 0.17199707 0.984863281
vn -0 0.17199707 0.984863281
vn -0 0.17199707 0.984863281
vn 2.98023224E-07 -0.984863281 0.17199707
vn 2.98023224E-07 -0.984863281 0.17199707
vn 2.98023224E-07 -0.984863281 0.17199707
vn 2.98023224E-07 -0.984863281 0.17199707
vn -0 -0.984863281 0.17199707
vn -0 -0.984863281 0.17199707
vn -0 -0.984863281 0.17199707
vn -0 -0.984863281 0.17199707
vn -2.98023224E-07 -0.984863281 0.17199707
vn -2.98023224E-07 -0.984863281 0.17199707
vn -2.98023224E-07 -0.984863281 0.17199707
vn -2.98023224E-07 -0.984863281 0.17199707
vn -0 -0.984863281 0.17199707
vn -0 -0.984863281 0.17199707
vn -0 -0.984863281 0.17199707
vn -0 -0.984863281 0.17199707
vn 1 0 0
vn 1 0 0
vn 1 0 0
vn 1 0 0
vn -0 0.17199707 0.984863281
vn -0 0.17199707 0.984863281
vn -0 0.17199707 0.984863281
vn -0 0.17199707 0.984863281
vn -1 0 0
vn -1 0 0
vn -1 0 0
vn -1 0 0
vn -0 -0.17199707 -0.984863281
vn -0 -0.17199707 -0.984863281
vn -0 -0.17199707 -0.984863281
vn -0 -0.17199707 -0.984863281
vn -0 -0.984863281 0.17199707
vn -0 -0.984863281 0.17199707
vn -0 -0.984863281 0.17199707
vn -0 -0.984863281 0.17199707
vn -0.5 0.866210938 -4.76837158E-07
vn -0.821777344 0 0.569824219
vn -1 -1.1920929E-07 -4.76837158E-07
vn -0.410888672 0.711914062 0.569824219
vn 0.5 0.866210938 -4.76837158E-07
vn -0.410888672 -0.711914062 0.569824219
vn -0.5 -0.866210938 -5.36441803E-07
vn 0.410888672 0.711914062 0.569824219
vn 1 -1.1920929E-07 -5.36441803E-07
vn 1.37090683E-06 0 1
vn 0.410888672 -0.711914062 0.569824219
vn 0.5 -0.866210938 -5.36441803E-07
vn 0.821777344 0 0.569824219
vn -0.410888672 0.711914062 -0.569824219
vn -0.5 0.866210938 -4.76837158E-07
vn -1 -1.1920929E-07 -4.76837158E-07
vn 0.410888672 0.711914062 -0.569824219
vn 0.5 0.866210938 -4.76837158E-07
vn -0.821777344 0 -0.569824219
vn -0.5 -0.866210938 -5.36441803E-07
vn 0.821777344 0 -0.569824219
vn 1 -1.1920929E-07 -5.36441803E-07
vn 1.37090683E-06 0 -1
vn -0.410888672 -0.711914062 -0.569824219
vn 0.5 -0.866210938 -5.36441803E-07
vn 0.410888672 -0.711914062 -0.569824219
vn 0.5 0.866210938 4.76837158E-07
vn 0.821777344 0 -0.569824219
vn 1 -1.1920929E-07 4.76837158E-07
vn 0.410888672 0.711914062 -0.569824219
vn -0.5 0.866210938 4.76837158E-07
vn 0.410888672 -0.711914062 -0.569824219
vn 0.5 -0.866210938 5.36441803E-07
vn -0.410888672 0.711914062 -0.569824219
vn -1 -1.1920929E-07 5.36441803E-07
vn -1.37090683E-06 0 -1
vn -0.410888672 -0.711914062 -0.569824219
vn -0.5 -0.866210938 5.36441803E-07
vn -0.821777344 0 -0.569824219
vn 0.410888672 0.711914062 0.569824219
vn 0.5 0.866210938 4.76837158E-07
vn 1 -1.1920929E-07 4.76837158E-07
vn -0.410888672 0.711914062 0.569824219
vn -0.5 0.866210938 4.76837158E-07
vn 0.821777344 0 0.569824219
vn 0.5 -0.866210938 5.36441803E-07
vn -0.821777344 0 0.569824219
vn -1 -1.1920929E-07 5.36441803E-07
vn -1.37090683E-06 0 1
vn 0.410888672 -0.711914062 0.569824219
vn -0.5 -0.866210938 5.36441803E-07
vn -0.410888672 -0.711914062 0.569824219
vn 0.149291992 0.312744141 0.937988281
vn 0.149291992 0.312744141 0.937988281
vn 0.149291992 0.312744141 0.937988281
vn 0.273681641 0.292724609 0.916015625
vn 0.273681641 0.292724609 0.916015625
vn 0.273681641 0.292724609 0.916015625
vn 0.380371094 0.226074219 0.896972656
vn 0.380371094 0.226074219 0.896972656
vn 0.380371094 0.226074219 0.896972656
vn 0.453857422 0.12310791 0.882324219
vn 0.453857422 0.12310791 0.882324219
vn 0.453857422 0.12310791 0.882324219
vn 0.482910156 -0.000640869141 0.875488281
vn 0.482910156 -0.000640869141 0.875488281
vn 0.482910156 -0.000640869141 0.875488281
vn 0.463134766 -0.126464844 0.877441406
vn 0.463134766 -0.126464844 0.877441406
vn 0.463134766 -0.126464844 0.877441406
vn 0.397460938 -0.235229492 0.887207031
vn 0.397460938 -0.235229492 0.887207031
vn 0.397460938 -0.235229492 0.887207031
vn 0.295654297 -0.310302734 0.903320312
vn 0.295654297 -0.310302734 0.903320312
vn 0.295654297 -0.310302734 0.903320312
vn 0.0495300293 -0.320556641 0.945800781
vn 0.0495300293 -0.320556641 0.945800781
vn 0.0495300293 -0.320556641 0.945800781
vn 0.173583984 -0.340332031 0.924316406
vn 0.173583984 -0.340332031 0.924316406
vn 0.173583984 -0.340332031 0.924316406
vn -0.0575256348 -0.254150391 0.965332031
vn -0.0575256348 -0.254150391 0.965332031
vn -0.0575256348 -0.254150391 0.965332031
vn -0.131225586 -0.151367188 0.979492188
vn -0.131225586 -0.151367188 0.979492188
vn -0.131225586 -0.151367188 0.979492188
vn -0.160644531 -0.0276641846 0.986816406
vn -0.160644531 -0.0276641846 0.986816406
vn -0.160644531 -0.0276641846 0.986816406
vn -0.141113281 0.0980834961 0.985351562
vn -0.141113281 0.0980834961 0.985351562
vn -0.141113281 0.0980834961 0.985351562
vn -0.0758056641 0.206787109 0.975585938
vn -0.0758056641 0.206787109 0.975585938
vn -0.0758056641 0.206787109 0.975585938
vn 0.025970459 0.282470703 0.958984375
vn 0.025970459 0.282470703 0.958984375
vn 0.025970459 0.282470703 0.958984375
vn -0.21496582 -0.887207031 -0.407958984
vn -0.157592773 -0.987304688 0.0130691528
vn 0.229370117 -0.971679688 -0.0536499023
vn 0.135375977 -0.873046875 -0.468261719
vn 0.581054688 -0.806152344 -0.112060547
vn -0.0570983887 -0.401123047 -0.9140625
vn -0.221801758 -0.407470703 -0.885742188
vn -0.170532227 0.0144119263 -0.985351562
vn 0.453369141 -0.723144531 -0.520996094
vn 0.841796875 -0.518066406 -0.153076172
vn 0.092590332 -0.330810547 -0.938964844
vn 0.203491211 -0.208129883 -0.956542969
vn 0.259765625 -0.0523986816 -0.964355469
vn 0.688964844 -0.462158203 -0.55859375
vn 0.973632812 -0.151733398 -0.170532227
vn 0.808105469 -0.130859375 -0.57421875
vn -0.952636719 0.147216797 -0.266113281
vn -0.97265625 0.15637207 0.170532227
vn -0.958984375 -0.232910156 0.162475586
vn -0.939941406 -0.204833984 -0.273193359
vn -0.799316406 -0.586914062 0.129760742
vn -0.562011719 -0.0856933594 -0.822753906
vn -0.567871094 0.0798339844 -0.819335938
vn -0.170532227 0.0144119263 -0.985351562
vn -0.795410156 -0.524902344 -0.302734375
vn -0.518554688 -0.8515625 0.0773925781
vn -0.494628906 -0.236328125 -0.836425781
vn -0.375244141 -0.349121094 -0.858398438
vn -0.221801758 -0.407470703 -0.885742188
vn -0.541503906 -0.764648438 -0.349853516
vn -0.157592773 -0.987304688 0.0130691528
vn -0.21496582 -0.887207031 -0.407958984
vn 0.06640625 0.899414062 -0.431640625
vn 0.154174805 0.987792969 -0.0124664307
vn -0.229370117 0.971679688 0.0536499023
vn -0.280517578 0.884765625 -0.371826172
vn -0.578125 0.808105469 0.111633301
vn -0.251220703 0.426025391 -0.869140625
vn -0.0880737305 0.432617188 -0.897460938
vn -0.170532227 0.0144119263 -0.985351562
vn -0.595703125 0.736816406 -0.319335938
vn -0.839355469 0.521972656 0.152709961
vn -0.399414062 0.356689453 -0.844726562
vn -0.510742188 0.235107422 -0.827148438
vn -0.567871094 0.0798339844 -0.819335938
vn -0.83203125 0.477783203 -0.282226562
vn -0.97265625 0.15637207 0.170532227
vn -0.952636719 0.147216797 -0.266113281
vn 0.808105469 -0.130859375 -0.57421875
vn 0.973632812 -0.151733398 -0.170532227
vn 0.957519531 0.237426758 -0.162231445
vn 0.793457031 0.221191406 -0.566894531
vn 0.796386719 0.590820312 -0.129272461
vn 0.253173828 0.11315918 -0.9609375
vn 0.259765625 -0.0523986816 -0.964355469
vn -0.170532227 0.0144119263 -0.985351562
vn 0.647460938 0.540527344 -0.537109375
vn 0.514160156 0.854003906 -0.0767211914
vn 0.184814453 0.263427734 -0.946777344
vn 0.0649414062 0.375488281 -0.924316406
vn -0.0880737305 0.432617188 -0.897460938
vn 0.392333984 0.778808594 -0.489746094
vn 0.154174805 0.987792969 -0.0124664307
vn 0.06640625 0.899414062 -0.431640625
vn 1 0 0
vn 1 0 0
vn 1 0 0
vn 1 0 0
vn -1 0 0
vn -1 0 0
vn -1 0 0
vn -1 0 0
vn -0 0 -1
vn -0 0 -1
vn -0 0 -1
vn -0 0 -1
vn -0 0 1
vn -0 0 1
vn -0 0 1
vn -0 0 1
vn 2.98023224E-07 -1 0
vn 2.98023224E-07 -1 0
vn 2.98023224E-07 -1 0
vn 2.98023224E-07 -1 0
vn -0 -1 0
vn -0 -1 0
vn -0 -1 0
vn -0 -1 0
vn -2.98023224E-07 -1 0
vn -2.98023224E-07 -1 0
vn -2.98023224E-07 -1 0
vn -2.98023224E-07 -1 0
vn -0 -1 0
vn -0 -1 0
vn -0 -1 0
vn -0 -1 0
vn 1 0 0
vn 1 0 0
vn 1 0 0
vn 1 0 0
vn -0 0 1
vn -0 0 1
vn -0 0 1
vn -0 0 1
vn -1 0 0
vn -1 0 0
vn -1 0 0
vn -1 0 0
vn -0 0 -1
vn -0 0 -1
vn -0 0 -1
vn -0 0 -1
vn -0 -1 0
vn -0 -1 0
vn -0 -1 0
vn -0 -1 0
vn -0.848632812 -0.273193359 -0.452636719
vn -0.205810547 0.0139389038 -0.978515625
vn -0.897949219 0.00339508057 -0.440185547
vn -0.203613281 0.00161266327 -0.979003906
vn 0.0448608398 0.0151367188 -0.999023438
vn -0.709472656 -0.516113281 -0.480224609
vn 0.0318603516 0.0883789062 -0.995605469
vn -0.197509766 -0.0092010498 -0.98046875
vn -0.496337891 -0.6953125 -0.51953125
vn -0.00507736206 0.152709961 -0.98828125
vn -0.187988281 -0.0171966553 -0.981933594
vn -0.235717773 -0.790039062 -0.565917969
vn -0.0614624023 0.200195312 -0.978027344
vn -0.176391602 -0.0214080811 -0.983886719
vn 0.0414123535 -0.788085938 -0.614257812
vn -0.130493164 0.225219727 -0.965332031
vn -0.1640625 -0.0213317871 -0.986328125
vn 0.301513672 -0.690429688 -0.657714844
vn -0.203857422 0.224731445 -0.952636719
vn -0.15246582 -0.0169830322 -0.98828125
vn 0.513183594 -0.508300781 -0.69140625
vn -0.272705078 0.198852539 -0.94140625
vn -0.142944336 -0.00886535645 -0.989746094
vn 0.650878906 -0.263916016 -0.711914062
vn -0.328857422 0.150634766 -0.932128906
vn -0.13684082 0.0020236969 -0.990722656
vn 0.697753906 0.0132293701 -0.716308594
vn -0.365234375 0.0859375 -0.926757812
vn -0.134765625 0.0143737793 -0.990722656
vn 0.648925781 0.289794922 -0.703613281
vn -0.377685547 0.0125350952 -0.92578125
vn -0.136962891 0.0267028809 -0.990234375
vn 0.509277344 0.532714844 -0.67578125
vn -0.364746094 -0.0607299805 -0.929199219
vn -0.143188477 0.0375061035 -0.988769531
vn 0.296386719 0.711914062 -0.63671875
vn -0.327880859 -0.125 -0.936523438
vn -0.152587891 0.045501709 -0.987304688
vn 0.0357055664 0.806640625 -0.590332031
vn -0.244140625 -0.120544434 -0.962402344
vn -0.164306641 0.0497131348 -0.985351562
vn -0.241455078 0.8046875 -0.541992188
vn -0.202392578 -0.197509766 -0.958984375
vn -0.176635742 0.0496520996 -0.982910156
vn -0.501464844 0.70703125 -0.498779297
vn -0.12902832 -0.197143555 -0.971679688
vn -0.188232422 0.0452880859 -0.980957031
vn -0.712890625 0.524902344 -0.464599609
vn -0.0601501465 -0.171142578 -0.983398438
vn -0.197631836 0.0371704102 -0.979492188
vn -0.850585938 0.280517578 -0.444335938
vn -0.00409317017 -0.12298584 -0.9921875
vn -0.203735352 0.0262908936 -0.978515625
vn -0.897949219 0.00339508057 -0.440185547
vn 0.0323791504 -0.0582885742 -0.997558594
vn -0.205810547 0.0139389038 -0.978515625
vn 0.0448608398 0.0151367188 -0.999023438
vn 0.202392578 -0.013961792 0.979003906
vn -0.648925781 -0.289794922 0.703613281
vn -0.697753906 -0.0132293701 0.716308594
vn 0.200439453 -0.00282478333 0.979492188
vn -0.509277344 -0.532714844 0.67578125
vn 0.493408203 0.112548828 0.862304688
vn 0.515136719 -0.0110092163 0.856933594
vn 0.431152344 0.220947266 0.875
vn 0.194824219 0.00694274902 0.980957031
vn -0.296386719 -0.711914062 0.63671875
vn 0.3359375 0.301025391 0.892578125
vn 0.186279297 0.0141677856 0.982421875
vn -0.0357055664 -0.806640625 0.590332031
vn 0.219482422 0.343261719 0.913085938
vn 0.17578125 0.0179748535 0.984375
vn 0.241455078 -0.8046875 0.541992188
vn 0.095703125 0.342529297 0.934570312
vn 0.164672852 0.0178985596 0.986328125
vn 0.501464844 -0.70703125 0.498779297
vn -0.0204315186 0.298828125 0.954101562
vn 0.154174805 0.0139694214 0.987792969
vn 0.712890625 -0.524902344 0.464599609
vn -0.114929199 0.217529297 0.969238281
vn 0.145629883 0.00664138794 0.989257812
vn 0.850585938 -0.280517578 0.444335938
vn -0.176391602 0.108398438 0.978515625
vn 0.140136719 -0.00319671631 0.990234375
vn 0.897949219 -0.00339508057 0.440185547
vn -0.197509766 -0.0154037476 0.979980469
vn 0.138183594 -0.0143585205 0.990234375
vn 0.848632812 0.273193359 0.452636719
vn -0.175537109 -0.138916016 0.974609375
vn 0.140136719 -0.0254974365 0.989746094
vn 0.709472656 0.516113281 0.480224609
vn -0.11328125 -0.247314453 0.962402344
vn 0.145751953 -0.0352478027 0.988769531
vn 0.496337891 0.6953125 0.51953125
vn -0.0181884766 -0.327392578 0.944824219
vn 0.154418945 -0.0424804688 0.987304688
vn 0.235717773 0.790039062 0.565917969
vn 0.0982666016 -0.369628906 0.923828125
vn 0.164916992 -0.046295166 0.985351562
vn -0.0414123535 0.788085938 0.614257812
vn 0.222045898 -0.368896484 0.90234375
vn 0.176025391 -0.0462341309 0.983398438
vn -0.301513672 0.690429688 0.657714844
vn 0.338134766 -0.325195312 0.883300781
vn 0.186523438 -0.0422973633 0.981445312
vn -0.513183594 0.508300781 0.69140625
vn 0.432617188 -0.244018555 0.867675781
vn 0.195068359 -0.034942627 0.979980469
vn -0.650878906 0.263916016 0.711914062
vn 0.494140625 -0.134887695 0.858886719
vn 0.200561523 -0.0251159668 0.979492188
vn -0.697753906 -0.0132293701 0.716308594
vn 0.515136719 -0.0110092163 0.856933594
vn 0.202392578 -0.013961792 0.979003906
vn -0.648925781 -0.289794922 0.703613281
vn -0.897949219 0.00339508057 -0.440185547
vn -0.697753906 -0.0132293701 0.716308594
vn -0.848632812 -0.273193359 -0.452636719
vn -0.509277344 -0.532714844 0.67578125
vn -0.709472656 -0.516113281 -0.480224609
vn -0.296386719 -0.711914062 0.63671875
vn -0.496337891 -0.6953125 -0.51953125
vn -0.0357055664 -0.806640625 0.590332031
vn -0.235717773 -0.790039062 -0.565917969
vn 0.241455078 -0.8046875 0.541992188
vn 0.0414123535 -0.788085938 -0.614257812
vn 0.501464844 -0.70703125 0.498779297
vn 0.301513672 -0.690429688 -0.657714844
vn 0.712890625 -0.524902344 0.464599609
vn 0.513183594 -0.508300781 -0.69140625
vn 0.850585938 -0.280517578 0.444335938
vn 0.650878906 -0.263916016 -0.711914062
vn 0.897949219 -0.00339508057 0.440185547
vn 0.697753906 0.0132293701 -0.716308594
vn 0.848632812 0.273193359 0.452636719
vn 0.648925781 0.289794922 -0.703613281
vn 0.709472656 0.516113281 0.480224609
vn 0.509277344 0.532714844 -0.67578125
vn 0.496337891 0.6953125 0.51953125
vn 0.296386719 0.711914062 -0.63671875
vn 0.235717773 0.790039062 0.565917969
vn 0.0357055664 0.806640625 -0.590332031
vn -0.0414123535 0.788085938 0.614257812
vn -0.241455078 0.8046875 -0.541992188
vn -0.301513672 0.690429688 0.657714844
vn -0.501464844 0.70703125 -0.498779297
vn -0.513183594 0.508300781 0.69140625
vn -0.712890625 0.524902344 -0.464599609
vn -0.650878906 0.263916016 0.711914062
vn -0.850585938 0.280517578 -0.444335938
vn -0.697753906 -0.0132293701 0.716308594
vn -0.897949219 0.00339508057 -0.440185547
vn 0.76953125 -0.603027344 0.209838867
vn 0.719238281 -0.224487305 0.657714844
vn 0.930175781 -0.320800781 0.177246094
vn 0.982910156 0.000745296478 0.184326172
vn 0.445556641 -0.560546875 0.698242188
vn 0.525390625 -0.817871094 0.235229492
vn 0.170654297 -0.0155944824 0.985351562
vn 0.717285156 0.209960938 0.664550781
vn 0.928222656 0.322021484 0.186889648
vn 0.223266602 -0.9296875 0.29296875
vn 0.765625 0.6015625 0.227905273
vn 0.0222167969 -0.640625 0.767578125
vn -0.101867676 -0.937011719 0.334228516
vn -0.404296875 -0.824707031 0.395263672
vn 0.441162109 0.541992188 0.715332031
vn 0.51953125 0.813964844 0.259765625
vn 0.216674805 0.921875 0.320800781
vn -0.353027344 -0.425292969 0.833496094
vn -0.658691406 -0.618652344 0.428222656
vn -0.817871094 -0.333496094 0.468994141
vn 0.0180053711 0.616699219 0.787109375
vn -0.108520508 0.92578125 0.362060547
vn -0.41015625 0.809570312 0.419921875
vn -0.502441406 -0.0146484375 0.864257812
vn -0.881347656 -0.0102310181 0.47265625
vn -0.8203125 0.313476562 0.478515625
vn -0.35546875 0.397460938 0.846191406
vn -0.663085938 0.601074219 0.446533203
vn -0.0959472656 -0.0127029419 -0.995117188
vn -0.170410156 0.0141677856 -0.985351562
vn -0.10949707 -0.0367736816 -0.993164062
vn -0.0912475586 0.0146026611 -0.995605469
vn -0.130371094 -0.0547180176 -0.989746094
vn -0.0961303711 0.0418395996 -0.994628906
vn -0.155883789 -0.0643310547 -0.985839844
vn -0.109863281 0.0657348633 -0.991699219
vn -0.183227539 -0.0645141602 -0.980957031
vn -0.130859375 0.0834350586 -0.987792969
vn -0.244140625 -0.120544434 -0.962402344
vn -0.156494141 0.0927734375 -0.983398438
vn -0.229858398 -0.0375061035 -0.97265625
vn -0.183837891 0.092590332 -0.978515625
vn -0.243652344 -0.0136108398 -0.969726562
vn -0.209472656 0.0829467773 -0.974121094
vn -0.248413086 0.013633728 -0.96875
vn -0.230224609 0.0650024414 -0.971191406
vn -0.243774414 0.0409545898 -0.96875
vn 1 0 0
vn 1 0 0
vn 1 0 0
vn 1 0 0
vn -1 0 0
vn -1 0 0
vn -1 0 0
vn -1 0 0
vn -0 0 -1
vn -0 0 -1
vn -0 0 -1
vn -0 0 -1
vn -0 0 1
vn -0 0 1
vn -0 0 1
vn -0 0 1
vn 2.98023224E-07 -1 0
vn 2.98023224E-07 -1 0
vn 2.98023224E-07 -1 0
vn 2.98023224E-07 -1 0
vn -0 -1 0
vn -0 -1 0
vn -0 -1 0
vn -0 -1 0
vn -2.98023224E-07 -1 0
vn -2.98023224E-07 -1 0
vn -2.98023224E-07 -1 0
vn -2.98023224E-07 -1 0
vn -0 -1 0
vn -0 -1 0
vn -0 -1 0
vn -0 -1 0
vn 1 0 0
vn 1 0 0
vn 1 0 0
vn 1 0 0
vn -0 0 1
vn -0 0 1
vn -0 0 1
vn -0 0 1
vn -1 0 0
vn -1 0 0
vn -1 0 0
vn -1 0 0
vn -0 0 -1
vn -0 0 -1
vn -0 0 -1
vn -0 0 -1
vn -0 -1 0
vn -0 -1 0
vn -0 -1 0
vn -0 -1 0
vn 1 0 0
vn 1 0 0
vn 1 0 0
vn 1 0 0
vn -1 0 0
vn -1 0 0
vn -1 0 0
vn -1 0 0
vn -0 0 -1
vn -0 0 -1
vn -0 0 -1
vn -0 0 -1
vn -0 0 1
vn -0 0 1
vn -0 0 1
vn -0 0 1
vn 2.98023224E-07 -1 0
vn 2.98023224E-07 -1 0
vn 2.98023224E-07 -1 0
vn 2.98023224E-07 -1 0
vn -0 -1 0
vn -0 -1 0
vn -0 -1 0
vn -0 -1 0
vn -2.98023224E-07 -1 0
vn -2.98023224E-07 -1 0
vn -2.98023224E-07 -1 0
vn -2.98023224E-07 -1 0
vn -0 -1 0
vn -0 -1 0
vn -0 -1 0
vn -0 -1 0
vn 1 0 0
vn 1 0 0
vn 1 0 0
vn 1 0 0
vn -0 0 1
vn -0 0 1
vn -0 0 1
vn -0 0 1
vn -1 0 0
vn -1 0 0
vn -1 0 0
vn -1 0 0
vn -0 0 -1
vn -0 0 -1
vn -0 0 -1
vn -0 0 -1
vn -0 -1 0
vn -0 -1 0
vn -0 -1 0
vn -0 -1 0
vn 1 0 0
vn 1 0 0
vn 1 0 0
vn 1 0 0
vn -1 0 0
vn -1 0 0
vn -1 0 0
vn -1 0 0
vn -0 0 -1
vn -0 0 -1
vn -0 0 -1
vn -0 0 -1
vn -0 0 1
vn -0 0 1
vn -0 0 1
vn -0 0 1
vn 2.98023224E-07 -1 0
vn 2.98023224E-07 -1 0
vn 2.98023224E-07 -1 0
vn 2.98023224E-07 -1 0
vn -0 -1 0
vn -0 -1 0
vn -0 -1 0
vn -0 -1 0
vn -2.98023224E-07 -1 0
vn -2.98023224E-07 -1 0
vn -2.98023224E-07 -1 0
vn -2.98023224E-07 -1 0
vn -0 -1 0
vn -0 -1 0
vn -0 -1 0
vn -0 -1 0
vn 1 0 0
vn 1 0 0
vn 1 0 0
vn 1 0 0
vn -0 0 1
vn -0 0 1
vn -0 0 1
vn -0 0 1
vn -1 0 0
vn -1 0 0
vn -1 0 0
vn -1 0 0
vn -0 0 -1
vn -0 0 -1
vn -0 0 -1
vn -0 0 -1
vn -0 -1 0
vn -0 -1 0
vn -0 -1 0
vn -0 -1 0
vn -0.5 0.866210938 -4.76837158E-07
vn -0.821777344 0 0.569824219
vn -1 -1.1920929E-07 -4.76837158E-07
vn -0.410888672 0.711914062 0.569824219
vn 0.5 0.866210938 -4.76837158E-07
vn -0.410888672 -0.711914062 0.569824219
vn -0.5 -0.866210938 -5.36441803E-07
vn 0.410888672 0.711914062 0.569824219
vn 1 -1.1920929E-07 -5.36441803E-07
vn 1.37090683E-06 0 1
vn 0.410888672 -0.711914062 0.569824219
vn 0.5 -0.866210938 -5.36441803E-07
vn 0.821777344 0 0.569824219
vn -0.410888672 0.711914062 -0.569824219
vn -0.5 0.866210938 -4.76837158E-07
vn -1 -1.1920929E-07 -4.76837158E-07
vn 0.410888672 0.711914062 -0.569824219
vn 0.5 0.866210938 -4.76837158E-07
vn -0.821777344 0 -0.569824219
vn -0.5 -0.866210938 -5.36441803E-07
vn 0.821777344 0 -0.569824219
vn 1 -1.1920929E-07 -5.36441803E-07
vn 1.37090683E-06 0 -1
vn -0.410888672 -0.711914062 -0.569824219
vn 0.5 -0.866210938 -5.36441803E-07
vn 0.410888672 -0.711914062 -0.569824219
vn 0.5 0.866210938 4.76837158E-07
vn 0.821777344 0 -0.569824219
vn 1 -1.1920929E-07 4.76837158E-07
vn 0.410888672 0.711914062 -0.569824219
vn -0.5 0.866210938 4.76837158E-07
vn 0.410888672 -0.711914062 -0.569824219
vn 0.5 -0.866210938 5.36441803E-07
vn -0.410888672 0.711914062 -0.569824219
vn -1 -1.1920929E-07 5.36441803E-07
vn -1.37090683E-06 0 -1
vn -0.410888672 -0.711914062 -0.569824219
vn -0.5 -0.866210938 5.36441803E-07
vn -0.821777344 0 -0.569824219
vn 0.410888672 0.711914062 0.569824219
vn 0.5 0.866210938 4.76837158E-07
vn 1 -1.1920929E-07 4.76837158E-07
vn -0.410888672 0.711914062 0.569824219
vn -0.5 0.866210938 4.76837158E-07
vn 0.821777344 0 0.569824219
vn 0.5 -0.866210938 5.36441803E-07
vn -0.821777344 0 0.569824219
vn -1 -1.1920929E-07 5.36441803E-07
vn -1.37090683E-06 0 1
vn 0.410888672 -0.711914062 0.569824219
vn -0.5 -0.866210938 5.36441803E-07
vn -0.410888672 -0.711914062 0.569824219
vn 1 0 0
vn 1 0 0
vn 1 0 0
vn 1 0 0
vn -1 0 0
vn -1 0 0
vn -1 0 0
vn -1 0 0
vn -0 0 -1
vn -0 0 -1
vn -0 0 -1
vn -0 0 -1
vn -0 0 1
vn -0 0 1
vn -0 0 1
vn -0 0 1
vn 2.98023224E-07 -1 0
vn 2.98023224E-07 -1 0
vn 2.98023224E-07 -1 0
vn 2.98023224E-07 -1 0
vn -0 -1 0
vn -0 -1 0
vn -0 -1 0
vn -0 -1 0
vn -2.98023224E-07 -1 0
vn -2.98023224E-07 -1 0
vn -2.98023224E-07 -1 0
vn -2.98023224E-07 -1 0
vn -0 -1 0
vn -0 -1 0
vn -0 -1 0
vn -0 -1 0
vn 1 0 0
vn 1 0 0
vn 1 0 0
vn 1 0 0
vn -0 0 1
vn -0 0 1
vn -0 0 1
vn -0 0 1
vn -1 0 0
vn -1 0 0
vn -1 0 0
vn -1 0 0
vn -0 0 -1
vn -0 0 -1
vn -0 0 -1
vn -0 0 -1
vn -0 -1 0
vn -0 -1 0
vn -0 -1 0
vn -0 -1 0
vn 0.982421875 0 -0.186767578
vn 0.982421875 0 -0.186767578
vn 0.982421875 0 -0.186767578
vn 0.982421875 0 -0.186767578
vn -0 1 0
vn -0 1 0
vn -0 1 0
vn -0 1 0
vn 0.186767578 0 0.982421875
vn 0.186767578 0 0.982421875
vn 0.186767578 0 0.982421875
vn 0.186767578 0 0.982421875
vn -0.186767578 0 -0.982421875
vn -0.186767578 0 -0.982421875
vn -0.186767578 0 -0.982421875
vn -0.186767578 0 -0.982421875
vn -0.982421875 0 0.186767578
vn -0.982421875 0 0.186767578
vn -0.982421875 0 0.186767578
vn -0.982421875 0 0.186767578
vn -0 -1 0
vn -0 -1 0
vn -0 -1 0
vn -0 -1 0
vn -0.186767578 0 -0.982421875
vn -0.186767578 0 -0.982421875
vn -0.186767578 0 -0.982421875
vn -0.186767578 0 -0.982421875
vn 0.186767578 0 0.982421875
vn 0.186767578 0 0.982421875
vn 0.186767578 0 0.982421875
vn 0.186767578 0 0.982421875
vn -0.0355834961 0.999511719 0.00676345825
vn -0.0355834961 0.999511719 0.00676345825
vn -0.0355834961 0.999511719 0.00676345825
vn -0.0355834961 0.999511719 0.00676345825
vn -0.982421875 0 0.186767578
vn -0.982421875 0 0.186767578
vn -0.982421875 0 0.186767578
vn -0.982421875 0 0.186767578
vn 0.982421875 0 -0.186767578
vn 0.982421875 0 -0.186767578
vn 0.982421875 0 -0.186767578
vn 0.982421875 0 -0.186767578
vn 0.00589752197 0.999511719 0.0310211182
vn 0.00589752197 0.999511719 0.0310211182
vn 0.00589752197 0.999511719 0.0310211182
vn 0.00589752197 0.999511719 0.0310211182
vn 0.0355834961 0.999511719 -0.00676345825
vn 0.0355834961 0.999511719 -0.00676345825
vn 0.0355834961 0.999511719 -0.00676345825
vn 0.0355834961 0.999511719 -0.00676345825
vn -0.00589752197 0.999511719 -0.0310211182
vn -0.00589752197 0.999511719 -0.0310211182
vn -0.00589752197 0.999511719 -0.0310211182
vn -0.00589752197 0.999511719 -0.0310211182
vn 1 0 0
vn 1 0 0
vn 1 0 0
vn 1 0 0
vn -1 0 0
vn -1 0 0
vn -1 0 0
vn -1 0 0
vn -0 -0.17199707 -0.984863281
vn -0 -0.17199707 -0.984863281
vn -0 -0.17199707 -0.984863281
vn -0 -0.17199707 -0.984863281
vn -0 0.17199707 0.984863281
vn -0 0.17199707 0.984863281
vn -0 0.17199707 0.984863281
vn -0 0.17199707 0.984863281
vn 2.98023224E-07 -0.984863281 0.17199707
vn 2.98023224E-07 -0.984863281 0.17199707
vn 2.98023224E-07 -0.984863281 0.17199707
vn 2.98023224E-07 -0.984863281 0.17199707
vn -0 -0.984863281 0.17199707
vn -0 -0.984863281 0.17199707
vn -0 -0.984863281 0.17199707
vn -0 -0.984863281 0.17199707
vn -2.98023224E-07 -0.984863281 0.17199707
vn -2.98023224E-07 -0.984863281 0.17199707
vn -2.98023224E-07 -0.984863281 0.17199707
vn -2.98023224E-07 -0.984863281 0.17199707
vn -0 -0.984863281 0.17199707
vn -0 -0.984863281 0.17199707
vn -0 -0.984863281 0.17199707
vn -0 -0.984863281 0.17199707
vn 1 0 0
vn 1 0 0
vn 1 0 0
vn 1 0 0
vn -0 0.17199707 0.984863281
vn -0 0.17199707 0.984863281
vn -0 0.17199707 0.984863281
vn -0 0.17199707 0.984863281
vn -1 0 0
vn -1 0 0
vn -1 0 0
vn -1 0 0
vn -0 -0.17199707 -0.984863281
vn -0 -0.17199707 -0.984863281
vn -0 -0.17199707 -0.984863281
vn -0 -0.17199707 -0.984863281
vn -0 -0.984863281 0.17199707
vn -0 -0.984863281 0.17199707
vn -0 -0.984863281 0.17199707
vn -0 -0.984863281 0.17199707
vn 1 0 0
vn 1 0 0
vn 1 0 0
vn 1 0 0
vn -1 0 0
vn -1 0 0
vn -1 0 0
vn -1 0 0
vn -0 0 -1
vn -0 0 -1
vn -0 0 -1
vn -0 0 -1
vn -0 0 1
vn -0 0 1
vn -0 0 1
vn -0 0 1
vn 2.98023224E-07 -1 0
vn 2.98023224E-07 -1 0
vn 2.98023224E-07 -1 0
vn 2.98023224E-07 -1 0
vn -0 -1 0
vn -0 -1 0
vn -0 -1 0
vn -0 -1 0
vn -2.98023224E-07 -1 0
vn -2.98023224E-07 -1 0
vn -2.98023224E-07 -1 0
vn -2.98023224E-07 -1 0
vn -0 -1 0
vn -0 -1 0
vn -0 -1 0
vn -0 -1 0
vn 1 0 0
vn 1 0 0
vn 1 0 0
vn 1 0 0
vn -0 0 1
vn -0 0 1
vn -0 0 1
vn -0 0 1
vn -1 0 0
vn -1 0 0
vn -1 0 0
vn -1 0 0
vn -0 0 -1
vn -0 0 -1
vn -0 0 -1
vn -0 0 -1
vn -0 -1 0
vn -0 -1 0
vn -0 -1 0
vn -0 -1 0
vn 0 -1 0
vn 0 -1 0
vn 0 -1 0
vn 0 -1 0
vn -0.992675781 -0.119506836 1.1920929E-07
vn -0.992675781 -0.119506836 1.1920929E-07
vn -0.992675781 -0.119506836 1.1920929E-07
vn -0.992675781 -0.119506836 1.1920929E-07
vn 0.992675781 -0.119506836 -1.1920929E-07
vn 0.992675781 -0.119506836 -1.1920929E-07
vn 0.992675781 -0.119506836 -1.1920929E-07
vn 0.992675781 -0.119506836 -1.1920929E-07
vn -1.1920929E-07 0 -1
vn -1.1920929E-07 0 -1
vn -1.1920929E-07 0 -1
vn -1.1920929E-07 0 -1
vn 1.1920929E-07 0 1
vn 1.1920929E-07 0 1
vn 1.1920929E-07 0 1
vn 1.1920929E-07 0 1
vn 0 -1 0
vn 0 -1 0
vn 0 -1 0
vn 0 -1 0
vn -0.992675781 -0.119506836 1.1920929E-07
vn -0.992675781 -0.119506836 1.1920929E-07
vn -0.992675781 -0.119506836 1.1920929E-07
vn -0.992675781 -0.119506836 1.1920929E-07
vn 0.992675781 -0.119506836 -1.1920929E-07
vn 0.992675781 -0.119506836 -1.1920929E-07
vn 0.992675781 -0.119506836 -1.1920929E-07
vn 0.992675781 -0.119506836 -1.1920929E-07
vn -1.1920929E-07 0 -1
vn -1.1920929E-07 0 -1
vn -1.1920929E-07 0 -1
vn -1.1920929E-07 0 -1
vn 1.1920929E-07 0 1
vn 1.1920929E-07 0 1
vn 1.1920929E-07 0 1
vn 1.1920929E-07 0 1
vn -0.717285156 0 -0.696777344
vn -0.717285156 0 0.696777344
vn -0.717285156 0 0.696777344
vn -0.717285156 0 -0.696777344
vn 0.717285156 0 -0.696777344
vn 0.717285156 0 -0.696777344
vn 0.717285156 0 0.696777344
vn 0.717285156 0 0.696777344
vn -0.717285156 0 0.696777344
vn -0.717285156 0 0.696777344
vn -0.291259766 -0.914550781 -0.280029297
vn -0.662597656 -0.377929688 0.646972656
vn -0.291259766 -0.914550781 0.280029297
vn -0.662597656 -0.377929688 -0.646972656
vn -0.717285156 0 0.696777344
vn 0.291259766 -0.914550781 -0.280029297
vn -0.717285156 0 -0.696777344
vn 0.662597656 -0.377929688 -0.646972656
vn 0.291259766 -0.914550781 0.280029297
vn 0.717285156 0 -0.696777344
vn 0.662597656 -0.377929688 0.646972656
vn -0.291259766 -0.914550781 0.280029297
vn 0.717285156 0 0.696777344
vn -0.662597656 -0.377929688 0.646972656
vn -0.717285156 0 0.696777344
vn -0.717285156 0 -0.696777344
vn -0.717285156 0 0.696777344
vn -0.717285156 0 0.696777344
vn -0.717285156 0 -0.696777344
vn 0.717285156 0 -0.696777344
vn 0.717285156 0 -0.696777344
vn 0.717285156 0 0.696777344
vn 0.717285156 0 0.696777344
vn -0.717285156 0 0.696777344
vn -0.717285156 0 0.696777344
vn -0.291259766 -0.914550781 -0.280029297
vn -0.662597656 -0.377929688 0.646972656
vn -0.291259766 -0.914550781 0.280029297
vn -0.662597656 -0.377929688 -0.646972656
vn -0.717285156 0 0.696777344
vn 0.291259766 -0.914550781 -0.280029297
vn -0.717285156 0 -0.696777344
vn 0.662597656 -0.377929688 -0.646972656
vn 0.291259766 -0.914550781 0.280029297
vn 0.717285156 0 -0.696777344
vn 0.662597656 -0.377929688 0.646972656
vn -0.291259766 -0.914550781 0.280029297
vn 0.717285156 0 0.696777344
vn -0.662597656 -0.377929688 0.646972656
vn -0.717285156 0 0.696777344
vn 1 0 -1.1920929E-07
vn 1 0 -1.1920929E-07
vn 1 0 -1.1920929E-07
vn 1 0 -1.1920929E-07
vn -1 0 1.1920929E-07
vn -1 0 1.1920929E-07
vn -1 0 1.1920929E-07
vn -1 0 1.1920929E-07
vn 0.504394531 -0.86328125 -5.96046448E-08
vn 0.191162109 -0.981445312 -0
vn 0.504394531 -0.86328125 -5.96046448E-08
vn 0.191162109 -0.981445312 -0
vn -0.191162109 -0.981445312 0
vn -0.191162109 -0.981445312 0
vn -0.504394531 -0.86328125 5.96046448E-08
vn -0.504394531 -0.86328125 5.96046448E-08
vn -1.1920929E-07 0 -1
vn -1.1920929E-07 0 -1
vn -1.1920929E-07 0 -1
vn -1.1920929E-07 0 -1
vn -1.1920929E-07 0 -1
vn -1.1920929E-07 0 -1
vn -1.1920929E-07 0 -1
vn -1.1920929E-07 0 -1
vn -0.191162109 0.981445312 0
vn -0.504394531 0.86328125 5.96046448E-08
vn -0.504394531 0.86328125 5.96046448E-08
vn -0.191162109 0.981445312 0
vn 0.191162109 0.981445312 -0
vn 0.191162109 0.981445312 -0
vn 0.504394531 0.86328125 -5.96046448E-08
vn 0.504394531 0.86328125 -5.96046448E-08
vn 1.1920929E-07 0 1
vn 1.1920929E-07 0 1
vn 1.1920929E-07 0 1
vn 1.1920929E-07 0 1
vn 1.1920929E-07 0 1
vn 1.1920929E-07 0 1
vn 1.1920929E-07 0 1
vn 1.1920929E-07 0 1
vn 0 -1 0
vn 0 -1 0
vn 0 -1 0
vn 0 -1 0
vn -0.992675781 -0.119506836 1.1920929E-07
vn -0.992675781 -0.119506836 1.1920929E-07
vn -0.992675781 -0.119506836 1.1920929E-07
vn -0.992675781 -0.119506836 1.1920929E-07
vn 0.992675781 -0.119506836 -1.1920929E-07
vn 0.992675781 -0.119506836 -1.1920929E-07
vn 0.992675781 -0.119506836 -1.1920929E-07
vn 0.992675781 -0.119506836 -1.1920929E-07
vn -1.1920929E-07 0 -1
vn -1.1920929E-07 0 -1
vn -1.1920929E-07 0 -1
vn -1.1920929E-07 0 -1
vn 1.1920929E-07 0 1
vn 1.1920929E-07 0 1
vn 1.1920929E-07 0 1
vn 1.1920929E-07 0 1
vn 0 -1 0
vn 0 -1 0
vn 0 -1 0
vn 0 -1 0
vn -0.992675781 -0.119506836 1.1920929E-07
vn -0.992675781 -0.119506836 1.1920929E-07
vn -0.992675781 -0.119506836 1.1920929E-07
vn -0.992675781 -0.119506836 1.1920929E-07
vn 0.992675781 -0.119506836 -1.1920929E-07
vn 0.992675781 -0.119506836 -1.1920929E-07
vn 0.992675781 -0.119506836 -1.1920929E-07
vn 0.992675781 -0.119506836 -1.1920929E-07
vn -1.1920929E-07 0 -1
vn -1.1920929E-07 0 -1
vn -1.1920929E-07 0 -1
vn -1.1920929E-07 0 -1
vn 1.1920929E-07 0 1
vn 1.1920929E-07 0 1
vn 1.1920929E-07 0 1
vn 1.1920929E-07 0 1
vn 1 0 0
vn 1 0 0
vn 1 0 0
vn 1 0 0
vn -1 0 0
vn -1 0 0
vn -1 0 0
vn -1 0 0
vn -0 0 -1
vn -0 0 -1
vn -0 0 -1
vn -0 0 -1
vn -0 0 1
vn -0 0 1
vn -0 0 1
vn -0 0 1
vn 2.98023224E-07 -1 0
vn 2.98023224E-07 -1 0
vn 2.98023224E-07 -1 0
vn 2.98023224E-07 -1 0
vn -0 -1 0
vn -0 -1 0
vn -0 -1 0
vn -0 -1 0
vn -2.98023224E-07 -1 0
vn -2.98023224E-07 -1 0
vn -2.98023224E-07 -1 0
vn -2.98023224E-07 -1 0
vn -0 -1 0
vn -0 -1 0
vn -0 -1 0
vn -0 -1 0
vn 1 0 0
vn 1 0 0
vn 1 0 0
vn 1 0 0
vn -0 0 1
vn -0 0 1
vn -0 0 1
vn -0 0 1
vn -1 0 0
vn -1 0 0
vn -1 0 0
vn -1 0 0
vn -0 0 -1
vn -0 0 -1
vn -0 0 -1
vn -0 0 -1
vn -0 -1 0
vn -0 -1 0
vn -0 -1 0
vn -0 -1 0
vn 1 0 0
vn 1 0 0
vn 1 0 0
vn 1 0 0
vn -1 0 0
vn -1 0 0
vn -1 0 0
vn -1 0 0
vn -0 0 -1
vn -0 0 -1
vn -0 0 -1
vn -0 0 -1
vn -0 0 1
vn -0 0 1
vn -0 0 1
vn -0 0 1
vn 2.98023224E-07 -1 0
vn 2.98023224E-07 -1 0
vn 2.98023224E-07 -1 0
vn 2.98023224E-07 -1 0
vn -0 -1 0
vn -0 -1 0
vn -0 -1 0
vn -0 -1 0
vn -2.98023224E-07 -1 0
vn -2.98023224E-07 -1 0
vn -2.98023224E-07 -1 0
vn -2.98023224E-07 -1 0
vn -0 -1 0
vn -0 -1 0
vn -0 -1 0
vn -0 -1 0
vn 1 0 0
vn 1 0 0
vn 1 0 0
vn 1 0 0
vn -0 0 1
vn -0 0 1
vn -0 0 1
vn -0 0 1
vn -1 0 0
vn -1 0 0
vn -1 0 0
vn -1 0 0
vn -0 0 -1
vn -0 0 -1
vn -0 0 -1
vn -0 0 -1
vn -0 -1 0
vn -0 -1 0
vn -0 -1 0
vn -0 -1 0
vn 0 -1 0
vn 0 -1 0
vn 0 -1 0
vn 0 -1 0
vn -0.992675781 -0.119506836 1.1920929E-07
vn -0.992675781 -0.119506836 1.1920929E-07
vn -0.992675781 -0.119506836 1.1920929E-07
vn -0.992675781 -0.119506836 1.1920929E-07
vn 0.992675781 -0.119506836 -1.1920929E-07
vn 0.992675781 -0.119506836 -1.1920929E-07
vn 0.992675781 -0.119506836 -1.1920929E-07
vn 0.992675781 -0.119506836 -1.1920929E-07
vn -1.1920929E-07 0 -1
vn -1.1920929E-07 0 -1
vn -1.1920929E-07 0 -1
vn -1.1920929E-07 0 -1
vn 1.1920929E-07 0 1
vn 1.1920929E-07 0 1
vn 1.1920929E-07 0 1
vn 1.1920929E-07 0 1
vn 0 -1 0
vn 0 -1 0
vn 0 -1 0
vn 0 -1 0
vn -0.992675781 -0.119506836 1.1920929E-07
vn -0.992675781 -0.119506836 1.1920929E-07
vn -0.992675781 -0.119506836 1.1920929E-07
vn -0.992675781 -0.119506836 1.1920929E-07
vn 0.992675781 -0.119506836 -1.1920929E-07
vn 0.992675781 -0.119506836 -1.1920929E-07
vn 0.992675781 -0.119506836 -1.1920929E-07
vn 0.992675781 -0.119506836 -1.1920929E-07
vn -1.1920929E-07 0 -1
vn -1.1920929E-07 0 -1
vn -1.1920929E-07 0 -1
vn -1.1920929E-07 0 -1
vn 1.1920929E-07 0 1
vn 1.1920929E-07 0 1
vn 1.1920929E-07 0 1
vn 1.1920929E-07 0 1
vn -0.717285156 0 -0.696777344
vn -0.717285156 0 0.696777344
vn -0.717285156 0 0.696777344
vn -0.717285156 0 -0.696777344
vn 0.717285156 0 -0.696777344
vn 0.717285156 0 -0.696777344
vn 0.717285156 0 0.696777344
vn 0.717285156 0 0.696777344
vn -0.717285156 0 0.696777344
vn -0.717285156 0 0.696777344
vn -0.291259766 -0.914550781 -0.280029297
vn -0.662597656 -0.377929688 0.646972656
vn -0.291259766 -0.914550781 0.280029297
vn -0.662597656 -0.377929688 -0.646972656
vn -0.717285156 0 0.696777344
vn 0.291259766 -0.914550781 -0.280029297
vn -0.717285156 0 -0.696777344
vn 0.662597656 -0.377929688 -0.646972656
vn 0.291259766 -0.914550781 0.280029297
vn 0.717285156 0 -0.696777344
vn 0.662597656 -0.377929688 0.646972656
vn -0.291259766 -0.914550781 0.280029297
vn 0.717285156 0 0.696777344
vn -0.662597656 -0.377929688 0.646972656
vn -0.717285156 0 0.696777344
vn -0.717285156 0 -0.696777344
vn -0.717285156 0 0.696777344
vn -0.717285156 0 0.696777344
vn -0.717285156 0 -0.696777344
vn 0.717285156 0 -0.696777344
vn 0.717285156 0 -0.696777344
vn 0.717285156 0 0.696777344
vn 0.717285156 0 0.696777344
vn -0.717285156 0 0.696777344
vn -0.717285156 0 0.696777344
vn -0.291259766 -0.914550781 -0.280029297
vn -0.662597656 -0.377929688 0.646972656
vn -0.291259766 -0.914550781 0.280029297
vn -0.662597656 -0.377929688 -0.646972656
vn -0.717285156 0 0.696777344
vn 0.291259766 -0.914550781 -0.280029297
vn -0.717285156 0 -0.696777344
vn 0.662597656 -0.377929688 -0.646972656
vn 0.291259766 -0.914550781 0.280029297
vn 0.717285156 0 -0.696777344
vn 0.662597656 -0.377929688 0.646972656
vn -0.291259766 -0.914550781 0.280029297
vn 0.717285156 0 0.696777344
vn -0.662597656 -0.377929688 0.646972656
vn -0.717285156 0 0.696777344
vn 1 0 -1.1920929E-07
vn 1 0 -1.1920929E-07
vn 1 0 -1.1920929E-07
vn 1 0 -1.1920929E-07
vn -1 0 1.1920929E-07
vn -1 0 1.1920929E-07
vn -1 0 1.1920929E-07
vn -1 0 1.1920929E-07
vn 0.504394531 -0.86328125 -5.96046448E-08
vn 0.191162109 -0.981445312 -0
vn 0.504394531 -0.86328125 -5.96046448E-08
vn 0.191162109 -0.981445312 -0
vn -0.191162109 -0.981445312 0
vn -0.191162109 -0.981445312 0
vn -0.504394531 -0.86328125 5.96046448E-08
vn -0.504394531 -0.86328125 5.96046448E-08
vn -1.1920929E-07 0 -1
vn -1.1920929E-07 0 -1
vn -1.1920929E-07 0 -1
vn -1.1920929E-07 0 -1
vn -1.1920929E-07 0 -1
vn -1.1920929E-07 0 -1
vn -1.1920929E-07 0 -1
vn -1.1920929E-07 0 -1
vn -0.191162109 0.981445312 0
vn -0.504394531 0.86328125 5.96046448E-08
vn -0.504394531 0.86328125 5.96046448E-08
vn -0.191162109 0.981445312 0
vn 0.191162109 0.981445312 -0
vn 0.191162109 0.981445312 -0
vn 0.504394531 0.86328125 -5.96046448E-08
vn 0.504394531 0.86328125 -5.96046448E-08
vn 1.1920929E-07 0 1
vn 1.1920929E-07 0 1
vn 1.1920929E-07 0 1
vn 1.1920929E-07 0 1
vn 1.1920929E-07 0 1
vn 1.1920929E-07 0 1
vn 1.1920929E-07 0 1
vn 1.1920929E-07 0 1
vn 0 -1 0
vn 0 -1 0
vn 0 -1 0
vn 0 -1 0
vn -0.992675781 -0.119506836 1.1920929E-07
vn -0.992675781 -0.119506836 1.1920929E-07
vn -0.992675781 -0.119506836 1.1920929E-07
vn -0.992675781 -0.119506836 1.1920929E-07
vn 0.992675781 -0.119506836 -1.1920929E-07
vn 0.992675781 -0.119506836 -1.1920929E-07
vn 0.992675781 -0.119506836 -1.1920929E-07
vn 0.992675781 -0.119506836 -1.1920929E-07
vn -1.1920929E-07 0 -1
vn -1.1920929E-07 0 -1
vn -1.1920929E-07 0 -1
vn -1.1920929E-07 0 -1
vn 1.1920929E-07 0 1
vn 1.1920929E-07 0 1
vn 1.1920929E-07 0 1
vn 1.1920929E-07 0 1
vn 0 -1 0
vn 0 -1 0
vn 0 -1 0
vn 0 -1 0
vn -0.992675781 -0.119506836 1.1920929E-07
vn -0.992675781 -0.119506836 1.1920929E-07
vn -0.992675781 -0.119506836 1.1920929E-07
vn -0.992675781 -0.119506836 1.1920929E-07
vn 0.992675781 -0.119506836 -1.1920929E-07
vn 0.992675781 -0.119506836 -1.1920929E-07
vn 0.992675781 -0.119506836 -1.1920929E-07
vn 0.992675781 -0.119506836 -1.1920929E-07
vn -1.1920929E-07 0 -1
vn -1.1920929E-07 0 -1
vn -1.1920929E-07 0 -1
vn -1.1920929E-07 0 -1
vn 1.1920929E-07 0 1
vn 1.1920929E-07 0 1
vn 1.1920929E-07 0 1
vn 1.1920929E-07 0 1
vn -0.151611328 0.33984375 -0.928222656
vn -0.151611328 0.33984375 -0.928222656
vn -0.151611328 0.33984375 -0.928222656
vn -0.275878906 0.318115234 -0.907226562
vn -0.275878906 0.318115234 -0.907226562
vn -0.275878906 0.318115234 -0.907226562
vn -0.382080078 0.250244141 -0.889648438
vn -0.382080078 0.250244141 -0.889648438
vn -0.382080078 0.250244141 -0.889648438
vn -0.454833984 0.146240234 -0.878417969
vn -0.454833984 0.146240234 -0.878417969
vn -0.454833984 0.146240234 -0.878417969
vn -0.482910156 0.0221710205 -0.875488281
vn -0.482910156 0.0221710205 -0.875488281
vn -0.482910156 0.0221710205 -0.875488281
vn -0.462402344 -0.103393555 -0.880859375
vn -0.462402344 -0.103393555 -0.880859375
vn -0.462402344 -0.103393555 -0.880859375
vn -0.395751953 -0.211303711 -0.893554688
vn -0.395751953 -0.211303711 -0.893554688
vn -0.395751953 -0.211303711 -0.893554688
vn -0.293701172 -0.28515625 -0.912597656
vn -0.293701172 -0.28515625 -0.912597656
vn -0.293701172 -0.28515625 -0.912597656
vn -0.0473327637 -0.292480469 -0.955078125
vn -0.0473327637 -0.292480469 -0.955078125
vn -0.0473327637 -0.292480469 -0.955078125
vn -0.171264648 -0.313720703 -0.934082031
vn -0.171264648 -0.313720703 -0.934082031
vn -0.171264648 -0.313720703 -0.934082031
vn 0.0592346191 -0.224731445 -0.97265625
vn 0.0592346191 -0.224731445 -0.97265625
vn 0.0592346191 -0.224731445 -0.97265625
vn 0.132202148 -0.12097168 -0.983886719
vn 0.132202148 -0.12097168 -0.983886719
vn 0.132202148 -0.12097168 -0.983886719
vn 0.160644531 0.0030708313 -0.986816406
vn 0.160644531 0.0030708313 -0.986816406
vn 0.160644531 0.0030708313 -0.986816406
vn 0.140258789 0.128540039 -0.981933594
vn 0.140258789 0.128540039 -0.981933594
vn 0.140258789 0.128540039 -0.981933594
vn 0.07421875 0.236572266 -0.96875
vn 0.07421875 0.236572266 -0.96875
vn 0.07421875 0.236572266 -0.96875
vn -0.0280914307 0.311035156 -0.950195312
vn -0.0280914307 0.311035156 -0.950195312
vn -0.0280914307 0.311035156 -0.950195312
vn 0.221313477 -0.897460938 0.381103516
vn 0.164672852 -0.985351562 -0.0426635742
vn -0.222412109 -0.974609375 0.0244598389
vn -0.12902832 -0.887695312 0.441894531
vn -0.575195312 -0.813476562 0.0878295898
vn 0.0600585938 -0.427978516 0.901855469
vn 0.224853516 -0.432128906 0.873535156
vn 0.170532227 -0.013923645 0.985351562
vn -0.448242188 -0.741699219 0.499267578
vn -0.837890625 -0.528320312 0.137329102
vn -0.0900878906 -0.359375 0.928710938
vn -0.201904297 -0.23815918 0.950195312
vn -0.259277344 -0.0831298828 0.962402344
vn -0.685546875 -0.483642578 0.544433594
vn -0.97265625 -0.163696289 0.165893555
vn -0.807128906 -0.153808594 0.5703125
vn 0.951660156 0.145996094 0.270507812
vn 0.971679688 0.168334961 -0.165649414
vn 0.960449219 -0.221069336 -0.169311523
vn 0.94140625 -0.206298828 0.267089844
vn 0.803222656 -0.577148438 -0.147216797
vn 0.562988281 -0.106323242 0.819824219
vn 0.567382812 0.0592956543 0.821289062
vn 0.170532227 -0.013923645 0.985351562
vn 0.799316406 -0.528320312 0.286865234
vn 0.524414062 -0.845214844 -0.102844238
vn 0.496337891 -0.2578125 0.829101562
vn 0.377929688 -0.372070312 0.84765625
vn 0.224853516 -0.432128906 0.873535156
vn 0.546875 -0.770996094 0.326904297
vn 0.164672852 -0.985351562 -0.0426635742
vn 0.221313477 -0.897460938 0.381103516
vn -0.0727539062 0.885742188 0.458496094
vn -0.161254883 0.985839844 0.0420532227
vn 0.222412109 0.974609375 -0.0244598389
vn 0.274169922 0.875488281 0.398193359
vn 0.572265625 0.815429688 -0.0872802734
vn 0.248168945 0.401611328 0.881347656
vn 0.0850830078 0.40625 0.909667969
vn 0.170532227 -0.013923645 0.985351562
vn 0.590820312 0.730957031 0.341552734
vn 0.835449219 0.532226562 -0.13684082
vn 0.396972656 0.333984375 0.854980469
vn 0.509277344 0.213867188 0.833496094
vn 0.567382812 0.0592956543 0.821289062
vn 0.828613281 0.475097656 0.296630859
vn 0.971679688 0.168334961 -0.165649414
vn 0.951660156 0.145996094 0.270507812
vn -0.807128906 -0.153808594 0.5703125
vn -0.97265625 -0.163696289 0.165893555
vn -0.959472656 0.225708008 0.169189453
vn -0.794921875 0.198486328 0.573242188
vn -0.80078125 0.580566406 0.146850586
vn -0.25390625 0.0824584961 0.963867188
vn -0.259277344 -0.0831298828 0.962402344
vn 0.170532227 -0.013923645 0.985351562
vn -0.651367188 0.51953125 0.553222656
vn -0.520507812 0.84765625 0.102233887
vn -0.186523438 0.233520508 0.954101562
vn -0.067565918 0.347167969 0.935546875
vn 0.0850830078 0.40625 0.909667969
vn -0.397705078 0.760742188 0.512695312
vn -0.161254883 0.985839844 0.0420532227
vn -0.0727539062 0.885742188 0.458496094
vn 1 0 0
vn 1 0 0
vn 1 0 0
vn 1 0 0
vn -1 0 0
vn -1 0 0
vn -1 0 0
vn -1 0 0
vn -0 -0.17199707 -0.984863281
vn -0 -0.17199707 -0.984863281
vn -0 -0.17199707 -0.984863281
vn -0 -0.17199707 -0.984863281
vn -0 0.17199707 0.984863281
vn -0 0.17199707 0.984863281
vn -0 0.17199707 0.984863281
vn -0 0.17199707 0.984863281
vn 2.98023224E-07 -0.984863281 0.17199707
vn 2.98023224E-07 -0.984863281 0.17199707
vn 2.98023224E-07 -0.984863281 0.17199707
vn 2.98023224E-07 -0.984863281 0.17199707
vn -0 -0.984863281 0.17199707
vn -0 -0.984863281 0.17199707
vn -0 -0.984863281 0.17199707
vn -0 -0.984863281 0.17199707
vn -2.98023224E-07 -0.984863281 0.17199707
vn -2.98023224E-07 -0.984863281 0.17199707
vn -2.98023224E-07 -0.984863281 0.17199707
vn -2.98023224E-07 -0.984863281 0.17199707
vn -0 -0.984863281 0.17199707
vn -0 -0.984863281 0.17199707
vn -0 -0.984863281 0.17199707
vn -0 -0.984863281 0.17199707
vn 1 0 0
vn 1 0 0
vn 1 0 0
vn 1 0 0
vn -0 0.17199707 0.984863281
vn -0 0.17199707 0.984863281
vn -0 0.17199707 0.984863281
vn -0 0.17199707 0.984863281
vn -1 0 0
vn -1 0 0
vn -1 0 0
vn -1 0 0
vn -0 -0.17199707 -0.984863281
vn -0 -0.17199707 -0.984863281
vn -0 -0.17199707 -0.984863281
vn -0 -0.17199707 -0.984863281
vn -0 -0.984863281 0.17199707
vn -0 -0.984863281 0.17199707
vn -0 -0.984863281 0.17199707
vn -0 -0.984863281 0.17199707
vn 0.5 0.866210938 4.76837158E-07
vn 0.821777344 0 -0.569824219
vn 1 -1.1920929E-07 4.76837158E-07
vn 0.410888672 0.711914062 -0.569824219
vn -0.5 0.866210938 4.76837158E-07
vn 0.410888672 -0.711914062 -0.569824219
vn 0.5 -0.866210938 5.36441803E-07
vn -0.410888672 0.711914062 -0.569824219
vn -1 -1.1920929E-07 5.36441803E-07
vn -1.37090683E-06 0 -1
vn -0.410888672 -0.711914062 -0.569824219
vn -0.5 -0.866210938 5.36441803E-07
vn -0.821777344 0 -0.569824219
vn 0.410888672 0.711914062 0.569824219
vn 0.5 0.866210938 4.76837158E-07
vn 1 -1.1920929E-07 4.76837158E-07
vn -0.410888672 0.711914062 0.569824219
vn -0.5 0.866210938 4.76837158E-07
vn 0.821777344 0 0.569824219
vn 0.5 -0.866210938 5.36441803E-07
vn -0.821777344 0 0.569824219
vn -1 -1.1920929E-07 5.36441803E-07
vn -1.37090683E-06 0 1
vn 0.410888672 -0.711914062 0.569824219
vn -0.5 -0.866210938 5.36441803E-07
vn -0.410888672 -0.711914062 0.569824219
vn 1 0 0
vn 1 0 0
vn 1 0 0
vn 1 0 0
vn -1 0 0
vn -1 0 0
vn -1 0 0
vn -1 0 0
vn -0 -0.17199707 -0.984863281
vn -0 -0.17199707 -0.984863281
vn -0 -0.17199707 -0.984863281
vn -0 -0.17199707 -0.984863281
vn -0 0.17199707 0.984863281
vn -0 0.17199707 0.984863281
vn -0 0.17199707 0.984863281
vn -0 0.17199707 0.984863281
vn 2.98023224E-07 -0.984863281 0.17199707
vn 2.98023224E-07 -0.984863281 0.17199707
vn 2.98023224E-07 -0.984863281 0.17199707
vn 2.98023224E-07 -0.984863281 0.17199707
vn -0 -0.984863281 0.17199707
vn -0 -0.984863281 0.17199707
vn -0 -0.984863281 0.17199707
vn -0 -0.984863281 0.17199707
vn -2.98023224E-07 -0.984863281 0.17199707
vn -2.98023224E-07 -0.984863281 0.17199707
vn -2.98023224E-07 -0.984863281 0.17199707
vn -2.98023224E-07 -0.984863281 0.17199707
vn -0 -0.984863281 0.17199707
vn -0 -0.984863281 0.17199707
vn -0 -0.984863281 0.17199707
vn -0 -0.984863281 0.17199707
vn 1 0 0
vn 1 0 0
vn 1 0 0
vn 1 0 0
vn -0 0.17199707 0.984863281
vn -0 0.17199707 0.984863281
vn -0 0.17199707 0.984863281
vn -0 0.17199707 0.984863281
vn -1 0 0
vn -1 0 0
vn -1 0 0
vn -1 0 0
vn -0 -0.17199707 -0.984863281
vn -0 -0.17199707 -0.984863281
vn -0 -0.17199707 -0.984863281
vn -0 -0.17199707 -0.984863281
vn -0 -0.984863281 0.17199707
vn -0 -0.984863281 0.17199707
vn -0 -0.984863281 0.17199707
vn -0 -0.984863281 0.17199707
vn -0.757324219 -0.0401611328 0.651855469
vn -0.690429688 -0.412597656 0.594238281
vn -0.690429688 -0.412597656 0.594238281
vn -0.757324219 -0.0401611328 0.651855469
vn 0.0304260254 -0.999023438 -0.0262145996
vn 0.0304260254 -0.999023438 -0.0262145996
vn 0.0304260254 -0.999023438 -0.0262145996
vn 0.0304260254 -0.999023438 -0.0262145996
vn 0.65234375 -0 0.7578125
vn 0.65234375 -0 0.7578125
vn 0.548339844 -0.581542969 0.601074219
vn 0.548339844 -0.581542969 0.601074219
vn -0.513183594 -0.581542969 -0.631347656
vn -0.513183594 -0.581542969 -0.631347656
vn -0.65234375 0 -0.7578125
vn -0.65234375 0 -0.7578125
vn -0.0578308105 0.997070312 0.0498046875
vn -0.0578308105 0.997070312 0.0498046875
vn -0.0578308105 0.997070312 0.0498046875
vn -0.0578308105 0.997070312 0.0498046875
vn 0.757324219 0.0401611328 -0.651855469
vn 0.757324219 0.0401611328 -0.651855469
vn 0.712890625 -0.338134766 -0.614257812
vn 0.712890625 -0.338134766 -0.614257812
vn -0.0510253906 0.998535156 0.00226593018
vn -0.0510253906 0.998535156 0.00226593018
vn -0.0510253906 0.998535156 0.00226593018
vn -0.0510253906 0.998535156 0.00226593018
vn -0.00298309326 1 0.00256919861
vn -0.00298309326 1 0.00256919861
vn -0.00298309326 1 0.00256919861
vn -0.00298309326 1 0.00256919861
vn -0.00981140137 0.998535156 0.0501098633
vn -0.00981140137 0.998535156 0.0501098633
vn -0.00981140137 0.998535156 0.0501098633
vn -0.00981140137 0.998535156 0.0501098633
vn -0.7578125 0.012588501 0.65234375
vn -0.7578125 0.012588501 0.65234375
vn -0.7578125 0.012588501 0.65234375
vn -0.7578125 0.012588501 0.65234375
vn -0.65234375 0 -0.7578125
vn -0.65234375 0 -0.7578125
vn -0.65234375 0 -0.7578125
vn -0.65234375 0 -0.7578125
vn 0.7578125 -0.0125961304 -0.65234375
vn 0.7578125 -0.0125961304 -0.65234375
vn 0.7578125 -0.0125961304 -0.65234375
vn 0.7578125 -0.0125961304 -0.65234375
vn 0.65234375 -0 0.7578125
vn 0.65234375 -0 0.7578125
vn 0.65234375 -0 0.7578125
vn 0.65234375 -0 0.7578125
vn 0.0203094482 -1 -0.00306129456
vn 0.0203094482 -1 -0.00306129456
vn 0.0203094482 -1 -0.00306129456
vn 0.0203094482 -1 -0.00306129456
vn 0.740722656 0.000532150269 -0.671875
vn 0.740722656 0.000532150269 -0.671875
vn 0.740722656 0.000532150269 -0.671875
vn 0.740722656 0.000532150269 -0.671875
vn 0.520019531 0.591308594 0.616699219
vn 0.520019531 0.591308594 0.616699219
vn 0.520019531 0.591308594 0.616699219
vn 0.520019531 0.591308594 0.616699219
vn -0.740722656 -0.000545024872 0.671875
vn -0.740722656 -0.000545024872 0.671875
vn -0.740722656 -0.000545024872 0.671875
vn -0.740722656 -0.000545024872 0.671875
vn -0.524414062 -0.582519531 -0.62109375
vn -0.524414062 -0.582519531 -0.62109375
vn -0.524414062 -0.582519531 -0.62109375
vn -0.524414062 -0.582519531 -0.62109375
vn 0.7578125 -0.0145263672 -0.65234375
vn 0.7578125 -0.0145263672 -0.65234375
vn 0.7578125 -0.0145263672 -0.65234375
vn 0.7578125 -0.0145263672 -0.65234375
vn -0.7578125 0.014503479 0.65234375
vn -0.7578125 0.014503479 0.65234375
vn -0.7578125 0.014503479 0.65234375
vn -0.7578125 0.014503479 0.65234375
vn -0.00442886353 -0.999511719 -0.0327758789
vn -0.00442886353 -0.999511719 -0.0327758789
vn -0.00442886353 -0.999511719 -0.0327758789
vn -0.00442886353 -0.999511719 -0.0327758789
vn 0.7578125 0.00441741943 -0.65234375
vn 0.7578125 0.00441741943 -0.65234375
vn 0.7578125 0.00441741943 -0.65234375
vn 0.7578125 0.00441741943 -0.65234375
vn -0.0129547119 1 0.0111541748
vn -0.0129547119 1 0.0111541748
vn -0.0129547119 1 0.0111541748
vn -0.0129547119 1 0.0111541748
vn -0.7578125 -0.00441741943 0.65234375
vn -0.7578125 -0.00441741943 0.65234375
vn -0.7578125 -0.00441741943 0.65234375
vn -0.7578125 -0.00441741943 0.65234375
vn 0.0129547119 -1 -0.0111541748
vn 0.0129547119 -1 -0.0111541748
vn 0.0129547119 -1 -0.0111541748
vn 0.0129547119 -1 -0.0111541748
vn 0.7734375 0.00162220001 -0.633789062
vn 0.7734375 0.00162220001 -0.633789062
vn 0.7734375 0.00162220001 -0.633789062
vn 0.7734375 0.00162220001 -0.633789062
vn -0.546386719 0.558105469 -0.624511719
vn -0.546386719 0.558105469 -0.624511719
vn -0.546386719 0.558105469 -0.624511719
vn -0.546386719 0.558105469 -0.624511719
vn -0.773925781 -0.00165176392 0.633789062
vn -0.773925781 -0.00165176392 0.633789062
vn -0.773925781 -0.00165176392 0.633789062
vn -0.773925781 -0.00165176392 0.633789062
vn 0.532226562 -0.590332031 0.606933594
vn 0.532226562 -0.590332031 0.606933594
vn 0.532226562 -0.590332031 0.606933594
vn 0.532226562 -0.590332031 0.606933594
vn -0.65234375 0 -0.7578125
vn -0.65234375 0 -0.7578125
vn -0.513183594 -0.581542969 -0.631347656
vn -0.513183594 -0.581542969 -0.631347656
vn -0.690429688 -0.412597656 0.594238281
vn -0.690429688 -0.412597656 0.594238281
vn -0.757324219 -0.0401611328 0.651855469
vn -0.757324219 -0.0401611328 0.651855469
vn 0.548339844 -0.581542969 0.601074219
vn 0.548339844 -0.581542969 0.601074219
vn 0.65234375 -0 0.7578125
vn 0.65234375 -0 0.7578125
vn 0.712890625 -0.338134766 -0.614257812
vn 0.712890625 -0.338134766 -0.614257812
vn 0.757324219 0.0401611328 -0.651855469
vn 0.757324219 0.0401611328 -0.651855469
vn 0.682128906 0.435546875 -0.587402344
vn 0.682128906 0.435546875 -0.587402344
vn 0.682128906 0.435546875 -0.587402344
vn 0.682128906 0.435546875 -0.587402344
vn -0.541503906 0.597167969 -0.591796875
vn -0.541503906 0.597167969 -0.591796875
vn -0.541503906 0.597167969 -0.591796875
vn -0.541503906 0.597167969 -0.591796875
vn 0.504882812 0.597167969 0.623046875
vn 0.504882812 0.597167969 0.623046875
vn 0.504882812 0.597167969 0.623046875
vn 0.504882812 0.597167969 0.623046875
vn -0.706542969 0.361816406 0.608398438
vn -0.706542969 0.361816406 0.608398438
vn -0.706542969 0.361816406 0.608398438
vn -0.706542969 0.361816406 0.608398438
vn -0.0304260254 0.999023438 0.0262145996
vn -0.0304260254 0.999023438 0.0262145996
vn -0.0304260254 0.999023438 0.0262145996
vn -0.0304260254 0.999023438 0.0262145996
vn 1 0 0
vn 1 0 0
vn 1 0 0
vn 1 0 0
vn -1 0 0
vn -1 0 0
vn -1 0 0
vn -1 0 0
vn -0 0 -1
vn -0 0 -1
vn -0 0 -1
vn -0 0 -1
vn -0 0 1
vn -0 0 1
vn -0 0 1
vn -0 0 1
vn 2.98023224E-07 -1 0
vn 2.98023224E-07 -1 0
vn 2.98023224E-07 -1 0
vn 2.98023224E-07 -1 0
vn -0 -1 0
vn -0 -1 0
vn -0 -1 0
vn -0 -1 0
vn -2.98023224E-07 -1 0
vn -2.98023224E-07 -1 0
vn -2.98023224E-07 -1 0
vn -2.98023224E-07 -1 0
vn -0 -1 0
vn -0 -1 0
vn -0 -1 0
vn -0 -1 0
vn 1 0 0
vn 1 0 0
vn 1 0 0
vn 1 0 0
vn -0 0 1
vn -0 0 1
vn -0 0 1
vn -0 0 1
vn -1 0 0
vn -1 0 0
vn -1 0 0
vn -1 0 0
vn -0 0 -1
vn -0 0 -1
vn -0 0 -1
vn -0 0 -1
vn -0 -1 0
vn -0 -1 0
vn -0 -1 0
vn -0 -1 0
vn 1 0 0
vn 1 0 0
vn 1 0 0
vn 1 0 0
vn -1 0 0
vn -1 0 0
vn -1 0 0
vn -1 0 0
vn -0 0 -1
vn -0 0 -1
vn -0 0 -1
vn -0 0 -1
vn -0 0 1
vn -0 0 1
vn -0 0 1
vn -0 0 1
vn 2.98023224E-07 -1 0
vn 2.98023224E-07 -1 0
vn 2.98023224E-07 -1 0
vn 2.98023224E-07 -1 0
vn -0 -1 0
vn -0 -1 0
vn -0 -1 0
vn -0 -1 0
vn -2.98023224E-07 -1 0
vn -2.98023224E-07 -1 0
vn -2.98023224E-07 -1 0
vn -2.98023224E-07 -1 0
vn -0 -1 0
vn -0 -1 0
vn -0 -1 0
vn -0 -1 0
vn 1 0 0
vn 1 0 0
vn 1 0 0
vn 1 0 0
vn -0 0 1
vn -0 0 1
vn -0 0 1
vn -0 0 1
vn -1 0 0
vn -1 0 0
vn -1 0 0
vn -1 0 0
vn -0 0 -1
vn -0 0 -1
vn -0 0 -1
vn -0 0 -1
vn -0 -1 0
vn -0 -1 0
vn -0 -1 0
vn -0 -1 0
vn 1 0 0
vn 1 0 0
vn 1 0 0
vn 1 0 0
vn -1 0 0
vn -1 0 0
vn -1 0 0
vn -1 0 0
vn -0 0 -1
vn -0 0 -1
vn -0 0 -1
vn -0 0 -1
vn -0 0 1
vn -0 0 1
vn -0 0 1
vn -0 0 1
vn 2.98023224E-07 -1 0
vn 2.98023224E-07 -1 0
vn 2.98023224E-07 -1 0
vn 2.98023224E-07 -1 0
vn -0 -1 0
vn -0 -1 0
vn -0 -1 0
vn -0 -1 0
vn -2.98023224E-07 -1 0
vn -2.98023224E-07 -1 0
vn -2.98023224E-07 -1 0
vn -2.98023224E-07 -1 0
vn -0 -1 0
vn -0 -1 0
vn -0 -1 0
vn -0 -1 0
vn 1 0 0
vn 1 0 0
vn 1 0 0
vn 1 0 0
vn -0 0 1
vn -0 0 1
vn -0 0 1
vn -0 0 1
vn -1 0 0
vn -1 0 0
vn -1 0 0
vn -1 0 0
vn -0 0 -1
vn -0 0 -1
vn -0 0 -1
vn -0 0 -1
vn -0 -1 0
vn -0 -1 0
vn -0 -1 0
vn -0 -1 0
vn -0.5 0.866210938 -4.76837158E-07
vn -0.821777344 0 0.569824219
vn -1 -1.1920929E-07 -4.76837158E-07
vn -0.410888672 0.711914062 0.569824219
vn 0.5 0.866210938 -4.76837158E-07
vn -0.410888672 -0.711914062 0.569824219
vn -0.5 -0.866210938 -5.36441803E-07
vn 0.410888672 0.711914062 0.569824219
vn 1 -1.1920929E-07 -5.36441803E-07
vn 1.37090683E-06 0 1
vn 0.410888672 -0.711914062 0.569824219
vn 0.5 -0.866210938 -5.36441803E-07
vn 0.821777344 0 0.569824219
vn -0.410888672 0.711914062 -0.569824219
vn -0.5 0.866210938 -4.76837158E-07
vn -1 -1.1920929E-07 -4.76837158E-07
vn 0.410888672 0.711914062 -0.569824219
vn 0.5 0.866210938 -4.76837158E-07
vn -0.821777344 0 -0.569824219
vn -0.5 -0.866210938 -5.36441803E-07
vn 0.821777344 0 -0.569824219
vn 1 -1.1920929E-07 -5.36441803E-07
vn 1.37090683E-06 0 -1
vn -0.410888672 -0.711914062 -0.569824219
vn 0.5 -0.866210938 -5.36441803E-07
vn 0.410888672 -0.711914062 -0.569824219
vn 1 0 0
vn 1 0 0
vn 1 0 0
vn 1 0 0
vn -1 0 0
vn -1 0 0
vn -1 0 0
vn -1 0 0
vn -0 0 -1
vn -0 0 -1
vn -0 0 -1
vn -0 0 -1
vn -0 0 1
vn -0 0 1
vn -0 0 1
vn -0 0 1
vn 2.98023224E-07 -1 0
vn 2.98023224E-07 -1 0
vn 2.98023224E-07 -1 0
vn 2.98023224E-07 -1 0
vn -0 -1 0
vn -0 -1 0
vn -0 -1 0
vn -0 -1 0
vn -2.98023224E-07 -1 0
vn -2.98023224E-07 -1 0
vn -2.98023224E-07 -1 0
vn -2.98023224E-07 -1 0
vn -0 -1 0
vn -0 -1 0
vn -0 -1 0
vn -0 -1 0
vn 1 0 0
vn 1 0 0
vn 1 0 0
vn 1 0 0
vn -0 0 1
vn -0 0 1
vn -0 0 1
vn -0 0 1
vn -1 0 0
vn -1 0 0
vn -1 0 0
vn -1 0 0
vn -0 0 -1
vn -0 0 -1
vn -0 0 -1
vn -0 0 -1
vn -0 -1 0
vn -0 -1 0
vn -0 -1 0
vn -0 -1 0
vn 1 0 0
vn 1 0 0
vn 1 0 0
vn 1 0 0
vn -1 0 0
vn -1 0 0
vn -1 0 0
vn -1 0 0
vn -0 0 -1
vn -0 0 -1
vn -0 0 -1
vn -0 0 -1
vn -0 0 1
vn -0 0 1
vn -0 0 1
vn -0 0 1
vn 2.98023224E-07 -1 0
vn 2.98023224E-07 -1 0
vn 2.98023224E-07 -1 0
vn 2.98023224E-07 -1 0
vn -0 -1 0
vn -0 -1 0
vn -0 -1 0
vn -0 -1 0
vn -2.98023224E-07 -1 0
vn -2.98023224E-07 -1 0
vn -2.98023224E-07 -1 0
vn -2.98023224E-07 -1 0
vn -0 -1 0
vn -0 -1 0
vn -0 -1 0
vn -0 -1 0
vn 1 0 0
vn 1 0 0
vn 1 0 0
vn 1 0 0
vn -0 0 1
vn -0 0 1
vn -0 0 1
vn -0 0 1
vn -1 0 0
vn -1 0 0
vn -1 0 0
vn -1 0 0
vn -0 0 -1
vn -0 0 -1
vn -0 0 -1
vn -0 0 -1
vn -0 -1 0
vn -0 -1 0
vn -0 -1 0
vn -0 -1 0
vn 0 -1 0
vn 0 -1 0
vn 0 -1 0
vn 0 -1 0
vn -0.992675781 -0.119506836 1.1920929E-07
vn -0.992675781 -0.119506836 1.1920929E-07
vn -0.992675781 -0.119506836 1.1920929E-07
vn -0.992675781 -0.119506836 1.1920929E-07
vn 0.992675781 -0.119506836 -1.1920929E-07
vn 0.992675781 -0.119506836 -1.1920929E-07
vn 0.992675781 -0.119506836 -1.1920929E-07
vn 0.992675781 -0.119506836 -1.1920929E-07
vn -1.1920929E-07 0 -1
vn -1.1920929E-07 0 -1
vn -1.1920929E-07 0 -1
vn -1.1920929E-07 0 -1
vn 1.1920929E-07 0 1
vn 1.1920929E-07 0 1
vn 1.1920929E-07 0 1
vn 1.1920929E-07 0 1
vn 0 -1 0
vn 0 -1 0
vn 0 -1 0
vn 0 -1 0
vn -0.992675781 -0.119506836 1.1920929E-07
vn -0.992675781 -0.119506836 1.1920929E-07
vn -0.992675781 -0.119506836 1.1920929E-07
vn -0.992675781 -0.119506836 1.1920929E-07
vn 0.992675781 -0.119506836 -1.1920929E-07
vn 0.992675781 -0.119506836 -1.1920929E-07
vn 0.992675781 -0.119506836 -1.1920929E-07
vn 0.992675781 -0.119506836 -1.1920929E-07
vn -1.1920929E-07 0 -1
vn -1.1920929E-07 0 -1
vn -1.1920929E-07 0 -1
vn -1.1920929E-07 0 -1
vn 1.1920929E-07 0 1
vn 1.1920929E-07 0 1
vn 1.1920929E-07 0 1
vn 1.1920929E-07 0 1
vn -0.717285156 0 -0.696777344
vn -0.717285156 0 0.696777344
vn -0.717285156 0 0.696777344
vn -0.717285156 0 -0.696777344
vn 0.717285156 0 -0.696777344
vn 0.717285156 0 -0.696777344
vn 0.717285156 0 0.696777344
vn 0.717285156 0 0.696777344
vn -0.717285156 0 0.696777344
vn -0.717285156 0 0.696777344
vn -0.291259766 -0.914550781 -0.280029297
vn -0.662597656 -0.377929688 0.646972656
vn -0.291259766 -0.914550781 0.280029297
vn -0.662597656 -0.377929688 -0.646972656
vn -0.717285156 0 0.696777344
vn 0.291259766 -0.914550781 -0.280029297
vn -0.717285156 0 -0.696777344
vn 0.662597656 -0.377929688 -0.646972656
vn 0.291259766 -0.914550781 0.280029297
vn 0.717285156 0 -0.696777344
vn 0.662597656 -0.377929688 0.646972656
vn -0.291259766 -0.914550781 0.280029297
vn 0.717285156 0 0.696777344
vn -0.662597656 -0.377929688 0.646972656
vn -0.717285156 0 0.696777344
vn -0.717285156 0 -0.696777344
vn -0.717285156 0 0.696777344
vn -0.717285156 0 0.696777344
vn -0.717285156 0 -0.696777344
vn 0.717285156 0 -0.696777344
vn 0.717285156 0 -0.696777344
vn 0.717285156 0 0.696777344
vn 0.717285156 0 0.696777344
vn -0.717285156 0 0.696777344
vn -0.717285156 0 0.696777344
vn -0.291259766 -0.914550781 -0.280029297
vn -0.662597656 -0.377929688 0.646972656
vn -0.291259766 -0.914550781 0.280029297
vn -0.662597656 -0.377929688 -0.646972656
vn -0.717285156 0 0.696777344
vn 0.291259766 -0.914550781 -0.280029297
vn -0.717285156 0 -0.696777344
vn 0.662597656 -0.377929688 -0.646972656
vn 0.291259766 -0.914550781 0.280029297
vn 0.717285156 0 -0.696777344
vn 0.662597656 -0.377929688 0.646972656
vn -0.291259766 -0.914550781 0.280029297
vn 0.717285156 0 0.696777344
vn -0.662597656 -0.377929688 0.646972656
vn -0.717285156 0 0.696777344
vn 1 0 -1.1920929E-07
vn 1 0 -1.1920929E-07
vn 1 0 -1.1920929E-07
vn 1 0 -1.1920929E-07
vn -1 0 1.1920929E-07
vn -1 0 1.1920929E-07
vn -1 0 1.1920929E-07
vn -1 0 1.1920929E-07
vn 0.504394531 -0.86328125 -5.96046448E-08
vn 0.191162109 -0.981445312 -0
vn 0.504394531 -0.86328125 -5.96046448E-08
vn 0.191162109 -0.981445312 -0
vn -0.191162109 -0.981445312 0
vn -0.191162109 -0.981445312 0
vn -0.504394531 -0.86328125 5.96046448E-08
vn -0.504394531 -0.86328125 5.96046448E-08
vn -1.1920929E-07 0 -1
vn -1.1920929E-07 0 -1
vn -1.1920929E-07 0 -1
vn -1.1920929E-07 0 -1
vn -1.1920929E-07 0 -1
vn -1.1920929E-07 0 -1
vn -1.1920929E-07 0 -1
vn -1.1920929E-07 0 -1
vn -0.191162109 0.981445312 0
vn -0.504394531 0.86328125 5.96046448E-08
vn -0.504394531 0.86328125 5.96046448E-08
vn -0.191162109 0.981445312 0
vn 0.191162109 0.981445312 -0
vn 0.191162109 0.981445312 -0
vn 0.504394531 0.86328125 -5.96046448E-08
vn 0.504394531 0.86328125 -5.96046448E-08
vn 1.1920929E-07 0 1
vn 1.1920929E-07 0 1
vn 1.1920929E-07 0 1
vn 1.1920929E-07 0 1
vn 1.1920929E-07 0 1
vn 1.1920929E-07 0 1
vn 1.1920929E-07 0 1
vn 1.1920929E-07 0 1
vn 0 -1 0
vn 0 -1 0
vn 0 -1 0
vn 0 -1 0
vn -0.992675781 -0.119506836 1.1920929E-07
vn -0.992675781 -0.119506836 1.1920929E-07
vn -0.992675781 -0.119506836 1.1920929E-07
vn -0.992675781 -0.119506836 1.1920929E-07
vn 0.992675781 -0.119506836 -1.1920929E-07
vn 0.992675781 -0.119506836 -1.1920929E-07
vn 0.992675781 -0.119506836 -1.1920929E-07
vn 0.992675781 -0.119506836 -1.1920929E-07
vn -1.1920929E-07 0 -1
vn -1.1920929E-07 0 -1
vn -1.1920929E-07 0 -1
vn -1.1920929E-07 0 -1
vn 1.1920929E-07 0 1
vn 1.1920929E-07 0 1
vn 1.1920929E-07 0 1
vn 1.1920929E-07 0 1
vn 0 -1 0
vn 0 -1 0
vn 0 -1 0
vn 0 -1 0
vn -0.992675781 -0.119506836 1.1920929E-07
vn -0.992675781 -0.119506836 1.1920929E-07
vn -0.992675781 -0.119506836 1.1920929E-07
vn -0.992675781 -0.119506836 1.1920929E-07
vn 0.992675781 -0.119506836 -1.1920929E-07
vn 0.992675781 -0.119506836 -1.1920929E-07
vn 0.992675781 -0.119506836 -1.1920929E-07
vn 0.992675781 -0.119506836 -1.1920929E-07
vn -1.1920929E-07 0 -1
vn -1.1920929E-07 0 -1
vn -1.1920929E-07 0 -1
vn -1.1920929E-07 0 -1
vn 1.1920929E-07 0 1
vn 1.1920929E-07 0 1
vn 1.1920929E-07 0 1
vn 1.1920929E-07 0 1
vn 1 0 0
vn 1 0 0
vn 1 0 0
vn 1 0 0
vn -1 0 0
vn -1 0 0
vn -1 0 0
vn -1 0 0
vn -0 -0.17199707 -0.984863281
vn -0 -0.17199707 -0.984863281
vn -0 -0.17199707 -0.984863281
vn -0 -0.17199707 -0.984863281
vn -0 0.17199707 0.984863281
vn -0 0.17199707 0.984863281
vn -0 0.17199707 0.984863281
vn -0 0.17199707 0.984863281
vn 2.98023224E-07 -0.984863281 0.17199707
vn 2.98023224E-07 -0.984863281 0.17199707
vn 2.98023224E-07 -0.984863281 0.17199707
vn 2.98023224E-07 -0.984863281 0.17199707
vn -0 -0.984863281 0.17199707
vn -0 -0.984863281 0.17199707
vn -0 -0.984863281 0.17199707
vn -0 -0.984863281 0.17199707
vn -2.98023224E-07 -0.984863281 0.17199707
vn -2.98023224E-07 -0.984863281 0.17199707
vn -2.98023224E-07 -0.984863281 0.17199707
vn -2.98023224E-07 -0.984863281 0.17199707
vn -0 -0.984863281 0.17199707
vn -0 -0.984863281 0.17199707
vn -0 -0.984863281 0.17199707
vn -0 -0.984863281 0.17199707
vn 1 0 0
vn 1 0 0
vn 1 0 0
vn 1 0 0
vn -0 0.17199707 0.984863281
vn -0 0.17199707 0.984863281
vn -0 0.17199707 0.984863281
vn -0 0.17199707 0.984863281
vn -1 0 0
vn -1 0 0
vn -1 0 0
vn -1 0 0
vn -0 -0.17199707 -0.984863281
vn -0 -0.17199707 -0.984863281
vn -0 -0.17199707 -0.984863281
vn -0 -0.17199707 -0.984863281
vn -0 -0.984863281 0.17199707
vn -0 -0.984863281 0.17199707
vn -0 -0.984863281 0.17199707
vn -0 -0.984863281 0.17199707
vn 1 0 0
vn 1 0 0
vn 1 0 0
vn 1 0 0
vn -1 0 0
vn -1 0 0
vn -1 0 0
vn -1 0 0
vn -0 0 -1
vn -0 0 -1
vn -0 0 -1
vn -0 0 -1
vn -0 0 1
vn -0 0 1
vn -0 0 1
vn -0 0 1
vn 2.98023224E-07 -1 0
vn 2.98023224E-07 -1 0
vn 2.98023224E-07 -1 0
vn 2.98023224E-07 -1 0
vn -0 -1 0
vn -0 -1 0
vn -0 -1 0
vn -0 -1 0
vn -2.98023224E-07 -1 0
vn -2.98023224E-07 -1 0
vn -2.98023224E-07 -1 0
vn -2.98023224E-07 -1 0
vn -0 -1 0
vn -0 -1 0
vn -0 -1 0
vn -0 -1 0
vn 1 0 0
vn 1 0 0
vn 1 0 0
vn 1 0 0
vn -0 0 1
vn -0 0 1
vn -0 0 1
vn -0 0 1
vn -1 0 0
vn -1 0 0
vn -1 0 0
vn -1 0 0
vn -0 0 -1
vn -0 0 -1
vn -0 0 -1
vn -0 0 -1
vn -0 -1 0
vn -0 -1 0
vn -0 -1 0
vn -0 -1 0
vn 1 0 0
vn 1 0 0
vn 1 0 0
vn 1 0 0
vn -1 0 0
vn -1 0 0
vn -1 0 0
vn -1 0 0
vn -0 0 -1
vn -0 0 -1
vn -0 0 -1
vn -0 0 -1
vn -0 0 1
vn -0 0 1
vn -0 0 1
vn -0 0 1
vn 2.98023224E-07 -1 0
vn 2.98023224E-07 -1 0
vn 2.98023224E-07 -1 0
vn 2.98023224E-07 -1 0
vn -0 -1 0
vn -0 -1 0
vn -0 -1 0
vn -0 -1 0
vn -2.98023224E-07 -1 0
vn -2.98023224E-07 -1 0
vn -2.98023224E-07 -1 0
vn -2.98023224E-07 -1 0
vn -0 -1 0
vn -0 -1 0
vn -0 -1 0
vn -0 -1 0
vn 1 0 0
vn 1 0 0
vn 1 0 0
vn 1 0 0
vn -0 0 1
vn -0 0 1
vn -0 0 1
vn -0 0 1
vn -1 0 0
vn -1 0 0
vn -1 0 0
vn -1 0 0
vn -0 0 -1
vn -0 0 -1
vn -0 0 -1
vn -0 0 -1
vn -0 -1 0
vn -0 -1 0
vn -0 -1 0
vn -0 -1 0
vn -0.5 0.866210938 -4.76837158E-07
vn -0.821777344 0 0.569824219
vn -1 -1.1920929E-07 -4.76837158E-07
vn -0.410888672 0.711914062 0.569824219
vn 0.5 0.866210938 -4.76837158E-07
vn -0.410888672 -0.711914062 0.569824219
vn -0.5 -0.866210938 -5.36441803E-07
vn 0.410888672 0.711914062 0.569824219
vn 1 -1.1920929E-07 -5.36441803E-07
vn 1.37090683E-06 0 1
vn 0.410888672 -0.711914062 0.569824219
vn 0.5 -0.866210938 -5.36441803E-07
vn 0.821777344 0 0.569824219
vn -0.410888672 0.711914062 -0.569824219
vn -0.5 0.866210938 -4.76837158E-07
vn -1 -1.1920929E-07 -4.76837158E-07
vn 0.410888672 0.711914062 -0.569824219
vn 0.5 0.866210938 -4.76837158E-07
vn -0.821777344 0 -0.569824219
vn -0.5 -0.866210938 -5.36441803E-07
vn 0.821777344 0 -0.569824219
vn 1 -1.1920929E-07 -5.36441803E-07
vn 1.37090683E-06 0 -1
vn -0.410888672 -0.711914062 -0.569824219
vn 0.5 -0.866210938 -5.36441803E-07
vn 0.410888672 -0.711914062 -0.569824219
vn 0 -1 0
vn 0 -1 0
vn 0 -1 0
vn 0 -1 0
vn -0.992675781 -0.119506836 1.1920929E-07
vn -0.992675781 -0.119506836 1.1920929E-07
vn -0.992675781 -0.119506836 1.1920929E-07
vn -0.992675781 -0.119506836 1.1920929E-07
vn 0.992675781 -0.119506836 -1.1920929E-07
vn 0.992675781 -0.119506836 -1.1920929E-07
vn 0.992675781 -0.119506836 -1.1920929E-07
vn 0.992675781 -0.119506836 -1.1920929E-07
vn -1.1920929E-07 0 -1
vn -1.1920929E-07 0 -1
vn -1.1920929E-07 0 -1
vn -1.1920929E-07 0 -1
vn 1.1920929E-07 0 1
vn 1.1920929E-07 0 1
vn 1.1920929E-07 0 1
vn 1.1920929E-07 0 1
vn 0 -1 0
vn 0 -1 0
vn 0 -1 0
vn 0 -1 0
vn -0.992675781 -0.119506836 1.1920929E-07
vn -0.992675781 -0.119506836 1.1920929E-07
vn -0.992675781 -0.119506836 1.1920929E-07
vn -0.992675781 -0.119506836 1.1920929E-07
vn 0.992675781 -0.119506836 -1.1920929E-07
vn 0.992675781 -0.119506836 -1.1920929E-07
vn 0.992675781 -0.119506836 -1.1920929E-07
vn 0.992675781 -0.119506836 -1.1920929E-07
vn -1.1920929E-07 0 -1
vn -1.1920929E-07 0 -1
vn -1.1920929E-07 0 -1
vn -1.1920929E-07 0 -1
vn 1.1920929E-07 0 1
vn 1.1920929E-07 0 1
vn 1.1920929E-07 0 1
vn 1.1920929E-07 0 1
vn -0.717285156 0 -0.696777344
vn -0.717285156 0 0.696777344
vn -0.717285156 0 0.696777344
vn -0.717285156 0 -0.696777344
vn 0.717285156 0 -0.696777344
vn 0.717285156 0 -0.696777344
vn 0.717285156 0 0.696777344
vn 0.717285156 0 0.696777344
vn -0.717285156 0 0.696777344
vn -0.717285156 0 0.696777344
vn -0.291259766 -0.914550781 -0.280029297
vn -0.662597656 -0.377929688 0.646972656
vn -0.291259766 -0.914550781 0.280029297
vn -0.662597656 -0.377929688 -0.646972656
vn -0.717285156 0 0.696777344
vn 0.291259766 -0.914550781 -0.280029297
vn -0.717285156 0 -0.696777344
vn 0.662597656 -0.377929688 -0.646972656
vn 0.291259766 -0.914550781 0.280029297
vn 0.717285156 0 -0.696777344
vn 0.662597656 -0.377929688 0.646972656
vn -0.291259766 -0.914550781 0.280029297
vn 0.717285156 0 0.696777344
vn -0.662597656 -0.377929688 0.646972656
vn -0.717285156 0 0.696777344
vn -0.717285156 0 -0.696777344
vn -0.717285156 0 0.696777344
vn -0.717285156 0 0.696777344
vn -0.717285156 0 -0.696777344
vn 0.717285156 0 -0.696777344
vn 0.717285156 0 -0.696777344
vn 0.717285156 0 0.696777344
vn 0.717285156 0 0.696777344
vn -0.717285156 0 0.696777344
vn -0.717285156 0 0.696777344
vn -0.291259766 -0.914550781 -0.280029297
vn -0.662597656 -0.377929688 0.646972656
vn -0.291259766 -0.914550781 0.280029297
vn -0.662597656 -0.377929688 -0.646972656
vn -0.717285156 0 0.696777344
vn 0.291259766 -0.914550781 -0.280029297
vn -0.717285156 0 -0.696777344
vn 0.662597656 -0.377929688 -0.646972656
vn 0.291259766 -0.914550781 0.280029297
vn 0.717285156 0 -0.696777344
vn 0.662597656 -0.377929688 0.646972656
vn -0.291259766 -0.914550781 0.280029297
vn 0.717285156 0 0.696777344
vn -0.662597656 -0.377929688 0.646972656
vn -0.717285156 0 0.696777344
vn 1 0 -1.1920929E-07
vn 1 0 -1.1920929E-07
vn 1 0 -1.1920929E-07
vn 1 0 -1.1920929E-07
vn -1 0 1.1920929E-07
vn -1 0 1.1920929E-07
vn -1 0 1.1920929E-07
vn -1 0 1.1920929E-07
vn 0.504394531 -0.86328125 -5.96046448E-08
vn 0.191162109 -0.981445312 -0
vn 0.504394531 -0.86328125 -5.96046448E-08
vn 0.191162109 -0.981445312 -0
vn -0.191162109 -0.981445312 0
vn -0.191162109 -0.981445312 0
vn -0.504394531 -0.86328125 5.96046448E-08
vn -0.504394531 -0.86328125 5.96046448E-08
vn -1.1920929E-07 0 -1
vn -1.1920929E-07 0 -1
vn -1.1920929E-07 0 -1
vn -1.1920929E-07 0 -1
vn -1.1920929E-07 0 -1
vn -1.1920929E-07 0 -1
vn -1.1920929E-07 0 -1
vn -1.1920929E-07 0 -1
vn -0.191162109 0.981445312 0
vn -0.504394531 0.86328125 5.96046448E-08
vn -0.504394531 0.86328125 5.96046448E-08
vn -0.191162109 0.981445312 0
vn 0.191162109 0.981445312 -0
vn 0.191162109 0.981445312 -0
vn 0.504394531 0.86328125 -5.96046448E-08
vn 0.504394531 0.86328125 -5.96046448E-08
vn 1.1920929E-07 0 1
vn 1.1920929E-07 0 1
vn 1.1920929E-07 0 1
vn 1.1920929E-07 0 1
vn 1.1920929E-07 0 1
vn 1.1920929E-07 0 1
vn 1.1920929E-07 0 1
vn 1.1920929E-07 0 1
vn 0 -1 0
vn 0 -1 0
vn 0 -1 0
vn 0 -1 0
vn -0.992675781 -0.119506836 1.1920929E-07
vn -0.992675781 -0.119506836 1.1920929E-07
vn -0.992675781 -0.119506836 1.1920929E-07
vn -0.992675781 -0.119506836 1.1920929E-07
vn 0.992675781 -0.119506836 -1.1920929E-07
vn 0.992675781 -0.119506836 -1.1920929E-07
vn 0.992675781 -0.119506836 -1.1920929E-07
vn 0.992675781 -0.119506836 -1.1920929E-07
vn -1.1920929E-07 0 -1
vn -1.1920929E-07 0 -1
vn -1.1920929E-07 0 -1
vn -1.1920929E-07 0 -1
vn 1.1920929E-07 0 1
vn 1.1920929E-07 0 1
vn 1.1920929E-07 0 1
vn 1.1920929E-07 0 1
vn 0 -1 0
vn 0 -1 0
vn 0 -1 0
vn 0 -1 0
vn -0.992675781 -0.119506836 1.1920929E-07
vn -0.992675781 -0.119506836 1.1920929E-07
vn -0.992675781 -0.119506836 1.1920929E-07
vn -0.992675781 -0.119506836 1.1920929E-07
vn 0.992675781 -0.119506836 -1.1920929E-07
vn 0.992675781 -0.119506836 -1.1920929E-07
vn 0.992675781 -0.119506836 -1.1920929E-07
vn 0.992675781 -0.119506836 -1.1920929E-07
vn -1.1920929E-07 0 -1
vn -1.1920929E-07 0 -1
vn -1.1920929E-07 0 -1
vn -1.1920929E-07 0 -1
vn 1.1920929E-07 0 1
vn 1.1920929E-07 0 1
vn 1.1920929E-07 0 1
vn 1.1920929E-07 0 1
vn 0.5 0.866210938 4.76837158E-07
vn 0.821777344 0 -0.569824219
vn 1 -1.1920929E-07 4.76837158E-07
vn 0.410888672 0.711914062 -0.569824219
vn -0.5 0.866210938 4.76837158E-07
vn 0.410888672 -0.711914062 -0.569824219
vn 0.5 -0.866210938 5.36441803E-07
vn -0.410888672 0.711914062 -0.569824219
vn -1 -1.1920929E-07 5.36441803E-07
vn -1.37090683E-06 0 -1
vn -0.410888672 -0.711914062 -0.569824219
vn -0.5 -0.866210938 5.36441803E-07
vn -0.821777344 0 -0.569824219
vn 0.410888672 0.711914062 0.569824219
vn 0.5 0.866210938 4.76837158E-07
vn 1 -1.1920929E-07 4.76837158E-07
vn -0.410888672 0.711914062 0.569824219
vn -0.5 0.866210938 4.76837158E-07
vn 0.821777344 0 0.569824219
vn 0.5 -0.866210938 5.36441803E-07
vn -0.821777344 0 0.569824219
vn -1 -1.1920929E-07 5.36441803E-07
vn -1.37090683E-06 0 1
vn 0.410888672 -0.711914062 0.569824219
vn -0.5 -0.866210938 5.36441803E-07
vn -0.410888672 -0.711914062 0.569824219
vn 1 0 0
vn 1 0 0
vn 1 0 0
vn 1 0 0
vn -1 0 0
vn -1 0 0
vn -1 0 0
vn -1 0 0
vn -0 -0.17199707 -0.984863281
vn -0 -0.17199707 -0.984863281
vn -0 -0.17199707 -0.984863281
vn -0 -0.17199707 -0.984863281
vn -0 0.17199707 0.984863281
vn -0 0.17199707 0.984863281
vn -0 0.17199707 0.984863281
vn -0 0.17199707 0.984863281
vn 2.98023224E-07 -0.984863281 0.17199707
vn 2.98023224E-07 -0.984863281 0.17199707
vn 2.98023224E-07 -0.984863281 0.17199707
vn 2.98023224E-07 -0.984863281 0.17199707
vn -0 -0.984863281 0.17199707
vn -0 -0.984863281 0.17199707
vn -0 -0.984863281 0.17199707
vn -0 -0.984863281 0.17199707
vn -2.98023224E-07 -0.984863281 0.17199707
vn -2.98023224E-07 -0.984863281 0.17199707
vn -2.98023224E-07 -0.984863281 0.17199707
vn -2.98023224E-07 -0.984863281 0.17199707
vn -0 -0.984863281 0.17199707
vn -0 -0.984863281 0.17199707
vn -0 -0.984863281 0.17199707
vn -0 -0.984863281 0.17199707
vn 1 0 0
vn 1 0 0
vn 1 0 0
vn 1 0 0
vn -0 0.17199707 0.984863281
vn -0 0.17199707 0.984863281
vn -0 0.17199707 0.984863281
vn -0 0.17199707 0.984863281
vn -1 0 0
vn -1 0 0
vn -1 0 0
vn -1 0 0
vn -0 -0.17199707 -0.984863281
vn -0 -0.17199707 -0.984863281
vn -0 -0.17199707 -0.984863281
vn -0 -0.17199707 -0.984863281
vn -0 -0.984863281 0.17199707
vn -0 -0.984863281 0.17199707
vn -0 -0.984863281 0.17199707
vn -0 -0.984863281 0.17199707
vn -0.5 0.866210938 -4.76837158E-07
vn -0.821777344 0 0.569824219
vn -1 -1.1920929E-07 -4.76837158E-07
vn -0.410888672 0.711914062 0.569824219
vn 0.5 0.866210938 -4.76837158E-07
vn -0.410888672 -0.711914062 0.569824219
vn -0.5 -0.866210938 -5.36441803E-07
vn 0.410888672 0.711914062 0.569824219
vn 1 -1.1920929E-07 -5.36441803E-07
vn 1.37090683E-06 0 1
vn 0.410888672 -0.711914062 0.569824219
vn 0.5 -0.866210938 -5.36441803E-07
vn 0.821777344 0 0.569824219
vn -0.410888672 0.711914062 -0.569824219
vn -0.5 0.866210938 -4.76837158E-07
vn -1 -1.1920929E-07 -4.76837158E-07
vn 0.410888672 0.711914062 -0.569824219
vn 0.5 0.866210938 -4.76837158E-07
vn -0.821777344 0 -0.569824219
vn -0.5 -0.866210938 -5.36441803E-07
vn 0.821777344 0 -0.569824219
vn 1 -1.1920929E-07 -5.36441803E-07
vn 1.37090683E-06 0 -1
vn -0.410888672 -0.711914062 -0.569824219
vn 0.5 -0.866210938 -5.36441803E-07
vn 0.410888672 -0.711914062 -0.569824219
vn 1 0 0
vn 1 0 0
vn 1 0 0
vn 1 0 0
vn -1 0 0
vn -1 0 0
vn -1 0 0
vn -1 0 0
vn -0 -0.17199707 -0.984863281
vn -0 -0.17199707 -0.984863281
vn -0 -0.17199707 -0.984863281
vn -0 -0.17199707 -0.984863281
vn -0 0.17199707 0.984863281
vn -0 0.17199707 0.984863281
vn -0 0.17199707 0.984863281
vn -0 0.17199707 0.984863281
vn 2.98023224E-07 -0.984863281 0.17199707
vn 2.98023224E-07 -0.984863281 0.17199707
vn 2.98023224E-07 -0.984863281 0.17199707
vn 2.98023224E-07 -0.984863281 0.17199707
vn -0 -0.984863281 0.17199707
vn -0 -0.984863281 0.17199707
vn -0 -0.984863281 0.17199707
vn -0 -0.984863281 0.17199707
vn -2.98023224E-07 -0.984863281 0.17199707
vn -2.98023224E-07 -0.984863281 0.17199707
vn -2.98023224E-07 -0.984863281 0.17199707
vn -2.98023224E-07 -0.984863281 0.17199707
vn -0 -0.984863281 0.17199707
vn -0 -0.984863281 0.17199707
vn -0 -0.984863281 0.17199707
vn -0 -0.984863281 0.17199707
vn 1 0 0
vn 1 0 0
vn 1 0 0
vn 1 0 0
vn -0 0.17199707 0.984863281
vn -0 0.17199707 0.984863281
vn -0 0.17199707 0.984863281
vn -0 0.17199707 0.984863281
vn -1 0 0
vn -1 0 0
vn -1 0 0
vn -1 0 0
vn -0 -0.17199707 -0.984863281
vn -0 -0.17199707 -0.984863281
vn -0 -0.17199707 -0.984863281
vn -0 -0.17199707 -0.984863281
vn -0 -0.984863281 0.17199707
vn -0 -0.984863281 0.17199707
vn -0 -0.984863281 0.17199707
vn -0 -0.984863281 0.17199707
vn 1 0 0
vn 1 0 0
vn 1 0 0
vn 1 0 0
vn -1 0 0
vn -1 0 0
vn -1 0 0
vn -1 0 0
vn -0 -0.17199707 -0.984863281
vn -0 -0.17199707 -0.984863281
vn -0 -0.17199707 -0.984863281
vn -0 -0.17199707 -0.984863281
vn -0 0.17199707 0.984863281
vn -0 0.17199707 0.984863281
vn -0 0.17199707 0.984863281
vn -0 0.17199707 0.984863281
vn 2.98023224E-07 -0.984863281 0.17199707
vn 2.98023224E-07 -0.984863281 0.17199707
vn 2.98023224E-07 -0.984863281 0.17199707
vn 2.98023224E-07 -0.984863281 0.17199707
vn -0 -0.984863281 0.17199707
vn -0 -0.984863281 0.17199707
vn -0 -0.984863281 0.17199707
vn -0 -0.984863281 0.17199707
vn -2.98023224E-07 -0.984863281 0.17199707
vn -2.98023224E-07 -0.984863281 0.17199707
vn -2.98023224E-07 -0.984863281 0.17199707
vn -2.98023224E-07 -0.984863281 0.17199707
vn -0 -0.984863281 0.17199707
vn -0 -0.984863281 0.17199707
vn -0 -0.984863281 0.17199707
vn -0 -0.984863281 0.17199707
vn 1 0 0
vn 1 0 0
vn 1 0 0
vn 1 0 0
vn -0 0.17199707 0.984863281
vn -0 0.17199707 0.984863281
vn -0 0.17199707 0.984863281
vn -0 0.17199707 0.984863281
vn -1 0 0
vn -1 0 0
vn -1 0 0
vn -1 0 0
vn -0 -0.17199707 -0.984863281
vn -0 -0.17199707 -0.984863281
vn -0 -0.17199707 -0.984863281
vn -0 -0.17199707 -0.984863281
vn -0 -0.984863281 0.17199707
vn -0 -0.984863281 0.17199707
vn -0 -0.984863281 0.17199707
vn -0 -0.984863281 0.17199707
vn 0.328125 -0.276855469 0.903320312
vn -0.504882812 1.78813934E-07 0.86328125
vn 0.369384766 -5.96046448E-08 0.929199219
vn -0.506835938 -0.012336731 0.861816406
vn -0.704589844 5.36441803E-07 0.709960938
vn 0.209350586 -0.520507812 0.827636719
vn -0.693359375 0.0733642578 0.716796875
vn -0.512207031 -0.0231933594 0.858398438
vn 0.0274963379 -0.701171875 0.712402344
vn -0.662109375 0.137817383 0.736816406
vn -0.520019531 -0.03125 0.853515625
vn -0.195678711 -0.797363281 0.570800781
vn -0.613769531 0.185668945 0.767089844
vn -0.530273438 -0.0355224609 0.847167969
vn -0.433105469 -0.797363281 0.420166016
vn -0.5546875 0.211181641 0.8046875
vn -0.540527344 -0.0355224609 0.840332031
vn -0.65625 -0.701171875 0.278564453
vn -0.491943359 0.211181641 0.844726562
vn -0.55078125 -0.03125 0.833984375
vn -0.838378906 -0.520507812 0.163208008
vn -0.432861328 0.185668945 0.882324219
vn -0.55859375 -0.0231933594 0.829101562
vn -0.95703125 -0.276855469 0.0878295898
vn -0.384521484 0.137817383 0.912597656
vn -0.563964844 -0.012336731 0.825683594
vn -0.998046875 5.96046448E-08 0.0616760254
vn -0.353027344 0.0733642578 0.932617188
vn -0.565917969 0 0.824707031
vn -0.95703125 0.276855469 0.0878295898
vn -0.342285156 -0 0.939453125
vn -0.563964844 0.012336731 0.825683594
vn -0.837890625 0.520507812 0.163208008
vn -0.353027344 -0.0733642578 0.932617188
vn -0.55859375 0.0231933594 0.829101562
vn -0.65625 0.701171875 0.278564453
vn -0.384521484 -0.137817383 0.912597656
vn -0.55078125 0.03125 0.833984375
vn -0.433105469 0.797363281 0.420166016
vn -0.463867188 -0.134033203 0.875488281
vn -0.540527344 0.0355224609 0.840332031
vn -0.195678711 0.797363281 0.570800781
vn -0.491943359 -0.211181641 0.844726562
vn -0.530273438 0.0355224609 0.847167969
vn 0.0274963379 0.701171875 0.712402344
vn -0.5546875 -0.211181641 0.8046875
vn -0.520019531 0.03125 0.853515625
vn 0.209350586 0.520507812 0.827636719
vn -0.613769531 -0.185668945 0.767089844
vn -0.512207031 0.0231933594 0.858398438
vn 0.328125 0.276855469 0.903320312
vn -0.662109375 -0.137817383 0.736816406
vn -0.506835938 0.012336731 0.861816406
vn 0.369384766 -5.96046448E-08 0.929199219
vn -0.693359375 -0.0733642578 0.716796875
vn -0.504882812 1.78813934E-07 0.86328125
vn -0.704589844 5.36441803E-07 0.709960938
vn 0.5078125 -6.55651093E-07 -0.861328125
vn 0.95703125 -0.276855469 -0.0878295898
vn 0.998046875 -3.57627869E-07 -0.0616760254
vn 0.509765625 0.0111465454 -0.860351562
vn 0.837890625 -0.520507812 -0.163208008
vn 0.212524414 0.123718262 -0.969238281
vn 0.194091797 -1.01327896E-06 -0.980957031
vn 0.265625 0.232421875 -0.935546875
vn 0.514160156 0.0209503174 -0.857421875
vn 0.65625 -0.701171875 -0.278564453
vn 0.346679688 0.313232422 -0.884277344
vn 0.521484375 0.0282287598 -0.852539062
vn 0.433105469 -0.797363281 -0.420166016
vn 0.446533203 0.356201172 -0.820800781
vn 0.530761719 0.0321044922 -0.847167969
vn 0.195678711 -0.797363281 -0.570800781
vn 0.552734375 0.356201172 -0.753417969
vn 0.540039062 0.0321044922 -0.840820312
vn -0.0274963379 -0.701171875 -0.712402344
vn 0.65234375 0.313232422 -0.690429688
vn 0.549316406 0.0282287598 -0.834960938
vn -0.209350586 -0.520507812 -0.827636719
vn 0.733398438 0.232421875 -0.638671875
vn 0.556640625 0.0209503174 -0.830566406
vn -0.328125 -0.276855469 -0.903320312
vn 0.786621094 0.123718262 -0.604980469
vn 0.561523438 0.0111465454 -0.827636719
vn -0.369384766 1.78813934E-07 -0.929199219
vn 0.8046875 -0 -0.593261719
vn 0.562988281 -0 -0.826660156
vn -0.328125 0.276855469 -0.903320312
vn 0.786621094 -0.123718262 -0.604980469
vn 0.561523438 -0.0111465454 -0.827636719
vn -0.209350586 0.520507812 -0.827636719
vn 0.733398438 -0.232421875 -0.638671875
vn 0.556640625 -0.0209503174 -0.830566406
vn -0.0274963379 0.701171875 -0.712402344
vn 0.65234375 -0.313232422 -0.690429688
vn 0.549316406 -0.0282287598 -0.834960938
vn 0.195678711 0.797363281 -0.570800781
vn 0.552734375 -0.356201172 -0.753417969
vn 0.540039062 -0.0321044922 -0.840820312
vn 0.433105469 0.797363281 -0.420166016
vn 0.446533203 -0.356201172 -0.820800781
vn 0.530761719 -0.0321044922 -0.847167969
vn 0.65625 0.701171875 -0.278564453
vn 0.346679688 -0.313232422 -0.884277344
vn 0.521484375 -0.0282287598 -0.852539062
vn 0.837890625 0.520507812 -0.163208008
vn 0.265625 -0.232421875 -0.935546875
vn 0.514160156 -0.0209503174 -0.857421875
vn 0.95703125 0.276855469 -0.0878295898
vn 0.212524414 -0.123718262 -0.969238281
vn 0.509765625 -0.0111465454 -0.860351562
vn 0.998046875 -3.57627869E-07 -0.0616760254
vn 0.194091797 -1.01327896E-06 -0.980957031
vn 0.5078125 -6.55651093E-07 -0.861328125
vn 0.95703125 -0.276855469 -0.0878295898
vn 0.369384766 -5.96046448E-08 0.929199219
vn 0.998046875 -3.57627869E-07 -0.0616760254
vn 0.328125 -0.276855469 0.903320312
vn 0.837890625 -0.520507812 -0.163208008
vn 0.209350586 -0.520507812 0.827636719
vn 0.65625 -0.701171875 -0.278564453
vn 0.0274963379 -0.701171875 0.712402344
vn 0.433105469 -0.797363281 -0.420166016
vn -0.195678711 -0.797363281 0.570800781
vn 0.195678711 -0.797363281 -0.570800781
vn -0.433105469 -0.797363281 0.420166016
vn -0.0274963379 -0.701171875 -0.712402344
vn -0.65625 -0.701171875 0.278564453
vn -0.209350586 -0.520507812 -0.827636719
vn -0.838378906 -0.520507812 0.163208008
vn -0.328125 -0.276855469 -0.903320312
vn -0.95703125 -0.276855469 0.0878295898
vn -0.369384766 1.78813934E-07 -0.929199219
vn -0.998046875 5.96046448E-08 0.0616760254
vn -0.328125 0.276855469 -0.903320312
vn -0.95703125 0.276855469 0.0878295898
vn -0.209350586 0.520507812 -0.827636719
vn -0.837890625 0.520507812 0.163208008
vn -0.0274963379 0.701171875 -0.712402344
vn -0.65625 0.701171875 0.278564453
vn 0.195678711 0.797363281 -0.570800781
vn -0.433105469 0.797363281 0.420166016
vn 0.433105469 0.797363281 -0.420166016
vn -0.195678711 0.797363281 0.570800781
vn 0.65625 0.701171875 -0.278564453
vn 0.0274963379 0.701171875 0.712402344
vn 0.837890625 0.520507812 -0.163208008
vn 0.209350586 0.520507812 0.827636719
vn 0.95703125 0.276855469 -0.0878295898
vn 0.328125 0.276855469 0.903320312
vn 0.998046875 -3.57627869E-07 -0.0616760254
vn 0.369384766 -5.96046448E-08 0.929199219
vn -0.421630859 -0.602539062 -0.677734375
vn -0.0881958008 -0.217163086 -0.972167969
vn -0.565917969 -0.321533203 -0.759277344
vn -0.604492188 -3.57627869E-07 -0.796875
vn 0.145996094 -0.551269531 -0.821289062
vn -0.220581055 -0.815917969 -0.534179688
vn 0.535644531 -0.00143051147 -0.844726562
vn -0.0877685547 0.217285156 -0.972167969
vn -0.565917969 0.321533203 -0.759277344
vn 0.0432739258 -0.92578125 -0.375
vn -0.421630859 0.602539062 -0.677734375
vn 0.507324219 -0.62890625 -0.588867188
vn 0.311767578 -0.931640625 -0.187255859
vn 0.575683594 -0.817382812 -0.0284118652
vn 0.146728516 0.55078125 -0.821777344
vn -0.220581055 0.815917969 -0.534179688
vn 0.0432739258 0.92578125 -0.375
vn 0.826660156 -0.411621094 -0.383789062
vn 0.783203125 -0.609863281 0.119934082
vn 0.924804688 -0.323486328 0.19921875
vn 0.507324219 0.628417969 -0.58984375
vn 0.311767578 0.931640625 -0.187255859
vn 0.575683594 0.817382812 -0.0284118652
vn 0.953125 0.000108659267 -0.302734375
vn 0.970214844 -5.96046448E-08 0.241821289
vn 0.924804688 0.323486328 0.19921875
vn 0.826660156 0.411376953 -0.384521484
vn 0.783203125 0.609863281 0.119934082
vn -0.597167969 -0.0272827148 0.801757812
vn -0.535644531 0 0.844238281
vn -0.585449219 -0.0512695312 0.809082031
vn -0.6015625 5.96046448E-07 0.798828125
vn -0.567871094 -0.0690917969 0.8203125
vn -0.597167969 0.0272827148 0.801757812
vn -0.545898438 -0.0785522461 0.834472656
vn -0.585449219 0.0512695312 0.809082031
vn -0.522460938 -0.0785522461 0.849121094
vn -0.567871094 0.0690917969 0.8203125
vn -0.463867188 -0.134033203 0.875488281
vn -0.545898438 0.0785522461 0.834472656
vn -0.482421875 -0.0512695312 0.874511719
vn -0.522460938 0.0785522461 0.849121094
vn -0.470703125 -0.0272827148 0.881835938
vn -0.500488281 0.0690917969 0.86328125
vn -0.466796875 -0 0.884277344
vn -0.482421875 0.0512695312 0.874511719
vn -0.470703125 0.0272827148 0.881835938
vn 0.5 0.866210938 4.76837158E-07
vn 0.821777344 0 -0.569824219
vn 1 -1.1920929E-07 4.76837158E-07
vn 0.410888672 0.711914062 -0.569824219
vn -0.5 0.866210938 4.76837158E-07
vn 0.410888672 -0.711914062 -0.569824219
vn 0.5 -0.866210938 5.36441803E-07
vn -0.410888672 0.711914062 -0.569824219
vn -1 -1.1920929E-07 5.36441803E-07
vn -1.37090683E-06 0 -1
vn -0.410888672 -0.711914062 -0.569824219
vn -0.5 -0.866210938 5.36441803E-07
vn -0.821777344 0 -0.569824219
vn 0.410888672 0.711914062 0.569824219
vn 0.5 0.866210938 4.76837158E-07
vn 1 -1.1920929E-07 4.76837158E-07
vn -0.410888672 0.711914062 0.569824219
vn -0.5 0.866210938 4.76837158E-07
vn 0.821777344 0 0.569824219
vn 0.5 -0.866210938 5.36441803E-07
vn -0.821777344 0 0.569824219
vn -1 -1.1920929E-07 5.36441803E-07
vn -1.37090683E-06 0 1
vn 0.410888672 -0.711914062 0.569824219
vn -0.5 -0.866210938 5.36441803E-07
vn -0.410888672 -0.711914062 0.569824219
vn 0.515625 0.326416016 -0.792480469
vn 0.515625 0.326416016 -0.792480469
vn 0.515625 0.326416016 -0.792480469
vn 0.408935547 0.305419922 -0.859863281
vn 0.408935547 0.305419922 -0.859863281
vn 0.408935547 0.305419922 -0.859863281
vn 0.317626953 0.23815918 -0.91796875
vn 0.317626953 0.23815918 -0.91796875
vn 0.317626953 0.23815918 -0.91796875
vn 0.255126953 0.134765625 -0.957519531
vn 0.255126953 0.134765625 -0.957519531
vn 0.255126953 0.134765625 -0.957519531
vn 0.23046875 0.0107650757 -0.973144531
vn 0.23046875 0.0107650757 -0.973144531
vn 0.23046875 0.0107650757 -0.973144531
vn 0.247802734 -0.114929199 -0.961914062
vn 0.247802734 -0.114929199 -0.961914062
vn 0.247802734 -0.114929199 -0.961914062
vn 0.304443359 -0.223266602 -0.92578125
vn 0.304443359 -0.223266602 -0.92578125
vn 0.304443359 -0.223266602 -0.92578125
vn 0.391601562 -0.297851562 -0.870605469
vn 0.391601562 -0.297851562 -0.870605469
vn 0.391601562 -0.297851562 -0.870605469
vn 0.602539062 -0.306640625 -0.736816406
vn 0.602539062 -0.306640625 -0.736816406
vn 0.602539062 -0.306640625 -0.736816406
vn 0.496582031 -0.327148438 -0.804199219
vn 0.496582031 -0.327148438 -0.804199219
vn 0.496582031 -0.327148438 -0.804199219
vn 0.694335938 -0.239501953 -0.678710938
vn 0.694335938 -0.239501953 -0.678710938
vn 0.694335938 -0.239501953 -0.678710938
vn 0.757324219 -0.136230469 -0.638671875
vn 0.757324219 -0.136230469 -0.638671875
vn 0.757324219 -0.136230469 -0.638671875
vn 0.782226562 -0.012298584 -0.623046875
vn 0.782226562 -0.012298584 -0.623046875
vn 0.782226562 -0.012298584 -0.623046875
vn 0.765136719 0.113342285 -0.633789062
vn 0.765136719 0.113342285 -0.633789062
vn 0.765136719 0.113342285 -0.633789062
vn 0.708496094 0.221679688 -0.669921875
vn 0.708496094 0.221679688 -0.669921875
vn 0.708496094 0.221679688 -0.669921875
vn 0.62109375 0.296875 -0.725097656
vn 0.62109375 0.296875 -0.725097656
vn 0.62109375 0.296875 -0.725097656
vn -0.103515625 -0.892578125 0.438964844
vn 0.138061523 -0.986328125 0.0876464844
vn -0.193603516 -0.973144531 -0.12286377
vn -0.403564453 -0.880371094 0.248291016
vn -0.495361328 -0.809570312 -0.314208984
vn -0.566894531 -0.414550781 0.711914062
vn -0.425537109 -0.419921875 0.801757812
vn -0.535644531 0.000244855881 0.844238281
vn -0.676757812 -0.732421875 0.0751953125
vn -0.719726562 -0.522949219 -0.456542969
vn -0.6953125 -0.345214844 0.630371094
vn -0.790527344 -0.223144531 0.5703125
vn -0.839355469 -0.0677490234 0.5390625
vn -0.879394531 -0.472900391 -0.0532531738
vn -0.833984375 -0.157714844 -0.528808594
vn -0.982910156 -0.142333984 -0.118591309
vn 0.524902344 0.146606445 0.838378906
vn 0.833007812 0.162353516 0.528808594
vn 0.822265625 -0.227050781 0.521972656
vn 0.515136719 -0.205566406 0.83203125
vn 0.686523438 -0.58203125 0.435791016
vn -0.135131836 -0.0960083008 0.986328125
vn -0.130737305 0.0695800781 0.988769531
vn -0.535644531 0.000244855881 0.844238281
vn 0.392578125 -0.526855469 0.75390625
vn 0.446777344 -0.848632812 0.283447266
vn -0.192504883 -0.247070312 0.949707031
vn -0.294433594 -0.360595703 0.885253906
vn -0.425537109 -0.419921875 0.801757812
vn 0.17565918 -0.767578125 0.616210938
vn 0.138061523 -0.986328125 0.0876464844
vn -0.103515625 -0.892578125 0.438964844
vn -0.350585938 0.892578125 0.282958984
vn -0.135131836 0.987304688 -0.0857543945
vn 0.193603516 0.973144531 0.12286377
vn -0.0532531738 0.880371094 0.471679688
vn 0.492919922 0.812011719 0.312744141
vn -0.403076172 0.413818359 0.81640625
vn -0.54296875 0.419433594 0.727539062
vn -0.535644531 0.000244855881 0.844238281
vn 0.217407227 0.733886719 0.643554688
vn 0.717773438 0.52734375 0.455322266
vn -0.275878906 0.345458984 0.896972656
vn -0.180175781 0.224487305 0.957519531
vn -0.130737305 0.0695800781 0.988769531
vn 0.420410156 0.4765625 0.771972656
vn 0.833007812 0.162353516 0.528808594
vn 0.524902344 0.146606445 0.838378906
vn -0.982910156 -0.142333984 -0.118591309
vn -0.833984375 -0.157714844 -0.528808594
vn -0.821289062 0.231567383 -0.520996094
vn -0.971191406 0.209838867 -0.11126709
vn -0.684570312 0.5859375 -0.434326172
vn -0.834472656 0.0978393555 0.542480469
vn -0.839355469 -0.0677490234 0.5390625
vn -0.535644531 0.000244855881 0.844238281
vn -0.847167969 0.530273438 -0.0324401855
vn -0.443359375 0.851074219 -0.28125
vn -0.776367188 0.248535156 0.579589844
vn -0.673828125 0.361328125 0.64453125
vn -0.54296875 0.419433594 0.727539062
vn -0.629394531 0.770019531 0.105957031
vn -0.135131836 0.987304688 -0.0857543945
vn -0.350585938 0.892578125 0.282958984
vn 1 0 0
vn 1 0 0
vn 1 0 0
vn 1 0 0
vn -1 0 0
vn -1 0 0
vn -1 0 0
vn -1 0 0
vn -0 0 -1
vn -0 0 -1
vn -0 0 -1
vn -0 0 -1
vn -0 0 1
vn -0 0 1
vn -0 0 1
vn -0 0 1
vn 2.98023224E-07 -1 0
vn 2.98023224E-07 -1 0
vn 2.98023224E-07 -1 0
vn 2.98023224E-07 -1 0
vn -0 -1 0
vn -0 -1 0
vn -0 -1 0
vn -0 -1 0
vn -2.98023224E-07 -1 0
vn -2.98023224E-07 -1 0
vn -2.98023224E-07 -1 0
vn -2.98023224E-07 -1 0
vn -0 -1 0
vn -0 -1 0
vn -0 -1 0
vn -0 -1 0
vn 1 0 0
vn 1 0 0
vn 1 0 0
vn 1 0 0
vn -0 0 1
vn -0 0 1
vn -0 0 1
vn -0 0 1
vn -1 0 0
vn -1 0 0
vn -1 0 0
vn -1 0 0
vn -0 0 -1
vn -0 0 -1
vn -0 0 -1
vn -0 0 -1
vn -0 -1 0
vn -0 -1 0
vn -0 -1 0
vn -0 -1 0
vn -0 1 0
vn -0 1 0
vn -0 1 0
vn -0 1 0
vn -1 0 0
vn -1 0 0
vn -1 0 0
vn -1 0 0
vn -0 -1 0
vn -0 -1 0
vn -0 -1 0
vn -0 -1 0
vn -0 0 -1
vn -0 0 -1
vn -0 0 -1
vn -0 0 -1
vn -0 0 1
vn -0 0 1
vn -0 0 1
vn -0 0 1
vn -0.5 0.866210938 -4.76837158E-07
vn -0.821777344 0 0.569824219
vn -1 -1.1920929E-07 -4.76837158E-07
vn -0.410888672 0.711914062 0.569824219
vn 0.5 0.866210938 -4.76837158E-07
vn -0.410888672 -0.711914062 0.569824219
vn -0.5 -0.866210938 -5.36441803E-07
vn 0.410888672 0.711914062 0.569824219
vn 1 -1.1920929E-07 -5.36441803E-07
vn 1.37090683E-06 0 1
vn 0.410888672 -0.711914062 0.569824219
vn 0.5 -0.866210938 -5.36441803E-07
vn 0.821777344 0 0.569824219
vn -0.410888672 0.711914062 -0.569824219
vn -0.5 0.866210938 -4.76837158E-07
vn -1 -1.1920929E-07 -4.76837158E-07
vn 0.410888672 0.711914062 -0.569824219
vn 0.5 0.866210938 -4.76837158E-07
vn -0.821777344 0 -0.569824219
vn -0.5 -0.866210938 -5.36441803E-07
vn 0.821777344 0 -0.569824219
vn 1 -1.1920929E-07 -5.36441803E-07
vn 1.37090683E-06 0 -1
vn -0.410888672 -0.711914062 -0.569824219
vn 0.5 -0.866210938 -5.36441803E-07
vn 0.410888672 -0.711914062 -0.569824219
vn -0.515625 0.326416016 0.792480469
vn -0.515625 0.326416016 0.792480469
vn -0.515625 0.326416016 0.792480469
vn -0.408935547 0.305419922 0.859863281
vn -0.408935547 0.305419922 0.859863281
vn -0.408935547 0.305419922 0.859863281
vn -0.317626953 0.23815918 0.91796875
vn -0.317626953 0.23815918 0.91796875
vn -0.317626953 0.23815918 0.91796875
vn -0.255126953 0.134765625 0.957519531
vn -0.255126953 0.134765625 0.957519531
vn -0.255126953 0.134765625 0.957519531
vn -0.23046875 0.0107650757 0.973144531
vn -0.23046875 0.0107650757 0.973144531
vn -0.23046875 0.0107650757 0.973144531
vn -0.247802734 -0.114929199 0.961914062
vn -0.247802734 -0.114929199 0.961914062
vn -0.247802734 -0.114929199 0.961914062
vn -0.304443359 -0.223266602 0.92578125
vn -0.304443359 -0.223266602 0.92578125
vn -0.304443359 -0.223266602 0.92578125
vn -0.391601562 -0.297851562 0.870605469
vn -0.391601562 -0.297851562 0.870605469
vn -0.391601562 -0.297851562 0.870605469
vn -0.602539062 -0.306640625 0.736816406
vn -0.602539062 -0.306640625 0.736816406
vn -0.602539062 -0.306640625 0.736816406
vn -0.496582031 -0.327148438 0.804199219
vn -0.496582031 -0.327148438 0.804199219
vn -0.496582031 -0.327148438 0.804199219
vn -0.694335938 -0.239501953 0.678710938
vn -0.694335938 -0.239501953 0.678710938
vn -0.694335938 -0.239501953 0.678710938
vn -0.757324219 -0.136230469 0.638671875
vn -0.757324219 -0.136230469 0.638671875
vn -0.757324219 -0.136230469 0.638671875
vn -0.782226562 -0.012298584 0.623046875
vn -0.782226562 -0.012298584 0.623046875
vn -0.782226562 -0.012298584 0.623046875
vn -0.765136719 0.113342285 0.633789062
vn -0.765136719 0.113342285 0.633789062
vn -0.765136719 0.113342285 0.633789062
vn -0.708496094 0.221679688 0.669921875
vn -0.708496094 0.221679688 0.669921875
vn -0.708496094 0.221679688 0.669921875
vn -0.62109375 0.296875 0.725097656
vn -0.62109375 0.296875 0.725097656
vn -0.62109375 0.296875 0.725097656
vn 0.103515625 -0.892578125 -0.438964844
vn -0.138061523 -0.986328125 -0.0876464844
vn 0.193603516 -0.973144531 0.12286377
vn 0.403564453 -0.880371094 -0.248291016
vn 0.495361328 -0.809570312 0.314208984
vn 0.566894531 -0.414550781 -0.711914062
vn 0.425537109 -0.419921875 -0.801757812
vn 0.535644531 0.000244855881 -0.844238281
vn 0.676757812 -0.732421875 -0.0751953125
vn 0.719726562 -0.522949219 0.456542969
vn 0.6953125 -0.345214844 -0.630371094
vn 0.790527344 -0.223144531 -0.5703125
vn 0.839355469 -0.0677490234 -0.5390625
vn 0.879394531 -0.472900391 0.0532531738
vn 0.833984375 -0.157714844 0.528808594
vn 0.982910156 -0.142333984 0.118591309
vn -0.524902344 0.146606445 -0.838378906
vn -0.833007812 0.162353516 -0.528808594
vn -0.822265625 -0.227050781 -0.521972656
vn -0.515136719 -0.205566406 -0.83203125
vn -0.686523438 -0.58203125 -0.435791016
vn 0.135131836 -0.0960083008 -0.986328125
vn 0.130737305 0.0695800781 -0.988769531
vn 0.535644531 0.000244855881 -0.844238281
vn -0.392578125 -0.526855469 -0.75390625
vn -0.446777344 -0.848632812 -0.283447266
vn 0.192504883 -0.247070312 -0.949707031
vn 0.294433594 -0.360595703 -0.885253906
vn 0.425537109 -0.419921875 -0.801757812
vn -0.17565918 -0.767578125 -0.616210938
vn -0.138061523 -0.986328125 -0.0876464844
vn 0.103515625 -0.892578125 -0.438964844
vn 0.350585938 0.892578125 -0.282958984
vn 0.135131836 0.987304688 0.0857543945
vn -0.193603516 0.973144531 -0.12286377
vn 0.0532531738 0.880371094 -0.471679688
vn -0.492919922 0.812011719 -0.312744141
vn 0.403076172 0.413818359 -0.81640625
vn 0.54296875 0.419433594 -0.727539062
vn 0.535644531 0.000244855881 -0.844238281
vn -0.217407227 0.733886719 -0.643554688
vn -0.717773438 0.52734375 -0.455322266
vn 0.275878906 0.345458984 -0.896972656
vn 0.180175781 0.224487305 -0.957519531
vn 0.130737305 0.0695800781 -0.988769531
vn -0.420410156 0.4765625 -0.771972656
vn -0.833007812 0.162353516 -0.528808594
vn -0.524902344 0.146606445 -0.838378906
vn 0.982910156 -0.142333984 0.118591309
vn 0.833984375 -0.157714844 0.528808594
vn 0.821289062 0.231567383 0.520996094
vn 0.971191406 0.209838867 0.11126709
vn 0.684570312 0.5859375 0.434326172
vn 0.834472656 0.0978393555 -0.542480469
vn 0.839355469 -0.0677490234 -0.5390625
vn 0.535644531 0.000244855881 -0.844238281
vn 0.847167969 0.530273438 0.0324401855
vn 0.443359375 0.851074219 0.28125
vn 0.776367188 0.248535156 -0.579589844
vn 0.673828125 0.361328125 -0.64453125
vn 0.54296875 0.419433594 -0.727539062
vn 0.629394531 0.770019531 -0.105957031
vn 0.135131836 0.987304688 0.0857543945
vn 0.350585938 0.892578125 -0.282958984
vn -0.5 0.866210938 -4.76837158E-07
vn -0.821777344 0 0.569824219
vn -1 -1.1920929E-07 -4.76837158E-07
vn -0.410888672 0.711914062 0.569824219
vn 0.5 0.866210938 -4.76837158E-07
vn -0.410888672 -0.711914062 0.569824219
vn -0.5 -0.866210938 -5.36441803E-07
vn 0.410888672 0.711914062 0.569824219
vn 1 -1.1920929E-07 -5.36441803E-07
vn 1.37090683E-06 0 1
vn 0.410888672 -0.711914062 0.569824219
vn 0.5 -0.866210938 -5.36441803E-07
vn 0.821777344 0 0.569824219
vn -0.410888672 0.711914062 -0.569824219
vn -0.5 0.866210938 -4.76837158E-07
vn -1 -1.1920929E-07 -4.76837158E-07
vn 0.410888672 0.711914062 -0.569824219
vn 0.5 0.866210938 -4.76837158E-07
vn -0.821777344 0 -0.569824219
vn -0.5 -0.866210938 -5.36441803E-07
vn 0.821777344 0 -0.569824219
vn 1 -1.1920929E-07 -5.36441803E-07
vn 1.37090683E-06 0 -1
vn -0.410888672 -0.711914062 -0.569824219
vn 0.5 -0.866210938 -5.36441803E-07
vn 0.410888672 -0.711914062 -0.569824219
vn 0.5 0.866210938 4.76837158E-07
vn 0.821777344 0 -0.569824219
vn 1 -1.1920929E-07 4.76837158E-07
vn 0.410888672 0.711914062 -0.569824219
vn -0.5 0.866210938 4.76837158E-07
vn 0.410888672 -0.711914062 -0.569824219
vn 0.5 -0.866210938 5.36441803E-07
vn -0.410888672 0.711914062 -0.569824219
vn -1 -1.1920929E-07 5.36441803E-07
vn -1.37090683E-06 0 -1
vn -0.410888672 -0.711914062 -0.569824219
vn -0.5 -0.866210938 5.36441803E-07
vn -0.821777344 0 -0.569824219
vn 0.410888672 0.711914062 0.569824219
vn 0.5 0.866210938 4.76837158E-07
vn 1 -1.1920929E-07 4.76837158E-07
vn -0.410888672 0.711914062 0.569824219
vn -0.5 0.866210938 4.76837158E-07
vn 0.821777344 0 0.569824219
vn 0.5 -0.866210938 5.36441803E-07
vn -0.821777344 0 0.569824219
vn -1 -1.1920929E-07 5.36441803E-07
vn -1.37090683E-06 0 1
vn 0.410888672 -0.711914062 0.569824219
vn -0.5 -0.866210938 5.36441803E-07
vn -0.410888672 -0.711914062 0.569824219
vn 1 0 0
vn 1 0 0
vn 1 0 0
vn 1 0 0
vn -1 0 0
vn -1 0 0
vn -1 0 0
vn -1 0 0
vn -0 -0.17199707 -0.984863281
vn -0 -0.17199707 -0.984863281
vn -0 -0.17199707 -0.984863281
vn -0 -0.17199707 -0.984863281
vn -0 0.17199707 0.984863281
vn -0 0.17199707 0.984863281
vn -0 0.17199707 0.984863281
vn -0 0.17199707 0.984863281
vn 2.98023224E-07 -0.984863281 0.17199707
vn 2.98023224E-07 -0.984863281 0.17199707
vn 2.98023224E-07 -0.984863281 0.17199707
vn 2.98023224E-07 -0.984863281 0.17199707
vn -0 -0.984863281 0.17199707
vn -0 -0.984863281 0.17199707
vn -0 -0.984863281 0.17199707
vn -0 -0.984863281 0.17199707
vn -2.98023224E-07 -0.984863281 0.17199707
vn -2.98023224E-07 -0.984863281 0.17199707
vn -2.98023224E-07 -0.984863281 0.17199707
vn -2.98023224E-07 -0.984863281 0.17199707
vn -0 -0.984863281 0.17199707
vn -0 -0.984863281 0.17199707
vn -0 -0.984863281 0.17199707
vn -0 -0.984863281 0.17199707
vn 1 0 0
vn 1 0 0
vn 1 0 0
vn 1 0 0
vn -0 0.17199707 0.984863281
vn -0 0.17199707 0.984863281
vn -0 0.17199707 0.984863281
vn -0 0.17199707 0.984863281
vn -1 0 0
vn -1 0 0
vn -1 0 0
vn -1 0 0
vn -0 -0.17199707 -0.984863281
vn -0 -0.17199707 -0.984863281
vn -0 -0.17199707 -0.984863281
vn -0 -0.17199707 -0.984863281
vn -0 -0.984863281 0.17199707
vn -0 -0.984863281 0.17199707
vn -0 -0.984863281 0.17199707
vn -0 -0.984863281 0.17199707
vn 0.515625 0.326416016 -0.792480469
vn 0.515625 0.326416016 -0.792480469
vn 0.515625 0.326416016 -0.792480469
vn 0.408935547 0.305419922 -0.859863281
vn 0.408935547 0.305419922 -0.859863281
vn 0.408935547 0.305419922 -0.859863281
vn 0.317626953 0.23815918 -0.91796875
vn 0.317626953 0.23815918 -0.91796875
vn 0.317626953 0.23815918 -0.91796875
vn 0.255126953 0.134765625 -0.957519531
vn 0.255126953 0.134765625 -0.957519531
vn 0.255126953 0.134765625 -0.957519531
vn 0.23046875 0.0107650757 -0.973144531
vn 0.23046875 0.0107650757 -0.973144531
vn 0.23046875 0.0107650757 -0.973144531
vn 0.247802734 -0.114929199 -0.961914062
vn 0.247802734 -0.114929199 -0.961914062
vn 0.247802734 -0.114929199 -0.961914062
vn 0.304443359 -0.223266602 -0.92578125
vn 0.304443359 -0.223266602 -0.92578125
vn 0.304443359 -0.223266602 -0.92578125
vn 0.391601562 -0.297851562 -0.870605469
vn 0.391601562 -0.297851562 -0.870605469
vn 0.391601562 -0.297851562 -0.870605469
vn 0.602539062 -0.306640625 -0.736816406
vn 0.602539062 -0.306640625 -0.736816406
vn 0.602539062 -0.306640625 -0.736816406
vn 0.496582031 -0.327148438 -0.804199219
vn 0.496582031 -0.327148438 -0.804199219
vn 0.496582031 -0.327148438 -0.804199219
vn 0.694335938 -0.239501953 -0.678710938
vn 0.694335938 -0.239501953 -0.678710938
vn 0.694335938 -0.239501953 -0.678710938
vn 0.757324219 -0.136230469 -0.638671875
vn 0.757324219 -0.136230469 -0.638671875
vn 0.757324219 -0.136230469 -0.638671875
vn 0.782226562 -0.012298584 -0.623046875
vn 0.782226562 -0.012298584 -0.623046875
vn 0.782226562 -0.012298584 -0.623046875
vn 0.765136719 0.113342285 -0.633789062
vn 0.765136719 0.113342285 -0.633789062
vn 0.765136719 0.113342285 -0.633789062
vn 0.708496094 0.221679688 -0.669921875
vn 0.708496094 0.221679688 -0.669921875
vn 0.708496094 0.221679688 -0.669921875
vn 0.62109375 0.296875 -0.725097656
vn 0.62109375 0.296875 -0.725097656
vn 0.62109375 0.296875 -0.725097656
vn -0.103515625 -0.892578125 0.438964844
vn 0.138061523 -0.986328125 0.0876464844
vn -0.193603516 -0.973144531 -0.12286377
vn -0.403564453 -0.880371094 0.248291016
vn -0.495361328 -0.809570312 -0.314208984
vn -0.566894531 -0.414550781 0.711914062
vn -0.425537109 -0.419921875 0.801757812
vn -0.535644531 0.000244855881 0.844238281
vn -0.676757812 -0.732421875 0.0751953125
vn -0.719726562 -0.522949219 -0.456542969
vn -0.6953125 -0.345214844 0.630371094
vn -0.790527344 -0.223144531 0.5703125
vn -0.839355469 -0.0677490234 0.5390625
vn -0.879394531 -0.472900391 -0.0532531738
vn -0.833984375 -0.157714844 -0.528808594
vn -0.982910156 -0.142333984 -0.118591309
vn 0.524902344 0.146606445 0.838378906
vn 0.833007812 0.162353516 0.528808594
vn 0.822265625 -0.227050781 0.521972656
vn 0.515136719 -0.205566406 0.83203125
vn 0.686523438 -0.58203125 0.435791016
vn -0.135131836 -0.0960083008 0.986328125
vn -0.130737305 0.0695800781 0.988769531
vn -0.535644531 0.000244855881 0.844238281
vn 0.392578125 -0.526855469 0.75390625
vn 0.446777344 -0.848632812 0.283447266
vn -0.192504883 -0.247070312 0.949707031
vn -0.294433594 -0.360595703 0.885253906
vn -0.425537109 -0.419921875 0.801757812
vn 0.17565918 -0.767578125 0.616210938
vn 0.138061523 -0.986328125 0.0876464844
vn -0.103515625 -0.892578125 0.438964844
vn -0.350585938 0.892578125 0.282958984
vn -0.135131836 0.987304688 -0.0857543945
vn 0.193603516 0.973144531 0.12286377
vn -0.0532531738 0.880371094 0.471679688
vn 0.492919922 0.812011719 0.312744141
vn -0.403076172 0.413818359 0.81640625
vn -0.54296875 0.419433594 0.727539062
vn -0.535644531 0.000244855881 0.844238281
vn 0.217407227 0.733886719 0.643554688
vn 0.717773438 0.52734375 0.455322266
vn -0.275878906 0.345458984 0.896972656
vn -0.180175781 0.224487305 0.957519531
vn -0.130737305 0.0695800781 0.988769531
vn 0.420410156 0.4765625 0.771972656
vn 0.833007812 0.162353516 0.528808594
vn 0.524902344 0.146606445 0.838378906
vn -0.982910156 -0.142333984 -0.118591309
vn -0.833984375 -0.157714844 -0.528808594
vn -0.821289062 0.231567383 -0.520996094
vn -0.971191406 0.209838867 -0.11126709
vn -0.684570312 0.5859375 -0.434326172
vn -0.834472656 0.0978393555 0.542480469
vn -0.839355469 -0.0677490234 0.5390625
vn -0.535644531 0.000244855881 0.844238281
vn -0.847167969 0.530273438 -0.0324401855
vn -0.443359375 0.851074219 -0.28125
vn -0.776367188 0.248535156 0.579589844
vn -0.673828125 0.361328125 0.64453125
vn -0.54296875 0.419433594 0.727539062
vn -0.629394531 0.770019531 0.105957031
vn -0.135131836 0.987304688 -0.0857543945
vn -0.350585938 0.892578125 0.282958984
vn 0.5 0.866210938 4.76837158E-07
vn 0.821777344 0 -0.569824219
vn 1 -1.1920929E-07 4.76837158E-07
vn 0.410888672 0.711914062 -0.569824219
vn -0.5 0.866210938 4.76837158E-07
vn 0.410888672 -0.711914062 -0.569824219
vn 0.5 -0.866210938 5.36441803E-07
vn -0.410888672 0.711914062 -0.569824219
vn -1 -1.1920929E-07 5.36441803E-07
vn -1.37090683E-06 0 -1
vn -0.410888672 -0.711914062 -0.569824219
vn -0.5 -0.866210938 5.36441803E-07
vn -0.821777344 0 -0.569824219
vn 0.410888672 0.711914062 0.569824219
vn 0.5 0.866210938 4.76837158E-07
vn 1 -1.1920929E-07 4.76837158E-07
vn -0.410888672 0.711914062 0.569824219
vn -0.5 0.866210938 4.76837158E-07
vn 0.821777344 0 0.569824219
vn 0.5 -0.866210938 5.36441803E-07
vn -0.821777344 0 0.569824219
vn -1 -1.1920929E-07 5.36441803E-07
vn -1.37090683E-06 0 1
vn 0.410888672 -0.711914062 0.569824219
vn -0.5 -0.866210938 5.36441803E-07
vn -0.410888672 -0.711914062 0.569824219
vn -0.669921875 0.514160156 0.53515625
vn -0.1875 0.685058594 0.704101562
vn -0.198730469 0.514160156 0.834472656
vn 0.455810547 0.638183594 0.620605469
vn 0.393554688 0.467285156 0.791503906
vn 0.809570312 0.283447266 0.513671875
vn 0.0560913086 0.948730469 0.310546875
vn 0.658691406 0.625976562 0.417724609
vn 0.211181641 0.968261719 0.134033203
vn 0.187866211 -0.685058594 -0.704101562
vn 0.669921875 -0.514160156 -0.535644531
vn 0.19921875 -0.514160156 -0.834472656
vn -0.455322266 -0.638183594 -0.62109375
vn -0.393310547 -0.467041016 -0.791992188
vn -0.810058594 -0.282714844 -0.513671875
vn -0.0557556152 -0.94921875 -0.310302734
vn -0.658691406 -0.625976562 -0.417724609
vn -0.21081543 -0.968261719 -0.133666992
vn 0.304443359 -0.94921875 -0.0816650391
vn 0.187866211 -0.685058594 -0.704101562
vn -0.0557556152 -0.94921875 -0.310302734
vn -0.21081543 -0.968261719 -0.133666992
vn 0.21081543 -0.968261719 0.133789062
vn 0.658691406 -0.625976562 0.41796875
vn 0.557128906 -0.684570312 -0.469970703
vn 0.669921875 -0.514160156 -0.535644531
vn 0.883789062 -0.467285156 0.0184936523
vn 0.755859375 -0.638183594 0.147338867
vn 0.810058594 -0.282714844 0.514160156
vn -0.1875 0.685058594 0.704101562
vn -0.3046875 0.948730469 0.0814819336
vn 0.0560913086 0.948730469 0.310546875
vn 0.211181641 0.968261719 0.134033203
vn -0.211181641 0.968261719 -0.134033203
vn -0.658691406 0.625976562 -0.417724609
vn -0.557128906 0.685058594 0.469482422
vn -0.669921875 0.514160156 0.53515625
vn -0.883789062 0.467285156 -0.0188751221
vn -0.755859375 0.638183594 -0.147949219
vn -0.809570312 0.283447266 -0.513671875
vn 0.850585938 -0.280517578 0.444335938
vn 0.205810547 -0.0139389038 0.978515625
vn 0.897949219 -0.00339508057 0.440185547
vn 0.203735352 -0.0262908936 0.978515625
vn -0.0448608398 -0.0151367188 0.999023438
vn 0.712890625 -0.524902344 0.464599609
vn -0.0323791504 0.0582885742 0.997558594
vn 0.197631836 -0.0371704102 0.979492188
vn 0.501464844 -0.70703125 0.498779297
vn 0.00409317017 0.12298584 0.9921875
vn 0.188232422 -0.0452880859 0.980957031
vn 0.241455078 -0.8046875 0.542480469
vn 0.0601501465 0.171142578 0.983398438
vn 0.176635742 -0.0496520996 0.982910156
vn -0.0357055664 -0.806640625 0.590332031
vn 0.12902832 0.197143555 0.971679688
vn 0.164306641 -0.0497131348 0.985351562
vn -0.296386719 -0.711914062 0.63671875
vn 0.202392578 0.197509766 0.958984375
vn 0.152587891 -0.045501709 0.987304688
vn -0.509277344 -0.532714844 0.67578125
vn 0.271484375 0.172485352 0.946777344
vn 0.143188477 -0.0375061035 0.988769531
vn -0.648925781 -0.289794922 0.703613281
vn 0.327880859 0.125 0.936523438
vn 0.136962891 -0.0267028809 0.990234375
vn -0.697753906 -0.0132293701 0.716308594
vn 0.364746094 0.0607299805 0.929199219
vn 0.134765625 -0.0143737793 0.990722656
vn -0.650878906 0.263916016 0.711914062
vn 0.377685547 -0.0125350952 0.92578125
vn 0.13684082 -0.0020236969 0.990722656
vn -0.513183594 0.508300781 0.69140625
vn 0.365234375 -0.0859375 0.926757812
vn 0.142944336 0.00886535645 0.989746094
vn -0.301513672 0.690429688 0.657714844
vn 0.328857422 -0.150634766 0.932128906
vn 0.15246582 0.0169830322 0.98828125
vn -0.0414123535 0.788085938 0.614257812
vn 0.245117188 -0.147583008 0.958007812
vn 0.1640625 0.0213317871 0.986328125
vn 0.235717773 0.790039062 0.565917969
vn 0.203857422 -0.224731445 0.952636719
vn 0.176391602 0.0214080811 0.983886719
vn 0.496337891 0.6953125 0.51953125
vn 0.130493164 -0.225219727 0.965332031
vn 0.187988281 0.0171966553 0.981933594
vn 0.709472656 0.516113281 0.480224609
vn 0.0614624023 -0.200195312 0.978027344
vn 0.197509766 0.0092010498 0.98046875
vn 0.848632812 0.273193359 0.452636719
vn 0.00507736206 -0.152709961 0.98828125
vn 0.203613281 -0.00161170959 0.979003906
vn 0.897949219 -0.00339508057 0.440185547
vn -0.0318603516 -0.0883789062 0.995605469
vn 0.205810547 -0.0139389038 0.978515625
vn -0.0448608398 -0.0151367188 0.999023438
vn -0.202392578 0.013961792 -0.979003906
vn 0.650878906 -0.263916016 -0.711914062
vn 0.697753906 0.0132293701 -0.716308594
vn -0.200561523 0.0251159668 -0.979492188
vn 0.513183594 -0.508300781 -0.69140625
vn -0.494140625 0.134887695 -0.858886719
vn -0.515136719 0.0110092163 -0.856933594
vn -0.432617188 0.244018555 -0.867675781
vn -0.194946289 0.0349731445 -0.979980469
vn 0.301513672 -0.690429688 -0.657714844
vn -0.338134766 0.325195312 -0.883300781
vn -0.186523438 0.0422973633 -0.981445312
vn 0.0414123535 -0.788085938 -0.614257812
vn -0.222045898 0.368896484 -0.90234375
vn -0.176025391 0.0462341309 -0.983398438
vn -0.235717773 -0.790039062 -0.565917969
vn -0.0982666016 0.369628906 -0.923828125
vn -0.164916992 0.046295166 -0.985351562
vn -0.496337891 -0.6953125 -0.51953125
vn 0.0181884766 0.327392578 -0.944824219
vn -0.154418945 0.0424804688 -0.987304688
vn -0.709472656 -0.516113281 -0.480224609
vn 0.11328125 0.247314453 -0.962402344
vn -0.145751953 0.0352478027 -0.988769531
vn -0.848632812 -0.273193359 -0.452636719
vn 0.175537109 0.138916016 -0.974609375
vn -0.140136719 0.0254974365 -0.989746094
vn -0.897949219 0.00339508057 -0.440185547
vn 0.197509766 0.0154037476 -0.979980469
vn -0.138183594 0.0143585205 -0.990234375
vn -0.850585938 0.280517578 -0.444335938
vn 0.176391602 -0.108398438 -0.978515625
vn -0.140136719 0.00319671631 -0.990234375
vn -0.712890625 0.524902344 -0.464599609
vn 0.114929199 -0.217529297 -0.969238281
vn -0.145629883 -0.00664138794 -0.989257812
vn -0.501464844 0.70703125 -0.498779297
vn 0.0204315186 -0.298828125 -0.954101562
vn -0.154174805 -0.0139694214 -0.987792969
vn -0.241455078 0.8046875 -0.541992188
vn -0.095703125 -0.342529297 -0.934570312
vn -0.164672852 -0.0178985596 -0.986328125
vn 0.0357055664 0.806640625 -0.590332031
vn -0.219482422 -0.343261719 -0.913085938
vn -0.17578125 -0.0179748535 -0.984375
vn 0.296386719 0.711914062 -0.63671875
vn -0.3359375 -0.301025391 -0.892578125
vn -0.186279297 -0.0141677856 -0.982421875
vn 0.509277344 0.532714844 -0.67578125
vn -0.431152344 -0.220947266 -0.875
vn -0.194824219 -0.00694274902 -0.980957031
vn 0.648925781 0.289794922 -0.703613281
vn -0.493408203 -0.112548828 -0.862304688
vn -0.200439453 0.00282478333 -0.979492188
vn 0.697753906 0.0132293701 -0.716308594
vn -0.515136719 0.0110092163 -0.856933594
vn -0.202392578 0.013961792 -0.979003906
vn 0.650878906 -0.263916016 -0.711914062
vn 0.897949219 -0.00339508057 0.440185547
vn 0.697753906 0.0132293701 -0.716308594
vn 0.850585938 -0.280517578 0.444335938
vn 0.513183594 -0.508300781 -0.69140625
vn 0.712890625 -0.524902344 0.464599609
vn 0.301513672 -0.690429688 -0.657714844
vn 0.501464844 -0.70703125 0.498779297
vn 0.0414123535 -0.788085938 -0.614257812
vn 0.241455078 -0.8046875 0.542480469
vn -0.235717773 -0.790039062 -0.565917969
vn -0.0357055664 -0.806640625 0.590332031
vn -0.496337891 -0.6953125 -0.51953125
vn -0.296386719 -0.711914062 0.63671875
vn -0.709472656 -0.516113281 -0.480224609
vn -0.509277344 -0.532714844 0.67578125
vn -0.848632812 -0.273193359 -0.452636719
vn -0.648925781 -0.289794922 0.703613281
vn -0.897949219 0.00339508057 -0.440185547
vn -0.697753906 -0.0132293701 0.716308594
vn -0.850585938 0.280517578 -0.444335938
vn -0.650878906 0.263916016 0.711914062
vn -0.712890625 0.524902344 -0.464599609
vn -0.513183594 0.508300781 0.69140625
vn -0.501464844 0.70703125 -0.498779297
vn -0.301513672 0.690429688 0.657714844
vn -0.241455078 0.8046875 -0.541992188
vn -0.0414123535 0.788085938 0.614257812
vn 0.0357055664 0.806640625 -0.590332031
vn 0.235717773 0.790039062 0.565917969
vn 0.296386719 0.711914062 -0.63671875
vn 0.496337891 0.6953125 0.51953125
vn 0.509277344 0.532714844 -0.67578125
vn 0.709472656 0.516113281 0.480224609
vn 0.648925781 0.289794922 -0.703613281
vn 0.848632812 0.273193359 0.452636719
vn 0.697753906 0.0132293701 -0.716308594
vn 0.897949219 -0.00339508057 0.440185547
vn -0.765625 -0.6015625 -0.227905273
vn -0.717773438 -0.209838867 -0.6640625
vn -0.928222656 -0.322021484 -0.186889648
vn -0.982910156 -0.000745773315 -0.184326172
vn -0.441650391 -0.542480469 -0.71484375
vn -0.51953125 -0.813964844 -0.259765625
vn -0.170654297 0.0127334595 -0.985351562
vn -0.71875 0.224609375 -0.657714844
vn -0.930175781 0.320800781 -0.177246094
vn -0.216674805 -0.921875 -0.320800781
vn -0.76953125 0.603027344 -0.209838867
vn -0.0177154541 -0.617675781 -0.786621094
vn 0.108520508 -0.92578125 -0.362060547
vn 0.41015625 -0.809570312 -0.419921875
vn -0.4453125 0.560058594 -0.698730469
vn -0.525390625 0.817871094 -0.235229492
vn -0.223266602 0.9296875 -0.29296875
vn 0.355957031 -0.397705078 -0.845703125
vn 0.663085938 -0.601074219 -0.446533203
vn 0.8203125 -0.313476562 -0.478515625
vn -0.0224914551 0.639648438 -0.768066406
vn 0.101867676 0.937011719 -0.334228516
vn 0.404296875 0.824707031 -0.395263672
vn 0.502441406 0.0148620605 -0.864257812
vn 0.881347656 0.0102310181 -0.47265625
vn 0.817871094 0.333496094 -0.468994141
vn 0.352539062 0.425048828 -0.833496094
vn 0.658691406 0.618652344 -0.428222656
vn 0.0961303711 -0.0418395996 0.994628906
vn 0.170410156 -0.0141677856 0.985351562
vn 0.109863281 -0.0657348633 0.991699219
vn 0.0912475586 -0.0146026611 0.995605469
vn 0.130859375 -0.0834350586 0.987792969
vn 0.0959472656 0.0127029419 0.995117188
vn 0.156494141 -0.0927734375 0.983398438
vn 0.10949707 0.0367736816 0.993164062
vn 0.183837891 -0.092590332 0.978515625
vn 0.130371094 0.0547180176 0.989746094
vn 0.245117188 -0.147583008 0.958007812
vn 0.155883789 0.0643310547 0.985839844
vn 0.230224609 -0.0650024414 0.971191406
vn 0.183227539 0.0645141602 0.980957031
vn 0.243774414 -0.0409545898 0.96875
vn 0.208984375 0.0552062988 0.9765625
vn 0.248413086 -0.013633728 0.96875
vn 0.229858398 0.0375061035 0.97265625
vn 0.243652344 0.0136108398 0.969726562
vn 1 0 0
vn 1 0 0
vn 1 0 0
vn 1 0 0
vn -1 0 0
vn -1 0 0
vn -1 0 0
vn -1 0 0
vn -0 -0.17199707 -0.984863281
vn -0 -0.17199707 -0.984863281
vn -0 -0.17199707 -0.984863281
vn -0 -0.17199707 -0.984863281
vn -0 0.17199707 0.984863281
vn -0 0.17199707 0.984863281
vn -0 0.17199707 0.984863281
vn -0 0.17199707 0.984863281
vn 2.98023224E-07 -0.984863281 0.17199707
vn 2.98023224E-07 -0.984863281 0.17199707
vn 2.98023224E-07 -0.984863281 0.17199707
vn 2.98023224E-07 -0.984863281 0.17199707
vn -0 -0.984863281 0.17199707
vn -0 -0.984863281 0.17199707
vn -0 -0.984863281 0.17199707
vn -0 -0.984863281 0.17199707
vn -2.98023224E-07 -0.984863281 0.17199707
vn -2.98023224E-07 -0.984863281 0.17199707
vn -2.98023224E-07 -0.984863281 0.17199707
vn -2.98023224E-07 -0.984863281 0.17199707
vn -0 -0.984863281 0.17199707
vn -0 -0.984863281 0.17199707
vn -0 -0.984863281 0.17199707
vn -0 -0.984863281 0.17199707
vn 1 0 0
vn 1 0 0
vn 1 0 0
vn 1 0 0
vn -0 0.17199707 0.984863281
vn -0 0.17199707 0.984863281
vn -0 0.17199707 0.984863281
vn -0 0.17199707 0.984863281
vn -1 0 0
vn -1 0 0
vn -1 0 0
vn -1 0 0
vn -0 -0.17199707 -0.984863281
vn -0 -0.17199707 -0.984863281
vn -0 -0.17199707 -0.984863281
vn -0 -0.17199707 -0.984863281
vn -0 -0.984863281 0.17199707
vn -0 -0.984863281 0.17199707
vn -0 -0.984863281 0.17199707
vn -0 -0.984863281 0.17199707
vn 0.5 0.866210938 4.76837158E-07
vn 0.821777344 0 -0.569824219
vn 1 -1.1920929E-07 4.76837158E-07
vn 0.410888672 0.711914062 -0.569824219
vn -0.5 0.866210938 4.76837158E-07
vn 0.410888672 -0.711914062 -0.569824219
vn 0.5 -0.866210938 5.36441803E-07
vn -0.410888672 0.711914062 -0.569824219
vn -1 -1.1920929E-07 5.36441803E-07
vn -1.37090683E-06 0 -1
vn -0.410888672 -0.711914062 -0.569824219
vn -0.5 -0.866210938 5.36441803E-07
vn -0.821777344 0 -0.569824219
vn 0.410888672 0.711914062 0.569824219
vn 0.5 0.866210938 4.76837158E-07
vn 1 -1.1920929E-07 4.76837158E-07
vn -0.410888672 0.711914062 0.569824219
vn -0.5 0.866210938 4.76837158E-07
vn 0.821777344 0 0.569824219
vn 0.5 -0.866210938 5.36441803E-07
vn -0.821777344 0 0.569824219
vn -1 -1.1920929E-07 5.36441803E-07
vn -1.37090683E-06 0 1
vn 0.410888672 -0.711914062 0.569824219
vn -0.5 -0.866210938 5.36441803E-07
vn -0.410888672 -0.711914062 0.569824219
vn 0.5 0.866210938 4.76837158E-07
vn 0.821777344 0 -0.569824219
vn 1 -1.1920929E-07 4.76837158E-07
vn 0.410888672 0.711914062 -0.569824219
vn -0.5 0.866210938 4.76837158E-07
vn 0.410888672 -0.711914062 -0.569824219
vn 0.5 -0.866210938 5.36441803E-07
vn -0.410888672 0.711914062 -0.569824219
vn -1 -1.1920929E-07 5.36441803E-07
vn -1.37090683E-06 0 -1
vn -0.410888672 -0.711914062 -0.569824219
vn -0.5 -0.866210938 5.36441803E-07
vn -0.821777344 0 -0.569824219
vn 0.410888672 0.711914062 0.569824219
vn 0.5 0.866210938 4.76837158E-07
vn 1 -1.1920929E-07 4.76837158E-07
vn -0.410888672 0.711914062 0.569824219
vn -0.5 0.866210938 4.76837158E-07
vn 0.821777344 0 0.569824219
vn 0.5 -0.866210938 5.36441803E-07
vn -0.821777344 0 0.569824219
vn -1 -1.1920929E-07 5.36441803E-07
vn -1.37090683E-06 0 1
vn 0.410888672 -0.711914062 0.569824219
vn -0.5 -0.866210938 5.36441803E-07
vn -0.410888672 -0.711914062 0.569824219
vn 1 0 0
vn 1 0 0
vn 1 0 0
vn 1 0 0
vn -1 0 0
vn -1 0 0
vn -1 0 0
vn -1 0 0
vn -0 -0.17199707 -0.984863281
vn -0 -0.17199707 -0.984863281
vn -0 -0.17199707 -0.984863281
vn -0 -0.17199707 -0.984863281
vn -0 0.17199707 0.984863281
vn -0 0.17199707 0.984863281
vn -0 0.17199707 0.984863281
vn -0 0.17199707 0.984863281
vn 2.98023224E-07 -0.984863281 0.17199707
vn 2.98023224E-07 -0.984863281 0.17199707
vn 2.98023224E-07 -0.984863281 0.17199707
vn 2.98023224E-07 -0.984863281 0.17199707
vn -0 -0.984863281 0.17199707
vn -0 -0.984863281 0.17199707
vn -0 -0.984863281 0.17199707
vn -0 -0.984863281 0.17199707
vn -2.98023224E-07 -0.984863281 0.17199707
vn -2.98023224E-07 -0.984863281 0.17199707
vn -2.98023224E-07 -0.984863281 0.17199707
vn -2.98023224E-07 -0.984863281 0.17199707
vn -0 -0.984863281 0.17199707
vn -0 -0.984863281 0.17199707
vn -0 -0.984863281 0.17199707
vn -0 -0.984863281 0.17199707
vn 1 0 0
vn 1 0 0
vn 1 0 0
vn 1 0 0
vn -0 0.17199707 0.984863281
vn -0 0.17199707 0.984863281
vn -0 0.17199707 0.984863281
vn -0 0.17199707 0.984863281
vn -1 0 0
vn -1 0 0
vn -1 0 0
vn -1 0 0
vn -0 -0.17199707 -0.984863281
vn -0 -0.17199707 -0.984863281
vn -0 -0.17199707 -0.984863281
vn -0 -0.17199707 -0.984863281
vn -0 -0.984863281 0.17199707
vn -0 -0.984863281 0.17199707
vn -0 -0.984863281 0.17199707
vn -0 -0.984863281 0.17199707
vn -0.535644531 0 0.844238281
vn -0.535644531 0 0.844238281
vn -0.535644531 0 0.844238281
vn -0.535644531 -0 0.844238281
vn -0.535644531 0 0.844238281
vn -0.535644531 -0 0.844238281
vn -0.535644531 -2.14576721E-06 0.844238281
vn -0.535644531 -2.2649765E-06 0.844238281
vn 0.535644531 3.57627869E-07 -0.844238281
vn 0.535644531 1.78813934E-06 -0.844238281
vn 0.535644531 0 -0.844238281
vn 0.535644531 9.53674316E-07 -0.844238281
vn 0.535644531 1.1920929E-06 -0.844238281
vn 0.535644531 0 -0.844238281
vn 0.535644531 0 -0.844238281
vn 0.535644531 0 -0.844238281
vn 0.838867188 0.114562988 0.532226562
vn 0.838867188 0.114562988 0.532226562
vn 0.838867188 0.114562988 0.532226562
vn 0.838867188 0.114562988 0.532226562
vn 0.838867188 0.114562988 0.532226562
vn 0.838867188 0.114562988 0.532226562
vn 0.0967407227 -0.993652344 0.0614013672
vn 0.0967407227 -0.993652344 0.0614013672
vn 0.0967407227 -0.993652344 0.0614013672
vn 0.0967407227 -0.993652344 0.0614013672
vn 0.0967407227 -0.993652344 0.0614013672
vn 0.0967407227 -0.993652344 0.0614013672
vn -0.248779297 -0.955566406 -0.157836914
vn -0.248779297 -0.955566406 -0.157836914
vn -0.248779297 -0.955566406 -0.157836914
vn -0.248779297 -0.955566406 -0.157836914
vn -0.535644531 -6.02006912E-06 0.844238281
vn -0.535644531 0 0.844238281
vn -0.535644531 0 0.844238281
vn -0.535644531 -6.07967377E-06 0.844238281
vn 0.535644531 0 -0.844238281
vn 0.535644531 6.02006912E-06 -0.844238281
vn 0.535644531 0 -0.844238281
vn 0.535644531 6.07967377E-06 -0.844238281
vn 0.838867188 0.114562988 0.532226562
vn 0.838867188 0.114562988 0.532226562
vn 0.838867188 0.114562988 0.532226562
vn 0.838867188 0.114562988 0.532226562
vn 0.0967407227 -0.993652344 0.0614013672
vn 0.0967407227 -0.993652344 0.0614013672
vn 0.0967407227 -0.993652344 0.0614013672
vn 0.0967407227 -0.993652344 0.0614013672
vn -0.838867188 -0.114562988 -0.532226562
vn -0.838867188 -0.114562988 -0.532226562
vn -0.838867188 -0.114562988 -0.532226562
vn -0.838867188 -0.114562988 -0.532226562
vn -0.0967407227 0.993652344 -0.0614013672
vn -0.0967407227 0.993652344 -0.0614013672
vn -0.0967407227 0.993652344 -0.0614013672
vn -0.0967407227 0.993652344 -0.0614013672
vn -0.535644531 0 0.844238281
vn -0.535644531 0 0.844238281
vn -0.535644531 0 0.844238281
vn -0.535644531 0 0.844238281
vn -0.535644531 0 0.844238281
vn -0.535644531 0 0.844238281
vn -0.535644531 0 0.844238281
vn -0.535644531 0 0.844238281
vn 0.535644531 0 -0.844238281
vn 0.535644531 0 -0.844238281
vn 0.535644531 0 -0.844238281
vn 0.535644531 0 -0.844238281
vn 0.535644531 0 -0.844238281
vn 0.535644531 0 -0.844238281
vn 0.535644531 6.55651093E-07 -0.844238281
vn 0.535644531 7.15255737E-07 -0.844238281
vn 0.838867188 0.114562988 0.532226562
vn 0.838867188 0.114562988 0.532226562
vn 0.838867188 0.114562988 0.532226562
vn 0.838867188 0.114562988 0.532226562
vn 0.838867188 0.114562988 0.532226562
vn 0.838867188 0.114562988 0.532226562
vn 0.0967407227 -0.993652344 0.0614013672
vn 0.0967407227 -0.993652344 0.0614013672
vn 0.0967407227 -0.993652344 0.0614013672
vn 0.0967407227 -0.993652344 0.0614013672
vn 0.0967407227 -0.993652344 0.0614013672
vn 0.0967407227 -0.993652344 0.0614013672
vn -0.248779297 -0.955566406 -0.157836914
vn -0.248779297 -0.955566406 -0.157836914
vn -0.248779297 -0.955566406 -0.157836914
vn -0.248779297 -0.955566406 -0.157836914
vn -0.0967407227 0.993652344 -0.0614013672
vn -0.0967407227 0.993652344 -0.0614013672
vn -0.0967407227 0.993652344 -0.0614013672
vn -0.0967407227 0.993652344 -0.0614013672
vn -0.0967407227 0.993652344 -0.0614013672
vn -0.0967407227 0.993652344 -0.0614013672
vn -0.0967407227 0.993652344 -0.0614013672
vn -0.0967407227 0.993652344 -0.0614013672
vn -0.0967407227 0.993652344 -0.0614013672
vn -0.0967407227 0.993652344 -0.0614013672
vn -0.0967407227 0.993652344 -0.0614013672
vn -0.0967407227 0.993652344 -0.0614013672
vn -0.0967407227 0.993652344 -0.0614013672
vn -0.0967407227 0.993652344 -0.0614013672
vn -0.0967407227 0.993652344 -0.0614013672
vn -0.0967407227 0.993652344 -0.0614013672
vn -0.838867188 -0.114562988 -0.532226562
vn -0.838867188 -0.114562988 -0.532226562
vn -0.838867188 -0.114562988 -0.532226562
vn -0.838867188 -0.114562988 -0.532226562
vn -0.838867188 -0.114562988 -0.532226562
vn -0.838867188 -0.114562988 -0.532226562
vn -0.838867188 -0.114562988 -0.532226562
vn -0.838867188 -0.114562988 -0.532226562
vn -0.535644531 0 0.844238281
vn -0.535644531 0 0.844238281
vn -0.535644531 0 0.844238281
vn -0.535644531 0 0.844238281
vn -0.535644531 0 0.844238281
vn -0.535644531 0 0.844238281
vn -0.535644531 0 0.844238281
vn -0.535644531 0 0.844238281
vn 0.535644531 0 -0.844238281
vn 0.535644531 0 -0.844238281
vn 0.535644531 0 -0.844238281
vn 0.535644531 0 -0.844238281
vn 0.535644531 0 -0.844238281
vn 0.535644531 0 -0.844238281
vn 0.535644531 2.14576721E-06 -0.844238281
vn 0.535644531 2.2649765E-06 -0.844238281
vn 0.838867188 0.114562988 0.532226562
vn 0.838867188 0.114562988 0.532226562
vn 0.838867188 0.114562988 0.532226562
vn 0.838867188 0.114562988 0.532226562
vn 0.838867188 0.114562988 0.532226562
vn 0.838867188 0.114562988 0.532226562
vn 0.0967407227 -0.993652344 0.0614013672
vn 0.0967407227 -0.993652344 0.0614013672
vn 0.0967407227 -0.993652344 0.0614013672
vn 0.0967407227 -0.993652344 0.0614013672
vn 0.0967407227 -0.993652344 0.0614013672
vn 0.0967407227 -0.993652344 0.0614013672
vn -0.248779297 -0.955566406 -0.157836914
vn -0.248779297 -0.955566406 -0.157836914
vn -0.248779297 -0.955566406 -0.157836914
vn -0.248779297 -0.955566406 -0.157836914
vn -0.535644531 0 0.844238281
vn -0.535644531 -6.02006912E-06 0.844238281
vn -0.535644531 -6.07967377E-06 0.844238281
vn -0.535644531 0 0.844238281
vn 0.535644531 6.02006912E-06 -0.844238281
vn 0.535644531 0 -0.844238281
vn 0.535644531 6.07967377E-06 -0.844238281
vn 0.535644531 0 -0.844238281
vn 0.838867188 0.114562988 0.532226562
vn 0.838867188 0.114562988 0.532226562
vn 0.838867188 0.114562988 0.532226562
vn 0.838867188 0.114562988 0.532226562
vn 0.0967407227 -0.993652344 0.0614013672
vn 0.0967407227 -0.993652344 0.0614013672
vn 0.0967407227 -0.993652344 0.0614013672
vn 0.0967407227 -0.993652344 0.0614013672
vn -0.838867188 -0.114562988 -0.532226562
vn -0.838867188 -0.114562988 -0.532226562
vn -0.838867188 -0.114562988 -0.532226562
vn -0.838867188 -0.114562988 -0.532226562
vn -0.0967407227 0.993652344 -0.0614013672
vn -0.0967407227 0.993652344 -0.0614013672
vn -0.0967407227 0.993652344 -0.0614013672
vn -0.0967407227 0.993652344 -0.0614013672
vn -0.535644531 0 0.844238281
vn -0.535644531 0 0.844238281
vn -0.535644531 0 0.844238281
vn -0.535644531 0 0.844238281
vn -0.535644531 0 0.844238281
vn -0.535644531 0 0.844238281
vn -0.535644531 0 0.844238281
vn -0.535644531 0 0.844238281
vn 0.535644531 0 -0.844238281
vn 0.535644531 0 -0.844238281
vn 0.535644531 0 -0.844238281
vn 0.535644531 0 -0.844238281
vn 0.535644531 0 -0.844238281
vn 0.535644531 0 -0.844238281
vn 0.535644531 0 -0.844238281
vn 0.535644531 0 -0.844238281
vn 0.838867188 0.114562988 0.532226562
vn 0.838867188 0.114562988 0.532226562
vn 0.838867188 0.114562988 0.532226562
vn 0.838867188 0.114562988 0.532226562
vn 0.838867188 0.114562988 0.532226562
vn 0.838867188 0.114562988 0.532226562
vn 0.0967407227 -0.993652344 0.0614013672
vn 0.0967407227 -0.993652344 0.0614013672
vn 0.0967407227 -0.993652344 0.0614013672
vn 0.0967407227 -0.993652344 0.0614013672
vn 0.0967407227 -0.993652344 0.0614013672
vn 0.0967407227 -0.993652344 0.0614013672
vn -0.248779297 -0.955566406 -0.157836914
vn -0.248779297 -0.955566406 -0.157836914
vn -0.248779297 -0.955566406 -0.157836914
vn -0.248779297 -0.955566406 -0.157836914
vn -0.0967407227 0.993652344 -0.0614013672
vn -0.0967407227 0.993652344 -0.0614013672
vn -0.0967407227 0.993652344 -0.0614013672
vn -0.0967407227 0.993652344 -0.0614013672
vn -0.0967407227 0.993652344 -0.0614013672
vn -0.0967407227 0.993652344 -0.0614013672
vn -0.0967407227 0.993652344 -0.0614013672
vn -0.0967407227 0.993652344 -0.0614013672
vn -0.0967407227 0.993652344 -0.0614013672
vn -0.0967407227 0.993652344 -0.0614013672
vn -0.0967407227 0.993652344 -0.0614013672
vn -0.0967407227 0.993652344 -0.0614013672
vn -0.0967407227 0.993652344 -0.0614013672
vn -0.0967407227 0.993652344 -0.0614013672
vn -0.0967407227 0.993652344 -0.0614013672
vn -0.0967407227 0.993652344 -0.0614013672
vn -0.838867188 -0.114562988 -0.532226562
vn -0.838867188 -0.114562988 -0.532226562
vn -0.838867188 -0.114562988 -0.532226562
vn -0.838867188 -0.114562988 -0.532226562
vn -0.838867188 -0.114562988 -0.532226562
vn -0.838867188 -0.114562988 -0.532226562
vn -0.838867188 -0.114562988 -0.532226562
vn -0.838867188 -0.114562988 -0.532226562
vn 0.838867188 0.114562988 0.532226562
vn 0.838867188 0.114562988 0.532226562
vn 0.838867188 0.114562988 0.532226562
vn 0.838867188 0.114562988 0.532226562
vn -0.838867188 -0.114562988 -0.532226562
vn -0.838867188 -0.114562988 -0.532226562
vn -0.838867188 -0.114562988 -0.532226562
vn -0.838867188 -0.114562988 -0.532226562
vn 0.535644531 0 -0.844238281
vn 0.535644531 0 -0.844238281
vn 0.535644531 0 -0.844238281
vn 0.535644531 0 -0.844238281
vn 0.0967407227 -0.993652344 0.0614013672
vn 0.0967407227 -0.993652344 0.0614013672
vn 0.0967407227 -0.993652344 0.0614013672
vn 0.0967407227 -0.993652344 0.0614013672
vn -0.535644531 0 0.844238281
vn -0.535644531 0 0.844238281
vn -0.535644531 0 0.844238281
vn -0.535644531 0 0.844238281
vn -0.0967407227 0.993652344 -0.0614013672
vn -0.0967407227 0.993652344 -0.0614013672
vn -0.0967407227 0.993652344 -0.0614013672
vn -0.0967407227 0.993652344 -0.0614013672
vn 0.535644531 -3.15904617E-06 -0.844238281
vn 0.535644531 -5.96046448E-08 -0.844238281
vn 0.535644531 -3.39746475E-06 -0.844238281
vn 0.535644531 1.1920929E-07 -0.844238281
vn 0.535644531 -2.98023224E-06 -0.844238281
vn 0.535644531 -3.15904617E-06 -0.844238281
vn 0.535644531 -2.98023224E-06 -0.844238281
vn 0.535644531 -2.98023224E-06 -0.844238281
vn 0.535644531 -1.78813934E-07 -0.844238281
vn 0.535644531 -5.96046448E-08 -0.844238281
vn 0.535644531 -5.36441803E-07 -0.844238281
vn 0.535644531 -4.76837158E-07 -0.844238281
vn 0.535644531 -2.86102295E-06 -0.844238281
vn 0.535644531 -2.98023224E-06 -0.844238281
vn -0.535644531 5.96046448E-08 0.844238281
vn -0.535644531 3.33786011E-06 0.844238281
vn -0.535644531 3.51667404E-06 0.844238281
vn -0.535644531 -5.96046448E-08 0.844238281
vn -0.535644531 -5.96046448E-08 0.844238281
vn -0.535644531 5.96046448E-08 0.844238281
vn -0.535644531 2.8014183E-06 0.844238281
vn -0.535644531 2.92062759E-06 0.844238281
vn -0.535644531 2.98023224E-07 0.844238281
vn -0.535644531 1.1920929E-07 0.844238281
vn -0.535644531 -4.76837158E-06 0.844238281
vn -0.535644531 -5.06639481E-06 0.844238281
vn -0.535644531 -2.74181366E-06 0.844238281
vn -0.535644531 -2.62260437E-06 0.844238281
vn -0.838867188 -0.114562988 -0.532226562
vn -0.838867188 -0.114562988 -0.532226562
vn -0.838867188 -0.114562988 -0.532226562
vn -0.838867188 -0.114562988 -0.532226562
vn -0.594726562 -0.709960938 -0.377197266
vn -0.264404297 -0.949707031 -0.167724609
vn -0.594726562 -0.709960938 -0.377197266
vn -0.264404297 -0.949707031 -0.167724609
vn 0.23034668 -0.961914062 0.146118164
vn 0.23034668 -0.961914062 0.146118164
vn 0.0998535156 -0.993164062 0.0633544922
vn 0.0998535156 -0.993164062 0.0633544922
vn -0.0362548828 -0.999023438 -0.0230102539
vn -0.0362548828 -0.999023438 -0.0230102539
vn 0.439941406 -0.853515625 0.279052734
vn 0.439941406 -0.853515625 0.279052734
vn 0.715332031 -0.53125 0.453857422
vn 0.715332031 -0.53125 0.453857422
vn 0.572753906 0.734863281 0.363525391
vn 0.248291016 0.955566406 0.157592773
vn 0.572753906 0.734863281 0.363525391
vn 0.248291016 0.955566406 0.157592773
vn -0.234008789 0.9609375 -0.1484375
vn -0.234008789 0.9609375 -0.1484375
vn -0.0999755859 0.993164062 -0.0634155273
vn -0.0999755859 0.993164062 -0.0634155273
vn 0.0399780273 0.999023438 0.0253601074
vn 0.0399780273 0.999023438 0.0253601074
vn -0.425537109 0.863769531 -0.270019531
vn -0.425537109 0.863769531 -0.270019531
vn -0.69921875 0.561035156 -0.443603516
vn -0.69921875 0.561035156 -0.443603516
vn 0.838867188 0.114562988 0.532226562
vn 0.838867188 0.114562988 0.532226562
vn 0.838867188 0.114562988 0.532226562
vn 0.838867188 0.114562988 0.532226562
vn 1 0 0
vn 1 0 0
vn 1 0 0
vn 1 0 0
vn -1 0 0
vn -1 0 0
vn -1 0 0
vn -1 0 0
vn -0 -0.17199707 -0.984863281
vn -0 -0.17199707 -0.984863281
vn -0 -0.17199707 -0.984863281
vn -0 -0.17199707 -0.984863281
vn -0 0.17199707 0.984863281
vn -0 0.17199707 0.984863281
vn -0 0.17199707 0.984863281
vn -0 0.17199707 0.984863281
vn 2.98023224E-07 -0.984863281 0.17199707
vn 2.98023224E-07 -0.984863281 0.17199707
vn 2.98023224E-07 -0.984863281 0.17199707
vn 2.98023224E-07 -0.984863281 0.17199707
vn -0 -0.984863281 0.17199707
vn -0 -0.984863281 0.17199707
vn -0 -0.984863281 0.17199707
vn -0 -0.984863281 0.17199707
vn -2.98023224E-07 -0.984863281 0.17199707
vn -2.98023224E-07 -0.984863281 0.17199707
vn -2.98023224E-07 -0.984863281 0.17199707
vn -2.98023224E-07 -0.984863281 0.17199707
vn -0 -0.984863281 0.17199707
vn -0 -0.984863281 0.17199707
vn -0 -0.984863281 0.17199707
vn -0 -0.984863281 0.17199707
vn 1 0 0
vn 1 0 0
vn 1 0 0
vn 1 0 0
vn -0 0.17199707 0.984863281
vn -0 0.17199707 0.984863281
vn -0 0.17199707 0.984863281
vn -0 0.17199707 0.984863281
vn -1 0 0
vn -1 0 0
vn -1 0 0
vn -1 0 0
vn -0 -0.17199707 -0.984863281
vn -0 -0.17199707 -0.984863281
vn -0 -0.17199707 -0.984863281
vn -0 -0.17199707 -0.984863281
vn -0 -0.984863281 0.17199707
vn -0 -0.984863281 0.17199707
vn -0 -0.984863281 0.17199707
vn -0 -0.984863281 0.17199707
vn -0.482910156 0.0238494873 0.875488281
vn -0.482910156 0.0238494873 0.875488281
vn 0.161499023 0.0217132568 0.986816406
vn 0.162963867 0.021697998 0.986328125
vn -0.421142578 0.0265045166 0.906738281
vn -0.414794922 0.0115585327 0.909667969
vn 0.161987305 0.00524139404 0.986816406
vn -0.823730469 -0.367919922 0.430908203
vn 0.0757446289 -0.778320312 0.623535156
vn -0.811035156 0.0198822021 0.584472656
vn -0.823730469 -0.367919922 0.430908203
vn -0.811035156 0.0199432373 0.584472656
vn -0.791992188 0.0267333984 0.609863281
vn -0.791992188 0.0267333984 0.609863281
vn -0.955078125 0.018951416 -0.295654297
vn -0.918457031 -0.368652344 -0.14453125
vn -0.955078125 0.0190124512 -0.295898438
vn -0.9453125 0.0258178711 -0.325683594
vn -0.9453125 0.0258178711 -0.325683594
vn -0.162231445 0.0032043457 -0.986816406
vn -0.127319336 -0.779785156 -0.61328125
vn -0.684570312 0.00987243652 -0.729003906
vn -0.162597656 0.0196380615 -0.986328125
vn -0.689453125 0.0248565674 -0.723632812
vn -0.737304688 0.0222015381 -0.675292969
vn -0.161132812 0.0196075439 -0.986816406
vn -0.737304688 0.0222015381 -0.675292969
vn 0.972167969 -0.0205078125 0.233154297
vn 0.972167969 -0.0205078125 0.233154297
vn 0.972167969 -0.0205078125 0.233154297
vn 0.972167969 -0.0205078125 0.233154297
vn -0.847167969 0.00174808502 0.531738281
vn -0.847167969 0.00174808502 0.531738281
vn -0.847167969 0.00174808502 0.531738281
vn -0.847167969 0.00174808502 0.531738281
vn -0.423095703 -0.814941406 0.396484375
vn -0.423095703 -0.814941406 0.396484375
vn 0.0228424072 -0.916503906 0.398925781
vn 0.0796508789 -0.916015625 0.393310547
vn 0.538574219 -0.789550781 0.294677734
vn 0.538574219 -0.789550781 0.294677734
vn 0.955566406 -0.00165557861 0.295166016
vn 0.945800781 0.00550079346 0.324707031
vn 0.945800781 0.00550079346 0.324707031
vn 0.955566406 -0.00171756744 0.294921875
vn 0.83203125 -0.538085938 0.134887695
vn 0.83203125 -0.538085938 0.134887695
vn 0.630371094 -0.00171470642 0.776367188
vn 0.0757446289 -0.778320312 0.623535156
vn 0.161987305 0.00524139404 0.986816406
vn 0.635742188 0.0134277344 0.771484375
vn 0.162231445 0.023147583 0.986328125
vn 0.162963867 0.021697998 0.986328125
vn 0.684570312 0.0119018555 0.728515625
vn 0.684570312 0.0119018555 0.728515625
vn 0.745605469 -0.538085938 -0.393066406
vn 0.810546875 -0.00263023376 -0.5859375
vn 0.810058594 -0.00256919861 -0.5859375
vn 0.791503906 0.00458526611 -0.611328125
vn 0.791503906 0.00458526611 -0.611328125
vn 0.349609375 -0.0034942627 -0.937011719
vn -0.127319336 -0.779785156 -0.61328125
vn -0.162231445 0.0032043457 -0.986816406
vn 0.356201172 0.0116882324 -0.934570312
vn -0.161865234 0.0211486816 -0.986816406
vn -0.161132812 0.0196075439 -0.986816406
vn 0.415527344 0.0101776123 -0.909667969
vn 0.415527344 0.0101776123 -0.909667969
vn -0.78515625 -0.389404297 0.481933594
vn 0.164794922 -0.115539551 0.979492188
vn -0.927734375 0.0527954102 0.370117188
vn -0.78515625 -0.389404297 0.481933594
vn -0.927734375 0.0527954102 0.370117188
vn -0.997070312 0.0523986816 -0.0540466309
vn -0.897949219 -0.389892578 -0.204589844
vn -0.157104492 -0.117553711 -0.98046875
vn -0.847167969 0.12890625 0.515136719
vn -0.847167969 0.111572266 0.51953125
vn -0.875488281 -0.323242188 0.358886719
vn 0.0468444824 -0.93359375 0.354980469
vn -0.923339844 -0.309082031 -0.228027344
vn -0.0930175781 -0.859863281 -0.502441406
vn 0.162109375 0.00952148438 0.986816406
vn 0.16003418 -0.102355957 0.981933594
vn 0.162353516 0.109985352 0.98046875
vn -0.934082031 0.287597656 -0.211669922
vn -0.880859375 0.330078125 0.339111328
vn -0.806152344 0.414550781 0.421875
vn -0.806152344 0.414550781 0.421875
vn -0.965332031 0.110290527 -0.235717773
vn -0.880371094 0.444580078 -0.166381836
vn -0.88671875 0.438964844 -0.146118164
vn -0.934570312 -0.346435547 0.0822753906
vn -0.0192565918 -0.999023438 -0.0428771973
vn -0.867675781 0.474365234 -0.148193359
vn -0.866699219 -0.4375 0.239501953
vn -0.156494141 -0.337890625 -0.928222656
vn 0.0242156982 -0.975097656 0.220092773
vn -0.126464844 -0.683105469 -0.719238281
vn -0.0805053711 -0.90234375 -0.423339844
vn 0.998046875 0.0293273926 0.0540161133
vn 0.164794922 -0.115539551 0.979492188
vn -0.78515625 -0.389404297 0.481933594
vn 0.740722656 -0.653808594 0.154296875
vn 0.0468444824 -0.93359375 0.354980469
vn 0.998046875 0.0293273926 0.0540161133
vn 0.0468444824 -0.93359375 0.354980469
vn -0.0930175781 -0.859863281 -0.502441406
vn -0.0930175781 -0.859863281 -0.502441406
vn 0.16003418 -0.102355957 0.981933594
vn 0.16003418 -0.102355957 0.981933594
vn 0.778320312 -0.373779297 -0.504882812
vn 0.162109375 0.00952148438 0.986816406
vn 0.918457031 -0.390869141 0.0628662109
vn -0.060760498 0.897460938 -0.436767578
vn 0.162353516 0.109985352 0.98046875
vn 0.0550842285 0.962890625 0.263671875
vn 0.91015625 0.406738281 0.0764770508
vn 0.983398438 0.0806274414 0.161376953
vn 0.740722656 -0.653808594 0.154296875
vn 0.982421875 0.103393555 0.15612793
vn 0.91015625 0.406738281 0.0764770508
vn 0.812988281 0.438476562 -0.383544922
vn 0.652832031 -0.654296875 -0.381835938
vn 0.928222656 0.0288543701 -0.370361328
vn 0.872558594 0.0788574219 -0.481689453
vn -0.897949219 -0.389892578 -0.204589844
vn -0.157104492 -0.117553711 -0.98046875
vn -0.0192565918 -0.999023438 -0.0428771973
vn -0.0192565918 -0.999023438 -0.0428771973
vn 0.0242156982 -0.975097656 0.220092773
vn 0.887695312 -0.413574219 -0.201538086
vn -0.0642700195 0.88671875 -0.457275391
vn 0.0242156982 -0.975097656 0.220092773
vn -0.0805053711 -0.90234375 -0.423339844
vn 0.861328125 -0.5078125 -0.024017334
vn -0.0699462891 0.868652344 -0.490478516
vn -0.0805053711 -0.90234375 -0.423339844
vn -0.126464844 -0.683105469 -0.719238281
vn -0.126464844 -0.683105469 -0.719238281
vn -0.156494141 -0.337890625 -0.928222656
vn -0.156494141 -0.337890625 -0.928222656
vn 0.83203125 -0.538085938 0.134887695
vn 0.0757446289 -0.778320312 0.623535156
vn 0.123352051 -0.780273438 0.61328125
vn 0.83203125 -0.538085938 0.134887695
vn 0.164794922 -0.115539551 0.979492188
vn 0.998046875 0.0293273926 0.0540161133
vn 0.83203125 -0.538085938 0.134887695
vn 0.83203125 -0.538085938 0.134887695
vn 0.998046875 0.0293273926 0.0540161133
vn 0.928222656 0.0288543701 -0.370361328
vn 0.745605469 -0.538085938 -0.393066406
vn -0.157104492 -0.117553711 -0.98046875
vn 0.745605469 -0.538085938 -0.393066406
vn -0.0791015625 -0.78125 -0.618652344
vn -0.127319336 -0.779785156 -0.61328125
vn 0.16003418 -0.102355957 0.981933594
vn 0.16003418 -0.102355957 0.981933594
vn 0.162109375 0.00952148438 0.986816406
vn 0.162109375 0.00952148438 0.986816406
vn 0.162353516 0.109985352 0.98046875
vn 0.162353516 0.109985352 0.98046875
vn -0.934082031 0.287597656 -0.211669922
vn 0.162353516 0.109985352 0.98046875
vn 0.162353516 0.109985352 0.98046875
vn -0.060760498 0.897460938 -0.436767578
vn -0.880859375 0.330078125 0.339111328
vn 0.0550842285 0.962890625 0.263671875
vn -0.806152344 0.414550781 0.421875
vn 0.91015625 0.406738281 0.0764770508
vn 0.91015625 0.406738281 0.0764770508
vn -0.806152344 0.414550781 0.421875
vn -0.880371094 0.444580078 -0.166381836
vn 0.812988281 0.438476562 -0.383544922
vn -0.0642700195 0.88671875 -0.457275391
vn -0.88671875 0.438964844 -0.146118164
vn -0.0699462891 0.868652344 -0.490478516
vn -0.867675781 0.474365234 -0.148193359
vn -0.156494141 -0.337890625 -0.928222656
vn -0.156494141 -0.337890625 -0.928222656
vn 0.846191406 -0.0213012695 -0.532226562
vn 0.846191406 -0.0213012695 -0.532226562
vn 0.846191406 -0.0213012695 -0.532226562
vn 0.846191406 -0.0213012695 -0.532226562
vn -0.97265625 0.000945091248 -0.233154297
vn -0.97265625 0.000945091248 -0.233154297
vn -0.97265625 0.000945091248 -0.233154297
vn -0.97265625 0.000945091248 -0.233154297
vn -0.52734375 -0.815429688 -0.238769531
vn -0.105651855 -0.917480469 -0.383789062
vn -0.52734375 -0.815429688 -0.238769531
vn -0.0499572754 -0.916503906 -0.396484375
vn 0.416259766 -0.790039062 -0.449951172
vn 0.416259766 -0.790039062 -0.449951172
vn -0.157104492 -0.117553711 -0.98046875
vn -0.997070312 0.0523986816 -0.0540466309
vn -0.918457031 -0.368652344 -0.14453125
vn -0.0791015625 -0.78125 -0.618652344
vn -0.127319336 -0.779785156 -0.61328125
vn -0.918457031 -0.368652344 -0.14453125
vn -0.927734375 0.0527954102 0.370117188
vn -0.823730469 -0.367919922 0.430908203
vn -0.823730469 -0.367919922 0.430908203
vn -0.823730469 -0.367919922 0.430908203
vn -0.823730469 -0.367919922 0.430908203
vn -0.927734375 0.0527954102 0.370117188
vn 0.0757446289 -0.778320312 0.623535156
vn 0.164794922 -0.115539551 0.979492188
vn 0.123352051 -0.780273438 0.61328125
g Combined Mesh (root: scene) 18_0
f 3/3/3 2/2/2 1/1/1
f 4/4/4 3/3/3 1/1/1
f 7/7/7 6/6/6 5/5/5
f 8/8/8 7/7/7 5/5/5
f 11/11/11 10/10/10 9/9/9
f 12/12/12 11/11/11 9/9/9
g Combined Mesh (root: scene) 18_1
f 15/15/15 14/14/14 13/13/13
f 16/16/16 15/15/15 13/13/13
f 19/19/19 18/18/18 17/17/17
f 20/20/20 19/19/19 17/17/17
f 23/23/23 22/22/22 21/21/21
f 24/24/24 23/23/23 21/21/21
f 27/27/27 26/26/26 25/25/25
f 28/28/28 27/27/27 25/25/25
f 31/31/31 30/30/30 29/29/29
f 32/32/32 31/31/31 29/29/29
f 35/35/35 34/34/34 33/33/33
f 36/36/36 35/35/35 33/33/33
f 39/39/39 38/38/38 37/37/37
f 40/40/40 39/39/39 37/37/37
f 43/43/43 42/42/42 41/41/41
f 44/44/44 43/43/43 41/41/41
f 47/47/47 46/46/46 45/45/45
f 48/48/48 47/47/47 45/45/45
f 51/51/51 50/50/50 49/49/49
f 52/52/52 51/51/51 49/49/49
f 55/55/55 54/54/54 53/53/53
f 56/56/56 55/55/55 53/53/53
f 59/59/59 58/58/58 57/57/57
f 60/60/60 59/59/59 57/57/57
g Combined Mesh (root: scene) 18_2
f 63/63/63 62/62/62 61/61/61
f 64/64/64 63/63/63 61/61/61
g Combined Mesh (root: scene) 18_3
f 67/67/67 66/66/66 65/65/65
f 70/70/70 69/69/69 68/68/68
f 73/73/73 72/72/72 71/71/71
f 76/76/76 75/75/75 74/74/74
f 79/79/79 78/78/78 77/77/77
f 82/82/82 81/81/81 80/80/80
f 85/85/85 84/84/84 83/83/83
f 88/88/88 87/87/87 86/86/86
f 91/91/91 90/90/90 89/89/89
f 94/94/94 93/93/93 92/92/92
f 97/97/97 96/96/96 95/95/95
f 100/100/100 99/99/99 98/98/98
f 103/103/103 102/102/102 101/101/101
f 106/106/106 105/105/105 104/104/104
f 109/109/109 108/108/108 107/107/107
f 112/112/112 111/111/111 110/110/110
f 115/115/115 114/114/114 113/113/113
f 116/116/116 115/115/115 113/113/113
f 117/117/117 115/115/115 116/116/116
f 116/116/116 113/113/113 118/118/118
f 113/113/113 119/119/119 118/118/118
f 119/119/119 120/120/120 118/118/118
f 121/121/121 117/117/117 116/116/116
f 122/122/122 117/117/117 121/121/121
f 116/116/116 118/118/118 123/123/123
f 118/118/118 120/120/120 123/123/123
f 121/121/121 116/116/116 123/123/123
f 123/123/123 120/120/120 124/124/124
f 121/121/121 123/123/123 124/124/124
f 124/124/124 120/120/120 125/125/125
f 126/126/126 122/122/122 121/121/121
f 126/126/126 121/121/121 124/124/124
f 126/126/126 124/124/124 125/125/125
f 127/127/127 122/122/122 126/126/126
f 128/128/128 126/126/126 125/125/125
f 128/128/128 127/127/127 126/126/126
f 131/131/131 130/130/130 129/129/129
f 132/132/132 131/131/131 129/129/129
f 133/133/133 131/131/131 132/132/132
f 132/132/132 129/129/129 134/134/134
f 129/129/129 135/135/135 134/134/134
f 135/135/135 136/136/136 134/134/134
f 137/137/137 133/133/133 132/132/132
f 138/138/138 133/133/133 137/137/137
f 132/132/132 134/134/134 139/139/139
f 134/134/134 136/136/136 139/139/139
f 137/137/137 132/132/132 139/139/139
f 139/139/139 136/136/136 140/140/140
f 137/137/137 139/139/139 140/140/140
f 140/140/140 136/136/136 141/141/141
f 142/142/142 138/138/138 137/137/137
f 142/142/142 137/137/137 140/140/140
f 142/142/142 140/140/140 141/141/141
f 143/143/143 138/138/138 142/142/142
f 144/144/144 142/142/142 141/141/141
f 144/144/144 143/143/143 142/142/142
f 147/147/147 146/146/146 145/145/145
f 148/148/148 147/147/147 145/145/145
f 149/149/149 147/147/147 148/148/148
f 148/148/148 145/145/145 150/150/150
f 145/145/145 151/151/151 150/150/150
f 151/151/151 152/152/152 150/150/150
f 153/153/153 149/149/149 148/148/148
f 154/154/154 149/149/149 153/153/153
f 148/148/148 150/150/150 155/155/155
f 150/150/150 152/152/152 155/155/155
f 153/153/153 148/148/148 155/155/155
f 155/155/155 152/152/152 156/156/156
f 153/153/153 155/155/155 156/156/156
f 156/156/156 152/152/152 157/157/157
f 158/158/158 154/154/154 153/153/153
f 158/158/158 153/153/153 156/156/156
f 158/158/158 156/156/156 157/157/157
f 159/159/159 154/154/154 158/158/158
f 160/160/160 158/158/158 157/157/157
f 160/160/160 159/159/159 158/158/158
f 163/163/163 162/162/162 161/161/161
f 164/164/164 163/163/163 161/161/161
f 165/165/165 163/163/163 164/164/164
f 164/164/164 161/161/161 166/166/166
f 161/161/161 167/167/167 166/166/166
f 167/167/167 168/168/168 166/166/166
f 169/169/169 165/165/165 164/164/164
f 170/170/170 165/165/165 169/169/169
f 164/164/164 166/166/166 171/171/171
f 166/166/166 168/168/168 171/171/171
f 169/169/169 164/164/164 171/171/171
f 171/171/171 168/168/168 172/172/172
f 169/169/169 171/171/171 172/172/172
f 172/172/172 168/168/168 173/173/173
f 174/174/174 170/170/170 169/169/169
f 174/174/174 169/169/169 172/172/172
f 174/174/174 172/172/172 173/173/173
f 175/175/175 170/170/170 174/174/174
f 176/176/176 174/174/174 173/173/173
f 176/176/176 175/175/175 174/174/174
g Combined Mesh (root: scene) 18_4
f 179/179/179 178/178/178 177/177/177
f 182/182/182 181/181/181 180/180/180
f 185/185/185 184/184/184 183/183/183
f 188/188/188 187/187/187 186/186/186
f 191/191/191 190/190/190 189/189/189
f 194/194/194 193/193/193 192/192/192
f 197/197/197 196/196/196 195/195/195
f 200/200/200 199/199/199 198/198/198
f 203/203/203 202/202/202 201/201/201
f 206/206/206 205/205/205 204/204/204
f 209/209/209 208/208/208 207/207/207
f 212/212/212 211/211/211 210/210/210
f 215/215/215 214/214/214 213/213/213
f 218/218/218 217/217/217 216/216/216
f 221/221/221 220/220/220 219/219/219
f 224/224/224 223/223/223 222/222/222
f 227/227/227 226/226/226 225/225/225
f 228/228/228 227/227/227 225/225/225
f 229/229/229 227/227/227 228/228/228
f 228/228/228 225/225/225 230/230/230
f 225/225/225 231/231/231 230/230/230
f 231/231/231 232/232/232 230/230/230
f 233/233/233 229/229/229 228/228/228
f 234/234/234 229/229/229 233/233/233
f 228/228/228 230/230/230 235/235/235
f 230/230/230 232/232/232 235/235/235
f 233/233/233 228/228/228 235/235/235
f 235/235/235 232/232/232 236/236/236
f 233/233/233 235/235/235 236/236/236
f 236/236/236 232/232/232 237/237/237
f 238/238/238 234/234/234 233/233/233
f 238/238/238 233/233/233 236/236/236
f 238/238/238 236/236/236 237/237/237
f 239/239/239 234/234/234 238/238/238
f 240/240/240 238/238/238 237/237/237
f 240/240/240 239/239/239 238/238/238
f 243/243/243 242/242/242 241/241/241
f 244/244/244 243/243/243 241/241/241
f 245/245/245 243/243/243 244/244/244
f 244/244/244 241/241/241 246/246/246
f 241/241/241 247/247/247 246/246/246
f 247/247/247 248/248/248 246/246/246
f 249/249/249 245/245/245 244/244/244
f 250/250/250 245/245/245 249/249/249
f 244/244/244 246/246/246 251/251/251
f 246/246/246 248/248/248 251/251/251
f 249/249/249 244/244/244 251/251/251
f 251/251/251 248/248/248 252/252/252
f 249/249/249 251/251/251 252/252/252
f 252/252/252 248/248/248 253/253/253
f 254/254/254 250/250/250 249/249/249
f 254/254/254 249/249/249 252/252/252
f 254/254/254 252/252/252 253/253/253
f 255/255/255 250/250/250 254/254/254
f 256/256/256 254/254/254 253/253/253
f 256/256/256 255/255/255 254/254/254
f 259/259/259 258/258/258 257/257/257
f 260/260/260 259/259/259 257/257/257
f 261/261/261 259/259/259 260/260/260
f 260/260/260 257/257/257 262/262/262
f 257/257/257 263/263/263 262/262/262
f 263/263/263 264/264/264 262/262/262
f 265/265/265 261/261/261 260/260/260
f 266/266/266 261/261/261 265/265/265
f 260/260/260 262/262/262 267/267/267
f 262/262/262 264/264/264 267/267/267
f 265/265/265 260/260/260 267/267/267
f 267/267/267 264/264/264 268/268/268
f 265/265/265 267/267/267 268/268/268
f 268/268/268 264/264/264 269/269/269
f 270/270/270 266/266/266 265/265/265
f 270/270/270 265/265/265 268/268/268
f 270/270/270 268/268/268 269/269/269
f 271/271/271 266/266/266 270/270/270
f 272/272/272 270/270/270 269/269/269
f 272/272/272 271/271/271 270/270/270
f 275/275/275 274/274/274 273/273/273
f 276/276/276 275/275/275 273/273/273
f 277/277/277 275/275/275 276/276/276
f 276/276/276 273/273/273 278/278/278
f 273/273/273 279/279/279 278/278/278
f 279/279/279 280/280/280 278/278/278
f 281/281/281 277/277/277 276/276/276
f 282/282/282 277/277/277 281/281/281
f 276/276/276 278/278/278 283/283/283
f 278/278/278 280/280/280 283/283/283
f 281/281/281 276/276/276 283/283/283
f 283/283/283 280/280/280 284/284/284
f 281/281/281 283/283/283 284/284/284
f 284/284/284 280/280/280 285/285/285
f 286/286/286 282/282/282 281/281/281
f 286/286/286 281/281/281 284/284/284
f 286/286/286 284/284/284 285/285/285
f 287/287/287 282/282/282 286/286/286
f 288/288/288 286/286/286 285/285/285
f 288/288/288 287/287/287 286/286/286
g Combined Mesh (root: scene) 18_5
f 291/291/291 290/290/290 289/289/289
f 292/292/292 291/291/291 289/289/289
f 295/295/295 294/294/294 293/293/293
f 296/296/296 295/295/295 293/293/293
f 299/299/299 298/298/298 297/297/297
f 300/300/300 299/299/299 297/297/297
f 303/303/303 302/302/302 301/301/301
f 304/304/304 303/303/303 301/301/301
f 307/307/307 306/306/306 305/305/305
f 308/308/308 307/307/307 305/305/305
f 311/311/311 310/310/310 309/309/309
f 312/312/312 311/311/311 309/309/309
f 315/315/315 314/314/314 313/313/313
f 316/316/316 315/315/315 313/313/313
f 319/319/319 318/318/318 317/317/317
f 320/320/320 319/319/319 317/317/317
f 323/323/323 322/322/322 321/321/321
f 324/324/324 323/323/323 321/321/321
f 327/327/327 326/326/326 325/325/325
f 328/328/328 327/327/327 325/325/325
f 331/331/331 330/330/330 329/329/329
f 332/332/332 331/331/331 329/329/329
f 335/335/335 334/334/334 333/333/333
f 336/336/336 335/335/335 333/333/333
g Combined Mesh (root: scene) 18_6
f 339/339/339 338/338/338 337/337/337
f 340/340/340 339/339/339 337/337/337
g Combined Mesh (root: scene) 18_7
f 343/343/343 342/342/342 341/341/341
f 346/346/346 345/345/345 344/344/344
f 349/349/349 348/348/348 347/347/347
f 352/352/352 351/351/351 350/350/350
f 355/355/355 354/354/354 353/353/353
f 358/358/358 357/357/357 356/356/356
f 361/361/361 360/360/360 359/359/359
f 364/364/364 363/363/363 362/362/362
f 367/367/367 366/366/366 365/365/365
f 370/370/370 369/369/369 368/368/368
f 373/373/373 372/372/372 371/371/371
f 376/376/376 375/375/375 374/374/374
f 379/379/379 378/378/378 377/377/377
f 382/382/382 381/381/381 380/380/380
f 385/385/385 384/384/384 383/383/383
f 388/388/388 387/387/387 386/386/386
f 391/391/391 390/390/390 389/389/389
f 392/392/392 391/391/391 389/389/389
f 393/393/393 391/391/391 392/392/392
f 392/392/392 389/389/389 394/394/394
f 389/389/389 395/395/395 394/394/394
f 395/395/395 396/396/396 394/394/394
f 397/397/397 393/393/393 392/392/392
f 398/398/398 393/393/393 397/397/397
f 392/392/392 394/394/394 399/399/399
f 394/394/394 396/396/396 399/399/399
f 397/397/397 392/392/392 399/399/399
f 399/399/399 396/396/396 400/400/400
f 397/397/397 399/399/399 400/400/400
f 400/400/400 396/396/396 401/401/401
f 402/402/402 398/398/398 397/397/397
f 402/402/402 397/397/397 400/400/400
f 402/402/402 400/400/400 401/401/401
f 403/403/403 398/398/398 402/402/402
f 404/404/404 402/402/402 401/401/401
f 404/404/404 403/403/403 402/402/402
f 407/407/407 406/406/406 405/405/405
f 408/408/408 407/407/407 405/405/405
f 409/409/409 407/407/407 408/408/408
f 408/408/408 405/405/405 410/410/410
f 405/405/405 411/411/411 410/410/410
f 411/411/411 412/412/412 410/410/410
f 413/413/413 409/409/409 408/408/408
f 414/414/414 409/409/409 413/413/413
f 408/408/408 410/410/410 415/415/415
f 410/410/410 412/412/412 415/415/415
f 413/413/413 408/408/408 415/415/415
f 415/415/415 412/412/412 416/416/416
f 413/413/413 415/415/415 416/416/416
f 416/416/416 412/412/412 417/417/417
f 418/418/418 414/414/414 413/413/413
f 418/418/418 413/413/413 416/416/416
f 418/418/418 416/416/416 417/417/417
f 419/419/419 414/414/414 418/418/418
f 420/420/420 418/418/418 417/417/417
f 420/420/420 419/419/419 418/418/418
f 423/423/423 422/422/422 421/421/421
f 424/424/424 423/423/423 421/421/421
f 425/425/425 423/423/423 424/424/424
f 424/424/424 421/421/421 426/426/426
f 421/421/421 427/427/427 426/426/426
f 427/427/427 428/428/428 426/426/426
f 429/429/429 425/425/425 424/424/424
f 430/430/430 425/425/425 429/429/429
f 424/424/424 426/426/426 431/431/431
f 426/426/426 428/428/428 431/431/431
f 429/429/429 424/424/424 431/431/431
f 431/431/431 428/428/428 432/432/432
f 429/429/429 431/431/431 432/432/432
f 432/432/432 428/428/428 433/433/433
f 434/434/434 430/430/430 429/429/429
f 434/434/434 429/429/429 432/432/432
f 434/434/434 432/432/432 433/433/433
f 435/435/435 430/430/430 434/434/434
f 436/436/436 434/434/434 433/433/433
f 436/436/436 435/435/435 434/434/434
f 439/439/439 438/438/438 437/437/437
f 440/440/440 439/439/439 437/437/437
f 441/441/441 439/439/439 440/440/440
f 440/440/440 437/437/437 442/442/442
f 437/437/437 443/443/443 442/442/442
f 443/443/443 444/444/444 442/442/442
f 445/445/445 441/441/441 440/440/440
f 446/446/446 441/441/441 445/445/445
f 440/440/440 442/442/442 447/447/447
f 442/442/442 444/444/444 447/447/447
f 445/445/445 440/440/440 447/447/447
f 447/447/447 444/444/444 448/448/448
f 445/445/445 447/447/447 448/448/448
f 448/448/448 444/444/444 449/449/449
f 450/450/450 446/446/446 445/445/445
f 450/450/450 445/445/445 448/448/448
f 450/450/450 448/448/448 449/449/449
f 451/451/451 446/446/446 450/450/450
f 452/452/452 450/450/450 449/449/449
f 452/452/452 451/451/451 450/450/450
g Combined Mesh (root: scene) 18_8
f 455/455/455 454/454/454 453/453/453
f 456/456/456 455/455/455 453/453/453
f 459/459/459 458/458/458 457/457/457
f 460/460/460 459/459/459 457/457/457
f 463/463/463 462/462/462 461/461/461
f 464/464/464 463/463/463 461/461/461
f 467/467/467 466/466/466 465/465/465
f 468/468/468 467/467/467 465/465/465
f 471/471/471 470/470/470 469/469/469
f 472/472/472 471/471/471 469/469/469
f 475/475/475 474/474/474 473/473/473
f 476/476/476 475/475/475 473/473/473
f 479/479/479 478/478/478 477/477/477
f 480/480/480 479/479/479 477/477/477
f 483/483/483 482/482/482 481/481/481
f 484/484/484 483/483/483 481/481/481
f 487/487/487 486/486/486 485/485/485
f 488/488/488 487/487/487 485/485/485
f 491/491/491 490/490/490 489/489/489
f 492/492/492 491/491/491 489/489/489
f 495/495/495 494/494/494 493/493/493
f 496/496/496 495/495/495 493/493/493
f 499/499/499 498/498/498 497/497/497
f 500/500/500 499/499/499 497/497/497
g Combined Mesh (root: scene) 18_9
f 503/503/503 502/502/502 501/501/501
f 504/504/504 503/503/503 501/501/501
g Combined Mesh (root: scene) 18_10
f 507/507/507 506/506/506 505/505/505
f 508/508/508 507/507/507 505/505/505
f 511/511/511 510/510/510 509/509/509
f 512/512/512 511/511/511 509/509/509
f 515/515/515 514/514/514 513/513/513
f 516/516/516 515/515/515 513/513/513
f 519/519/519 518/518/518 517/517/517
f 520/520/520 519/519/519 517/517/517
f 523/523/523 522/522/522 521/521/521
f 524/524/524 523/523/523 521/521/521
f 527/527/527 526/526/526 525/525/525
f 528/528/528 527/527/527 525/525/525
f 531/531/531 530/530/530 529/529/529
f 532/532/532 531/531/531 529/529/529
f 535/535/535 534/534/534 533/533/533
f 536/536/536 535/535/535 533/533/533
f 539/539/539 538/538/538 537/537/537
f 540/540/540 539/539/539 537/537/537
f 543/543/543 542/542/542 541/541/541
f 544/544/544 543/543/543 541/541/541
f 547/547/547 546/546/546 545/545/545
f 548/548/548 547/547/547 545/545/545
f 551/551/551 550/550/550 549/549/549
f 552/552/552 551/551/551 549/549/549
g Combined Mesh (root: scene) 18_11
f 555/555/555 554/554/554 553/553/553
f 556/556/556 555/555/555 553/553/553
g Combined Mesh (root: scene) 18_12
f 559/559/559 558/558/558 557/557/557
f 560/560/560 559/559/559 557/557/557
f 563/563/563 562/562/562 561/561/561
f 564/564/564 563/563/563 561/561/561
f 567/567/567 566/566/566 565/565/565
f 568/568/568 567/567/567 565/565/565
f 571/571/571 570/570/570 569/569/569
f 572/572/572 571/571/571 569/569/569
f 575/575/575 574/574/574 573/573/573
f 576/576/576 575/575/575 573/573/573
f 579/579/579 578/578/578 577/577/577
f 580/580/580 579/579/579 577/577/577
f 583/583/583 582/582/582 581/581/581
f 584/584/584 583/583/583 581/581/581
f 587/587/587 586/586/586 585/585/585
f 588/588/588 587/587/587 585/585/585
f 591/591/591 590/590/590 589/589/589
f 592/592/592 591/591/591 589/589/589
f 595/595/595 594/594/594 593/593/593
f 596/596/596 595/595/595 593/593/593
f 599/599/599 598/598/598 597/597/597
f 600/600/600 599/599/599 597/597/597
f 603/603/603 602/602/602 601/601/601
f 604/604/604 603/603/603 601/601/601
g Combined Mesh (root: scene) 18_13
f 607/607/607 606/606/606 605/605/605
f 608/608/608 607/607/607 605/605/605
g Combined Mesh (root: scene) 18_14
f 611/611/611 610/610/610 609/609/609
f 612/612/612 611/611/611 609/609/609
f 615/615/615 614/614/614 613/613/613
f 616/616/616 615/615/615 613/613/613
f 619/619/619 618/618/618 617/617/617
f 620/620/620 619/619/619 617/617/617
f 623/623/623 622/622/622 621/621/621
f 624/624/624 623/623/623 621/621/621
f 627/627/627 626/626/626 625/625/625
f 628/628/628 627/627/627 625/625/625
f 631/631/631 630/630/630 629/629/629
f 632/632/632 631/631/631 629/629/629
f 635/635/635 634/634/634 633/633/633
f 636/636/636 635/635/635 633/633/633
f 639/639/639 638/638/638 637/637/637
f 640/640/640 639/639/639 637/637/637
f 643/643/643 642/642/642 641/641/641
f 644/644/644 643/643/643 641/641/641
f 647/647/647 646/646/646 645/645/645
f 648/648/648 647/647/647 645/645/645
f 651/651/651 650/650/650 649/649/649
f 652/652/652 651/651/651 649/649/649
f 655/655/655 654/654/654 653/653/653
f 656/656/656 655/655/655 653/653/653
g Combined Mesh (root: scene) 18_15
f 659/659/659 658/658/658 657/657/657
f 660/660/660 659/659/659 657/657/657
g Combined Mesh (root: scene) 18_16
f 663/663/663 662/662/662 661/661/661
f 662/662/662 664/664/664 661/661/661
f 661/661/661 664/664/664 665/665/665
f 666/666/666 662/662/662 663/663/663
f 667/667/667 666/666/666 663/663/663
f 664/664/664 668/668/668 665/665/665
f 665/665/665 668/668/668 669/669/669
f 662/662/662 670/670/670 664/664/664
f 666/666/666 670/670/670 662/662/662
f 664/664/664 670/670/670 668/668/668
f 671/671/671 666/666/666 667/667/667
f 671/671/671 670/670/670 666/666/666
f 672/672/672 671/671/671 667/667/667
f 669/669/669 673/673/673 672/672/672
f 668/668/668 673/673/673 669/669/669
f 668/668/668 670/670/670 673/673/673
f 673/673/673 671/671/671 672/672/672
f 673/673/673 670/670/670 671/671/671
f 676/676/676 675/675/675 674/674/674
f 674/674/674 675/675/675 677/677/677
f 675/675/675 678/678/678 677/677/677
f 679/679/679 676/676/676 674/674/674
f 680/680/680 676/676/676 679/679/679
f 677/677/677 678/678/678 681/681/681
f 678/678/678 682/682/682 681/681/681
f 677/677/677 683/683/683 674/674/674
f 674/674/674 683/683/683 679/679/679
f 681/681/681 683/683/683 677/677/677
f 684/684/684 680/680/680 679/679/679
f 679/679/679 683/683/683 684/684/684
f 685/685/685 680/680/680 684/684/684
f 682/682/682 685/685/685 686/686/686
f 681/681/681 682/682/682 686/686/686
f 686/686/686 683/683/683 681/681/681
f 686/686/686 685/685/685 684/684/684
f 684/684/684 683/683/683 686/686/686
g Combined Mesh (root: scene) 18_17
f 689/689/689 688/688/688 687/687/687
f 690/690/690 689/689/689 687/687/687
f 693/693/693 692/692/692 691/691/691
f 694/694/694 693/693/693 691/691/691
f 697/697/697 696/696/696 695/695/695
f 698/698/698 697/697/697 695/695/695
f 701/701/701 700/700/700 699/699/699
f 702/702/702 701/701/701 699/699/699
f 705/705/705 704/704/704 703/703/703
f 706/706/706 705/705/705 703/703/703
f 709/709/709 708/708/708 707/707/707
f 710/710/710 709/709/709 707/707/707
f 713/713/713 712/712/712 711/711/711
f 714/714/714 713/713/713 711/711/711
f 717/717/717 716/716/716 715/715/715
f 718/718/718 717/717/717 715/715/715
f 721/721/721 720/720/720 719/719/719
f 722/722/722 721/721/721 719/719/719
f 725/725/725 724/724/724 723/723/723
f 726/726/726 725/725/725 723/723/723
f 729/729/729 728/728/728 727/727/727
f 730/730/730 729/729/729 727/727/727
f 733/733/733 732/732/732 731/731/731
f 734/734/734 733/733/733 731/731/731
g Combined Mesh (root: scene) 18_18
f 737/737/737 736/736/736 735/735/735
f 738/738/738 737/737/737 735/735/735
g Combined Mesh (root: scene) 18_19
f 741/741/741 740/740/740 739/739/739
f 742/742/742 741/741/741 739/739/739
f 745/745/745 744/744/744 743/743/743
f 746/746/746 745/745/745 743/743/743
f 749/749/749 748/748/748 747/747/747
f 750/750/750 749/749/749 747/747/747
f 753/753/753 752/752/752 751/751/751
f 754/754/754 753/753/753 751/751/751
f 757/757/757 756/756/756 755/755/755
f 758/758/758 757/757/757 755/755/755
f 761/761/761 760/760/760 759/759/759
f 762/762/762 761/761/761 759/759/759
f 765/765/765 764/764/764 763/763/763
f 766/766/766 765/765/765 763/763/763
f 769/769/769 768/768/768 767/767/767
f 770/770/770 769/769/769 767/767/767
f 773/773/773 772/772/772 771/771/771
f 774/774/774 773/773/773 771/771/771
f 777/777/777 776/776/776 775/775/775
f 778/778/778 777/777/777 775/775/775
f 781/781/781 780/780/780 779/779/779
f 782/782/782 781/781/781 779/779/779
f 785/785/785 784/784/784 783/783/783
f 786/786/786 785/785/785 783/783/783
g Combined Mesh (root: scene) 18_20
f 789/789/789 788/788/788 787/787/787
f 790/790/790 789/789/789 787/787/787
g Combined Mesh (root: scene) 18_21
f 793/793/793 792/792/792 791/791/791
f 794/794/794 793/793/793 791/791/791
f 797/797/797 796/796/796 795/795/795
f 798/798/798 797/797/797 795/795/795
f 801/801/801 800/800/800 799/799/799
f 802/802/802 801/801/801 799/799/799
f 805/805/805 804/804/804 803/803/803
f 806/806/806 805/805/805 803/803/803
f 809/809/809 808/808/808 807/807/807
f 810/810/810 809/809/809 807/807/807
f 813/813/813 812/812/812 811/811/811
f 814/814/814 813/813/813 811/811/811
f 817/817/817 816/816/816 815/815/815
f 818/818/818 817/817/817 815/815/815
f 821/821/821 820/820/820 819/819/819
f 822/822/822 821/821/821 819/819/819
f 825/825/825 824/824/824 823/823/823
f 826/826/826 825/825/825 823/823/823
f 829/829/829 828/828/828 827/827/827
f 830/830/830 829/829/829 827/827/827
f 833/833/833 832/832/832 831/831/831
f 834/834/834 833/833/833 831/831/831
f 837/837/837 836/836/836 835/835/835
f 838/838/838 837/837/837 835/835/835
g Combined Mesh (root: scene) 18_22
f 841/841/841 840/840/840 839/839/839
f 842/842/842 841/841/841 839/839/839
g Combined Mesh (root: scene) 18_23
f 845/845/845 844/844/844 843/843/843
f 846/846/846 845/845/845 843/843/843
f 849/849/849 848/848/848 847/847/847
f 850/850/850 849/849/849 847/847/847
f 853/853/853 852/852/852 851/851/851
f 854/854/854 853/853/853 851/851/851
f 857/857/857 856/856/856 855/855/855
f 858/858/858 857/857/857 855/855/855
f 861/861/861 860/860/860 859/859/859
f 862/862/862 861/861/861 859/859/859
f 865/865/865 864/864/864 863/863/863
f 866/866/866 865/865/865 863/863/863
f 869/869/869 868/868/868 867/867/867
f 870/870/870 869/869/869 867/867/867
f 873/873/873 872/872/872 871/871/871
f 874/874/874 873/873/873 871/871/871
f 877/877/877 876/876/876 875/875/875
f 878/878/878 877/877/877 875/875/875
f 881/881/881 880/880/880 879/879/879
f 882/882/882 881/881/881 879/879/879
f 885/885/885 884/884/884 883/883/883
f 886/886/886 885/885/885 883/883/883
f 889/889/889 888/888/888 887/887/887
f 890/890/890 889/889/889 887/887/887
g Combined Mesh (root: scene) 18_24
f 893/893/893 892/892/892 891/891/891
f 894/894/894 893/893/893 891/891/891
g Combined Mesh (root: scene) 18_25
f 897/897/897 896/896/896 895/895/895
f 896/896/896 898/898/898 895/895/895
f 895/895/895 898/898/898 899/899/899
f 900/900/900 896/896/896 897/897/897
f 901/901/901 900/900/900 897/897/897
f 898/898/898 902/902/902 899/899/899
f 899/899/899 902/902/902 903/903/903
f 896/896/896 904/904/904 898/898/898
f 900/900/900 904/904/904 896/896/896
f 898/898/898 904/904/904 902/902/902
f 905/905/905 900/900/900 901/901/901
f 905/905/905 904/904/904 900/900/900
f 906/906/906 905/905/905 901/901/901
f 903/903/903 907/907/907 906/906/906
f 902/902/902 907/907/907 903/903/903
f 902/902/902 904/904/904 907/907/907
f 907/907/907 905/905/905 906/906/906
f 907/907/907 904/904/904 905/905/905
f 910/910/910 909/909/909 908/908/908
f 908/908/908 909/909/909 911/911/911
f 909/909/909 912/912/912 911/911/911
f 913/913/913 910/910/910 908/908/908
f 914/914/914 910/910/910 913/913/913
f 911/911/911 912/912/912 915/915/915
f 912/912/912 916/916/916 915/915/915
f 911/911/911 917/917/917 908/908/908
f 908/908/908 917/917/917 913/913/913
f 915/915/915 917/917/917 911/911/911
f 918/918/918 914/914/914 913/913/913
f 913/913/913 917/917/917 918/918/918
f 919/919/919 914/914/914 918/918/918
f 916/916/916 919/919/919 920/920/920
f 915/915/915 916/916/916 920/920/920
f 920/920/920 917/917/917 915/915/915
f 920/920/920 919/919/919 918/918/918
f 918/918/918 917/917/917 920/920/920
g Combined Mesh (root: scene) 18_26
f 923/923/923 922/922/922 921/921/921
f 922/922/922 924/924/924 921/921/921
f 921/921/921 924/924/924 925/925/925
f 926/926/926 922/922/922 923/923/923
f 927/927/927 926/926/926 923/923/923
f 924/924/924 928/928/928 925/925/925
f 925/925/925 928/928/928 929/929/929
f 922/922/922 930/930/930 924/924/924
f 926/926/926 930/930/930 922/922/922
f 924/924/924 930/930/930 928/928/928
f 931/931/931 926/926/926 927/927/927
f 931/931/931 930/930/930 926/926/926
f 932/932/932 931/931/931 927/927/927
f 929/929/929 933/933/933 932/932/932
f 928/928/928 933/933/933 929/929/929
f 928/928/928 930/930/930 933/933/933
f 933/933/933 931/931/931 932/932/932
f 933/933/933 930/930/930 931/931/931
f 936/936/936 935/935/935 934/934/934
f 934/934/934 935/935/935 937/937/937
f 935/935/935 938/938/938 937/937/937
f 939/939/939 936/936/936 934/934/934
f 940/940/940 936/936/936 939/939/939
f 937/937/937 938/938/938 941/941/941
f 938/938/938 942/942/942 941/941/941
f 937/937/937 943/943/943 934/934/934
f 934/934/934 943/943/943 939/939/939
f 941/941/941 943/943/943 937/937/937
f 944/944/944 940/940/940 939/939/939
f 939/939/939 943/943/943 944/944/944
f 945/945/945 940/940/940 944/944/944
f 942/942/942 945/945/945 946/946/946
f 941/941/941 942/942/942 946/946/946
f 946/946/946 943/943/943 941/941/941
f 946/946/946 945/945/945 944/944/944
f 944/944/944 943/943/943 946/946/946
g Combined Mesh (root: scene) 18_27
f 949/949/949 948/948/948 947/947/947
f 952/952/952 951/951/951 950/950/950
f 955/955/955 954/954/954 953/953/953
f 958/958/958 957/957/957 956/956/956
f 961/961/961 960/960/960 959/959/959
f 964/964/964 963/963/963 962/962/962
f 967/967/967 966/966/966 965/965/965
f 970/970/970 969/969/969 968/968/968
f 973/973/973 972/972/972 971/971/971
f 976/976/976 975/975/975 974/974/974
f 979/979/979 978/978/978 977/977/977
f 982/982/982 981/981/981 980/980/980
f 985/985/985 984/984/984 983/983/983
f 988/988/988 987/987/987 986/986/986
f 991/991/991 990/990/990 989/989/989
f 994/994/994 993/993/993 992/992/992
f 997/997/997 996/996/996 995/995/995
f 998/998/998 997/997/997 995/995/995
f 999/999/999 997/997/997 998/998/998
f 998/998/998 995/995/995 1000/1000/1000
f 995/995/995 1001/1001/1001 1000/1000/1000
f 1001/1001/1001 1002/1002/1002 1000/1000/1000
f 1003/1003/1003 999/999/999 998/998/998
f 1004/1004/1004 999/999/999 1003/1003/1003
f 998/998/998 1000/1000/1000 1005/1005/1005
f 1000/1000/1000 1002/1002/1002 1005/1005/1005
f 1003/1003/1003 998/998/998 1005/1005/1005
f 1005/1005/1005 1002/1002/1002 1006/1006/1006
f 1003/1003/1003 1005/1005/1005 1006/1006/1006
f 1006/1006/1006 1002/1002/1002 1007/1007/1007
f 1008/1008/1008 1004/1004/1004 1003/1003/1003
f 1008/1008/1008 1003/1003/1003 1006/1006/1006
f 1008/1008/1008 1006/1006/1006 1007/1007/1007
f 1009/1009/1009 1004/1004/1004 1008/1008/1008
f 1010/1010/1010 1008/1008/1008 1007/1007/1007
f 1010/1010/1010 1009/1009/1009 1008/1008/1008
f 1013/1013/1013 1012/1012/1012 1011/1011/1011
f 1014/1014/1014 1013/1013/1013 1011/1011/1011
f 1015/1015/1015 1013/1013/1013 1014/1014/1014
f 1014/1014/1014 1011/1011/1011 1016/1016/1016
f 1011/1011/1011 1017/1017/1017 1016/1016/1016
f 1017/1017/1017 1018/1018/1018 1016/1016/1016
f 1019/1019/1019 1015/1015/1015 1014/1014/1014
f 1020/1020/1020 1015/1015/1015 1019/1019/1019
f 1014/1014/1014 1016/1016/1016 1021/1021/1021
f 1016/1016/1016 1018/1018/1018 1021/1021/1021
f 1019/1019/1019 1014/1014/1014 1021/1021/1021
f 1021/1021/1021 1018/1018/1018 1022/1022/1022
f 1019/1019/1019 1021/1021/1021 1022/1022/1022
f 1022/1022/1022 1018/1018/1018 1023/1023/1023
f 1024/1024/1024 1020/1020/1020 1019/1019/1019
f 1024/1024/1024 1019/1019/1019 1022/1022/1022
f 1024/1024/1024 1022/1022/1022 1023/1023/1023
f 1025/1025/1025 1020/1020/1020 1024/1024/1024
f 1026/1026/1026 1024/1024/1024 1023/1023/1023
f 1026/1026/1026 1025/1025/1025 1024/1024/1024
f 1029/1029/1029 1028/1028/1028 1027/1027/1027
f 1030/1030/1030 1029/1029/1029 1027/1027/1027
f 1031/1031/1031 1029/1029/1029 1030/1030/1030
f 1030/1030/1030 1027/1027/1027 1032/1032/1032
f 1027/1027/1027 1033/1033/1033 1032/1032/1032
f 1033/1033/1033 1034/1034/1034 1032/1032/1032
f 1035/1035/1035 1031/1031/1031 1030/1030/1030
f 1036/1036/1036 1031/1031/1031 1035/1035/1035
f 1030/1030/1030 1032/1032/1032 1037/1037/1037
f 1032/1032/1032 1034/1034/1034 1037/1037/1037
f 1035/1035/1035 1030/1030/1030 1037/1037/1037
f 1037/1037/1037 1034/1034/1034 1038/1038/1038
f 1035/1035/1035 1037/1037/1037 1038/1038/1038
f 1038/1038/1038 1034/1034/1034 1039/1039/1039
f 1040/1040/1040 1036/1036/1036 1035/1035/1035
f 1040/1040/1040 1035/1035/1035 1038/1038/1038
f 1040/1040/1040 1038/1038/1038 1039/1039/1039
f 1041/1041/1041 1036/1036/1036 1040/1040/1040
f 1042/1042/1042 1040/1040/1040 1039/1039/1039
f 1042/1042/1042 1041/1041/1041 1040/1040/1040
f 1045/1045/1045 1044/1044/1044 1043/1043/1043
f 1046/1046/1046 1045/1045/1045 1043/1043/1043
f 1047/1047/1047 1045/1045/1045 1046/1046/1046
f 1046/1046/1046 1043/1043/1043 1048/1048/1048
f 1043/1043/1043 1049/1049/1049 1048/1048/1048
f 1049/1049/1049 1050/1050/1050 1048/1048/1048
f 1051/1051/1051 1047/1047/1047 1046/1046/1046
f 1052/1052/1052 1047/1047/1047 1051/1051/1051
f 1046/1046/1046 1048/1048/1048 1053/1053/1053
f 1048/1048/1048 1050/1050/1050 1053/1053/1053
f 1051/1051/1051 1046/1046/1046 1053/1053/1053
f 1053/1053/1053 1050/1050/1050 1054/1054/1054
f 1051/1051/1051 1053/1053/1053 1054/1054/1054
f 1054/1054/1054 1050/1050/1050 1055/1055/1055
f 1056/1056/1056 1052/1052/1052 1051/1051/1051
f 1056/1056/1056 1051/1051/1051 1054/1054/1054
f 1056/1056/1056 1054/1054/1054 1055/1055/1055
f 1057/1057/1057 1052/1052/1052 1056/1056/1056
f 1058/1058/1058 1056/1056/1056 1055/1055/1055
f 1058/1058/1058 1057/1057/1057 1056/1056/1056
g Combined Mesh (root: scene) 18_28
f 1061/1061/1061 1060/1060/1060 1059/1059/1059
f 1062/1062/1062 1061/1061/1061 1059/1059/1059
f 1065/1065/1065 1064/1064/1064 1063/1063/1063
f 1066/1066/1066 1065/1065/1065 1063/1063/1063
f 1069/1069/1069 1068/1068/1068 1067/1067/1067
f 1070/1070/1070 1069/1069/1069 1067/1067/1067
f 1073/1073/1073 1072/1072/1072 1071/1071/1071
f 1074/1074/1074 1073/1073/1073 1071/1071/1071
f 1077/1077/1077 1076/1076/1076 1075/1075/1075
f 1078/1078/1078 1077/1077/1077 1075/1075/1075
f 1081/1081/1081 1080/1080/1080 1079/1079/1079
f 1082/1082/1082 1081/1081/1081 1079/1079/1079
f 1085/1085/1085 1084/1084/1084 1083/1083/1083
f 1086/1086/1086 1085/1085/1085 1083/1083/1083
f 1089/1089/1089 1088/1088/1088 1087/1087/1087
f 1090/1090/1090 1089/1089/1089 1087/1087/1087
f 1093/1093/1093 1092/1092/1092 1091/1091/1091
f 1094/1094/1094 1093/1093/1093 1091/1091/1091
f 1097/1097/1097 1096/1096/1096 1095/1095/1095
f 1098/1098/1098 1097/1097/1097 1095/1095/1095
f 1101/1101/1101 1100/1100/1100 1099/1099/1099
f 1102/1102/1102 1101/1101/1101 1099/1099/1099
f 1105/1105/1105 1104/1104/1104 1103/1103/1103
f 1106/1106/1106 1105/1105/1105 1103/1103/1103
g Combined Mesh (root: scene) 18_29
f 1109/1109/1109 1108/1108/1108 1107/1107/1107
f 1110/1110/1110 1109/1109/1109 1107/1107/1107
g Combined Mesh (root: scene) 18_30
f 1113/1113/1113 1112/1112/1112 1111/1111/1111
f 1114/1114/1114 1111/1111/1111 1112/1112/1112
f 1112/1112/1112 1115/1115/1115 1114/1114/1114
f 1111/1111/1111 1114/1114/1114 1116/1116/1116
f 1117/1117/1117 1114/1114/1114 1115/1115/1115
f 1118/1118/1118 1116/1116/1116 1114/1114/1114
f 1114/1114/1114 1117/1117/1117 1118/1118/1118
f 1116/1116/1116 1118/1118/1118 1119/1119/1119
f 1120/1120/1120 1118/1118/1118 1117/1117/1117
f 1121/1121/1121 1119/1119/1119 1118/1118/1118
f 1118/1118/1118 1120/1120/1120 1121/1121/1121
f 1119/1119/1119 1121/1121/1121 1122/1122/1122
f 1123/1123/1123 1121/1121/1121 1120/1120/1120
f 1124/1124/1124 1122/1122/1122 1121/1121/1121
f 1121/1121/1121 1123/1123/1123 1124/1124/1124
f 1122/1122/1122 1124/1124/1124 1125/1125/1125
f 1126/1126/1126 1124/1124/1124 1123/1123/1123
f 1127/1127/1127 1125/1125/1125 1124/1124/1124
f 1124/1124/1124 1126/1126/1126 1127/1127/1127
f 1125/1125/1125 1127/1127/1127 1128/1128/1128
f 1129/1129/1129 1127/1127/1127 1126/1126/1126
f 1130/1130/1130 1128/1128/1128 1127/1127/1127
f 1127/1127/1127 1129/1129/1129 1130/1130/1130
f 1128/1128/1128 1130/1130/1130 1131/1131/1131
f 1132/1132/1132 1130/1130/1130 1129/1129/1129
f 1133/1133/1133 1131/1131/1131 1130/1130/1130
f 1130/1130/1130 1132/1132/1132 1133/1133/1133
f 1131/1131/1131 1133/1133/1133 1134/1134/1134
f 1135/1135/1135 1133/1133/1133 1132/1132/1132
f 1136/1136/1136 1134/1134/1134 1133/1133/1133
f 1133/1133/1133 1135/1135/1135 1136/1136/1136
f 1134/1134/1134 1136/1136/1136 1137/1137/1137
f 1138/1138/1138 1136/1136/1136 1135/1135/1135
f 1139/1139/1139 1137/1137/1137 1136/1136/1136
f 1136/1136/1136 1138/1138/1138 1139/1139/1139
f 1137/1137/1137 1139/1139/1139 1140/1140/1140
f 1141/1141/1141 1139/1139/1139 1138/1138/1138
f 1142/1142/1142 1140/1140/1140 1139/1139/1139
f 1139/1139/1139 1141/1141/1141 1142/1142/1142
f 1140/1140/1140 1142/1142/1142 1143/1143/1143
f 1144/1144/1144 1142/1142/1142 1141/1141/1141
f 1145/1145/1145 1143/1143/1143 1142/1142/1142
f 1142/1142/1142 1144/1144/1144 1145/1145/1145
f 1143/1143/1143 1145/1145/1145 1146/1146/1146
f 1147/1147/1147 1145/1145/1145 1144/1144/1144
f 1148/1148/1148 1146/1146/1146 1145/1145/1145
f 1145/1145/1145 1147/1147/1147 1148/1148/1148
f 1146/1146/1146 1148/1148/1148 1149/1149/1149
f 1150/1150/1150 1148/1148/1148 1147/1147/1147
f 1151/1151/1151 1149/1149/1149 1148/1148/1148
f 1148/1148/1148 1150/1150/1150 1151/1151/1151
f 1149/1149/1149 1151/1151/1151 1152/1152/1152
f 1153/1153/1153 1151/1151/1151 1150/1150/1150
f 1154/1154/1154 1152/1152/1152 1151/1151/1151
f 1151/1151/1151 1153/1153/1153 1154/1154/1154
f 1152/1152/1152 1154/1154/1154 1155/1155/1155
f 1156/1156/1156 1154/1154/1154 1153/1153/1153
f 1157/1157/1157 1155/1155/1155 1154/1154/1154
f 1154/1154/1154 1156/1156/1156 1157/1157/1157
f 1155/1155/1155 1157/1157/1157 1158/1158/1158
f 1159/1159/1159 1157/1157/1157 1156/1156/1156
f 1160/1160/1160 1158/1158/1158 1157/1157/1157
f 1157/1157/1157 1159/1159/1159 1160/1160/1160
f 1158/1158/1158 1160/1160/1160 1161/1161/1161
f 1162/1162/1162 1160/1160/1160 1159/1159/1159
f 1163/1163/1163 1161/1161/1161 1160/1160/1160
f 1160/1160/1160 1162/1162/1162 1163/1163/1163
f 1161/1161/1161 1163/1163/1163 1164/1164/1164
f 1165/1165/1165 1163/1163/1163 1162/1162/1162
f 1166/1166/1166 1164/1164/1164 1163/1163/1163
f 1163/1163/1163 1165/1165/1165 1166/1166/1166
f 1167/1167/1167 1166/1166/1166 1165/1165/1165
f 1170/1170/1170 1169/1169/1169 1168/1168/1168
f 1171/1171/1171 1168/1168/1168 1169/1169/1169
f 1169/1169/1169 1172/1172/1172 1171/1171/1171
f 1171/1171/1171 1173/1173/1173 1168/1168/1168
f 1174/1174/1174 1168/1168/1168 1173/1173/1173
f 1173/1173/1173 1171/1171/1171 1175/1175/1175
f 1176/1176/1176 1171/1171/1171 1172/1172/1172
f 1176/1176/1176 1175/1175/1175 1171/1171/1171
f 1172/1172/1172 1177/1177/1177 1176/1176/1176
f 1175/1175/1175 1176/1176/1176 1178/1178/1178
f 1179/1179/1179 1176/1176/1176 1177/1177/1177
f 1179/1179/1179 1178/1178/1178 1176/1176/1176
f 1177/1177/1177 1180/1180/1180 1179/1179/1179
f 1178/1178/1178 1179/1179/1179 1181/1181/1181
f 1182/1182/1182 1179/1179/1179 1180/1180/1180
f 1182/1182/1182 1181/1181/1181 1179/1179/1179
f 1180/1180/1180 1183/1183/1183 1182/1182/1182
f 1181/1181/1181 1182/1182/1182 1184/1184/1184
f 1185/1185/1185 1182/1182/1182 1183/1183/1183
f 1185/1185/1185 1184/1184/1184 1182/1182/1182
f 1183/1183/1183 1186/1186/1186 1185/1185/1185
f 1184/1184/1184 1185/1185/1185 1187/1187/1187
f 1188/1188/1188 1185/1185/1185 1186/1186/1186
f 1188/1188/1188 1187/1187/1187 1185/1185/1185
f 1186/1186/1186 1189/1189/1189 1188/1188/1188
f 1187/1187/1187 1188/1188/1188 1190/1190/1190
f 1191/1191/1191 1188/1188/1188 1189/1189/1189
f 1191/1191/1191 1190/1190/1190 1188/1188/1188
f 1189/1189/1189 1192/1192/1192 1191/1191/1191
f 1190/1190/1190 1191/1191/1191 1193/1193/1193
f 1194/1194/1194 1191/1191/1191 1192/1192/1192
f 1194/1194/1194 1193/1193/1193 1191/1191/1191
f 1192/1192/1192 1195/1195/1195 1194/1194/1194
f 1193/1193/1193 1194/1194/1194 1196/1196/1196
f 1197/1197/1197 1194/1194/1194 1195/1195/1195
f 1197/1197/1197 1196/1196/1196 1194/1194/1194
f 1195/1195/1195 1198/1198/1198 1197/1197/1197
f 1196/1196/1196 1197/1197/1197 1199/1199/1199
f 1200/1200/1200 1197/1197/1197 1198/1198/1198
f 1200/1200/1200 1199/1199/1199 1197/1197/1197
f 1198/1198/1198 1201/1201/1201 1200/1200/1200
f 1199/1199/1199 1200/1200/1200 1202/1202/1202
f 1203/1203/1203 1200/1200/1200 1201/1201/1201
f 1203/1203/1203 1202/1202/1202 1200/1200/1200
f 1201/1201/1201 1204/1204/1204 1203/1203/1203
f 1202/1202/1202 1203/1203/1203 1205/1205/1205
f 1206/1206/1206 1203/1203/1203 1204/1204/1204
f 1206/1206/1206 1205/1205/1205 1203/1203/1203
f 1204/1204/1204 1207/1207/1207 1206/1206/1206
f 1205/1205/1205 1206/1206/1206 1208/1208/1208
f 1209/1209/1209 1206/1206/1206 1207/1207/1207
f 1209/1209/1209 1208/1208/1208 1206/1206/1206
f 1207/1207/1207 1210/1210/1210 1209/1209/1209
f 1208/1208/1208 1209/1209/1209 1211/1211/1211
f 1212/1212/1212 1209/1209/1209 1210/1210/1210
f 1212/1212/1212 1211/1211/1211 1209/1209/1209
f 1210/1210/1210 1213/1213/1213 1212/1212/1212
f 1211/1211/1211 1212/1212/1212 1214/1214/1214
f 1215/1215/1215 1212/1212/1212 1213/1213/1213
f 1215/1215/1215 1214/1214/1214 1212/1212/1212
f 1213/1213/1213 1216/1216/1216 1215/1215/1215
f 1214/1214/1214 1215/1215/1215 1217/1217/1217
f 1218/1218/1218 1215/1215/1215 1216/1216/1216
f 1218/1218/1218 1217/1217/1217 1215/1215/1215
f 1216/1216/1216 1219/1219/1219 1218/1218/1218
f 1217/1217/1217 1218/1218/1218 1220/1220/1220
f 1221/1221/1221 1218/1218/1218 1219/1219/1219
f 1221/1221/1221 1220/1220/1220 1218/1218/1218
f 1219/1219/1219 1222/1222/1222 1221/1221/1221
f 1220/1220/1220 1221/1221/1221 1223/1223/1223
f 1224/1224/1224 1221/1221/1221 1222/1222/1222
f 1224/1224/1224 1223/1223/1223 1221/1221/1221
f 1227/1227/1227 1226/1226/1226 1225/1225/1225
f 1228/1228/1228 1225/1225/1225 1226/1226/1226
f 1225/1225/1225 1228/1228/1228 1229/1229/1229
f 1230/1230/1230 1229/1229/1229 1228/1228/1228
f 1229/1229/1229 1230/1230/1230 1231/1231/1231
f 1232/1232/1232 1231/1231/1231 1230/1230/1230
f 1231/1231/1231 1232/1232/1232 1233/1233/1233
f 1234/1234/1234 1233/1233/1233 1232/1232/1232
f 1233/1233/1233 1234/1234/1234 1235/1235/1235
f 1236/1236/1236 1235/1235/1235 1234/1234/1234
f 1235/1235/1235 1236/1236/1236 1237/1237/1237
f 1238/1238/1238 1237/1237/1237 1236/1236/1236
f 1237/1237/1237 1238/1238/1238 1239/1239/1239
f 1240/1240/1240 1239/1239/1239 1238/1238/1238
f 1239/1239/1239 1240/1240/1240 1241/1241/1241
f 1242/1242/1242 1241/1241/1241 1240/1240/1240
f 1241/1241/1241 1242/1242/1242 1243/1243/1243
f 1244/1244/1244 1243/1243/1243 1242/1242/1242
f 1243/1243/1243 1244/1244/1244 1245/1245/1245
f 1246/1246/1246 1245/1245/1245 1244/1244/1244
f 1245/1245/1245 1246/1246/1246 1247/1247/1247
f 1248/1248/1248 1247/1247/1247 1246/1246/1246
f 1247/1247/1247 1248/1248/1248 1249/1249/1249
f 1250/1250/1250 1249/1249/1249 1248/1248/1248
f 1249/1249/1249 1250/1250/1250 1251/1251/1251
f 1252/1252/1252 1251/1251/1251 1250/1250/1250
f 1251/1251/1251 1252/1252/1252 1253/1253/1253
f 1254/1254/1254 1253/1253/1253 1252/1252/1252
f 1253/1253/1253 1254/1254/1254 1255/1255/1255
f 1256/1256/1256 1255/1255/1255 1254/1254/1254
f 1255/1255/1255 1256/1256/1256 1257/1257/1257
f 1258/1258/1258 1257/1257/1257 1256/1256/1256
f 1257/1257/1257 1258/1258/1258 1259/1259/1259
f 1260/1260/1260 1259/1259/1259 1258/1258/1258
f 1259/1259/1259 1260/1260/1260 1261/1261/1261
f 1262/1262/1262 1261/1261/1261 1260/1260/1260
f 1265/1265/1265 1264/1264/1264 1263/1263/1263
f 1266/1266/1266 1264/1264/1264 1265/1265/1265
f 1267/1267/1267 1263/1263/1263 1264/1264/1264
f 1263/1263/1263 1267/1267/1267 1268/1268/1268
f 1264/1264/1264 1269/1269/1269 1267/1267/1267
f 1270/1270/1270 1269/1269/1269 1264/1264/1264
f 1264/1264/1264 1266/1266/1266 1270/1270/1270
f 1271/1271/1271 1270/1270/1270 1266/1266/1266
f 1268/1268/1268 1267/1267/1267 1272/1272/1272
f 1273/1273/1273 1270/1270/1270 1271/1271/1271
f 1274/1274/1274 1272/1272/1272 1267/1267/1267
f 1267/1267/1267 1269/1269/1269 1274/1274/1274
f 1272/1272/1272 1274/1274/1274 1275/1275/1275
f 1275/1275/1275 1274/1274/1274 1276/1276/1276
f 1270/1270/1270 1273/1273/1273 1277/1277/1277
f 1277/1277/1277 1269/1269/1269 1270/1270/1270
f 1278/1278/1278 1277/1277/1277 1273/1273/1273
f 1279/1279/1279 1277/1277/1277 1278/1278/1278
f 1280/1280/1280 1276/1276/1276 1274/1274/1274
f 1274/1274/1274 1269/1269/1269 1280/1280/1280
f 1276/1276/1276 1280/1280/1280 1281/1281/1281
f 1281/1281/1281 1280/1280/1280 1282/1282/1282
f 1277/1277/1277 1279/1279/1279 1283/1283/1283
f 1283/1283/1283 1269/1269/1269 1277/1277/1277
f 1284/1284/1284 1283/1283/1283 1279/1279/1279
f 1285/1285/1285 1283/1283/1283 1284/1284/1284
f 1286/1286/1286 1282/1282/1282 1280/1280/1280
f 1280/1280/1280 1269/1269/1269 1286/1286/1286
f 1282/1282/1282 1286/1286/1286 1287/1287/1287
f 1287/1287/1287 1286/1286/1286 1288/1288/1288
f 1283/1283/1283 1285/1285/1285 1289/1289/1289
f 1289/1289/1289 1269/1269/1269 1283/1283/1283
f 1286/1286/1286 1269/1269/1269 1289/1289/1289
f 1289/1289/1289 1288/1288/1288 1286/1286/1286
f 1290/1290/1290 1289/1289/1289 1285/1285/1285
f 1288/1288/1288 1289/1289/1289 1290/1290/1290
f 1293/1293/1293 1292/1292/1292 1291/1291/1291
f 1291/1291/1291 1292/1292/1292 1294/1294/1294
f 1295/1295/1295 1292/1292/1292 1293/1293/1293
f 1294/1294/1294 1292/1292/1292 1296/1296/1296
f 1297/1297/1297 1292/1292/1292 1295/1295/1295
f 1296/1296/1296 1292/1292/1292 1298/1298/1298
f 1299/1299/1299 1292/1292/1292 1297/1297/1297
f 1298/1298/1298 1292/1292/1292 1300/1300/1300
f 1301/1301/1301 1292/1292/1292 1299/1299/1299
f 1300/1300/1300 1292/1292/1292 1302/1302/1302
f 1303/1303/1303 1292/1292/1292 1301/1301/1301
f 1302/1302/1302 1292/1292/1292 1304/1304/1304
f 1305/1305/1305 1292/1292/1292 1303/1303/1303
f 1304/1304/1304 1292/1292/1292 1306/1306/1306
f 1307/1307/1307 1292/1292/1292 1305/1305/1305
f 1306/1306/1306 1292/1292/1292 1308/1308/1308
f 1309/1309/1309 1292/1292/1292 1307/1307/1307
f 1308/1308/1308 1292/1292/1292 1309/1309/1309
g Combined Mesh (root: scene) 18_31
f 1312/1312/1312 1311/1311/1311 1310/1310/1310
f 1313/1313/1313 1312/1312/1312 1310/1310/1310
f 1316/1316/1316 1315/1315/1315 1314/1314/1314
f 1317/1317/1317 1316/1316/1316 1314/1314/1314
f 1320/1320/1320 1319/1319/1319 1318/1318/1318
f 1321/1321/1321 1320/1320/1320 1318/1318/1318
f 1324/1324/1324 1323/1323/1323 1322/1322/1322
f 1325/1325/1325 1324/1324/1324 1322/1322/1322
f 1328/1328/1328 1327/1327/1327 1326/1326/1326
f 1329/1329/1329 1328/1328/1328 1326/1326/1326
f 1332/1332/1332 1331/1331/1331 1330/1330/1330
f 1333/1333/1333 1332/1332/1332 1330/1330/1330
f 1336/1336/1336 1335/1335/1335 1334/1334/1334
f 1337/1337/1337 1336/1336/1336 1334/1334/1334
f 1340/1340/1340 1339/1339/1339 1338/1338/1338
f 1341/1341/1341 1340/1340/1340 1338/1338/1338
f 1344/1344/1344 1343/1343/1343 1342/1342/1342
f 1345/1345/1345 1344/1344/1344 1342/1342/1342
f 1348/1348/1348 1347/1347/1347 1346/1346/1346
f 1349/1349/1349 1348/1348/1348 1346/1346/1346
f 1352/1352/1352 1351/1351/1351 1350/1350/1350
f 1353/1353/1353 1352/1352/1352 1350/1350/1350
f 1356/1356/1356 1355/1355/1355 1354/1354/1354
f 1357/1357/1357 1356/1356/1356 1354/1354/1354
g Combined Mesh (root: scene) 18_32
f 1360/1360/1360 1359/1359/1359 1358/1358/1358
f 1361/1361/1361 1360/1360/1360 1358/1358/1358
g Combined Mesh (root: scene) 18_33
f 1364/1364/1364 1363/1363/1363 1362/1362/1362
f 1365/1365/1365 1364/1364/1364 1362/1362/1362
f 1368/1368/1368 1367/1367/1367 1366/1366/1366
f 1369/1369/1369 1368/1368/1368 1366/1366/1366
f 1372/1372/1372 1371/1371/1371 1370/1370/1370
f 1373/1373/1373 1372/1372/1372 1370/1370/1370
f 1376/1376/1376 1375/1375/1375 1374/1374/1374
f 1377/1377/1377 1376/1376/1376 1374/1374/1374
f 1380/1380/1380 1379/1379/1379 1378/1378/1378
f 1381/1381/1381 1380/1380/1380 1378/1378/1378
f 1384/1384/1384 1383/1383/1383 1382/1382/1382
f 1385/1385/1385 1384/1384/1384 1382/1382/1382
f 1388/1388/1388 1387/1387/1387 1386/1386/1386
f 1389/1389/1389 1388/1388/1388 1386/1386/1386
f 1392/1392/1392 1391/1391/1391 1390/1390/1390
f 1393/1393/1393 1392/1392/1392 1390/1390/1390
f 1396/1396/1396 1395/1395/1395 1394/1394/1394
f 1397/1397/1397 1396/1396/1396 1394/1394/1394
f 1400/1400/1400 1399/1399/1399 1398/1398/1398
f 1401/1401/1401 1400/1400/1400 1398/1398/1398
f 1404/1404/1404 1403/1403/1403 1402/1402/1402
f 1405/1405/1405 1404/1404/1404 1402/1402/1402
f 1408/1408/1408 1407/1407/1407 1406/1406/1406
f 1409/1409/1409 1408/1408/1408 1406/1406/1406
g Combined Mesh (root: scene) 18_34
f 1412/1412/1412 1411/1411/1411 1410/1410/1410
f 1413/1413/1413 1412/1412/1412 1410/1410/1410
g Combined Mesh (root: scene) 18_35
f 1416/1416/1416 1415/1415/1415 1414/1414/1414
f 1417/1417/1417 1416/1416/1416 1414/1414/1414
f 1420/1420/1420 1419/1419/1419 1418/1418/1418
f 1421/1421/1421 1420/1420/1420 1418/1418/1418
f 1424/1424/1424 1423/1423/1423 1422/1422/1422
f 1425/1425/1425 1424/1424/1424 1422/1422/1422
f 1428/1428/1428 1427/1427/1427 1426/1426/1426
f 1429/1429/1429 1428/1428/1428 1426/1426/1426
f 1432/1432/1432 1431/1431/1431 1430/1430/1430
f 1433/1433/1433 1432/1432/1432 1430/1430/1430
f 1436/1436/1436 1435/1435/1435 1434/1434/1434
f 1437/1437/1437 1436/1436/1436 1434/1434/1434
f 1440/1440/1440 1439/1439/1439 1438/1438/1438
f 1441/1441/1441 1440/1440/1440 1438/1438/1438
f 1444/1444/1444 1443/1443/1443 1442/1442/1442
f 1445/1445/1445 1444/1444/1444 1442/1442/1442
f 1448/1448/1448 1447/1447/1447 1446/1446/1446
f 1449/1449/1449 1448/1448/1448 1446/1446/1446
f 1452/1452/1452 1451/1451/1451 1450/1450/1450
f 1453/1453/1453 1452/1452/1452 1450/1450/1450
f 1456/1456/1456 1455/1455/1455 1454/1454/1454
f 1457/1457/1457 1456/1456/1456 1454/1454/1454
f 1460/1460/1460 1459/1459/1459 1458/1458/1458
f 1461/1461/1461 1460/1460/1460 1458/1458/1458
g Combined Mesh (root: scene) 18_36
f 1464/1464/1464 1463/1463/1463 1462/1462/1462
f 1465/1465/1465 1464/1464/1464 1462/1462/1462
g Combined Mesh (root: scene) 18_37
f 1468/1468/1468 1467/1467/1467 1466/1466/1466
f 1467/1467/1467 1469/1469/1469 1466/1466/1466
f 1466/1466/1466 1469/1469/1469 1470/1470/1470
f 1471/1471/1471 1467/1467/1467 1468/1468/1468
f 1472/1472/1472 1471/1471/1471 1468/1468/1468
f 1469/1469/1469 1473/1473/1473 1470/1470/1470
f 1470/1470/1470 1473/1473/1473 1474/1474/1474
f 1467/1467/1467 1475/1475/1475 1469/1469/1469
f 1471/1471/1471 1475/1475/1475 1467/1467/1467
f 1469/1469/1469 1475/1475/1475 1473/1473/1473
f 1476/1476/1476 1471/1471/1471 1472/1472/1472
f 1476/1476/1476 1475/1475/1475 1471/1471/1471
f 1477/1477/1477 1476/1476/1476 1472/1472/1472
f 1474/1474/1474 1478/1478/1478 1477/1477/1477
f 1473/1473/1473 1478/1478/1478 1474/1474/1474
f 1473/1473/1473 1475/1475/1475 1478/1478/1478
f 1478/1478/1478 1476/1476/1476 1477/1477/1477
f 1478/1478/1478 1475/1475/1475 1476/1476/1476
f 1481/1481/1481 1480/1480/1480 1479/1479/1479
f 1479/1479/1479 1480/1480/1480 1482/1482/1482
f 1480/1480/1480 1483/1483/1483 1482/1482/1482
f 1484/1484/1484 1481/1481/1481 1479/1479/1479
f 1485/1485/1485 1481/1481/1481 1484/1484/1484
f 1482/1482/1482 1483/1483/1483 1486/1486/1486
f 1483/1483/1483 1487/1487/1487 1486/1486/1486
f 1482/1482/1482 1488/1488/1488 1479/1479/1479
f 1479/1479/1479 1488/1488/1488 1484/1484/1484
f 1486/1486/1486 1488/1488/1488 1482/1482/1482
f 1489/1489/1489 1485/1485/1485 1484/1484/1484
f 1484/1484/1484 1488/1488/1488 1489/1489/1489
f 1490/1490/1490 1485/1485/1485 1489/1489/1489
f 1487/1487/1487 1490/1490/1490 1491/1491/1491
f 1486/1486/1486 1487/1487/1487 1491/1491/1491
f 1491/1491/1491 1488/1488/1488 1486/1486/1486
f 1491/1491/1491 1490/1490/1490 1489/1489/1489
f 1489/1489/1489 1488/1488/1488 1491/1491/1491
g Combined Mesh (root: scene) 18_38
f 1494/1494/1494 1493/1493/1493 1492/1492/1492
f 1493/1493/1493 1495/1495/1495 1492/1492/1492
f 1492/1492/1492 1495/1495/1495 1496/1496/1496
f 1497/1497/1497 1493/1493/1493 1494/1494/1494
f 1498/1498/1498 1497/1497/1497 1494/1494/1494
f 1495/1495/1495 1499/1499/1499 1496/1496/1496
f 1496/1496/1496 1499/1499/1499 1500/1500/1500
f 1493/1493/1493 1501/1501/1501 1495/1495/1495
f 1497/1497/1497 1501/1501/1501 1493/1493/1493
f 1495/1495/1495 1501/1501/1501 1499/1499/1499
f 1502/1502/1502 1497/1497/1497 1498/1498/1498
f 1502/1502/1502 1501/1501/1501 1497/1497/1497
f 1503/1503/1503 1502/1502/1502 1498/1498/1498
f 1500/1500/1500 1504/1504/1504 1503/1503/1503
f 1499/1499/1499 1504/1504/1504 1500/1500/1500
f 1499/1499/1499 1501/1501/1501 1504/1504/1504
f 1504/1504/1504 1502/1502/1502 1503/1503/1503
f 1504/1504/1504 1501/1501/1501 1502/1502/1502
f 1507/1507/1507 1506/1506/1506 1505/1505/1505
f 1505/1505/1505 1506/1506/1506 1508/1508/1508
f 1506/1506/1506 1509/1509/1509 1508/1508/1508
f 1510/1510/1510 1507/1507/1507 1505/1505/1505
f 1511/1511/1511 1507/1507/1507 1510/1510/1510
f 1508/1508/1508 1509/1509/1509 1512/1512/1512
f 1509/1509/1509 1513/1513/1513 1512/1512/1512
f 1508/1508/1508 1514/1514/1514 1505/1505/1505
f 1505/1505/1505 1514/1514/1514 1510/1510/1510
f 1512/1512/1512 1514/1514/1514 1508/1508/1508
f 1515/1515/1515 1511/1511/1511 1510/1510/1510
f 1510/1510/1510 1514/1514/1514 1515/1515/1515
f 1516/1516/1516 1511/1511/1511 1515/1515/1515
f 1513/1513/1513 1516/1516/1516 1517/1517/1517
f 1512/1512/1512 1513/1513/1513 1517/1517/1517
f 1517/1517/1517 1514/1514/1514 1512/1512/1512
f 1517/1517/1517 1516/1516/1516 1515/1515/1515
f 1515/1515/1515 1514/1514/1514 1517/1517/1517
g Combined Mesh (root: scene) 18_39
f 1520/1520/1520 1519/1519/1519 1518/1518/1518
f 1521/1521/1521 1520/1520/1520 1518/1518/1518
f 1524/1524/1524 1523/1523/1523 1522/1522/1522
f 1525/1525/1525 1524/1524/1524 1522/1522/1522
f 1528/1528/1528 1527/1527/1527 1526/1526/1526
f 1529/1529/1529 1528/1528/1528 1526/1526/1526
f 1532/1532/1532 1531/1531/1531 1530/1530/1530
f 1533/1533/1533 1532/1532/1532 1530/1530/1530
f 1536/1536/1536 1535/1535/1535 1534/1534/1534
f 1537/1537/1537 1536/1536/1536 1534/1534/1534
f 1540/1540/1540 1539/1539/1539 1538/1538/1538
f 1541/1541/1541 1540/1540/1540 1538/1538/1538
f 1544/1544/1544 1543/1543/1543 1542/1542/1542
f 1545/1545/1545 1544/1544/1544 1542/1542/1542
f 1548/1548/1548 1547/1547/1547 1546/1546/1546
f 1549/1549/1549 1548/1548/1548 1546/1546/1546
f 1552/1552/1552 1551/1551/1551 1550/1550/1550
f 1553/1553/1553 1552/1552/1552 1550/1550/1550
f 1556/1556/1556 1555/1555/1555 1554/1554/1554
f 1557/1557/1557 1556/1556/1556 1554/1554/1554
f 1560/1560/1560 1559/1559/1559 1558/1558/1558
f 1561/1561/1561 1560/1560/1560 1558/1558/1558
f 1564/1564/1564 1563/1563/1563 1562/1562/1562
f 1565/1565/1565 1564/1564/1564 1562/1562/1562
g Combined Mesh (root: scene) 18_40
f 1568/1568/1568 1567/1567/1567 1566/1566/1566
f 1569/1569/1569 1568/1568/1568 1566/1566/1566
g Combined Mesh (root: scene) 18_41
f 1572/1572/1572 1571/1571/1571 1570/1570/1570
f 1573/1573/1573 1572/1572/1572 1570/1570/1570
f 1576/1576/1576 1575/1575/1575 1574/1574/1574
f 1577/1577/1577 1576/1576/1576 1574/1574/1574
f 1580/1580/1580 1579/1579/1579 1578/1578/1578
f 1581/1581/1581 1580/1580/1580 1578/1578/1578
f 1584/1584/1584 1583/1583/1583 1582/1582/1582
f 1585/1585/1585 1584/1584/1584 1582/1582/1582
f 1588/1588/1588 1587/1587/1587 1586/1586/1586
f 1589/1589/1589 1588/1588/1588 1586/1586/1586
f 1592/1592/1592 1591/1591/1591 1590/1590/1590
f 1593/1593/1593 1592/1592/1592 1590/1590/1590
f 1596/1596/1596 1595/1595/1595 1594/1594/1594
f 1597/1597/1597 1596/1596/1596 1594/1594/1594
f 1600/1600/1600 1599/1599/1599 1598/1598/1598
f 1601/1601/1601 1600/1600/1600 1598/1598/1598
f 1604/1604/1604 1603/1603/1603 1602/1602/1602
f 1605/1605/1605 1604/1604/1604 1602/1602/1602
f 1608/1608/1608 1607/1607/1607 1606/1606/1606
f 1609/1609/1609 1608/1608/1608 1606/1606/1606
f 1612/1612/1612 1611/1611/1611 1610/1610/1610
f 1613/1613/1613 1612/1612/1612 1610/1610/1610
f 1616/1616/1616 1615/1615/1615 1614/1614/1614
f 1617/1617/1617 1616/1616/1616 1614/1614/1614
f 1620/1620/1620 1619/1619/1619 1618/1618/1618
f 1621/1621/1621 1620/1620/1620 1618/1618/1618
f 1624/1624/1624 1623/1623/1623 1622/1622/1622
f 1625/1625/1625 1624/1624/1624 1622/1622/1622
g Combined Mesh (root: scene) 18_42
f 1628/1628/1628 1627/1627/1627 1626/1626/1626
f 1629/1629/1629 1628/1628/1628 1626/1626/1626
f 1632/1632/1632 1631/1631/1631 1630/1630/1630
f 1633/1633/1633 1632/1632/1632 1630/1630/1630
f 1636/1636/1636 1635/1635/1635 1634/1634/1634
f 1637/1637/1637 1636/1636/1636 1634/1634/1634
f 1640/1640/1640 1639/1639/1639 1638/1638/1638
f 1641/1641/1641 1640/1640/1640 1638/1638/1638
f 1644/1644/1644 1643/1643/1643 1642/1642/1642
f 1645/1645/1645 1644/1644/1644 1642/1642/1642
f 1648/1648/1648 1647/1647/1647 1646/1646/1646
f 1649/1649/1649 1648/1648/1648 1646/1646/1646
f 1652/1652/1652 1651/1651/1651 1650/1650/1650
f 1653/1653/1653 1652/1652/1652 1650/1650/1650
f 1656/1656/1656 1655/1655/1655 1654/1654/1654
f 1657/1657/1657 1656/1656/1656 1654/1654/1654
f 1660/1660/1660 1659/1659/1659 1658/1658/1658
f 1661/1661/1661 1660/1660/1660 1658/1658/1658
f 1664/1664/1664 1663/1663/1663 1662/1662/1662
f 1665/1665/1665 1664/1664/1664 1662/1662/1662
f 1668/1668/1668 1667/1667/1667 1666/1666/1666
f 1669/1669/1669 1668/1668/1668 1666/1666/1666
f 1672/1672/1672 1671/1671/1671 1670/1670/1670
f 1673/1673/1673 1672/1672/1672 1670/1670/1670
g Combined Mesh (root: scene) 18_43
f 1676/1676/1676 1675/1675/1675 1674/1674/1674
f 1677/1677/1677 1676/1676/1676 1674/1674/1674
g Combined Mesh (root: scene) 18_44
f 1680/1680/1680 1679/1679/1679 1678/1678/1678
f 1681/1681/1681 1680/1680/1680 1678/1678/1678
f 1684/1684/1684 1683/1683/1683 1682/1682/1682
f 1685/1685/1685 1684/1684/1684 1682/1682/1682
f 1688/1688/1688 1687/1687/1687 1686/1686/1686
f 1689/1689/1689 1688/1688/1688 1686/1686/1686
f 1692/1692/1692 1691/1691/1691 1690/1690/1690
f 1693/1693/1693 1692/1692/1692 1690/1690/1690
f 1696/1696/1696 1695/1695/1695 1694/1694/1694
f 1697/1697/1697 1696/1696/1696 1694/1694/1694
f 1700/1700/1700 1699/1699/1699 1698/1698/1698
f 1701/1701/1701 1700/1700/1700 1698/1698/1698
f 1704/1704/1704 1703/1703/1703 1702/1702/1702
f 1705/1705/1705 1704/1704/1704 1702/1702/1702
f 1708/1708/1708 1707/1707/1707 1706/1706/1706
f 1709/1709/1709 1708/1708/1708 1706/1706/1706
f 1712/1712/1712 1711/1711/1711 1710/1710/1710
f 1713/1713/1713 1712/1712/1712 1710/1710/1710
f 1716/1716/1716 1715/1715/1715 1714/1714/1714
f 1717/1717/1717 1716/1716/1716 1714/1714/1714
f 1720/1720/1720 1719/1719/1719 1718/1718/1718
f 1721/1721/1721 1720/1720/1720 1718/1718/1718
f 1724/1724/1724 1723/1723/1723 1722/1722/1722
f 1725/1725/1725 1724/1724/1724 1722/1722/1722
g Combined Mesh (root: scene) 18_45
f 1728/1728/1728 1727/1727/1727 1726/1726/1726
f 1729/1729/1729 1728/1728/1728 1726/1726/1726
g Combined Mesh (root: scene) 18_46
f 1732/1732/1732 1731/1731/1731 1730/1730/1730
f 1733/1733/1733 1732/1732/1732 1730/1730/1730
f 1736/1736/1736 1735/1735/1735 1734/1734/1734
f 1737/1737/1737 1736/1736/1736 1734/1734/1734
f 1740/1740/1740 1739/1739/1739 1738/1738/1738
f 1741/1741/1741 1740/1740/1740 1738/1738/1738
f 1744/1744/1744 1743/1743/1743 1742/1742/1742
f 1745/1745/1745 1744/1744/1744 1742/1742/1742
f 1748/1748/1748 1747/1747/1747 1746/1746/1746
f 1749/1749/1749 1748/1748/1748 1746/1746/1746
f 1752/1752/1752 1751/1751/1751 1750/1750/1750
f 1753/1753/1753 1752/1752/1752 1750/1750/1750
f 1756/1756/1756 1755/1755/1755 1754/1754/1754
f 1757/1757/1757 1756/1756/1756 1754/1754/1754
f 1760/1760/1760 1759/1759/1759 1758/1758/1758
f 1761/1761/1761 1760/1760/1760 1758/1758/1758
f 1764/1764/1764 1763/1763/1763 1762/1762/1762
f 1765/1765/1765 1764/1764/1764 1762/1762/1762
f 1768/1768/1768 1767/1767/1767 1766/1766/1766
f 1769/1769/1769 1768/1768/1768 1766/1766/1766
f 1772/1772/1772 1771/1771/1771 1770/1770/1770
f 1771/1771/1771 1773/1773/1773 1770/1770/1770
f 1770/1770/1770 1773/1773/1773 1774/1774/1774
f 1773/1773/1773 1775/1775/1775 1774/1774/1774
f 1774/1774/1774 1775/1775/1775 1776/1776/1776
f 1775/1775/1775 1777/1777/1777 1776/1776/1776
f 1776/1776/1776 1777/1777/1777 1778/1778/1778
f 1777/1777/1777 1779/1779/1779 1778/1778/1778
f 1782/1782/1782 1781/1781/1781 1780/1780/1780
f 1781/1781/1781 1783/1783/1783 1780/1780/1780
f 1781/1781/1781 1784/1784/1784 1783/1783/1783
f 1780/1780/1780 1783/1783/1783 1785/1785/1785
f 1784/1784/1784 1786/1786/1786 1783/1783/1783
f 1783/1783/1783 1787/1787/1787 1785/1785/1785
f 1783/1783/1783 1786/1786/1786 1787/1787/1787
f 1785/1785/1785 1787/1787/1787 1788/1788/1788
f 1786/1786/1786 1789/1789/1789 1787/1787/1787
f 1787/1787/1787 1790/1790/1790 1788/1788/1788
f 1787/1787/1787 1789/1789/1789 1790/1790/1790
f 1788/1788/1788 1790/1790/1790 1791/1791/1791
f 1789/1789/1789 1792/1792/1792 1790/1790/1790
f 1790/1790/1790 1793/1793/1793 1791/1791/1791
f 1790/1790/1790 1792/1792/1792 1793/1793/1793
f 1792/1792/1792 1794/1794/1794 1793/1793/1793
f 1797/1797/1797 1796/1796/1796 1795/1795/1795
f 1796/1796/1796 1798/1798/1798 1795/1795/1795
f 1795/1795/1795 1798/1798/1798 1799/1799/1799
f 1798/1798/1798 1800/1800/1800 1799/1799/1799
f 1799/1799/1799 1800/1800/1800 1801/1801/1801
f 1800/1800/1800 1802/1802/1802 1801/1801/1801
f 1801/1801/1801 1802/1802/1802 1803/1803/1803
f 1802/1802/1802 1804/1804/1804 1803/1803/1803
f 1807/1807/1807 1806/1806/1806 1805/1805/1805
f 1806/1806/1806 1808/1808/1808 1805/1805/1805
f 1806/1806/1806 1809/1809/1809 1808/1808/1808
f 1805/1805/1805 1808/1808/1808 1810/1810/1810
f 1809/1809/1809 1811/1811/1811 1808/1808/1808
f 1808/1808/1808 1812/1812/1812 1810/1810/1810
f 1808/1808/1808 1811/1811/1811 1812/1812/1812
f 1810/1810/1810 1812/1812/1812 1813/1813/1813
f 1811/1811/1811 1814/1814/1814 1812/1812/1812
f 1812/1812/1812 1815/1815/1815 1813/1813/1813
f 1812/1812/1812 1814/1814/1814 1815/1815/1815
f 1813/1813/1813 1815/1815/1815 1816/1816/1816
f 1814/1814/1814 1817/1817/1817 1815/1815/1815
f 1815/1815/1815 1818/1818/1818 1816/1816/1816
f 1815/1815/1815 1817/1817/1817 1818/1818/1818
f 1817/1817/1817 1819/1819/1819 1818/1818/1818
f 1822/1822/1822 1821/1821/1821 1820/1820/1820
f 1823/1823/1823 1822/1822/1822 1820/1820/1820
f 1826/1826/1826 1825/1825/1825 1824/1824/1824
f 1827/1827/1827 1826/1826/1826 1824/1824/1824
f 1830/1830/1830 1829/1829/1829 1828/1828/1828
f 1829/1829/1829 1831/1831/1831 1828/1828/1828
f 1831/1831/1831 1829/1829/1829 1832/1832/1832
f 1829/1829/1829 1833/1833/1833 1832/1832/1832
f 1833/1833/1833 1834/1834/1834 1832/1832/1832
f 1834/1834/1834 1835/1835/1835 1832/1832/1832
f 1838/1838/1838 1837/1837/1837 1836/1836/1836
f 1839/1839/1839 1838/1838/1838 1836/1836/1836
f 1839/1839/1839 1836/1836/1836 1840/1840/1840
f 1836/1836/1836 1841/1841/1841 1840/1840/1840
f 1840/1840/1840 1841/1841/1841 1842/1842/1842
f 1841/1841/1841 1843/1843/1843 1842/1842/1842
f 1846/1846/1846 1845/1845/1845 1844/1844/1844
f 1847/1847/1847 1846/1846/1846 1844/1844/1844
f 1844/1844/1844 1848/1848/1848 1847/1847/1847
f 1848/1848/1848 1849/1849/1849 1847/1847/1847
f 1849/1849/1849 1848/1848/1848 1850/1850/1850
f 1851/1851/1851 1849/1849/1849 1850/1850/1850
f 1854/1854/1854 1853/1853/1853 1852/1852/1852
f 1855/1855/1855 1854/1854/1854 1852/1852/1852
f 1855/1855/1855 1856/1856/1856 1854/1854/1854
f 1856/1856/1856 1857/1857/1857 1854/1854/1854
f 1856/1856/1856 1858/1858/1858 1857/1857/1857
f 1858/1858/1858 1859/1859/1859 1857/1857/1857
f 1862/1862/1862 1861/1861/1861 1860/1860/1860
f 1863/1863/1863 1862/1862/1862 1860/1860/1860
f 1866/1866/1866 1865/1865/1865 1864/1864/1864
f 1867/1867/1867 1866/1866/1866 1864/1864/1864
f 1870/1870/1870 1869/1869/1869 1868/1868/1868
f 1871/1871/1871 1870/1870/1870 1868/1868/1868
f 1874/1874/1874 1873/1873/1873 1872/1872/1872
f 1875/1875/1875 1874/1874/1874 1872/1872/1872
f 1878/1878/1878 1877/1877/1877 1876/1876/1876
f 1879/1879/1879 1878/1878/1878 1876/1876/1876
f 1882/1882/1882 1881/1881/1881 1880/1880/1880
f 1883/1883/1883 1882/1882/1882 1880/1880/1880
f 1886/1886/1886 1885/1885/1885 1884/1884/1884
f 1887/1887/1887 1886/1886/1886 1884/1884/1884
f 1890/1890/1890 1889/1889/1889 1888/1888/1888
f 1891/1891/1891 1890/1890/1890 1888/1888/1888
f 1894/1894/1894 1893/1893/1893 1892/1892/1892
f 1895/1895/1895 1894/1894/1894 1892/1892/1892
f 1898/1898/1898 1897/1897/1897 1896/1896/1896
f 1899/1899/1899 1898/1898/1898 1896/1896/1896
g Combined Mesh (root: scene) 18_47
f 1902/1902/1902 1901/1901/1901 1900/1900/1900
f 1903/1903/1903 1902/1902/1902 1900/1900/1900
f 1906/1906/1906 1905/1905/1905 1904/1904/1904
f 1907/1907/1907 1906/1906/1906 1904/1904/1904
f 1910/1910/1910 1909/1909/1909 1908/1908/1908
f 1911/1911/1911 1910/1910/1910 1908/1908/1908
f 1914/1914/1914 1913/1913/1913 1912/1912/1912
f 1915/1915/1915 1914/1914/1914 1912/1912/1912
f 1918/1918/1918 1917/1917/1917 1916/1916/1916
f 1919/1919/1919 1918/1918/1918 1916/1916/1916
f 1922/1922/1922 1921/1921/1921 1920/1920/1920
f 1923/1923/1923 1922/1922/1922 1920/1920/1920
f 1926/1926/1926 1925/1925/1925 1924/1924/1924
f 1927/1927/1927 1926/1926/1926 1924/1924/1924
f 1930/1930/1930 1929/1929/1929 1928/1928/1928
f 1931/1931/1931 1930/1930/1930 1928/1928/1928
f 1934/1934/1934 1933/1933/1933 1932/1932/1932
f 1935/1935/1935 1934/1934/1934 1932/1932/1932
f 1938/1938/1938 1937/1937/1937 1936/1936/1936
f 1939/1939/1939 1938/1938/1938 1936/1936/1936
f 1942/1942/1942 1941/1941/1941 1940/1940/1940
f 1943/1943/1943 1942/1942/1942 1940/1940/1940
f 1946/1946/1946 1945/1945/1945 1944/1944/1944
f 1947/1947/1947 1946/1946/1946 1944/1944/1944
g Combined Mesh (root: scene) 18_48
f 1950/1950/1950 1949/1949/1949 1948/1948/1948
f 1951/1951/1951 1950/1950/1950 1948/1948/1948
g Combined Mesh (root: scene) 18_49
f 1954/1954/1954 1953/1953/1953 1952/1952/1952
f 1955/1955/1955 1954/1954/1954 1952/1952/1952
f 1958/1958/1958 1957/1957/1957 1956/1956/1956
f 1959/1959/1959 1958/1958/1958 1956/1956/1956
f 1962/1962/1962 1961/1961/1961 1960/1960/1960
f 1963/1963/1963 1962/1962/1962 1960/1960/1960
f 1966/1966/1966 1965/1965/1965 1964/1964/1964
f 1967/1967/1967 1966/1966/1966 1964/1964/1964
f 1970/1970/1970 1969/1969/1969 1968/1968/1968
f 1971/1971/1971 1970/1970/1970 1968/1968/1968
f 1974/1974/1974 1973/1973/1973 1972/1972/1972
f 1975/1975/1975 1974/1974/1974 1972/1972/1972
f 1978/1978/1978 1977/1977/1977 1976/1976/1976
f 1979/1979/1979 1978/1978/1978 1976/1976/1976
f 1982/1982/1982 1981/1981/1981 1980/1980/1980
f 1983/1983/1983 1982/1982/1982 1980/1980/1980
f 1986/1986/1986 1985/1985/1985 1984/1984/1984
f 1987/1987/1987 1986/1986/1986 1984/1984/1984
f 1990/1990/1990 1989/1989/1989 1988/1988/1988
f 1991/1991/1991 1990/1990/1990 1988/1988/1988
f 1994/1994/1994 1993/1993/1993 1992/1992/1992
f 1995/1995/1995 1994/1994/1994 1992/1992/1992
f 1998/1998/1998 1997/1997/1997 1996/1996/1996
f 1999/1999/1999 1998/1998/1998 1996/1996/1996
g Combined Mesh (root: scene) 18_50
f 2002/2002/2002 2001/2001/2001 2000/2000/2000
f 2003/2003/2003 2002/2002/2002 2000/2000/2000
g Combined Mesh (root: scene) 18_51
f 2006/2006/2006 2005/2005/2005 2004/2004/2004
f 2007/2007/2007 2006/2006/2006 2004/2004/2004
f 2010/2010/2010 2009/2009/2009 2008/2008/2008
f 2011/2011/2011 2010/2010/2010 2008/2008/2008
f 2014/2014/2014 2013/2013/2013 2012/2012/2012
f 2015/2015/2015 2014/2014/2014 2012/2012/2012
f 2018/2018/2018 2017/2017/2017 2016/2016/2016
f 2019/2019/2019 2018/2018/2018 2016/2016/2016
f 2022/2022/2022 2021/2021/2021 2020/2020/2020
f 2023/2023/2023 2022/2022/2022 2020/2020/2020
f 2026/2026/2026 2025/2025/2025 2024/2024/2024
f 2027/2027/2027 2026/2026/2026 2024/2024/2024
f 2030/2030/2030 2029/2029/2029 2028/2028/2028
f 2031/2031/2031 2030/2030/2030 2028/2028/2028
f 2034/2034/2034 2033/2033/2033 2032/2032/2032
f 2035/2035/2035 2034/2034/2034 2032/2032/2032
f 2038/2038/2038 2037/2037/2037 2036/2036/2036
f 2039/2039/2039 2038/2038/2038 2036/2036/2036
f 2042/2042/2042 2041/2041/2041 2040/2040/2040
f 2043/2043/2043 2042/2042/2042 2040/2040/2040
f 2046/2046/2046 2045/2045/2045 2044/2044/2044
f 2045/2045/2045 2047/2047/2047 2044/2044/2044
f 2044/2044/2044 2047/2047/2047 2048/2048/2048
f 2047/2047/2047 2049/2049/2049 2048/2048/2048
f 2048/2048/2048 2049/2049/2049 2050/2050/2050
f 2049/2049/2049 2051/2051/2051 2050/2050/2050
f 2050/2050/2050 2051/2051/2051 2052/2052/2052
f 2051/2051/2051 2053/2053/2053 2052/2052/2052
f 2056/2056/2056 2055/2055/2055 2054/2054/2054
f 2055/2055/2055 2057/2057/2057 2054/2054/2054
f 2055/2055/2055 2058/2058/2058 2057/2057/2057
f 2054/2054/2054 2057/2057/2057 2059/2059/2059
f 2058/2058/2058 2060/2060/2060 2057/2057/2057
f 2057/2057/2057 2061/2061/2061 2059/2059/2059
f 2057/2057/2057 2060/2060/2060 2061/2061/2061
f 2059/2059/2059 2061/2061/2061 2062/2062/2062
f 2060/2060/2060 2063/2063/2063 2061/2061/2061
f 2061/2061/2061 2064/2064/2064 2062/2062/2062
f 2061/2061/2061 2063/2063/2063 2064/2064/2064
f 2062/2062/2062 2064/2064/2064 2065/2065/2065
f 2063/2063/2063 2066/2066/2066 2064/2064/2064
f 2064/2064/2064 2067/2067/2067 2065/2065/2065
f 2064/2064/2064 2066/2066/2066 2067/2067/2067
f 2066/2066/2066 2068/2068/2068 2067/2067/2067
f 2071/2071/2071 2070/2070/2070 2069/2069/2069
f 2070/2070/2070 2072/2072/2072 2069/2069/2069
f 2069/2069/2069 2072/2072/2072 2073/2073/2073
f 2072/2072/2072 2074/2074/2074 2073/2073/2073
f 2073/2073/2073 2074/2074/2074 2075/2075/2075
f 2074/2074/2074 2076/2076/2076 2075/2075/2075
f 2075/2075/2075 2076/2076/2076 2077/2077/2077
f 2076/2076/2076 2078/2078/2078 2077/2077/2077
f 2081/2081/2081 2080/2080/2080 2079/2079/2079
f 2080/2080/2080 2082/2082/2082 2079/2079/2079
f 2080/2080/2080 2083/2083/2083 2082/2082/2082
f 2079/2079/2079 2082/2082/2082 2084/2084/2084
f 2083/2083/2083 2085/2085/2085 2082/2082/2082
f 2082/2082/2082 2086/2086/2086 2084/2084/2084
f 2082/2082/2082 2085/2085/2085 2086/2086/2086
f 2084/2084/2084 2086/2086/2086 2087/2087/2087
f 2085/2085/2085 2088/2088/2088 2086/2086/2086
f 2086/2086/2086 2089/2089/2089 2087/2087/2087
f 2086/2086/2086 2088/2088/2088 2089/2089/2089
f 2087/2087/2087 2089/2089/2089 2090/2090/2090
f 2088/2088/2088 2091/2091/2091 2089/2089/2089
f 2089/2089/2089 2092/2092/2092 2090/2090/2090
f 2089/2089/2089 2091/2091/2091 2092/2092/2092
f 2091/2091/2091 2093/2093/2093 2092/2092/2092
f 2096/2096/2096 2095/2095/2095 2094/2094/2094
f 2097/2097/2097 2096/2096/2096 2094/2094/2094
f 2100/2100/2100 2099/2099/2099 2098/2098/2098
f 2101/2101/2101 2100/2100/2100 2098/2098/2098
f 2104/2104/2104 2103/2103/2103 2102/2102/2102
f 2103/2103/2103 2105/2105/2105 2102/2102/2102
f 2105/2105/2105 2103/2103/2103 2106/2106/2106
f 2103/2103/2103 2107/2107/2107 2106/2106/2106
f 2107/2107/2107 2108/2108/2108 2106/2106/2106
f 2108/2108/2108 2109/2109/2109 2106/2106/2106
f 2112/2112/2112 2111/2111/2111 2110/2110/2110
f 2113/2113/2113 2112/2112/2112 2110/2110/2110
f 2113/2113/2113 2110/2110/2110 2114/2114/2114
f 2110/2110/2110 2115/2115/2115 2114/2114/2114
f 2114/2114/2114 2115/2115/2115 2116/2116/2116
f 2115/2115/2115 2117/2117/2117 2116/2116/2116
f 2120/2120/2120 2119/2119/2119 2118/2118/2118
f 2121/2121/2121 2120/2120/2120 2118/2118/2118
f 2118/2118/2118 2122/2122/2122 2121/2121/2121
f 2122/2122/2122 2123/2123/2123 2121/2121/2121
f 2123/2123/2123 2122/2122/2122 2124/2124/2124
f 2125/2125/2125 2123/2123/2123 2124/2124/2124
f 2128/2128/2128 2127/2127/2127 2126/2126/2126
f 2129/2129/2129 2128/2128/2128 2126/2126/2126
f 2129/2129/2129 2130/2130/2130 2128/2128/2128
f 2130/2130/2130 2131/2131/2131 2128/2128/2128
f 2130/2130/2130 2132/2132/2132 2131/2131/2131
f 2132/2132/2132 2133/2133/2133 2131/2131/2131
f 2136/2136/2136 2135/2135/2135 2134/2134/2134
f 2137/2137/2137 2136/2136/2136 2134/2134/2134
f 2140/2140/2140 2139/2139/2139 2138/2138/2138
f 2141/2141/2141 2140/2140/2140 2138/2138/2138
f 2144/2144/2144 2143/2143/2143 2142/2142/2142
f 2145/2145/2145 2144/2144/2144 2142/2142/2142
f 2148/2148/2148 2147/2147/2147 2146/2146/2146
f 2149/2149/2149 2148/2148/2148 2146/2146/2146
f 2152/2152/2152 2151/2151/2151 2150/2150/2150
f 2153/2153/2153 2152/2152/2152 2150/2150/2150
f 2156/2156/2156 2155/2155/2155 2154/2154/2154
f 2157/2157/2157 2156/2156/2156 2154/2154/2154
f 2160/2160/2160 2159/2159/2159 2158/2158/2158
f 2161/2161/2161 2160/2160/2160 2158/2158/2158
f 2164/2164/2164 2163/2163/2163 2162/2162/2162
f 2165/2165/2165 2164/2164/2164 2162/2162/2162
f 2168/2168/2168 2167/2167/2167 2166/2166/2166
f 2169/2169/2169 2168/2168/2168 2166/2166/2166
f 2172/2172/2172 2171/2171/2171 2170/2170/2170
f 2173/2173/2173 2172/2172/2172 2170/2170/2170
g Combined Mesh (root: scene) 18_52
f 2176/2176/2176 2175/2175/2175 2174/2174/2174
f 2179/2179/2179 2178/2178/2178 2177/2177/2177
f 2182/2182/2182 2181/2181/2181 2180/2180/2180
f 2185/2185/2185 2184/2184/2184 2183/2183/2183
f 2188/2188/2188 2187/2187/2187 2186/2186/2186
f 2191/2191/2191 2190/2190/2190 2189/2189/2189
f 2194/2194/2194 2193/2193/2193 2192/2192/2192
f 2197/2197/2197 2196/2196/2196 2195/2195/2195
f 2200/2200/2200 2199/2199/2199 2198/2198/2198
f 2203/2203/2203 2202/2202/2202 2201/2201/2201
f 2206/2206/2206 2205/2205/2205 2204/2204/2204
f 2209/2209/2209 2208/2208/2208 2207/2207/2207
f 2212/2212/2212 2211/2211/2211 2210/2210/2210
f 2215/2215/2215 2214/2214/2214 2213/2213/2213
f 2218/2218/2218 2217/2217/2217 2216/2216/2216
f 2221/2221/2221 2220/2220/2220 2219/2219/2219
f 2224/2224/2224 2223/2223/2223 2222/2222/2222
f 2225/2225/2225 2224/2224/2224 2222/2222/2222
f 2226/2226/2226 2224/2224/2224 2225/2225/2225
f 2225/2225/2225 2222/2222/2222 2227/2227/2227
f 2222/2222/2222 2228/2228/2228 2227/2227/2227
f 2228/2228/2228 2229/2229/2229 2227/2227/2227
f 2230/2230/2230 2226/2226/2226 2225/2225/2225
f 2231/2231/2231 2226/2226/2226 2230/2230/2230
f 2225/2225/2225 2227/2227/2227 2232/2232/2232
f 2227/2227/2227 2229/2229/2229 2232/2232/2232
f 2230/2230/2230 2225/2225/2225 2232/2232/2232
f 2232/2232/2232 2229/2229/2229 2233/2233/2233
f 2230/2230/2230 2232/2232/2232 2233/2233/2233
f 2233/2233/2233 2229/2229/2229 2234/2234/2234
f 2235/2235/2235 2231/2231/2231 2230/2230/2230
f 2235/2235/2235 2230/2230/2230 2233/2233/2233
f 2235/2235/2235 2233/2233/2233 2234/2234/2234
f 2236/2236/2236 2231/2231/2231 2235/2235/2235
f 2237/2237/2237 2235/2235/2235 2234/2234/2234
f 2237/2237/2237 2236/2236/2236 2235/2235/2235
f 2240/2240/2240 2239/2239/2239 2238/2238/2238
f 2241/2241/2241 2240/2240/2240 2238/2238/2238
f 2242/2242/2242 2240/2240/2240 2241/2241/2241
f 2241/2241/2241 2238/2238/2238 2243/2243/2243
f 2238/2238/2238 2244/2244/2244 2243/2243/2243
f 2244/2244/2244 2245/2245/2245 2243/2243/2243
f 2246/2246/2246 2242/2242/2242 2241/2241/2241
f 2247/2247/2247 2242/2242/2242 2246/2246/2246
f 2241/2241/2241 2243/2243/2243 2248/2248/2248
f 2243/2243/2243 2245/2245/2245 2248/2248/2248
f 2246/2246/2246 2241/2241/2241 2248/2248/2248
f 2248/2248/2248 2245/2245/2245 2249/2249/2249
f 2246/2246/2246 2248/2248/2248 2249/2249/2249
f 2249/2249/2249 2245/2245/2245 2250/2250/2250
f 2251/2251/2251 2247/2247/2247 2246/2246/2246
f 2251/2251/2251 2246/2246/2246 2249/2249/2249
f 2251/2251/2251 2249/2249/2249 2250/2250/2250
f 2252/2252/2252 2247/2247/2247 2251/2251/2251
f 2253/2253/2253 2251/2251/2251 2250/2250/2250
f 2253/2253/2253 2252/2252/2252 2251/2251/2251
f 2256/2256/2256 2255/2255/2255 2254/2254/2254
f 2257/2257/2257 2256/2256/2256 2254/2254/2254
f 2258/2258/2258 2256/2256/2256 2257/2257/2257
f 2257/2257/2257 2254/2254/2254 2259/2259/2259
f 2254/2254/2254 2260/2260/2260 2259/2259/2259
f 2260/2260/2260 2261/2261/2261 2259/2259/2259
f 2262/2262/2262 2258/2258/2258 2257/2257/2257
f 2263/2263/2263 2258/2258/2258 2262/2262/2262
f 2257/2257/2257 2259/2259/2259 2264/2264/2264
f 2259/2259/2259 2261/2261/2261 2264/2264/2264
f 2262/2262/2262 2257/2257/2257 2264/2264/2264
f 2264/2264/2264 2261/2261/2261 2265/2265/2265
f 2262/2262/2262 2264/2264/2264 2265/2265/2265
f 2265/2265/2265 2261/2261/2261 2266/2266/2266
f 2267/2267/2267 2263/2263/2263 2262/2262/2262
f 2267/2267/2267 2262/2262/2262 2265/2265/2265
f 2267/2267/2267 2265/2265/2265 2266/2266/2266
f 2268/2268/2268 2263/2263/2263 2267/2267/2267
f 2269/2269/2269 2267/2267/2267 2266/2266/2266
f 2269/2269/2269 2268/2268/2268 2267/2267/2267
f 2272/2272/2272 2271/2271/2271 2270/2270/2270
f 2273/2273/2273 2272/2272/2272 2270/2270/2270
f 2274/2274/2274 2272/2272/2272 2273/2273/2273
f 2273/2273/2273 2270/2270/2270 2275/2275/2275
f 2270/2270/2270 2276/2276/2276 2275/2275/2275
f 2276/2276/2276 2277/2277/2277 2275/2275/2275
f 2278/2278/2278 2274/2274/2274 2273/2273/2273
f 2279/2279/2279 2274/2274/2274 2278/2278/2278
f 2273/2273/2273 2275/2275/2275 2280/2280/2280
f 2275/2275/2275 2277/2277/2277 2280/2280/2280
f 2278/2278/2278 2273/2273/2273 2280/2280/2280
f 2280/2280/2280 2277/2277/2277 2281/2281/2281
f 2278/2278/2278 2280/2280/2280 2281/2281/2281
f 2281/2281/2281 2277/2277/2277 2282/2282/2282
f 2283/2283/2283 2279/2279/2279 2278/2278/2278
f 2283/2283/2283 2278/2278/2278 2281/2281/2281
f 2283/2283/2283 2281/2281/2281 2282/2282/2282
f 2284/2284/2284 2279/2279/2279 2283/2283/2283
f 2285/2285/2285 2283/2283/2283 2282/2282/2282
f 2285/2285/2285 2284/2284/2284 2283/2283/2283
g Combined Mesh (root: scene) 18_53
f 2288/2288/2288 2287/2287/2287 2286/2286/2286
f 2289/2289/2289 2288/2288/2288 2286/2286/2286
f 2292/2292/2292 2291/2291/2291 2290/2290/2290
f 2293/2293/2293 2292/2292/2292 2290/2290/2290
f 2296/2296/2296 2295/2295/2295 2294/2294/2294
f 2297/2297/2297 2296/2296/2296 2294/2294/2294
f 2300/2300/2300 2299/2299/2299 2298/2298/2298
f 2301/2301/2301 2300/2300/2300 2298/2298/2298
f 2304/2304/2304 2303/2303/2303 2302/2302/2302
f 2305/2305/2305 2304/2304/2304 2302/2302/2302
f 2308/2308/2308 2307/2307/2307 2306/2306/2306
f 2309/2309/2309 2308/2308/2308 2306/2306/2306
f 2312/2312/2312 2311/2311/2311 2310/2310/2310
f 2313/2313/2313 2312/2312/2312 2310/2310/2310
f 2316/2316/2316 2315/2315/2315 2314/2314/2314
f 2317/2317/2317 2316/2316/2316 2314/2314/2314
f 2320/2320/2320 2319/2319/2319 2318/2318/2318
f 2321/2321/2321 2320/2320/2320 2318/2318/2318
f 2324/2324/2324 2323/2323/2323 2322/2322/2322
f 2325/2325/2325 2324/2324/2324 2322/2322/2322
f 2328/2328/2328 2327/2327/2327 2326/2326/2326
f 2329/2329/2329 2328/2328/2328 2326/2326/2326
f 2332/2332/2332 2331/2331/2331 2330/2330/2330
f 2333/2333/2333 2332/2332/2332 2330/2330/2330
g Combined Mesh (root: scene) 18_54
f 2336/2336/2336 2335/2335/2335 2334/2334/2334
f 2337/2337/2337 2336/2336/2336 2334/2334/2334
g Combined Mesh (root: scene) 18_55
f 2340/2340/2340 2339/2339/2339 2338/2338/2338
f 2339/2339/2339 2341/2341/2341 2338/2338/2338
f 2338/2338/2338 2341/2341/2341 2342/2342/2342
f 2343/2343/2343 2339/2339/2339 2340/2340/2340
f 2344/2344/2344 2343/2343/2343 2340/2340/2340
f 2341/2341/2341 2345/2345/2345 2342/2342/2342
f 2342/2342/2342 2345/2345/2345 2346/2346/2346
f 2339/2339/2339 2347/2347/2347 2341/2341/2341
f 2343/2343/2343 2347/2347/2347 2339/2339/2339
f 2341/2341/2341 2347/2347/2347 2345/2345/2345
f 2348/2348/2348 2343/2343/2343 2344/2344/2344
f 2348/2348/2348 2347/2347/2347 2343/2343/2343
f 2349/2349/2349 2348/2348/2348 2344/2344/2344
f 2346/2346/2346 2350/2350/2350 2349/2349/2349
f 2345/2345/2345 2350/2350/2350 2346/2346/2346
f 2345/2345/2345 2347/2347/2347 2350/2350/2350
f 2350/2350/2350 2348/2348/2348 2349/2349/2349
f 2350/2350/2350 2347/2347/2347 2348/2348/2348
f 2353/2353/2353 2352/2352/2352 2351/2351/2351
f 2351/2351/2351 2352/2352/2352 2354/2354/2354
f 2352/2352/2352 2355/2355/2355 2354/2354/2354
f 2356/2356/2356 2353/2353/2353 2351/2351/2351
f 2357/2357/2357 2353/2353/2353 2356/2356/2356
f 2354/2354/2354 2355/2355/2355 2358/2358/2358
f 2355/2355/2355 2359/2359/2359 2358/2358/2358
f 2354/2354/2354 2360/2360/2360 2351/2351/2351
f 2351/2351/2351 2360/2360/2360 2356/2356/2356
f 2358/2358/2358 2360/2360/2360 2354/2354/2354
f 2361/2361/2361 2357/2357/2357 2356/2356/2356
f 2356/2356/2356 2360/2360/2360 2361/2361/2361
f 2362/2362/2362 2357/2357/2357 2361/2361/2361
f 2359/2359/2359 2362/2362/2362 2363/2363/2363
f 2358/2358/2358 2359/2359/2359 2363/2363/2363
f 2363/2363/2363 2360/2360/2360 2358/2358/2358
f 2363/2363/2363 2362/2362/2362 2361/2361/2361
f 2361/2361/2361 2360/2360/2360 2363/2363/2363
g Combined Mesh (root: scene) 18_56
f 2366/2366/2366 2365/2365/2365 2364/2364/2364
f 2367/2367/2367 2366/2366/2366 2364/2364/2364
f 2370/2370/2370 2369/2369/2369 2368/2368/2368
f 2371/2371/2371 2370/2370/2370 2368/2368/2368
f 2374/2374/2374 2373/2373/2373 2372/2372/2372
f 2375/2375/2375 2374/2374/2374 2372/2372/2372
f 2378/2378/2378 2377/2377/2377 2376/2376/2376
f 2379/2379/2379 2378/2378/2378 2376/2376/2376
f 2382/2382/2382 2381/2381/2381 2380/2380/2380
f 2383/2383/2383 2382/2382/2382 2380/2380/2380
f 2386/2386/2386 2385/2385/2385 2384/2384/2384
f 2387/2387/2387 2386/2386/2386 2384/2384/2384
f 2390/2390/2390 2389/2389/2389 2388/2388/2388
f 2391/2391/2391 2390/2390/2390 2388/2388/2388
f 2394/2394/2394 2393/2393/2393 2392/2392/2392
f 2395/2395/2395 2394/2394/2394 2392/2392/2392
f 2398/2398/2398 2397/2397/2397 2396/2396/2396
f 2399/2399/2399 2398/2398/2398 2396/2396/2396
f 2402/2402/2402 2401/2401/2401 2400/2400/2400
f 2403/2403/2403 2402/2402/2402 2400/2400/2400
f 2406/2406/2406 2405/2405/2405 2404/2404/2404
f 2407/2407/2407 2406/2406/2406 2404/2404/2404
f 2410/2410/2410 2409/2409/2409 2408/2408/2408
f 2411/2411/2411 2410/2410/2410 2408/2408/2408
g Combined Mesh (root: scene) 18_57
f 2414/2414/2414 2413/2413/2413 2412/2412/2412
f 2415/2415/2415 2414/2414/2414 2412/2412/2412
g Combined Mesh (root: scene) 18_58
f 2418/2418/2418 2417/2417/2417 2416/2416/2416
f 2419/2419/2419 2418/2418/2418 2416/2416/2416
f 2422/2422/2422 2421/2421/2421 2420/2420/2420
f 2423/2423/2423 2422/2422/2422 2420/2420/2420
f 2426/2426/2426 2425/2425/2425 2424/2424/2424
f 2427/2427/2427 2426/2426/2426 2424/2424/2424
f 2430/2430/2430 2429/2429/2429 2428/2428/2428
f 2431/2431/2431 2430/2430/2430 2428/2428/2428
f 2434/2434/2434 2433/2433/2433 2432/2432/2432
f 2435/2435/2435 2434/2434/2434 2432/2432/2432
f 2438/2438/2438 2437/2437/2437 2436/2436/2436
f 2439/2439/2439 2438/2438/2438 2436/2436/2436
f 2442/2442/2442 2441/2441/2441 2440/2440/2440
f 2443/2443/2443 2442/2442/2442 2440/2440/2440
f 2446/2446/2446 2445/2445/2445 2444/2444/2444
f 2447/2447/2447 2446/2446/2446 2444/2444/2444
f 2450/2450/2450 2449/2449/2449 2448/2448/2448
f 2451/2451/2451 2450/2450/2450 2448/2448/2448
f 2454/2454/2454 2453/2453/2453 2452/2452/2452
f 2455/2455/2455 2454/2454/2454 2452/2452/2452
f 2458/2458/2458 2457/2457/2457 2456/2456/2456
f 2459/2459/2459 2458/2458/2458 2456/2456/2456
f 2462/2462/2462 2461/2461/2461 2460/2460/2460
f 2463/2463/2463 2462/2462/2462 2460/2460/2460
f 2466/2466/2466 2465/2465/2465 2464/2464/2464
f 2467/2467/2467 2466/2466/2466 2464/2464/2464
f 2470/2470/2470 2469/2469/2469 2468/2468/2468
f 2471/2471/2471 2470/2470/2470 2468/2468/2468
f 2474/2474/2474 2473/2473/2473 2472/2472/2472
f 2475/2475/2475 2474/2474/2474 2472/2472/2472
f 2478/2478/2478 2477/2477/2477 2476/2476/2476
f 2479/2479/2479 2478/2478/2478 2476/2476/2476
f 2482/2482/2482 2481/2481/2481 2480/2480/2480
f 2483/2483/2483 2482/2482/2482 2480/2480/2480
f 2486/2486/2486 2485/2485/2485 2484/2484/2484
f 2487/2487/2487 2486/2486/2486 2484/2484/2484
f 2490/2490/2490 2489/2489/2489 2488/2488/2488
f 2491/2491/2491 2490/2490/2490 2488/2488/2488
f 2494/2494/2494 2493/2493/2493 2492/2492/2492
f 2495/2495/2495 2494/2494/2494 2492/2492/2492
f 2498/2498/2498 2497/2497/2497 2496/2496/2496
f 2499/2499/2499 2498/2498/2498 2496/2496/2496
f 2502/2502/2502 2501/2501/2501 2500/2500/2500
f 2503/2503/2503 2502/2502/2502 2500/2500/2500
f 2506/2506/2506 2505/2505/2505 2504/2504/2504
f 2507/2507/2507 2506/2506/2506 2504/2504/2504
f 2510/2510/2510 2509/2509/2509 2508/2508/2508
f 2511/2511/2511 2510/2510/2510 2508/2508/2508
f 2514/2514/2514 2513/2513/2513 2512/2512/2512
f 2515/2515/2515 2514/2514/2514 2512/2512/2512
f 2518/2518/2518 2517/2517/2517 2516/2516/2516
f 2519/2519/2519 2518/2518/2518 2516/2516/2516
f 2522/2522/2522 2521/2521/2521 2520/2520/2520
f 2523/2523/2523 2522/2522/2522 2520/2520/2520
f 2526/2526/2526 2525/2525/2525 2524/2524/2524
f 2527/2527/2527 2526/2526/2526 2524/2524/2524
f 2530/2530/2530 2529/2529/2529 2528/2528/2528
f 2531/2531/2531 2530/2530/2530 2528/2528/2528
f 2534/2534/2534 2533/2533/2533 2532/2532/2532
f 2535/2535/2535 2534/2534/2534 2532/2532/2532
f 2538/2538/2538 2537/2537/2537 2536/2536/2536
f 2539/2539/2539 2538/2538/2538 2536/2536/2536
f 2542/2542/2542 2541/2541/2541 2540/2540/2540
f 2543/2543/2543 2542/2542/2542 2540/2540/2540
f 2546/2546/2546 2545/2545/2545 2544/2544/2544
f 2547/2547/2547 2546/2546/2546 2544/2544/2544
f 2550/2550/2550 2549/2549/2549 2548/2548/2548
f 2551/2551/2551 2550/2550/2550 2548/2548/2548
f 2554/2554/2554 2553/2553/2553 2552/2552/2552
f 2555/2555/2555 2554/2554/2554 2552/2552/2552
f 2558/2558/2558 2557/2557/2557 2556/2556/2556
f 2559/2559/2559 2558/2558/2558 2556/2556/2556
f 2562/2562/2562 2561/2561/2561 2560/2560/2560
f 2563/2563/2563 2562/2562/2562 2560/2560/2560
f 2566/2566/2566 2565/2565/2565 2564/2564/2564
f 2567/2567/2567 2566/2566/2566 2564/2564/2564
g Combined Mesh (root: scene) 18_59
f 2570/2570/2570 2569/2569/2569 2568/2568/2568
f 2571/2571/2571 2570/2570/2570 2568/2568/2568
f 2574/2574/2574 2573/2573/2573 2572/2572/2572
f 2575/2575/2575 2574/2574/2574 2572/2572/2572
f 2578/2578/2578 2577/2577/2577 2576/2576/2576
f 2579/2579/2579 2578/2578/2578 2576/2576/2576
f 2582/2582/2582 2581/2581/2581 2580/2580/2580
f 2583/2583/2583 2582/2582/2582 2580/2580/2580
f 2586/2586/2586 2585/2585/2585 2584/2584/2584
f 2587/2587/2587 2586/2586/2586 2584/2584/2584
f 2590/2590/2590 2589/2589/2589 2588/2588/2588
f 2591/2591/2591 2590/2590/2590 2588/2588/2588
f 2594/2594/2594 2593/2593/2593 2592/2592/2592
f 2595/2595/2595 2594/2594/2594 2592/2592/2592
f 2598/2598/2598 2597/2597/2597 2596/2596/2596
f 2599/2599/2599 2598/2598/2598 2596/2596/2596
f 2602/2602/2602 2601/2601/2601 2600/2600/2600
f 2603/2603/2603 2602/2602/2602 2600/2600/2600
f 2606/2606/2606 2605/2605/2605 2604/2604/2604
f 2607/2607/2607 2606/2606/2606 2604/2604/2604
f 2610/2610/2610 2609/2609/2609 2608/2608/2608
f 2611/2611/2611 2610/2610/2610 2608/2608/2608
f 2614/2614/2614 2613/2613/2613 2612/2612/2612
f 2615/2615/2615 2614/2614/2614 2612/2612/2612
g Combined Mesh (root: scene) 18_60
f 2618/2618/2618 2617/2617/2617 2616/2616/2616
f 2619/2619/2619 2618/2618/2618 2616/2616/2616
g Combined Mesh (root: scene) 18_61
f 2622/2622/2622 2621/2621/2621 2620/2620/2620
f 2623/2623/2623 2622/2622/2622 2620/2620/2620
f 2626/2626/2626 2625/2625/2625 2624/2624/2624
f 2627/2627/2627 2626/2626/2626 2624/2624/2624
f 2630/2630/2630 2629/2629/2629 2628/2628/2628
f 2631/2631/2631 2630/2630/2630 2628/2628/2628
f 2634/2634/2634 2633/2633/2633 2632/2632/2632
f 2635/2635/2635 2634/2634/2634 2632/2632/2632
f 2638/2638/2638 2637/2637/2637 2636/2636/2636
f 2639/2639/2639 2638/2638/2638 2636/2636/2636
f 2642/2642/2642 2641/2641/2641 2640/2640/2640
f 2643/2643/2643 2642/2642/2642 2640/2640/2640
f 2646/2646/2646 2645/2645/2645 2644/2644/2644
f 2647/2647/2647 2646/2646/2646 2644/2644/2644
f 2650/2650/2650 2649/2649/2649 2648/2648/2648
f 2651/2651/2651 2650/2650/2650 2648/2648/2648
f 2654/2654/2654 2653/2653/2653 2652/2652/2652
f 2655/2655/2655 2654/2654/2654 2652/2652/2652
f 2658/2658/2658 2657/2657/2657 2656/2656/2656
f 2659/2659/2659 2658/2658/2658 2656/2656/2656
f 2662/2662/2662 2661/2661/2661 2660/2660/2660
f 2663/2663/2663 2662/2662/2662 2660/2660/2660
f 2666/2666/2666 2665/2665/2665 2664/2664/2664
f 2667/2667/2667 2666/2666/2666 2664/2664/2664
g Combined Mesh (root: scene) 18_62
f 2670/2670/2670 2669/2669/2669 2668/2668/2668
f 2671/2671/2671 2670/2670/2670 2668/2668/2668
g Combined Mesh (root: scene) 18_63
f 2674/2674/2674 2673/2673/2673 2672/2672/2672
f 2675/2675/2675 2674/2674/2674 2672/2672/2672
f 2678/2678/2678 2677/2677/2677 2676/2676/2676
f 2679/2679/2679 2678/2678/2678 2676/2676/2676
f 2682/2682/2682 2681/2681/2681 2680/2680/2680
f 2683/2683/2683 2682/2682/2682 2680/2680/2680
f 2686/2686/2686 2685/2685/2685 2684/2684/2684
f 2687/2687/2687 2686/2686/2686 2684/2684/2684
f 2690/2690/2690 2689/2689/2689 2688/2688/2688
f 2691/2691/2691 2690/2690/2690 2688/2688/2688
f 2694/2694/2694 2693/2693/2693 2692/2692/2692
f 2695/2695/2695 2694/2694/2694 2692/2692/2692
f 2698/2698/2698 2697/2697/2697 2696/2696/2696
f 2699/2699/2699 2698/2698/2698 2696/2696/2696
f 2702/2702/2702 2701/2701/2701 2700/2700/2700
f 2703/2703/2703 2702/2702/2702 2700/2700/2700
f 2706/2706/2706 2705/2705/2705 2704/2704/2704
f 2707/2707/2707 2706/2706/2706 2704/2704/2704
f 2710/2710/2710 2709/2709/2709 2708/2708/2708
f 2711/2711/2711 2710/2710/2710 2708/2708/2708
f 2714/2714/2714 2713/2713/2713 2712/2712/2712
f 2715/2715/2715 2714/2714/2714 2712/2712/2712
f 2718/2718/2718 2717/2717/2717 2716/2716/2716
f 2719/2719/2719 2718/2718/2718 2716/2716/2716
g Combined Mesh (root: scene) 18_64
f 2722/2722/2722 2721/2721/2721 2720/2720/2720
f 2723/2723/2723 2722/2722/2722 2720/2720/2720
g Combined Mesh (root: scene) 18_65
f 2726/2726/2726 2725/2725/2725 2724/2724/2724
f 2725/2725/2725 2727/2727/2727 2724/2724/2724
f 2724/2724/2724 2727/2727/2727 2728/2728/2728
f 2729/2729/2729 2725/2725/2725 2726/2726/2726
f 2730/2730/2730 2729/2729/2729 2726/2726/2726
f 2727/2727/2727 2731/2731/2731 2728/2728/2728
f 2728/2728/2728 2731/2731/2731 2732/2732/2732
f 2725/2725/2725 2733/2733/2733 2727/2727/2727
f 2729/2729/2729 2733/2733/2733 2725/2725/2725
f 2727/2727/2727 2733/2733/2733 2731/2731/2731
f 2734/2734/2734 2729/2729/2729 2730/2730/2730
f 2734/2734/2734 2733/2733/2733 2729/2729/2729
f 2735/2735/2735 2734/2734/2734 2730/2730/2730
f 2732/2732/2732 2736/2736/2736 2735/2735/2735
f 2731/2731/2731 2736/2736/2736 2732/2732/2732
f 2731/2731/2731 2733/2733/2733 2736/2736/2736
f 2736/2736/2736 2734/2734/2734 2735/2735/2735
f 2736/2736/2736 2733/2733/2733 2734/2734/2734
f 2739/2739/2739 2738/2738/2738 2737/2737/2737
f 2737/2737/2737 2738/2738/2738 2740/2740/2740
f 2738/2738/2738 2741/2741/2741 2740/2740/2740
f 2742/2742/2742 2739/2739/2739 2737/2737/2737
f 2743/2743/2743 2739/2739/2739 2742/2742/2742
f 2740/2740/2740 2741/2741/2741 2744/2744/2744
f 2741/2741/2741 2745/2745/2745 2744/2744/2744
f 2740/2740/2740 2746/2746/2746 2737/2737/2737
f 2737/2737/2737 2746/2746/2746 2742/2742/2742
f 2744/2744/2744 2746/2746/2746 2740/2740/2740
f 2747/2747/2747 2743/2743/2743 2742/2742/2742
f 2742/2742/2742 2746/2746/2746 2747/2747/2747
f 2748/2748/2748 2743/2743/2743 2747/2747/2747
f 2745/2745/2745 2748/2748/2748 2749/2749/2749
f 2744/2744/2744 2745/2745/2745 2749/2749/2749
f 2749/2749/2749 2746/2746/2746 2744/2744/2744
f 2749/2749/2749 2748/2748/2748 2747/2747/2747
f 2747/2747/2747 2746/2746/2746 2749/2749/2749
g Combined Mesh (root: scene) 18_66
f 2752/2752/2752 2751/2751/2751 2750/2750/2750
f 2753/2753/2753 2752/2752/2752 2750/2750/2750
f 2756/2756/2756 2755/2755/2755 2754/2754/2754
f 2757/2757/2757 2756/2756/2756 2754/2754/2754
f 2760/2760/2760 2759/2759/2759 2758/2758/2758
f 2761/2761/2761 2760/2760/2760 2758/2758/2758
f 2764/2764/2764 2763/2763/2763 2762/2762/2762
f 2765/2765/2765 2764/2764/2764 2762/2762/2762
f 2768/2768/2768 2767/2767/2767 2766/2766/2766
f 2769/2769/2769 2768/2768/2768 2766/2766/2766
f 2772/2772/2772 2771/2771/2771 2770/2770/2770
f 2773/2773/2773 2772/2772/2772 2770/2770/2770
f 2776/2776/2776 2775/2775/2775 2774/2774/2774
f 2777/2777/2777 2776/2776/2776 2774/2774/2774
f 2780/2780/2780 2779/2779/2779 2778/2778/2778
f 2781/2781/2781 2780/2780/2780 2778/2778/2778
f 2784/2784/2784 2783/2783/2783 2782/2782/2782
f 2785/2785/2785 2784/2784/2784 2782/2782/2782
f 2788/2788/2788 2787/2787/2787 2786/2786/2786
f 2789/2789/2789 2788/2788/2788 2786/2786/2786
f 2792/2792/2792 2791/2791/2791 2790/2790/2790
f 2793/2793/2793 2792/2792/2792 2790/2790/2790
f 2796/2796/2796 2795/2795/2795 2794/2794/2794
f 2797/2797/2797 2796/2796/2796 2794/2794/2794
g Combined Mesh (root: scene) 18_67
f 2800/2800/2800 2799/2799/2799 2798/2798/2798
f 2801/2801/2801 2800/2800/2800 2798/2798/2798
g Combined Mesh (root: scene) 18_68
f 2804/2804/2804 2803/2803/2803 2802/2802/2802
f 2805/2805/2805 2804/2804/2804 2802/2802/2802
f 2808/2808/2808 2807/2807/2807 2806/2806/2806
f 2809/2809/2809 2808/2808/2808 2806/2806/2806
f 2812/2812/2812 2811/2811/2811 2810/2810/2810
f 2813/2813/2813 2812/2812/2812 2810/2810/2810
f 2816/2816/2816 2815/2815/2815 2814/2814/2814
f 2817/2817/2817 2816/2816/2816 2814/2814/2814
f 2820/2820/2820 2819/2819/2819 2818/2818/2818
f 2821/2821/2821 2820/2820/2820 2818/2818/2818
f 2824/2824/2824 2823/2823/2823 2822/2822/2822
f 2825/2825/2825 2824/2824/2824 2822/2822/2822
f 2828/2828/2828 2827/2827/2827 2826/2826/2826
f 2829/2829/2829 2828/2828/2828 2826/2826/2826
f 2832/2832/2832 2831/2831/2831 2830/2830/2830
f 2833/2833/2833 2832/2832/2832 2830/2830/2830
f 2836/2836/2836 2835/2835/2835 2834/2834/2834
f 2837/2837/2837 2836/2836/2836 2834/2834/2834
f 2840/2840/2840 2839/2839/2839 2838/2838/2838
f 2841/2841/2841 2840/2840/2840 2838/2838/2838
f 2844/2844/2844 2843/2843/2843 2842/2842/2842
f 2845/2845/2845 2844/2844/2844 2842/2842/2842
f 2848/2848/2848 2847/2847/2847 2846/2846/2846
f 2849/2849/2849 2848/2848/2848 2846/2846/2846
g Combined Mesh (root: scene) 18_69
f 2852/2852/2852 2851/2851/2851 2850/2850/2850
f 2853/2853/2853 2852/2852/2852 2850/2850/2850
g Combined Mesh (root: scene) 18_70
f 2856/2856/2856 2855/2855/2855 2854/2854/2854
f 2857/2857/2857 2856/2856/2856 2854/2854/2854
f 2860/2860/2860 2859/2859/2859 2858/2858/2858
f 2861/2861/2861 2860/2860/2860 2858/2858/2858
f 2864/2864/2864 2863/2863/2863 2862/2862/2862
f 2865/2865/2865 2864/2864/2864 2862/2862/2862
f 2868/2868/2868 2867/2867/2867 2866/2866/2866
f 2869/2869/2869 2868/2868/2868 2866/2866/2866
f 2872/2872/2872 2871/2871/2871 2870/2870/2870
f 2873/2873/2873 2872/2872/2872 2870/2870/2870
f 2876/2876/2876 2875/2875/2875 2874/2874/2874
f 2877/2877/2877 2876/2876/2876 2874/2874/2874
f 2880/2880/2880 2879/2879/2879 2878/2878/2878
f 2881/2881/2881 2880/2880/2880 2878/2878/2878
f 2884/2884/2884 2883/2883/2883 2882/2882/2882
f 2885/2885/2885 2884/2884/2884 2882/2882/2882
f 2888/2888/2888 2887/2887/2887 2886/2886/2886
f 2889/2889/2889 2888/2888/2888 2886/2886/2886
f 2892/2892/2892 2891/2891/2891 2890/2890/2890
f 2893/2893/2893 2892/2892/2892 2890/2890/2890
f 2896/2896/2896 2895/2895/2895 2894/2894/2894
f 2895/2895/2895 2897/2897/2897 2894/2894/2894
f 2894/2894/2894 2897/2897/2897 2898/2898/2898
f 2897/2897/2897 2899/2899/2899 2898/2898/2898
f 2898/2898/2898 2899/2899/2899 2900/2900/2900
f 2899/2899/2899 2901/2901/2901 2900/2900/2900
f 2900/2900/2900 2901/2901/2901 2902/2902/2902
f 2901/2901/2901 2903/2903/2903 2902/2902/2902
f 2906/2906/2906 2905/2905/2905 2904/2904/2904
f 2905/2905/2905 2907/2907/2907 2904/2904/2904
f 2905/2905/2905 2908/2908/2908 2907/2907/2907
f 2904/2904/2904 2907/2907/2907 2909/2909/2909
f 2908/2908/2908 2910/2910/2910 2907/2907/2907
f 2907/2907/2907 2911/2911/2911 2909/2909/2909
f 2907/2907/2907 2910/2910/2910 2911/2911/2911
f 2909/2909/2909 2911/2911/2911 2912/2912/2912
f 2910/2910/2910 2913/2913/2913 2911/2911/2911
f 2911/2911/2911 2914/2914/2914 2912/2912/2912
f 2911/2911/2911 2913/2913/2913 2914/2914/2914
f 2912/2912/2912 2914/2914/2914 2915/2915/2915
f 2913/2913/2913 2916/2916/2916 2914/2914/2914
f 2914/2914/2914 2917/2917/2917 2915/2915/2915
f 2914/2914/2914 2916/2916/2916 2917/2917/2917
f 2916/2916/2916 2918/2918/2918 2917/2917/2917
f 2921/2921/2921 2920/2920/2920 2919/2919/2919
f 2920/2920/2920 2922/2922/2922 2919/2919/2919
f 2919/2919/2919 2922/2922/2922 2923/2923/2923
f 2922/2922/2922 2924/2924/2924 2923/2923/2923
f 2923/2923/2923 2924/2924/2924 2925/2925/2925
f 2924/2924/2924 2926/2926/2926 2925/2925/2925
f 2925/2925/2925 2926/2926/2926 2927/2927/2927
f 2926/2926/2926 2928/2928/2928 2927/2927/2927
f 2931/2931/2931 2930/2930/2930 2929/2929/2929
f 2930/2930/2930 2932/2932/2932 2929/2929/2929
f 2930/2930/2930 2933/2933/2933 2932/2932/2932
f 2929/2929/2929 2932/2932/2932 2934/2934/2934
f 2933/2933/2933 2935/2935/2935 2932/2932/2932
f 2932/2932/2932 2936/2936/2936 2934/2934/2934
f 2932/2932/2932 2935/2935/2935 2936/2936/2936
f 2934/2934/2934 2936/2936/2936 2937/2937/2937
f 2935/2935/2935 2938/2938/2938 2936/2936/2936
f 2936/2936/2936 2939/2939/2939 2937/2937/2937
f 2936/2936/2936 2938/2938/2938 2939/2939/2939
f 2937/2937/2937 2939/2939/2939 2940/2940/2940
f 2938/2938/2938 2941/2941/2941 2939/2939/2939
f 2939/2939/2939 2942/2942/2942 2940/2940/2940
f 2939/2939/2939 2941/2941/2941 2942/2942/2942
f 2941/2941/2941 2943/2943/2943 2942/2942/2942
f 2946/2946/2946 2945/2945/2945 2944/2944/2944
f 2947/2947/2947 2946/2946/2946 2944/2944/2944
f 2950/2950/2950 2949/2949/2949 2948/2948/2948
f 2951/2951/2951 2950/2950/2950 2948/2948/2948
f 2954/2954/2954 2953/2953/2953 2952/2952/2952
f 2953/2953/2953 2955/2955/2955 2952/2952/2952
f 2955/2955/2955 2953/2953/2953 2956/2956/2956
f 2953/2953/2953 2957/2957/2957 2956/2956/2956
f 2957/2957/2957 2958/2958/2958 2956/2956/2956
f 2958/2958/2958 2959/2959/2959 2956/2956/2956
f 2962/2962/2962 2961/2961/2961 2960/2960/2960
f 2963/2963/2963 2962/2962/2962 2960/2960/2960
f 2963/2963/2963 2960/2960/2960 2964/2964/2964
f 2960/2960/2960 2965/2965/2965 2964/2964/2964
f 2964/2964/2964 2965/2965/2965 2966/2966/2966
f 2965/2965/2965 2967/2967/2967 2966/2966/2966
f 2970/2970/2970 2969/2969/2969 2968/2968/2968
f 2971/2971/2971 2970/2970/2970 2968/2968/2968
f 2968/2968/2968 2972/2972/2972 2971/2971/2971
f 2972/2972/2972 2973/2973/2973 2971/2971/2971
f 2973/2973/2973 2972/2972/2972 2974/2974/2974
f 2975/2975/2975 2973/2973/2973 2974/2974/2974
f 2978/2978/2978 2977/2977/2977 2976/2976/2976
f 2979/2979/2979 2978/2978/2978 2976/2976/2976
f 2979/2979/2979 2980/2980/2980 2978/2978/2978
f 2980/2980/2980 2981/2981/2981 2978/2978/2978
f 2980/2980/2980 2982/2982/2982 2981/2981/2981
f 2982/2982/2982 2983/2983/2983 2981/2981/2981
f 2986/2986/2986 2985/2985/2985 2984/2984/2984
f 2987/2987/2987 2986/2986/2986 2984/2984/2984
f 2990/2990/2990 2989/2989/2989 2988/2988/2988
f 2991/2991/2991 2990/2990/2990 2988/2988/2988
f 2994/2994/2994 2993/2993/2993 2992/2992/2992
f 2995/2995/2995 2994/2994/2994 2992/2992/2992
f 2998/2998/2998 2997/2997/2997 2996/2996/2996
f 2999/2999/2999 2998/2998/2998 2996/2996/2996
f 3002/3002/3002 3001/3001/3001 3000/3000/3000
f 3003/3003/3003 3002/3002/3002 3000/3000/3000
f 3006/3006/3006 3005/3005/3005 3004/3004/3004
f 3007/3007/3007 3006/3006/3006 3004/3004/3004
f 3010/3010/3010 3009/3009/3009 3008/3008/3008
f 3011/3011/3011 3010/3010/3010 3008/3008/3008
f 3014/3014/3014 3013/3013/3013 3012/3012/3012
f 3015/3015/3015 3014/3014/3014 3012/3012/3012
f 3018/3018/3018 3017/3017/3017 3016/3016/3016
f 3019/3019/3019 3018/3018/3018 3016/3016/3016
f 3022/3022/3022 3021/3021/3021 3020/3020/3020
f 3023/3023/3023 3022/3022/3022 3020/3020/3020
g Combined Mesh (root: scene) 18_71
f 3026/3026/3026 3025/3025/3025 3024/3024/3024
f 3027/3027/3027 3026/3026/3026 3024/3024/3024
f 3030/3030/3030 3029/3029/3029 3028/3028/3028
f 3031/3031/3031 3030/3030/3030 3028/3028/3028
f 3034/3034/3034 3033/3033/3033 3032/3032/3032
f 3035/3035/3035 3034/3034/3034 3032/3032/3032
f 3038/3038/3038 3037/3037/3037 3036/3036/3036
f 3039/3039/3039 3038/3038/3038 3036/3036/3036
f 3042/3042/3042 3041/3041/3041 3040/3040/3040
f 3043/3043/3043 3042/3042/3042 3040/3040/3040
f 3046/3046/3046 3045/3045/3045 3044/3044/3044
f 3047/3047/3047 3046/3046/3046 3044/3044/3044
f 3050/3050/3050 3049/3049/3049 3048/3048/3048
f 3051/3051/3051 3050/3050/3050 3048/3048/3048
f 3054/3054/3054 3053/3053/3053 3052/3052/3052
f 3055/3055/3055 3054/3054/3054 3052/3052/3052
f 3058/3058/3058 3057/3057/3057 3056/3056/3056
f 3059/3059/3059 3058/3058/3058 3056/3056/3056
f 3062/3062/3062 3061/3061/3061 3060/3060/3060
f 3063/3063/3063 3062/3062/3062 3060/3060/3060
f 3066/3066/3066 3065/3065/3065 3064/3064/3064
f 3067/3067/3067 3066/3066/3066 3064/3064/3064
f 3070/3070/3070 3069/3069/3069 3068/3068/3068
f 3071/3071/3071 3070/3070/3070 3068/3068/3068
g Combined Mesh (root: scene) 18_72
f 3074/3074/3074 3073/3073/3073 3072/3072/3072
f 3075/3075/3075 3074/3074/3074 3072/3072/3072
g Combined Mesh (root: scene) 18_73
f 3078/3078/3078 3077/3077/3077 3076/3076/3076
f 3079/3079/3079 3078/3078/3078 3076/3076/3076
f 3082/3082/3082 3081/3081/3081 3080/3080/3080
f 3083/3083/3083 3082/3082/3082 3080/3080/3080
f 3086/3086/3086 3085/3085/3085 3084/3084/3084
f 3087/3087/3087 3086/3086/3086 3084/3084/3084
f 3090/3090/3090 3089/3089/3089 3088/3088/3088
f 3091/3091/3091 3090/3090/3090 3088/3088/3088
f 3094/3094/3094 3093/3093/3093 3092/3092/3092
f 3095/3095/3095 3094/3094/3094 3092/3092/3092
f 3098/3098/3098 3097/3097/3097 3096/3096/3096
f 3099/3099/3099 3098/3098/3098 3096/3096/3096
f 3102/3102/3102 3101/3101/3101 3100/3100/3100
f 3103/3103/3103 3102/3102/3102 3100/3100/3100
f 3106/3106/3106 3105/3105/3105 3104/3104/3104
f 3107/3107/3107 3106/3106/3106 3104/3104/3104
f 3110/3110/3110 3109/3109/3109 3108/3108/3108
f 3111/3111/3111 3110/3110/3110 3108/3108/3108
f 3114/3114/3114 3113/3113/3113 3112/3112/3112
f 3115/3115/3115 3114/3114/3114 3112/3112/3112
f 3118/3118/3118 3117/3117/3117 3116/3116/3116
f 3119/3119/3119 3118/3118/3118 3116/3116/3116
f 3122/3122/3122 3121/3121/3121 3120/3120/3120
f 3123/3123/3123 3122/3122/3122 3120/3120/3120
g Combined Mesh (root: scene) 18_74
f 3126/3126/3126 3125/3125/3125 3124/3124/3124
f 3127/3127/3127 3126/3126/3126 3124/3124/3124
g Combined Mesh (root: scene) 18_75
f 3130/3130/3130 3129/3129/3129 3128/3128/3128
f 3131/3131/3131 3130/3130/3130 3128/3128/3128
f 3134/3134/3134 3133/3133/3133 3132/3132/3132
f 3135/3135/3135 3134/3134/3134 3132/3132/3132
f 3138/3138/3138 3137/3137/3137 3136/3136/3136
f 3139/3139/3139 3138/3138/3138 3136/3136/3136
f 3142/3142/3142 3141/3141/3141 3140/3140/3140
f 3143/3143/3143 3142/3142/3142 3140/3140/3140
f 3146/3146/3146 3145/3145/3145 3144/3144/3144
f 3147/3147/3147 3146/3146/3146 3144/3144/3144
f 3150/3150/3150 3149/3149/3149 3148/3148/3148
f 3151/3151/3151 3150/3150/3150 3148/3148/3148
f 3154/3154/3154 3153/3153/3153 3152/3152/3152
f 3155/3155/3155 3154/3154/3154 3152/3152/3152
f 3158/3158/3158 3157/3157/3157 3156/3156/3156
f 3159/3159/3159 3158/3158/3158 3156/3156/3156
f 3162/3162/3162 3161/3161/3161 3160/3160/3160
f 3163/3163/3163 3162/3162/3162 3160/3160/3160
f 3166/3166/3166 3165/3165/3165 3164/3164/3164
f 3167/3167/3167 3166/3166/3166 3164/3164/3164
f 3170/3170/3170 3169/3169/3169 3168/3168/3168
f 3171/3171/3171 3170/3170/3170 3168/3168/3168
f 3174/3174/3174 3173/3173/3173 3172/3172/3172
f 3175/3175/3175 3174/3174/3174 3172/3172/3172
g Combined Mesh (root: scene) 18_76
f 3178/3178/3178 3177/3177/3177 3176/3176/3176
f 3179/3179/3179 3178/3178/3178 3176/3176/3176
g Combined Mesh (root: scene) 18_77
f 3182/3182/3182 3181/3181/3181 3180/3180/3180
f 3181/3181/3181 3183/3183/3183 3180/3180/3180
f 3180/3180/3180 3183/3183/3183 3184/3184/3184
f 3185/3185/3185 3181/3181/3181 3182/3182/3182
f 3186/3186/3186 3185/3185/3185 3182/3182/3182
f 3183/3183/3183 3187/3187/3187 3184/3184/3184
f 3184/3184/3184 3187/3187/3187 3188/3188/3188
f 3181/3181/3181 3189/3189/3189 3183/3183/3183
f 3185/3185/3185 3189/3189/3189 3181/3181/3181
f 3183/3183/3183 3189/3189/3189 3187/3187/3187
f 3190/3190/3190 3185/3185/3185 3186/3186/3186
f 3190/3190/3190 3189/3189/3189 3185/3185/3185
f 3191/3191/3191 3190/3190/3190 3186/3186/3186
f 3188/3188/3188 3192/3192/3192 3191/3191/3191
f 3187/3187/3187 3192/3192/3192 3188/3188/3188
f 3187/3187/3187 3189/3189/3189 3192/3192/3192
f 3192/3192/3192 3190/3190/3190 3191/3191/3191
f 3192/3192/3192 3189/3189/3189 3190/3190/3190
f 3195/3195/3195 3194/3194/3194 3193/3193/3193
f 3193/3193/3193 3194/3194/3194 3196/3196/3196
f 3194/3194/3194 3197/3197/3197 3196/3196/3196
f 3198/3198/3198 3195/3195/3195 3193/3193/3193
f 3199/3199/3199 3195/3195/3195 3198/3198/3198
f 3196/3196/3196 3197/3197/3197 3200/3200/3200
f 3197/3197/3197 3201/3201/3201 3200/3200/3200
f 3196/3196/3196 3202/3202/3202 3193/3193/3193
f 3193/3193/3193 3202/3202/3202 3198/3198/3198
f 3200/3200/3200 3202/3202/3202 3196/3196/3196
f 3203/3203/3203 3199/3199/3199 3198/3198/3198
f 3198/3198/3198 3202/3202/3202 3203/3203/3203
f 3204/3204/3204 3199/3199/3199 3203/3203/3203
f 3201/3201/3201 3204/3204/3204 3205/3205/3205
f 3200/3200/3200 3201/3201/3201 3205/3205/3205
f 3205/3205/3205 3202/3202/3202 3200/3200/3200
f 3205/3205/3205 3204/3204/3204 3203/3203/3203
f 3203/3203/3203 3202/3202/3202 3205/3205/3205
g Combined Mesh (root: scene) 18_78
f 3208/3208/3208 3207/3207/3207 3206/3206/3206
f 3209/3209/3209 3208/3208/3208 3206/3206/3206
f 3212/3212/3212 3211/3211/3211 3210/3210/3210
f 3213/3213/3213 3212/3212/3212 3210/3210/3210
f 3216/3216/3216 3215/3215/3215 3214/3214/3214
f 3217/3217/3217 3216/3216/3216 3214/3214/3214
f 3220/3220/3220 3219/3219/3219 3218/3218/3218
f 3221/3221/3221 3220/3220/3220 3218/3218/3218
f 3224/3224/3224 3223/3223/3223 3222/3222/3222
f 3225/3225/3225 3224/3224/3224 3222/3222/3222
f 3228/3228/3228 3227/3227/3227 3226/3226/3226
f 3229/3229/3229 3228/3228/3228 3226/3226/3226
f 3232/3232/3232 3231/3231/3231 3230/3230/3230
f 3233/3233/3233 3232/3232/3232 3230/3230/3230
f 3236/3236/3236 3235/3235/3235 3234/3234/3234
f 3237/3237/3237 3236/3236/3236 3234/3234/3234
f 3240/3240/3240 3239/3239/3239 3238/3238/3238
f 3241/3241/3241 3240/3240/3240 3238/3238/3238
f 3244/3244/3244 3243/3243/3243 3242/3242/3242
f 3245/3245/3245 3244/3244/3244 3242/3242/3242
f 3248/3248/3248 3247/3247/3247 3246/3246/3246
f 3247/3247/3247 3249/3249/3249 3246/3246/3246
f 3246/3246/3246 3249/3249/3249 3250/3250/3250
f 3249/3249/3249 3251/3251/3251 3250/3250/3250
f 3250/3250/3250 3251/3251/3251 3252/3252/3252
f 3251/3251/3251 3253/3253/3253 3252/3252/3252
f 3252/3252/3252 3253/3253/3253 3254/3254/3254
f 3253/3253/3253 3255/3255/3255 3254/3254/3254
f 3258/3258/3258 3257/3257/3257 3256/3256/3256
f 3257/3257/3257 3259/3259/3259 3256/3256/3256
f 3257/3257/3257 3260/3260/3260 3259/3259/3259
f 3256/3256/3256 3259/3259/3259 3261/3261/3261
f 3260/3260/3260 3262/3262/3262 3259/3259/3259
f 3259/3259/3259 3263/3263/3263 3261/3261/3261
f 3259/3259/3259 3262/3262/3262 3263/3263/3263
f 3261/3261/3261 3263/3263/3263 3264/3264/3264
f 3262/3262/3262 3265/3265/3265 3263/3263/3263
f 3263/3263/3263 3266/3266/3266 3264/3264/3264
f 3263/3263/3263 3265/3265/3265 3266/3266/3266
f 3264/3264/3264 3266/3266/3266 3267/3267/3267
f 3265/3265/3265 3268/3268/3268 3266/3266/3266
f 3266/3266/3266 3269/3269/3269 3267/3267/3267
f 3266/3266/3266 3268/3268/3268 3269/3269/3269
f 3268/3268/3268 3270/3270/3270 3269/3269/3269
f 3273/3273/3273 3272/3272/3272 3271/3271/3271
f 3272/3272/3272 3274/3274/3274 3271/3271/3271
f 3271/3271/3271 3274/3274/3274 3275/3275/3275
f 3274/3274/3274 3276/3276/3276 3275/3275/3275
f 3275/3275/3275 3276/3276/3276 3277/3277/3277
f 3276/3276/3276 3278/3278/3278 3277/3277/3277
f 3277/3277/3277 3278/3278/3278 3279/3279/3279
f 3278/3278/3278 3280/3280/3280 3279/3279/3279
f 3283/3283/3283 3282/3282/3282 3281/3281/3281
f 3282/3282/3282 3284/3284/3284 3281/3281/3281
f 3282/3282/3282 3285/3285/3285 3284/3284/3284
f 3281/3281/3281 3284/3284/3284 3286/3286/3286
f 3285/3285/3285 3287/3287/3287 3284/3284/3284
f 3284/3284/3284 3288/3288/3288 3286/3286/3286
f 3284/3284/3284 3287/3287/3287 3288/3288/3288
f 3286/3286/3286 3288/3288/3288 3289/3289/3289
f 3287/3287/3287 3290/3290/3290 3288/3288/3288
f 3288/3288/3288 3291/3291/3291 3289/3289/3289
f 3288/3288/3288 3290/3290/3290 3291/3291/3291
f 3289/3289/3289 3291/3291/3291 3292/3292/3292
f 3290/3290/3290 3293/3293/3293 3291/3291/3291
f 3291/3291/3291 3294/3294/3294 3292/3292/3292
f 3291/3291/3291 3293/3293/3293 3294/3294/3294
f 3293/3293/3293 3295/3295/3295 3294/3294/3294
f 3298/3298/3298 3297/3297/3297 3296/3296/3296
f 3299/3299/3299 3298/3298/3298 3296/3296/3296
f 3302/3302/3302 3301/3301/3301 3300/3300/3300
f 3303/3303/3303 3302/3302/3302 3300/3300/3300
f 3306/3306/3306 3305/3305/3305 3304/3304/3304
f 3305/3305/3305 3307/3307/3307 3304/3304/3304
f 3307/3307/3307 3305/3305/3305 3308/3308/3308
f 3305/3305/3305 3309/3309/3309 3308/3308/3308
f 3309/3309/3309 3310/3310/3310 3308/3308/3308
f 3310/3310/3310 3311/3311/3311 3308/3308/3308
f 3314/3314/3314 3313/3313/3313 3312/3312/3312
f 3315/3315/3315 3314/3314/3314 3312/3312/3312
f 3315/3315/3315 3312/3312/3312 3316/3316/3316
f 3312/3312/3312 3317/3317/3317 3316/3316/3316
f 3316/3316/3316 3317/3317/3317 3318/3318/3318
f 3317/3317/3317 3319/3319/3319 3318/3318/3318
f 3322/3322/3322 3321/3321/3321 3320/3320/3320
f 3323/3323/3323 3322/3322/3322 3320/3320/3320
f 3320/3320/3320 3324/3324/3324 3323/3323/3323
f 3324/3324/3324 3325/3325/3325 3323/3323/3323
f 3325/3325/3325 3324/3324/3324 3326/3326/3326
f 3327/3327/3327 3325/3325/3325 3326/3326/3326
f 3330/3330/3330 3329/3329/3329 3328/3328/3328
f 3331/3331/3331 3330/3330/3330 3328/3328/3328
f 3331/3331/3331 3332/3332/3332 3330/3330/3330
f 3332/3332/3332 3333/3333/3333 3330/3330/3330
f 3332/3332/3332 3334/3334/3334 3333/3333/3333
f 3334/3334/3334 3335/3335/3335 3333/3333/3333
f 3338/3338/3338 3337/3337/3337 3336/3336/3336
f 3339/3339/3339 3338/3338/3338 3336/3336/3336
f 3342/3342/3342 3341/3341/3341 3340/3340/3340
f 3343/3343/3343 3342/3342/3342 3340/3340/3340
f 3346/3346/3346 3345/3345/3345 3344/3344/3344
f 3347/3347/3347 3346/3346/3346 3344/3344/3344
f 3350/3350/3350 3349/3349/3349 3348/3348/3348
f 3351/3351/3351 3350/3350/3350 3348/3348/3348
f 3354/3354/3354 3353/3353/3353 3352/3352/3352
f 3355/3355/3355 3354/3354/3354 3352/3352/3352
f 3358/3358/3358 3357/3357/3357 3356/3356/3356
f 3359/3359/3359 3358/3358/3358 3356/3356/3356
f 3362/3362/3362 3361/3361/3361 3360/3360/3360
f 3363/3363/3363 3362/3362/3362 3360/3360/3360
f 3366/3366/3366 3365/3365/3365 3364/3364/3364
f 3367/3367/3367 3366/3366/3366 3364/3364/3364
f 3370/3370/3370 3369/3369/3369 3368/3368/3368
f 3371/3371/3371 3370/3370/3370 3368/3368/3368
f 3374/3374/3374 3373/3373/3373 3372/3372/3372
f 3375/3375/3375 3374/3374/3374 3372/3372/3372
g Combined Mesh (root: scene) 18_79
f 3378/3378/3378 3377/3377/3377 3376/3376/3376
f 3377/3377/3377 3379/3379/3379 3376/3376/3376
f 3376/3376/3376 3379/3379/3379 3380/3380/3380
f 3381/3381/3381 3377/3377/3377 3378/3378/3378
f 3382/3382/3382 3381/3381/3381 3378/3378/3378
f 3379/3379/3379 3383/3383/3383 3380/3380/3380
f 3380/3380/3380 3383/3383/3383 3384/3384/3384
f 3377/3377/3377 3385/3385/3385 3379/3379/3379
f 3381/3381/3381 3385/3385/3385 3377/3377/3377
f 3379/3379/3379 3385/3385/3385 3383/3383/3383
f 3386/3386/3386 3381/3381/3381 3382/3382/3382
f 3386/3386/3386 3385/3385/3385 3381/3381/3381
f 3387/3387/3387 3386/3386/3386 3382/3382/3382
f 3384/3384/3384 3388/3388/3388 3387/3387/3387
f 3383/3383/3383 3388/3388/3388 3384/3384/3384
f 3383/3383/3383 3385/3385/3385 3388/3388/3388
f 3388/3388/3388 3386/3386/3386 3387/3387/3387
f 3388/3388/3388 3385/3385/3385 3386/3386/3386
f 3391/3391/3391 3390/3390/3390 3389/3389/3389
f 3389/3389/3389 3390/3390/3390 3392/3392/3392
f 3390/3390/3390 3393/3393/3393 3392/3392/3392
f 3394/3394/3394 3391/3391/3391 3389/3389/3389
f 3395/3395/3395 3391/3391/3391 3394/3394/3394
f 3392/3392/3392 3393/3393/3393 3396/3396/3396
f 3393/3393/3393 3397/3397/3397 3396/3396/3396
f 3392/3392/3392 3398/3398/3398 3389/3389/3389
f 3389/3389/3389 3398/3398/3398 3394/3394/3394
f 3396/3396/3396 3398/3398/3398 3392/3392/3392
f 3399/3399/3399 3395/3395/3395 3394/3394/3394
f 3394/3394/3394 3398/3398/3398 3399/3399/3399
f 3400/3400/3400 3395/3395/3395 3399/3399/3399
f 3397/3397/3397 3400/3400/3400 3401/3401/3401
f 3396/3396/3396 3397/3397/3397 3401/3401/3401
f 3401/3401/3401 3398/3398/3398 3396/3396/3396
f 3401/3401/3401 3400/3400/3400 3399/3399/3399
f 3399/3399/3399 3398/3398/3398 3401/3401/3401
g Combined Mesh (root: scene) 18_80
f 3404/3404/3404 3403/3403/3403 3402/3402/3402
f 3405/3405/3405 3404/3404/3404 3402/3402/3402
f 3408/3408/3408 3407/3407/3407 3406/3406/3406
f 3409/3409/3409 3408/3408/3408 3406/3406/3406
f 3412/3412/3412 3411/3411/3411 3410/3410/3410
f 3413/3413/3413 3412/3412/3412 3410/3410/3410
f 3416/3416/3416 3415/3415/3415 3414/3414/3414
f 3417/3417/3417 3416/3416/3416 3414/3414/3414
f 3420/3420/3420 3419/3419/3419 3418/3418/3418
f 3421/3421/3421 3420/3420/3420 3418/3418/3418
f 3424/3424/3424 3423/3423/3423 3422/3422/3422
f 3425/3425/3425 3424/3424/3424 3422/3422/3422
f 3428/3428/3428 3427/3427/3427 3426/3426/3426
f 3429/3429/3429 3428/3428/3428 3426/3426/3426
f 3432/3432/3432 3431/3431/3431 3430/3430/3430
f 3433/3433/3433 3432/3432/3432 3430/3430/3430
f 3436/3436/3436 3435/3435/3435 3434/3434/3434
f 3437/3437/3437 3436/3436/3436 3434/3434/3434
f 3440/3440/3440 3439/3439/3439 3438/3438/3438
f 3441/3441/3441 3440/3440/3440 3438/3438/3438
f 3444/3444/3444 3443/3443/3443 3442/3442/3442
f 3445/3445/3445 3444/3444/3444 3442/3442/3442
f 3448/3448/3448 3447/3447/3447 3446/3446/3446
f 3449/3449/3449 3448/3448/3448 3446/3446/3446
g Combined Mesh (root: scene) 18_81
f 3452/3452/3452 3451/3451/3451 3450/3450/3450
f 3453/3453/3453 3452/3452/3452 3450/3450/3450
g Combined Mesh (root: scene) 18_82
f 3456/3456/3456 3455/3455/3455 3454/3454/3454
f 3455/3455/3455 3457/3457/3457 3454/3454/3454
f 3454/3454/3454 3457/3457/3457 3458/3458/3458
f 3459/3459/3459 3455/3455/3455 3456/3456/3456
f 3460/3460/3460 3459/3459/3459 3456/3456/3456
f 3457/3457/3457 3461/3461/3461 3458/3458/3458
f 3458/3458/3458 3461/3461/3461 3462/3462/3462
f 3455/3455/3455 3463/3463/3463 3457/3457/3457
f 3459/3459/3459 3463/3463/3463 3455/3455/3455
f 3457/3457/3457 3463/3463/3463 3461/3461/3461
f 3464/3464/3464 3459/3459/3459 3460/3460/3460
f 3464/3464/3464 3463/3463/3463 3459/3459/3459
f 3465/3465/3465 3464/3464/3464 3460/3460/3460
f 3462/3462/3462 3466/3466/3466 3465/3465/3465
f 3461/3461/3461 3466/3466/3466 3462/3462/3462
f 3461/3461/3461 3463/3463/3463 3466/3466/3466
f 3466/3466/3466 3464/3464/3464 3465/3465/3465
f 3466/3466/3466 3463/3463/3463 3464/3464/3464
f 3469/3469/3469 3468/3468/3468 3467/3467/3467
f 3467/3467/3467 3468/3468/3468 3470/3470/3470
f 3468/3468/3468 3471/3471/3471 3470/3470/3470
f 3472/3472/3472 3469/3469/3469 3467/3467/3467
f 3473/3473/3473 3469/3469/3469 3472/3472/3472
f 3470/3470/3470 3471/3471/3471 3474/3474/3474
f 3471/3471/3471 3475/3475/3475 3474/3474/3474
f 3470/3470/3470 3476/3476/3476 3467/3467/3467
f 3467/3467/3467 3476/3476/3476 3472/3472/3472
f 3474/3474/3474 3476/3476/3476 3470/3470/3470
f 3477/3477/3477 3473/3473/3473 3472/3472/3472
f 3472/3472/3472 3476/3476/3476 3477/3477/3477
f 3478/3478/3478 3473/3473/3473 3477/3477/3477
f 3475/3475/3475 3478/3478/3478 3479/3479/3479
f 3474/3474/3474 3475/3475/3475 3479/3479/3479
f 3479/3479/3479 3476/3476/3476 3474/3474/3474
f 3479/3479/3479 3478/3478/3478 3477/3477/3477
f 3477/3477/3477 3476/3476/3476 3479/3479/3479
g Combined Mesh (root: scene) 18_83
f 3482/3482/3482 3481/3481/3481 3480/3480/3480
f 3483/3483/3483 3482/3482/3482 3480/3480/3480
f 3486/3486/3486 3485/3485/3485 3484/3484/3484
f 3487/3487/3487 3486/3486/3486 3484/3484/3484
f 3490/3490/3490 3489/3489/3489 3488/3488/3488
f 3491/3491/3491 3490/3490/3490 3488/3488/3488
f 3494/3494/3494 3493/3493/3493 3492/3492/3492
f 3495/3495/3495 3494/3494/3494 3492/3492/3492
f 3498/3498/3498 3497/3497/3497 3496/3496/3496
f 3499/3499/3499 3498/3498/3498 3496/3496/3496
f 3502/3502/3502 3501/3501/3501 3500/3500/3500
f 3503/3503/3503 3502/3502/3502 3500/3500/3500
f 3506/3506/3506 3505/3505/3505 3504/3504/3504
f 3507/3507/3507 3506/3506/3506 3504/3504/3504
f 3510/3510/3510 3509/3509/3509 3508/3508/3508
f 3511/3511/3511 3510/3510/3510 3508/3508/3508
f 3514/3514/3514 3513/3513/3513 3512/3512/3512
f 3515/3515/3515 3514/3514/3514 3512/3512/3512
f 3518/3518/3518 3517/3517/3517 3516/3516/3516
f 3519/3519/3519 3518/3518/3518 3516/3516/3516
f 3522/3522/3522 3521/3521/3521 3520/3520/3520
f 3523/3523/3523 3522/3522/3522 3520/3520/3520
f 3526/3526/3526 3525/3525/3525 3524/3524/3524
f 3527/3527/3527 3526/3526/3526 3524/3524/3524
g Combined Mesh (root: scene) 18_84
f 3530/3530/3530 3529/3529/3529 3528/3528/3528
f 3531/3531/3531 3530/3530/3530 3528/3528/3528
g Combined Mesh (root: scene) 18_85
f 3534/3534/3534 3533/3533/3533 3532/3532/3532
f 3535/3535/3535 3534/3534/3534 3532/3532/3532
f 3538/3538/3538 3537/3537/3537 3536/3536/3536
f 3539/3539/3539 3538/3538/3538 3536/3536/3536
f 3542/3542/3542 3541/3541/3541 3540/3540/3540
f 3543/3543/3543 3542/3542/3542 3540/3540/3540
f 3546/3546/3546 3545/3545/3545 3544/3544/3544
f 3547/3547/3547 3546/3546/3546 3544/3544/3544
f 3550/3550/3550 3549/3549/3549 3548/3548/3548
f 3551/3551/3551 3550/3550/3550 3548/3548/3548
f 3554/3554/3554 3553/3553/3553 3552/3552/3552
f 3555/3555/3555 3554/3554/3554 3552/3552/3552
f 3558/3558/3558 3557/3557/3557 3556/3556/3556
f 3559/3559/3559 3558/3558/3558 3556/3556/3556
f 3562/3562/3562 3561/3561/3561 3560/3560/3560
f 3563/3563/3563 3562/3562/3562 3560/3560/3560
f 3566/3566/3566 3565/3565/3565 3564/3564/3564
f 3567/3567/3567 3566/3566/3566 3564/3564/3564
f 3570/3570/3570 3569/3569/3569 3568/3568/3568
f 3571/3571/3571 3570/3570/3570 3568/3568/3568
f 3574/3574/3574 3573/3573/3573 3572/3572/3572
f 3575/3575/3575 3574/3574/3574 3572/3572/3572
f 3578/3578/3578 3577/3577/3577 3576/3576/3576
f 3579/3579/3579 3578/3578/3578 3576/3576/3576
g Combined Mesh (root: scene) 18_86
f 3582/3582/3582 3581/3581/3581 3580/3580/3580
f 3583/3583/3583 3582/3582/3582 3580/3580/3580
g Combined Mesh (root: scene) 18_87
f 3586/3586/3586 3585/3585/3585 3584/3584/3584
f 3587/3587/3587 3584/3584/3584 3585/3585/3585
f 3585/3585/3585 3588/3588/3588 3587/3587/3587
f 3584/3584/3584 3587/3587/3587 3589/3589/3589
f 3590/3590/3590 3587/3587/3587 3588/3588/3588
f 3591/3591/3591 3589/3589/3589 3587/3587/3587
f 3587/3587/3587 3590/3590/3590 3591/3591/3591
f 3589/3589/3589 3591/3591/3591 3592/3592/3592
f 3593/3593/3593 3591/3591/3591 3590/3590/3590
f 3594/3594/3594 3592/3592/3592 3591/3591/3591
f 3591/3591/3591 3593/3593/3593 3594/3594/3594
f 3592/3592/3592 3594/3594/3594 3595/3595/3595
f 3596/3596/3596 3594/3594/3594 3593/3593/3593
f 3597/3597/3597 3595/3595/3595 3594/3594/3594
f 3594/3594/3594 3596/3596/3596 3597/3597/3597
f 3595/3595/3595 3597/3597/3597 3598/3598/3598
f 3599/3599/3599 3597/3597/3597 3596/3596/3596
f 3600/3600/3600 3598/3598/3598 3597/3597/3597
f 3597/3597/3597 3599/3599/3599 3600/3600/3600
f 3598/3598/3598 3600/3600/3600 3601/3601/3601
f 3602/3602/3602 3600/3600/3600 3599/3599/3599
f 3603/3603/3603 3601/3601/3601 3600/3600/3600
f 3600/3600/3600 3602/3602/3602 3603/3603/3603
f 3601/3601/3601 3603/3603/3603 3604/3604/3604
f 3605/3605/3605 3603/3603/3603 3602/3602/3602
f 3606/3606/3606 3604/3604/3604 3603/3603/3603
f 3603/3603/3603 3605/3605/3605 3606/3606/3606
f 3604/3604/3604 3606/3606/3606 3607/3607/3607
f 3608/3608/3608 3606/3606/3606 3605/3605/3605
f 3609/3609/3609 3607/3607/3607 3606/3606/3606
f 3606/3606/3606 3608/3608/3608 3609/3609/3609
f 3607/3607/3607 3609/3609/3609 3610/3610/3610
f 3611/3611/3611 3609/3609/3609 3608/3608/3608
f 3612/3612/3612 3610/3610/3610 3609/3609/3609
f 3609/3609/3609 3611/3611/3611 3612/3612/3612
f 3610/3610/3610 3612/3612/3612 3613/3613/3613
f 3614/3614/3614 3612/3612/3612 3611/3611/3611
f 3615/3615/3615 3613/3613/3613 3612/3612/3612
f 3612/3612/3612 3614/3614/3614 3615/3615/3615
f 3613/3613/3613 3615/3615/3615 3616/3616/3616
f 3617/3617/3617 3615/3615/3615 3614/3614/3614
f 3618/3618/3618 3616/3616/3616 3615/3615/3615
f 3615/3615/3615 3617/3617/3617 3618/3618/3618
f 3616/3616/3616 3618/3618/3618 3619/3619/3619
f 3620/3620/3620 3618/3618/3618 3617/3617/3617
f 3621/3621/3621 3619/3619/3619 3618/3618/3618
f 3618/3618/3618 3620/3620/3620 3621/3621/3621
f 3619/3619/3619 3621/3621/3621 3622/3622/3622
f 3623/3623/3623 3621/3621/3621 3620/3620/3620
f 3624/3624/3624 3622/3622/3622 3621/3621/3621
f 3621/3621/3621 3623/3623/3623 3624/3624/3624
f 3622/3622/3622 3624/3624/3624 3625/3625/3625
f 3626/3626/3626 3624/3624/3624 3623/3623/3623
f 3627/3627/3627 3625/3625/3625 3624/3624/3624
f 3624/3624/3624 3626/3626/3626 3627/3627/3627
f 3625/3625/3625 3627/3627/3627 3628/3628/3628
f 3629/3629/3629 3627/3627/3627 3626/3626/3626
f 3630/3630/3630 3628/3628/3628 3627/3627/3627
f 3627/3627/3627 3629/3629/3629 3630/3630/3630
f 3628/3628/3628 3630/3630/3630 3631/3631/3631
f 3632/3632/3632 3630/3630/3630 3629/3629/3629
f 3633/3633/3633 3631/3631/3631 3630/3630/3630
f 3630/3630/3630 3632/3632/3632 3633/3633/3633
f 3631/3631/3631 3633/3633/3633 3634/3634/3634
f 3635/3635/3635 3633/3633/3633 3632/3632/3632
f 3636/3636/3636 3634/3634/3634 3633/3633/3633
f 3633/3633/3633 3635/3635/3635 3636/3636/3636
f 3634/3634/3634 3636/3636/3636 3637/3637/3637
f 3638/3638/3638 3636/3636/3636 3635/3635/3635
f 3639/3639/3639 3637/3637/3637 3636/3636/3636
f 3636/3636/3636 3638/3638/3638 3639/3639/3639
f 3640/3640/3640 3639/3639/3639 3638/3638/3638
f 3643/3643/3643 3642/3642/3642 3641/3641/3641
f 3644/3644/3644 3641/3641/3641 3642/3642/3642
f 3642/3642/3642 3645/3645/3645 3644/3644/3644
f 3644/3644/3644 3646/3646/3646 3641/3641/3641
f 3647/3647/3647 3641/3641/3641 3646/3646/3646
f 3646/3646/3646 3644/3644/3644 3648/3648/3648
f 3649/3649/3649 3644/3644/3644 3645/3645/3645
f 3649/3649/3649 3648/3648/3648 3644/3644/3644
f 3645/3645/3645 3650/3650/3650 3649/3649/3649
f 3648/3648/3648 3649/3649/3649 3651/3651/3651
f 3652/3652/3652 3649/3649/3649 3650/3650/3650
f 3652/3652/3652 3651/3651/3651 3649/3649/3649
f 3650/3650/3650 3653/3653/3653 3652/3652/3652
f 3651/3651/3651 3652/3652/3652 3654/3654/3654
f 3655/3655/3655 3652/3652/3652 3653/3653/3653
f 3655/3655/3655 3654/3654/3654 3652/3652/3652
f 3653/3653/3653 3656/3656/3656 3655/3655/3655
f 3654/3654/3654 3655/3655/3655 3657/3657/3657
f 3658/3658/3658 3655/3655/3655 3656/3656/3656
f 3658/3658/3658 3657/3657/3657 3655/3655/3655
f 3656/3656/3656 3659/3659/3659 3658/3658/3658
f 3657/3657/3657 3658/3658/3658 3660/3660/3660
f 3661/3661/3661 3658/3658/3658 3659/3659/3659
f 3661/3661/3661 3660/3660/3660 3658/3658/3658
f 3659/3659/3659 3662/3662/3662 3661/3661/3661
f 3660/3660/3660 3661/3661/3661 3663/3663/3663
f 3664/3664/3664 3661/3661/3661 3662/3662/3662
f 3664/3664/3664 3663/3663/3663 3661/3661/3661
f 3662/3662/3662 3665/3665/3665 3664/3664/3664
f 3663/3663/3663 3664/3664/3664 3666/3666/3666
f 3667/3667/3667 3664/3664/3664 3665/3665/3665
f 3667/3667/3667 3666/3666/3666 3664/3664/3664
f 3665/3665/3665 3668/3668/3668 3667/3667/3667
f 3666/3666/3666 3667/3667/3667 3669/3669/3669
f 3670/3670/3670 3667/3667/3667 3668/3668/3668
f 3670/3670/3670 3669/3669/3669 3667/3667/3667
f 3668/3668/3668 3671/3671/3671 3670/3670/3670
f 3669/3669/3669 3670/3670/3670 3672/3672/3672
f 3673/3673/3673 3670/3670/3670 3671/3671/3671
f 3673/3673/3673 3672/3672/3672 3670/3670/3670
f 3671/3671/3671 3674/3674/3674 3673/3673/3673
f 3672/3672/3672 3673/3673/3673 3675/3675/3675
f 3676/3676/3676 3673/3673/3673 3674/3674/3674
f 3676/3676/3676 3675/3675/3675 3673/3673/3673
f 3674/3674/3674 3677/3677/3677 3676/3676/3676
f 3675/3675/3675 3676/3676/3676 3678/3678/3678
f 3679/3679/3679 3676/3676/3676 3677/3677/3677
f 3679/3679/3679 3678/3678/3678 3676/3676/3676
f 3677/3677/3677 3680/3680/3680 3679/3679/3679
f 3678/3678/3678 3679/3679/3679 3681/3681/3681
f 3682/3682/3682 3679/3679/3679 3680/3680/3680
f 3682/3682/3682 3681/3681/3681 3679/3679/3679
f 3680/3680/3680 3683/3683/3683 3682/3682/3682
f 3681/3681/3681 3682/3682/3682 3684/3684/3684
f 3685/3685/3685 3682/3682/3682 3683/3683/3683
f 3685/3685/3685 3684/3684/3684 3682/3682/3682
f 3683/3683/3683 3686/3686/3686 3685/3685/3685
f 3684/3684/3684 3685/3685/3685 3687/3687/3687
f 3688/3688/3688 3685/3685/3685 3686/3686/3686
f 3688/3688/3688 3687/3687/3687 3685/3685/3685
f 3686/3686/3686 3689/3689/3689 3688/3688/3688
f 3687/3687/3687 3688/3688/3688 3690/3690/3690
f 3691/3691/3691 3688/3688/3688 3689/3689/3689
f 3691/3691/3691 3690/3690/3690 3688/3688/3688
f 3689/3689/3689 3692/3692/3692 3691/3691/3691
f 3690/3690/3690 3691/3691/3691 3693/3693/3693
f 3694/3694/3694 3691/3691/3691 3692/3692/3692
f 3694/3694/3694 3693/3693/3693 3691/3691/3691
f 3692/3692/3692 3695/3695/3695 3694/3694/3694
f 3693/3693/3693 3694/3694/3694 3696/3696/3696
f 3697/3697/3697 3694/3694/3694 3695/3695/3695
f 3697/3697/3697 3696/3696/3696 3694/3694/3694
f 3700/3700/3700 3699/3699/3699 3698/3698/3698
f 3701/3701/3701 3698/3698/3698 3699/3699/3699
f 3698/3698/3698 3701/3701/3701 3702/3702/3702
f 3703/3703/3703 3702/3702/3702 3701/3701/3701
f 3702/3702/3702 3703/3703/3703 3704/3704/3704
f 3705/3705/3705 3704/3704/3704 3703/3703/3703
f 3704/3704/3704 3705/3705/3705 3706/3706/3706
f 3707/3707/3707 3706/3706/3706 3705/3705/3705
f 3706/3706/3706 3707/3707/3707 3708/3708/3708
f 3709/3709/3709 3708/3708/3708 3707/3707/3707
f 3708/3708/3708 3709/3709/3709 3710/3710/3710
f 3711/3711/3711 3710/3710/3710 3709/3709/3709
f 3710/3710/3710 3711/3711/3711 3712/3712/3712
f 3713/3713/3713 3712/3712/3712 3711/3711/3711
f 3712/3712/3712 3713/3713/3713 3714/3714/3714
f 3715/3715/3715 3714/3714/3714 3713/3713/3713
f 3714/3714/3714 3715/3715/3715 3716/3716/3716
f 3717/3717/3717 3716/3716/3716 3715/3715/3715
f 3716/3716/3716 3717/3717/3717 3718/3718/3718
f 3719/3719/3719 3718/3718/3718 3717/3717/3717
f 3718/3718/3718 3719/3719/3719 3720/3720/3720
f 3721/3721/3721 3720/3720/3720 3719/3719/3719
f 3720/3720/3720 3721/3721/3721 3722/3722/3722
f 3723/3723/3723 3722/3722/3722 3721/3721/3721
f 3722/3722/3722 3723/3723/3723 3724/3724/3724
f 3725/3725/3725 3724/3724/3724 3723/3723/3723
f 3724/3724/3724 3725/3725/3725 3726/3726/3726
f 3727/3727/3727 3726/3726/3726 3725/3725/3725
f 3726/3726/3726 3727/3727/3727 3728/3728/3728
f 3729/3729/3729 3728/3728/3728 3727/3727/3727
f 3728/3728/3728 3729/3729/3729 3730/3730/3730
f 3731/3731/3731 3730/3730/3730 3729/3729/3729
f 3730/3730/3730 3731/3731/3731 3732/3732/3732
f 3733/3733/3733 3732/3732/3732 3731/3731/3731
f 3732/3732/3732 3733/3733/3733 3734/3734/3734
f 3735/3735/3735 3734/3734/3734 3733/3733/3733
f 3738/3738/3738 3737/3737/3737 3736/3736/3736
f 3739/3739/3739 3737/3737/3737 3738/3738/3738
f 3740/3740/3740 3736/3736/3736 3737/3737/3737
f 3736/3736/3736 3740/3740/3740 3741/3741/3741
f 3737/3737/3737 3742/3742/3742 3740/3740/3740
f 3743/3743/3743 3742/3742/3742 3737/3737/3737
f 3737/3737/3737 3739/3739/3739 3743/3743/3743
f 3744/3744/3744 3743/3743/3743 3739/3739/3739
f 3741/3741/3741 3740/3740/3740 3745/3745/3745
f 3746/3746/3746 3743/3743/3743 3744/3744/3744
f 3747/3747/3747 3745/3745/3745 3740/3740/3740
f 3740/3740/3740 3742/3742/3742 3747/3747/3747
f 3745/3745/3745 3747/3747/3747 3748/3748/3748
f 3748/3748/3748 3747/3747/3747 3749/3749/3749
f 3743/3743/3743 3746/3746/3746 3750/3750/3750
f 3750/3750/3750 3742/3742/3742 3743/3743/3743
f 3751/3751/3751 3750/3750/3750 3746/3746/3746
f 3752/3752/3752 3750/3750/3750 3751/3751/3751
f 3753/3753/3753 3749/3749/3749 3747/3747/3747
f 3747/3747/3747 3742/3742/3742 3753/3753/3753
f 3749/3749/3749 3753/3753/3753 3754/3754/3754
f 3754/3754/3754 3753/3753/3753 3755/3755/3755
f 3750/3750/3750 3752/3752/3752 3756/3756/3756
f 3756/3756/3756 3742/3742/3742 3750/3750/3750
f 3757/3757/3757 3756/3756/3756 3752/3752/3752
f 3758/3758/3758 3756/3756/3756 3757/3757/3757
f 3759/3759/3759 3755/3755/3755 3753/3753/3753
f 3753/3753/3753 3742/3742/3742 3759/3759/3759
f 3755/3755/3755 3759/3759/3759 3760/3760/3760
f 3760/3760/3760 3759/3759/3759 3761/3761/3761
f 3756/3756/3756 3758/3758/3758 3762/3762/3762
f 3762/3762/3762 3742/3742/3742 3756/3756/3756
f 3759/3759/3759 3742/3742/3742 3762/3762/3762
f 3762/3762/3762 3761/3761/3761 3759/3759/3759
f 3763/3763/3763 3762/3762/3762 3758/3758/3758
f 3761/3761/3761 3762/3762/3762 3763/3763/3763
f 3766/3766/3766 3765/3765/3765 3764/3764/3764
f 3764/3764/3764 3765/3765/3765 3767/3767/3767
f 3768/3768/3768 3765/3765/3765 3766/3766/3766
f 3767/3767/3767 3765/3765/3765 3769/3769/3769
f 3770/3770/3770 3765/3765/3765 3768/3768/3768
f 3769/3769/3769 3765/3765/3765 3771/3771/3771
f 3772/3772/3772 3765/3765/3765 3770/3770/3770
f 3771/3771/3771 3765/3765/3765 3773/3773/3773
f 3774/3774/3774 3765/3765/3765 3772/3772/3772
f 3773/3773/3773 3765/3765/3765 3775/3775/3775
f 3776/3776/3776 3765/3765/3765 3774/3774/3774
f 3775/3775/3775 3765/3765/3765 3777/3777/3777
f 3778/3778/3778 3765/3765/3765 3776/3776/3776
f 3777/3777/3777 3765/3765/3765 3779/3779/3779
f 3780/3780/3780 3765/3765/3765 3778/3778/3778
f 3779/3779/3779 3765/3765/3765 3781/3781/3781
f 3782/3782/3782 3765/3765/3765 3780/3780/3780
f 3781/3781/3781 3765/3765/3765 3782/3782/3782
g Combined Mesh (root: scene) 18_88
f 3785/3785/3785 3784/3784/3784 3783/3783/3783
f 3784/3784/3784 3786/3786/3786 3783/3783/3783
f 3783/3783/3783 3786/3786/3786 3787/3787/3787
f 3788/3788/3788 3784/3784/3784 3785/3785/3785
f 3789/3789/3789 3788/3788/3788 3785/3785/3785
f 3786/3786/3786 3790/3790/3790 3787/3787/3787
f 3787/3787/3787 3790/3790/3790 3791/3791/3791
f 3784/3784/3784 3792/3792/3792 3786/3786/3786
f 3788/3788/3788 3792/3792/3792 3784/3784/3784
f 3786/3786/3786 3792/3792/3792 3790/3790/3790
f 3793/3793/3793 3788/3788/3788 3789/3789/3789
f 3793/3793/3793 3792/3792/3792 3788/3788/3788
f 3794/3794/3794 3793/3793/3793 3789/3789/3789
f 3791/3791/3791 3795/3795/3795 3794/3794/3794
f 3790/3790/3790 3795/3795/3795 3791/3791/3791
f 3790/3790/3790 3792/3792/3792 3795/3795/3795
f 3795/3795/3795 3793/3793/3793 3794/3794/3794
f 3795/3795/3795 3792/3792/3792 3793/3793/3793
f 3798/3798/3798 3797/3797/3797 3796/3796/3796
f 3796/3796/3796 3797/3797/3797 3799/3799/3799
f 3797/3797/3797 3800/3800/3800 3799/3799/3799
f 3801/3801/3801 3798/3798/3798 3796/3796/3796
f 3802/3802/3802 3798/3798/3798 3801/3801/3801
f 3799/3799/3799 3800/3800/3800 3803/3803/3803
f 3800/3800/3800 3804/3804/3804 3803/3803/3803
f 3799/3799/3799 3805/3805/3805 3796/3796/3796
f 3796/3796/3796 3805/3805/3805 3801/3801/3801
f 3803/3803/3803 3805/3805/3805 3799/3799/3799
f 3806/3806/3806 3802/3802/3802 3801/3801/3801
f 3801/3801/3801 3805/3805/3805 3806/3806/3806
f 3807/3807/3807 3802/3802/3802 3806/3806/3806
f 3804/3804/3804 3807/3807/3807 3808/3808/3808
f 3803/3803/3803 3804/3804/3804 3808/3808/3808
f 3808/3808/3808 3805/3805/3805 3803/3803/3803
f 3808/3808/3808 3807/3807/3807 3806/3806/3806
f 3806/3806/3806 3805/3805/3805 3808/3808/3808
g Combined Mesh (root: scene) 18_89
f 3811/3811/3811 3810/3810/3810 3809/3809/3809
f 3814/3814/3814 3813/3813/3813 3812/3812/3812
f 3817/3817/3817 3816/3816/3816 3815/3815/3815
f 3820/3820/3820 3819/3819/3819 3818/3818/3818
f 3823/3823/3823 3822/3822/3822 3821/3821/3821
f 3826/3826/3826 3825/3825/3825 3824/3824/3824
f 3829/3829/3829 3828/3828/3828 3827/3827/3827
f 3832/3832/3832 3831/3831/3831 3830/3830/3830
f 3835/3835/3835 3834/3834/3834 3833/3833/3833
f 3838/3838/3838 3837/3837/3837 3836/3836/3836
f 3841/3841/3841 3840/3840/3840 3839/3839/3839
f 3844/3844/3844 3843/3843/3843 3842/3842/3842
f 3847/3847/3847 3846/3846/3846 3845/3845/3845
f 3850/3850/3850 3849/3849/3849 3848/3848/3848
f 3853/3853/3853 3852/3852/3852 3851/3851/3851
f 3856/3856/3856 3855/3855/3855 3854/3854/3854
f 3859/3859/3859 3858/3858/3858 3857/3857/3857
f 3860/3860/3860 3859/3859/3859 3857/3857/3857
f 3861/3861/3861 3859/3859/3859 3860/3860/3860
f 3860/3860/3860 3857/3857/3857 3862/3862/3862
f 3857/3857/3857 3863/3863/3863 3862/3862/3862
f 3863/3863/3863 3864/3864/3864 3862/3862/3862
f 3865/3865/3865 3861/3861/3861 3860/3860/3860
f 3866/3866/3866 3861/3861/3861 3865/3865/3865
f 3860/3860/3860 3862/3862/3862 3867/3867/3867
f 3862/3862/3862 3864/3864/3864 3867/3867/3867
f 3865/3865/3865 3860/3860/3860 3867/3867/3867
f 3867/3867/3867 3864/3864/3864 3868/3868/3868
f 3865/3865/3865 3867/3867/3867 3868/3868/3868
f 3868/3868/3868 3864/3864/3864 3869/3869/3869
f 3870/3870/3870 3866/3866/3866 3865/3865/3865
f 3870/3870/3870 3865/3865/3865 3868/3868/3868
f 3870/3870/3870 3868/3868/3868 3869/3869/3869
f 3871/3871/3871 3866/3866/3866 3870/3870/3870
f 3872/3872/3872 3870/3870/3870 3869/3869/3869
f 3872/3872/3872 3871/3871/3871 3870/3870/3870
f 3875/3875/3875 3874/3874/3874 3873/3873/3873
f 3876/3876/3876 3875/3875/3875 3873/3873/3873
f 3877/3877/3877 3875/3875/3875 3876/3876/3876
f 3876/3876/3876 3873/3873/3873 3878/3878/3878
f 3873/3873/3873 3879/3879/3879 3878/3878/3878
f 3879/3879/3879 3880/3880/3880 3878/3878/3878
f 3881/3881/3881 3877/3877/3877 3876/3876/3876
f 3882/3882/3882 3877/3877/3877 3881/3881/3881
f 3876/3876/3876 3878/3878/3878 3883/3883/3883
f 3878/3878/3878 3880/3880/3880 3883/3883/3883
f 3881/3881/3881 3876/3876/3876 3883/3883/3883
f 3883/3883/3883 3880/3880/3880 3884/3884/3884
f 3881/3881/3881 3883/3883/3883 3884/3884/3884
f 3884/3884/3884 3880/3880/3880 3885/3885/3885
f 3886/3886/3886 3882/3882/3882 3881/3881/3881
f 3886/3886/3886 3881/3881/3881 3884/3884/3884
f 3886/3886/3886 3884/3884/3884 3885/3885/3885
f 3887/3887/3887 3882/3882/3882 3886/3886/3886
f 3888/3888/3888 3886/3886/3886 3885/3885/3885
f 3888/3888/3888 3887/3887/3887 3886/3886/3886
f 3891/3891/3891 3890/3890/3890 3889/3889/3889
f 3892/3892/3892 3891/3891/3891 3889/3889/3889
f 3893/3893/3893 3891/3891/3891 3892/3892/3892
f 3892/3892/3892 3889/3889/3889 3894/3894/3894
f 3889/3889/3889 3895/3895/3895 3894/3894/3894
f 3895/3895/3895 3896/3896/3896 3894/3894/3894
f 3897/3897/3897 3893/3893/3893 3892/3892/3892
f 3898/3898/3898 3893/3893/3893 3897/3897/3897
f 3892/3892/3892 3894/3894/3894 3899/3899/3899
f 3894/3894/3894 3896/3896/3896 3899/3899/3899
f 3897/3897/3897 3892/3892/3892 3899/3899/3899
f 3899/3899/3899 3896/3896/3896 3900/3900/3900
f 3897/3897/3897 3899/3899/3899 3900/3900/3900
f 3900/3900/3900 3896/3896/3896 3901/3901/3901
f 3902/3902/3902 3898/3898/3898 3897/3897/3897
f 3902/3902/3902 3897/3897/3897 3900/3900/3900
f 3902/3902/3902 3900/3900/3900 3901/3901/3901
f 3903/3903/3903 3898/3898/3898 3902/3902/3902
f 3904/3904/3904 3902/3902/3902 3901/3901/3901
f 3904/3904/3904 3903/3903/3903 3902/3902/3902
f 3907/3907/3907 3906/3906/3906 3905/3905/3905
f 3908/3908/3908 3907/3907/3907 3905/3905/3905
f 3909/3909/3909 3907/3907/3907 3908/3908/3908
f 3908/3908/3908 3905/3905/3905 3910/3910/3910
f 3905/3905/3905 3911/3911/3911 3910/3910/3910
f 3911/3911/3911 3912/3912/3912 3910/3910/3910
f 3913/3913/3913 3909/3909/3909 3908/3908/3908
f 3914/3914/3914 3909/3909/3909 3913/3913/3913
f 3908/3908/3908 3910/3910/3910 3915/3915/3915
f 3910/3910/3910 3912/3912/3912 3915/3915/3915
f 3913/3913/3913 3908/3908/3908 3915/3915/3915
f 3915/3915/3915 3912/3912/3912 3916/3916/3916
f 3913/3913/3913 3915/3915/3915 3916/3916/3916
f 3916/3916/3916 3912/3912/3912 3917/3917/3917
f 3918/3918/3918 3914/3914/3914 3913/3913/3913
f 3918/3918/3918 3913/3913/3913 3916/3916/3916
f 3918/3918/3918 3916/3916/3916 3917/3917/3917
f 3919/3919/3919 3914/3914/3914 3918/3918/3918
f 3920/3920/3920 3918/3918/3918 3917/3917/3917
f 3920/3920/3920 3919/3919/3919 3918/3918/3918
g Combined Mesh (root: scene) 18_90
f 3923/3923/3923 3922/3922/3922 3921/3921/3921
f 3924/3924/3924 3923/3923/3923 3921/3921/3921
f 3927/3927/3927 3926/3926/3926 3925/3925/3925
f 3928/3928/3928 3927/3927/3927 3925/3925/3925
f 3931/3931/3931 3930/3930/3930 3929/3929/3929
f 3932/3932/3932 3931/3931/3931 3929/3929/3929
f 3935/3935/3935 3934/3934/3934 3933/3933/3933
f 3936/3936/3936 3935/3935/3935 3933/3933/3933
f 3939/3939/3939 3938/3938/3938 3937/3937/3937
f 3940/3940/3940 3939/3939/3939 3937/3937/3937
f 3943/3943/3943 3942/3942/3942 3941/3941/3941
f 3944/3944/3944 3943/3943/3943 3941/3941/3941
f 3947/3947/3947 3946/3946/3946 3945/3945/3945
f 3948/3948/3948 3947/3947/3947 3945/3945/3945
f 3951/3951/3951 3950/3950/3950 3949/3949/3949
f 3952/3952/3952 3951/3951/3951 3949/3949/3949
f 3955/3955/3955 3954/3954/3954 3953/3953/3953
f 3956/3956/3956 3955/3955/3955 3953/3953/3953
f 3959/3959/3959 3958/3958/3958 3957/3957/3957
f 3960/3960/3960 3959/3959/3959 3957/3957/3957
f 3963/3963/3963 3962/3962/3962 3961/3961/3961
f 3964/3964/3964 3963/3963/3963 3961/3961/3961
f 3967/3967/3967 3966/3966/3966 3965/3965/3965
f 3968/3968/3968 3967/3967/3967 3965/3965/3965
g Combined Mesh (root: scene) 18_91
f 3971/3971/3971 3970/3970/3970 3969/3969/3969
f 3972/3972/3972 3971/3971/3971 3969/3969/3969
g Combined Mesh (root: scene) 18_92
f 3975/3975/3975 3974/3974/3974 3973/3973/3973
f 3976/3976/3976 3975/3975/3975 3973/3973/3973
f 3979/3979/3979 3978/3978/3978 3977/3977/3977
f 3980/3980/3980 3979/3979/3979 3977/3977/3977
f 3983/3983/3983 3982/3982/3982 3981/3981/3981
f 3984/3984/3984 3983/3983/3983 3981/3981/3981
f 3987/3987/3987 3986/3986/3986 3985/3985/3985
f 3988/3988/3988 3987/3987/3987 3985/3985/3985
f 3991/3991/3991 3990/3990/3990 3989/3989/3989
f 3992/3992/3992 3991/3991/3991 3989/3989/3989
g Combined Mesh (root: scene) 18_93
f 3995/3995/3995 3994/3994/3994 3993/3993/3993
f 3994/3994/3994 3996/3996/3996 3993/3993/3993
f 3993/3993/3993 3996/3996/3996 3997/3997/3997
f 3998/3998/3998 3994/3994/3994 3995/3995/3995
f 3999/3999/3999 3998/3998/3998 3995/3995/3995
f 3996/3996/3996 4000/4000/4000 3997/3997/3997
f 3997/3997/3997 4000/4000/4000 4001/4001/4001
f 3994/3994/3994 4002/4002/4002 3996/3996/3996
f 3998/3998/3998 4002/4002/4002 3994/3994/3994
f 3996/3996/3996 4002/4002/4002 4000/4000/4000
f 4003/4003/4003 3998/3998/3998 3999/3999/3999
f 4003/4003/4003 4002/4002/4002 3998/3998/3998
f 4004/4004/4004 4003/4003/4003 3999/3999/3999
f 4001/4001/4001 4005/4005/4005 4004/4004/4004
f 4000/4000/4000 4005/4005/4005 4001/4001/4001
f 4000/4000/4000 4002/4002/4002 4005/4005/4005
f 4005/4005/4005 4003/4003/4003 4004/4004/4004
f 4005/4005/4005 4002/4002/4002 4003/4003/4003
f 4008/4008/4008 4007/4007/4007 4006/4006/4006
f 4006/4006/4006 4007/4007/4007 4009/4009/4009
f 4007/4007/4007 4010/4010/4010 4009/4009/4009
f 4011/4011/4011 4008/4008/4008 4006/4006/4006
f 4012/4012/4012 4008/4008/4008 4011/4011/4011
f 4009/4009/4009 4010/4010/4010 4013/4013/4013
f 4010/4010/4010 4014/4014/4014 4013/4013/4013
f 4009/4009/4009 4015/4015/4015 4006/4006/4006
f 4006/4006/4006 4015/4015/4015 4011/4011/4011
f 4013/4013/4013 4015/4015/4015 4009/4009/4009
f 4016/4016/4016 4012/4012/4012 4011/4011/4011
f 4011/4011/4011 4015/4015/4015 4016/4016/4016
f 4017/4017/4017 4012/4012/4012 4016/4016/4016
f 4014/4014/4014 4017/4017/4017 4018/4018/4018
f 4013/4013/4013 4014/4014/4014 4018/4018/4018
f 4018/4018/4018 4015/4015/4015 4013/4013/4013
f 4018/4018/4018 4017/4017/4017 4016/4016/4016
f 4016/4016/4016 4015/4015/4015 4018/4018/4018
g Combined Mesh (root: scene) 18_94
f 4021/4021/4021 4020/4020/4020 4019/4019/4019
f 4024/4024/4024 4023/4023/4023 4022/4022/4022
f 4027/4027/4027 4026/4026/4026 4025/4025/4025
f 4030/4030/4030 4029/4029/4029 4028/4028/4028
f 4033/4033/4033 4032/4032/4032 4031/4031/4031
f 4036/4036/4036 4035/4035/4035 4034/4034/4034
f 4039/4039/4039 4038/4038/4038 4037/4037/4037
f 4042/4042/4042 4041/4041/4041 4040/4040/4040
f 4045/4045/4045 4044/4044/4044 4043/4043/4043
f 4048/4048/4048 4047/4047/4047 4046/4046/4046
f 4051/4051/4051 4050/4050/4050 4049/4049/4049
f 4054/4054/4054 4053/4053/4053 4052/4052/4052
f 4057/4057/4057 4056/4056/4056 4055/4055/4055
f 4060/4060/4060 4059/4059/4059 4058/4058/4058
f 4063/4063/4063 4062/4062/4062 4061/4061/4061
f 4066/4066/4066 4065/4065/4065 4064/4064/4064
f 4069/4069/4069 4068/4068/4068 4067/4067/4067
f 4070/4070/4070 4069/4069/4069 4067/4067/4067
f 4071/4071/4071 4069/4069/4069 4070/4070/4070
f 4070/4070/4070 4067/4067/4067 4072/4072/4072
f 4067/4067/4067 4073/4073/4073 4072/4072/4072
f 4073/4073/4073 4074/4074/4074 4072/4072/4072
f 4075/4075/4075 4071/4071/4071 4070/4070/4070
f 4076/4076/4076 4071/4071/4071 4075/4075/4075
f 4070/4070/4070 4072/4072/4072 4077/4077/4077
f 4072/4072/4072 4074/4074/4074 4077/4077/4077
f 4075/4075/4075 4070/4070/4070 4077/4077/4077
f 4077/4077/4077 4074/4074/4074 4078/4078/4078
f 4075/4075/4075 4077/4077/4077 4078/4078/4078
f 4078/4078/4078 4074/4074/4074 4079/4079/4079
f 4080/4080/4080 4076/4076/4076 4075/4075/4075
f 4080/4080/4080 4075/4075/4075 4078/4078/4078
f 4080/4080/4080 4078/4078/4078 4079/4079/4079
f 4081/4081/4081 4076/4076/4076 4080/4080/4080
f 4082/4082/4082 4080/4080/4080 4079/4079/4079
f 4082/4082/4082 4081/4081/4081 4080/4080/4080
f 4085/4085/4085 4084/4084/4084 4083/4083/4083
f 4086/4086/4086 4085/4085/4085 4083/4083/4083
f 4087/4087/4087 4085/4085/4085 4086/4086/4086
f 4086/4086/4086 4083/4083/4083 4088/4088/4088
f 4083/4083/4083 4089/4089/4089 4088/4088/4088
f 4089/4089/4089 4090/4090/4090 4088/4088/4088
f 4091/4091/4091 4087/4087/4087 4086/4086/4086
f 4092/4092/4092 4087/4087/4087 4091/4091/4091
f 4086/4086/4086 4088/4088/4088 4093/4093/4093
f 4088/4088/4088 4090/4090/4090 4093/4093/4093
f 4091/4091/4091 4086/4086/4086 4093/4093/4093
f 4093/4093/4093 4090/4090/4090 4094/4094/4094
f 4091/4091/4091 4093/4093/4093 4094/4094/4094
f 4094/4094/4094 4090/4090/4090 4095/4095/4095
f 4096/4096/4096 4092/4092/4092 4091/4091/4091
f 4096/4096/4096 4091/4091/4091 4094/4094/4094
f 4096/4096/4096 4094/4094/4094 4095/4095/4095
f 4097/4097/4097 4092/4092/4092 4096/4096/4096
f 4098/4098/4098 4096/4096/4096 4095/4095/4095
f 4098/4098/4098 4097/4097/4097 4096/4096/4096
f 4101/4101/4101 4100/4100/4100 4099/4099/4099
f 4102/4102/4102 4101/4101/4101 4099/4099/4099
f 4103/4103/4103 4101/4101/4101 4102/4102/4102
f 4102/4102/4102 4099/4099/4099 4104/4104/4104
f 4099/4099/4099 4105/4105/4105 4104/4104/4104
f 4105/4105/4105 4106/4106/4106 4104/4104/4104
f 4107/4107/4107 4103/4103/4103 4102/4102/4102
f 4108/4108/4108 4103/4103/4103 4107/4107/4107
f 4102/4102/4102 4104/4104/4104 4109/4109/4109
f 4104/4104/4104 4106/4106/4106 4109/4109/4109
f 4107/4107/4107 4102/4102/4102 4109/4109/4109
f 4109/4109/4109 4106/4106/4106 4110/4110/4110
f 4107/4107/4107 4109/4109/4109 4110/4110/4110
f 4110/4110/4110 4106/4106/4106 4111/4111/4111
f 4112/4112/4112 4108/4108/4108 4107/4107/4107
f 4112/4112/4112 4107/4107/4107 4110/4110/4110
f 4112/4112/4112 4110/4110/4110 4111/4111/4111
f 4113/4113/4113 4108/4108/4108 4112/4112/4112
f 4114/4114/4114 4112/4112/4112 4111/4111/4111
f 4114/4114/4114 4113/4113/4113 4112/4112/4112
f 4117/4117/4117 4116/4116/4116 4115/4115/4115
f 4118/4118/4118 4117/4117/4117 4115/4115/4115
f 4119/4119/4119 4117/4117/4117 4118/4118/4118
f 4118/4118/4118 4115/4115/4115 4120/4120/4120
f 4115/4115/4115 4121/4121/4121 4120/4120/4120
f 4121/4121/4121 4122/4122/4122 4120/4120/4120
f 4123/4123/4123 4119/4119/4119 4118/4118/4118
f 4124/4124/4124 4119/4119/4119 4123/4123/4123
f 4118/4118/4118 4120/4120/4120 4125/4125/4125
f 4120/4120/4120 4122/4122/4122 4125/4125/4125
f 4123/4123/4123 4118/4118/4118 4125/4125/4125
f 4125/4125/4125 4122/4122/4122 4126/4126/4126
f 4123/4123/4123 4125/4125/4125 4126/4126/4126
f 4126/4126/4126 4122/4122/4122 4127/4127/4127
f 4128/4128/4128 4124/4124/4124 4123/4123/4123
f 4128/4128/4128 4123/4123/4123 4126/4126/4126
f 4128/4128/4128 4126/4126/4126 4127/4127/4127
f 4129/4129/4129 4124/4124/4124 4128/4128/4128
f 4130/4130/4130 4128/4128/4128 4127/4127/4127
f 4130/4130/4130 4129/4129/4129 4128/4128/4128
g Combined Mesh (root: scene) 18_95
f 4133/4133/4133 4132/4132/4132 4131/4131/4131
f 4132/4132/4132 4134/4134/4134 4131/4131/4131
f 4131/4131/4131 4134/4134/4134 4135/4135/4135
f 4136/4136/4136 4132/4132/4132 4133/4133/4133
f 4137/4137/4137 4136/4136/4136 4133/4133/4133
f 4134/4134/4134 4138/4138/4138 4135/4135/4135
f 4135/4135/4135 4138/4138/4138 4139/4139/4139
f 4132/4132/4132 4140/4140/4140 4134/4134/4134
f 4136/4136/4136 4140/4140/4140 4132/4132/4132
f 4134/4134/4134 4140/4140/4140 4138/4138/4138
f 4141/4141/4141 4136/4136/4136 4137/4137/4137
f 4141/4141/4141 4140/4140/4140 4136/4136/4136
f 4142/4142/4142 4141/4141/4141 4137/4137/4137
f 4139/4139/4139 4143/4143/4143 4142/4142/4142
f 4138/4138/4138 4143/4143/4143 4139/4139/4139
f 4138/4138/4138 4140/4140/4140 4143/4143/4143
f 4143/4143/4143 4141/4141/4141 4142/4142/4142
f 4143/4143/4143 4140/4140/4140 4141/4141/4141
f 4146/4146/4146 4145/4145/4145 4144/4144/4144
f 4144/4144/4144 4145/4145/4145 4147/4147/4147
f 4145/4145/4145 4148/4148/4148 4147/4147/4147
f 4149/4149/4149 4146/4146/4146 4144/4144/4144
f 4150/4150/4150 4146/4146/4146 4149/4149/4149
f 4147/4147/4147 4148/4148/4148 4151/4151/4151
f 4148/4148/4148 4152/4152/4152 4151/4151/4151
f 4147/4147/4147 4153/4153/4153 4144/4144/4144
f 4144/4144/4144 4153/4153/4153 4149/4149/4149
f 4151/4151/4151 4153/4153/4153 4147/4147/4147
f 4154/4154/4154 4150/4150/4150 4149/4149/4149
f 4149/4149/4149 4153/4153/4153 4154/4154/4154
f 4155/4155/4155 4150/4150/4150 4154/4154/4154
f 4152/4152/4152 4155/4155/4155 4156/4156/4156
f 4151/4151/4151 4152/4152/4152 4156/4156/4156
f 4156/4156/4156 4153/4153/4153 4151/4151/4151
f 4156/4156/4156 4155/4155/4155 4154/4154/4154
f 4154/4154/4154 4153/4153/4153 4156/4156/4156
g Combined Mesh (root: scene) 18_96
f 4159/4159/4159 4158/4158/4158 4157/4157/4157
f 4158/4158/4158 4160/4160/4160 4157/4157/4157
f 4157/4157/4157 4160/4160/4160 4161/4161/4161
f 4162/4162/4162 4158/4158/4158 4159/4159/4159
f 4163/4163/4163 4162/4162/4162 4159/4159/4159
f 4160/4160/4160 4164/4164/4164 4161/4161/4161
f 4161/4161/4161 4164/4164/4164 4165/4165/4165
f 4158/4158/4158 4166/4166/4166 4160/4160/4160
f 4162/4162/4162 4166/4166/4166 4158/4158/4158
f 4160/4160/4160 4166/4166/4166 4164/4164/4164
f 4167/4167/4167 4162/4162/4162 4163/4163/4163
f 4167/4167/4167 4166/4166/4166 4162/4162/4162
f 4168/4168/4168 4167/4167/4167 4163/4163/4163
f 4165/4165/4165 4169/4169/4169 4168/4168/4168
f 4164/4164/4164 4169/4169/4169 4165/4165/4165
f 4164/4164/4164 4166/4166/4166 4169/4169/4169
f 4169/4169/4169 4167/4167/4167 4168/4168/4168
f 4169/4169/4169 4166/4166/4166 4167/4167/4167
f 4172/4172/4172 4171/4171/4171 4170/4170/4170
f 4170/4170/4170 4171/4171/4171 4173/4173/4173
f 4171/4171/4171 4174/4174/4174 4173/4173/4173
f 4175/4175/4175 4172/4172/4172 4170/4170/4170
f 4176/4176/4176 4172/4172/4172 4175/4175/4175
f 4173/4173/4173 4174/4174/4174 4177/4177/4177
f 4174/4174/4174 4178/4178/4178 4177/4177/4177
f 4173/4173/4173 4179/4179/4179 4170/4170/4170
f 4170/4170/4170 4179/4179/4179 4175/4175/4175
f 4177/4177/4177 4179/4179/4179 4173/4173/4173
f 4180/4180/4180 4176/4176/4176 4175/4175/4175
f 4175/4175/4175 4179/4179/4179 4180/4180/4180
f 4181/4181/4181 4176/4176/4176 4180/4180/4180
f 4178/4178/4178 4181/4181/4181 4182/4182/4182
f 4177/4177/4177 4178/4178/4178 4182/4182/4182
f 4182/4182/4182 4179/4179/4179 4177/4177/4177
f 4182/4182/4182 4181/4181/4181 4180/4180/4180
f 4180/4180/4180 4179/4179/4179 4182/4182/4182
g Combined Mesh (root: scene) 18_97
f 4185/4185/4185 4184/4184/4184 4183/4183/4183
f 4186/4186/4186 4185/4185/4185 4183/4183/4183
f 4189/4189/4189 4188/4188/4188 4187/4187/4187
f 4190/4190/4190 4189/4189/4189 4187/4187/4187
f 4193/4193/4193 4192/4192/4192 4191/4191/4191
f 4194/4194/4194 4193/4193/4193 4191/4191/4191
f 4197/4197/4197 4196/4196/4196 4195/4195/4195
f 4198/4198/4198 4197/4197/4197 4195/4195/4195
f 4201/4201/4201 4200/4200/4200 4199/4199/4199
f 4202/4202/4202 4201/4201/4201 4199/4199/4199
f 4205/4205/4205 4204/4204/4204 4203/4203/4203
f 4206/4206/4206 4205/4205/4205 4203/4203/4203
f 4209/4209/4209 4208/4208/4208 4207/4207/4207
f 4210/4210/4210 4209/4209/4209 4207/4207/4207
f 4213/4213/4213 4212/4212/4212 4211/4211/4211
f 4214/4214/4214 4213/4213/4213 4211/4211/4211
f 4217/4217/4217 4216/4216/4216 4215/4215/4215
f 4218/4218/4218 4217/4217/4217 4215/4215/4215
f 4221/4221/4221 4220/4220/4220 4219/4219/4219
f 4222/4222/4222 4221/4221/4221 4219/4219/4219
f 4225/4225/4225 4224/4224/4224 4223/4223/4223
f 4226/4226/4226 4225/4225/4225 4223/4223/4223
f 4229/4229/4229 4228/4228/4228 4227/4227/4227
f 4230/4230/4230 4229/4229/4229 4227/4227/4227
g Combined Mesh (root: scene) 18_98
f 4233/4233/4233 4232/4232/4232 4231/4231/4231
f 4234/4234/4234 4233/4233/4233 4231/4231/4231
g Combined Mesh (root: scene) 18_99
f 4237/4237/4237 4236/4236/4236 4235/4235/4235
f 4240/4240/4240 4239/4239/4239 4238/4238/4238
f 4243/4243/4243 4242/4242/4242 4241/4241/4241
f 4246/4246/4246 4245/4245/4245 4244/4244/4244
f 4249/4249/4249 4248/4248/4248 4247/4247/4247
f 4252/4252/4252 4251/4251/4251 4250/4250/4250
f 4255/4255/4255 4254/4254/4254 4253/4253/4253
f 4258/4258/4258 4257/4257/4257 4256/4256/4256
f 4261/4261/4261 4260/4260/4260 4259/4259/4259
f 4264/4264/4264 4263/4263/4263 4262/4262/4262
f 4267/4267/4267 4266/4266/4266 4265/4265/4265
f 4270/4270/4270 4269/4269/4269 4268/4268/4268
f 4273/4273/4273 4272/4272/4272 4271/4271/4271
f 4276/4276/4276 4275/4275/4275 4274/4274/4274
f 4279/4279/4279 4278/4278/4278 4277/4277/4277
f 4282/4282/4282 4281/4281/4281 4280/4280/4280
f 4285/4285/4285 4284/4284/4284 4283/4283/4283
f 4286/4286/4286 4285/4285/4285 4283/4283/4283
f 4287/4287/4287 4285/4285/4285 4286/4286/4286
f 4286/4286/4286 4283/4283/4283 4288/4288/4288
f 4283/4283/4283 4289/4289/4289 4288/4288/4288
f 4289/4289/4289 4290/4290/4290 4288/4288/4288
f 4291/4291/4291 4287/4287/4287 4286/4286/4286
f 4292/4292/4292 4287/4287/4287 4291/4291/4291
f 4286/4286/4286 4288/4288/4288 4293/4293/4293
f 4288/4288/4288 4290/4290/4290 4293/4293/4293
f 4291/4291/4291 4286/4286/4286 4293/4293/4293
f 4293/4293/4293 4290/4290/4290 4294/4294/4294
f 4291/4291/4291 4293/4293/4293 4294/4294/4294
f 4294/4294/4294 4290/4290/4290 4295/4295/4295
f 4296/4296/4296 4292/4292/4292 4291/4291/4291
f 4296/4296/4296 4291/4291/4291 4294/4294/4294
f 4296/4296/4296 4294/4294/4294 4295/4295/4295
f 4297/4297/4297 4292/4292/4292 4296/4296/4296
f 4298/4298/4298 4296/4296/4296 4295/4295/4295
f 4298/4298/4298 4297/4297/4297 4296/4296/4296
f 4301/4301/4301 4300/4300/4300 4299/4299/4299
f 4302/4302/4302 4301/4301/4301 4299/4299/4299
f 4303/4303/4303 4301/4301/4301 4302/4302/4302
f 4302/4302/4302 4299/4299/4299 4304/4304/4304
f 4299/4299/4299 4305/4305/4305 4304/4304/4304
f 4305/4305/4305 4306/4306/4306 4304/4304/4304
f 4307/4307/4307 4303/4303/4303 4302/4302/4302
f 4308/4308/4308 4303/4303/4303 4307/4307/4307
f 4302/4302/4302 4304/4304/4304 4309/4309/4309
f 4304/4304/4304 4306/4306/4306 4309/4309/4309
f 4307/4307/4307 4302/4302/4302 4309/4309/4309
f 4309/4309/4309 4306/4306/4306 4310/4310/4310
f 4307/4307/4307 4309/4309/4309 4310/4310/4310
f 4310/4310/4310 4306/4306/4306 4311/4311/4311
f 4312/4312/4312 4308/4308/4308 4307/4307/4307
f 4312/4312/4312 4307/4307/4307 4310/4310/4310
f 4312/4312/4312 4310/4310/4310 4311/4311/4311
f 4313/4313/4313 4308/4308/4308 4312/4312/4312
f 4314/4314/4314 4312/4312/4312 4311/4311/4311
f 4314/4314/4314 4313/4313/4313 4312/4312/4312
f 4317/4317/4317 4316/4316/4316 4315/4315/4315
f 4318/4318/4318 4317/4317/4317 4315/4315/4315
f 4319/4319/4319 4317/4317/4317 4318/4318/4318
f 4318/4318/4318 4315/4315/4315 4320/4320/4320
f 4315/4315/4315 4321/4321/4321 4320/4320/4320
f 4321/4321/4321 4322/4322/4322 4320/4320/4320
f 4323/4323/4323 4319/4319/4319 4318/4318/4318
f 4324/4324/4324 4319/4319/4319 4323/4323/4323
f 4318/4318/4318 4320/4320/4320 4325/4325/4325
f 4320/4320/4320 4322/4322/4322 4325/4325/4325
f 4323/4323/4323 4318/4318/4318 4325/4325/4325
f 4325/4325/4325 4322/4322/4322 4326/4326/4326
f 4323/4323/4323 4325/4325/4325 4326/4326/4326
f 4326/4326/4326 4322/4322/4322 4327/4327/4327
f 4328/4328/4328 4324/4324/4324 4323/4323/4323
f 4328/4328/4328 4323/4323/4323 4326/4326/4326
f 4328/4328/4328 4326/4326/4326 4327/4327/4327
f 4329/4329/4329 4324/4324/4324 4328/4328/4328
f 4330/4330/4330 4328/4328/4328 4327/4327/4327
f 4330/4330/4330 4329/4329/4329 4328/4328/4328
f 4333/4333/4333 4332/4332/4332 4331/4331/4331
f 4334/4334/4334 4333/4333/4333 4331/4331/4331
f 4335/4335/4335 4333/4333/4333 4334/4334/4334
f 4334/4334/4334 4331/4331/4331 4336/4336/4336
f 4331/4331/4331 4337/4337/4337 4336/4336/4336
f 4337/4337/4337 4338/4338/4338 4336/4336/4336
f 4339/4339/4339 4335/4335/4335 4334/4334/4334
f 4340/4340/4340 4335/4335/4335 4339/4339/4339
f 4334/4334/4334 4336/4336/4336 4341/4341/4341
f 4336/4336/4336 4338/4338/4338 4341/4341/4341
f 4339/4339/4339 4334/4334/4334 4341/4341/4341
f 4341/4341/4341 4338/4338/4338 4342/4342/4342
f 4339/4339/4339 4341/4341/4341 4342/4342/4342
f 4342/4342/4342 4338/4338/4338 4343/4343/4343
f 4344/4344/4344 4340/4340/4340 4339/4339/4339
f 4344/4344/4344 4339/4339/4339 4342/4342/4342
f 4344/4344/4344 4342/4342/4342 4343/4343/4343
f 4345/4345/4345 4340/4340/4340 4344/4344/4344
f 4346/4346/4346 4344/4344/4344 4343/4343/4343
f 4346/4346/4346 4345/4345/4345 4344/4344/4344
g Combined Mesh (root: scene) 18_100
f 4349/4349/4349 4348/4348/4348 4347/4347/4347
f 4348/4348/4348 4350/4350/4350 4347/4347/4347
f 4347/4347/4347 4350/4350/4350 4351/4351/4351
f 4352/4352/4352 4348/4348/4348 4349/4349/4349
f 4353/4353/4353 4352/4352/4352 4349/4349/4349
f 4350/4350/4350 4354/4354/4354 4351/4351/4351
f 4351/4351/4351 4354/4354/4354 4355/4355/4355
f 4348/4348/4348 4356/4356/4356 4350/4350/4350
f 4352/4352/4352 4356/4356/4356 4348/4348/4348
f 4350/4350/4350 4356/4356/4356 4354/4354/4354
f 4357/4357/4357 4352/4352/4352 4353/4353/4353
f 4357/4357/4357 4356/4356/4356 4352/4352/4352
f 4358/4358/4358 4357/4357/4357 4353/4353/4353
f 4355/4355/4355 4359/4359/4359 4358/4358/4358
f 4354/4354/4354 4359/4359/4359 4355/4355/4355
f 4354/4354/4354 4356/4356/4356 4359/4359/4359
f 4359/4359/4359 4357/4357/4357 4358/4358/4358
f 4359/4359/4359 4356/4356/4356 4357/4357/4357
f 4362/4362/4362 4361/4361/4361 4360/4360/4360
f 4360/4360/4360 4361/4361/4361 4363/4363/4363
f 4361/4361/4361 4364/4364/4364 4363/4363/4363
f 4365/4365/4365 4362/4362/4362 4360/4360/4360
f 4366/4366/4366 4362/4362/4362 4365/4365/4365
f 4363/4363/4363 4364/4364/4364 4367/4367/4367
f 4364/4364/4364 4368/4368/4368 4367/4367/4367
f 4363/4363/4363 4369/4369/4369 4360/4360/4360
f 4360/4360/4360 4369/4369/4369 4365/4365/4365
f 4367/4367/4367 4369/4369/4369 4363/4363/4363
f 4370/4370/4370 4366/4366/4366 4365/4365/4365
f 4365/4365/4365 4369/4369/4369 4370/4370/4370
f 4371/4371/4371 4366/4366/4366 4370/4370/4370
f 4368/4368/4368 4371/4371/4371 4372/4372/4372
f 4367/4367/4367 4368/4368/4368 4372/4372/4372
f 4372/4372/4372 4369/4369/4369 4367/4367/4367
f 4372/4372/4372 4371/4371/4371 4370/4370/4370
f 4370/4370/4370 4369/4369/4369 4372/4372/4372
g Combined Mesh (root: scene) 18_101
f 4375/4375/4375 4374/4374/4374 4373/4373/4373
f 4374/4374/4374 4375/4375/4375 4376/4376/4376
f 4377/4377/4377 4376/4376/4376 4375/4375/4375
f 4377/4377/4377 4378/4378/4378 4376/4376/4376
f 4376/4376/4376 4379/4379/4379 4374/4374/4374
f 4380/4380/4380 4376/4376/4376 4378/4378/4378
f 4376/4376/4376 4380/4380/4380 4379/4379/4379
f 4381/4381/4381 4379/4379/4379 4380/4380/4380
f 4384/4384/4384 4383/4383/4383 4382/4382/4382
f 4382/4382/4382 4385/4385/4385 4384/4384/4384
f 4386/4386/4386 4384/4384/4384 4385/4385/4385
f 4386/4386/4386 4385/4385/4385 4387/4387/4387
f 4385/4385/4385 4382/4382/4382 4388/4388/4388
f 4389/4389/4389 4387/4387/4387 4385/4385/4385
f 4385/4385/4385 4388/4388/4388 4389/4389/4389
f 4390/4390/4390 4389/4389/4389 4388/4388/4388
f 4393/4393/4393 4392/4392/4392 4391/4391/4391
f 4393/4393/4393 4391/4391/4391 4394/4394/4394
f 4395/4395/4395 4394/4394/4394 4391/4391/4391
f 4395/4395/4395 4391/4391/4391 4396/4396/4396
f 4397/4397/4397 4391/4391/4391 4392/4392/4392
f 4397/4397/4397 4392/4392/4392 4398/4398/4398
f 4398/4398/4398 4399/4399/4399 4397/4397/4397
f 4400/4400/4400 4396/4396/4396 4391/4391/4391
f 4397/4397/4397 4400/4400/4400 4391/4391/4391
f 4400/4400/4400 4397/4397/4397 4399/4399/4399
f 4396/4396/4396 4400/4400/4400 4401/4401/4401
f 4399/4399/4399 4401/4401/4401 4400/4400/4400
f 4404/4404/4404 4403/4403/4403 4402/4402/4402
f 4404/4404/4404 4405/4405/4405 4403/4403/4403
f 4406/4406/4406 4403/4403/4403 4405/4405/4405
f 4406/4406/4406 4407/4407/4407 4403/4403/4403
f 4408/4408/4408 4402/4402/4402 4403/4403/4403
f 4408/4408/4408 4409/4409/4409 4402/4402/4402
f 4409/4409/4409 4408/4408/4408 4410/4410/4410
f 4411/4411/4411 4403/4403/4403 4407/4407/4407
f 4408/4408/4408 4403/4403/4403 4411/4411/4411
f 4411/4411/4411 4410/4410/4410 4408/4408/4408
f 4407/4407/4407 4412/4412/4412 4411/4411/4411
f 4410/4410/4410 4411/4411/4411 4412/4412/4412
g Combined Mesh (root: scene) 18_102
f 4415/4415/4415 4414/4414/4414 4413/4413/4413
f 4416/4416/4416 4413/4413/4413 4414/4414/4414
f 4414/4414/4414 4417/4417/4417 4416/4416/4416
f 4413/4413/4413 4416/4416/4416 4418/4418/4418
f 4419/4419/4419 4416/4416/4416 4417/4417/4417
f 4420/4420/4420 4418/4418/4418 4416/4416/4416
f 4416/4416/4416 4419/4419/4419 4420/4420/4420
f 4418/4418/4418 4420/4420/4420 4421/4421/4421
f 4422/4422/4422 4420/4420/4420 4419/4419/4419
f 4423/4423/4423 4421/4421/4421 4420/4420/4420
f 4420/4420/4420 4422/4422/4422 4423/4423/4423
f 4421/4421/4421 4423/4423/4423 4424/4424/4424
f 4425/4425/4425 4423/4423/4423 4422/4422/4422
f 4426/4426/4426 4424/4424/4424 4423/4423/4423
f 4423/4423/4423 4425/4425/4425 4426/4426/4426
f 4424/4424/4424 4426/4426/4426 4427/4427/4427
f 4428/4428/4428 4426/4426/4426 4425/4425/4425
f 4429/4429/4429 4427/4427/4427 4426/4426/4426
f 4426/4426/4426 4428/4428/4428 4429/4429/4429
f 4427/4427/4427 4429/4429/4429 4430/4430/4430
f 4431/4431/4431 4429/4429/4429 4428/4428/4428
f 4432/4432/4432 4430/4430/4430 4429/4429/4429
f 4429/4429/4429 4431/4431/4431 4432/4432/4432
f 4430/4430/4430 4432/4432/4432 4433/4433/4433
f 4434/4434/4434 4432/4432/4432 4431/4431/4431
f 4435/4435/4435 4433/4433/4433 4432/4432/4432
f 4432/4432/4432 4434/4434/4434 4435/4435/4435
f 4433/4433/4433 4435/4435/4435 4436/4436/4436
f 4437/4437/4437 4435/4435/4435 4434/4434/4434
f 4438/4438/4438 4436/4436/4436 4435/4435/4435
f 4435/4435/4435 4437/4437/4437 4438/4438/4438
f 4436/4436/4436 4438/4438/4438 4439/4439/4439
f 4440/4440/4440 4438/4438/4438 4437/4437/4437
f 4441/4441/4441 4439/4439/4439 4438/4438/4438
f 4438/4438/4438 4440/4440/4440 4441/4441/4441
f 4439/4439/4439 4441/4441/4441 4442/4442/4442
f 4443/4443/4443 4441/4441/4441 4440/4440/4440
f 4444/4444/4444 4442/4442/4442 4441/4441/4441
f 4441/4441/4441 4443/4443/4443 4444/4444/4444
f 4442/4442/4442 4444/4444/4444 4445/4445/4445
f 4446/4446/4446 4444/4444/4444 4443/4443/4443
f 4447/4447/4447 4445/4445/4445 4444/4444/4444
f 4444/4444/4444 4446/4446/4446 4447/4447/4447
f 4445/4445/4445 4447/4447/4447 4448/4448/4448
f 4449/4449/4449 4447/4447/4447 4446/4446/4446
f 4450/4450/4450 4448/4448/4448 4447/4447/4447
f 4447/4447/4447 4449/4449/4449 4450/4450/4450
f 4448/4448/4448 4450/4450/4450 4451/4451/4451
f 4452/4452/4452 4450/4450/4450 4449/4449/4449
f 4453/4453/4453 4451/4451/4451 4450/4450/4450
f 4450/4450/4450 4452/4452/4452 4453/4453/4453
f 4451/4451/4451 4453/4453/4453 4454/4454/4454
f 4455/4455/4455 4453/4453/4453 4452/4452/4452
f 4456/4456/4456 4454/4454/4454 4453/4453/4453
f 4453/4453/4453 4455/4455/4455 4456/4456/4456
f 4454/4454/4454 4456/4456/4456 4457/4457/4457
f 4458/4458/4458 4456/4456/4456 4455/4455/4455
f 4459/4459/4459 4457/4457/4457 4456/4456/4456
f 4456/4456/4456 4458/4458/4458 4459/4459/4459
f 4457/4457/4457 4459/4459/4459 4460/4460/4460
f 4461/4461/4461 4459/4459/4459 4458/4458/4458
f 4462/4462/4462 4460/4460/4460 4459/4459/4459
f 4459/4459/4459 4461/4461/4461 4462/4462/4462
f 4460/4460/4460 4462/4462/4462 4463/4463/4463
f 4464/4464/4464 4462/4462/4462 4461/4461/4461
f 4465/4465/4465 4463/4463/4463 4462/4462/4462
f 4462/4462/4462 4464/4464/4464 4465/4465/4465
f 4463/4463/4463 4465/4465/4465 4466/4466/4466
f 4467/4467/4467 4465/4465/4465 4464/4464/4464
f 4468/4468/4468 4466/4466/4466 4465/4465/4465
f 4465/4465/4465 4467/4467/4467 4468/4468/4468
f 4469/4469/4469 4468/4468/4468 4467/4467/4467
f 4472/4472/4472 4471/4471/4471 4470/4470/4470
f 4473/4473/4473 4470/4470/4470 4471/4471/4471
f 4471/4471/4471 4474/4474/4474 4473/4473/4473
f 4473/4473/4473 4475/4475/4475 4470/4470/4470
f 4476/4476/4476 4470/4470/4470 4475/4475/4475
f 4475/4475/4475 4473/4473/4473 4477/4477/4477
f 4478/4478/4478 4473/4473/4473 4474/4474/4474
f 4478/4478/4478 4477/4477/4477 4473/4473/4473
f 4474/4474/4474 4479/4479/4479 4478/4478/4478
f 4477/4477/4477 4478/4478/4478 4480/4480/4480
f 4481/4481/4481 4478/4478/4478 4479/4479/4479
f 4481/4481/4481 4480/4480/4480 4478/4478/4478
f 4479/4479/4479 4482/4482/4482 4481/4481/4481
f 4480/4480/4480 4481/4481/4481 4483/4483/4483
f 4484/4484/4484 4481/4481/4481 4482/4482/4482
f 4484/4484/4484 4483/4483/4483 4481/4481/4481
f 4482/4482/4482 4485/4485/4485 4484/4484/4484
f 4483/4483/4483 4484/4484/4484 4486/4486/4486
f 4487/4487/4487 4484/4484/4484 4485/4485/4485
f 4487/4487/4487 4486/4486/4486 4484/4484/4484
f 4485/4485/4485 4488/4488/4488 4487/4487/4487
f 4486/4486/4486 4487/4487/4487 4489/4489/4489
f 4490/4490/4490 4487/4487/4487 4488/4488/4488
f 4490/4490/4490 4489/4489/4489 4487/4487/4487
f 4488/4488/4488 4491/4491/4491 4490/4490/4490
f 4489/4489/4489 4490/4490/4490 4492/4492/4492
f 4493/4493/4493 4490/4490/4490 4491/4491/4491
f 4493/4493/4493 4492/4492/4492 4490/4490/4490
f 4491/4491/4491 4494/4494/4494 4493/4493/4493
f 4492/4492/4492 4493/4493/4493 4495/4495/4495
f 4496/4496/4496 4493/4493/4493 4494/4494/4494
f 4496/4496/4496 4495/4495/4495 4493/4493/4493
f 4494/4494/4494 4497/4497/4497 4496/4496/4496
f 4495/4495/4495 4496/4496/4496 4498/4498/4498
f 4499/4499/4499 4496/4496/4496 4497/4497/4497
f 4499/4499/4499 4498/4498/4498 4496/4496/4496
f 4497/4497/4497 4500/4500/4500 4499/4499/4499
f 4498/4498/4498 4499/4499/4499 4501/4501/4501
f 4502/4502/4502 4499/4499/4499 4500/4500/4500
f 4502/4502/4502 4501/4501/4501 4499/4499/4499
f 4500/4500/4500 4503/4503/4503 4502/4502/4502
f 4501/4501/4501 4502/4502/4502 4504/4504/4504
f 4505/4505/4505 4502/4502/4502 4503/4503/4503
f 4505/4505/4505 4504/4504/4504 4502/4502/4502
f 4503/4503/4503 4506/4506/4506 4505/4505/4505
f 4504/4504/4504 4505/4505/4505 4507/4507/4507
f 4508/4508/4508 4505/4505/4505 4506/4506/4506
f 4508/4508/4508 4507/4507/4507 4505/4505/4505
f 4506/4506/4506 4509/4509/4509 4508/4508/4508
f 4507/4507/4507 4508/4508/4508 4510/4510/4510
f 4511/4511/4511 4508/4508/4508 4509/4509/4509
f 4511/4511/4511 4510/4510/4510 4508/4508/4508
f 4509/4509/4509 4512/4512/4512 4511/4511/4511
f 4510/4510/4510 4511/4511/4511 4513/4513/4513
f 4514/4514/4514 4511/4511/4511 4512/4512/4512
f 4514/4514/4514 4513/4513/4513 4511/4511/4511
f 4512/4512/4512 4515/4515/4515 4514/4514/4514
f 4513/4513/4513 4514/4514/4514 4516/4516/4516
f 4517/4517/4517 4514/4514/4514 4515/4515/4515
f 4517/4517/4517 4516/4516/4516 4514/4514/4514
f 4515/4515/4515 4518/4518/4518 4517/4517/4517
f 4516/4516/4516 4517/4517/4517 4519/4519/4519
f 4520/4520/4520 4517/4517/4517 4518/4518/4518
f 4520/4520/4520 4519/4519/4519 4517/4517/4517
f 4518/4518/4518 4521/4521/4521 4520/4520/4520
f 4519/4519/4519 4520/4520/4520 4522/4522/4522
f 4523/4523/4523 4520/4520/4520 4521/4521/4521
f 4523/4523/4523 4522/4522/4522 4520/4520/4520
f 4521/4521/4521 4524/4524/4524 4523/4523/4523
f 4522/4522/4522 4523/4523/4523 4525/4525/4525
f 4526/4526/4526 4523/4523/4523 4524/4524/4524
f 4526/4526/4526 4525/4525/4525 4523/4523/4523
f 4529/4529/4529 4528/4528/4528 4527/4527/4527
f 4530/4530/4530 4527/4527/4527 4528/4528/4528
f 4527/4527/4527 4530/4530/4530 4531/4531/4531
f 4532/4532/4532 4531/4531/4531 4530/4530/4530
f 4531/4531/4531 4532/4532/4532 4533/4533/4533
f 4534/4534/4534 4533/4533/4533 4532/4532/4532
f 4533/4533/4533 4534/4534/4534 4535/4535/4535
f 4536/4536/4536 4535/4535/4535 4534/4534/4534
f 4535/4535/4535 4536/4536/4536 4537/4537/4537
f 4538/4538/4538 4537/4537/4537 4536/4536/4536
f 4537/4537/4537 4538/4538/4538 4539/4539/4539
f 4540/4540/4540 4539/4539/4539 4538/4538/4538
f 4539/4539/4539 4540/4540/4540 4541/4541/4541
f 4542/4542/4542 4541/4541/4541 4540/4540/4540
f 4541/4541/4541 4542/4542/4542 4543/4543/4543
f 4544/4544/4544 4543/4543/4543 4542/4542/4542
f 4543/4543/4543 4544/4544/4544 4545/4545/4545
f 4546/4546/4546 4545/4545/4545 4544/4544/4544
f 4545/4545/4545 4546/4546/4546 4547/4547/4547
f 4548/4548/4548 4547/4547/4547 4546/4546/4546
f 4547/4547/4547 4548/4548/4548 4549/4549/4549
f 4550/4550/4550 4549/4549/4549 4548/4548/4548
f 4549/4549/4549 4550/4550/4550 4551/4551/4551
f 4552/4552/4552 4551/4551/4551 4550/4550/4550
f 4551/4551/4551 4552/4552/4552 4553/4553/4553
f 4554/4554/4554 4553/4553/4553 4552/4552/4552
f 4553/4553/4553 4554/4554/4554 4555/4555/4555
f 4556/4556/4556 4555/4555/4555 4554/4554/4554
f 4555/4555/4555 4556/4556/4556 4557/4557/4557
f 4558/4558/4558 4557/4557/4557 4556/4556/4556
f 4557/4557/4557 4558/4558/4558 4559/4559/4559
f 4560/4560/4560 4559/4559/4559 4558/4558/4558
f 4559/4559/4559 4560/4560/4560 4561/4561/4561
f 4562/4562/4562 4561/4561/4561 4560/4560/4560
f 4561/4561/4561 4562/4562/4562 4563/4563/4563
f 4564/4564/4564 4563/4563/4563 4562/4562/4562
f 4567/4567/4567 4566/4566/4566 4565/4565/4565
f 4568/4568/4568 4566/4566/4566 4567/4567/4567
f 4569/4569/4569 4565/4565/4565 4566/4566/4566
f 4565/4565/4565 4569/4569/4569 4570/4570/4570
f 4566/4566/4566 4571/4571/4571 4569/4569/4569
f 4572/4572/4572 4571/4571/4571 4566/4566/4566
f 4566/4566/4566 4568/4568/4568 4572/4572/4572
f 4573/4573/4573 4572/4572/4572 4568/4568/4568
f 4570/4570/4570 4569/4569/4569 4574/4574/4574
f 4575/4575/4575 4572/4572/4572 4573/4573/4573
f 4576/4576/4576 4574/4574/4574 4569/4569/4569
f 4569/4569/4569 4571/4571/4571 4576/4576/4576
f 4574/4574/4574 4576/4576/4576 4577/4577/4577
f 4577/4577/4577 4576/4576/4576 4578/4578/4578
f 4572/4572/4572 4575/4575/4575 4579/4579/4579
f 4579/4579/4579 4571/4571/4571 4572/4572/4572
f 4580/4580/4580 4579/4579/4579 4575/4575/4575
f 4581/4581/4581 4579/4579/4579 4580/4580/4580
f 4582/4582/4582 4578/4578/4578 4576/4576/4576
f 4576/4576/4576 4571/4571/4571 4582/4582/4582
f 4578/4578/4578 4582/4582/4582 4583/4583/4583
f 4583/4583/4583 4582/4582/4582 4584/4584/4584
f 4579/4579/4579 4581/4581/4581 4585/4585/4585
f 4585/4585/4585 4571/4571/4571 4579/4579/4579
f 4586/4586/4586 4585/4585/4585 4581/4581/4581
f 4587/4587/4587 4585/4585/4585 4586/4586/4586
f 4588/4588/4588 4584/4584/4584 4582/4582/4582
f 4582/4582/4582 4571/4571/4571 4588/4588/4588
f 4584/4584/4584 4588/4588/4588 4589/4589/4589
f 4589/4589/4589 4588/4588/4588 4590/4590/4590
f 4585/4585/4585 4587/4587/4587 4591/4591/4591
f 4591/4591/4591 4571/4571/4571 4585/4585/4585
f 4588/4588/4588 4571/4571/4571 4591/4591/4591
f 4591/4591/4591 4590/4590/4590 4588/4588/4588
f 4592/4592/4592 4591/4591/4591 4587/4587/4587
f 4590/4590/4590 4591/4591/4591 4592/4592/4592
f 4595/4595/4595 4594/4594/4594 4593/4593/4593
f 4593/4593/4593 4594/4594/4594 4596/4596/4596
f 4597/4597/4597 4594/4594/4594 4595/4595/4595
f 4596/4596/4596 4594/4594/4594 4598/4598/4598
f 4599/4599/4599 4594/4594/4594 4597/4597/4597
f 4598/4598/4598 4594/4594/4594 4600/4600/4600
f 4601/4601/4601 4594/4594/4594 4599/4599/4599
f 4600/4600/4600 4594/4594/4594 4602/4602/4602
f 4603/4603/4603 4594/4594/4594 4601/4601/4601
f 4602/4602/4602 4594/4594/4594 4604/4604/4604
f 4605/4605/4605 4594/4594/4594 4603/4603/4603
f 4604/4604/4604 4594/4594/4594 4606/4606/4606
f 4607/4607/4607 4594/4594/4594 4605/4605/4605
f 4606/4606/4606 4594/4594/4594 4608/4608/4608
f 4609/4609/4609 4594/4594/4594 4607/4607/4607
f 4608/4608/4608 4594/4594/4594 4610/4610/4610
f 4611/4611/4611 4594/4594/4594 4609/4609/4609
f 4610/4610/4610 4594/4594/4594 4611/4611/4611
g Combined Mesh (root: scene) 18_103
f 4614/4614/4614 4613/4613/4613 4612/4612/4612
f 4615/4615/4615 4614/4614/4614 4612/4612/4612
f 4618/4618/4618 4617/4617/4617 4616/4616/4616
f 4619/4619/4619 4618/4618/4618 4616/4616/4616
f 4622/4622/4622 4621/4621/4621 4620/4620/4620
f 4623/4623/4623 4622/4622/4622 4620/4620/4620
f 4626/4626/4626 4625/4625/4625 4624/4624/4624
f 4627/4627/4627 4626/4626/4626 4624/4624/4624
f 4630/4630/4630 4629/4629/4629 4628/4628/4628
f 4631/4631/4631 4630/4630/4630 4628/4628/4628
f 4634/4634/4634 4633/4633/4633 4632/4632/4632
f 4635/4635/4635 4634/4634/4634 4632/4632/4632
f 4638/4638/4638 4637/4637/4637 4636/4636/4636
f 4639/4639/4639 4638/4638/4638 4636/4636/4636
f 4642/4642/4642 4641/4641/4641 4640/4640/4640
f 4643/4643/4643 4642/4642/4642 4640/4640/4640
f 4646/4646/4646 4645/4645/4645 4644/4644/4644
f 4647/4647/4647 4646/4646/4646 4644/4644/4644
f 4650/4650/4650 4649/4649/4649 4648/4648/4648
f 4651/4651/4651 4650/4650/4650 4648/4648/4648
f 4654/4654/4654 4653/4653/4653 4652/4652/4652
f 4655/4655/4655 4654/4654/4654 4652/4652/4652
f 4658/4658/4658 4657/4657/4657 4656/4656/4656
f 4659/4659/4659 4658/4658/4658 4656/4656/4656
g Combined Mesh (root: scene) 18_104
f 4662/4662/4662 4661/4661/4661 4660/4660/4660
f 4663/4663/4663 4662/4662/4662 4660/4660/4660
g Combined Mesh (root: scene) 18_105
f 4666/4666/4666 4665/4665/4665 4664/4664/4664
f 4665/4665/4665 4667/4667/4667 4664/4664/4664
f 4664/4664/4664 4667/4667/4667 4668/4668/4668
f 4669/4669/4669 4665/4665/4665 4666/4666/4666
f 4670/4670/4670 4669/4669/4669 4666/4666/4666
f 4667/4667/4667 4671/4671/4671 4668/4668/4668
f 4668/4668/4668 4671/4671/4671 4672/4672/4672
f 4665/4665/4665 4673/4673/4673 4667/4667/4667
f 4669/4669/4669 4673/4673/4673 4665/4665/4665
f 4667/4667/4667 4673/4673/4673 4671/4671/4671
f 4674/4674/4674 4669/4669/4669 4670/4670/4670
f 4674/4674/4674 4673/4673/4673 4669/4669/4669
f 4675/4675/4675 4674/4674/4674 4670/4670/4670
f 4672/4672/4672 4676/4676/4676 4675/4675/4675
f 4671/4671/4671 4676/4676/4676 4672/4672/4672
f 4671/4671/4671 4673/4673/4673 4676/4676/4676
f 4676/4676/4676 4674/4674/4674 4675/4675/4675
f 4676/4676/4676 4673/4673/4673 4674/4674/4674
f 4679/4679/4679 4678/4678/4678 4677/4677/4677
f 4677/4677/4677 4678/4678/4678 4680/4680/4680
f 4678/4678/4678 4681/4681/4681 4680/4680/4680
f 4682/4682/4682 4679/4679/4679 4677/4677/4677
f 4683/4683/4683 4679/4679/4679 4682/4682/4682
f 4680/4680/4680 4681/4681/4681 4684/4684/4684
f 4681/4681/4681 4685/4685/4685 4684/4684/4684
f 4680/4680/4680 4686/4686/4686 4677/4677/4677
f 4677/4677/4677 4686/4686/4686 4682/4682/4682
f 4684/4684/4684 4686/4686/4686 4680/4680/4680
f 4687/4687/4687 4683/4683/4683 4682/4682/4682
f 4682/4682/4682 4686/4686/4686 4687/4687/4687
f 4688/4688/4688 4683/4683/4683 4687/4687/4687
f 4685/4685/4685 4688/4688/4688 4689/4689/4689
f 4684/4684/4684 4685/4685/4685 4689/4689/4689
f 4689/4689/4689 4686/4686/4686 4684/4684/4684
f 4689/4689/4689 4688/4688/4688 4687/4687/4687
f 4687/4687/4687 4686/4686/4686 4689/4689/4689
g Combined Mesh (root: scene) 18_106
f 4692/4692/4692 4691/4691/4691 4690/4690/4690
f 4691/4691/4691 4693/4693/4693 4690/4690/4690
f 4690/4690/4690 4693/4693/4693 4694/4694/4694
f 4695/4695/4695 4691/4691/4691 4692/4692/4692
f 4696/4696/4696 4695/4695/4695 4692/4692/4692
f 4693/4693/4693 4697/4697/4697 4694/4694/4694
f 4694/4694/4694 4697/4697/4697 4698/4698/4698
f 4691/4691/4691 4699/4699/4699 4693/4693/4693
f 4695/4695/4695 4699/4699/4699 4691/4691/4691
f 4693/4693/4693 4699/4699/4699 4697/4697/4697
f 4700/4700/4700 4695/4695/4695 4696/4696/4696
f 4700/4700/4700 4699/4699/4699 4695/4695/4695
f 4701/4701/4701 4700/4700/4700 4696/4696/4696
f 4698/4698/4698 4702/4702/4702 4701/4701/4701
f 4697/4697/4697 4702/4702/4702 4698/4698/4698
f 4697/4697/4697 4699/4699/4699 4702/4702/4702
f 4702/4702/4702 4700/4700/4700 4701/4701/4701
f 4702/4702/4702 4699/4699/4699 4700/4700/4700
f 4705/4705/4705 4704/4704/4704 4703/4703/4703
f 4703/4703/4703 4704/4704/4704 4706/4706/4706
f 4704/4704/4704 4707/4707/4707 4706/4706/4706
f 4708/4708/4708 4705/4705/4705 4703/4703/4703
f 4709/4709/4709 4705/4705/4705 4708/4708/4708
f 4706/4706/4706 4707/4707/4707 4710/4710/4710
f 4707/4707/4707 4711/4711/4711 4710/4710/4710
f 4706/4706/4706 4712/4712/4712 4703/4703/4703
f 4703/4703/4703 4712/4712/4712 4708/4708/4708
f 4710/4710/4710 4712/4712/4712 4706/4706/4706
f 4713/4713/4713 4709/4709/4709 4708/4708/4708
f 4708/4708/4708 4712/4712/4712 4713/4713/4713
f 4714/4714/4714 4709/4709/4709 4713/4713/4713
f 4711/4711/4711 4714/4714/4714 4715/4715/4715
f 4710/4710/4710 4711/4711/4711 4715/4715/4715
f 4715/4715/4715 4712/4712/4712 4710/4710/4710
f 4715/4715/4715 4714/4714/4714 4713/4713/4713
f 4713/4713/4713 4712/4712/4712 4715/4715/4715
g Combined Mesh (root: scene) 18_107
f 4718/4718/4718 4717/4717/4717 4716/4716/4716
f 4719/4719/4719 4718/4718/4718 4716/4716/4716
f 4722/4722/4722 4721/4721/4721 4720/4720/4720
f 4723/4723/4723 4722/4722/4722 4720/4720/4720
f 4726/4726/4726 4725/4725/4725 4724/4724/4724
f 4727/4727/4727 4726/4726/4726 4724/4724/4724
f 4730/4730/4730 4729/4729/4729 4728/4728/4728
f 4731/4731/4731 4730/4730/4730 4728/4728/4728
f 4734/4734/4734 4733/4733/4733 4732/4732/4732
f 4735/4735/4735 4734/4734/4734 4732/4732/4732
f 4738/4738/4738 4737/4737/4737 4736/4736/4736
f 4739/4739/4739 4738/4738/4738 4736/4736/4736
f 4742/4742/4742 4741/4741/4741 4740/4740/4740
f 4743/4743/4743 4742/4742/4742 4740/4740/4740
f 4746/4746/4746 4745/4745/4745 4744/4744/4744
f 4747/4747/4747 4746/4746/4746 4744/4744/4744
f 4750/4750/4750 4749/4749/4749 4748/4748/4748
f 4751/4751/4751 4750/4750/4750 4748/4748/4748
f 4754/4754/4754 4753/4753/4753 4752/4752/4752
f 4755/4755/4755 4754/4754/4754 4752/4752/4752
f 4758/4758/4758 4757/4757/4757 4756/4756/4756
f 4759/4759/4759 4758/4758/4758 4756/4756/4756
f 4762/4762/4762 4761/4761/4761 4760/4760/4760
f 4763/4763/4763 4762/4762/4762 4760/4760/4760
g Combined Mesh (root: scene) 18_108
f 4766/4766/4766 4765/4765/4765 4764/4764/4764
f 4767/4767/4767 4766/4766/4766 4764/4764/4764
g Combined Mesh (root: scene) 18_109
f 4770/4770/4770 4769/4769/4769 4768/4768/4768
f 4771/4771/4771 4768/4768/4768 4769/4769/4769
f 4768/4768/4768 4771/4771/4771 4772/4772/4772
f 4773/4773/4773 4772/4772/4772 4771/4771/4771
f 4773/4773/4773 4771/4771/4771 4774/4774/4774
f 4775/4775/4775 4774/4774/4774 4771/4771/4771
f 4778/4778/4778 4777/4777/4777 4776/4776/4776
f 4779/4779/4779 4776/4776/4776 4777/4777/4777
f 4777/4777/4777 4780/4780/4780 4779/4779/4779
f 4781/4781/4781 4779/4779/4779 4780/4780/4780
f 4781/4781/4781 4782/4782/4782 4779/4779/4779
f 4783/4783/4783 4779/4779/4779 4782/4782/4782
f 4786/4786/4786 4785/4785/4785 4784/4784/4784
f 4787/4787/4787 4784/4784/4784 4785/4785/4785
f 4785/4785/4785 4788/4788/4788 4787/4787/4787
f 4789/4789/4789 4787/4787/4787 4788/4788/4788
f 4792/4792/4792 4791/4791/4791 4790/4790/4790
f 4793/4793/4793 4790/4790/4790 4791/4791/4791
f 4791/4791/4791 4794/4794/4794 4793/4793/4793
f 4795/4795/4795 4793/4793/4793 4794/4794/4794
f 4798/4798/4798 4797/4797/4797 4796/4796/4796
f 4799/4799/4799 4796/4796/4796 4797/4797/4797
f 4802/4802/4802 4801/4801/4801 4800/4800/4800
f 4803/4803/4803 4800/4800/4800 4801/4801/4801
f 4806/4806/4806 4805/4805/4805 4804/4804/4804
f 4807/4807/4807 4804/4804/4804 4805/4805/4805
f 4810/4810/4810 4809/4809/4809 4808/4808/4808
f 4811/4811/4811 4808/4808/4808 4809/4809/4809
f 4814/4814/4814 4813/4813/4813 4812/4812/4812
f 4815/4815/4815 4812/4812/4812 4813/4813/4813
f 4818/4818/4818 4817/4817/4817 4816/4816/4816
f 4819/4819/4819 4816/4816/4816 4817/4817/4817
f 4822/4822/4822 4821/4821/4821 4820/4820/4820
f 4823/4823/4823 4820/4820/4820 4821/4821/4821
f 4826/4826/4826 4825/4825/4825 4824/4824/4824
f 4827/4827/4827 4824/4824/4824 4825/4825/4825
f 4824/4824/4824 4827/4827/4827 4828/4828/4828
f 4829/4829/4829 4828/4828/4828 4827/4827/4827
f 4829/4829/4829 4827/4827/4827 4830/4830/4830
f 4831/4831/4831 4830/4830/4830 4827/4827/4827
f 4834/4834/4834 4833/4833/4833 4832/4832/4832
f 4835/4835/4835 4832/4832/4832 4833/4833/4833
f 4833/4833/4833 4836/4836/4836 4835/4835/4835
f 4837/4837/4837 4835/4835/4835 4836/4836/4836
f 4837/4837/4837 4838/4838/4838 4835/4835/4835
f 4839/4839/4839 4835/4835/4835 4838/4838/4838
f 4842/4842/4842 4841/4841/4841 4840/4840/4840
f 4843/4843/4843 4840/4840/4840 4841/4841/4841
f 4841/4841/4841 4844/4844/4844 4843/4843/4843
f 4845/4845/4845 4843/4843/4843 4844/4844/4844
f 4848/4848/4848 4847/4847/4847 4846/4846/4846
f 4849/4849/4849 4846/4846/4846 4847/4847/4847
f 4847/4847/4847 4850/4850/4850 4849/4849/4849
f 4851/4851/4851 4849/4849/4849 4850/4850/4850
f 4854/4854/4854 4853/4853/4853 4852/4852/4852
f 4855/4855/4855 4852/4852/4852 4853/4853/4853
f 4858/4858/4858 4857/4857/4857 4856/4856/4856
f 4859/4859/4859 4856/4856/4856 4857/4857/4857
f 4862/4862/4862 4861/4861/4861 4860/4860/4860
f 4863/4863/4863 4860/4860/4860 4861/4861/4861
f 4866/4866/4866 4865/4865/4865 4864/4864/4864
f 4867/4867/4867 4864/4864/4864 4865/4865/4865
f 4870/4870/4870 4869/4869/4869 4868/4868/4868
f 4871/4871/4871 4868/4868/4868 4869/4869/4869
f 4874/4874/4874 4873/4873/4873 4872/4872/4872
f 4875/4875/4875 4872/4872/4872 4873/4873/4873
f 4878/4878/4878 4877/4877/4877 4876/4876/4876
f 4879/4879/4879 4876/4876/4876 4877/4877/4877
f 4882/4882/4882 4881/4881/4881 4880/4880/4880
f 4883/4883/4883 4880/4880/4880 4881/4881/4881
f 4880/4880/4880 4883/4883/4883 4884/4884/4884
f 4885/4885/4885 4884/4884/4884 4883/4883/4883
f 4885/4885/4885 4883/4883/4883 4886/4886/4886
f 4887/4887/4887 4886/4886/4886 4883/4883/4883
f 4890/4890/4890 4889/4889/4889 4888/4888/4888
f 4891/4891/4891 4888/4888/4888 4889/4889/4889
f 4889/4889/4889 4892/4892/4892 4891/4891/4891
f 4893/4893/4893 4891/4891/4891 4892/4892/4892
f 4893/4893/4893 4894/4894/4894 4891/4891/4891
f 4895/4895/4895 4891/4891/4891 4894/4894/4894
f 4898/4898/4898 4897/4897/4897 4896/4896/4896
f 4899/4899/4899 4896/4896/4896 4897/4897/4897
f 4897/4897/4897 4900/4900/4900 4899/4899/4899
f 4901/4901/4901 4899/4899/4899 4900/4900/4900
f 4904/4904/4904 4903/4903/4903 4902/4902/4902
f 4905/4905/4905 4902/4902/4902 4903/4903/4903
f 4903/4903/4903 4906/4906/4906 4905/4905/4905
f 4907/4907/4907 4905/4905/4905 4906/4906/4906
f 4910/4910/4910 4909/4909/4909 4908/4908/4908
f 4911/4911/4911 4908/4908/4908 4909/4909/4909
f 4914/4914/4914 4913/4913/4913 4912/4912/4912
f 4915/4915/4915 4912/4912/4912 4913/4913/4913
f 4918/4918/4918 4917/4917/4917 4916/4916/4916
f 4919/4919/4919 4916/4916/4916 4917/4917/4917
f 4922/4922/4922 4921/4921/4921 4920/4920/4920
f 4923/4923/4923 4920/4920/4920 4921/4921/4921
f 4926/4926/4926 4925/4925/4925 4924/4924/4924
f 4927/4927/4927 4924/4924/4924 4925/4925/4925
f 4930/4930/4930 4929/4929/4929 4928/4928/4928
f 4931/4931/4931 4928/4928/4928 4929/4929/4929
f 4934/4934/4934 4933/4933/4933 4932/4932/4932
f 4935/4935/4935 4932/4932/4932 4933/4933/4933
f 4938/4938/4938 4937/4937/4937 4936/4936/4936
f 4939/4939/4939 4936/4936/4936 4937/4937/4937
f 4936/4936/4936 4939/4939/4939 4940/4940/4940
f 4941/4941/4941 4940/4940/4940 4939/4939/4939
f 4941/4941/4941 4939/4939/4939 4942/4942/4942
f 4943/4943/4943 4942/4942/4942 4939/4939/4939
f 4946/4946/4946 4945/4945/4945 4944/4944/4944
f 4947/4947/4947 4944/4944/4944 4945/4945/4945
f 4945/4945/4945 4948/4948/4948 4947/4947/4947
f 4949/4949/4949 4947/4947/4947 4948/4948/4948
f 4949/4949/4949 4950/4950/4950 4947/4947/4947
f 4951/4951/4951 4947/4947/4947 4950/4950/4950
f 4954/4954/4954 4953/4953/4953 4952/4952/4952
f 4955/4955/4955 4952/4952/4952 4953/4953/4953
f 4953/4953/4953 4956/4956/4956 4955/4955/4955
f 4957/4957/4957 4955/4955/4955 4956/4956/4956
f 4960/4960/4960 4959/4959/4959 4958/4958/4958
f 4961/4961/4961 4958/4958/4958 4959/4959/4959
f 4959/4959/4959 4962/4962/4962 4961/4961/4961
f 4963/4963/4963 4961/4961/4961 4962/4962/4962
f 4966/4966/4966 4965/4965/4965 4964/4964/4964
f 4967/4967/4967 4964/4964/4964 4965/4965/4965
f 4970/4970/4970 4969/4969/4969 4968/4968/4968
f 4971/4971/4971 4968/4968/4968 4969/4969/4969
f 4974/4974/4974 4973/4973/4973 4972/4972/4972
f 4975/4975/4975 4972/4972/4972 4973/4973/4973
f 4978/4978/4978 4977/4977/4977 4976/4976/4976
f 4979/4979/4979 4976/4976/4976 4977/4977/4977
f 4982/4982/4982 4981/4981/4981 4980/4980/4980
f 4983/4983/4983 4980/4980/4980 4981/4981/4981
f 4986/4986/4986 4985/4985/4985 4984/4984/4984
f 4987/4987/4987 4984/4984/4984 4985/4985/4985
f 4990/4990/4990 4989/4989/4989 4988/4988/4988
f 4991/4991/4991 4988/4988/4988 4989/4989/4989
f 4994/4994/4994 4993/4993/4993 4992/4992/4992
f 4995/4995/4995 4992/4992/4992 4993/4993/4993
f 4998/4998/4998 4997/4997/4997 4996/4996/4996
f 4999/4999/4999 4996/4996/4996 4997/4997/4997
f 5002/5002/5002 5001/5001/5001 5000/5000/5000
f 5003/5003/5003 5000/5000/5000 5001/5001/5001
f 5006/5006/5006 5005/5005/5005 5004/5004/5004
f 5007/5007/5007 5004/5004/5004 5005/5005/5005
f 5010/5010/5010 5009/5009/5009 5008/5008/5008
f 5011/5011/5011 5008/5008/5008 5009/5009/5009
f 5014/5014/5014 5013/5013/5013 5012/5012/5012
f 5015/5015/5015 5012/5012/5012 5013/5013/5013
f 5018/5018/5018 5017/5017/5017 5016/5016/5016
f 5019/5019/5019 5016/5016/5016 5017/5017/5017
f 5019/5019/5019 5017/5017/5017 5020/5020/5020
f 5021/5021/5021 5020/5020/5020 5017/5017/5017
f 5020/5020/5020 5021/5021/5021 5022/5022/5022
f 5023/5023/5023 5022/5022/5022 5021/5021/5021
f 5023/5023/5023 5024/5024/5024 5022/5022/5022
f 5025/5025/5025 5022/5022/5022 5024/5024/5024
f 5024/5024/5024 5026/5026/5026 5025/5025/5025
f 5027/5027/5027 5025/5025/5025 5026/5026/5026
f 5027/5027/5027 5026/5026/5026 5028/5028/5028
f 5029/5029/5029 5028/5028/5028 5026/5026/5026
f 5032/5032/5032 5031/5031/5031 5030/5030/5030
f 5033/5033/5033 5030/5030/5030 5031/5031/5031
f 5033/5033/5033 5034/5034/5034 5030/5030/5030
f 5035/5035/5035 5030/5030/5030 5034/5034/5034
f 5034/5034/5034 5036/5036/5036 5035/5035/5035
f 5037/5037/5037 5035/5035/5035 5036/5036/5036
f 5037/5037/5037 5036/5036/5036 5038/5038/5038
f 5039/5039/5039 5038/5038/5038 5036/5036/5036
f 5038/5038/5038 5039/5039/5039 5040/5040/5040
f 5041/5041/5041 5040/5040/5040 5039/5039/5039
f 5041/5041/5041 5042/5042/5042 5040/5040/5040
f 5043/5043/5043 5040/5040/5040 5042/5042/5042
f 5046/5046/5046 5045/5045/5045 5044/5044/5044
f 5047/5047/5047 5044/5044/5044 5045/5045/5045
f 5050/5050/5050 5049/5049/5049 5048/5048/5048
f 5051/5051/5051 5048/5048/5048 5049/5049/5049
f 5049/5049/5049 5052/5052/5052 5051/5051/5051
f 5053/5053/5053 5051/5051/5051 5052/5052/5052
f 5052/5052/5052 5054/5054/5054 5053/5053/5053
f 5055/5055/5055 5053/5053/5053 5054/5054/5054
f 5054/5054/5054 5056/5056/5056 5055/5055/5055
f 5057/5057/5057 5055/5055/5055 5056/5056/5056
f 5056/5056/5056 5058/5058/5058 5057/5057/5057
f 5059/5059/5059 5057/5057/5057 5058/5058/5058
f 5058/5058/5058 5060/5060/5060 5059/5059/5059
f 5061/5061/5061 5059/5059/5059 5060/5060/5060
f 5064/5064/5064 5063/5063/5063 5062/5062/5062
f 5065/5065/5065 5062/5062/5062 5063/5063/5063
f 5063/5063/5063 5066/5066/5066 5065/5065/5065
f 5067/5067/5067 5065/5065/5065 5066/5066/5066
f 5066/5066/5066 5068/5068/5068 5067/5067/5067
f 5069/5069/5069 5067/5067/5067 5068/5068/5068
f 5068/5068/5068 5070/5070/5070 5069/5069/5069
f 5071/5071/5071 5069/5069/5069 5070/5070/5070
f 5070/5070/5070 5072/5072/5072 5071/5071/5071
f 5073/5073/5073 5071/5071/5071 5072/5072/5072
f 5072/5072/5072 5074/5074/5074 5073/5073/5073
f 5075/5075/5075 5073/5073/5073 5074/5074/5074
f 5078/5078/5078 5077/5077/5077 5076/5076/5076
f 5079/5079/5079 5076/5076/5076 5077/5077/5077
g Combined Mesh (root: scene) 18_110
f 5082/5082/5082 5081/5081/5081 5080/5080/5080
f 5083/5083/5083 5082/5082/5082 5080/5080/5080
f 5086/5086/5086 5085/5085/5085 5084/5084/5084
f 5087/5087/5087 5086/5086/5086 5084/5084/5084
f 5090/5090/5090 5089/5089/5089 5088/5088/5088
f 5091/5091/5091 5090/5090/5090 5088/5088/5088
f 5094/5094/5094 5093/5093/5093 5092/5092/5092
f 5095/5095/5095 5094/5094/5094 5092/5092/5092
f 5098/5098/5098 5097/5097/5097 5096/5096/5096
f 5099/5099/5099 5098/5098/5098 5096/5096/5096
f 5102/5102/5102 5101/5101/5101 5100/5100/5100
f 5103/5103/5103 5102/5102/5102 5100/5100/5100
f 5106/5106/5106 5105/5105/5105 5104/5104/5104
f 5107/5107/5107 5106/5106/5106 5104/5104/5104
f 5110/5110/5110 5109/5109/5109 5108/5108/5108
f 5111/5111/5111 5110/5110/5110 5108/5108/5108
f 5114/5114/5114 5113/5113/5113 5112/5112/5112
f 5115/5115/5115 5114/5114/5114 5112/5112/5112
f 5118/5118/5118 5117/5117/5117 5116/5116/5116
f 5119/5119/5119 5118/5118/5118 5116/5116/5116
f 5122/5122/5122 5121/5121/5121 5120/5120/5120
f 5123/5123/5123 5122/5122/5122 5120/5120/5120
f 5126/5126/5126 5125/5125/5125 5124/5124/5124
f 5127/5127/5127 5126/5126/5126 5124/5124/5124
g Combined Mesh (root: scene) 18_111
f 5130/5130/5130 5129/5129/5129 5128/5128/5128
f 5131/5131/5131 5130/5130/5130 5128/5128/5128
g Combined Mesh (root: scene) 18_112
f 5134/5134/5134 5133/5133/5133 5132/5132/5132
f 5135/5135/5135 5134/5134/5134 5132/5132/5132
f 5137/5137/5137 5136/5136/5136 5134/5134/5134
f 5138/5138/5138 5137/5137/5137 5134/5134/5134
f 5139/5139/5139 5137/5137/5137 5138/5138/5138
f 5140/5140/5140 5139/5139/5139 5138/5138/5138
f 5139/5139/5139 5142/5142/5142 5141/5141/5141
f 5142/5142/5142 5143/5143/5143 5141/5141/5141
f 5141/5141/5141 5143/5143/5143 5144/5144/5144
f 5143/5143/5143 5145/5145/5145 5144/5144/5144
f 5142/5142/5142 5147/5147/5147 5146/5146/5146
f 5148/5148/5148 5142/5142/5142 5146/5146/5146
f 5148/5148/5148 5146/5146/5146 5149/5149/5149
f 5150/5150/5150 5148/5148/5148 5149/5149/5149
f 5147/5147/5147 5152/5152/5152 5151/5151/5151
f 5153/5153/5153 5147/5147/5147 5151/5151/5151
f 5153/5153/5153 5151/5151/5151 5154/5154/5154
f 5155/5155/5155 5153/5153/5153 5154/5154/5154
f 5154/5154/5154 5157/5157/5157 5156/5156/5156
f 5158/5158/5158 5154/5154/5154 5156/5156/5156
f 5161/5161/5161 5160/5160/5160 5159/5159/5159
f 5162/5162/5162 5161/5161/5161 5159/5159/5159
f 5165/5165/5165 5164/5164/5164 5163/5163/5163
f 5166/5166/5166 5165/5165/5165 5163/5163/5163
f 5169/5169/5169 5168/5168/5168 5167/5167/5167
f 5170/5170/5170 5169/5169/5169 5167/5167/5167
f 5171/5171/5171 5169/5169/5169 5170/5170/5170
f 5172/5172/5172 5171/5171/5171 5170/5170/5170
f 5175/5175/5175 5174/5174/5174 5173/5173/5173
f 5176/5176/5176 5175/5175/5175 5173/5173/5173
f 5176/5176/5176 5173/5173/5173 5177/5177/5177
f 5178/5178/5178 5176/5176/5176 5177/5177/5177
f 5178/5178/5178 5180/5180/5180 5179/5179/5179
f 5180/5180/5180 5181/5181/5181 5179/5179/5179
f 5179/5179/5179 5181/5181/5181 5182/5182/5182
f 5181/5181/5181 5183/5183/5183 5182/5182/5182
f 5185/5185/5185 5183/5183/5183 5184/5184/5184
f 5186/5186/5186 5185/5185/5185 5184/5184/5184
f 5188/5188/5188 5187/5187/5187 5177/5177/5177
f 5189/5189/5189 5188/5188/5188 5177/5177/5177
f 5190/5190/5190 5188/5188/5188 5189/5189/5189
f 5191/5191/5191 5190/5190/5190 5189/5189/5189
f 5193/5193/5193 5187/5187/5187 5192/5192/5192
f 5194/5194/5194 5193/5193/5193 5192/5192/5192
f 5194/5194/5194 5192/5192/5192 5195/5195/5195
f 5196/5196/5196 5194/5194/5194 5195/5195/5195
f 5196/5196/5196 5198/5198/5198 5197/5197/5197
f 5198/5198/5198 5199/5199/5199 5197/5197/5197
f 5202/5202/5202 5201/5201/5201 5200/5200/5200
f 5200/5200/5200 5203/5203/5203 5202/5202/5202
f 5203/5203/5203 5204/5204/5204 5202/5202/5202
f 5204/5204/5204 5203/5203/5203 5205/5205/5205
f 5203/5203/5203 5206/5206/5206 5205/5205/5205
f 5207/5207/5207 5205/5205/5205 5206/5206/5206
f 5208/5208/5208 5203/5203/5203 5200/5200/5200
f 5203/5203/5203 5208/5208/5208 5206/5206/5206
f 5209/5209/5209 5208/5208/5208 5200/5200/5200
f 5210/5210/5210 5209/5209/5209 5200/5200/5200
f 5211/5211/5211 5210/5210/5210 5200/5200/5200
f 5212/5212/5212 5210/5210/5210 5211/5211/5211
f 5213/5213/5213 5212/5212/5212 5211/5211/5211
f 5214/5214/5214 5212/5212/5212 5213/5213/5213
f 5215/5215/5215 5214/5214/5214 5213/5213/5213
f 5214/5214/5214 5216/5216/5216 5212/5212/5212
f 5216/5216/5216 5217/5217/5217 5212/5212/5212
f 5212/5212/5212 5217/5217/5217 5210/5210/5210
f 5217/5217/5217 5218/5218/5218 5210/5210/5210
f 5210/5210/5210 5218/5218/5218 5209/5209/5209
f 5218/5218/5218 5219/5219/5219 5209/5209/5209
f 5219/5219/5219 5220/5220/5220 5209/5209/5209
f 5220/5220/5220 5208/5208/5208 5209/5209/5209
f 5208/5208/5208 5220/5220/5220 5221/5221/5221
f 5220/5220/5220 5222/5222/5222 5221/5221/5221
f 5208/5208/5208 5221/5221/5221 5206/5206/5206
f 5222/5222/5222 5223/5223/5223 5221/5221/5221
f 5221/5221/5221 5224/5224/5224 5206/5206/5206
f 5223/5223/5223 5224/5224/5224 5221/5221/5221
f 5224/5224/5224 5225/5225/5225 5206/5206/5206
f 5223/5223/5223 5226/5226/5226 5224/5224/5224
f 5224/5224/5224 5227/5227/5227 5225/5225/5225
f 5226/5226/5226 5227/5227/5227 5224/5224/5224
f 5226/5226/5226 5228/5228/5228 5227/5227/5227
f 5227/5227/5227 5229/5229/5229 5225/5225/5225
f 5228/5228/5228 5230/5230/5230 5227/5227/5227
f 5227/5227/5227 5230/5230/5230 5229/5229/5229
f 5230/5230/5230 5231/5231/5231 5229/5229/5229
f 5234/5234/5234 5233/5233/5233 5232/5232/5232
f 5235/5235/5235 5234/5234/5234 5232/5232/5232
f 5236/5236/5236 5234/5234/5234 5235/5235/5235
f 5235/5235/5235 5232/5232/5232 5237/5237/5237
f 5238/5238/5238 5236/5236/5236 5235/5235/5235
f 5239/5239/5239 5236/5236/5236 5238/5238/5238
f 5240/5240/5240 5239/5239/5239 5238/5238/5238
f 5241/5241/5241 5239/5239/5239 5240/5240/5240
f 5242/5242/5242 5241/5241/5241 5240/5240/5240
f 5242/5242/5242 5240/5240/5240 5243/5243/5243
f 5244/5244/5244 5242/5242/5242 5243/5243/5243
f 5240/5240/5240 5238/5238/5238 5245/5245/5245
f 5243/5243/5243 5240/5240/5240 5245/5245/5245
f 5244/5244/5244 5243/5243/5243 5246/5246/5246
f 5247/5247/5247 5244/5244/5244 5246/5246/5246
f 5246/5246/5246 5243/5243/5243 5248/5248/5248
f 5243/5243/5243 5245/5245/5245 5248/5248/5248
f 5248/5248/5248 5245/5245/5245 5249/5249/5249
f 5245/5245/5245 5238/5238/5238 5250/5250/5250
f 5238/5238/5238 5235/5235/5235 5250/5250/5250
f 5245/5245/5245 5250/5250/5250 5249/5249/5249
f 5250/5250/5250 5235/5235/5235 5251/5251/5251
f 5251/5251/5251 5235/5235/5235 5237/5237/5237
f 5249/5249/5249 5250/5250/5250 5252/5252/5252
f 5252/5252/5252 5250/5250/5250 5251/5251/5251
f 5253/5253/5253 5249/5249/5249 5252/5252/5252
f 5254/5254/5254 5253/5253/5253 5252/5252/5252
f 5255/5255/5255 5251/5251/5251 5237/5237/5237
f 5256/5256/5256 5255/5255/5255 5237/5237/5237
f 5257/5257/5257 5252/5252/5252 5251/5251/5251
f 5257/5257/5257 5254/5254/5254 5252/5252/5252
f 5255/5255/5255 5257/5257/5257 5251/5251/5251
f 5258/5258/5258 5255/5255/5255 5256/5256/5256
f 5259/5259/5259 5258/5258/5258 5256/5256/5256
f 5258/5258/5258 5260/5260/5260 5255/5255/5255
f 5260/5260/5260 5261/5261/5261 5255/5255/5255
f 5255/5255/5255 5261/5261/5261 5257/5257/5257
f 5260/5260/5260 5262/5262/5262 5261/5261/5261
f 5257/5257/5257 5263/5263/5263 5254/5254/5254
f 5261/5261/5261 5263/5263/5263 5257/5257/5257
f 5263/5263/5263 5264/5264/5264 5254/5254/5254
f 5262/5262/5262 5265/5265/5265 5261/5261/5261
f 5261/5261/5261 5265/5265/5265 5263/5263/5263
f 5262/5262/5262 5266/5266/5266 5265/5265/5265
f 5263/5263/5263 5267/5267/5267 5264/5264/5264
f 5265/5265/5265 5267/5267/5267 5263/5263/5263
f 5267/5267/5267 5268/5268/5268 5264/5264/5264
f 5266/5266/5266 5269/5269/5269 5265/5265/5265
f 5265/5265/5265 5269/5269/5269 5267/5267/5267
f 5266/5266/5266 5270/5270/5270 5269/5269/5269
f 5267/5267/5267 5271/5271/5271 5268/5268/5268
f 5269/5269/5269 5271/5271/5271 5267/5267/5267
f 5270/5270/5270 5271/5271/5271 5269/5269/5269
f 5271/5271/5271 5272/5272/5272 5268/5268/5268
f 5270/5270/5270 5273/5273/5273 5271/5271/5271
f 5273/5273/5273 5272/5272/5272 5271/5271/5271
f 5276/5276/5276 5275/5275/5275 5274/5274/5274
f 5277/5277/5277 5276/5276/5276 5274/5274/5274
f 5278/5278/5278 5276/5276/5276 5277/5277/5277
f 5279/5279/5279 5278/5278/5278 5277/5277/5277
f 5277/5277/5277 5274/5274/5274 5280/5280/5280
f 5279/5279/5279 5277/5277/5277 5281/5281/5281
f 5281/5281/5281 5277/5277/5277 5280/5280/5280
f 5282/5282/5282 5279/5279/5279 5281/5281/5281
f 5283/5283/5283 5282/5282/5282 5281/5281/5281
f 5284/5284/5284 5281/5281/5281 5280/5280/5280
f 5284/5284/5284 5283/5283/5283 5281/5281/5281
f 5285/5285/5285 5283/5283/5283 5284/5284/5284
f 5286/5286/5286 5284/5284/5284 5280/5280/5280
f 5287/5287/5287 5285/5285/5285 5284/5284/5284
f 5287/5287/5287 5284/5284/5284 5286/5286/5286
f 5288/5288/5288 5287/5287/5287 5286/5286/5286
f 5291/5291/5291 5290/5290/5290 5289/5289/5289
f 5292/5292/5292 5291/5291/5291 5289/5289/5289
f 5293/5293/5293 5291/5291/5291 5292/5292/5292
f 5294/5294/5294 5293/5293/5293 5292/5292/5292
f 5297/5297/5297 5296/5296/5296 5295/5295/5295
f 5296/5296/5296 5298/5298/5298 5295/5295/5295
f 5295/5295/5295 5298/5298/5298 5299/5299/5299
f 5298/5298/5298 5300/5300/5300 5299/5299/5299
f 5299/5299/5299 5300/5300/5300 5301/5301/5301
f 5300/5300/5300 5302/5302/5302 5301/5301/5301
f 5301/5301/5301 5302/5302/5302 5303/5303/5303
f 5304/5304/5304 5301/5301/5301 5303/5303/5303
f 5305/5305/5305 5304/5304/5304 5303/5303/5303
f 5306/5306/5306 5305/5305/5305 5303/5303/5303
f 5306/5306/5306 5307/5307/5307 5305/5305/5305
f 5307/5307/5307 5308/5308/5308 5305/5305/5305
f 5307/5307/5307 5309/5309/5309 5308/5308/5308
f 5309/5309/5309 5310/5310/5310 5308/5308/5308
f 5309/5309/5309 5311/5311/5311 5310/5310/5310
f 5311/5311/5311 5312/5312/5312 5310/5310/5310
f 5315/5315/5315 5314/5314/5314 5313/5313/5313
f 5316/5316/5316 5315/5315/5315 5313/5313/5313
f 5319/5319/5319 5318/5318/5318 5317/5317/5317
f 5320/5320/5320 5319/5319/5319 5317/5317/5317
f 5323/5323/5323 5322/5322/5322 5321/5321/5321
f 5322/5322/5322 5324/5324/5324 5321/5321/5321
f 5322/5322/5322 5325/5325/5325 5324/5324/5324
f 5325/5325/5325 5326/5326/5326 5324/5324/5324
f 5329/5329/5329 5328/5328/5328 5327/5327/5327
f 5330/5330/5330 5329/5329/5329 5327/5327/5327
f 5329/5329/5329 5330/5330/5330 5331/5331/5331
f 5332/5332/5332 5329/5329/5329 5331/5331/5331
f 5333/5333/5333 5328/5328/5328 5329/5329/5329
f 5334/5334/5334 5329/5329/5329 5332/5332/5332
f 5334/5334/5334 5333/5333/5333 5329/5329/5329
f 5335/5335/5335 5334/5334/5334 5332/5332/5332
f 5334/5334/5334 5335/5335/5335 5336/5336/5336
f 5333/5333/5333 5334/5334/5334 5337/5337/5337
f 5337/5337/5337 5334/5334/5334 5336/5336/5336
f 5338/5338/5338 5333/5333/5333 5337/5337/5337
f 5337/5337/5337 5336/5336/5336 5339/5339/5339
f 5338/5338/5338 5337/5337/5337 5340/5340/5340
f 5341/5341/5341 5337/5337/5337 5339/5339/5339
f 5337/5337/5337 5341/5341/5341 5340/5340/5340
