g polySurface1
v 0.140003994 1.59527147 0.0875429958
v 0.163058385 1.60264075 0.0825605989
v 0.158353195 1.5862788 0.00597779965
v 0.0548423976 1.8911196 0.0669941977
v 0.0407771952 1.91617012 0.0604907982
v 0.0146501996 1.8306917 0.0566387959
v 0.0411209948 1.91888571 -0.090931125
v 0.0574649982 1.89653718 -0.102234952
v 0.0168372001 1.8340019 -0.088943392
v -0.210688189 1.96914232 0.00223560003
v -0.201355204 1.97296906 0.0250163972
v -0.174292207 1.97244883 0.043462798
v 0.152733594 1.56942534 0.082121402
v 0.140003994 1.59527147 0.0875429958
v 0.158353195 1.5862788 0.00597779965
v 0.140227199 1.58698261 0.0913733989
v 0.127719 1.60453975 0.100623593
v 0.138920397 1.63227236 0.101509199
v 0.157022998 1.6100477 0.0872981921
v 0.159658194 1.62488687 0.0878129974
v 0.163058385 1.60264075 0.0825605989
v 0.166570187 1.62242448 0.0832464024
v 0.177111 1.68178129 0.0853056014
v 0.139386594 1.65538073 0.101822391
v 0.116119795 1.66587293 0.107144997
v 0.117964789 1.69029713 0.103415392
v 0.187174782 1.74487317 0.0839663967
v 0.123510599 1.7329247 0.100475989
v 0.142225191 1.75614643 0.0964296013
v 0.0868031979 1.732041 0.104029194
v 0.129056394 1.77000833 0.0968759954
v 0.12039119 1.78941774 0.0975851938
v 0.0661337972 1.78151214 0.101649597
v 0.122590788 1.82414508 0.092874594
v 0.0945251957 1.83270776 0.0950201973
v 3.59999967E-06 1.77501953 0.105861589
v 3.59999967E-06 1.83746326 0.0998441949
v 0.0774017945 1.85553896 0.0946259946
v 0.0788291916 1.88455498 0.0911501944
v 0.0517157987 1.88931227 0.0928169936
v 0.0345905982 1.90358269 0.0918738022
v 0.0626759976 1.68384409 0.107202597
v -0.0661265999 1.78151214 0.101649597
v -0.0471401997 1.83909762 0.0984006003
v -0.0342143998 1.73563731 0.107467189
v -0.0428057984 1.7410841 0.106975794
v -0.0525689982 1.73786032 0.106091999
v -0.0543473959 1.72631872 0.106603198
v -0.0249569993 1.71672285 0.108122401
v 0.00232199975 1.90218592 0.0923201963
v -0.00118979998 1.94094527 0.083188802
v 0.0281465985 1.94138992 0.0823067948
v -0.0402299948 1.93699431 0.0868121907
v -0.0384173989 1.9029671 0.0920411944
v -0.086435996 1.88694704 0.0895769969
v -0.0898704007 1.92256737 0.0847547948
v -0.0835649967 1.87699854 0.0919727981
v -0.0891432017 1.86852765 0.092323795
v -0.0914795995 1.83310187 0.0951894
v -0.094593592 1.80240464 0.0968453959
v -0.120384 1.78941774 0.0975851938
v -0.117235795 1.82345569 0.093779996
v -0.161166593 1.86035573 0.0856997967
v -0.178061381 1.81692708 0.085858196
v -0.0867959931 1.732041 0.104029194
v -0.040348798 1.69705784 0.106873192
v -0.139067993 1.76672685 0.0968453959
v -0.185326204 1.77532184 0.0849239975
v -0.123503394 1.7329247 0.100475989
v -0.184588194 1.7426753 0.0856781974
v -0.0626688004 1.68384409 0.107202597
v -0.117957592 1.69029713 0.103415392
v -0.177103788 1.68178129 0.0853056014
v -0.0268865991 1.66541219 0.107688591
v -0.0340343975 1.69018555 0.107458197
v -0.0278117992 1.68541551 0.108298801
v -0.11611259 1.66587293 0.107144997
v -0.0140561992 1.66662896 0.107893795
v -0.0233459994 1.685817 0.108800992
v -0.0187379997 1.68825054 0.1084572
v 3.59999967E-06 1.66840374 0.108667791
v -0.0763307959 1.66244757 0.108923398
v -0.0532709993 1.64834452 0.107899196
v -0.0602837987 1.62865615 0.108372591
v 3.59999967E-06 1.6871525 0.108777598
v 3.59999967E-06 1.70092249 0.108541794
v -0.0173735991 1.69732428 0.108070195
v 0.0187451988 1.68825054 0.1084572
v 0.0140633993 1.66662896 0.107893795
v 0.0233531985 1.685817 0.108800992
v 0.0278190002 1.68541551 0.108298801
v 0.0175787993 1.69761229 0.108102597
v 0.0268937983 1.66541219 0.107688591
v 0.0340415984 1.69018555 0.107458197
v 0.0250883996 1.7168256 0.108153
v 0.040355999 1.69705784 0.106873192
v 3.59999967E-06 1.71846712 0.108512998
v 0.0342593975 1.73555815 0.107504994
v 0.0427679978 1.74095261 0.107017197
v 0.052437596 1.73776126 0.106142394
v 0.0541979969 1.72632766 0.106650002
v 0.0763380006 1.66244757 0.108923398
v 0.0532781966 1.64834452 0.107899196
v 0.060290996 1.62865615 0.108372591
v 0.1166922 1.65186715 0.111481197
v 0.0802835971 1.64922106 0.109785594
v 0.112885192 1.64361048 0.125857785
v 0.0871307999 1.64406228 0.127668589
v 0.130361393 1.6257149 0.11795219
v 0.108964793 1.63277459 0.138239995
v 0.124855191 1.60485649 0.120113991
v 0.0676278025 1.62516952 0.123980395
v 0.0938915908 1.63314891 0.141796798
v 0.119366989 1.6192224 0.133918196
v 0.0644183978 1.61140668 0.127108797
v 0.0588671975 1.61158311 0.118112393
v 0.0690191984 1.59653521 0.124860592
v 0.113920189 1.60625875 0.133763403
v 0.0999197885 1.59624529 0.133621186
v 0.105800398 1.58998859 0.122556597
v 0.0979217961 1.61394107 0.143787593
v 0.0786492005 1.62350094 0.141272992
v 0.0756935999 1.60850155 0.138745785
v 0.080384396 1.60062647 0.136997998
v 0.0904319957 1.58787894 0.124705799
v 0.0784349963 1.59096956 0.101176195
v 0.109099798 1.58878076 0.101690993
v 0.113372996 1.57885921 0.0951588005
v 0.117646195 1.56893754 0.0886283964
v 0.0825587958 1.56845152 0.0951335952
v 0.0707039982 1.52530193 0.0912005976
v 0.0966167971 1.51708317 0.0868913978
v 0.122529596 1.50886428 0.082580395
v 0.0573551953 1.49157166 0.0951677933
v 0.0752975941 1.4772743 0.0900072008
v 0.0482363999 1.45046508 0.0911303982
v 0.0932381973 1.46297693 0.0848465934
v 0.0368315987 1.46588933 0.0961380005
v 0.0193409994 1.4584049 0.0955583975
v 0.0596411973 1.43503916 0.0861245915
v 3.59999967E-06 1.44688499 0.0931229964
v 3.59999967E-06 1.43517601 0.0923741907
v -0.0482291989 1.45046508 0.0911303982
v 3.59999967E-06 1.41844487 0.0862253979
v -0.0596339963 1.43503916 0.0861245915
v -0.0193338003 1.4584049 0.0955583975
v -0.0368243977 1.46588933 0.0961380005
v -0.093231 1.46297693 0.0848465934
v -0.057347998 1.49157166 0.0951677933
v -0.0752903968 1.4772743 0.0900072008
v -0.122522391 1.50886428 0.082580395
v -0.0966095924 1.51708317 0.0868913978
v -0.0706967935 1.52530193 0.0912005976
v -0.152726397 1.56942534 0.082121402
v -0.117638998 1.56893754 0.0886283964
v -0.0825515985 1.56845152 0.0951335952
v -0.078427799 1.59096956 0.101176195
v -0.113365792 1.57885921 0.0951588005
v -0.140219986 1.58698261 0.0913733989
v -0.109092593 1.58878076 0.101690993
v -0.158457592 1.62735116 0.0880308002
v -0.164915994 1.62560332 0.0837144032
v -0.139085993 1.63259447 0.100981794
v -0.127711788 1.60453975 0.100623593
v -0.138956398 1.65537536 0.101989798
v -0.105793193 1.58998859 0.122556597
v -0.116684996 1.65186715 0.111481197
v -0.0802763924 1.64922106 0.109785594
v -0.112877995 1.64361048 0.125857785
v -0.124847993 1.60485649 0.120113991
v -0.0999125987 1.59624529 0.133621186
v -0.0904247984 1.58787894 0.124705799
v -0.0690120012 1.59653521 0.124860592
v -0.13043879 1.6258769 0.11768759
v -0.0871235952 1.64406228 0.127668589
v -0.113912992 1.60625875 0.133763403
v -0.108957589 1.63277459 0.138239995
v -0.119359799 1.6192224 0.133918196
v -0.0938843936 1.63314891 0.141796798
v -0.0676205978 1.62516952 0.123980395
v -0.0644111931 1.61140668 0.127108797
v -0.0588599965 1.61158311 0.118112393
v -0.0979145989 1.61394107 0.143787593
v -0.0786419958 1.62350094 0.141272992
v -0.0756864026 1.60850155 0.138745785
v -0.0803771988 1.60062647 0.136997998
v 0.0407771952 1.91617012 0.0604907982
v 0.0461231992 1.92303169 -0.0171125997
v 0.0146501996 1.8306917 0.0566387959
v 0.0411209948 1.91888571 -0.090931125
v 0.0168372001 1.8340019 -0.088943392
v -0.0652643964 1.93969977 0.00471059978
v -0.0692639947 1.94295061 -0.0354078002
v -0.0163674001 1.95068514 -0.0253619999
v -0.0402299948 1.93699431 0.0868121907
v -0.00118979998 1.94094527 0.083188802
v 0.0281465985 1.94138992 0.0823067948
v 0.035609398 1.94871771 -0.0195911992
v -0.0898704007 1.92256737 0.0847547948
v -0.0894437954 1.92801774 0.0309383981
v -0.0977543965 1.91928589 0.0324863978
v -0.0929501951 1.91132987 0.0797723979
v -0.123955198 1.88863194 0.0807569921
v -0.1071738 1.91364825 0.0340775996
v -0.0879389942 1.88561153 0.0839466006
v -0.086435996 1.88694704 0.0895769969
v -0.154400393 1.85961223 0.0836549997
v -0.0835649967 1.87699854 0.0919727981
v -0.087578997 1.87797415 0.085458599
v -0.136241987 1.89713156 0.0226511993
v -0.148093194 1.88836908 -0.00977220014
v -0.160228789 1.87443709 -0.0169865992
v -0.161166593 1.86035573 0.0856997967
v -0.165934801 1.87526143 -0.0176309999
v -0.178061381 1.81692708 0.085858196
v -0.182267994 1.84404588 -0.0216719992
v -0.185326204 1.77532184 0.0849239975
v -0.191527188 1.79349661 -0.023601599
v -0.184588194 1.7426753 0.0856781974
v -0.192551389 1.75165737 -0.0265427977
v -0.177103788 1.68178129 0.0853056014
v -0.183151796 1.68161213 -0.0288143996
v -0.164915994 1.62560332 0.0837144032
v -0.169955999 1.63367093 -0.0276749991
v -0.152726397 1.56942534 0.082121402
v -0.156760201 1.58572972 -0.0265355986
v -0.122522391 1.50886428 0.082580395
v -0.12182039 1.50677633 -0.0269963983
v -0.0819827914 1.46039402 -0.0271799993
v -0.093231 1.46297693 0.0848465934
v -0.0596339963 1.43503916 0.0861245915
v -0.0542952009 1.42929721 0.0407303981
v 3.59999967E-06 1.41844487 0.0862253979
v -0.0592793971 1.43353438 0.00850859936
v -0.0702359974 1.4467895 -0.0561653972
v 3.59999967E-06 1.4190408 0.0591461994
v 0.00063179998 1.41005147 0.0540557951
v 0.0592865981 1.43353438 0.00850859936
v 0.0543023981 1.42929721 0.0407303981
v 0.0596411973 1.43503916 0.0861245915
v 0.0819899961 1.46039402 -0.0271799993
v 0.0702431947 1.4467895 -0.0561653972
v 0.0932381973 1.46297693 0.0848465934
v 0.122529596 1.50886428 0.082580395
v 0.121827595 1.50677633 -0.0269963983
v 0.158353195 1.5862788 0.00597779965
v 0.152733594 1.56942534 0.082121402
v -0.165785402 1.96958697 0.060366597
v -0.164636984 1.97235179 0.0593639985
v -0.128546998 1.94473255 0.0447839983
v -0.182975397 1.97377551 0.0581003949
v -0.182107791 1.97649884 0.057509996
v -0.201645002 1.97464669 0.0482723974
v -0.200275198 1.97731078 0.0465120003
v -0.222182989 1.97149479 0.00839519966
v -0.222872391 1.96914053 0.0101015996
v -0.223376378 1.97061646 -0.0298835989
v -0.224094599 1.96662045 -0.0300509986
v -0.208328396 1.97216821 -0.064540796
v -0.207714587 1.97432446 -0.0629549995
v -0.197224185 1.97058225 -0.0726786032
v -0.198077396 1.97350907 -0.0705419928
v -0.179481596 1.96511209 -0.0788922012
v -0.178140596 1.96743596 -0.0776051953
v -0.147068992 1.94854498 -0.0705293939
v -0.147932991 1.94733894 -0.072610192
v -0.117977388 1.91313887 -0.0601199977
v -0.115135193 1.91462755 -0.0596789978
v -0.143062189 1.94628763 -0.0636677966
v -0.109141193 1.99986649 0.0370511971
v -0.114884995 1.99127877 0.0536598004
v -0.110050201 1.95436251 0.0440549962
v -0.110645995 2.01178789 0.0522792004
v -0.100324795 2.03091836 0.0377333947
v -0.102889799 2.01993656 0.026375398
v -0.0939311981 2.02098417 0.00773099996
v -0.0944477916 2.03924513 0.0192095991
v -0.0912077948 2.02159786 -0.0182141978
v -0.0908477977 2.04139614 -0.0158741996
v 0.0348390006 1.47005451 0.0836513937
v 0.0218897983 1.46514225 0.0839105919
v 0.029538 1.48535454 0.083559595
v 0.0292085987 1.49609339 0.083100602
v 0.0437579975 1.47936225 0.0836153924
v 0.0220679976 1.50761163 0.0832338035
v 0.0538631976 1.49398911 0.0835289955
v 0.0333107971 1.53622615 0.0831708014
v 0.0701621994 1.52855098 0.0831923932
v 0.00798300002 1.50877619 0.0831365958
v 0.0794069991 1.57400632 0.0831995979
v 3.59999967E-06 1.53628552 0.0830969959
v 3.59999967E-06 1.50443268 0.0832067952
v -0.00797579996 1.50877619 0.0831365958
v -0.0333035998 1.53622615 0.0831708014
v -0.0220607985 1.50761163 0.0832338035
v 0.0369053967 1.56658852 0.0830465928
v 0.0719207972 1.59820378 0.0833687931
v 0.0376127996 1.59923685 0.0838745981
v 3.59999967E-06 1.60403574 0.083586596
v 3.59999967E-06 1.56813645 0.0829854012
v -0.0368981995 1.56658852 0.0830465928
v -0.0376055986 1.59923685 0.0838745981
v -0.0719135925 1.59820378 0.0833687931
v -0.0793997943 1.57400632 0.0831995979
v -0.0701549947 1.52855098 0.0831923932
v -0.0538560003 1.49398911 0.0835289955
v -0.0437507965 1.47936225 0.0836153924
v -0.0292013995 1.49609339 0.083100602
v -0.0348317996 1.47005451 0.0836513937
v -0.029530799 1.48535454 0.083559595
v -0.0218825992 1.46514225 0.0839105919
v -0.158068791 1.97445595 -0.0721277967
v -0.168785989 1.95881748 -0.0620315969
v -0.143062189 1.94628763 -0.0636677966
v -0.174481198 1.99936247 -0.0728729963
v -0.190277994 1.98663116 -0.0646487996
v -0.187649995 1.96314287 -0.0531557985
v -0.174956396 2.03187966 -0.0428309962
v -0.197299778 1.96593463 -0.0464201979
v -0.198799193 1.99828613 -0.0416358002
v -0.174787179 2.03642821 -0.0114155989
v -0.207201585 1.97978926 -0.0444293991
v -0.214163989 1.97641623 -0.00971639901
v -0.20980078 1.96727931 -0.0241326001
v -0.210688189 1.96914232 0.00223560003
v -0.201355204 1.97296906 0.0250163972
v -0.201124802 1.99939132 -0.0126323989
v -0.168411598 2.03085899 0.0226079989
v -0.205109999 1.97980368 0.0232020002
v -0.174292207 1.97244883 0.043462798
v -0.195375592 1.99738431 0.0237725992
v -0.187651798 1.98820257 0.0426347964
v -0.164851189 2.00384283 0.0537137985
v -0.149209201 1.98057234 0.0490787961
v -0.128546998 1.94473255 0.0447839983
v -0.160547391 1.96571863 0.0443771966
v -0.130321786 1.9920851 0.0483102016
v -0.142468184 2.01580191 0.0513341986
v -0.168411598 2.03085899 0.0226079989
v -0.109141193 1.99986649 0.0370511971
v -0.121769994 2.02514386 0.0405017957
v -0.110050201 1.95436251 0.0440549962
v -0.116702996 2.03685641 0.0183419995
v -0.174787179 2.03642821 -0.0114155989
v -0.103467591 2.03591514 0.0151163992
v -0.102889799 2.01993656 0.026375398
v -0.0939311981 2.02098417 0.00773099996
v -0.0912077948 2.02159786 -0.0182141978
v -0.0974825919 2.03786635 -0.0171323996
v -0.120587394 2.04021525 -0.0162737984
v -0.125348389 2.03463006 -0.0491291955
v -0.174956396 2.03187966 -0.0428309962
v -0.1026306 2.02446699 -0.0486467965
v -0.109646991 2.03234935 -0.0505223945
v -0.127110586 2.02384615 -0.0683171973
v -0.149866194 2.01221275 -0.0758807957
v -0.174481198 1.99936247 -0.0728729963
v -0.124437593 1.99030316 -0.0699065924
v -0.158068791 1.97445595 -0.0721277967
v -0.143062189 1.94628763 -0.0636677966
v -0.10974779 2.01060367 -0.0600335971
v -0.0989423916 2.03730464 -0.0513521992
v -0.0908477977 2.04139614 -0.0158741996
v -0.10665179 2.03193164 -0.0664631948
v -0.114087597 2.02215052 -0.0756629929
v -0.121195793 1.95844483 -0.0660923943
v -0.123001188 1.99491286 -0.0813743994
v -0.106606789 1.91909158 -0.0583577976
v -0.115135193 1.91462755 -0.0596789978
v -0.121490993 1.96271086 -0.0739494041
v -0.102815993 1.92107511 -0.0577709973
v -0.119834989 1.96268928 -0.0751445964
v -0.0876545981 1.92900944 -0.0554237962
v -0.0847655982 1.93728054 -0.0552095957
v -0.0952235982 1.97121239 -0.0612125993
v -0.0692639947 1.94295061 -0.0354078002
v -0.120799795 1.99174309 -0.0841157958
v -0.111558594 2.02092099 -0.0790451914
v -0.103977002 1.99606133 -0.0707111955
v -0.104304597 2.03151059 -0.0691218004
v -0.0789461955 1.97739708 -0.0392921977
v -0.0652643964 1.93969977 0.00471059978
v -0.0978155956 1.99870193 -0.0644687936
v -0.0850679949 2.00611258 -0.043538399
v -0.0954575911 2.03610229 -0.0552041978
v -0.075563997 1.97758603 0.00500580017
v -0.0894437954 1.92801774 0.0309383981
v -0.0962675959 1.95650995 0.0355157964
v -0.0977543965 1.91928589 0.0324863978
v -0.0792521983 2.01025963 -0.0107459994
v -0.0872783959 2.0426147 -0.0142181991
v -0.0834533945 2.00679111 0.0172727983
v -0.091196999 2.04011631 0.020752199
v -0.0944477916 2.03924513 0.0192095991
v -0.0925541967 1.99930143 0.0379799977
v -0.0970955938 2.03061414 0.0391589962
v -0.100324795 2.03091836 0.0377333947
v -0.110645995 2.01178789 0.0522792004
v -0.102236398 1.99048483 0.0480779968
v -0.108059399 2.01174116 0.0534941964
v -0.114884995 1.99127877 0.0536598004
v -0.111916795 1.99157763 0.0552581996
v -0.1071738 1.91364825 0.0340775996
v -0.161594987 1.9265939 0.0290195998
v -0.136241987 1.89713156 0.0226511993
v -0.178198203 1.92246664 -0.0143603999
v -0.165785402 1.96958697 0.060366597
v -0.148093194 1.88836908 -0.00977220014
v -0.171719998 1.95022261 0.046074599
v -0.182975397 1.97377551 0.0581003949
v -0.201645002 1.97464669 0.0482723974
v -0.18375659 1.94616354 0.0334925987
v -0.199884593 1.9430927 -0.00134820002
v -0.222872391 1.96914053 0.0101015996
v -0.200851187 1.94385958 -0.0238697995
v -0.224094599 1.96662045 -0.0300509986
v -0.208328396 1.97216821 -0.064540796
v -0.167124599 1.93481457 -0.0570437983
v -0.13623479 1.89946795 -0.0479663983
v -0.188186392 1.94998312 -0.0573119968
v -0.18056339 1.95388734 -0.0662399977
v -0.197224185 1.97058225 -0.0726786032
v -0.179481596 1.96511209 -0.0788922012
v -0.147932991 1.94733894 -0.072610192
v -0.117977388 1.91313887 -0.0601199977
v 3.59994851E-06 1.44546843 -0.123740204
v -0.0614501946 1.46792436 -0.126030758
v -0.0347543992 1.44881952 -0.119366162
v 3.59991986E-06 1.46377075 -0.1310855
v -0.110849395 1.51199985 -0.121237189
v 0.0614573956 1.46792436 -0.126030758
v 0.0347616002 1.44881952 -0.119366162
v 0.110856593 1.51199985 -0.121237189
v 3.59986416E-06 1.52762461 -0.134487852
v -0.145578593 1.58704007 -0.126206994
v 0.145585805 1.58704007 -0.126206994
v 3.59986416E-06 1.59026277 -0.135270864
v 3.59986416E-06 1.70246398 -0.137096062
v -0.161098182 1.63728893 -0.126487792
v 0.161105394 1.63728893 -0.126487792
v 0.176624998 1.68753946 -0.126768589
v 0.184460387 1.75775576 -0.128318399
v -0.176617801 1.68753946 -0.126768589
v 0.138346195 1.76116467 -0.128908232
v 3.59986416E-06 1.77129769 -0.136426464
v -0.184453204 1.75775576 -0.128318399
v 0.126406804 1.79426956 -0.130721718
v 0.12537539 1.82349586 -0.129390955
v 0.100976393 1.82972133 -0.129775375
v -0.18472138 1.80267107 -0.124502398
v -0.107117996 1.83464479 -0.131834641
v -0.173213989 1.8493613 -0.125839785
v 0.0794249922 1.8584255 -0.129865527
v 0.000777599867 1.85105753 -0.134630069
v 0.0774593949 1.88332736 -0.128499404
v 0.0511595979 1.89163148 -0.130180776
v -0.161449194 1.87902164 -0.124833599
v 0.030353399 1.91114783 -0.129548833
v -0.129869998 1.86361265 -0.129786089
v -0.127204195 1.8660326 -0.125134766
v -0.156276003 1.87894797 -0.121874399
v -0.122518793 1.90307808 -0.11909546
v -0.107801996 1.8381331 -0.12706399
v -0.0668321922 1.82169294 -0.132338688
v -0.0795311928 1.87564754 -0.132257521
v -0.0717642009 1.8268528 -0.132277071
v -0.0836639926 1.87457275 -0.127409145
v -0.0789245963 1.88726294 -0.129374817
v -0.0801035985 1.88632905 -0.126895338
v -0.0849437937 1.9282546 -0.122201659
v -0.0832464024 1.93756962 -0.126183331
v -0.00333179999 1.90417349 -0.13111338
v -0.0487007983 1.94168925 -0.125606999
v -0.00922319945 1.94398665 -0.125749886
v 0.0275111981 1.94553542 -0.123405218
v -0.0819827914 1.46039402 -0.0271799993
v -0.0702359974 1.4467895 -0.0561653972
v -0.0347543992 1.44881952 -0.119366162
v -0.0614501946 1.46792436 -0.126030758
v -0.12182039 1.50677633 -0.0269963983
v -0.110849395 1.51199985 -0.121237189
v -0.156760201 1.58572972 -0.0265355986
v -0.145578593 1.58704007 -0.126206994
v -0.161098182 1.63728893 -0.126487792
v -0.169955999 1.63367093 -0.0276749991
v -0.176617801 1.68753946 -0.126768589
v -0.183151796 1.68161213 -0.0288143996
v -0.184453204 1.75775576 -0.128318399
v -0.192551389 1.75165737 -0.0265427977
v -0.191527188 1.79349661 -0.023601599
v -0.18472138 1.80267107 -0.124502398
v -0.173213989 1.8493613 -0.125839785
v -0.182267994 1.84404588 -0.0216719992
v -0.165934801 1.87526143 -0.0176309999
v -0.161449194 1.87902164 -0.124833599
v -0.160228789 1.87443709 -0.0169865992
v -0.156276003 1.87894797 -0.121874399
v -0.148093194 1.88836908 -0.00977220014
v -0.13623479 1.89946795 -0.0479663983
v -0.117977388 1.91313887 -0.0601199977
v -0.122518793 1.90307808 -0.11909546
v -0.115135193 1.91462755 -0.0596789978
v -0.106606789 1.91909158 -0.0583577976
v -0.102815993 1.92107511 -0.0577709973
v -0.0876545981 1.92900944 -0.0554237962
v -0.0849437937 1.9282546 -0.122201659
v -0.0832464024 1.93756962 -0.126183331
v -0.0847655982 1.93728054 -0.0552095957
v -0.0692639947 1.94295061 -0.0354078002
v -0.0487007983 1.94168925 -0.125606999
v -0.0163674001 1.95068514 -0.0253619999
v -0.00922319945 1.94398665 -0.125749886
v 0.035609398 1.94871771 -0.0195911992
v 0.0275111981 1.94553542 -0.123405218
v 0.0819899961 1.46039402 -0.0271799993
v 0.0347616002 1.44881952 -0.119366162
v 0.0702431947 1.4467895 -0.0561653972
v 0.0614573956 1.46792436 -0.126030758
v 0.121827595 1.50677633 -0.0269963983
v 0.110856593 1.51199985 -0.121237189
v 0.158353195 1.5862788 0.00597779965
v 0.145585805 1.58704007 -0.126206994
v 0.161105394 1.63728893 -0.126487792
v 0.169963196 1.63367093 0.00882719923
v 0.176624998 1.68753946 -0.126768589
v 0.183158994 1.68161213 0.00768959941
v 0.184460387 1.75775576 -0.128318399
v 0.192702591 1.75359952 0.00988200027
v 0.166570187 1.62242448 0.0832464024
v 0.158353195 1.5862788 0.00597779965
v 0.163058385 1.60264075 0.0825605989
v 0.169963196 1.63367093 0.00882719923
v 0.183158994 1.68161213 0.00768959941
v 0.177111 1.68178129 0.0853056014
v 0.192702591 1.75359952 0.00988200027
v 0.187174782 1.74487317 0.0839663967
v 0.175793394 1.75885916 0.0159191992
v 0.192702591 1.75359952 0.00988200027
v 0.187174782 1.74487317 0.0839663967
v 0.171030596 1.7572571 0.0563219972
v 0.142225191 1.75614643 0.0964296013
v 0.145996198 1.7613647 0.0701963976
v 0.129056394 1.77000833 0.0968759954
v 0.133412391 1.77269757 0.071632795
v 0.125828996 1.79473484 0.0713159963
v 0.12039119 1.78941774 0.0975851938
v 0.127391398 1.82712603 0.0715355948
v 0.122590788 1.82414508 0.092874594
v 0.0348390006 1.47005451 0.0836513937
v 0.0193409994 1.4584049 0.0955583975
v 0.0218897983 1.46514225 0.0839105919
v 0.0368315987 1.46588933 0.0961380005
v 0.0437579975 1.47936225 0.0836153924
v 0.0538631976 1.49398911 0.0835289955
v 0.0573551953 1.49157166 0.0951677933
v 0.0701621994 1.52855098 0.0831923932
v 0.0707039982 1.52530193 0.0912005976
v 0.0794069991 1.57400632 0.0831995979
v 0.0825587958 1.56845152 0.0951335952
v 0.0719207972 1.59820378 0.0833687931
v 0.0784349963 1.59096956 0.101176195
v -0.0348317996 1.47005451 0.0836513937
v -0.0218825992 1.46514225 0.0839105919
v -0.0193338003 1.4584049 0.0955583975
v -0.0368243977 1.46588933 0.0961380005
v -0.0437507965 1.47936225 0.0836153924
v -0.0538560003 1.49398911 0.0835289955
v -0.057347998 1.49157166 0.0951677933
v -0.0701549947 1.52855098 0.0831923932
v -0.0706967935 1.52530193 0.0912005976
v -0.0793997943 1.57400632 0.0831995979
v -0.0825515985 1.56845152 0.0951335952
v -0.0719135925 1.59820378 0.0833687931
v -0.078427799 1.59096956 0.101176195
v 0.0690191984 1.59653521 0.124860592
v 0.0399131998 1.60389173 0.136670396
v 0.0588671975 1.61158311 0.118112393
v 0.0517679974 1.59204769 0.135365397
v 0.0784349963 1.59096956 0.101176195
v 0.0177893993 1.59759164 0.145367995
v 0.0516240001 1.57844508 0.125332192
v 0.0206514001 1.58419621 0.15117839
v 0.0206675995 1.57163572 0.143717393
v 3.59999967E-06 1.5962435 0.149230793
v 3.59999967E-06 1.56949019 0.144617394
v 3.59999967E-06 1.58478832 0.152938798
v -0.020644201 1.58419621 0.15117839
v -0.0206603985 1.57163572 0.143717393
v -0.0177822001 1.59759164 0.145367995
v -0.0516167954 1.57844508 0.125332192
v -0.0517608002 1.59204769 0.135365397
v -0.078427799 1.59096956 0.101176195
v -0.0399059989 1.60389173 0.136670396
v -0.0690120012 1.59653521 0.124860592
v -0.0588599965 1.61158311 0.118112393
v 0.127391398 1.82712603 0.0715355948
v 0.122590788 1.82414508 0.092874594
v 0.0945251957 1.83270776 0.0950201973
v 0.0994805992 1.83698273 0.070518598
v 0.0774017945 1.85553896 0.0946259946
v 0.0841085985 1.85612929 0.0671471953
v 0.084477596 1.88965619 0.0671022013
v 0.0788291916 1.88455498 0.0911501944
v 0.0517157987 1.88931227 0.0928169936
v 0.084477596 1.88965619 0.0671022013
v 0.0788291916 1.88455498 0.0911501944
v 0.0548423976 1.8911196 0.0669941977
v 0.0407771952 1.91617012 0.0604907982
v 0.0345905982 1.90358269 0.0918738022
v 0.0281465985 1.94138992 0.0823067948
v 0.0461231992 1.92303169 -0.0171125997
v 0.035609398 1.94871771 -0.0195911992
v -0.0934613943 1.83613491 0.0912077948
v -0.094593592 1.80240464 0.0968453959
v -0.0959021971 1.8074826 0.0924479961
v -0.0914795995 1.83310187 0.0951894
v -0.0911339968 1.86984539 0.0866016001
v -0.0891432017 1.86852765 0.092323795
v 0.184460387 1.75775576 -0.128318399
v 0.192702591 1.75359952 0.00988200027
v 0.175793394 1.75885916 0.0159191992
v 0.173937604 1.76364887 -0.102488399
v 0.147475794 1.77161205 -0.102322794
v 0.138346195 1.76116467 -0.128908232
v 0.131810397 1.79671311 -0.105454795
v 0.138346195 1.76116467 -0.128908232
v 0.147475794 1.77161205 -0.102322794
v 0.126406804 1.79426956 -0.130721718
v 0.12893039 1.82900989 -0.109218024
v 0.12537539 1.82349586 -0.129390955
v 0.100976393 1.82972133 -0.129775375
v 0.12537539 1.82349586 -0.129390955
v 0.12893039 1.82900989 -0.109218024
v 0.103631392 1.83228362 -0.108396873
v 0.0794249922 1.8584255 -0.129865527
v 0.0828360021 1.85787642 -0.103644811
v 0.0851075947 1.88798761 -0.103428364
v 0.0774593949 1.88332736 -0.128499404
v 0.0851075947 1.88798761 -0.103428364
v 0.0511595979 1.89163148 -0.130180776
v 0.0774593949 1.88332736 -0.128499404
v 0.0574649982 1.89653718 -0.102234952
v 0.0411209948 1.91888571 -0.090931125
v 0.030353399 1.91114783 -0.129548833
v 0.0275111981 1.94553542 -0.123405218
v 0.0461231992 1.92303169 -0.0171125997
v 0.035609398 1.94871771 -0.0195911992
v 0.175793394 1.75885916 0.0159191992
v 0.171030596 1.7572571 0.0563219972
v 0.130532399 1.69142401 0.0587771945
v 0.133527592 1.70062912 -0.0194561984
v 0.173937604 1.76364887 -0.102488399
v 0.135100797 1.71190429 -0.0870479941
v 0.171030596 1.7572571 0.0563219972
v 0.0791945979 1.74315774 0.0674747974
v 0.130532399 1.69142401 0.0587771945
v 0.145996198 1.7613647 0.0701963976
v 0.133412391 1.77269757 0.071632795
v 0.125828996 1.79473484 0.0713159963
v 0.127391398 1.82712603 0.0715355948
v 0.0467333943 1.7892828 0.0680849999
v 0.0994805992 1.83698273 0.070518598
v 0.0146501996 1.8306917 0.0566387959
v 0.0841085985 1.85612929 0.0671471953
v 0.084477596 1.88965619 0.0671022013
v 0.0548423976 1.8911196 0.0669941977
v 0.102009594 1.73501813 -0.0895427912
v 0.173937604 1.76364887 -0.102488399
v 0.135100797 1.71190429 -0.0870479941
v 0.147475794 1.77161205 -0.102322794
v 0.131810397 1.79671311 -0.105454795
v 0.12893039 1.82900989 -0.109218024
v 0.0496277995 1.79129875 -0.0911951959
v 0.103631392 1.83228362 -0.108396873
v 0.0168372001 1.8340019 -0.088943392
v 0.0828360021 1.85787642 -0.103644811
v 0.0851075947 1.88798761 -0.103428364
v 0.0574649982 1.89653718 -0.102234952
v 0.0168372001 1.8340019 -0.088943392
v 0.0467333943 1.7892828 0.0680849999
v 0.0146501996 1.8306917 0.0566387959
v 0.0496277995 1.79129875 -0.0911951959
v 0.102009594 1.73501813 -0.0895427912
v 0.0791945979 1.74315774 0.0674747974
v 0.135100797 1.71190429 -0.0870479941
v 0.133527592 1.70062912 -0.0194561984
v 0.130532399 1.69142401 0.0587771945
v -0.0911339968 1.86984539 0.0866016001
v -0.0879389942 1.88561153 0.0839466006
v -0.087578997 1.87797415 0.085458599
v -0.0993383899 1.87454331 0.0851418003
v -0.0929501951 1.91132987 0.0797723979
v -0.0934613943 1.83613491 0.0912077948
v -0.123955198 1.88863194 0.0807569921
v -0.106333196 1.84490097 0.0867887959
v -0.0959021971 1.8074826 0.0924479961
v -0.114103794 1.82529521 0.0873089954
v -0.154400393 1.85961223 0.0836549997
v -0.094593592 1.80240464 0.0968453959
v -0.161166593 1.86035573 0.0856997967
v -0.117235795 1.82345569 0.093779996
v -0.143062189 1.94628763 -0.0636677966
v -0.178140596 1.96743596 -0.0776051953
v -0.147068992 1.94854498 -0.0705293939
v -0.168785989 1.95881748 -0.0620315969
v -0.198077396 1.97350907 -0.0705419928
v -0.187649995 1.96314287 -0.0531557985
v -0.197299778 1.96593463 -0.0464201979
v -0.207714587 1.97432446 -0.0629549995
v -0.20980078 1.96727931 -0.0241326001
v -0.223376378 1.97061646 -0.0298835989
v -0.222182989 1.97149479 0.00839519966
v -0.210688189 1.96914232 0.00223560003
v -0.174292207 1.97244883 0.043462798
v -0.200275198 1.97731078 0.0465120003
v -0.182107791 1.97649884 0.057509996
v -0.160547391 1.96571863 0.0443771966
v -0.164636984 1.97235179 0.0593639985
v -0.128546998 1.94473255 0.0447839983
v -0.0347543992 1.44881952 -0.119366162
v -0.0347543992 1.43921566 -0.118863173
v 3.5999617E-06 1.43586564 -0.123167187
v 3.59994851E-06 1.44546843 -0.123740204
v 3.59994851E-06 1.44546843 -0.123740204
v 3.5999617E-06 1.43586564 -0.123167187
v 0.0347616002 1.43921566 -0.118863173
v 0.0347616002 1.44881952 -0.119366162
v -0.0702359974 1.4467895 -0.0561653972
v -0.0702359974 1.43717754 -0.0561653972
v -0.0347543992 1.43921566 -0.118863173
v -0.0347543992 1.44881952 -0.119366162
v 0.0347616002 1.44881952 -0.119366162
v 0.0347616002 1.43921566 -0.118863173
v 0.0702431947 1.43717754 -0.0561653972
v 0.0702431947 1.4467895 -0.0561653972
v 0.0702431947 1.4467895 -0.0561653972
v 0.0702431947 1.43717754 -0.0561653972
v 0.0592865981 1.4239223 0.00850859936
v 0.0592865981 1.43353438 0.00850859936
v -0.0592793971 1.43353438 0.00850859936
v -0.0592793971 1.4239223 0.00850859936
v -0.0702359974 1.43717754 -0.0561653972
v -0.0702359974 1.4467895 -0.0561653972
v 0.0592865981 1.43353438 0.00850859936
v 0.0592865981 1.4239223 0.00850859936
v 0.00063179998 1.40044129 0.0540557951
v 0.00063179998 1.41005147 0.0540557951
v 0.00063179998 1.41005147 0.0540557951
v 0.00063179998 1.40044129 0.0540557951
v -0.0592793971 1.4239223 0.00850859936
v -0.0592793971 1.43353438 0.00850859936
v -0.0347543992 1.43921566 -0.118863173
v 0.000539123896 1.434479 -0.104157783
v 3.5999617E-06 1.43586564 -0.123167187
v -0.0319144763 1.43777728 -0.101723626
v -0.0702359974 1.43717754 -0.0561653972
v -0.0655356348 1.43630207 -0.0535436235
v 0.00063179998 1.40044129 0.0540557951
v -0.00546094636 1.40445256 0.0350463986
v -0.0558862202 1.42416501 -0.00246687792
v -0.0592793971 1.4239223 0.00850859936
v -0.0592793971 1.4239223 0.00850859936
v -0.0558862202 1.42416501 -0.00246687792
v -0.0655356348 1.43630207 -0.0535436235
v -0.0702359974 1.43717754 -0.0561653972
v 3.5999617E-06 1.43586564 -0.123167187
v 0.000539123896 1.434479 -0.104157783
v 0.0329495892 1.4374671 -0.0999618471
v 0.0347616002 1.43921566 -0.118863173
v 0.0539180972 1.43567514 -0.0499833934
v 0.0702431947 1.43717754 -0.0561653972
v 0.0702431947 1.43717754 -0.0561653972
v 0.0539180972 1.43567514 -0.0499833934
v 0.0431207195 1.42363596 0.000537999091
v 0.0592865981 1.4239223 0.00850859936
v 0.0592865981 1.4239223 0.00850859936
v 0.0431207195 1.42363596 0.000537999091
v -0.00546094636 1.40445256 0.0350463986
v 0.00063179998 1.40044129 0.0540557951
v -0.0319144763 1.43777728 -0.101723626
v -0.0394863747 1.39948928 -0.114700705
v -0.00703408197 1.39534688 -0.116955623
v 0.000539123896 1.434479 -0.104157783
v 0.0252152085 1.39010549 -0.112770021
v 0.0329495892 1.4374671 -0.0999618471
v 0.0449857935 1.37747395 -0.0640107989
v 0.0539180972 1.43567514 -0.0499833934
v 0.0330747738 1.37089968 -0.0148460288
v 0.0431207195 1.42363596 0.000537999091
v -0.0111414194 1.37319076 0.018604191
v -0.00546094636 1.40445256 0.0350463986
v -0.0656550378 1.38690472 -0.0181389637
v -0.0558862202 1.42416501 -0.00246687792
v -0.074139595 1.39643705 -0.0679123178
v -0.0655356348 1.43630207 -0.0535436235
v -0.0394863747 1.39948928 -0.114700705
v -0.0319144763 1.43777728 -0.101723626
v -0.0284561981 1.71534228 0.117955796
v -0.0342143998 1.73563731 0.107467189
v -0.0249569993 1.71672285 0.108122401
v -0.0173735991 1.69732428 0.108070195
v -0.0363185965 1.73329186 0.116002798
v -0.0428057984 1.7410841 0.106975794
v -0.0204713996 1.69651794 0.112417191
v -0.0187379997 1.68825054 0.1084572
v -0.0233459994 1.685817 0.108800992
v -0.0326268002 1.71393108 0.120878994
v -0.0420084 1.73682535 0.115644589
v -0.0525689982 1.73786032 0.106091999
v -0.0244763978 1.69453788 0.115520395
v -0.0401093997 1.7314055 0.119073592
v -0.0486359969 1.73433959 0.1147338
v -0.0294353999 1.69500232 0.115984797
v -0.0278117992 1.68541551 0.108298801
v -0.0378017984 1.71129239 0.120173395
v -0.0328247994 1.69515002 0.113705993
v -0.0340343975 1.69018555 0.107458197
v -0.0409283973 1.70856535 0.116524793
v -0.040348798 1.69705784 0.106873192
v -0.0460079983 1.72815108 0.118602
v -0.0496313944 1.72555745 0.114879593
v -0.0543473959 1.72631872 0.106603198
v 0.0285551995 1.71545756 0.117892794
v 0.0250883996 1.7168256 0.108153
v 0.0342593975 1.73555815 0.107504994
v 0.0175787993 1.69761229 0.108102597
v 0.0363419987 1.73323619 0.1159596
v 0.0427679978 1.74095261 0.107017197
v 0.0206459984 1.69681323 0.112406395
v 0.0187451988 1.68825054 0.1084572
v 0.0233531985 1.685817 0.108800992
v 0.0326339975 1.71393108 0.120878994
v 0.0419777967 1.73673534 0.115603194
v 0.052437596 1.73776126 0.106142394
v 0.0244836006 1.69453788 0.115520395
v 0.040116597 1.7314055 0.119073592
v 0.048542399 1.73427296 0.114701398
v 0.029442599 1.69500232 0.115984797
v 0.0278190002 1.68541551 0.108298801
v 0.0378089994 1.71129239 0.120173395
v 0.0328320004 1.69515002 0.113705993
v 0.0340415984 1.69018555 0.107458197
v 0.0409355983 1.70856535 0.116524793
v 0.040355999 1.69705784 0.106873192
v 0.0460151993 1.72815108 0.118602
v 0.0495269969 1.72557342 0.114847198
v 0.0541979969 1.72632766 0.106650002
v 0.0140633993 1.66662896 0.107893795
v 3.59999967E-06 1.67888331 0.156745806
v 3.59999967E-06 1.66840374 0.108667791
v -0.0140561992 1.66662896 0.107893795
v 0.0177245997 1.67759812 0.154870197
v 3.59999967E-06 1.6694442 0.184805989
v 0.0268937983 1.66541219 0.107688591
v -0.0177173987 1.67759812 0.154870197
v -0.0268865991 1.66541219 0.107688591
v 0.0342720002 1.67216933 0.142138794
v 0.0532781966 1.64834452 0.107899196
v -0.0342647992 1.67216933 0.142138794
v -0.0532709993 1.64834452 0.107899196
v -0.0149777988 1.66818416 0.183922201
v 0.0149849989 1.66818416 0.183922201
v 0.0571805984 1.65177524 0.134175584
v 0.060290996 1.62865615 0.108372591
v -0.0571733974 1.65177524 0.134175584
v -0.0602837987 1.62865615 0.108372591
v -0.0320345983 1.66901743 0.172492191
v -0.0568655953 1.65231538 0.157939196
v -0.0629927963 1.63137054 0.129425392
v -0.0153449997 1.64919043 0.192256182
v -0.0506933965 1.61258757 0.138861001
v -0.0588599965 1.61158311 0.118112393
v -0.060298197 1.628757 0.149967
v -0.0360395983 1.64990151 0.183113992
v -0.0429623984 1.62619734 0.17432639
v -0.0409697965 1.60720015 0.150957003
v -0.0399059989 1.60389173 0.136670396
v -0.0203328002 1.62054896 0.183239996
v -0.0210095979 1.60197115 0.161522999
v -0.0177822001 1.59759164 0.145367995
v 3.59999967E-06 1.5962435 0.149230793
v 3.59999967E-06 1.64957035 0.193782598
v 3.59999967E-06 1.61829531 0.185175002
v 3.59999967E-06 1.59968507 0.164078996
v 0.0210167989 1.60197115 0.161522999
v 0.0177893993 1.59759164 0.145367995
v 0.0399131998 1.60389173 0.136670396
v 0.0153521998 1.64919043 0.192256182
v 0.0203399993 1.62054896 0.183239996
v 0.0409769975 1.60720015 0.150957003
v 0.0588671975 1.61158311 0.118112393
v 0.0429695994 1.62619734 0.17432639
v 0.0507005975 1.61258757 0.138861001
v 0.0320417993 1.66901743 0.172492191
v 0.0360467993 1.64990151 0.183113992
v 0.0568727963 1.65231538 0.157939196
v 0.0629999936 1.63137054 0.129425392
v 0.060305398 1.628757 0.149967
v -0.0719135925 1.59820378 0.0833687931
v -0.0291329995 1.58543634 0.118330196
v -0.0376055986 1.59923685 0.0838745981
v 3.59999967E-06 1.60403574 0.083586596
v -0.0617651977 1.58832347 0.104840994
v -0.078427799 1.59096956 0.101176195
v -0.0516167954 1.57844508 0.125332192
v -0.0206603985 1.57163572 0.143717393
v 3.59999967E-06 1.56949019 0.144617394
v 3.59999967E-06 1.58150697 0.117302395
v 0.0291401986 1.58543634 0.118330196
v 0.0376127996 1.59923685 0.0838745981
v 0.0206675995 1.57163572 0.143717393
v 0.0719207972 1.59820378 0.0833687931
v 0.0617723949 1.58832347 0.104840994
v 0.0516240001 1.57844508 0.125332192
v 0.0784349963 1.59096956 0.101176195
v -0.0261413977 1.48649931 0.0970739946
v -0.029530799 1.48535454 0.083559595
v -0.0292013995 1.49609339 0.083100602
v -0.0220607985 1.50761163 0.0832338035
v -0.0218825992 1.46514225 0.0839105919
v -0.0223289989 1.49557137 0.0982907936
v -0.00797579996 1.50877619 0.0831365958
v -0.0197315998 1.47482097 0.100841396
v -0.0193338003 1.4584049 0.0955583975
v -0.0133199999 1.46314251 0.104608797
v 3.59999967E-06 1.44688499 0.0931229964
v -0.0119519988 1.49918759 0.0997703969
v 3.59999967E-06 1.50443268 0.0832067952
v -0.0166445989 1.48131537 0.105024599
v -0.00848700013 1.47905636 0.106864199
v 3.59999967E-06 1.45451701 0.103215598
v 3.59999967E-06 1.477422 0.105886795
v 3.59999967E-06 1.49560559 0.0979487896
v 0.0119591989 1.49918759 0.0997703969
v 0.00798300002 1.50877619 0.0831365958
v 0.0133272 1.46314251 0.104608797
v 0.0193409994 1.4584049 0.0955583975
v 0.00849419925 1.47905636 0.106864199
v 0.0223361999 1.49557137 0.0982907936
v 0.0220679976 1.50761163 0.0832338035
v 0.0197388008 1.47482097 0.100841396
v 0.0218897983 1.46514225 0.0839105919
v 0.0166517999 1.48131537 0.105024599
v 0.0261485986 1.48649931 0.0970739946
v 0.0292085987 1.49609339 0.083100602
v 0.029538 1.48535454 0.083559595
vt 0.248046875 0.707519531
vt 0.259521484 0.71484375
vt 0.284423828 0.677246094
vt 0.510742188 0.601074219
vt 0.515625 0.595703125
vt 0.494140625 0.595214844
vt 0.516113281 0.560058594
vt 0.51171875 0.554199219
vt 0.494873047 0.560058594
vt 0.300048828 0.942382812
vt 0.309082031 0.932617188
vt 0.309082031 0.915527344
vt 0.244750977 0.689453125
vt 0.248046875 0.707519531
vt 0.284423828 0.677246094
vt 0.243041992 0.702148438
vt 0.240112305 0.715820312
vt 0.248413086 0.734863281
vt 0.257080078 0.719238281
vt 0.260009766 0.729003906
vt 0.259521484 0.71484375
vt 0.263671875 0.7265625
vt 0.274902344 0.760742188
vt 0.250732422 0.750488281
vt 0.240844727 0.762695312
vt 0.244506836 0.778808594
vt 0.286621094 0.795898438
vt 0.252441406 0.8046875
vt 0.266601562 0.81640625
vt 0.231811523 0.812988281
vt 0.258789062 0.829101562
vt 0.252197266 0.844238281
vt 0.220092773 0.845703125
vt 0.250732422 0.865234375
vt 0.235351562 0.874511719
vt 0.178833008 0.848632812
vt 0.180053711 0.881347656
vt 0.224365234 0.890136719
vt 0.221923828 0.907226562
vt 0.207397461 0.912597656
vt 0.196655273 0.920898438
vt 0.215454102 0.788085938
vt 0.137573242 0.852539062
vt 0.150390625 0.882324219
vt 0.15637207 0.829589844
vt 0.149902344 0.83203125
vt 0.142456055 0.829589844
vt 0.139404297 0.822753906
vt 0.161743164 0.8203125
vt 0.177734375 0.916992188
vt 0.17199707 0.9375
vt 0.186157227 0.937988281
vt 0.151977539 0.934082031
vt 0.154174805 0.916503906
vt 0.126708984 0.909179688
vt 0.125 0.927734375
vt 0.128540039 0.903808594
vt 0.126098633 0.899414062
vt 0.124572754 0.879882812
vt 0.12121582 0.86328125
vt 0.105773926 0.854492188
vt 0.107421875 0.873535156
vt 0.0825805664 0.891601562
vt 0.0731811523 0.867675781
vt 0.121582031 0.82421875
vt 0.145141602 0.807128906
vt 0.0936279297 0.841308594
vt 0.0675048828 0.845214844
vt 0.0999755859 0.821777344
vt 0.065612793 0.826171875
vt 0.131103516 0.798339844
vt 0.100097656 0.796875
vt 0.0654296875 0.790039062
vt 0.150756836 0.793457031
vt 0.149169922 0.805175781
vt 0.153564453 0.803710938
vt 0.0989990234 0.781738281
vt 0.162719727 0.798339844
vt 0.157836914 0.805175781
vt 0.162719727 0.807128906
vt 0.174316406 0.799316406
vt 0.12121582 0.784667969
vt 0.132446289 0.779296875
vt 0.127319336 0.764160156
vt 0.175048828 0.806152344
vt 0.17565918 0.811523438
vt 0.165039062 0.810546875
vt 0.18737793 0.803710938
vt 0.185180664 0.795410156
vt 0.191650391 0.80078125
vt 0.19543457 0.798828125
vt 0.186035156 0.808105469
vt 0.1953125 0.788085938
vt 0.199951172 0.798828125
vt 0.191040039 0.817382812
vt 0.204467773 0.800292969
vt 0.176391602 0.819335938
vt 0.197998047 0.825683594
vt 0.204833984 0.826660156
vt 0.211547852 0.822753906
vt 0.213378906 0.814941406
vt 0.220825195 0.771484375
vt 0.208496094 0.768554688
vt 0.208740234 0.752441406
vt 0.239868164 0.752929688
vt 0.221069336 0.76171875
vt 0.235107422 0.746582031
vt 0.223388672 0.751464844
vt 0.241210938 0.732910156
vt 0.229858398 0.740234375
vt 0.23425293 0.72265625
vt 0.210571289 0.744628906
vt 0.224243164 0.7421875
vt 0.233032227 0.731933594
vt 0.20690918 0.735839844
vt 0.204589844 0.737792969
vt 0.204345703 0.724121094
vt 0.227905273 0.727050781
vt 0.220703125 0.72265625
vt 0.22265625 0.717285156
vt 0.22253418 0.732421875
vt 0.217041016 0.738769531
vt 0.212158203 0.732421875
vt 0.212646484 0.728027344
vt 0.21496582 0.718261719
vt 0.206787109 0.706542969
vt 0.225952148 0.70703125
vt 0.2265625 0.699707031
vt 0.226806641 0.69140625
vt 0.208374023 0.691894531
vt 0.195800781 0.668945312
vt 0.208251953 0.664550781
vt 0.219970703 0.658691406
vt 0.183349609 0.651855469
vt 0.190551758 0.645019531
vt 0.173583984 0.630859375
vt 0.196655273 0.638183594
vt 0.170532227 0.637695312
vt 0.159057617 0.635253906
vt 0.176635742 0.625
vt 0.146118164 0.630371094
vt 0.145385742 0.625976562
vt 0.120300293 0.640136719
vt 0.144042969 0.618652344
vt 0.115600586 0.635253906
vt 0.135375977 0.639160156
vt 0.125488281 0.645507812
vt 0.100830078 0.654296875
vt 0.117919922 0.662597656
vt 0.108825684 0.658691406
vt 0.0852050781 0.681152344
vt 0.0983276367 0.682617188
vt 0.111877441 0.682617188
vt 0.0717773438 0.719726562
vt 0.0902099609 0.714355469
vt 0.107910156 0.708496094
vt 0.114624023 0.720703125
vt 0.0935058594 0.721679688
vt 0.0794067383 0.73046875
vt 0.0969848633 0.727539062
vt 0.071472168 0.755859375
vt 0.0675048828 0.754394531
vt 0.0833129883 0.759277344
vt 0.0869140625 0.739746094
vt 0.0858154297 0.7734375
vt 0.103393555 0.735839844
vt 0.0972900391 0.7734375
vt 0.118103027 0.776367188
vt 0.100219727 0.766113281
vt 0.0941162109 0.744140625
vt 0.106994629 0.740234375
vt 0.110900879 0.734375
vt 0.122924805 0.736816406
vt 0.0900878906 0.755859375
vt 0.112915039 0.767578125
vt 0.101379395 0.746582031
vt 0.103271484 0.759277344
vt 0.0979003906 0.752441406
vt 0.109375 0.759277344
vt 0.12310791 0.7578125
vt 0.123901367 0.748046875
vt 0.126831055 0.749023438
vt 0.108215332 0.75
vt 0.115112305 0.75390625
vt 0.117919922 0.74609375
vt 0.116088867 0.742675781
vt 0.515625 0.595703125
vt 0.517089844 0.577636719
vt 0.494140625 0.595214844
vt 0.516113281 0.560058594
vt 0.494873047 0.560058594
vt 0.129272461 0.975097656
vt 0.125976562 0.997558594
vt 0.156616211 0.995605469
vt 0.151977539 0.934082031
vt 0.17199707 0.9375
vt 0.186157227 0.937988281
vt 0.188720703 0.993164062
vt 0.125 0.927734375
vt 0.114624023 0.954589844
vt 0.104919434 0.947753906
vt 0.119628906 0.924316406
vt 0.102416992 0.911132812
vt 0.095703125 0.94140625
vt 0.123291016 0.909179688
vt 0.126708984 0.909179688
vt 0.0864868164 0.893066406
vt 0.128540039 0.903808594
vt 0.124084473 0.905273438
vt 0.0725097656 0.930664062
vt 0.0498962402 0.932128906
vt 0.0389099121 0.923828125
vt 0.0825805664 0.891601562
vt 0.0322875977 0.91796875
vt 0.0731811523 0.867675781
vt 0.0196075439 0.895996094
vt 0.0675048828 0.845214844
vt 0.00969696045 0.862304688
vt 0.065612793 0.826171875
vt 0.00410079956 0.832519531
vt 0.0654296875 0.790039062
vt 0.00270080566 0.78515625
vt 0.0675048828 0.754394531
vt 0.00609970093 0.748535156
vt 0.0717773438 0.719726562
vt 0.0130996704 0.710449219
vt 0.0852050781 0.681152344
vt 0.0331115723 0.653320312
vt 0.0596008301 0.612792969
vt 0.100830078 0.654296875
vt 0.115600586 0.635253906
vt 0.106079102 0.615234375
vt 0.144042969 0.618652344
vt 0.0927124023 0.606445312
vt 0.0567016602 0.594238281
vt 0.141967773 0.60546875
vt 0.141601562 0.6015625
vt 0.188842773 0.590332031
vt 0.178955078 0.603027344
vt 0.176635742 0.625
vt 0.222412109 0.5859375
vt 0.218994141 0.567382812
vt 0.196655273 0.638183594
vt 0.219970703 0.658691406
vt 0.260498047 0.615722656
vt 0.284423828 0.677246094
vt 0.244750977 0.689453125
vt 0.297119141 0.902832031
vt 0.297363281 0.90234375
vt 0.290039062 0.885742188
vt 0.297607422 0.911621094
vt 0.299804688 0.912597656
vt 0.297119141 0.920898438
vt 0.299316406 0.921386719
vt 0.294677734 0.938964844
vt 0.291503906 0.937011719
vt 0.287353516 0.951660156
vt 0.284423828 0.94921875
vt 0.276367188 0.959960938
vt 0.277832031 0.962402344
vt 0.271240234 0.963378906
vt 0.275634766 0.964355469
vt 0.265625 0.965820312
vt 0.270751953 0.969238281
vt 0.252929688 0.973144531
vt 0.252197266 0.966308594
vt 0.228149414 0.962890625
vt 0.227661133 0.96484375
vt 0.253173828 0.979980469
vt 0.321289062 0.879394531
vt 0.314208984 0.874023438
vt 0.296630859 0.875488281
vt 0.321289062 0.872558594
vt 0.330810547 0.870117188
vt 0.335205078 0.872558594
vt 0.344726562 0.868164062
vt 0.337890625 0.8671875
vt 0.354980469 0.859375
vt 0.351318359 0.858886719
vt 0.168945312 0.643554688
vt 0.163574219 0.640136719
vt 0.167236328 0.650878906
vt 0.166992188 0.657226562
vt 0.173583984 0.647460938
vt 0.163574219 0.662597656
vt 0.1796875 0.654296875
vt 0.173339844 0.673828125
vt 0.193237305 0.669433594
vt 0.15612793 0.664550781
vt 0.202026367 0.69140625
vt 0.154052734 0.67578125
vt 0.151733398 0.662597656
vt 0.148071289 0.665527344
vt 0.135131836 0.680175781
vt 0.140380859 0.666503906
vt 0.177612305 0.685546875
vt 0.197753906 0.699707031
vt 0.179321289 0.698242188
vt 0.158325195 0.69921875
vt 0.15612793 0.6875
vt 0.135253906 0.692382812
vt 0.137939453 0.704589844
vt 0.120910645 0.711914062
vt 0.114074707 0.706054688
vt 0.114807129 0.682617188
vt 0.122314453 0.663574219
vt 0.125854492 0.655273438
vt 0.135253906 0.662109375
vt 0.12878418 0.649902344
vt 0.133056641 0.656738281
vt 0.1328125 0.645507812
vt 0.278320312 0.994628906
vt 0.2734375 0.979980469
vt 0.253173828 0.979980469
vt 0.300537109 0.994628906
vt 0.296630859 0.982421875
vt 0.282958984 0.972167969
vt 0.328613281 0.983398438
vt 0.287109375 0.966796875
vt 0.307861328 0.971191406
vt 0.340576172 0.963378906
vt 0.297119141 0.967285156
vt 0.301513672 0.94921875
vt 0.293945312 0.954589844
vt 0.300048828 0.942382812
vt 0.309082031 0.932617188
vt 0.314697266 0.955566406
vt 0.345458984 0.938476562
vt 0.312011719 0.935546875
vt 0.309082031 0.915527344
vt 0.322998047 0.935546875
vt 0.319091797 0.923339844
vt 0.333496094 0.911621094
vt 0.314208984 0.900390625
vt 0.290039062 0.885742188
vt 0.3046875 0.90234375
vt 0.318603516 0.889160156
vt 0.3359375 0.897460938
vt 0.363037109 0.904296875
vt 0.321289062 0.879394531
vt 0.337890625 0.886230469
vt 0.296630859 0.875488281
vt 0.348632812 0.878417969
vt 0.388427734 0.88671875
vt 0.346435547 0.873535156
vt 0.335205078 0.872558594
vt 0.344726562 0.868164062
vt 0.354980469 0.859375
vt 0.357421875 0.861816406
vt 0.362304688 0.866699219
vt 0.373291016 0.851074219
vt 0.401611328 0.861328125
vt 0.368408203 0.845214844
vt 0.369628906 0.849121094
vt 0.379638672 0.840332031
vt 0.390625 0.834960938
vt 0.407714844 0.831054688
vt 0.375976562 0.821289062
vt 0.398193359 0.810546875
vt 0.383544922 0.792480469
vt 0.375976562 0.8359375
vt 0.363525391 0.844238281
vt 0.351318359 0.858886719
vt 0.367919922 0.838867188
vt 0.37109375 0.833007812
vt 0.371582031 0.802734375
vt 0.373291016 0.818847656
vt 0.357421875 0.782714844
vt 0.362792969 0.779296875
vt 0.366210938 0.8046875
vt 0.352783203 0.783203125
vt 0.360595703 0.803710938
vt 0.341796875 0.790527344
vt 0.337402344 0.797851562
vt 0.350097656 0.8125
vt 0.321777344 0.811035156
vt 0.370849609 0.818847656
vt 0.369628906 0.832519531
vt 0.361816406 0.822753906
vt 0.366699219 0.838378906
vt 0.336669922 0.823730469
vt 0.30078125 0.831542969
vt 0.358154297 0.825195312
vt 0.349121094 0.833496094
vt 0.362060547 0.843261719
vt 0.317871094 0.843261719
vt 0.28515625 0.854980469
vt 0.298828125 0.861816406
vt 0.277587891 0.864257812
vt 0.336914062 0.847167969
vt 0.347900391 0.859375
vt 0.327148438 0.855957031
vt 0.336425781 0.866210938
vt 0.337890625 0.8671875
vt 0.319091797 0.863769531
vt 0.329345703 0.869140625
vt 0.330810547 0.870117188
vt 0.321289062 0.872558594
vt 0.314453125 0.868164062
vt 0.321044922 0.872070312
vt 0.314208984 0.874023438
vt 0.314208984 0.873535156
vt 0.271484375 0.874511719
vt 0.276367188 0.906738281
vt 0.258300781 0.896484375
vt 0.265869141 0.933105469
vt 0.297119141 0.902832031
vt 0.245239258 0.919921875
vt 0.290283203 0.908203125
vt 0.297607422 0.911621094
vt 0.297119141 0.920898438
vt 0.288330078 0.916015625
vt 0.282958984 0.935058594
vt 0.291503906 0.937011719
vt 0.278564453 0.944824219
vt 0.284423828 0.94921875
vt 0.276367188 0.959960938
vt 0.258056641 0.958984375
vt 0.235839844 0.947753906
vt 0.269042969 0.95703125
vt 0.265380859 0.9609375
vt 0.271240234 0.963378906
vt 0.265625 0.965820312
vt 0.252197266 0.966308594
vt 0.228149414 0.962890625
vt 0.522460938 0.538085938
vt 0.5078125 0.504394531
vt 0.5078125 0.522460938
vt 0.529785156 0.530273438
vt 0.506347656 0.468261719
vt 0.556640625 0.551269531
vt 0.538085938 0.552246094
vt 0.592285156 0.551757812
vt 0.5546875 0.504882812
vt 0.520019531 0.426513672
vt 0.633300781 0.536621094
vt 0.578613281 0.479980469
vt 0.621582031 0.436279297
vt 0.53125 0.401855469
vt 0.657714844 0.524414062
vt 0.681640625 0.51171875
vt 0.7109375 0.489501953
vt 0.543457031 0.377929688
vt 0.699707031 0.467773438
vt 0.647460938 0.41015625
vt 0.565429688 0.348876953
vt 0.707519531 0.447998047
vt 0.716308594 0.434570312
vt 0.711425781 0.421386719
vt 0.579589844 0.332275391
vt 0.623046875 0.347167969
vt 0.600097656 0.318603516
vt 0.712890625 0.399658203
vt 0.675292969 0.376220703
vt 0.718261719 0.386474609
vt 0.711914062 0.373046875
vt 0.613769531 0.311279297
vt 0.708007812 0.357910156
vt 0.622558594 0.327392578
vt 0.625 0.326416016
vt 0.615722656 0.312011719
vt 0.637695312 0.309082031
vt 0.624023438 0.344970703
vt 0.636230469 0.365966797
vt 0.647949219 0.338378906
vt 0.635742188 0.362060547
vt 0.645507812 0.336181641
vt 0.650878906 0.333984375
vt 0.649902344 0.332519531
vt 0.661621094 0.312255859
vt 0.665039062 0.312255859
vt 0.689453125 0.351806641
vt 0.6796875 0.3203125
vt 0.696289062 0.331542969
vt 0.710449219 0.341552734
vt 0.454101562 0.495605469
vt 0.470214844 0.5078125
vt 0.5078125 0.522460938
vt 0.5078125 0.504394531
vt 0.456298828 0.458496094
vt 0.506347656 0.468261719
vt 0.468505859 0.407958984
vt 0.520019531 0.426513672
vt 0.53125 0.401855469
vt 0.481201172 0.37890625
vt 0.543457031 0.377929688
vt 0.496582031 0.351074219
vt 0.565429688 0.348876953
vt 0.520996094 0.314941406
vt 0.539550781 0.293701172
vt 0.579589844 0.332275391
vt 0.600097656 0.318603516
vt 0.565429688 0.273193359
vt 0.585449219 0.260253906
vt 0.613769531 0.311279297
vt 0.592773438 0.258300781
vt 0.615722656 0.312011719
vt 0.603515625 0.251708984
vt 0.62109375 0.26953125
vt 0.638671875 0.275390625
vt 0.637695312 0.309082031
vt 0.643554688 0.275878906
vt 0.650390625 0.275878906
vt 0.654296875 0.275878906
vt 0.667480469 0.275634766
vt 0.661621094 0.312255859
vt 0.665039062 0.312255859
vt 0.676757812 0.276855469
vt 0.694335938 0.272216797
vt 0.6796875 0.3203125
vt 0.725097656 0.285400391
vt 0.696289062 0.331542969
vt 0.750976562 0.304931641
vt 0.710449219 0.341552734
vt 0.567382812 0.604980469
vt 0.538085938 0.552246094
vt 0.5546875 0.588867188
vt 0.556640625 0.551269531
vt 0.604003906 0.6015625
vt 0.592285156 0.551757812
vt 0.66015625 0.604003906
vt 0.633300781 0.536621094
vt 0.657714844 0.524414062
vt 0.688964844 0.592773438
vt 0.681640625 0.51171875
vt 0.715820312 0.576660156
vt 0.7109375 0.489501953
vt 0.750976562 0.553222656
vt 0.263671875 0.7265625
vt 0.284423828 0.677246094
vt 0.259521484 0.71484375
vt 0.302001953 0.711425781
vt 0.314941406 0.744628906
vt 0.274902344 0.760742188
vt 0.325927734 0.788085938
vt 0.286621094 0.795898438
vt 0.323242188 0.800292969
vt 0.325927734 0.788085938
vt 0.286621094 0.795898438
vt 0.298583984 0.80859375
vt 0.266601562 0.81640625
vt 0.280517578 0.823242188
vt 0.258789062 0.829101562
vt 0.272216797 0.834960938
vt 0.266601562 0.850097656
vt 0.252197266 0.844238281
vt 0.260253906 0.870605469
vt 0.250732422 0.865234375
vt 0.168945312 0.643554688
vt 0.159057617 0.635253906
vt 0.163574219 0.640136719
vt 0.170532227 0.637695312
vt 0.173583984 0.647460938
vt 0.1796875 0.654296875
vt 0.183349609 0.651855469
vt 0.193237305 0.669433594
vt 0.195800781 0.668945312
vt 0.202026367 0.69140625
vt 0.208374023 0.691894531
vt 0.197753906 0.699707031
vt 0.206787109 0.706542969
vt 0.12878418 0.649902344
vt 0.1328125 0.645507812
vt 0.135375977 0.639160156
vt 0.125488281 0.645507812
vt 0.125854492 0.655273438
vt 0.122314453 0.663574219
vt 0.117919922 0.662597656
vt 0.114807129 0.682617188
vt 0.111877441 0.682617188
vt 0.114074707 0.706054688
vt 0.107910156 0.708496094
vt 0.120910645 0.711914062
vt 0.114624023 0.720703125
vt 0.204345703 0.724121094
vt 0.190063477 0.73046875
vt 0.204589844 0.737792969
vt 0.193359375 0.724609375
vt 0.206787109 0.706542969
vt 0.175415039 0.729003906
vt 0.190673828 0.717773438
vt 0.173950195 0.725585938
vt 0.172363281 0.721191406
vt 0.163696289 0.730957031
vt 0.162353516 0.722167969
vt 0.163330078 0.728515625
vt 0.15234375 0.729003906
vt 0.15234375 0.724121094
vt 0.15222168 0.732910156
vt 0.133666992 0.7265625
vt 0.133544922 0.733886719
vt 0.114624023 0.720703125
vt 0.138549805 0.73828125
vt 0.122924805 0.736816406
vt 0.126831055 0.749023438
vt 0.260253906 0.870605469
vt 0.250732422 0.865234375
vt 0.235351562 0.874511719
vt 0.246459961 0.883789062
vt 0.224365234 0.890136719
vt 0.239257812 0.896484375
vt 0.231567383 0.915527344
vt 0.221923828 0.907226562
vt 0.207397461 0.912597656
vt 0.231567383 0.915527344
vt 0.221923828 0.907226562
vt 0.215820312 0.925292969
vt 0.203857422 0.940917969
vt 0.196655273 0.920898438
vt 0.186157227 0.937988281
vt 0.205200195 0.98828125
vt 0.188720703 0.993164062
vt 0.121887207 0.882324219
vt 0.12121582 0.86328125
vt 0.120117188 0.866210938
vt 0.124572754 0.879882812
vt 0.122497559 0.900878906
vt 0.126098633 0.899414062
vt 0.7109375 0.489501953
vt 0.750976562 0.553222656
vt 0.760742188 0.548339844
vt 0.72265625 0.489257812
vt 0.718261719 0.469238281
vt 0.699707031 0.467773438
vt 0.720703125 0.453125
vt 0.699707031 0.467773438
vt 0.718261719 0.469238281
vt 0.707519531 0.447998047
vt 0.7265625 0.434814453
vt 0.716308594 0.434570312
vt 0.711425781 0.421386719
vt 0.716308594 0.434570312
vt 0.7265625 0.434814453
vt 0.723632812 0.420410156
vt 0.712890625 0.399658203
vt 0.7265625 0.402587891
vt 0.731933594 0.385986328
vt 0.718261719 0.386474609
vt 0.731933594 0.385986328
vt 0.711914062 0.373046875
vt 0.718261719 0.386474609
vt 0.727539062 0.368896484
vt 0.73046875 0.349121094
vt 0.708007812 0.357910156
vt 0.710449219 0.341552734
vt 0.762207031 0.317626953
vt 0.750976562 0.304931641
vt 0.434570312 0.580566406
vt 0.43359375 0.590332031
vt 0.451416016 0.595214844
vt 0.452880859 0.576171875
vt 0.440185547 0.552734375
vt 0.454589844 0.559570312
vt 0.454345703 0.613769531
vt 0.46875 0.596679688
vt 0.451416016 0.595214844
vt 0.460449219 0.610839844
vt 0.465087891 0.610839844
vt 0.471191406 0.61328125
vt 0.477783203 0.618164062
vt 0.481689453 0.597167969
vt 0.484130859 0.613769531
vt 0.494140625 0.595214844
vt 0.490478516 0.612792969
vt 0.497314453 0.616699219
vt 0.500976562 0.611328125
vt 0.464111328 0.559570312
vt 0.455810547 0.54296875
vt 0.454589844 0.559570312
vt 0.462158203 0.545898438
vt 0.469482422 0.543945312
vt 0.476318359 0.5390625
vt 0.482177734 0.559570312
vt 0.481445312 0.54296875
vt 0.494873047 0.560058594
vt 0.489746094 0.543457031
vt 0.495117188 0.5390625
vt 0.500488281 0.54296875
vt 0.494873047 0.560058594
vt 0.481689453 0.597167969
vt 0.494140625 0.595214844
vt 0.482177734 0.559570312
vt 0.464111328 0.559570312
vt 0.46875 0.596679688
vt 0.454589844 0.559570312
vt 0.452880859 0.576171875
vt 0.451416016 0.595214844
vt 0.122497559 0.900878906
vt 0.123291016 0.909179688
vt 0.124084473 0.905273438
vt 0.11730957 0.903320312
vt 0.119628906 0.924316406
vt 0.121887207 0.882324219
vt 0.102416992 0.911132812
vt 0.114074707 0.887207031
vt 0.120117188 0.866210938
vt 0.110229492 0.876464844
vt 0.0864868164 0.893066406
vt 0.12121582 0.86328125
vt 0.0825805664 0.891601562
vt 0.107421875 0.873535156
vt 0.253173828 0.979980469
vt 0.270751953 0.969238281
vt 0.252929688 0.973144531
vt 0.2734375 0.979980469
vt 0.275634766 0.964355469
vt 0.282958984 0.972167969
vt 0.287109375 0.966796875
vt 0.277832031 0.962402344
vt 0.293945312 0.954589844
vt 0.287353516 0.951660156
vt 0.294677734 0.938964844
vt 0.300048828 0.942382812
vt 0.309082031 0.915527344
vt 0.299316406 0.921386719
vt 0.299804688 0.912597656
vt 0.3046875 0.90234375
vt 0.297363281 0.90234375
vt 0.290039062 0.885742188
vt 0.5078125 0.522460938
vt 0.504882812 0.52734375
vt 0.518554688 0.541503906
vt 0.522460938 0.538085938
vt 0.522460938 0.538085938
vt 0.518554688 0.541503906
vt 0.533203125 0.555175781
vt 0.538085938 0.552246094
vt 0.470214844 0.5078125
vt 0.46875 0.512695312
vt 0.504882812 0.52734375
vt 0.5078125 0.522460938
vt 0.538085938 0.552246094
vt 0.533203125 0.555175781
vt 0.549316406 0.590820312
vt 0.5546875 0.588867188
vt 0.218994141 0.567382812
vt 0.214355469 0.564453125
vt 0.184204102 0.586425781
vt 0.188842773 0.590332031
vt 0.0927124023 0.606445312
vt 0.0958862305 0.601074219
vt 0.0602111816 0.58984375
vt 0.0567016602 0.594238281
vt 0.188842773 0.590332031
vt 0.184204102 0.586425781
vt 0.14074707 0.596191406
vt 0.141601562 0.6015625
vt 0.141601562 0.6015625
vt 0.14074707 0.596191406
vt 0.0958862305 0.601074219
vt 0.0927124023 0.606445312
vt 0.150756836 0.580566406
vt 0.152832031 0.5859375
vt 0.152832031 0.5859375
vt 0.150756836 0.580566406
vt 0.139038086 0.576660156
vt 0.139038086 0.576660156
vt 0.12322998 0.592773438
vt 0.12322998 0.592773438
vt 0.128662109 0.581054688
vt 0.128662109 0.581054688
vt 0.128662109 0.581054688
vt 0.128662109 0.581054688
vt 0.139038086 0.576660156
vt 0.139038086 0.576660156
vt 0.152832031 0.5859375
vt 0.152832031 0.5859375
vt 0.153320312 0.591796875
vt 0.153320312 0.591796875
vt 0.144165039 0.600097656
vt 0.144165039 0.600097656
vt 0.144165039 0.600097656
vt 0.144165039 0.600097656
vt 0.13293457 0.600585938
vt 0.13293457 0.600585938
vt 0.13293457 0.600585938
vt 0.13293457 0.600585938
vt 0.12322998 0.592773438
vt 0.12322998 0.592773438
vt 0.0459899902 0.446777344
vt 0.0415649414 0.453613281
vt 0.0512390137 0.458007812
vt 0.0557556152 0.450683594
vt 0.0609741211 0.462158203
vt 0.0662231445 0.452636719
vt 0.0780029297 0.470947266
vt 0.0846557617 0.458251953
vt 0.0922241211 0.479248047
vt 0.0986328125 0.468017578
vt 0.109313965 0.491699219
vt 0.111816406 0.485839844
vt 0.122131348 0.509277344
vt 0.127197266 0.502441406
vt 0.133300781 0.521484375
vt 0.139282227 0.515136719
vt 0.147827148 0.533691406
vt 0.153442383 0.52734375
vt 0.155883789 0.818359375
vt 0.15637207 0.829589844
vt 0.161743164 0.8203125
vt 0.165039062 0.810546875
vt 0.15246582 0.827148438
vt 0.149902344 0.83203125
vt 0.161621094 0.810058594
vt 0.162719727 0.807128906
vt 0.157836914 0.805175781
vt 0.152954102 0.817871094
vt 0.149658203 0.828613281
vt 0.142456055 0.829589844
vt 0.158203125 0.809082031
vt 0.150146484 0.826171875
vt 0.145751953 0.827636719
vt 0.154907227 0.809082031
vt 0.153564453 0.803710938
vt 0.150146484 0.81640625
vt 0.152099609 0.808105469
vt 0.149169922 0.805175781
vt 0.147949219 0.814941406
vt 0.145141602 0.807128906
vt 0.146850586 0.824707031
vt 0.144165039 0.823242188
vt 0.139404297 0.822753906
vt 0.196289062 0.814453125
vt 0.191040039 0.817382812
vt 0.197998047 0.825683594
vt 0.186035156 0.808105469
vt 0.201293945 0.822265625
vt 0.204833984 0.826660156
vt 0.189453125 0.807128906
vt 0.18737793 0.803710938
vt 0.191650391 0.80078125
vt 0.198974609 0.812988281
vt 0.204345703 0.822753906
vt 0.211547852 0.822753906
vt 0.192504883 0.805175781
vt 0.203491211 0.820800781
vt 0.207885742 0.821289062
vt 0.195556641 0.804199219
vt 0.19543457 0.798828125
vt 0.201538086 0.811035156
vt 0.198120117 0.803222656
vt 0.199951172 0.798828125
vt 0.20324707 0.80859375
vt 0.204467773 0.800292969
vt 0.206420898 0.818847656
vt 0.208740234 0.81640625
vt 0.213378906 0.814941406
vt 0.185180664 0.795410156
vt 0.171386719 0.778320312
vt 0.174316406 0.799316406
vt 0.162719727 0.798339844
vt 0.179443359 0.776367188
vt 0.169677734 0.766601562
vt 0.1953125 0.788085938
vt 0.162841797 0.778808594
vt 0.150756836 0.793457031
vt 0.189453125 0.77734375
vt 0.208496094 0.768554688
vt 0.153442383 0.782226562
vt 0.132446289 0.779296875
vt 0.165039062 0.766601562
vt 0.173950195 0.765136719
vt 0.199462891 0.763671875
vt 0.208740234 0.752441406
vt 0.139648438 0.772460938
vt 0.127319336 0.764160156
vt 0.158203125 0.770019531
vt 0.145751953 0.767089844
vt 0.132202148 0.76171875
vt 0.16394043 0.758300781
vt 0.135375977 0.747070312
vt 0.126831055 0.749023438
vt 0.138427734 0.7578125
vt 0.156738281 0.760742188
vt 0.149047852 0.752929688
vt 0.142456055 0.742675781
vt 0.138549805 0.73828125
vt 0.157470703 0.747070312
vt 0.153808594 0.738769531
vt 0.15222168 0.732910156
vt 0.163696289 0.730957031
vt 0.168212891 0.757324219
vt 0.165771484 0.744140625
vt 0.164428711 0.735351562
vt 0.17565918 0.735351562
vt 0.175415039 0.729003906
vt 0.190063477 0.73046875
vt 0.172241211 0.756835938
vt 0.174804688 0.744628906
vt 0.18762207 0.735839844
vt 0.204589844 0.737792969
vt 0.184692383 0.747558594
vt 0.196044922 0.73828125
vt 0.181640625 0.766601562
vt 0.180053711 0.757324219
vt 0.192626953 0.760253906
vt 0.203369141 0.750976562
vt 0.195922852 0.749511719
vt 0.120910645 0.711914062
vt 0.144775391 0.717285156
vt 0.137939453 0.704589844
vt 0.158325195 0.69921875
vt 0.125244141 0.720214844
vt 0.114624023 0.720703125
vt 0.133666992 0.7265625
vt 0.15234375 0.724121094
vt 0.162353516 0.722167969
vt 0.160644531 0.712402344
vt 0.177001953 0.711914062
vt 0.179321289 0.698242188
vt 0.172363281 0.721191406
vt 0.197753906 0.699707031
vt 0.196533203 0.708984375
vt 0.190673828 0.717773438
vt 0.206787109 0.706542969
vt 0.138916016 0.653808594
vt 0.133056641 0.656738281
vt 0.135253906 0.662109375
vt 0.140380859 0.666503906
vt 0.1328125 0.645507812
vt 0.14074707 0.657226562
vt 0.148071289 0.665527344
vt 0.14074707 0.646972656
vt 0.135375977 0.639160156
vt 0.141357422 0.640136719
vt 0.146118164 0.630371094
vt 0.144775391 0.657226562
vt 0.151733398 0.662597656
vt 0.143188477 0.648925781
vt 0.146118164 0.646484375
vt 0.146850586 0.634277344
vt 0.148681641 0.645507812
vt 0.150268555 0.655273438
vt 0.15625 0.655273438
vt 0.15612793 0.664550781
vt 0.153808594 0.638183594
vt 0.159057617 0.635253906
vt 0.151489258 0.645996094
vt 0.16015625 0.653808594
vt 0.163574219 0.662597656
vt 0.156738281 0.64453125
vt 0.163574219 0.640136719
vt 0.155029297 0.646972656
vt 0.160644531 0.650390625
vt 0.166992188 0.657226562
vt 0.167236328 0.650878906
vn 0.334198326 -0.92569536 0.17719911
vn 0.334198326 -0.92569536 0.17719911
vn 0.334198326 -0.92569536 0.17719911
vn 0.17019178 0.0553973243 -0.983852506
vn 0.330911934 -0.058702115 -0.941833973
vn 0.169597089 -0.0548990592 -0.983983159
vn 0.429699391 -0.112799846 0.895898759
vn 0.271998823 0.00189999153 0.962295711
vn 0.230998129 0.0384996869 0.972192168
vn -0.177397624 -0.956087232 0.233296886
vn -0.177397624 -0.956087232 0.233296886
vn -0.177397624 -0.956087232 0.233296886
vn 0.653801382 0.0874001756 0.751601577
vn 0.752873063 0.0935966522 0.651476681
vn 0.898606718 0.409703076 0.157001182
vn 0.57917881 -0.0293989237 0.814670205
vn 0.707867444 -0.419780701 0.568073809
vn 0.643455923 -0.0189986974 0.765247464
vn 0.412579119 -0.22788848 0.881955445
vn 0.510911882 -0.10880252 0.852719784
vn 0.400889367 -0.239093676 0.884376585
vn 0.516798973 -0.121099785 0.847498477
vn 0.342701197 -0.00880003069 0.939403236
vn 0.339505911 0.0270004664 0.940216303
vn 0.192104965 0.180004656 0.964724898
vn 0.17170231 0.0810010806 0.981813192
vn 0.268805504 -0.012000245 0.963119686
vn 0.154401019 0.0507003367 0.986706555
vn 0.187802181 0.0137001583 0.982111394
vn 0.0811966658 0.0454981327 0.995659113
vn 0.125905976 0.0466022082 0.990947008
vn 0.0804000199 0.0899000242 0.992700279
vn 0.0619995035 0.0901992768 0.993992031
vn 0.0778022856 0.101102971 0.991829097
vn 0.0751993358 0.0769993216 0.994191229
vn 9.99948898E-05 0.0817958191 0.996649086
vn 0.0054002176 0.0973039269 0.995240092
vn 0.0468983501 0.0862969682 0.99516499
vn 0.0534010641 0.0942018852 0.994119883
vn 0.0556996316 0.0792994648 0.995293438
vn 0.0180991627 0.157492712 0.987354338
vn 0.0184002239 0.0635007769 0.997812152
vn -0.0659991652 0.0884988829 0.993887365
vn -0.050801672 0.0879029036 0.994832754
vn -0.0127001423 0.067900762 0.997611284
vn -0.0106995963 0.12449529 0.992162526
vn -0.118498757 0.0639993399 0.990889609
vn -0.0824026167 0.0116003687 0.996531665
vn -0.0132004218 0.0237007607 0.999632001
vn 0.00780007057 0.161701456 0.986808896
vn 0.0412993841 0.237596482 0.970485628
vn 0.0252998956 0.249298975 0.968096018
vn -0.0241005737 0.168403998 0.985423446
vn -0.044698853 0.130996659 0.990374625
vn -0.102696031 0.170093417 0.980062068
vn -0.0777024254 0.126403943 0.988930881
vn -0.0662029013 0.112504922 0.991443336
vn -0.0698980466 0.0933973864 0.993172228
vn -0.0818024427 0.072202161 0.99402976
vn -0.0626002699 0.116600491 0.991204143
vn -0.0953012779 0.0928012505 0.991113365
vn -0.066898413 0.11699722 0.990876496
vn -0.143892527 0.0824957117 0.986148715
vn -0.188094482 0.0590982698 0.980371296
vn -0.0785029978 0.0441016853 0.995937943
vn -0.0302991383 0.0231993403 0.999271572
vn -0.181906343 0.0366012827 0.982634366
vn -0.24238959 0.0152993435 0.970058382
vn -0.154296532 0.0408990793 0.98717773
vn -0.24678877 0.00509976782 0.969055891
vn -0.0184002239 0.0635007769 0.997812152
vn -0.16960153 0.0794007257 0.982308924
vn -0.343012601 -0.0192007069 0.939134538
vn -0.0132999374 -0.00569997355 0.999895334
vn -0.127703637 -0.0276007839 0.991428196
vn -0.123901255 -0.0524005368 0.990909994
vn -0.192801893 0.178801745 0.964809418
vn -0.0310985502 -0.0363983065 0.998853445
vn -0.0201993883 -0.0569982789 0.998169899
vn 0.00519989384 0.00369992456 0.999979615
vn -0 -0.0231007654 0.99973315
vn 0.0180991814 0.0703968108 0.997354865
vn 0.0369016379 -0.0122005427 0.999244452
vn 0.583514333 0.38130933 0.717017591
vn -0 0.00519993063 0.999986529
vn -0.000699973432 0.0086996695 0.999961972
vn -0.0311008692 0.0194005426 0.999328017
vn -0.00579988165 0.00269994512 0.999979615
vn 0.0310985502 -0.0363983065 0.998853445
vn 0.0201993883 -0.0569982789 0.998169899
vn 0.123901255 -0.0524005368 0.990909994
vn 0.0279993936 0.0160996504 0.999478281
vn 0.0132999374 -0.00569997355 0.999895334
vn 0.127703637 -0.0276007839 0.991428196
vn 0.011900519 0.0239010416 0.999643564
vn 0.0304991566 0.0228993669 0.999272406
vn -0.000699987519 0.0251995511 0.999682188
vn 0.0122997789 0.0683987811 0.997582197
vn 0.0104997503 0.125197038 0.992076397
vn 0.119296148 0.0643979236 0.990768015
vn 0.0836034045 0.0108004399 0.996440589
vn -0.0180991814 0.0703968108 0.997354865
vn -0.0369016379 -0.0122005427 0.999244452
vn -0.583514333 0.38130933 0.717017591
vn 0.380791306 0.504688442 0.7747823
vn -0.251215667 0.406025261 0.878654718
vn 0.370317429 0.719333827 0.587727726
vn -0.296703935 0.797310531 0.52560699
vn 0.835993409 0.110999122 0.537395716
vn 0.367704958 0.361004829 0.857011437
vn 0.775592446 -0.496895105 0.389296174
vn -0.738681138 0.455688417 0.496687293
vn -0.0666010752 0.488507837 0.870014012
vn 0.683401644 -0.063200146 0.727301776
vn -0.809128702 -0.0327011645 0.586720884
vn -0.841583133 0.138797209 0.521989584
vn -0.531821489 -0.66032666 0.530221403
vn 0.4181104 -0.35200876 0.837420762
vn 0.201811075 -0.629134476 0.750641108
vn 0.366093546 -0.875284553 0.315994412
vn 0.144904748 -0.173405692 0.974132001
vn -0.412692428 0.294394642 0.861984193
vn -0.478493214 -0.275696099 0.8336882
vn -0.192889467 -0.551369905 0.811655641
vn -0.0930008069 -0.932308078 0.349503011
vn -0.0783960372 -0.88425529 0.46037674
vn 0.233902678 -0.764408767 0.600806832
vn 0.0875999928 -0.509499967 0.855999947
vn 0.152795538 -0.29509145 0.943172574
vn 0.181694984 -0.180894986 0.966573238
vn 0.165704727 -0.0297008473 0.985728085
vn 0.162097514 -0.041899357 0.985884845
vn 0.158406496 -0.0513021052 0.986040354
vn 0.205297962 -0.0740992725 0.975890338
vn 0.194697067 -0.0966985524 0.976085305
vn 0.140193194 -0.195890471 0.970552862
vn 0.194806725 -0.116204008 0.973933697
vn 0.15339525 -0.200693786 0.967570066
vn 0.0655007735 -0.293503463 0.953711271
vn 0.14709425 -0.216391519 0.965162218
vn -0 -0.119602636 0.992821872
vn -0 -0.2218934 0.975071013
vn -0.140193194 -0.195890471 0.970552862
vn -0 -0.345000863 0.938602328
vn -0.14709425 -0.216391519 0.965162218
vn -0.0655007735 -0.293503463 0.953711271
vn -0.15339525 -0.200693786 0.967570066
vn -0.194806725 -0.116204008 0.973933697
vn -0.205297962 -0.0740992725 0.975890338
vn -0.194697067 -0.0966985524 0.976085305
vn -0.158406496 -0.0513021052 0.986040354
vn -0.162097514 -0.041899357 0.985884845
vn -0.165704727 -0.0297008473 0.985728085
vn -0.278600186 -0.19930014 0.93950057
vn -0.152795538 -0.29509145 0.943172574
vn -0.181694984 -0.180894986 0.966573238
vn 0.0783960372 -0.88425529 0.46037674
vn -0.0875999928 -0.509499967 0.855999947
vn -0.35750702 -0.240104735 0.902517796
vn -0.233902678 -0.764408767 0.600806832
vn -0.512314141 -0.129203558 0.849023342
vn -0.524391294 -0.137597725 0.840286016
vn -0.644492745 -0.00539993914 0.764591396
vn -0.638001084 -0.43250072 0.637101054
vn -0.335502952 0.0157001372 0.9419083
vn -0.366093546 -0.875284553 0.315994412
vn -0.383610249 0.505713463 0.772720575
vn 0.251215667 0.406025261 0.878654718
vn -0.37049973 0.719099462 0.587899566
vn -0.776408136 -0.494905144 0.390204042
vn -0.201811075 -0.629134476 0.750641108
vn 0.0930008069 -0.932308078 0.349503011
vn 0.531821489 -0.66032666 0.530221403
vn -0.837006092 0.112500824 0.535503864
vn 0.296703935 0.797310531 0.52560699
vn -0.418899268 -0.351599336 0.837198436
vn -0.367995858 0.360995948 0.85689038
vn -0.685289264 -0.0635990128 0.725488663
vn 0.0666010752 0.488507837 0.870014012
vn 0.738681138 0.455688417 0.496687293
vn 0.809128702 -0.0327011645 0.586720884
vn 0.841583133 0.138797209 0.521989584
vn -0.144904748 -0.173405692 0.974132001
vn 0.412692428 0.294394642 0.861984193
vn 0.478493214 -0.275696099 0.8336882
vn 0.192889467 -0.551369905 0.811655641
vn 0.95507139 -0.293691218 0.0397988074
vn 0.94109422 -0.33749795 -0.0208998732
vn 0.953441262 -0.301413089 0.0100004319
vn 0.951986849 -0.305895776 -0.0121998312
vn 0.96143502 -0.274910003 0.00820029899
vn -0.205094859 0.974275649 0.0933976695
vn -0.172703862 0.984921992 0.010100225
vn -0.0565987676 0.99827826 0.0153996637
vn -0.183990657 0.977250397 0.105494648
vn -0.0499005131 0.994110286 0.0962009877
vn -0.000799975183 0.996269107 0.0862973258
vn 0.0274006873 0.99952507 0.0141003542
vn -0.748413146 0.622110903 0.229904026
vn -0.495022327 0.864839017 0.0837037787
vn -0.660778761 0.734676361 0.153695062
vn -0.875922203 0.289807349 0.385709792
vn -0.640633404 0.750039101 0.164408565
vn -0.510700941 0.81340152 0.278500527
vn -0.930376351 -0.078098014 0.358190864
vn -0.950335443 -0.127504766 0.283910573
vn -0.250898421 0.951693892 0.176998883
vn -0.849286616 0.238096237 0.471192539
vn -0.815235615 0.220709622 0.535423338
vn -0.698481917 0.683382392 0.212394536
vn -0.767601788 0.636101484 0.0785001889
vn -0.355498075 0.930894852 0.0839995444
vn -0.573585212 0.806479275 0.143496305
vn -0.474983394 0.876369298 0.0797972083
vn -0.960671902 0.261792332 0.0925973058
vn -0.944103062 0.328701019 0.0250000805
vn -0.995594442 0.0657996386 0.0667996258
vn -0.9945485 0.104194596 0.00409978768
vn -0.995763063 -0.0701974034 0.059397798
vn -0.998577237 -0.0523988008 -0.00989977457
vn -0.983966529 -0.16969423 0.0548981316
vn -0.98061645 -0.194903284 -0.0201003365
vn -0.974906564 -0.219601482 0.0365002491
vn -0.963692188 -0.26439786 -0.0372996964
vn -0.937111318 -0.348904192 -0.00940011442
vn -0.938609958 -0.340103596 -0.0578006133
vn -0.862719476 -0.504611433 -0.0329007469
vn -0.837149084 -0.541931689 -0.0741043389
vn -0.771597266 -0.629097819 -0.0941996649
vn -0.750275731 -0.658378661 -0.0601980537
vn -0.499583334 -0.865971088 0.0225992464
vn -0.463790357 -0.88568157 -0.0215995498
vn -0 -0.999602377 0.0282000676
vn -0.701100886 -0.712400913 0.030700041
vn -0.910810173 0.0774008632 -0.405504525
vn -0.00809977576 -0.955773592 0.293991864
vn 0.0311988294 -0.490881622 0.870667398
vn 0.702536404 -0.710936904 0.0318016522
vn 0.463790357 -0.88568157 -0.0215995498
vn 0.499583334 -0.865971088 0.0225992464
vn 0.771597266 -0.629097819 -0.0941996649
vn 0.910810173 0.0774008632 -0.405504525
vn 0.750275731 -0.658378661 -0.0601980537
vn 0.862105846 -0.505803406 -0.0306002069
vn 0.840701103 -0.535300732 -0.0817001015
vn 0.943645895 -0.327715963 -0.0462022461
vn 0.894285679 -0.446292877 -0.0327994749
vn 0.21469374 0.252892643 0.943372607
vn 0.215107098 0.245108083 0.945331156
vn 0.45540598 0.130201712 0.880711615
vn -0.254400522 0.28870061 0.923001826
vn -0.233200639 0.295000792 0.926602483
vn -0.573900938 0.621901035 0.532800913
vn -0.578196406 0.63549608 0.511696756
vn -0.911083698 0.382093161 0.154697254
vn -0.867667019 0.430183679 0.249190539
vn -0.963104904 0.190100953 -0.190500975
vn -0.966437399 0.181307033 -0.18200703
vn -0.600988269 0.570088863 -0.560189068
vn -0.681502402 0.537901878 -0.496201724
vn -0.237995267 0.535989344 -0.80998385
vn -0.433815777 0.444316089 -0.783828437
vn 0.117492892 0.440873295 -0.889846146
vn 0.134296641 0.419689506 -0.8976776
vn 0.649082601 0.551385224 -0.524085939
vn 0.598884881 0.559485912 -0.57298553
vn 0.227101728 -0.0982007459 -0.968907356
vn 0.27988717 -0.0432980135 -0.95905602
vn 0.744201422 0.62780118 -0.228100449
vn -0.95249939 0.16019991 -0.258999854
vn -0.951045752 0.0446021482 -0.305814683
vn -0.938981473 -0.0338993333 -0.342293262
vn -0.932689965 0.233497486 -0.274897039
vn -0.928365946 0.293989241 -0.227391675
vn -0.882084906 0.422192782 -0.20899643
vn -0.977406859 0.125600874 -0.170001194
vn -0.977084219 0.0920985192 -0.191896901
vn -0.994347632 0.032101538 -0.101204857
vn -0.994517744 0.0299005341 -0.100201786
vn 0.00920035969 0.0154006006 0.999839067
vn 0.0157001838 0.0114001343 0.999811828
vn 0.0959017873 0.0392007269 0.994618535
vn -0.13180232 -0.0885015652 0.987317383
vn -0.0139005007 0.0116004171 0.999836087
vn -0.0106004328 0.00250010216 0.999940753
vn -0.00369984773 0.00829965714 0.999958754
vn -0.002499972 0.00399995595 0.999988914
vn 0.000299997337 0.00419996213 0.999991179
vn 0.00109999452 0.00299998489 0.999994874
vn -0.00219998299 -0.00329997391 0.999992132
vn -0 0.00239999359 0.999997139
vn -0 0.00339998025 0.999994278
vn -0.00109999452 0.00299998489 0.999994874
vn 0.002499972 0.00399995595 0.999988914
vn 0.0106004328 0.00250010216 0.999940753
vn -0.00169995823 -0.00679983292 0.999975443
vn 0.00429991307 -0.0148996972 0.999879718
vn 0.00109997438 -0.0253994111 0.999676824
vn -0 -0.0205997489 0.999787867
vn -0 -0.00669984985 0.999977589
vn 0.00169995823 -0.00679983292 0.999975443
vn -0.00109997438 -0.0253994111 0.999676824
vn -0.00429991307 -0.0148996972 0.999879718
vn 0.00219998299 -0.00329997391 0.999992132
vn -0.000299997337 0.00419996213 0.999991179
vn 0.00369984773 0.00829965714 0.999958754
vn 0.0139005007 0.0116004171 0.999836087
vn 0.13180232 -0.0885015652 0.987317383
vn -0.00920035969 0.0154006006 0.999839067
vn -0.0959017873 0.0392007269 0.994618535
vn -0.0157001838 0.0114001343 0.999811828
vn -0.114403203 -0.21210593 -0.970527172
vn -0.334400266 -0.368500262 -0.867400706
vn -0.00889996067 -0.214899033 -0.97659564
vn -0.4037036 0.208101869 -0.890908003
vn -0.624171138 0.0186991356 -0.781063855
vn -0.53018117 -0.419785112 -0.736673892
vn -0.484187216 0.804678798 -0.343590915
vn -0.720281541 -0.4049896 -0.563185573
vn -0.814208686 0.499505341 -0.295903146
vn -0.494923979 0.867542088 0.0492023863
vn -0.910980999 -0.0492989682 -0.40949145
vn -0.997826278 0.0639016852 0.0161004253
vn -0.875299215 0.24229978 -0.418499619
vn -0.956869185 0.0190993845 0.289890677
vn -0.730487466 -0.184296846 0.65758872
vn -0.837703407 0.544702232 0.0394001603
vn -0.435595483 0.81389153 0.384496003
vn -0.887503743 0.0318001397 0.459701926
vn -0.284606159 -0.200604349 0.937420428
vn -0.772427738 0.529619038 0.350512564
vn -0.611796379 0.0505996943 0.789395213
vn -0.314798474 0.22989887 0.920895457
vn -0.036298763 -0.159894526 0.986466467
vn -0.00609997101 -0.320598483 0.94719553
vn 0.209410265 0.301314741 -0.930245638
vn 0.272310555 0.0182007048 0.962037265
vn 0.0585016832 0.453713 0.889225543
vn -0.435595483 0.81389153 0.384496003
vn 0.485990405 0.175396532 0.856183112
vn 0.331484735 0.579173386 0.744765759
vn 0.335706115 -0.141902596 0.931216955
vn 0.0484992862 0.951085985 0.305095494
vn -0.494923979 0.867542088 0.0492023863
vn 0.545866489 0.759053469 0.3547782
vn -0.0733983368 0.572687149 0.816481531
vn 0.867809474 0.448404878 0.214102343
vn 0.653280199 0.74327749 0.144095629
vn 0.629760385 0.774651229 -0.0575963706
vn 0.014400227 0.999115765 -0.0395006277
vn -0.000599977502 0.942364573 -0.334587425
vn -0.484187216 0.804678798 -0.343590915
vn -0.318604857 0.923414052 -0.214003265
vn 0.438690484 0.742783904 -0.505789101
vn 0.217997923 0.493995279 -0.841691971
vn -0.0707981735 0.319091767 -0.945075691
vn -0.4037036 0.208101869 -0.890908003
vn -0.582473993 0.0456979573 -0.81156379
vn -0.114403203 -0.21210593 -0.970527172
vn -0.00889996067 -0.214899033 -0.97659564
vn -0.550485849 0.662582994 -0.507887006
vn -0.493202239 0.868103862 0.0561002493
vn -0.569311857 0.821617126 0.0288006011
vn -0.667307258 0.74320811 -0.0484005213
vn -0.802574337 0.566881895 -0.18579407
vn -0.607794762 -0.27839762 -0.74369365
vn -0.872339189 0.189408511 -0.45072028
vn 0.137294516 -0.163393468 -0.976960957
vn 0.149392694 0.00719964784 -0.988751709
vn -0.854708135 -0.270102531 -0.443304211
vn 0.267492175 -0.259092391 -0.928072691
vn -0.0947977677 -0.317292511 -0.943577707
vn 0.350684255 -0.200590998 -0.914758921
vn 0.586288929 -0.00529989973 -0.810084641
vn 0.680202961 0.00550002465 -0.733003199
vn 0.914011061 0.21230258 -0.345704198
vn -0.187494412 -0.0948971659 -0.977670908
vn 0.0750011951 0.393606186 -0.916214526
vn 0.678210199 -0.0286004301 -0.734311104
vn 0.307710797 0.662723243 -0.68272388
vn 0.916320682 0.17820403 -0.358608067
vn 0.893658698 0.239988908 0.379182518
vn 0.783425212 0.0328010544 -0.620619893
vn 0.924801469 0.138100222 -0.354500562
vn 0.606174529 0.672771752 -0.424182236
vn 0.952787638 0.143298134 0.26769653
vn 0.491719753 0.00570022874 0.87073493
vn 0.689571142 -0.0594975166 0.72176981
vn 0.287600636 -0.147000328 0.946402073
vn 0.984760821 0.171093211 -0.0311987586
vn 0.515222371 0.855837107 -0.0457019806
vn 0.936619341 0.12780264 0.326206744
vn 0.449720502 0.827837646 0.335315257
vn -0.313791901 0.93447572 0.168195635
vn 0.835544288 0.00809945911 0.549363375
vn 0.442006022 0.600108147 0.666709065
vn -0.168200582 0.814802766 0.554801822
vn -0.378920287 0.411022007 0.829144418
vn 0.668305159 -0.0868006721 0.738805652
vn 0.165898576 0.321997225 0.932092011
vn -0.463204712 -0.0835008472 0.88230896
vn 0.0235991031 -0.0830968395 0.996262014
vn 0.0458008796 -0.277205348 0.959718406
vn -0.432985246 -0.653477788 0.620878816
vn -0.472293019 -0.524792254 0.708189487
vn -0.672821105 -0.739323199 -0.0267008357
vn -0.153605282 -0.559419155 0.814527869
vn -0.746678412 -0.663180828 0.0515985042
vn -0.251508921 -0.611721694 0.750026584
vn -0.344799429 -0.552299023 0.758998752
vn -0.542379558 -0.634576082 0.55057925
vn -0.562109947 -0.674511909 0.478608429
vn -0.665405691 -0.721606135 0.19110164
vn -0.654419422 -0.708021045 0.26540786
vn -0.659106553 -0.730607271 -0.178301767
vn -0.664700687 -0.726300836 -0.175100192
vn -0.55818063 -0.690276027 -0.460383981
vn -0.461804479 -0.655806303 -0.597205818
vn -0.479311168 -0.61091423 -0.630114675
vn -0.530295432 -0.685994029 -0.498195678
vn -0.459094077 -0.635491848 -0.620792091
vn -0.470904887 -0.684507072 -0.556505799
vn -0.373507828 -0.651113629 -0.660713911
vn -0.250790417 -0.555678725 -0.792669713
vn -0.201300383 -0.486800939 -0.850001752
vn -0 -0.354518592 -0.935048997
vn -0.070900619 -0.0730006248 -0.994808614
vn -0.148103625 -0.498712182 -0.854020774
vn -0 -0.170800984 -0.985305607
vn -0.0608008765 -0.0711010247 -0.99561429
vn 0.070900619 -0.0730006248 -0.994808614
vn 0.148103625 -0.498712182 -0.854020774
vn 0.0608008765 -0.0711010247 -0.99561429
vn -0 -0.028999405 -0.999579489
vn -0.0320013762 -0.035901539 -0.998842835
vn 0.0320013762 -0.035901539 -0.998842835
vn -0 -0.0143999467 -0.999896288
vn -0.00289996504 -0.00399995176 -0.999987841
vn -0.0244004019 -0.0131002143 -0.999616385
vn 0.0244004019 -0.0131002143 -0.999616385
vn 0.0238006748 -0.0194005538 -0.999528408
vn 0.020900948 -0.0165007468 -0.999645352
vn -0.0188003108 -0.0146002425 -0.99971658
vn 0.0120001538 -0.00550007029 -0.999912858
vn -0.00160007947 0.00990049168 -0.999949694
vn -0.0146005424 0.0302011222 -0.999437153
vn 0.000499999733 -0.000999999465 -0.999999404
vn -0.00860037468 0.0473020598 -0.998843551
vn -0.0075999191 0.0464995056 -0.998889387
vn -0.0450986512 0.020599382 -0.998770058
vn 0.190703124 0.336105555 -0.92231518
vn -0.0751984715 0.0239995159 -0.996879816
vn 0.00740008708 0.0390004665 -0.999211788
vn 0.0160997342 0.0311994795 -0.99938345
vn 0.017800197 0.035500396 -0.999211073
vn 0.0192999262 0.0251999013 -0.999496102
vn 0.0509013571 0.335608989 -0.940625131
vn 0.0187008344 0.0629027933 -0.997844458
vn 0.188695654 0.368491501 -0.910279036
vn 0.269796818 0.39959532 -0.876089692
vn 0.218994781 0.66578418 -0.713283062
vn -0.063199915 0.103699856 -0.992598653
vn 0.38952139 0.484726638 -0.783143044
vn 0.0199997555 0.0633992255 -0.997787833
vn -0.400509953 0.0808020085 -0.912722707
vn -0.00789970905 -0.00339987432 -0.999963045
vn -0.395410031 0.0485012345 -0.917223334
vn -0.498176128 0.105294958 -0.860658765
vn -0.627394199 0.128698811 -0.767992973
vn -0.686471581 -0.0265988987 -0.726669967
vn -0.211389959 0.0295985956 -0.976953566
vn 0.0064999531 0.0506996363 -0.998692811
vn 0.0204001069 0.0914004743 -0.995605171
vn 0.0161996894 0.085798353 -0.996180892
vn 0.0506991409 0.126397848 -0.990683198
vn -0.771597266 -0.629097819 -0.0941996649
vn -0.910810173 0.0774008632 -0.405504525
vn -0.61321485 -0.757518351 -0.223905429
vn -0.620389402 -0.76628685 -0.167097136
vn -0.837149084 -0.541931689 -0.0741043389
vn -0.79927516 -0.588781774 -0.120396256
vn -0.938609958 -0.340103596 -0.0578006133
vn -0.926760077 -0.35958451 -0.108695313
vn -0.951683879 -0.289995074 -0.100998297
vn -0.963692188 -0.26439786 -0.0372996964
vn -0.977038562 -0.196607754 -0.0821032375
vn -0.98061645 -0.194903284 -0.0201003365
vn -0.99571985 -0.0551010966 -0.0742014647
vn -0.998577237 -0.0523988008 -0.00989977457
vn -0.9945485 0.104194596 0.00409978768
vn -0.990640283 0.124705061 -0.0555022545
vn -0.949646473 0.310482502 -0.0420976281
vn -0.944103062 0.328701019 0.0250000805
vn -0.474983394 0.876369298 0.0797972083
vn -0.655708075 0.755009294 0.00280003436
vn -0.355498075 0.930894852 0.0839995444
vn -0.292215139 0.956349611 -0.00240012468
vn -0.767601788 0.636101484 0.0785001889
vn -0.669713676 0.742215157 -0.0245004985
vn -0.530206382 0.843110263 -0.0897010788
vn -0.552410007 0.829915047 -0.0780014172
vn -0.446295559 0.887191176 -0.117098831
vn -0.446215481 0.887230754 -0.117104053
vn -0.446175843 0.887251973 -0.117093645
vn -0.782657683 0.620166421 -0.0532971211
vn -0.870986879 0.489592612 -0.0409993827
vn -0.620408714 0.782910883 -0.0463006496
vn -0.634308338 0.773010135 -0.010400136
vn -0.172703862 0.984921992 0.010100225
vn -0.0971029177 0.993829906 -0.0536016151
vn -0.0565987676 0.99827826 0.0153996637
vn -0.0355988666 0.99786818 -0.0546982586
vn 0.0274006873 0.99952507 0.0141003542
vn -0.0404000953 0.998802304 -0.0276000649
vn 0.771597266 -0.629097819 -0.0941996649
vn 0.61321485 -0.757518351 -0.223905429
vn 0.910810173 0.0774008632 -0.405504525
vn 0.620389402 -0.76628685 -0.167097136
vn 0.840701103 -0.535300732 -0.0817001015
vn 0.803190708 -0.584693253 -0.114098676
vn 0.943645895 -0.327715963 -0.0462022461
vn 0.928582609 -0.359593302 -0.0917982757
vn 0.954409122 -0.287802756 -0.0792007595
vn 0.966927886 -0.253407329 -0.0289008338
vn 0.978279531 -0.198295847 -0.0603987388
vn 0.98195672 -0.189091668 -0.00229989854
vn 0.991487741 -0.117398545 -0.056299299
vn 0.990654528 -0.136393756 0.00049997709
vn 0.979077041 -0.202795267 0.0167996064
vn 0.943645895 -0.327715963 -0.0462022461
vn 0.98448807 -0.173897892 -0.0232997183
vn 0.966927886 -0.253407329 -0.0289008338
vn 0.98195672 -0.189091668 -0.00229989854
vn 0.984362364 -0.160993844 0.071497269
vn 0.990654528 -0.136393756 0.00049997709
vn 0.98619777 -0.156099662 0.0551998764
vn 0.347312331 0.934033275 0.0834029689
vn 0.3160142 0.946842492 0.0602026992
vn 0.346907139 0.91701889 0.196804047
vn 0.420210332 0.894621968 0.151903749
vn 0.540173829 0.806161046 0.241488323
vn 0.45849511 0.859690785 0.225197583
vn 0.817871094 0.527481377 0.229891896
vn 0.817761302 0.540174484 0.198690608
vn 0.968315363 0.133102119 0.211303368
vn 0.948131442 0.206806883 0.24140802
vn 0.977836967 -0.0395014957 0.205607757
vn 0.976068079 -0.0326989293 0.214992985
vn -0.533990622 0.766286612 0.357293755
vn -0.3473171 0.855242133 0.384618968
vn -0.313996077 0.849989355 0.422994703
vn -0.557967961 0.762256205 0.328081131
vn -0.785900772 0.586400509 0.196200192
vn -0.80569154 0.497494757 0.321496665
vn -0.793980658 0.507387638 0.334891826
vn -0.943705738 0.273401678 0.18620111
vn -0.927710831 0.312103599 0.204802394
vn -0.974504173 -0.10830047 0.196500853
vn -0.95958513 0.0111998254 0.281195641
vn -0.944592535 -0.256997943 0.20419839
vn -0.939308584 -0.238302186 0.246802241
vn 0.533990622 0.766286612 0.357293755
vn 0.313996077 0.849989355 0.422994703
vn 0.3473171 0.855242133 0.384618968
vn 0.557967961 0.762256205 0.328081131
vn 0.785900772 0.586400509 0.196200192
vn 0.80569154 0.497494757 0.321496665
vn 0.793980658 0.507387638 0.334891826
vn 0.943705738 0.273401678 0.18620111
vn 0.927710831 0.312103599 0.204802394
vn 0.974504173 -0.10830047 0.196500853
vn 0.95958513 0.0111998254 0.281195641
vn 0.944592535 -0.256997943 0.20419839
vn 0.939308584 -0.238302186 0.246802241
vn 0.589512944 -0.415809125 0.692515194
vn 0.357993752 0.308794618 0.881184638
vn 0.426825494 0.593835413 0.682040691
vn 0.536420107 -0.121004537 0.835231304
vn 0.603518009 -0.628618717 0.490514636
vn 0.244308293 0.401813656 0.882529974
vn 0.616676986 -0.462982655 0.636676133
vn 0.296891928 -0.0760979205 0.951874137
vn 0.32028389 -0.483475685 0.814659059
vn -0 0.354988813 0.934870481
vn -0 -0.490788162 0.871279001
vn -0 -0.0835999474 0.996499419
vn -0.296891928 -0.0760979205 0.951874137
vn -0.32028389 -0.483475685 0.814659059
vn -0.244308293 0.401813656 0.882529974
vn -0.616676986 -0.462982655 0.636676133
vn -0.536420107 -0.121004537 0.835231304
vn -0.603518009 -0.628618717 0.490514636
vn -0.357993752 0.308794618 0.881184638
vn -0.589512944 -0.415809125 0.692515194
vn -0.426825494 0.593835413 0.682040691
vn 0.307889372 0.927868009 0.210392743
vn 0.299910903 0.933233976 0.197807193
vn 0.579202414 0.776703119 0.247500986
vn 0.56259352 0.792690814 0.234797299
vn 0.916091323 0.318796992 0.243197709
vn 0.915598094 0.329399318 0.230599523
vn 0.972899854 -0.0155999977 0.230699956
vn 0.974270225 -0.0210993513 0.224393129
vn 0.458186716 0.855675161 0.240593001
vn 0.117504328 0.979636073 0.162805989
vn 0.182103395 0.952317774 0.244804561
vn 0.521480322 0.844468236 0.1221954
vn 0.893959463 0.405881584 0.189991385
vn 0.740086734 0.560989976 0.370893329
vn 0.933283746 0.306494653 0.187196717
vn 0.925324738 0.379010141 0.0112002995
vn 0.925516129 0.378706634 -0.00110001932
vn -0.850259185 0.123894043 0.51157546
vn -0.908192873 0.0984992236 0.406796813
vn -0.918866813 0.0948965698 0.382986158
vn -0.855238557 0.116705261 0.504922748
vn -0.849285603 0.32209453 0.41829288
vn -0.880124927 0.292908281 0.373610556
vn 0.270193696 0.946077824 -0.178695813
vn 0.3160142 0.946842492 0.0602026992
vn 0.347312331 0.934033275 0.0834029689
vn 0.433617622 0.900636613 -0.0288011711
vn 0.143792689 0.943551958 -0.298384845
vn 0.072797969 0.919374347 -0.386589199
vn 0.932452977 0.230288386 -0.278385967
vn 0.854586482 0.386093885 -0.34729448
vn 0.785100043 0.435000062 -0.440900028
vn 0.95608747 0.194097459 -0.219597131
vn 0.978345454 0.0521970913 -0.200288832
vn 0.98158133 0.0431991778 -0.18609646
vn 0.512310982 0.834217966 -0.204004392
vn 0.230396643 0.926986456 -0.295995682
vn 0.182399705 0.956898451 -0.225999638
vn 0.496393025 0.854988039 -0.15029788
vn 0.928744316 0.323415458 -0.181208655
vn 0.946286857 0.298895806 -0.123298272
vn 0.973332286 0.00650021574 -0.229307607
vn 0.943370938 0.0885972753 -0.319690138
vn 0.283712536 0.924240887 -0.255511284
vn 0.501007378 0.813212037 -0.296104372
vn 0.295098454 0.91569525 -0.272798598
vn 0.519489288 0.808983266 -0.275094301
vn 0.886894941 0.418097615 -0.196498886
vn 0.824403584 0.452801943 -0.339601487
vn 0.950130999 0.227207407 -0.213606954
vn 0.925324738 0.379010141 0.0112002995
vn 0.925516129 0.378706634 -0.00110001932
vn -0.830662549 0.556774914 -0.00119994592
vn -0.850391328 0.520094752 -0.0795992017
vn -0.830585539 0.556890309 -0.000999982469
vn -0.812878549 0.580684662 0.0450988114
vn -0.803738773 0.592128575 0.0582028106
vn -0.784714699 0.614111543 0.0842015818
vn -0.164600298 0.339200616 -0.926201701
vn -0.0279008858 0.089102827 -0.995631576
vn -0.126601279 0.0409004167 -0.991110086
vn -0.144896016 0.643882334 -0.751279354
vn 0.0364013836 0.0734027773 -0.996637821
vn 0.076496698 0.00509977946 -0.997056842
vn 0.0453982875 0.014599449 -0.998862267
vn 0.0960999951 -0.0502999909 -0.994099915
vn 0.0956017226 -0.0316005722 -0.994917989
vn 0.169597089 -0.0548990592 -0.983983159
vn 0.157495245 -0.0221993309 -0.987270236
vn 0.0862009302 0.0742007941 -0.993510783
vn 0.17019178 0.0553973243 -0.983852506
vn 0.118797868 0.195496485 0.973482549
vn 0.081201233 0.234103546 0.968814671
vn 0.0847031325 0.226008326 0.970435798
vn 0.0956033543 0.220307708 0.97073406
vn 0.206000507 0.149900362 0.967002332
vn 0.144992396 0.194889784 0.970049083
vn 0.176607519 0.145006165 0.973541498
vn 0.136301488 0.184102014 0.973410666
vn 0.230998129 0.0384996869 0.972192168
vn 0.211299807 -0.025099976 0.977099001
vn 0.153492078 0.0525972806 0.986748993
vn 0.271998823 0.00189999153 0.962295711
vn 0.792167068 0.609874606 0.0228990484
vn 0.790983975 0.60988766 0.0487990119
vn 0.786784768 0.616688013 0.0257994998
vn 0.763102889 0.645902395 0.02200008
vn 0.659920156 0.750322878 0.0390011892
vn 0.765667319 0.636272788 0.0943959728
vn 0.618312001 0.783215225 0.0653012618
vn 0.727110863 0.675210059 0.124101855
vn 0.714666843 0.690967858 0.108694956
vn -0.0876987055 0.157697693 0.983585477
vn -0.0553009883 0.160302848 0.985517561
vn -0.115501352 0.187702209 0.975411355
vn -0.102695361 0.135393858 0.985455394
vn -0.0717013851 0.156203032 0.985119045
vn -0.262691498 0.0833973065 0.961268961
vn -0.0721006393 0.118701048 0.990308821
vn -0.193198681 0.0913993716 0.976893306
vn 0.307091683 0.547985137 0.778078973
vn 0.22120364 0.449007422 0.865714312
vn 0.193900138 0.326200247 0.925200641
vn 0.494013131 0.65791738 0.568415165
vn 0.347493708 0.502790868 0.791485608
vn 0.543799996 0.700399995 0.462300032
vn 0.495429873 0.866052151 0.0671040416
vn 0.392711103 0.886425138 0.245006934
vn 0.523590922 0.851585209 -0.025599556
vn 0.407880485 0.878457904 0.248888075
vn 0.349379778 0.893448174 0.282283634
vn 0.388196081 0.875091136 0.288997084
vn 0.408305734 0.885912478 0.220103085
vn 0.30731222 0.920136571 0.242709652
vn 0.239891559 0.968366027 0.0686975941
vn 0.200098887 0.97529459 0.0935994834
vn 0.152697369 0.979283035 -0.132997707
vn 0.140002817 0.983519852 -0.114402309
vn 0.305905282 0.945916295 -0.108001865
vn 0.154000074 0.96260041 -0.222900108
vn 0.237010032 0.952040315 -0.193508178
vn 0.465374917 0.860353649 -0.207888797
vn 0.344519228 0.88964957 -0.299716681
vn 0.537605762 0.815508783 -0.214302301
vn -0.116400279 0 -0.993202388
vn -0.116400279 0 -0.993202388
vn -0.116400279 0 -0.993202388
vn -0.116400279 0 -0.993202388
vn 0.116400279 0 -0.993202388
vn 0.116400279 0 -0.993202388
vn 0.116400279 0 -0.993202388
vn 0.116400279 0 -0.993202388
vn -0.865435362 0 -0.501020491
vn -0.865435362 0 -0.501020491
vn -0.865435362 0 -0.501020491
vn -0.865435362 0 -0.501020491
vn 0.865435362 0 -0.501020491
vn 0.865435362 0 -0.501020491
vn 0.865435362 0 -0.501020491
vn 0.865435362 0 -0.501020491
vn 0.98595804 0 0.166992888
vn 0.98595804 0 0.166992888
vn 0.98595804 0 0.166992888
vn 0.98595804 0 0.166992888
vn -0.98595804 0 0.166992888
vn -0.98595804 0 0.166992888
vn -0.98595804 0 0.166992888
vn -0.98595804 0 0.166992888
vn 0.613324285 0 0.789831161
vn 0.613324285 0 0.789831161
vn 0.613324285 0 0.789831161
vn 0.613324285 0 0.789831161
vn -0.605187237 0 0.796083212
vn -0.605187237 0 0.796083212
vn -0.605187237 0 0.796083212
vn -0.605187237 0 0.796083212
vn -0.104931533 -0.992169559 -0.0677423701
vn -0.104931541 -0.992169559 -0.0677423775
vn -0.104931548 -0.992169559 -0.0677423775
vn -0.104931548 -0.992169559 -0.0677423701
vn -0.0843909755 -0.992881179 -0.084053807
vn -0.0843909755 -0.992881179 -0.084053807
vn -0.29031989 -0.950729847 -0.108752929
vn -0.29031989 -0.950729847 -0.108752929
vn -0.29031992 -0.950729847 -0.108752936
vn -0.29031992 -0.950729847 -0.108752914
vn -0.245748177 -0.955055296 -0.165762529
vn -0.245748177 -0.955055296 -0.165762529
vn -0.245748177 -0.955055296 -0.165762514
vn -0.245748177 -0.955055296 -0.165762529
vn 0.103496097 -0.991525829 -0.0785174519
vn 0.103496097 -0.991525829 -0.078517437
vn 0.10349609 -0.991525829 -0.0785174444
vn 0.103496104 -0.991525829 -0.0785174444
vn 0.0776705742 -0.994324327 -0.0727074966
vn 0.0776705667 -0.994324327 -0.0727074966
vn 0.0649322271 -0.97716856 -0.202300146
vn 0.0649322346 -0.97716856 -0.202300146
vn 0.0649322346 -0.97716856 -0.202300146
vn 0.0649322346 -0.97716856 -0.202300146
vn 0.17264463 -0.946370125 -0.273088753
vn 0.17264463 -0.946370125 -0.273088753
vn 0.17264463 -0.946370125 -0.273088753
vn 0.17264463 -0.946370125 -0.273088783
vn -0.560288429 0.369177192 -0.741474986
vn -0.547803283 0.369469702 -0.750602186
vn 0.0514192991 0.291399568 -0.955218434
vn 0.0632334873 0.286947548 -0.955857038
vn 0.739572644 0.0683869645 -0.669593513
vn 0.800263226 0.0367202498 -0.598523617
vn 0.984393179 -0.13389954 -0.114196919
vn 0.986275434 -0.143116981 -0.0823305696
vn 0.845517039 -0.3034769 0.439320594
vn 0.853221297 -0.299461752 0.427008331
vn 0.00179546466 -0.37882477 0.925466597
vn 0.0668832585 -0.386373967 0.919914067
vn -0.864750683 -0.0235756468 0.50164777
vn -0.814610183 -0.0733208209 0.575355768
vn -0.927412987 0.286331087 -0.240664825
vn -0.948872507 0.267438591 -0.167683139
vn -0.547803283 0.369469702 -0.750602186
vn -0.560288429 0.369177192 -0.741474986
vn 0.713789165 0.258296102 0.650990129
vn 0.683797061 0.640197277 0.350098521
vn 0.853188276 0.38029474 0.356995076
vn 0.831535816 0.0717030913 0.550823808
vn 0.606388032 0.556388974 0.56808877
vn 0.0333994292 0.899184763 0.436292589
vn 0.719196856 -0.0716996789 0.691096902
vn 0.420277774 -0.318783134 0.849555075
vn 0.185401857 -0.534305453 0.824708283
vn 0.234695137 0.0274994317 0.971679926
vn 0.0376011916 0.763324201 0.644920409
vn -0.670892 0.528293669 0.520393789
vn 0.378293097 -0.339493781 0.861184239
vn 0.101800665 0.355002344 0.929306149
vn -0.615231633 0.447923005 0.648733318
vn -0.197497293 -0.464093626 0.863488197
vn -0.233093664 -0.639182508 0.732880056
vn -0.33109498 -0.230996519 0.914886177
vn -0.561499953 -0.529599965 0.635799944
vn -0.586407661 -0.569307446 0.576207519
vn -0.67930156 -0.395600915 0.618101418
vn -0.68192184 -0.489015639 0.543917418
vn -0.459184527 0.083897166 0.884370208
vn -0.795072138 -0.141495034 0.589779317
vn -0.868928075 -0.088202849 0.487015724
vn -0.718070269 0.26248911 0.644573271
vn -0.853098214 0.380399197 0.357099265
vn -0.683801234 0.640301108 0.349900633
vn -0.830198407 0.0792998597 0.55179894
vn -0.609095991 0.557896435 0.563696384
vn -0.0334008858 0.899223983 0.436211586
vn -0.726251304 -0.0570961758 0.685054064
vn -0.411000222 -0.305000186 0.859100521
vn -0.188402995 -0.528108478 0.828013182
vn -0.24160856 0.0292010363 0.969934344
vn -0.0378017463 0.766835392 0.640729606
vn 0.670836985 0.528329134 0.520428717
vn -0.392602235 -0.33760187 0.855504811
vn -0.104300275 0.361800939 0.926402509
vn 0.617277324 0.450383455 0.645076334
vn 0.197497293 -0.464093626 0.863488197
vn 0.233093664 -0.639182508 0.732880056
vn 0.33109498 -0.230996519 0.914886177
vn 0.561499953 -0.529599965 0.635799944
vn 0.586407661 -0.569307446 0.576207519
vn 0.681916893 -0.394509763 0.615915179
vn 0.682784617 -0.488289028 0.543487787
vn 0.468203247 0.0862005949 0.879406154
vn 0.800115228 -0.14070268 0.583111048
vn 0.868959308 -0.0869959295 0.487177163
vn 0.0924005955 0.970106304 -0.224401459
vn -0 0.997898221 0.0647998825
vn -0 0.977054417 -0.21299006
vn -0.0924005955 0.970106304 -0.224401459
vn 0.247086927 0.964748979 0.0905952007
vn -0 0.74228394 0.67008549
vn 0.304592252 0.917576551 -0.255493462
vn -0.247086927 0.964748979 0.0905952007
vn -0.304592252 0.917576551 -0.255493462
vn 0.446608484 0.894117057 -0.0331006311
vn 0.781382918 0.584887266 -0.217595249
vn -0.446608484 0.894117057 -0.0331006311
vn -0.781382918 0.584887266 -0.217595249
vn -0.266399622 0.693399012 0.66949904
vn 0.266399622 0.693399012 0.66949904
vn 0.83021307 0.549308658 -0.0949014872
vn 0.997886479 0.0582992136 -0.0286996122
vn -0.83021307 0.549308658 -0.0949014872
vn -0.997886479 0.0582992136 -0.0286996122
vn -0.586516619 0.735020876 0.340209663
vn -0.814900815 0.433700383 0.384500384
vn -0.991333306 -0.125904217 -0.0375012644
vn -0.25311017 0.0822032914 0.963938713
vn -0.790646791 -0.54813242 0.272816151
vn -0.931377709 -0.0633984879 0.358491451
vn -0.898407817 -0.298302591 0.322302788
vn -0.593212306 0.221704587 0.773916066
vn -0.637598574 -0.376499206 0.672098517
vn -0.550220609 -0.758628368 0.348913044
vn -0.44010514 -0.881610274 0.170501977
vn -0.287990302 -0.50738287 0.812172592
vn -0.295003742 -0.845910847 0.444305658
vn -0.234394804 -0.949078977 0.210495338
vn -0 -0.972928405 0.231106758
vn -0 0.0748993307 0.997191131
vn -0 -0.539002597 0.842304051
vn -0 -0.885141551 0.465321779
vn 0.295003742 -0.845910847 0.444305658
vn 0.234394804 -0.949078977 0.210495338
vn 0.44010514 -0.881610274 0.170501977
vn 0.25311017 0.0822032914 0.963938713
vn 0.287990302 -0.50738287 0.812172592
vn 0.550220609 -0.758628368 0.348913044
vn 0.931377709 -0.0633984879 0.358491451
vn 0.637598574 -0.376499206 0.672098517
vn 0.790646791 -0.54813242 0.272816151
vn 0.586516619 0.735020876 0.340209663
vn 0.593212306 0.221704587 0.773916066
vn 0.814900815 0.433700383 0.384500384
vn 0.991333306 -0.125904217 -0.0375012644
vn 0.898407817 -0.298302591 0.322302788
vn 0.0165001806 -0.914210081 -0.404904455
vn 0.0302998088 -0.882094443 -0.470097035
vn 0.0685002208 -0.920202971 -0.385401249
vn -0 -0.885100365 -0.465400159
vn 0.0276987087 -0.89855814 -0.437979579
vn -0.0576014295 -0.915222764 -0.39880988
vn 0.0660041049 -0.885655105 -0.459628612
vn -0.0204009004 -0.882738948 -0.469420701
vn -0 -0.902688563 -0.430294544
vn -0 -0.877639413 -0.47932148
vn -0.0302998088 -0.882094443 -0.470097035
vn -0.0685002208 -0.920202971 -0.385401249
vn 0.0204009004 -0.882738948 -0.469420701
vn -0.0165001806 -0.914210081 -0.404904455
vn -0.0276987087 -0.89855814 -0.437979579
vn -0.0660041049 -0.885655105 -0.459628612
vn 0.0576014295 -0.915222764 -0.39880988
vn -0.811007798 -0.0059000575 0.585005641
vn -0.955330372 -0.153404891 0.252608061
vn -0.84750998 0.332403898 0.413804859
vn -0.38008222 0.708366871 0.59477216
vn -0.944851398 -0.227288321 0.235787898
vn -0.592623472 0.466518492 0.656626046
vn 0.145398483 0.81239146 0.564694107
vn -0.808321655 -0.184104905 0.55921495
vn -0.765815556 -0.400508106 0.50311017
vn -0.397282988 -0.355684757 0.845963776
vn -0 -0.782300889 0.622900665
vn -0.0422993191 0.67238915 0.738988161
vn -0 0.83238858 0.554192364
vn -0.454800665 0.11830017 0.882701218
vn -0.0180001166 0.124100797 0.992106438
vn -0 -0.604677558 0.796470404
vn -0 0.104997098 0.994472563
vn -0 0.641462147 0.767154694
vn 0.0422993191 0.67238915 0.738988161
vn -0.145398483 0.81239146 0.564694107
vn 0.397282988 -0.355684757 0.845963776
vn 0.765815556 -0.400508106 0.50311017
vn 0.0180001166 0.124100797 0.992106438
vn 0.592623472 0.466518492 0.656626046
vn 0.38008222 0.708366871 0.59477216
vn 0.808321655 -0.184104905 0.55921495
vn 0.944851398 -0.227288321 0.235787898
vn 0.454800665 0.11830017 0.882701218
vn 0.811007798 -0.0059000575 0.585005641
vn 0.84750998 0.332403898 0.413804859
vn 0.955330372 -0.153404891 0.252608061
g polySurface1_0
f 3/3/3 2/2/2 1/1/1
f 6/6/6 5/5/5 4/4/4
f 9/9/9 8/8/8 7/7/7
f 12/12/12 11/11/11 10/10/10
f 15/15/15 14/14/14 13/13/13
f 13/13/13 14/14/14 16/16/16
f 17/17/17 16/16/16 14/14/14
f 18/18/18 17/17/17 14/14/14
f 19/19/19 18/18/18 14/14/14
f 18/18/18 19/19/19 20/20/20
f 14/14/14 21/21/21 19/19/19
f 19/19/19 21/21/21 20/20/20
f 21/21/21 22/22/22 20/20/20
f 22/22/22 23/23/23 20/20/20
f 20/20/20 24/24/24 18/18/18
f 23/23/23 24/24/24 20/20/20
f 24/24/24 23/23/23 25/25/25
f 18/18/18 24/24/24 25/25/25
f 23/23/23 26/26/26 25/25/25
f 23/23/23 27/27/27 26/26/26
f 27/27/27 28/28/28 26/26/26
f 27/27/27 29/29/29 28/28/28
f 30/30/30 28/28/28 29/29/29
f 31/31/31 30/30/30 29/29/29
f 30/30/30 31/31/31 32/32/32
f 33/33/33 30/30/30 32/32/32
f 33/33/33 32/32/32 34/34/34
f 35/35/35 33/33/33 34/34/34
f 33/33/33 35/35/35 36/36/36
f 35/35/35 37/37/37 36/36/36
f 37/37/37 35/35/35 38/38/38
f 37/37/37 38/38/38 39/39/39
f 40/40/40 37/37/37 39/39/39
f 37/37/37 40/40/40 41/41/41
f 42/42/42 26/26/26 28/28/28
f 30/30/30 42/42/42 28/28/28
f 26/26/26 42/42/42 25/25/25
f 43/43/43 36/36/36 37/37/37
f 44/44/44 43/43/43 37/37/37
f 36/36/36 43/43/43 45/45/45
f 43/43/43 46/46/46 45/45/45
f 43/43/43 47/47/47 46/46/46
f 47/47/47 43/43/43 48/48/48
f 36/36/36 45/45/45 49/49/49
f 50/50/50 37/37/37 41/41/41
f 44/44/44 37/37/37 50/50/50
f 50/50/50 41/41/41 51/51/51
f 41/41/41 52/52/52 51/51/51
f 50/50/50 51/51/51 53/53/53
f 54/54/54 50/50/50 53/53/53
f 54/54/54 44/44/44 50/50/50
f 54/54/54 53/53/53 55/55/55
f 53/53/53 56/56/56 55/55/55
f 54/54/54 55/55/55 57/57/57
f 54/54/54 57/57/57 58/58/58
f 44/44/44 54/54/54 58/58/58
f 44/44/44 58/58/58 59/59/59
f 44/44/44 59/59/59 60/60/60
f 43/43/43 44/44/44 60/60/60
f 43/43/43 60/60/60 61/61/61
f 62/62/62 61/61/61 60/60/60
f 61/61/61 62/62/62 63/63/63
f 64/64/64 61/61/61 63/63/63
f 61/61/61 65/65/65 43/43/43
f 43/43/43 65/65/65 48/48/48
f 48/48/48 65/65/65 66/66/66
f 61/61/61 64/64/64 67/67/67
f 65/65/65 61/61/61 67/67/67
f 64/64/64 68/68/68 67/67/67
f 69/69/69 67/67/67 68/68/68
f 69/69/69 65/65/65 67/67/67
f 70/70/70 69/69/69 68/68/68
f 65/65/65 71/71/71 66/66/66
f 71/71/71 65/65/65 69/69/69
f 69/69/69 70/70/70 72/72/72
f 72/72/72 71/71/71 69/69/69
f 70/70/70 73/73/73 72/72/72
f 71/71/71 74/74/74 66/66/66
f 74/74/74 75/75/75 66/66/66
f 74/74/74 76/76/76 75/75/75
f 71/71/71 72/72/72 77/77/77
f 72/72/72 73/73/73 77/77/77
f 74/74/74 78/78/78 76/76/76
f 78/78/78 79/79/79 76/76/76
f 78/78/78 80/80/80 79/79/79
f 80/80/80 78/78/78 81/81/81
f 74/74/74 71/71/71 82/82/82
f 82/82/82 71/71/71 77/77/77
f 83/83/83 74/74/74 82/82/82
f 84/84/84 83/83/83 82/82/82
f 85/85/85 80/80/80 81/81/81
f 85/85/85 86/86/86 80/80/80
f 86/86/86 87/87/87 80/80/80
f 49/49/49 87/87/87 86/86/86
f 88/88/88 85/85/85 81/81/81
f 86/86/86 85/85/85 88/88/88
f 89/89/89 88/88/88 81/81/81
f 89/89/89 90/90/90 88/88/88
f 90/90/90 89/89/89 91/91/91
f 92/92/92 86/86/86 88/88/88
f 89/89/89 93/93/93 91/91/91
f 93/93/93 94/94/94 91/91/91
f 92/92/92 95/95/95 86/86/86
f 94/94/94 93/93/93 96/96/96
f 97/97/97 49/49/49 86/86/86
f 95/95/95 97/97/97 86/86/86
f 97/97/97 36/36/36 49/49/49
f 36/36/36 97/97/97 95/95/95
f 98/98/98 36/36/36 95/95/95
f 33/33/33 36/36/36 98/98/98
f 99/99/99 33/33/33 98/98/98
f 33/33/33 99/99/99 100/100/100
f 33/33/33 100/100/100 101/101/101
f 30/30/30 33/33/33 101/101/101
f 30/30/30 101/101/101 96/96/96
f 42/42/42 30/30/30 96/96/96
f 93/93/93 42/42/42 96/96/96
f 42/42/42 93/93/93 102/102/102
f 93/93/93 103/103/103 102/102/102
f 42/42/42 102/102/102 25/25/25
f 103/103/103 104/104/104 102/102/102
f 25/25/25 102/102/102 105/105/105
f 105/105/105 18/18/18 25/25/25
f 102/102/102 106/106/106 105/105/105
f 104/104/104 106/106/106 102/102/102
f 105/105/105 106/106/106 107/107/107
f 18/18/18 105/105/105 107/107/107
f 106/106/106 104/104/104 108/108/108
f 106/106/106 108/108/108 107/107/107
f 109/109/109 18/18/18 107/107/107
f 107/107/107 108/108/108 110/110/110
f 109/109/109 107/107/107 110/110/110
f 18/18/18 109/109/109 111/111/111
f 17/17/17 18/18/18 111/111/111
f 104/104/104 112/112/112 108/108/108
f 108/108/108 113/113/113 110/110/110
f 108/108/108 112/112/112 113/113/113
f 114/114/114 109/109/109 110/110/110
f 114/114/114 110/110/110 113/113/113
f 112/112/112 104/104/104 115/115/115
f 104/104/104 116/116/116 115/115/115
f 117/117/117 115/115/115 116/116/116
f 111/111/111 109/109/109 118/118/118
f 109/109/109 114/114/114 118/118/118
f 111/111/111 118/118/118 119/119/119
f 118/118/118 114/114/114 119/119/119
f 111/111/111 120/120/120 17/17/17
f 120/120/120 111/111/111 119/119/119
f 121/121/121 114/114/114 113/113/113
f 114/114/114 121/121/121 119/119/119
f 112/112/112 122/122/122 113/113/113
f 122/122/122 112/112/112 115/115/115
f 123/123/123 121/121/121 113/113/113
f 122/122/122 123/123/123 113/113/113
f 123/123/123 122/122/122 115/115/115
f 119/119/119 121/121/121 123/123/123
f 123/123/123 115/115/115 124/124/124
f 115/115/115 117/117/117 124/124/124
f 124/124/124 119/119/119 123/123/123
f 124/124/124 117/117/117 119/119/119
f 117/117/117 125/125/125 119/119/119
f 125/125/125 120/120/120 119/119/119
f 126/126/126 125/125/125 117/117/117
f 125/125/125 126/126/126 120/120/120
f 120/120/120 127/127/127 17/17/17
f 126/126/126 127/127/127 120/120/120
f 16/16/16 17/17/17 127/127/127
f 128/128/128 16/16/16 127/127/127
f 126/126/126 128/128/128 127/127/127
f 13/13/13 16/16/16 128/128/128
f 128/128/128 126/126/126 129/129/129
f 129/129/129 13/13/13 128/128/128
f 126/126/126 130/130/130 129/129/129
f 129/129/129 130/130/130 131/131/131
f 13/13/13 129/129/129 132/132/132
f 132/132/132 129/129/129 131/131/131
f 133/133/133 13/13/13 132/132/132
f 132/132/132 131/131/131 134/134/134
f 133/133/133 132/132/132 135/135/135
f 135/135/135 132/132/132 134/134/134
f 136/136/136 135/135/135 134/134/134
f 137/137/137 133/133/133 135/135/135
f 137/137/137 135/135/135 136/136/136
f 138/138/138 136/136/136 134/134/134
f 136/136/136 138/138/138 139/139/139
f 140/140/140 137/137/137 136/136/136
f 136/136/136 139/139/139 141/141/141
f 140/140/140 136/136/136 142/142/142
f 142/142/142 136/136/136 141/141/141
f 143/143/143 142/142/142 141/141/141
f 144/144/144 140/140/140 142/142/142
f 145/145/145 144/144/144 142/142/142
f 143/143/143 145/145/145 142/142/142
f 146/146/146 143/143/143 141/141/141
f 143/143/143 146/146/146 147/147/147
f 148/148/148 145/145/145 143/143/143
f 143/143/143 147/147/147 149/149/149
f 150/150/150 148/148/148 143/143/143
f 150/150/150 143/143/143 149/149/149
f 151/151/151 148/148/148 150/150/150
f 152/152/152 150/150/150 149/149/149
f 152/152/152 151/151/151 150/150/150
f 153/153/153 152/152/152 149/149/149
f 154/154/154 151/151/151 152/152/152
f 155/155/155 152/152/152 153/153/153
f 155/155/155 154/154/154 152/152/152
f 156/156/156 155/155/155 153/153/153
f 156/156/156 157/157/157 155/155/155
f 154/154/154 155/155/155 158/158/158
f 157/157/157 158/158/158 155/155/155
f 159/159/159 154/154/154 158/158/158
f 157/157/157 160/160/160 158/158/158
f 159/159/159 158/158/158 160/160/160
f 154/154/154 159/159/159 161/161/161
f 162/162/162 154/154/154 161/161/161
f 161/161/161 159/159/159 163/163/163
f 159/159/159 164/164/164 163/163/163
f 164/164/164 159/159/159 160/160/160
f 73/73/73 162/162/162 161/161/161
f 165/165/165 73/73/73 161/161/161
f 161/161/161 163/163/163 165/165/165
f 73/73/73 165/165/165 77/77/77
f 165/165/165 163/163/163 77/77/77
f 160/160/160 157/157/157 166/166/166
f 160/160/160 166/166/166 164/164/164
f 163/163/163 167/167/167 77/77/77
f 82/82/82 77/77/77 167/167/167
f 168/168/168 82/82/82 167/167/167
f 168/168/168 84/84/84 82/82/82
f 168/168/168 167/167/167 169/169/169
f 167/167/167 163/163/163 169/169/169
f 163/163/163 164/164/164 170/170/170
f 166/166/166 170/170/170 164/164/164
f 170/170/170 166/166/166 171/171/171
f 172/172/172 171/171/171 166/166/166
f 157/157/157 172/172/172 166/166/166
f 157/157/157 173/173/173 172/172/172
f 172/172/172 173/173/173 171/171/171
f 174/174/174 163/163/163 170/170/170
f 163/163/163 174/174/174 169/169/169
f 175/175/175 168/168/168 169/169/169
f 84/84/84 168/168/168 175/175/175
f 176/176/176 170/170/170 171/171/171
f 174/174/174 170/170/170 176/176/176
f 169/169/169 174/174/174 177/177/177
f 175/175/175 169/169/169 177/177/177
f 178/178/178 174/174/174 176/176/176
f 174/174/174 178/178/178 177/177/177
f 178/178/178 176/176/176 171/171/171
f 179/179/179 175/175/175 177/177/177
f 177/177/177 178/178/178 179/179/179
f 180/180/180 84/84/84 175/175/175
f 180/180/180 175/175/175 179/179/179
f 84/84/84 180/180/180 181/181/181
f 182/182/182 84/84/84 181/181/181
f 173/173/173 182/182/182 181/181/181
f 183/183/183 178/178/178 171/171/171
f 178/178/178 183/183/183 179/179/179
f 184/184/184 180/180/180 179/179/179
f 180/180/180 184/184/184 181/181/181
f 183/183/183 185/185/185 179/179/179
f 185/185/185 184/184/184 179/179/179
f 183/183/183 171/171/171 185/185/185
f 184/184/184 185/185/185 181/181/181
f 173/173/173 181/181/181 186/186/186
f 173/173/173 186/186/186 171/171/171
f 181/181/181 185/185/185 186/186/186
f 171/171/171 186/186/186 185/185/185
f 189/189/189 188/188/188 187/187/187
f 188/188/188 189/189/189 190/190/190
f 189/189/189 191/191/191 190/190/190
f 194/194/194 193/193/193 192/192/192
f 194/194/194 192/192/192 195/195/195
f 196/196/196 194/194/194 195/195/195
f 194/194/194 196/196/196 197/197/197
f 198/198/198 194/194/194 197/197/197
f 195/195/195 192/192/192 199/199/199
f 192/192/192 200/200/200 199/199/199
f 199/199/199 200/200/200 201/201/201
f 202/202/202 199/199/199 201/201/201
f 203/203/203 202/202/202 201/201/201
f 204/204/204 203/203/203 201/201/201
f 199/199/199 202/202/202 205/205/205
f 206/206/206 199/199/199 205/205/205
f 207/207/207 203/203/203 204/204/204
f 208/208/208 206/206/206 205/205/205
f 209/209/209 208/208/208 205/205/205
f 210/210/210 207/207/207 204/204/204
f 207/207/207 210/210/210 211/211/211
f 212/212/212 207/207/207 211/211/211
f 213/213/213 207/207/207 212/212/212
f 214/214/214 213/213/213 212/212/212
f 213/213/213 214/214/214 215/215/215
f 214/214/214 216/216/216 215/215/215
f 215/215/215 216/216/216 217/217/217
f 216/216/216 218/218/218 217/217/217
f 219/219/219 217/217/217 218/218/218
f 220/220/220 219/219/219 218/218/218
f 219/219/219 220/220/220 221/221/221
f 220/220/220 222/222/222 221/221/221
f 223/223/223 221/221/221 222/222/222
f 224/224/224 223/223/223 222/222/222
f 225/225/225 223/223/223 224/224/224
f 226/226/226 225/225/225 224/224/224
f 225/225/225 226/226/226 227/227/227
f 226/226/226 228/228/228 227/227/227
f 228/228/228 229/229/229 227/227/227
f 229/229/229 230/230/230 227/227/227
f 230/230/230 229/229/229 231/231/231
f 229/229/229 232/232/232 231/231/231
f 231/231/231 232/232/232 233/233/233
f 232/232/232 229/229/229 234/234/234
f 234/234/234 229/229/229 235/235/235
f 232/232/232 234/234/234 236/236/236
f 232/232/232 236/236/236 233/233/233
f 234/234/234 237/237/237 236/236/236
f 237/237/237 238/238/238 236/236/236
f 236/236/236 239/239/239 233/233/233
f 238/238/238 239/239/239 236/236/236
f 239/239/239 240/240/240 233/233/233
f 239/239/239 238/238/238 241/241/241
f 239/239/239 241/241/241 240/240/240
f 238/238/238 242/242/242 241/241/241
f 241/241/241 243/243/243 240/240/240
f 243/243/243 241/241/241 244/244/244
f 241/241/241 245/245/245 244/244/244
f 245/245/245 246/246/246 244/244/244
f 246/246/246 247/247/247 244/244/244
f 250/250/250 249/249/249 248/248/248
f 248/248/248 249/249/249 251/251/251
f 249/249/249 252/252/252 251/251/251
f 251/251/251 252/252/252 253/253/253
f 252/252/252 254/254/254 253/253/253
f 254/254/254 255/255/255 253/253/253
f 255/255/255 256/256/256 253/253/253
f 256/256/256 255/255/255 257/257/257
f 258/258/258 256/256/256 257/257/257
f 259/259/259 258/258/258 257/257/257
f 260/260/260 259/259/259 257/257/257
f 261/261/261 259/259/259 260/260/260
f 262/262/262 261/261/261 260/260/260
f 261/261/261 262/262/262 263/263/263
f 262/262/262 264/264/264 263/263/263
f 264/264/264 265/265/265 263/263/263
f 265/265/265 266/266/266 263/263/263
f 267/267/267 266/266/266 265/265/265
f 267/267/267 265/265/265 268/268/268
f 265/265/265 269/269/269 268/268/268
f 272/272/272 271/271/271 270/270/270
f 271/271/271 273/273/273 270/270/270
f 273/273/273 274/274/274 270/270/270
f 274/274/274 275/275/275 270/270/270
f 276/276/276 275/275/275 274/274/274
f 277/277/277 276/276/276 274/274/274
f 276/276/276 277/277/277 278/278/278
f 277/277/277 279/279/279 278/278/278
f 282/282/282 281/281/281 280/280/280
f 283/283/283 282/282/282 280/280/280
f 284/284/284 283/283/283 280/280/280
f 285/285/285 283/283/283 284/284/284
f 286/286/286 285/285/285 284/284/284
f 287/287/287 285/285/285 286/286/286
f 288/288/288 287/287/287 286/286/286
f 287/287/287 289/289/289 285/285/285
f 287/287/287 288/288/288 290/290/290
f 287/287/287 291/291/291 289/289/289
f 291/291/291 292/292/292 289/289/289
f 292/292/292 291/291/291 293/293/293
f 291/291/291 294/294/294 293/293/293
f 294/294/294 295/295/295 293/293/293
f 296/296/296 287/287/287 290/290/290
f 296/296/296 290/290/290 297/297/297
f 298/298/298 296/296/296 297/297/297
f 298/298/298 299/299/299 296/296/296
f 291/291/291 287/287/287 300/300/300
f 287/287/287 296/296/296 300/300/300
f 299/299/299 300/300/300 296/296/296
f 294/294/294 291/291/291 300/300/300
f 300/300/300 299/299/299 301/301/301
f 301/301/301 294/294/294 300/300/300
f 299/299/299 302/302/302 301/301/301
f 301/301/301 302/302/302 303/303/303
f 304/304/304 301/301/301 303/303/303
f 294/294/294 301/301/301 304/304/304
f 305/305/305 294/294/294 304/304/304
f 294/294/294 305/305/305 306/306/306
f 295/295/295 294/294/294 306/306/306
f 295/295/295 306/306/306 307/307/307
f 308/308/308 295/295/295 307/307/307
f 308/308/308 307/307/307 309/309/309
f 310/310/310 308/308/308 309/309/309
f 310/310/310 309/309/309 311/311/311
f 314/314/314 313/313/313 312/312/312
f 312/312/312 313/313/313 315/315/315
f 313/313/313 316/316/316 315/315/315
f 316/316/316 313/313/313 317/317/317
f 318/318/318 315/315/315 316/316/316
f 316/316/316 317/317/317 319/319/319
f 320/320/320 318/318/318 316/316/316
f 321/321/321 318/318/318 320/320/320
f 322/322/322 316/316/316 319/319/319
f 316/316/316 322/322/322 320/320/320
f 323/323/323 322/322/322 319/319/319
f 322/322/322 323/323/323 320/320/320
f 324/324/324 323/323/323 319/319/319
f 324/324/324 325/325/325 323/323/323
f 323/323/323 325/325/325 326/326/326
f 327/327/327 321/321/321 320/320/320
f 323/323/323 327/327/327 320/320/320
f 321/321/321 327/327/327 328/328/328
f 329/329/329 323/323/323 326/326/326
f 326/326/326 330/330/330 329/329/329
f 327/327/327 323/323/323 331/331/331
f 327/327/327 331/331/331 328/328/328
f 323/323/323 329/329/329 331/331/331
f 328/328/328 331/331/331 332/332/332
f 332/332/332 331/331/331 329/329/329
f 330/330/330 332/332/332 329/329/329
f 333/333/333 328/328/328 332/332/332
f 330/330/330 334/334/334 332/332/332
f 334/334/334 333/333/333 332/332/332
f 334/334/334 330/330/330 335/335/335
f 330/330/330 336/336/336 335/335/335
f 333/333/333 334/334/334 337/337/337
f 337/337/337 334/334/334 335/335/335
f 338/338/338 333/333/333 337/337/337
f 339/339/339 333/333/333 338/338/338
f 337/337/337 340/340/340 338/338/338
f 339/339/339 338/338/338 341/341/341
f 340/340/340 341/341/341 338/338/338
f 342/342/342 340/340/340 337/337/337
f 342/342/342 337/337/337 335/335/335
f 343/343/343 339/339/339 341/341/341
f 344/344/344 339/339/339 343/343/343
f 345/345/345 341/341/341 340/340/340
f 341/341/341 345/345/345 343/343/343
f 346/346/346 345/345/345 340/340/340
f 346/346/346 347/347/347 345/345/345
f 345/345/345 347/347/347 348/348/348
f 345/345/345 349/349/349 343/343/343
f 349/349/349 345/345/345 348/348/348
f 350/350/350 344/344/344 343/343/343
f 349/349/349 350/350/350 343/343/343
f 344/344/344 350/350/350 351/351/351
f 350/350/350 349/349/349 351/351/351
f 352/352/352 344/344/344 351/351/351
f 348/348/348 353/353/353 349/349/349
f 349/349/349 354/354/354 351/351/351
f 353/353/353 354/354/354 349/349/349
f 355/355/355 351/351/351 354/354/354
f 352/352/352 351/351/351 355/355/355
f 355/355/355 354/354/354 353/353/353
f 356/356/356 352/352/352 355/355/355
f 352/352/352 356/356/356 357/357/357
f 356/356/356 358/358/358 357/357/357
f 358/358/358 359/359/359 357/357/357
f 359/359/359 358/358/358 360/360/360
f 356/356/356 355/355/355 361/361/361
f 361/361/361 355/355/355 353/353/353
f 358/358/358 356/356/356 361/361/361
f 362/362/362 353/353/353 348/348/348
f 363/363/363 362/362/362 348/348/348
f 361/361/361 353/353/353 364/364/364
f 364/364/364 353/353/353 362/362/362
f 361/361/361 365/365/365 358/358/358
f 365/365/365 361/361/361 364/364/364
f 358/358/358 366/366/366 360/360/360
f 365/365/365 367/367/367 358/358/358
f 366/366/366 358/358/358 367/367/367
f 360/360/360 366/366/366 368/368/368
f 369/369/369 360/360/360 368/368/368
f 366/366/366 370/370/370 368/368/368
f 370/370/370 366/366/366 367/367/367
f 370/370/370 371/371/371 368/368/368
f 371/371/371 370/370/370 372/372/372
f 370/370/370 367/367/367 372/372/372
f 372/372/372 373/373/373 371/371/371
f 373/373/373 372/372/372 374/374/374
f 372/372/372 375/375/375 374/374/374
f 374/374/374 375/375/375 376/376/376
f 367/367/367 377/377/377 372/372/372
f 377/377/377 367/367/367 365/365/365
f 375/375/375 372/372/372 377/377/377
f 378/378/378 377/377/377 365/365/365
f 378/378/378 365/365/365 364/364/364
f 378/378/378 379/379/379 377/377/377
f 379/379/379 375/375/375 377/377/377
f 380/380/380 378/378/378 364/364/364
f 378/378/378 380/380/380 379/379/379
f 364/364/364 362/362/362 380/380/380
f 375/375/375 381/381/381 376/376/376
f 376/376/376 381/381/381 382/382/382
f 375/375/375 379/379/379 383/383/383
f 380/380/380 383/383/383 379/379/379
f 375/375/375 383/383/383 384/384/384
f 381/381/381 375/375/375 384/384/384
f 384/384/384 383/383/383 380/380/380
f 362/362/362 385/385/385 380/380/380
f 385/385/385 384/384/384 380/380/380
f 385/385/385 362/362/362 363/363/363
f 381/381/381 386/386/386 382/382/382
f 386/386/386 381/381/381 384/384/384
f 382/382/382 386/386/386 387/387/387
f 386/386/386 388/388/388 387/387/387
f 389/389/389 387/387/387 388/388/388
f 384/384/384 385/385/385 390/390/390
f 390/390/390 386/386/386 384/384/384
f 391/391/391 385/385/385 363/363/363
f 385/385/385 391/391/391 390/390/390
f 386/386/386 390/390/390 392/392/392
f 390/390/390 391/391/391 392/392/392
f 388/388/388 386/386/386 392/392/392
f 393/393/393 391/391/391 363/363/363
f 391/391/391 393/393/393 392/392/392
f 394/394/394 393/393/393 363/363/363
f 392/392/392 393/393/393 395/395/395
f 395/395/395 388/388/388 392/392/392
f 396/396/396 393/393/393 394/394/394
f 393/393/393 396/396/396 395/395/395
f 397/397/397 396/396/396 394/394/394
f 397/397/397 398/398/398 396/396/396
f 395/395/395 396/396/396 399/399/399
f 388/388/388 395/395/395 399/399/399
f 398/398/398 400/400/400 396/396/396
f 396/396/396 400/400/400 399/399/399
f 398/398/398 401/401/401 400/400/400
f 400/400/400 402/402/402 399/399/399
f 401/401/401 402/402/402 400/400/400
f 399/399/399 402/402/402 388/388/388
f 342/342/342 402/402/402 401/401/401
f 402/402/402 342/342/342 388/388/388
f 342/342/342 389/389/389 388/388/388
f 342/342/342 335/335/335 389/389/389
f 335/335/335 403/403/403 389/389/389
f 335/335/335 404/404/404 403/403/403
f 404/404/404 405/405/405 403/403/403
f 404/404/404 406/406/406 405/405/405
f 335/335/335 407/407/407 404/404/404
f 406/406/406 408/408/408 405/405/405
f 407/407/407 409/409/409 404/404/404
f 409/409/409 407/407/407 410/410/410
f 410/410/410 411/411/411 409/409/409
f 404/404/404 409/409/409 412/412/412
f 411/411/411 412/412/412 409/409/409
f 406/406/406 404/404/404 412/412/412
f 412/412/412 411/411/411 413/413/413
f 413/413/413 406/406/406 412/412/412
f 411/411/411 414/414/414 413/413/413
f 413/413/413 414/414/414 415/415/415
f 406/406/406 413/413/413 415/415/415
f 414/414/414 416/416/416 415/415/415
f 416/416/416 417/417/417 415/415/415
f 406/406/406 418/418/418 408/408/408
f 418/418/418 419/419/419 408/408/408
f 406/406/406 415/415/415 420/420/420
f 417/417/417 420/420/420 415/415/415
f 418/418/418 406/406/406 420/420/420
f 420/420/420 417/417/417 421/421/421
f 418/418/418 420/420/420 421/421/421
f 417/417/417 422/422/422 421/421/421
f 422/422/422 423/423/423 421/421/421
f 421/421/421 423/423/423 418/418/418
f 423/423/423 424/424/424 418/418/418
f 418/418/418 424/424/424 419/419/419
f 424/424/424 425/425/425 419/419/419
f 428/428/428 427/427/427 426/426/426
f 427/427/427 429/429/429 426/426/426
f 427/427/427 430/430/430 429/429/429
f 429/429/429 431/431/431 426/426/426
f 431/431/431 432/432/432 426/426/426
f 433/433/433 431/431/431 429/429/429
f 430/430/430 434/434/434 429/429/429
f 434/434/434 433/433/433 429/429/429
f 430/430/430 435/435/435 434/434/434
f 436/436/436 433/433/433 434/434/434
f 435/435/435 437/437/437 434/434/434
f 437/437/437 436/436/436 434/434/434
f 438/438/438 437/437/437 435/435/435
f 437/437/437 438/438/438 436/436/436
f 439/439/439 438/438/438 435/435/435
f 438/438/438 440/440/440 436/436/436
f 438/438/438 441/441/441 440/440/440
f 441/441/441 438/438/438 442/442/442
f 438/438/438 439/439/439 443/443/443
f 438/438/438 444/444/444 442/442/442
f 445/445/445 438/438/438 443/443/443
f 444/444/444 438/438/438 445/445/445
f 446/446/446 445/445/445 443/443/443
f 445/445/445 447/447/447 444/444/444
f 447/447/447 445/445/445 448/448/448
f 445/445/445 449/449/449 448/448/448
f 445/445/445 446/446/446 450/450/450
f 445/445/445 450/450/450 451/451/451
f 451/451/451 450/450/450 452/452/452
f 449/449/449 445/445/445 453/453/453
f 445/445/445 454/454/454 453/453/453
f 453/453/453 454/454/454 455/455/455
f 454/454/454 456/456/456 455/455/455
f 451/451/451 452/452/452 457/457/457
f 456/456/456 454/454/454 458/458/458
f 459/459/459 451/451/451 457/457/457
f 459/459/459 457/457/457 460/460/460
f 451/451/451 459/459/459 460/460/460
f 457/457/457 461/461/461 460/460/460
f 462/462/462 460/460/460 461/461/461
f 463/463/463 451/451/451 460/460/460
f 460/460/460 462/462/462 463/463/463
f 464/464/464 445/445/445 451/451/451
f 464/464/464 451/451/451 463/463/463
f 454/454/454 445/445/445 465/465/465
f 445/445/445 464/464/464 465/465/465
f 466/466/466 464/464/464 463/463/463
f 467/467/467 466/466/466 463/463/463
f 464/464/464 466/466/466 467/467/467
f 462/462/462 467/467/467 463/463/463
f 465/465/465 464/464/464 467/467/467
f 454/454/454 465/465/465 468/468/468
f 468/468/468 465/465/465 467/467/467
f 462/462/462 469/469/469 467/467/467
f 469/469/469 468/468/468 467/467/467
f 462/462/462 470/470/470 469/469/469
f 470/470/470 471/471/471 469/469/469
f 471/471/471 468/468/468 469/469/469
f 472/472/472 454/454/454 468/468/468
f 472/472/472 468/468/468 471/471/471
f 473/473/473 472/472/472 471/471/471
f 454/454/454 472/472/472 458/458/458
f 472/472/472 473/473/473 474/474/474
f 472/472/472 474/474/474 458/458/458
f 474/474/474 475/475/475 458/458/458
f 478/478/478 477/477/477 476/476/476
f 479/479/479 478/478/478 476/476/476
f 479/479/479 476/476/476 480/480/480
f 481/481/481 479/479/479 480/480/480
f 480/480/480 482/482/482 481/481/481
f 482/482/482 483/483/483 481/481/481
f 484/484/484 483/483/483 482/482/482
f 485/485/485 484/484/484 482/482/482
f 486/486/486 484/484/484 485/485/485
f 487/487/487 486/486/486 485/485/485
f 488/488/488 486/486/486 487/487/487
f 489/489/489 488/488/488 487/487/487
f 488/488/488 489/489/489 490/490/490
f 491/491/491 488/488/488 490/490/490
f 491/491/491 490/490/490 492/492/492
f 490/490/490 493/493/493 492/492/492
f 493/493/493 494/494/494 492/492/492
f 494/494/494 495/495/495 492/492/492
f 495/495/495 494/494/494 496/496/496
f 497/497/497 495/495/495 496/496/496
f 497/497/497 496/496/496 498/498/498
f 499/499/499 497/497/497 498/498/498
f 497/497/497 499/499/499 500/500/500
f 501/501/501 497/497/497 500/500/500
f 501/501/501 500/500/500 502/502/502
f 501/501/501 502/502/502 503/503/503
f 504/504/504 501/501/501 503/503/503
f 501/501/501 504/504/504 505/505/505
f 506/506/506 501/501/501 505/505/505
f 507/507/507 506/506/506 505/505/505
f 508/508/508 507/507/507 505/505/505
f 508/508/508 509/509/509 507/507/507
f 509/509/509 510/510/510 507/507/507
f 509/509/509 511/511/511 510/510/510
f 511/511/511 512/512/512 510/510/510
f 511/511/511 513/513/513 512/512/512
f 513/513/513 514/514/514 512/512/512
f 517/517/517 516/516/516 515/515/515
f 516/516/516 518/518/518 515/515/515
f 515/515/515 518/518/518 519/519/519
f 518/518/518 520/520/520 519/519/519
f 521/521/521 519/519/519 520/520/520
f 522/522/522 521/521/521 520/520/520
f 522/522/522 523/523/523 521/521/521
f 523/523/523 524/524/524 521/521/521
f 523/523/523 525/525/525 524/524/524
f 525/525/525 526/526/526 524/524/524
f 525/525/525 527/527/527 526/526/526
f 527/527/527 528/528/528 526/526/526
f 531/531/531 530/530/530 529/529/529
f 530/530/530 532/532/532 529/529/529
f 529/529/529 532/532/532 533/533/533
f 534/534/534 529/529/529 533/533/533
f 533/533/533 535/535/535 534/534/534
f 535/535/535 536/536/536 534/534/534
f 539/539/539 538/538/538 537/537/537
f 540/540/540 539/539/539 537/537/537
f 541/541/541 539/539/539 540/540/540
f 542/542/542 541/541/541 540/540/540
f 543/543/543 541/541/541 542/542/542
f 544/544/544 543/543/543 542/542/542
f 544/544/544 545/545/545 543/543/543
f 545/545/545 546/546/546 543/543/543
f 546/546/546 545/545/545 547/547/547
f 548/548/548 546/546/546 547/547/547
f 551/551/551 550/550/550 549/549/549
f 550/550/550 552/552/552 549/549/549
f 553/553/553 549/549/549 552/552/552
f 553/553/553 552/552/552 554/554/554
f 552/552/552 555/555/555 554/554/554
f 556/556/556 554/554/554 555/555/555
f 557/557/557 556/556/556 555/555/555
f 558/558/558 556/556/556 557/557/557
f 559/559/559 558/558/558 557/557/557
f 560/560/560 558/558/558 559/559/559
f 561/561/561 560/560/560 559/559/559
f 564/564/564 563/563/563 562/562/562
f 565/565/565 564/564/564 562/562/562
f 566/566/566 565/565/565 562/562/562
f 565/565/565 566/566/566 567/567/567
f 568/568/568 565/565/565 567/567/567
f 567/567/567 569/569/569 568/568/568
f 569/569/569 570/570/570 568/568/568
f 569/569/569 571/571/571 570/570/570
f 571/571/571 572/572/572 570/570/570
f 571/571/571 573/573/573 572/572/572
f 573/573/573 574/574/574 572/572/572
f 577/577/577 576/576/576 575/575/575
f 576/576/576 578/578/578 575/575/575
f 579/579/579 575/575/575 578/578/578
f 578/578/578 576/576/576 580/580/580
f 581/581/581 579/579/579 578/578/578
f 582/582/582 578/578/578 580/580/580
f 581/581/581 578/578/578 582/582/582
f 583/583/583 581/581/581 582/582/582
f 582/582/582 580/580/580 584/584/584
f 585/585/585 583/583/583 582/582/582
f 586/586/586 582/582/582 584/584/584
f 586/586/586 585/585/585 582/582/582
f 587/587/587 586/586/586 584/584/584
f 585/585/585 586/586/586 587/587/587
f 588/588/588 585/585/585 587/587/587
f 589/589/589 587/587/587 584/584/584
f 590/590/590 588/588/588 587/587/587
f 591/591/591 587/587/587 589/589/589
f 591/591/591 590/590/590 587/587/587
f 592/592/592 590/590/590 591/591/591
f 593/593/593 591/591/591 589/589/589
f 594/594/594 592/592/592 591/591/591
f 591/591/591 593/593/593 594/594/594
f 593/593/593 595/595/595 594/594/594
f 598/598/598 597/597/597 596/596/596
f 599/599/599 598/598/598 596/596/596
f 600/600/600 598/598/598 599/599/599
f 601/601/601 600/600/600 599/599/599
f 601/601/601 602/602/602 600/600/600
f 602/602/602 603/603/603 600/600/600
f 606/606/606 605/605/605 604/604/604
f 605/605/605 607/607/607 604/604/604
f 607/607/607 608/608/608 604/604/604
f 608/608/608 609/609/609 604/604/604
f 610/610/610 609/609/609 608/608/608
f 610/610/610 608/608/608 611/611/611
f 612/612/612 610/610/610 611/611/611
f 615/615/615 614/614/614 613/613/613
f 614/614/614 616/616/616 613/613/613
f 613/613/613 616/616/616 617/617/617
f 616/616/616 618/618/618 617/617/617
f 618/618/618 208/208/208 617/617/617
f 208/208/208 209/209/209 617/617/617
f 621/621/621 620/620/620 619/619/619
f 622/622/622 621/621/621 619/619/619
f 622/622/622 619/619/619 623/623/623
f 619/619/619 624/624/624 623/623/623
f 627/627/627 626/626/626 625/625/625
f 626/626/626 628/628/628 625/625/625
f 629/629/629 625/625/625 628/628/628
f 630/630/630 629/629/629 628/628/628
f 633/633/633 632/632/632 631/631/631
f 634/634/634 633/633/633 631/631/631
f 631/631/631 635/635/635 634/634/634
f 635/635/635 636/636/636 634/634/634
f 637/637/637 636/636/636 635/635/635
f 638/638/638 637/637/637 635/635/635
f 641/641/641 640/640/640 639/639/639
f 640/640/640 642/642/642 639/639/639
f 643/643/643 642/642/642 640/640/640
f 644/644/644 643/643/643 640/640/640
f 643/643/643 644/644/644 645/645/645
f 643/643/643 645/645/645 646/646/646
f 645/645/645 647/647/647 646/646/646
f 650/650/650 649/649/649 648/648/648
f 651/651/651 650/650/650 648/648/648
f 648/648/648 652/652/652 651/651/651
f 652/652/652 653/653/653 651/651/651
f 656/656/656 655/655/655 654/654/654
f 655/655/655 657/657/657 654/654/654
f 655/655/655 658/658/658 657/657/657
f 655/655/655 659/659/659 658/658/658
f 660/660/660 659/659/659 655/655/655
f 661/661/661 660/660/660 655/655/655
f 661/661/661 662/662/662 660/660/660
f 661/661/661 663/663/663 662/662/662
f 663/663/663 664/664/664 662/662/662
f 664/664/664 663/663/663 665/665/665
f 663/663/663 666/666/666 665/665/665
f 669/669/669 668/668/668 667/667/667
f 668/668/668 670/670/670 667/667/667
f 667/667/667 670/670/670 671/671/671
f 671/671/671 672/672/672 667/667/667
f 672/672/672 673/673/673 667/667/667
f 673/673/673 672/672/672 674/674/674
f 675/675/675 673/673/673 674/674/674
f 676/676/676 675/675/675 674/674/674
f 675/675/675 676/676/676 677/677/677
f 678/678/678 675/675/675 677/677/677
f 681/681/681 680/680/680 679/679/679
f 680/680/680 682/682/682 679/679/679
f 683/683/683 682/682/682 680/680/680
f 684/684/684 683/683/683 680/680/680
f 685/685/685 683/683/683 684/684/684
f 686/686/686 685/685/685 684/684/684
f 686/686/686 684/684/684 687/687/687
f 690/690/690 689/689/689 688/688/688
f 689/689/689 691/691/691 688/688/688
f 689/689/689 692/692/692 691/691/691
f 693/693/693 688/688/688 691/691/691
f 692/692/692 694/694/694 691/691/691
f 695/695/695 693/693/693 691/691/691
f 695/695/695 691/691/691 694/694/694
f 696/696/696 693/693/693 695/695/695
f 695/695/695 694/694/694 697/697/697
f 697/697/697 696/696/696 695/695/695
f 694/694/694 698/698/698 697/697/697
f 699/699/699 696/696/696 697/697/697
f 698/698/698 700/700/700 697/697/697
f 701/701/701 699/699/699 697/697/697
f 700/700/700 701/701/701 697/697/697
f 704/704/704 703/703/703 702/702/702
f 703/703/703 705/705/705 702/702/702
f 703/703/703 706/706/706 705/705/705
f 706/706/706 707/707/707 705/705/705
f 707/707/707 706/706/706 708/708/708
f 706/706/706 709/709/709 708/708/708
f 708/708/708 709/709/709 710/710/710
f 709/709/709 711/711/711 710/710/710
f 711/711/711 712/712/712 710/710/710
f 712/712/712 713/713/713 710/710/710
f 713/713/713 712/712/712 714/714/714
f 712/712/712 715/715/715 714/714/714
f 715/715/715 716/716/716 714/714/714
f 714/714/714 716/716/716 717/717/717
f 716/716/716 718/718/718 717/717/717
f 719/719/719 717/717/717 718/718/718
f 722/722/722 721/721/721 720/720/720
f 723/723/723 722/722/722 720/720/720
f 726/726/726 725/725/725 724/724/724
f 727/727/727 726/726/726 724/724/724
f 730/730/730 729/729/729 728/728/728
f 731/731/731 730/730/730 728/728/728
f 734/734/734 733/733/733 732/732/732
f 735/735/735 734/734/734 732/732/732
f 738/738/738 737/737/737 736/736/736
f 739/739/739 738/738/738 736/736/736
f 742/742/742 741/741/741 740/740/740
f 743/743/743 742/742/742 740/740/740
f 746/746/746 745/745/745 744/744/744
f 747/747/747 746/746/746 744/744/744
f 750/750/750 749/749/749 748/748/748
f 751/751/751 750/750/750 748/748/748
f 754/754/754 753/753/753 752/752/752
f 753/753/753 755/755/755 752/752/752
f 752/752/752 755/755/755 756/756/756
f 755/755/755 757/757/757 756/756/756
f 760/760/760 759/759/759 758/758/758
f 761/761/761 760/760/760 758/758/758
f 764/764/764 763/763/763 762/762/762
f 765/765/765 764/764/764 762/762/762
f 768/768/768 767/767/767 766/766/766
f 769/769/769 768/768/768 766/766/766
f 770/770/770 768/768/768 769/769/769
f 771/771/771 770/770/770 769/769/769
f 774/774/774 773/773/773 772/772/772
f 775/775/775 774/774/774 772/772/772
f 778/778/778 777/777/777 776/776/776
f 779/779/779 778/778/778 776/776/776
f 782/782/782 781/781/781 780/780/780
f 783/783/783 782/782/782 780/780/780
f 784/784/784 782/782/782 783/783/783
f 785/785/785 784/784/784 783/783/783
f 786/786/786 784/784/784 785/785/785
f 787/787/787 786/786/786 785/785/785
f 788/788/788 786/786/786 787/787/787
f 789/789/789 788/788/788 787/787/787
f 790/790/790 788/788/788 789/789/789
f 791/791/791 790/790/790 789/789/789
f 792/792/792 790/790/790 791/791/791
f 793/793/793 792/792/792 791/791/791
f 794/794/794 792/792/792 793/793/793
f 795/795/795 794/794/794 793/793/793
f 796/796/796 794/794/794 795/795/795
f 797/797/797 796/796/796 795/795/795
f 800/800/800 799/799/799 798/798/798
f 800/800/800 798/798/798 801/801/801
f 799/799/799 802/802/802 798/798/798
f 799/799/799 803/803/803 802/802/802
f 798/798/798 804/804/804 801/801/801
f 805/805/805 801/801/801 804/804/804
f 806/806/806 805/805/805 804/804/804
f 798/798/798 807/807/807 804/804/804
f 798/798/798 802/802/802 807/807/807
f 803/803/803 808/808/808 802/802/802
f 803/803/803 809/809/809 808/808/808
f 810/810/810 806/806/806 804/804/804
f 807/807/807 810/810/810 804/804/804
f 808/808/808 811/811/811 802/802/802
f 802/802/802 811/811/811 807/807/807
f 809/809/809 812/812/812 808/808/808
f 808/808/808 812/812/812 811/811/811
f 810/810/810 813/813/813 806/806/806
f 813/813/813 814/814/814 806/806/806
f 810/810/810 807/807/807 815/815/815
f 807/807/807 811/811/811 815/815/815
f 813/813/813 810/810/810 815/815/815
f 814/814/814 813/813/813 816/816/816
f 813/813/813 815/815/815 816/816/816
f 817/817/817 814/814/814 816/816/816
f 816/816/816 818/818/818 817/817/817
f 815/815/815 818/818/818 816/816/816
f 818/818/818 819/819/819 817/817/817
f 811/811/811 820/820/820 815/815/815
f 812/812/812 820/820/820 811/811/811
f 818/818/818 815/815/815 820/820/820
f 812/812/812 809/809/809 821/821/821
f 812/812/812 821/821/821 820/820/820
f 821/821/821 818/818/818 820/820/820
f 819/819/819 818/818/818 821/821/821
f 809/809/809 822/822/822 821/821/821
f 822/822/822 819/819/819 821/821/821
f 825/825/825 824/824/824 823/823/823
f 823/823/823 824/824/824 826/826/826
f 827/827/827 825/825/825 823/823/823
f 828/828/828 825/825/825 827/827/827
f 829/829/829 823/823/823 826/826/826
f 830/830/830 829/829/829 826/826/826
f 830/830/830 831/831/831 829/829/829
f 832/832/832 823/823/823 829/829/829
f 827/827/827 823/823/823 832/832/832
f 833/833/833 828/828/828 827/827/827
f 834/834/834 828/828/828 833/833/833
f 831/831/831 835/835/835 829/829/829
f 835/835/835 832/832/832 829/829/829
f 833/833/833 827/827/827 836/836/836
f 836/836/836 827/827/827 832/832/832
f 837/837/837 834/834/834 833/833/833
f 837/837/837 833/833/833 836/836/836
f 838/838/838 835/835/835 831/831/831
f 839/839/839 838/838/838 831/831/831
f 832/832/832 835/835/835 840/840/840
f 836/836/836 832/832/832 840/840/840
f 835/835/835 838/838/838 840/840/840
f 838/838/838 839/839/839 841/841/841
f 840/840/840 838/838/838 841/841/841
f 839/839/839 842/842/842 841/841/841
f 843/843/843 841/841/841 842/842/842
f 843/843/843 840/840/840 841/841/841
f 844/844/844 843/843/843 842/842/842
f 845/845/845 836/836/836 840/840/840
f 845/845/845 837/837/837 836/836/836
f 840/840/840 843/843/843 845/845/845
f 834/834/834 837/837/837 846/846/846
f 837/837/837 845/845/845 846/846/846
f 843/843/843 846/846/846 845/845/845
f 843/843/843 844/844/844 846/846/846
f 847/847/847 834/834/834 846/846/846
f 844/844/844 847/847/847 846/846/846
f 850/850/850 849/849/849 848/848/848
f 849/849/849 850/850/850 851/851/851
f 849/849/849 852/852/852 848/848/848
f 852/852/852 849/849/849 853/853/853
f 848/848/848 852/852/852 854/854/854
f 855/855/855 849/849/849 851/851/851
f 849/849/849 855/855/855 853/853/853
f 855/855/855 851/851/851 856/856/856
f 852/852/852 857/857/857 854/854/854
f 854/854/854 857/857/857 858/858/858
f 859/859/859 855/855/855 856/856/856
f 859/859/859 856/856/856 860/860/860
f 855/855/855 861/861/861 853/853/853
f 855/855/855 859/859/859 861/861/861
f 862/862/862 852/852/852 853/853/853
f 857/857/857 852/852/852 862/862/862
f 857/857/857 863/863/863 858/858/858
f 858/858/858 863/863/863 864/864/864
f 865/865/865 859/859/859 860/860/860
f 865/865/865 860/860/860 866/866/866
f 859/859/859 867/867/867 861/861/861
f 859/859/859 865/865/865 868/868/868
f 867/867/867 859/859/859 868/868/868
f 869/869/869 865/865/865 866/866/866
f 868/868/868 865/865/865 869/869/869
f 870/870/870 861/861/861 867/867/867
f 853/853/853 861/861/861 870/870/870
f 871/871/871 869/869/869 866/866/866
f 872/872/872 871/871/871 866/866/866
f 873/873/873 868/868/868 869/869/869
f 871/871/871 873/873/873 869/869/869
f 867/867/867 868/868/868 874/874/874
f 874/874/874 868/868/868 873/873/873
f 874/874/874 870/870/870 867/867/867
f 875/875/875 874/874/874 873/873/873
f 875/875/875 873/873/873 871/871/871
f 870/870/870 874/874/874 875/875/875
f 871/871/871 872/872/872 876/876/876
f 876/876/876 875/875/875 871/871/871
f 872/872/872 877/877/877 876/876/876
f 878/878/878 870/870/870 875/875/875
f 875/875/875 876/876/876 878/878/878
f 876/876/876 877/877/877 879/879/879
f 876/876/876 879/879/879 878/878/878
f 877/877/877 880/880/880 879/879/879
f 879/879/879 880/880/880 881/881/881
f 870/870/870 878/878/878 882/882/882
f 882/882/882 853/853/853 870/870/870
f 878/878/878 879/879/879 883/883/883
f 878/878/878 883/883/883 882/882/882
f 884/884/884 879/879/879 881/881/881
f 879/879/879 884/884/884 883/883/883
f 885/885/885 884/884/884 881/881/881
f 884/884/884 885/885/885 883/883/883
f 886/886/886 885/885/885 881/881/881
f 886/886/886 887/887/887 885/885/885
f 853/853/853 882/882/882 888/888/888
f 862/862/862 853/853/853 888/888/888
f 883/883/883 889/889/889 882/882/882
f 885/885/885 889/889/889 883/883/883
f 889/889/889 888/888/888 882/882/882
f 887/887/887 890/890/890 885/885/885
f 885/885/885 890/890/890 889/889/889
f 887/887/887 891/891/891 890/890/890
f 890/890/890 892/892/892 889/889/889
f 888/888/888 889/889/889 892/892/892
f 891/891/891 893/893/893 890/890/890
f 892/892/892 890/890/890 893/893/893
f 893/893/893 891/891/891 864/864/864
f 862/862/862 888/888/888 894/894/894
f 894/894/894 857/857/857 862/862/862
f 895/895/895 888/888/888 892/892/892
f 888/888/888 895/895/895 894/894/894
f 896/896/896 857/857/857 894/894/894
f 896/896/896 894/894/894 895/895/895
f 857/857/857 896/896/896 863/863/863
f 863/863/863 897/897/897 864/864/864
f 897/897/897 893/893/893 864/864/864
f 863/863/863 896/896/896 897/897/897
f 895/895/895 892/892/892 898/898/898
f 898/898/898 892/892/892 893/893/893
f 893/893/893 897/897/897 898/898/898
f 896/896/896 898/898/898 897/897/897
f 896/896/896 895/895/895 898/898/898
f 901/901/901 900/900/900 899/899/899
f 901/901/901 902/902/902 900/900/900
f 900/900/900 903/903/903 899/899/899
f 899/899/899 903/903/903 904/904/904
f 905/905/905 904/904/904 903/903/903
f 906/906/906 905/905/905 903/903/903
f 900/900/900 906/906/906 903/903/903
f 906/906/906 900/900/900 907/907/907
f 902/902/902 908/908/908 900/900/900
f 900/900/900 908/908/908 907/907/907
f 908/908/908 902/902/902 909/909/909
f 908/908/908 909/909/909 907/907/907
f 902/902/902 910/910/910 909/909/909
f 909/909/909 911/911/911 907/907/907
f 909/909/909 910/910/910 912/912/912
f 911/911/911 909/909/909 913/913/913
f 913/913/913 909/909/909 912/912/912
f 914/914/914 911/911/911 913/913/913
f 912/912/912 915/915/915 913/913/913
f 914/914/914 913/913/913 915/915/915
f 918/918/918 917/917/917 916/916/916
f 919/919/919 918/918/918 916/916/916
f 917/917/917 920/920/920 916/916/916
f 921/921/921 919/919/919 916/916/916
f 922/922/922 919/919/919 921/921/921
f 920/920/920 923/923/923 916/916/916
f 921/921/921 916/916/916 923/923/923
f 923/923/923 920/920/920 924/924/924
f 925/925/925 923/923/923 924/924/924
f 924/924/924 926/926/926 925/925/925
f 927/927/927 922/922/922 921/921/921
f 922/922/922 927/927/927 928/928/928
f 929/929/929 921/921/921 923/923/923
f 923/923/923 925/925/925 929/929/929
f 929/929/929 930/930/930 921/921/921
f 925/925/925 930/930/930 929/929/929
f 930/930/930 927/927/927 921/921/921
f 926/926/926 931/931/931 925/925/925
f 925/925/925 931/931/931 930/930/930
f 927/927/927 930/930/930 932/932/932
f 931/931/931 932/932/932 930/930/930
f 927/927/927 933/933/933 928/928/928
f 933/933/933 927/927/927 932/932/932
f 933/933/933 934/934/934 928/928/928
f 934/934/934 933/933/933 932/932/932
f 934/934/934 935/935/935 928/928/928
f 931/931/931 926/926/926 936/936/936
f 926/926/926 937/937/937 936/936/936
f 932/932/932 931/931/931 938/938/938
f 938/938/938 934/934/934 932/932/932
f 931/931/931 936/936/936 938/938/938
f 935/935/935 934/934/934 939/939/939
f 934/934/934 938/938/938 939/939/939
f 940/940/940 935/935/935 939/939/939
f 941/941/941 936/936/936 937/937/937
f 942/942/942 941/941/941 937/937/937
f 938/938/938 936/936/936 943/943/943
f 938/938/938 943/943/943 939/939/939
f 936/936/936 941/941/941 943/943/943
f 939/939/939 943/943/943 941/941/941
f 940/940/940 939/939/939 944/944/944
f 944/944/944 939/939/939 941/941/941
f 941/941/941 942/942/942 944/944/944
f 945/945/945 940/940/940 944/944/944
f 942/942/942 946/946/946 944/944/944
f 945/945/945 944/944/944 946/946/946
