g CatwalkWestStairs_C
v 29.0014267 0.809520721 -3.93109298
v 29.0160542 0.827317417 -3.9305675
v 29.076561 0.827317417 -3.9305675
v 29.0014267 0.809520721 -3.93109298
v 29.076561 0.827317417 -3.9305675
v 29.0911865 0.809520721 -3.93109298
v 29.0160542 1.55956435 -4.85719585
v 29.0014267 1.54150259 -4.85729933
v 29.0014267 2.23447943 -5.73415089
v 29.0160542 1.55956435 -4.85719585
v 29.0014267 2.23447943 -5.73415089
v 29.0160542 2.24821377 -5.72865343
v 29.0160542 3.54485416 -8.20821476
v 29.0014267 3.52085066 -8.20105743
v 29.0014267 4.19184446 -9.01586437
v 29.0160542 3.54485416 -8.20821476
v 29.0014267 4.19184446 -9.01586437
v 29.0160542 4.19584036 -8.99872494
v 29.0304928 3.89217043 -9.85499573
v 29.0304928 4.7410059 -9.85499573
v 29.0604916 4.7410059 -9.85499573
v 29.0604916 3.89217043 -9.85499573
v 29.0304928 4.74100637 -9.88499546
v 29.0304928 3.89217043 -9.88499546
v 29.0604916 3.89217043 -9.88499546
v 29.0604916 4.74100637 -9.88499546
v 29.0604916 3.89217043 -9.85499573
v 29.0604916 4.7410059 -9.85499573
v 29.0604916 4.74100637 -9.88499546
v 29.0604916 3.89217043 -9.88499546
v 29.0304928 3.89217043 -9.88499546
v 29.0304928 4.74100637 -9.88499546
v 29.0304928 4.7410059 -9.85499573
v 29.0304928 3.89217043 -9.85499573
v 29.0304928 3.5229702 -9.3291111
v 29.0304928 4.43371391 -9.3291111
v 29.0604916 4.43371391 -9.3291111
v 29.0604916 3.5229702 -9.3291111
v 29.0304928 4.45989704 -9.35911083
v 29.0304928 3.5229702 -9.35911083
v 29.0604916 3.5229702 -9.35911083
v 29.0604916 4.45989704 -9.35911083
v 29.0604916 3.5229702 -9.3291111
v 29.0604916 4.43371391 -9.3291111
v 29.0604916 4.45989704 -9.35911083
v 29.0604916 3.5229702 -9.35911083
v 29.0304928 3.5229702 -9.35911083
v 29.0304928 4.45989704 -9.35911083
v 29.0304928 4.43371391 -9.3291111
v 29.0304928 3.5229702 -9.3291111
v 29.0304928 3.74294019 -9.59205341
v 29.0304928 4.65368414 -9.59205341
v 29.0604916 4.65368414 -9.59205341
v 29.0604916 3.74294019 -9.59205341
v 29.0304928 4.67986727 -9.62205315
v 29.0304928 3.74294019 -9.62205315
v 29.0604916 3.74294019 -9.62205315
v 29.0604916 4.67986727 -9.62205315
v 29.0604916 3.74294019 -9.59205341
v 29.0604916 4.65368414 -9.59205341
v 29.0604916 4.67986727 -9.62205315
v 29.0604916 3.74294019 -9.62205315
v 29.0304928 3.74294019 -9.62205315
v 29.0304928 4.67986727 -9.62205315
v 29.0304928 4.65368414 -9.59205341
v 29.0304928 3.74294019 -9.59205341
v 29.0304928 3.08601594 -8.80322647
v 29.0304928 3.99675965 -8.80322647
v 29.0604916 3.99675965 -8.80322647
v 29.0604916 3.08601594 -8.80322647
v 29.0304928 4.02294254 -8.83322716
v 29.0304928 3.08601594 -8.83322716
v 29.0604916 3.08601594 -8.83322716
v 29.0604916 4.02294254 -8.83322716
v 29.0604916 3.08601594 -8.80322647
v 29.0604916 3.99675965 -8.80322647
v 29.0604916 4.02294254 -8.83322716
v 29.0604916 3.08601594 -8.83322716
v 29.0304928 3.08601594 -8.83322716
v 29.0304928 4.02294254 -8.83322716
v 29.0304928 3.99675965 -8.80322647
v 29.0304928 3.08601594 -8.80322647
v 29.0304928 3.31530094 -9.06616879
v 29.0304928 4.22604465 -9.06616879
v 29.0604916 4.22604465 -9.06616879
v 29.0604916 3.31530094 -9.06616879
v 29.0304928 4.25222778 -9.09616852
v 29.0304928 3.31530094 -9.09616852
v 29.0604916 3.31530094 -9.09616852
v 29.0604916 4.25222778 -9.09616852
v 29.0604916 3.31530094 -9.06616879
v 29.0604916 4.22604465 -9.06616879
v 29.0604916 4.25222778 -9.09616852
v 29.0604916 3.31530094 -9.09616852
v 29.0304928 3.31530094 -9.09616852
v 29.0304928 4.25222778 -9.09616852
v 29.0304928 4.22604465 -9.06616879
v 29.0304928 3.31530094 -9.06616879
v 29.0304928 2.8783462 -8.54028511
v 29.0304928 3.78908992 -8.54028511
v 29.0604916 3.78908992 -8.54028511
v 29.0604916 2.8783462 -8.54028511
v 29.0304928 3.81527305 -8.57028484
v 29.0304928 2.8783462 -8.57028484
v 29.0604916 2.8783462 -8.57028484
v 29.0604916 3.81527305 -8.57028484
v 29.0604916 2.8783462 -8.54028511
v 29.0604916 3.78908992 -8.54028511
v 29.0604916 3.81527305 -8.57028484
v 29.0604916 2.8783462 -8.57028484
v 29.0304928 2.8783462 -8.57028484
v 29.0304928 3.81527305 -8.57028484
v 29.0304928 3.78908992 -8.54028511
v 29.0304928 2.8783462 -8.54028511
v 29.0304928 2.65812516 -8.2773428
v 29.0304928 3.56886888 -8.2773428
v 29.0604916 3.56886888 -8.2773428
v 29.0604916 2.65812516 -8.2773428
v 29.0304928 3.595052 -8.30734253
v 29.0304928 2.65812516 -8.30734253
v 29.0604916 2.65812516 -8.30734253
v 29.0604916 3.595052 -8.30734253
v 29.0604916 2.65812516 -8.2773428
v 29.0604916 3.56886888 -8.2773428
v 29.0604916 3.595052 -8.30734253
v 29.0604916 2.65812516 -8.30734253
v 29.0304928 2.65812516 -8.30734253
v 29.0304928 3.595052 -8.30734253
v 29.0304928 3.56886888 -8.2773428
v 29.0304928 2.65812516 -8.2773428
v 29.0304928 2.10433555 -6.72307253
v 29.0304928 2.9709053 -6.72307253
v 29.0604916 2.9709053 -6.72307253
v 29.0604916 2.10433555 -6.72307253
v 29.0304928 2.97090578 -6.75307226
v 29.0304928 2.10433555 -6.75307226
v 29.0604916 2.10433555 -6.75307226
v 29.0604916 2.97090578 -6.75307226
v 29.0604916 2.10433555 -6.72307253
v 29.0604916 2.9709053 -6.72307253
v 29.0604916 2.97090578 -6.75307226
v 29.0604916 2.10433555 -6.75307226
v 29.0304928 2.10433555 -6.75307226
v 29.0304928 2.97090578 -6.75307226
v 29.0304928 2.9709053 -6.72307253
v 29.0304928 2.10433555 -6.72307253
v 29.0304928 1.89666641 -6.46012974
v 29.0304928 2.80741 -6.46012974
v 29.0604916 2.80741 -6.46012974
v 29.0604916 1.89666641 -6.46012974
v 29.0304928 2.83359337 -6.49012995
v 29.0304928 1.89666641 -6.49012995
v 29.0604916 1.89666641 -6.49012995
v 29.0604916 2.83359337 -6.49012995
v 29.0604916 1.89666641 -6.46012974
v 29.0604916 2.80741 -6.46012974
v 29.0604916 2.83359337 -6.49012995
v 29.0604916 1.89666641 -6.49012995
v 29.0304928 1.89666641 -6.49012995
v 29.0304928 2.83359337 -6.49012995
v 29.0304928 2.80741 -6.46012974
v 29.0304928 1.89666641 -6.46012974
v 29.0304928 1.68899679 -6.1971879
v 29.0304928 2.59974051 -6.1971879
v 29.0604916 2.59974051 -6.1971879
v 29.0604916 1.68899679 -6.1971879
v 29.0304928 2.62592363 -6.22718811
v 29.0304928 1.68899679 -6.22718811
v 29.0604916 1.68899679 -6.22718811
v 29.0604916 2.62592363 -6.22718811
v 29.0604916 1.68899679 -6.1971879
v 29.0604916 2.59974051 -6.1971879
v 29.0604916 2.62592363 -6.22718811
v 29.0604916 1.68899679 -6.22718811
v 29.0304928 1.68899679 -6.22718811
v 29.0304928 2.62592363 -6.22718811
v 29.0304928 2.59974051 -6.1971879
v 29.0304928 1.68899679 -6.1971879
v 29.0304928 1.48132753 -5.93424559
v 29.0304928 2.39207125 -5.93424559
v 29.0604916 2.39207125 -5.93424559
v 29.0604916 1.48132753 -5.93424559
v 29.0304928 2.41825438 -5.96424532
v 29.0304928 1.48132753 -5.96424532
v 29.0604916 1.48132753 -5.96424532
v 29.0604916 2.41825438 -5.96424532
v 29.0604916 1.48132753 -5.93424559
v 29.0604916 2.39207125 -5.93424559
v 29.0604916 2.41825438 -5.96424532
v 29.0604916 1.48132753 -5.96424532
v 29.0304928 1.48132753 -5.96424532
v 29.0304928 2.41825438 -5.96424532
v 29.0304928 2.39207125 -5.93424559
v 29.0304928 1.48132753 -5.93424559
v 29.0304928 1.27365816 -5.67130375
v 29.0304928 2.18440175 -5.67130375
v 29.0604916 2.18440175 -5.67130375
v 29.0604916 1.27365816 -5.67130375
v 29.0304928 2.21058488 -5.70130348
v 29.0304928 1.27365816 -5.70130348
v 29.0604916 1.27365816 -5.70130348
v 29.0604916 2.21058488 -5.70130348
v 29.0604916 1.27365816 -5.67130375
v 29.0604916 2.18440175 -5.67130375
v 29.0604916 2.21058488 -5.70130348
v 29.0604916 1.27365816 -5.70130348
v 29.0304928 1.27365816 -5.70130348
v 29.0304928 2.21058488 -5.70130348
v 29.0304928 2.18440175 -5.67130375
v 29.0304928 1.27365816 -5.67130375
v 29.0304928 0.235311195 -4.35659266
v 29.0304928 1.14605486 -4.35659266
v 29.0604916 1.14605486 -4.35659266
v 29.0604916 0.235311195 -4.35659266
v 29.0304928 1.17223811 -4.38659239
v 29.0304928 0.235311195 -4.38659239
v 29.0604916 0.235311195 -4.38659239
v 29.0604916 1.17223811 -4.38659239
v 29.0604916 0.235311195 -4.35659266
v 29.0604916 1.14605486 -4.35659266
v 29.0604916 1.17223811 -4.38659239
v 29.0604916 0.235311195 -4.38659239
v 29.0304928 0.235311195 -4.38659239
v 29.0304928 1.17223811 -4.38659239
v 29.0304928 1.14605486 -4.35659266
v 29.0304928 0.235311195 -4.35659266
v 29.0160542 4.76023436 -9.68408394
v 29.0160542 4.76023388 -9.92346382
v 29.076561 4.76023388 -9.92346382
v 29.076561 4.76023436 -9.68408298
v 29.0160542 2.98046064 -6.6552825
v 29.0160542 2.98046017 -7.52285528
v 29.076561 2.98046041 -7.52285385
v 29.076561 2.98046064 -6.6552825
v 29.0911865 4.74623442 -9.68907547
v 29.076561 4.76023436 -9.68408298
v 29.076561 4.76023388 -9.92346382
v 29.0911865 4.74623394 -9.9344635
v 29.0911865 4.74623394 -9.9344635
v 29.076561 4.76023388 -9.92346382
v 29.0160542 4.76023388 -9.92346382
v 29.0014267 4.74623394 -9.9344635
v 29.0014267 4.74623394 -9.9344635
v 29.0160542 4.76023388 -9.92346382
v 29.0160542 4.76023436 -9.68408394
v 29.0014267 4.74623442 -9.68907547
v 29.0911865 2.96646118 -6.660357
v 29.076561 2.98046064 -6.6552825
v 29.076561 2.98046041 -7.52285385
v 29.0911865 2.96646047 -7.52784538
v 29.0014267 2.96646047 -7.52784586
v 29.0160542 2.98046017 -7.52285528
v 29.0160542 2.98046064 -6.6552825
v 29.0014267 2.96646118 -6.660357
v 29.0911865 2.94946027 -7.53394318
v 29.0014267 2.94946027 -7.53394461
v 29.0014267 2.94946098 -6.66642666
v 29.0911865 2.94946098 -6.66642666
v 29.0911865 4.72923374 -9.9344635
v 29.0014267 4.72923374 -9.9344635
v 29.0014267 4.72923422 -9.69517326
v 29.0911865 4.72923422 -9.69517326
v 29.0911865 0.809520721 -3.93109298
v 29.0911865 0.796365738 -3.94186091
v 29.0014267 0.796365738 -3.94186091
v 29.0014267 0.809520721 -3.93109298
v 29.0911865 2.96646047 -7.52784538
v 29.0911865 2.94946027 -7.53394318
v 29.0911865 2.94946098 -6.66642666
v 29.0911865 2.96646118 -6.660357
v 29.0014267 2.96646118 -6.660357
v 29.0014267 2.94946098 -6.66642666
v 29.0014267 2.94946027 -7.53394461
v 29.0014267 2.96646047 -7.52784586
v 29.0911865 4.74623394 -9.9344635
v 29.0911865 4.72923374 -9.9344635
v 29.0911865 4.72923422 -9.69517326
v 29.0911865 4.74623442 -9.68907547
v 29.0014267 4.74623442 -9.68907547
v 29.0014267 4.72923422 -9.69517326
v 29.0014267 4.72923374 -9.9344635
v 29.0014267 4.74623394 -9.9344635
v 29.0014267 4.74623394 -9.9344635
v 29.0014267 4.72923374 -9.9344635
v 29.0911865 4.72923374 -9.9344635
v 29.0911865 4.74623394 -9.9344635
v 29.0304928 0.650650024 -4.88247681
v 29.0304928 1.56139374 -4.88247681
v 29.0604916 1.56139374 -4.88247681
v 29.0604916 0.650650024 -4.88247681
v 29.0304928 1.58757687 -4.91247702
v 29.0304928 0.650650024 -4.91247702
v 29.0604916 0.650650024 -4.91247702
v 29.0604916 1.58757687 -4.91247702
v 29.0604916 0.650650024 -4.88247681
v 29.0604916 1.56139374 -4.88247681
v 29.0604916 1.58757687 -4.91247702
v 29.0604916 0.650650024 -4.91247702
v 29.0304928 0.650650024 -4.91247702
v 29.0304928 1.58757687 -4.91247702
v 29.0304928 1.56139374 -4.88247681
v 29.0304928 0.650650024 -4.88247681
v 29.0304928 1.06598878 -5.40836096
v 29.0304928 1.97673249 -5.40836096
v 29.0604916 1.97673249 -5.40836096
v 29.0604916 1.06598878 -5.40836096
v 29.0304928 2.00291562 -5.43836117
v 29.0304928 1.06598878 -5.43836117
v 29.0604916 1.06598878 -5.43836117
v 29.0604916 2.00291562 -5.43836117
v 29.0604916 1.06598878 -5.40836096
v 29.0604916 1.97673249 -5.40836096
v 29.0604916 2.00291562 -5.43836117
v 29.0604916 1.06598878 -5.43836117
v 29.0304928 1.06598878 -5.43836117
v 29.0304928 2.00291562 -5.43836117
v 29.0304928 1.97673249 -5.40836096
v 29.0304928 1.06598878 -5.40836096
v 29.0304928 2.10433555 -7.2329998
v 29.0304928 2.9709053 -7.2329998
v 29.0604916 2.9709053 -7.2329998
v 29.0604916 2.10433555 -7.2329998
v 29.0304928 2.97090578 -7.26299953
v 29.0304928 2.10433555 -7.26299953
v 29.0604916 2.10433555 -7.26299953
v 29.0604916 2.97090578 -7.26299953
v 29.0604916 2.10433555 -7.2329998
v 29.0604916 2.9709053 -7.2329998
v 29.0604916 2.97090578 -7.26299953
v 29.0604916 2.10433555 -7.26299953
v 29.0304928 2.10433555 -7.26299953
v 29.0304928 2.97090578 -7.26299953
v 29.0304928 2.9709053 -7.2329998
v 29.0304928 2.10433555 -7.2329998
v 29.0304928 2.44116426 -8.01440048
v 29.0304928 3.35190797 -8.01440048
v 29.0604916 3.35190797 -8.01440048
v 29.0604916 2.44116426 -8.01440048
v 29.0304928 3.3780911 -8.04440022
v 29.0304928 2.44116426 -8.04440022
v 29.0604916 2.44116426 -8.04440022
v 29.0604916 3.3780911 -8.04440022
v 29.0604916 2.44116426 -8.01440048
v 29.0604916 3.35190797 -8.01440048
v 29.0604916 3.3780911 -8.04440022
v 29.0604916 2.44116426 -8.04440022
v 29.0304928 2.44116426 -8.04440022
v 29.0304928 3.3780911 -8.04440022
v 29.0304928 3.35190797 -8.01440048
v 29.0304928 2.44116426 -8.01440048
v 29.0304928 2.10433555 -7.48796368
v 29.0304928 2.9709053 -7.48796368
v 29.0604916 2.9709053 -7.48796368
v 29.0604916 2.10433555 -7.48796368
v 29.0304928 2.97090578 -7.51796389
v 29.0304928 2.10433555 -7.51796389
v 29.0604916 2.10433555 -7.51796389
v 29.0604916 2.97090578 -7.51796389
v 29.0604916 2.10433555 -7.48796368
v 29.0604916 2.9709053 -7.48796368
v 29.0604916 2.97090578 -7.51796389
v 29.0604916 2.10433555 -7.51796389
v 29.0304928 2.10433555 -7.51796389
v 29.0304928 2.97090578 -7.51796389
v 29.0304928 2.9709053 -7.48796368
v 29.0304928 2.10433555 -7.48796368
v 29.0304928 0.442980558 -4.61953497
v 29.0304928 1.35372424 -4.61953497
v 29.0604916 1.35372424 -4.61953497
v 29.0604916 0.442980558 -4.61953497
v 29.0304928 1.37990749 -4.6495347
v 29.0304928 0.442980558 -4.6495347
v 29.0604916 0.442980558 -4.6495347
v 29.0604916 1.37990749 -4.6495347
v 29.0604916 0.442980558 -4.61953497
v 29.0604916 1.35372424 -4.61953497
v 29.0604916 1.37990749 -4.6495347
v 29.0604916 0.442980558 -4.6495347
v 29.0304928 0.442980558 -4.6495347
v 29.0304928 1.37990749 -4.6495347
v 29.0304928 1.35372424 -4.61953497
v 29.0304928 0.442980558 -4.61953497
v 29.0304928 2.23587394 -7.75145817
v 29.0304928 3.14661765 -7.75145817
v 29.0604916 3.14661765 -7.75145817
v 29.0604916 2.23587394 -7.75145817
v 29.0304928 3.17280078 -7.7814579
v 29.0304928 2.23587394 -7.7814579
v 29.0604916 2.23587394 -7.7814579
v 29.0604916 3.17280078 -7.7814579
v 29.0604916 2.23587394 -7.75145817
v 29.0604916 3.14661765 -7.75145817
v 29.0604916 3.17280078 -7.7814579
v 29.0604916 2.23587394 -7.7814579
v 29.0304928 2.23587394 -7.7814579
v 29.0304928 3.17280078 -7.7814579
v 29.0304928 3.14661765 -7.75145817
v 29.0304928 2.23587394 -7.75145817
v 29.0304928 0.858319402 -5.14541912
v 29.0304928 1.76906312 -5.14541912
v 29.0604916 1.76906312 -5.14541912
v 29.0604916 0.858319402 -5.14541912
v 29.0304928 1.79524624 -5.17541933
v 29.0304928 0.858319402 -5.17541933
v 29.0604916 0.858319402 -5.17541933
v 29.0604916 1.79524624 -5.17541933
v 29.0604916 0.858319402 -5.14541912
v 29.0604916 1.76906312 -5.14541912
v 29.0604916 1.79524624 -5.17541933
v 29.0604916 0.858319402 -5.17541933
v 29.0304928 0.858319402 -5.17541933
v 29.0304928 1.79524624 -5.17541933
v 29.0304928 1.76906312 -5.14541912
v 29.0304928 0.858319402 -5.14541912
v 29.0304928 0.0276418291 -4.09365034
v 29.0304928 0.938385427 -4.09365034
v 29.0604916 0.938385427 -4.09365034
v 29.0604916 0.0276418291 -4.09365034
v 29.0304928 0.964568794 -4.12365055
v 29.0304928 0.0276418291 -4.12365055
v 29.0604916 0.0276418291 -4.12365055
v 29.0604916 0.964568794 -4.12365055
v 29.0604916 0.0276418291 -4.09365034
v 29.0604916 0.938385427 -4.09365034
v 29.0604916 0.964568794 -4.12365055
v 29.0604916 0.0276418291 -4.12365055
v 29.0304928 0.0276418291 -4.12365055
v 29.0304928 0.964568794 -4.12365055
v 29.0304928 0.938385427 -4.09365034
v 29.0304928 0.0276418291 -4.09365034
v 29.0304928 2.10433555 -6.97803593
v 29.0304928 2.9709053 -6.97803593
v 29.0604916 2.9709053 -6.97803593
v 29.0604916 2.10433555 -6.97803593
v 29.0304928 2.97090578 -7.00803566
v 29.0304928 2.10433555 -7.00803566
v 29.0604916 2.10433555 -7.00803566
v 29.0604916 2.97090578 -7.00803566
v 29.0604916 2.10433555 -6.97803593
v 29.0604916 2.9709053 -6.97803593
v 29.0604916 2.97090578 -7.00803566
v 29.0604916 2.10433555 -7.00803566
v 29.0304928 2.10433555 -7.00803566
v 29.0304928 2.97090578 -7.00803566
v 29.0304928 2.9709053 -6.97803593
v 29.0304928 2.10433555 -6.97803593
v 29.0235519 3.90233612 -9.57881546
v 29.0235519 3.90233541 -10.3582678
v 29.069067 3.90233541 -10.3582678
v 29.069067 3.90233612 -9.57881451
v 29.0125504 3.5370996 -10.3692646
v 29.0125504 3.53710008 -9.68433475
v 29.0800686 3.53710008 -9.68433475
v 29.0800686 3.5370996 -10.3692646
v 29.0125504 3.88833547 -10.3692675
v 29.0125504 3.88833618 -9.58380699
v 29.0125504 3.53710008 -9.68433475
v 29.0125504 3.5370996 -10.3692646
v 29.0235519 2.25564194 -7.56282139
v 29.0235519 3.07898879 -8.5708189
v 29.069067 3.07898927 -8.57081795
v 29.069067 2.25564194 -7.56282043
v 29.0125504 2.73707199 -8.69500637
v 29.0125504 1.93704367 -7.70567846
v 29.0800686 1.93704367 -7.70567846
v 29.0800686 2.73707199 -8.69500637
v 29.0125504 3.06498885 -8.57580948
v 29.0125504 2.241642 -7.56781244
v 29.0125504 1.93704367 -7.70567846
v 29.0125504 2.73707199 -8.69500637
v 29.0235519 2.25564241 -6.73393106
v 29.0235519 2.25564194 -7.56282139
v 29.069067 2.25564194 -7.56282043
v 29.069067 2.25564241 -6.73393106
v 29.0125504 1.93704367 -7.70567846
v 29.0125504 1.93704438 -6.89963531
v 29.0800686 1.93704438 -6.89963531
v 29.0800686 1.93704367 -7.70567846
v 29.0125504 1.93704367 -7.70567846
v 29.0125504 2.241642 -7.56781244
v 29.0125504 2.24164248 -6.73900557
v 29.0125504 1.93704438 -6.89963531
v 29.0235519 0.0147112058 -4.04881907
v 29.0235519 1.13517678 -5.39137506
v 29.069067 1.13517678 -5.39137506
v 29.069067 0.0147112058 -4.04881907
v 29.0125504 0.967200518 -5.70437098
v 29.0125504 -0.00264333235 -4.50910664
v 29.0800686 -0.00264333235 -4.50910664
v 29.0800686 0.967200518 -5.70437098
v 29.0125504 1.11927855 -5.39417458
v 29.0125504 -0.00308553455 -4.04934454
v 29.0125504 -0.00264333235 -4.50910664
v 29.0125504 0.967200518 -5.70437098
v 29.0800686 3.5370996 -10.3692646
v 29.0800686 3.53710008 -9.68433475
v 29.0800686 3.88833618 -9.58380699
v 29.0800686 3.88833547 -10.3692675
v 29.0800686 2.73707199 -8.69500637
v 29.0800686 1.93704367 -7.70567846
v 29.0800686 2.241642 -7.56781149
v 29.0800686 3.06498885 -8.57580948
v 29.0800686 1.93704367 -7.70567846
v 29.0800686 1.93704438 -6.89963531
v 29.0800686 2.24164248 -6.73900557
v 29.0800686 2.241642 -7.56781149
v 29.0800686 0.967200518 -5.70437098
v 29.0800686 -0.00264333235 -4.50910664
v 29.0800686 -0.00308553455 -4.04934454
v 29.0800686 1.11927855 -5.39417458
v 29.0800686 3.88833618 -9.58380699
v 29.069067 3.90233612 -9.57881451
v 29.069067 3.90233541 -10.3582678
v 29.0800686 3.88833547 -10.3692675
v 29.0800686 3.88833547 -10.3692675
v 29.069067 3.90233541 -10.3582678
v 29.0235519 3.90233541 -10.3582678
v 29.0125504 3.88833547 -10.3692675
v 29.0125504 3.88833547 -10.3692675
v 29.0235519 3.90233541 -10.3582678
v 29.0235519 3.90233612 -9.57881546
v 29.0125504 3.88833618 -9.58380699
v 29.0800686 2.241642 -7.56781149
v 29.069067 2.25564194 -7.56282043
v 29.069067 3.07898927 -8.57081795
v 29.0800686 3.06498885 -8.57580948
v 29.0235519 3.07898879 -8.5708189
v 29.0235519 2.25564194 -7.56282139
v 29.0125504 2.241642 -7.56781244
v 29.0125504 3.06498885 -8.57580948
v 29.0800686 2.24164248 -6.73900557
v 29.069067 2.25564241 -6.73393106
v 29.069067 2.25564194 -7.56282043
v 29.0800686 2.241642 -7.56781149
v 29.0125504 2.241642 -7.56781244
v 29.0235519 2.25564194 -7.56282139
v 29.0235519 2.25564241 -6.73393106
v 29.0125504 2.24164248 -6.73900557
v 29.0125504 -0.00308553455 -4.04934454
v 29.0235519 0.0147112058 -4.04881907
v 29.069067 0.0147112058 -4.04881907
v 29.0800686 -0.00308553455 -4.04934454
v 29.0800686 -0.00308553455 -4.04934454
v 29.069067 0.0147112058 -4.04881907
v 29.069067 1.13517678 -5.39137506
v 29.0800686 1.11927855 -5.39417458
v 29.0235519 1.13517678 -5.39137506
v 29.0235519 0.0147112058 -4.04881907
v 29.0125504 -0.00308553455 -4.04934454
v 29.0125504 1.11927855 -5.39417458
v 29.0125504 3.53710008 -9.68433475
v 29.0125504 2.73707199 -8.69500637
v 29.0800686 2.73707199 -8.69500637
v 29.0800686 3.53710008 -9.68433475
v 29.0800686 3.53710008 -9.68433475
v 29.0800686 2.73707199 -8.69500637
v 29.0800686 3.06498885 -8.57580948
v 29.0800686 3.88833618 -9.58380699
v 29.069067 3.07898927 -8.57081795
v 29.069067 3.90233612 -9.57881451
v 29.0800686 3.88833618 -9.58380699
v 29.0800686 3.06498885 -8.57580948
v 29.0235519 3.07898879 -8.5708189
v 29.0235519 3.90233612 -9.57881546
v 29.069067 3.90233612 -9.57881451
v 29.069067 3.07898927 -8.57081795
v 29.0125504 3.88833618 -9.58380699
v 29.0235519 3.90233612 -9.57881546
v 29.0235519 3.07898879 -8.5708189
v 29.0125504 3.06498885 -8.57580948
v 29.0125504 3.53710008 -9.68433475
v 29.0125504 3.88833618 -9.58380699
v 29.0125504 3.06498885 -8.57580948
v 29.0125504 2.73707199 -8.69500637
v 29.0125504 1.93704438 -6.89963531
v 29.0125504 0.967200518 -5.70437098
v 29.0800686 0.967200518 -5.70437098
v 29.0800686 1.93704438 -6.89963531
v 29.0800686 1.93704438 -6.89963531
v 29.0800686 0.967200518 -5.70437098
v 29.0800686 1.11927855 -5.39417458
v 29.0800686 2.24164248 -6.73900557
v 29.069067 1.13517678 -5.39137506
v 29.069067 2.25564241 -6.73393106
v 29.0800686 2.24164248 -6.73900557
v 29.0800686 1.11927855 -5.39417458
v 29.0235519 1.13517678 -5.39137506
v 29.0235519 2.25564241 -6.73393106
v 29.069067 2.25564241 -6.73393106
v 29.069067 1.13517678 -5.39137506
v 29.0125504 2.24164248 -6.73900557
v 29.0235519 2.25564241 -6.73393106
v 29.0235519 1.13517678 -5.39137506
v 29.0125504 1.11927855 -5.39417458
v 29.0125504 1.93704438 -6.89963531
v 29.0125504 2.24164248 -6.73900557
v 29.0125504 1.11927855 -5.39417458
v 29.0125504 0.967200518 -5.70437098
v 27.669035 0.978411913 -5.38108397
v 27.6690369 1.02511108 -5.38108397
v 29.0236378 1.02511108 -5.38108397
v 29.023634 0.978411913 -5.38108397
v 29.0236378 1.02511108 -5.38108397
v 27.6690369 1.02511108 -5.38108397
v 27.6690369 1.02511108 -5.65245581
v 29.0236378 1.02511108 -5.65245581
v 27.6690369 1.17622852 -5.63245583
v 27.6690369 1.22292781 -5.63245583
v 29.0236378 1.22292781 -5.63245583
v 29.0236378 1.17622852 -5.63245583
v 29.0236378 1.22292781 -5.63245583
v 27.6690369 1.22292781 -5.63245583
v 27.6690369 1.22292781 -5.90382814
v 29.0236378 1.22292781 -5.90382814
v 27.6690369 1.37404513 -5.88382816
v 27.6690369 1.4207443 -5.88382816
v 29.0236378 1.4207443 -5.88382816
v 29.0236378 1.37404513 -5.88382816
v 29.0236378 1.4207443 -5.88382816
v 27.6690369 1.4207443 -5.88382816
v 27.6690369 1.4207443 -6.15519953
v 29.0236378 1.4207443 -6.15519953
v 27.6690369 1.57186151 -6.13519955
v 27.6690369 1.61856079 -6.13519955
v 29.0236378 1.61856079 -6.13519955
v 29.0236378 1.57186151 -6.13519955
v 29.0236378 1.61856079 -6.13519955
v 27.6690369 1.61856079 -6.13519955
v 27.6690369 1.61856079 -6.40657139
v 29.0236378 1.61856079 -6.40657139
v 27.6690369 1.769678 -6.38657141
v 27.6690369 1.81637716 -6.38657141
v 29.0236378 1.81637716 -6.38657141
v 29.0236378 1.769678 -6.38657141
v 29.0236378 1.81637716 -6.38657141
v 27.6690369 1.81637716 -6.38657141
v 27.6690369 1.81637716 -6.65794373
v 29.0236378 1.81637716 -6.65794373
v 27.6690369 1.96749449 -6.63794374
v 27.6690369 2.01419377 -6.63794374
v 29.0236378 2.01419377 -6.63794374
v 29.0236378 1.96749449 -6.63794374
v 29.0236378 2.01419377 -6.63794374
v 27.6690369 2.01419377 -6.63794374
v 27.6690331 2.01419377 -7.6637435
v 29.023632 2.01419377 -7.6637435
v 27.6690273 0.18714565 -4.37559605
v 27.6690273 0.233844832 -4.37559605
v 29.0236263 0.233844832 -4.37559605
v 29.0236263 0.18714565 -4.37559605
v 29.0236263 0.233844832 -4.37559605
v 27.6690273 0.233844832 -4.37559605
v 27.6690273 0.233844832 -4.64696789
v 29.0236263 0.233844832 -4.64696789
v 27.6690273 0.384962231 -4.62696791
v 27.6690273 0.431661457 -4.62696791
v 29.0236263 0.431661457 -4.62696791
v 29.0236263 0.384962231 -4.62696791
v 29.0236263 0.431661457 -4.62696791
v 27.6690273 0.431661457 -4.62696791
v 27.6690273 0.431661457 -4.89834023
v 29.0236263 0.431661457 -4.89834023
v 27.6690273 0.582778871 -4.87834024
v 27.6690273 0.629478037 -4.87834024
v 29.0236263 0.629478037 -4.87834024
v 29.0236263 0.582778871 -4.87834024
v 29.0236263 0.629478037 -4.87834024
v 27.6690273 0.629478037 -4.87834024
v 27.6690273 0.629477978 -5.14971161
v 29.0236263 0.629477978 -5.14971161
v 27.6690273 0.780595303 -5.12971163
v 27.6690273 0.827294469 -5.12971163
v 29.0236263 0.827294469 -5.12971163
v 29.0236263 0.780595303 -5.12971163
v 29.0236263 0.827294469 -5.12971163
v 27.6690273 0.827294469 -5.12971163
v 27.6690331 0.827294528 -5.40108395
v 29.023632 0.827294528 -5.40108395
v 27.669035 2.9565773 -8.64923191
v 27.6690369 3.00327635 -8.64923191
v 29.0236378 3.00327635 -8.64923191
v 29.023634 2.9565773 -8.64923191
v 29.0236378 3.00327635 -8.64923191
v 27.6690369 3.00327635 -8.64923191
v 27.6690369 3.00327635 -8.92060375
v 29.0236378 3.00327635 -8.92060375
v 27.6690369 3.15439391 -8.90060425
v 27.6690369 3.20109296 -8.90060425
v 29.0236378 3.20109296 -8.90060425
v 29.0236378 3.15439391 -8.90060425
v 29.0236378 3.20109296 -8.90060425
v 27.6690369 3.20109296 -8.90060425
v 27.6690369 3.20109296 -9.17197609
v 29.0236378 3.20109296 -9.17197609
v 27.6690369 3.35221028 -9.15197659
v 27.6690369 3.39890957 -9.15197659
v 29.0236378 3.39890957 -9.15197659
v 29.0236378 3.35221028 -9.15197659
v 29.0236378 3.39890957 -9.15197659
v 27.6690369 3.39890957 -9.15197659
v 27.6690369 3.39890957 -9.42334747
v 29.0236378 3.39890957 -9.42334747
v 27.6690369 3.55002713 -9.40334797
v 27.6690369 3.59672594 -9.40334797
v 29.0236378 3.59672594 -9.40334797
v 29.0236378 3.55002713 -9.40334797
v 29.0236378 3.59672594 -9.40334797
v 27.6690369 3.59672594 -9.40334797
v 27.6690369 3.59672594 -9.67471981
v 29.0236378 3.59672594 -9.67471981
v 27.6690369 3.74784327 -9.65471935
v 27.6690369 3.79454255 -9.65471935
v 29.0236378 3.79454255 -9.65471935
v 29.0236378 3.74784327 -9.65471935
v 29.0236378 3.79454255 -9.65471935
v 27.6690369 3.79454255 -9.65471935
v 27.6690369 3.79454255 -9.92609215
v 29.0236378 3.79454255 -9.92609215
v 27.6690292 2.16531086 -7.64374352
v 27.6690273 2.21201015 -7.64374352
v 29.0236263 2.21201015 -7.64374352
v 29.0236301 2.16531086 -7.64374352
v 29.0236263 2.21201015 -7.64374352
v 27.6690273 2.21201015 -7.64374352
v 27.6690273 2.21201015 -7.91511583
v 29.0236263 2.21201015 -7.91511583
v 27.6690273 2.36312771 -7.89511585
v 27.6690273 2.40982676 -7.89511585
v 29.0236263 2.40982676 -7.89511585
v 29.0236263 2.36312771 -7.89511585
v 29.0236263 2.40982676 -7.89511585
v 27.6690273 2.40982676 -7.89511585
v 27.6690273 2.40982676 -8.16648769
v 29.0236263 2.40982676 -8.16648769
v 27.6690273 2.56094408 -8.14648819
v 27.6690273 2.60764337 -8.14648819
v 29.0236263 2.60764337 -8.14648819
v 29.0236263 2.56094408 -8.14648819
v 29.0236263 2.60764337 -8.14648819
v 27.6690273 2.60764337 -8.14648819
v 27.6690273 2.60764337 -8.41786003
v 29.0236263 2.60764337 -8.41786003
v 27.6690273 2.75876069 -8.39785957
v 27.6690273 2.80545974 -8.39785957
v 29.0236263 2.80545974 -8.39785957
v 29.0236263 2.75876069 -8.39785957
v 29.0236263 2.80545974 -8.39785957
v 27.6690273 2.80545974 -8.39785957
v 27.6690331 2.80545974 -8.66923237
v 29.023632 2.80545974 -8.66923237
v 27.6690273 0.0360282883 -4.39559603
v 27.6690273 0.18714565 -4.39559603
v 29.0236263 0.18714565 -4.39559603
v 29.0236263 0.0360282883 -4.39559603
v 27.6690273 0.233844832 -4.64696789
v 27.6690273 0.384962231 -4.64696789
v 29.0236263 0.384962231 -4.64696789
v 29.0236263 0.233844832 -4.64696789
v 27.6690273 0.431661457 -4.89834023
v 27.6690273 0.582778871 -4.89834023
v 29.0236263 0.582778871 -4.89834023
v 29.0236263 0.431661457 -4.89834023
v 27.6690273 0.629477978 -5.14971161
v 27.6690273 0.780595303 -5.14971161
v 29.0236263 0.780595303 -5.14971161
v 29.0236263 0.629477978 -5.14971161
v 27.6690331 0.827294528 -5.40108395
v 27.669035 0.978411913 -5.40108395
v 29.023634 0.978411913 -5.40108395
v 29.023632 0.827294528 -5.40108395
v 27.6690369 1.02511108 -5.65245581
v 27.6690369 1.17622852 -5.65245581
v 29.0236378 1.17622852 -5.65245581
v 29.0236378 1.02511108 -5.65245581
v 27.6690369 1.22292781 -5.90382814
v 27.6690369 1.37404513 -5.90382814
v 29.0236378 1.37404513 -5.90382814
v 29.0236378 1.22292781 -5.90382814
v 27.6690369 1.4207443 -6.15519953
v 27.6690369 1.57186151 -6.15519953
v 29.0236378 1.57186151 -6.15519953
v 29.0236378 1.4207443 -6.15519953
v 27.6690369 1.61856079 -6.40657139
v 27.6690369 1.769678 -6.40657139
v 29.0236378 1.769678 -6.40657139
v 29.0236378 1.61856079 -6.40657139
v 27.6690369 1.81637716 -6.65794373
v 27.6690369 1.96749449 -6.65794373
v 29.0236378 1.96749449 -6.65794373
v 29.0236378 1.81637716 -6.65794373
v 27.6690331 2.01419377 -7.6637435
v 27.6690292 2.16531086 -7.6637435
v 29.0236301 2.16531086 -7.6637435
v 29.023632 2.01419377 -7.6637435
v 27.6690273 2.21201015 -7.91511583
v 27.6690273 2.36312771 -7.91511583
v 29.0236263 2.36312771 -7.91511583
v 29.0236263 2.21201015 -7.91511583
v 27.6690273 2.40982676 -8.16648769
v 27.6690273 2.56094408 -8.16648769
v 29.0236263 2.56094408 -8.16648769
v 29.0236263 2.40982676 -8.16648769
v 27.6690273 2.60764337 -8.41786003
v 27.6690273 2.75876069 -8.41786003
v 29.0236263 2.75876069 -8.41786003
v 29.0236263 2.60764337 -8.41786003
v 27.6690331 2.80545974 -8.66923237
v 27.669035 2.9565773 -8.66923237
v 29.023634 2.9565773 -8.66923237
v 29.023632 2.80545974 -8.66923237
v 27.6690369 3.00327635 -8.92060375
v 27.6690369 3.15439391 -8.92060375
v 29.0236378 3.15439391 -8.92060375
v 29.0236378 3.00327635 -8.92060375
v 27.6690369 3.20109296 -9.17197609
v 27.6690369 3.35221028 -9.17197609
v 29.0236378 3.35221028 -9.17197609
v 29.0236378 3.20109296 -9.17197609
v 27.6690369 3.39890957 -9.42334747
v 27.6690369 3.55002713 -9.42334747
v 29.0236378 3.55002713 -9.42334747
v 29.0236378 3.39890957 -9.42334747
v 27.6690369 3.59672594 -9.67471981
v 27.6690369 3.74784327 -9.67471981
v 29.0236378 3.74784327 -9.67471981
v 29.0236378 3.59672594 -9.67471981
v 29.0236263 0.0360282883 -4.39559603
v 29.0236263 0.0360282883 -4.42953682
v 27.6690273 0.0360282883 -4.42953682
v 27.6690273 0.0360282883 -4.39559603
v 27.6690369 3.79454255 -9.92609215
v 27.6690369 3.76060152 -9.92609215
v 29.0236378 3.76060152 -9.92609215
v 29.0236378 3.79454255 -9.92609215
v 27.669035 0.978411913 -5.40108395
v 27.669035 0.978411913 -5.38108397
v 29.023634 0.978411913 -5.38108397
v 29.023634 0.978411913 -5.40108395
v 27.6690369 1.17622852 -5.65245581
v 27.6690369 1.17622852 -5.63245583
v 29.0236378 1.17622852 -5.63245583
v 29.0236378 1.17622852 -5.65245581
v 27.6690369 1.37404513 -5.90382814
v 27.6690369 1.37404513 -5.88382816
v 29.0236378 1.37404513 -5.88382816
v 29.0236378 1.37404513 -5.90382814
v 27.6690369 1.57186151 -6.15519953
v 27.6690369 1.57186151 -6.13519955
v 29.0236378 1.57186151 -6.13519955
v 29.0236378 1.57186151 -6.15519953
v 27.6690369 1.769678 -6.40657139
v 27.6690369 1.769678 -6.38657141
v 29.0236378 1.769678 -6.38657141
v 29.0236378 1.769678 -6.40657139
v 27.6690369 1.96749449 -6.65794373
v 27.6690369 1.96749449 -6.63794374
v 29.0236378 1.96749449 -6.63794374
v 29.0236378 1.96749449 -6.65794373
v 27.6690273 0.18714565 -4.39559603
v 27.6690273 0.18714565 -4.37559605
v 29.0236263 0.18714565 -4.37559605
v 29.0236263 0.18714565 -4.39559603
v 27.6690273 0.384962231 -4.64696789
v 27.6690273 0.384962231 -4.62696791
v 29.0236263 0.384962231 -4.62696791
v 29.0236263 0.384962231 -4.64696789
v 27.6690273 0.582778871 -4.89834023
v 27.6690273 0.582778871 -4.87834024
v 29.0236263 0.582778871 -4.87834024
v 29.0236263 0.582778871 -4.89834023
v 27.6690273 0.780595303 -5.14971161
v 27.6690273 0.780595303 -5.12971163
v 29.0236263 0.780595303 -5.12971163
v 29.0236263 0.780595303 -5.14971161
v 27.669035 2.9565773 -8.66923237
v 27.669035 2.9565773 -8.64923191
v 29.023634 2.9565773 -8.64923191
v 29.023634 2.9565773 -8.66923237
v 27.6690369 3.15439391 -8.92060375
v 27.6690369 3.15439391 -8.90060425
v 29.0236378 3.15439391 -8.90060425
v 29.0236378 3.15439391 -8.92060375
v 27.6690369 3.35221028 -9.17197609
v 27.6690369 3.35221028 -9.15197659
v 29.0236378 3.35221028 -9.15197659
v 29.0236378 3.35221028 -9.17197609
v 27.6690369 3.55002713 -9.42334747
v 27.6690369 3.55002713 -9.40334797
v 29.0236378 3.55002713 -9.40334797
v 29.0236378 3.55002713 -9.42334747
v 27.6690369 3.74784327 -9.67471981
v 27.6690369 3.74784327 -9.65471935
v 29.0236378 3.74784327 -9.65471935
v 29.0236378 3.74784327 -9.67471981
v 27.6690292 2.16531086 -7.6637435
v 27.6690292 2.16531086 -7.64374352
v 29.0236301 2.16531086 -7.64374352
v 29.0236301 2.16531086 -7.6637435
v 27.6690273 2.36312771 -7.91511583
v 27.6690273 2.36312771 -7.89511585
v 29.0236263 2.36312771 -7.89511585
v 29.0236263 2.36312771 -7.91511583
v 27.6690273 2.56094408 -8.16648769
v 27.6690273 2.56094408 -8.14648819
v 29.0236263 2.56094408 -8.14648819
v 29.0236263 2.56094408 -8.16648769
v 27.6690273 2.75876069 -8.41786003
v 27.6690273 2.75876069 -8.39785957
v 29.0236263 2.75876069 -8.39785957
v 29.0236263 2.75876069 -8.41786003
v 27.6690273 0.0360282883 -4.42953682
v 29.0236263 0.0360282883 -4.42953682
v 29.0236263 0.199903712 -4.42953682
v 27.6690273 0.199903712 -4.42953682
v 27.6690273 0.199903712 -4.42953682
v 29.0236263 0.199903712 -4.42953682
v 29.0236263 0.199903712 -4.68090916
v 27.6690273 0.199903712 -4.68090916
v 27.6690273 0.199903712 -4.68090916
v 29.0236263 0.199903712 -4.68090916
v 29.0236263 0.397720337 -4.68090916
v 27.6690273 0.397720337 -4.68090916
v 27.6690273 0.397720337 -4.68090916
v 29.0236263 0.397720337 -4.68090916
v 29.0236263 0.397720337 -4.93228102
v 27.6690273 0.397720337 -4.93228102
v 27.6690273 0.397720337 -4.93228102
v 29.0236263 0.397720337 -4.93228102
v 29.0236263 0.595536947 -4.93228102
v 27.6690273 0.595536947 -4.93228102
v 27.6690273 0.595536947 -4.93228102
v 29.0236263 0.595536947 -4.93228102
v 29.0236263 0.595536888 -5.18365288
v 27.6690273 0.595536888 -5.18365288
v 27.6690273 0.595536888 -5.18365288
v 29.0236263 0.595536888 -5.18365288
v 29.0236263 0.793353319 -5.18365288
v 27.6690273 0.793353319 -5.18365288
v 27.6690273 0.793353319 -5.18365288
v 29.0236263 0.793353319 -5.18365288
v 29.023632 0.793353379 -5.43502474
v 27.6690331 0.793353379 -5.43502474
v 27.6690331 0.793353379 -5.43502474
v 29.023632 0.793353379 -5.43502474
v 29.0236378 0.991170049 -5.43502474
v 27.6690369 0.991170049 -5.43502474
v 27.6690369 0.991170049 -5.43502474
v 29.0236378 0.991170049 -5.43502474
v 29.0236378 0.991170049 -5.68639708
v 27.6690369 0.991170049 -5.68639708
v 27.6690369 0.991170049 -5.68639708
v 29.0236378 0.991170049 -5.68639708
v 29.0236378 1.18898666 -5.68639708
v 27.6690369 1.18898666 -5.68639708
v 27.6690369 1.18898666 -5.68639708
v 29.0236378 1.18898666 -5.68639708
v 29.0236378 1.18898666 -5.93776894
v 27.6690369 1.18898666 -5.93776894
v 27.6690369 1.18898666 -5.93776894
v 29.0236378 1.18898666 -5.93776894
v 29.0236378 1.38680315 -5.93776894
v 27.6690369 1.38680315 -5.93776894
v 27.6690369 1.38680315 -5.93776894
v 29.0236378 1.38680315 -5.93776894
v 29.0236378 1.38680315 -6.18914032
v 27.6690369 1.38680315 -6.18914032
v 27.6690369 1.38680315 -6.18914032
v 29.0236378 1.38680315 -6.18914032
v 29.0236378 1.58461952 -6.18914032
v 27.6690369 1.58461952 -6.18914032
v 27.6690369 1.58461952 -6.18914032
v 29.0236378 1.58461952 -6.18914032
v 29.0236378 1.58461952 -6.44051266
v 27.6690369 1.58461952 -6.44051266
v 27.6690369 1.58461952 -6.44051266
v 29.0236378 1.58461952 -6.44051266
v 29.0236378 1.78243601 -6.44051266
v 27.6690369 1.78243601 -6.44051266
v 27.6690369 1.78243601 -6.44051266
v 29.0236378 1.78243601 -6.44051266
v 29.0236378 1.78243601 -6.69188452
v 27.6690369 1.78243601 -6.69188452
v 27.6690369 1.78243601 -6.69188452
v 29.0236378 1.78243601 -6.69188452
v 29.0236378 1.9802525 -6.69188452
v 27.6690369 1.9802525 -6.69188452
v 27.6690369 1.9802525 -6.69188452
v 29.0236378 1.9802525 -6.69188452
v 29.023632 1.9802525 -7.69768476
v 27.6690331 1.9802525 -7.69768476
v 27.6690331 1.9802525 -7.69768476
v 29.023632 1.9802525 -7.69768476
v 29.0236263 2.17806888 -7.69768476
v 27.6690273 2.17806888 -7.69768476
v 27.6690273 2.17806888 -7.69768476
v 29.0236263 2.17806888 -7.69768476
v 29.0236263 2.17806888 -7.94905663
v 27.6690273 2.17806888 -7.94905663
v 27.6690273 2.17806888 -7.94905663
v 29.0236263 2.17806888 -7.94905663
v 29.0236263 2.37588549 -7.94905663
v 27.6690273 2.37588549 -7.94905663
v 27.6690273 2.37588549 -7.94905663
v 29.0236263 2.37588549 -7.94905663
v 29.0236263 2.37588549 -8.20042896
v 27.6690273 2.37588549 -8.20042896
v 27.6690273 2.37588549 -8.20042896
v 29.0236263 2.37588549 -8.20042896
v 29.0236263 2.57370234 -8.20042896
v 27.6690273 2.57370234 -8.20042896
v 27.6690273 2.57370234 -8.20042896
v 29.0236263 2.57370234 -8.20042896
v 29.0236263 2.57370234 -8.4518013
v 27.6690273 2.57370234 -8.4518013
v 27.6690273 2.57370234 -8.4518013
v 29.0236263 2.57370234 -8.4518013
v 29.0236263 2.77151871 -8.4518013
v 27.6690273 2.77151871 -8.4518013
v 27.6690273 2.77151871 -8.4518013
v 29.0236263 2.77151871 -8.4518013
v 29.023632 2.77151871 -8.70317268
v 27.6690331 2.77151871 -8.70317268
v 27.6690331 2.77151871 -8.70317268
v 29.023632 2.77151871 -8.70317268
v 29.0236378 2.96933532 -8.70317268
v 27.6690369 2.96933532 -8.70317268
v 27.6690369 2.96933532 -8.70317268
v 29.0236378 2.96933532 -8.70317268
v 29.0236378 2.96933532 -8.95454502
v 27.6690369 2.96933532 -8.95454502
v 27.6690369 2.96933532 -8.95454502
v 29.0236378 2.96933532 -8.95454502
v 29.0236378 3.16715193 -8.95454502
v 27.6690369 3.16715193 -8.95454502
v 27.6690369 3.16715193 -8.95454502
v 29.0236378 3.16715193 -8.95454502
v 29.0236378 3.16715193 -9.20591736
v 27.6690369 3.16715193 -9.20591736
v 27.6690369 3.16715193 -9.20591736
v 29.0236378 3.16715193 -9.20591736
v 29.0236378 3.36496854 -9.20591736
v 27.6690369 3.36496854 -9.20591736
v 27.6690369 3.36496854 -9.20591736
v 29.0236378 3.36496854 -9.20591736
v 29.0236378 3.36496854 -9.45728874
v 27.6690369 3.36496854 -9.45728874
v 27.6690369 3.36496854 -9.45728874
v 29.0236378 3.36496854 -9.45728874
v 29.0236378 3.56278491 -9.45728874
v 27.6690369 3.56278491 -9.45728874
v 27.6690369 3.56278491 -9.45728874
v 29.0236378 3.56278491 -9.45728874
v 29.0236378 3.56278491 -9.70866108
v 27.6690369 3.56278491 -9.70866108
v 27.6690369 3.56278491 -9.70866108
v 29.0236378 3.56278491 -9.70866108
v 29.0236378 3.76060152 -9.70866108
v 27.6690369 3.76060152 -9.70866108
v 27.6690369 3.76060152 -9.70866108
v 29.0236378 3.76060152 -9.70866108
v 29.0236378 3.76060152 -9.92609215
v 27.6690369 3.76060152 -9.92609215
v 29.0911865 2.2344811 -5.73415327
v 29.0911865 2.20802784 -5.72820425
v 29.0911865 1.53779876 -4.88008404
v 29.0911865 1.54150081 -4.85729694
v 29.0911865 1.54150081 -4.85729694
v 29.076561 1.55956244 -4.85719347
v 29.076561 2.24821568 -5.72865582
v 29.0911865 2.2344811 -5.73415327
v 29.076561 1.55956244 -4.85719347
v 29.0160542 1.55956435 -4.85719585
v 29.0160542 2.24821377 -5.72865343
v 29.076561 2.24821568 -5.72865582
v 29.0014267 1.54150259 -4.85729933
v 29.0014267 1.53779876 -4.88008404
v 29.0014267 2.20802784 -5.72820425
v 29.0014267 2.23447943 -5.73415089
v 29.0014267 1.53779876 -4.88008404
v 29.0911865 1.53779876 -4.88008404
v 29.0911865 2.20802784 -5.72820425
v 29.0014267 2.20802784 -5.72820425
v 29.0160542 0.827317417 -3.9305675
v 29.0160542 1.55956435 -4.85719585
v 29.076561 1.55956244 -4.85719347
v 29.076561 0.827317417 -3.9305675
v 29.0911865 0.809520721 -3.93109298
v 29.076561 0.827317417 -3.9305675
v 29.076561 1.55956244 -4.85719347
v 29.0911865 1.54150081 -4.85729694
v 29.0160542 1.55956435 -4.85719585
v 29.0160542 0.827317417 -3.9305675
v 29.0014267 0.809520721 -3.93109298
v 29.0014267 1.54150259 -4.85729933
v 29.0014267 1.53779876 -4.88008404
v 29.0014267 0.796365738 -3.94186091
v 29.0911865 0.796365738 -3.94186091
v 29.0911865 1.53779876 -4.88008404
v 29.0911865 1.53779876 -4.88008404
v 29.0911865 0.796365738 -3.94186091
v 29.0911865 0.809520721 -3.93109298
v 29.0911865 1.54150081 -4.85729694
v 29.0014267 0.809520721 -3.93109298
v 29.0014267 0.796365738 -3.94186091
v 29.0014267 1.53779876 -4.88008404
v 29.0014267 1.54150259 -4.85729933
v 29.076561 2.24821568 -5.72865582
v 29.076561 2.98046064 -6.6552825
v 29.0911865 2.96646118 -6.660357
v 29.0911865 2.2344811 -5.73415327
v 29.0160542 2.24821377 -5.72865343
v 29.0160542 2.98046064 -6.6552825
v 29.076561 2.98046064 -6.6552825
v 29.076561 2.24821568 -5.72865582
v 29.0014267 2.96646118 -6.660357
v 29.0160542 2.98046064 -6.6552825
v 29.0160542 2.24821377 -5.72865343
v 29.0014267 2.23447943 -5.73415089
v 29.0014267 2.20802784 -5.72820425
v 29.0014267 2.94946098 -6.66642666
v 29.0014267 2.96646118 -6.660357
v 29.0014267 2.23447943 -5.73415089
v 29.0911865 2.94946098 -6.66642666
v 29.0014267 2.94946098 -6.66642666
v 29.0014267 2.20802784 -5.72820425
v 29.0911865 2.20802784 -5.72820425
v 29.0911865 2.96646118 -6.660357
v 29.0911865 2.94946098 -6.66642666
v 29.0911865 2.20802784 -5.72820425
v 29.0911865 2.2344811 -5.73415327
v 29.0911865 4.19184494 -9.01586437
v 29.0911865 4.16993475 -9.01599979
v 29.0911865 3.50876021 -8.21311665
v 29.0911865 3.52085018 -8.20105648
v 29.0911865 3.52085018 -8.20105648
v 29.076561 3.54485559 -8.20821476
v 29.076561 4.19583893 -8.99872208
v 29.0911865 4.19184494 -9.01586437
v 29.076561 3.54485559 -8.20821476
v 29.0160542 3.54485416 -8.20821476
v 29.0160542 4.19584036 -8.99872494
v 29.076561 4.19583893 -8.99872208
v 29.0014267 3.52085066 -8.20105743
v 29.0014267 3.50876212 -8.21311951
v 29.0014267 4.16993284 -9.01599789
v 29.0014267 4.19184446 -9.01586437
v 29.0014267 3.50876212 -8.21311951
v 29.0911865 3.50876021 -8.21311665
v 29.0911865 4.16993475 -9.01599979
v 29.0014267 4.16993284 -9.01599789
v 29.0160542 2.98046017 -7.52285528
v 29.0160542 3.54485416 -8.20821476
v 29.076561 3.54485559 -8.20821476
v 29.076561 2.98046041 -7.52285385
v 29.0911865 2.96646047 -7.52784538
v 29.076561 2.98046041 -7.52285385
v 29.076561 3.54485559 -8.20821476
v 29.0911865 3.52085018 -8.20105648
v 29.0160542 3.54485416 -8.20821476
v 29.0160542 2.98046017 -7.52285528
v 29.0014267 2.96646047 -7.52784586
v 29.0014267 3.52085066 -8.20105743
v 29.0014267 3.50876212 -8.21311951
v 29.0014267 2.94946027 -7.53394461
v 29.0911865 2.94946027 -7.53394318
v 29.0911865 3.50876021 -8.21311665
v 29.0911865 3.50876021 -8.21311665
v 29.0911865 2.94946027 -7.53394318
v 29.0911865 2.96646047 -7.52784538
v 29.0911865 3.52085018 -8.20105648
v 29.0014267 2.96646047 -7.52784586
v 29.0014267 2.94946027 -7.53394461
v 29.0014267 3.50876212 -8.21311951
v 29.0014267 3.52085066 -8.20105743
v 29.076561 4.19583893 -8.99872208
v 29.076561 4.76023436 -9.68408298
v 29.0911865 4.74623442 -9.68907547
v 29.0911865 4.19184494 -9.01586437
v 29.0160542 4.19584036 -8.99872494
v 29.0160542 4.76023436 -9.68408394
v 29.076561 4.76023436 -9.68408298
v 29.076561 4.19583893 -8.99872208
v 29.0014267 4.74623442 -9.68907547
v 29.0160542 4.76023436 -9.68408394
v 29.0160542 4.19584036 -8.99872494
v 29.0014267 4.19184446 -9.01586437
v 29.0014267 4.16993284 -9.01599789
v 29.0014267 4.72923422 -9.69517326
v 29.0014267 4.74623442 -9.68907547
v 29.0014267 4.19184446 -9.01586437
v 29.0911865 4.72923422 -9.69517326
v 29.0014267 4.72923422 -9.69517326
v 29.0014267 4.16993284 -9.01599789
v 29.0911865 4.16993475 -9.01599979
v 29.0911865 4.74623442 -9.68907547
v 29.0911865 4.72923422 -9.69517326
v 29.0911865 4.16993475 -9.01599979
v 29.0911865 4.19184494 -9.01586437
vt 0.650878906 0.356201172
vt 0.647949219 0.352294922
vt 0.636230469 0.352294922
vt 0.650878906 0.356201172
vt 0.636230469 0.352294922
vt 0.633300781 0.356201172
vt 0.677734375 0.340087891
vt 0.680175781 0.336425781
vt 0.455322266 0.336425781
vt 0.677734375 0.340087891
vt 0.455322266 0.336425781
vt 0.454345703 0.340087891
vt 0.662597656 0.340087891
vt 0.666503906 0.336425781
vt 0.456054688 0.336425781
vt 0.662597656 0.340087891
vt 0.456054688 0.336425781
vt 0.458251953 0.340087891
vt 0.859375 0.380371094
vt 0.662597656 0.380371094
vt 0.662597656 0.38671875
vt 0.859375 0.38671875
vt 0.656738281 0.373779297
vt 0.859375 0.373779297
vt 0.859375 0.367431641
vt 0.656738281 0.367431641
vt 0.859375 0.38671875
vt 0.662597656 0.38671875
vt 0.656738281 0.393310547
vt 0.859375 0.393310547
vt 0.859375 0.373779297
vt 0.656738281 0.373779297
vt 0.662597656 0.380371094
vt 0.859375 0.380371094
vt 0.859375 0.380371094
vt 0.662597656 0.380371094
vt 0.662597656 0.38671875
vt 0.859375 0.38671875
vt 0.656738281 0.373779297
vt 0.859375 0.373779297
vt 0.859375 0.367431641
vt 0.656738281 0.367431641
vt 0.859375 0.38671875
vt 0.662597656 0.38671875
vt 0.656738281 0.393310547
vt 0.859375 0.393310547
vt 0.859375 0.373779297
vt 0.656738281 0.373779297
vt 0.662597656 0.380371094
vt 0.859375 0.380371094
vt 0.859375 0.380371094
vt 0.662597656 0.380371094
vt 0.662597656 0.38671875
vt 0.859375 0.38671875
vt 0.656738281 0.373779297
vt 0.859375 0.373779297
vt 0.859375 0.367431641
vt 0.656738281 0.367431641
vt 0.859375 0.38671875
vt 0.662597656 0.38671875
vt 0.656738281 0.393310547
vt 0.859375 0.393310547
vt 0.859375 0.373779297
vt 0.656738281 0.373779297
vt 0.662597656 0.380371094
vt 0.859375 0.380371094
vt 0.859375 0.380371094
vt 0.662597656 0.380371094
vt 0.662597656 0.38671875
vt 0.859375 0.38671875
vt 0.656738281 0.373779297
vt 0.859375 0.373779297
vt 0.859375 0.367431641
vt 0.656738281 0.367431641
vt 0.859375 0.38671875
vt 0.662597656 0.38671875
vt 0.656738281 0.393310547
vt 0.859375 0.393310547
vt 0.859375 0.373779297
vt 0.656738281 0.373779297
vt 0.662597656 0.380371094
vt 0.859375 0.380371094
vt 0.859375 0.380371094
vt 0.662597656 0.380371094
vt 0.662597656 0.38671875
vt 0.859375 0.38671875
vt 0.656738281 0.373779297
vt 0.859375 0.373779297
vt 0.859375 0.367431641
vt 0.656738281 0.367431641
vt 0.859375 0.38671875
vt 0.662597656 0.38671875
vt 0.656738281 0.393310547
vt 0.859375 0.393310547
vt 0.859375 0.373779297
vt 0.656738281 0.373779297
vt 0.662597656 0.380371094
vt 0.859375 0.380371094
vt 0.859375 0.380371094
vt 0.662597656 0.380371094
vt 0.662597656 0.38671875
vt 0.859375 0.38671875
vt 0.656738281 0.373779297
vt 0.859375 0.373779297
vt 0.859375 0.367431641
vt 0.656738281 0.367431641
vt 0.859375 0.38671875
vt 0.662597656 0.38671875
vt 0.656738281 0.393310547
vt 0.859375 0.393310547
vt 0.859375 0.373779297
vt 0.656738281 0.373779297
vt 0.662597656 0.380371094
vt 0.859375 0.380371094
vt 0.859375 0.380371094
vt 0.662597656 0.380371094
vt 0.662597656 0.38671875
vt 0.859375 0.38671875
vt 0.656738281 0.373779297
vt 0.859375 0.373779297
vt 0.859375 0.367431641
vt 0.656738281 0.367431641
vt 0.859375 0.38671875
vt 0.662597656 0.38671875
vt 0.656738281 0.393310547
vt 0.859375 0.393310547
vt 0.859375 0.373779297
vt 0.656738281 0.373779297
vt 0.662597656 0.380371094
vt 0.859375 0.380371094
vt 0.859375 0.380371094
vt 0.662597656 0.380371094
vt 0.662597656 0.38671875
vt 0.859375 0.38671875
vt 0.656738281 0.373779297
vt 0.859375 0.373779297
vt 0.859375 0.367431641
vt 0.656738281 0.367431641
vt 0.859375 0.38671875
vt 0.662597656 0.38671875
vt 0.656738281 0.393310547
vt 0.859375 0.393310547
vt 0.859375 0.373779297
vt 0.656738281 0.373779297
vt 0.662597656 0.380371094
vt 0.859375 0.380371094
vt 0.859375 0.380371094
vt 0.662597656 0.380371094
vt 0.662597656 0.38671875
vt 0.859375 0.38671875
vt 0.656738281 0.373779297
vt 0.859375 0.373779297
vt 0.859375 0.367431641
vt 0.656738281 0.367431641
vt 0.859375 0.38671875
vt 0.662597656 0.38671875
vt 0.656738281 0.393310547
vt 0.859375 0.393310547
vt 0.859375 0.373779297
vt 0.656738281 0.373779297
vt 0.662597656 0.380371094
vt 0.859375 0.380371094
vt 0.859375 0.380371094
vt 0.662597656 0.380371094
vt 0.662597656 0.38671875
vt 0.859375 0.38671875
vt 0.656738281 0.373779297
vt 0.859375 0.373779297
vt 0.859375 0.367431641
vt 0.656738281 0.367431641
vt 0.859375 0.38671875
vt 0.662597656 0.38671875
vt 0.656738281 0.393310547
vt 0.859375 0.393310547
vt 0.859375 0.373779297
vt 0.656738281 0.373779297
vt 0.662597656 0.380371094
vt 0.859375 0.380371094
vt 0.859375 0.380371094
vt 0.662597656 0.380371094
vt 0.662597656 0.38671875
vt 0.859375 0.38671875
vt 0.656738281 0.373779297
vt 0.859375 0.373779297
vt 0.859375 0.367431641
vt 0.656738281 0.367431641
vt 0.859375 0.38671875
vt 0.662597656 0.38671875
vt 0.656738281 0.393310547
vt 0.859375 0.393310547
vt 0.859375 0.373779297
vt 0.656738281 0.373779297
vt 0.662597656 0.380371094
vt 0.859375 0.380371094
vt 0.859375 0.380371094
vt 0.662597656 0.380371094
vt 0.662597656 0.38671875
vt 0.859375 0.38671875
vt 0.656738281 0.373779297
vt 0.859375 0.373779297
vt 0.859375 0.367431641
vt 0.656738281 0.367431641
vt 0.859375 0.38671875
vt 0.662597656 0.38671875
vt 0.656738281 0.393310547
vt 0.859375 0.393310547
vt 0.859375 0.373779297
vt 0.656738281 0.373779297
vt 0.662597656 0.380371094
vt 0.859375 0.380371094
vt 0.859375 0.380371094
vt 0.662597656 0.380371094
vt 0.662597656 0.38671875
vt 0.859375 0.38671875
vt 0.656738281 0.373779297
vt 0.859375 0.373779297
vt 0.859375 0.367431641
vt 0.656738281 0.367431641
vt 0.859375 0.38671875
vt 0.662597656 0.38671875
vt 0.656738281 0.393310547
vt 0.859375 0.393310547
vt 0.859375 0.373779297
vt 0.656738281 0.373779297
vt 0.662597656 0.380371094
vt 0.859375 0.380371094
vt 0.610839844 0.340087891
vt 0.564453125 0.340087891
vt 0.564453125 0.352294922
vt 0.610839844 0.352294922
vt 0.65625 0.340087891
vt 0.483154297 0.340087891
vt 0.483154297 0.352294922
vt 0.65625 0.352294922
vt 0.609863281 0.356201172
vt 0.610839844 0.352294922
vt 0.564453125 0.352294922
vt 0.562011719 0.356201172
vt 0.572753906 0.336425781
vt 0.575683594 0.340087891
vt 0.587402344 0.340087891
vt 0.590332031 0.336425781
vt 0.562011719 0.336425781
vt 0.564453125 0.340087891
vt 0.610839844 0.340087891
vt 0.609863281 0.336425781
vt 0.655273438 0.356201172
vt 0.65625 0.352294922
vt 0.483154297 0.352294922
vt 0.481933594 0.356201172
vt 0.481933594 0.336425781
vt 0.483154297 0.340087891
vt 0.65625 0.340087891
vt 0.655273438 0.336425781
vt 0.480712891 0.340332031
vt 0.480712891 0.352294922
vt 0.653808594 0.352294922
vt 0.653808594 0.340332031
vt 0.562011719 0.340332031
vt 0.562011719 0.352294922
vt 0.608886719 0.352294922
vt 0.608886719 0.340332031
vt 0.633300781 0.356201172
vt 0.633300781 0.359619141
vt 0.650878906 0.359619141
vt 0.650878906 0.356201172
vt 0.481933594 0.356201172
vt 0.480712891 0.359619141
vt 0.653808594 0.359619141
vt 0.655273438 0.356201172
vt 0.655273438 0.336425781
vt 0.653808594 0.333251953
vt 0.480712891 0.333251953
vt 0.481933594 0.336425781
vt 0.562011719 0.356201172
vt 0.562011719 0.359619141
vt 0.608886719 0.359619141
vt 0.609863281 0.356201172
vt 0.609863281 0.336425781
vt 0.608886719 0.333251953
vt 0.562011719 0.333251953
vt 0.562011719 0.336425781
vt 0.590332031 0.336425781
vt 0.590332031 0.333251953
vt 0.572753906 0.333251953
vt 0.572753906 0.336425781
vt 0.859375 0.380371094
vt 0.662597656 0.380371094
vt 0.662597656 0.38671875
vt 0.859375 0.38671875
vt 0.656738281 0.373779297
vt 0.859375 0.373779297
vt 0.859375 0.367431641
vt 0.656738281 0.367431641
vt 0.859375 0.38671875
vt 0.662597656 0.38671875
vt 0.656738281 0.393310547
vt 0.859375 0.393310547
vt 0.859375 0.373779297
vt 0.656738281 0.373779297
vt 0.662597656 0.380371094
vt 0.859375 0.380371094
vt 0.859375 0.380371094
vt 0.662597656 0.380371094
vt 0.662597656 0.38671875
vt 0.859375 0.38671875
vt 0.656738281 0.373779297
vt 0.859375 0.373779297
vt 0.859375 0.367431641
vt 0.656738281 0.367431641
vt 0.859375 0.38671875
vt 0.662597656 0.38671875
vt 0.656738281 0.393310547
vt 0.859375 0.393310547
vt 0.859375 0.373779297
vt 0.656738281 0.373779297
vt 0.662597656 0.380371094
vt 0.859375 0.380371094
vt 0.859375 0.380371094
vt 0.662597656 0.380371094
vt 0.662597656 0.38671875
vt 0.859375 0.38671875
vt 0.656738281 0.373779297
vt 0.859375 0.373779297
vt 0.859375 0.367431641
vt 0.656738281 0.367431641
vt 0.859375 0.38671875
vt 0.662597656 0.38671875
vt 0.656738281 0.393310547
vt 0.859375 0.393310547
vt 0.859375 0.373779297
vt 0.656738281 0.373779297
vt 0.662597656 0.380371094
vt 0.859375 0.380371094
vt 0.859375 0.380371094
vt 0.662597656 0.380371094
vt 0.662597656 0.38671875
vt 0.859375 0.38671875
vt 0.656738281 0.373779297
vt 0.859375 0.373779297
vt 0.859375 0.367431641
vt 0.656738281 0.367431641
vt 0.859375 0.38671875
vt 0.662597656 0.38671875
vt 0.656738281 0.393310547
vt 0.859375 0.393310547
vt 0.859375 0.373779297
vt 0.656738281 0.373779297
vt 0.662597656 0.380371094
vt 0.859375 0.380371094
vt 0.859375 0.380371094
vt 0.662597656 0.380371094
vt 0.662597656 0.38671875
vt 0.859375 0.38671875
vt 0.656738281 0.373779297
vt 0.859375 0.373779297
vt 0.859375 0.367431641
vt 0.656738281 0.367431641
vt 0.859375 0.38671875
vt 0.662597656 0.38671875
vt 0.656738281 0.393310547
vt 0.859375 0.393310547
vt 0.859375 0.373779297
vt 0.656738281 0.373779297
vt 0.662597656 0.380371094
vt 0.859375 0.380371094
vt 0.859375 0.380371094
vt 0.662597656 0.380371094
vt 0.662597656 0.38671875
vt 0.859375 0.38671875
vt 0.656738281 0.373779297
vt 0.859375 0.373779297
vt 0.859375 0.367431641
vt 0.656738281 0.367431641
vt 0.859375 0.38671875
vt 0.662597656 0.38671875
vt 0.656738281 0.393310547
vt 0.859375 0.393310547
vt 0.859375 0.373779297
vt 0.656738281 0.373779297
vt 0.662597656 0.380371094
vt 0.859375 0.380371094
vt 0.859375 0.380371094
vt 0.662597656 0.380371094
vt 0.662597656 0.38671875
vt 0.859375 0.38671875
vt 0.656738281 0.373779297
vt 0.859375 0.373779297
vt 0.859375 0.367431641
vt 0.656738281 0.367431641
vt 0.859375 0.38671875
vt 0.662597656 0.38671875
vt 0.656738281 0.393310547
vt 0.859375 0.393310547
vt 0.859375 0.373779297
vt 0.656738281 0.373779297
vt 0.662597656 0.380371094
vt 0.859375 0.380371094
vt 0.859375 0.380371094
vt 0.662597656 0.380371094
vt 0.662597656 0.38671875
vt 0.859375 0.38671875
vt 0.656738281 0.373779297
vt 0.859375 0.373779297
vt 0.859375 0.367431641
vt 0.656738281 0.367431641
vt 0.859375 0.38671875
vt 0.662597656 0.38671875
vt 0.656738281 0.393310547
vt 0.859375 0.393310547
vt 0.859375 0.373779297
vt 0.656738281 0.373779297
vt 0.662597656 0.380371094
vt 0.859375 0.380371094
vt 0.859375 0.380371094
vt 0.662597656 0.380371094
vt 0.662597656 0.38671875
vt 0.859375 0.38671875
vt 0.656738281 0.373779297
vt 0.859375 0.373779297
vt 0.859375 0.367431641
vt 0.656738281 0.367431641
vt 0.859375 0.38671875
vt 0.662597656 0.38671875
vt 0.656738281 0.393310547
vt 0.859375 0.393310547
vt 0.859375 0.373779297
vt 0.656738281 0.373779297
vt 0.662597656 0.380371094
vt 0.859375 0.380371094
vt 0.859375 0.380371094
vt 0.662597656 0.380371094
vt 0.662597656 0.38671875
vt 0.859375 0.38671875
vt 0.656738281 0.373779297
vt 0.859375 0.373779297
vt 0.859375 0.367431641
vt 0.656738281 0.367431641
vt 0.859375 0.38671875
vt 0.662597656 0.38671875
vt 0.656738281 0.393310547
vt 0.859375 0.393310547
vt 0.859375 0.373779297
vt 0.656738281 0.373779297
vt 0.662597656 0.380371094
vt 0.859375 0.380371094
vt 0.720703125 0.397949219
vt 0.599609375 0.397949219
vt 0.599121094 0.405273438
vt 0.720703125 0.405273438
vt 0.596679688 0.474609375
vt 0.704101562 0.474609375
vt 0.704101562 0.463378906
vt 0.596679688 0.463378906
vt 0.625488281 0.408935547
vt 0.502441406 0.408935547
vt 0.518066406 0.463134766
vt 0.625488281 0.463134766
vt 0.678222656 0.397949219
vt 0.462890625 0.397949219
vt 0.462890625 0.405273438
vt 0.678222656 0.405273438
vt 0.482910156 0.474609375
vt 0.693359375 0.474609375
vt 0.693359375 0.463378906
vt 0.482910156 0.463378906
vt 0.758789062 0.408935547
vt 0.543457031 0.408935547
vt 0.528808594 0.463134766
vt 0.739746094 0.463134766
vt 0.657714844 0.397949219
vt 0.516113281 0.397949219
vt 0.516113281 0.405273438
vt 0.657714844 0.405273438
vt 0.491699219 0.474609375
vt 0.629394531 0.474609375
vt 0.629394531 0.463378906
vt 0.491699219 0.463378906
vt 0.730957031 0.463134766
vt 0.70703125 0.408935547
vt 0.565429688 0.408935547
vt 0.592773438 0.463134766
vt 0.77734375 0.397949219
vt 0.478027344 0.397949219
vt 0.478027344 0.405273438
vt 0.77734375 0.405273438
vt 0.455566406 0.474609375
vt 0.719726562 0.474609375
vt 0.719726562 0.463378906
vt 0.455322266 0.463378906
vt 0.743164062 0.408935547
vt 0.442626953 0.408935547
vt 0.502929688 0.463134766
vt 0.767089844 0.463134766
vt 0.596679688 0.463378906
vt 0.704101562 0.463378906
vt 0.720214844 0.408935547
vt 0.597167969 0.408935547
vt 0.482910156 0.463378906
vt 0.693359375 0.463378906
vt 0.679199219 0.408935547
vt 0.463623047 0.408935547
vt 0.491699219 0.463378906
vt 0.629394531 0.463378906
vt 0.657226562 0.408935547
vt 0.515136719 0.408935547
vt 0.455322266 0.463378906
vt 0.719726562 0.463378906
vt 0.779785156 0.408935547
vt 0.479492188 0.408935547
vt 0.720214844 0.408935547
vt 0.720703125 0.405273438
vt 0.599121094 0.405273438
vt 0.597167969 0.408935547
vt 0.597167969 0.408935547
vt 0.599121094 0.405273438
vt 0.599609375 0.397949219
vt 0.597167969 0.395019531
vt 0.597167969 0.395019531
vt 0.599609375 0.397949219
vt 0.720703125 0.397949219
vt 0.720214844 0.395019531
vt 0.679199219 0.408935547
vt 0.678222656 0.405273438
vt 0.462890625 0.405273438
vt 0.463623047 0.408935547
vt 0.462890625 0.397949219
vt 0.678222656 0.397949219
vt 0.679199219 0.395019531
vt 0.463623047 0.395019531
vt 0.657226562 0.408935547
vt 0.657714844 0.405273438
vt 0.516113281 0.405273438
vt 0.515136719 0.408935547
vt 0.515136719 0.395019531
vt 0.516113281 0.397949219
vt 0.657714844 0.397949219
vt 0.657226562 0.395019531
vt 0.779785156 0.395019531
vt 0.77734375 0.397949219
vt 0.77734375 0.405273438
vt 0.779785156 0.408935547
vt 0.779785156 0.408935547
vt 0.77734375 0.405273438
vt 0.478027344 0.405273438
vt 0.479492188 0.408935547
vt 0.478027344 0.397949219
vt 0.77734375 0.397949219
vt 0.779785156 0.395019531
vt 0.479492188 0.395019531
vt 0.488037109 0.474609375
vt 0.698730469 0.474609375
vt 0.698730469 0.463378906
vt 0.488037109 0.463378906
vt 0.488037109 0.463378906
vt 0.698730469 0.463378906
vt 0.6796875 0.408935547
vt 0.464111328 0.408935547
vt 0.678710938 0.405273438
vt 0.463134766 0.405273438
vt 0.464111328 0.408935547
vt 0.6796875 0.408935547
vt 0.678710938 0.397949219
vt 0.463134766 0.397949219
vt 0.463134766 0.405273438
vt 0.678710938 0.405273438
vt 0.464111328 0.395019531
vt 0.463134766 0.397949219
vt 0.678710938 0.397949219
vt 0.6796875 0.395019531
vt 0.734375 0.463134766
vt 0.758300781 0.408935547
vt 0.54296875 0.408935547
vt 0.523925781 0.463134766
vt 0.455322266 0.474609375
vt 0.719238281 0.474609375
vt 0.719238281 0.463378906
vt 0.455078125 0.463378906
vt 0.455078125 0.463378906
vt 0.719238281 0.463378906
vt 0.743164062 0.408935547
vt 0.442626953 0.408935547
vt 0.7421875 0.405273438
vt 0.441650391 0.405273438
vt 0.442626953 0.408935547
vt 0.743164062 0.408935547
vt 0.7421875 0.397949219
vt 0.441650391 0.397949219
vt 0.441650391 0.405273438
vt 0.7421875 0.405273438
vt 0.442626953 0.395019531
vt 0.441650391 0.397949219
vt 0.7421875 0.397949219
vt 0.743164062 0.395019531
vt 0.767578125 0.463134766
vt 0.779785156 0.408935547
vt 0.479003906 0.408935547
vt 0.503417969 0.463134766
vt 0.250732422 0.506347656
vt 0.250732422 0.5
vt 0.432128906 0.5
vt 0.432128906 0.506347656
vt 0.432128906 0.5
vt 0.250732422 0.5
vt 0.250732422 0.464355469
vt 0.432128906 0.464355469
vt 0.432128906 0.506347656
vt 0.432128906 0.5
vt 0.250732422 0.5
vt 0.250732422 0.506347656
vt 0.250732422 0.5
vt 0.432128906 0.5
vt 0.432128906 0.464355469
vt 0.250732422 0.464355469
vt 0.250732422 0.506347656
vt 0.250732422 0.5
vt 0.432128906 0.5
vt 0.432128906 0.506347656
vt 0.432128906 0.5
vt 0.250732422 0.5
vt 0.250732422 0.464355469
vt 0.432128906 0.464355469
vt 0.432128906 0.506347656
vt 0.432128906 0.5
vt 0.250732422 0.5
vt 0.250732422 0.506347656
vt 0.250732422 0.5
vt 0.432128906 0.5
vt 0.432128906 0.464355469
vt 0.250732422 0.464355469
vt 0.250732422 0.506347656
vt 0.250732422 0.5
vt 0.432128906 0.5
vt 0.432128906 0.506347656
vt 0.432128906 0.5
vt 0.250732422 0.5
vt 0.250732422 0.464355469
vt 0.432128906 0.464355469
vt 0.432128906 0.506347656
vt 0.432128906 0.500488281
vt 0.250732422 0.500488281
vt 0.250732422 0.506347656
vt 0.250732422 0.500488281
vt 0.432128906 0.500488281
vt 0.432128906 0.364990234
vt 0.250732422 0.364990234
vt 0.432128906 0.506347656
vt 0.432128906 0.5
vt 0.250732422 0.5
vt 0.250732422 0.506347656
vt 0.250732422 0.5
vt 0.432128906 0.5
vt 0.432128906 0.464355469
vt 0.250732422 0.464355469
vt 0.250732422 0.506347656
vt 0.250732422 0.5
vt 0.432128906 0.5
vt 0.432128906 0.506347656
vt 0.432128906 0.5
vt 0.250732422 0.5
vt 0.250732422 0.464355469
vt 0.432128906 0.464355469
vt 0.432128906 0.506347656
vt 0.432128906 0.5
vt 0.250732422 0.5
vt 0.250732422 0.506347656
vt 0.250732422 0.5
vt 0.432128906 0.5
vt 0.432128906 0.464355469
vt 0.250732422 0.464355469
vt 0.432128906 0.506347656
vt 0.432128906 0.5
vt 0.250732422 0.5
vt 0.250732422 0.506347656
vt 0.250732422 0.5
vt 0.432128906 0.5
vt 0.432128906 0.464355469
vt 0.250732422 0.464355469
vt 0.432128906 0.506347656
vt 0.432128906 0.5
vt 0.250732422 0.5
vt 0.250732422 0.506347656
vt 0.250732422 0.5
vt 0.432128906 0.5
vt 0.432128906 0.464355469
vt 0.250732422 0.464355469
vt 0.250732422 0.506347656
vt 0.250732422 0.5
vt 0.432128906 0.5
vt 0.432128906 0.506347656
vt 0.432128906 0.5
vt 0.250732422 0.5
vt 0.250732422 0.464355469
vt 0.432128906 0.464355469
vt 0.432128906 0.506347656
vt 0.432128906 0.5
vt 0.250732422 0.5
vt 0.250732422 0.506347656
vt 0.250732422 0.5
vt 0.432128906 0.5
vt 0.432128906 0.464355469
vt 0.250732422 0.464355469
vt 0.250732422 0.506347656
vt 0.250732422 0.5
vt 0.432128906 0.5
vt 0.432128906 0.506347656
vt 0.432128906 0.5
vt 0.250732422 0.5
vt 0.250732422 0.464355469
vt 0.432128906 0.464355469
vt 0.432128906 0.506347656
vt 0.432128906 0.5
vt 0.250732422 0.5
vt 0.250732422 0.506347656
vt 0.250732422 0.5
vt 0.432128906 0.5
vt 0.432128906 0.464355469
vt 0.250732422 0.464355469
vt 0.432128906 0.506347656
vt 0.432128906 0.5
vt 0.250732422 0.5
vt 0.250732422 0.506347656
vt 0.250732422 0.5
vt 0.432128906 0.5
vt 0.432128906 0.464355469
vt 0.250732422 0.464355469
vt 0.250732422 0.506347656
vt 0.250732422 0.5
vt 0.432128906 0.5
vt 0.432128906 0.506347656
vt 0.432128906 0.5
vt 0.250732422 0.5
vt 0.250732422 0.464355469
vt 0.432128906 0.464355469
vt 0.432128906 0.506347656
vt 0.432128906 0.5
vt 0.250732422 0.5
vt 0.250732422 0.506347656
vt 0.250732422 0.5
vt 0.432128906 0.5
vt 0.432128906 0.464355469
vt 0.250732422 0.464355469
vt 0.250732422 0.506347656
vt 0.250732422 0.5
vt 0.432128906 0.5
vt 0.432128906 0.506347656
vt 0.432128906 0.5
vt 0.250732422 0.5
vt 0.250732422 0.464355469
vt 0.432128906 0.464355469
vt 0.432128906 0.530761719
vt 0.432128906 0.510742188
vt 0.250732422 0.510742188
vt 0.250732422 0.530761719
vt 0.250732422 0.530761719
vt 0.250732422 0.510742188
vt 0.432128906 0.510742188
vt 0.432128906 0.530761719
vt 0.432128906 0.530761719
vt 0.432128906 0.510742188
vt 0.250732422 0.510742188
vt 0.250732422 0.530761719
vt 0.432128906 0.530761719
vt 0.432128906 0.510742188
vt 0.250732422 0.510742188
vt 0.250732422 0.530761719
vt 0.250732422 0.530761719
vt 0.250732422 0.510742188
vt 0.432128906 0.510742188
vt 0.432128906 0.530761719
vt 0.432128906 0.530761719
vt 0.432128906 0.510742188
vt 0.250732422 0.510742188
vt 0.250732422 0.530761719
vt 0.250732422 0.530761719
vt 0.250732422 0.510742188
vt 0.432128906 0.510742188
vt 0.432128906 0.530761719
vt 0.432128906 0.530761719
vt 0.432128906 0.510742188
vt 0.250732422 0.510742188
vt 0.250732422 0.530761719
vt 0.250732422 0.530761719
vt 0.250732422 0.510742188
vt 0.432128906 0.510742188
vt 0.432128906 0.530761719
vt 0.432128906 0.530761719
vt 0.432128906 0.510742188
vt 0.250732422 0.510742188
vt 0.250732422 0.530761719
vt 0.432128906 0.530761719
vt 0.432128906 0.510742188
vt 0.250732422 0.510742188
vt 0.250732422 0.530761719
vt 0.250732422 0.530761719
vt 0.250732422 0.510742188
vt 0.432128906 0.510742188
vt 0.432128906 0.530761719
vt 0.432128906 0.530761719
vt 0.432128906 0.510742188
vt 0.250732422 0.510742188
vt 0.250732422 0.530761719
vt 0.250732422 0.530761719
vt 0.250732422 0.510742188
vt 0.432128906 0.510742188
vt 0.432128906 0.530761719
vt 0.432128906 0.530761719
vt 0.432128906 0.510742188
vt 0.250732422 0.510742188
vt 0.250732422 0.530761719
vt 0.250732422 0.530761719
vt 0.250732422 0.510742188
vt 0.432128906 0.510742188
vt 0.432128906 0.530761719
vt 0.432128906 0.530761719
vt 0.432128906 0.510742188
vt 0.250732422 0.510742188
vt 0.250732422 0.530761719
vt 0.250732422 0.530761719
vt 0.250732422 0.510742188
vt 0.432128906 0.510742188
vt 0.432128906 0.530761719
vt 0.432128906 0.530761719
vt 0.432128906 0.510742188
vt 0.250732422 0.510742188
vt 0.250732422 0.530761719
vt 0.250732422 0.454589844
vt 0.250732422 0.459228516
vt 0.432128906 0.459228516
vt 0.432128906 0.454589844
vt 0.432128906 0.463867188
vt 0.432128906 0.459228516
vt 0.250732422 0.459228516
vt 0.250732422 0.463867188
vt 0.250732422 0.510742188
vt 0.250732422 0.506347656
vt 0.432128906 0.506347656
vt 0.432128906 0.510742188
vt 0.432128906 0.510742188
vt 0.432128906 0.506347656
vt 0.250732422 0.506347656
vt 0.250732422 0.510742188
vt 0.250732422 0.510742188
vt 0.250732422 0.506347656
vt 0.432128906 0.506347656
vt 0.432128906 0.510742188
vt 0.432128906 0.510742188
vt 0.432128906 0.506347656
vt 0.250732422 0.506347656
vt 0.250732422 0.510742188
vt 0.250732422 0.510742188
vt 0.250732422 0.506347656
vt 0.432128906 0.506347656
vt 0.432128906 0.510742188
vt 0.432128906 0.510742188
vt 0.432128906 0.506347656
vt 0.250732422 0.506347656
vt 0.250732422 0.510742188
vt 0.432128906 0.510742188
vt 0.432128906 0.506347656
vt 0.250732422 0.506347656
vt 0.250732422 0.510742188
vt 0.250732422 0.510742188
vt 0.250732422 0.506347656
vt 0.432128906 0.506347656
vt 0.432128906 0.510742188
vt 0.432128906 0.510742188
vt 0.432128906 0.506347656
vt 0.250732422 0.506347656
vt 0.250732422 0.510742188
vt 0.432128906 0.510742188
vt 0.432128906 0.506347656
vt 0.250732422 0.506347656
vt 0.250732422 0.510742188
vt 0.432128906 0.510742188
vt 0.432128906 0.506347656
vt 0.250732422 0.506347656
vt 0.250732422 0.510742188
vt 0.250732422 0.510742188
vt 0.250732422 0.506347656
vt 0.432128906 0.506347656
vt 0.432128906 0.510742188
vt 0.432128906 0.510742188
vt 0.432128906 0.506347656
vt 0.250732422 0.506347656
vt 0.250732422 0.510742188
vt 0.250732422 0.510742188
vt 0.250732422 0.506347656
vt 0.432128906 0.506347656
vt 0.432128906 0.510742188
vt 0.432128906 0.510742188
vt 0.432128906 0.506347656
vt 0.250732422 0.506347656
vt 0.250732422 0.510742188
vt 0.432128906 0.510742188
vt 0.432128906 0.506347656
vt 0.250732422 0.506347656
vt 0.250732422 0.510742188
vt 0.250732422 0.510742188
vt 0.250732422 0.506347656
vt 0.432128906 0.506347656
vt 0.432128906 0.510742188
vt 0.432128906 0.510742188
vt 0.432128906 0.506347656
vt 0.250732422 0.506347656
vt 0.250732422 0.510742188
vt 0.250732422 0.510742188
vt 0.250732422 0.506347656
vt 0.432128906 0.506347656
vt 0.432128906 0.510742188
vt 0.432128906 0.459228516
vt 0.250732422 0.459228516
vt 0.250732422 0.481201172
vt 0.432128906 0.481201172
vt 0.432128906 0.425537109
vt 0.250732422 0.425537109
vt 0.250732422 0.459472656
vt 0.432128906 0.459472656
vt 0.432128906 0.459472656
vt 0.250732422 0.459472656
vt 0.250732422 0.486083984
vt 0.432128906 0.486083984
vt 0.432128906 0.425537109
vt 0.250732422 0.425537109
vt 0.250732422 0.459472656
vt 0.432128906 0.459472656
vt 0.432128906 0.459472656
vt 0.250732422 0.459472656
vt 0.250732422 0.486083984
vt 0.432128906 0.486083984
vt 0.432128906 0.425537109
vt 0.250732422 0.425537109
vt 0.250732422 0.459472656
vt 0.432128906 0.459472656
vt 0.432128906 0.459472656
vt 0.250732422 0.459472656
vt 0.250732422 0.486083984
vt 0.432128906 0.486083984
vt 0.432128906 0.425537109
vt 0.250732422 0.425537109
vt 0.250732422 0.459472656
vt 0.432128906 0.459472656
vt 0.432128906 0.459472656
vt 0.250732422 0.459472656
vt 0.250732422 0.486083984
vt 0.432128906 0.486083984
vt 0.432128906 0.425537109
vt 0.250732422 0.425537109
vt 0.250732422 0.459472656
vt 0.432128906 0.459472656
vt 0.432128906 0.459472656
vt 0.250732422 0.459472656
vt 0.250732422 0.486083984
vt 0.432128906 0.486083984
vt 0.432128906 0.425537109
vt 0.250732422 0.425537109
vt 0.250732422 0.459472656
vt 0.432128906 0.459472656
vt 0.432128906 0.459472656
vt 0.250732422 0.459472656
vt 0.250732422 0.486083984
vt 0.432128906 0.486083984
vt 0.432128906 0.425537109
vt 0.250732422 0.425537109
vt 0.250732422 0.459472656
vt 0.432128906 0.459472656
vt 0.432128906 0.459472656
vt 0.250732422 0.459472656
vt 0.250732422 0.486083984
vt 0.432128906 0.486083984
vt 0.432128906 0.425537109
vt 0.250732422 0.425537109
vt 0.250732422 0.459472656
vt 0.432128906 0.459472656
vt 0.432128906 0.459472656
vt 0.250732422 0.459472656
vt 0.250732422 0.486083984
vt 0.432128906 0.486083984
vt 0.432128906 0.425537109
vt 0.250732422 0.425537109
vt 0.250732422 0.459472656
vt 0.432128906 0.459472656
vt 0.432128906 0.459472656
vt 0.250732422 0.459472656
vt 0.250732422 0.486083984
vt 0.432128906 0.486083984
vt 0.432128906 0.32421875
vt 0.250732422 0.32421875
vt 0.250732422 0.459472656
vt 0.432128906 0.459472656
vt 0.432128906 0.459472656
vt 0.250732422 0.459472656
vt 0.250732422 0.486083984
vt 0.432128906 0.486083984
vt 0.432128906 0.425537109
vt 0.250732422 0.425537109
vt 0.250732422 0.459472656
vt 0.432128906 0.459472656
vt 0.432128906 0.459472656
vt 0.250732422 0.459472656
vt 0.250732422 0.486083984
vt 0.432128906 0.486083984
vt 0.432128906 0.425537109
vt 0.250732422 0.425537109
vt 0.250732422 0.459472656
vt 0.432128906 0.459472656
vt 0.432128906 0.459472656
vt 0.250732422 0.459472656
vt 0.250732422 0.486083984
vt 0.432128906 0.486083984
vt 0.432128906 0.425537109
vt 0.250732422 0.425537109
vt 0.250732422 0.459472656
vt 0.432128906 0.459472656
vt 0.432128906 0.459472656
vt 0.250732422 0.459472656
vt 0.250732422 0.486083984
vt 0.432128906 0.486083984
vt 0.432128906 0.425537109
vt 0.250732422 0.425537109
vt 0.250732422 0.459472656
vt 0.432128906 0.459472656
vt 0.432128906 0.459472656
vt 0.250732422 0.459472656
vt 0.250732422 0.486083984
vt 0.432128906 0.486083984
vt 0.432128906 0.425537109
vt 0.250732422 0.425537109
vt 0.250732422 0.459472656
vt 0.432128906 0.459472656
vt 0.432128906 0.459472656
vt 0.250732422 0.459472656
vt 0.250732422 0.486083984
vt 0.432128906 0.486083984
vt 0.432128906 0.425537109
vt 0.250732422 0.425537109
vt 0.250732422 0.459472656
vt 0.432128906 0.459472656
vt 0.432128906 0.459472656
vt 0.250732422 0.459472656
vt 0.250732422 0.486083984
vt 0.432128906 0.486083984
vt 0.432128906 0.425537109
vt 0.250732422 0.425537109
vt 0.250732422 0.459472656
vt 0.432128906 0.459472656
vt 0.432128906 0.459472656
vt 0.250732422 0.459472656
vt 0.250732422 0.486083984
vt 0.432128906 0.486083984
vt 0.432128906 0.425537109
vt 0.250732422 0.425537109
vt 0.250732422 0.459472656
vt 0.432128906 0.459472656
vt 0.432128906 0.459472656
vt 0.250732422 0.459472656
vt 0.250732422 0.486083984
vt 0.432128906 0.486083984
vt 0.432128906 0.429931641
vt 0.250732422 0.429931641
vt 0.250732422 0.459228516
vt 0.432128906 0.459228516
vt 0.455322266 0.356201172
vt 0.459472656 0.359619141
vt 0.676757812 0.359619141
vt 0.680175781 0.356201172
vt 0.680175781 0.356201172
vt 0.677734375 0.352294922
vt 0.454345703 0.352294922
vt 0.455322266 0.356201172
vt 0.677734375 0.352294922
vt 0.677734375 0.340087891
vt 0.454345703 0.340087891
vt 0.454345703 0.352294922
vt 0.680175781 0.336425781
vt 0.676757812 0.333251953
vt 0.459472656 0.333251953
vt 0.455322266 0.336425781
vt 0.676757812 0.352294922
vt 0.677246094 0.340332031
vt 0.459472656 0.340332031
vt 0.459472656 0.352294922
vt 0.675292969 0.340087891
vt 0.441162109 0.340087891
vt 0.441162109 0.352294922
vt 0.675292969 0.352294922
vt 0.677246094 0.356201172
vt 0.675292969 0.352294922
vt 0.441162109 0.352294922
vt 0.443359375 0.356201172
vt 0.441162109 0.340087891
vt 0.675292969 0.340087891
vt 0.677246094 0.336425781
vt 0.443359375 0.336425781
vt 0.440185547 0.352294922
vt 0.677246094 0.352294922
vt 0.677246094 0.340332031
vt 0.440185547 0.340332031
vt 0.440185547 0.359619141
vt 0.677246094 0.359619141
vt 0.677246094 0.356201172
vt 0.443359375 0.356201172
vt 0.677246094 0.336425781
vt 0.677246094 0.333251953
vt 0.440185547 0.333251953
vt 0.443359375 0.336425781
vt 0.672363281 0.352294922
vt 0.434570312 0.352294922
vt 0.435546875 0.356201172
vt 0.672851562 0.356201172
vt 0.672363281 0.340087891
vt 0.434570312 0.340087891
vt 0.434570312 0.352294922
vt 0.672363281 0.352294922
vt 0.435546875 0.336425781
vt 0.434570312 0.340087891
vt 0.672363281 0.340087891
vt 0.672851562 0.336425781
vt 0.677246094 0.333251953
vt 0.436767578 0.333251953
vt 0.435546875 0.336425781
vt 0.672851562 0.336425781
vt 0.436767578 0.340332031
vt 0.436767578 0.352294922
vt 0.677246094 0.352294922
vt 0.677246094 0.340332031
vt 0.435546875 0.356201172
vt 0.436767578 0.359619141
vt 0.677246094 0.359619141
vt 0.672851562 0.356201172
vt 0.456054688 0.356201172
vt 0.458740234 0.359619141
vt 0.666503906 0.359619141
vt 0.666503906 0.356201172
vt 0.666503906 0.356201172
vt 0.662597656 0.352294922
vt 0.458251953 0.352294922
vt 0.456054688 0.356201172
vt 0.662597656 0.352294922
vt 0.662597656 0.340087891
vt 0.458251953 0.340087891
vt 0.458251953 0.352294922
vt 0.666503906 0.336425781
vt 0.666503906 0.333251953
vt 0.458740234 0.333251953
vt 0.456054688 0.336425781
vt 0.666503906 0.352294922
vt 0.666503906 0.340332031
vt 0.458740234 0.340332031
vt 0.458740234 0.352294922
vt 0.632324219 0.340087891
vt 0.455078125 0.340087891
vt 0.455078125 0.352294922
vt 0.632324219 0.352294922
vt 0.633300781 0.356201172
vt 0.632324219 0.352294922
vt 0.455078125 0.352294922
vt 0.459228516 0.356201172
vt 0.455078125 0.340087891
vt 0.632324219 0.340087891
vt 0.633300781 0.336425781
vt 0.459228516 0.336425781
vt 0.458984375 0.352294922
vt 0.634765625 0.352294922
vt 0.634765625 0.340332031
vt 0.458984375 0.340332031
vt 0.458984375 0.359619141
vt 0.634765625 0.359619141
vt 0.633300781 0.356201172
vt 0.459228516 0.356201172
vt 0.633300781 0.336425781
vt 0.634765625 0.333251953
vt 0.458984375 0.333251953
vt 0.459228516 0.336425781
vt 0.665527344 0.352294922
vt 0.488525391 0.352294922
vt 0.489501953 0.356201172
vt 0.663574219 0.356201172
vt 0.665527344 0.340087891
vt 0.488525391 0.340087891
vt 0.488525391 0.352294922
vt 0.665527344 0.352294922
vt 0.489501953 0.336425781
vt 0.488525391 0.340087891
vt 0.665527344 0.340087891
vt 0.663574219 0.336425781
vt 0.666503906 0.333251953
vt 0.490722656 0.333251953
vt 0.489501953 0.336425781
vt 0.663574219 0.336425781
vt 0.490722656 0.340332031
vt 0.490722656 0.352294922
vt 0.666503906 0.352294922
vt 0.666503906 0.340332031
vt 0.489501953 0.356201172
vt 0.490722656 0.359619141
vt 0.666503906 0.359619141
vt 0.663574219 0.356201172
vn -0 -0.029510498 0.999511719
vn -0 -0.029510498 0.999511719
vn -0 -0.029510498 0.999511719
vn -0 -0.029510498 0.999511719
vn -0 -0.029510498 0.999511719
vn -0 -0.029510498 0.999511719
vn -0.697265625 0.5625 0.444335938
vn -0.697753906 0.562011719 0.444091797
vn -0.696289062 0.562988281 0.445068359
vn -0.697265625 0.5625 0.444335938
vn -0.696289062 0.562988281 0.445068359
vn -0.695800781 0.563476562 0.445068359
vn -0.690917969 0.558105469 0.459472656
vn -0.690917969 0.558105469 0.459472656
vn -0.690917969 0.558105469 0.459472656
vn -0.690917969 0.558105469 0.459472656
vn -0.690917969 0.558105469 0.459472656
vn -0.690917969 0.558105469 0.459472656
vn -0 0 1
vn -0 0 1
vn -0 0 1
vn -0 0 1
vn -0 0 -1
vn -0 0 -1
vn -0 0 -1
vn -0 0 -1
vn 1 0 0
vn 1 0 0
vn 1 0 0
vn 1 0 0
vn -1 0 0
vn -1 0 0
vn -1 0 0
vn -1 0 0
vn -0 0 1
vn -0 0 1
vn -0 0 1
vn -0 0 1
vn -0 0 -1
vn -0 0 -1
vn -0 0 -1
vn -0 0 -1
vn 1 0 0
vn 1 0 0
vn 1 0 0
vn 1 0 0
vn -1 0 0
vn -1 0 0
vn -1 0 0
vn -1 0 0
vn -0 0 1
vn -0 0 1
vn -0 0 1
vn -0 0 1
vn -0 0 -1
vn -0 0 -1
vn -0 0 -1
vn -0 0 -1
vn 1 0 0
vn 1 0 0
vn 1 0 0
vn 1 0 0
vn -1 0 0
vn -1 0 0
vn -1 0 0
vn -1 0 0
vn -0 0 1
vn -0 0 1
vn -0 0 1
vn -0 0 1
vn -0 0 -1
vn -0 0 -1
vn -0 0 -1
vn -0 0 -1
vn 1 0 0
vn 1 0 0
vn 1 0 0
vn 1 0 0
vn -1 0 0
vn -1 0 0
vn -1 0 0
vn -1 0 0
vn -0 0 1
vn -0 0 1
vn -0 0 1
vn -0 0 1
vn -0 0 -1
vn -0 0 -1
vn -0 0 -1
vn -0 0 -1
vn 1 0 0
vn 1 0 0
vn 1 0 0
vn 1 0 0
vn -1 0 0
vn -1 0 0
vn -1 0 0
vn -1 0 0
vn -0 0 1
vn -0 0 1
vn -0 0 1
vn -0 0 1
vn -0 0 -1
vn -0 0 -1
vn -0 0 -1
vn -0 0 -1
vn 1 0 0
vn 1 0 0
vn 1 0 0
vn 1 0 0
vn -1 0 0
vn -1 0 0
vn -1 0 0
vn -1 0 0
vn -0 0 1
vn -0 0 1
vn -0 0 1
vn -0 0 1
vn -0 0 -1
vn -0 0 -1
vn -0 0 -1
vn -0 0 -1
vn 1 0 0
vn 1 0 0
vn 1 0 0
vn 1 0 0
vn -1 0 0
vn -1 0 0
vn -1 0 0
vn -1 0 0
vn -0 0 1
vn -0 0 1
vn -0 0 1
vn -0 0 1
vn -0 0 -1
vn -0 0 -1
vn -0 0 -1
vn -0 0 -1
vn 1 0 0
vn 1 0 0
vn 1 0 0
vn 1 0 0
vn -1 0 0
vn -1 0 0
vn -1 0 0
vn -1 0 0
vn -0 0 1
vn -0 0 1
vn -0 0 1
vn -0 0 1
vn -0 0 -1
vn -0 0 -1
vn -0 0 -1
vn -0 0 -1
vn 1 0 0
vn 1 0 0
vn 1 0 0
vn 1 0 0
vn -1 0 0
vn -1 0 0
vn -1 0 0
vn -1 0 0
vn -0 0 1
vn -0 0 1
vn -0 0 1
vn -0 0 1
vn -0 0 -1
vn -0 0 -1
vn -0 0 -1
vn -0 0 -1
vn 1 0 0
vn 1 0 0
vn 1 0 0
vn 1 0 0
vn -1 0 0
vn -1 0 0
vn -1 0 0
vn -1 0 0
vn -0 0 1
vn -0 0 1
vn -0 0 1
vn -0 0 1
vn -0 0 -1
vn -0 0 -1
vn -0 0 -1
vn -0 0 -1
vn 1 0 0
vn 1 0 0
vn 1 0 0
vn 1 0 0
vn -1 0 0
vn -1 0 0
vn -1 0 0
vn -1 0 0
vn -0 0 1
vn -0 0 1
vn -0 0 1
vn -0 0 1
vn -0 0 -1
vn -0 0 -1
vn -0 0 -1
vn -0 0 -1
vn 1 0 0
vn 1 0 0
vn 1 0 0
vn 1 0 0
vn -1 0 0
vn -1 0 0
vn -1 0 0
vn -1 0 0
vn -0 0 1
vn -0 0 1
vn -0 0 1
vn -0 0 1
vn -0 0 -1
vn -0 0 -1
vn -0 0 -1
vn -0 0 -1
vn 1 0 0
vn 1 0 0
vn 1 0 0
vn 1 0 0
vn -1 0 0
vn -1 0 0
vn -1 0 0
vn -1 0 0
vn -0 1 -3.39746475E-06
vn -0 1 -3.39746475E-06
vn -0 1 -3.39746475E-06
vn -0 1 -3.39746475E-06
vn -2.50339508E-06 1 -7.15255737E-07
vn -2.50339508E-06 1 -7.15255737E-07
vn -2.50339508E-06 1 -7.15255737E-07
vn -2.50339508E-06 1 -7.15255737E-07
vn 0.705566406 0.605957031 0.367919922
vn 0.705566406 0.605957031 0.367675781
vn 0.69140625 0.722167969 -1.25169754E-06
vn 0.69140625 0.722167969 -1.25169754E-06
vn -0 0.617675781 -0.786132812
vn -0 0.617675781 -0.786132812
vn -0 0.617675781 -0.786132812
vn -0 0.617675781 -0.786132812
vn -0.69140625 0.72265625 -2.50339508E-06
vn -0.69140625 0.72265625 -2.50339508E-06
vn -0.705566406 0.605957031 0.367675781
vn -0.705566406 0.605957031 0.367919922
vn 0.713378906 0.648925781 0.263671875
vn 0.713378906 0.647949219 0.266113281
vn 0.712890625 0.659667969 0.238647461
vn 0.712890625 0.659667969 0.23828125
vn -0.712890625 0.659667969 0.23828125
vn -0.712890625 0.659667969 0.238769531
vn -0.713378906 0.647949219 0.266357422
vn -0.713378906 0.648925781 0.263671875
vn -0 -1 9.53674316E-07
vn -0 -1 9.53674316E-07
vn -0 -1 9.53674316E-07
vn -0 -1 9.53674316E-07
vn -0 -1 2.2649765E-06
vn -0 -1 2.2649765E-06
vn -0 -1 2.2649765E-06
vn -0 -1 2.2649765E-06
vn -0 -0.633300781 0.773925781
vn -0 -0.633300781 0.773925781
vn -0 -0.633300781 0.773925781
vn -0 -0.633300781 0.773925781
vn 1 -9.05990601E-06 0
vn 1 -9.05990601E-06 0
vn 1 -2.71201134E-05 0
vn 1 -2.72393227E-05 0
vn -1 1.10864639E-05 0
vn -1 1.12056732E-05 0
vn -1 2.44379044E-06 0
vn -1 2.44379044E-06 0
vn 1 -0.00018966198 0
vn 1 -0.00018966198 0
vn 1 -3.21865082E-06 0
vn 1 -3.21865082E-06 0
vn -1 1.090765E-05 0
vn -1 1.090765E-05 0
vn -1 5.03659248E-05 0
vn -1 5.03659248E-05 0
vn -0 0 -1
vn -0 0 -1
vn -0 0 -1
vn -0 0 -1
vn -0 0 1
vn -0 0 1
vn -0 0 1
vn -0 0 1
vn -0 0 -1
vn -0 0 -1
vn -0 0 -1
vn -0 0 -1
vn 1 0 0
vn 1 0 0
vn 1 0 0
vn 1 0 0
vn -1 0 0
vn -1 0 0
vn -1 0 0
vn -1 0 0
vn -0 0 1
vn -0 0 1
vn -0 0 1
vn -0 0 1
vn -0 0 -1
vn -0 0 -1
vn -0 0 -1
vn -0 0 -1
vn 1 0 0
vn 1 0 0
vn 1 0 0
vn 1 0 0
vn -1 0 0
vn -1 0 0
vn -1 0 0
vn -1 0 0
vn -0 0 1
vn -0 0 1
vn -0 0 1
vn -0 0 1
vn -0 0 -1
vn -0 0 -1
vn -0 0 -1
vn -0 0 -1
vn 1 0 0
vn 1 0 0
vn 1 0 0
vn 1 0 0
vn -1 0 0
vn -1 0 0
vn -1 0 0
vn -1 0 0
vn -0 0 1
vn -0 0 1
vn -0 0 1
vn -0 0 1
vn -0 0 -1
vn -0 0 -1
vn -0 0 -1
vn -0 0 -1
vn 1 0 0
vn 1 0 0
vn 1 0 0
vn 1 0 0
vn -1 0 0
vn -1 0 0
vn -1 0 0
vn -1 0 0
vn -0 0 1
vn -0 0 1
vn -0 0 1
vn -0 0 1
vn -0 0 -1
vn -0 0 -1
vn -0 0 -1
vn -0 0 -1
vn 1 0 0
vn 1 0 0
vn 1 0 0
vn 1 0 0
vn -1 0 0
vn -1 0 0
vn -1 0 0
vn -1 0 0
vn -0 0 1
vn -0 0 1
vn -0 0 1
vn -0 0 1
vn -0 0 -1
vn -0 0 -1
vn -0 0 -1
vn -0 0 -1
vn 1 0 0
vn 1 0 0
vn 1 0 0
vn 1 0 0
vn -1 0 0
vn -1 0 0
vn -1 0 0
vn -1 0 0
vn -0 0 1
vn -0 0 1
vn -0 0 1
vn -0 0 1
vn -0 0 -1
vn -0 0 -1
vn -0 0 -1
vn -0 0 -1
vn 1 0 0
vn 1 0 0
vn 1 0 0
vn 1 0 0
vn -1 0 0
vn -1 0 0
vn -1 0 0
vn -1 0 0
vn -0 0 1
vn -0 0 1
vn -0 0 1
vn -0 0 1
vn -0 0 -1
vn -0 0 -1
vn -0 0 -1
vn -0 0 -1
vn 1 0 0
vn 1 0 0
vn 1 0 0
vn 1 0 0
vn -1 0 0
vn -1 0 0
vn -1 0 0
vn -1 0 0
vn -0 0 1
vn -0 0 1
vn -0 0 1
vn -0 0 1
vn -0 0 -1
vn -0 0 -1
vn -0 0 -1
vn -0 0 -1
vn 1 0 0
vn 1 0 0
vn 1 0 0
vn 1 0 0
vn -1 0 0
vn -1 0 0
vn -1 0 0
vn -1 0 0
vn -0 0 1
vn -0 0 1
vn -0 0 1
vn -0 0 1
vn -0 0 -1
vn -0 0 -1
vn -0 0 -1
vn -0 0 -1
vn 1 0 0
vn 1 0 0
vn 1 0 0
vn 1 0 0
vn -1 0 0
vn -1 0 0
vn -1 0 0
vn -1 0 0
vn -0 1 -7.15255737E-07
vn -0 1 -7.15255737E-07
vn -0 1 -7.15255737E-07
vn -0 1 -7.15255737E-07
vn -0 -1 1.07288361E-06
vn -0 -1 1.07288361E-06
vn -0 -1 1.07288361E-06
vn -0 -1 1.07288361E-06
vn -1 0 0
vn -1 2.20537186E-06 0
vn -1 2.32458115E-06 0
vn -1 0 0
vn -2.64048576E-05 0.774414062 0.6328125
vn -2.64048576E-05 0.774414062 0.6328125
vn -2.64048576E-05 0.774414062 0.6328125
vn -2.64048576E-05 0.774414062 0.6328125
vn -0 -0.77734375 -0.62890625
vn -0 -0.77734375 -0.62890625
vn -0 -0.77734375 -0.62890625
vn -0 -0.77734375 -0.62890625
vn -1 7.4505806E-06 0
vn -1 2.68220901E-06 0
vn -1 3.27825546E-06 0
vn -1 7.4505806E-06 0
vn -1.66893005E-06 1 -6.55651093E-07
vn -1.66893005E-06 1 -6.55651093E-07
vn -1.66893005E-06 1 -6.55651093E-07
vn -1.66893005E-06 1 -6.55651093E-07
vn -0 -1 6.55651093E-07
vn -0 -1 6.55651093E-07
vn -0 -1 6.55651093E-07
vn -0 -1 6.55651093E-07
vn -1 3.27825546E-06 0
vn -1 2.68220901E-06 0
vn -1 -3.39746475E-06 0
vn -1 -3.51667404E-06 0
vn -0 0.767578125 0.640625
vn -0 0.767578125 0.640625
vn -0 0.767578125 0.640625
vn -0 0.767578125 0.640625
vn -0 -0.776367188 -0.629882812
vn -0 -0.776367188 -0.629882812
vn -0 -0.776367188 -0.629882812
vn -0 -0.776367188 -0.629882812
vn -1 6.2584877E-06 0
vn -1 6.2584877E-06 0
vn -1 6.2584877E-06 0
vn -1 6.2584877E-06 0
vn 1 -6.07967377E-06 0
vn 1 -2.20537186E-06 0
vn 1 -2.44379044E-06 0
vn 1 -6.07967377E-06 0
vn 1 0 0
vn 1 0 0
vn 1 0 0
vn 1 0 0
vn 1 0 0
vn 1 0 0
vn 1 0 0
vn 1 0 0
vn 1 0 0
vn 1 0 0
vn 1 0 0
vn 1 0 0
vn 0.802734375 0.541992188 0.249145508
vn 0.802734375 0.541992188 0.249145508
vn 0.786132812 0.618164062 -4.17232513E-07
vn 0.786132812 0.618164062 -4.17232513E-07
vn -0 0.617675781 -0.786132812
vn -0 0.617675781 -0.786132812
vn -0 0.617675781 -0.786132812
vn -0 0.617675781 -0.786132812
vn -0.786132812 0.617675781 -4.17232513E-07
vn -0.786132812 0.617675781 -4.17232513E-07
vn -0.802734375 0.541992188 0.249145508
vn -0.802734375 0.541992188 0.249145508
vn 0.802734375 0.543945312 0.243896484
vn 0.802734375 0.543945312 0.243896484
vn 0.786132812 0.478515625 0.390869141
vn 0.786132812 0.478515625 0.390869141
vn -0.786132812 0.478515625 0.390869141
vn -0.802734375 0.543945312 0.243896484
vn -0.802734375 0.543945312 0.243774414
vn -0.786132812 0.478515625 0.390869141
vn 0.801757812 0.530761719 0.273925781
vn 0.801757812 0.530761719 0.273925781
vn 0.802734375 0.543945312 0.243896484
vn 0.802734375 0.543945312 0.243896484
vn -0.802734375 0.543945312 0.243774414
vn -0.802734375 0.543945312 0.243896484
vn -0.801757812 0.530761719 0.273925781
vn -0.801757812 0.530761719 0.273925781
vn -0 -0.029510498 0.999511719
vn -0 -0.029510498 0.999511719
vn -0 -0.029510498 0.999511719
vn -0 -0.029510498 0.999511719
vn 0.786132812 0.474365234 0.395996094
vn 0.786132812 0.474365234 0.395996094
vn 0.786132812 0.474365234 0.395996094
vn 0.786132812 0.474365234 0.395996094
vn -0.786132812 0.474365234 0.395996094
vn -0.786132812 0.474365234 0.395996094
vn -0.786132812 0.474365234 0.395996094
vn -0.786132812 0.474365234 0.395996094
vn -0 -0.77734375 -0.62890625
vn -0 -0.77734375 -0.62890625
vn -0 -0.77734375 -0.62890625
vn -0 -0.77734375 -0.62890625
vn 1 -2.20537186E-06 0
vn 1 0 0
vn 1 0 0
vn 1 -2.44379044E-06 0
vn 0.786132812 0.478515625 0.390869141
vn 0.802734375 0.541992188 0.249145508
vn 0.802734375 0.541992188 0.249145508
vn 0.786132812 0.478515625 0.390869141
vn -1.31726265E-05 0.774414062 0.6328125
vn -1.31726265E-05 0.774414062 0.6328125
vn -1.31726265E-05 0.774414062 0.6328125
vn -1.31726265E-05 0.774414062 0.6328125
vn -0.802734375 0.541992188 0.249145508
vn -0.802734375 0.541992188 0.249145508
vn -0.786132812 0.478515625 0.390869141
vn -0.786132812 0.478515625 0.390869141
vn -1 2.32458115E-06 0
vn -1 2.20537186E-06 0
vn -1 3.63588333E-06 0
vn -1 3.63588333E-06 0
vn -0 -0.776367188 -0.629882812
vn -0 -0.776367188 -0.629882812
vn -0 -0.776367188 -0.629882812
vn -0 -0.776367188 -0.629882812
vn 1 0 0
vn 1 0 0
vn 1 0 0
vn 1 0 0
vn 0.786132812 0.474365234 0.395996094
vn 0.801757812 0.530761719 0.273925781
vn 0.801757812 0.530761719 0.273925781
vn 0.786132812 0.474365234 0.395996094
vn -0 0.767578125 0.640625
vn -0 0.767578125 0.640625
vn -0 0.767578125 0.640625
vn -0 0.767578125 0.640625
vn -0.801757812 0.530761719 0.273925781
vn -0.801757812 0.530761719 0.273925781
vn -0.786132812 0.474365234 0.395751953
vn -0.786132812 0.474365234 0.395751953
vn -1 -3.51667404E-06 0
vn -1 -3.39746475E-06 0
vn -1 -2.92062759E-06 0
vn -1 -2.92062759E-06 0
vn -0 0 1
vn -0 0 1
vn -0 0 1
vn -0 0 1
vn -0 1 0
vn -0 1 0
vn -0 1 0
vn -0 1 0
vn -0 0 1
vn -0 0 1
vn -0 0 1
vn -0 0 1
vn -0 1 0
vn -0 1 0
vn -0 1 0
vn -0 1 0
vn -0 0 1
vn -0 0 1
vn -0 0 1
vn -0 0 1
vn -0 1 0
vn -0 1 0
vn -0 1 0
vn -0 1 0
vn -0 0 1
vn -0 0 1
vn -0 0 1
vn -0 0 1
vn -0 1 0
vn -0 1 0
vn -0 1 0
vn -0 1 0
vn -0 0 1
vn -0 0 1
vn -0 0 1
vn -0 0 1
vn -0 1 0
vn -0 1 0
vn -0 1 0
vn -0 1 0
vn -0 0 1
vn -0 0 1
vn -0 0 1
vn -0 0 1
vn -0 1 0
vn -0 1 0
vn -0 1 0
vn -0 1 0
vn -0 0 1
vn -0 0 1
vn -0 0 1
vn -0 0 1
vn -0 1 0
vn -0 1 0
vn -0 1 0
vn -0 1 0
vn -0 0 1
vn -0 0 1
vn -0 0 1
vn -0 0 1
vn -0 1 0
vn -0 1 0
vn -0 1 0
vn -0 1 0
vn -0 0 1
vn -0 0 1
vn -0 0 1
vn -0 0 1
vn -0 1 -2.38418579E-07
vn -0 1 -2.38418579E-07
vn -0 1 -2.38418579E-07
vn -0 1 -2.38418579E-07
vn -0 0 1
vn -0 0 1
vn -0 0 1
vn -0 0 1
vn -0 1 2.38418579E-07
vn -0 1 2.38418579E-07
vn -0 1 2.38418579E-07
vn -0 1 2.38418579E-07
vn -0 0 1
vn -0 0 1
vn -0 0 1
vn -0 0 1
vn -0 1 0
vn -0 1 0
vn -0 1 0
vn -0 1 0
vn -0 0 1
vn -0 0 1
vn -0 0 1
vn -0 0 1
vn -0 1 0
vn -0 1 0
vn -0 1 0
vn -0 1 0
vn -0 0 1
vn -0 0 1
vn -0 0 1
vn -0 0 1
vn -0 1 0
vn -0 1 0
vn -0 1 0
vn -0 1 0
vn -0 0 1
vn -0 0 1
vn -0 0 1
vn -0 0 1
vn -0 1 0
vn -0 1 0
vn -0 1 0
vn -0 1 0
vn -0 0 1
vn -0 0 1
vn -0 0 1
vn -0 0 1
vn -0 1 0
vn -0 1 0
vn -0 1 0
vn -0 1 0
vn -0 0 1
vn -0 0 1
vn -0 0 1
vn -0 0 1
vn -0 1 0
vn -0 1 0
vn -0 1 0
vn -0 1 0
vn -0 0 1
vn -0 0 1
vn -0 0 1
vn -0 0 1
vn -0 1 0
vn -0 1 0
vn -0 1 0
vn -0 1 0
vn -0 0 1
vn -0 0 1
vn -0 0 1
vn -0 0 1
vn -0 1 0
vn -0 1 0
vn -0 1 0
vn -0 1 0
vn -0 0 1
vn -0 0 1
vn -0 0 1
vn -0 0 1
vn -0 1 0
vn -0 1 0
vn -0 1 0
vn -0 1 0
vn -0 0 1
vn -0 0 1
vn -0 0 1
vn -0 0 1
vn -0 0 1
vn -0 0 1
vn -0 0 1
vn -0 0 1
vn -0 0 1
vn -0 0 1
vn -0 0 1
vn -0 0 1
vn -0 0 1
vn -0 0 1
vn -0 0 1
vn -0 0 1
vn -0 0 1
vn -0 0 1
vn -0 0 1
vn -0 0 1
vn -0 0 1
vn -0 0 1
vn -0 0 1
vn -0 0 1
vn -0 0 1
vn -0 0 1
vn -0 0 1
vn -0 0 1
vn -0 0 1
vn -0 0 1
vn -0 0 1
vn -0 0 1
vn -0 0 1
vn -0 0 1
vn -0 0 1
vn -0 0 1
vn -0 0 1
vn -0 0 1
vn -0 0 1
vn -0 0 1
vn -0 0 1
vn -0 0 1
vn -0 0 1
vn -0 0 1
vn -0 0 1
vn -0 0 1
vn -0 0 1
vn -0 0 1
vn -0 0 1
vn -0 0 1
vn -0 0 1
vn -0 0 1
vn -0 0 1
vn -0 0 1
vn -0 0 1
vn -0 0 1
vn -0 0 1
vn -0 0 1
vn -0 0 1
vn -0 0 1
vn -0 0 1
vn -0 0 1
vn -0 0 1
vn -0 0 1
vn -0 0 1
vn -0 0 1
vn -0 0 1
vn -0 0 1
vn -0 0 1
vn -0 0 1
vn -0 0 1
vn -0 0 1
vn -0 0 1
vn -0 0 1
vn -0 0 1
vn -0 0 1
vn -0 -1 0
vn -0 -1 0
vn -0 -1 0
vn -0 -1 0
vn -0 0 -1
vn -0 0 -1
vn -0 0 -1
vn -0 0 -1
vn -0 -1 0
vn -0 -1 0
vn -0 -1 0
vn -0 -1 0
vn -0 -1 0
vn -0 -1 0
vn -0 -1 0
vn -0 -1 0
vn -0 -1 0
vn -0 -1 0
vn -0 -1 0
vn -0 -1 0
vn -0 -1 0
vn -0 -1 0
vn -0 -1 0
vn -0 -1 0
vn -0 -1 0
vn -0 -1 0
vn -0 -1 0
vn -0 -1 0
vn -0 -1 0
vn -0 -1 0
vn -0 -1 0
vn -0 -1 0
vn -0 -1 0
vn -0 -1 0
vn -0 -1 0
vn -0 -1 0
vn -0 -1 0
vn -0 -1 0
vn -0 -1 0
vn -0 -1 0
vn -0 -1 0
vn -0 -1 0
vn -0 -1 0
vn -0 -1 0
vn -0 -1 0
vn -0 -1 0
vn -0 -1 0
vn -0 -1 0
vn -0 -1 0
vn -0 -1 0
vn -0 -1 0
vn -0 -1 0
vn -0 -1 0
vn -0 -1 0
vn -0 -1 0
vn -0 -1 0
vn -0 -1 0
vn -0 -1 0
vn -0 -1 0
vn -0 -1 0
vn -0 -1 0
vn -0 -1 0
vn -0 -1 0
vn -0 -1 0
vn -0 -1 0
vn -0 -1 0
vn -0 -1 0
vn -0 -1 0
vn -0 -1 0
vn -0 -1 0
vn -0 -1 0
vn -0 -1 0
vn -0 -1 0
vn -0 -1 0
vn -0 -1 0
vn -0 -1 0
vn -0 -1 0
vn -0 -1 0
vn -0 -1 0
vn -0 -1 0
vn -0 -1 0
vn -0 -1 0
vn -0 -1 0
vn -0 -1 0
vn -0 0 -1
vn -0 0 -1
vn -0 0 -1
vn -0 0 -1
vn -0 -1 0
vn -0 -1 0
vn -0 -1 0
vn -0 -1 0
vn -0 0 -1
vn -0 0 -1
vn -0 0 -1
vn -0 0 -1
vn -0 -1 0
vn -0 -1 0
vn -0 -1 0
vn -0 -1 0
vn -0 0 -1
vn -0 0 -1
vn -0 0 -1
vn -0 0 -1
vn -0 -1 2.98023224E-07
vn -0 -1 2.98023224E-07
vn -0 -1 2.98023224E-07
vn -0 -1 2.98023224E-07
vn -0 0 -1
vn -0 0 -1
vn -0 0 -1
vn -0 0 -1
vn -0 -1 -2.98023224E-07
vn -0 -1 -2.98023224E-07
vn -0 -1 -2.98023224E-07
vn -0 -1 -2.98023224E-07
vn -0 0 -1
vn -0 0 -1
vn -0 0 -1
vn -0 0 -1
vn -0 -1 0
vn -0 -1 0
vn -0 -1 0
vn -0 -1 0
vn -0 0 -1
vn -0 0 -1
vn -0 0 -1
vn -0 0 -1
vn -0 -1 0
vn -0 -1 0
vn -0 -1 0
vn -0 -1 0
vn -0 0 -1
vn -0 0 -1
vn -0 0 -1
vn -0 0 -1
vn -0 -1 0
vn -0 -1 0
vn -0 -1 0
vn -0 -1 0
vn -0 0 -1
vn -0 0 -1
vn -0 0 -1
vn -0 0 -1
vn -0 -1 0
vn -0 -1 0
vn -0 -1 0
vn -0 -1 0
vn -0 0 -1
vn -0 0 -1
vn -0 0 -1
vn -0 0 -1
vn -0 -1 0
vn -0 -1 0
vn -0 -1 0
vn -0 -1 0
vn -0 0 -1
vn -0 0 -1
vn -0 0 -1
vn -0 0 -1
vn -0 -1 0
vn -0 -1 0
vn -0 -1 0
vn -0 -1 0
vn -0 0 -1
vn -0 0 -1
vn -0 0 -1
vn -0 0 -1
vn -0 -1 0
vn -0 -1 0
vn -0 -1 0
vn -0 -1 0
vn -0 0 -1
vn -0 0 -1
vn -0 0 -1
vn -0 0 -1
vn -0 -1 0
vn -0 -1 0
vn -0 -1 0
vn -0 -1 0
vn -0 0 -1
vn -0 0 -1
vn -0 0 -1
vn -0 0 -1
vn -0 -1 0
vn -0 -1 0
vn -0 -1 0
vn -0 -1 0
vn -0 0 -1
vn -0 0 -1
vn -0 0 -1
vn -0 0 -1
vn -0 -1 0
vn -0 -1 0
vn -0 -1 0
vn -0 -1 0
vn -0 0 -1
vn -0 0 -1
vn -0 0 -1
vn -0 0 -1
vn -0 -1 0
vn -0 -1 0
vn -0 -1 0
vn -0 -1 0
vn -0 0 -1
vn -0 0 -1
vn -0 0 -1
vn -0 0 -1
vn -0 -1 0
vn -0 -1 0
vn -0 -1 0
vn -0 -1 0
vn -0 0 -1
vn -0 0 -1
vn -0 0 -1
vn -0 0 -1
vn -0 -1 0
vn -0 -1 0
vn -0 -1 0
vn -0 -1 0
vn -0 0 -1
vn -0 0 -1
vn -0 0 -1
vn -0 0 -1
vn -0 -1 0
vn -0 -1 0
vn -0 -1 0
vn -0 -1 0
vn -0 0 -1
vn -0 0 -1
vn -0 0 -1
vn -0 0 -1
vn -0 -1 0
vn -0 -1 0
vn -0 -1 0
vn -0 -1 0
vn 1 -1.96695328E-05 0
vn 1 1.93119049E-05 0
vn 1 2.5331974E-05 0
vn 1 8.76188278E-06 0
vn 0.697753906 0.562011719 0.444091797
vn 0.697265625 0.5625 0.444335938
vn 0.696289062 0.563476562 0.445068359
vn 0.696289062 0.562988281 0.445068359
vn -7.74860382E-07 0.784667969 0.620117188
vn -7.74860382E-07 0.784667969 0.620117188
vn -2.14576721E-06 0.784667969 0.620117188
vn -2.14576721E-06 0.784667969 0.620117188
vn -1 -4.47034836E-05 0
vn -1 -3.79085541E-05 0
vn -1 -2.60472298E-05 0
vn -1 -6.91413879E-06 0
vn -0 -0.784667969 -0.620117188
vn -0 -0.784667969 -0.620117188
vn -0 -0.784667969 -0.620117188
vn -0 -0.784667969 -0.620117188
vn 2.74181366E-06 0.784667969 0.620117188
vn -7.74860382E-07 0.784667969 0.620117188
vn -7.74860382E-07 0.784667969 0.620117188
vn 2.74181366E-06 0.784667969 0.620117188
vn 0.698242188 0.561523438 0.443847656
vn 0.698242188 0.561523438 0.443847656
vn 0.697265625 0.5625 0.444335938
vn 0.697753906 0.562011719 0.444091797
vn -0.697265625 0.5625 0.444335938
vn -0.698242188 0.561523438 0.443847656
vn -0.698242188 0.561523438 0.443847656
vn -0.697753906 0.562011719 0.444091797
vn -0 -0.784667969 -0.620117188
vn -0 -0.784667969 -0.620117188
vn -0 -0.784667969 -0.620117188
vn -0 -0.784667969 -0.620117188
vn 1 2.5331974E-05 0
vn 1 0 0
vn 1 0 0
vn 1 8.76188278E-06 0
vn -1 -4.82797623E-05 0
vn -1 -4.82797623E-05 0
vn -1 -3.79085541E-05 0
vn -1 -4.47034836E-05 0
vn 0.696289062 0.563476562 0.445068359
vn 0.713378906 0.647949219 0.266113281
vn 0.713378906 0.648925781 0.263671875
vn 0.696289062 0.562988281 0.445068359
vn -2.14576721E-06 0.784667969 0.620117188
vn -0 0.784667969 0.620117188
vn -0 0.784667969 0.620117188
vn -2.14576721E-06 0.784667969 0.620117188
vn -0.713378906 0.648925781 0.263671875
vn -0.713378906 0.647949219 0.266357422
vn -0.695800781 0.563476562 0.445068359
vn -0.696289062 0.562988281 0.445068359
vn -1 -2.60472298E-05 0
vn -1 1.12056732E-05 0
vn -1 1.10864639E-05 0
vn -1 -6.91413879E-06 0
vn -0 -0.784667969 -0.620117188
vn -0 -0.784667969 -0.620117188
vn -0 -0.784667969 -0.620117188
vn -0 -0.784667969 -0.620117188
vn 1 -2.72393227E-05 0
vn 1 -2.71201134E-05 0
vn 1 1.93119049E-05 0
vn 1 -1.96695328E-05 0
vn 1 3.98755074E-05 0
vn 1 2.83718109E-05 0
vn 1 1.25169754E-05 0
vn 1 1.12056732E-05 0
vn 0.690917969 0.558105469 0.459472656
vn 0.690917969 0.558105469 0.459472656
vn 0.690917969 0.558105469 0.459472656
vn 0.690917969 0.558105469 0.459472656
vn -1.32918358E-05 0.771972656 0.635742188
vn -1.32918358E-05 0.771972656 0.635742188
vn -1.66893005E-05 0.771972656 0.635742188
vn -1.66893005E-05 0.771972656 0.635742188
vn -1 2.38418579E-07 0
vn -1 2.74181366E-06 0
vn -1 1.5437603E-05 0
vn -1 6.55651093E-06 0
vn 7.92741776E-06 -0.771972656 -0.635742188
vn 7.92741776E-06 -0.771972656 -0.635742188
vn 3.39746475E-06 -0.771972656 -0.635742188
vn 3.39746475E-06 -0.771972656 -0.635742188
vn -7.27176666E-06 0.771972656 0.635742188
vn -1.32918358E-05 0.771972656 0.635742188
vn -1.32918358E-05 0.771972656 0.635742188
vn -7.27176666E-06 0.771972656 0.635742188
vn 0.712890625 0.659667969 0.23828125
vn 0.712890625 0.659667969 0.238647461
vn 0.690917969 0.558105469 0.459472656
vn 0.690917969 0.558105469 0.459472656
vn -0.690917969 0.558105469 0.459472656
vn -0.712890625 0.659667969 0.238769531
vn -0.712890625 0.659667969 0.23828125
vn -0.690917969 0.558105469 0.459472656
vn 7.92741776E-06 -0.771972656 -0.635742188
vn 1.48415565E-05 -0.771972656 -0.635742188
vn 1.48415565E-05 -0.771972656 -0.635742188
vn 7.92741776E-06 -0.771972656 -0.635742188
vn 1 1.25169754E-05 0
vn 1 -9.05990601E-06 0
vn 1 -9.05990601E-06 0
vn 1 1.12056732E-05 0
vn -1 2.44379044E-06 0
vn -1 2.44379044E-06 0
vn -1 2.74181366E-06 0
vn -1 2.38418579E-07 0
vn 0.690917969 0.558105469 0.459472656
vn 0.705566406 0.605957031 0.367675781
vn 0.705566406 0.605957031 0.367919922
vn 0.690917969 0.558105469 0.459472656
vn -1.66893005E-05 0.771972656 0.635742188
vn -1.45435333E-05 0.771972656 0.635742188
vn -1.45435333E-05 0.771972656 0.635742188
vn -1.66893005E-05 0.771972656 0.635742188
vn -0.705566406 0.605957031 0.367919922
vn -0.705566406 0.605957031 0.367675781
vn -0.690917969 0.558105469 0.459472656
vn -0.690917969 0.558105469 0.459472656
vn -1 1.5437603E-05 0
vn -1 1.090765E-05 0
vn -1 1.090765E-05 0
vn -1 6.55651093E-06 0
vn 4.94718552E-06 -0.771972656 -0.635742188
vn 4.94718552E-06 -0.771972656 -0.635742188
vn 3.39746475E-06 -0.771972656 -0.635742188
vn 3.39746475E-06 -0.771972656 -0.635742188
vn 1 -3.21865082E-06 0
vn 1 -3.21865082E-06 0
vn 1 2.83718109E-05 0
vn 1 3.98755074E-05 0
g CatwalkWestStairs_C_0
f 3/3/3 2/2/2 1/1/1
f 6/6/6 5/5/5 4/4/4
f 9/9/9 8/8/8 7/7/7
f 12/12/12 11/11/11 10/10/10
f 15/15/15 14/14/14 13/13/13
f 18/18/18 17/17/17 16/16/16
f 21/21/21 20/20/20 19/19/19
f 22/22/22 21/21/21 19/19/19
f 25/25/25 24/24/24 23/23/23
f 26/26/26 25/25/25 23/23/23
f 29/29/29 28/28/28 27/27/27
f 30/30/30 29/29/29 27/27/27
f 33/33/33 32/32/32 31/31/31
f 34/34/34 33/33/33 31/31/31
f 37/37/37 36/36/36 35/35/35
f 38/38/38 37/37/37 35/35/35
f 41/41/41 40/40/40 39/39/39
f 42/42/42 41/41/41 39/39/39
f 45/45/45 44/44/44 43/43/43
f 46/46/46 45/45/45 43/43/43
f 49/49/49 48/48/48 47/47/47
f 50/50/50 49/49/49 47/47/47
f 53/53/53 52/52/52 51/51/51
f 54/54/54 53/53/53 51/51/51
f 57/57/57 56/56/56 55/55/55
f 58/58/58 57/57/57 55/55/55
f 61/61/61 60/60/60 59/59/59
f 62/62/62 61/61/61 59/59/59
f 65/65/65 64/64/64 63/63/63
f 66/66/66 65/65/65 63/63/63
f 69/69/69 68/68/68 67/67/67
f 70/70/70 69/69/69 67/67/67
f 73/73/73 72/72/72 71/71/71
f 74/74/74 73/73/73 71/71/71
f 77/77/77 76/76/76 75/75/75
f 78/78/78 77/77/77 75/75/75
f 81/81/81 80/80/80 79/79/79
f 82/82/82 81/81/81 79/79/79
f 85/85/85 84/84/84 83/83/83
f 86/86/86 85/85/85 83/83/83
f 89/89/89 88/88/88 87/87/87
f 90/90/90 89/89/89 87/87/87
f 93/93/93 92/92/92 91/91/91
f 94/94/94 93/93/93 91/91/91
f 97/97/97 96/96/96 95/95/95
f 98/98/98 97/97/97 95/95/95
f 101/101/101 100/100/100 99/99/99
f 102/102/102 101/101/101 99/99/99
f 105/105/105 104/104/104 103/103/103
f 106/106/106 105/105/105 103/103/103
f 109/109/109 108/108/108 107/107/107
f 110/110/110 109/109/109 107/107/107
f 113/113/113 112/112/112 111/111/111
f 114/114/114 113/113/113 111/111/111
f 117/117/117 116/116/116 115/115/115
f 118/118/118 117/117/117 115/115/115
f 121/121/121 120/120/120 119/119/119
f 122/122/122 121/121/121 119/119/119
f 125/125/125 124/124/124 123/123/123
f 126/126/126 125/125/125 123/123/123
f 129/129/129 128/128/128 127/127/127
f 130/130/130 129/129/129 127/127/127
f 133/133/133 132/132/132 131/131/131
f 134/134/134 133/133/133 131/131/131
f 137/137/137 136/136/136 135/135/135
f 138/138/138 137/137/137 135/135/135
f 141/141/141 140/140/140 139/139/139
f 142/142/142 141/141/141 139/139/139
f 145/145/145 144/144/144 143/143/143
f 146/146/146 145/145/145 143/143/143
f 149/149/149 148/148/148 147/147/147
f 150/150/150 149/149/149 147/147/147
f 153/153/153 152/152/152 151/151/151
f 154/154/154 153/153/153 151/151/151
f 157/157/157 156/156/156 155/155/155
f 158/158/158 157/157/157 155/155/155
f 161/161/161 160/160/160 159/159/159
f 162/162/162 161/161/161 159/159/159
f 165/165/165 164/164/164 163/163/163
f 166/166/166 165/165/165 163/163/163
f 169/169/169 168/168/168 167/167/167
f 170/170/170 169/169/169 167/167/167
f 173/173/173 172/172/172 171/171/171
f 174/174/174 173/173/173 171/171/171
f 177/177/177 176/176/176 175/175/175
f 178/178/178 177/177/177 175/175/175
f 181/181/181 180/180/180 179/179/179
f 182/182/182 181/181/181 179/179/179
f 185/185/185 184/184/184 183/183/183
f 186/186/186 185/185/185 183/183/183
f 189/189/189 188/188/188 187/187/187
f 190/190/190 189/189/189 187/187/187
f 193/193/193 192/192/192 191/191/191
f 194/194/194 193/193/193 191/191/191
f 197/197/197 196/196/196 195/195/195
f 198/198/198 197/197/197 195/195/195
f 201/201/201 200/200/200 199/199/199
f 202/202/202 201/201/201 199/199/199
f 205/205/205 204/204/204 203/203/203
f 206/206/206 205/205/205 203/203/203
f 209/209/209 208/208/208 207/207/207
f 210/210/210 209/209/209 207/207/207
f 213/213/213 212/212/212 211/211/211
f 214/214/214 213/213/213 211/211/211
f 217/217/217 216/216/216 215/215/215
f 218/218/218 217/217/217 215/215/215
f 221/221/221 220/220/220 219/219/219
f 222/222/222 221/221/221 219/219/219
f 225/225/225 224/224/224 223/223/223
f 226/226/226 225/225/225 223/223/223
f 229/229/229 228/228/228 227/227/227
f 230/230/230 229/229/229 227/227/227
f 233/233/233 232/232/232 231/231/231
f 234/234/234 233/233/233 231/231/231
f 237/237/237 236/236/236 235/235/235
f 238/238/238 237/237/237 235/235/235
f 241/241/241 240/240/240 239/239/239
f 242/242/242 241/241/241 239/239/239
f 245/245/245 244/244/244 243/243/243
f 246/246/246 245/245/245 243/243/243
f 249/249/249 248/248/248 247/247/247
f 250/250/250 249/249/249 247/247/247
f 253/253/253 252/252/252 251/251/251
f 254/254/254 253/253/253 251/251/251
f 257/257/257 256/256/256 255/255/255
f 258/258/258 257/257/257 255/255/255
f 261/261/261 260/260/260 259/259/259
f 262/262/262 261/261/261 259/259/259
f 265/265/265 264/264/264 263/263/263
f 266/266/266 265/265/265 263/263/263
f 269/269/269 268/268/268 267/267/267
f 270/270/270 269/269/269 267/267/267
f 273/273/273 272/272/272 271/271/271
f 274/274/274 273/273/273 271/271/271
f 277/277/277 276/276/276 275/275/275
f 278/278/278 277/277/277 275/275/275
f 281/281/281 280/280/280 279/279/279
f 282/282/282 281/281/281 279/279/279
f 285/285/285 284/284/284 283/283/283
f 286/286/286 285/285/285 283/283/283
f 289/289/289 288/288/288 287/287/287
f 290/290/290 289/289/289 287/287/287
f 293/293/293 292/292/292 291/291/291
f 294/294/294 293/293/293 291/291/291
f 297/297/297 296/296/296 295/295/295
f 298/298/298 297/297/297 295/295/295
f 301/301/301 300/300/300 299/299/299
f 302/302/302 301/301/301 299/299/299
f 305/305/305 304/304/304 303/303/303
f 306/306/306 305/305/305 303/303/303
f 309/309/309 308/308/308 307/307/307
f 310/310/310 309/309/309 307/307/307
f 313/313/313 312/312/312 311/311/311
f 314/314/314 313/313/313 311/311/311
f 317/317/317 316/316/316 315/315/315
f 318/318/318 317/317/317 315/315/315
f 321/321/321 320/320/320 319/319/319
f 322/322/322 321/321/321 319/319/319
f 325/325/325 324/324/324 323/323/323
f 326/326/326 325/325/325 323/323/323
f 329/329/329 328/328/328 327/327/327
f 330/330/330 329/329/329 327/327/327
f 333/333/333 332/332/332 331/331/331
f 334/334/334 333/333/333 331/331/331
f 337/337/337 336/336/336 335/335/335
f 338/338/338 337/337/337 335/335/335
f 341/341/341 340/340/340 339/339/339
f 342/342/342 341/341/341 339/339/339
f 345/345/345 344/344/344 343/343/343
f 346/346/346 345/345/345 343/343/343
f 349/349/349 348/348/348 347/347/347
f 350/350/350 349/349/349 347/347/347
f 353/353/353 352/352/352 351/351/351
f 354/354/354 353/353/353 351/351/351
f 357/357/357 356/356/356 355/355/355
f 358/358/358 357/357/357 355/355/355
f 361/361/361 360/360/360 359/359/359
f 362/362/362 361/361/361 359/359/359
f 365/365/365 364/364/364 363/363/363
f 366/366/366 365/365/365 363/363/363
f 369/369/369 368/368/368 367/367/367
f 370/370/370 369/369/369 367/367/367
f 373/373/373 372/372/372 371/371/371
f 374/374/374 373/373/373 371/371/371
f 377/377/377 376/376/376 375/375/375
f 378/378/378 377/377/377 375/375/375
f 381/381/381 380/380/380 379/379/379
f 382/382/382 381/381/381 379/379/379
f 385/385/385 384/384/384 383/383/383
f 386/386/386 385/385/385 383/383/383
f 389/389/389 388/388/388 387/387/387
f 390/390/390 389/389/389 387/387/387
f 393/393/393 392/392/392 391/391/391
f 394/394/394 393/393/393 391/391/391
f 397/397/397 396/396/396 395/395/395
f 398/398/398 397/397/397 395/395/395
f 401/401/401 400/400/400 399/399/399
f 402/402/402 401/401/401 399/399/399
f 405/405/405 404/404/404 403/403/403
f 406/406/406 405/405/405 403/403/403
f 409/409/409 408/408/408 407/407/407
f 410/410/410 409/409/409 407/407/407
f 413/413/413 412/412/412 411/411/411
f 414/414/414 413/413/413 411/411/411
f 417/417/417 416/416/416 415/415/415
f 418/418/418 417/417/417 415/415/415
f 421/421/421 420/420/420 419/419/419
f 422/422/422 421/421/421 419/419/419
f 425/425/425 424/424/424 423/423/423
f 426/426/426 425/425/425 423/423/423
f 429/429/429 428/428/428 427/427/427
f 430/430/430 429/429/429 427/427/427
f 433/433/433 432/432/432 431/431/431
f 434/434/434 433/433/433 431/431/431
f 437/437/437 436/436/436 435/435/435
f 438/438/438 437/437/437 435/435/435
f 441/441/441 440/440/440 439/439/439
f 442/442/442 441/441/441 439/439/439
f 445/445/445 444/444/444 443/443/443
f 446/446/446 445/445/445 443/443/443
f 449/449/449 448/448/448 447/447/447
f 450/450/450 449/449/449 447/447/447
f 453/453/453 452/452/452 451/451/451
f 454/454/454 453/453/453 451/451/451
f 457/457/457 456/456/456 455/455/455
f 458/458/458 457/457/457 455/455/455
f 461/461/461 460/460/460 459/459/459
f 462/462/462 461/461/461 459/459/459
f 465/465/465 464/464/464 463/463/463
f 466/466/466 465/465/465 463/463/463
f 469/469/469 468/468/468 467/467/467
f 470/470/470 469/469/469 467/467/467
f 473/473/473 472/472/472 471/471/471
f 474/474/474 473/473/473 471/471/471
f 477/477/477 476/476/476 475/475/475
f 478/478/478 477/477/477 475/475/475
f 481/481/481 480/480/480 479/479/479
f 482/482/482 481/481/481 479/479/479
f 485/485/485 484/484/484 483/483/483
f 486/486/486 485/485/485 483/483/483
f 489/489/489 488/488/488 487/487/487
f 490/490/490 489/489/489 487/487/487
f 493/493/493 492/492/492 491/491/491
f 494/494/494 493/493/493 491/491/491
f 497/497/497 496/496/496 495/495/495
f 498/498/498 497/497/497 495/495/495
f 501/501/501 500/500/500 499/499/499
f 502/502/502 501/501/501 499/499/499
f 505/505/505 504/504/504 503/503/503
f 506/506/506 505/505/505 503/503/503
f 509/509/509 508/508/508 507/507/507
f 510/510/510 509/509/509 507/507/507
f 513/513/513 512/512/512 511/511/511
f 514/514/514 513/513/513 511/511/511
f 517/517/517 516/516/516 515/515/515
f 518/518/518 517/517/517 515/515/515
f 521/521/521 520/520/520 519/519/519
f 522/522/522 521/521/521 519/519/519
f 525/525/525 524/524/524 523/523/523
f 526/526/526 525/525/525 523/523/523
f 529/529/529 528/528/528 527/527/527
f 530/530/530 529/529/529 527/527/527
f 533/533/533 532/532/532 531/531/531
f 534/534/534 533/533/533 531/531/531
f 537/537/537 536/536/536 535/535/535
f 538/538/538 537/537/537 535/535/535
f 541/541/541 540/540/540 539/539/539
f 542/542/542 541/541/541 539/539/539
f 545/545/545 544/544/544 543/543/543
f 546/546/546 545/545/545 543/543/543
f 549/549/549 548/548/548 547/547/547
f 550/550/550 549/549/549 547/547/547
f 553/553/553 552/552/552 551/551/551
f 554/554/554 553/553/553 551/551/551
f 557/557/557 556/556/556 555/555/555
f 558/558/558 557/557/557 555/555/555
f 561/561/561 560/560/560 559/559/559
f 562/562/562 561/561/561 559/559/559
f 565/565/565 564/564/564 563/563/563
f 566/566/566 565/565/565 563/563/563
f 569/569/569 568/568/568 567/567/567
f 570/570/570 569/569/569 567/567/567
f 573/573/573 572/572/572 571/571/571
f 574/574/574 573/573/573 571/571/571
f 577/577/577 576/576/576 575/575/575
f 578/578/578 577/577/577 575/575/575
f 581/581/581 580/580/580 579/579/579
f 582/582/582 581/581/581 579/579/579
f 585/585/585 584/584/584 583/583/583
f 586/586/586 585/585/585 583/583/583
f 589/589/589 588/588/588 587/587/587
f 590/590/590 589/589/589 587/587/587
f 593/593/593 592/592/592 591/591/591
f 594/594/594 593/593/593 591/591/591
f 597/597/597 596/596/596 595/595/595
f 598/598/598 597/597/597 595/595/595
f 601/601/601 600/600/600 599/599/599
f 602/602/602 601/601/601 599/599/599
f 605/605/605 604/604/604 603/603/603
f 606/606/606 605/605/605 603/603/603
f 609/609/609 608/608/608 607/607/607
f 610/610/610 609/609/609 607/607/607
f 613/613/613 612/612/612 611/611/611
f 614/614/614 613/613/613 611/611/611
f 617/617/617 616/616/616 615/615/615
f 618/618/618 617/617/617 615/615/615
f 621/621/621 620/620/620 619/619/619
f 622/622/622 621/621/621 619/619/619
f 625/625/625 624/624/624 623/623/623
f 626/626/626 625/625/625 623/623/623
f 629/629/629 628/628/628 627/627/627
f 630/630/630 629/629/629 627/627/627
f 633/633/633 632/632/632 631/631/631
f 634/634/634 633/633/633 631/631/631
f 637/637/637 636/636/636 635/635/635
f 638/638/638 637/637/637 635/635/635
f 641/641/641 640/640/640 639/639/639
f 642/642/642 641/641/641 639/639/639
f 645/645/645 644/644/644 643/643/643
f 646/646/646 645/645/645 643/643/643
f 649/649/649 648/648/648 647/647/647
f 650/650/650 649/649/649 647/647/647
f 653/653/653 652/652/652 651/651/651
f 654/654/654 653/653/653 651/651/651
f 657/657/657 656/656/656 655/655/655
f 658/658/658 657/657/657 655/655/655
f 661/661/661 660/660/660 659/659/659
f 662/662/662 661/661/661 659/659/659
f 665/665/665 664/664/664 663/663/663
f 666/666/666 665/665/665 663/663/663
f 669/669/669 668/668/668 667/667/667
f 670/670/670 669/669/669 667/667/667
f 673/673/673 672/672/672 671/671/671
f 674/674/674 673/673/673 671/671/671
f 677/677/677 676/676/676 675/675/675
f 678/678/678 677/677/677 675/675/675
f 681/681/681 680/680/680 679/679/679
f 682/682/682 681/681/681 679/679/679
f 685/685/685 684/684/684 683/683/683
f 686/686/686 685/685/685 683/683/683
f 689/689/689 688/688/688 687/687/687
f 690/690/690 689/689/689 687/687/687
f 693/693/693 692/692/692 691/691/691
f 694/694/694 693/693/693 691/691/691
f 697/697/697 696/696/696 695/695/695
f 698/698/698 697/697/697 695/695/695
f 701/701/701 700/700/700 699/699/699
f 702/702/702 701/701/701 699/699/699
f 705/705/705 704/704/704 703/703/703
f 706/706/706 705/705/705 703/703/703
f 709/709/709 708/708/708 707/707/707
f 710/710/710 709/709/709 707/707/707
f 713/713/713 712/712/712 711/711/711
f 714/714/714 713/713/713 711/711/711
f 717/717/717 716/716/716 715/715/715
f 718/718/718 717/717/717 715/715/715
f 721/721/721 720/720/720 719/719/719
f 722/722/722 721/721/721 719/719/719
f 725/725/725 724/724/724 723/723/723
f 726/726/726 725/725/725 723/723/723
f 729/729/729 728/728/728 727/727/727
f 730/730/730 729/729/729 727/727/727
f 733/733/733 732/732/732 731/731/731
f 734/734/734 733/733/733 731/731/731
f 737/737/737 736/736/736 735/735/735
f 738/738/738 737/737/737 735/735/735
f 741/741/741 740/740/740 739/739/739
f 742/742/742 741/741/741 739/739/739
f 745/745/745 744/744/744 743/743/743
f 746/746/746 745/745/745 743/743/743
f 749/749/749 748/748/748 747/747/747
f 750/750/750 749/749/749 747/747/747
f 753/753/753 752/752/752 751/751/751
f 754/754/754 753/753/753 751/751/751
f 757/757/757 756/756/756 755/755/755
f 758/758/758 757/757/757 755/755/755
f 761/761/761 760/760/760 759/759/759
f 762/762/762 761/761/761 759/759/759
f 765/765/765 764/764/764 763/763/763
f 766/766/766 765/765/765 763/763/763
f 769/769/769 768/768/768 767/767/767
f 770/770/770 769/769/769 767/767/767
f 773/773/773 772/772/772 771/771/771
f 774/774/774 773/773/773 771/771/771
f 777/777/777 776/776/776 775/775/775
f 778/778/778 777/777/777 775/775/775
f 781/781/781 780/780/780 779/779/779
f 782/782/782 781/781/781 779/779/779
f 785/785/785 784/784/784 783/783/783
f 786/786/786 785/785/785 783/783/783
f 789/789/789 788/788/788 787/787/787
f 790/790/790 789/789/789 787/787/787
f 793/793/793 792/792/792 791/791/791
f 794/794/794 793/793/793 791/791/791
f 797/797/797 796/796/796 795/795/795
f 798/798/798 797/797/797 795/795/795
f 801/801/801 800/800/800 799/799/799
f 802/802/802 801/801/801 799/799/799
f 805/805/805 804/804/804 803/803/803
f 806/806/806 805/805/805 803/803/803
f 809/809/809 808/808/808 807/807/807
f 810/810/810 809/809/809 807/807/807
f 813/813/813 812/812/812 811/811/811
f 814/814/814 813/813/813 811/811/811
f 817/817/817 816/816/816 815/815/815
f 818/818/818 817/817/817 815/815/815
f 821/821/821 820/820/820 819/819/819
f 822/822/822 821/821/821 819/819/819
f 825/825/825 824/824/824 823/823/823
f 826/826/826 825/825/825 823/823/823
f 829/829/829 828/828/828 827/827/827
f 830/830/830 829/829/829 827/827/827
f 833/833/833 832/832/832 831/831/831
f 834/834/834 833/833/833 831/831/831
f 837/837/837 836/836/836 835/835/835
f 838/838/838 837/837/837 835/835/835
f 841/841/841 840/840/840 839/839/839
f 842/842/842 841/841/841 839/839/839
f 845/845/845 844/844/844 843/843/843
f 846/846/846 845/845/845 843/843/843
f 849/849/849 848/848/848 847/847/847
f 850/850/850 849/849/849 847/847/847
f 853/853/853 852/852/852 851/851/851
f 854/854/854 853/853/853 851/851/851
f 857/857/857 856/856/856 855/855/855
f 858/858/858 857/857/857 855/855/855
f 861/861/861 860/860/860 859/859/859
f 862/862/862 861/861/861 859/859/859
f 865/865/865 864/864/864 863/863/863
f 866/866/866 865/865/865 863/863/863
f 869/869/869 868/868/868 867/867/867
f 870/870/870 869/869/869 867/867/867
f 873/873/873 872/872/872 871/871/871
f 874/874/874 873/873/873 871/871/871
f 877/877/877 876/876/876 875/875/875
f 878/878/878 877/877/877 875/875/875
f 881/881/881 880/880/880 879/879/879
f 882/882/882 881/881/881 879/879/879
f 885/885/885 884/884/884 883/883/883
f 886/886/886 885/885/885 883/883/883
f 889/889/889 888/888/888 887/887/887
f 890/890/890 889/889/889 887/887/887
f 893/893/893 892/892/892 891/891/891
f 894/894/894 893/893/893 891/891/891
f 897/897/897 896/896/896 895/895/895
f 898/898/898 897/897/897 895/895/895
f 901/901/901 900/900/900 899/899/899
f 902/902/902 901/901/901 899/899/899
f 905/905/905 904/904/904 903/903/903
f 906/906/906 905/905/905 903/903/903
f 909/909/909 908/908/908 907/907/907
f 910/910/910 909/909/909 907/907/907
f 913/913/913 912/912/912 911/911/911
f 914/914/914 913/913/913 911/911/911
f 917/917/917 916/916/916 915/915/915
f 918/918/918 917/917/917 915/915/915
f 921/921/921 920/920/920 919/919/919
f 922/922/922 921/921/921 919/919/919
f 925/925/925 924/924/924 923/923/923
f 926/926/926 925/925/925 923/923/923
f 929/929/929 928/928/928 927/927/927
f 930/930/930 929/929/929 927/927/927
f 933/933/933 932/932/932 931/931/931
f 934/934/934 933/933/933 931/931/931
f 937/937/937 936/936/936 935/935/935
f 938/938/938 937/937/937 935/935/935
f 941/941/941 940/940/940 939/939/939
f 942/942/942 941/941/941 939/939/939
f 945/945/945 944/944/944 943/943/943
f 946/946/946 945/945/945 943/943/943
f 949/949/949 948/948/948 947/947/947
f 950/950/950 949/949/949 947/947/947
f 953/953/953 952/952/952 951/951/951
f 954/954/954 953/953/953 951/951/951
f 957/957/957 956/956/956 955/955/955
f 958/958/958 957/957/957 955/955/955
f 961/961/961 960/960/960 959/959/959
f 962/962/962 961/961/961 959/959/959
f 965/965/965 964/964/964 963/963/963
f 966/966/966 965/965/965 963/963/963
f 969/969/969 968/968/968 967/967/967
f 970/970/970 969/969/969 967/967/967
f 973/973/973 972/972/972 971/971/971
f 974/974/974 973/973/973 971/971/971
f 977/977/977 976/976/976 975/975/975
f 978/978/978 977/977/977 975/975/975
f 981/981/981 980/980/980 979/979/979
f 982/982/982 981/981/981 979/979/979
f 985/985/985 984/984/984 983/983/983
f 986/986/986 985/985/985 983/983/983
f 989/989/989 988/988/988 987/987/987
f 990/990/990 989/989/989 987/987/987
f 993/993/993 992/992/992 991/991/991
f 994/994/994 993/993/993 991/991/991
f 997/997/997 996/996/996 995/995/995
f 998/998/998 997/997/997 995/995/995
f 1001/1001/1001 1000/1000/1000 999/999/999
f 1002/1002/1002 1001/1001/1001 999/999/999
f 1005/1005/1005 1004/1004/1004 1003/1003/1003
f 1006/1006/1006 1005/1005/1005 1003/1003/1003
f 1009/1009/1009 1008/1008/1008 1007/1007/1007
f 1010/1010/1010 1009/1009/1009 1007/1007/1007
f 1013/1013/1013 1012/1012/1012 1011/1011/1011
f 1014/1014/1014 1013/1013/1013 1011/1011/1011
f 1017/1017/1017 1016/1016/1016 1015/1015/1015
f 1018/1018/1018 1017/1017/1017 1015/1015/1015
f 1021/1021/1021 1020/1020/1020 1019/1019/1019
f 1022/1022/1022 1021/1021/1021 1019/1019/1019
f 1025/1025/1025 1024/1024/1024 1023/1023/1023
f 1026/1026/1026 1025/1025/1025 1023/1023/1023
f 1029/1029/1029 1028/1028/1028 1027/1027/1027
f 1030/1030/1030 1029/1029/1029 1027/1027/1027
f 1033/1033/1033 1032/1032/1032 1031/1031/1031
f 1034/1034/1034 1033/1033/1033 1031/1031/1031
f 1037/1037/1037 1036/1036/1036 1035/1035/1035
f 1038/1038/1038 1037/1037/1037 1035/1035/1035
f 1041/1041/1041 1040/1040/1040 1039/1039/1039
f 1042/1042/1042 1041/1041/1041 1039/1039/1039
f 1045/1045/1045 1044/1044/1044 1043/1043/1043
f 1046/1046/1046 1045/1045/1045 1043/1043/1043
f 1049/1049/1049 1048/1048/1048 1047/1047/1047
f 1050/1050/1050 1049/1049/1049 1047/1047/1047
f 1053/1053/1053 1052/1052/1052 1051/1051/1051
f 1054/1054/1054 1053/1053/1053 1051/1051/1051
f 1057/1057/1057 1056/1056/1056 1055/1055/1055
f 1058/1058/1058 1057/1057/1057 1055/1055/1055
f 1061/1061/1061 1060/1060/1060 1059/1059/1059
f 1062/1062/1062 1061/1061/1061 1059/1059/1059
f 1065/1065/1065 1064/1064/1064 1063/1063/1063
f 1066/1066/1066 1065/1065/1065 1063/1063/1063
f 1069/1069/1069 1068/1068/1068 1067/1067/1067
f 1070/1070/1070 1069/1069/1069 1067/1067/1067
f 1073/1073/1073 1072/1072/1072 1071/1071/1071
f 1074/1074/1074 1073/1073/1073 1071/1071/1071
f 1077/1077/1077 1076/1076/1076 1075/1075/1075
f 1078/1078/1078 1077/1077/1077 1075/1075/1075
f 1081/1081/1081 1080/1080/1080 1079/1079/1079
f 1082/1082/1082 1081/1081/1081 1079/1079/1079
f 1085/1085/1085 1084/1084/1084 1083/1083/1083
f 1086/1086/1086 1085/1085/1085 1083/1083/1083
f 1089/1089/1089 1088/1088/1088 1087/1087/1087
f 1090/1090/1090 1089/1089/1089 1087/1087/1087
f 1093/1093/1093 1092/1092/1092 1091/1091/1091
f 1094/1094/1094 1093/1093/1093 1091/1091/1091
f 1097/1097/1097 1096/1096/1096 1095/1095/1095
f 1098/1098/1098 1097/1097/1097 1095/1095/1095
f 1101/1101/1101 1100/1100/1100 1099/1099/1099
f 1102/1102/1102 1101/1101/1101 1099/1099/1099
f 1105/1105/1105 1104/1104/1104 1103/1103/1103
f 1106/1106/1106 1105/1105/1105 1103/1103/1103
f 1109/1109/1109 1108/1108/1108 1107/1107/1107
f 1110/1110/1110 1109/1109/1109 1107/1107/1107
f 1113/1113/1113 1112/1112/1112 1111/1111/1111
f 1114/1114/1114 1113/1113/1113 1111/1111/1111
f 1117/1117/1117 1116/1116/1116 1115/1115/1115
f 1118/1118/1118 1117/1117/1117 1115/1115/1115
f 1121/1121/1121 1120/1120/1120 1119/1119/1119
f 1122/1122/1122 1121/1121/1121 1119/1119/1119
f 1125/1125/1125 1124/1124/1124 1123/1123/1123
f 1126/1126/1126 1125/1125/1125 1123/1123/1123
f 1129/1129/1129 1128/1128/1128 1127/1127/1127
f 1130/1130/1130 1129/1129/1129 1127/1127/1127
f 1133/1133/1133 1132/1132/1132 1131/1131/1131
f 1134/1134/1134 1133/1133/1133 1131/1131/1131
f 1137/1137/1137 1136/1136/1136 1135/1135/1135
f 1138/1138/1138 1137/1137/1137 1135/1135/1135
f 1141/1141/1141 1140/1140/1140 1139/1139/1139
f 1142/1142/1142 1141/1141/1141 1139/1139/1139
f 1145/1145/1145 1144/1144/1144 1143/1143/1143
f 1146/1146/1146 1145/1145/1145 1143/1143/1143
f 1149/1149/1149 1148/1148/1148 1147/1147/1147
f 1150/1150/1150 1149/1149/1149 1147/1147/1147
f 1153/1153/1153 1152/1152/1152 1151/1151/1151
f 1154/1154/1154 1153/1153/1153 1151/1151/1151
f 1157/1157/1157 1156/1156/1156 1155/1155/1155
f 1158/1158/1158 1157/1157/1157 1155/1155/1155
f 1161/1161/1161 1160/1160/1160 1159/1159/1159
f 1162/1162/1162 1161/1161/1161 1159/1159/1159
f 1165/1165/1165 1164/1164/1164 1163/1163/1163
f 1166/1166/1166 1165/1165/1165 1163/1163/1163
f 1169/1169/1169 1168/1168/1168 1167/1167/1167
f 1170/1170/1170 1169/1169/1169 1167/1167/1167
f 1173/1173/1173 1172/1172/1172 1171/1171/1171
f 1174/1174/1174 1173/1173/1173 1171/1171/1171
f 1177/1177/1177 1176/1176/1176 1175/1175/1175
f 1178/1178/1178 1177/1177/1177 1175/1175/1175
f 1181/1181/1181 1180/1180/1180 1179/1179/1179
f 1182/1182/1182 1181/1181/1181 1179/1179/1179
f 1185/1185/1185 1184/1184/1184 1183/1183/1183
f 1186/1186/1186 1185/1185/1185 1183/1183/1183
f 1189/1189/1189 1188/1188/1188 1187/1187/1187
f 1190/1190/1190 1189/1189/1189 1187/1187/1187
f 1193/1193/1193 1192/1192/1192 1191/1191/1191
f 1194/1194/1194 1193/1193/1193 1191/1191/1191
f 1197/1197/1197 1196/1196/1196 1195/1195/1195
f 1198/1198/1198 1197/1197/1197 1195/1195/1195
