g RayGan_Fixed
v -0.0444795713 0.11206042 -0.155261144
v -0.0801126212 0.0860564187 -0.142761409
v -0.0844613835 0.0861463249 -0.147514418
v -0.0446988083 -0.0246040504 -0.0895659328
v -0.0448292792 -0.0234409235 -0.151028201
v -0.0624046922 -0.0113838995 -0.105805285
v -0.0937200189 0.0433323681 -0.0945053101
v -0.0937440395 0.0435466319 -0.105827413
v -0.0983352363 0.0553522781 -0.0993805081
v -0.044237949 -0.0287124496 0.127531499
v -0.000252837723 -0.0287461262 0.123013839
v -0.000271688768 -0.0285780691 0.11413341
v 0.0490726866 0.0390882418 0.109616488
v 0.0384879634 0.0876721069 0.0963543728
v 0.0355503708 0.0814033821 0.0867706761
v 0.00708298618 0.122813515 0.327610075
v 0.000507729535 0.103030808 0.31577307
v 0.0360351726 0.0770801008 0.315208644
v 0.0531154573 0.0891875029 0.326875448
v 0.00736521278 0.120311223 0.459804863
v 0.0495072454 0.035214074 0.314386845
v 0.0533976853 0.0866853371 0.459072322
v 0.000221871334 0.0985208303 0.459408522
v 0.0347994603 0.0732644051 0.458856523
v 0.0705920458 0.0349389799 0.325812936
v 0.0358110182 -0.00658600545 0.313625246
v 0.0708659738 0.0324368104 0.458007753
v 0.0479312316 0.0325002372 0.458057553
v 0.0528166294 -0.0192160998 0.324825138
v 0.000150795895 -0.0323457941 0.313214362
v 0.0530988574 -0.0217182655 0.457022041
v 0.0345919393 -0.00819214154 0.457316726
v 0.00661814213 -0.0525937378 0.324291825
v -0.0438437089 -0.0322284177 0.313309819
v -0.0503857248 -0.0524422489 0.324416339
v 0.00690036872 -0.0550959036 0.456486642
v -0.000126761486 -0.0332749635 0.456914127
v -0.0501034968 -0.0549444146 0.456611156
v -0.042960193 -0.0331585594 0.457007527
v -0.0503857248 -0.0524422489 0.324416339
v -0.0438437089 -0.0322284177 0.313309819
v -0.0793711096 -0.00627770927 0.313874274
v -0.0964099243 -0.0188163649 0.32514888
v -0.0501034968 -0.0549444146 0.456611156
v -0.0928514823 0.035588257 0.314696044
v -0.0961359963 -0.0213185307 0.457345784
v -0.042960193 -0.0331585594 0.457007527
v -0.077537775 -0.00789759401 0.457559526
v -0.113878235 0.0354276858 0.326211393
v -0.0791468918 0.0773886591 0.315457731
v -0.113596015 0.0329255201 0.458408266
v -0.0906695798 0.0328665078 0.458358467
v -0.0961194262 0.0895872414 0.327199161
v -0.043486774 0.103148192 0.315868556
v -0.0958372056 0.0870850757 0.459393978
v -0.0773136541 0.0735544115 0.459099323
v -0.0499042794 0.122960471 0.327732503
v 0.000507729535 0.103030808 0.31577307
v 0.00708298618 0.122813515 0.327610075
v -0.0496303551 0.120458305 0.45992732
v -0.042603258 0.0986372977 0.459501892
v 0.00736521278 0.120311223 0.459804863
v 0.000221871334 0.0985208303 0.459408522
v -0.0437180288 0.105225235 0.206079811
v -0.0696216002 0.0856549963 0.247776791
v -0.0489034206 0.101491563 0.205429018
v -0.0642318651 0.0894930139 0.250547111
v -0.0791468918 0.0773886591 0.315457731
v -0.0795857981 -0.00436240947 0.212679312
v -0.0438437089 -0.0322284177 0.313309819
v -0.0440405123 -0.0304725543 0.220539525
v -0.0793711096 -0.00627770927 0.313874274
v -0.0931068808 0.0378663763 0.194329321
v -0.0928514823 0.035588257 0.314696044
v -0.0793037415 0.0787950158 0.241097108
v -0.0793868452 0.0795423537 0.20160304
v -0.0489034206 0.101491563 0.205429018
v -0.0696216002 0.0856549963 0.247776791
v -0.0791468918 0.0773886591 0.315457731
v -0.043486774 0.103148192 0.315868556
v -0.0642318651 0.0894930139 0.250547111
v -0.0437180288 0.105225235 0.206079811
v 0.00032416996 0.10466861 0.22924301
v 0.000507729535 0.103030808 0.31577307
v 0.0358731933 0.0785255283 0.238843232
v 0.0360351726 0.0770801008 0.315208644
v 0.0493521467 0.0365976915 0.241264001
v 0.0495072454 0.035214074 0.314386845
v 0.0356441438 -0.00509694871 0.234953865
v 0.0358110182 -0.00658600545 0.313625246
v 4.23724941E-06 -0.0310378615 0.244113848
v 0.000150795895 -0.0323457941 0.313214362
v -0.0440405123 -0.0304725543 0.220539525
v -0.0438437089 -0.0322284177 0.313309819
v -0.000646079134 0.113316774 -0.227752253
v -0.0408383049 0.102009878 -0.256751925
v -0.00462267268 0.101914287 -0.256830812
v -0.0446322821 0.113429613 -0.227656782
v -0.070198521 0.0807992443 -0.257092297
v -0.0802925304 0.087669827 -0.228067696
v -0.0814881995 0.0463839397 -0.25771901
v -0.0940052941 0.0458740927 -0.22882928
v -0.0703977346 0.011912805 -0.258395493
v -0.0805249214 0.00400812645 -0.229651049
v -0.0462573878 -0.00572385965 -0.258779168
v -0.0604186244 -0.0106780054 -0.229971603
v -0.0804133639 0.00301496824 -0.17715694
v -0.0937440395 0.0435466319 -0.105827413
v -0.0802264661 0.0013488254 -0.0891144052
v -0.0839774087 0.0741744936 -0.139016241
v -0.0892226771 0.0577255078 -0.121191859
v -0.0801322684 0.0862327442 -0.152082741
v -0.04448957 0.1121502 -0.160006911
v -0.000535637781 0.11233364 -0.175788388
v 0.0348813646 0.0873659402 -0.228318796
v -0.00462267268 0.101914287 -0.256830812
v 0.0349346511 0.0868923217 -0.203277931
v 0.0246213414 0.0805485323 -0.257297754
v 0.0483534373 0.0454966649 -0.229138494
v 0.0484410413 0.044717364 -0.187931955
v 0.0357202627 0.0460775904 -0.257972121
v 0.0376559086 0.0119339181 -0.193640232
v 0.0435189754 0.0307431836 -0.229407266
v -0.032900244 0.0158402342 -0.263810158
v -0.0703977346 0.011912805 -0.258395493
v -0.0462573878 -0.00572385965 -0.258779168
v -0.0229089372 0.0464590378 -0.269802153
v -0.0139481034 0.0185682513 -0.264393032
v -0.0814881995 0.0463839397 -0.25771901
v -0.00568756182 0.0338032469 -0.265728742
v -0.070198521 0.0807992443 -0.257092297
v 0.0357202627 0.0460775904 -0.257972121
v -0.0408383049 0.102009878 -0.256751925
v 0.0246213414 0.0805485323 -0.257297754
v -0.00462267268 0.101914287 -0.256830812
v -0.044997517 -0.021942582 -0.230217591
v -0.00491320016 -0.00955308136 -0.258939177
v -0.041153606 -0.00945269782 -0.25886029
v -0.00100301276 -0.0220599603 -0.230310962
v 0.0244470239 0.011657686 -0.25860095
v -0.000879214378 -0.023162175 -0.172054067
v -0.0448564775 -0.0231984928 -0.163838834
v 0.0347310267 0.00304319058 -0.195188284
v 0.0346572101 0.00369983027 -0.229900092
v 0.0341296494 0.0412210412 -0.258060843
v 0.042518869 0.0276911538 -0.229462892
v -0.0818677172 0.00372050214 0.132041425
v -0.0797576979 -0.00283005298 0.131706387
v -0.0906405076 0.032180436 0.0340919718
v -0.09344583 0.040888086 0.0346554369
v -0.0446988083 -0.0246040504 -0.0895659328
v -0.000594898418 -0.02569676 -0.0381211787
v -0.000608506729 -0.0255754441 -0.0445318259
v -0.0446880609 -0.0246998388 -0.0845042467
v -0.0624046922 -0.0113838995 -0.105805285
v -0.0446767583 -0.0248006359 -0.0791778788
v -0.0662443191 -0.00874985568 -0.0959256217
v -0.0698476955 -0.00627787691 -0.0866538361
v 0.0353015289 -0.00204266096 0.0735588819
v 0.0384881049 0.00747482432 0.0819024369
v 0.0489165448 0.0404797494 0.0360633656
v 0.0489074886 0.0405603983 0.0318002217
v 0.0353314802 0.0833547115 -0.016342679
v 0.0353220664 0.0834385902 -0.020775089
v -0.000275731756 0.110016614 -0.0533535443
v 0.00803078059 0.104001008 -0.0564686805
v -0.000291656441 0.11015857 -0.0608547516
v -0.000319965417 0.110410951 -0.0741907284
v -0.0437382609 0.105406821 0.196480006
v -0.0437180288 0.105225235 0.206079811
v -0.0489034206 0.101491563 0.205429018
v -0.0793868452 0.0795423537 0.20160304
v -0.0793980062 0.0796424672 0.196310446
v -0.0931068808 0.0378663763 0.194329321
v -0.0901255161 0.0472223274 0.184106052
v -0.0931358486 0.0381246544 0.180681273
v -0.0893765017 0.0263877325 0.185442805
v -0.0893765017 0.0263877325 0.185442805
v -0.0796079263 -0.00416513672 0.202255011
v -0.079734236 -0.003039198 0.142758042
v -0.0440526046 -0.0303647183 0.214841157
v -0.044237949 -0.0287124496 0.127531499
v -0.044237949 -0.0287124496 0.127531499
v -0.0440526046 -0.0303647183 0.214841157
v -4.19931166E-06 -0.030962659 0.240140036
v -0.000252837723 -0.0287461262 0.123013839
v 0.0356266983 -0.00494143646 0.226736277
v 0.0353665799 -0.00262252614 0.104200184
v 0.0493308194 0.0367877744 0.231216669
v 0.0490842126 0.0389855951 0.115042597
v 0.0358499438 0.0787328109 0.22789
v 0.0355909467 0.0810416415 0.105885714
v 0.000284988491 0.105017893 0.210786134
v 0.000137147028 0.106335886 0.14114207
v -0.0345383435 0.105339959 0.19870761
v -0.0437180288 0.105225235 0.206079811
v -0.0437382609 0.105406821 0.196480006
v -0.0345383435 0.105339959 0.19870761
v 0.00303640985 0.112946324 0.132669359
v 0.000137147028 0.106335886 0.14114207
v 0.000102650956 0.106643416 0.124891415
v 0.0355503708 0.0814033821 0.0867706761
v 0.0384879634 0.0876721069 0.0963543728
v 0.000284988491 0.105017893 0.210786134
v 0.00032416996 0.10466861 0.22924301
v -0.0437180288 0.105225235 0.206079811
v -0.0345383435 0.105339959 0.19870761
v 0.0358499438 0.0787328109 0.22789
v 0.00032416996 0.10466861 0.22924301
v 0.000284988491 0.105017893 0.210786134
v 0.0358731933 0.0785255283 0.238843232
v 0.0493308194 0.0367877744 0.231216669
v 0.0493521467 0.0365976915 0.241264001
v 0.0356266983 -0.00494143646 0.226736277
v 0.0356441438 -0.00509694871 0.234953865
v -4.19931166E-06 -0.030962659 0.240140036
v 4.23724941E-06 -0.0310378615 0.244113848
v -0.0440526046 -0.0303647183 0.214841157
v -0.0440405123 -0.0304725543 0.220539525
v 4.23724941E-06 -0.0310378615 0.244113848
v -4.19931166E-06 -0.030962659 0.240140036
v -0.0796079263 -0.00416513672 0.202255011
v -0.0440405123 -0.0304725543 0.220539525
v -0.0440526046 -0.0303647183 0.214841157
v -0.0795857981 -0.00436240947 0.212679312
v -0.0931068808 0.0378663763 0.194329321
v -0.0893765017 0.0263877325 0.185442805
v -0.0893765017 0.0263877325 0.185442805
v -0.079734236 -0.003039198 0.142758042
v -0.0812556148 0.00175555202 0.137189984
v -0.0931358486 0.0381246544 0.180681273
v -0.0797576979 -0.00283005298 0.131706387
v -0.044237949 -0.0287124496 0.127531499
v -0.0442550108 -0.0285603777 0.119495638
v -0.079734236 -0.003039198 0.142758042
v -0.0812556148 0.00175555202 0.137189984
v -0.0818677172 0.00372050214 0.132041425
v -0.0442550108 -0.0285603777 0.119495638
v -0.044237949 -0.0287124496 0.127531499
v -0.000271688768 -0.0285780691 0.11413341
v -0.000287392555 -0.0284380745 0.106735706
v 0.0289049055 -0.0140502341 0.0940126255
v 0.0226957947 -0.0113920216 0.0853102431
v 0.041462101 -0.00757310633 0.0847759247
v 0.0296938196 -0.00620176177 0.0787865296
v 0.0353015289 -0.00204266096 0.0735588819
v 0.0490726866 0.0390882418 0.109616488
v 0.0490842126 0.0389855951 0.115042597
v 0.0355909467 0.0810416415 0.105885714
v 0.0384879634 0.0876721069 0.0963543728
v 0.000137147028 0.106335886 0.14114207
v 0.00303640985 0.112946324 0.132669359
v -0.0937440395 0.0435466319 -0.105827413
v -0.0937200189 0.0433323681 -0.0945053101
v -0.0802071318 0.00117653934 -0.0800104439
v -0.0802162662 0.00125789957 -0.0843096972
v -0.0802264661 0.0013488254 -0.0891144052
v -0.0937200189 0.0433323681 -0.0945053101
v -0.0874665752 0.0322259702 -0.0434046723
v -0.0802071318 0.00117653934 -0.0800104439
v -0.0936426967 0.0430260934 -0.0463504866
v -0.0926081836 0.0479769371 -0.0762547553
v -0.0586061925 0.0978175625 0.0421504341
v -0.0631079972 0.0956886485 -0.0128470687
v -0.0607717969 0.0974577665 -0.0168089848
v -0.0541390404 0.101036221 0.0426067449
v -0.0585546531 0.0978419408 0.0427800752
v -0.0795718059 0.0812024027 0.113844752
v -0.0795822591 0.0812962651 0.1088828
v -0.0888490155 0.0521487221 0.143485874
v -0.0895866081 0.0499621928 0.140972883
v -0.0931358486 0.0381246544 0.180681273
v -0.0901255161 0.0472223274 0.184106052
v -0.000291656441 0.11015857 -0.0608547516
v -0.000275731756 0.110016614 -0.0533535443
v -0.0442468375 0.109971546 -0.0448333658
v -0.0442620553 0.1101081 -0.0520523377
v -0.0607717969 0.0974577665 -0.0168089848
v -0.0631079972 0.0956886485 -0.0128470687
v -0.064332366 0.0949298739 -0.0190087706
v -0.0661419854 0.0935457051 -0.0152648054
v -0.0678352639 0.0922505334 -0.0117615499
v -0.0798324347 0.0835417286 -0.00982260518
v -0.0798422843 0.0836300999 -0.014494231
v -0.0914889947 0.0472972803 0.0173269827
v -0.09344583 0.040888086 0.0346554369
v -0.0798679888 0.083860822 -0.0266912729
v -0.0491460562 0.106515743 -0.0489619598
v -0.064332366 0.0949298739 -0.0190087706
v -0.0675079972 0.0936978757 -0.0710032359
v -0.0799531043 0.0846233889 -0.0670182407
v -0.0890353993 0.0562377945 -0.0399707779
v -0.0892598182 0.0561504513 -0.0635309592
v -0.0800319165 0.0853320882 -0.104469471
v -0.0863512382 0.066164203 -0.108614869
v -0.083097592 0.0766580477 -0.131134495
v -0.0678352639 0.0922505334 -0.0117615499
v -0.0631079972 0.0956886485 -0.0128470687
v -0.0586061925 0.0978175625 0.0421504341
v -0.0798324347 0.0835417286 -0.00982260518
v -0.0797275752 0.0825991482 0.0399928875
v -0.09344583 0.040888086 0.0346554369
v -0.0795822591 0.0812962651 0.1088828
v -0.0585546531 0.0978419408 0.0427800752
v -0.0895866081 0.0499621928 0.140972883
v -0.0932353958 0.039010711 0.133846343
v -0.0931358486 0.0381246544 0.180681273
v -0.0818677172 0.00372050214 0.132041425
v -0.0812556148 0.00175555202 0.137189984
v -0.0798422843 0.0836300999 -0.014494231
v -0.0798579529 0.0837707594 -0.0219302438
v -0.0661419854 0.0935457051 -0.0152648054
v -0.0914889947 0.0472972803 0.0173269827
v -0.0878395587 0.0488331355 -0.0296264924
v -0.0944323614 0.0486987829 -0.0447157174
v -0.0936426967 0.0430260934 -0.0463504866
v -0.0926081836 0.0479769371 -0.0762547553
v -0.0988679454 0.0540547892 -0.0686952025
v -0.0892598182 0.0561504513 -0.0635309592
v -0.0890353993 0.0562377945 -0.0399707779
v -0.0983352363 0.0553522781 -0.0993805081
v -0.0937200189 0.0433323681 -0.0945053101
v -0.0798579529 0.0837707594 -0.0219302438
v -0.064332366 0.0949298739 -0.0190087706
v -0.0661419854 0.0935457051 -0.0152648054
v -0.0798679888 0.083860822 -0.0266912729
v -0.0890353993 0.0562377945 -0.0399707779
v -0.0878395587 0.0488331355 -0.0296264924
v -0.0442468375 0.109971546 -0.0448333658
v -0.0541390404 0.101036221 0.0426067449
v -0.0607717969 0.0974577665 -0.0168089848
v -0.0440354608 0.108072922 0.0555232577
v -0.000275731756 0.110016614 -0.0533535443
v -0.0795718059 0.0812024027 0.113844752
v -1.89769726E-05 0.107726298 0.0676570684
v -0.0437382609 0.105406821 0.196480006
v 0.000102650956 0.106643416 0.124891415
v -0.0793980062 0.0796424672 0.196310446
v -0.0888490155 0.0521487221 0.143485874
v -0.0901255161 0.0472223274 0.184106052
v 0.0353314802 0.0833547115 -0.016342679
v -1.89769726E-05 0.107726298 0.0676570684
v 0.0355503708 0.0814033821 0.0867706761
v 0.0489165448 0.0404797494 0.0360633656
v 0.0490726866 0.0390882418 0.109616488
v 0.0384881049 0.00747482432 0.0819024369
v -0.0442468375 0.109971546 -0.0448333658
v -0.0607717969 0.0974577665 -0.0168089848
v -0.064332366 0.0949298739 -0.0190087706
v -0.0491460562 0.106515743 -0.0489619598
v -0.0442620553 0.1101081 -0.0520523377
v -0.0675079972 0.0936978757 -0.0710032359
v -0.0652919933 0.0953718424 -0.0745587125
v -0.0801126212 0.0860564187 -0.142761409
v -0.0800319165 0.0853320882 -0.104469471
v -0.083097592 0.0766580477 -0.131134495
v -0.0448564775 -0.0231984928 -0.163838834
v -0.000867673079 -0.0232650694 -0.166616827
v -0.000879214378 -0.023162175 -0.172054067
v -0.0448401906 -0.0233436916 -0.15616627
v -0.0448292792 -0.0234409235 -0.151028201
v -0.0624046922 -0.0113838995 -0.105805285
v -0.0679169223 -0.0117265712 -0.105593093
v -0.0662443191 -0.00874985568 -0.0959256217
v -0.0734944344 -0.0106614251 -0.095261775
v -0.0698476955 -0.00627787691 -0.0866538361
v -0.0789574832 -0.00746809319 -0.0867972374
v -0.0800309554 -0.00831060484 -0.0804713741
v -0.0839032382 -0.00122399163 -0.0685050264
v -0.0801648721 0.000799879141 -0.0601069257
v 0.00589107582 -0.0183171872 -0.169744968
v 0.0348197408 0.00225231401 -0.153396696
v 0.0347446948 0.00292137871 -0.188751504
v 0.0462016128 0.0377413929 -0.182470158
v 0.0484410413 0.044717364 -0.187931955
v 0.0349444561 0.0868049189 -0.198659465
v 0.0349346511 0.0868923217 -0.203277931
v 0.0484617762 0.0445325822 -0.178164676
v 0.0462016128 0.0377413929 -0.182470158
v 0.0348197408 0.00225231401 -0.153396696
v 0.0361074619 0.00613995921 -0.151666656
v 0.0349346511 0.0868923217 -0.203277931
v 0.0349444561 0.0868049189 -0.198659465
v -0.000526035961 0.112248048 -0.171265364
v -0.000535637781 0.11233364 -0.175788388
v -0.000419135031 0.111293629 -0.120846316
v -0.000319965417 0.110410951 -0.0741907284
v -0.0231919121 0.111326881 -0.119437456
v -0.000526035961 0.112248048 -0.171265364
v 0.0349444561 0.0868049189 -0.198659465
v 0.0351124145 0.0853061602 -0.119475551
v 0.0484617762 0.0445325822 -0.178164676
v -0.000319965417 0.110410951 -0.0741907284
v 0.0486728549 0.0426500551 -0.0786699429
v 0.0361074619 0.00613995921 -0.151666656
v 0.0348632783 0.00186419883 -0.132887855
v 0.0353220664 0.0834385902 -0.020775089
v 0.00803078059 0.104001008 -0.0564686805
v 0.0489074886 0.0405603983 0.0318002217
v 0.0350047573 0.00060153869 -0.0661798045
v 0.00262222206 -0.0232007299 -0.04649565
v 0.0353015289 -0.00204266096 0.0735588819
v 0.0007519176 -0.0246839225 -0.040058054
v -0.000535637781 0.11233364 -0.175788388
v -0.0444795713 0.11206042 -0.155261144
v -0.04448957 0.1121502 -0.160006911
v -0.0146435136 0.112062931 -0.159526289
v -0.000526035961 0.112248048 -0.171265364
v -0.0231919121 0.111326881 -0.119437456
v -0.000319965417 0.110410951 -0.0741907284
v -0.000291656441 0.11015857 -0.0608547516
v -0.0266562756 0.111312643 -0.118201561
v -0.000526035961 0.112248048 -0.171265364
v -0.0146435136 0.112062931 -0.159526289
v -0.000879214378 -0.023162175 -0.172054067
v -0.000867673079 -0.0232650694 -0.166616827
v 0.00589107582 -0.0183171872 -0.169744968
v 0.0348292328 0.00216769148 -0.148925066
v 0.0348197408 0.00225231401 -0.153396696
v 0.0361074619 0.00613995921 -0.151666656
v -0.000879214378 -0.023162175 -0.172054067
v 0.00589107582 -0.0183171872 -0.169744968
v 0.0347446948 0.00292137871 -0.188751504
v 0.0347310267 0.00304319058 -0.195188284
v 0.0376559086 0.0119339181 -0.193640232
v 0.0435189754 0.0307431836 -0.229407266
v 0.042518869 0.0276911538 -0.229462892
v 0.0357202627 0.0460775904 -0.257972121
v 0.0341296494 0.0412210412 -0.258060843
v 0.0347446948 0.00292137871 -0.188751504
v 0.0462016128 0.0377413929 -0.182470158
v 0.0484410413 0.044717364 -0.187931955
v 0.0376559086 0.0119339181 -0.193640232
v 0.00287029892 0.0275141727 -0.263704538
v 0.0244470239 0.011657686 -0.25860095
v 0.0341296494 0.0412210412 -0.258060843
v -0.0132265072 0.0163222663 -0.263957441
v -0.00491320016 -0.00955308136 -0.258939177
v -0.0316555128 0.0125199147 -0.263166696
v -0.041153606 -0.00945269782 -0.25886029
v -0.041153606 -0.00945269782 -0.25886029
v -0.032900244 0.0158402342 -0.263810158
v -0.0462573878 -0.00572385965 -0.258779168
v -0.0316555128 0.0125199147 -0.263166696
v -0.0132265072 0.0163222663 -0.263957441
v -0.0139481034 0.0185682513 -0.264393032
v 0.00287029892 0.0275141727 -0.263704538
v -0.00568756182 0.0338032469 -0.265728742
v 0.0357202627 0.0460775904 -0.257972121
v 0.0341296494 0.0412210412 -0.258060843
v -0.0550815463 -0.0145764286 -0.230056718
v -0.044997517 -0.021942582 -0.230217591
v -0.041153606 -0.00945269782 -0.25886029
v -0.0448564775 -0.0231984928 -0.163838834
v -0.0731742084 -0.00231379247 -0.174913391
v -0.0718995556 -0.00443017809 -0.106706254
v -0.0718995556 -0.00443017809 -0.106706254
v -0.0734944344 -0.0106614251 -0.095261775
v -0.0679169223 -0.0117265712 -0.105593093
v -0.0755848214 -0.00187254709 -0.0989205763
v -0.0789574832 -0.00746809319 -0.0867972374
v -0.0802264661 0.0013488254 -0.0891144052
v -0.0800309554 -0.00831060484 -0.0804713741
v -0.0802162662 0.00125789957 -0.0843096972
v -0.0802071318 0.00117653934 -0.0800104439
v -0.0839032382 -0.00122399163 -0.0685050264
v -0.0874665752 0.0322259702 -0.0434046723
v -0.0914068669 0.0284324959 -0.0381108448
v -0.0885211527 0.0297367908 -0.0281780697
v -0.0801648721 0.000799879141 -0.0601069257
v -0.0604186244 -0.0106780054 -0.229971603
v -0.041153606 -0.00945269782 -0.25886029
v -0.0462573878 -0.00572385965 -0.258779168
v -0.0550815463 -0.0145764286 -0.230056718
v -0.0804133639 0.00301496824 -0.17715694
v -0.0760176256 -0.00022074068 -0.175794616
v -0.0802264661 0.0013488254 -0.0891144052
v -0.0731742084 -0.00231379247 -0.174913391
v -0.0755848214 -0.00187254709 -0.0989205763
v -0.0718995556 -0.00443017809 -0.106706254
v -0.000594898418 -0.02569676 -0.0381211787
v -0.000287392555 -0.0284380745 0.106735706
v 0.0226957947 -0.0113920216 0.0853102431
v -0.0444633402 -0.0267045759 0.0214172117
v -0.0442550108 -0.0285603777 0.119495638
v -0.0446767583 -0.0248006359 -0.0791778788
v -0.0448401906 -0.0233436916 -0.15616627
v -0.0448564775 -0.0231984928 -0.163838834
v -0.0718995556 -0.00443017809 -0.106706254
v -0.0679169223 -0.0117265712 -0.105593093
v -0.0448292792 -0.0234409235 -0.151028201
v -0.0446988083 -0.0246040504 -0.0895659328
v -0.000608506729 -0.0255754441 -0.0445318259
v -0.000867673079 -0.0232650694 -0.166616827
v 0.0348292328 0.00216769148 -0.148925066
v -0.0444795713 0.11206042 -0.155261144
v -0.0652919933 0.0953718424 -0.0745587125
v -0.0801126212 0.0860564187 -0.142761409
v -0.0443495438 0.110891953 -0.0935039446
v -0.0146435136 0.112062931 -0.159526289
v -0.0442620553 0.1101081 -0.0520523377
v -0.0266562756 0.111312643 -0.118201561
v -0.000291656441 0.11015857 -0.0608547516
v -0.0801648721 0.000799879141 -0.0601069257
v -0.0446767583 -0.0248006359 -0.0791778788
v -0.0698476955 -0.00627787691 -0.0866538361
v -0.0444633402 -0.0267045759 0.0214172117
v -0.0799726769 -0.000914963835 0.0304954555
v -0.0885211527 0.0297367908 -0.0281780697
v -0.0442550108 -0.0285603777 0.119495638
v -0.0906405076 0.032180436 0.0340919718
v -0.0797576979 -0.00283005298 0.131706387
v -0.0844613835 0.0861463249 -0.147514418
v -0.0801126212 0.0860564187 -0.142761409
v -0.083097592 0.0766580477 -0.131134495
v -0.0878375173 0.0755256042 -0.134728402
v -0.0863512382 0.066164203 -0.108614869
v -0.0920798481 0.0620796084 -0.114702523
v -0.0983352363 0.0553522781 -0.0993805081
v -0.0892226771 0.0577255078 -0.121191859
v -0.0937440395 0.0435466319 -0.105827413
v -0.0839774087 0.0741744936 -0.139016241
v -0.0801322684 0.0862327442 -0.152082741
v -0.04448957 0.1121502 -0.160006911
v -0.0444795713 0.11206042 -0.155261144
v -0.0878395587 0.0488331355 -0.0296264924
v -0.0914889947 0.0472972803 0.0173269827
v -0.09344583 0.040888086 0.0346554369
v -0.0917920172 0.0378937162 -0.0283119101
v -0.0906405076 0.032180436 0.0340919718
v -0.0885211527 0.0297367908 -0.0281780697
v -0.0957867652 0.0420187265 -0.0381388217
v -0.0914068669 0.0284324959 -0.0381108448
v -0.0944323614 0.0486987829 -0.0447157174
v -0.0890353993 0.0562377945 -0.0399707779
v -0.0936426967 0.0430260934 -0.0463504866
v -0.0874665752 0.0322259702 -0.0434046723
v -0.0863512382 0.066164203 -0.108614869
v -0.0892598182 0.0561504513 -0.0635309592
v -0.0988679454 0.0540547892 -0.0686952025
v -0.0983352363 0.0553522781 -0.0993805081
v 0.0353665799 -0.00262252614 0.104200184
v 0.0490842126 0.0389855951 0.115042597
v 0.0490726866 0.0390882418 0.109616488
v 0.0450759791 0.00281987549 0.092181854
v 0.0384881049 0.00747482432 0.0819024369
v 0.0353015289 -0.00204266096 0.0735588819
v 0.041462101 -0.00757310633 0.0847759247
v 0.0289049055 -0.0140502341 0.0940126255
v -0.000271688768 -0.0285780691 0.11413341
v -0.000252837723 -0.0287461262 0.123013839
v 0.0353665799 -0.00262252614 0.104200184
v 0.0289049055 -0.0140502341 0.0940126255
v -0.000594898418 -0.02569676 -0.0381211787
v 0.0226957947 -0.0113920216 0.0853102431
v 0.0296938196 -0.00620176177 0.0787865296
v 0.000558983244 -0.0248290133 -0.039780613
v 0.0353015289 -0.00204266096 0.0735588819
v 0.0007519176 -0.0246839225 -0.040058054
v -0.000608506729 -0.0255754441 -0.0445318259
v 0.00262222206 -0.0232007299 -0.04649565
v 0.0348632783 0.00186419883 -0.132887855
v 0.0348292328 0.00216769148 -0.148925066
v 0.0361074619 0.00613995921 -0.151666656
v -0.110940397 0.0369973779 0.145173341
v -0.0935335904 0.0563627519 0.133351415
v -0.0936082974 0.0323161967 0.132896945
v -0.11088229 0.0561827421 0.145629883
v -0.141914889 0.0324950516 0.130654365
v -0.141856775 0.0565461479 0.131108835
v -0.144820273 0.0374024063 0.096580036
v -0.144762158 0.0571944937 0.097034499
v -0.142055988 0.0406384878 0.0644183159
v -0.141981289 0.0577949919 0.0648727864
v -0.144961387 0.0378821753 0.0303419065
v -0.144903272 0.0584507845 0.0307984501
v -0.116892315 0.034688402 0.0107865334
v -0.116834208 0.058739502 0.0112430761
v -0.0939638019 0.0344929472 0.0180679858
v -0.0938890949 0.0585395023 0.0185245275
v -0.141756162 0.0805871338 0.131563306
v -0.144669846 0.0769875422 0.0974889696
v -0.110798277 0.0753671825 0.146084353
v -0.141897276 0.0749506652 0.0653272569
v -0.11088229 0.0561827421 0.145629883
v -0.0818666294 0.0803868771 0.133780986
v -0.0935335904 0.0563627519 0.133351415
v -0.14481096 0.0790147409 0.0312529169
v -0.116834208 0.058739502 0.0112430761
v -0.116758496 0.082789436 0.0116975447
v -0.0938890949 0.0585395023 0.0185245275
v -0.0822626278 0.0825554579 0.0189540926
v -0.0934671834 0.0557268374 0.167023689
v -0.0935418904 0.0316802785 0.166569218
v -0.0936082974 0.0323161967 0.132896945
v -0.0935335904 0.0563627519 0.133351415
v -0.0939638019 0.0344929472 0.0180679858
v -0.093567729 0.0290823821 -0.0112271393
v -0.0939218104 0.05291152 -0.0144668296
v -0.0938890949 0.0585395023 0.0185245275
v -0.0818666294 0.0803868771 0.133780986
v -0.0817836225 0.0797465518 0.16745533
v -0.0934671834 0.0557268374 0.167023689
v -0.0935335904 0.0563627519 0.133351415
v -0.0939218104 0.05291152 -0.0144668296
v -0.082808122 0.076726824 -0.0190974195
v -0.0822626278 0.0825554579 0.0189540926
v -0.0938890949 0.0585395023 0.0185245275
v 0.00843517017 0.117193043 -0.13067843
v 0.0108174644 0.106752865 -0.129920855
v 0.00537296012 0.115079008 -0.128865272
v 0.0138630737 0.108871192 -0.1317361
v 0.00536465924 0.115149431 -0.132558003
v 0.0108091645 0.106823295 -0.133615658
v 0.0355228595 0.0856096074 -0.137148112
v 0.0385767668 0.0876576975 -0.135268539
v 0.0355311595 0.0855425522 -0.133455366
v 0.0424941853 0.0754586607 -0.143175364
v 0.0405323803 0.0783667862 -0.144314721
v 0.0445630588 0.0789947286 -0.143709764
v 0.0404445753 0.0642577261 -0.171452999
v 0.0425299816 0.0677884147 -0.171991527
v 0.0384827368 0.0671659186 -0.172592357
v 0.0148964887 0.10426607 -0.0461475812
v 0.039141804 0.0882726684 -0.0419683643
v 0.0347793214 0.085156247 -0.0396227278
v 0.0185450707 0.108109787 -0.0487181135
v 0.0361865312 0.0838550329 -0.044544816
v 0.014879887 0.104361922 -0.0514173098
v 0.00272209267 0.108590774 -0.051311478
v 0.00243908796 0.113803864 -0.0485770032
v 0.00273039355 0.108491555 -0.0460417457
v 0.014879887 0.104361922 -0.0514173098
v 0.0347793214 0.085156247 -0.0396227278
v 0.0361865312 0.0838550329 -0.044544816
v 0.0148964887 0.10426607 -0.0461475812
v 0.00273039355 0.108491555 -0.0460417457
v 0.00272209267 0.108590774 -0.051311478
v 0.0347793214 0.085156247 -0.0396227278
v 0.0490857512 0.0404647067 -0.0192116089
v 0.0361865312 0.0838550329 -0.044544816
v 0.0483209118 0.0425769314 -0.0141145391
v 0.0358690582 -0.00630280608 0.00996445585
v 0.0348993279 -0.0036997979 0.0158913769
v -0.0040193093 -0.038139157 0.0394797809
v -0.00472377148 -0.0348146297 0.0430600308
v -0.0576596707 -0.0301779304 0.0448832996
v -0.0567664951 -0.0271974299 0.0486581922
v 0.039141804 0.0882726684 -0.0419683643
v 0.0483209118 0.0425769314 -0.0141145391
v 0.0347793214 0.085156247 -0.0396227278
v 0.0535663255 0.0392882004 -0.0150589477
v 0.0361865312 0.0838550329 -0.044544816
v 0.0348993279 -0.0036997979 0.0158913769
v 0.0490857512 0.0404647067 -0.0192116089
v 0.0413898565 -0.00781478081 0.0151113141
v -0.00472377148 -0.0348146297 0.0430600308
v 0.0358690582 -0.00630280608 0.00996445585
v -0.00092931086 -0.0411895663 0.0445427559
v -0.0567664951 -0.0271974299 0.0486581922
v -0.0040193093 -0.038139157 0.0394797809
v -0.0588417836 -0.032634832 0.0498665087
v -0.0576596707 -0.0301779304 0.0448832996
v -0.0567664951 -0.0271974299 0.0486581922
v -0.0967053771 -0.00959069375 0.0427278541
v -0.0576596707 -0.0301779304 0.0448832996
v -0.0939231291 -0.00811633281 0.0469274148
v -0.114523172 0.0139764575 0.0432019532
v -0.11150454 0.0128531931 0.0473810062
v -0.0588417836 -0.032634832 0.0498665087
v -0.0939231291 -0.00811633281 0.0469274148
v -0.0567664951 -0.0271974299 0.0486581922
v -0.0991976559 -0.0105305631 0.0478158928
v -0.0576596707 -0.0301779304 0.0448832996
v -0.11150454 0.0128531931 0.0473810062
v -0.0967053771 -0.00959069375 0.0427278541
v -0.116805531 0.015188436 0.0484950952
v -0.114523172 0.0139764575 0.0432019532
v 0.0030803862 -0.227215171 -0.601702452
v 0.00471285358 -0.056244038 -0.598471403
v -0.0238635466 -0.0451694317 -0.598201632
v -0.0243781786 -0.234040558 -0.601773024
v -0.0525063463 -0.0560872294 -0.598346889
v -0.0517869368 -0.227069259 -0.601584196
v -0.045063924 -0.0515069366 -0.221848279
v -0.0230583698 -0.0418426991 -0.230638847
v -0.0229836609 -0.0145872133 -0.23012419
v -0.0449560136 -0.0147399995 -0.219080567
v -0.0401310213 -0.112741299 -0.122729152
v -0.0398736969 -0.0166052114 -0.120911278
v -0.0230085645 -0.115046464 -0.119108669
v -0.0227429401 -0.0167336147 -0.116655909
v -0.0525063463 -0.0560872294 -0.598346889
v -0.0238635466 -0.0451694317 -0.598201632
v -0.0232492872 -0.0506646819 -0.307649523
v -0.0453951769 -0.0615320243 -0.308517992
v -0.0404906273 -0.155896083 -0.232759714
v -0.0517869368 -0.227069259 -0.601584196
v -0.0243781786 -0.234040558 -0.601773024
v -0.0233747959 -0.159295306 -0.230105221
v -0.0231746864 -0.146817967 -0.157688469
v -0.0451726988 -0.0714285672 -0.242891788
v -0.0231496785 -0.0594196394 -0.249299929
v -0.0230915733 -0.0514052697 -0.234814197
v -0.0402973332 -0.143963188 -0.161224425
v -0.0451054275 -0.0635134876 -0.227640286
v -0.0230583698 -0.0418426991 -0.230638847
v -0.045063924 -0.0515069366 -0.221848279
v -0.0402472317 -0.136080682 -0.145905018
v -0.0231247768 -0.139156803 -0.142938882
v -0.0401310213 -0.112741299 -0.122729152
v -0.0230085645 -0.115046464 -0.119108669
v -0.117067032 0.00300843851 0.0766620189
v -0.116801411 0.102636822 0.0785462931
v -0.144099787 0.102346554 0.0975752845
v -0.144373715 0.00272271014 0.0956910029
v -0.141280144 0.101714268 0.13072744
v -0.141537473 0.00208588457 0.128843158
v -0.111153767 0.10136538 0.144854754
v -0.111411087 0.00173712196 0.142970473
v -0.083838746 0.101651102 0.125827804
v -0.084112674 0.00202726037 0.12394353
v -0.0866750181 0.102287933 0.0926756859
v -0.0869406462 0.00265954644 0.090789333
v -0.116801411 0.102636822 0.0785462931
v -0.117067032 0.00300843851 0.0766620189
v -0.141092986 0.0151754748 0.066135034
v -0.111350469 0.112898067 0.0775352567
v -0.111618467 0.0154425185 0.0799582228
v -0.140824988 0.112631023 0.0637120679
v -0.143851623 0.0143775148 0.0337020308
v -0.143583611 0.111833058 0.0312790684
v -0.117143914 0.0138433026 0.0150923626
v -0.116875909 0.111298971 0.0126693938
v -0.08766938 0.0141103435 0.0289155338
v -0.0874013752 0.111566015 0.026492564
v -0.0848944709 0.0149039924 0.0613487065
v -0.0846264809 0.112359539 0.0589257441
v -0.111618467 0.0154425185 0.0799582228
v -0.111350469 0.112898067 0.0775352567
v -0.0459065475 0.115447029 -0.16365619
v -0.0554540977 0.103486963 0.0844084918
v -0.0559770465 0.108182356 -0.163772419
v -0.0453835987 0.110751636 0.0845226273
v 0.000910447154 0.115324333 -0.163757905
v 0.00144166476 0.11062894 0.0844230205
v 0.0114623643 0.103307068 0.0842632279
v 0.0109477155 0.107998051 -0.163917691
v -0.0444994681 0.111082762 -0.163741276
v -0.0559770465 0.108182356 -0.163772419
v -0.0534186549 0.104642846 -0.163845047
v -0.0459065475 0.115447029 -0.16365619
v -0.000504965836 0.110965386 -0.163836762
v 0.000910447154 0.115324333 -0.163757905
v 0.008372752 0.104478262 -0.163979948
v 0.0109477155 0.107998051 -0.163917691
v -0.0534186549 0.104642846 -0.163845047
v -0.0559770465 0.108182356 -0.163772419
v -0.0554540977 0.103486963 0.0844084918
v -0.0528874062 0.09994746 0.0843358636
v -0.0528874062 0.09994746 0.0843358636
v -0.0554540977 0.103486963 0.0844084918
v -0.0453835987 0.110751636 0.0845226273
v -0.0439848192 0.106391914 0.0844375491
v 0.00144166476 0.11062894 0.0844230205
v 9.68261065E-06 0.106274538 0.0843420848
v 0.0114623643 0.103307068 0.0842632279
v 0.00890400261 0.0997794941 0.0842009708
v 0.00890400261 0.0997794941 0.0842009708
v 0.0114623643 0.103307068 0.0842632279
v 0.0109477155 0.107998051 -0.163917691
v 0.008372752 0.104478262 -0.163979948
v -0.0574148931 0.143566638 -0.0519517064
v -0.0573899932 0.151790321 -0.0517960675
v -0.0138178933 0.15167436 -0.0518915243
v -0.013842796 0.143447444 -0.052047167
v -0.0574397966 0.152257487 -0.0764327571
v -0.0574647002 0.144030452 -0.0765883923
v -0.0139092021 0.143919036 -0.0766817778
v -0.0138842994 0.152142704 -0.0765261352
v -0.013842796 0.143447444 -0.052047167
v -0.0138178933 0.15167436 -0.0518915243
v -0.0138842994 0.152142704 -0.0765261352
v -0.0139092021 0.143919036 -0.0766817778
v -0.0574647002 0.144030452 -0.0765883923
v -0.0574397966 0.152257487 -0.0764327571
v -0.0573899932 0.151790321 -0.0517960675
v -0.0574148931 0.143566638 -0.0519517064
v -0.0574397966 0.152257487 -0.0764327571
v -0.0138842994 0.152142704 -0.0765261352
v -0.0138178933 0.15167436 -0.0518915243
v -0.0573899932 0.151790321 -0.0517960675
v -0.0574979 0.144331992 -0.0924359336
v -0.0574730001 0.15255554 -0.0922823697
v -0.0139009012 0.152436346 -0.0923757553
v -0.0139258038 0.144212797 -0.0925313905
v -0.0575228035 0.153019354 -0.116916977
v -0.0575477071 0.144795805 -0.117072619
v -0.0139922099 0.144681022 -0.117168076
v -0.0139673073 0.152907938 -0.117010362
v -0.0139258038 0.144212797 -0.0925313905
v -0.0139009012 0.152436346 -0.0923757553
v -0.0139673073 0.152907938 -0.117010362
v -0.0139922099 0.144681022 -0.117168076
v -0.0575477071 0.144795805 -0.117072619
v -0.0575228035 0.153019354 -0.116916977
v -0.0574730001 0.15255554 -0.0922823697
v -0.0574979 0.144331992 -0.0924359336
v -0.0575228035 0.153019354 -0.116916977
v -0.0139673073 0.152907938 -0.117010362
v -0.0139009012 0.152436346 -0.0923757553
v -0.0574730001 0.15255554 -0.0922823697
v -0.0192430727 0.226961032 0.393610299
v -0.0229888968 0.132443011 0.391829789
v -0.0194920953 0.132428929 0.391821474
v -0.0227481741 0.226975158 0.393618584
v -0.0229888968 0.132352605 0.396642298
v -0.0227315724 0.226880223 0.398429036
v -0.019226471 0.226869583 0.398422807
v -0.0194837954 0.132341906 0.396633983
v -0.0194920953 0.132428929 0.391821474
v -0.0192430727 0.226961032 0.393610299
v 0.0915276185 0.0547845922 0.106151447
v 0.0989753008 0.0612689294 0.345526785
v 0.0666886941 0.0588272661 0.109538913
v 0.125044823 0.0570267774 0.341972828
v 0.106395751 0.0340371765 0.10425774
v 0.140650064 0.0352485739 0.339984894
v 0.102572657 0.00875053182 0.10496664
v 0.136635989 0.00869300961 0.340727776
v 0.0823215023 -0.00627530972 0.107861184
v 0.115387082 -0.00708411727 0.34376663
v 0.0666886941 0.0588272661 0.109538913
v 0.0989753008 0.0612689294 0.345526785
v 0.0777014717 0.0454929695 0.348567724
v 0.0464375429 0.0438012965 0.112433486
v 0.0737039968 0.0189406499 0.349310577
v 0.0426227525 0.0185103063 0.113140285
v 0.0893092379 -0.0028374244 0.347322613
v 0.0574826077 -0.00223269942 0.111246608
v 0.115387082 -0.00708411727 0.34376663
v 0.0823215023 -0.00627530972 0.107861184
v 0.125044823 0.0570267774 0.341972828
v 0.0966867208 0.0763971657 0.355619162
v 0.0989753008 0.0612689294 0.345526785
v 0.134239525 0.0702853948 0.3504996
v 0.140650064 0.0352485739 0.339984894
v 0.156720996 0.0389163494 0.347636342
v 0.136635989 0.00869300961 0.340727776
v 0.150951862 0.000672898313 0.348705858
v 0.115387082 -0.00708411727 0.34376663
v 0.120317198 -0.0220490005 0.353083163
v 0.0989753008 0.0612689294 0.345526785
v 0.0966867208 0.0763971657 0.355619162
v 0.066060394 0.0536752716 0.359996527
v 0.0777014717 0.0454929695 0.348567724
v 0.0602995232 0.0154318176 0.361066043
v 0.0737039968 0.0189406499 0.349310577
v 0.0827644244 -0.0159338526 0.358202726
v 0.0893092379 -0.0028374244 0.347322613
v 0.120317198 -0.0220490005 0.353083163
v 0.115387082 -0.00708411727 0.34376663
v 0.134239525 0.0702853948 0.3504996
v 0.10569232 0.0773037672 0.421863556
v 0.0966867208 0.0763971657 0.355619162
v 0.143245101 0.0711919963 0.416743934
v 0.156720996 0.0389163494 0.347636342
v 0.165726602 0.039823018 0.413880616
v 0.150951862 0.000672898313 0.348705858
v 0.159957424 0.0015828067 0.414950162
v 0.120317198 -0.0220490005 0.353083163
v 0.129322797 -0.0211390276 0.419327468
v 0.0966867208 0.0763971657 0.355619162
v 0.10569232 0.0773037672 0.421863556
v 0.0750659704 0.0545818694 0.426240861
v 0.066060394 0.0536752716 0.359996527
v 0.0693051293 0.0163419209 0.427310377
v 0.0602995232 0.0154318176 0.361066043
v 0.0917700008 -0.0150271868 0.424449176
v 0.0827644244 -0.0159338526 0.358202726
v 0.129322797 -0.0211390276 0.419327468
v 0.120317198 -0.0220490005 0.353083163
v -0.0442371517 0.146925405 -0.0612731762
v -0.0542537905 0.182006523 -0.0594980419
v -0.039162457 0.149468035 -0.0612358227
v -0.0612474866 0.178509429 -0.0595499203
v -0.0442454517 0.147033572 -0.0670257807
v -0.0592985228 0.183424592 -0.0634273142
v -0.0612557903 0.178661957 -0.0674810931
v -0.0391707569 0.149576083 -0.0669884235
v -0.0612557903 0.178661957 -0.0674810931
v -0.0442454517 0.147033572 -0.0670257807
v -0.0542620942 0.182155803 -0.0674292147
v -0.039162457 0.149468035 -0.0612358227
v -0.0592985228 0.183424592 -0.0634273142
v -0.0542537905 0.182006523 -0.0594980419
v -0.0443201587 0.147694141 -0.101855069
v -0.0543368012 0.182775259 -0.100081988
v -0.0392537639 0.150233403 -0.101817712
v -0.0613304973 0.179281533 -0.100133874
v -0.0443284586 0.147802174 -0.107607655
v -0.0593898296 0.184189945 -0.104009204
v -0.0613470972 0.179427311 -0.108062983
v -0.0392537639 0.150341436 -0.107570298
v -0.0613470972 0.179427311 -0.108062983
v -0.0443284586 0.147802174 -0.107607655
v -0.0543451011 0.182924539 -0.108011104
v -0.0392537639 0.150233403 -0.101817712
v -0.0593898296 0.184189945 -0.104009204
v -0.0543368012 0.182775259 -0.100081988
v -0.0320230015 0.0209875703 0.587693989
v -0.0210910663 0.0207747985 0.601424396
v -0.0102172671 0.0209298544 0.587646246
v -0.0358116329 0.0223771725 0.289521992
v -0.00770696206 0.0223099887 0.289461821
v -0.0319731981 0.0395348221 0.588044703
v -0.0357369259 0.0494310409 0.290034562
v -0.00763225509 0.0493604839 0.289974391
v -0.0210329611 0.0391655043 0.601773024
v -0.0210910663 0.0207747985 0.601424396
v -0.0101674628 0.0394769758 0.58799696
v -0.0210329611 0.0391655043 0.601773024
v -0.00770696206 0.0223099887 0.289461821
v -0.0102172671 0.0209298544 0.587646246
v -0.0210910663 0.0207747985 0.601424396
v -0.0210329611 0.0391655043 0.601773024
v -0.0671285614 0.109306008 -0.00313318847
v -0.0670206472 0.144791976 -0.00246290024
v 0.0228878073 0.144552425 -0.00265796855
v 0.0228047986 0.109065413 -0.00332825677
v -0.0670206472 0.144791976 -0.00246290024
v -0.0673609823 0.14775613 -0.159159496
v 0.0225640759 0.147515535 -0.159352496
v 0.0228878073 0.144552425 -0.00265796855
v -0.0673609823 0.14775613 -0.159159496
v -0.0674522892 0.112265751 -0.15982978
v 0.0224644672 0.112029567 -0.160024852
v 0.0225640759 0.147515535 -0.159352496
v -0.0674522892 0.112265751 -0.15982978
v -0.0671285614 0.109306008 -0.00313318847
v 0.0228047986 0.109065413 -0.00332825677
v 0.0224644672 0.112029567 -0.160024852
v 0.0228047986 0.109065413 -0.00332825677
v 0.0228878073 0.144552425 -0.00265796855
v 0.0225640759 0.147515535 -0.159352496
v 0.0224644672 0.112029567 -0.160024852
v -0.0674522892 0.112265751 -0.15982978
v -0.0673609823 0.14775613 -0.159159496
v -0.0670206472 0.144791976 -0.00246290024
v -0.0671285614 0.109306008 -0.00313318847
v 0.0552377664 0.0940561071 0.341596812
v 0.0554369837 0.092276372 0.435704142
v 0.00946336519 0.125862688 0.436436683
v 0.00925584603 0.127645805 0.342329353
v -0.051786676 0.126027673 0.436569512
v -0.0519941635 0.127807274 0.342462182
v -0.097951144 0.0926824585 0.43603617
v -0.098158665 0.0944620669 0.34192884
v 0.0531403609 0.0875259861 0.339296669
v 0.0552377664 0.0940561071 0.341596812
v 0.00925584603 0.127645805 0.342329353
v 0.00710788835 0.121152133 0.34002921
v -0.0519941635 0.127807274 0.342462182
v -0.0498793758 0.121299013 0.340153724
v -0.098158665 0.0944620669 0.34192884
v -0.0960945264 0.0879258513 0.339620382
v 0.00731540797 0.119288348 0.438500285
v 0.0554369837 0.092276372 0.435704142
v 0.0533478782 0.0856623352 0.437765658
v 0.00946336519 0.125862688 0.436436683
v -0.0496718585 0.119435363 0.438622713
v -0.051786676 0.126027673 0.436569512
v -0.0958870053 0.0860620663 0.438089371
v -0.097951144 0.0926824585 0.43603617
v 0.0533478782 0.0856623352 0.437765658
v 0.0554369837 0.092276372 0.435704142
v 0.0552377664 0.0940561071 0.341596812
v 0.0531403609 0.0875259861 0.339296669
v -0.0960945264 0.0879258513 0.339620382
v -0.098158665 0.0944620669 0.34192884
v -0.097951144 0.0926824585 0.43603617
v -0.0958870053 0.0860620663 0.438089371
v -0.00333776767 0.233598277 0.405212581
v -0.0361384749 0.226208702 0.405144095
v -0.0385539047 0.233697504 0.405291438
v -0.0057946695 0.226124272 0.405077696
v 0.0250847898 0.212832451 0.404760182
v 0.0187229551 0.208220646 0.404685467
v 0.0358784646 0.179321542 0.404104412
v 0.0280022547 0.179347217 0.404121041
v 0.0249021407 0.145868868 0.403494328
v 0.0185569394 0.150507525 0.403593928
v -0.00362829515 0.125251293 0.403164357
v -0.00604369305 0.13274008 0.4033117
v -0.0385539047 0.233697504 0.405291438
v -0.0361384749 0.226208702 0.405144095
v -0.0607390963 0.208436728 0.404859811
v -0.0671008676 0.213081077 0.404961497
v -0.070201017 0.17960611 0.404334784
v -0.0780605897 0.179623872 0.404351383
v -0.0608967803 0.150720224 0.403768241
v -0.0672752187 0.146116346 0.403693527
v -0.0363874994 0.132821023 0.403376043
v -0.0388443992 0.125347137 0.403241158
v -0.00604369305 0.13274008 0.4033117
v -0.00362829515 0.125251293 0.403164357
v -0.0033792716 0.233944714 0.387011439
v -0.0385954082 0.234040558 0.387088209
v -0.0361799784 0.226551756 0.386940867
v -0.00583617343 0.226470694 0.386876553
v 0.0250432864 0.213175505 0.386559039
v 0.0186814498 0.208567083 0.386484325
v 0.0358369574 0.179667965 0.385903269
v 0.027977353 0.179685742 0.385919869
v 0.0248606689 0.146215305 0.385293156
v 0.0185154341 0.150850579 0.385392785
v -0.00366979884 0.125594348 0.384963214
v -0.00608519698 0.133083135 0.385108471
v -0.0385954082 0.234040558 0.387088209
v -0.0607805997 0.208779782 0.386656582
v -0.0361799784 0.226551756 0.386940867
v -0.0671341047 0.213419601 0.386758268
v -0.0702259168 0.17994462 0.386131555
v -0.0781021267 0.179970309 0.386150211
v -0.0609383173 0.151066661 0.385565013
v -0.0673167184 0.146459401 0.385492384
v -0.0364373028 0.133164078 0.38517487
v -0.0388859026 0.12569344 0.385039985
v -0.00608519698 0.133083135 0.385108471
v -0.00366979884 0.125594348 0.384963214
v -0.0033792716 0.233944714 0.387011439
v -0.0385539047 0.233697504 0.405291438
v -0.0385954082 0.234040558 0.387088209
v -0.00333776767 0.233598277 0.405212581
v 0.0250432864 0.213175505 0.386559039
v 0.0250847898 0.212832451 0.404760182
v 0.0358369574 0.179667965 0.385903269
v 0.0358784646 0.179321542 0.404104412
v 0.0248606689 0.146215305 0.385293156
v 0.0249021407 0.145868868 0.403494328
v -0.00366979884 0.125594348 0.384963214
v -0.00362829515 0.125251293 0.403164357
v -0.0361799784 0.226551756 0.386940867
v -0.0361384749 0.226208702 0.405144095
v -0.0057946695 0.226124272 0.405077696
v -0.00583617343 0.226470694 0.386876553
v 0.0187229551 0.208220646 0.404685467
v 0.0186814498 0.208567083 0.386484325
v 0.0280022547 0.179347217 0.404121041
v 0.027977353 0.179685742 0.385919869
v 0.0185569394 0.150507525 0.403593928
v 0.0185154341 0.150850579 0.385392785
v -0.00604369305 0.13274008 0.4033117
v -0.00608519698 0.133083135 0.385108471
v -0.0385954082 0.234040558 0.387088209
v -0.0385539047 0.233697504 0.405291438
v -0.0671008676 0.213081077 0.404961497
v -0.0671341047 0.213419601 0.386758268
v -0.0780605897 0.179623872 0.404351383
v -0.0781021267 0.179970309 0.386150211
v -0.0672752187 0.146116346 0.403693527
v -0.0673167184 0.146459401 0.385492384
v -0.0388443992 0.125347137 0.403241158
v -0.0388859026 0.12569344 0.385039985
v -0.00362829515 0.125251293 0.403164357
v -0.00366979884 0.125594348 0.384963214
v -0.0607805997 0.208779782 0.386656582
v -0.0361384749 0.226208702 0.405144095
v -0.0361799784 0.226551756 0.386940867
v -0.0607390963 0.208436728 0.404859811
v -0.0702259168 0.17994462 0.386131555
v -0.070201017 0.17960611 0.404334784
v -0.0609383173 0.151066661 0.385565013
v -0.0608967803 0.150720224 0.403768241
v -0.0364373028 0.133164078 0.38517487
v -0.0363874994 0.132821023 0.403376043
v -0.00608519698 0.133083135 0.385108471
v -0.00604369305 0.13274008 0.4033117
v 0.0509236641 0.0445523858 -0.229453906
v 0.0510564744 0.043432299 -0.170446977
v 0.0370854177 0.0868134797 -0.169596136
v 0.0369609036 0.0879335701 -0.22860308
v 0.000276993727 0.113705873 -0.169008866
v 0.0263395701 0.0808692127 -0.258627474
v 0.0378375761 0.0451549701 -0.259328902
v -0.0229089372 0.0455477014 -0.271584392
v 0.000152481996 0.114821553 -0.228015795
v -0.0452980287 0.113824807 -0.168909222
v -0.00395484874 0.103003442 -0.258146048
v -0.0454308428 0.114944898 -0.227918223
v -0.0822558552 0.0871324167 -0.169336736
v -0.0414895266 0.103106946 -0.258065075
v -0.0719167516 0.081132248 -0.258415818
v -0.0836139768 0.0454740338 -0.25906536
v -0.0823720694 0.088248089 -0.228345752
v -0.0964510739 0.0438304767 -0.170125321
v -0.0965838805 0.0449505635 -0.22913225
v -0.0964510739 0.0438304767 -0.170125321
v -0.0878720209 0.0410130769 -0.170197949
v -0.088149935 0.0421527475 -0.227440387
v -0.0965838805 0.0449505635 -0.22913225
v -0.0781063437 0.043544814 -0.252168119
v -0.0836139768 0.0454740338 -0.25906536
v -0.0229006372 0.044781372 -0.262578875
v -0.0229089372 0.0455477014 -0.271584392
v 0.0323465466 0.043247804 -0.252408832
v 0.0378375761 0.0451549701 -0.259328902
v 0.0424980782 0.041802559 -0.22772263
v 0.0509236641 0.0445523858 -0.229453906
v 0.0424525514 0.0406652205 -0.170480177
v 0.0510564744 0.043432299 -0.170446977
v -0.0822558552 0.0871324167 -0.169336736
v -0.0878720209 0.0410130769 -0.170197949
v -0.0964510739 0.0438304767 -0.170125321
v -0.0749571025 0.0818025991 -0.16945295
v -0.0452980287 0.113824807 -0.168909222
v -0.0425409712 0.105223835 -0.169079378
v 0.000276993727 0.113705873 -0.169008866
v -0.0025381709 0.105116054 -0.169164494
v 0.0370854177 0.0868134797 -0.169596136
v 0.0297534615 0.0815267265 -0.16967915
v 0.0510564744 0.043432299 -0.170446977
v 0.0424525514 0.0406652205 -0.170480177
v -0.0368415751 -0.101574577 -0.0959569365
v -0.00900120288 -0.101648241 -0.0960171223
v -0.00871897582 -0.0616035871 -0.0103883315
v -0.0365427472 -0.0615310855 -0.0103281662
v -0.0368913822 -0.101154864 -0.117966332
v -0.00905100722 -0.101231776 -0.118028589
v -0.00900120288 -0.101648241 -0.0960171223
v -0.0368415751 -0.101574577 -0.0959569365
v -0.0365427472 -0.0615310855 -0.0103281662
v -0.00871897582 -0.0616035871 -0.0103883315
v -0.00861106627 -0.0294583552 -0.00113592634
v -0.0364348367 -0.0293892249 -0.00107572938
v -0.00905100722 -0.101231776 -0.118028589
v -0.0368913822 -0.101154864 -0.117966332
v -0.0366921611 -0.0271963924 -0.116567649
v -0.00885178894 -0.0272733048 -0.116627835
v -0.0364348367 -0.0293892249 -0.00107572938
v -0.00861106627 -0.0294583552 -0.00113592634
v -0.00885178894 -0.0272733048 -0.116627835
v -0.0366921611 -0.0271963924 -0.116567649
v -0.0368498787 -0.105953753 -0.0951042622
v -0.0365510508 -0.0648699477 -0.00704681221
v -0.00871067494 -0.0649468526 -0.00710699288
v -0.00900950376 -0.106030665 -0.0951644406
v -0.0369245857 -0.105337553 -0.127718002
v -0.0368498787 -0.105953753 -0.0951042622
v -0.00900950376 -0.106030665 -0.0951644406
v -0.00908421073 -0.10541109 -0.127778187
v -0.0365510508 -0.0648699477 -0.00704681221
v -0.0364265367 -0.0251453854 0.00561176613
v -0.00857786275 -0.0252224281 0.00554951048
v -0.00871067494 -0.0649468526 -0.00710699288
v -0.00908421073 -0.10541109 -0.127778187
v -0.00900120288 -0.101648241 -0.0960171223
v -0.00905100722 -0.101231776 -0.118028589
v -0.00900950376 -0.106030665 -0.0951644406
v -0.00871897582 -0.0616035871 -0.0103883315
v -0.00871067494 -0.0649468526 -0.00710699288
v -0.00861106627 -0.0294583552 -0.00113592634
v -0.00857786275 -0.0252224281 0.00554951048
v -0.0368498787 -0.105953753 -0.0951042622
v -0.0369245857 -0.105337553 -0.127718002
v -0.0368913822 -0.101154864 -0.117966332
v -0.0368415751 -0.101574577 -0.0959569365
v -0.0365510508 -0.0648699477 -0.00704681221
v -0.0365427472 -0.0615310855 -0.0103281662
v -0.0364265367 -0.0251453854 0.00561176613
v -0.0364348367 -0.0293892249 -0.00107572938
v -0.0369245857 -0.105337553 -0.127718002
v -0.0366921611 -0.0226603393 -0.126155376
v -0.0366921611 -0.0271963924 -0.116567649
v -0.0368913822 -0.101154864 -0.117966332
v -0.00886838976 -0.0227294695 -0.126215562
v -0.00908421073 -0.10541109 -0.127778187
v -0.00905100722 -0.101231776 -0.118028589
v -0.00885178894 -0.0272733048 -0.116627835
v -0.00857786275 -0.0252224281 0.00554951048
v -0.00886838976 -0.0227294695 -0.126215562
v -0.00885178894 -0.0272733048 -0.116627835
v -0.00861106627 -0.0294583552 -0.00113592634
v -0.0366921611 -0.0226603393 -0.126155376
v -0.0364265367 -0.0251453854 0.00561176613
v -0.0364348367 -0.0293892249 -0.00107572938
v -0.0366921611 -0.0271963924 -0.116567649
v -0.0322170332 -0.0405493006 -0.081214264
v -0.0131941354 -0.0192373693 -0.0808511078
v -0.0321506262 -0.0191904176 -0.0808096007
v -0.0132439397 -0.0405974202 -0.0812536925
v -0.0133186467 -0.0748145431 -0.0693192258
v -0.0322834402 -0.0747664198 -0.0692777261
v -0.0132190371 -0.0408339277 -0.0687316433
v -0.0131609319 -0.0194749143 -0.0683290511
v -0.0131941354 -0.0192373693 -0.0808511078
v -0.0132439397 -0.0405974202 -0.0812536925
v -0.0132854441 -0.0705292597 -0.0620398335
v -0.0133186467 -0.0748145431 -0.0693192258
v -0.0321340263 -0.0194267966 -0.0682875514
v -0.0322170332 -0.0405493006 -0.081214264
v -0.0321506262 -0.0191904176 -0.0808096007
v -0.0321921334 -0.0407858081 -0.0686922148
v -0.0322834402 -0.0747664198 -0.0692777261
v -0.0322585367 -0.0704812706 -0.0619983263
v -0.0132190371 -0.0408339277 -0.0687316433
v -0.0321340263 -0.0194267966 -0.0682875514
v -0.0131609319 -0.0194749143 -0.0683290511
v -0.0321921334 -0.0407858081 -0.0686922148
v -0.0322585367 -0.0704812706 -0.0619983263
v -0.0132854441 -0.0705292597 -0.0620398335
v -0.0133186467 -0.0748145431 -0.0693192258
v -0.0322834402 -0.0747664198 -0.0692777261
v -0.0322585367 -0.0704812706 -0.0619983263
v -0.0132854441 -0.0705292597 -0.0620398335
v -0.0302238092 0.112008952 -0.232134759
v -0.0301906057 0.135718763 -0.250208735
v -0.0150628481 0.135683626 -0.250241935
v -0.0150794499 0.111969389 -0.232165888
v -0.0302155074 0.137701616 -0.264901936
v -0.0302570127 0.131347626 -0.273239136
v -0.0151126534 0.131308079 -0.273270249
v -0.0150877507 0.137666464 -0.26493305
v -0.0150628481 0.135683626 -0.250241935
v -0.0301906057 0.135718763 -0.250208735
v -0.0302570127 0.131347626 -0.273239136
v -0.0302985162 0.099300839 -0.24880822
v -0.0151541568 0.0992612839 -0.24884142
v -0.0151126534 0.131308079 -0.273270249
v -0.0151126534 0.131308079 -0.273270249
v -0.0151541568 0.0992612839 -0.24884142
v -0.0150794499 0.111969389 -0.232165888
v -0.0150628481 0.135683626 -0.250241935
v -0.0150877507 0.137666464 -0.26493305
v -0.0302238092 0.112008952 -0.232134759
v -0.0302985162 0.099300839 -0.24880822
v -0.0302570127 0.131347626 -0.273239136
v -0.0301906057 0.135718763 -0.250208735
v -0.0302155074 0.137701616 -0.264901936
v -0.0821363106 0.0801107958 0.229235277
v -0.0964887813 0.0361866243 0.233034179
v -0.0942231193 0.036670275 0.207100138
v -0.0803016722 0.0792104825 0.204048306
v -0.0447362997 0.107251696 0.222790077
v -0.0440884493 0.105529346 0.196659774
v 0.0013754206 0.107286975 0.214513719
v 0.000594758079 0.105546333 0.189482123
v 0.0366586074 0.0793801323 0.178323373
v 0.0386011526 0.0802486688 0.204655245
v 0.0527211688 0.0364536121 0.198081985
v 0.0503559001 0.0369606093 0.172156319
v -0.0941152126 0.0356935076 0.25895986
v -0.0964887813 0.0361866243 0.233034179
v -0.0821363106 0.0801107958 0.229235277
v -0.0802020654 0.0782538205 0.254683226
v -0.0447362997 0.107251696 0.222790077
v -0.0439722389 0.104548164 0.248365462
v 0.0013754206 0.107286975 0.214513719
v 0.000694367453 0.104596287 0.239702493
v 0.0386011526 0.0802486688 0.204655245
v 0.0367748179 0.0783924684 0.230421379
v 0.0504555106 0.0359631516 0.224018082
v 0.0527211688 0.0364536121 0.198081985
v -0.0964887813 0.0361866243 0.233034179
v -0.080542393 -0.00577577157 0.201497018
v -0.0942231193 0.036670275 0.207100138
v -0.0823687315 -0.00762749417 0.227160349
v -0.0444620177 -0.0297404528 0.18650198
v -0.0451264381 -0.0325098671 0.215802282
v 0.000212922067 -0.0296861082 0.179123953
v 0.00098528387 -0.0324889198 0.206033096
v 0.0364344865 -0.00356983882 0.17632097
v 0.0383604281 -0.00645598164 0.20223017
v 0.0503559001 0.0369606093 0.172156319
v 0.0527211688 0.0364536121 0.198081985
v -0.0804344863 -0.00675241044 0.253356695
v -0.0964887813 0.0361866243 0.233034179
v -0.0941152126 0.0356935076 0.25895986
v -0.0823687315 -0.00762749417 0.227160349
v -0.0443375073 -0.030851461 0.245184973
v -0.0451264381 -0.0325098671 0.215802282
v 0.000337433798 -0.0308548976 0.233580872
v 0.00098528387 -0.0324889198 0.206033096
v 0.036542397 -0.0065858108 0.228136048
v 0.0383604281 -0.00645598164 0.20223017
v 0.0504555106 0.0359631516 0.224018082
v 0.0527211688 0.0364536121 0.198081985
v 0.00900967605 0.106728159 0.18091397
v 0.00769912452 0.10845641 0.205658138
v -0.0451134034 0.111072779 0.200946346
v -0.0421030708 0.109295629 0.176451772
v -0.0815687105 0.0844364762 0.168165267
v -0.083393842 0.0853268653 0.194135681
v -0.0976530612 0.0395337194 0.172436073
v -0.0999441743 0.0390210189 0.198540673
v -0.0834153444 -0.00463720271 0.164003387
v -0.0854074284 -0.00643412722 0.189703748
v -0.0407793261 -0.0318443775 0.159990937
v -0.0453328565 -0.0345565937 0.186078861
v 0.0129447998 -0.0321413875 0.168342009
v 0.0107063772 -0.0348735787 0.19469209
v -0.0462023281 0.108389027 0.225160703
v 0.00769912452 0.10845641 0.205658138
v 0.00723431306 0.105715014 0.230713919
v -0.0451134034 0.111072779 0.200946346
v -0.0814524963 0.0834477767 0.22036618
v -0.083393842 0.0853268653 0.194135681
v -0.0975534543 0.0385495611 0.224636972
v -0.0999441743 0.0390210189 0.198540673
v -0.0836051553 -0.0054852441 0.215941116
v -0.0854074284 -0.00643412722 0.189703748
v -0.0481968783 -0.0328142717 0.212460697
v -0.0453328565 -0.0345565937 0.186078861
v 0.00920775998 -0.0331469513 0.221868634
v 0.0107063772 -0.0348735787 0.19469209
v 0.0129447998 -0.0321413875 0.168342009
v 0.0107063772 -0.0348735787 0.19469209
v 0.0993578881 -0.00827566814 0.203743249
v 0.0984995663 -0.0045583453 0.177155852
v 0.116835341 0.00928450562 0.185493141
v 0.122070737 0.0073948456 0.211585552
v 0.119476415 0.0365164503 0.183768854
v 0.125724986 0.0360093266 0.209834531
v 0.100675635 0.0579586029 0.182185799
v 0.106369935 0.0596170723 0.207898483
v 0.0603871047 0.0639293939 0.209577173
v 0.0600061752 0.0619127601 0.184579313
v 0.00900967605 0.106728159 0.18091397
v 0.00769912452 0.10845641 0.205658138
v 0.10002289 -0.00755518675 0.23169367
v 0.0107063772 -0.0348735787 0.19469209
v 0.00920775998 -0.0331469513 0.221868634
v 0.0993578881 -0.00827566814 0.203743249
v 0.123506449 0.00827570073 0.23767224
v 0.122070737 0.0073948456 0.211585552
v 0.127283439 0.0355108902 0.235876098
v 0.125724986 0.0360093266 0.209834531
v 0.106369935 0.0596170723 0.207898483
v 0.108175717 0.05853609 0.233601198
v 0.0605381727 0.0614708699 0.235478595
v 0.0603871047 0.0639293939 0.209577173
v 0.00723431306 0.105715014 0.230713919
v 0.00769912452 0.10845641 0.205658138
v 0.0579568222 0.0786436349 0.388400435
v 0.0590867996 0.0765602663 0.364826351
v 0.0663671046 0.0560261421 0.364415795
v 0.0667854175 0.0566732138 0.387966722
v 0.0976511985 0.0781175047 0.364768565
v 0.102150775 0.0785863698 0.388307065
v 0.135348678 0.0715797991 0.361064553
v 0.139839932 0.0715421215 0.384592652
v 0.159283057 0.0390419662 0.358819067
v 0.106650345 0.0790551677 0.411845624
v 0.0672037303 0.0573247597 0.411517739
v 0.0579568222 0.0786436349 0.388400435
v 0.0570878685 0.0778686777 0.411936671
v 0.144347802 0.0715078115 0.408122838
v 0.163092136 0.0395278186 0.382359684
v 0.153182626 0.000366028806 0.359367043
v 0.166892916 0.0400215872 0.40590024
v 0.157147288 0.00100726425 0.382909685
v 0.121356316 -0.0233952831 0.362355113
v 0.161103651 0.00164947228 0.406452388
v 0.125864223 -0.0227604676 0.385895699
v 0.125864223 -0.0227604676 0.385895699
v 0.130363837 -0.0221212432 0.409438401
v 0.0648287684 -0.0167470705 0.389639199
v 0.0693200827 -0.0161044728 0.413181901
v 0.0387467071 -0.0316428244 0.387558371
v 0.0373730585 -0.0317216814 0.40627262
v 0.0603291951 -0.0173863601 0.366096586
v 0.0648287684 -0.0167470705 0.389639199
v 0.0387467071 -0.0316428244 0.387558371
v 0.0460117087 -0.0249301493 0.366978914
v 0.0149379922 0.103968017 -0.0306527279
v 0.0391481593 0.0878709257 -0.0263804849
v 0.0347806849 0.0847183764 -0.0239874441
v 0.0185782742 0.10781952 -0.0332232639
v 0.0361936316 0.0834397972 -0.0289021712
v 0.0149213905 0.104067244 -0.0359245352
v 0.00274699507 0.108300507 -0.0358166248
v 0.00246399036 0.113513723 -0.0330821499
v 0.00275529595 0.10819792 -0.0305468924
v 0.0149213905 0.104067244 -0.0359245352
v 0.0347806849 0.0847183764 -0.0239874441
v 0.0361936316 0.0834397972 -0.0289021712
v 0.0149379922 0.103968017 -0.0306527279
v 0.00275529595 0.10819792 -0.0305468924
v 0.00274699507 0.108300507 -0.0358166248
v 0.0347806849 0.0847183764 -0.0239874441
v 0.0494455732 0.0413126834 -0.00730165606
v 0.0361936316 0.0834397972 -0.0289021712
v 0.0485087819 0.0438565463 -0.00101747806
v 0.0387027375 -0.00251589878 0.0273400676
v 0.0379932486 -0.00055963808 0.0321783386
v -0.00337522058 -0.0379222333 0.0701899007
v -0.00404375745 -0.0346895345 0.0746532604
v 0.0391481593 0.0878709257 -0.0263804849
v 0.0485087819 0.0438565463 -0.00101747806
v 0.0347806849 0.0847183764 -0.0239874441
v 0.0548964292 0.0398162082 -0.00214951346
v 0.0361936316 0.0834397972 -0.0289021712
v 0.0379932486 -0.00055963808 0.0321783386
v 0.0494455732 0.0413126834 -0.00730165606
v 0.0429157764 -0.00367515488 0.0313069485
v -0.00404375745 -0.0346895345 0.0746532604
v 0.0387027375 -0.00251589878 0.0273400676
v -0.000523610215 -0.0411903448 0.0748224482
v -0.00337522058 -0.0379222333 0.0701899007
v -0.00404375745 -0.0346895345 0.0746532604
v -0.0575517602 -0.03114108 0.0958832875
v -0.00337522058 -0.0379222333 0.0701899007
v -0.0566668883 -0.0281668063 0.100147426
v -0.0965725705 -0.010741909 0.103714846
v -0.093798615 -0.00926482305 0.107945748
v -0.114390358 0.0127862031 0.106120773
v -0.111371726 0.0116629386 0.110301875
v -0.000523610215 -0.0411903448 0.0748224482
v -0.0566668883 -0.0281668063 0.100147426
v -0.00404375745 -0.0346895345 0.0746532604
v -0.0587255731 -0.0336023904 0.101105839
v -0.00337522058 -0.0379222333 0.0701899007
v -0.093798615 -0.00926482305 0.107945748
v -0.0575517602 -0.03114108 0.0958832875
v -0.0990731418 -0.0116824266 0.108968563
v -0.111371726 0.0116629386 0.110301875
v -0.0965725705 -0.010741909 0.103714846
v -0.116672717 0.0140015539 0.111413918
v -0.114390358 0.0127862031 0.106120773
v 0.0473959595 0.067522727 -0.0150550082
v 0.042825602 0.0779821649 -0.0210385751
v 0.0444122516 0.0708756596 -0.0323076323
v 0.0486825816 0.0598709621 -0.0273573492
v 0.0405549817 0.0703586712 -0.00754948007
v 0.0372722819 0.0809204429 -0.0132868923
v 0.042825602 0.0779821649 -0.0210385751
v 0.0473959595 0.067522727 -0.0150550082
v 0.0444122516 0.0708756596 -0.0323076323
v 0.0404900648 0.0683953464 -0.0395029001
v 0.0438227989 0.057618726 -0.0342233293
v 0.0486825816 0.0598709621 -0.0273573492
v 0.0393026322 0.0735698417 -0.0011548138
v 0.0360409431 0.0840750709 -0.00700496789
v 0.0372722819 0.0809204429 -0.0132868923
v 0.0405549817 0.0703586712 -0.00754948007
v 0.0439677052 0.059572909 -0.0022707663
v 0.0427280664 0.0627320036 0.00401114207
v 0.0404900648 0.0683953464 -0.0395029001
v 0.0413590223 0.0653280094 -0.0458675437
v 0.0447174646 0.0544875786 -0.0407015681
v 0.0438227989 0.057618726 -0.0342233293
v 0.047185488 0.0470521525 -0.0284867752
v 0.0480544455 0.0439805426 -0.0348514169
v 0.0502431281 0.0545971096 -0.00998597033
v 0.0439677052 0.059572909 -0.0022707663
v 0.0405549817 0.0703586712 -0.00754948007
v 0.0473959595 0.067522727 -0.0150550082
v 0.0514692105 0.0471339934 -0.0219135117
v 0.0502431281 0.0545971096 -0.00998597033
v 0.0473959595 0.067522727 -0.0150550082
v 0.0486825816 0.0598709621 -0.0273573492
v 0.0438227989 0.057618726 -0.0342233293
v 0.047185488 0.0470521525 -0.0284867752
v 0.0514692105 0.0471339934 -0.0219135117
v 0.0486825816 0.0598709621 -0.0273573492
v -0.00589442905 -0.112834938 -0.122803859
v -0.0230085645 -0.115046464 -0.119108669
v -0.0227429401 -0.0167336147 -0.116655909
v -0.0056454055 -0.016698854 -0.120985985
v -0.000961508835 -0.0148573779 -0.219176009
v -0.00106941897 -0.0516244471 -0.221941635
v -0.0229836609 -0.0145872133 -0.23012419
v -0.0230583698 -0.0418426991 -0.230638847
v -0.00589442905 -0.112834938 -0.122803859
v -0.0231247768 -0.139156803 -0.142938882
v -0.0230085645 -0.115046464 -0.119108669
v -0.00601063995 -0.136174187 -0.145979717
v -0.00111092289 -0.0636309385 -0.227735713
v -0.00106941897 -0.0516244471 -0.221941635
v -0.0230583698 -0.0418426991 -0.230638847
v -0.0230915733 -0.0514052697 -0.234814197
v -0.0231496785 -0.0594196394 -0.249299929
v -0.00606044475 -0.144056678 -0.161299109
v -0.0231746864 -0.146817967 -0.157688469
v -0.00115985819 -0.0715436935 -0.24298723
v -0.00117810734 -0.0616512187 -0.308615506
v -0.0232492872 -0.0506646819 -0.307649523
v -0.0238635466 -0.0451694317 -0.598201632
v 0.00471285358 -0.056244038 -0.598471403
v -0.00625136262 -0.155989602 -0.232834399
v -0.0233747959 -0.159295306 -0.230105221
v 0.0030803862 -0.227215171 -0.601702452
v -0.0243781786 -0.234040558 -0.601773024
v -0.0947572887 0.0166986957 -0.207886651
v -0.0964231715 0.018553175 -0.218067601
v -0.0975894779 0.0339206569 -0.217714787
v -0.096566014 0.0332481116 -0.207431138
v -0.102816299 0.0422330312 -0.218709752
v -0.103973478 0.0421080738 -0.208133593
v -0.129079357 0.0431065969 -0.218623519
v -0.13016504 0.0433350727 -0.208052605
v -0.141660735 0.0692231953 -0.214171976
v -0.142519519 0.0691127628 -0.204318583
v -0.131402731 0.0883627683 -0.213659465
v -0.132273808 0.0881669447 -0.203120515
v -0.112080291 0.100301757 -0.216681436
v -0.113133878 0.100586861 -0.206095085
v -0.0890527889 0.0922789574 -0.215548694
v -0.0924746245 0.0926662162 -0.204960302
v -0.0757140517 0.104167767 -0.202237695
v -0.072279647 0.106107481 -0.216665149
v -0.131259918 0.0435633995 -0.197479323
v -0.143374696 0.0689971671 -0.194465846
v -0.13314046 0.0879697204 -0.192582056
v -0.113133878 0.100586861 -0.206095085
v -0.114182711 0.100869738 -0.195508227
v -0.0924746245 0.0926662162 -0.204960302
v -0.0941667333 0.0914633274 -0.194093272
v -0.0757140517 0.104167767 -0.202237695
v -0.071807228 0.104904853 -0.187800035
v -0.105130643 0.041983135 -0.197557285
v -0.103973478 0.0421080738 -0.208133593
v -0.096566014 0.0332481116 -0.207431138
v -0.0955431759 0.0325723402 -0.197147235
v -0.0947572887 0.0166986957 -0.207886651
v -0.0928463414 0.0169055592 -0.197703317
v -0.107896701 0.0769210309 -0.309449941
v -0.104981259 0.0957405195 -0.311957687
v -0.101521827 0.0946971029 -0.317911625
v -0.108807057 0.0809528828 -0.305248141
v -0.108403839 0.0991681665 -0.314688891
v -0.108861744 0.0787132159 -0.29011324
v -0.109732211 0.0714326501 -0.292513788
v -0.114250943 0.0794357732 -0.290562183
v -0.112357169 0.0850941986 -0.306423187
v -0.107266761 0.0927940086 -0.320016086
v -0.114520416 0.0775807351 -0.309724182
v -0.114060223 0.0704301372 -0.289878517
v -0.101521827 0.0946971029 -0.317911625
v -0.109732211 0.0714326501 -0.292513788
v -0.107896701 0.0769210309 -0.309449941
v -0.104981259 0.0957405195 -0.311957687
v -0.0803067461 0.109559141 -0.319697499
v -0.101521827 0.0946971029 -0.317911625
v -0.0839991719 0.113313518 -0.31440413
v -0.0415073037 0.131999597 -0.311575741
v -0.108403839 0.0991681665 -0.314688891
v -0.0443278365 0.135632247 -0.308811754
v -0.0832434595 0.119626157 -0.318212718
v -0.107266761 0.0927940086 -0.320016086
v -0.0436642691 0.141770959 -0.312150896
v -0.0809527785 0.115510076 -0.323142171
v -0.101521827 0.0946971029 -0.317911625
v -0.0414893813 0.13743633 -0.31649065
v -0.0803067461 0.109559141 -0.319697499
v -0.0415073037 0.131999597 -0.311575741
v -0.0250114724 0.149627268 -0.293404669
v -0.0139364591 0.160749316 -0.263456523
v -0.0114589678 0.1647221 -0.264899105
v -0.0237003677 0.153961182 -0.29549697
v -0.0415073037 0.131999597 -0.311575741
v -0.0154700931 0.168543249 -0.261974275
v -0.0414893813 0.13743633 -0.31649065
v -0.0269619375 0.157995388 -0.292007059
v -0.0175951179 0.161995858 -0.259761304
v -0.0436642691 0.141770959 -0.312150896
v -0.0284903795 0.151617572 -0.28934437
v -0.0139364591 0.160749316 -0.263456523
v -0.0443278365 0.135632247 -0.308811754
v -0.0250114724 0.149627268 -0.293404669
v -0.0415073037 0.131999597 -0.311575741
v -0.0175951179 0.161995858 -0.259761304
v -0.0174658429 0.155428723 -0.225178838
v -0.0139364591 0.160749316 -0.263456523
v -0.0221095588 0.1576996 -0.222720802
v -0.0154700931 0.168543249 -0.261974275
v -0.0188726392 0.135861278 -0.18579796
v -0.0190765318 0.16359368 -0.222345695
v -0.0114589678 0.1647221 -0.264899105
v -0.023779545 0.140944749 -0.185850054
v -0.0218231697 0.129685953 -0.1597417
v -0.0273641124 0.133475304 -0.157107741
v -0.0209715776 0.145668641 -0.182885543
v -0.0237521343 0.138485447 -0.155327246
v -0.013924527 0.15895161 -0.222018629
v -0.0139364591 0.160749316 -0.263456523
v -0.0174658429 0.155428723 -0.225178838
v -0.0161023382 0.139556348 -0.179305002
v -0.0178727042 0.132732838 -0.153234378
v -0.0188726392 0.135861278 -0.18579796
v -0.0218231697 0.129685953 -0.1597417
v -0.128747806 0.053812854 -0.278094351
v -0.109700382 0.0463625304 -0.240081042
v -0.109430559 0.0467950441 -0.278022587
v -0.129247859 0.0534638241 -0.240153387
v -0.110139608 0.0456585437 -0.194367573
v -0.130061805 0.0528957136 -0.194367573
v -0.137515888 0.072582081 -0.278029859
v -0.138120443 0.0724573284 -0.239944369
v -0.130061805 0.0528957136 -0.194367573
v -0.139104486 0.0722542703 -0.194367573
v -0.13059181 0.0920968354 -0.27786845
v -0.131112993 0.0922077075 -0.248967901
v -0.112048581 0.100939192 -0.277703404
v -0.112349518 0.101156957 -0.248800561
v -0.0927315727 0.0939214677 -0.27763322
v -0.112349518 0.101156957 -0.248800561
v -0.112048581 0.100939192 -0.277703404
v -0.0928007662 0.0940545499 -0.248729259
v -0.0839693546 0.0751569793 -0.277696937
v -0.0839326456 0.0750646666 -0.239607155
v -0.0908872783 0.0556374937 -0.277857602
v -0.0909321532 0.0553107224 -0.239913985
v -0.109430559 0.0467950441 -0.278022587
v -0.083872892 0.0749144107 -0.194367573
v -0.0910051912 0.0547788255 -0.194367573
v -0.109700382 0.0463625304 -0.240081042
v -0.0910051912 0.0547788255 -0.194367573
v -0.110139608 0.0456585437 -0.194367573
v -0.112800397 0.0967636034 -0.245844349
v -0.112049177 0.096839413 -0.194367573
v -0.128146395 0.089184396 -0.194367573
v -0.128595829 0.0892545953 -0.246267587
v -0.134154767 0.0722766444 -0.194367573
v -0.134348467 0.0726418719 -0.237672552
v -0.0963392183 0.0907904133 -0.24545382
v -0.112049177 0.096839413 -0.194367573
v -0.112800397 0.0967636034 -0.245844349
v -0.0952703133 0.090750277 -0.194367573
v -0.0887255371 0.0748100653 -0.236521855
v -0.0876530185 0.0744887665 -0.194367573
v -0.112349518 0.101156957 -0.248800561
v -0.112800397 0.0967636034 -0.245844349
v -0.128595829 0.0892545953 -0.246267587
v -0.131112993 0.0922077075 -0.248967901
v -0.0928007662 0.0940545499 -0.248729259
v -0.0963392183 0.0907904133 -0.24545382
v -0.112800397 0.0967636034 -0.245844349
v -0.112349518 0.101156957 -0.248800561
v -0.0839326456 0.0750646666 -0.239607155
v -0.0887255371 0.0748100653 -0.236521855
v -0.0963392183 0.0907904133 -0.24545382
v -0.0928007662 0.0940545499 -0.248729259
v -0.083872892 0.0749144107 -0.194367573
v -0.0876530185 0.0744887665 -0.194367573
v -0.0887255371 0.0748100653 -0.236521855
v -0.0839326456 0.0750646666 -0.239607155
v -0.131112993 0.0922077075 -0.248967901
v -0.128595829 0.0892545953 -0.246267587
v -0.134348467 0.0726418719 -0.237672552
v -0.138120443 0.0724573284 -0.239944369
v -0.138120443 0.0724573284 -0.239944369
v -0.134348467 0.0726418719 -0.237672552
v -0.134154767 0.0722766444 -0.194367573
v -0.139104486 0.0722542703 -0.194367573
v -0.128747806 0.053812854 -0.110640779
v -0.109430559 0.0467950441 -0.110712536
v -0.109700382 0.0463625304 -0.148654088
v -0.129247859 0.0534638241 -0.148581743
v -0.110139608 0.0456585437 -0.194367573
v -0.130061805 0.0528957136 -0.194367573
v -0.137515888 0.072582081 -0.110705286
v -0.138120443 0.0724573284 -0.148790762
v -0.130061805 0.0528957136 -0.194367573
v -0.139104486 0.0722542703 -0.194367573
v -0.13059181 0.0920968354 -0.110866703
v -0.131112993 0.0922077075 -0.1397672
v -0.112048581 0.100939192 -0.111031726
v -0.112349518 0.101156957 -0.139934584
v -0.0927315727 0.0939214677 -0.11110191
v -0.112048581 0.100939192 -0.111031726
v -0.112349518 0.101156957 -0.139934584
v -0.0928007662 0.0940545499 -0.140005857
v -0.0839693546 0.0751569793 -0.111038193
v -0.0839326456 0.0750646666 -0.149127975
v -0.0908872783 0.0556374937 -0.110877514
v -0.0909321532 0.0553107224 -0.148821145
v -0.109430559 0.0467950441 -0.110712536
v -0.083872892 0.0749144107 -0.194367573
v -0.0910051912 0.0547788255 -0.194367573
v -0.109700382 0.0463625304 -0.148654088
v -0.0910051912 0.0547788255 -0.194367573
v -0.110139608 0.0456585437 -0.194367573
v -0.112800397 0.0967636034 -0.142890781
v -0.128146395 0.089184396 -0.194367573
v -0.112049177 0.096839413 -0.194367573
v -0.128595829 0.0892545953 -0.142467499
v -0.134154767 0.0722766444 -0.194367573
v -0.134348467 0.0726418719 -0.151062548
v -0.0963392183 0.0907904133 -0.143281281
v -0.112800397 0.0967636034 -0.142890781
v -0.112049177 0.096839413 -0.194367573
v -0.0952703133 0.090750277 -0.194367573
v -0.0887255371 0.0748100653 -0.152213246
v -0.0876530185 0.0744887665 -0.194367573
v -0.112349518 0.101156957 -0.139934584
v -0.131112993 0.0922077075 -0.1397672
v -0.128595829 0.0892545953 -0.142467499
v -0.112800397 0.0967636034 -0.142890781
v -0.0928007662 0.0940545499 -0.140005857
v -0.112349518 0.101156957 -0.139934584
v -0.112800397 0.0967636034 -0.142890781
v -0.0963392183 0.0907904133 -0.143281281
v -0.0839326456 0.0750646666 -0.149127975
v -0.0928007662 0.0940545499 -0.140005857
v -0.0963392183 0.0907904133 -0.143281281
v -0.0887255371 0.0748100653 -0.152213246
v -0.083872892 0.0749144107 -0.194367573
v -0.0839326456 0.0750646666 -0.149127975
v -0.0887255371 0.0748100653 -0.152213246
v -0.0876530185 0.0744887665 -0.194367573
v -0.131112993 0.0922077075 -0.1397672
v -0.138120443 0.0724573284 -0.148790762
v -0.134348467 0.0726418719 -0.151062548
v -0.128595829 0.0892545953 -0.142467499
v -0.138120443 0.0724573284 -0.148790762
v -0.139104486 0.0722542703 -0.194367573
v -0.134154767 0.0722766444 -0.194367573
v -0.134348467 0.0726418719 -0.151062548
v 0.106395751 0.0340371765 0.10425774
v 0.0723187402 0.026159605 0.0927666649
v 0.102572657 0.00875053182 0.10496664
v 0.0915276185 0.0547845922 0.106151447
v 0.0823215023 -0.00627530972 0.107861184
v 0.0666886941 0.0588272661 0.109538913
v 0.0574826077 -0.00223269942 0.111246608
v 0.0464375429 0.0438012965 0.112433486
v 0.0426227525 0.0185103063 0.113140285
v -0.0846264809 0.112359539 0.0589257441
v -0.114109121 0.112092495 0.0451025739
v -0.0874013752 0.111566015 0.026492564
v -0.111350469 0.112898067 0.0775352567
v -0.116875909 0.111298971 0.0126693938
v -0.140824988 0.112631023 0.0637120679
v -0.143583611 0.111833058 0.0312790684
v -0.08766938 0.0141103435 0.0289155338
v -0.114369005 0.0146369515 0.0475255325
v -0.0848944709 0.0149039924 0.0613487065
v -0.117143914 0.0138433026 0.0150923626
v -0.111618467 0.0154425185 0.0799582228
v -0.143851623 0.0143775148 0.0337020308
v -0.141092986 0.0151754748 0.066135034
v -0.083838746 0.101651102 0.125827804
v -0.113965139 0.101996623 0.11170049
v -0.0866750181 0.102287933 0.0926756859
v -0.111153767 0.10136538 0.144854754
v -0.116801411 0.102636822 0.0785462931
v -0.141280144 0.101714268 0.13072744
v -0.144099787 0.102346554 0.0975752845
v -0.0869406462 0.00265954644 0.090789333
v -0.114239059 0.00237278035 0.109816216
v -0.084112674 0.00202726037 0.12394353
v -0.117067032 0.00300843851 0.0766620189
v -0.111411087 0.00173712196 0.142970473
v -0.144373715 0.00272271014 0.0956910029
v -0.141537473 0.00208588457 0.128843158
v 0.117721841 0.0281082131 0.422188193
v 0.165726602 0.039823018 0.413880616
v 0.159957424 0.0015828067 0.414950162
v 0.129322797 -0.0211390276 0.419327468
v 0.143245101 0.0711919963 0.416743934
v 0.0917700008 -0.0150271868 0.424449176
v 0.10569232 0.0773037672 0.421863556
v 0.0693051293 0.0163419209 0.427310377
v 0.0750659704 0.0545818694 0.426240861
v 0.0345919393 -0.00819214154 0.457316726
v -0.021763429 0.0362505019 0.269698411
v 0.0479312316 0.0325002372 0.458057553
v -0.000126761486 -0.0332749635 0.456914127
v 0.0347994603 0.0732644051 0.458856523
v -0.042960193 -0.0331585594 0.457007527
v 0.000221871334 0.0985208303 0.459408522
v -0.077537775 -0.00789759401 0.457559526
v -0.042603258 0.0986372977 0.459501892
v -0.0906695798 0.0328665078 0.458358467
v -0.0773136541 0.0735544115 0.459099323
v -0.137515888 0.072582081 -0.110705286
v -0.13059181 0.0920968354 -0.110866703
v -0.12429212 0.0863020271 -0.103352517
v -0.129057646 0.0729657486 -0.10325858
v -0.110666126 0.0739489868 -0.0978550464
v -0.128747806 0.053812854 -0.110640779
v -0.111662872 0.093153201 -0.103860304
v -0.112048581 0.100939192 -0.111031726
v -0.12377692 0.0593129322 -0.103724733
v -0.109430559 0.0467950441 -0.110712536
v -0.0975711867 0.0884962901 -0.104141638
v -0.0927315727 0.0939214677 -0.11110191
v -0.109815829 0.0549806133 -0.10342069
v -0.0908872783 0.0556374937 -0.110877514
v -0.0922217071 0.0747365728 -0.103574887
v -0.0839693546 0.0751569793 -0.111038193
v -0.0959912017 0.0603054091 -0.104130596
v -0.137515888 0.072582081 -0.278029859
v -0.12429212 0.0863020271 -0.285382599
v -0.13059181 0.0920968354 -0.27786845
v -0.129057646 0.0729657486 -0.285476565
v -0.110666126 0.0739489868 -0.290880084
v -0.128747806 0.053812854 -0.278094351
v -0.111662872 0.093153201 -0.284874827
v -0.112048581 0.100939192 -0.277703404
v -0.12377692 0.0593129322 -0.285010368
v -0.109430559 0.0467950441 -0.278022587
v -0.0975711867 0.0884962901 -0.284593493
v -0.0927315727 0.0939214677 -0.27763322
v -0.109815829 0.0549806133 -0.285314441
v -0.0908872783 0.0556374937 -0.277857602
v -0.0922217071 0.0747365728 -0.285160214
v -0.0839693546 0.0751569793 -0.277696937
v -0.0959912017 0.0603054091 -0.28460452
vt 0.890136719 0.410888672
vt 0.922851562 0.351074219
vt 0.890136719 0.345703125
vt 0.467529297 0.411132812
vt 0.407714844 0.411132812
vt 0.451416016 0.399658203
vt 0.895019531 0.40234375
vt 0.920410156 0.403320312
vt 0.908203125 0.379882812
vt 0.923828125 0.477294922
vt 0.925292969 0.403564453
vt 0.903320312 0.407226562
vt 0.910644531 0.267089844
vt 0.910644531 0.331542969
vt 0.925292969 0.310791016
vt 0.273681641 0.439208984
vt 0.292724609 0.439208984
vt 0.292724609 0.397705078
vt 0.273681641 0.397705078
vt 0.158081055 0.439208984
vt 0.292724609 0.352783203
vt 0.158081055 0.397705078
vt 0.140380859 0.439208984
vt 0.140380859 0.397705078
vt 0.273681641 0.352783203
vt 0.292724609 0.307617188
vt 0.158081055 0.352783203
vt 0.140380859 0.352783203
vt 0.273681641 0.307617188
vt 0.292724609 0.263427734
vt 0.158081055 0.307617188
vt 0.140380859 0.307617188
vt 0.273681641 0.263427734
vt 0.292724609 0.220458984
vt 0.273681641 0.220458984
vt 0.158081055 0.263427734
vt 0.140380859 0.263427734
vt 0.158081055 0.220458984
vt 0.140380859 0.220458984
vt 0.273681641 0.220458984
vt 0.292724609 0.220458984
vt 0.292724609 0.263427734
vt 0.273681641 0.263427734
vt 0.158081055 0.220458984
vt 0.292724609 0.307617188
vt 0.158081055 0.263427734
vt 0.140380859 0.220458984
vt 0.140380859 0.263427734
vt 0.273681641 0.307617188
vt 0.292724609 0.352783203
vt 0.158081055 0.307617188
vt 0.140380859 0.307617188
vt 0.273681641 0.352783203
vt 0.292724609 0.397705078
vt 0.158081055 0.352783203
vt 0.140380859 0.352783203
vt 0.273681641 0.397705078
vt 0.292724609 0.439208984
vt 0.273681641 0.439208984
vt 0.158081055 0.397705078
vt 0.140380859 0.397705078
vt 0.158081055 0.439208984
vt 0.140380859 0.439208984
vt 0.924316406 0.467773438
vt 0.891113281 0.394042969
vt 0.891113281 0.466552734
vt 0.924316406 0.392089844
vt 0.908203125 0.301025391
vt 0.759765625 0.383544922
vt 0.857910156 0.411132812
vt 0.768066406 0.411132812
vt 0.857910156 0.383544922
vt 0.741210938 0.350830078
vt 0.857910156 0.350830078
vt 0.785644531 0.317871094
vt 0.747558594 0.317871094
vt 0.750976562 0.290039062
vt 0.792480469 0.309082031
vt 0.857910156 0.317871094
vt 0.857910156 0.285400391
vt 0.794921875 0.304199219
vt 0.751464844 0.285400391
vt 0.773925781 0.249389648
vt 0.857910156 0.249389648
vt 0.784179688 0.213500977
vt 0.857910156 0.213500977
vt 0.787109375 0.180908203
vt 0.857910156 0.180908203
vt 0.781738281 0.148071289
vt 0.857910156 0.148071289
vt 0.791015625 0.115356445
vt 0.857910156 0.115356445
vt 0.768066406 0.0858154297
vt 0.857910156 0.0858154297
vt 0.331054688 0.249389648
vt 0.300537109 0.285400391
vt 0.300537109 0.249389648
vt 0.331054688 0.285400391
vt 0.300537109 0.317871094
vt 0.331054688 0.317871094
vt 0.300537109 0.350830078
vt 0.331054688 0.350830078
vt 0.300537109 0.383544922
vt 0.331054688 0.383544922
vt 0.300537109 0.405517578
vt 0.331054688 0.401611328
vt 0.381835938 0.383544922
vt 0.450195312 0.350830078
vt 0.467285156 0.383544922
vt 0.417480469 0.327148438
vt 0.435058594 0.33984375
vt 0.404785156 0.317871094
vt 0.396728516 0.285400391
vt 0.381347656 0.249389648
vt 0.331054688 0.213500977
vt 0.300537109 0.249389648
vt 0.355224609 0.213500977
vt 0.300537109 0.213500977
vt 0.331054688 0.180908203
vt 0.37109375 0.180908203
vt 0.300537109 0.180908203
vt 0.365966797 0.155029297
vt 0.331054688 0.169311523
vt 0.471435547 0.6171875
vt 0.500976562 0.603515625
vt 0.4765625 0.595703125
vt 0.471435547 0.645019531
vt 0.456542969 0.624511719
vt 0.51953125 0.62890625
vt 0.453857422 0.639160156
vt 0.520019531 0.66015625
vt 0.423339844 0.660644531
vt 0.501464844 0.686035156
vt 0.441894531 0.686035156
vt 0.471679688 0.695800781
vt 0.331054688 0.0858154297
vt 0.300537109 0.115356445
vt 0.300537109 0.0858154297
vt 0.331054688 0.115356445
vt 0.300537109 0.148071289
vt 0.387451172 0.115356445
vt 0.395507812 0.0858154297
vt 0.364746094 0.148071289
vt 0.331054688 0.148071289
vt 0.300537109 0.176269531
vt 0.331054688 0.166992188
vt 0.924316406 0.302246094
vt 0.891113281 0.299072266
vt 0.891113281 0.465576172
vt 0.924316406 0.469482422
vt 0.924316406 0.340576172
vt 0.890136719 0.448486328
vt 0.924316406 0.441650391
vt 0.924316406 0.346191406
vt 0.924316406 0.308105469
vt 0.890136719 0.352050781
vt 0.924316406 0.308105469
vt 0.890136719 0.308105469
vt 0.924316406 0.232421875
vt 0.891113281 0.231079102
vt 0.891113281 0.321777344
vt 0.924316406 0.327148438
vt 0.891113281 0.430175781
vt 0.924316406 0.436035156
vt 0.891113281 0.495117188
vt 0.924316406 0.498779297
vt 0.897949219 0.510253906
vt 0.90625 0.537597656
vt 0.924316406 0.322509766
vt 0.891113281 0.319091797
vt 0.891113281 0.325195312
vt 0.891113281 0.360595703
vt 0.924316406 0.362304688
vt 0.891113281 0.428222656
vt 0.924316406 0.415283203
vt 0.924316406 0.430664062
vt 0.924316406 0.449462891
vt 0.732910156 0.359863281
vt 0.75 0.383544922
vt 0.691894531 0.383544922
vt 0.762695312 0.411132812
vt 0.677734375 0.411132812
vt 0.677734375 0.0858154297
vt 0.762695312 0.0858154297
vt 0.787109375 0.115356445
vt 0.673339844 0.115356445
vt 0.773925781 0.148071289
vt 0.654785156 0.148071289
vt 0.77734375 0.180908203
vt 0.664550781 0.180908203
vt 0.7734375 0.213500977
vt 0.655273438 0.213500977
vt 0.762207031 0.249389648
vt 0.689453125 0.250732422
vt 0.744628906 0.278564453
vt 0.924316406 0.263427734
vt 0.890136719 0.276123047
vt 0.912109375 0.281738281
vt 0.90234375 0.402099609
vt 0.912109375 0.388183594
vt 0.890625 0.409423828
vt 0.890625 0.493164062
vt 0.908691406 0.483398438
vt 0.924804688 0.391601562
vt 0.890136719 0.377929688
vt 0.890136719 0.457763672
vt 0.924804688 0.450195312
vt 0.924804688 0.438232422
vt 0.890136719 0.479003906
vt 0.924804688 0.483886719
vt 0.890136719 0.435302734
vt 0.924804688 0.370849609
vt 0.890136719 0.368164062
vt 0.924804688 0.305419922
vt 0.890136719 0.303466797
vt 0.924804688 0.261230469
vt 0.890136719 0.260009766
vt 0.890136719 0.420654297
vt 0.924316406 0.416015625
vt 0.924316406 0.3359375
vt 0.890136719 0.339111328
vt 0.891113281 0.375976562
vt 0.924316406 0.325683594
vt 0.891113281 0.329345703
vt 0.924316406 0.369140625
vt 0.924316406 0.442871094
vt 0.891113281 0.431884766
vt 0.891113281 0.344970703
vt 0.891113281 0.427978516
vt 0.924316406 0.4296875
vt 0.924316406 0.338867188
vt 0.924316406 0.37109375
vt 0.891113281 0.412109375
vt 0.924316406 0.416503906
vt 0.891113281 0.364990234
vt 0.891113281 0.352050781
vt 0.924316406 0.352050781
vt 0.890625 0.470458984
vt 0.916503906 0.477294922
vt 0.911621094 0.405761719
vt 0.890625 0.40625
vt 0.908203125 0.374755859
vt 0.893554688 0.370117188
vt 0.910644531 0.355712891
vt 0.901367188 0.356689453
vt 0.901855469 0.347167969
vt 0.912597656 0.263427734
vt 0.890625 0.266601562
vt 0.890625 0.323730469
vt 0.912597656 0.328125
vt 0.890625 0.382324219
vt 0.912597656 0.387451172
vt 0.890136719 0.391601562
vt 0.924804688 0.384765625
vt 0.924804688 0.313232422
vt 0.8984375 0.315917969
vt 0.890136719 0.318847656
vt 0.461181641 0.350830078
vt 0.513183594 0.3671875
vt 0.476074219 0.383544922
vt 0.505859375 0.350830078
vt 0.479248047 0.344482422
vt 0.890136719 0.455322266
vt 0.890136719 0.542480469
vt 0.924316406 0.542480469
vt 0.924316406 0.456054688
vt 0.890136719 0.454345703
vt 0.924316406 0.342285156
vt 0.890136719 0.343017578
vt 0.924316406 0.278808594
vt 0.890136719 0.281738281
vt 0.890136719 0.215209961
vt 0.924316406 0.213989258
vt 0.924316406 0.341308594
vt 0.890136719 0.343505859
vt 0.890136719 0.415527344
vt 0.924316406 0.413085938
vt 0.924316406 0.447998047
vt 0.924316406 0.439208984
vt 0.891113281 0.447265625
vt 0.891113281 0.437011719
vt 0.924316406 0.43359375
vt 0.924316406 0.419433594
vt 0.891113281 0.424560547
vt 0.891113281 0.338623047
vt 0.924316406 0.320556641
vt 0.526367188 0.317871094
vt 0.504394531 0.289794922
vt 0.533691406 0.303710938
vt 0.483154297 0.306396484
vt 0.487304688 0.317871094
vt 0.513671875 0.33984375
vt 0.490966797 0.340332031
vt 0.450927734 0.317871094
vt 0.447265625 0.333007812
vt 0.425292969 0.325195312
vt 0.540527344 0.306884766
vt 0.539550781 0.302490234
vt 0.592773438 0.298583984
vt 0.542480469 0.317871094
vt 0.590820312 0.317871094
vt 0.586425781 0.350830078
vt 0.657714844 0.317871094
vt 0.593261719 0.298583984
vt 0.689453125 0.342041016
vt 0.682617188 0.350830078
vt 0.728027344 0.350830078
vt 0.681640625 0.378417969
vt 0.686523438 0.379882812
vt 0.538085938 0.317871094
vt 0.530761719 0.317871094
vt 0.537109375 0.305419922
vt 0.569824219 0.345947266
vt 0.518554688 0.33984375
vt 0.907226562 0.307128906
vt 0.890136719 0.312988281
vt 0.890136719 0.357666016
vt 0.909667969 0.345947266
vt 0.924804688 0.337890625
vt 0.924804688 0.300048828
vt 0.906738281 0.395263672
vt 0.890136719 0.386474609
vt 0.924316406 0.401123047
vt 0.891113281 0.419189453
vt 0.924316406 0.420166016
vt 0.891113281 0.397705078
vt 0.891113281 0.348632812
vt 0.924316406 0.351806641
vt 0.508300781 0.285400391
vt 0.593261719 0.294433594
vt 0.535644531 0.300537109
vt 0.60546875 0.285400391
vt 0.500976562 0.250244141
vt 0.662597656 0.317871094
vt 0.617675781 0.251220703
vt 0.7421875 0.285400391
vt 0.669433594 0.252441406
vt 0.742675781 0.317871094
vt 0.691894531 0.340332031
vt 0.731445312 0.343505859
vt 0.536621094 0.213500977
vt 0.616210938 0.251220703
vt 0.639648438 0.213378906
vt 0.588378906 0.180908203
vt 0.659667969 0.180908203
vt 0.633300781 0.155639648
vt 0.891113281 0.445800781
vt 0.891113281 0.487548828
vt 0.924316406 0.483398438
vt 0.924316406 0.440429688
vt 0.891113281 0.433837891
vt 0.924316406 0.400878906
vt 0.891113281 0.395751953
vt 0.891113281 0.281005859
vt 0.924316406 0.345703125
vt 0.924316406 0.281005859
vt 0.891113281 0.330322266
vt 0.924316406 0.265869141
vt 0.891113281 0.267333984
vt 0.891113281 0.353759766
vt 0.924316406 0.354003906
vt 0.924316406 0.423583984
vt 0.891113281 0.426513672
vt 0.924316406 0.440673828
vt 0.891113281 0.445068359
vt 0.924316406 0.456054688
vt 0.891113281 0.4609375
vt 0.891113281 0.471191406
vt 0.891113281 0.491455078
vt 0.924316406 0.502929688
vt 0.389648438 0.121582031
vt 0.405273438 0.148071289
vt 0.370849609 0.148071289
vt 0.376464844 0.175537109
vt 0.891113281 0.372802734
vt 0.924316406 0.309082031
vt 0.891113281 0.305175781
vt 0.924316406 0.387451172
vt 0.891113281 0.387451172
vt 0.891113281 0.463378906
vt 0.924316406 0.462402344
vt 0.924804688 0.264160156
vt 0.890136719 0.26953125
vt 0.890136719 0.329589844
vt 0.924804688 0.324462891
vt 0.434814453 0.248413086
vt 0.473876953 0.248168945
vt 0.436035156 0.270019531
vt 0.396728516 0.248413086
vt 0.359863281 0.213500977
vt 0.436523438 0.213500977
vt 0.380371094 0.180908203
vt 0.473876953 0.248168945
vt 0.477050781 0.180908203
vt 0.406738281 0.151123047
vt 0.425048828 0.148071289
vt 0.532226562 0.213500977
vt 0.497314453 0.237915039
vt 0.583984375 0.180908203
vt 0.489746094 0.148071289
vt 0.509277344 0.118347168
vt 0.625 0.148071289
vt 0.515625 0.116577148
vt 0.890136719 0.4765625
vt 0.924804688 0.398925781
vt 0.890136719 0.401611328
vt 0.924804688 0.446289062
vt 0.924804688 0.474121094
vt 0.924316406 0.378662109
vt 0.924316406 0.295898438
vt 0.890136719 0.294921875
vt 0.890136719 0.376708984
vt 0.924316406 0.461669922
vt 0.890136719 0.443115234
vt 0.924316406 0.353759766
vt 0.891113281 0.358642578
vt 0.924316406 0.362304688
vt 0.891113281 0.408203125
vt 0.924316406 0.404296875
vt 0.924316406 0.415039062
vt 0.891113281 0.47265625
vt 0.924316406 0.471191406
vt 0.924316406 0.426269531
vt 0.891113281 0.41796875
vt 0.924316406 0.411376953
vt 0.924316406 0.347167969
vt 0.891113281 0.350097656
vt 0.924316406 0.295898438
vt 0.891113281 0.300292969
vt 0.890136719 0.262451172
vt 0.890136719 0.319335938
vt 0.924804688 0.328857422
vt 0.924804688 0.275390625
vt 0.445068359 0.63671875
vt 0.423095703 0.629394531
vt 0.423339844 0.65625
vt 0.455322266 0.623046875
vt 0.44140625 0.604003906
vt 0.469482422 0.614746094
vt 0.471191406 0.594238281
vt 0.924316406 0.459228516
vt 0.890136719 0.417236328
vt 0.890136719 0.457763672
vt 0.924316406 0.420898438
vt 0.924316406 0.388183594
vt 0.890136719 0.387207031
vt 0.924316406 0.356689453
vt 0.890136719 0.362548828
vt 0.890136719 0.297607422
vt 0.924316406 0.297851562
vt 0.331054688 0.406494141
vt 0.331054688 0.411132812
vt 0.300537109 0.411132812
vt 0.395507812 0.411132812
vt 0.384277344 0.390136719
vt 0.450439453 0.391113281
vt 0.924316406 0.443603516
vt 0.891113281 0.430175781
vt 0.891113281 0.446289062
vt 0.924316406 0.430664062
vt 0.891113281 0.415771484
vt 0.924316406 0.4140625
vt 0.891113281 0.404052734
vt 0.924316406 0.404296875
vt 0.924316406 0.397705078
vt 0.891113281 0.384765625
vt 0.924316406 0.322265625
vt 0.924316406 0.322265625
vt 0.891113281 0.322265625
vt 0.891113281 0.37109375
vt 0.924316406 0.463623047
vt 0.890136719 0.510742188
vt 0.924316406 0.510253906
vt 0.890136719 0.464111328
vt 0.924316406 0.377197266
vt 0.924316406 0.375488281
vt 0.924316406 0.245849609
vt 0.890136719 0.374267578
vt 0.890136719 0.251708984
vt 0.890136719 0.256347656
vt 0.517578125 0.115356445
vt 0.657714844 0.115356445
vt 0.63671875 0.136474609
vt 0.575195312 0.0858154297
vt 0.669921875 0.0858154297
vt 0.477539062 0.0858154297
vt 0.890136719 0.388916016
vt 0.924804688 0.400634766
vt 0.924804688 0.304199219
vt 0.890136719 0.305908203
vt 0.407714844 0.0858154297
vt 0.467529297 0.0858154297
vt 0.511230469 0.115356445
vt 0.392822266 0.115356445
vt 0.409667969 0.148071289
vt 0.410888672 0.284423828
vt 0.479736328 0.304443359
vt 0.419921875 0.312988281
vt 0.461181641 0.285400391
vt 0.405517578 0.268310547
vt 0.501464844 0.285400391
vt 0.437255859 0.272460938
vt 0.492919922 0.253417969
vt 0.495361328 0.383544922
vt 0.477539062 0.411132812
vt 0.469726562 0.392822266
vt 0.575195312 0.411132812
vt 0.583496094 0.383544922
vt 0.524414062 0.367431641
vt 0.669921875 0.411132812
vt 0.5859375 0.357666016
vt 0.681152344 0.383544922
vt 0.924804688 0.385742188
vt 0.924804688 0.366210938
vt 0.924804688 0.342285156
vt 0.907226562 0.345214844
vt 0.924804688 0.3046875
vt 0.913085938 0.307128906
vt 0.90625 0.283203125
vt 0.890136719 0.309570312
vt 0.894042969 0.272705078
vt 0.890136719 0.348632812
vt 0.890136719 0.377197266
vt 0.890136719 0.426269531
vt 0.924804688 0.428710938
vt 0.916503906 0.404785156
vt 0.922851562 0.340332031
vt 0.913085938 0.340332031
vt 0.907714844 0.400878906
vt 0.893066406 0.340332031
vt 0.897460938 0.396972656
vt 0.907714844 0.406982422
vt 0.897460938 0.404785156
vt 0.911132812 0.414306641
vt 0.916503906 0.409667969
vt 0.909667969 0.417724609
vt 0.890136719 0.409179688
vt 0.923828125 0.414550781
vt 0.923828125 0.342041016
vt 0.903808594 0.350585938
vt 0.903320312 0.381591797
vt 0.920410156 0.391357422
vt 0.922363281 0.340332031
vt 0.893066406 0.340332031
vt 0.910644531 0.402099609
vt 0.901367188 0.403808594
vt 0.899902344 0.412109375
vt 0.908203125 0.411132812
vt 0.911132812 0.411865234
vt 0.907714844 0.358642578
vt 0.924804688 0.369384766
vt 0.924804688 0.318603516
vt 0.907714844 0.319335938
vt 0.892089844 0.360107422
vt 0.892089844 0.557128906
vt 0.916992188 0.546386719
vt 0.90625 0.357421875
vt 0.924316406 0.537597656
vt 0.924316406 0.356933594
vt 0.892089844 0.349853516
vt 0.924316406 0.346435547
vt 0.924316406 0.238525391
vt 0.891113281 0.211425781
vt 0.924316406 0.211425781
vt 0.127441406 0.406005859
vt 0.103027344 0.425537109
vt 0.127441406 0.424316406
vt 0.103027344 0.406738281
vt 0.127441406 0.376464844
vt 0.103027344 0.376708984
vt 0.127441406 0.346679688
vt 0.103027344 0.346923828
vt 0.127441406 0.318603516
vt 0.103027344 0.318603516
vt 0.127441406 0.2890625
vt 0.103027344 0.288574219
vt 0.127441406 0.259521484
vt 0.103027344 0.258544922
vt 0.127441406 0.238891602
vt 0.103027344 0.237182617
vt 0.0780029297 0.376220703
vt 0.0780029297 0.346679688
vt 0.0780029297 0.405761719
vt 0.0780029297 0.318603516
vt 0.103027344 0.406738281
vt 0.0780029297 0.432617188
vt 0.103027344 0.425537109
vt 0.0780029297 0.2890625
vt 0.103027344 0.258544922
vt 0.0780029297 0.259521484
vt 0.103027344 0.237182617
vt 0.0780029297 0.229370117
vt 0.103027344 0.455322266
vt 0.127441406 0.453125
vt 0.127441406 0.424316406
vt 0.103027344 0.425537109
vt 0.127441406 0.238891602
vt 0.127441406 0.210083008
vt 0.103027344 0.207519531
vt 0.103027344 0.237182617
vt 0.0780029297 0.432617188
vt 0.0780029297 0.461181641
vt 0.103027344 0.455322266
vt 0.103027344 0.425537109
vt 0.103027344 0.207519531
vt 0.0780029297 0.200805664
vt 0.0780029297 0.229370117
vt 0.103027344 0.237182617
vt 0.202514648 0.827636719
vt 0.213989258 0.823242188
vt 0.202514648 0.823242188
vt 0.213989258 0.827636719
vt 0.202514648 0.832519531
vt 0.213989258 0.832519531
vt 0.251953125 0.832519531
vt 0.251953125 0.827636719
vt 0.251953125 0.823242188
vt 0.270263672 0.823242188
vt 0.270263672 0.832519531
vt 0.270263672 0.827636719
vt 0.305664062 0.823242188
vt 0.305664062 0.827636719
vt 0.305664062 0.832519531
vt 0.226074219 0.811523438
vt 0.203369141 0.815917969
vt 0.202392578 0.811523438
vt 0.225463867 0.815917969
vt 0.202392578 0.8203125
vt 0.22644043 0.8203125
vt 0.236572266 0.8203125
vt 0.23828125 0.815917969
vt 0.236694336 0.811523438
vt 0.226806641 0.807128906
vt 0.202392578 0.811523438
vt 0.202636719 0.807128906
vt 0.226074219 0.811523438
vt 0.236694336 0.811523438
vt 0.236938477 0.807128906
vt 0.202148438 0.811523438
vt 0.2421875 0.807128906
vt 0.202026367 0.807128906
vt 0.242919922 0.811523438
vt 0.287597656 0.807128906
vt 0.2890625 0.811523438
vt 0.334228516 0.807128906
vt 0.334960938 0.811523438
vt 0.375976562 0.807128906
vt 0.375976562 0.811523438
vt 0.201171875 0.815917969
vt 0.242919922 0.811523438
vt 0.202148438 0.811523438
vt 0.244995117 0.815917969
vt 0.202148438 0.8203125
vt 0.2890625 0.811523438
vt 0.242431641 0.8203125
vt 0.288574219 0.815917969
vt 0.334960938 0.811523438
vt 0.287597656 0.8203125
vt 0.333496094 0.815917969
vt 0.375976562 0.811523438
vt 0.333984375 0.8203125
vt 0.375976562 0.815917969
vt 0.375488281 0.8203125
vt 0.375488281 0.811523438
vt 0.340576172 0.807128906
vt 0.375488281 0.807128906
vt 0.341796875 0.811523438
vt 0.316894531 0.807128906
vt 0.319335938 0.811523438
vt 0.375244141 0.815917969
vt 0.341796875 0.811523438
vt 0.375488281 0.811523438
vt 0.33984375 0.815917969
vt 0.375732422 0.8203125
vt 0.319335938 0.811523438
vt 0.340576172 0.8203125
vt 0.315185547 0.815917969
vt 0.316894531 0.8203125
vt 0.764648438 0.481445312
vt 0.631835938 0.481445312
vt 0.623535156 0.503417969
vt 0.770019531 0.503417969
vt 0.631835938 0.524902344
vt 0.764648438 0.524902344
vt 0.266601562 0.516113281
vt 0.291015625 0.526855469
vt 0.291015625 0.554199219
vt 0.266601562 0.554199219
vt 0.165405273 0.455810547
vt 0.165405273 0.554199219
vt 0.147460938 0.453613281
vt 0.147460938 0.554199219
vt 0.817871094 0.604980469
vt 0.818847656 0.617675781
vt 0.5703125 0.579589844
vt 0.575195312 0.5546875
vt 0.541992188 0.454345703
vt 0.837890625 0.458496094
vt 0.838867188 0.436279297
vt 0.541015625 0.440429688
vt 0.491943359 0.440917969
vt 0.512695312 0.547851562
vt 0.513671875 0.573730469
vt 0.481445312 0.573730469
vt 0.493408203 0.454589844
vt 0.482421875 0.547363281
vt 0.459228516 0.573730469
vt 0.45703125 0.548339844
vt 0.479980469 0.454589844
vt 0.479248047 0.440917969
vt 0.452880859 0.454589844
vt 0.452636719 0.440673828
vt 0.565429688 0.7578125
vt 0.565429688 0.8515625
vt 0.596679688 0.8515625
vt 0.596679688 0.7578125
vt 0.627929688 0.8515625
vt 0.627929688 0.7578125
vt 0.659179688 0.8515625
vt 0.659179688 0.7578125
vt 0.690429688 0.8515625
vt 0.690429688 0.7578125
vt 0.721679688 0.8515625
vt 0.721679688 0.7578125
vt 0.752929688 0.8515625
vt 0.752929688 0.7578125
vt 0.721679688 0.7578125
vt 0.752929688 0.8515625
vt 0.752929688 0.7578125
vt 0.721679688 0.8515625
vt 0.690429688 0.7578125
vt 0.690429688 0.8515625
vt 0.659179688 0.7578125
vt 0.659179688 0.8515625
vt 0.627929688 0.7578125
vt 0.627929688 0.8515625
vt 0.596679688 0.7578125
vt 0.596679688 0.8515625
vt 0.565429688 0.7578125
vt 0.565429688 0.8515625
vt 0.775390625 0.925292969
vt 0.549804688 0.936523438
vt 0.775390625 0.936523438
vt 0.549804688 0.925292969
vt 0.775390625 0.8828125
vt 0.549804688 0.8828125
vt 0.549804688 0.871582031
vt 0.775390625 0.871582031
vt 0.68359375 0.940429688
vt 0.672851562 0.936523438
vt 0.672851562 0.940429688
vt 0.68359375 0.936523438
vt 0.723632812 0.940429688
vt 0.723632812 0.936523438
vt 0.734375 0.940429688
vt 0.734375 0.936523438
vt 0.775390625 0.940429688
vt 0.775390625 0.936523438
vt 0.549804688 0.936523438
vt 0.549804688 0.940429688
vt 0.592773438 0.867675781
vt 0.592773438 0.871582031
vt 0.603515625 0.871582031
vt 0.603515625 0.867675781
vt 0.64453125 0.871582031
vt 0.64453125 0.867675781
vt 0.655273438 0.871582031
vt 0.655273438 0.867675781
vt 0.549804688 0.867675781
vt 0.549804688 0.871582031
vt 0.775390625 0.871582031
vt 0.775390625 0.867675781
vt 0.0836791992 0.53515625
vt 0.0919189453 0.53515625
vt 0.0919189453 0.491455078
vt 0.0836791992 0.491455078
vt 0.116577148 0.53515625
vt 0.124755859 0.53515625
vt 0.124755859 0.491455078
vt 0.116577148 0.491455078
vt 0.0919189453 0.483398438
vt 0.0919189453 0.491455078
vt 0.116577148 0.491455078
vt 0.116577148 0.483398438
vt 0.116577148 0.543457031
vt 0.116577148 0.53515625
vt 0.0919189453 0.53515625
vt 0.0919189453 0.543457031
vt 0.116577148 0.53515625
vt 0.116577148 0.491455078
vt 0.0919189453 0.491455078
vt 0.0919189453 0.53515625
vt 0.0836791992 0.53515625
vt 0.0919189453 0.53515625
vt 0.0919189453 0.491455078
vt 0.0836791992 0.491455078
vt 0.116577148 0.53515625
vt 0.124755859 0.53515625
vt 0.124755859 0.491455078
vt 0.116577148 0.491455078
vt 0.0919189453 0.483398438
vt 0.0919189453 0.491455078
vt 0.116577148 0.491455078
vt 0.116577148 0.483398438
vt 0.116577148 0.543457031
vt 0.116577148 0.53515625
vt 0.0919189453 0.53515625
vt 0.0919189453 0.543457031
vt 0.116577148 0.53515625
vt 0.116577148 0.491455078
vt 0.0919189453 0.491455078
vt 0.0919189453 0.53515625
vt 0.314697266 0.427001953
vt 0.411376953 0.430664062
vt 0.411376953 0.427001953
vt 0.314697266 0.430664062
vt 0.411376953 0.435546875
vt 0.314697266 0.435546875
vt 0.314697266 0.438964844
vt 0.411376953 0.438964844
vt 0.411376953 0.444091797
vt 0.314697266 0.444091797
vt 0.285400391 0.648925781
vt 0.0297088623 0.677246094
vt 0.285400391 0.677246094
vt 0.0297088623 0.648925781
vt 0.285400391 0.620117188
vt 0.0297088623 0.620117188
vt 0.285400391 0.591796875
vt 0.0297088623 0.591796875
vt 0.285400391 0.563476562
vt 0.0297088623 0.563476562
vt 0.285400391 0.677246094
vt 0.0297088623 0.677246094
vt 0.0297088623 0.648925781
vt 0.285400391 0.648925781
vt 0.0297088623 0.620117188
vt 0.285400391 0.620117188
vt 0.0297088623 0.591796875
vt 0.285400391 0.591796875
vt 0.0297088623 0.563476562
vt 0.285400391 0.563476562
vt 0.376220703 0.729003906
vt 0.361083984 0.766601562
vt 0.376220703 0.766601562
vt 0.361083984 0.729003906
vt 0.376220703 0.688964844
vt 0.361083984 0.688964844
vt 0.376220703 0.648925781
vt 0.361083984 0.648925781
vt 0.376220703 0.610839844
vt 0.361083984 0.610839844
vt 0.376220703 0.766601562
vt 0.361083984 0.766601562
vt 0.361083984 0.729003906
vt 0.376220703 0.729003906
vt 0.361083984 0.688964844
vt 0.376220703 0.688964844
vt 0.361083984 0.648925781
vt 0.376220703 0.648925781
vt 0.361083984 0.610839844
vt 0.376220703 0.610839844
vt 0.361083984 0.729003906
vt 0.296386719 0.766601562
vt 0.361083984 0.766601562
vt 0.296386719 0.729003906
vt 0.361083984 0.688964844
vt 0.296386719 0.688964844
vt 0.361083984 0.648925781
vt 0.296386719 0.648925781
vt 0.361083984 0.610839844
vt 0.296386719 0.610839844
vt 0.361083984 0.766601562
vt 0.296386719 0.766601562
vt 0.296386719 0.729003906
vt 0.361083984 0.729003906
vt 0.296386719 0.688964844
vt 0.361083984 0.688964844
vt 0.296386719 0.648925781
vt 0.361083984 0.648925781
vt 0.296386719 0.610839844
vt 0.361083984 0.610839844
vt 0.255859375 0.456787109
vt 0.263183594 0.493408203
vt 0.26171875 0.456787109
vt 0.255859375 0.491699219
vt 0.25 0.456787109
vt 0.255859375 0.497070312
vt 0.248535156 0.493408203
vt 0.255859375 0.456787109
vt 0.248535156 0.493408203
vt 0.25 0.456787109
vt 0.255859375 0.491699219
vt 0.26171875 0.456787109
vt 0.255859375 0.497070312
vt 0.263183594 0.493408203
vt 0.274414062 0.457275391
vt 0.268310547 0.493408203
vt 0.268554688 0.457275391
vt 0.275390625 0.491455078
vt 0.280273438 0.45703125
vt 0.275634766 0.496826172
vt 0.282714844 0.492919922
vt 0.274414062 0.457275391
vt 0.282714844 0.492919922
vt 0.280273438 0.45703125
vt 0.275390625 0.491455078
vt 0.268554688 0.457275391
vt 0.275634766 0.496826172
vt 0.268310547 0.493408203
vt 0.483154297 0.886230469
vt 0.495605469 0.876953125
vt 0.483154297 0.866699219
vt 0.211791992 0.87890625
vt 0.211791992 0.853515625
vt 0.483154297 0.903320312
vt 0.211791992 0.903320312
vt 0.211791992 0.929199219
vt 0.499023438 0.903320312
vt 0.499023438 0.88671875
vt 0.483154297 0.923339844
vt 0.495605469 0.913085938
vt 0.211791992 0.953613281
vt 0.483154297 0.939941406
vt 0.499023438 0.939453125
vt 0.499023438 0.922851562
vt 0.328857422 0.454833984
vt 0.328857422 0.486083984
vt 0.407470703 0.486083984
vt 0.407470703 0.454833984
vt 0.299560547 0.564941406
vt 0.436767578 0.564941406
vt 0.436767578 0.486083984
vt 0.299560547 0.486083984
vt 0.328857422 0.564941406
vt 0.328857422 0.596191406
vt 0.407470703 0.596191406
vt 0.407470703 0.564941406
vt 0.436767578 0.486083984
vt 0.299560547 0.486083984
vt 0.299560547 0.564941406
vt 0.436767578 0.564941406
vt 0.299560547 0.454833984
vt 0.299560547 0.486083984
vt 0.436767578 0.486083984
vt 0.436767578 0.454833984
vt 0.436767578 0.596191406
vt 0.436767578 0.564941406
vt 0.299560547 0.564941406
vt 0.299560547 0.596191406
vt 0.470947266 0.708984375
vt 0.390625 0.708984375
vt 0.390625 0.755371094
vt 0.470947266 0.755371094
vt 0.390625 0.804199219
vt 0.470947266 0.804199219
vt 0.390625 0.850585938
vt 0.470947266 0.850585938
vt 0.476074219 0.708496094
vt 0.470947266 0.708984375
vt 0.470947266 0.755371094
vt 0.476074219 0.755371094
vt 0.470947266 0.804199219
vt 0.476074219 0.804199219
vt 0.470947266 0.850585938
vt 0.476074219 0.8515625
vt 0.385498047 0.755371094
vt 0.390625 0.708984375
vt 0.385498047 0.708496094
vt 0.390625 0.755371094
vt 0.385498047 0.804199219
vt 0.390625 0.804199219
vt 0.385498047 0.8515625
vt 0.390625 0.850585938
vt 0.476074219 0.733886719
vt 0.470947266 0.733886719
vt 0.470947266 0.814453125
vt 0.476074219 0.814453125
vt 0.385498047 0.812988281
vt 0.390625 0.812988281
vt 0.390625 0.732421875
vt 0.385498047 0.732421875
vt 0.0491943359 0.523925781
vt 0.0426025391 0.55078125
vt 0.0491943359 0.553710938
vt 0.0426025391 0.523925781
vt 0.0491943359 0.496337891
vt 0.0426025391 0.496337891
vt 0.0491943359 0.468505859
vt 0.0426025391 0.468505859
vt 0.0491943359 0.440917969
vt 0.0426025391 0.440917969
vt 0.0491943359 0.411132812
vt 0.0426025391 0.4140625
vt 0.0491943359 0.553710938
vt 0.0426025391 0.55078125
vt 0.0426025391 0.523925781
vt 0.0491943359 0.523925781
vt 0.0426025391 0.496337891
vt 0.0491943359 0.496337891
vt 0.0426025391 0.468505859
vt 0.0491943359 0.468505859
vt 0.0426025391 0.440917969
vt 0.0491943359 0.440917969
vt 0.0426025391 0.4140625
vt 0.0491943359 0.411132812
vt 0.065612793 0.523925781
vt 0.065612793 0.553710938
vt 0.0720214844 0.55078125
vt 0.0720214844 0.523925781
vt 0.065612793 0.496337891
vt 0.0720214844 0.496337891
vt 0.065612793 0.468505859
vt 0.0720214844 0.468505859
vt 0.065612793 0.440917969
vt 0.0720214844 0.440917969
vt 0.065612793 0.411132812
vt 0.0720214844 0.4140625
vt 0.065612793 0.553710938
vt 0.0720214844 0.523925781
vt 0.0720214844 0.55078125
vt 0.065612793 0.523925781
vt 0.0720214844 0.496337891
vt 0.065612793 0.496337891
vt 0.0720214844 0.468505859
vt 0.065612793 0.468505859
vt 0.0720214844 0.440917969
vt 0.065612793 0.440917969
vt 0.0720214844 0.4140625
vt 0.065612793 0.411132812
vt 0.065612793 0.523925781
vt 0.0491943359 0.553710938
vt 0.065612793 0.553710938
vt 0.0491943359 0.523925781
vt 0.065612793 0.496337891
vt 0.0491943359 0.496337891
vt 0.065612793 0.468505859
vt 0.0491943359 0.468505859
vt 0.065612793 0.440917969
vt 0.0491943359 0.440917969
vt 0.065612793 0.411132812
vt 0.0491943359 0.411132812
vt 0.0267486572 0.55078125
vt 0.0426025391 0.55078125
vt 0.0426025391 0.523925781
vt 0.0267486572 0.523925781
vt 0.0426025391 0.496337891
vt 0.0267486572 0.496337891
vt 0.0426025391 0.468505859
vt 0.0267486572 0.468505859
vt 0.0426025391 0.440917969
vt 0.0267486572 0.440917969
vt 0.0426025391 0.4140625
vt 0.0267486572 0.4140625
vt 0.065612793 0.553710938
vt 0.0491943359 0.553710938
vt 0.0491943359 0.523925781
vt 0.065612793 0.523925781
vt 0.0491943359 0.496337891
vt 0.065612793 0.496337891
vt 0.0491943359 0.468505859
vt 0.065612793 0.468505859
vt 0.0491943359 0.440917969
vt 0.065612793 0.440917969
vt 0.0491943359 0.411132812
vt 0.065612793 0.411132812
vt 0.0267486572 0.523925781
vt 0.0426025391 0.55078125
vt 0.0267486572 0.55078125
vt 0.0426025391 0.523925781
vt 0.0267486572 0.496337891
vt 0.0426025391 0.496337891
vt 0.0267486572 0.468505859
vt 0.0426025391 0.468505859
vt 0.0267486572 0.440917969
vt 0.0426025391 0.440917969
vt 0.0267486572 0.4140625
vt 0.0426025391 0.4140625
vt 0.554199219 0.654785156
vt 0.52734375 0.709960938
vt 0.5703125 0.729003906
vt 0.583496094 0.679199219
vt 0.616699219 0.740722656
vt 0.597167969 0.655273438
vt 0.576660156 0.633300781
vt 0.636230469 0.611328125
vt 0.618652344 0.691894531
vt 0.664550781 0.73828125
vt 0.623535156 0.665527344
vt 0.655761719 0.690429688
vt 0.708984375 0.72265625
vt 0.651367188 0.6640625
vt 0.677246094 0.65234375
vt 0.696777344 0.629882812
vt 0.690917969 0.676269531
vt 0.747558594 0.702148438
vt 0.722167969 0.650390625
vt 0.747558594 0.702148438
vt 0.754394531 0.696777344
vt 0.727050781 0.645019531
vt 0.722167969 0.650390625
vt 0.698730469 0.623046875
vt 0.696777344 0.629882812
vt 0.636230469 0.604003906
vt 0.636230469 0.611328125
vt 0.574707031 0.626953125
vt 0.576660156 0.633300781
vt 0.549316406 0.649414062
vt 0.554199219 0.654785156
vt 0.520507812 0.704589844
vt 0.52734375 0.709960938
vt 0.708984375 0.72265625
vt 0.75 0.710449219
vt 0.747558594 0.702148438
vt 0.710449219 0.729980469
vt 0.664550781 0.73828125
vt 0.665527344 0.745605469
vt 0.616699219 0.740722656
vt 0.616210938 0.748046875
vt 0.5703125 0.729003906
vt 0.568847656 0.736816406
vt 0.52734375 0.709960938
vt 0.525390625 0.718261719
vt 0.0598449707 0.24597168
vt 0.0313720703 0.24597168
vt 0.0313720703 0.349853516
vt 0.0598449707 0.349853516
vt 0.0598449707 0.222167969
vt 0.0313720703 0.222167969
vt 0.0313720703 0.24597168
vt 0.0598449707 0.24597168
vt 0.0598449707 0.349853516
vt 0.0313720703 0.349853516
vt 0.0313720703 0.385986328
vt 0.0598449707 0.385986328
vt 0.0313720703 0.309326172
vt 0.0598449707 0.309326172
vt 0.0598449707 0.233764648
vt 0.0313720703 0.233764648
vt 0.0597839355 0.241577148
vt 0.0308685303 0.241577148
vt 0.0308685303 0.361572266
vt 0.0597839355 0.361572266
vt 0.0313720703 0.250244141
vt 0.0313720703 0.34765625
vt 0.0598449707 0.34765625
vt 0.0598449707 0.250244141
vt 0.0313720703 0.217529297
vt 0.0313720703 0.250244141
vt 0.0598449707 0.250244141
vt 0.0598449707 0.217529297
vt 0.0313720703 0.34765625
vt 0.0313720703 0.389648438
vt 0.0598449707 0.389648438
vt 0.0598449707 0.34765625
vt 0.0261077881 0.211303711
vt 0.0313720703 0.24597168
vt 0.0313720703 0.222167969
vt 0.0261077881 0.24597168
vt 0.0313720703 0.349853516
vt 0.0261077881 0.349853516
vt 0.0313720703 0.385986328
vt 0.0261077881 0.393066406
vt 0.0643310547 0.24597168
vt 0.0643310547 0.211303711
vt 0.0598449707 0.222167969
vt 0.0598449707 0.24597168
vt 0.0643310547 0.349853516
vt 0.0598449707 0.349853516
vt 0.0643310547 0.393066406
vt 0.0598449707 0.385986328
vt 0.0699462891 0.313720703
vt 0.0699462891 0.229370117
vt 0.0598449707 0.233764648
vt 0.0598449707 0.309326172
vt 0.0217895508 0.229370117
vt 0.0217895508 0.313720703
vt 0.0313720703 0.309326172
vt 0.0313720703 0.233764648
vt 0.0263519287 0.234741211
vt 0.0263519287 0.371582031
vt 0.0308685303 0.361572266
vt 0.0308685303 0.241577148
vt 0.0642700195 0.371582031
vt 0.0642700195 0.234741211
vt 0.0597839355 0.241577148
vt 0.0597839355 0.361572266
vt 0.192504883 0.745605469
vt 0.167480469 0.770996094
vt 0.192504883 0.770996094
vt 0.167480469 0.74609375
vt 0.167480469 0.699707031
vt 0.192504883 0.699707031
vt 0.153320312 0.742675781
vt 0.153320312 0.770996094
vt 0.167480469 0.770996094
vt 0.167480469 0.74609375
vt 0.153320312 0.702148438
vt 0.167480469 0.699707031
vt 0.206298828 0.770996094
vt 0.192504883 0.745605469
vt 0.192504883 0.770996094
vt 0.206298828 0.7421875
vt 0.192504883 0.699707031
vt 0.206298828 0.702148438
vt 0.153320312 0.742675781
vt 0.128662109 0.770996094
vt 0.153320312 0.770996094
vt 0.128662109 0.740722656
vt 0.128662109 0.702148438
vt 0.153320312 0.702148438
vt 0.167480469 0.699707031
vt 0.192504883 0.699707031
vt 0.192504883 0.688476562
vt 0.167480469 0.688476562
vt 0.259277344 0.796875
vt 0.259277344 0.763671875
vt 0.242553711 0.763671875
vt 0.242553711 0.796875
vt 0.259277344 0.747558594
vt 0.259277344 0.735839844
vt 0.242553711 0.735839844
vt 0.242553711 0.747558594
vt 0.242553711 0.763671875
vt 0.259277344 0.763671875
vt 0.259277344 0.735839844
vt 0.259277344 0.69140625
vt 0.242553711 0.69140625
vt 0.242553711 0.735839844
vt 0.242553711 0.735839844
vt 0.242553711 0.69140625
vt 0.219482422 0.69140625
vt 0.219482422 0.724121094
vt 0.230957031 0.735839844
vt 0.282470703 0.69140625
vt 0.259277344 0.69140625
vt 0.259277344 0.735839844
vt 0.282470703 0.724121094
vt 0.270751953 0.735839844
vt 0.101196289 0.415039062
vt 0.101196289 0.456298828
vt 0.12487793 0.456298828
vt 0.12487793 0.415283203
vt 0.101196289 0.374023438
vt 0.12487793 0.374267578
vt 0.101196289 0.332763672
vt 0.12487793 0.333007812
vt 0.12487793 0.291992188
vt 0.101196289 0.291748047
vt 0.101196289 0.250244141
vt 0.12487793 0.251220703
vt 0.0775756836 0.456298828
vt 0.101196289 0.456298828
vt 0.101196289 0.415039062
vt 0.0775756836 0.415039062
vt 0.101196289 0.374023438
vt 0.0775756836 0.373779297
vt 0.101196289 0.332763672
vt 0.0775756836 0.332763672
vt 0.101196289 0.291748047
vt 0.0775756836 0.291503906
vt 0.0775756836 0.250732422
vt 0.101196289 0.250244141
vt 0.101196289 0.455810547
vt 0.12487793 0.414550781
vt 0.12487793 0.455810547
vt 0.101196289 0.414550781
vt 0.12487793 0.374267578
vt 0.101196289 0.374511719
vt 0.12487793 0.333007812
vt 0.101196289 0.333251953
vt 0.12487793 0.291992188
vt 0.101196289 0.292480469
vt 0.12487793 0.252929688
vt 0.101196289 0.251953125
vt 0.0775756836 0.414794922
vt 0.101196289 0.455810547
vt 0.0775756836 0.455810547
vt 0.101196289 0.414550781
vt 0.0775756836 0.374755859
vt 0.101196289 0.374511719
vt 0.0775756836 0.333496094
vt 0.101196289 0.333251953
vt 0.0775756836 0.293212891
vt 0.101196289 0.292480469
vt 0.0775756836 0.252441406
vt 0.101196289 0.251953125
vt 0.121887207 0.455322266
vt 0.100341797 0.455322266
vt 0.100341797 0.412109375
vt 0.121887207 0.413818359
vt 0.121887207 0.375244141
vt 0.100341797 0.375244141
vt 0.121887207 0.3359375
vt 0.100341797 0.3359375
vt 0.121887207 0.297607422
vt 0.100341797 0.297607422
vt 0.121887207 0.255859375
vt 0.100341797 0.258300781
vt 0.121887207 0.211791992
vt 0.100341797 0.212890625
vt 0.0787963867 0.410888672
vt 0.100341797 0.455322266
vt 0.0787963867 0.455322266
vt 0.100341797 0.412109375
vt 0.0787963867 0.375244141
vt 0.100341797 0.375244141
vt 0.0787963867 0.3359375
vt 0.100341797 0.3359375
vt 0.0787963867 0.297607422
vt 0.100341797 0.297607422
vt 0.0787963867 0.260742188
vt 0.100341797 0.258300781
vt 0.0787963867 0.213623047
vt 0.100341797 0.212890625
vt 0.121887207 0.224365234
vt 0.100341797 0.22265625
vt 0.100341797 0.297851562
vt 0.121887207 0.297851562
vt 0.121887207 0.319091797
vt 0.100341797 0.317626953
vt 0.121887207 0.341796875
vt 0.100341797 0.340576172
vt 0.121887207 0.365478516
vt 0.100341797 0.364501953
vt 0.100341797 0.399902344
vt 0.121887207 0.399414062
vt 0.121887207 0.455322266
vt 0.100341797 0.455322266
vt 0.0787963867 0.299560547
vt 0.100341797 0.22265625
vt 0.0787963867 0.22253418
vt 0.100341797 0.297851562
vt 0.0787963867 0.317138672
vt 0.100341797 0.317626953
vt 0.0787963867 0.340087891
vt 0.100341797 0.340576172
vt 0.100341797 0.364501953
vt 0.0787963867 0.364746094
vt 0.0787963867 0.399414062
vt 0.100341797 0.399902344
vt 0.0787963867 0.455322266
vt 0.100341797 0.455322266
vt 0.101074219 0.461181641
vt 0.124084473 0.461181641
vt 0.124084473 0.442382812
vt 0.101074219 0.442382812
vt 0.124084473 0.407714844
vt 0.101074219 0.407714844
vt 0.124084473 0.375488281
vt 0.101074219 0.375488281
vt 0.124084473 0.342041016
vt 0.0779418945 0.407714844
vt 0.0779418945 0.442382812
vt 0.101074219 0.461181641
vt 0.0779418945 0.461181641
vt 0.0779418945 0.375488281
vt 0.101074219 0.342041016
vt 0.124084473 0.309326172
vt 0.0779418945 0.342041016
vt 0.101074219 0.309326172
vt 0.124084473 0.276123047
vt 0.0779418945 0.309326172
vt 0.101074219 0.276123047
vt 0.101074219 0.276123047
vt 0.0779418945 0.276123047
vt 0.101074219 0.224487305
vt 0.0779418945 0.224731445
vt 0.101074219 0.199707031
vt 0.0779418945 0.198730469
vt 0.124084473 0.224243164
vt 0.101074219 0.224487305
vt 0.101074219 0.199707031
vt 0.124084473 0.207763672
vt 0.225952148 0.811523438
vt 0.201904297 0.815917969
vt 0.200927734 0.811523438
vt 0.225341797 0.815917969
vt 0.200927734 0.8203125
vt 0.226318359 0.8203125
vt 0.237060547 0.8203125
vt 0.238891602 0.815917969
vt 0.237182617 0.811523438
vt 0.226806641 0.807128906
vt 0.200927734 0.811523438
vt 0.201171875 0.807128906
vt 0.225952148 0.811523438
vt 0.237182617 0.811523438
vt 0.237426758 0.807128906
vt 0.203613281 0.811523438
vt 0.243408203 0.807128906
vt 0.203491211 0.807128906
vt 0.244506836 0.811523438
vt 0.291748047 0.807128906
vt 0.293212891 0.811523438
vt 0.349609375 0.807128906
vt 0.351074219 0.811523438
vt 0.202636719 0.815917969
vt 0.244506836 0.811523438
vt 0.203613281 0.811523438
vt 0.247192383 0.815917969
vt 0.203735352 0.8203125
vt 0.293212891 0.811523438
vt 0.243896484 0.8203125
vt 0.292724609 0.815917969
vt 0.351074219 0.811523438
vt 0.291503906 0.8203125
vt 0.349853516 0.815917969
vt 0.348632812 0.8203125
vt 0.346191406 0.811523438
vt 0.298583984 0.807128906
vt 0.347900391 0.807128906
vt 0.297851562 0.811523438
vt 0.261230469 0.807128906
vt 0.261962891 0.811523438
vt 0.235961914 0.807128906
vt 0.23828125 0.811523438
vt 0.34765625 0.815917969
vt 0.297851562 0.811523438
vt 0.346191406 0.811523438
vt 0.297607422 0.815917969
vt 0.348632812 0.8203125
vt 0.261962891 0.811523438
vt 0.299560547 0.8203125
vt 0.260009766 0.815917969
vt 0.23828125 0.811523438
vt 0.26171875 0.8203125
vt 0.234008789 0.815917969
vt 0.236328125 0.8203125
vt 0.100891113 0.346923828
vt 0.122253418 0.346679688
vt 0.122253418 0.327148438
vt 0.100524902 0.326171875
vt 0.101135254 0.362060547
vt 0.122253418 0.361328125
vt 0.122253418 0.346679688
vt 0.100891113 0.346923828
vt 0.122253418 0.327148438
vt 0.122253418 0.314941406
vt 0.101196289 0.314208984
vt 0.100524902 0.326171875
vt 0.101196289 0.372558594
vt 0.122253418 0.371826172
vt 0.122253418 0.361328125
vt 0.101135254 0.362060547
vt 0.0784301758 0.361328125
vt 0.0784301758 0.371826172
vt 0.122253418 0.314941406
vt 0.122253418 0.304443359
vt 0.101196289 0.303710938
vt 0.101196289 0.314208984
vt 0.0784301758 0.314453125
vt 0.0784301758 0.304199219
vt 0.0783691406 0.345214844
vt 0.0784301758 0.361328125
vt 0.101135254 0.362060547
vt 0.100891113 0.346923828
vt 0.0783691406 0.324707031
vt 0.0783691406 0.345214844
vt 0.100891113 0.346923828
vt 0.100524902 0.326171875
vt 0.101196289 0.314208984
vt 0.0784301758 0.314453125
vt 0.0783691406 0.324707031
vt 0.100524902 0.326171875
vt 0.165405273 0.455810547
vt 0.147460938 0.453613281
vt 0.147460938 0.554199219
vt 0.165405273 0.554199219
vt 0.266601562 0.554199219
vt 0.266601562 0.516113281
vt 0.291015625 0.554199219
vt 0.291015625 0.526855469
vt 0.452880859 0.454589844
vt 0.479248047 0.440917969
vt 0.452636719 0.440673828
vt 0.479980469 0.454589844
vt 0.482421875 0.547363281
vt 0.45703125 0.548339844
vt 0.459228516 0.573730469
vt 0.481445312 0.573730469
vt 0.513671875 0.573730469
vt 0.493408203 0.454589844
vt 0.491943359 0.440917969
vt 0.512695312 0.547851562
vt 0.575195312 0.5546875
vt 0.5703125 0.579589844
vt 0.818847656 0.617675781
vt 0.817871094 0.604980469
vt 0.541992188 0.454345703
vt 0.541015625 0.440429688
vt 0.837890625 0.458496094
vt 0.838867188 0.436279297
vt 0.101074219 0.461181641
vt 0.124084473 0.461181641
vt 0.124084473 0.442382812
vt 0.101074219 0.442382812
vt 0.124084473 0.407714844
vt 0.101074219 0.407714844
vt 0.124084473 0.375488281
vt 0.101074219 0.375488281
vt 0.124084473 0.342041016
vt 0.101074219 0.342041016
vt 0.124084473 0.309326172
vt 0.101074219 0.309326172
vt 0.124084473 0.276123047
vt 0.101074219 0.276123047
vt 0.124084473 0.224243164
vt 0.101074219 0.224487305
vt 0.101074219 0.199707031
vt 0.124084473 0.207763672
vt 0.0779418945 0.375488281
vt 0.0779418945 0.342041016
vt 0.0779418945 0.309326172
vt 0.101074219 0.276123047
vt 0.0779418945 0.276123047
vt 0.101074219 0.224487305
vt 0.0779418945 0.224731445
vt 0.101074219 0.199707031
vt 0.0779418945 0.198730469
vt 0.0779418945 0.407714844
vt 0.101074219 0.407714844
vt 0.101074219 0.442382812
vt 0.0779418945 0.442382812
vt 0.101074219 0.461181641
vt 0.0779418945 0.461181641
vt 0.940917969 0.23034668
vt 0.951660156 0.282226562
vt 0.940917969 0.282226562
vt 0.951660156 0.23034668
vt 0.9609375 0.282226562
vt 0.951660156 0.205810547
vt 0.940917969 0.205810547
vt 0.9609375 0.205810547
vt 0.9609375 0.23034668
vt 0.969238281 0.282226562
vt 0.969238281 0.23034668
vt 0.969238281 0.205810547
vt 0.978515625 0.282226562
vt 0.978515625 0.205810547
vt 0.978515625 0.23034668
vt 0.951660156 0.462158203
vt 0.940917969 0.40625
vt 0.940917969 0.462158203
vt 0.951660156 0.40625
vt 0.940917969 0.347412109
vt 0.959472656 0.462158203
vt 0.951660156 0.345214844
vt 0.959472656 0.40625
vt 0.969238281 0.462158203
vt 0.959472656 0.345458984
vt 0.969238281 0.40625
vt 0.978515625 0.462158203
vt 0.969238281 0.345947266
vt 0.978515625 0.40625
vt 0.978515625 0.347412109
vt 0.978515625 0.402587891
vt 0.978515625 0.354248047
vt 0.969238281 0.354248047
vt 0.969238281 0.400634766
vt 0.978515625 0.454345703
vt 0.959472656 0.354248047
vt 0.969238281 0.452392578
vt 0.959472656 0.399658203
vt 0.951660156 0.354248047
vt 0.959472656 0.451904297
vt 0.951660156 0.398925781
vt 0.940917969 0.354248047
vt 0.951660156 0.451416016
vt 0.940917969 0.401855469
vt 0.940917969 0.454101562
vt 0.951660156 0.447753906
vt 0.940917969 0.500976562
vt 0.940917969 0.447753906
vt 0.951660156 0.500976562
vt 0.959960938 0.447753906
vt 0.940917969 0.538574219
vt 0.959960938 0.500976562
vt 0.969238281 0.447753906
vt 0.951660156 0.538574219
vt 0.940917969 0.563964844
vt 0.951660156 0.563964844
vt 0.959960938 0.538574219
vt 0.959960938 0.563964844
vt 0.969238281 0.500976562
vt 0.978515625 0.447753906
vt 0.978515625 0.500976562
vt 0.969238281 0.538574219
vt 0.969238281 0.563964844
vt 0.978515625 0.538574219
vt 0.978515625 0.563964844
vt 0.822265625 0.885742188
vt 0.887207031 0.859375
vt 0.822265625 0.859375
vt 0.887207031 0.885742188
vt 0.956542969 0.859375
vt 0.956542969 0.885742188
vt 0.822265625 0.912597656
vt 0.887207031 0.912597656
vt 0.956542969 0.885742188
vt 0.956542969 0.912597656
vt 0.822265625 0.939453125
vt 0.887207031 0.939453125
vt 0.822265625 0.966308594
vt 0.887207031 0.966308594
vt 0.822265625 0.939453125
vt 0.887207031 0.966308594
vt 0.822265625 0.966308594
vt 0.887207031 0.939453125
vt 0.822265625 0.912597656
vt 0.887207031 0.912597656
vt 0.822265625 0.885742188
vt 0.887207031 0.885742188
vt 0.822265625 0.859375
vt 0.956542969 0.912597656
vt 0.956542969 0.885742188
vt 0.887207031 0.859375
vt 0.956542969 0.885742188
vt 0.956542969 0.859375
vt 0.0270385742 0.990722656
vt 0.142700195 0.990722656
vt 0.142700195 0.974609375
vt 0.030380249 0.974609375
vt 0.142700195 0.953125
vt 0.0438537598 0.953125
vt 0.030380249 0.974609375
vt 0.142700195 0.990722656
vt 0.0270385742 0.990722656
vt 0.142700195 0.974609375
vt 0.0438537598 0.953125
vt 0.142700195 0.953125
vt 0.218994141 0.623046875
vt 0.212890625 0.613769531
vt 0.172363281 0.613769531
vt 0.170898438 0.623046875
vt 0.21887207 0.623046875
vt 0.212280273 0.613769531
vt 0.171875 0.613769531
vt 0.171020508 0.623046875
vt 0.212768555 0.623046875
vt 0.209228516 0.613769531
vt 0.177124023 0.613769531
vt 0.177246094 0.623046875
vt 0.117919922 0.613769531
vt 0.117248535 0.623046875
vt 0.265380859 0.623046875
vt 0.272705078 0.613769531
vt 0.219604492 0.623046875
vt 0.215332031 0.613769531
vt 0.173828125 0.613769531
vt 0.170288086 0.623046875
vt 0.272216797 0.623046875
vt 0.267089844 0.613769531
vt 0.11895752 0.613769531
vt 0.117614746 0.623046875
vt 0.822265625 0.885742188
vt 0.822265625 0.859375
vt 0.887207031 0.859375
vt 0.887207031 0.885742188
vt 0.956542969 0.859375
vt 0.956542969 0.885742188
vt 0.822265625 0.912597656
vt 0.887207031 0.912597656
vt 0.956542969 0.885742188
vt 0.956542969 0.912597656
vt 0.822265625 0.939453125
vt 0.887207031 0.939453125
vt 0.822265625 0.966308594
vt 0.887207031 0.966308594
vt 0.822265625 0.939453125
vt 0.822265625 0.966308594
vt 0.887207031 0.966308594
vt 0.887207031 0.939453125
vt 0.822265625 0.912597656
vt 0.887207031 0.912597656
vt 0.822265625 0.885742188
vt 0.887207031 0.885742188
vt 0.822265625 0.859375
vt 0.956542969 0.912597656
vt 0.956542969 0.885742188
vt 0.887207031 0.859375
vt 0.956542969 0.885742188
vt 0.956542969 0.859375
vt 0.0270385742 0.990722656
vt 0.142700195 0.974609375
vt 0.142700195 0.990722656
vt 0.030380249 0.974609375
vt 0.142700195 0.953125
vt 0.0438537598 0.953125
vt 0.030380249 0.974609375
vt 0.0270385742 0.990722656
vt 0.142700195 0.990722656
vt 0.142700195 0.974609375
vt 0.0438537598 0.953125
vt 0.142700195 0.953125
vt 0.218994141 0.623046875
vt 0.170898438 0.623046875
vt 0.172363281 0.613769531
vt 0.212890625 0.613769531
vt 0.21887207 0.623046875
vt 0.171020508 0.623046875
vt 0.171875 0.613769531
vt 0.212280273 0.613769531
vt 0.212768555 0.623046875
vt 0.177246094 0.623046875
vt 0.177124023 0.613769531
vt 0.209228516 0.613769531
vt 0.117919922 0.613769531
vt 0.272705078 0.613769531
vt 0.265380859 0.623046875
vt 0.117248535 0.623046875
vt 0.219604492 0.623046875
vt 0.170288086 0.623046875
vt 0.173828125 0.613769531
vt 0.215332031 0.613769531
vt 0.272216797 0.623046875
vt 0.117614746 0.623046875
vt 0.11895752 0.613769531
vt 0.267089844 0.613769531
vt 0.0487060547 0.787597656
vt 0.0688476562 0.736816406
vt 0.0183868408 0.758300781
vt 0.0908203125 0.787109375
vt 0.0176696777 0.716308594
vt 0.120056152 0.756835938
vt 0.0469055176 0.686523438
vt 0.119384766 0.715332031
vt 0.089050293 0.686035156
vt 0.537109375 0.802246094
vt 0.520019531 0.83203125
vt 0.554199219 0.83203125
vt 0.502929688 0.802246094
vt 0.537109375 0.861816406
vt 0.485839844 0.83203125
vt 0.502929688 0.861816406
vt 0.537597656 0.798828125
vt 0.520019531 0.768554688
vt 0.502441406 0.798828125
vt 0.5546875 0.768554688
vt 0.485351562 0.768554688
vt 0.537597656 0.738769531
vt 0.502441406 0.738769531
vt 0.502929688 0.802246094
vt 0.520019531 0.83203125
vt 0.537109375 0.802246094
vt 0.485839844 0.83203125
vt 0.554199219 0.83203125
vt 0.502929688 0.861816406
vt 0.537109375 0.861816406
vt 0.537597656 0.798828125
vt 0.520019531 0.768554688
vt 0.502441406 0.798828125
vt 0.5546875 0.768554688
vt 0.485351562 0.768554688
vt 0.537597656 0.738769531
vt 0.502441406 0.738769531
vt 0.124389648 0.8515625
vt 0.187866211 0.852050781
vt 0.169555664 0.806640625
vt 0.124755859 0.787597656
vt 0.168945312 0.897460938
vt 0.0797729492 0.806152344
vt 0.123962402 0.916015625
vt 0.0609130859 0.8515625
vt 0.0792236328 0.896972656
vt 0.970703125 0.752929688
vt 0.87109375 0.72265625
vt 0.93359375 0.805664062
vt 0.969726562 0.688476562
vt 0.873046875 0.826171875
vt 0.931152344 0.637207031
vt 0.811523438 0.807617188
vt 0.869628906 0.618652344
vt 0.772949219 0.756347656
vt 0.80859375 0.639160156
vt 0.771972656 0.691894531
vt 0.0487060547 0.787597656
vt 0.0183868408 0.758300781
vt 0.0442810059 0.747070312
vt 0.0590209961 0.761230469
vt 0.0688476562 0.736816406
vt 0.0908203125 0.787109375
vt 0.0428466797 0.7265625
vt 0.0176696777 0.716308594
vt 0.0802001953 0.762695312
vt 0.120056152 0.756835938
vt 0.057434082 0.710449219
vt 0.0469055176 0.686523438
vt 0.0942993164 0.746582031
vt 0.119384766 0.715332031
vt 0.0787963867 0.711914062
vt 0.089050293 0.686035156
vt 0.0955810547 0.725097656
vt 0.0487060547 0.787597656
vt 0.0442810059 0.747070312
vt 0.0183868408 0.758300781
vt 0.0590209961 0.761230469
vt 0.0688476562 0.736816406
vt 0.0908203125 0.787109375
vt 0.0428466797 0.7265625
vt 0.0176696777 0.716308594
vt 0.0802001953 0.762695312
vt 0.120056152 0.756835938
vt 0.057434082 0.710449219
vt 0.0469055176 0.686523438
vt 0.0942993164 0.746582031
vt 0.119384766 0.715332031
vt 0.0787963867 0.711914062
vt 0.089050293 0.686035156
vt 0.0955810547 0.725097656
vn -0.362792969 0.932128906 0.00225067139
vn -0.592285156 0.803710938 0.0592346191
vn -0.8203125 0.563964844 -0.0956420898
vn -0.0631713867 -0.998046875 -0.0187530518
vn -0.0307006836 -0.999511719 -0.00677108765
vn -0.486083984 -0.873046875 0.0366210938
vn -0.953125 -0.299316406 0.0400390625
vn -0.983886719 -0.177246094 -0.0183258057
vn -0.784179688 0.620605469 0.00666427612
vn -0.234741211 -0.971679688 -0.0178985596
vn 0.377197266 -0.926269531 -0.0099105835
vn 0.354736328 -0.932128906 0.0692138672
vn 0.988769531 0.130981445 0.0712280273
vn 0.636230469 0.743652344 -0.204467773
vn 0.817871094 0.575195312 -0.0204467773
vn 0.311523438 0.950195312 0.0173187256
vn 0.147216797 0.471191406 -0.869628906
vn 0.385986328 0.296875 -0.873535156
vn 0.810546875 0.585449219 0.00936126709
vn 0.311523438 0.950195312 0.0173187256
vn 0.476806641 0.015335083 -0.87890625
vn 0.810546875 0.585449219 0.00936126709
vn -0.291748047 -0.8984375 0.328613281
vn -0.760253906 -0.556152344 0.336181641
vn 1 -0.00266265869 -0.00216674805
vn 0.384521484 -0.265625 -0.884277344
vn 1 -0.00266265869 -0.00216674805
vn -0.937988281 -0.00402450562 0.346923828
vn 0.807617188 -0.58984375 -0.0128707886
vn 0.144775391 -0.438964844 -0.88671875
vn 0.807617188 -0.58984375 -0.0128707886
vn -0.757324219 0.546875 0.356933594
vn 0.306396484 -0.951660156 -0.018661499
vn -0.151000977 -0.437988281 -0.886230469
vn -0.311523438 -0.950195312 -0.0173187256
vn 0.306396484 -0.951660156 -0.018661499
vn -0.286865234 0.88671875 0.362548828
vn -0.311523438 -0.950195312 -0.0173187256
vn 0.293212891 0.885253906 0.361083984
vn -0.311523438 -0.950195312 -0.0173187256
vn -0.151000977 -0.437988281 -0.886230469
vn -0.389892578 -0.263671875 -0.882324219
vn -0.810546875 -0.585449219 -0.00936126709
vn -0.311523438 -0.950195312 -0.0173187256
vn -0.48046875 0.0178833008 -0.876953125
vn -0.810546875 -0.585449219 -0.00936126709
vn 0.293212891 0.885253906 0.361083984
vn 0.76171875 0.54296875 0.353759766
vn -1 0.00266265869 0.00216674805
vn -0.388183594 0.298828125 -0.871582031
vn -1 0.00266265869 0.00216674805
vn 0.939453125 -0.00902557373 0.343017578
vn -0.807617188 0.58984375 0.0128707886
vn -0.14855957 0.472167969 -0.869140625
vn -0.807617188 0.58984375 0.0128707886
vn 0.758789062 -0.560058594 0.332763672
vn -0.306396484 0.951660156 0.018661499
vn 0.147216797 0.471191406 -0.869628906
vn 0.311523438 0.950195312 0.0173187256
vn -0.306396484 0.951660156 0.018661499
vn 0.288330078 -0.899902344 0.327392578
vn 0.311523438 0.950195312 0.0173187256
vn -0.291748047 -0.8984375 0.328613281
vn -0.102722168 0.994628906 0.01902771
vn -0.585449219 0.810546875 0.0165710449
vn -0.585449219 0.810546875 0.0165710449
vn -0.585449219 0.810546875 0.0165710449
vn -0.388183594 0.298828125 -0.871582031
vn -0.850585938 -0.526367188 -0.00815582275
vn -0.151000977 -0.437988281 -0.886230469
vn -0.403320312 -0.915039062 -0.0164642334
vn -0.389892578 -0.263671875 -0.882324219
vn -0.998046875 -0.0589904785 0.000998497009
vn -0.48046875 0.0178833008 -0.876953125
vn -0.905273438 0.424560547 0.00994873047
vn -0.802734375 0.596191406 0.0129699707
vn -0.585449219 0.810546875 0.0165710449
vn -0.585449219 0.810546875 0.0165710449
vn -0.388183594 0.298828125 -0.871582031
vn -0.14855957 0.472167969 -0.869140625
vn -0.585449219 0.810546875 0.0165710449
vn -0.102722168 0.994628906 0.01902771
vn 0.240356445 0.970703125 0.0178527832
vn 0.147216797 0.471191406 -0.869628906
vn 0.786132812 0.618164062 0.0100326538
vn 0.385986328 0.296875 -0.873535156
vn 1 -0.00646972656 -0.00224304199
vn 0.476806641 0.015335083 -0.87890625
vn 0.818847656 -0.573730469 -0.0126037598
vn 0.384521484 -0.265625 -0.884277344
vn 0.274414062 -0.961425781 -0.0187835693
vn 0.144775391 -0.438964844 -0.88671875
vn -0.403320312 -0.915039062 -0.0164642334
vn -0.151000977 -0.437988281 -0.886230469
vn 0.311523438 0.950195312 -0.00127696991
vn -0.220092773 0.692382812 -0.687011719
vn 0.220825195 0.690917969 -0.687988281
vn -0.306396484 0.951660156 6.21080399E-05
vn -0.577636719 0.434082031 -0.69140625
vn -0.807128906 0.58984375 -0.0057220459
vn -0.71484375 0.0151519775 -0.69921875
vn -1 0.00301361084 -0.016418457
vn -0.579589844 -0.404541016 -0.70703125
vn -0.810546875 -0.584960938 -0.0279541016
vn -0.373291016 -0.493652344 -0.785644531
vn -0.576171875 -0.783203125 -0.233886719
vn -0.9296875 -0.368408203 -0.00499725342
vn -0.983886719 -0.177246094 -0.0183258057
vn -0.936523438 -0.350097656 -0.0262908936
vn -0.958496094 0.284667969 -0.0169372559
vn -0.9609375 0.275146484 -0.0268707275
vn -0.828125 0.560546875 -0.00435638428
vn -0.370117188 0.929199219 0.00995635986
vn 0.181762695 0.983398438 0.0182189941
vn 0.810546875 0.5859375 -0.00923156738
vn 0.220825195 0.690917969 -0.687988281
vn 0.793945312 0.608398438 0.00981903076
vn 0.576660156 0.430908203 -0.693847656
vn 1 -0.00231170654 -0.0207519531
vn 0.998535156 0.0577087402 -0.00102996826
vn 0.711914062 0.0113525391 -0.702148438
vn 0.950195312 -0.311279297 -0.00790405273
vn 0.947753906 -0.309082031 -0.08203125
vn -0.110046387 -0.15612793 -0.981445312
vn -0.579589844 -0.404541016 -0.70703125
vn -0.373291016 -0.493652344 -0.785644531
vn -0.00211715698 0.0189208984 -1
vn 0.0541381836 -0.173339844 -0.983398438
vn -0.71484375 0.0151519775 -0.69921875
vn 0.173706055 -0.0795898438 -0.981445312
vn -0.577636719 0.434082031 -0.69140625
vn 0.711914062 0.0113525391 -0.702148438
vn -0.220092773 0.692382812 -0.687011719
vn 0.576660156 0.430908203 -0.693847656
vn 0.220825195 0.690917969 -0.687988281
vn -0.311523438 -0.949707031 -0.0358886719
vn 0.217163086 -0.665527344 -0.713867188
vn -0.223754883 -0.664550781 -0.712890625
vn 0.306396484 -0.951171875 -0.0372314453
vn 0.574707031 -0.407470703 -0.709960938
vn 0.192871094 -0.980957031 -0.0189666748
vn -0.292236328 -0.956054688 -0.0216522217
vn 0.639648438 -0.768554688 -0.0158996582
vn 0.807128906 -0.589355469 -0.031463623
vn 0.676757812 -0.208862305 -0.706054688
vn 0.91796875 -0.295898438 -0.264404297
vn -0.951660156 -0.306396484 -0.00377845764
vn -0.684082031 -0.729492188 -0.0123443604
vn -0.953125 -0.302246094 -0.00784301758
vn -0.987792969 0.155639648 0.00296211243
vn -0.0631713867 -0.998046875 -0.0187530518
vn 0.133056641 -0.990722656 -0.0190429688
vn 0.167358398 -0.985839844 -0.0190124512
vn -0.315673828 -0.948730469 -0.017288208
vn -0.486083984 -0.873046875 0.0366210938
vn -0.446777344 -0.89453125 -0.0159759521
vn -0.433349609 -0.8984375 0.0692749023
vn -0.463378906 -0.883789062 0.0660400391
vn 0.883789062 -0.467529297 -0.0293273926
vn 0.965820312 -0.238525391 -0.102050781
vn 0.978027344 0.207763672 0.00185489655
vn 0.982910156 -0.184204102 -0.00557327271
vn 0.690429688 0.723144531 0.01222229
vn 0.901367188 0.432861328 0.006275177
vn 0.2421875 0.970214844 0.0178375244
vn 0.58984375 0.807128906 0.0140228271
vn 0.0375976562 0.999023438 0.0188140869
vn 0.541015625 0.840820312 0.0147628784
vn -0.443847656 0.895507812 0.0309753418
vn -0.102722168 0.994628906 0.01902771
vn -0.585449219 0.810546875 0.0165710449
vn -0.802734375 0.596191406 0.0129699707
vn -0.6640625 0.747558594 0.0155410767
vn -0.998046875 -0.0589904785 0.000998497009
vn -0.950195312 0.311523438 0.00791168213
vn -0.990234375 -0.140014648 -0.000545978546
vn -0.951660156 -0.306396484 -0.00377845764
vn -0.951660156 -0.306396484 -0.00377845764
vn -0.699707031 -0.714355469 -0.0120315552
vn -0.681640625 -0.731933594 -0.0123977661
vn -0.206665039 -0.978027344 -0.0180664062
vn -0.234741211 -0.971679688 -0.0178985596
vn -0.234741211 -0.971679688 -0.0178985596
vn -0.206665039 -0.978027344 -0.0180664062
vn 0.356689453 -0.934082031 -0.0184326172
vn 0.377197266 -0.926269531 -0.0099105835
vn 0.798339844 -0.602050781 -0.013092041
vn 0.818847656 -0.573730469 0.0185699463
vn 1 -0.00195026398 -0.00215911865
vn 1 -0.0058631897 0.0172424316
vn 0.846679688 0.531738281 0.00826263428
vn 0.870605469 0.486328125 0.0764160156
vn 0.473632812 0.880371094 0.0156555176
vn 0.564941406 0.821777344 0.0758666992
vn 0.0921020508 0.991699219 0.0896606445
vn -0.102722168 0.994628906 0.01902771
vn -0.443847656 0.895507812 0.0309753418
vn 0.0921020508 0.991699219 0.0896606445
vn 0.325927734 0.941894531 0.083984375
vn 0.564941406 0.821777344 0.0758666992
vn 0.0293579102 0.998535156 -0.0424194336
vn 0.817871094 0.575195312 -0.0204467773
vn 0.636230469 0.743652344 -0.204467773
vn 0.473632812 0.880371094 0.0156555176
vn 0.240356445 0.970703125 0.0178527832
vn -0.102722168 0.994628906 0.01902771
vn 0.0921020508 0.991699219 0.0896606445
vn 0.846679688 0.531738281 0.00826263428
vn 0.240356445 0.970703125 0.0178527832
vn 0.473632812 0.880371094 0.0156555176
vn 0.786132812 0.618164062 0.0100326538
vn 1 -0.00195026398 -0.00215911865
vn 1 -0.00646972656 -0.00224304199
vn 0.798339844 -0.602050781 -0.013092041
vn 0.818847656 -0.573730469 -0.0126037598
vn 0.356689453 -0.934082031 -0.0184326172
vn 0.274414062 -0.961425781 -0.0187835693
vn -0.206665039 -0.978027344 -0.0180664062
vn -0.403320312 -0.915039062 -0.0164642334
vn 0.274414062 -0.961425781 -0.0187835693
vn 0.356689453 -0.934082031 -0.0184326172
vn -0.699707031 -0.714355469 -0.0120315552
vn -0.403320312 -0.915039062 -0.0164642334
vn -0.206665039 -0.978027344 -0.0180664062
vn -0.850585938 -0.526367188 -0.00815582275
vn -0.998046875 -0.0589904785 0.000998497009
vn -0.951660156 -0.306396484 -0.00377845764
vn -0.951660156 -0.306396484 -0.00377845764
vn -0.681640625 -0.731933594 -0.0123977661
vn -0.951660156 -0.306396484 -0.00377655029
vn -0.990234375 -0.140014648 -0.000545978546
vn -0.684082031 -0.729492188 -0.0123443604
vn -0.234741211 -0.971679688 -0.0178985596
vn -0.331542969 -0.943359375 -0.0171508789
vn -0.681640625 -0.731933594 -0.0123977661
vn -0.951660156 -0.306396484 -0.00377655029
vn -0.951660156 -0.306396484 -0.00377845764
vn -0.331542969 -0.943359375 -0.0171508789
vn -0.234741211 -0.971679688 -0.0178985596
vn 0.354736328 -0.932128906 0.0692138672
vn 0.103393555 -0.994140625 -0.0332336426
vn 0.509765625 -0.860351562 0.0191802979
vn 0.552246094 -0.831542969 -0.0585632324
vn 0.790527344 -0.536132812 -0.295166016
vn 0.534667969 -0.840820312 -0.0855712891
vn 0.883789062 -0.467529297 -0.0293273926
vn 0.988769531 0.130981445 0.0712280273
vn 1 -0.0058631897 0.0172424316
vn 0.870605469 0.486328125 0.0764160156
vn 0.636230469 0.743652344 -0.204467773
vn 0.564941406 0.821777344 0.0758666992
vn 0.325927734 0.941894531 0.083984375
vn -0.983886719 -0.177246094 -0.0183258057
vn -0.953125 -0.299316406 0.0400390625
vn -0.977539062 -0.206542969 -0.0412902832
vn -0.959960938 -0.279541016 -0.0142364502
vn -0.936523438 -0.350097656 -0.0262908936
vn -0.953125 -0.299316406 0.0400390625
vn -0.971191406 -0.190673828 -0.141723633
vn -0.977539062 -0.206542969 -0.0412902832
vn -0.880859375 -0.465576172 -0.0863037109
vn -0.955566406 -0.294921875 -0.00980377197
vn -0.585449219 0.810546875 0.0165710449
vn -0.585449219 0.810546875 0.0165710449
vn -0.585449219 0.810546875 0.0165710449
vn -0.585449219 0.810546875 0.0165710449
vn -0.585449219 0.810546875 0.0165557861
vn -0.623535156 0.781738281 0.0160980225
vn -0.930175781 0.367431641 0.00891876221
vn -0.950195312 0.311523438 0.00789642334
vn -0.950195312 0.311523438 0.00790405273
vn -0.990234375 -0.140014648 -0.000545978546
vn -0.950195312 0.311523438 0.00791168213
vn 0.0375976562 0.999023438 0.0188140869
vn 0.2421875 0.970214844 0.0178375244
vn -0.0673828125 0.997558594 0.0190124512
vn -0.112609863 0.993652344 0.01902771
vn -0.585449219 0.810546875 0.0165710449
vn -0.585449219 0.810546875 0.0165710449
vn -0.585449219 0.810546875 0.0165710449
vn -0.585449219 0.810546875 0.0165710449
vn -0.585449219 0.810546875 0.0165710449
vn -0.778320312 0.627929688 0.0135192871
vn -0.953125 0.299072266 -0.0457763672
vn -0.959960938 0.27734375 -0.0357666016
vn -0.987792969 0.155639648 0.00296211243
vn -0.805175781 0.591308594 0.0422668457
vn -0.585449219 0.810546875 0.0165710449
vn -0.585449219 0.810546875 0.0165710449
vn -0.585449219 0.810546875 0.0165710449
vn -0.896484375 0.442626953 0.0102615356
vn -0.932617188 0.349365234 0.0897216797
vn -0.883300781 0.467041016 0.0397644043
vn -0.854003906 0.520019531 0.0116424561
vn -0.883789062 0.465332031 0.0510864258
vn -0.835449219 0.5234375 0.166137695
vn -0.585449219 0.810546875 0.0165710449
vn -0.585449219 0.810546875 0.0165710449
vn -0.585449219 0.810546875 0.0165710449
vn -0.778320312 0.627929688 0.0135192871
vn -0.880371094 0.474365234 0.0108337402
vn -0.987792969 0.155639648 0.00296211243
vn -0.930175781 0.367431641 0.00891876221
vn -0.585449219 0.810546875 0.0165557861
vn -0.950195312 0.311523438 0.00790405273
vn -0.994140625 0.107055664 0.00413131714
vn -0.990234375 -0.140014648 -0.000545978546
vn -0.951660156 -0.306396484 -0.00377845764
vn -0.951660156 -0.306396484 -0.00377655029
vn -0.953125 0.299072266 -0.0457763672
vn -0.952636719 0.304443359 -0.0109863281
vn -0.585449219 0.810546875 0.0165710449
vn -0.959960938 0.27734375 -0.0357666016
vn -0.959960938 0.27734375 0.0409545898
vn -0.919921875 0.339111328 0.197387695
vn -0.880859375 -0.465576172 -0.0863037109
vn -0.955566406 -0.294921875 -0.00980377197
vn -0.829589844 0.551757812 0.0872802734
vn -0.883300781 0.467041016 0.0397644043
vn -0.932617188 0.349365234 0.0897216797
vn -0.784179688 0.620605469 0.00666427612
vn -0.953125 -0.299316406 0.0400390625
vn -0.952636719 0.304443359 -0.0109863281
vn -0.585449219 0.810546875 0.0165710449
vn -0.585449219 0.810546875 0.0165710449
vn -0.805175781 0.591308594 0.0422668457
vn -0.932617188 0.349365234 0.0897216797
vn -0.959960938 0.27734375 0.0409545898
vn -0.0673828125 0.997558594 0.0190124512
vn -0.585449219 0.810546875 0.0165710449
vn -0.585449219 0.810546875 0.0165710449
vn -0.302001953 0.953125 0.018661499
vn 0.2421875 0.970214844 0.0178375244
vn -0.623535156 0.781738281 0.0160980225
vn 0.274169922 0.961425781 0.0176086426
vn -0.443847656 0.895507812 0.0309753418
vn 0.0293579102 0.998535156 -0.0424194336
vn -0.6640625 0.747558594 0.0155410767
vn -0.950195312 0.311523438 0.00789642334
vn -0.950195312 0.311523438 0.00791168213
vn 0.690429688 0.723144531 0.01222229
vn 0.274169922 0.961425781 0.0176086426
vn 0.817871094 0.575195312 -0.0204467773
vn 0.978027344 0.207763672 0.00185489655
vn 0.988769531 0.130981445 0.0712280273
vn 0.965820312 -0.238525391 -0.102050781
vn -0.0673828125 0.997558594 0.0190124512
vn -0.585449219 0.810546875 0.0165710449
vn -0.585449219 0.810546875 0.0165710449
vn -0.585449219 0.810546875 0.0165710449
vn -0.112609863 0.993652344 0.01902771
vn -0.585449219 0.810546875 0.0165710449
vn -0.585449219 0.810546875 0.0165710449
vn -0.592285156 0.803710938 0.0592346191
vn -0.854003906 0.520019531 0.0116424561
vn -0.835449219 0.5234375 0.166137695
vn -0.292236328 -0.956054688 -0.0216522217
vn 0.232788086 -0.972167969 -0.0188903809
vn 0.192871094 -0.980957031 -0.0189666748
vn -0.495605469 -0.861328125 -0.110534668
vn -0.0307006836 -0.999511719 -0.00677108765
vn -0.486083984 -0.873046875 0.0366210938
vn -0.600585938 -0.794921875 -0.0838623047
vn -0.433349609 -0.8984375 0.0692749023
vn -0.538574219 -0.840332031 -0.0608215332
vn -0.463378906 -0.883789062 0.0660400391
vn -0.756347656 -0.6328125 -0.166015625
vn -0.128295898 -0.94140625 0.311523438
vn -0.936523438 -0.341796875 -0.0778808594
vn -0.677734375 -0.735351562 0.0154266357
vn 0.585449219 -0.810546875 -0.0165863037
vn 0.779785156 -0.625976562 -0.0134963989
vn 0.798339844 -0.602539062 -0.013092041
vn 0.950195312 -0.311279297 -0.00790405273
vn 0.998535156 0.0577087402 -0.00102996826
vn 0.847167969 0.530761719 0.00825500488
vn 0.793945312 0.608398438 0.00981903076
vn 0.983886719 0.179443359 0.00130844116
vn 0.950195312 -0.311279297 -0.00790405273
vn 0.779785156 -0.625976562 -0.0134963989
vn 0.950195312 -0.311279297 -0.00790405273
vn 0.793945312 0.608398438 0.00981903076
vn 0.847167969 0.530761719 0.00825500488
vn 0.557128906 0.830078125 0.0145339966
vn 0.181762695 0.983398438 0.0182189941
vn 0.513183594 0.857910156 0.0151519775
vn 0.541015625 0.840820312 0.0147628784
vn 0.00262641907 1 0.0189208984
vn 0.557128906 0.830078125 0.0145339966
vn 0.847167969 0.530761719 0.00825500488
vn 0.836425781 0.547851562 0.00859069824
vn 0.983886719 0.179443359 0.00130844116
vn 0.541015625 0.840820312 0.0147628784
vn 0.999023438 0.0390319824 -0.00138378143
vn 0.950195312 -0.311279297 -0.00790405273
vn 0.893066406 -0.449707031 -0.0104064941
vn 0.901367188 0.432861328 0.006275177
vn 0.58984375 0.807128906 0.0140228271
vn 0.982910156 -0.184204102 -0.00557327271
vn 0.869628906 -0.493408203 -0.0111846924
vn 0.585449219 -0.810546875 -0.0165863037
vn 0.883789062 -0.467529297 -0.0293273926
vn 0.585449219 -0.810546875 -0.0165863037
vn 0.181762695 0.983398438 0.0182189941
vn -0.362792969 0.932128906 0.00225067139
vn -0.370117188 0.929199219 0.00995635986
vn 0.00262069702 1 0.0189208984
vn 0.557128906 0.830078125 0.0145339966
vn 0.00262641907 1 0.0189208984
vn 0.541015625 0.840820312 0.0147628784
vn 0.0375976562 0.999023438 0.0188140869
vn 0.00262641907 1 0.0189056396
vn 0.557128906 0.830078125 0.0145339966
vn 0.00262069702 1 0.0189208984
vn 0.192871094 -0.980957031 -0.0189666748
vn 0.232788086 -0.972167969 -0.0188903809
vn 0.585449219 -0.810546875 -0.0165863037
vn 0.59375 -0.804199219 -0.0164794922
vn 0.779785156 -0.625976562 -0.0134963989
vn 0.950195312 -0.311279297 -0.00790405273
vn 0.192871094 -0.980957031 -0.0189666748
vn 0.585449219 -0.810546875 -0.0165863037
vn 0.798339844 -0.602539062 -0.013092041
vn 0.639648438 -0.768554688 -0.0158996582
vn 0.950195312 -0.311279297 -0.00790405273
vn 0.947753906 -0.309082031 -0.08203125
vn 0.91796875 -0.295898438 -0.264404297
vn 0.711914062 0.0113525391 -0.702148438
vn 0.676757812 -0.208862305 -0.706054688
vn 0.798339844 -0.602539062 -0.013092041
vn 0.950195312 -0.311279297 -0.00790405273
vn 0.998535156 0.0577087402 -0.00102996826
vn 0.950195312 -0.311279297 -0.00790405273
vn 0.150390625 -0.111572266 -0.982421875
vn 0.574707031 -0.407470703 -0.709960938
vn 0.676757812 -0.208862305 -0.706054688
vn 0.0663452148 -0.169433594 -0.983398438
vn 0.217163086 -0.665527344 -0.713867188
vn -0.00266647339 -0.191162109 -0.981445312
vn -0.223754883 -0.664550781 -0.712890625
vn -0.223754883 -0.664550781 -0.712890625
vn -0.110046387 -0.15612793 -0.981445312
vn -0.373291016 -0.493652344 -0.785644531
vn -0.00266647339 -0.191162109 -0.981445312
vn 0.0663452148 -0.169433594 -0.983398438
vn 0.0541381836 -0.173339844 -0.983398438
vn 0.150390625 -0.111572266 -0.982421875
vn 0.173706055 -0.0795898438 -0.981445312
vn 0.711914062 0.0113525391 -0.702148438
vn 0.676757812 -0.208862305 -0.706054688
vn -0.588867188 -0.8046875 -0.0749511719
vn -0.311523438 -0.949707031 -0.0358886719
vn -0.223754883 -0.664550781 -0.712890625
vn -0.292236328 -0.956054688 -0.0216522217
vn -0.58984375 -0.807128906 -0.0140228271
vn -0.659667969 -0.747558594 -0.0791015625
vn -0.659667969 -0.747558594 -0.0791015625
vn -0.538574219 -0.840332031 -0.0608215332
vn -0.600585938 -0.794921875 -0.0838623047
vn -0.659667969 -0.747558594 -0.0806274414
vn -0.756347656 -0.6328125 -0.166015625
vn -0.936523438 -0.350097656 -0.0262908936
vn -0.128295898 -0.94140625 0.311523438
vn -0.959960938 -0.279541016 -0.0142364502
vn -0.977539062 -0.206542969 -0.0412902832
vn -0.936523438 -0.341796875 -0.0778808594
vn -0.971191406 -0.190673828 -0.141723633
vn -0.943359375 -0.327880859 0.0471191406
vn -0.952148438 -0.305419922 0.00804901123
vn -0.677734375 -0.735351562 0.0154266357
vn -0.576171875 -0.783203125 -0.233886719
vn -0.223754883 -0.664550781 -0.712890625
vn -0.373291016 -0.493652344 -0.785644531
vn -0.588867188 -0.8046875 -0.0749511719
vn -0.9296875 -0.368408203 -0.00499725342
vn -0.58984375 -0.807128906 -0.0140228271
vn -0.936523438 -0.350097656 -0.0262908936
vn -0.58984375 -0.807128906 -0.0140228271
vn -0.659667969 -0.747558594 -0.0806274414
vn -0.659667969 -0.747558594 -0.0791015625
vn 0.133056641 -0.990722656 -0.0190429688
vn 0.103393555 -0.994140625 -0.0332336426
vn 0.552246094 -0.831542969 -0.0585632324
vn -0.296875 -0.954589844 -0.0174407959
vn -0.331542969 -0.943359375 -0.0171508789
vn -0.446777344 -0.89453125 -0.0159759521
vn -0.495605469 -0.861328125 -0.110534668
vn -0.292236328 -0.956054688 -0.0216522217
vn -0.659667969 -0.747558594 -0.0791015625
vn -0.600585938 -0.794921875 -0.0838623047
vn -0.0307006836 -0.999511719 -0.00677108765
vn -0.0631713867 -0.998046875 -0.0187530518
vn 0.167358398 -0.985839844 -0.0190124512
vn 0.232788086 -0.972167969 -0.0188903809
vn 0.59375 -0.804199219 -0.0164794922
vn -0.362792969 0.932128906 0.00225067139
vn -0.585449219 0.810546875 0.0165710449
vn -0.592285156 0.803710938 0.0592346191
vn -0.326904297 0.944824219 0.0185546875
vn 0.00262069702 1 0.0189208984
vn -0.112609863 0.993652344 0.01902771
vn 0.00262641907 1 0.0189056396
vn 0.0375976562 0.999023438 0.0188140869
vn -0.677734375 -0.735351562 0.0154266357
vn -0.446777344 -0.89453125 -0.0159759521
vn -0.463378906 -0.883789062 0.0660400391
vn -0.296875 -0.954589844 -0.0174407959
vn -0.744628906 -0.667480469 -0.0125961304
vn -0.952148438 -0.305419922 0.00804901123
vn -0.331542969 -0.943359375 -0.0171508789
vn -0.953125 -0.302246094 -0.00784301758
vn -0.684082031 -0.729492188 -0.0123443604
vn -0.8203125 0.563964844 -0.0956420898
vn -0.592285156 0.803710938 0.0592346191
vn -0.835449219 0.5234375 0.166137695
vn -0.958007812 0.278320312 -0.0689697266
vn -0.883789062 0.465332031 0.0510864258
vn -0.953125 0.24987793 -0.17175293
vn -0.784179688 0.620605469 0.00666427612
vn -0.9609375 0.275146484 -0.0268707275
vn -0.983886719 -0.177246094 -0.0183258057
vn -0.958496094 0.284667969 -0.0169372559
vn -0.828125 0.560546875 -0.00435638428
vn -0.370117188 0.929199219 0.00995635986
vn -0.362792969 0.932128906 0.00225067139
vn -0.959960938 0.27734375 0.0409545898
vn -0.959960938 0.27734375 -0.0357666016
vn -0.987792969 0.155639648 0.00296211243
vn -0.998046875 -0.0279388428 0.052154541
vn -0.953125 -0.302246094 -0.00784301758
vn -0.952148438 -0.305419922 0.00804901123
vn -0.968261719 0.134399414 0.209594727
vn -0.943359375 -0.327880859 0.0471191406
vn -0.919921875 0.339111328 0.197387695
vn -0.932617188 0.349365234 0.0897216797
vn -0.880859375 -0.465576172 -0.0863037109
vn -0.971191406 -0.190673828 -0.141723633
vn -0.883789062 0.465332031 0.0510864258
vn -0.883300781 0.467041016 0.0397644043
vn -0.829589844 0.551757812 0.0872802734
vn -0.784179688 0.620605469 0.00666427612
vn 0.818847656 -0.573730469 0.0185699463
vn 1 -0.0058631897 0.0172424316
vn 0.988769531 0.130981445 0.0712280273
vn 0.982421875 -0.186889648 0.0107650757
vn 0.965820312 -0.238525391 -0.102050781
vn 0.883789062 -0.467529297 -0.0293273926
vn 0.790527344 -0.536132812 -0.295166016
vn 0.509765625 -0.860351562 0.0191802979
vn 0.354736328 -0.932128906 0.0692138672
vn 0.377197266 -0.926269531 -0.0099105835
vn 0.818847656 -0.573730469 0.0185699463
vn 0.509765625 -0.860351562 0.0191802979
vn 0.133056641 -0.990722656 -0.0190429688
vn 0.552246094 -0.831542969 -0.0585632324
vn 0.534667969 -0.840820312 -0.0855712891
vn 0.585449219 -0.810546875 -0.0165863037
vn 0.883789062 -0.467529297 -0.0293273926
vn 0.585449219 -0.810546875 -0.0165863037
vn 0.167358398 -0.985839844 -0.0190124512
vn 0.585449219 -0.810546875 -0.0165863037
vn 0.893066406 -0.449707031 -0.0104064941
vn 0.59375 -0.804199219 -0.0164794922
vn 0.950195312 -0.311279297 -0.00790405273
vn -0.0464172363 -0.0187683105 0.998535156
vn 0.578125 -0.016998291 0.815917969
vn 0.578125 -0.016998291 0.815917969
vn -0.0464172363 -0.0187683105 0.998535156
vn -0.8203125 -0.00859832764 0.571777344
vn -0.8203125 -0.00859832764 0.571777344
vn -1 0.00266265869 0.00216674805
vn -1 0.00266265869 0.00216674805
vn -1 0.00266265869 0.00216674805
vn -1 0.00266265869 0.00216674805
vn -0.905273438 0.0104751587 -0.424560547
vn -0.905273438 0.0104751587 -0.424560547
vn -0.234008789 0.0190124512 -0.972167969
vn -0.234008789 0.0190124512 -0.972167969
vn 0.302734375 0.0172119141 -0.953125
vn 0.302734375 0.0172119141 -0.953125
vn -0.8203125 -0.00804901123 0.571777344
vn -1 0.00333404541 0.00218009949
vn -0.0411376953 -0.0731811523 0.996582031
vn -1 0.00333404541 0.00218009949
vn -0.0415039062 -0.0731201172 0.996582031
vn 0.465820312 -0.130126953 0.875488281
vn 0.465820312 -0.130126953 0.875488281
vn -0.905273438 0.0110855103 -0.424560547
vn -0.211669922 -0.0110778809 -0.977050781
vn -0.211303711 -0.011100769 -0.977539062
vn 0.244995117 -0.0418395996 -0.96875
vn 0.244995117 -0.0418395996 -0.96875
vn -1 0.00266265869 0.00216674805
vn -1 0.00266265869 0.00216674805
vn -1 0.00266265869 0.00216674805
vn -1 0.00266265869 0.00216674805
vn -1 0.00266265869 0.00216674805
vn -1 0.00266265869 0.00216674805
vn -1 0.00266265869 0.00216674805
vn -1 0.00266265869 0.00216674805
vn -0.899414062 0.437255859 0.0101776123
vn -0.899414062 0.437255859 0.0101776123
vn -0.899414062 0.437255859 0.0101776123
vn -0.899414062 0.437255859 0.0101776123
vn -0.899902344 0.435546875 0.0101470947
vn -0.899902344 0.435546875 0.0101470947
vn -0.899902344 0.435546875 0.0101470947
vn -0.899902344 0.435546875 0.0101470947
vn 0.838867188 0.541015625 0.0595092773
vn 0.372314453 0.233642578 0.8984375
vn 0.419677734 0.161010742 0.893066406
vn 0.697753906 0.715332031 0.0381164551
vn 0.327148438 0.326416016 -0.88671875
vn 0.266845703 0.405029297 -0.874511719
vn 0.176269531 0.514160156 -0.839355469
vn 0.772460938 0.625488281 0.109069824
vn 0.434814453 0.140136719 0.889648438
vn 0.841796875 -0.450195312 0.297363281
vn -0.068359375 0.878417969 -0.472900391
vn 0.914550781 0.403320312 -0.0300750732
vn 0.864257812 -0.486083984 0.130004883
vn 0.8359375 0.486816406 -0.253417969
vn -0.0895996094 0.928222656 -0.361083984
vn 0.151855469 0.446289062 0.881835938
vn 0.882324219 0.468261719 -0.0491027832
vn 0.237915039 0.513183594 0.824707031
vn 0.619140625 0.776855469 -0.112731934
vn 0.637207031 -0.0596313477 -0.768554688
vn 0.351074219 0.301513672 -0.886230469
vn 0.156738281 0.468505859 -0.869628906
vn 0.331298828 0.943359375 0.0171508789
vn 0.160522461 0.435302734 0.885742188
vn -0.577636719 -0.815917969 -0.0128173828
vn -0.872558594 -0.484619141 -0.0615539551
vn -0.869628906 -0.489746094 -0.0606079102
vn -0.6015625 -0.798828125 -0.0123062134
vn -0.328369141 -0.944335938 -0.0171661377
vn -0.328369141 -0.944335938 -0.0171661377
vn -0.872558594 -0.484619141 -0.0615539551
vn -0.982910156 -0.100158691 -0.153808594
vn -0.869628906 -0.489746094 -0.0606079102
vn -0.984863281 -0.0531311035 -0.165649414
vn -0.899414062 0.302001953 -0.315917969
vn -0.859375 0.365966797 -0.356689453
vn -0.478759766 0.6640625 -0.57421875
vn -0.373779297 0.702148438 -0.605957031
vn 0.202392578 0.749511719 -0.630371094
vn 0.2109375 0.748535156 -0.62890625
vn 0.882324219 0.468261719 -0.0491027832
vn 0.333251953 0.485107422 0.80859375
vn 0.237915039 0.513183594 0.824707031
vn 0.991210938 -0.0182952881 0.131591797
vn 0.637207031 -0.0596313477 -0.768554688
vn 0.347900391 0.392822266 0.851074219
vn 0.624023438 -0.346435547 -0.700683594
vn 0.870605469 -0.394775391 0.293701172
vn 0.227172852 0.307128906 0.924316406
vn 0.365478516 -0.686523438 -0.628417969
vn 0.452392578 -0.700683594 0.551269531
vn 0.102905273 0.224853516 0.96875
vn 0.0509643555 -0.853515625 -0.518554688
vn -0.230712891 -0.774414062 0.588867188
vn -0.2734375 -0.854492188 -0.441162109
vn 0.2109375 0.748535156 -0.62890625
vn 0.540039062 0.641601562 -0.544921875
vn 0.202392578 0.749511719 -0.630371094
vn 0.497070312 0.665039062 -0.557617188
vn 0.677246094 0.548339844 -0.490478516
vn 0.677246094 0.548339844 -0.490478516
vn -0.230712891 -0.774414062 0.588867188
vn 0.0906982422 0.182739258 0.979003906
vn 0.102905273 0.224853516 0.96875
vn -0.59765625 -0.698730469 0.393310547
vn -0.2734375 -0.854492188 -0.441162109
vn 0.183837891 0.114807129 0.976074219
vn -0.544433594 -0.734863281 -0.404052734
vn -0.812011719 -0.58203125 0.0398254395
vn -0.767578125 -0.543457031 -0.339355469
vn -0.00211715698 0.0189208984 -1
vn -0.00211715698 0.0189208984 -1
vn -0.00211715698 0.0189208984 -1
vn -0.00211715698 0.0189208984 -1
vn -0.00211715698 0.0189208984 -1
vn -0.00211715698 0.0189208984 -1
vn -0.999511719 0.00880432129 -0.0245056152
vn -0.0018081665 0.128173828 -0.991699219
vn -0.0020275116 0.0512084961 -0.998535156
vn -0.999023438 0.00598526001 -0.0474853516
vn -0.940917969 -0.0665893555 0.332275391
vn -0.961425781 -0.00398635864 0.274658203
vn 0.00154685974 -0.213989258 0.977050781
vn 0.00210762024 -0.0219573975 1
vn -0.990234375 0.137695312 0.0307769775
vn 0.0027141571 0.999511719 0.023651123
vn 0.00275421143 0.999023438 0.043548584
vn -0.993164062 0.110961914 0.0320129395
vn -0.963867188 -0.256591797 0.0688476562
vn -0.975097656 -0.211303711 0.067199707
vn -0.00218391418 -0.98046875 0.196533203
vn -0.00219726562 -0.981445312 0.192260742
vn -0.00208282471 -0.97265625 0.232666016
vn -0.997558594 0.0728759766 0.00513076782
vn 0.00273895264 0.999511719 0.0362243652
vn 0.000348091125 0.70703125 -0.707519531
vn -0.949707031 -0.305908203 0.0689086914
vn -0.998535156 0.0452270508 -0.0364074707
vn -0.0018081665 0.128173828 -0.991699219
vn -0.999511719 0.00880432129 -0.0245056152
vn -0.970703125 -0.182128906 0.155273438
vn -0.00067949295 -0.772460938 0.635253906
vn -0.940917969 -0.0665893555 0.332275391
vn 0.00154685974 -0.213989258 0.977050781
vn -0.0849609375 0.0190734863 -0.99609375
vn -0.0849609375 0.0190734863 -0.99609375
vn -0.905273438 0.0104751587 -0.424560547
vn -0.905273438 0.0104751587 -0.424560547
vn -0.8203125 -0.00859832764 0.571777344
vn -0.8203125 -0.00859832764 0.571777344
vn 0.0849609375 -0.0190734863 0.99609375
vn 0.0849609375 -0.0190734863 0.99609375
vn 0.905273438 -0.0104751587 0.424560547
vn 0.905273438 -0.0104751587 0.424560547
vn 0.8203125 0.00859832764 -0.571777344
vn 0.8203125 0.00859832764 -0.571777344
vn -0.0849609375 0.0190734863 -0.99609375
vn -0.0849609375 0.0190734863 -0.99609375
vn -0.8203125 -0.00859832764 0.571777344
vn 0.0849609375 -0.0190734863 0.99609375
vn 0.0849609375 -0.0190734863 0.99609375
vn -0.8203125 -0.00859832764 0.571777344
vn -0.905273438 0.0104751587 -0.424560547
vn -0.905273438 0.0104751587 -0.424560547
vn -0.0849609375 0.0190734863 -0.99609375
vn -0.0849609375 0.0190734863 -0.99609375
vn 0.8203125 0.00859832764 -0.571777344
vn 0.8203125 0.00859832764 -0.571777344
vn 0.905273438 -0.0104751587 0.424560547
vn 0.905273438 -0.0104751587 0.424560547
vn 0.0849609375 -0.0190734863 0.99609375
vn 0.0849609375 -0.0190734863 0.99609375
vn -0.124572754 0.9921875 0.01902771
vn -0.585449219 0.810546875 0.0165710449
vn -0.585449219 0.810546875 0.0165710449
vn -0.124572754 0.9921875 0.01902771
vn 0.130004883 0.991210938 0.0184783936
vn 0.130004883 0.991210938 0.0184783936
vn 0.58984375 0.807128906 0.0140228271
vn 0.58984375 0.807128906 0.0140228271
vn -0.00211715698 0.0189208984 -1
vn -0.00211334229 0.0189208984 -1
vn -0.00211334229 0.0189208984 -1
vn -0.00211715698 0.0189208984 -1
vn -0.00211715698 0.0189208984 -1
vn -0.00211715698 0.0189208984 -1
vn -0.00211524963 0.0189208984 -1
vn -0.00211524963 0.0189208984 -1
vn -0.810546875 -0.585449219 -0.00936126709
vn -0.810546875 -0.585449219 -0.00936126709
vn -0.810546875 -0.585449219 -0.00936126709
vn -0.810546875 -0.585449219 -0.00936126709
vn 0.00211524963 -0.0189208984 1
vn 0.00211524963 -0.0189208984 1
vn 0.00211715698 -0.0189208984 1
vn 0.00211715698 -0.0189208984 1
vn 0.00211715698 -0.0189208984 1
vn 0.00211715698 -0.0189208984 1
vn 0.00211715698 -0.0189208984 1
vn 0.00211715698 -0.0189208984 1
vn 0.807617188 -0.58984375 -0.0128707886
vn 0.807617188 -0.58984375 -0.0128707886
vn 0.807617188 -0.58984375 -0.0128707886
vn 0.807617188 -0.58984375 -0.0128707886
vn 0.00211715698 -0.0189208984 1
vn 0.00211715698 -0.0189208984 1
vn 0.00211715698 -0.0189208984 1
vn 0.00211715698 -0.0189208984 1
vn -0.00211715698 0.0189208984 -1
vn -0.00211715698 0.0189208984 -1
vn -0.00211715698 0.0189208984 -1
vn -0.00211715698 0.0189208984 -1
vn 1 -0.00266265869 -0.00216674805
vn 1 -0.00266265869 -0.00216674805
vn 1 -0.00266265869 -0.00216674805
vn 1 -0.00266265869 -0.00216674805
vn -1 0.00266265869 0.00216674805
vn -1 0.00266265869 0.00216674805
vn -1 0.00266265869 0.00216674805
vn -1 0.00266265869 0.00216674805
vn 0.00270271301 1 0.0189056396
vn 0.00270271301 1 0.0189056396
vn 0.00270271301 1 0.0189056396
vn 0.00270271301 1 0.0189056396
vn 0.00211715698 -0.0189208984 1
vn 0.00211715698 -0.0189208984 1
vn 0.00211715698 -0.0189208984 1
vn 0.00211715698 -0.0189208984 1
vn -0.00211715698 0.0189208984 -1
vn -0.00211715698 0.0189208984 -1
vn -0.00211715698 0.0189208984 -1
vn -0.00211715698 0.0189208984 -1
vn 1 -0.00266265869 -0.00216674805
vn 1 -0.00266265869 -0.00216674805
vn 1 -0.00266265869 -0.00216674805
vn 1 -0.00266265869 -0.00216674805
vn -1 0.00266265869 0.00216674805
vn -1 0.00266265869 0.00216674805
vn -1 0.00266265869 0.00216674805
vn -1 0.00266265869 0.00216674805
vn 0.00270271301 1 0.0189056396
vn 0.00270271301 1 0.0189056396
vn 0.00270271301 1 0.0189056396
vn 0.00270271301 1 0.0189056396
vn 0.807617188 0.00897216797 -0.58984375
vn -0.810058594 0.0132751465 -0.586425781
vn 0.807617188 0.00897216797 -0.58984375
vn -0.810058594 0.0132751465 -0.586425781
vn -0.807617188 -0.00897216797 0.58984375
vn -0.807617188 -0.00897216797 0.58984375
vn 0.810058594 -0.0132751465 0.586425781
vn 0.810058594 -0.0132751465 0.586425781
vn 0.807617188 0.00897216797 -0.58984375
vn 0.807617188 0.00897216797 -0.58984375
vn 0.51171875 0.849121094 -0.13269043
vn -0.233764648 0.972167969 0.0218963623
vn -0.240356445 0.970214844 -0.0291900635
vn 0.520507812 0.850097656 -0.0820922852
vn 0.953125 0.234619141 -0.19140625
vn 0.961914062 0.233520508 -0.140991211
vn 0.838867188 -0.515625 -0.173095703
vn 0.847167969 -0.517578125 -0.122497559
vn 0.224365234 -0.970703125 -0.0864868164
vn 0.231811523 -0.972167969 -0.0357971191
vn -0.240356445 0.970214844 -0.0291900635
vn -0.233764648 0.972167969 0.0218963623
vn -0.849609375 0.516113281 0.108764648
vn -0.854492188 0.516113281 0.0576171875
vn -0.963378906 -0.235473633 0.127197266
vn -0.969238281 -0.233642578 0.0764160156
vn -0.521484375 -0.850585938 0.0680541992
vn -0.528320312 -0.848632812 0.0174407959
vn 0.231811523 -0.972167969 -0.0357971191
vn 0.224365234 -0.970703125 -0.0864868164
vn 0.165283203 0.449707031 -0.877929688
vn -0.239868164 0.513671875 -0.823730469
vn -0.239868164 0.513671875 -0.823730469
vn 0.163208008 0.451171875 -0.877441406
vn 0.404296875 0.120300293 -0.906738281
vn 0.404296875 0.120483398 -0.906738281
vn 0.341308594 -0.282958984 -0.896484375
vn 0.340087891 -0.284667969 -0.895996094
vn 0.00971221924 -0.526367188 -0.850097656
vn 0.00971221924 -0.526367188 -0.850097656
vn -0.239868164 0.513671875 -0.823730469
vn -0.239868164 0.513671875 -0.823730469
vn -0.569824219 0.272460938 -0.775390625
vn -0.570800781 0.270507812 -0.775390625
vn -0.633789062 -0.132324219 -0.762207031
vn -0.633789062 -0.132568359 -0.762207031
vn -0.393310547 -0.463378906 -0.793945312
vn -0.395263672 -0.462402344 -0.793945312
vn 0.00971221924 -0.526367188 -0.850097656
vn 0.00971221924 -0.526367188 -0.850097656
vn 0.520996094 0.849609375 -0.0824584961
vn -0.234130859 0.972167969 0.0185241699
vn -0.234130859 0.972167969 0.0185241699
vn 0.519042969 0.850585938 -0.0822143555
vn 0.963378906 0.233032227 -0.134155273
vn 0.962402344 0.236083984 -0.134033203
vn 0.848632812 -0.517578125 -0.108276367
vn 0.849609375 -0.515625 -0.108459473
vn 0.234130859 -0.972167969 -0.0185241699
vn 0.234130859 -0.972167969 -0.0185241699
vn -0.234130859 0.972167969 0.0185241699
vn -0.234130859 0.972167969 0.0185241699
vn -0.848632812 0.517578125 0.108276367
vn -0.849609375 0.515625 0.108459473
vn -0.963378906 -0.233032227 0.134155273
vn -0.962402344 -0.236083984 0.134033203
vn -0.520996094 -0.849609375 0.0824584961
vn -0.519042969 -0.850585938 0.0822143555
vn 0.234130859 -0.972167969 -0.0185241699
vn 0.234130859 -0.972167969 -0.0185241699
vn -0.615722656 -0.369628906 0.695800781
vn 0.6328125 0.314941406 0.70703125
vn 0.656738281 0.266845703 0.705078125
vn -0.640136719 -0.321777344 0.697753906
vn -0.618652344 -0.343017578 -0.706542969
vn -0.447265625 0.894042969 0.017868042
vn -0.643066406 -0.295166016 -0.706542969
vn 0.653808594 0.293457031 -0.697265625
vn -0.643066406 -0.295166016 -0.706542969
vn -0.618652344 -0.343017578 -0.706542969
vn 0.629882812 0.341552734 -0.697265625
vn 0.656738281 0.266845703 0.705078125
vn -0.447265625 0.894042969 0.017868042
vn 0.6328125 0.314941406 0.70703125
vn -0.615722656 -0.369628906 0.695800781
vn 0.6328125 0.314941406 0.70703125
vn 0.656738281 0.266845703 0.705078125
vn -0.640136719 -0.321777344 0.697753906
vn -0.618652344 -0.343017578 -0.706542969
vn -0.447265625 0.894042969 0.017868042
vn -0.643066406 -0.295166016 -0.706542969
vn 0.653808594 0.293457031 -0.697265625
vn -0.643066406 -0.295166016 -0.706542969
vn -0.618652344 -0.343017578 -0.706542969
vn 0.629882812 0.341552734 -0.697265625
vn 0.656738281 0.266845703 0.705078125
vn -0.447265625 0.894042969 0.017868042
vn 0.6328125 0.314941406 0.70703125
vn -0.685546875 -0.727539062 0.024307251
vn 0.00120258331 -0.319580078 0.947753906
vn 0.682128906 -0.730957031 0.0213470459
vn -0.675292969 -0.737304688 0.00515365601
vn 0.671386719 -0.741210938 0.0022354126
vn -0.681640625 0.729492188 0.0518798828
vn -0.671386719 0.740234375 0.0331115723
vn 0.675292969 0.736816406 0.0301818848
vn 0.00283241272 0.283447266 0.958984375
vn 0.00120258331 -0.319580078 0.947753906
vn 0.686035156 0.726074219 0.0489196777
vn 0.00283241272 0.283447266 0.958984375
vn 0.671386719 -0.741210938 0.0022354126
vn 0.682128906 -0.730957031 0.0213470459
vn 0.00120258331 -0.319580078 0.947753906
vn 0.00283241272 0.283447266 0.958984375
vn 0.00211715698 -0.0189208984 1
vn 0.00211715698 -0.0189208984 1
vn 0.00211715698 -0.0189208984 1
vn 0.00211715698 -0.0189208984 1
vn 0.00270271301 1 0.0189056396
vn 0.00270271301 1 0.0189056396
vn 0.00270271301 1 0.0189056396
vn 0.00270271301 1 0.0189056396
vn -0.00211715698 0.0189208984 -1
vn -0.00211715698 0.0189208984 -1
vn -0.00211715698 0.0189208984 -1
vn -0.00211715698 0.0189208984 -1
vn -0.00270271301 -1 -0.0189056396
vn -0.00270271301 -1 -0.0189056396
vn -0.00270271301 -1 -0.0189056396
vn -0.00270271301 -1 -0.0189056396
vn 1 -0.00266265869 -0.00216674805
vn 1 -0.00266265869 -0.00216674805
vn 1 -0.00266265869 -0.00216674805
vn 1 -0.00266265869 -0.00216674805
vn -1 0.00266265869 0.00216674805
vn -1 0.00266265869 0.00216674805
vn -1 0.00266265869 0.00216674805
vn -1 0.00266265869 0.00216674805
vn 0.58984375 0.807128906 0.0140228271
vn 0.58984375 0.807128906 0.0140228271
vn 0.300292969 0.953613281 0.0174102783
vn 0.300292969 0.953613281 0.0174102783
vn -0.295166016 0.955078125 0.0186920166
vn -0.295166016 0.955078125 0.0186920166
vn -0.687988281 0.725585938 0.0151824951
vn -0.687988281 0.725585938 0.0151824951
vn 0.184570312 0.273193359 -0.943847656
vn 0.184570312 0.273193359 -0.943847656
vn 0.0903930664 0.305664062 -0.947753906
vn 0.0903930664 0.305664062 -0.947753906
vn -0.0928955078 0.306152344 -0.947265625
vn -0.0928955078 0.306152344 -0.947265625
vn -0.187133789 0.274169922 -0.943359375
vn -0.187133789 0.274169922 -0.943359375
vn 0.0944213867 0.26953125 0.958496094
vn 0.188598633 0.237304688 0.953125
vn 0.188598633 0.237304688 0.953125
vn 0.0944213867 0.26953125 0.958496094
vn -0.0888671875 0.270019531 0.958496094
vn -0.0888671875 0.270019531 0.958496094
vn -0.183227539 0.23828125 0.953613281
vn -0.183227539 0.23828125 0.953613281
vn 0.952636719 -0.304199219 -0.00777435303
vn 0.952636719 -0.304199219 -0.00777435303
vn 0.952636719 -0.304199219 -0.00777435303
vn 0.952636719 -0.304199219 -0.00777435303
vn -0.954101562 -0.299072266 -0.00364112854
vn -0.687988281 0.725585938 0.0151824951
vn -0.687988281 0.725585938 0.0151824951
vn -0.954101562 -0.299072266 -0.00364112854
vn 0.00211524963 -0.0189208984 1
vn 0.00211715698 -0.0189208984 1
vn 0.00211715698 -0.0189208984 1
vn 0.00211524963 -0.0189208984 1
vn 0.00211715698 -0.0189208984 1
vn 0.00211715698 -0.0189208984 1
vn 0.00211906433 -0.0189208984 1
vn 0.00211906433 -0.0189208984 1
vn 0.00211715698 -0.0189208984 1
vn 0.00211715698 -0.0189208984 1
vn 0.00211524963 -0.0189208984 1
vn 0.00211524963 -0.0189208984 1
vn 0.00211715698 -0.0189208984 1
vn 0.00211715698 -0.0189208984 1
vn 0.00211715698 -0.0189208984 1
vn 0.00211715698 -0.0189208984 1
vn 0.00211334229 -0.0189208984 1
vn 0.00211334229 -0.0189208984 1
vn 0.00211524963 -0.0189208984 1
vn 0.00211524963 -0.0189208984 1
vn 0.00211715698 -0.0189208984 1
vn 0.00211715698 -0.0189208984 1
vn 0.00211524963 -0.0189208984 1
vn 0.00211524963 -0.0189208984 1
vn -0.00211715698 0.0189208984 -1
vn -0.00211715698 0.0189208984 -1
vn -0.00211715698 0.0189208984 -1
vn -0.00211715698 0.0189208984 -1
vn -0.00211524963 0.0189208984 -1
vn -0.00211524963 0.0189208984 -1
vn -0.00211334229 0.0189208984 -1
vn -0.00211334229 0.0189208984 -1
vn -0.00211524963 0.0189208984 -1
vn -0.00211524963 0.0189208984 -1
vn -0.00211715698 0.0189208984 -1
vn -0.00211715698 0.0189208984 -1
vn -0.00211715698 0.0189208984 -1
vn -0.00211715698 0.0189208984 -1
vn -0.00211715698 0.0189208984 -1
vn -0.00211715698 0.0189208984 -1
vn -0.00211906433 0.0189208984 -1
vn -0.00211906433 0.0189208984 -1
vn -0.00211715698 0.0189208984 -1
vn -0.00211715698 0.0189208984 -1
vn -0.00211715698 0.0189208984 -1
vn -0.00211715698 0.0189208984 -1
vn -0.00211715698 0.0189208984 -1
vn -0.00211715698 0.0189208984 -1
vn 0.311523438 0.950195312 0.0173187256
vn -0.306396484 0.951660156 0.018661499
vn -0.306396484 0.951660156 0.018661499
vn 0.311523438 0.950195312 0.0173187256
vn 0.810546875 0.585449219 0.00936126709
vn 0.810546875 0.585449219 0.00936126709
vn 1 -0.00266265869 -0.00216674805
vn 1 -0.00266265869 -0.00216674805
vn 0.807617188 -0.58984375 -0.0128707886
vn 0.807617188 -0.58984375 -0.0128707886
vn 0.306396484 -0.951660156 -0.0186462402
vn 0.306396484 -0.951660156 -0.0186462402
vn 0.306396484 -0.951660156 -0.018661499
vn 0.306396484 -0.951660156 -0.018661499
vn -0.311523438 -0.950195312 -0.0173187256
vn -0.311523438 -0.950195312 -0.0173187256
vn -0.810546875 -0.585449219 -0.00936126709
vn -0.810546875 -0.585449219 -0.00936126709
vn -1 0.00266265869 0.00216674805
vn -1 0.00266265869 0.00216674805
vn -0.807617188 0.58984375 0.0128707886
vn -0.807617188 0.58984375 0.0128707886
vn -0.306396484 0.951660156 0.018661499
vn -0.306396484 0.951660156 0.018661499
vn -0.306396484 0.951660156 0.018661499
vn -0.306396484 0.951660156 0.018661499
vn -0.807617188 0.58984375 0.0128707886
vn -0.807617188 0.58984375 0.0128707886
vn -1 0.00266265869 0.0021686554
vn -1 0.00266265869 0.0021686554
vn -0.810546875 -0.585449219 -0.00936126709
vn -0.810546875 -0.585449219 -0.00936126709
vn -0.311523438 -0.950195312 -0.0173187256
vn -0.311523438 -0.950195312 -0.0173187256
vn 0.306396484 -0.951660156 -0.0186462402
vn 0.306396484 -0.951660156 -0.0186462402
vn 0.807617188 -0.58984375 -0.0128707886
vn 0.306396484 -0.951660156 -0.018661499
vn 0.306396484 -0.951660156 -0.018661499
vn 0.807617188 -0.58984375 -0.0128707886
vn 1 -0.00266265869 -0.0021686554
vn 1 -0.00266265869 -0.0021686554
vn 0.810546875 0.585449219 0.00936126709
vn 0.810546875 0.585449219 0.00936126709
vn 0.311523438 0.950195312 0.0173187256
vn 0.311523438 0.950195312 0.0173187256
vn -0.306396484 0.951660156 0.018661499
vn -0.306396484 0.951660156 0.018661499
vn 0.944335938 0.306396484 -0.11895752
vn 0.951660156 0.306396484 0.00378227234
vn 0.810546875 0.585449219 0.00936126709
vn 0.803710938 0.583007812 -0.119628906
vn 0.311523438 0.950195312 0.0173187256
vn 0.576660156 0.430908203 -0.693847656
vn 0.694335938 0.236816406 -0.6796875
vn -0.00172424316 0.15625 -0.987792969
vn 0.30859375 0.944335938 -0.111755371
vn -0.306396484 0.951660156 0.018661499
vn 0.220825195 0.690917969 -0.687988281
vn -0.304199219 0.946289062 -0.110412598
vn -0.807617188 0.58984375 0.0128707886
vn -0.220092773 0.692382812 -0.687011719
vn -0.577636719 0.434082031 -0.69140625
vn -0.695800781 0.240600586 -0.676757812
vn -0.80078125 0.587402344 -0.116149902
vn -0.950195312 0.311523438 0.00790405273
vn -0.943359375 0.311523438 -0.114868164
vn -0.311523438 -0.950195312 -0.0173187256
vn -0.311523438 -0.950195312 -0.0173187256
vn -0.290039062 -0.955566406 -0.0552978516
vn -0.289550781 -0.955566406 -0.0558776855
vn -0.0960083008 -0.983398438 -0.153076172
vn -0.0941162109 -0.983886719 -0.153198242
vn -0.00297737122 -0.986816406 -0.160522461
vn -0.00297737122 -0.986816406 -0.160522461
vn 0.0900878906 -0.983886719 -0.153442383
vn 0.0881958008 -0.984375 -0.153564453
vn 0.284667969 -0.95703125 -0.0565185547
vn 0.284423828 -0.95703125 -0.0571289062
vn 0.306396484 -0.951660156 -0.018661499
vn 0.306396484 -0.951660156 -0.018661499
vn 0.00211524963 -0.0189208984 1
vn 0.00211524963 -0.0189208984 1
vn 0.00211524963 -0.0189208984 1
vn 0.00211524963 -0.0189208984 1
vn 0.00211715698 -0.0189208984 1
vn 0.00211715698 -0.0189208984 1
vn 0.00211715698 -0.0189208984 1
vn 0.00211715698 -0.0189208984 1
vn 0.00211715698 -0.0189208984 1
vn 0.00211715698 -0.0189208984 1
vn 0.00211524963 -0.0189208984 1
vn 0.00211524963 -0.0189208984 1
vn 0.00149440765 0.905761719 -0.423583984
vn 0.00149440765 0.905761719 -0.423583984
vn 0.00149440765 0.905761719 -0.423583984
vn 0.00149440765 0.905761719 -0.423583984
vn 0.00270271301 1 0.0189056396
vn 0.00270271301 1 0.0189056396
vn 0.00270271301 1 0.0189056396
vn 0.00270271301 1 0.0189056396
vn -0.00134658813 0.276611328 -0.9609375
vn -0.00134658813 0.276611328 -0.9609375
vn -0.00134658813 0.276611328 -0.9609375
vn -0.00134658813 0.276611328 -0.9609375
vn 0.00211715698 -0.0189208984 1
vn 0.00211715698 -0.0189208984 1
vn 0.00211715698 -0.0189208984 1
vn 0.00211715698 -0.0189208984 1
vn -0.00270271301 -1 -0.0189056396
vn -0.00270271301 -1 -0.0189056396
vn -0.00270271301 -1 -0.0189056396
vn -0.00270271301 -1 -0.0189056396
vn -0.00149726868 -0.90625 0.422851562
vn -0.00149726868 -0.90625 0.422851562
vn -0.00149726868 -0.90625 0.422851562
vn -0.00149726868 -0.90625 0.422851562
vn -0.00270271301 -1 -0.0189056396
vn -0.00270271301 -1 -0.0189056396
vn -0.00270271301 -1 -0.0189056396
vn -0.00270271301 -1 -0.0189056396
vn 0.00125598907 -0.303710938 0.952636719
vn 0.00125598907 -0.303710938 0.952636719
vn 0.00125598907 -0.303710938 0.952636719
vn 0.00125598907 -0.303710938 0.952636719
vn 1 -0.00266265869 -0.00216674805
vn 1 -0.00266265869 -0.00216674805
vn 1 -0.00266265869 -0.00216674805
vn 1 -0.00266265869 -0.00216674805
vn 1 -0.00266265869 -0.00216674805
vn 1 -0.00266265869 -0.00216674805
vn 1 -0.00266265869 -0.00216674805
vn 1 -0.00266265869 -0.00216674805
vn -1 0.00266265869 0.00216674805
vn -1 0.00266265869 0.00216674805
vn -1 0.00266265869 0.00216674805
vn -1 0.00266265869 0.00216674805
vn -1 0.00266265869 0.00216674805
vn -1 0.00266265869 0.00216674805
vn -1 0.00266265869 0.00216674805
vn -1 0.00266265869 0.00216674805
vn -1 0.00266265869 0.00216674805
vn -1 0.00266265869 0.00216674805
vn -1 0.00266265869 0.00216674805
vn -1 0.00266265869 0.00216674805
vn 1 -0.00266265869 -0.00216674805
vn 1 -0.00266265869 -0.00216674805
vn 1 -0.00266265869 -0.00216674805
vn 1 -0.00266265869 -0.00216674805
vn 1 -0.00266265869 -0.00216674805
vn 1 -0.00266265869 -0.00216674805
vn 1 -0.00266265869 -0.00216674805
vn 1 -0.00266265869 -0.00216674805
vn -1 0.00266265869 0.00216674805
vn -1 0.00266265869 0.00216674805
vn -1 0.00266265869 0.00216674805
vn -1 0.00266265869 0.00216674805
vn -0.00266265869 -0.203125 -0.979003906
vn -0.00211715698 0.0189208984 -1
vn -0.00211715698 0.0189208984 -1
vn -0.00266265869 -0.203125 -0.979003906
vn -0.00292396545 -0.329345703 -0.944335938
vn -0.00292396545 -0.329345703 -0.944335938
vn 1 -0.00266265869 -0.00216674805
vn 1 -0.00266265869 -0.00216674805
vn 1 -0.00266265869 -0.00216674805
vn 1 -0.00266265869 -0.00216674805
vn 1 -0.00266265869 -0.00216674805
vn 1 -0.00266265869 -0.00216674805
vn -1 0.00266265869 0.00216674805
vn -1 0.00266265869 0.00216674805
vn -1 0.00266265869 0.00216674805
vn -1 0.00266265869 0.00216674805
vn -1 0.00266265869 0.00216674805
vn -1 0.00266265869 0.00216674805
vn 0.00247573853 0.122253418 0.992675781
vn 0.00211715698 -0.0189208984 1
vn 0.00211715698 -0.0189208984 1
vn 0.00247573853 0.122253418 0.992675781
vn 0.00269889832 0.219848633 0.975585938
vn 0.00269889832 0.219848633 0.975585938
vn -0.00119590759 -0.861816406 0.507324219
vn -0.00119590759 -0.861816406 0.507324219
vn -0.00119590759 -0.861816406 0.507324219
vn -0.00119590759 -0.861816406 0.507324219
vn 0.00333786011 0.605957031 0.795410156
vn 0.00333786011 0.605957031 0.795410156
vn 0.00333786011 0.605957031 0.795410156
vn 0.00333786011 0.605957031 0.795410156
vn 0.00221252441 0.982421875 -0.186523438
vn 0.000803947449 0.795410156 -0.606445312
vn 0.000803947449 0.795410156 -0.606445312
vn 0.00221252441 0.982421875 -0.186523438
vn 0.0029296875 0.991210938 0.133666992
vn 0.0029296875 0.991210938 0.133666992
vn -0.00333786011 -0.605957031 -0.795410156
vn -0.00333786011 -0.605957031 -0.795410156
vn -0.00333786011 -0.605957031 -0.795410156
vn -0.00333786011 -0.605957031 -0.795410156
vn 1 -0.00266265869 -0.00216674805
vn 1 -0.00266265869 -0.00216674805
vn 1 -0.00266265869 -0.00216674805
vn 1 -0.00266265869 -0.00216674805
vn 1 -0.00266265869 -0.00216674805
vn -1 0.00266265869 0.00216674805
vn -1 0.00266265869 0.00216674805
vn -1 0.00266265869 0.00216674805
vn -1 0.00266265869 0.00216674805
vn -1 0.00266265869 0.00216674805
vn -0.825195312 0.559082031 -0.0782470703
vn -0.99609375 0.00431442261 -0.0879516602
vn -0.99609375 0.00141048431 -0.0879516602
vn -0.795410156 0.601074219 -0.0775146484
vn -0.351318359 0.93359375 -0.0722045898
vn -0.287597656 0.955078125 -0.0719604492
vn 0.257324219 0.963378906 -0.0728759766
vn 0.331054688 0.940917969 -0.0733642578
vn 0.821777344 0.563964844 -0.0806274414
vn 0.779785156 0.620605469 -0.0796508789
vn 0.995605469 0.00225639343 -0.0949707031
vn 0.995605469 0.000224113464 -0.0950317383
vn -0.995605469 -0.00200462341 0.0920410156
vn -0.995605469 -0.00220870972 0.0919799805
vn -0.782226562 0.614257812 0.103881836
vn -0.813964844 0.571777344 0.103088379
vn -0.259521484 0.959472656 0.109741211
vn -0.324951172 0.939453125 0.109436035
vn 0.363037109 0.925292969 0.107788086
vn 0.290039062 0.950683594 0.108459473
vn 0.8359375 0.540039062 0.0985717773
vn 0.798828125 0.593261719 0.0997924805
vn 0.996582031 -0.00398635864 0.0841674805
vn 0.996582031 -0.00681304932 0.0841064453
vn -0.99609375 0.00431442261 -0.0879516602
vn -0.776367188 -0.622558594 -0.0971679688
vn -0.99609375 0.00141048431 -0.0879516602
vn -0.825195312 -0.557128906 -0.096496582
vn -0.255859375 -0.961425781 -0.101196289
vn -0.344238281 -0.93359375 -0.100585938
vn 0.301025391 -0.946777344 -0.113525391
vn 0.249267578 -0.961914062 -0.111816406
vn 0.801269531 -0.587402344 -0.113342285
vn 0.770019531 -0.627929688 -0.114685059
vn 0.995605469 0.000224113464 -0.0950317383
vn 0.995605469 0.00225639343 -0.0949707031
vn -0.802734375 -0.591308594 0.0776977539
vn -0.995605469 -0.00220870972 0.0919799805
vn -0.995605469 -0.00200462341 0.0920410156
vn -0.760742188 -0.64453125 0.0759887695
vn -0.308105469 -0.94921875 0.0643920898
vn -0.227172852 -0.971679688 0.063293457
vn 0.257568359 -0.964355469 0.0566711426
vn 0.320800781 -0.9453125 0.0558166504
vn 0.778808594 -0.624023438 0.0626831055
vn 0.814941406 -0.575683594 0.0647583008
vn 0.996582031 -0.00398635864 0.0841674805
vn 0.996582031 -0.00681304932 0.0841064453
vn 0.418212891 0.906738281 -0.0568847656
vn 0.418457031 0.90625 -0.0568847656
vn -0.23059082 0.969238281 -0.0837402344
vn -0.2421875 0.966308594 -0.0843505859
vn -0.789550781 0.606933594 -0.0907592773
vn -0.783691406 0.614257812 -0.091003418
vn -0.995605469 0.021484375 -0.088684082
vn -0.995605469 0.0323181152 -0.0883789062
vn -0.778808594 -0.614257812 -0.126342773
vn -0.811035156 -0.572265625 -0.122314453
vn -0.25 -0.959960938 -0.124816895
vn -0.284179688 -0.950195312 -0.127319336
vn 0.193847656 -0.975097656 -0.106201172
vn 0.198730469 -0.974121094 -0.106262207
vn -0.250732422 0.962402344 0.103759766
vn 0.381835938 0.918945312 0.100463867
vn 0.420410156 0.901855469 0.0983886719
vn -0.268066406 0.958007812 0.103027344
vn -0.80078125 0.591796875 0.0927124023
vn -0.802734375 0.588867188 0.0927734375
vn -0.995605469 0.0271148682 0.0913085938
vn -0.995605469 0.0128097534 0.091003418
vn -0.819824219 -0.569335938 0.0586853027
vn -0.791503906 -0.608886719 0.0547485352
vn -0.296875 -0.953613281 0.0497436523
vn -0.267578125 -0.962402344 0.0513916016
vn 0.175048828 -0.982910156 0.0529174805
vn 0.160644531 -0.985351562 0.0537719727
vn 0.193847656 -0.975097656 -0.106201172
vn 0.198730469 -0.974121094 -0.106262207
vn 0.387207031 -0.9140625 -0.120056152
vn 0.363037109 -0.924316406 -0.116271973
vn 0.846191406 -0.494140625 -0.19909668
vn 0.882324219 -0.422851562 -0.205688477
vn 0.923828125 0.313476562 -0.219116211
vn 0.944824219 0.241455078 -0.222167969
vn 0.358398438 0.924316406 -0.130493164
vn 0.430175781 0.891601562 -0.142333984
vn 0.453613281 0.889160156 -0.0625610352
vn 0.449462891 0.891113281 -0.0628662109
vn 0.418212891 0.906738281 -0.0568847656
vn 0.418457031 0.90625 -0.0568847656
vn 0.355224609 -0.934082031 0.0351867676
vn 0.160644531 -0.985351562 0.0537719727
vn 0.175048828 -0.982910156 0.0529174805
vn 0.327880859 -0.943847656 0.0391235352
vn 0.868164062 -0.495605469 -0.031829834
vn 0.826171875 -0.562988281 -0.0260925293
vn 0.965332031 0.256103516 -0.0479736328
vn 0.950195312 0.30859375 -0.0462341309
vn 0.357421875 0.933105469 0.0327453613
vn 0.400634766 0.916015625 0.0271148682
vn 0.41796875 0.905273438 0.0785522461
vn 0.436035156 0.896484375 0.0790405273
vn 0.420410156 0.901855469 0.0983886719
vn 0.381835938 0.918945312 0.100463867
vn 0.935058594 0.354492188 -0.00651550293
vn 0.935058594 0.354492188 -0.00651550293
vn -0.017868042 0.999511719 0.0328369141
vn -0.0182495117 0.999511719 0.0328369141
vn -0.239257812 0.971191406 0.00159072876
vn -0.174072266 0.984863281 -0.00560760498
vn 0.51171875 0.853515625 -0.0996704102
vn 0.54296875 0.833496094 -0.104858398
vn 0.956542969 0.240234375 -0.16394043
vn -0.15637207 0.987792969 -0.00811767578
vn -0.0121688843 0.999511719 0.0345153809
vn 0.913574219 0.406738281 0.00978851318
vn 0.913574219 0.406738281 0.00978851318
vn 0.546386719 0.831054688 -0.10559082
vn 0.956054688 0.242431641 -0.163818359
vn 0.838378906 -0.529785156 -0.12902832
vn 0.957519531 0.237792969 -0.1640625
vn 0.853027344 -0.504882812 -0.131835938
vn 0.163696289 -0.986328125 -0.00188827515
vn 0.856445312 -0.499023438 -0.132568359
vn 0.212890625 -0.977050781 -0.0110473633
vn 0.164672852 -0.986328125 -0.00207710266
vn 0.213989258 -0.9765625 -0.0112533569
vn 0.118347168 -0.992675781 0.0206756592
vn 0.0465393066 -0.998535156 0.0290985107
vn 0.468017578 -0.883300781 -0.0230865479
vn 0.468017578 -0.883300781 -0.0230865479
vn 0.0772705078 -0.997070312 0.00624084473
vn 0.0308837891 -0.999511719 0.016784668
vn 0.485595703 -0.869628906 -0.0891113281
vn 0.485595703 -0.869628906 -0.0891113281
vn 0.151977539 0.447509766 0.881347656
vn 0.875488281 0.481689453 -0.0382995605
vn 0.254882812 0.503417969 0.825683594
vn 0.621582031 0.774902344 -0.112731934
vn 0.632324219 -0.0361022949 -0.773925781
vn 0.352050781 0.297607422 -0.887695312
vn 0.156738281 0.468505859 -0.869628906
vn 0.331298828 0.943359375 0.0171508789
vn 0.160522461 0.435302734 0.885742188
vn -0.579589844 -0.814941406 -0.0141830444
vn -0.873535156 -0.483154297 -0.0574035645
vn -0.873046875 -0.484130859 -0.0572509766
vn -0.603515625 -0.796875 -0.0137939453
vn -0.328369141 -0.944335938 -0.0171661377
vn -0.328369141 -0.944335938 -0.0171661377
vn -0.873535156 -0.483154297 -0.0574035645
vn -0.980957031 -0.14440918 -0.131347656
vn -0.873046875 -0.484130859 -0.0572509766
vn -0.985351562 -0.0927124023 -0.143798828
vn -0.931152344 0.247314453 -0.268310547
vn -0.8828125 0.344482422 -0.318847656
vn -0.626953125 0.620605469 -0.471435547
vn -0.458984375 0.715820312 -0.525878906
vn 0.875488281 0.481689453 -0.0382995605
vn 0.363037109 0.501464844 0.785644531
vn 0.254882812 0.503417969 0.825683594
vn 0.995605469 -0.0262145996 0.0910644531
vn 0.632324219 -0.0361022949 -0.773925781
vn 0.46484375 0.413818359 0.782714844
vn 0.623535156 -0.325195312 -0.7109375
vn 0.885253906 -0.387695312 0.256591797
vn 0.464355469 0.255615234 0.848144531
vn 0.311767578 -0.727050781 -0.611816406
vn 0.518554688 -0.700195312 0.490722656
vn -0.0465087891 -0.855957031 -0.515136719
vn -0.458984375 0.715820312 -0.525878906
vn -0.00634765625 0.819824219 -0.572265625
vn -0.626953125 0.620605469 -0.471435547
vn 0.071472168 0.818847656 -0.569335938
vn 0.460449219 0.71484375 -0.525878906
vn 0.433349609 0.729492188 -0.529785156
vn 0.661132812 0.577636719 -0.479003906
vn 0.661132812 0.577636719 -0.479003906
vn 0.518554688 -0.700195312 0.490722656
vn 0.358642578 0.102722168 0.927734375
vn 0.464355469 0.255615234 0.848144531
vn -0.0674438477 -0.807617188 0.5859375
vn -0.0465087891 -0.855957031 -0.515136719
vn 0.213745117 0.0429077148 0.976074219
vn -0.370849609 -0.820800781 -0.434326172
vn -0.560058594 -0.712402344 0.422851562
vn 0.197387695 0.0481262207 0.979003906
vn -0.587402344 -0.702148438 -0.402099609
vn -0.809082031 -0.5859375 0.0485839844
vn -0.778808594 -0.526855469 -0.33984375
vn 0.937011719 0.336181641 -0.0967407227
vn 0.937011719 0.336181641 -0.0967407227
vn 0.937011719 0.336181641 -0.0967407227
vn 0.937011719 0.336181641 -0.0967407227
vn 0.750976562 0.512695312 0.416259766
vn 0.750976562 0.512695312 0.416259766
vn 0.750976562 0.512695312 0.416259766
vn 0.750976562 0.512695312 0.416259766
vn 0.841308594 0.0406494141 -0.5390625
vn 0.841308594 0.0406494141 -0.5390625
vn 0.841308594 0.0406494141 -0.5390625
vn 0.841308594 0.0406494141 -0.5390625
vn 0.949707031 0.311767578 0.0299377441
vn 0.949707031 0.311767578 0.0299377441
vn 0.949707031 0.311767578 0.0299377441
vn 0.949707031 0.311767578 0.0299377441
vn 0.94921875 0.313964844 0.0286102295
vn 0.94921875 0.313964844 0.0286102295
vn 0.956542969 0.291992188 -0.00888061523
vn 0.956542969 0.291992188 -0.00888061523
vn 0.956542969 0.291992188 -0.00888061523
vn 0.956542969 0.291992188 -0.00888061523
vn 0.955078125 0.296875 -0.0114059448
vn 0.955078125 0.296875 -0.0114059448
vn 0.784667969 0.409912109 0.465332031
vn 0.784667969 0.409912109 0.465332031
vn 0.784667969 0.409912109 0.465332031
vn 0.784667969 0.409912109 0.465332031
vn 0.978515625 0.204101562 -0.0260772705
vn 0.978515625 0.204101562 -0.0260772705
vn 0.978515625 0.204101562 -0.0260772705
vn 0.978515625 0.204101562 -0.0260772705
vn 0.830078125 -0.0478210449 -0.555664062
vn 0.830078125 -0.0478210449 -0.555664062
vn 0.830078125 -0.0478210449 -0.555664062
vn 0.830078125 -0.0478210449 -0.555664062
vn 0.941894531 -0.0715942383 0.328369141
vn 0.00154685974 -0.213989258 0.977050781
vn 0.00210762024 -0.0219573975 1
vn 0.962890625 -0.00910949707 0.270507812
vn 0.998535156 0.000667572021 -0.0518188477
vn 0.999511719 0.00348472595 -0.0288391113
vn -0.0020275116 0.0512084961 -0.998535156
vn -0.0018081665 0.128173828 -0.991699219
vn 0.941894531 -0.0715942383 0.328369141
vn -0.00067949295 -0.772460938 0.635253906
vn 0.00154685974 -0.213989258 0.977050781
vn 0.970703125 -0.18737793 0.151123047
vn 0.998535156 0.0399169922 -0.0407409668
vn 0.999511719 0.00348472595 -0.0288391113
vn -0.0018081665 0.128173828 -0.991699219
vn 0.000348091125 0.70703125 -0.707519531
vn 0.00273895264 0.999511719 0.0362243652
vn 0.948242188 -0.311035156 0.0647583008
vn -0.00208282471 -0.97265625 0.232666016
vn 0.997558594 0.0675048828 0.000781059265
vn 0.994140625 0.105651855 0.0277252197
vn 0.00275421143 0.999023438 0.043548584
vn 0.0027141571 0.999511719 0.023651123
vn 0.990722656 0.132446289 0.0264892578
vn 0.962890625 -0.26171875 0.0646362305
vn -0.00219726562 -0.981445312 0.192260742
vn 0.974121094 -0.216552734 0.0629272461
vn -0.00218391418 -0.98046875 0.196533203
vn -0.977539062 -0.174316406 0.116638184
vn -0.977539062 -0.174316406 0.116638184
vn -0.165649414 -0.985839844 0.0301818848
vn -0.165283203 -0.985839844 0.0301513672
vn 0.0511779785 -0.998046875 -0.0299224854
vn -0.0157928467 -0.999511719 -0.0284729004
vn -0.671386719 -0.740722656 -0.031463623
vn -0.698242188 -0.71484375 -0.0325012207
vn -0.998046875 -0.0540771484 -0.0365600586
vn -0.997558594 -0.0563659668 -0.0365905762
vn -0.733886719 0.679199219 -0.0175933838
vn -0.752929688 0.657714844 -0.0184173584
vn 0.0253143311 0.999511719 0.0196685791
vn -0.0255279541 0.999511719 0.0170593262
vn 0.112487793 0.993652344 0.0163574219
vn 0.159423828 0.986816406 0.0207061768
vn -0.321289062 0.946777344 -0.0244445801
vn -0.321289062 0.946777344 -0.0244445801
vn -0.701660156 -0.711914062 -0.0327453613
vn -0.998046875 -0.0516357422 -0.0365905762
vn -0.757324219 0.652832031 -0.0187072754
vn 0.0242462158 0.999511719 0.0196228027
vn -0.0266876221 0.999511719 0.016998291
vn 0.0735473633 0.996582031 0.0360717773
vn 0.145629883 0.988769531 0.0349731445
vn -0.29296875 0.955078125 0.0387268066
vn -0.29296875 0.955078125 0.0387268066
vn -0.0338745117 -0.999023438 -0.0286407471
vn 0.0295410156 -0.999023438 -0.0299377441
vn -0.171386719 -0.984863281 0.0326843262
vn -0.171020508 -0.984863281 0.032623291
vn -0.964355469 -0.229980469 0.129882812
vn -0.964355469 -0.229980469 0.129882812
vn 0.655761719 -0.662109375 -0.362792969
vn 0.368164062 0.0798339844 0.926269531
vn 0.66796875 -0.720703125 -0.186279297
vn 0.892578125 0.258300781 0.369628906
vn -0.737304688 0.660644531 -0.143188477
vn 0.879394531 0.446044922 0.166625977
vn 0.536621094 -0.808105469 -0.243652344
vn -0.859863281 0.498535156 0.109619141
vn -0.877929688 0.446533203 0.171630859
vn -0.506347656 0.0563354492 -0.860351562
vn -0.76953125 -0.415283203 -0.484863281
vn -0.902832031 -0.39453125 -0.170166016
vn 0.66796875 -0.720703125 -0.186279297
vn 0.536621094 -0.808105469 -0.243652344
vn 0.655761719 -0.662109375 -0.362792969
vn 0.368164062 0.0798339844 0.926269531
vn 0.53515625 -0.844726562 -0.0177001953
vn 0.66796875 -0.720703125 -0.186279297
vn 0.0180053711 -0.0997924805 0.994628906
vn 0.584472656 -0.807617188 -0.0797729492
vn -0.737304688 0.660644531 -0.143188477
vn -0.296386719 -0.10949707 0.948730469
vn -0.558105469 0.828613281 -0.039642334
vn -0.506347656 0.0563354492 -0.860351562
vn -0.496826172 0.8515625 -0.166992188
vn -0.0233154297 0.111694336 -0.993652344
vn 0.66796875 -0.720703125 -0.186279297
vn 0.321777344 0.13671875 -0.937011719
vn 0.53515625 -0.844726562 -0.0177001953
vn 0.584472656 -0.807617188 -0.0797729492
vn 0.647949219 -0.758789062 0.0642700195
vn 0.522949219 -0.8515625 0.0368041992
vn 0.927734375 0.309570312 -0.208374023
vn 0.747070312 0.252441406 -0.614746094
vn 0.584472656 -0.807617188 -0.0797729492
vn -0.141967773 0.988769531 0.0492858887
vn 0.321777344 0.13671875 -0.937011719
vn -0.458984375 0.873046875 -0.1640625
vn -0.984375 -0.167480469 0.0552368164
vn -0.496826172 0.8515625 -0.166992188
vn -0.791015625 -0.229736328 0.566894531
vn 0.522949219 -0.8515625 0.0368041992
vn -0.296386719 -0.10949707 0.948730469
vn 0.647949219 -0.758789062 0.0642700195
vn 0.584472656 -0.807617188 -0.0797729492
vn -0.984375 -0.167480469 0.0552368164
vn 0.252197266 -0.93359375 -0.254882812
vn 0.522949219 -0.8515625 0.0368041992
vn -0.987304688 -0.106750488 -0.117492676
vn -0.141967773 0.988769531 0.0492858887
vn 0.21887207 -0.908691406 -0.355224609
vn -0.15625 0.956542969 0.245483398
vn 0.927734375 0.309570312 -0.208374023
vn -0.970703125 -0.190307617 -0.147094727
vn 0.0900268555 -0.96484375 -0.24609375
vn -0.991210938 -0.048614502 -0.122436523
vn -0.0540771484 0.935058594 0.349853516
vn 0.059387207 0.968261719 0.242797852
vn 0.969238281 0.217651367 0.114990234
vn 0.522949219 -0.8515625 0.0368041992
vn 0.252197266 -0.93359375 -0.254882812
vn 0.985351562 0.130249023 0.111877441
vn 0.938964844 0.302001953 0.164306641
vn 0.21887207 -0.908691406 -0.355224609
vn 0.0900268555 -0.96484375 -0.24609375
vn -0.674316406 -0.735351562 -0.0642089844
vn 0.0482788086 -0.998535156 -0.0131912231
vn 0.0484008789 -0.997070312 -0.0605773926
vn -0.67578125 -0.736816406 -0.0187072754
vn -0.341308594 -0.939941406 0
vn -0.341308594 -0.939941406 0
vn -0.996582031 -0.0485839844 -0.0642700195
vn -0.963378906 -0.266601562 -0.0191802979
vn -0.90625 -0.423095703 0
vn -0.90625 -0.423095703 0
vn -0.742675781 0.666992188 -0.0610961914
vn -0.794921875 0.606445312 -0.0150680542
vn -0.0476989746 0.997070312 -0.0561828613
vn -0.049041748 0.998535156 -0.00801849365
vn 0.67578125 0.735351562 -0.0522766113
vn -0.049041748 0.998535156 -0.00801849365
vn -0.0476989746 0.997070312 -0.0561828613
vn 0.730957031 0.682617188 -0.00142097473
vn 0.997558594 0.0475158691 -0.0518493652
vn 0.985351562 -0.171020508 -0.00165939331
vn 0.742675781 -0.667480469 -0.0553588867
vn 0.744140625 -0.66796875 -0.00580215454
vn 0.0484008789 -0.997070312 -0.0605773926
vn 0.942382812 -0.333984375 0
vn 0.942382812 -0.333984375 0
vn 0.0482788086 -0.998535156 -0.0131912231
vn 0.430419922 -0.902832031 0
vn 0.430419922 -0.902832031 0
vn -0.0589904785 0.998046875 -0.000617980957
vn -0.0456237793 0.999023438 0
vn -0.731445312 0.681640625 0
vn -0.686523438 0.727050781 0.00661087036
vn -0.942871094 0.332763672 0
vn -0.942871094 0.332763672 0.00788879395
vn 0.600585938 0.799316406 -0.0121459961
vn -0.0456237793 0.999023438 0
vn -0.0589904785 0.998046875 -0.000617980957
vn 0.6640625 0.747558594 0
vn 0.90625 0.422607422 -0.0191650391
vn 0.90625 0.422851562 0
vn -0.270019531 0.538574219 0.798339844
vn -0.270019531 0.538574219 0.798339844
vn -0.270019531 0.538574219 0.798339844
vn -0.270019531 0.538574219 0.798339844
vn 0.192016602 0.557128906 0.807617188
vn 0.192016602 0.557128906 0.807617188
vn 0.192016602 0.557128906 0.807617188
vn 0.192016602 0.557128906 0.807617188
vn 0.344726562 0.553710938 0.7578125
vn 0.344726562 0.553710938 0.7578125
vn 0.344726562 0.553710938 0.7578125
vn 0.344726562 0.553710938 0.7578125
vn -0.0768432617 0.997070312 0
vn -0.0768432617 0.997070312 0
vn -0.0768432617 0.997070312 0.00637435913
vn -0.0768432617 0.997070312 0.00637435913
vn -0.385253906 0.508300781 0.770019531
vn -0.385253906 0.508300781 0.770019531
vn -0.385253906 0.508300781 0.770019531
vn -0.385253906 0.508300781 0.770019531
vn -0.0253295898 0.999511719 0.00616836548
vn -0.0253295898 0.999511719 0.00616836548
vn -0.0253295898 0.999511719 0
vn -0.0253295898 0.999511719 0
vn -0.674316406 -0.735351562 0.0642089844
vn 0.0484008789 -0.997070312 0.0605773926
vn 0.0482788086 -0.998535156 0.0131912231
vn -0.67578125 -0.736816406 0.0187072754
vn -0.341308594 -0.939941406 0
vn -0.341308594 -0.939941406 0
vn -0.996582031 -0.0485839844 0.0642700195
vn -0.963378906 -0.266601562 0.0191802979
vn -0.90625 -0.423095703 0
vn -0.90625 -0.423095703 0
vn -0.742675781 0.666992188 0.0610961914
vn -0.794921875 0.606445312 0.0150680542
vn -0.0476989746 0.997070312 0.0561828613
vn -0.049041748 0.998535156 0.00801849365
vn 0.67578125 0.735351562 0.0522766113
vn -0.0476989746 0.997070312 0.0561828613
vn -0.049041748 0.998535156 0.00801849365
vn 0.730957031 0.682617188 0.00142097473
vn 0.997558594 0.0475158691 0.0518493652
vn 0.985351562 -0.171020508 0.00165939331
vn 0.742675781 -0.667480469 0.0553588867
vn 0.744140625 -0.66796875 0.00580215454
vn 0.0484008789 -0.997070312 0.0605773926
vn 0.942382812 -0.333984375 0
vn 0.942382812 -0.333984375 0
vn 0.0482788086 -0.998535156 0.0131912231
vn 0.430419922 -0.902832031 0
vn 0.430419922 -0.902832031 0
vn -0.0589904785 0.998046875 0.000617980957
vn -0.731445312 0.681640625 0
vn -0.0456237793 0.999023438 0
vn -0.686523438 0.727050781 -0.00661087036
vn -0.942871094 0.332763672 0
vn -0.942871094 0.332763672 -0.00788879395
vn 0.600585938 0.799316406 0.0121459961
vn -0.0589904785 0.998046875 0.000617980957
vn -0.0456237793 0.999023438 0
vn 0.6640625 0.747558594 0
vn 0.90625 0.422607422 0.0191650391
vn 0.90625 0.422851562 0
vn -0.270019531 0.538574219 -0.798339844
vn -0.270019531 0.538574219 -0.798339844
vn -0.270019531 0.538574219 -0.798339844
vn -0.270019531 0.538574219 -0.798339844
vn 0.192016602 0.557128906 -0.807617188
vn 0.192016602 0.557128906 -0.807617188
vn 0.192016602 0.557128906 -0.807617188
vn 0.192016602 0.557128906 -0.807617188
vn 0.344726562 0.553710938 -0.7578125
vn 0.344726562 0.553710938 -0.7578125
vn 0.344726562 0.553710938 -0.7578125
vn 0.344726562 0.553710938 -0.7578125
vn -0.0768432617 0.997070312 0
vn -0.0768432617 0.997070312 -0.00637435913
vn -0.0768432617 0.997070312 -0.00637435913
vn -0.0768432617 0.997070312 0
vn -0.385253906 0.508300781 -0.770019531
vn -0.385253906 0.508300781 -0.770019531
vn -0.385253906 0.508300781 -0.770019531
vn -0.385253906 0.508300781 -0.770019531
vn -0.0253295898 0.999511719 -0.00616455078
vn -0.0253295898 0.999511719 0
vn -0.0253295898 0.999511719 0
vn -0.0253295898 0.999511719 -0.00616455078
vn 0.953125 0.234619141 -0.19140625
vn -0.136230469 -0.00718688965 -0.990722656
vn 0.838867188 -0.515625 -0.173095703
vn 0.51171875 0.849121094 -0.13269043
vn 0.224365234 -0.970703125 -0.0864868164
vn -0.240356445 0.970214844 -0.0291900635
vn -0.528320312 -0.848632812 0.0174407959
vn -0.854492188 0.516113281 0.0576171875
vn -0.969238281 -0.233642578 0.0764160156
vn 0.00270271301 1 0.0189056396
vn 0.00270271301 1 0.0189056396
vn 0.00270271301 1 0.0189056396
vn 0.00270271301 1 0.0189056396
vn 0.00270271301 1 0.0189056396
vn 0.00270271301 1 0.0189056396
vn 0.00270271301 1 0.0189056396
vn -0.00270271301 -1 -0.0189056396
vn -0.00270271301 -1 -0.0189056396
vn -0.00270271301 -1 -0.0189056396
vn -0.00270271301 -1 -0.0189056396
vn -0.00270271301 -1 -0.0189056396
vn -0.00270271301 -1 -0.0189056396
vn -0.00270271301 -1 -0.0189056396
vn 0.00270271301 1 0.0189056396
vn 0.00270271301 1 0.0189056396
vn 0.00270271301 1 0.0189056396
vn 0.00270271301 1 0.0189056396
vn 0.00270271301 1 0.0189056396
vn 0.00270271301 1 0.0189056396
vn 0.00270271301 1 0.0189056396
vn -0.00270271301 -1 -0.0189056396
vn -0.00270271301 -1 -0.0189056396
vn -0.00270271301 -1 -0.0189056396
vn -0.00270271301 -1 -0.0189056396
vn -0.00270271301 -1 -0.0189056396
vn -0.00270271301 -1 -0.0189056396
vn -0.00270271301 -1 -0.0189056396
vn 0.136230469 0.00719070435 0.990722656
vn 0.167114258 0.0147094727 0.985839844
vn 0.163208008 -0.00940704346 0.986328125
vn 0.143554688 -0.0236663818 0.989257812
vn 0.152709961 0.0343933105 0.987792969
vn 0.119628906 -0.0200195312 0.992675781
vn 0.12878418 0.0380554199 0.990722656
vn 0.105285645 -0.000348567963 0.994628906
vn 0.109130859 0.0237731934 0.993652344
vn -0.757324219 0.546875 0.356933594
vn 0.00211715698 -0.0189208984 1
vn -0.937988281 -0.00402450562 0.346923828
vn -0.286865234 0.88671875 0.362548828
vn -0.760253906 -0.556152344 0.336181641
vn 0.293212891 0.885253906 0.361083984
vn -0.291748047 -0.8984375 0.328613281
vn 0.76171875 0.54296875 0.353759766
vn 0.288330078 -0.899902344 0.327392578
vn 0.939453125 -0.00902557373 0.343017578
vn 0.758789062 -0.560058594 0.332763672
vn -0.996582031 -0.0485839844 0.0642700195
vn -0.742675781 0.666992188 0.0610961914
vn -0.410400391 0.372558594 0.832519531
vn -0.551269531 -0.018081665 0.833984375
vn 0.00593185425 0.00618362427 1
vn -0.674316406 -0.735351562 0.0642089844
vn -0.0276947021 0.561523438 0.826660156
vn -0.0476989746 0.997070312 0.0561828613
vn -0.379882812 -0.411621094 0.828613281
vn 0.0484008789 -0.997070312 0.0605773926
vn 0.388671875 0.418212891 0.820800781
vn 0.67578125 0.735351562 0.0522766113
vn 0.029510498 -0.546386719 0.836914062
vn 0.742675781 -0.667480469 0.0553588867
vn 0.556152344 0.0319824219 0.830566406
vn 0.997558594 0.0475158691 0.0518493652
vn 0.428955078 -0.375488281 0.821777344
vn -0.996582031 -0.0485839844 -0.0642700195
vn -0.410400391 0.372558594 -0.832519531
vn -0.742675781 0.666992188 -0.0610961914
vn -0.551269531 -0.0180969238 -0.833984375
vn 0.00593185425 0.00618362427 -1
vn -0.674316406 -0.735351562 -0.0642089844
vn -0.0276947021 0.561523438 -0.826660156
vn -0.0476989746 0.997070312 -0.0561828613
vn -0.379882812 -0.411621094 -0.828613281
vn 0.0484008789 -0.997070312 -0.0605773926
vn 0.388671875 0.418212891 -0.820800781
vn 0.67578125 0.735351562 -0.0522766113
vn 0.029510498 -0.546386719 -0.836914062
vn 0.742675781 -0.667480469 -0.0553588867
vn 0.556152344 0.0319824219 -0.830566406
vn 0.997558594 0.0475158691 -0.0518493652
vn 0.428955078 -0.375488281 -0.821777344
g RayGan_Fixed_0
f 3/3/3 2/2/2 1/1/1
f 6/6/6 5/5/5 4/4/4
f 9/9/9 8/8/8 7/7/7
f 12/12/12 11/11/11 10/10/10
f 15/15/15 14/14/14 13/13/13
f 18/18/18 17/17/17 16/16/16
f 19/19/19 18/18/18 16/16/16
f 16/16/16 20/20/20 19/19/19
f 21/21/21 18/18/18 19/19/19
f 20/20/20 22/22/22 19/19/19
f 20/20/20 23/23/23 22/22/22
f 23/23/23 24/24/24 22/22/22
f 25/25/25 21/21/21 19/19/19
f 19/19/19 22/22/22 25/25/25
f 26/26/26 21/21/21 25/25/25
f 22/22/22 24/24/24 27/27/27
f 22/22/22 27/27/27 25/25/25
f 24/24/24 28/28/28 27/27/27
f 29/29/29 26/26/26 25/25/25
f 25/25/25 27/27/27 29/29/29
f 30/30/30 26/26/26 29/29/29
f 27/27/27 28/28/28 31/31/31
f 27/27/27 31/31/31 29/29/29
f 28/28/28 32/32/32 31/31/31
f 33/33/33 30/30/30 29/29/29
f 29/29/29 31/31/31 33/33/33
f 34/34/34 30/30/30 33/33/33
f 35/35/35 34/34/34 33/33/33
f 31/31/31 32/32/32 36/36/36
f 31/31/31 36/36/36 33/33/33
f 33/33/33 36/36/36 35/35/35
f 32/32/32 37/37/37 36/36/36
f 36/36/36 38/38/38 35/35/35
f 36/36/36 37/37/37 38/38/38
f 37/37/37 39/39/39 38/38/38
f 42/42/42 41/41/41 40/40/40
f 43/43/43 42/42/42 40/40/40
f 40/40/40 44/44/44 43/43/43
f 45/45/45 42/42/42 43/43/43
f 44/44/44 46/46/46 43/43/43
f 44/44/44 47/47/47 46/46/46
f 47/47/47 48/48/48 46/46/46
f 49/49/49 45/45/45 43/43/43
f 43/43/43 46/46/46 49/49/49
f 50/50/50 45/45/45 49/49/49
f 46/46/46 48/48/48 51/51/51
f 46/46/46 51/51/51 49/49/49
f 48/48/48 52/52/52 51/51/51
f 53/53/53 50/50/50 49/49/49
f 49/49/49 51/51/51 53/53/53
f 54/54/54 50/50/50 53/53/53
f 51/51/51 52/52/52 55/55/55
f 51/51/51 55/55/55 53/53/53
f 52/52/52 56/56/56 55/55/55
f 57/57/57 54/54/54 53/53/53
f 53/53/53 55/55/55 57/57/57
f 58/58/58 54/54/54 57/57/57
f 59/59/59 58/58/58 57/57/57
f 55/55/55 56/56/56 60/60/60
f 55/55/55 60/60/60 57/57/57
f 57/57/57 60/60/60 59/59/59
f 56/56/56 61/61/61 60/60/60
f 60/60/60 62/62/62 59/59/59
f 60/60/60 61/61/61 62/62/62
f 61/61/61 63/63/63 62/62/62
f 66/66/66 65/65/65 64/64/64
f 65/65/65 67/67/67 64/64/64
f 65/65/65 68/68/68 67/67/67
f 71/71/71 70/70/70 69/69/69
f 70/70/70 72/72/72 69/69/69
f 69/69/69 72/72/72 73/73/73
f 72/72/72 74/74/74 73/73/73
f 73/73/73 74/74/74 75/75/75
f 73/73/73 75/75/75 76/76/76
f 77/77/77 76/76/76 75/75/75
f 78/78/78 77/77/77 75/75/75
f 74/74/74 79/79/79 75/75/75
f 78/78/78 75/75/75 79/79/79
f 81/81/81 79/79/79 80/80/80
f 81/81/81 80/80/80 82/82/82
f 82/82/82 80/80/80 83/83/83
f 80/80/80 84/84/84 83/83/83
f 83/83/83 84/84/84 85/85/85
f 84/84/84 86/86/86 85/85/85
f 85/85/85 86/86/86 87/87/87
f 86/86/86 88/88/88 87/87/87
f 87/87/87 88/88/88 89/89/89
f 88/88/88 90/90/90 89/89/89
f 89/89/89 90/90/90 91/91/91
f 90/90/90 92/92/92 91/91/91
f 91/91/91 92/92/92 93/93/93
f 92/92/92 94/94/94 93/93/93
f 97/97/97 96/96/96 95/95/95
f 96/96/96 98/98/98 95/95/95
f 96/96/96 99/99/99 98/98/98
f 99/99/99 100/100/100 98/98/98
f 99/99/99 101/101/101 100/100/100
f 101/101/101 102/102/102 100/100/100
f 101/101/101 103/103/103 102/102/102
f 103/103/103 104/104/104 102/102/102
f 103/103/103 105/105/105 104/104/104
f 105/105/105 106/106/106 104/104/104
f 106/106/106 107/107/107 104/104/104
f 104/104/104 107/107/107 102/102/102
f 107/107/107 108/108/108 102/102/102
f 107/107/107 109/109/109 108/108/108
f 102/102/102 108/108/108 110/110/110
f 102/102/102 110/110/110 100/100/100
f 108/108/108 111/111/111 110/110/110
f 110/110/110 112/112/112 100/100/100
f 100/100/100 112/112/112 98/98/98
f 112/112/112 113/113/113 98/98/98
f 98/98/98 113/113/113 95/95/95
f 113/113/113 114/114/114 95/95/95
f 95/95/95 114/114/114 115/115/115
f 116/116/116 95/95/95 115/115/115
f 114/114/114 117/117/117 115/115/115
f 118/118/118 116/116/116 115/115/115
f 115/115/115 117/117/117 119/119/119
f 115/115/115 119/119/119 118/118/118
f 117/117/117 120/120/120 119/119/119
f 119/119/119 121/121/121 118/118/118
f 119/119/119 120/120/120 122/122/122
f 121/121/121 119/119/119 123/123/123
f 123/123/123 119/119/119 122/122/122
f 126/126/126 125/125/125 124/124/124
f 125/125/125 127/127/127 124/124/124
f 124/124/124 127/127/127 128/128/128
f 129/129/129 127/127/127 125/125/125
f 128/128/128 127/127/127 130/130/130
f 131/131/131 127/127/127 129/129/129
f 130/130/130 127/127/127 132/132/132
f 133/133/133 127/127/127 131/131/131
f 132/132/132 127/127/127 134/134/134
f 135/135/135 127/127/127 133/133/133
f 134/134/134 127/127/127 135/135/135
f 138/138/138 137/137/137 136/136/136
f 137/137/137 139/139/139 136/136/136
f 137/137/137 140/140/140 139/139/139
f 139/139/139 141/141/141 136/136/136
f 141/141/141 142/142/142 136/136/136
f 143/143/143 141/141/141 139/139/139
f 140/140/140 144/144/144 139/139/139
f 144/144/144 143/143/143 139/139/139
f 140/140/140 145/145/145 144/144/144
f 146/146/146 143/143/143 144/144/144
f 145/145/145 146/146/146 144/144/144
f 149/149/149 148/148/148 147/147/147
f 150/150/150 149/149/149 147/147/147
f 153/153/153 152/152/152 151/151/151
f 152/152/152 154/154/154 151/151/151
f 155/155/155 151/151/151 154/154/154
f 152/152/152 156/156/156 154/154/154
f 157/157/157 155/155/155 154/154/154
f 157/157/157 154/154/154 156/156/156
f 158/158/158 157/157/157 156/156/156
f 161/161/161 160/160/160 159/159/159
f 162/162/162 161/161/161 159/159/159
f 163/163/163 161/161/161 162/162/162
f 164/164/164 163/163/163 162/162/162
f 165/165/165 163/163/163 164/164/164
f 166/166/166 165/165/165 164/164/164
f 166/166/166 167/167/167 165/165/165
f 166/166/166 168/168/168 167/167/167
f 171/171/171 170/170/170 169/169/169
f 172/172/172 171/171/171 169/169/169
f 173/173/173 172/172/172 169/169/169
f 174/174/174 172/172/172 173/173/173
f 175/175/175 174/174/174 173/173/173
f 175/175/175 176/176/176 174/174/174
f 177/177/177 174/174/174 176/176/176
f 180/180/180 179/179/179 178/178/178
f 181/181/181 179/179/179 180/180/180
f 182/182/182 181/181/181 180/180/180
f 185/185/185 184/184/184 183/183/183
f 186/186/186 185/185/185 183/183/183
f 187/187/187 185/185/185 186/186/186
f 188/188/188 187/187/187 186/186/186
f 189/189/189 187/187/187 188/188/188
f 190/190/190 189/189/189 188/188/188
f 191/191/191 189/189/189 190/190/190
f 192/192/192 191/191/191 190/190/190
f 193/193/193 191/191/191 192/192/192
f 194/194/194 193/193/193 192/192/192
f 195/195/195 193/193/193 194/194/194
f 198/198/198 197/197/197 196/196/196
f 197/197/197 198/198/198 199/199/199
f 198/198/198 200/200/200 199/199/199
f 197/197/197 199/199/199 201/201/201
f 201/201/201 199/199/199 202/202/202
f 199/199/199 203/203/203 202/202/202
f 206/206/206 205/205/205 204/204/204
f 207/207/207 206/206/206 204/204/204
f 210/210/210 209/209/209 208/208/208
f 209/209/209 211/211/211 208/208/208
f 208/208/208 211/211/211 212/212/212
f 211/211/211 213/213/213 212/212/212
f 212/212/212 213/213/213 214/214/214
f 213/213/213 215/215/215 214/214/214
f 214/214/214 215/215/215 216/216/216
f 215/215/215 217/217/217 216/216/216
f 220/220/220 219/219/219 218/218/218
f 221/221/221 220/220/220 218/218/218
f 224/224/224 223/223/223 222/222/222
f 223/223/223 225/225/225 222/222/222
f 222/222/222 225/225/225 226/226/226
f 227/227/227 222/222/222 226/226/226
f 230/230/230 229/229/229 228/228/228
f 231/231/231 230/230/230 228/228/228
f 234/234/234 233/233/233 232/232/232
f 233/233/233 235/235/235 232/232/232
f 236/236/236 232/232/232 235/235/235
f 237/237/237 232/232/232 236/236/236
f 240/240/240 239/239/239 238/238/238
f 241/241/241 240/240/240 238/238/238
f 242/242/242 240/240/240 241/241/241
f 243/243/243 242/242/242 241/241/241
f 242/242/242 243/243/243 244/244/244
f 243/243/243 245/245/245 244/244/244
f 245/245/245 246/246/246 244/244/244
f 249/249/249 248/248/248 247/247/247
f 250/250/250 249/249/249 247/247/247
f 251/251/251 249/249/249 250/250/250
f 252/252/252 251/251/251 250/250/250
f 255/255/255 254/254/254 253/253/253
f 256/256/256 255/255/255 253/253/253
f 257/257/257 256/256/256 253/253/253
f 260/260/260 259/259/259 258/258/258
f 259/259/259 261/261/261 258/258/258
f 262/262/262 258/258/258 261/261/261
f 265/265/265 264/264/264 263/263/263
f 266/266/266 265/265/265 263/263/263
f 266/266/266 263/263/263 267/267/267
f 267/267/267 268/268/268 266/266/266
f 267/267/267 269/269/269 268/268/268
f 270/270/270 268/268/268 269/269/269
f 271/271/271 270/270/270 269/269/269
f 271/271/271 272/272/272 270/270/270
f 272/272/272 273/273/273 270/270/270
f 276/276/276 275/275/275 274/274/274
f 277/277/277 276/276/276 274/274/274
f 280/280/280 279/279/279 278/278/278
f 280/280/280 281/281/281 279/279/279
f 281/281/281 282/282/282 279/279/279
f 282/282/282 281/281/281 283/283/283
f 281/281/281 284/284/284 283/283/283
f 283/283/283 284/284/284 285/285/285
f 286/286/286 283/283/283 285/285/285
f 289/289/289 288/288/288 287/287/287
f 288/288/288 290/290/290 287/287/287
f 290/290/290 291/291/291 287/287/287
f 292/292/292 287/287/287 291/291/291
f 293/293/293 292/292/292 291/291/291
f 290/290/290 294/294/294 291/291/291
f 293/293/293 291/291/291 294/294/294
f 295/295/295 293/293/293 294/294/294
f 296/296/296 295/295/295 294/294/294
f 299/299/299 298/298/298 297/297/297
f 297/297/297 300/300/300 299/299/299
f 300/300/300 301/301/301 299/299/299
f 302/302/302 301/301/301 300/300/300
f 301/301/301 303/303/303 299/299/299
f 303/303/303 304/304/304 299/299/299
f 305/305/305 303/303/303 301/301/301
f 305/305/305 301/301/301 302/302/302
f 302/302/302 306/306/306 305/305/305
f 306/306/306 307/307/307 305/305/305
f 306/306/306 302/302/302 308/308/308
f 307/307/307 306/306/306 309/309/309
f 306/306/306 308/308/308 309/309/309
f 312/312/312 311/311/311 310/310/310
f 313/313/313 310/310/310 311/311/311
f 314/314/314 313/313/313 311/311/311
f 317/317/317 316/316/316 315/315/315
f 318/318/318 317/317/317 315/315/315
f 318/318/318 315/315/315 319/319/319
f 315/315/315 320/320/320 319/319/319
f 321/321/321 317/317/317 318/318/318
f 321/321/321 322/322/322 317/317/317
f 325/325/325 324/324/324 323/323/323
f 324/324/324 326/326/326 323/323/323
f 323/323/323 326/326/326 327/327/327
f 328/328/328 323/323/323 327/327/327
f 331/331/331 330/330/330 329/329/329
f 330/330/330 332/332/332 329/329/329
f 329/329/329 332/332/332 333/333/333
f 332/332/332 330/330/330 334/334/334
f 332/332/332 335/335/335 333/333/333
f 332/332/332 336/336/336 335/335/335
f 334/334/334 336/336/336 332/332/332
f 336/336/336 337/337/337 335/335/335
f 334/334/334 338/338/338 336/336/336
f 339/339/339 338/338/338 334/334/334
f 339/339/339 340/340/340 338/338/338
f 333/333/333 342/342/342 341/341/341
f 342/342/342 337/337/337 343/343/343
f 342/342/342 343/343/343 341/341/341
f 341/341/341 343/343/343 344/344/344
f 343/343/343 345/345/345 344/344/344
f 344/344/344 345/345/345 346/346/346
f 349/349/349 348/348/348 347/347/347
f 350/350/350 349/349/349 347/347/347
f 350/350/350 347/347/347 351/351/351
f 352/352/352 350/350/350 351/351/351
f 353/353/353 352/352/352 351/351/351
f 353/353/353 354/354/354 352/352/352
f 354/354/354 355/355/355 352/352/352
f 356/356/356 355/355/355 354/354/354
f 359/359/359 358/358/358 357/357/357
f 358/358/358 360/360/360 357/357/357
f 358/358/358 361/361/361 360/360/360
f 360/360/360 361/361/361 362/362/362
f 363/363/363 360/360/360 362/362/362
f 363/363/363 362/362/362 364/364/364
f 365/365/365 363/363/363 364/364/364
f 364/364/364 366/366/366 365/365/365
f 366/366/366 367/367/367 365/365/365
f 367/367/367 366/366/366 368/368/368
f 368/368/368 366/366/366 369/369/369
f 366/366/366 370/370/370 369/369/369
f 373/373/373 372/372/372 371/371/371
f 374/374/374 372/372/372 373/373/373
f 377/377/377 376/376/376 375/375/375
f 376/376/376 378/378/378 375/375/375
f 379/379/379 375/375/375 378/378/378
f 379/379/379 378/378/378 380/380/380
f 378/378/378 381/381/381 380/380/380
f 384/384/384 383/383/383 382/382/382
f 385/385/385 384/384/384 382/382/382
f 388/388/388 387/387/387 386/386/386
f 388/388/388 386/386/386 389/389/389
f 389/389/389 386/386/386 390/390/390
f 386/386/386 391/391/391 390/390/390
f 390/390/390 391/391/391 392/392/392
f 391/391/391 386/386/386 393/393/393
f 391/391/391 394/394/394 392/392/392
f 395/395/395 392/392/392 394/394/394
f 395/395/395 394/394/394 396/396/396
f 393/393/393 397/397/397 391/391/391
f 391/391/391 397/397/397 394/394/394
f 393/393/393 398/398/398 397/397/397
f 397/397/397 399/399/399 394/394/394
f 394/394/394 400/400/400 396/396/396
f 394/394/394 399/399/399 400/400/400
f 396/396/396 400/400/400 401/401/401
f 399/399/399 402/402/402 400/400/400
f 401/401/401 400/400/400 403/403/403
f 400/400/400 402/402/402 403/403/403
f 406/406/406 405/405/405 404/404/404
f 405/405/405 407/407/407 404/404/404
f 407/407/407 408/408/408 404/404/404
f 411/411/411 410/410/410 409/409/409
f 412/412/412 411/411/411 409/409/409
f 412/412/412 409/409/409 413/413/413
f 414/414/414 412/412/412 413/413/413
f 417/417/417 416/416/416 415/415/415
f 418/418/418 416/416/416 417/417/417
f 419/419/419 418/418/418 417/417/417
f 420/420/420 418/418/418 419/419/419
f 423/423/423 422/422/422 421/421/421
f 424/424/424 423/423/423 421/421/421
f 425/425/425 423/423/423 424/424/424
f 426/426/426 425/425/425 424/424/424
f 427/427/427 426/426/426 424/424/424
f 428/428/428 426/426/426 427/427/427
f 429/429/429 428/428/428 427/427/427
f 432/432/432 431/431/431 430/430/430
f 433/433/433 432/432/432 430/430/430
f 436/436/436 435/435/435 434/434/434
f 437/437/437 434/434/434 435/435/435
f 438/438/438 437/437/437 435/435/435
f 439/439/439 437/437/437 438/438/438
f 440/440/440 439/439/439 438/438/438
f 443/443/443 442/442/442 441/441/441
f 444/444/444 441/441/441 442/442/442
f 444/444/444 442/442/442 445/445/445
f 442/442/442 446/446/446 445/445/445
f 445/445/445 446/446/446 447/447/447
f 446/446/446 448/448/448 447/447/447
f 447/447/447 448/448/448 449/449/449
f 450/450/450 447/447/447 449/449/449
f 453/453/453 452/452/452 451/451/451
f 452/452/452 454/454/454 451/451/451
f 454/454/454 455/455/455 451/451/451
f 454/454/454 456/456/456 455/455/455
f 459/459/459 458/458/458 457/457/457
f 458/458/458 460/460/460 457/457/457
f 460/460/460 458/458/458 461/461/461
f 462/462/462 460/460/460 461/461/461
f 462/462/462 461/461/461 463/463/463
f 464/464/464 462/462/462 463/463/463
f 463/463/463 465/465/465 464/464/464
f 463/463/463 466/466/466 465/465/465
f 467/467/467 465/465/465 466/466/466
f 468/468/468 467/467/467 466/466/466
f 468/468/468 466/466/466 469/469/469
f 466/466/466 470/470/470 469/469/469
f 473/473/473 472/472/472 471/471/471
f 472/472/472 474/474/474 471/471/471
f 475/475/475 471/471/471 474/474/474
f 476/476/476 475/475/475 474/474/474
f 475/475/475 476/476/476 477/477/477
f 478/478/478 476/476/476 474/474/474
f 476/476/476 479/479/479 477/477/477
f 476/476/476 478/478/478 479/479/479
f 478/478/478 480/480/480 479/479/479
f 483/483/483 482/482/482 481/481/481
f 481/481/481 482/482/482 484/484/484
f 482/482/482 485/485/485 484/484/484
f 481/481/481 484/484/484 486/486/486
f 489/489/489 488/488/488 487/487/487
f 490/490/490 489/489/489 487/487/487
f 493/493/493 492/492/492 491/491/491
f 494/494/494 493/493/493 491/491/491
f 495/495/495 493/493/493 494/494/494
f 498/498/498 497/497/497 496/496/496
f 497/497/497 499/499/499 496/496/496
f 500/500/500 496/496/496 499/499/499
f 497/497/497 501/501/501 499/499/499
f 502/502/502 500/500/500 499/499/499
f 499/499/499 501/501/501 503/503/503
f 502/502/502 499/499/499 503/503/503
f 506/506/506 505/505/505 504/504/504
f 505/505/505 507/507/507 504/504/504
f 507/507/507 508/508/508 504/504/504
f 509/509/509 504/504/504 508/508/508
f 507/507/507 510/510/510 508/508/508
f 511/511/511 509/509/509 508/508/508
f 510/510/510 512/512/512 508/508/508
f 511/511/511 508/508/508 512/512/512
f 515/515/515 514/514/514 513/513/513
f 516/516/516 515/515/515 513/513/513
f 515/515/515 516/516/516 517/517/517
f 516/516/516 518/518/518 517/517/517
f 518/518/518 519/519/519 517/517/517
f 518/518/518 520/520/520 519/519/519
f 520/520/520 521/521/521 519/519/519
f 522/522/522 520/520/520 518/518/518
f 516/516/516 522/522/522 518/518/518
f 522/522/522 516/516/516 523/523/523
f 516/516/516 513/513/513 523/523/523
f 523/523/523 513/513/513 524/524/524
f 513/513/513 525/525/525 524/524/524
f 528/528/528 527/527/527 526/526/526
f 529/529/529 528/528/528 526/526/526
f 530/530/530 528/528/528 529/529/529
f 531/531/531 530/530/530 529/529/529
f 531/531/531 529/529/529 532/532/532
f 532/532/532 529/529/529 526/526/526
f 533/533/533 531/531/531 532/532/532
f 526/526/526 534/534/534 532/532/532
f 526/526/526 535/535/535 534/534/534
f 534/534/534 536/536/536 532/532/532
f 533/533/533 532/532/532 536/536/536
f 537/537/537 533/533/533 536/536/536
f 540/540/540 539/539/539 538/538/538
f 541/541/541 540/540/540 538/538/538
f 544/544/544 543/543/543 542/542/542
f 545/545/545 544/544/544 542/542/542
f 545/545/545 546/546/546 544/544/544
f 546/546/546 545/545/545 547/547/547
f 545/545/545 548/548/548 547/547/547
f 545/545/545 542/542/542 548/548/548
f 549/549/549 548/548/548 542/542/542
f 552/552/552 551/551/551 550/550/550
f 553/553/553 552/552/552 550/550/550
f 556/556/556 555/555/555 554/554/554
f 557/557/557 556/556/556 554/554/554
f 558/558/558 556/556/556 557/557/557
f 559/559/559 558/558/558 557/557/557
f 557/557/557 554/554/554 560/560/560
f 559/559/559 557/557/557 560/560/560
f 561/561/561 559/559/559 560/560/560
f 562/562/562 561/561/561 560/560/560
f 563/563/563 562/562/562 560/560/560
f 564/564/564 562/562/562 563/563/563
f 567/567/567 566/566/566 565/565/565
f 566/566/566 568/568/568 565/565/565
f 565/565/565 568/568/568 569/569/569
f 568/568/568 570/570/570 569/569/569
f 569/569/569 570/570/570 571/571/571
f 570/570/570 572/572/572 571/571/571
f 573/573/573 571/571/571 572/572/572
f 574/574/574 573/573/573 572/572/572
f 573/573/573 574/574/574 575/575/575
f 574/574/574 576/576/576 575/575/575
f 575/575/575 576/576/576 577/577/577
f 576/576/576 578/578/578 577/577/577
f 577/577/577 578/578/578 579/579/579
f 578/578/578 580/580/580 579/579/579
f 570/570/570 581/581/581 572/572/572
f 581/581/581 582/582/582 572/572/572
f 574/574/574 572/572/572 582/582/582
f 583/583/583 581/581/581 570/570/570
f 584/584/584 574/574/574 582/582/582
f 574/574/574 584/584/584 576/576/576
f 585/585/585 583/583/583 570/570/570
f 586/586/586 583/583/583 585/585/585
f 587/587/587 586/586/586 585/585/585
f 584/584/584 588/588/588 576/576/576
f 576/576/576 588/588/588 589/589/589
f 588/588/588 590/590/590 589/589/589
f 589/589/589 590/590/590 591/591/591
f 590/590/590 592/592/592 591/591/591
f 595/595/595 594/594/594 593/593/593
f 596/596/596 595/595/595 593/593/593
f 599/599/599 598/598/598 597/597/597
f 600/600/600 599/599/599 597/597/597
f 603/603/603 602/602/602 601/601/601
f 604/604/604 603/603/603 601/601/601
f 607/607/607 606/606/606 605/605/605
f 608/608/608 607/607/607 605/605/605
f 611/611/611 610/610/610 609/609/609
f 610/610/610 612/612/612 609/609/609
f 609/609/609 612/612/612 613/613/613
f 612/612/612 614/614/614 613/613/613
f 614/614/614 612/612/612 615/615/615
f 616/616/616 612/612/612 610/610/610
f 612/612/612 616/616/616 615/615/615
f 617/617/617 616/616/616 610/610/610
f 616/616/616 617/617/617 618/618/618
f 615/615/615 616/616/616 619/619/619
f 620/620/620 616/616/616 618/618/618
f 616/616/616 620/620/620 619/619/619
f 620/620/620 618/618/618 621/621/621
f 622/622/622 620/620/620 621/621/621
f 619/619/619 620/620/620 622/622/622
f 623/623/623 619/619/619 622/622/622
f 626/626/626 625/625/625 624/624/624
f 625/625/625 627/627/627 624/624/624
f 625/625/625 628/628/628 627/627/627
f 628/628/628 629/629/629 627/627/627
f 629/629/629 630/630/630 627/627/627
f 630/630/630 631/631/631 627/627/627
f 627/627/627 631/631/631 624/624/624
f 631/631/631 632/632/632 624/624/624
f 635/635/635 634/634/634 633/633/633
f 634/634/634 636/636/636 633/633/633
f 636/636/636 637/637/637 633/633/633
f 637/637/637 638/638/638 633/633/633
f 641/641/641 640/640/640 639/639/639
f 640/640/640 642/642/642 639/639/639
f 640/640/640 643/643/643 642/642/642
f 643/643/643 644/644/644 642/642/642
f 643/643/643 645/645/645 644/644/644
f 645/645/645 646/646/646 644/644/644
f 645/645/645 647/647/647 646/646/646
f 647/647/647 648/648/648 646/646/646
f 651/651/651 650/650/650 649/649/649
f 650/650/650 652/652/652 649/649/649
f 649/649/649 652/652/652 653/653/653
f 650/650/650 654/654/654 652/652/652
f 652/652/652 655/655/655 653/653/653
f 654/654/654 656/656/656 652/652/652
f 652/652/652 656/656/656 655/655/655
f 654/654/654 657/657/657 656/656/656
f 656/656/656 658/658/658 655/655/655
f 657/657/657 659/659/659 656/656/656
f 656/656/656 659/659/659 658/658/658
f 657/657/657 660/660/660 659/659/659
f 659/659/659 661/661/661 658/658/658
f 660/660/660 662/662/662 659/659/659
f 659/659/659 662/662/662 661/661/661
f 662/662/662 663/663/663 661/661/661
f 666/666/666 665/665/665 664/664/664
f 665/665/665 667/667/667 664/664/664
f 665/665/665 668/668/668 667/667/667
f 668/668/668 669/669/669 667/667/667
f 672/672/672 671/671/671 670/670/670
f 671/671/671 673/673/673 670/670/670
f 670/670/670 673/673/673 674/674/674
f 671/671/671 675/675/675 673/673/673
f 673/673/673 676/676/676 674/674/674
f 675/675/675 677/677/677 673/673/673
f 673/673/673 677/677/677 676/676/676
f 677/677/677 678/678/678 676/676/676
f 681/681/681 680/680/680 679/679/679
f 679/679/679 682/682/682 681/681/681
f 682/682/682 683/683/683 681/681/681
f 682/682/682 684/684/684 683/683/683
f 687/687/687 686/686/686 685/685/685
f 688/688/688 687/687/687 685/685/685
f 688/688/688 685/685/685 689/689/689
f 690/690/690 688/688/688 689/689/689
f 690/690/690 689/689/689 691/691/691
f 692/692/692 690/690/690 691/691/691
f 695/695/695 694/694/694 693/693/693
f 696/696/696 695/695/695 693/693/693
f 697/697/697 696/696/696 693/693/693
f 698/698/698 697/697/697 693/693/693
f 697/697/697 698/698/698 699/699/699
f 700/700/700 697/697/697 699/699/699
f 700/700/700 701/701/701 697/697/697
f 696/696/696 702/702/702 695/695/695
f 702/702/702 696/696/696 697/697/697
f 702/702/702 703/703/703 695/695/695
f 704/704/704 703/703/703 702/702/702
f 701/701/701 705/705/705 697/697/697
f 705/705/705 702/702/702 697/697/697
f 706/706/706 704/704/704 702/702/702
f 706/706/706 702/702/702 705/705/705
f 707/707/707 704/704/704 706/706/706
f 708/708/708 707/707/707 706/706/706
f 709/709/709 705/705/705 701/701/701
f 709/709/709 706/706/706 705/705/705
f 708/708/708 706/706/706 709/709/709
f 710/710/710 709/709/709 701/701/701
f 711/711/711 708/708/708 709/709/709
f 711/711/711 709/709/709 710/710/710
f 712/712/712 711/711/711 710/710/710
f 715/715/715 714/714/714 713/713/713
f 716/716/716 715/715/715 713/713/713
f 717/717/717 715/715/715 716/716/716
f 718/718/718 717/717/717 716/716/716
f 719/719/719 717/717/717 718/718/718
f 720/720/720 719/719/719 718/718/718
f 721/721/721 719/719/719 720/720/720
f 722/722/722 721/721/721 720/720/720
f 723/723/723 721/721/721 722/722/722
f 724/724/724 723/723/723 722/722/722
f 725/725/725 723/723/723 724/724/724
f 726/726/726 725/725/725 724/724/724
f 729/729/729 728/728/728 727/727/727
f 728/728/728 730/730/730 727/727/727
f 727/727/727 730/730/730 731/731/731
f 730/730/730 732/732/732 731/731/731
f 731/731/731 732/732/732 733/733/733
f 732/732/732 734/734/734 733/733/733
f 733/733/733 734/734/734 735/735/735
f 734/734/734 736/736/736 735/735/735
f 735/735/735 736/736/736 737/737/737
f 736/736/736 738/738/738 737/737/737
f 737/737/737 738/738/738 739/739/739
f 738/738/738 740/740/740 739/739/739
f 743/743/743 742/742/742 741/741/741
f 742/742/742 744/744/744 741/741/741
f 741/741/741 744/744/744 745/745/745
f 744/744/744 746/746/746 745/745/745
f 745/745/745 746/746/746 747/747/747
f 748/748/748 745/745/745 747/747/747
f 751/751/751 750/750/750 749/749/749
f 750/750/750 752/752/752 749/749/749
f 749/749/749 752/752/752 753/753/753
f 752/752/752 754/754/754 753/753/753
f 753/753/753 754/754/754 755/755/755
f 754/754/754 756/756/756 755/755/755
f 759/759/759 758/758/758 757/757/757
f 760/760/760 759/759/759 757/757/757
f 763/763/763 762/762/762 761/761/761
f 764/764/764 763/763/763 761/761/761
f 765/765/765 763/763/763 764/764/764
f 766/766/766 765/765/765 764/764/764
f 767/767/767 765/765/765 766/766/766
f 768/768/768 767/767/767 766/766/766
f 771/771/771 770/770/770 769/769/769
f 772/772/772 771/771/771 769/769/769
f 775/775/775 774/774/774 773/773/773
f 776/776/776 775/775/775 773/773/773
f 779/779/779 778/778/778 777/777/777
f 780/780/780 779/779/779 777/777/777
f 783/783/783 782/782/782 781/781/781
f 784/784/784 783/783/783 781/781/781
f 787/787/787 786/786/786 785/785/785
f 788/788/788 787/787/787 785/785/785
f 791/791/791 790/790/790 789/789/789
f 792/792/792 791/791/791 789/789/789
f 795/795/795 794/794/794 793/793/793
f 796/796/796 795/795/795 793/793/793
f 799/799/799 798/798/798 797/797/797
f 800/800/800 799/799/799 797/797/797
f 803/803/803 802/802/802 801/801/801
f 804/804/804 803/803/803 801/801/801
f 807/807/807 806/806/806 805/805/805
f 808/808/808 807/807/807 805/805/805
f 811/811/811 810/810/810 809/809/809
f 812/812/812 811/811/811 809/809/809
f 815/815/815 814/814/814 813/813/813
f 814/814/814 816/816/816 813/813/813
f 814/814/814 817/817/817 816/816/816
f 817/817/817 818/818/818 816/816/816
f 818/818/818 817/817/817 819/819/819
f 817/817/817 820/820/820 819/819/819
f 819/819/819 820/820/820 821/821/821
f 822/822/822 819/819/819 821/821/821
f 825/825/825 824/824/824 823/823/823
f 824/824/824 826/826/826 823/823/823
f 823/823/823 826/826/826 827/827/827
f 826/826/826 828/828/828 827/827/827
f 827/827/827 828/828/828 829/829/829
f 828/828/828 830/830/830 829/829/829
f 829/829/829 830/830/830 831/831/831
f 830/830/830 832/832/832 831/831/831
f 835/835/835 834/834/834 833/833/833
f 836/836/836 835/835/835 833/833/833
f 837/837/837 835/835/835 836/836/836
f 838/838/838 837/837/837 836/836/836
f 839/839/839 837/837/837 838/838/838
f 840/840/840 839/839/839 838/838/838
f 841/841/841 839/839/839 840/840/840
f 842/842/842 841/841/841 840/840/840
f 845/845/845 844/844/844 843/843/843
f 844/844/844 846/846/846 843/843/843
f 843/843/843 846/846/846 847/847/847
f 846/846/846 848/848/848 847/847/847
f 847/847/847 848/848/848 849/849/849
f 848/848/848 850/850/850 849/849/849
f 849/849/849 850/850/850 851/851/851
f 850/850/850 852/852/852 851/851/851
f 855/855/855 854/854/854 853/853/853
f 856/856/856 855/855/855 853/853/853
f 857/857/857 855/855/855 856/856/856
f 858/858/858 857/857/857 856/856/856
f 859/859/859 857/857/857 858/858/858
f 860/860/860 859/859/859 858/858/858
f 861/861/861 859/859/859 860/860/860
f 862/862/862 861/861/861 860/860/860
f 865/865/865 864/864/864 863/863/863
f 864/864/864 866/866/866 863/863/863
f 863/863/863 866/866/866 867/867/867
f 866/866/866 868/868/868 867/867/867
f 867/867/867 868/868/868 869/869/869
f 868/868/868 870/870/870 869/869/869
f 869/869/869 870/870/870 871/871/871
f 870/870/870 872/872/872 871/871/871
f 875/875/875 874/874/874 873/873/873
f 876/876/876 875/875/875 873/873/873
f 877/877/877 875/875/875 876/876/876
f 878/878/878 877/877/877 876/876/876
f 879/879/879 877/877/877 878/878/878
f 880/880/880 879/879/879 878/878/878
f 881/881/881 879/879/879 880/880/880
f 882/882/882 881/881/881 880/880/880
f 885/885/885 884/884/884 883/883/883
f 884/884/884 886/886/886 883/883/883
f 883/883/883 886/886/886 887/887/887
f 884/884/884 888/888/888 886/886/886
f 886/886/886 889/889/889 887/887/887
f 888/888/888 889/889/889 886/886/886
f 892/892/892 891/891/891 890/890/890
f 891/891/891 893/893/893 890/890/890
f 890/890/890 893/893/893 894/894/894
f 895/895/895 893/893/893 891/891/891
f 893/893/893 896/896/896 894/894/894
f 895/895/895 896/896/896 893/893/893
f 899/899/899 898/898/898 897/897/897
f 898/898/898 900/900/900 897/897/897
f 897/897/897 900/900/900 901/901/901
f 898/898/898 902/902/902 900/900/900
f 900/900/900 903/903/903 901/901/901
f 902/902/902 903/903/903 900/900/900
f 906/906/906 905/905/905 904/904/904
f 905/905/905 907/907/907 904/904/904
f 904/904/904 907/907/907 908/908/908
f 909/909/909 907/907/907 905/905/905
f 907/907/907 910/910/910 908/908/908
f 909/909/909 910/910/910 907/907/907
f 913/913/913 912/912/912 911/911/911
f 913/913/913 911/911/911 914/914/914
f 915/915/915 913/913/913 914/914/914
f 911/911/911 916/916/916 914/914/914
f 916/916/916 917/917/917 914/914/914
f 918/918/918 917/917/917 916/916/916
f 919/919/919 916/916/916 911/911/911
f 920/920/920 919/919/919 911/911/911
f 921/921/921 918/918/918 916/916/916
f 922/922/922 921/921/921 916/916/916
f 923/923/923 918/918/918 921/921/921
f 924/924/924 923/923/923 921/921/921
f 924/924/924 921/921/921 925/925/925
f 921/921/921 926/926/926 925/925/925
f 929/929/929 928/928/928 927/927/927
f 930/930/930 929/929/929 927/927/927
f 933/933/933 932/932/932 931/931/931
f 934/934/934 933/933/933 931/931/931
f 937/937/937 936/936/936 935/935/935
f 938/938/938 937/937/937 935/935/935
f 941/941/941 940/940/940 939/939/939
f 942/942/942 941/941/941 939/939/939
f 945/945/945 944/944/944 943/943/943
f 946/946/946 945/945/945 943/943/943
f 949/949/949 948/948/948 947/947/947
f 950/950/950 949/949/949 947/947/947
f 953/953/953 952/952/952 951/951/951
f 954/954/954 953/953/953 951/951/951
f 955/955/955 953/953/953 954/954/954
f 956/956/956 955/955/955 954/954/954
f 957/957/957 955/955/955 956/956/956
f 958/958/958 957/957/957 956/956/956
f 961/961/961 960/960/960 959/959/959
f 962/962/962 961/961/961 959/959/959
f 963/963/963 961/961/961 962/962/962
f 964/964/964 963/963/963 962/962/962
f 965/965/965 963/963/963 964/964/964
f 966/966/966 965/965/965 964/964/964
f 969/969/969 968/968/968 967/967/967
f 968/968/968 970/970/970 967/967/967
f 967/967/967 970/970/970 971/971/971
f 970/970/970 972/972/972 971/971/971
f 971/971/971 972/972/972 973/973/973
f 972/972/972 974/974/974 973/973/973
f 977/977/977 976/976/976 975/975/975
f 978/978/978 977/977/977 975/975/975
f 981/981/981 980/980/980 979/979/979
f 982/982/982 981/981/981 979/979/979
f 985/985/985 984/984/984 983/983/983
f 984/984/984 986/986/986 983/983/983
f 983/983/983 986/986/986 987/987/987
f 986/986/986 988/988/988 987/987/987
f 987/987/987 988/988/988 989/989/989
f 988/988/988 990/990/990 989/989/989
f 989/989/989 990/990/990 991/991/991
f 990/990/990 992/992/992 991/991/991
f 991/991/991 992/992/992 993/993/993
f 992/992/992 994/994/994 993/993/993
f 997/997/997 996/996/996 995/995/995
f 998/998/998 997/997/997 995/995/995
f 999/999/999 997/997/997 998/998/998
f 1000/1000/1000 999/999/999 998/998/998
f 1001/1001/1001 999/999/999 1000/1000/1000
f 1002/1002/1002 1001/1001/1001 1000/1000/1000
f 1003/1003/1003 1001/1001/1001 1002/1002/1002
f 1004/1004/1004 1003/1003/1003 1002/1002/1002
f 1005/1005/1005 1003/1003/1003 1004/1004/1004
f 1006/1006/1006 1005/1005/1005 1004/1004/1004
f 1009/1009/1009 1008/1008/1008 1007/1007/1007
f 1010/1010/1010 1009/1009/1009 1007/1007/1007
f 1010/1010/1010 1007/1007/1007 1011/1011/1011
f 1012/1012/1012 1010/1010/1010 1011/1011/1011
f 1012/1012/1012 1011/1011/1011 1013/1013/1013
f 1014/1014/1014 1012/1012/1012 1013/1013/1013
f 1014/1014/1014 1013/1013/1013 1015/1015/1015
f 1016/1016/1016 1014/1014/1014 1015/1015/1015
f 1016/1016/1016 1015/1015/1015 1017/1017/1017
f 1018/1018/1018 1016/1016/1016 1017/1017/1017
f 1021/1021/1021 1020/1020/1020 1019/1019/1019
f 1020/1020/1020 1022/1022/1022 1019/1019/1019
f 1020/1020/1020 1023/1023/1023 1022/1022/1022
f 1023/1023/1023 1024/1024/1024 1022/1022/1022
f 1023/1023/1023 1025/1025/1025 1024/1024/1024
f 1025/1025/1025 1026/1026/1026 1024/1024/1024
f 1025/1025/1025 1027/1027/1027 1026/1026/1026
f 1027/1027/1027 1028/1028/1028 1026/1026/1026
f 1027/1027/1027 1029/1029/1029 1028/1028/1028
f 1029/1029/1029 1030/1030/1030 1028/1028/1028
f 1033/1033/1033 1032/1032/1032 1031/1031/1031
f 1032/1032/1032 1034/1034/1034 1031/1031/1031
f 1031/1031/1031 1034/1034/1034 1035/1035/1035
f 1034/1034/1034 1036/1036/1036 1035/1035/1035
f 1035/1035/1035 1036/1036/1036 1037/1037/1037
f 1036/1036/1036 1038/1038/1038 1037/1037/1037
f 1037/1037/1037 1038/1038/1038 1039/1039/1039
f 1038/1038/1038 1040/1040/1040 1039/1039/1039
f 1039/1039/1039 1040/1040/1040 1041/1041/1041
f 1040/1040/1040 1042/1042/1042 1041/1041/1041
f 1045/1045/1045 1044/1044/1044 1043/1043/1043
f 1046/1046/1046 1045/1045/1045 1043/1043/1043
f 1047/1047/1047 1045/1045/1045 1046/1046/1046
f 1048/1048/1048 1047/1047/1047 1046/1046/1046
f 1049/1049/1049 1047/1047/1047 1048/1048/1048
f 1050/1050/1050 1049/1049/1049 1048/1048/1048
f 1051/1051/1051 1049/1049/1049 1050/1050/1050
f 1052/1052/1052 1051/1051/1051 1050/1050/1050
f 1053/1053/1053 1051/1051/1051 1052/1052/1052
f 1054/1054/1054 1053/1053/1053 1052/1052/1052
f 1057/1057/1057 1056/1056/1056 1055/1055/1055
f 1058/1058/1058 1057/1057/1057 1055/1055/1055
f 1059/1059/1059 1057/1057/1057 1058/1058/1058
f 1060/1060/1060 1059/1059/1059 1058/1058/1058
f 1061/1061/1061 1059/1059/1059 1060/1060/1060
f 1062/1062/1062 1061/1061/1061 1060/1060/1060
f 1063/1063/1063 1061/1061/1061 1062/1062/1062
f 1064/1064/1064 1063/1063/1063 1062/1062/1062
f 1065/1065/1065 1063/1063/1063 1064/1064/1064
f 1066/1066/1066 1065/1065/1065 1064/1064/1064
f 1069/1069/1069 1068/1068/1068 1067/1067/1067
f 1068/1068/1068 1070/1070/1070 1067/1067/1067
f 1067/1067/1067 1070/1070/1070 1071/1071/1071
f 1070/1070/1070 1072/1072/1072 1071/1071/1071
f 1071/1071/1071 1072/1072/1072 1073/1073/1073
f 1072/1072/1072 1074/1074/1074 1073/1073/1073
f 1073/1073/1073 1074/1074/1074 1075/1075/1075
f 1074/1074/1074 1076/1076/1076 1075/1075/1075
f 1075/1075/1075 1076/1076/1076 1077/1077/1077
f 1076/1076/1076 1078/1078/1078 1077/1077/1077
f 1081/1081/1081 1080/1080/1080 1079/1079/1079
f 1082/1082/1082 1081/1081/1081 1079/1079/1079
f 1083/1083/1083 1081/1081/1081 1082/1082/1082
f 1082/1082/1082 1079/1079/1079 1084/1084/1084
f 1079/1079/1079 1085/1085/1085 1084/1084/1084
f 1085/1085/1085 1086/1086/1086 1084/1084/1084
f 1087/1087/1087 1083/1083/1083 1082/1082/1082
f 1088/1088/1088 1083/1083/1083 1087/1087/1087
f 1084/1084/1084 1089/1089/1089 1082/1082/1082
f 1084/1084/1084 1086/1086/1086 1089/1089/1089
f 1089/1089/1089 1087/1087/1087 1082/1082/1082
f 1090/1090/1090 1088/1088/1088 1087/1087/1087
f 1091/1091/1091 1088/1088/1088 1090/1090/1090
f 1089/1089/1089 1092/1092/1092 1087/1087/1087
f 1089/1089/1089 1086/1086/1086 1092/1092/1092
f 1092/1092/1092 1090/1090/1090 1087/1087/1087
f 1092/1092/1092 1086/1086/1086 1093/1093/1093
f 1092/1092/1092 1093/1093/1093 1090/1090/1090
f 1093/1093/1093 1086/1086/1086 1094/1094/1094
f 1095/1095/1095 1091/1091/1091 1090/1090/1090
f 1093/1093/1093 1095/1095/1095 1090/1090/1090
f 1093/1093/1093 1094/1094/1094 1095/1095/1095
f 1096/1096/1096 1091/1091/1091 1095/1095/1095
f 1094/1094/1094 1097/1097/1097 1095/1095/1095
f 1097/1097/1097 1096/1096/1096 1095/1095/1095
f 1100/1100/1100 1099/1099/1099 1098/1098/1098
f 1101/1101/1101 1100/1100/1100 1098/1098/1098
f 1102/1102/1102 1100/1100/1100 1101/1101/1101
f 1103/1103/1103 1102/1102/1102 1101/1101/1101
f 1104/1104/1104 1102/1102/1102 1103/1103/1103
f 1105/1105/1105 1104/1104/1104 1103/1103/1103
f 1106/1106/1106 1104/1104/1104 1105/1105/1105
f 1107/1107/1107 1106/1106/1106 1105/1105/1105
f 1108/1108/1108 1106/1106/1106 1107/1107/1107
f 1109/1109/1109 1108/1108/1108 1107/1107/1107
f 1110/1110/1110 1108/1108/1108 1109/1109/1109
f 1111/1111/1111 1110/1110/1110 1109/1109/1109
f 1114/1114/1114 1113/1113/1113 1112/1112/1112
f 1113/1113/1113 1115/1115/1115 1112/1112/1112
f 1112/1112/1112 1115/1115/1115 1116/1116/1116
f 1115/1115/1115 1117/1117/1117 1116/1116/1116
f 1116/1116/1116 1117/1117/1117 1118/1118/1118
f 1117/1117/1117 1119/1119/1119 1118/1118/1118
f 1118/1118/1118 1119/1119/1119 1120/1120/1120
f 1119/1119/1119 1121/1121/1121 1120/1120/1120
f 1120/1120/1120 1121/1121/1121 1122/1122/1122
f 1121/1121/1121 1123/1123/1123 1122/1122/1122
f 1126/1126/1126 1125/1125/1125 1124/1124/1124
f 1127/1127/1127 1126/1126/1126 1124/1124/1124
f 1130/1130/1130 1129/1129/1129 1128/1128/1128
f 1131/1131/1131 1130/1130/1130 1128/1128/1128
f 1134/1134/1134 1133/1133/1133 1132/1132/1132
f 1135/1135/1135 1134/1134/1134 1132/1132/1132
f 1138/1138/1138 1137/1137/1137 1136/1136/1136
f 1139/1139/1139 1138/1138/1138 1136/1136/1136
f 1142/1142/1142 1141/1141/1141 1140/1140/1140
f 1143/1143/1143 1142/1142/1142 1140/1140/1140
f 1146/1146/1146 1145/1145/1145 1144/1144/1144
f 1147/1147/1147 1146/1146/1146 1144/1144/1144
f 1150/1150/1150 1149/1149/1149 1148/1148/1148
f 1151/1151/1151 1150/1150/1150 1148/1148/1148
f 1154/1154/1154 1153/1153/1153 1152/1152/1152
f 1155/1155/1155 1154/1154/1154 1152/1152/1152
f 1158/1158/1158 1157/1157/1157 1156/1156/1156
f 1157/1157/1157 1159/1159/1159 1156/1156/1156
f 1157/1157/1157 1160/1160/1160 1159/1159/1159
f 1160/1160/1160 1161/1161/1161 1159/1159/1159
f 1160/1160/1160 1162/1162/1162 1161/1161/1161
f 1162/1162/1162 1163/1163/1163 1161/1161/1161
f 1166/1166/1166 1165/1165/1165 1164/1164/1164
f 1167/1167/1167 1166/1166/1166 1164/1164/1164
f 1167/1167/1167 1164/1164/1164 1168/1168/1168
f 1169/1169/1169 1167/1167/1167 1168/1168/1168
f 1169/1169/1169 1168/1168/1168 1170/1170/1170
f 1171/1171/1171 1169/1169/1169 1170/1170/1170
f 1174/1174/1174 1173/1173/1173 1172/1172/1172
f 1175/1175/1175 1174/1174/1174 1172/1172/1172
f 1178/1178/1178 1177/1177/1177 1176/1176/1176
f 1179/1179/1179 1178/1178/1178 1176/1176/1176
f 1182/1182/1182 1181/1181/1181 1180/1180/1180
f 1183/1183/1183 1182/1182/1182 1180/1180/1180
f 1186/1186/1186 1185/1185/1185 1184/1184/1184
f 1187/1187/1187 1186/1186/1186 1184/1184/1184
f 1190/1190/1190 1189/1189/1189 1188/1188/1188
f 1189/1189/1189 1191/1191/1191 1188/1188/1188
f 1191/1191/1191 1192/1192/1192 1188/1188/1188
f 1192/1192/1192 1193/1193/1193 1188/1188/1188
f 1196/1196/1196 1195/1195/1195 1194/1194/1194
f 1197/1197/1197 1196/1196/1196 1194/1194/1194
f 1194/1194/1194 1198/1198/1198 1197/1197/1197
f 1198/1198/1198 1199/1199/1199 1197/1197/1197
f 1202/1202/1202 1201/1201/1201 1200/1200/1200
f 1201/1201/1201 1203/1203/1203 1200/1200/1200
f 1201/1201/1201 1204/1204/1204 1203/1203/1203
f 1204/1204/1204 1205/1205/1205 1203/1203/1203
f 1208/1208/1208 1207/1207/1207 1206/1206/1206
f 1207/1207/1207 1209/1209/1209 1206/1206/1206
f 1209/1209/1209 1210/1210/1210 1206/1206/1206
f 1210/1210/1210 1211/1211/1211 1206/1206/1206
f 1214/1214/1214 1213/1213/1213 1212/1212/1212
f 1215/1215/1215 1214/1214/1214 1212/1212/1212
f 1218/1218/1218 1217/1217/1217 1216/1216/1216
f 1219/1219/1219 1218/1218/1218 1216/1216/1216
f 1222/1222/1222 1221/1221/1221 1220/1220/1220
f 1223/1223/1223 1222/1222/1222 1220/1220/1220
f 1224/1224/1224 1223/1223/1223 1220/1220/1220
f 1225/1225/1225 1224/1224/1224 1220/1220/1220
f 1228/1228/1228 1227/1227/1227 1226/1226/1226
f 1229/1229/1229 1228/1228/1228 1226/1226/1226
f 1232/1232/1232 1231/1231/1231 1230/1230/1230
f 1230/1230/1230 1233/1233/1233 1232/1232/1232
f 1230/1230/1230 1234/1234/1234 1233/1233/1233
f 1237/1237/1237 1236/1236/1236 1235/1235/1235
f 1235/1235/1235 1238/1238/1238 1237/1237/1237
f 1238/1238/1238 1239/1239/1239 1237/1237/1237
f 1242/1242/1242 1241/1241/1241 1240/1240/1240
f 1243/1243/1243 1242/1242/1242 1240/1240/1240
f 1243/1243/1243 1240/1240/1240 1244/1244/1244
f 1245/1245/1245 1243/1243/1243 1244/1244/1244
f 1245/1245/1245 1244/1244/1244 1246/1246/1246
f 1247/1247/1247 1245/1245/1245 1246/1246/1246
f 1247/1247/1247 1246/1246/1246 1248/1248/1248
f 1246/1246/1246 1249/1249/1249 1248/1248/1248
f 1248/1248/1248 1249/1249/1249 1250/1250/1250
f 1251/1251/1251 1248/1248/1248 1250/1250/1250
f 1254/1254/1254 1253/1253/1253 1252/1252/1252
f 1255/1255/1255 1254/1254/1254 1252/1252/1252
f 1256/1256/1256 1254/1254/1254 1255/1255/1255
f 1257/1257/1257 1256/1256/1256 1255/1255/1255
f 1258/1258/1258 1256/1256/1256 1257/1257/1257
f 1259/1259/1259 1258/1258/1258 1257/1257/1257
f 1260/1260/1260 1258/1258/1258 1259/1259/1259
f 1261/1261/1261 1260/1260/1260 1259/1259/1259
f 1261/1261/1261 1262/1262/1262 1260/1260/1260
f 1262/1262/1262 1263/1263/1263 1260/1260/1260
f 1266/1266/1266 1265/1265/1265 1264/1264/1264
f 1265/1265/1265 1267/1267/1267 1264/1264/1264
f 1265/1265/1265 1268/1268/1268 1267/1267/1267
f 1268/1268/1268 1269/1269/1269 1267/1267/1267
f 1268/1268/1268 1270/1270/1270 1269/1269/1269
f 1270/1270/1270 1271/1271/1271 1269/1269/1269
f 1270/1270/1270 1272/1272/1272 1271/1271/1271
f 1272/1272/1272 1273/1273/1273 1271/1271/1271
f 1272/1272/1272 1274/1274/1274 1273/1273/1273
f 1274/1274/1274 1275/1275/1275 1273/1273/1273
f 1278/1278/1278 1277/1277/1277 1276/1276/1276
f 1277/1277/1277 1279/1279/1279 1276/1276/1276
f 1276/1276/1276 1279/1279/1279 1280/1280/1280
f 1279/1279/1279 1281/1281/1281 1280/1280/1280
f 1280/1280/1280 1281/1281/1281 1282/1282/1282
f 1281/1281/1281 1283/1283/1283 1282/1282/1282
f 1282/1282/1282 1283/1283/1283 1284/1284/1284
f 1283/1283/1283 1285/1285/1285 1284/1284/1284
f 1284/1284/1284 1285/1285/1285 1286/1286/1286
f 1285/1285/1285 1287/1287/1287 1286/1286/1286
f 1290/1290/1290 1289/1289/1289 1288/1288/1288
f 1291/1291/1291 1290/1290/1290 1288/1288/1288
f 1291/1291/1291 1292/1292/1292 1290/1290/1290
f 1292/1292/1292 1293/1293/1293 1290/1290/1290
f 1292/1292/1292 1294/1294/1294 1293/1293/1293
f 1294/1294/1294 1295/1295/1295 1293/1293/1293
f 1294/1294/1294 1296/1296/1296 1295/1295/1295
f 1296/1296/1296 1297/1297/1297 1295/1295/1295
f 1296/1296/1296 1298/1298/1298 1297/1297/1297
f 1298/1298/1298 1299/1299/1299 1297/1297/1297
f 1298/1298/1298 1300/1300/1300 1299/1299/1299
f 1300/1300/1300 1301/1301/1301 1299/1299/1299
f 1304/1304/1304 1303/1303/1303 1302/1302/1302
f 1303/1303/1303 1305/1305/1305 1302/1302/1302
f 1302/1302/1302 1305/1305/1305 1306/1306/1306
f 1305/1305/1305 1307/1307/1307 1306/1306/1306
f 1306/1306/1306 1307/1307/1307 1308/1308/1308
f 1307/1307/1307 1309/1309/1309 1308/1308/1308
f 1308/1308/1308 1309/1309/1309 1310/1310/1310
f 1309/1309/1309 1311/1311/1311 1310/1310/1310
f 1310/1310/1310 1311/1311/1311 1312/1312/1312
f 1311/1311/1311 1313/1313/1313 1312/1312/1312
f 1312/1312/1312 1313/1313/1313 1314/1314/1314
f 1313/1313/1313 1315/1315/1315 1314/1314/1314
f 1318/1318/1318 1317/1317/1317 1316/1316/1316
f 1319/1319/1319 1318/1318/1318 1316/1316/1316
f 1319/1319/1319 1320/1320/1320 1318/1318/1318
f 1320/1320/1320 1321/1321/1321 1318/1318/1318
f 1320/1320/1320 1322/1322/1322 1321/1321/1321
f 1322/1322/1322 1323/1323/1323 1321/1321/1321
f 1322/1322/1322 1324/1324/1324 1323/1323/1323
f 1324/1324/1324 1325/1325/1325 1323/1323/1323
f 1326/1326/1326 1325/1325/1325 1324/1324/1324
f 1327/1327/1327 1326/1326/1326 1324/1324/1324
f 1327/1327/1327 1328/1328/1328 1326/1326/1326
f 1328/1328/1328 1329/1329/1329 1326/1326/1326
f 1332/1332/1332 1331/1331/1331 1330/1330/1330
f 1331/1331/1331 1333/1333/1333 1330/1330/1330
f 1330/1330/1330 1333/1333/1333 1334/1334/1334
f 1333/1333/1333 1335/1335/1335 1334/1334/1334
f 1334/1334/1334 1335/1335/1335 1336/1336/1336
f 1335/1335/1335 1337/1337/1337 1336/1336/1336
f 1336/1336/1336 1337/1337/1337 1338/1338/1338
f 1339/1339/1339 1336/1336/1336 1338/1338/1338
f 1339/1339/1339 1338/1338/1338 1340/1340/1340
f 1338/1338/1338 1341/1341/1341 1340/1340/1340
f 1340/1340/1340 1341/1341/1341 1342/1342/1342
f 1341/1341/1341 1343/1343/1343 1342/1342/1342
f 1346/1346/1346 1345/1345/1345 1344/1344/1344
f 1347/1347/1347 1346/1346/1346 1344/1344/1344
f 1348/1348/1348 1346/1346/1346 1347/1347/1347
f 1349/1349/1349 1348/1348/1348 1347/1347/1347
f 1348/1348/1348 1349/1349/1349 1350/1350/1350
f 1349/1349/1349 1351/1351/1351 1350/1350/1350
f 1350/1350/1350 1351/1351/1351 1352/1352/1352
f 1349/1349/1349 1347/1347/1347 1353/1353/1353
f 1349/1349/1349 1353/1353/1353 1351/1351/1351
f 1347/1347/1347 1354/1354/1354 1353/1353/1353
f 1347/1347/1347 1355/1355/1355 1354/1354/1354
f 1355/1355/1355 1356/1356/1356 1354/1354/1354
f 1353/1353/1353 1357/1357/1357 1351/1351/1351
f 1351/1351/1351 1358/1358/1358 1352/1352/1352
f 1351/1351/1351 1357/1357/1357 1358/1358/1358
f 1352/1352/1352 1358/1358/1358 1359/1359/1359
f 1357/1357/1357 1360/1360/1360 1358/1358/1358
f 1358/1358/1358 1361/1361/1361 1359/1359/1359
f 1358/1358/1358 1360/1360/1360 1361/1361/1361
f 1359/1359/1359 1361/1361/1361 1362/1362/1362
f 1360/1360/1360 1363/1363/1363 1361/1361/1361
f 1361/1361/1361 1364/1364/1364 1362/1362/1362
f 1361/1361/1361 1363/1363/1363 1365/1365/1365
f 1363/1363/1363 1366/1366/1366 1365/1365/1365
f 1365/1365/1365 1366/1366/1366 1367/1367/1367
f 1366/1366/1366 1368/1368/1368 1367/1367/1367
f 1367/1367/1367 1368/1368/1368 1369/1369/1369
f 1368/1368/1368 1370/1370/1370 1369/1369/1369
f 1362/1362/1362 1364/1364/1364 1371/1371/1371
f 1364/1364/1364 1372/1372/1372 1371/1371/1371
f 1372/1372/1372 1373/1373/1373 1371/1371/1371
f 1373/1373/1373 1374/1374/1374 1371/1371/1371
f 1377/1377/1377 1376/1376/1376 1375/1375/1375
f 1376/1376/1376 1378/1378/1378 1375/1375/1375
f 1376/1376/1376 1379/1379/1379 1378/1378/1378
f 1379/1379/1379 1380/1380/1380 1378/1378/1378
f 1380/1380/1380 1381/1381/1381 1378/1378/1378
f 1381/1381/1381 1382/1382/1382 1378/1378/1378
f 1378/1378/1378 1382/1382/1382 1375/1375/1375
f 1382/1382/1382 1383/1383/1383 1375/1375/1375
f 1386/1386/1386 1385/1385/1385 1384/1384/1384
f 1385/1385/1385 1387/1387/1387 1384/1384/1384
f 1387/1387/1387 1388/1388/1388 1384/1384/1384
f 1388/1388/1388 1389/1389/1389 1384/1384/1384
f 1392/1392/1392 1391/1391/1391 1390/1390/1390
f 1391/1391/1391 1393/1393/1393 1390/1390/1390
f 1391/1391/1391 1394/1394/1394 1393/1393/1393
f 1394/1394/1394 1395/1395/1395 1393/1393/1393
f 1394/1394/1394 1396/1396/1396 1395/1395/1395
f 1396/1396/1396 1397/1397/1397 1395/1395/1395
f 1400/1400/1400 1399/1399/1399 1398/1398/1398
f 1399/1399/1399 1401/1401/1401 1398/1398/1398
f 1398/1398/1398 1401/1401/1401 1402/1402/1402
f 1399/1399/1399 1403/1403/1403 1401/1401/1401
f 1401/1401/1401 1404/1404/1404 1402/1402/1402
f 1403/1403/1403 1405/1405/1405 1401/1401/1401
f 1401/1401/1401 1405/1405/1405 1404/1404/1404
f 1403/1403/1403 1406/1406/1406 1405/1405/1405
f 1405/1405/1405 1407/1407/1407 1404/1404/1404
f 1406/1406/1406 1408/1408/1408 1405/1405/1405
f 1405/1405/1405 1408/1408/1408 1407/1407/1407
f 1408/1408/1408 1409/1409/1409 1407/1407/1407
f 1412/1412/1412 1411/1411/1411 1410/1410/1410
f 1411/1411/1411 1413/1413/1413 1410/1410/1410
f 1411/1411/1411 1414/1414/1414 1413/1413/1413
f 1414/1414/1414 1415/1415/1415 1413/1413/1413
f 1414/1414/1414 1416/1416/1416 1415/1415/1415
f 1416/1416/1416 1417/1417/1417 1415/1415/1415
f 1420/1420/1420 1419/1419/1419 1418/1418/1418
f 1419/1419/1419 1421/1421/1421 1418/1418/1418
f 1418/1418/1418 1421/1421/1421 1422/1422/1422
f 1419/1419/1419 1423/1423/1423 1421/1421/1421
f 1421/1421/1421 1424/1424/1424 1422/1422/1422
f 1423/1423/1423 1425/1425/1425 1421/1421/1421
f 1421/1421/1421 1425/1425/1425 1424/1424/1424
f 1423/1423/1423 1426/1426/1426 1425/1425/1425
f 1425/1425/1425 1427/1427/1427 1424/1424/1424
f 1426/1426/1426 1428/1428/1428 1425/1425/1425
f 1425/1425/1425 1428/1428/1428 1427/1427/1427
f 1428/1428/1428 1429/1429/1429 1427/1427/1427
f 1432/1432/1432 1431/1431/1431 1430/1430/1430
f 1433/1433/1433 1432/1432/1432 1430/1430/1430
f 1436/1436/1436 1435/1435/1435 1434/1434/1434
f 1437/1437/1437 1436/1436/1436 1434/1434/1434
f 1440/1440/1440 1439/1439/1439 1438/1438/1438
f 1441/1441/1441 1440/1440/1440 1438/1438/1438
f 1444/1444/1444 1443/1443/1443 1442/1442/1442
f 1445/1445/1445 1444/1444/1444 1442/1442/1442
f 1445/1445/1445 1442/1442/1442 1446/1446/1446
f 1442/1442/1442 1447/1447/1447 1446/1446/1446
f 1450/1450/1450 1449/1449/1449 1448/1448/1448
f 1451/1451/1451 1450/1450/1450 1448/1448/1448
f 1451/1451/1451 1452/1452/1452 1450/1450/1450
f 1452/1452/1452 1453/1453/1453 1450/1450/1450
f 1456/1456/1456 1455/1455/1455 1454/1454/1454
f 1457/1457/1457 1456/1456/1456 1454/1454/1454
f 1460/1460/1460 1459/1459/1459 1458/1458/1458
f 1461/1461/1461 1460/1460/1460 1458/1458/1458
f 1464/1464/1464 1463/1463/1463 1462/1462/1462
f 1465/1465/1465 1464/1464/1464 1462/1462/1462
f 1468/1468/1468 1467/1467/1467 1466/1466/1466
f 1469/1469/1469 1468/1468/1468 1466/1466/1466
f 1469/1469/1469 1466/1466/1466 1470/1470/1470
f 1466/1466/1466 1471/1471/1471 1470/1470/1470
f 1470/1470/1470 1471/1471/1471 1472/1472/1472
f 1471/1471/1471 1473/1473/1473 1472/1472/1472
f 1476/1476/1476 1475/1475/1475 1474/1474/1474
f 1475/1475/1475 1477/1477/1477 1474/1474/1474
f 1477/1477/1477 1478/1478/1478 1474/1474/1474
f 1478/1478/1478 1479/1479/1479 1474/1474/1474
f 1479/1479/1479 1478/1478/1478 1480/1480/1480
f 1478/1478/1478 1481/1481/1481 1480/1480/1480
f 1482/1482/1482 1481/1481/1481 1478/1478/1478
f 1477/1477/1477 1475/1475/1475 1483/1483/1483
f 1475/1475/1475 1484/1484/1484 1483/1483/1483
f 1485/1485/1485 1478/1478/1478 1477/1477/1477
f 1485/1485/1485 1482/1482/1482 1478/1478/1478
f 1483/1483/1483 1485/1485/1485 1477/1477/1477
f 1485/1485/1485 1486/1486/1486 1482/1482/1482
f 1486/1486/1486 1485/1485/1485 1483/1483/1483
f 1486/1486/1486 1487/1487/1487 1482/1482/1482
f 1488/1488/1488 1487/1487/1487 1486/1486/1486
f 1489/1489/1489 1488/1488/1488 1486/1486/1486
f 1490/1490/1490 1483/1483/1483 1484/1484/1484
f 1490/1490/1490 1486/1486/1486 1483/1483/1483
f 1489/1489/1489 1486/1486/1486 1490/1490/1490
f 1491/1491/1491 1490/1490/1490 1484/1484/1484
f 1492/1492/1492 1489/1489/1489 1490/1490/1490
f 1491/1491/1491 1493/1493/1493 1490/1490/1490
f 1493/1493/1493 1492/1492/1492 1490/1490/1490
f 1496/1496/1496 1495/1495/1495 1494/1494/1494
f 1497/1497/1497 1496/1496/1496 1494/1494/1494
f 1498/1498/1498 1496/1496/1496 1497/1497/1497
f 1499/1499/1499 1498/1498/1498 1497/1497/1497
f 1498/1498/1498 1499/1499/1499 1500/1500/1500
f 1499/1499/1499 1501/1501/1501 1500/1500/1500
f 1500/1500/1500 1501/1501/1501 1502/1502/1502
f 1501/1501/1501 1503/1503/1503 1502/1502/1502
f 1502/1502/1502 1503/1503/1503 1504/1504/1504
f 1503/1503/1503 1505/1505/1505 1504/1504/1504
f 1504/1504/1504 1505/1505/1505 1506/1506/1506
f 1505/1505/1505 1507/1507/1507 1506/1506/1506
f 1506/1506/1506 1507/1507/1507 1508/1508/1508
f 1507/1507/1507 1509/1509/1509 1508/1508/1508
f 1509/1509/1509 1510/1510/1510 1508/1508/1508
f 1510/1510/1510 1511/1511/1511 1508/1508/1508
f 1501/1501/1501 1512/1512/1512 1503/1503/1503
f 1512/1512/1512 1513/1513/1513 1503/1503/1503
f 1503/1503/1503 1513/1513/1513 1505/1505/1505
f 1513/1513/1513 1514/1514/1514 1505/1505/1505
f 1505/1505/1505 1514/1514/1514 1515/1515/1515
f 1514/1514/1514 1516/1516/1516 1515/1515/1515
f 1515/1515/1515 1516/1516/1516 1517/1517/1517
f 1516/1516/1516 1518/1518/1518 1517/1517/1517
f 1517/1517/1517 1518/1518/1518 1519/1519/1519
f 1518/1518/1518 1520/1520/1520 1519/1519/1519
f 1521/1521/1521 1512/1512/1512 1501/1501/1501
f 1522/1522/1522 1521/1521/1521 1501/1501/1501
f 1522/1522/1522 1523/1523/1523 1521/1521/1521
f 1523/1523/1523 1524/1524/1524 1521/1521/1521
f 1523/1523/1523 1525/1525/1525 1524/1524/1524
f 1525/1525/1525 1526/1526/1526 1524/1524/1524
f 1529/1529/1529 1528/1528/1528 1527/1527/1527
f 1528/1528/1528 1530/1530/1530 1527/1527/1527
f 1528/1528/1528 1531/1531/1531 1530/1530/1530
f 1530/1530/1530 1532/1532/1532 1527/1527/1527
f 1532/1532/1532 1533/1533/1533 1527/1527/1527
f 1534/1534/1534 1532/1532/1532 1530/1530/1530
f 1531/1531/1531 1535/1535/1535 1530/1530/1530
f 1535/1535/1535 1534/1534/1534 1530/1530/1530
f 1531/1531/1531 1536/1536/1536 1535/1535/1535
f 1535/1535/1535 1537/1537/1537 1534/1534/1534
f 1536/1536/1536 1537/1537/1537 1535/1535/1535
f 1537/1537/1537 1538/1538/1538 1534/1534/1534
f 1536/1536/1536 1539/1539/1539 1537/1537/1537
f 1540/1540/1540 1538/1538/1538 1537/1537/1537
f 1539/1539/1539 1541/1541/1541 1537/1537/1537
f 1541/1541/1541 1540/1540/1540 1537/1537/1537
f 1544/1544/1544 1543/1543/1543 1542/1542/1542
f 1543/1543/1543 1545/1545/1545 1542/1542/1542
f 1543/1543/1543 1546/1546/1546 1545/1545/1545
f 1542/1542/1542 1545/1545/1545 1547/1547/1547
f 1546/1546/1546 1548/1548/1548 1545/1545/1545
f 1545/1545/1545 1549/1549/1549 1547/1547/1547
f 1545/1545/1545 1548/1548/1548 1549/1549/1549
f 1547/1547/1547 1549/1549/1549 1550/1550/1550
f 1548/1548/1548 1551/1551/1551 1549/1549/1549
f 1549/1549/1549 1552/1552/1552 1550/1550/1550
f 1549/1549/1549 1551/1551/1551 1552/1552/1552
f 1550/1550/1550 1552/1552/1552 1553/1553/1553
f 1551/1551/1551 1554/1554/1554 1552/1552/1552
f 1552/1552/1552 1555/1555/1555 1553/1553/1553
f 1552/1552/1552 1554/1554/1554 1555/1555/1555
f 1554/1554/1554 1556/1556/1556 1555/1555/1555
f 1559/1559/1559 1558/1558/1558 1557/1557/1557
f 1560/1560/1560 1559/1559/1559 1557/1557/1557
f 1560/1560/1560 1557/1557/1557 1561/1561/1561
f 1562/1562/1562 1559/1559/1559 1560/1560/1560
f 1563/1563/1563 1560/1560/1560 1561/1561/1561
f 1564/1564/1564 1562/1562/1562 1560/1560/1560
f 1564/1564/1564 1560/1560/1560 1563/1563/1563
f 1565/1565/1565 1562/1562/1562 1564/1564/1564
f 1566/1566/1566 1564/1564/1564 1563/1563/1563
f 1567/1567/1567 1565/1565/1565 1564/1564/1564
f 1567/1567/1567 1564/1564/1564 1566/1566/1566
f 1568/1568/1568 1565/1565/1565 1567/1567/1567
f 1569/1569/1569 1567/1567/1567 1566/1566/1566
f 1570/1570/1570 1568/1568/1568 1567/1567/1567
f 1570/1570/1570 1567/1567/1567 1569/1569/1569
f 1571/1571/1571 1570/1570/1570 1569/1569/1569
f 1574/1574/1574 1573/1573/1573 1572/1572/1572
f 1573/1573/1573 1575/1575/1575 1572/1572/1572
f 1572/1572/1572 1575/1575/1575 1576/1576/1576
f 1573/1573/1573 1577/1577/1577 1575/1575/1575
f 1575/1575/1575 1578/1578/1578 1576/1576/1576
f 1576/1576/1576 1578/1578/1578 1579/1579/1579
f 1577/1577/1577 1580/1580/1580 1575/1575/1575
f 1575/1575/1575 1580/1580/1580 1578/1578/1578
f 1577/1577/1577 1581/1581/1581 1580/1580/1580
f 1581/1581/1581 1582/1582/1582 1580/1580/1580
f 1580/1580/1580 1582/1582/1582 1583/1583/1583
f 1580/1580/1580 1583/1583/1583 1578/1578/1578
f 1582/1582/1582 1584/1584/1584 1583/1583/1583
f 1578/1578/1578 1585/1585/1585 1579/1579/1579
f 1578/1578/1578 1583/1583/1583 1585/1585/1585
f 1579/1579/1579 1585/1585/1585 1586/1586/1586
f 1585/1585/1585 1587/1587/1587 1586/1586/1586
f 1583/1583/1583 1584/1584/1584 1588/1588/1588
f 1583/1583/1583 1588/1588/1588 1585/1585/1585
f 1585/1585/1585 1588/1588/1588 1587/1587/1587
f 1584/1584/1584 1589/1589/1589 1588/1588/1588
f 1588/1588/1588 1590/1590/1590 1587/1587/1587
f 1588/1588/1588 1589/1589/1589 1590/1590/1590
f 1589/1589/1589 1591/1591/1591 1590/1590/1590
f 1594/1594/1594 1593/1593/1593 1592/1592/1592
f 1593/1593/1593 1595/1595/1595 1592/1592/1592
f 1593/1593/1593 1596/1596/1596 1595/1595/1595
f 1596/1596/1596 1597/1597/1597 1595/1595/1595
f 1592/1592/1592 1595/1595/1595 1598/1598/1598
f 1595/1595/1595 1599/1599/1599 1598/1598/1598
f 1595/1595/1595 1600/1600/1600 1599/1599/1599
f 1600/1600/1600 1601/1601/1601 1599/1599/1599
f 1598/1598/1598 1599/1599/1599 1602/1602/1602
f 1599/1599/1599 1603/1603/1603 1602/1602/1602
f 1602/1602/1602 1603/1603/1603 1604/1604/1604
f 1603/1603/1603 1605/1605/1605 1604/1604/1604
f 1608/1608/1608 1607/1607/1607 1606/1606/1606
f 1607/1607/1607 1609/1609/1609 1606/1606/1606
f 1606/1606/1606 1609/1609/1609 1610/1610/1610
f 1609/1609/1609 1611/1611/1611 1610/1610/1610
f 1610/1610/1610 1611/1611/1611 1612/1612/1612
f 1611/1611/1611 1613/1613/1613 1612/1612/1612
f 1612/1612/1612 1613/1613/1613 1614/1614/1614
f 1611/1611/1611 1615/1615/1615 1613/1613/1613
f 1615/1615/1615 1616/1616/1616 1613/1613/1613
f 1613/1613/1613 1617/1617/1617 1614/1614/1614
f 1613/1613/1613 1618/1618/1618 1617/1617/1617
f 1618/1618/1618 1619/1619/1619 1617/1617/1617
f 1622/1622/1622 1621/1621/1621 1620/1620/1620
f 1623/1623/1623 1622/1622/1622 1620/1620/1620
f 1624/1624/1624 1622/1622/1622 1623/1623/1623
f 1625/1625/1625 1624/1624/1624 1623/1623/1623
f 1628/1628/1628 1627/1627/1627 1626/1626/1626
f 1627/1627/1627 1629/1629/1629 1626/1626/1626
f 1626/1626/1626 1629/1629/1629 1630/1630/1630
f 1629/1629/1629 1631/1631/1631 1630/1630/1630
f 1634/1634/1634 1633/1633/1633 1632/1632/1632
f 1635/1635/1635 1634/1634/1634 1632/1632/1632
f 1638/1638/1638 1637/1637/1637 1636/1636/1636
f 1639/1639/1639 1638/1638/1638 1636/1636/1636
f 1642/1642/1642 1641/1641/1641 1640/1640/1640
f 1643/1643/1643 1642/1642/1642 1640/1640/1640
f 1646/1646/1646 1645/1645/1645 1644/1644/1644
f 1647/1647/1647 1646/1646/1646 1644/1644/1644
f 1650/1650/1650 1649/1649/1649 1648/1648/1648
f 1651/1651/1651 1650/1650/1650 1648/1648/1648
f 1654/1654/1654 1653/1653/1653 1652/1652/1652
f 1655/1655/1655 1654/1654/1654 1652/1652/1652
f 1658/1658/1658 1657/1657/1657 1656/1656/1656
f 1659/1659/1659 1658/1658/1658 1656/1656/1656
f 1660/1660/1660 1658/1658/1658 1659/1659/1659
f 1661/1661/1661 1660/1660/1660 1659/1659/1659
f 1659/1659/1659 1656/1656/1656 1662/1662/1662
f 1663/1663/1663 1659/1659/1659 1662/1662/1662
f 1664/1664/1664 1659/1659/1659 1663/1663/1663
f 1665/1665/1665 1664/1664/1664 1663/1663/1663
f 1663/1663/1663 1662/1662/1662 1666/1666/1666
f 1667/1667/1667 1663/1663/1663 1666/1666/1666
f 1667/1667/1667 1666/1666/1666 1668/1668/1668
f 1669/1669/1669 1667/1667/1667 1668/1668/1668
f 1672/1672/1672 1671/1671/1671 1670/1670/1670
f 1673/1673/1673 1672/1672/1672 1670/1670/1670
f 1673/1673/1673 1670/1670/1670 1674/1674/1674
f 1675/1675/1675 1673/1673/1673 1674/1674/1674
f 1675/1675/1675 1674/1674/1674 1676/1676/1676
f 1677/1677/1677 1675/1675/1675 1676/1676/1676
f 1677/1677/1677 1676/1676/1676 1678/1678/1678
f 1679/1679/1679 1675/1675/1675 1677/1677/1677
f 1680/1680/1680 1679/1679/1679 1677/1677/1677
f 1681/1681/1681 1677/1677/1677 1678/1678/1678
f 1682/1682/1682 1677/1677/1677 1681/1681/1681
f 1683/1683/1683 1682/1682/1682 1681/1681/1681
f 1686/1686/1686 1685/1685/1685 1684/1684/1684
f 1685/1685/1685 1687/1687/1687 1684/1684/1684
f 1685/1685/1685 1688/1688/1688 1687/1687/1687
f 1688/1688/1688 1689/1689/1689 1687/1687/1687
f 1692/1692/1692 1691/1691/1691 1690/1690/1690
f 1693/1693/1693 1692/1692/1692 1690/1690/1690
f 1693/1693/1693 1690/1690/1690 1694/1694/1694
f 1695/1695/1695 1693/1693/1693 1694/1694/1694
f 1698/1698/1698 1697/1697/1697 1696/1696/1696
f 1699/1699/1699 1698/1698/1698 1696/1696/1696
f 1702/1702/1702 1701/1701/1701 1700/1700/1700
f 1703/1703/1703 1702/1702/1702 1700/1700/1700
f 1706/1706/1706 1705/1705/1705 1704/1704/1704
f 1707/1707/1707 1706/1706/1706 1704/1704/1704
f 1710/1710/1710 1709/1709/1709 1708/1708/1708
f 1711/1711/1711 1710/1710/1710 1708/1708/1708
f 1714/1714/1714 1713/1713/1713 1712/1712/1712
f 1715/1715/1715 1714/1714/1714 1712/1712/1712
f 1718/1718/1718 1717/1717/1717 1716/1716/1716
f 1719/1719/1719 1718/1718/1718 1716/1716/1716
f 1722/1722/1722 1721/1721/1721 1720/1720/1720
f 1720/1720/1720 1721/1721/1721 1723/1723/1723
f 1724/1724/1724 1721/1721/1721 1722/1722/1722
f 1723/1723/1723 1721/1721/1721 1725/1725/1725
f 1726/1726/1726 1721/1721/1721 1724/1724/1724
f 1725/1725/1725 1721/1721/1721 1727/1727/1727
f 1728/1728/1728 1721/1721/1721 1726/1726/1726
f 1727/1727/1727 1721/1721/1721 1728/1728/1728
f 1731/1731/1731 1730/1730/1730 1729/1729/1729
f 1729/1729/1729 1730/1730/1730 1732/1732/1732
f 1733/1733/1733 1730/1730/1730 1731/1731/1731
f 1732/1732/1732 1730/1730/1730 1734/1734/1734
f 1735/1735/1735 1730/1730/1730 1733/1733/1733
f 1734/1734/1734 1730/1730/1730 1735/1735/1735
f 1738/1738/1738 1737/1737/1737 1736/1736/1736
f 1736/1736/1736 1737/1737/1737 1739/1739/1739
f 1740/1740/1740 1737/1737/1737 1738/1738/1738
f 1739/1739/1739 1737/1737/1737 1741/1741/1741
f 1742/1742/1742 1737/1737/1737 1740/1740/1740
f 1741/1741/1741 1737/1737/1737 1742/1742/1742
f 1745/1745/1745 1744/1744/1744 1743/1743/1743
f 1743/1743/1743 1744/1744/1744 1746/1746/1746
f 1747/1747/1747 1744/1744/1744 1745/1745/1745
f 1746/1746/1746 1744/1744/1744 1748/1748/1748
f 1749/1749/1749 1744/1744/1744 1747/1747/1747
f 1748/1748/1748 1744/1744/1744 1749/1749/1749
f 1752/1752/1752 1751/1751/1751 1750/1750/1750
f 1750/1750/1750 1751/1751/1751 1753/1753/1753
f 1754/1754/1754 1751/1751/1751 1752/1752/1752
f 1753/1753/1753 1751/1751/1751 1755/1755/1755
f 1756/1756/1756 1751/1751/1751 1754/1754/1754
f 1755/1755/1755 1751/1751/1751 1756/1756/1756
f 1759/1759/1759 1758/1758/1758 1757/1757/1757
f 1760/1760/1760 1759/1759/1759 1757/1757/1757
f 1757/1757/1757 1758/1758/1758 1761/1761/1761
f 1762/1762/1762 1760/1760/1760 1757/1757/1757
f 1761/1761/1761 1763/1763/1763 1757/1757/1757
f 1764/1764/1764 1762/1762/1762 1757/1757/1757
f 1763/1763/1763 1765/1765/1765 1757/1757/1757
f 1765/1765/1765 1764/1764/1764 1757/1757/1757
f 1768/1768/1768 1767/1767/1767 1766/1766/1766
f 1766/1766/1766 1767/1767/1767 1769/1769/1769
f 1770/1770/1770 1767/1767/1767 1768/1768/1768
f 1769/1769/1769 1767/1767/1767 1771/1771/1771
f 1772/1772/1772 1767/1767/1767 1770/1770/1770
f 1771/1771/1771 1767/1767/1767 1773/1773/1773
f 1774/1774/1774 1767/1767/1767 1772/1772/1772
f 1773/1773/1773 1767/1767/1767 1775/1775/1775
f 1776/1776/1776 1767/1767/1767 1774/1774/1774
f 1775/1775/1775 1767/1767/1767 1776/1776/1776
f 1779/1779/1779 1778/1778/1778 1777/1777/1777
f 1780/1780/1780 1779/1779/1779 1777/1777/1777
f 1781/1781/1781 1779/1779/1779 1780/1780/1780
f 1780/1780/1780 1777/1777/1777 1782/1782/1782
f 1779/1779/1779 1783/1783/1783 1778/1778/1778
f 1781/1781/1781 1783/1783/1783 1779/1779/1779
f 1783/1783/1783 1784/1784/1784 1778/1778/1778
f 1785/1785/1785 1780/1780/1780 1782/1782/1782
f 1781/1781/1781 1780/1780/1780 1785/1785/1785
f 1785/1785/1785 1782/1782/1782 1786/1786/1786
f 1783/1783/1783 1787/1787/1787 1784/1784/1784
f 1781/1781/1781 1787/1787/1787 1783/1783/1783
f 1787/1787/1787 1788/1788/1788 1784/1784/1784
f 1789/1789/1789 1785/1785/1785 1786/1786/1786
f 1781/1781/1781 1785/1785/1785 1789/1789/1789
f 1789/1789/1789 1786/1786/1786 1790/1790/1790
f 1787/1787/1787 1791/1791/1791 1788/1788/1788
f 1781/1781/1781 1791/1791/1791 1787/1787/1787
f 1791/1791/1791 1792/1792/1792 1788/1788/1788
f 1793/1793/1793 1790/1790/1790 1792/1792/1792
f 1793/1793/1793 1789/1789/1789 1790/1790/1790
f 1781/1781/1781 1789/1789/1789 1793/1793/1793
f 1781/1781/1781 1793/1793/1793 1791/1791/1791
f 1791/1791/1791 1793/1793/1793 1792/1792/1792
f 1796/1796/1796 1795/1795/1795 1794/1794/1794
f 1795/1795/1795 1797/1797/1797 1794/1794/1794
f 1795/1795/1795 1798/1798/1798 1797/1797/1797
f 1794/1794/1794 1797/1797/1797 1799/1799/1799
f 1800/1800/1800 1795/1795/1795 1796/1796/1796
f 1800/1800/1800 1798/1798/1798 1795/1795/1795
f 1801/1801/1801 1800/1800/1800 1796/1796/1796
f 1797/1797/1797 1802/1802/1802 1799/1799/1799
f 1797/1797/1797 1798/1798/1798 1802/1802/1802
f 1799/1799/1799 1802/1802/1802 1803/1803/1803
f 1804/1804/1804 1800/1800/1800 1801/1801/1801
f 1804/1804/1804 1798/1798/1798 1800/1800/1800
f 1805/1805/1805 1804/1804/1804 1801/1801/1801
f 1802/1802/1802 1806/1806/1806 1803/1803/1803
f 1802/1802/1802 1798/1798/1798 1806/1806/1806
f 1803/1803/1803 1806/1806/1806 1807/1807/1807
f 1808/1808/1808 1804/1804/1804 1805/1805/1805
f 1808/1808/1808 1798/1798/1798 1804/1804/1804
f 1809/1809/1809 1808/1808/1808 1805/1805/1805
f 1807/1807/1807 1810/1810/1810 1809/1809/1809
f 1806/1806/1806 1810/1810/1810 1807/1807/1807
f 1806/1806/1806 1798/1798/1798 1810/1810/1810
f 1810/1810/1810 1798/1798/1798 1808/1808/1808
f 1810/1810/1810 1808/1808/1808 1809/1809/1809
