g ControlPanel_ChargeBaseShape
v -0.251465917 0.433669955 -0.719422042
v -0.24304308 0.449383467 -0.757894933
v -0.208013773 0.452275008 -0.764973819
v -0.208013773 0.433669955 -0.719422042
v -0.164561629 0.433669955 -0.719422042
v -0.172984481 0.449383467 -0.757894933
v -0.24304308 0.417956471 -0.680949152
v -0.251465917 0.433669955 -0.719422042
v -0.208013773 0.415064931 -0.673869073
v -0.164561629 0.433669955 -0.719422042
v -0.172984481 0.417956471 -0.680949152
v -0.247003034 0.404963613 -0.681182325
v -0.24304308 0.417956471 -0.680949152
v -0.208013773 0.415064931 -0.673869073
v -0.208013773 0.4017452 -0.673301458
v -0.164561629 0.433669955 -0.719422042
v -0.172984481 0.449383467 -0.757894933
v -0.169024527 0.439942539 -0.766824424
v -0.159654409 0.422453225 -0.724003375
v -0.208013773 0.452275008 -0.764973819
v -0.24304308 0.449383467 -0.757894933
v -0.247003034 0.439942539 -0.766824424
v -0.208013773 0.443160921 -0.774704039
v -0.247003034 0.439942539 -0.766824424
v -0.24304308 0.449383467 -0.757894933
v -0.251465917 0.433669955 -0.719422042
v -0.256373137 0.422453225 -0.724003375
v -0.208013773 0.415064931 -0.673869073
v -0.172984481 0.417956471 -0.680949152
v -0.169024527 0.404963613 -0.681182325
v -0.208013773 0.4017452 -0.673301458
v -0.169024527 0.439942539 -0.766824424
v -0.172984481 0.449383467 -0.757894933
v -0.208013773 0.452275008 -0.764973819
v -0.208013773 0.443160921 -0.774704039
v -0.251465917 0.433669955 -0.719422042
v -0.24304308 0.417956471 -0.680949152
v -0.247003034 0.404963613 -0.681182325
v -0.256373137 0.422453225 -0.724003375
v -0.169024527 0.404963613 -0.681182325
v -0.172984481 0.417956471 -0.680949152
v -0.164561629 0.433669955 -0.719422042
v -0.159654409 0.422453225 -0.724003375
v -0.376182705 0.433669955 -0.719422042
v -0.367764741 0.449383467 -0.757894933
v -0.332730561 0.452275008 -0.764973819
v -0.332730561 0.433669955 -0.719422042
v -0.289278418 0.433669955 -0.719422042
v -0.297701269 0.449383467 -0.757894933
v -0.367764741 0.417956471 -0.680949152
v -0.376182705 0.433669955 -0.719422042
v -0.332730561 0.415064931 -0.673869073
v -0.289278418 0.433669955 -0.719422042
v -0.297701269 0.417956471 -0.680949152
v -0.371719807 0.404963613 -0.681182325
v -0.367764741 0.417956471 -0.680949152
v -0.332730561 0.415064931 -0.673869073
v -0.332730561 0.4017452 -0.673301458
v -0.289278418 0.433669955 -0.719422042
v -0.297701269 0.449383467 -0.757894933
v -0.293741316 0.439942539 -0.766824424
v -0.284371197 0.422453225 -0.724003375
v -0.332730561 0.452275008 -0.764973819
v -0.367764741 0.449383467 -0.757894933
v -0.371719807 0.439942539 -0.766824424
v -0.332730561 0.443160921 -0.774704039
v -0.371719807 0.439942539 -0.766824424
v -0.367764741 0.449383467 -0.757894933
v -0.376182705 0.433669955 -0.719422042
v -0.381094813 0.422453225 -0.724003375
v -0.332730561 0.415064931 -0.673869073
v -0.297701269 0.417956471 -0.680949152
v -0.293741316 0.404963613 -0.681182325
v -0.332730561 0.4017452 -0.673301458
v -0.293741316 0.439942539 -0.766824424
v -0.297701269 0.449383467 -0.757894933
v -0.332730561 0.452275008 -0.764973819
v -0.332730561 0.443160921 -0.774704039
v -0.376182705 0.433669955 -0.719422042
v -0.367764741 0.417956471 -0.680949152
v -0.371719807 0.404963613 -0.681182325
v -0.381094813 0.422453225 -0.724003375
v -0.293741316 0.404963613 -0.681182325
v -0.297701269 0.417956471 -0.680949152
v -0.289278418 0.433669955 -0.719422042
v -0.284371197 0.422453225 -0.724003375
v -0.391774654 0.200137243 -0.184936613
v -0.145038083 0.197673634 -0.179040194
v -0.145111084 0.155600578 -0.0783345774
v -0.37004894 0.155600652 -0.078334555
v -0.469700754 0.22846885 -0.252750456
v -0.799947321 0.155600965 -0.0783345327
v -0.796790838 0.465536654 -0.820216298
v -0.461208105 0.359289855 -0.565881133
v -0.389472634 0.390078276 -0.63957572
v -1.0704087 0.465536565 -0.820226669
v -1.07293057 0.155601114 -0.0783345103
v -0.370304316 0.465536863 -0.820200562
v -0.145037308 0.392083645 -0.644376159
v -0.145109862 0.465536952 -0.820192218
v -0.145109862 0.465536952 -0.820192218
v 0.0983648822 0.390013427 -0.639411688
v -0.145037308 0.392083645 -0.644376159
v 0.0691852719 0.465537101 -0.82018441
v 0.177517965 0.358346313 -0.563611031
v 0.511185884 0.46553725 -0.820168078
v 0.175259247 0.225055769 -0.244569331
v 0.521359921 0.155600205 -0.0783346221
v 0.0913516954 0.195316464 -0.173389107
v 0.837510586 0.155599967 -0.0783346519
v 0.82983613 0.465537399 -0.820155382
v 0.0753168315 0.155600429 -0.0783345997
v -0.145038083 0.197673634 -0.179040194
v -0.145111084 0.155600578 -0.0783345774
v -0.145109609 0.311363131 -0.658981323
v -0.145110324 0.130390927 -0.225809813
v -0.374792814 0.132684246 -0.23129867
v -0.372649908 0.309496373 -0.654512703
v -0.439426959 0.280836105 -0.58591187
v -0.447332591 0.159057543 -0.29442513
v 0.0814689994 0.309436023 -0.654359937
v 0.15515095 0.279957801 -0.583798766
v 0.153048337 0.155880421 -0.286809504
v 0.0749405846 0.128196716 -0.22054933
v -0.145110324 0.130390927 -0.225809813
v -0.145109609 0.311363131 -0.658981323
v -2.19693971 0.465536177 -0.820267975
v -1.65934515 0.465536326 -0.820248485
v -1.66053939 0.155601501 -0.0783344656
v -2.19693971 0.155601799 -0.0783344284
v -0.145037308 0.392083645 -0.644376159
v -0.372649908 0.358385772 -0.634087443
v -0.389472634 0.390078276 -0.63957572
v -0.145109981 0.360252529 -0.638556123
v 0.0983648822 0.390013427 -0.639411688
v 0.0814682171 0.358325422 -0.633934796
v -0.389472634 0.390078276 -0.63957572
v -0.372649908 0.358385772 -0.634087443
v -0.439426959 0.329725474 -0.56548667
v -0.461208105 0.359289855 -0.565881133
v -0.461208105 0.359289855 -0.565881133
v -0.439426959 0.329725474 -0.56548667
v -0.447332561 0.207946926 -0.273999929
v -0.469700754 0.22846885 -0.252750456
v -0.469700754 0.22846885 -0.252750456
v -0.447332561 0.207946926 -0.273999929
v -0.374792784 0.181573629 -0.21087344
v -0.391774654 0.200137243 -0.184936613
v -0.391774654 0.200137243 -0.184936613
v -0.374792784 0.181573629 -0.21087344
v -0.145110697 0.179280236 -0.205384612
v -0.145038083 0.197673634 -0.179040194
v 0.0749398023 0.1770861 -0.20012413
v 0.0913516954 0.195316464 -0.173389107
v 0.0913516954 0.195316464 -0.173389107
v 0.0749398023 0.1770861 -0.20012413
v 0.153047562 0.20476982 -0.266384304
v 0.175259247 0.225055769 -0.244569331
v 0.175259247 0.225055769 -0.244569331
v 0.153047562 0.20476982 -0.266384304
v 0.155150145 0.3288472 -0.563373506
v 0.177517965 0.358346313 -0.563611031
v 0.177517965 0.358346313 -0.563611031
v 0.155150145 0.3288472 -0.563373506
v 0.0814682171 0.358325422 -0.633934796
v 0.0983648822 0.390013427 -0.639411688
v -0.145109981 0.360252529 -0.638556123
v -0.145109609 0.311363131 -0.658981323
v -0.372649908 0.309496373 -0.654512703
v -0.372649908 0.358385772 -0.634087443
v 0.0814682171 0.358325422 -0.633934796
v 0.0814689994 0.309436023 -0.654359937
v -0.145109609 0.311363131 -0.658981323
v -0.145109981 0.360252529 -0.638556123
v 0.155150145 0.3288472 -0.563373506
v 0.15515095 0.279957801 -0.583798766
v 0.0814689994 0.309436023 -0.654359937
v 0.0814682171 0.358325422 -0.633934796
v 0.153047562 0.20476982 -0.266384304
v 0.153048337 0.155880421 -0.286809504
v 0.15515095 0.279957801 -0.583798766
v 0.155150145 0.3288472 -0.563373506
v 0.0749398023 0.1770861 -0.20012413
v 0.0749405846 0.128196716 -0.22054933
v 0.153048337 0.155880421 -0.286809504
v 0.153047562 0.20476982 -0.266384304
v -0.145110697 0.179280236 -0.205384612
v -0.145110324 0.130390927 -0.225809813
v 0.0749405846 0.128196716 -0.22054933
v 0.0749398023 0.1770861 -0.20012413
v -0.374792784 0.181573629 -0.21087344
v -0.374792814 0.132684246 -0.23129867
v -0.145110324 0.130390927 -0.225809813
v -0.145110697 0.179280236 -0.205384612
v -0.447332561 0.207946926 -0.273999929
v -0.447332591 0.159057543 -0.29442513
v -0.374792814 0.132684246 -0.23129867
v -0.374792784 0.181573629 -0.21087344
v -0.439426959 0.329725474 -0.56548667
v -0.439426959 0.280836105 -0.58591187
v -0.447332591 0.159057543 -0.29442513
v -0.447332561 0.207946926 -0.273999929
v -0.372649908 0.358385772 -0.634087443
v -0.372649908 0.309496373 -0.654512703
v -0.439426959 0.280836105 -0.58591187
v -0.439426959 0.329725474 -0.56548667
v 0.82983613 0.465537399 -0.820155382
v 1.40857053 0.465537548 -0.820133448
v 1.41191781 0.155599669 -0.0783346891
v 0.837510586 0.155599967 -0.0783346519
v 1.40857053 0.465537548 -0.820133448
v 1.90671992 0.465537697 -0.82011646
v 1.90671754 0.155599356 -0.0783347338
v 1.41191781 0.155599669 -0.0783346891
v -1.65934515 0.465536326 -0.820248485
v -1.0704087 0.465536565 -0.820226669
v -1.07293057 0.155601114 -0.0783345103
v -1.66053939 0.155601501 -0.0783344656
v -0.163777143 0.243939891 -0.460966706
v -0.163707316 0.255840361 -0.455940843
v -0.174401224 0.258653343 -0.462452948
v -0.174471051 0.246752843 -0.467478812
v -0.186978698 0.257725447 -0.460081041
v -0.187048525 0.245824963 -0.465106905
v -0.194072038 0.25360024 -0.450214595
v -0.19414188 0.24169974 -0.455240458
v -0.19152607 0.248694226 -0.438633174
v -0.191595867 0.236793742 -0.443659037
v -0.180832148 0.245881259 -0.432121068
v -0.180901974 0.23398079 -0.437146932
v -0.168254673 0.246809155 -0.434492975
v -0.1683245 0.23490867 -0.439518839
v -0.161161318 0.250934362 -0.444359422
v -0.161231145 0.239033878 -0.449385285
v -0.163707316 0.255840361 -0.455940843
v -0.163777143 0.243939891 -0.460966706
v -0.163783416 0.216272116 -0.40474686
v -0.163701028 0.23031348 -0.398816854
v -0.17439492 0.233126372 -0.405328959
v -0.174477324 0.219085082 -0.411258966
v -0.186972424 0.232198477 -0.402957112
v -0.187054798 0.218157187 -0.408887088
v -0.194065765 0.228073269 -0.393090665
v -0.194148153 0.214031979 -0.399020612
v -0.191519767 0.223167256 -0.381509244
v -0.19160217 0.209125891 -0.387439221
v -0.180825874 0.220354304 -0.374997139
v -0.180908263 0.206313014 -0.380927116
v -0.1682484 0.221282184 -0.377368987
v -0.168330774 0.207240894 -0.383298993
v -0.161155045 0.225407407 -0.387235492
v -0.161237434 0.211366117 -0.393165439
v -0.163701028 0.23031348 -0.398816854
v -0.163783416 0.216272116 -0.40474686
v -0.10278371 0.243939891 -0.460966706
v -0.10271389 0.255840361 -0.455940843
v -0.113407783 0.258653343 -0.462452948
v -0.11347761 0.246752843 -0.467478812
v -0.12598528 0.257725447 -0.460081041
v -0.126055092 0.245824963 -0.465106905
v -0.133078605 0.25360024 -0.450214595
v -0.133148432 0.24169974 -0.455240458
v -0.130532637 0.248694226 -0.438633174
v -0.130602449 0.236793742 -0.443659037
v -0.11983873 0.245881259 -0.432121068
v -0.119908556 0.23398079 -0.437146932
v -0.107261248 0.246809155 -0.434492975
v -0.107331067 0.23490867 -0.439518839
v -0.1001679 0.250934362 -0.444359422
v -0.100237727 0.239033878 -0.449385285
v -0.10271389 0.255840361 -0.455940843
v -0.10278371 0.243939891 -0.460966706
v -0.102789991 0.216272116 -0.40474686
v -0.102707602 0.23031348 -0.398816854
v -0.113401502 0.233126372 -0.405328959
v -0.113483891 0.219085082 -0.411258966
v -0.125978991 0.232198477 -0.402957112
v -0.12606138 0.218157187 -0.408887088
v -0.133072332 0.228073269 -0.393090665
v -0.13315472 0.214031979 -0.399020612
v -0.130526349 0.223167256 -0.381509244
v -0.130608737 0.209125891 -0.387439221
v -0.119832449 0.220354304 -0.374997139
v -0.119914837 0.206313014 -0.380927116
v -0.10725496 0.221282184 -0.377368987
v -0.107337348 0.207240894 -0.383298993
v -0.100161619 0.225407407 -0.387235492
v -0.100244008 0.211366117 -0.393165439
v -0.102707602 0.23031348 -0.398816854
v -0.102789991 0.216272116 -0.40474686
v -0.268389136 0.21426788 -0.439402312
v -0.248738259 0.231854096 -0.431489348
v -0.238246039 0.212441862 -0.385631472
v -0.255897939 0.191157296 -0.384807587
v -0.202571154 0.196859896 -0.348442227
v -0.213426337 0.172606662 -0.340532988
v -0.146143019 0.18862243 -0.328258663
v -0.146247581 0.162799835 -0.316504061
v -0.0897956043 0.196859896 -0.346871316
v -0.0791649148 0.172606662 -0.338662833
v -0.0530987531 0.212441862 -0.383052498
v -0.0354766361 0.191157296 -0.381737292
v -0.0413333215 0.231854096 -0.428600371
v -0.0214696974 0.21426788 -0.435962886
v -0.254407138 0.236616433 -0.491833717
v -0.248738259 0.231854096 -0.431489348
v -0.268389136 0.21426788 -0.439402312
v -0.236993819 0.250626206 -0.475530297
v -0.210718855 0.255167067 -0.534908235
v -0.200296953 0.266208112 -0.511711478
v -0.142896891 0.264973968 -0.557056725
v -0.143328533 0.274445653 -0.530315578
v -0.0764574334 0.255167067 -0.53303808
v -0.0875213966 0.266208112 -0.510140598
v -0.0339858532 0.236616433 -0.488763422
v -0.0518465303 0.250626206 -0.472951353
v -0.0214696974 0.21426788 -0.435962886
v -0.0413333215 0.231854096 -0.428600371
v -4.26899767 -0.499974966 0.00370841962
v -4.26899767 0.0309533682 0.00370841962
v -2.19693971 0.0309533682 0.00370841962
v -2.19693971 -0.499974966 0.00370841962
v -4.1075573 0.176416323 -0.128161237
v -4.1075573 0.444721669 -0.770734012
v -2.34339952 0.444723815 -0.770447612
v -2.34339952 0.176408693 -0.128164753
v -4.26899767 0.378132939 -0.914675653
v -4.26899767 -0.499974966 -0.914675653
v -2.19693971 -0.499974966 -0.914361775
v -2.19693971 0.378132939 -0.914361775
v 4.27109957 -0.499974966 1.00329781
v 4.27109957 0.0529037453 1.00329781
v 5.04679775 0.346361071 1.00329387
v 5.04679775 -0.499974966 1.00329387
v 4.22174931 -0.499974966 -0.863057792
v 5.06774044 -0.499974966 -0.0120851891
v 5.06774044 0.378132939 -0.0120851891
v 4.23015261 0.378132939 -0.848960757
v 4.29686642 0.486528605 -0.73011452
v 5.07700777 0.486528605 0.0549182892
v 4.27963972 0.162565917 0.352998644
v 3.89936137 0.160398245 -0.0241550449
v 3.85838008 0.0309533682 0.0532735437
v 4.20009899 0.0315396115 0.386449665
v 4.20009899 -0.508626401 0.386449665
v 3.85838008 -0.499974966 0.0532735437
v 5.11779881 -0.499974966 0.109266505
v 5.11779881 -0.499974966 0.932293773
v 5.11779881 0.378132939 0.932293773
v 5.11779881 0.378132939 0.109266505
v -4.33999872 0.0528900139 -0.0672916397
v -4.33999872 -0.499974966 -0.0672916397
v -4.33999872 -0.499974966 -0.843686283
v -4.33999872 0.346388549 -0.843686283
v -4.33999872 0.18742615 0.00370841962
v -4.33999872 0.10195373 0.00370841962
v -4.33999872 0.449132085 -0.914686322
v -4.33999872 0.57097441 -0.914686322
v -4.33999872 0.57097441 -0.914686322
v -4.33999872 0.449132085 -0.914686322
v -2.19694209 0.449132085 -0.914367139
v -2.19694209 0.57097441 -0.914367139
v 5.11779881 0.449132085 0.0382665247
v 5.11779881 0.57097441 0.0382665247
v 4.17169046 0.57097441 -0.913409472
v 4.17169046 0.449132085 -0.913409472
v 5.11779881 0.449132085 1.00329387
v 5.11779881 0.57097441 1.00329387
v 5.11779881 0.57097441 0.0382665247
v 5.11779881 0.449132085 0.0382665247
v 4.20009899 0.10195373 1.00329781
v 4.20009899 0.18742615 1.00329781
v 5.11779881 0.57097441 1.00329387
v 5.11779881 0.449132085 1.00329387
v 4.20009899 0.18742615 0.386449665
v 4.20009899 0.18742615 1.00329781
v 4.20009899 0.10195373 1.00329781
v 4.20009899 0.10195373 0.386449665
v 3.80754519 0.18742615 0.00370841962
v 4.20009899 0.18742615 0.386449665
v 4.20009899 0.10195373 0.386449665
v 3.80754519 0.10195373 0.00370841962
v -4.33999872 0.10195373 0.00370841962
v -4.33999872 0.18742615 0.00370841962
v -2.19694209 0.18742615 0.00370841962
v -2.19694209 0.10195373 0.00370841962
v -4.33999872 -0.57097441 0.00370841962
v -4.26899767 -0.499974966 0.00370841962
v -2.19693971 -0.499974966 0.00370841962
v -2.19694209 -0.57097441 0.00370841962
v 3.80754519 -0.57097441 0.00370841962
v 3.73654413 -0.499974966 0.00370841962
v 3.73654413 0.0309533682 0.00370841962
v 3.80754519 0.10195373 0.00370841962
v -2.19693971 0.0309533682 0.00370841962
v -4.26899767 0.0309533682 0.00370841962
v -4.33999872 0.10195373 0.00370841962
v -2.19694209 0.10195373 0.00370841962
v -4.33999872 0.10195373 0.00370841962
v -4.26899767 0.0309533682 0.00370841962
v -4.26899767 -0.499974966 0.00370841962
v -4.33999872 -0.57097441 0.00370841962
v -4.33999872 0.449132085 -0.914686322
v -4.26899767 0.378132939 -0.914675653
v -2.19693971 0.378132939 -0.914361775
v -2.19694209 0.449132085 -0.914367139
v 4.17169046 0.449132085 -0.913409472
v 4.10068941 0.378132939 -0.913420141
v 4.10068941 -0.499974966 -0.913420141
v 4.17169046 -0.57097441 -0.913409472
v -2.19693971 -0.499974966 -0.914361775
v -4.26899767 -0.499974966 -0.914675653
v -4.33999872 -0.57097441 -0.914686322
v -2.19694209 -0.57097441 -0.914367139
v -4.33999872 -0.57097441 -0.914686322
v -4.26899767 -0.499974966 -0.914675653
v -4.26899767 0.378132939 -0.914675653
v -4.33999872 0.449132085 -0.914686322
v 4.20009899 -0.57097441 1.00329781
v 4.27109957 -0.499974966 1.00329781
v 5.04679775 -0.499974966 1.00329387
v 5.11779881 -0.57097441 1.00329387
v 5.11779881 -0.57097441 1.00329387
v 5.04679775 -0.499974966 1.00329387
v 5.04679775 0.346361071 1.00329387
v 5.11779881 0.449132085 1.00329387
v 5.11779881 0.449132085 1.00329387
v 5.04679775 0.346361071 1.00329387
v 4.27109957 0.0529037453 1.00329781
v 4.20009899 0.10195373 1.00329781
v 4.20009899 0.10195373 1.00329781
v 4.27109957 0.0529037453 1.00329781
v 4.27109957 -0.499974966 1.00329781
v 4.20009899 -0.57097441 1.00329781
v 4.17169046 -0.57097441 -0.913409472
v 4.22174931 -0.499974966 -0.863057792
v 4.23015261 0.378132939 -0.848960757
v 4.17169046 0.449132085 -0.913409472
v 4.17169046 0.449132085 -0.913409472
v 4.23015261 0.378132939 -0.848960757
v 5.06774044 0.378132939 -0.0120851891
v 5.11779881 0.449132085 0.0382665247
v 5.11779881 0.449132085 0.0382665247
v 5.06774044 0.378132939 -0.0120851891
v 5.06774044 -0.499974966 -0.0120851891
v 5.11779881 -0.57097441 0.0382665247
v 5.11779881 -0.57097441 0.0382665247
v 5.06774044 -0.499974966 -0.0120851891
v 4.22174931 -0.499974966 -0.863057792
v 4.17169046 -0.57097441 -0.913409472
v 3.80754519 0.10195373 0.00370841962
v 3.85838008 0.0309533682 0.0532735437
v 3.85838008 -0.499974966 0.0532735437
v 3.80754519 -0.57097441 0.00370841962
v 3.85838008 -0.499974966 0.0532735437
v 4.20009899 -0.508626401 0.386449665
v 4.20009899 -0.57097441 0.386449665
v 3.80754519 -0.57097441 0.00370841962
v 3.85838008 0.0309533682 0.0532735437
v 3.80754519 0.10195373 0.00370841962
v 4.20009899 0.10195373 0.386449665
v 4.20009899 0.0315396115 0.386449665
v 5.11779881 -0.57097441 0.0382665247
v 5.11779881 -0.499974966 0.109266505
v 5.11779881 0.378132939 0.109266505
v 5.11779881 0.449132085 0.0382665247
v 5.11779881 0.449132085 0.0382665247
v 5.11779881 0.378132939 0.109266505
v 5.11779881 0.378132939 0.932293773
v 5.11779881 0.449132085 1.00329387
v 5.11779881 0.449132085 1.00329387
v 5.11779881 0.378132939 0.932293773
v 5.11779881 -0.499974966 0.932293773
v 5.11779881 -0.57097441 1.00329387
v 5.11779881 -0.57097441 1.00329387
v 5.11779881 -0.499974966 0.932293773
v 5.11779881 -0.499974966 0.109266505
v 5.11779881 -0.57097441 0.0382665247
v 4.20009899 -0.57097441 1.00329781
v 4.20009899 -0.499974966 0.932297707
v 4.20009899 0.0309533682 0.932297707
v 4.20009899 0.10195373 1.00329781
v 4.20009899 0.0309533682 0.932297707
v 4.20009899 0.0315396115 0.386449665
v 4.20009899 0.10195373 0.386449665
v 4.20009899 0.10195373 1.00329781
v -4.33999872 0.10195373 0.00370841962
v -4.33999872 0.0528900139 -0.0672916397
v -4.33999872 0.346388549 -0.843686283
v -4.33999872 0.449132085 -0.914686322
v -4.33999872 0.449132085 -0.914686322
v -4.33999872 0.346388549 -0.843686283
v -4.33999872 -0.499974966 -0.843686283
v -4.33999872 -0.57097441 -0.914686322
v -4.33999872 -0.57097441 -0.914686322
v -4.33999872 -0.499974966 -0.843686283
v -4.33999872 -0.499974966 -0.0672916397
v -4.33999872 -0.57097441 0.00370841962
v -4.33999872 -0.57097441 0.00370841962
v -4.33999872 -0.499974966 -0.0672916397
v -4.33999872 0.0528900139 -0.0672916397
v -4.33999872 0.10195373 0.00370841962
v -4.33999872 0.18742615 0.00370841962
v -4.25400972 0.211885676 -0.0548126958
v -2.19693971 0.211884454 -0.0548130013
v -2.19694209 0.18742615 0.00370841962
v 3.80754519 0.18742615 0.00370841962
v 3.72101426 0.211881712 -0.0548142232
v 3.72101665 0.521836221 -0.795837283
v 4.17169046 0.57097441 -0.913409472
v 3.88348746 0.213862002 -0.00823036209
v 4.28098726 0.541261256 -0.714189827
v -2.19693971 0.52181977 -0.796746552
v -4.25400972 0.521814287 -0.797049761
v -4.33999872 0.57097441 -0.914686322
v -2.19694209 0.57097441 -0.914367139
v -4.33999872 0.57097441 -0.914686322
v -4.25400972 0.521814287 -0.797049761
v -4.25400972 0.211885676 -0.0548126958
v -4.33999872 0.18742615 0.00370841962
v -4.25400972 0.211885676 -0.0548126958
v -4.25400734 0.155601799 -0.0783339664
v -2.19693971 0.155601799 -0.0783344284
v -2.19693971 0.211884454 -0.0548130013
v 3.72101426 0.211881712 -0.0548142232
v 3.72101665 0.155599058 -0.0783354938
v 3.72101927 0.465552658 -0.819358587
v 3.72101665 0.521836221 -0.795837283
v -2.19693971 0.465536177 -0.820267975
v -4.25400734 0.465531915 -0.820571065
v -4.25400972 0.521814287 -0.797049761
v -2.19693971 0.52181977 -0.796746552
v -4.25400972 0.521814287 -0.797049761
v -4.25400734 0.465531915 -0.820571065
v -4.25400734 0.155601799 -0.0783339664
v -4.25400972 0.211885676 -0.0548126958
v 3.80754519 0.18742615 0.00370841962
v 3.88348746 0.213862002 -0.00823036209
v 4.26023054 0.217298582 0.361137986
v 4.20009899 0.18742615 0.386449665
v 5.11779881 0.57097441 0.0382665247
v 5.05759859 0.541261256 0.0630565658
v 4.28098726 0.541261256 -0.714189827
v 4.17169046 0.57097441 -0.913409472
v 4.20009899 0.18742615 0.386449665
v 4.26023054 0.217298582 0.361137986
v 4.26191521 0.213262022 0.936297536
v 4.20009899 0.18742615 1.00329781
v 4.20009899 0.18742615 1.00329781
v 4.26191521 0.213262022 0.936297536
v 5.05598259 0.545136988 0.936294019
v 5.11779881 0.57097441 1.00329387
v 5.11779881 0.57097441 1.00329387
v 5.05598259 0.545136988 0.936294019
v 5.05759859 0.541261256 0.0630565658
v 5.11779881 0.57097441 0.0382665247
v 4.28098726 0.541261256 -0.714189827
v 4.29686642 0.486528605 -0.73011452
v 3.89936137 0.160398245 -0.0241550449
v 3.88348746 0.213862002 -0.00823036209
v 3.88348746 0.213862002 -0.00823036209
v 3.89936137 0.160398245 -0.0241550449
v 4.27963972 0.162565917 0.352998644
v 4.26023054 0.217298582 0.361137986
v 5.05759859 0.541261256 0.0630565658
v 5.07700777 0.486528605 0.0549182892
v 4.29686642 0.486528605 -0.73011452
v 4.28098726 0.541261256 -0.714189827
v 4.26023054 0.217298582 0.361137986
v 4.27963972 0.162565917 0.352998644
v 4.27974463 0.162495568 0.366997659
v 4.2840147 0.159637138 0.936290622
v 4.26191521 0.213262022 0.936297536
v 4.26191521 0.213262022 0.936297536
v 4.2840147 0.159637138 0.936290622
v 5.07808208 0.49151215 0.936286986
v 5.05598259 0.545136988 0.936294019
v 5.07703781 0.486665487 0.0791149437
v 5.07700777 0.486528605 0.0549182892
v 5.05759859 0.541261256 0.0630565658
v 5.05598259 0.545136988 0.936294019
v 5.07808208 0.49151215 0.936286986
v 4.20009899 0.0309533682 0.932297707
v 4.20009899 -0.499974966 0.932297707
v 4.20009899 -0.508626401 0.386449665
v 4.20009899 0.0315396115 0.386449665
v 4.20009899 -0.499974966 0.932297707
v 4.20009899 -0.57097441 1.00329781
v 4.20009899 -0.57097441 0.386449665
v 4.20009899 -0.508626401 0.386449665
v 1.90671992 -0.499974966 0.00370841962
v 3.73654413 -0.499974966 0.00370841962
v 3.80754519 -0.57097441 0.00370841962
v 1.90671992 -0.57097441 0.00370841962
v 1.90671992 0.0309533682 0.00370841962
v 3.73654413 0.0309533682 0.00370841962
v 3.73654413 -0.499974966 0.00370841962
v 1.90671992 -0.499974966 0.00370841962
v 3.80754519 0.10195373 0.00370841962
v 3.73654413 0.0309533682 0.00370841962
v 1.90671992 0.0309533682 0.00370841962
v 1.90671992 0.10195373 0.00370841962
v 1.90671992 0.18742615 0.00370841962
v 3.80754519 0.18742615 0.00370841962
v 3.80754519 0.10195373 0.00370841962
v 1.90671992 0.10195373 0.00370841962
v 1.90671992 0.211884156 -0.0548134595
v 3.72101426 0.211881712 -0.0548142232
v 3.80754519 0.18742615 0.00370841962
v 1.90671992 0.18742615 0.00370841962
v 1.90671992 0.155600578 -0.0783347338
v 3.72101665 0.155599058 -0.0783354938
v 3.72101426 0.211881712 -0.0548142232
v 1.90671992 0.211884156 -0.0548134595
v 1.95272577 0.42011717 -0.789083004
v 3.67639995 0.42013213 -0.78850472
v 3.67639995 0.145661011 -0.132348865
v 1.95272338 0.145669252 -0.132345811
v 3.72101665 0.521836221 -0.795837283
v 3.72101927 0.465552658 -0.819358587
v 1.90672243 0.465541691 -0.819964826
v 1.90671992 0.521825254 -0.796443522
v 4.17169046 0.57097441 -0.913409472
v 3.72101665 0.521836221 -0.795837283
v 1.90671992 0.521825254 -0.796443522
v 1.90672243 0.57097441 -0.914047897
v 1.90672243 0.449132085 -0.914047897
v 4.17169046 0.449132085 -0.913409472
v 4.17169046 0.57097441 -0.913409472
v 1.90672243 0.57097441 -0.914047897
v 1.90672243 0.378132939 -0.914047897
v 4.10068941 0.378132939 -0.913420141
v 4.17169046 0.449132085 -0.913409472
v 1.90672243 0.449132085 -0.914047897
v 1.90672243 -0.499974966 -0.914047897
v 4.10068941 -0.499974966 -0.913420141
v 4.10068941 0.378132939 -0.913420141
v 1.90672243 0.378132939 -0.914047897
v 4.17169046 -0.57097441 -0.913409472
v 4.10068941 -0.499974966 -0.913420141
v 1.90672243 -0.499974966 -0.914047897
v 1.90672243 -0.57097441 -0.914047897
v -2.19693971 -0.499974966 0.00370841962
v -0.145111084 -0.499974966 0.00370841962
v -0.145111084 -0.57097441 0.00370841962
v -2.19694209 -0.57097441 0.00370841962
v -2.19693971 0.0309533682 0.00370841962
v -0.145111084 0.0309533682 0.00370841962
v -0.145111084 -0.499974966 0.00370841962
v -2.19693971 -0.499974966 0.00370841962
v -0.145111084 0.0309533682 0.00370841962
v -2.19693971 0.0309533682 0.00370841962
v -2.19694209 0.10195373 0.00370841962
v -0.145111084 0.10195373 0.00370841962
v -2.19694209 0.18742615 0.00370841962
v -0.145111084 0.18742615 0.00370841962
v -0.145111084 0.10195373 0.00370841962
v -2.19694209 0.10195373 0.00370841962
v -2.19693971 0.211884454 -0.0548130013
v -0.14510864 0.211884454 -0.0548133068
v -0.145111084 0.18742615 0.00370841962
v -2.19694209 0.18742615 0.00370841962
v -2.19693971 0.155601799 -0.0783344284
v -0.145111084 0.155600578 -0.0783345774
v -0.14510864 0.211884454 -0.0548133068
v -2.19693971 0.211884454 -0.0548130013
v -0.14510864 0.465538919 -0.820116341
v -2.19693971 0.465536177 -0.820267975
v -2.19693971 0.52181977 -0.796746552
v -0.145111084 0.52182281 -0.796595037
v -0.145111084 0.52182281 -0.796595037
v -2.19693971 0.52181977 -0.796746552
v -2.19694209 0.57097441 -0.914367139
v -0.14510864 0.57097441 -0.914207518
v -2.19694209 0.449132085 -0.914367139
v -0.14510864 0.449132085 -0.914207518
v -0.14510864 0.57097441 -0.914207518
v -2.19694209 0.57097441 -0.914367139
v -2.19693971 0.378132939 -0.914361775
v -0.14510864 0.378132939 -0.914204776
v -0.14510864 0.449132085 -0.914207518
v -2.19694209 0.449132085 -0.914367139
v -2.19693971 -0.499974966 -0.914361775
v -0.14510864 -0.499974966 -0.914204776
v -0.14510864 0.378132939 -0.914204776
v -2.19693971 0.378132939 -0.914361775
v -0.14510864 -0.499974966 -0.914204776
v -2.19693971 -0.499974966 -0.914361775
v -2.19694209 -0.57097441 -0.914367139
v -0.14510864 -0.57097441 -0.914207518
v -0.145111084 -0.499974966 0.00370841962
v 1.90671992 -0.499974966 0.00370841962
v 1.90671992 -0.57097441 0.00370841962
v -0.145111084 -0.57097441 0.00370841962
v -0.145111084 0.0309533682 0.00370841962
v 1.90671992 0.0309533682 0.00370841962
v 1.90671992 -0.499974966 0.00370841962
v -0.145111084 -0.499974966 0.00370841962
v 1.90671992 0.0309533682 0.00370841962
v -0.145111084 0.0309533682 0.00370841962
v -0.145111084 0.10195373 0.00370841962
v 1.90671992 0.10195373 0.00370841962
v -0.145111084 0.18742615 0.00370841962
v 1.90671992 0.18742615 0.00370841962
v 1.90671992 0.10195373 0.00370841962
v -0.145111084 0.10195373 0.00370841962
v -0.14510864 0.211884454 -0.0548133068
v 1.90671992 0.211884156 -0.0548134595
v 1.90671992 0.18742615 0.00370841962
v -0.145111084 0.18742615 0.00370841962
v -0.145111084 0.155600578 -0.0783345774
v 1.90671992 0.155600578 -0.0783347338
v 1.90671992 0.211884156 -0.0548134595
v -0.14510864 0.211884454 -0.0548133068
v 1.90672243 0.465541691 -0.819964826
v -0.14510864 0.465538919 -0.820116341
v -0.145111084 0.52182281 -0.796595037
v 1.90671992 0.521825254 -0.796443522
v 1.90671992 0.521825254 -0.796443522
v -0.145111084 0.52182281 -0.796595037
v -0.14510864 0.57097441 -0.914207518
v 1.90672243 0.57097441 -0.914047897
v -0.14510864 0.449132085 -0.914207518
v 1.90672243 0.449132085 -0.914047897
v 1.90672243 0.57097441 -0.914047897
v -0.14510864 0.57097441 -0.914207518
v -0.14510864 0.378132939 -0.914204776
v 1.90672243 0.378132939 -0.914047897
v 1.90672243 0.449132085 -0.914047897
v -0.14510864 0.449132085 -0.914207518
v -0.14510864 -0.499974966 -0.914204776
v 1.90672243 -0.499974966 -0.914047897
v 1.90672243 0.378132939 -0.914047897
v -0.14510864 0.378132939 -0.914204776
v 1.90672243 -0.499974966 -0.914047897
v -0.14510864 -0.499974966 -0.914204776
v -0.14510864 -0.57097441 -0.914207518
v 1.90672243 -0.57097441 -0.914047897
v 1.95272338 0.447795719 -0.777510762
v 1.95272577 0.42011717 -0.789083004
v 1.95272338 0.145669252 -0.132345811
v 1.95272088 0.173347771 -0.120773539
v 1.95272088 0.173347771 -0.120773539
v 1.95272338 0.145669252 -0.132345811
v 3.67639995 0.145661011 -0.132348865
v 3.67639756 0.173339844 -0.120776594
v 3.67639756 0.173339844 -0.120776594
v 3.67639995 0.145661011 -0.132348865
v 3.67639995 0.42013213 -0.78850472
v 3.67639756 0.447810978 -0.776932418
v 3.67639756 0.447810978 -0.776932418
v 3.67639995 0.42013213 -0.78850472
v 1.95272577 0.42011717 -0.789083004
v 1.95272338 0.447795719 -0.777510762
v 4.27974463 0.162495568 0.366997659
v 4.27963972 0.162565917 0.352998644
v 5.07700777 0.486528605 0.0549182892
v 5.07703781 0.486665487 0.0791149437
v -4.04051638 -0.455096722 0.0172763821
v -4.04051638 -0.0506954938 0.0172763821
v -3.26599479 -0.0506954938 0.0172763821
v -3.26599479 -0.455096722 0.0172763821
v -3.26599479 -0.455096722 0.0172763821
v -3.24631453 -0.465592951 -0.00201515201
v -4.06019402 -0.465592951 -0.00201515201
v -4.04051638 -0.455096722 0.0172763821
v -4.04051638 -0.455096722 0.0172763821
v -4.06019402 -0.465592951 -0.00201515201
v -4.06019402 -0.0401995853 -0.00201515201
v -4.04051638 -0.0506954938 0.0172763821
v -4.04051638 -0.0506954938 0.0172763821
v -4.06019402 -0.0401995853 -0.00201515201
v -3.24631453 -0.0401995853 -0.00201515201
v -3.26599479 -0.0506954938 0.0172763821
v -3.26599479 -0.0506954938 0.0172763821
v -3.24631453 -0.0401995853 -0.00201515201
v -3.24631453 -0.465592951 -0.00201515201
v -3.26599479 -0.455096722 0.0172763821
v 4.63494968 0.361953735 0.025513228
v 4.6335535 0.366354048 0.0269326009
v 4.54824352 0.366354048 -0.056855239
v 4.54963493 0.361953735 -0.0582746118
v 4.54824352 0.366354048 -0.056855239
v 4.52395153 0.350681752 -0.0321218111
v 4.52534533 0.346281111 -0.0335411839
v 4.54963493 0.361953735 -0.0582746118
v 4.52534533 0.346281111 -0.0335411839
v 4.52395153 0.350681752 -0.0321218111
v 4.60926628 0.350681752 0.0516660288
v 4.61065769 0.346281111 0.0502466559
v 4.60926628 0.350681752 0.0516660288
v 4.6335535 0.366354048 0.0269326009
v 4.63494968 0.361953735 0.025513228
v 4.61065769 0.346281111 0.0502466559
v 4.60926628 0.350681752 0.0516660288
v 4.52395153 0.350681752 -0.0321218111
v 4.54824352 0.366354048 -0.056855239
v 4.6335535 0.366354048 0.0269326009
v 4.49304819 0.361953735 -0.11385078
v 4.49165154 0.366354048 -0.112431563
v 4.40634155 0.366354048 -0.1962194
v 4.40773296 0.361953735 -0.197638616
v 4.40634155 0.366354048 -0.1962194
v 4.38204956 0.350681752 -0.171485975
v 4.38344336 0.346281111 -0.172905192
v 4.40773296 0.361953735 -0.197638616
v 4.38344336 0.346281111 -0.172905192
v 4.38204956 0.350681752 -0.171485975
v 4.46736431 0.350681752 -0.0876981318
v 4.4687562 0.346281111 -0.0891173556
v 4.46736431 0.350681752 -0.0876981318
v 4.49165154 0.366354048 -0.112431563
v 4.49304819 0.361953735 -0.11385078
v 4.4687562 0.346281111 -0.0891173556
v 4.46736431 0.350681752 -0.0876981318
v 4.38204956 0.350681752 -0.171485975
v 4.40634155 0.366354048 -0.1962194
v 4.49165154 0.366354048 -0.112431563
v 4.33901978 0.361953735 -0.265126258
v 4.33762074 0.366354048 -0.263706893
v 4.25231075 0.366354048 -0.347494721
v 4.25370455 0.361953735 -0.348914087
v 4.25231075 0.366354048 -0.347494721
v 4.22801876 0.350681752 -0.322761297
v 4.22941256 0.346281111 -0.324180663
v 4.25370455 0.361953735 -0.348914087
v 4.22941256 0.346281111 -0.324180663
v 4.22801876 0.350681752 -0.322761297
v 4.31333351 0.350681752 -0.238973454
v 4.31472778 0.346281111 -0.240392834
v 4.31333351 0.350681752 -0.238973454
v 4.33762074 0.366354048 -0.263706893
v 4.33901978 0.361953735 -0.265126258
v 4.31472778 0.346281111 -0.240392834
v 4.31333351 0.350681752 -0.238973454
v 4.22801876 0.350681752 -0.322761297
v 4.25231075 0.366354048 -0.347494721
v 4.33762074 0.366354048 -0.263706893
v 4.17232275 0.262969345 -0.0953972638
v 4.17094612 0.267379463 -0.0939936042
v 4.08563089 0.267379463 -0.177781448
v 4.08701038 0.262969345 -0.179185107
v 4.08563089 0.267379463 -0.177781448
v 4.0612855 0.251879573 -0.152992785
v 4.06266451 0.247469172 -0.154396594
v 4.08701038 0.262969345 -0.179185107
v 4.06266451 0.247469172 -0.154396594
v 4.0612855 0.251879573 -0.152992785
v 4.14660025 0.251879573 -0.0692049414
v 4.14797735 0.247469172 -0.07060875
v 4.14660025 0.251879573 -0.0692049414
v 4.17094612 0.267379463 -0.0939936042
v 4.17232275 0.262969345 -0.0953972638
v 4.14797735 0.247469172 -0.07060875
v 4.14660025 0.251879573 -0.0692049414
v 4.0612855 0.251879573 -0.152992785
v 4.08563089 0.267379463 -0.177781448
v 4.17094612 0.267379463 -0.0939936042
v 4.32635117 0.262969345 0.0558782183
v 4.32497406 0.267379463 0.0572818741
v 4.23965931 0.267379463 -0.0265059657
v 4.24103642 0.262969345 -0.0279096216
v 4.23965931 0.267379463 -0.0265059657
v 4.2153163 0.251879573 -0.00171730039
v 4.21669292 0.247469172 -0.00312110898
v 4.24103642 0.262969345 -0.0279096216
v 4.21669292 0.247469172 -0.00312110898
v 4.2153163 0.251879573 -0.00171730039
v 4.30063105 0.251879573 0.0820705369
v 4.30200815 0.247469172 0.0806666538
v 4.30063105 0.251879573 0.0820705369
v 4.32497406 0.267379463 0.0572818741
v 4.32635117 0.262969345 0.0558782183
v 4.30200815 0.247469172 0.0806666538
v 4.30063105 0.251879573 0.0820705369
v 4.2153163 0.251879573 -0.00171730039
v 4.23965931 0.267379463 -0.0265059657
v 4.32497406 0.267379463 0.0572818741
v 4.46825314 0.262969345 0.195242226
v 4.46687603 0.267379463 0.19664596
v 4.38156366 0.267379463 0.112858124
v 4.38294077 0.262969345 0.11145439
v 4.38156366 0.267379463 0.112858124
v 4.35721779 0.251879573 0.13764663
v 4.35859489 0.247469172 0.136242896
v 4.38294077 0.262969345 0.11145439
v 4.35859489 0.247469172 0.136242896
v 4.35721779 0.251879573 0.13764663
v 4.44253302 0.251879573 0.221434474
v 4.44390965 0.247469172 0.22003074
v 4.44253302 0.251879573 0.221434474
v 4.46687603 0.267379463 0.19664596
v 4.46825314 0.262969345 0.195242226
v 4.44390965 0.247469172 0.22003074
v 4.44253302 0.251879573 0.221434474
v 4.35721779 0.251879573 0.13764663
v 4.38156366 0.267379463 0.112858124
v 4.46687603 0.267379463 0.19664596
v -5.11079931 0.17739746 -0.882328272
v -5.11079931 0.443397194 -0.882328272
v -4.92479849 0.443397194 -0.882328272
v -4.92479849 0.17739746 -0.882328272
v -5.11779881 0.450397342 -0.891328156
v -5.10881948 0.429607242 -1.00329781
v -4.92677832 0.429607242 -1.00329781
v -4.917799 0.450397342 -0.891328156
v -5.10881948 0.429607242 -1.00329781
v -5.10881948 0.174748838 -1.00329781
v -4.92677832 0.174748838 -1.00329781
v -4.92677832 0.429607242 -1.00329781
v -5.10881948 0.174748838 -1.00329781
v -5.11779881 0.170397341 -0.891328156
v -4.917799 0.170397341 -0.891328156
v -4.92677832 0.174748838 -1.00329781
v -4.917799 0.170397341 -0.891328156
v -4.917799 0.450397342 -0.891328156
v -4.92677832 0.429607242 -1.00329781
v -4.92677832 0.174748838 -1.00329781
v -5.10881948 0.174748838 -1.00329781
v -5.10881948 0.429607242 -1.00329781
v -5.11779881 0.450397342 -0.891328156
v -5.11779881 0.170397341 -0.891328156
v -5.11779881 0.170397341 -0.891328156
v -5.11079931 0.17739746 -0.882328272
v -4.92479849 0.17739746 -0.882328272
v -4.917799 0.170397341 -0.891328156
v -4.917799 0.170397341 -0.891328156
v -4.92479849 0.17739746 -0.882328272
v -4.92479849 0.443397194 -0.882328272
v -4.917799 0.450397342 -0.891328156
v -4.917799 0.450397342 -0.891328156
v -4.92479849 0.443397194 -0.882328272
v -5.11079931 0.443397194 -0.882328272
v -5.11779881 0.450397342 -0.891328156
v -5.11779881 0.450397342 -0.891328156
v -5.11079931 0.443397194 -0.882328272
v -5.11079931 0.17739746 -0.882328272
v -5.11779881 0.170397341 -0.891328156
v -4.22032595 0.341983318 -0.944504738
v -4.19866085 0.341983318 -0.911337614
v -4.22162962 0.339875162 -0.907907486
v -4.23096037 0.339875162 -0.92385745
v -4.29314327 0.341983318 -0.971574903
v -4.22742558 0.322651654 -0.908951461
v -4.29412937 0.339875162 -0.948369205
v -4.36024761 0.307795107 -0.971574903
v -4.23519421 0.322651654 -0.919762313
v -4.21926117 0.306717217 -0.912059367
v -4.35922241 0.305705249 -0.948369205
v -4.40091181 0.243823543 -0.971574903
v -4.29624891 0.322651654 -0.942877233
v -4.23294783 0.306717217 -0.92820549
v -4.19625854 0.30874297 -0.915503263
v -4.39963722 0.241874695 -0.948369205
v -4.5132947 -0.120874934 -0.948385656
v -4.34712267 0.293266296 -0.942877233
v -4.29775763 0.306717217 -0.9514817
v -4.22230339 0.30874297 -0.948884785
v -4.19046259 0.325971365 -0.914464772
v -4.51202011 -0.122823179 -0.92525363
v -4.58062363 -0.171618342 -0.940315306
v -4.38609266 0.231025696 -0.942877233
v -4.33564806 0.282109052 -0.9514817
v -4.29677582 0.30874297 -0.974719763
v -4.2180748 0.325971365 -0.952984989
v -4.19866085 0.341983318 -0.911337614
v -4.22032595 0.341983318 -0.944504738
v -4.294662 0.325971365 -0.980215788
v -4.29314327 0.341983318 -0.971574903
v -4.58017921 -0.173904717 -0.917091429
v -4.67388058 -0.19477874 -0.936099291
v -4.49847507 -0.133672178 -0.919688642
v -4.37332869 0.221373588 -0.9514817
v -4.33660984 0.284145206 -0.974719763
v -4.3487196 0.296579897 -0.980215788
v -4.36024761 0.307795107 -0.971574903
v -4.67476416 -0.196935117 -0.912857711
v -4.90680552 -0.149264216 -0.94487524
v -4.57173681 -0.189067081 -0.911337793
v -4.48571157 -0.143326715 -0.927876472
v -4.37453461 0.223273009 -0.974719763
v -4.38808441 0.234118953 -0.980215788
v -4.40091181 0.243823543 -0.971574903
v -4.90768909 -0.151376039 -0.921671212
v -4.97638798 -0.100935362 -0.946485937
v -4.67603874 -0.214242861 -0.907212436
v -4.56356812 -0.202825621 -0.919578016
v -4.4869175 -0.141426697 -0.951175272
v -4.5004673 -0.130579531 -0.957100272
v -4.5132947 -0.120874934 -0.948385656
v -4.97638798 -0.100935362 -0.923170209
v -4.99619961 -0.0348715186 -0.946485937
v -4.9089613 -0.168684989 -0.91617924
v -4.67677116 -0.230227962 -0.91562748
v -4.56396818 -0.200610653 -0.942864716
v -4.57241583 -0.185450137 -0.948725164
v -4.58062363 -0.171618342 -0.940315306
v -4.99619961 -0.0348715186 -0.923170209
v -5.0010314 0.156413272 -0.946485937
v -5.0010314 0.156413272 -0.923170209
v -4.99126101 -0.108684994 -0.916088641
v -5.01245451 -0.0389895625 -0.916088641
v -5.01780128 0.156413272 -0.916088641
v -5.03456879 0.156413272 -0.923170209
v -4.67588758 -0.228157654 -0.938846469
v -4.67461777 -0.210847467 -0.944598615
v -4.67388058 -0.19477874 -0.936099291
v -4.9096961 -0.184710994 -0.924782753
v -5.00613403 -0.116429746 -0.923170209
v -4.90881205 -0.182598561 -0.94798559
v -4.90754271 -0.165290222 -0.953477204
v -4.90680552 -0.149264216 -0.94487524
v -5.02870941 -0.0431106575 -0.923170209
v -5.00613403 -0.116429746 -0.946485937
v -4.99126101 -0.108684994 -0.953568161
v -4.97638798 -0.100935362 -0.946485937
v -5.02870941 -0.0431106575 -0.946485937
v -5.03456879 0.156413272 -0.946485937
v -5.01245451 -0.0389895625 -0.953568161
v -4.99619961 -0.0348715186 -0.946485937
v -5.01780128 0.156413272 -0.953568161
v -5.0010314 0.156413272 -0.946485937
v -5.01780128 0.155524284 -0.905112803
v -5.04439068 0.177117303 -0.916341901
v -5.01780128 0.177117303 -0.905112803
v -5.04439068 0.155524284 -0.916341901
v -5.04439068 0.155524284 -0.953313649
v -5.04439068 0.177117303 -0.953313649
v -5.01780128 0.155524284 -0.964542925
v -5.01780128 0.177117303 -0.964542925
v -4.99120951 0.177117303 -0.953313649
v -4.99120951 0.155524284 -0.953313649
v -4.99120951 0.155524284 -0.916341901
v -4.99120951 0.177117303 -0.916341901
v -5.01780128 0.155524284 -0.905112803
v -5.01780128 0.177117303 -0.905112803
v -5.01780128 0.155524895 -0.934827924
v -5.04439068 0.155524284 -0.953313649
v -4.99120951 0.155524284 -0.916341901
v -5.04439068 0.155524284 -0.916341901
v -5.01780128 0.155524284 -0.905112803
v 4.44155645 0.443556517 -0.456511766
v 4.43742561 0.45839873 -0.452304453
v 4.37988901 0.45839873 -0.508811533
v 4.38402224 0.443556517 -0.513018847
v 4.38402224 0.443556517 -0.513018847
v 4.37988901 0.45839873 -0.508811533
v 4.30564308 0.432611674 -0.490758419
v 4.30977631 0.417769462 -0.494965583
v 4.30977631 0.417769462 -0.494965583
v 4.30564308 0.432611674 -0.490758419
v 4.28893423 0.406824648 -0.416197896
v 4.29306507 0.391982406 -0.420405179
v 4.29306507 0.391982406 -0.420405179
v 4.28893423 0.406824648 -0.416197896
v 4.34646845 0.406824648 -0.359690785
v 4.35060167 0.391982406 -0.363898069
v 4.35060167 0.391982406 -0.363898069
v 4.34646845 0.406824648 -0.359690785
v 4.4207139 0.432611674 -0.377742678
v 4.42484713 0.417769462 -0.381949842
v 4.42484713 0.417769462 -0.381949842
v 4.4207139 0.432611674 -0.377742678
v 4.43742561 0.45839873 -0.452304453
v 4.44155645 0.443556517 -0.456511766
v 4.43742561 0.45839873 -0.452304453
v 4.42828703 0.456435233 -0.44984442
v 4.37759399 0.456435233 -0.499631107
v 4.37988901 0.45839873 -0.508811533
v 4.37988901 0.45839873 -0.508811533
v 4.37759399 0.456435233 -0.499631107
v 4.31217909 0.433714896 -0.483724892
v 4.30564308 0.432611674 -0.490758419
v 4.30564308 0.432611674 -0.490758419
v 4.31217909 0.433714896 -0.483724892
v 4.29745722 0.41099456 -0.41803214
v 4.28893423 0.406824648 -0.416197896
v 4.28893423 0.406824648 -0.416197896
v 4.29745722 0.41099456 -0.41803214
v 4.34815073 0.41099456 -0.368245453
v 4.34646845 0.406824648 -0.359690785
v 4.34646845 0.406824648 -0.359690785
v 4.34815073 0.41099456 -0.368245453
v 4.41356564 0.433714896 -0.384150296
v 4.4207139 0.432611674 -0.377742678
v 4.4207139 0.432611674 -0.377742678
v 4.41356564 0.433714896 -0.384150296
v 4.42828703 0.456435233 -0.44984442
v 4.43742561 0.45839873 -0.452304453
v 4.62787962 0.443751514 -0.274527043
v 4.62370491 0.458751202 -0.270275027
v 4.56555796 0.458751202 -0.327381819
v 4.56973267 0.443751514 -0.331633836
v 4.56973267 0.443751514 -0.331633836
v 4.56555796 0.458751202 -0.327381819
v 4.49052382 0.432690412 -0.309137046
v 4.49469852 0.417690724 -0.313388884
v 4.49469852 0.417690724 -0.313388884
v 4.49052382 0.432690412 -0.309137046
v 4.47363615 0.406629622 -0.233785316
v 4.47781134 0.391629934 -0.238037184
v 4.47781134 0.391629934 -0.238037184
v 4.47363615 0.406629622 -0.233785316
v 4.53178358 0.406629622 -0.176678538
v 4.53595829 0.391629934 -0.180930555
v 4.53595829 0.391629934 -0.180930555
v 4.53178358 0.406629622 -0.176678538
v 4.60681772 0.432690412 -0.194921941
v 4.61099243 0.417690724 -0.199173808
v 4.61099243 0.417690724 -0.199173808
v 4.60681772 0.432690412 -0.194921941
v 4.62370491 0.458751202 -0.270275027
v 4.62787962 0.443751514 -0.274527043
v 4.62370491 0.458751202 -0.270275027
v 4.61380005 0.456435233 -0.267645806
v 4.56310654 0.456435233 -0.317432463
v 4.56555796 0.458751202 -0.327381819
v 4.56555796 0.458751202 -0.327381819
v 4.56310654 0.456435233 -0.317432463
v 4.49769163 0.433714896 -0.301526248
v 4.49052382 0.432690412 -0.309137046
v 4.49052382 0.432690412 -0.309137046
v 4.49769163 0.433714896 -0.301526248
v 4.48296976 0.41099456 -0.235833511
v 4.47363615 0.406629622 -0.233785316
v 4.47363615 0.406629622 -0.233785316
v 4.48296976 0.41099456 -0.235833511
v 4.53366327 0.41099456 -0.186046824
v 4.53178358 0.406629622 -0.176678538
v 4.53178358 0.406629622 -0.176678538
v 4.53366327 0.41099456 -0.186046824
v 4.59907818 0.433714896 -0.201951668
v 4.60681772 0.432690412 -0.194921941
v 4.60681772 0.432690412 -0.194921941
v 4.59907818 0.433714896 -0.201951668
v 4.61380005 0.456435233 -0.267645806
v 4.62370491 0.458751202 -0.270275027
v 4.79492044 0.44352141 -0.109280162
v 4.79079723 0.458334953 -0.105080947
v 4.73337269 0.458334953 -0.161479563
v 4.73749638 0.44352141 -0.165678784
v 4.73749638 0.44352141 -0.165678784
v 4.73337269 0.458334953 -0.161479563
v 4.65926886 0.432597339 -0.143460914
v 4.66339207 0.417783797 -0.147660136
v 4.66339207 0.417783797 -0.147660136
v 4.65926886 0.432597339 -0.143460914
v 4.64259148 0.406859726 -0.0690438077
v 4.64671516 0.392046183 -0.073242873
v 4.64671516 0.392046183 -0.073242873
v 4.64259148 0.406859726 -0.0690438077
v 4.70001554 0.406859726 -0.0126451869
v 4.70413923 0.392046183 -0.0168444049
v 4.70413923 0.392046183 -0.0168444049
v 4.70001554 0.406859726 -0.0126451869
v 4.77411985 0.432597339 -0.0306624603
v 4.77824306 0.417783797 -0.0348615274
v 4.77824306 0.417783797 -0.0348615274
v 4.77411985 0.432597339 -0.0306624603
v 4.79079723 0.458334953 -0.105080947
v 4.79492044 0.44352141 -0.109280162
v 4.79079723 0.458334953 -0.105080947
v 4.78179789 0.456435233 -0.102651596
v 4.73110485 0.456435233 -0.152438268
v 4.73337269 0.458334953 -0.161479563
v 4.73337269 0.458334953 -0.161479563
v 4.73110485 0.456435233 -0.152438268
v 4.66568947 0.433714896 -0.136532053
v 4.65926886 0.432597339 -0.143460914
v 4.65926886 0.432597339 -0.143460914
v 4.66568947 0.433714896 -0.136532053
v 4.65096807 0.41099456 -0.0708393082
v 4.64259148 0.406859726 -0.0690438077
v 4.64259148 0.406859726 -0.0690438077
v 4.65096807 0.41099456 -0.0708393082
v 4.70166111 0.41099456 -0.0210526269
v 4.70001554 0.406859726 -0.0126451869
v 4.70001554 0.406859726 -0.0126451869
v 4.70166111 0.41099456 -0.0210526269
v 4.76707649 0.433714896 -0.0369574726
v 4.77411985 0.432597339 -0.0306624603
v 4.77411985 0.432597339 -0.0306624603
v 4.76707649 0.433714896 -0.0369574726
v 4.78179789 0.456435233 -0.102651596
v 4.79079723 0.458334953 -0.105080947
v 4.59498644 0.324887991 0.0942123383
v 4.59087038 0.339680463 0.0984053016
v 4.53352642 0.339680463 0.0420880876
v 4.53764534 0.324887991 0.0378949717
v 4.53764534 0.324887991 0.0378949717
v 4.53352642 0.339680463 0.0420880876
v 4.45952988 0.313979805 0.06008064
v 4.4636488 0.299187601 0.0558876805
v 4.4636488 0.299187601 0.0558876805
v 4.45952988 0.313979805 0.06008064
v 4.44287729 0.288279414 0.134390637
v 4.44699335 0.273486942 0.1301976
v 4.44699335 0.273486942 0.1301976
v 4.44287729 0.288279414 0.134390637
v 4.50021839 0.288279414 0.190707922
v 4.50433683 0.273486942 0.186514884
v 4.50433683 0.273486942 0.186514884
v 4.50021839 0.288279414 0.190707922
v 4.57421494 0.313979805 0.172716752
v 4.57833385 0.299187601 0.16852355
v 4.57833385 0.299187601 0.16852355
v 4.57421494 0.313979805 0.172716752
v 4.59087038 0.339680463 0.0984053016
v 4.59498644 0.324887991 0.0942123383
v 4.59087038 0.339680463 0.0984053016
v 4.58197355 0.337828368 0.100811765
v 4.53128052 0.337828368 0.0510251597
v 4.53352642 0.339680463 0.0420880876
v 4.53352642 0.339680463 0.0420880876
v 4.53128052 0.337828368 0.0510251597
v 4.46586561 0.315108031 0.0669313818
v 4.45952988 0.313979805 0.06008064
v 4.45952988 0.313979805 0.06008064
v 4.46586561 0.315108031 0.0669313818
v 4.45114374 0.292387694 0.132624209
v 4.44287729 0.288279414 0.134390637
v 4.44287729 0.288279414 0.134390637
v 4.45114374 0.292387694 0.132624209
v 4.50183725 0.292387694 0.182410806
v 4.50021839 0.288279414 0.190707922
v 4.50021839 0.288279414 0.190707922
v 4.50183725 0.292387694 0.182410806
v 4.56725216 0.315108031 0.166505888
v 4.57421494 0.313979805 0.172716752
v 4.57421494 0.313979805 0.172716752
v 4.56725216 0.315108031 0.166505888
v 4.58197355 0.337828368 0.100811765
v 4.59087038 0.339680463 0.0984053016
v 4.42821407 0.325183094 -0.0711057261
v 4.42402935 0.340213627 -0.0668448657
v 4.36576271 0.340213627 -0.124069594
v 4.36994743 0.325183094 -0.128330305
v 4.36994743 0.325183094 -0.128330305
v 4.36576271 0.340213627 -0.124069594
v 4.29057503 0.314099103 -0.105787121
v 4.29475927 0.299068302 -0.110047683
v 4.29475927 0.299068302 -0.110047683
v 4.29057503 0.314099103 -0.105787121
v 4.27365351 0.287984312 -0.0302797686
v 4.27783823 0.272953779 -0.0345404819
v 4.27783823 0.272953779 -0.0345404819
v 4.27365351 0.287984312 -0.0302797686
v 4.33192015 0.287984312 0.0269448087
v 4.33610487 0.272953779 0.0226840973
v 4.33610487 0.272953779 0.0226840973
v 4.33192015 0.287984312 0.0269448087
v 4.40710783 0.314099103 0.00866371114
v 4.41129255 0.299068302 0.00440299977
v 4.41129255 0.299068302 0.00440299977
v 4.40710783 0.314099103 0.00866371114
v 4.42402935 0.340213627 -0.0668448657
v 4.42821407 0.325183094 -0.0711057261
v 4.42402935 0.340213627 -0.0668448657
v 4.41397572 0.337828368 -0.064182356
v 4.3632822 0.337828368 -0.113969035
v 4.36576271 0.340213627 -0.124069594
v 4.36576271 0.340213627 -0.124069594
v 4.3632822 0.337828368 -0.113969035
v 4.2978673 0.315108031 -0.0980628207
v 4.29057503 0.314099103 -0.105787121
v 4.29057503 0.314099103 -0.105787121
v 4.2978673 0.315108031 -0.0980628207
v 4.28314543 0.292387694 -0.0323700719
v 4.27365351 0.287984312 -0.0302797686
v 4.27365351 0.287984312 -0.0302797686
v 4.28314543 0.292387694 -0.0323700719
v 4.33383894 0.292387694 0.0174166095
v 4.33192015 0.287984312 0.0269448087
v 4.33192015 0.287984312 0.0269448087
v 4.33383894 0.292387694 0.0174166095
v 4.39925385 0.315108031 0.00151176448
v 4.40710783 0.314099103 0.00866371114
v 4.40710783 0.314099103 0.00866371114
v 4.39925385 0.315108031 0.00151176448
v 4.41397572 0.337828368 -0.064182356
v 4.42402935 0.340213627 -0.0668448657
v 4.2439661 0.325488567 -0.253639609
v 4.23971319 0.340765983 -0.249308854
v 4.18048954 0.340765983 -0.307473511
v 4.18474245 0.325488567 -0.311804265
v 4.18474245 0.325488567 -0.311804265
v 4.18048954 0.340765983 -0.307473511
v 4.1040659 0.314222395 -0.288890749
v 4.10831881 0.29894501 -0.293221354
v 4.10831881 0.29894501 -0.293221354
v 4.1040659 0.314222395 -0.288890749
v 4.08686638 0.287678838 -0.212143168
v 4.09111929 0.272401422 -0.216473922
v 4.09111929 0.272401422 -0.216473922
v 4.08686638 0.287678838 -0.212143168
v 4.14609003 0.287678838 -0.153978497
v 4.15034294 0.272401422 -0.158309251
v 4.15034294 0.272401422 -0.158309251
v 4.14609003 0.287678838 -0.153978497
v 4.2225132 0.314222395 -0.172559887
v 4.22676611 0.29894501 -0.176890478
v 4.22676611 0.29894501 -0.176890478
v 4.2225132 0.314222395 -0.172559887
v 4.23971319 0.340765983 -0.249308854
v 4.2439661 0.325488567 -0.253639609
v 4.23971319 0.340765983 -0.249308854
v 4.22845793 0.337828368 -0.246380985
v 4.17776489 0.337828368 -0.296167672
v 4.18048954 0.340765983 -0.307473511
v 4.18048954 0.340765983 -0.307473511
v 4.17776489 0.337828368 -0.296167672
v 4.11234999 0.315108031 -0.280261457
v 4.1040659 0.314222395 -0.288890749
v 4.1040659 0.314222395 -0.288890749
v 4.11234999 0.315108031 -0.280261457
v 4.09762812 0.292387694 -0.214568704
v 4.08686638 0.287678838 -0.212143168
v 4.08686638 0.287678838 -0.212143168
v 4.09762812 0.292387694 -0.214568704
v 4.14832163 0.292387694 -0.164782017
v 4.14609003 0.287678838 -0.153978497
v 4.14609003 0.287678838 -0.153978497
v 4.14832163 0.292387694 -0.164782017
v 4.21373653 0.315108031 -0.180686876
v 4.2225132 0.314222395 -0.172559887
v 4.2225132 0.314222395 -0.172559887
v 4.21373653 0.315108031 -0.180686876
v 4.22845793 0.337828368 -0.246380985
v 4.23971319 0.340765983 -0.249308854
v -1.53453231 0.418086231 -0.700472474
v -1.53453231 0.43838501 -0.750169754
v -1.16442478 0.43838501 -0.750169754
v -1.16442478 0.418086231 -0.700472474
v -1.53453231 0.414094836 -0.702102125
v -1.53453231 0.418086231 -0.700472474
v -1.16442478 0.418086231 -0.700472474
v -1.16442478 0.414094836 -0.702102125
v -1.16442478 0.414094836 -0.702102125
v -1.16442478 0.418086231 -0.700472474
v -1.16442478 0.43838501 -0.750169754
v -1.16442478 0.434393287 -0.751800597
v -1.16442478 0.434393287 -0.751800597
v -1.16442478 0.43838501 -0.750169754
v -1.53453231 0.43838501 -0.750169754
v -1.53453231 0.434393287 -0.751800597
v -1.53453231 0.434393287 -0.751800597
v -1.53453231 0.43838501 -0.750169754
v -1.53453231 0.418086231 -0.700472474
v -1.53453231 0.414094836 -0.702102125
v 0.941185892 0.418086231 -0.700472474
v 0.941185892 0.43838501 -0.750169754
v 1.31129336 0.43838501 -0.750169754
v 1.31129336 0.418086231 -0.700472474
v 0.941185892 0.414094836 -0.702102125
v 0.941185892 0.418086231 -0.700472474
v 1.31129336 0.418086231 -0.700472474
v 1.31129336 0.414094836 -0.702102125
v 1.31129336 0.414094836 -0.702102125
v 1.31129336 0.418086231 -0.700472474
v 1.31129336 0.43838501 -0.750169754
v 1.31129336 0.434393287 -0.751800597
v 1.31129336 0.434393287 -0.751800597
v 1.31129336 0.43838501 -0.750169754
v 0.941185892 0.43838501 -0.750169754
v 0.941185892 0.434393287 -0.751800597
v 0.941185892 0.434393287 -0.751800597
v 0.941185892 0.43838501 -0.750169754
v 0.941185892 0.418086231 -0.700472474
v 0.941185892 0.414094836 -0.702102125
v 0.00903787557 0.433669955 -0.719422042
v 0.0174607281 0.449383467 -0.757894933
v 0.052490022 0.452275008 -0.764973819
v 0.052490022 0.433669955 -0.719422042
v 0.0959421694 0.433669955 -0.719422042
v 0.0875193179 0.449383467 -0.757894933
v 0.0174607281 0.417956471 -0.680949152
v 0.00903787557 0.433669955 -0.719422042
v 0.052490022 0.415064931 -0.673869073
v 0.0959421694 0.433669955 -0.719422042
v 0.0875193179 0.417956471 -0.680949152
v 0.0135007668 0.404963613 -0.681182325
v 0.0174607281 0.417956471 -0.680949152
v 0.052490022 0.415064931 -0.673869073
v 0.052490022 0.4017452 -0.673301458
v 0.0959421694 0.433669955 -0.719422042
v 0.0875193179 0.449383467 -0.757894933
v 0.0914792791 0.439942539 -0.766824424
v 0.100849397 0.422453225 -0.724003375
v 0.052490022 0.452275008 -0.764973819
v 0.0174607281 0.449383467 -0.757894933
v 0.0135007668 0.439942539 -0.766824424
v 0.052490022 0.443160921 -0.774704039
v 0.0135007668 0.439942539 -0.766824424
v 0.0174607281 0.449383467 -0.757894933
v 0.00903787557 0.433669955 -0.719422042
v 0.00413064938 0.422453225 -0.724003375
v 0.052490022 0.415064931 -0.673869073
v 0.0875193179 0.417956471 -0.680949152
v 0.0914792791 0.404963613 -0.681182325
v 0.052490022 0.4017452 -0.673301458
v 0.0914792791 0.439942539 -0.766824424
v 0.0875193179 0.449383467 -0.757894933
v 0.052490022 0.452275008 -0.764973819
v 0.052490022 0.443160921 -0.774704039
v 0.00903787557 0.433669955 -0.719422042
v 0.0174607281 0.417956471 -0.680949152
v 0.0135007668 0.404963613 -0.681182325
v 0.00413064938 0.422453225 -0.724003375
v 0.0914792791 0.404963613 -0.681182325
v 0.0875193179 0.417956471 -0.680949152
v 0.0959421694 0.433669955 -0.719422042
v 0.100849397 0.422453225 -0.724003375
v -0.115678921 0.433669955 -0.719422042
v -0.10726095 0.449383467 -0.757894933
v -0.0722267702 0.452275008 -0.764973819
v -0.0722267702 0.433669955 -0.719422042
v -0.0287746228 0.433669955 -0.719422042
v -0.0371974744 0.449383467 -0.757894933
v -0.10726095 0.417956471 -0.680949152
v -0.115678921 0.433669955 -0.719422042
v -0.0722267702 0.415064931 -0.673869073
v -0.0287746228 0.433669955 -0.719422042
v -0.0371974744 0.417956471 -0.680949152
v -0.111216031 0.404963613 -0.681182325
v -0.10726095 0.417956471 -0.680949152
v -0.0722267702 0.415064931 -0.673869073
v -0.0722267702 0.4017452 -0.673301458
v -0.0287746228 0.433669955 -0.719422042
v -0.0371974744 0.449383467 -0.757894933
v -0.0332375132 0.439942539 -0.766824424
v -0.0238673966 0.422453225 -0.724003375
v -0.0722267702 0.452275008 -0.764973819
v -0.10726095 0.449383467 -0.757894933
v -0.111216031 0.439942539 -0.766824424
v -0.0722267702 0.443160921 -0.774704039
v -0.111216031 0.439942539 -0.766824424
v -0.10726095 0.449383467 -0.757894933
v -0.115678921 0.433669955 -0.719422042
v -0.12059103 0.422453225 -0.724003375
v -0.0722267702 0.415064931 -0.673869073
v -0.0371974744 0.417956471 -0.680949152
v -0.0332375132 0.404963613 -0.681182325
v -0.0722267702 0.4017452 -0.673301458
v -0.0332375132 0.439942539 -0.766824424
v -0.0371974744 0.449383467 -0.757894933
v -0.0722267702 0.452275008 -0.764973819
v -0.0722267702 0.443160921 -0.774704039
v -0.115678921 0.433669955 -0.719422042
v -0.10726095 0.417956471 -0.680949152
v -0.111216031 0.404963613 -0.681182325
v -0.12059103 0.422453225 -0.724003375
v -0.0332375132 0.404963613 -0.681182325
v -0.0371974744 0.417956471 -0.680949152
v -0.0287746228 0.433669955 -0.719422042
v -0.0238673966 0.422453225 -0.724003375
v 4.97896481 0.450308204 0.817956626
v 4.38207197 0.200841054 0.817959249
v 4.37886238 0.202989727 0.390843421
v 4.97817993 0.446665019 0.370165348
v -5.02927113 0.248776242 -0.866053343
v -5.00632906 0.248776242 -0.88520664
v -5.02927113 0.248776242 -0.88520664
v -5.00632906 0.248776242 -0.866053343
v -5.00632906 0.272250652 -0.88520664
v -5.00632906 0.272250652 -0.866053343
v -5.02927113 0.272250652 -0.88520664
v -5.02927113 0.272250652 -0.866053343
v -5.02927113 0.248776242 -0.88520664
v -5.02927113 0.248776242 -0.866053343
v -5.02758169 0.346733391 -0.868040204
v -5.00801611 0.346733391 -0.884375036
v -5.02758169 0.346733391 -0.884375036
v -5.00801611 0.346733391 -0.868040204
v -5.00801611 0.366070539 -0.884375036
v -5.00801611 0.366070539 -0.868040204
v -5.02758169 0.366070539 -0.884375036
v -5.02758169 0.366070539 -0.868040204
v -5.02758169 0.346733391 -0.884375036
v -5.02758169 0.346733391 -0.868040204
v -4.99581671 0.378127426 -0.868857801
v -5.01780128 0.35640198 -0.868857801
v -4.9898181 0.35640198 -0.868857801
v -5.01780128 0.384056091 -0.868857801
v -4.99581671 0.334676206 -0.868857801
v -5.03978395 0.378127426 -0.868857801
v -5.01780128 0.328747869 -0.868857801
v -5.04578257 0.35640198 -0.868857801
v -5.03978395 0.334676206 -0.868857801
v -4.9920249 0.286886603 -0.867012084
v -5.01780128 0.260513902 -0.867012084
v -4.98498869 0.260513604 -0.867012084
v -5.01780128 0.294083238 -0.867012084
v -4.9920249 0.234140322 -0.867012084
v -5.0435729 0.286886603 -0.867012084
v -5.01780128 0.226943657 -0.867012084
v -5.05060911 0.260513604 -0.867012084
v -5.0435729 0.234140322 -0.867012084
v -0.10725496 0.221282184 -0.377368987
v -0.116616972 0.22674033 -0.390163064
v -0.100161619 0.225407407 -0.387235492
v -0.119832449 0.220354304 -0.374997139
v -0.102707602 0.23031348 -0.398816854
v -0.130526349 0.223167256 -0.381509244
v -0.113401502 0.233126372 -0.405328959
v -0.133072332 0.228073269 -0.393090665
v -0.125978991 0.232198477 -0.402957112
v -0.107261248 0.246809155 -0.434492975
v -0.116623253 0.252267301 -0.447287023
v -0.1001679 0.250934362 -0.444359422
v -0.11983873 0.245881259 -0.432121068
v -0.10271389 0.255840361 -0.455940843
v -0.130532637 0.248694226 -0.438633174
v -0.113407783 0.258653343 -0.462452948
v -0.133078605 0.25360024 -0.450214595
v -0.12598528 0.257725447 -0.460081041
v -0.1682484 0.221282184 -0.377368987
v -0.177610412 0.22674033 -0.390163064
v -0.161155045 0.225407407 -0.387235492
v -0.180825874 0.220354304 -0.374997139
v -0.163701028 0.23031348 -0.398816854
v -0.191519767 0.223167256 -0.381509244
v -0.17439492 0.233126372 -0.405328959
v -0.194065765 0.228073269 -0.393090665
v -0.186972424 0.232198477 -0.402957112
v -0.168254673 0.246809155 -0.434492975
v -0.177616686 0.252267301 -0.447287023
v -0.161161318 0.250934362 -0.444359422
v -0.180832148 0.245881259 -0.432121068
v -0.163707316 0.255840361 -0.455940843
v -0.19152607 0.248694226 -0.438633174
v -0.174401224 0.258653343 -0.462452948
v -0.194072038 0.25360024 -0.450214595
v -0.186978698 0.257725447 -0.460081041
v 1.32096612 0.392793566 -0.634658277
v 1.31988215 0.393143296 -0.645141661
v 1.32216239 0.389423519 -0.636034012
v 1.31988215 0.385703713 -0.626927555
v 1.31892025 0.395491928 -0.643103063
v 1.31040466 0.394600213 -0.633919716
v 1.31040466 0.396750778 -0.644347012
v 1.31040466 0.393827826 -0.646817684
v 1.30092704 0.393143296 -0.645141661
v 1.31892025 0.388807684 -0.626738369
v 1.31040466 0.388836652 -0.624969542
v 1.31040466 0.385019213 -0.62525028
v 1.30092704 0.385703713 -0.626927555
v 1.30189395 0.395491928 -0.643103063
v 1.29984307 0.392793566 -0.634658277
v 1.2986517 0.389423519 -0.636034012
v 1.30189395 0.388807684 -0.626738369
v 1.1963079 0.392793566 -0.634658277
v 1.19522393 0.393143296 -0.645141661
v 1.19749939 0.389423519 -0.636034012
v 1.19522393 0.385703713 -0.626927555
v 1.19426203 0.395491928 -0.643103063
v 1.18574643 0.394600213 -0.633919716
v 1.18574643 0.396750778 -0.644347012
v 1.18574643 0.393827826 -0.646817684
v 1.17626894 0.393143296 -0.645141661
v 1.19426203 0.388807684 -0.626738369
v 1.18574643 0.388836652 -0.624969542
v 1.18574643 0.385019213 -0.62525028
v 1.17626894 0.385703713 -0.626927555
v 1.17723083 0.395491928 -0.643103063
v 1.17518497 0.392793566 -0.634658277
v 1.17399347 0.389423519 -0.636034012
v 1.17723083 0.388807684 -0.626738369
v 1.07164979 0.392793566 -0.634658277
v 1.07056582 0.393143296 -0.645141661
v 1.07284117 0.389423519 -0.636034012
v 1.07056582 0.385703713 -0.626927555
v 1.0696038 0.395491928 -0.643103063
v 1.0610882 0.394600213 -0.633919716
v 1.0610882 0.396750778 -0.644347012
v 1.0610882 0.393827826 -0.646817684
v 1.05161071 0.393143296 -0.645141661
v 1.0696038 0.388807684 -0.626738369
v 1.0610882 0.388836652 -0.624969542
v 1.0610882 0.385019213 -0.62525028
v 1.05161071 0.385703713 -0.626927555
v 1.05257261 0.395491928 -0.643103063
v 1.05052674 0.392793566 -0.634658277
v 1.04933536 0.389423519 -0.636034012
v 1.05257261 0.388807684 -0.626738369
v 0.946991563 0.392793566 -0.634658277
v 0.945907593 0.393143296 -0.645141661
v 0.94818294 0.389423519 -0.636034012
v 0.945907593 0.385703713 -0.626927555
v 0.944940746 0.395491928 -0.643103063
v 0.936430037 0.394600213 -0.633919716
v 0.936430037 0.396750778 -0.644347012
v 0.936430037 0.393827826 -0.646817684
v 0.926952481 0.393143296 -0.645141661
v 0.944940746 0.388807684 -0.626738369
v 0.936430037 0.388836652 -0.624969542
v 0.936430037 0.385019213 -0.62525028
v 0.926952481 0.385703713 -0.626927555
v 0.927914381 0.395491928 -0.643103063
v 0.925868511 0.392793566 -0.634658277
v 0.924672246 0.389423519 -0.636034012
v 0.927914381 0.388807684 -0.626738369
v -5.01780128 0.384056091 -0.858759642
v -5.03978395 0.378127426 -0.868857801
v -5.01780128 0.384056091 -0.868857801
v -4.99581671 0.378127426 -0.868857801
v -5.03978395 0.378127426 -0.858759642
v -5.04578257 0.35640198 -0.858759642
v -5.04578257 0.35640198 -0.868857801
v -5.03978395 0.334676206 -0.868857801
v -4.99581671 0.378127426 -0.858759642
v -4.9898181 0.35640198 -0.858759642
v -4.9898181 0.35640198 -0.868857801
v -4.99581671 0.334676206 -0.868857801
v -5.01780128 0.35640198 -0.856880546
v -5.03978395 0.334676206 -0.858759642
v -5.01780128 0.328747869 -0.858759642
v -5.01780128 0.328747869 -0.868857801
v -4.99581671 0.334676206 -0.858759642
v -5.01780128 0.294083238 -0.85517174
v -5.0435729 0.286886603 -0.867012084
v -5.01780128 0.294083238 -0.867012084
v -4.9920249 0.286886603 -0.867012084
v -5.0435729 0.286886603 -0.85517174
v -5.05060911 0.260513604 -0.85517174
v -5.05060911 0.260513604 -0.867012084
v -5.0435729 0.234140322 -0.867012084
v -4.9920249 0.286886603 -0.85517174
v -4.98498869 0.260513604 -0.85517174
v -4.98498869 0.260513604 -0.867012084
v -4.9920249 0.234140322 -0.867012084
v -5.01780128 0.260513604 -0.852968514
v -5.0435729 0.234140322 -0.85517174
v -5.01780128 0.226943657 -0.85517174
v -5.01780128 0.226943657 -0.867012084
v -4.9920249 0.234140322 -0.85517174
v -1.1547519 0.392793566 -0.634658277
v -1.15583599 0.393143296 -0.645141661
v -1.15355563 0.389423519 -0.636034012
v -1.15583599 0.385703713 -0.626927555
v -1.15679789 0.395491928 -0.643103063
v -1.16531348 0.394600213 -0.633919716
v -1.16531348 0.396750778 -0.644347012
v -1.16531348 0.393827826 -0.646817684
v -1.17479098 0.393143296 -0.645141661
v -1.15679789 0.388807684 -0.626738369
v -1.16531348 0.388836652 -0.624969542
v -1.16531348 0.385019213 -0.62525028
v -1.17479098 0.385703713 -0.626927555
v -1.17382419 0.395491928 -0.643103063
v -1.17587495 0.392793566 -0.634658277
v -1.17706645 0.389423519 -0.636034012
v -1.17382419 0.388807684 -0.626738369
v -1.27941012 0.392793566 -0.634658277
v -1.28049409 0.393143296 -0.645141661
v -1.27821875 0.389423519 -0.636034012
v -1.28049409 0.385703713 -0.626927555
v -1.28145599 0.395491928 -0.643103063
v -1.28997159 0.394600213 -0.633919716
v -1.28997159 0.396750778 -0.644347012
v -1.28997159 0.393827826 -0.646817684
v -1.29944909 0.393143296 -0.645141661
v -1.28145599 0.388807684 -0.626738369
v -1.28997159 0.388836652 -0.624969542
v -1.28997159 0.385019213 -0.62525028
v -1.29944909 0.385703713 -0.626927555
v -1.29848719 0.395491928 -0.643103063
v -1.30053306 0.392793566 -0.634658277
v -1.30172455 0.389423519 -0.636034012
v -1.29848719 0.388807684 -0.626738369
v -1.52872658 0.392793566 -0.634658277
v -1.52981055 0.393143296 -0.645141661
v -1.5275352 0.389423519 -0.636034012
v -1.52981055 0.385703713 -0.626927555
v -1.53077745 0.395491928 -0.643103063
v -1.53928816 0.394600213 -0.633919716
v -1.53928816 0.396750778 -0.644347012
v -1.53928816 0.393827826 -0.646817684
v -1.54876566 0.393143296 -0.645141661
v -1.53077745 0.388807684 -0.626738369
v -1.53928816 0.388836652 -0.624969542
v -1.53928816 0.385019213 -0.62525028
v -1.54876566 0.385703713 -0.626927555
v -1.54780376 0.395491928 -0.643103063
v -1.54984963 0.392793566 -0.634658277
v -1.55104601 0.389423519 -0.636034012
v -1.54780376 0.388807684 -0.626738369
v -1.40406823 0.392793566 -0.634658277
v -1.4051522 0.393143296 -0.645141661
v -1.40287685 0.389423519 -0.636034012
v -1.4051522 0.385703713 -0.626927555
v -1.40611422 0.395491928 -0.643103063
v -1.41462982 0.394600213 -0.633919716
v -1.41462982 0.396750778 -0.644347012
v -1.41462982 0.393827826 -0.646817684
v -1.42410731 0.393143296 -0.645141661
v -1.40611422 0.388807684 -0.626738369
v -1.41462982 0.388836652 -0.624969542
v -1.41462982 0.385019213 -0.62525028
v -1.42410731 0.385703713 -0.626927555
v -1.42314541 0.395491928 -0.643103063
v -1.42519152 0.392793566 -0.634658277
v -1.4263829 0.389423519 -0.636034012
v -1.42314541 0.388807684 -0.626738369
v 4.14832163 0.292387694 -0.164782017
v 4.16304302 0.315108031 -0.23047477
v 4.21373653 0.315108031 -0.180686876
v 4.09762812 0.292387694 -0.214568704
v 4.22845793 0.337828368 -0.246380985
v 4.11234999 0.315108031 -0.280261457
v 4.17776489 0.337828368 -0.296167672
v 4.33383894 0.292387694 0.0174166095
v 4.34856081 0.315108031 -0.0482761376
v 4.39925385 0.315108031 0.00151176448
v 4.28314543 0.292387694 -0.0323700719
v 4.41397572 0.337828368 -0.064182356
v 4.2978673 0.315108031 -0.0980628207
v 4.3632822 0.337828368 -0.113969035
v 4.50183725 0.292387694 0.182410806
v 4.51655865 0.315108031 0.116717987
v 4.56725216 0.315108031 0.166505888
v 4.45114374 0.292387694 0.132624209
v 4.58197355 0.337828368 0.100811765
v 4.46586561 0.315108031 0.0669313818
v 4.53128052 0.337828368 0.0510251597
v 4.70166111 0.41099456 -0.0210526269
v 4.71638298 0.433714896 -0.0867453739
v 4.76707649 0.433714896 -0.0369574726
v 4.65096807 0.41099456 -0.0708393082
v 4.78179789 0.456435233 -0.102651596
v 4.66568947 0.433714896 -0.136532053
v 4.73110485 0.456435233 -0.152438268
v 4.53366327 0.41099456 -0.186046824
v 4.54838514 0.433714896 -0.251739562
v 4.59907818 0.433714896 -0.201951668
v 4.48296976 0.41099456 -0.235833511
v 4.61380005 0.456435233 -0.267645806
v 4.49769163 0.433714896 -0.301526248
v 4.56310654 0.456435233 -0.317432463
v 4.34815073 0.41099456 -0.368245453
v 4.36287212 0.433714896 -0.433938205
v 4.41356564 0.433714896 -0.384150296
v 4.29745722 0.41099456 -0.41803214
v 4.42828703 0.456435233 -0.44984442
v 4.31217909 0.433714896 -0.483724892
v 4.37759399 0.456435233 -0.499631107
v -0.200296953 0.266208112 -0.511711478
v -0.144992784 0.231587365 -0.429416269
v -0.236993819 0.250626206 -0.475530297
v -0.143328533 0.274445653 -0.530315578
v -0.248738259 0.231854096 -0.431489348
v -0.0875213966 0.266208112 -0.510140598
v -0.238246039 0.212441862 -0.385631472
v -0.0518465303 0.250626206 -0.472951353
v -0.202571154 0.196859896 -0.348442227
v -0.0413333215 0.231854096 -0.428600371
v -0.146143019 0.18862243 -0.328258663
v -0.0530987531 0.212441862 -0.383052498
v -0.0897956043 0.196859896 -0.346871316
v 4.27974463 0.162495568 0.366997659
v 4.38207197 0.200841054 0.817959249
v 4.2840147 0.159637138 0.936290622
v 4.37886238 0.202989727 0.390843421
v 4.97896481 0.450308204 0.817956626
v 5.07703781 0.486665487 0.0791149437
v 5.07808208 0.49151215 0.936286986
v 4.97817993 0.446665019 0.370165348
v -2.19693971 0.465536177 -0.820267975
v -4.1075573 0.444721669 -0.770734012
v -4.25400734 0.465531915 -0.820571065
v -2.34339952 0.444723815 -0.770447612
v -4.1075573 0.176416323 -0.128161237
v -2.19693971 0.155601799 -0.0783344284
v -4.25400734 0.155601799 -0.0783339664
v -2.34339952 0.176408693 -0.128164753
v 3.72101665 0.155599058 -0.0783354938
v 3.67639756 0.447810978 -0.776932418
v 3.72101927 0.465552658 -0.819358587
v 3.67639756 0.173339844 -0.120776594
v 1.95272338 0.447795719 -0.777510762
v 1.90671992 0.155600578 -0.0783347338
v 1.90672243 0.465541691 -0.819964826
v 1.95272088 0.173347771 -0.120773539
vt 0.620605469 0.0776977539
vt 0.616210938 0.0787353516
vt 0.615234375 0.0824584961
vt 0.620605469 0.0824584961
vt 0.620605469 0.0872192383
vt 0.616210938 0.0861816406
vt 0.625 0.0787353516
vt 0.620605469 0.0776977539
vt 0.625976562 0.0824584961
vt 0.620605469 0.0872192383
vt 0.625 0.0861816406
vt 0.625976562 0.0777587891
vt 0.625 0.0787353516
vt 0.625976562 0.0824584961
vt 0.627441406 0.0824584961
vt 0.620605469 0.0872192383
vt 0.616210938 0.0861816406
vt 0.614746094 0.0871582031
vt 0.620605469 0.0887451172
vt 0.615234375 0.0824584961
vt 0.616210938 0.0787353516
vt 0.614746094 0.0777587891
vt 0.613769531 0.0824584961
vt 0.614746094 0.0777587891
vt 0.616210938 0.0787353516
vt 0.620605469 0.0776977539
vt 0.620605469 0.0762329102
vt 0.625976562 0.0824584961
vt 0.625 0.0861816406
vt 0.625976562 0.0871582031
vt 0.627441406 0.0824584961
vt 0.614746094 0.0871582031
vt 0.616210938 0.0861816406
vt 0.615234375 0.0824584961
vt 0.613769531 0.0824584961
vt 0.620605469 0.0776977539
vt 0.625 0.0787353516
vt 0.625976562 0.0777587891
vt 0.620605469 0.0762329102
vt 0.625976562 0.0871582031
vt 0.625 0.0861816406
vt 0.620605469 0.0872192383
vt 0.620605469 0.0887451172
vt 0.620605469 0.0776977539
vt 0.616210938 0.0787353516
vt 0.615234375 0.0824584961
vt 0.620605469 0.0824584961
vt 0.620605469 0.0872192383
vt 0.616210938 0.0861816406
vt 0.625 0.0787353516
vt 0.620605469 0.0776977539
vt 0.625976562 0.0824584961
vt 0.620605469 0.0872192383
vt 0.625 0.0861816406
vt 0.625976562 0.0777587891
vt 0.625 0.0787353516
vt 0.625976562 0.0824584961
vt 0.627441406 0.0824584961
vt 0.620605469 0.0872192383
vt 0.616210938 0.0861816406
vt 0.614746094 0.0871582031
vt 0.620605469 0.0887451172
vt 0.615234375 0.0824584961
vt 0.616210938 0.0787353516
vt 0.614746094 0.0777587891
vt 0.613769531 0.0824584961
vt 0.614746094 0.0777587891
vt 0.616210938 0.0787353516
vt 0.620605469 0.0776977539
vt 0.620605469 0.0762329102
vt 0.625976562 0.0824584961
vt 0.625 0.0861816406
vt 0.625976562 0.0871582031
vt 0.627441406 0.0824584961
vt 0.614746094 0.0871582031
vt 0.616210938 0.0861816406
vt 0.615234375 0.0824584961
vt 0.613769531 0.0824584961
vt 0.620605469 0.0776977539
vt 0.625 0.0787353516
vt 0.625976562 0.0777587891
vt 0.620605469 0.0762329102
vt 0.625976562 0.0871582031
vt 0.625 0.0861816406
vt 0.620605469 0.0872192383
vt 0.620605469 0.0887451172
vt 0.452392578 0.435302734
vt 0.453125 0.466796875
vt 0.465820312 0.466552734
vt 0.465820312 0.438720703
vt 0.443115234 0.425292969
vt 0.465820312 0.385009766
vt 0.366455078 0.385498047
vt 0.399902344 0.426269531
vt 0.389892578 0.435546875
vt 0.366455078 0.350585938
vt 0.465820312 0.350097656
vt 0.366455078 0.438476562
vt 0.389160156 0.466796875
vt 0.366455078 0.466552734
vt 0.366455078 0.466552734
vt 0.389892578 0.435791016
vt 0.389160156 0.466796875
vt 0.366455078 0.439941406
vt 0.400146484 0.425537109
vt 0.366455078 0.385009766
vt 0.444091797 0.425292969
vt 0.465820312 0.383544922
vt 0.453857422 0.436523438
vt 0.465820312 0.341308594
vt 0.366455078 0.342285156
vt 0.465820312 0.439208984
vt 0.453125 0.466796875
vt 0.465820312 0.466552734
vt 0.658203125 0.125854492
vt 0.658203125 0.0548400879
vt 0.640136719 0.0548400879
vt 0.640136719 0.12512207
vt 0.630371094 0.11328125
vt 0.629882812 0.0700683594
vt 0.640136719 0.12512207
vt 0.629882812 0.112976074
vt 0.629882812 0.0689086914
vt 0.640136719 0.0548400879
vt 0.658203125 0.0548400879
vt 0.658203125 0.125854492
vt 0.366455078 0.211303711
vt 0.366455078 0.277099609
vt 0.465820312 0.277099609
vt 0.465820312 0.211303711
vt 0.338623047 0.382324219
vt 0.332763672 0.426269531
vt 0.338623047 0.426269531
vt 0.332763672 0.382324219
vt 0.338623047 0.338378906
vt 0.332763672 0.338378906
vt 0.338623047 0.426269531
vt 0.332763672 0.426269531
vt 0.332763672 0.437011719
vt 0.338623047 0.441162109
vt 0.338378906 0.342529297
vt 0.333251953 0.342529297
vt 0.333251953 0.403564453
vt 0.338378906 0.403564453
vt 0.338378906 0.403564453
vt 0.333251953 0.403564453
vt 0.333251953 0.415283203
vt 0.338378906 0.418457031
vt 0.338378906 0.418457031
vt 0.333251953 0.415283203
vt 0.333251953 0.416259766
vt 0.338378906 0.419677734
vt 0.333251953 0.417480469
vt 0.338378906 0.420654297
vt 0.338378906 0.420654297
vt 0.333251953 0.417480469
vt 0.333251953 0.405273438
vt 0.338378906 0.405273438
vt 0.338378906 0.350585938
vt 0.333251953 0.350585938
vt 0.333251953 0.412841797
vt 0.338378906 0.412841797
vt 0.338623047 0.322021484
vt 0.332763672 0.326171875
vt 0.332763672 0.338378906
vt 0.338623047 0.338378906
vt 0.392089844 0.466552734
vt 0.392089844 0.466552734
vt 0.392822266 0.438232422
vt 0.392822266 0.438232422
vt 0.392822266 0.438476562
vt 0.392822266 0.438476562
vt 0.392089844 0.466552734
vt 0.392089844 0.466552734
vt 0.402099609 0.429199219
vt 0.402099609 0.429199219
vt 0.392822266 0.438476562
vt 0.392822266 0.438476562
vt 0.442138672 0.428955078
vt 0.442138672 0.428955078
vt 0.402099609 0.429199219
vt 0.402099609 0.429199219
vt 0.450927734 0.439208984
vt 0.450927734 0.439208984
vt 0.442138672 0.428955078
vt 0.442138672 0.428955078
vt 0.450195312 0.466552734
vt 0.450195312 0.466552734
vt 0.450927734 0.439208984
vt 0.450927734 0.439208984
vt 0.449462891 0.437988281
vt 0.449462891 0.437988281
vt 0.450195312 0.466552734
vt 0.450195312 0.466552734
vt 0.440917969 0.428955078
vt 0.440917969 0.428955078
vt 0.449462891 0.437988281
vt 0.449462891 0.437988281
vt 0.401855469 0.429931641
vt 0.401855469 0.429931641
vt 0.440917969 0.428955078
vt 0.440917969 0.428955078
vt 0.392822266 0.438232422
vt 0.392822266 0.438232422
vt 0.401855469 0.429931641
vt 0.401855469 0.429931641
vt 0.000233530998 0.368164062
vt 0.000831127167 0.478759766
vt 0.189941406 0.478759766
vt 0.189453125 0.368896484
vt 0.366455078 0.268554688
vt 0.366455078 0.211303711
vt 0.465820312 0.211303711
vt 0.465820312 0.268066406
vt 0.000595092773 0.368652344
vt 0.000452518463 0.478515625
vt 0.189575195 0.478027344
vt 0.189819336 0.368652344
vt 0.112731934 0.599121094
vt 0.0914916992 0.599121094
vt 0.0914916992 0.603027344
vt 0.112731934 0.603027344
vt 0.0914916992 0.606445312
vt 0.112731934 0.606445312
vt 0.0914916992 0.610351562
vt 0.112731934 0.610351562
vt 0.0914916992 0.613769531
vt 0.112731934 0.613769531
vt 0.0914916992 0.6171875
vt 0.112731934 0.6171875
vt 0.0914916992 0.62109375
vt 0.112731934 0.62109375
vt 0.0914916992 0.624511719
vt 0.112731934 0.624511719
vt 0.0914916992 0.628417969
vt 0.112731934 0.628417969
vt 0.112731934 0.599121094
vt 0.0914916992 0.599121094
vt 0.0914916992 0.603027344
vt 0.112731934 0.603027344
vt 0.0914916992 0.606445312
vt 0.112731934 0.606445312
vt 0.0914916992 0.610351562
vt 0.112731934 0.610351562
vt 0.0914916992 0.613769531
vt 0.112731934 0.613769531
vt 0.0914916992 0.6171875
vt 0.112731934 0.6171875
vt 0.0914916992 0.62109375
vt 0.112731934 0.62109375
vt 0.0914916992 0.624511719
vt 0.112731934 0.624511719
vt 0.0914916992 0.628417969
vt 0.112731934 0.628417969
vt 0.112731934 0.599121094
vt 0.0914916992 0.599121094
vt 0.0914916992 0.603027344
vt 0.112731934 0.603027344
vt 0.0914916992 0.606445312
vt 0.112731934 0.606445312
vt 0.0914916992 0.610351562
vt 0.112731934 0.610351562
vt 0.0914916992 0.613769531
vt 0.112731934 0.613769531
vt 0.0914916992 0.6171875
vt 0.112731934 0.6171875
vt 0.0914916992 0.62109375
vt 0.112731934 0.62109375
vt 0.0914916992 0.624511719
vt 0.112731934 0.624511719
vt 0.0914916992 0.628417969
vt 0.112731934 0.628417969
vt 0.112731934 0.599121094
vt 0.0914916992 0.599121094
vt 0.0914916992 0.603027344
vt 0.112731934 0.603027344
vt 0.0914916992 0.606445312
vt 0.112731934 0.606445312
vt 0.0914916992 0.610351562
vt 0.112731934 0.610351562
vt 0.0914916992 0.613769531
vt 0.112731934 0.613769531
vt 0.0914916992 0.6171875
vt 0.112731934 0.6171875
vt 0.0914916992 0.62109375
vt 0.112731934 0.62109375
vt 0.0914916992 0.624511719
vt 0.112731934 0.624511719
vt 0.0914916992 0.628417969
vt 0.112731934 0.628417969
vt 0.391601562 0.956054688
vt 0.382568359 0.966308594
vt 0.377441406 0.966308594
vt 0.385498047 0.956054688
vt 0.360839844 0.966308594
vt 0.365722656 0.956054688
vt 0.334716797 0.966308594
vt 0.334716797 0.956054688
vt 0.308837891 0.966308594
vt 0.303955078 0.956054688
vt 0.292236328 0.966308594
vt 0.283935547 0.956054688
vt 0.287109375 0.966308594
vt 0.277832031 0.956054688
vt 0.385498047 0.956054688
vt 0.382568359 0.966308594
vt 0.391601562 0.956054688
vt 0.377441406 0.966308594
vt 0.365722656 0.956054688
vt 0.360839844 0.966308594
vt 0.334716797 0.956054688
vt 0.334716797 0.966308594
vt 0.303955078 0.956054688
vt 0.308837891 0.966308594
vt 0.283935547 0.956054688
vt 0.292236328 0.966308594
vt 0.277832031 0.956054688
vt 0.287109375 0.966308594
vt 0.304931641 0.213989258
vt 0.192138672 0.213989258
vt 0.192138672 0.486816406
vt 0.304931641 0.486816406
vt 0.655273438 0.21887207
vt 0.569335938 0.21887207
vt 0.569335938 0.448242188
vt 0.655273438 0.448242188
vt 0.191650391 0.486816406
vt 0.302978516 0.486816406
vt 0.302978516 0.213989258
vt 0.191650391 0.213989258
vt 0.302978516 0.282714844
vt 0.229980469 0.282714844
vt 0.191650391 0.388183594
vt 0.302978516 0.388183594
vt 0.302978516 0.420898438
vt 0.302978516 0.263671875
vt 0.191650391 0.263671875
vt 0.191650391 0.420898438
vt 0.366455078 0.230834961
vt 0.366455078 0.362548828
vt 0.465820312 0.320068359
vt 0.465820312 0.256591797
vt 0.191650391 0.291748047
vt 0.191650391 0.394287109
vt 0.302978516 0.394287109
vt 0.302978516 0.291748047
vt 0.302978516 0.388916016
vt 0.302978516 0.279296875
vt 0.191650391 0.279296875
vt 0.191650391 0.388916016
vt 0.232666016 0.387207031
vt 0.302978516 0.385986328
vt 0.302978516 0.280517578
vt 0.191650391 0.282226562
vt 0.311279297 0.44140625
vt 0.32421875 0.445800781
vt 0.32421875 0.309326172
vt 0.311279297 0.302978516
vt 0.311279297 0.483642578
vt 0.32421875 0.483642578
vt 0.32421875 0.239990234
vt 0.311279297 0.239990234
vt 0.32421875 0.33203125
vt 0.311279297 0.33203125
vt 0.311279297 0.483642578
vt 0.32421875 0.483642578
vt 0.32421875 0.223144531
vt 0.311279297 0.223144531
vt 0.311279297 0.33203125
vt 0.32421875 0.33203125
vt 0.32421875 0.296142578
vt 0.311279297 0.30078125
vt 0.311279297 0.438964844
vt 0.32421875 0.432617188
vt 0.311279297 0.378662109
vt 0.311279297 0.458496094
vt 0.32421875 0.458496094
vt 0.32421875 0.378662109
vt 0.311279297 0.308105469
vt 0.311279297 0.378662109
vt 0.32421875 0.378662109
vt 0.32421875 0.308105469
vt 0.32421875 0.223022461
vt 0.311279297 0.223022461
vt 0.311279297 0.484375
vt 0.32421875 0.484375
vt 0.352539062 0.509765625
vt 0.361816406 0.5
vt 0.361816406 0.212158203
vt 0.352539062 0.212158203
vt 0.352539062 0.442626953
vt 0.361816406 0.432861328
vt 0.361816406 0.358886719
vt 0.352539062 0.349121094
vt 0.361816406 0.509765625
vt 0.361816406 0.222045898
vt 0.352539062 0.212158203
vt 0.352539062 0.509765625
vt 0.352539062 0.347900391
vt 0.361816406 0.337890625
vt 0.361816406 0.264160156
vt 0.352539062 0.254394531
vt 0.352539062 0.502929688
vt 0.361816406 0.493652344
vt 0.361816406 0.220214844
vt 0.352539062 0.220214844
vt 0.352539062 0.428955078
vt 0.361816406 0.419433594
vt 0.361816406 0.303710938
vt 0.352539062 0.294189453
vt 0.361816406 0.502929688
vt 0.361816406 0.229492188
vt 0.352539062 0.220214844
vt 0.352539062 0.502929688
vt 0.352539062 0.428955078
vt 0.361816406 0.419433594
vt 0.361816406 0.303710938
vt 0.352539062 0.294189453
vt 0.353515625 0.416992188
vt 0.361328125 0.407470703
vt 0.361328125 0.304199219
vt 0.353515625 0.294677734
vt 0.353515625 0.423828125
vt 0.361328125 0.414306641
vt 0.361328125 0.301513672
vt 0.353515625 0.287841797
vt 0.353515625 0.421386719
vt 0.361328125 0.407470703
vt 0.361328125 0.296875
vt 0.353515625 0.290283203
vt 0.353515625 0.400634766
vt 0.361328125 0.394287109
vt 0.361328125 0.3203125
vt 0.353515625 0.311035156
vt 0.352539062 0.428955078
vt 0.361816406 0.419433594
vt 0.361816406 0.303710938
vt 0.352539062 0.294189453
vt 0.352539062 0.450195312
vt 0.361816406 0.438720703
vt 0.361816406 0.282470703
vt 0.352539062 0.272949219
vt 0.352539062 0.428955078
vt 0.361816406 0.419433594
vt 0.361816406 0.303710938
vt 0.352539062 0.294189453
vt 0.352539062 0.450195312
vt 0.361816406 0.440673828
vt 0.361816406 0.282470703
vt 0.352539062 0.272949219
vt 0.353027344 0.405029297
vt 0.361572266 0.394775391
vt 0.361572266 0.317138672
vt 0.353027344 0.306640625
vt 0.361572266 0.430664062
vt 0.360595703 0.360839844
vt 0.353027344 0.360839844
vt 0.353027344 0.440917969
vt 0.361572266 0.281005859
vt 0.353027344 0.270751953
vt 0.353027344 0.350830078
vt 0.361572266 0.350830078
vt 0.352539062 0.428955078
vt 0.361816406 0.419433594
vt 0.361816406 0.303710938
vt 0.352539062 0.294189453
vt 0.352539062 0.425292969
vt 0.361816406 0.415771484
vt 0.361816406 0.307373047
vt 0.352539062 0.297851562
vt 0.352539062 0.428955078
vt 0.361816406 0.419433594
vt 0.361816406 0.303710938
vt 0.352539062 0.294189453
vt 0.352539062 0.425292969
vt 0.361816406 0.415771484
vt 0.361816406 0.307373047
vt 0.352539062 0.297851562
vt 0.353027344 0.405029297
vt 0.361572266 0.394775391
vt 0.361572266 0.317138672
vt 0.353027344 0.306640625
vt 0.361572266 0.430664062
vt 0.361572266 0.350830078
vt 0.353027344 0.350830078
vt 0.353027344 0.440917969
vt 0.353515625 0.290283203
vt 0.361328125 0.296875
vt 0.361328125 0.407714844
vt 0.353515625 0.421386719
vt 0.353515625 0.287841797
vt 0.361328125 0.301513672
vt 0.361328125 0.414306641
vt 0.353515625 0.423828125
vt 0.353515625 0.294677734
vt 0.361328125 0.304199219
vt 0.361328125 0.407714844
vt 0.353515625 0.416992188
vt 0.353515625 0.311035156
vt 0.361328125 0.320556641
vt 0.361328125 0.394042969
vt 0.353515625 0.400634766
vt 0.311279297 0.472167969
vt 0.32421875 0.462646484
vt 0.32421875 0.236938477
vt 0.311279297 0.236938477
vt 0.611328125 0.0882568359
vt 0.600097656 0.0914916992
vt 0.5703125 0.173461914
vt 0.611328125 0.203369141
vt 0.618652344 0.0932617188
vt 0.630859375 0.1875
vt 0.32421875 0.462402344
vt 0.32421875 0.236450195
vt 0.311279297 0.22644043
vt 0.311279297 0.462402344
vt 0.311279297 0.403808594
vt 0.32421875 0.390380859
vt 0.32421875 0.304443359
vt 0.311279297 0.297607422
vt 0.32421875 0.462646484
vt 0.331298828 0.462646484
vt 0.331298828 0.236938477
vt 0.32421875 0.236938477
vt 0.600097656 0.0914916992
vt 0.594238281 0.0892333984
vt 0.563964844 0.171264648
vt 0.5703125 0.173461914
vt 0.331298828 0.462402344
vt 0.331298828 0.236450195
vt 0.32421875 0.236450195
vt 0.32421875 0.462402344
vt 0.32421875 0.390380859
vt 0.331298828 0.390380859
vt 0.331298828 0.304443359
vt 0.32421875 0.304443359
vt 0.311279297 0.405517578
vt 0.32421875 0.400146484
vt 0.32421875 0.341064453
vt 0.311279297 0.343017578
vt 0.311279297 0.391845703
vt 0.32421875 0.390625
vt 0.32421875 0.272460938
vt 0.311279297 0.249145508
vt 0.311279297 0.325439453
vt 0.32421875 0.327392578
vt 0.32421875 0.262939453
vt 0.311279297 0.255126953
vt 0.311279297 0.410400391
vt 0.32421875 0.402832031
vt 0.32421875 0.303955078
vt 0.311279297 0.296386719
vt 0.311279297 0.453613281
vt 0.32421875 0.446533203
vt 0.32421875 0.352539062
vt 0.311279297 0.3515625
vt 0.630859375 0.1875
vt 0.637207031 0.186645508
vt 0.625 0.0924682617
vt 0.618652344 0.0932617188
vt 0.32421875 0.400146484
vt 0.331298828 0.400146484
vt 0.331298828 0.339355469
vt 0.32421875 0.341064453
vt 0.32421875 0.390625
vt 0.331298828 0.389892578
vt 0.331298828 0.272460938
vt 0.32421875 0.272460938
vt 0.32421875 0.327392578
vt 0.331298828 0.329101562
vt 0.331298828 0.327636719
vt 0.331298828 0.262939453
vt 0.32421875 0.262939453
vt 0.32421875 0.402832031
vt 0.331298828 0.402832031
vt 0.331298828 0.303955078
vt 0.32421875 0.303955078
vt 0.331298828 0.355957031
vt 0.331298828 0.353515625
vt 0.32421875 0.352539062
vt 0.32421875 0.446533203
vt 0.331298828 0.446533203
vt 0.191650391 0.395507812
vt 0.302978516 0.395507812
vt 0.302978516 0.278076172
vt 0.191650391 0.278076172
vt 0.361572266 0.281005859
vt 0.353027344 0.270751953
vt 0.353027344 0.360839844
vt 0.360595703 0.360839844
vt 0.361816406 0.493164062
vt 0.361816406 0.238891602
vt 0.352539062 0.229003906
vt 0.352539062 0.493164062
vt 0.192138672 0.213989258
vt 0.192138672 0.486816406
vt 0.304931641 0.486816406
vt 0.304931641 0.213989258
vt 0.352539062 0.493164062
vt 0.361816406 0.483154297
vt 0.361816406 0.229003906
vt 0.352539062 0.229003906
vt 0.311279297 0.223022461
vt 0.311279297 0.484375
vt 0.32421875 0.484375
vt 0.32421875 0.223022461
vt 0.32421875 0.461914062
vt 0.32421875 0.262939453
vt 0.311279297 0.253417969
vt 0.311279297 0.461914062
vt 0.331298828 0.461914062
vt 0.331298828 0.262939453
vt 0.32421875 0.262939453
vt 0.32421875 0.461914062
vt 0.470214844 0.217285156
vt 0.470214844 0.448730469
vt 0.564941406 0.448730469
vt 0.564941406 0.217285156
vt 0.32421875 0.435546875
vt 0.331298828 0.435546875
vt 0.331298828 0.236450195
vt 0.32421875 0.236450195
vt 0.311279297 0.485107422
vt 0.32421875 0.435546875
vt 0.32421875 0.236450195
vt 0.311279297 0.236450195
vt 0.32421875 0.483642578
vt 0.32421875 0.239990234
vt 0.311279297 0.239990234
vt 0.311279297 0.483642578
vt 0.361816406 0.511230469
vt 0.361816406 0.221557617
vt 0.352539062 0.212158203
vt 0.352539062 0.511230469
vt 0.302978516 0.486816406
vt 0.302978516 0.213989258
vt 0.191650391 0.213989258
vt 0.191650391 0.486816406
vt 0.352539062 0.511230469
vt 0.361816406 0.501464844
vt 0.361816406 0.212158203
vt 0.352539062 0.212158203
vt 0.361816406 0.503417969
vt 0.361816406 0.218505859
vt 0.352539062 0.218505859
vt 0.352539062 0.503417969
vt 0.192138672 0.486816406
vt 0.192138672 0.213989258
vt 0.304931641 0.213989258
vt 0.304931641 0.486816406
vt 0.361816406 0.503417969
vt 0.361816406 0.218505859
vt 0.352539062 0.218505859
vt 0.352539062 0.503417969
vt 0.311279297 0.223022461
vt 0.311279297 0.484375
vt 0.32421875 0.484375
vt 0.32421875 0.223022461
vt 0.32421875 0.461425781
vt 0.32421875 0.236328125
vt 0.311279297 0.236328125
vt 0.311279297 0.461425781
vt 0.331298828 0.461425781
vt 0.331298828 0.236328125
vt 0.32421875 0.236328125
vt 0.32421875 0.461425781
vt 0.331298828 0.462402344
vt 0.331298828 0.236450195
vt 0.32421875 0.236450195
vt 0.32421875 0.462402344
vt 0.32421875 0.462402344
vt 0.32421875 0.236450195
vt 0.311279297 0.236450195
vt 0.311279297 0.462402344
vt 0.32421875 0.483642578
vt 0.32421875 0.239990234
vt 0.311279297 0.239990234
vt 0.311279297 0.483642578
vt 0.361816406 0.497070312
vt 0.361816406 0.226196289
vt 0.352539062 0.226196289
vt 0.352539062 0.497070312
vt 0.302978516 0.486816406
vt 0.302978516 0.213989258
vt 0.191650391 0.213989258
vt 0.191650391 0.486816406
vt 0.361816406 0.497070312
vt 0.361816406 0.226196289
vt 0.352539062 0.226196289
vt 0.352539062 0.497070312
vt 0.361816406 0.503417969
vt 0.361816406 0.218505859
vt 0.352539062 0.218505859
vt 0.352539062 0.503417969
vt 0.192138672 0.213989258
vt 0.192138672 0.486816406
vt 0.304931641 0.486816406
vt 0.304931641 0.213989258
vt 0.361816406 0.503417969
vt 0.361816406 0.218505859
vt 0.352539062 0.218505859
vt 0.352539062 0.503417969
vt 0.311279297 0.223022461
vt 0.311279297 0.484375
vt 0.32421875 0.484375
vt 0.32421875 0.223022461
vt 0.32421875 0.461669922
vt 0.32421875 0.236572266
vt 0.311279297 0.236572266
vt 0.311279297 0.461669922
vt 0.331298828 0.461669922
vt 0.331298828 0.236572266
vt 0.32421875 0.236572266
vt 0.32421875 0.461669922
vt 0.331298828 0.462402344
vt 0.331298828 0.236450195
vt 0.32421875 0.236450195
vt 0.32421875 0.462402344
vt 0.32421875 0.462402344
vt 0.32421875 0.236450195
vt 0.311279297 0.236450195
vt 0.311279297 0.462402344
vt 0.32421875 0.483642578
vt 0.32421875 0.239990234
vt 0.311279297 0.239990234
vt 0.311279297 0.483642578
vt 0.361816406 0.497070312
vt 0.361816406 0.226196289
vt 0.352539062 0.226196289
vt 0.352539062 0.497070312
vt 0.302978516 0.486816406
vt 0.302978516 0.213989258
vt 0.191650391 0.213989258
vt 0.191650391 0.486816406
vt 0.361816406 0.497070312
vt 0.361816406 0.226196289
vt 0.352539062 0.226196289
vt 0.352539062 0.497070312
vt 0.336425781 0.416015625
vt 0.345458984 0.416015625
vt 0.345458984 0.322753906
vt 0.336425781 0.322753906
vt 0.336425781 0.495117188
vt 0.345458984 0.495117188
vt 0.345458984 0.243652344
vt 0.336425781 0.243652344
vt 0.336425781 0.415771484
vt 0.345458984 0.415771484
vt 0.345458984 0.322753906
vt 0.336425781 0.322753906
vt 0.336425781 0.495361328
vt 0.345458984 0.495361328
vt 0.345458984 0.243408203
vt 0.336425781 0.243408203
vt 0.564941406 0.379394531
vt 0.564941406 0.373291016
vt 0.472167969 0.373291016
vt 0.472167969 0.379394531
vt 0.195068359 0.497314453
vt 0.195068359 0.555175781
vt 0.305664062 0.555175781
vt 0.305664062 0.497314453
vt 0.305664062 0.497314453
vt 0.30859375 0.494140625
vt 0.192260742 0.494140625
vt 0.195068359 0.497314453
vt 0.195068359 0.497314453
vt 0.191162109 0.495849609
vt 0.191162109 0.556640625
vt 0.195068359 0.555175781
vt 0.195068359 0.555175781
vt 0.192260742 0.55859375
vt 0.30859375 0.55859375
vt 0.305664062 0.555175781
vt 0.305664062 0.555175781
vt 0.309570312 0.556640625
vt 0.309570312 0.495849609
vt 0.305664062 0.497314453
vt 0.66015625 0.205932617
vt 0.66015625 0.204589844
vt 0.627441406 0.204589844
vt 0.627441406 0.205932617
vt 0.627441406 0.204589844
vt 0.627441406 0.1953125
vt 0.625976562 0.1953125
vt 0.625976562 0.204589844
vt 0.627441406 0.193847656
vt 0.627441406 0.1953125
vt 0.66015625 0.1953125
vt 0.66015625 0.193847656
vt 0.66015625 0.1953125
vt 0.66015625 0.204589844
vt 0.661621094 0.204589844
vt 0.661621094 0.1953125
vt 0.66015625 0.1953125
vt 0.627441406 0.1953125
vt 0.627441406 0.204589844
vt 0.66015625 0.204589844
vt 0.66015625 0.205932617
vt 0.66015625 0.204589844
vt 0.627441406 0.204589844
vt 0.627441406 0.205932617
vt 0.627441406 0.204589844
vt 0.627441406 0.1953125
vt 0.625976562 0.1953125
vt 0.625976562 0.204589844
vt 0.627441406 0.193847656
vt 0.627441406 0.1953125
vt 0.66015625 0.1953125
vt 0.66015625 0.193847656
vt 0.66015625 0.1953125
vt 0.66015625 0.204589844
vt 0.661621094 0.204589844
vt 0.661621094 0.1953125
vt 0.66015625 0.1953125
vt 0.627441406 0.1953125
vt 0.627441406 0.204589844
vt 0.66015625 0.204589844
vt 0.66015625 0.205932617
vt 0.66015625 0.204589844
vt 0.627441406 0.204589844
vt 0.627441406 0.205932617
vt 0.627441406 0.204589844
vt 0.627441406 0.1953125
vt 0.625976562 0.1953125
vt 0.625976562 0.204589844
vt 0.627441406 0.193847656
vt 0.627441406 0.1953125
vt 0.66015625 0.1953125
vt 0.66015625 0.193847656
vt 0.66015625 0.1953125
vt 0.66015625 0.204589844
vt 0.661621094 0.204589844
vt 0.661621094 0.1953125
vt 0.66015625 0.1953125
vt 0.627441406 0.1953125
vt 0.627441406 0.204589844
vt 0.66015625 0.204589844
vt 0.66015625 0.205932617
vt 0.66015625 0.204589844
vt 0.627441406 0.204589844
vt 0.627441406 0.205932617
vt 0.627441406 0.204589844
vt 0.627441406 0.1953125
vt 0.626464844 0.1953125
vt 0.626464844 0.204589844
vt 0.627441406 0.193847656
vt 0.627441406 0.1953125
vt 0.66015625 0.1953125
vt 0.66015625 0.193847656
vt 0.66015625 0.1953125
vt 0.66015625 0.204589844
vt 0.661621094 0.204589844
vt 0.661621094 0.1953125
vt 0.66015625 0.1953125
vt 0.627441406 0.1953125
vt 0.627441406 0.204589844
vt 0.66015625 0.204589844
vt 0.66015625 0.205932617
vt 0.66015625 0.204589844
vt 0.627441406 0.204589844
vt 0.627441406 0.205932617
vt 0.627441406 0.204589844
vt 0.627441406 0.1953125
vt 0.626464844 0.1953125
vt 0.626464844 0.204589844
vt 0.627441406 0.193847656
vt 0.627441406 0.1953125
vt 0.66015625 0.1953125
vt 0.66015625 0.193847656
vt 0.66015625 0.1953125
vt 0.66015625 0.204589844
vt 0.661621094 0.204589844
vt 0.661621094 0.1953125
vt 0.66015625 0.1953125
vt 0.627441406 0.1953125
vt 0.627441406 0.204589844
vt 0.66015625 0.204589844
vt 0.66015625 0.205932617
vt 0.66015625 0.204589844
vt 0.627441406 0.204589844
vt 0.627441406 0.205932617
vt 0.627441406 0.204589844
vt 0.627441406 0.1953125
vt 0.626464844 0.1953125
vt 0.626464844 0.204589844
vt 0.627441406 0.193847656
vt 0.627441406 0.1953125
vt 0.66015625 0.1953125
vt 0.66015625 0.193847656
vt 0.66015625 0.1953125
vt 0.66015625 0.204589844
vt 0.661621094 0.204589844
vt 0.661621094 0.1953125
vt 0.66015625 0.1953125
vt 0.627441406 0.1953125
vt 0.627441406 0.204589844
vt 0.66015625 0.204589844
vt 0.687011719 0.126953125
vt 0.687011719 0.203369141
vt 0.740234375 0.203369141
vt 0.740234375 0.126953125
vt 0.685546875 0.272460938
vt 0.706542969 0.270751953
vt 0.706542969 0.237304688
vt 0.685546875 0.235717773
vt 0.739746094 0.276367188
vt 0.739746094 0.229614258
vt 0.706542969 0.229614258
vt 0.706542969 0.276367188
vt 0.706542969 0.236083984
vt 0.685546875 0.23449707
vt 0.685546875 0.271240234
vt 0.706542969 0.26953125
vt 0.686035156 0.228759766
vt 0.686035156 0.280273438
vt 0.706542969 0.276367188
vt 0.706542969 0.229614258
vt 0.706542969 0.229614258
vt 0.706542969 0.276367188
vt 0.685546875 0.280273438
vt 0.685546875 0.228759766
vt 0.685546875 0.23449707
vt 0.68359375 0.235717773
vt 0.68359375 0.269775391
vt 0.685546875 0.271240234
vt 0.686035156 0.228759766
vt 0.68359375 0.230102539
vt 0.68359375 0.279052734
vt 0.686035156 0.280273438
vt 0.685546875 0.235717773
vt 0.68359375 0.236938477
vt 0.68359375 0.271240234
vt 0.685546875 0.272460938
vt 0.685546875 0.280273438
vt 0.68359375 0.279052734
vt 0.68359375 0.230102539
vt 0.685546875 0.228759766
vt 0.663574219 0.371826172
vt 0.665039062 0.375488281
vt 0.666992188 0.373535156
vt 0.666503906 0.371582031
vt 0.663085938 0.363769531
vt 0.668945312 0.372558594
vt 0.666015625 0.364013672
vt 0.663085938 0.356445312
vt 0.668945312 0.37109375
vt 0.670898438 0.373291016
vt 0.666015625 0.356445312
vt 0.663085938 0.348876953
vt 0.668457031 0.36328125
vt 0.670898438 0.370849609
vt 0.672851562 0.375
vt 0.666015625 0.348632812
vt 0.663085938 0.306152344
vt 0.668457031 0.356445312
vt 0.670898438 0.362304688
vt 0.673828125 0.370605469
vt 0.675292969 0.375976562
vt 0.666503906 0.305908203
vt 0.663085938 0.295898438
vt 0.668457031 0.348144531
vt 0.670898438 0.356445312
vt 0.673828125 0.362060547
vt 0.67578125 0.37109375
vt 0.677734375 0.375976562
vt 0.678222656 0.371582031
vt 0.676269531 0.362548828
vt 0.678710938 0.363525391
vt 0.666015625 0.295654297
vt 0.662597656 0.284423828
vt 0.668457031 0.305664062
vt 0.670898438 0.34765625
vt 0.673828125 0.356445312
vt 0.676269531 0.356445312
vt 0.678710938 0.356201172
vt 0.666015625 0.284179688
vt 0.662597656 0.256835938
vt 0.668457031 0.295654297
vt 0.670898438 0.305419922
vt 0.673828125 0.347900391
vt 0.676269531 0.348388672
vt 0.678222656 0.348876953
vt 0.665527344 0.257080078
vt 0.662109375 0.247070312
vt 0.66796875 0.284179688
vt 0.670410156 0.295898438
vt 0.673828125 0.305664062
vt 0.67578125 0.306152344
vt 0.678222656 0.306152344
vt 0.665039062 0.246948242
vt 0.661621094 0.238647461
vt 0.66796875 0.257568359
vt 0.670410156 0.283935547
vt 0.673828125 0.295898438
vt 0.67578125 0.295898438
vt 0.678222656 0.295654297
vt 0.665039062 0.238525391
vt 0.661132812 0.216918945
vt 0.6640625 0.216796875
vt 0.667480469 0.246582031
vt 0.666992188 0.238647461
vt 0.666503906 0.216674805
vt 0.668945312 0.216552734
vt 0.673339844 0.283935547
vt 0.67578125 0.284179688
vt 0.678222656 0.284179688
vt 0.669921875 0.258056641
vt 0.669433594 0.246337891
vt 0.673339844 0.258056641
vt 0.675292969 0.257324219
vt 0.677734375 0.256835938
vt 0.669433594 0.238769531
vt 0.672363281 0.246337891
vt 0.674804688 0.246582031
vt 0.676757812 0.246948242
vt 0.672363281 0.238647461
vt 0.671875 0.216552734
vt 0.674804688 0.238525391
vt 0.677246094 0.23828125
vt 0.674316406 0.216552734
vt 0.676757812 0.216674805
vt 0.653320312 0.128051758
vt 0.659179688 0.135620117
vt 0.659179688 0.128051758
vt 0.653320312 0.135620117
vt 0.653320312 0.145385742
vt 0.659179688 0.145385742
vt 0.653320312 0.152954102
vt 0.659179688 0.152954102
vt 0.659179688 0.160522461
vt 0.653320312 0.160522461
vt 0.653320312 0.170166016
vt 0.659179688 0.170166016
vt 0.653320312 0.177734375
vt 0.659179688 0.177734375
vt 0.646484375 0.155883789
vt 0.647949219 0.147583008
vt 0.64453125 0.16418457
vt 0.639160156 0.151367188
vt 0.639160156 0.158935547
vt 0.647460938 0.00790405273
vt 0.647949219 0.00852203369
vt 0.670410156 0.0085144043
vt 0.671875 0.00590133667
vt 0.671875 0.00590133667
vt 0.670410156 0.0085144043
vt 0.681640625 0.0280303955
vt 0.682617188 0.027923584
vt 0.682617188 0.027923584
vt 0.681640625 0.0280303955
vt 0.670410156 0.0475463867
vt 0.670898438 0.0481567383
vt 0.670898438 0.0481567383
vt 0.670410156 0.0475463867
vt 0.647949219 0.0475463867
vt 0.647460938 0.0482788086
vt 0.647460938 0.0482788086
vt 0.647949219 0.0475463867
vt 0.63671875 0.0280609131
vt 0.635742188 0.0281677246
vt 0.635742188 0.0281677246
vt 0.63671875 0.0280609131
vt 0.647949219 0.00852203369
vt 0.647460938 0.00790405273
vt 0.647949219 0.00852203369
vt 0.647460938 0.00801849365
vt 0.670410156 0.00801849365
vt 0.670410156 0.0085144043
vt 0.670410156 0.0085144043
vt 0.670410156 0.00801849365
vt 0.682128906 0.0280303955
vt 0.681640625 0.0280303955
vt 0.681640625 0.0280303955
vt 0.682128906 0.0280303955
vt 0.670410156 0.048034668
vt 0.670410156 0.0475463867
vt 0.670410156 0.0475463867
vt 0.670410156 0.048034668
vt 0.647460938 0.0480651855
vt 0.647949219 0.0475463867
vt 0.647949219 0.0475463867
vt 0.647460938 0.0480651855
vt 0.635742188 0.0280456543
vt 0.63671875 0.0280609131
vt 0.63671875 0.0280609131
vt 0.635742188 0.0280456543
vt 0.647460938 0.00801849365
vt 0.647949219 0.00852203369
vt 0.639160156 0.0397949219
vt 0.639648438 0.0393066406
vt 0.639648438 0.0167694092
vt 0.63671875 0.0153884888
vt 0.63671875 0.0153884888
vt 0.639648438 0.0167694092
vt 0.659179688 0.00550460815
vt 0.659179688 0.00473403931
vt 0.659179688 0.00473403931
vt 0.659179688 0.00550460815
vt 0.678710938 0.0167541504
vt 0.679199219 0.0162811279
vt 0.679199219 0.0162811279
vt 0.678710938 0.0167541504
vt 0.678710938 0.039276123
vt 0.679199219 0.0395812988
vt 0.679199219 0.0395812988
vt 0.678710938 0.039276123
vt 0.659179688 0.050567627
vt 0.659179688 0.0513305664
vt 0.659179688 0.0513305664
vt 0.659179688 0.050567627
vt 0.639648438 0.0393066406
vt 0.639160156 0.0397949219
vt 0.639648438 0.0393066406
vt 0.639160156 0.0396118164
vt 0.639160156 0.0164794922
vt 0.639648438 0.0167694092
vt 0.639648438 0.0167694092
vt 0.639160156 0.0164794922
vt 0.659179688 0.00492477417
vt 0.659179688 0.00550460815
vt 0.659179688 0.00550460815
vt 0.659179688 0.00492477417
vt 0.679199219 0.0164794922
vt 0.678710938 0.0167541504
vt 0.678710938 0.0167541504
vt 0.679199219 0.0164794922
vt 0.679199219 0.0395812988
vt 0.678710938 0.039276123
vt 0.678710938 0.039276123
vt 0.679199219 0.0395812988
vt 0.659179688 0.0511474609
vt 0.659179688 0.050567627
vt 0.659179688 0.050567627
vt 0.659179688 0.0511474609
vt 0.639160156 0.0396118164
vt 0.639648438 0.0393066406
vt 0.647460938 0.00789642334
vt 0.647949219 0.0085144043
vt 0.670410156 0.0085144043
vt 0.671875 0.00589752197
vt 0.671875 0.00589752197
vt 0.670410156 0.0085144043
vt 0.681640625 0.0280151367
vt 0.682617188 0.027923584
vt 0.682617188 0.027923584
vt 0.681640625 0.0280151367
vt 0.670410156 0.0475463867
vt 0.670898438 0.0481567383
vt 0.670898438 0.0481567383
vt 0.670410156 0.0475463867
vt 0.647949219 0.0475463867
vt 0.647460938 0.0482788086
vt 0.647460938 0.0482788086
vt 0.647949219 0.0475463867
vt 0.63671875 0.0280303955
vt 0.635742188 0.028137207
vt 0.635742188 0.028137207
vt 0.63671875 0.0280303955
vt 0.647949219 0.0085144043
vt 0.647460938 0.00789642334
vt 0.647949219 0.0085144043
vt 0.647460938 0.00801086426
vt 0.670410156 0.00801086426
vt 0.670410156 0.0085144043
vt 0.670410156 0.0085144043
vt 0.670410156 0.00801086426
vt 0.682128906 0.0280303955
vt 0.681640625 0.0280151367
vt 0.681640625 0.0280151367
vt 0.682128906 0.0280303955
vt 0.670410156 0.048034668
vt 0.670410156 0.0475463867
vt 0.670410156 0.0475463867
vt 0.670410156 0.048034668
vt 0.647460938 0.048034668
vt 0.647949219 0.0475463867
vt 0.647949219 0.0475463867
vt 0.647460938 0.048034668
vt 0.635742188 0.0280303955
vt 0.63671875 0.0280303955
vt 0.63671875 0.0280303955
vt 0.635742188 0.0280303955
vt 0.647460938 0.00801086426
vt 0.647949219 0.0085144043
vt 0.678222656 0.045135498
vt 0.67578125 0.0432434082
vt 0.654296875 0.0500488281
vt 0.653808594 0.0529785156
vt 0.653808594 0.0529785156
vt 0.654296875 0.0500488281
vt 0.637695312 0.0348510742
vt 0.63671875 0.0351867676
vt 0.63671875 0.0351867676
vt 0.637695312 0.0348510742
vt 0.642578125 0.0128555298
vt 0.641601562 0.0124130249
vt 0.641601562 0.0124130249
vt 0.642578125 0.0128555298
vt 0.6640625 0.00603485107
vt 0.6640625 0.00526046753
vt 0.6640625 0.00526046753
vt 0.6640625 0.00603485107
vt 0.680664062 0.0212097168
vt 0.681152344 0.0208740234
vt 0.681152344 0.0208740234
vt 0.680664062 0.0212097168
vt 0.67578125 0.0432434082
vt 0.678222656 0.045135498
vt 0.67578125 0.0432434082
vt 0.676269531 0.0436401367
vt 0.654296875 0.0506286621
vt 0.654296875 0.0500488281
vt 0.654296875 0.0500488281
vt 0.654296875 0.0506286621
vt 0.637207031 0.0350341797
vt 0.637695312 0.0348510742
vt 0.637695312 0.0348510742
vt 0.637207031 0.0350341797
vt 0.642089844 0.0124664307
vt 0.642578125 0.0128555298
vt 0.642578125 0.0128555298
vt 0.642089844 0.0124664307
vt 0.6640625 0.00547027588
vt 0.6640625 0.00603485107
vt 0.6640625 0.00603485107
vt 0.6640625 0.00547027588
vt 0.681152344 0.0210418701
vt 0.680664062 0.0212097168
vt 0.680664062 0.0212097168
vt 0.681152344 0.0210418701
vt 0.676269531 0.0436401367
vt 0.67578125 0.0432434082
vt 0.670898438 0.0481872559
vt 0.670410156 0.0475463867
vt 0.647949219 0.0475769043
vt 0.646484375 0.0501708984
vt 0.646484375 0.0501708984
vt 0.647949219 0.0475769043
vt 0.63671875 0.0280456543
vt 0.635742188 0.0281524658
vt 0.635742188 0.0281524658
vt 0.63671875 0.0280456543
vt 0.647949219 0.00853729248
vt 0.647460938 0.00791931152
vt 0.647460938 0.00791931152
vt 0.647949219 0.00853729248
vt 0.670410156 0.00852203369
vt 0.670410156 0.00780105591
vt 0.670410156 0.00780105591
vt 0.670410156 0.00852203369
vt 0.681640625 0.0280303955
vt 0.682617188 0.0279083252
vt 0.682617188 0.0279083252
vt 0.681640625 0.0280303955
vt 0.670410156 0.0475463867
vt 0.670898438 0.0481872559
vt 0.670410156 0.0475463867
vt 0.670410156 0.0480651855
vt 0.647460938 0.0480651855
vt 0.647949219 0.0475769043
vt 0.647949219 0.0475769043
vt 0.647460938 0.0480651855
vt 0.635742188 0.0280456543
vt 0.63671875 0.0280456543
vt 0.63671875 0.0280456543
vt 0.635742188 0.0280456543
vt 0.647460938 0.00803375244
vt 0.647949219 0.00853729248
vt 0.647949219 0.00853729248
vt 0.647460938 0.00803375244
vt 0.670410156 0.00802612305
vt 0.670410156 0.00852203369
vt 0.670410156 0.00852203369
vt 0.670410156 0.00802612305
vt 0.682128906 0.0280303955
vt 0.681640625 0.0280303955
vt 0.681640625 0.0280303955
vt 0.682128906 0.0280303955
vt 0.670410156 0.0480651855
vt 0.670410156 0.0475463867
vt 0.681152344 0.0151824951
vt 0.678710938 0.0167541504
vt 0.678710938 0.0393066406
vt 0.679199219 0.0396118164
vt 0.679199219 0.0396118164
vt 0.678710938 0.0393066406
vt 0.659179688 0.050567627
vt 0.659179688 0.0513305664
vt 0.659179688 0.0513305664
vt 0.659179688 0.050567627
vt 0.639648438 0.0393066406
vt 0.639160156 0.0397949219
vt 0.639160156 0.0397949219
vt 0.639648438 0.0393066406
vt 0.639648438 0.0167999268
vt 0.638671875 0.016494751
vt 0.638671875 0.016494751
vt 0.639648438 0.0167999268
vt 0.659179688 0.00550460815
vt 0.659179688 0.00473403931
vt 0.659179688 0.00473403931
vt 0.659179688 0.00550460815
vt 0.678710938 0.0167541504
vt 0.681152344 0.0151824951
vt 0.678710938 0.0167541504
vt 0.679199219 0.0164794922
vt 0.679199219 0.0395812988
vt 0.678710938 0.0393066406
vt 0.678710938 0.0393066406
vt 0.679199219 0.0395812988
vt 0.659179688 0.0511474609
vt 0.659179688 0.050567627
vt 0.659179688 0.050567627
vt 0.659179688 0.0511474609
vt 0.639160156 0.0396118164
vt 0.639648438 0.0393066406
vt 0.639648438 0.0393066406
vt 0.639160156 0.0396118164
vt 0.639160156 0.016494751
vt 0.639648438 0.0167999268
vt 0.639648438 0.0167999268
vt 0.639160156 0.016494751
vt 0.659179688 0.00492858887
vt 0.659179688 0.00550460815
vt 0.659179688 0.00550460815
vt 0.659179688 0.00492858887
vt 0.679199219 0.0164794922
vt 0.678710938 0.0167541504
vt 0.683105469 0.214355469
vt 0.683105469 0.223022461
vt 0.749023438 0.223022461
vt 0.749023438 0.214355469
vt 0.683105469 0.213256836
vt 0.683105469 0.214355469
vt 0.749023438 0.214355469
vt 0.749023438 0.213256836
vt 0.750976562 0.214355469
vt 0.749023438 0.214355469
vt 0.749023438 0.223022461
vt 0.750976562 0.223022461
vt 0.749023438 0.225463867
vt 0.749023438 0.223022461
vt 0.683105469 0.223022461
vt 0.683105469 0.225463867
vt 0.680175781 0.223022461
vt 0.683105469 0.223022461
vt 0.683105469 0.214355469
vt 0.680175781 0.214355469
vt 0.683105469 0.214355469
vt 0.683105469 0.223022461
vt 0.749023438 0.223022461
vt 0.749023438 0.214355469
vt 0.683105469 0.213256836
vt 0.683105469 0.214355469
vt 0.749023438 0.214355469
vt 0.749023438 0.213256836
vt 0.750976562 0.214355469
vt 0.749023438 0.214355469
vt 0.749023438 0.223022461
vt 0.750976562 0.223022461
vt 0.749023438 0.225463867
vt 0.749023438 0.223022461
vt 0.683105469 0.223022461
vt 0.683105469 0.225463867
vt 0.680175781 0.223022461
vt 0.683105469 0.223022461
vt 0.683105469 0.214355469
vt 0.680175781 0.214355469
vt 0.620605469 0.0776977539
vt 0.616210938 0.0787353516
vt 0.615234375 0.0824584961
vt 0.620605469 0.0824584961
vt 0.620605469 0.0872192383
vt 0.616210938 0.0861816406
vt 0.625 0.0787353516
vt 0.620605469 0.0776977539
vt 0.625976562 0.0824584961
vt 0.620605469 0.0872192383
vt 0.625 0.0861816406
vt 0.625976562 0.0777587891
vt 0.625 0.0787353516
vt 0.625976562 0.0824584961
vt 0.627441406 0.0824584961
vt 0.620605469 0.0872192383
vt 0.616210938 0.0861816406
vt 0.614746094 0.0871582031
vt 0.620605469 0.0887451172
vt 0.615234375 0.0824584961
vt 0.616210938 0.0787353516
vt 0.614746094 0.0777587891
vt 0.613769531 0.0824584961
vt 0.614746094 0.0777587891
vt 0.616210938 0.0787353516
vt 0.620605469 0.0776977539
vt 0.620605469 0.0762329102
vt 0.625976562 0.0824584961
vt 0.625 0.0861816406
vt 0.625976562 0.0871582031
vt 0.627441406 0.0824584961
vt 0.614746094 0.0871582031
vt 0.616210938 0.0861816406
vt 0.615234375 0.0824584961
vt 0.613769531 0.0824584961
vt 0.620605469 0.0776977539
vt 0.625 0.0787353516
vt 0.625976562 0.0777587891
vt 0.620605469 0.0762329102
vt 0.625976562 0.0871582031
vt 0.625 0.0861816406
vt 0.620605469 0.0872192383
vt 0.620605469 0.0887451172
vt 0.620605469 0.0776977539
vt 0.616210938 0.0787353516
vt 0.615234375 0.0824584961
vt 0.620605469 0.0824584961
vt 0.620605469 0.0872192383
vt 0.616210938 0.0861816406
vt 0.625 0.0787353516
vt 0.620605469 0.0776977539
vt 0.625976562 0.0824584961
vt 0.620605469 0.0872192383
vt 0.625 0.0861816406
vt 0.625976562 0.0777587891
vt 0.625 0.0787353516
vt 0.625976562 0.0824584961
vt 0.627441406 0.0824584961
vt 0.620605469 0.0872192383
vt 0.616210938 0.0861816406
vt 0.614746094 0.0871582031
vt 0.620605469 0.0887451172
vt 0.615234375 0.0824584961
vt 0.616210938 0.0787353516
vt 0.614746094 0.0777587891
vt 0.613769531 0.0824584961
vt 0.614746094 0.0777587891
vt 0.616210938 0.0787353516
vt 0.620605469 0.0776977539
vt 0.620605469 0.0762329102
vt 0.625976562 0.0824584961
vt 0.625 0.0861816406
vt 0.625976562 0.0871582031
vt 0.627441406 0.0824584961
vt 0.614746094 0.0871582031
vt 0.616210938 0.0861816406
vt 0.615234375 0.0824584961
vt 0.613769531 0.0824584961
vt 0.620605469 0.0776977539
vt 0.625 0.0787353516
vt 0.625976562 0.0777587891
vt 0.620605469 0.0762329102
vt 0.625976562 0.0871582031
vt 0.625 0.0861816406
vt 0.620605469 0.0872192383
vt 0.620605469 0.0887451172
vt 0.469970703 0.447509766
vt 0.567382812 0.447998047
vt 0.567382812 0.375732422
vt 0.470703125 0.376220703
vt 0.628417969 0.0634765625
vt 0.621582031 0.0692138672
vt 0.628417969 0.0692138672
vt 0.621582031 0.0634765625
vt 0.614257812 0.0692138672
vt 0.614257812 0.0634765625
vt 0.607421875 0.0692138672
vt 0.607421875 0.0634765625
vt 0.600097656 0.0692138672
vt 0.600097656 0.0634765625
vt 0.625976562 0.0639648438
vt 0.620117188 0.0687255859
vt 0.625976562 0.0687255859
vt 0.620117188 0.0639648438
vt 0.614257812 0.0687255859
vt 0.614257812 0.0639648438
vt 0.608398438 0.0687255859
vt 0.608398438 0.0639648438
vt 0.602539062 0.0687255859
vt 0.602539062 0.0639648438
vt 0.641601562 0.136108398
vt 0.64453125 0.138916016
vt 0.64453125 0.135498047
vt 0.640625 0.138793945
vt 0.647460938 0.136352539
vt 0.641601562 0.141601562
vt 0.647949219 0.139038086
vt 0.64453125 0.142456055
vt 0.646972656 0.141845703
vt 0.568847656 0.125
vt 0.566894531 0.129638672
vt 0.570800781 0.128173828
vt 0.564941406 0.12512207
vt 0.571289062 0.132080078
vt 0.562011719 0.127319336
vt 0.568359375 0.134155273
vt 0.5625 0.131103516
vt 0.564453125 0.134277344
vt 0.12512207 0.656738281
vt 0.116638184 0.664550781
vt 0.128662109 0.665039062
vt 0.116638184 0.652832031
vt 0.12512207 0.673339844
vt 0.108154297 0.656738281
vt 0.116638184 0.677246094
vt 0.104614258 0.665039062
vt 0.108154297 0.673339844
vt 0.12512207 0.656738281
vt 0.116638184 0.664550781
vt 0.128662109 0.665039062
vt 0.116638184 0.652832031
vt 0.12512207 0.673339844
vt 0.108154297 0.656738281
vt 0.116638184 0.677246094
vt 0.104614258 0.665039062
vt 0.108154297 0.673339844
vt 0.12512207 0.656738281
vt 0.116638184 0.664550781
vt 0.128662109 0.665039062
vt 0.116638184 0.652832031
vt 0.12512207 0.673339844
vt 0.108154297 0.656738281
vt 0.116638184 0.677246094
vt 0.104614258 0.665039062
vt 0.108154297 0.673339844
vt 0.12512207 0.656738281
vt 0.116638184 0.664550781
vt 0.128662109 0.665039062
vt 0.116638184 0.652832031
vt 0.12512207 0.673339844
vt 0.108154297 0.656738281
vt 0.116638184 0.677246094
vt 0.104614258 0.665039062
vt 0.108154297 0.673339844
vt 0.671875 0.135620117
vt 0.668457031 0.134643555
vt 0.671386719 0.13671875
vt 0.675292969 0.13659668
vt 0.669433594 0.134277344
vt 0.672851562 0.132568359
vt 0.669921875 0.131591797
vt 0.668457031 0.131225586
vt 0.670410156 0.128417969
vt 0.674804688 0.135864258
vt 0.67578125 0.133544922
vt 0.676757812 0.133789062
vt 0.676757812 0.130493164
vt 0.670898438 0.129272461
vt 0.673828125 0.129516602
vt 0.674316406 0.128417969
vt 0.676269531 0.130859375
vt 0.671875 0.135620117
vt 0.668457031 0.134643555
vt 0.671386719 0.13671875
vt 0.675292969 0.13671875
vt 0.669433594 0.134277344
vt 0.672851562 0.132568359
vt 0.669921875 0.131591797
vt 0.668457031 0.131225586
vt 0.670410156 0.128417969
vt 0.674804688 0.135864258
vt 0.67578125 0.133544922
vt 0.676757812 0.133789062
vt 0.676757812 0.130493164
vt 0.670898438 0.129272461
vt 0.673828125 0.129516602
vt 0.674316406 0.128417969
vt 0.676269531 0.130859375
vt 0.671875 0.135620117
vt 0.668457031 0.134643555
vt 0.671386719 0.13671875
vt 0.675292969 0.13671875
vt 0.669433594 0.134277344
vt 0.672851562 0.132568359
vt 0.669921875 0.131591797
vt 0.668457031 0.131225586
vt 0.670410156 0.128417969
vt 0.674804688 0.135864258
vt 0.67578125 0.133544922
vt 0.676757812 0.133789062
vt 0.676757812 0.130493164
vt 0.670898438 0.129272461
vt 0.673828125 0.129516602
vt 0.674316406 0.128417969
vt 0.676269531 0.130859375
vt 0.671875 0.135620117
vt 0.668457031 0.134643555
vt 0.671386719 0.13671875
vt 0.675292969 0.13671875
vt 0.669433594 0.134277344
vt 0.672851562 0.132568359
vt 0.669921875 0.131591797
vt 0.668457031 0.131225586
vt 0.670410156 0.128417969
vt 0.674804688 0.135864258
vt 0.67578125 0.133544922
vt 0.676757812 0.133789062
vt 0.676757812 0.130493164
vt 0.670898438 0.129272461
vt 0.673828125 0.129516602
vt 0.674316406 0.128417969
vt 0.676269531 0.130859375
vt 0.647460938 0.142333984
vt 0.644042969 0.145263672
vt 0.6484375 0.143676758
vt 0.650878906 0.139282227
vt 0.644042969 0.143920898
vt 0.640625 0.141845703
vt 0.639648438 0.143066406
vt 0.637695312 0.138305664
vt 0.649414062 0.139282227
vt 0.647460938 0.135742188
vt 0.648925781 0.134643555
vt 0.64453125 0.132324219
vt 0.644042969 0.138793945
vt 0.639160156 0.138427734
vt 0.641113281 0.135253906
vt 0.640136719 0.133911133
vt 0.64453125 0.133789062
vt 0.568359375 0.135253906
vt 0.562988281 0.13659668
vt 0.568847656 0.137329102
vt 0.573242188 0.133789062
vt 0.563964844 0.135131836
vt 0.561523438 0.131225586
vt 0.559570312 0.131713867
vt 0.560058594 0.125854492
vt 0.571777344 0.13293457
vt 0.572265625 0.128417969
vt 0.57421875 0.127807617
vt 0.5703125 0.123046875
vt 0.566894531 0.129760742
vt 0.561523438 0.126708984
vt 0.565429688 0.124328613
vt 0.564941406 0.122253418
vt 0.569824219 0.124511719
vt 0.671875 0.135620117
vt 0.668457031 0.134643555
vt 0.671386719 0.13671875
vt 0.675292969 0.13659668
vt 0.669433594 0.134277344
vt 0.672851562 0.132568359
vt 0.669921875 0.131591797
vt 0.668457031 0.131225586
vt 0.670410156 0.128417969
vt 0.674804688 0.135864258
vt 0.67578125 0.133544922
vt 0.676757812 0.133789062
vt 0.676757812 0.130493164
vt 0.670898438 0.129272461
vt 0.673828125 0.129516602
vt 0.674316406 0.128417969
vt 0.676269531 0.130859375
vt 0.671875 0.135620117
vt 0.668457031 0.134643555
vt 0.671386719 0.13671875
vt 0.675292969 0.13671875
vt 0.669433594 0.134277344
vt 0.672851562 0.132568359
vt 0.669921875 0.131591797
vt 0.668457031 0.131225586
vt 0.670410156 0.128417969
vt 0.674804688 0.135864258
vt 0.67578125 0.133544922
vt 0.676757812 0.133789062
vt 0.676757812 0.130493164
vt 0.670898438 0.129272461
vt 0.673828125 0.129516602
vt 0.674316406 0.128417969
vt 0.676269531 0.130859375
vt 0.671875 0.135620117
vt 0.668457031 0.134643555
vt 0.671386719 0.13671875
vt 0.675292969 0.13671875
vt 0.669433594 0.134277344
vt 0.672851562 0.132568359
vt 0.669921875 0.131591797
vt 0.668457031 0.131225586
vt 0.670410156 0.128417969
vt 0.674804688 0.135864258
vt 0.67578125 0.133544922
vt 0.676757812 0.133789062
vt 0.676757812 0.130493164
vt 0.670898438 0.129272461
vt 0.673828125 0.129516602
vt 0.674316406 0.128417969
vt 0.676269531 0.130859375
vt 0.671875 0.135620117
vt 0.668457031 0.134643555
vt 0.671386719 0.13671875
vt 0.675292969 0.13671875
vt 0.669433594 0.134277344
vt 0.672851562 0.132568359
vt 0.669921875 0.131591797
vt 0.668457031 0.131225586
vt 0.670410156 0.128417969
vt 0.674804688 0.135864258
vt 0.67578125 0.133544922
vt 0.676757812 0.133789062
vt 0.676757812 0.130493164
vt 0.670898438 0.129272461
vt 0.673828125 0.129516602
vt 0.674316406 0.128417969
vt 0.676269531 0.130859375
vt 0.639160156 0.016494751
vt 0.659179688 0.0280456543
vt 0.659179688 0.00492858887
vt 0.639160156 0.0396118164
vt 0.679199219 0.0164794922
vt 0.659179688 0.0511474609
vt 0.679199219 0.0395812988
vt 0.670410156 0.00802612305
vt 0.659179688 0.0280456543
vt 0.682128906 0.0280303955
vt 0.647460938 0.00803375244
vt 0.670410156 0.0480651855
vt 0.635742188 0.0280456543
vt 0.647460938 0.0480651855
vt 0.6640625 0.00547027588
vt 0.659179688 0.0280456543
vt 0.681152344 0.0210418701
vt 0.642089844 0.0124664307
vt 0.676269531 0.0436401367
vt 0.637207031 0.0350341797
vt 0.654296875 0.0506286621
vt 0.647460938 0.048034668
vt 0.659179688 0.0280303955
vt 0.635742188 0.0280303955
vt 0.670410156 0.048034668
vt 0.647460938 0.00801086426
vt 0.682128906 0.0280303955
vt 0.670410156 0.00801086426
vt 0.679199219 0.0395812988
vt 0.659179688 0.0280303955
vt 0.659179688 0.0511474609
vt 0.679199219 0.0164794922
vt 0.639160156 0.0396118164
vt 0.659179688 0.00492477417
vt 0.639160156 0.0164794922
vt 0.647460938 0.0480651855
vt 0.659179688 0.0280303955
vt 0.635742188 0.0280456543
vt 0.670410156 0.048034668
vt 0.647460938 0.00801849365
vt 0.682128906 0.0280303955
vt 0.670410156 0.00801849365
vt 0.472900391 0.816894531
vt 0.453125 0.802734375
vt 0.463378906 0.824707031
vt 0.478027344 0.803710938
vt 0.452148438 0.826660156
vt 0.474121094 0.790039062
vt 0.440673828 0.823730469
vt 0.465087891 0.78125
vt 0.431884766 0.814941406
vt 0.454101562 0.778320312
vt 0.427978516 0.801269531
vt 0.442626953 0.780273438
vt 0.433105469 0.788574219
vt 0.366699219 0.322509766
vt 0.379638672 0.379150391
vt 0.367431641 0.394042969
vt 0.379150391 0.325439453
vt 0.454833984 0.379150391
vt 0.467041016 0.286376953
vt 0.467285156 0.394042969
vt 0.454589844 0.322998047
vt 0.366455078 0.466796875
vt 0.372802734 0.229248047
vt 0.366455078 0.2109375
vt 0.372802734 0.448730469
vt 0.459472656 0.229248047
vt 0.465820312 0.467041016
vt 0.465820312 0.2109375
vt 0.459472656 0.448730469
vt 0.465820312 0.451904297
vt 0.371826172 0.446289062
vt 0.366455078 0.451904297
vt 0.460449219 0.446289062
vt 0.371826172 0.231811523
vt 0.465820312 0.226074219
vt 0.366455078 0.226074219
vt 0.460449219 0.231811523
vn -3.03983688E-06 0.92578125 0.378173828
vn -3.03983688E-06 0.92578125 0.378173828
vn -3.03983688E-06 0.92578125 0.378173828
vn -3.03983688E-06 0.92578125 0.378173828
vn 3.21865082E-06 0.92578125 0.378173828
vn 3.21865082E-06 0.92578125 0.378173828
vn -1.7285347E-06 0.92578125 0.378173828
vn -1.7285347E-06 0.92578125 0.378173828
vn -1.7285347E-06 0.92578125 0.378173828
vn 1.7285347E-06 0.92578125 0.378173828
vn 1.7285347E-06 0.92578125 0.378173828
vn -0.194580078 0.0417480469 0.979980469
vn -0.194580078 0.0417480469 0.979980469
vn -0.194580078 0.0417480469 0.979980469
vn -0.194580078 0.0417480469 0.979980469
vn 0.910644531 0.411376953 -0.0313110352
vn 0.910644531 0.411376953 -0.0313110352
vn 0.910644531 0.411376953 -0.0313110352
vn 0.910644531 0.411376953 -0.0313110352
vn -0.194580078 0.715820312 -0.670410156
vn -0.194580078 0.715820312 -0.670410156
vn -0.194580078 0.715820312 -0.670410156
vn -0.194580078 0.715820312 -0.670410156
vn -0.910644531 0.411376953 -0.0313110352
vn -0.910644531 0.411376953 -0.0313110352
vn -0.910644531 0.411376953 -0.0313110352
vn -0.910644531 0.411376953 -0.0313110352
vn 0.194580078 0.0417480469 0.979980469
vn 0.194580078 0.0417480469 0.979980469
vn 0.194580078 0.0417480469 0.979980469
vn 0.194580078 0.0417480469 0.979980469
vn 0.194580078 0.715820312 -0.670410156
vn 0.194580078 0.715820312 -0.670410156
vn 0.194580078 0.715820312 -0.670410156
vn 0.194580078 0.715820312 -0.670410156
vn -0.910644531 0.271972656 0.310302734
vn -0.910644531 0.271972656 0.310302734
vn -0.910644531 0.271972656 0.310302734
vn -0.910644531 0.271972656 0.310302734
vn 0.910644531 0.271972656 0.310302734
vn 0.910644531 0.271972656 0.310302734
vn 0.910644531 0.271972656 0.310302734
vn 0.910644531 0.271972656 0.310302734
vn -3.03983688E-06 0.92578125 0.378173828
vn -3.03983688E-06 0.92578125 0.378173828
vn -3.03983688E-06 0.92578125 0.378173828
vn -3.03983688E-06 0.92578125 0.378173828
vn 3.21865082E-06 0.92578125 0.378173828
vn 3.21865082E-06 0.92578125 0.378173828
vn -1.7285347E-06 0.92578125 0.378173828
vn -1.7285347E-06 0.92578125 0.378173828
vn -1.7285347E-06 0.92578125 0.378173828
vn 1.7285347E-06 0.92578125 0.378173828
vn 1.7285347E-06 0.92578125 0.378173828
vn -0.194580078 0.0417175293 0.979980469
vn -0.194580078 0.0417175293 0.979980469
vn -0.194580078 0.0417175293 0.979980469
vn -0.194580078 0.0417175293 0.979980469
vn 0.910644531 0.411376953 -0.0313110352
vn 0.910644531 0.411376953 -0.0313110352
vn 0.910644531 0.411376953 -0.0313110352
vn 0.910644531 0.411376953 -0.0313110352
vn -0.194580078 0.715820312 -0.670410156
vn -0.194580078 0.715820312 -0.670410156
vn -0.194580078 0.715820312 -0.670410156
vn -0.194580078 0.715820312 -0.670410156
vn -0.910644531 0.411376953 -0.0313110352
vn -0.910644531 0.411376953 -0.0313110352
vn -0.910644531 0.411376953 -0.0313110352
vn -0.910644531 0.411376953 -0.0313110352
vn 0.194580078 0.0417480469 0.979980469
vn 0.194580078 0.0417480469 0.979980469
vn 0.194580078 0.0417480469 0.979980469
vn 0.194580078 0.0417480469 0.979980469
vn 0.194580078 0.715820312 -0.670410156
vn 0.194580078 0.715820312 -0.670410156
vn 0.194580078 0.715820312 -0.670410156
vn 0.194580078 0.715820312 -0.670410156
vn -0.910644531 0.271972656 0.310302734
vn -0.910644531 0.271972656 0.310302734
vn -0.910644531 0.271972656 0.310302734
vn -0.910644531 0.271972656 0.310302734
vn 0.910644531 0.271972656 0.310302734
vn 0.910644531 0.271972656 0.310302734
vn 0.910644531 0.271972656 0.310302734
vn 0.910644531 0.271972656 0.310302734
vn 7.15255737E-07 0.922851562 0.385498047
vn 5.36441803E-07 0.922851562 0.385498047
vn -1.41859055E-05 0.922851562 0.385498047
vn 6.55651093E-07 0.922851562 0.385498047
vn -1.04904175E-05 0.922851562 0.385498047
vn -8.82148743E-06 0.922851562 0.385498047
vn -9.53674316E-06 0.922851562 0.385498047
vn -1.32918358E-05 0.922851562 0.385498047
vn -1.28149986E-05 0.922851562 0.385498047
vn -7.09295273E-06 0.922851562 0.385498047
vn -7.09295273E-06 0.922851562 0.385498047
vn -1.15036964E-05 0.922851562 0.385498047
vn -6.7949295E-06 0.922851562 0.385498047
vn -1.50203705E-05 0.922851562 0.385498047
vn -1.59740448E-05 0.922851562 0.385498047
vn -1.45435333E-05 0.922851562 0.385498047
vn -1.4603138E-05 0.922851562 0.385498047
vn -1.45435333E-05 0.922851562 0.385498047
vn -2.08616257E-06 0.922851562 0.385498047
vn -5.7220459E-06 0.922851562 0.385498047
vn 1.25169754E-06 0.922851562 0.385498047
vn -4.41074371E-06 0.922851562 0.385498047
vn -2.38418579E-07 0.922851562 0.385498047
vn -7.33137131E-06 0.922851562 0.385498047
vn -7.33137131E-06 0.922851562 0.385498047
vn -1.78813934E-06 0.922851562 0.385498047
vn -7.4505806E-06 0.922851562 0.385498047
vn -1.51395798E-05 0.922851562 0.385498047
vn 5.96046448E-07 0.922851562 0.385498047
vn 5.96046448E-07 0.922851562 0.385498047
vn 6.55651093E-07 0.922851562 0.385498047
vn 5.96046448E-07 0.922851562 0.385498047
vn 1.07288361E-06 0.922851562 0.385498047
vn 1.07288361E-06 0.922851562 0.385498047
vn -1.47223473E-05 0.922851562 0.385498047
vn -1.4424324E-05 0.922851562 0.385498047
vn -1.4424324E-05 0.922851562 0.385498047
vn -1.47223473E-05 0.922851562 0.385498047
vn -1.47819519E-05 0.922851562 0.385498047
vn -1.47819519E-05 0.922851562 0.385498047
vn -1.59740448E-05 0.922851562 0.385498047
vn -6.97374344E-06 0.922851562 0.385498047
vn -6.97374344E-06 0.922851562 0.385498047
vn -1.51395798E-05 0.922851562 0.385498047
vn -0.000330686569 0.17980957 0.983886719
vn 0.0205688477 -0.135742188 0.990722656
vn 0.0178375244 0.17980957 0.983398438
vn -0.000344514847 -0.17199707 0.984863281
vn -0.0185241699 0.17980957 0.983398438
vn -0.0213623047 -0.135620117 0.990722656
vn 0.556640625 0.419677734 0.717285156
vn 0.709960938 0.0300445557 0.703613281
vn 0.70703125 0.042175293 0.706054688
vn 0.556640625 0.419677734 0.717285156
vn 0.775390625 0.574707031 0.261230469
vn 0.953125 0.269042969 0.138183594
vn 0.952636719 0.271240234 0.139160156
vn 0.775390625 0.574707031 0.261230469
vn 0.515136719 0.819824219 -0.249511719
vn 0.651367188 0.557128906 -0.515625
vn 0.656738281 0.53515625 -0.53125
vn 0.515136719 0.819824219 -0.249511719
vn 0.0218658447 0.819824219 -0.572265625
vn 0.0250549316 0.604492188 -0.795898438
vn 0.0252838135 0.574707031 -0.817871094
vn 0.0218658447 0.819824219 -0.572265625
vn 0.0250549316 0.604980469 -0.795898438
vn 0.0218505859 0.819824219 -0.572265625
vn -0.505859375 0.824707031 -0.251953125
vn -0.646972656 0.542480469 -0.536132812
vn -0.641601562 0.562011719 -0.521972656
vn -0.505859375 0.824707031 -0.251953125
vn -0.772460938 0.587890625 0.240112305
vn -0.951660156 0.28515625 0.112365723
vn -0.952148438 0.284179688 0.111999512
vn -0.772460938 0.587890625 0.240112305
vn -0.538085938 0.413818359 0.734375
vn -0.683105469 0.0375366211 0.729003906
vn -0.6875 0.0188293457 0.726074219
vn -0.538085938 0.413818359 0.734375
vn -0.000344514847 -0.17199707 0.984863281
vn -0.000361442566 -0.385498047 0.922851562
vn 0.0212860107 -0.385498047 0.922363281
vn 0.0205688477 -0.135742188 0.990722656
vn -0.0213623047 -0.135620117 0.990722656
vn -0.0220947266 -0.385498047 0.922363281
vn -0.000361442566 -0.385498047 0.922851562
vn -0.000344514847 -0.17199707 0.984863281
vn -0.683105469 0.0375366211 0.729003906
vn -0.720214844 -0.267578125 0.640136719
vn -0.720214844 -0.267578125 0.640136719
vn -0.6875 0.0188293457 0.726074219
vn -0.951660156 0.28515625 0.112365723
vn -1 0.00250434875 -0.00603485107
vn -1 0.00250434875 -0.00603485107
vn -0.952148438 0.284179688 0.111999512
vn -0.646972656 0.542480469 -0.536132812
vn -0.676757812 0.283691406 -0.679199219
vn -0.676757812 0.283691406 -0.679199219
vn -0.641601562 0.562011719 -0.521972656
vn 0.0252838135 0.574707031 -0.817871094
vn 0.025894165 0.385253906 -0.922363281
vn 0.025894165 0.385253906 -0.922363281
vn 0.0250549316 0.604980469 -0.795898438
vn 0.0250549316 0.604492188 -0.795898438
vn 0.025894165 0.385253906 -0.922363281
vn 0.025894165 0.385253906 -0.922363281
vn 0.0252838135 0.574707031 -0.817871094
vn 0.651367188 0.557128906 -0.515625
vn 0.686035156 0.280517578 -0.671386719
vn 0.686035156 0.280517578 -0.671386719
vn 0.656738281 0.53515625 -0.53125
vn 0.953125 0.269042969 0.138183594
vn 0.999511719 -0.00964355469 0.0230865479
vn 0.999511719 -0.00964355469 0.0230865479
vn 0.952636719 0.271240234 0.139160156
vn 0.709960938 0.0300445557 0.703613281
vn 0.744140625 -0.257568359 0.616699219
vn 0.744140625 -0.257568359 0.616699219
vn 0.70703125 0.042175293 0.706054688
vn -7.33137131E-06 0.922851562 0.385498047
vn -6.85453415E-06 0.922851562 0.385498047
vn -6.85453415E-06 0.922851562 0.385498047
vn -7.33137131E-06 0.922851562 0.385498047
vn -6.85453415E-06 0.922851562 0.385498047
vn -1.50203705E-05 0.922851562 0.385498047
vn -1.41859055E-05 0.922851562 0.385498047
vn -6.85453415E-06 0.922851562 0.385498047
vn -6.97374344E-06 0.922851562 0.385498047
vn -7.09295273E-06 0.922851562 0.385498047
vn -7.09295273E-06 0.922851562 0.385498047
vn -6.97374344E-06 0.922851562 0.385498047
vn 0.829589844 0.213134766 -0.516113281
vn 0.829589844 0.213134766 -0.516113281
vn 0.191772461 0.380859375 -0.904296875
vn 0.191772461 0.380859375 -0.904296875
vn -0.55859375 0.325439453 -0.763183594
vn -0.55859375 0.325439453 -0.763183594
vn -0.981445312 0.0795288086 -0.174560547
vn -0.981445312 0.0795288086 -0.174560547
vn -0.829589844 -0.213134766 0.516113281
vn -0.829589844 -0.213134766 0.516113281
vn -0.191772461 -0.380859375 0.904296875
vn -0.191772461 -0.380859375 0.904296875
vn 0.55859375 -0.325439453 0.763183594
vn 0.55859375 -0.325439453 0.763183594
vn 0.981445312 -0.0795288086 0.174560547
vn 0.981445312 -0.0795288086 0.174560547
vn 0.829589844 0.213134766 -0.516113281
vn 0.829589844 0.213134766 -0.516113281
vn 0.829589844 0.213134766 -0.516113281
vn 0.829589844 0.213134766 -0.516113281
vn 0.191772461 0.380859375 -0.904296875
vn 0.191772461 0.380859375 -0.904296875
vn -0.55859375 0.325439453 -0.763183594
vn -0.55859375 0.325439453 -0.763183594
vn -0.981445312 0.0794677734 -0.174560547
vn -0.981445312 0.0794677734 -0.174560547
vn -0.829589844 -0.213134766 0.516113281
vn -0.829589844 -0.213134766 0.516113281
vn -0.191772461 -0.380859375 0.904296875
vn -0.191772461 -0.380859375 0.904296875
vn 0.55859375 -0.325439453 0.763183594
vn 0.55859375 -0.325439453 0.763183594
vn 0.981445312 -0.0795288086 0.174560547
vn 0.981445312 -0.0795288086 0.174560547
vn 0.829589844 0.213134766 -0.516113281
vn 0.829589844 0.213134766 -0.516113281
vn 0.829589844 0.213134766 -0.516113281
vn 0.829589844 0.213134766 -0.516113281
vn 0.191772461 0.380859375 -0.904296875
vn 0.191772461 0.380859375 -0.904296875
vn -0.55859375 0.325439453 -0.763183594
vn -0.55859375 0.325439453 -0.763183594
vn -0.981445312 0.0795288086 -0.174560547
vn -0.981445312 0.0795288086 -0.174560547
vn -0.829589844 -0.213134766 0.516113281
vn -0.829589844 -0.213134766 0.516113281
vn -0.191772461 -0.380859375 0.904296875
vn -0.191772461 -0.380859375 0.904296875
vn 0.55859375 -0.325439453 0.763183594
vn 0.55859375 -0.325439453 0.763183594
vn 0.981445312 -0.0795288086 0.174560547
vn 0.981445312 -0.0794677734 0.174560547
vn 0.829589844 0.213134766 -0.516113281
vn 0.829589844 0.213134766 -0.516113281
vn 0.829589844 0.213134766 -0.516113281
vn 0.829589844 0.213134766 -0.516113281
vn 0.191772461 0.380859375 -0.904296875
vn 0.191772461 0.380859375 -0.904296875
vn -0.55859375 0.325439453 -0.763183594
vn -0.55859375 0.325439453 -0.763183594
vn -0.981445312 0.0795288086 -0.174560547
vn -0.981445312 0.0794677734 -0.174560547
vn -0.829589844 -0.213134766 0.516113281
vn -0.829589844 -0.213134766 0.516113281
vn -0.191772461 -0.380859375 0.904296875
vn -0.191772461 -0.380859375 0.904296875
vn 0.55859375 -0.325439453 0.763183594
vn 0.55859375 -0.325439453 0.763183594
vn 0.981445312 -0.0795288086 0.174560547
vn 0.981445312 -0.0795288086 0.174560547
vn 0.829589844 0.213134766 -0.516113281
vn 0.829589844 0.213134766 -0.516113281
vn -0.0168762207 0.920410156 0.390625
vn -0.325927734 0.871582031 0.365966797
vn -0.294921875 0.811035156 0.505371094
vn -0.00907897949 0.919433594 0.392822266
vn -0.184692383 0.767578125 0.61328125
vn -0.00901794434 0.917480469 0.397949219
vn -0.00946044922 0.737304688 0.67578125
vn -0.00517654419 0.926269531 0.376708984
vn 0.168212891 0.768066406 0.617675781
vn -0.00191783905 0.916992188 0.3984375
vn 0.280761719 0.811035156 0.513671875
vn -0.00186920166 0.919433594 0.393066406
vn 0.315673828 0.871582031 0.374755859
vn 0.0059928894 0.920410156 0.390869141
vn -0.00972747803 0.921386719 0.388427734
vn -0.325927734 0.871582031 0.365966797
vn -0.0168762207 0.920410156 0.390625
vn -0.289306641 0.930664062 0.223999023
vn -0.00881958008 0.923339844 0.383544922
vn -0.178100586 0.9765625 0.121948242
vn -0.00556945801 0.914550781 0.405029297
vn -0.000896453857 0.998046875 0.060760498
vn -0.0017080307 0.923828125 0.383300781
vn 0.175292969 0.976074219 0.127685547
vn -0.00109577179 0.921386719 0.388671875
vn 0.282958984 0.930664062 0.231811523
vn 0.0059928894 0.920410156 0.390869141
vn 0.315673828 0.871582031 0.374755859
vn -0 0 1
vn -0 0 1
vn -0 0 1
vn -0 0 1
vn -2.54511833E-05 0.922851562 0.385498047
vn -3.29017639E-05 0.922851562 0.385498047
vn -3.32593918E-05 0.922851562 0.385498047
vn -2.57492065E-05 0.922851562 0.385498047
vn 0.000151276588 -3.93390656E-06 -1
vn 0.000151276588 3.93390656E-06 -1
vn 0.000151395798 2.86102295E-06 -1
vn 0.000151395798 -2.86102295E-06 -1
vn 4.58955765E-06 0 1
vn 4.64916229E-06 0 1
vn 4.17232513E-06 0 1
vn 4.35113907E-06 0 1
vn 0.709960938 0.00200653076 -0.704589844
vn 0.708007812 0.00186061859 -0.706054688
vn 0.708007812 -0.00109577179 -0.706054688
vn 0.709472656 -0.00102424622 -0.704589844
vn -0.273681641 0.922851562 0.271728516
vn -0.329833984 0.93359375 0.140014648
vn -0.327392578 0.93359375 0.146362305
vn -0.273681641 0.922851562 0.271728516
vn -0.698242188 9.53674316E-07 0.715820312
vn -0.698242188 7.74860382E-07 0.715820312
vn -0.698242188 -7.15255737E-07 0.715820312
vn -0.698242188 -7.74860382E-07 0.715820312
vn 1 0 0
vn 1 0 0
vn 1 0 0
vn 1 0 0
vn -1 0 0
vn -1 1.1920929E-07 0
vn -1 0 0
vn -1 -1.1920929E-07 0
vn -1 0 0
vn -1 -2.38418579E-07 0
vn -1 -1.1920929E-07 0
vn -1 0 0
vn 0.000148892403 0 -1
vn 0.000149250031 -7.62939453E-06 -1
vn 0.00014936924 -1.37686729E-05 -1
vn 0.000148892403 0 -1
vn 0.708984375 -0.00522232056 -0.705078125
vn 0.708984375 0 -0.705078125
vn 0.708984375 0 -0.705078125
vn 0.711914062 -0.0041809082 -0.702148438
vn 1 -1.1920929E-07 0
vn 1 0 0
vn 1 0 0
vn 1 -1.1920929E-07 0
vn 3.4570694E-06 0 1
vn 4.23192978E-06 0 1
vn 4.23192978E-06 0 1
vn 3.63588333E-06 0 1
vn -1 0 0
vn -1 0 0
vn -1 0 0
vn -1 0 0
vn -0.698242188 0 0.715820312
vn -0.698242188 0 0.715820312
vn -0.698242188 2.8014183E-06 0.715820312
vn -0.698242188 1.37090683E-06 0.715820312
vn -0 0 1
vn -0 0 1
vn -0 0 1
vn -0 0 1
vn -0 0 1
vn -0 0 1
vn -0 0 1
vn -0 0 1
vn -0 0 1
vn -0 0 1
vn -0 0 1
vn -0 0 1
vn -0 0 1
vn -0 0 1
vn -0 0 1
vn -0 0 1
vn -0 0 1
vn -0 0 1
vn -0 0 1
vn -0 0 1
vn 0.000149250031 -7.62939453E-06 -1
vn 0.000151276588 -3.93390656E-06 -1
vn 0.000151395798 -2.86102295E-06 -1
vn 0.00014936924 -1.37686729E-05 -1
vn 0.000270843506 -1.3589859E-05 -1
vn 0.000279903412 -6.97374344E-06 -1
vn 0.000279903412 6.97374344E-06 -1
vn 0.000244379044 4.68492508E-05 -1
vn 0.000151395798 2.86102295E-06 -1
vn 0.000151276588 3.93390656E-06 -1
vn 0.000150084496 2.59876251E-05 -1
vn 0.000150203705 3.77297401E-05 -1
vn 0.000150084496 2.59876251E-05 -1
vn 0.000151276588 3.93390656E-06 -1
vn 0.000151276588 -3.93390656E-06 -1
vn 0.000149250031 -7.62939453E-06 -1
vn 2.62260437E-06 0 1
vn 4.58955765E-06 0 1
vn 4.35113907E-06 0 1
vn 2.20537186E-06 0 1
vn 2.20537186E-06 0 1
vn 4.35113907E-06 0 1
vn 4.17232513E-06 0 1
vn 3.63588333E-06 0 1
vn 3.63588333E-06 0 1
vn 4.17232513E-06 0 1
vn 4.64916229E-06 0 1
vn 3.4570694E-06 0 1
vn 3.4570694E-06 0 1
vn 4.64916229E-06 0 1
vn 4.58955765E-06 0 1
vn 2.62260437E-06 0 1
vn 0.717285156 0.000856399536 -0.696777344
vn 0.709960938 0.00200653076 -0.704589844
vn 0.709472656 -0.00102424622 -0.704589844
vn 0.711914062 -0.0041809082 -0.702148438
vn 0.711914062 -0.0041809082 -0.702148438
vn 0.709472656 -0.00102424622 -0.704589844
vn 0.708007812 -0.00109577179 -0.706054688
vn 0.708984375 -0.00522232056 -0.705078125
vn 0.708984375 -0.00522232056 -0.705078125
vn 0.708007812 -0.00109577179 -0.706054688
vn 0.708007812 0.00186061859 -0.706054688
vn 0.708984375 1.07288361E-06 -0.705078125
vn 0.708984375 1.07288361E-06 -0.705078125
vn 0.708007812 0.00186061859 -0.706054688
vn 0.709960938 0.00200653076 -0.704589844
vn 0.717285156 0.000856399536 -0.696777344
vn -0.698242188 1.37090683E-06 0.715820312
vn -0.698242188 9.53674316E-07 0.715820312
vn -0.698242188 -7.74860382E-07 0.715820312
vn -0.698242188 -2.56299973E-06 0.715820312
vn -0.698242188 -7.74860382E-07 0.715820312
vn -0.698242188 -7.15255737E-07 0.715820312
vn -0.698242188 -5.66244125E-06 0.715820312
vn -0.698242188 -2.56299973E-06 0.715820312
vn -0.698242188 9.53674316E-07 0.715820312
vn -0.698242188 1.37090683E-06 0.715820312
vn -0.698242188 2.8014183E-06 0.715820312
vn -0.698242188 7.74860382E-07 0.715820312
vn 1 1.78813934E-07 0
vn 1 0 0
vn 1 0 0
vn 1 -1.1920929E-07 0
vn 1 -1.1920929E-07 0
vn 1 0 0
vn 1 0 0
vn 1 -1.1920929E-07 0
vn 1 -1.1920929E-07 0
vn 1 0 0
vn 1 0 0
vn 1 1.78813934E-07 0
vn 1 1.78813934E-07 0
vn 1 0 0
vn 1 0 0
vn 1 1.78813934E-07 0
vn -1 5.96046448E-07 0
vn -1 1.78813934E-07 0
vn -1 0 0
vn -1 0 0
vn -1 0 0
vn -1 0 0
vn -1 0 0
vn -1 0 0
vn -1 -2.38418579E-07 0
vn -1 0 0
vn -1 -1.1920929E-07 0
vn -1 -1.1920929E-07 0
vn -1 -1.1920929E-07 0
vn -1 -1.1920929E-07 0
vn -1 0 0
vn -1 3.57627869E-07 0
vn -1 3.57627869E-07 0
vn -1 0 0
vn -1 1.1920929E-07 0
vn -1 4.76837158E-07 0
vn -1 4.76837158E-07 0
vn -1 1.1920929E-07 0
vn -1 0 0
vn -1 -2.38418579E-07 0
vn 3.51071358E-05 0.922851562 0.385498047
vn 2.58684158E-05 0.922851562 0.385498047
vn 2.98023224E-07 0.922851562 0.385742188
vn 2.98023224E-07 0.922851562 0.385742188
vn -0.0785522461 0.9296875 0.359619141
vn 1.63316727E-05 0.922363281 0.385742188
vn -6.65187836E-05 0.922851562 0.385498047
vn -0.0855712891 0.9296875 0.357666016
vn -0.272460938 0.919433594 0.283203125
vn -0.286132812 0.912597656 0.292480469
vn -5.83529472E-05 0.922851562 0.385498047
vn -2.43186951E-05 0.922851562 0.385498047
vn -3.83257866E-05 0.922851562 0.385498047
vn -5.83529472E-05 0.922851562 0.385498047
vn -3.83257866E-05 0.922851562 0.385498047
vn -2.43186951E-05 0.922851562 0.385498047
vn 2.58684158E-05 0.922851562 0.385498047
vn 3.51071358E-05 0.922851562 0.385498047
vn -0 0.385498047 -0.922851562
vn -0 0.385498047 -0.922851562
vn -0 0.385498047 -0.922851562
vn -0 0.385498047 -0.922851562
vn -1 -4.03523445E-05 -1.82390213E-05
vn -1 -4.03523445E-05 -1.82390213E-05
vn -1 -4.03523445E-05 -1.82390213E-05
vn -1 -4.03523445E-05 -1.82390213E-05
vn -0.000135064125 -0.385498047 0.922851562
vn -0.000135064125 -0.385498047 0.922851562
vn -0.000135064125 -0.385498047 0.922851562
vn -0.000135064125 -0.385498047 0.922851562
vn 1 3.71932983E-05 1.5437603E-05
vn 1 3.71932983E-05 1.5437603E-05
vn 1 3.71932983E-05 1.5437603E-05
vn 1 3.71932983E-05 1.5437603E-05
vn -0.0785522461 0.9296875 0.359619141
vn -0.272460938 0.919433594 0.283203125
vn -0.361572266 0.920898438 0.14465332
vn -0.361328125 0.920898438 0.144775391
vn -0.357177734 0.916992188 0.177612305
vn -0.357177734 0.916992188 0.177856445
vn -0.286132812 0.912597656 0.292480469
vn -0.0855712891 0.9296875 0.357666016
vn -0.361328125 0.920898438 0.144775391
vn -0.361572266 0.920898438 0.14465332
vn -0.396484375 0.91796875 0.0014295578
vn -0.396484375 0.91796875 0.0014295578
vn -0.396484375 0.91796875 0.0014295578
vn -0.396484375 0.91796875 0.0014295578
vn -0.399658203 0.916503906 -0.00114154816
vn -0.399658203 0.916503906 -0.00114154816
vn -0.399658203 0.916503906 -0.00114154816
vn -0.399658203 0.916503906 -0.00114154816
vn -0.357177734 0.916992188 0.177856445
vn -0.357177734 0.916992188 0.177612305
vn 0.84765625 0.0953369141 0.521484375
vn 0.84765625 0.0953369141 0.521484375
vn 0.84765625 0.0953369141 0.521484375
vn 0.84765625 0.0953369141 0.521484375
vn 0.653320312 0.361083984 -0.665527344
vn 0.653320312 0.361083984 -0.665527344
vn 0.653320312 0.361083984 -0.665527344
vn 0.653320312 0.361083984 -0.665527344
vn -0.661621094 -0.358154297 0.659179688
vn -0.661621094 -0.358154297 0.659179688
vn -0.661621094 -0.358154297 0.659179688
vn -0.661621094 -0.358154297 0.659179688
vn 0.93359375 0.357910156 -0.00273323059
vn 0.93359375 0.357910156 -0.00273323059
vn 0.93359375 0.357910156 -0.00272750854
vn 0.93359375 0.357910156 -0.00273323059
vn 0.93359375 0.357910156 -0.00273323059
vn -4.99486923E-05 0.000108838081 -1
vn -4.99486923E-05 0.000108838081 -1
vn -4.99486923E-05 0.000108838081 -1
vn -4.99486923E-05 0.000108838081 -1
vn -0.93359375 -0.357910156 0.00151252747
vn -0.93359375 -0.357910156 0.00151824951
vn -0.93359375 -0.357910156 0.00151824951
vn -0.93359375 -0.357910156 0.00151824951
vn -0.93359375 -0.357910156 0.00151824951
vn -1 0 0
vn -1 1.78813934E-07 0
vn -1 1.78813934E-07 0
vn -1 0 0
vn -1 1.78813934E-07 0
vn -1 5.96046448E-07 0
vn -1 1.25169754E-06 0
vn -1 1.78813934E-07 0
vn -0 0 1
vn -0 0 1
vn -0 0 1
vn -0 0 1
vn -0 0 1
vn -0 0 1
vn -0 0 1
vn -0 0 1
vn -0 0 1
vn -0 0 1
vn -0 0 1
vn -0 0 1
vn -0 0 1
vn -0 0 1
vn -0 0 1
vn -0 0 1
vn 7.15255737E-07 0.922851562 0.385498047
vn 1.63316727E-05 0.922363281 0.385742188
vn -0.0785522461 0.9296875 0.359619141
vn 7.15255737E-07 0.922851562 0.385498047
vn -0 0.385498047 -0.922851562
vn -0 0.385498047 -0.922851562
vn -0 0.385498047 -0.922851562
vn -0 0.385498047 -0.922851562
vn -6.61611557E-05 0.922363281 0.385742188
vn -6.61611557E-05 0.922363281 0.385742188
vn -6.61611557E-05 0.922363281 0.385742188
vn -6.61611557E-05 0.922363281 0.385742188
vn -0.000305891037 -0.385498047 0.922851562
vn -0.000305891037 -0.385498047 0.922851562
vn -0.000305891037 -0.385498047 0.922851562
vn -0.000305891037 -0.385498047 0.922851562
vn -0.0855712891 0.9296875 0.357666016
vn -6.65187836E-05 0.922851562 0.385498047
vn -0.000120103359 0.922851562 0.385498047
vn -0.000120103359 0.922851562 0.385498047
vn 0.000282526016 -2.43186951E-05 -1
vn 0.000270843506 -1.3589859E-05 -1
vn 0.00028181076 0 -1
vn 0.00028181076 0 -1
vn 0.000285863876 -5.06639481E-06 -1
vn 0.000279903412 -6.97374344E-06 -1
vn 0.000270843506 -1.3589859E-05 -1
vn 0.000282526016 -2.43186951E-05 -1
vn 0.000285863876 5.06639481E-06 -1
vn 0.000279903412 6.97374344E-06 -1
vn 0.000279903412 -6.97374344E-06 -1
vn 0.000285863876 -5.06639481E-06 -1
vn 0.000244379044 4.68492508E-05 -1
vn 0.000279903412 6.97374344E-06 -1
vn 0.000285863876 5.06639481E-06 -1
vn 0.000283956528 6.67572021E-05 -1
vn -0 0 1
vn -0 0 1
vn -0 0 1
vn -0 0 1
vn -0 0 1
vn -0 0 1
vn -0 0 1
vn -0 0 1
vn -0 0 1
vn -0 0 1
vn -0 0 1
vn -0 0 1
vn -0 0 1
vn -0 0 1
vn -0 0 1
vn -0 0 1
vn -0 0.922851562 0.385498047
vn -0 0.922851562 0.385498047
vn -0 0.922851562 0.385498047
vn -0 0.922851562 0.385498047
vn -0 0.385498047 -0.922851562
vn -0 0.385498047 -0.922851562
vn -0 0.385498047 -0.922851562
vn -0 0.385498047 -0.922851562
vn -6.76512718E-05 -0.385498047 0.922851562
vn -6.76512718E-05 -0.385498047 0.922851562
vn -6.76512718E-05 -0.385498047 0.922851562
vn -6.76512718E-05 -0.385498047 0.922851562
vn -2.99215317E-05 0.922851562 0.385498047
vn -2.99215317E-05 0.922851562 0.385498047
vn -2.99215317E-05 0.922851562 0.385498047
vn -2.99215317E-05 0.922851562 0.385498047
vn 7.76052475E-05 -2.0980835E-05 -1
vn 7.76052475E-05 -2.0980835E-05 -1
vn 7.78436661E-05 0 -1
vn 7.78436661E-05 0 -1
vn 7.65919685E-05 -4.23192978E-06 -1
vn 7.65919685E-05 -4.23192978E-06 -1
vn 7.76052475E-05 -2.0980835E-05 -1
vn 7.76052475E-05 -2.0980835E-05 -1
vn 7.65919685E-05 4.23192978E-06 -1
vn 7.65919685E-05 4.23192978E-06 -1
vn 7.65919685E-05 -4.23192978E-06 -1
vn 7.65919685E-05 -4.23192978E-06 -1
vn 7.65919685E-05 4.23192978E-06 -1
vn 7.65919685E-05 4.23192978E-06 -1
vn 7.7188015E-05 5.69224358E-05 -1
vn 7.7188015E-05 5.69224358E-05 -1
vn -0 0 1
vn -0 0 1
vn -0 0 1
vn -0 0 1
vn -0 0 1
vn -0 0 1
vn -0 0 1
vn -0 0 1
vn -0 0 1
vn -0 0 1
vn -0 0 1
vn -0 0 1
vn -0 0 1
vn -0 0 1
vn -0 0 1
vn -0 0 1
vn -0 0.922851562 0.385498047
vn -0 0.922851562 0.385498047
vn -0 0.922851562 0.385498047
vn -0 0.922851562 0.385498047
vn -0 0.385498047 -0.922851562
vn -0 0.385498047 -0.922851562
vn -0 0.385498047 -0.922851562
vn -0 0.385498047 -0.922851562
vn -6.76512718E-05 -0.385498047 0.922851562
vn -6.76512718E-05 -0.385498047 0.922851562
vn -6.76512718E-05 -0.385498047 0.922851562
vn -6.76512718E-05 -0.385498047 0.922851562
vn -2.98023224E-05 0.922851562 0.385498047
vn -2.98023224E-05 0.922851562 0.385498047
vn -2.98023224E-05 0.922851562 0.385498047
vn -2.98023224E-05 0.922851562 0.385498047
vn 7.75456429E-05 -7.09295273E-06 -1
vn 7.75456429E-05 -7.09295273E-06 -1
vn 7.77840614E-05 0 -1
vn 7.77840614E-05 0 -1
vn 7.64727592E-05 -1.43051147E-06 -1
vn 7.64727592E-05 -1.43051147E-06 -1
vn 7.75456429E-05 -7.09295273E-06 -1
vn 7.75456429E-05 -7.09295273E-06 -1
vn 7.64727592E-05 1.43051147E-06 -1
vn 7.64727592E-05 1.43051147E-06 -1
vn 7.64727592E-05 -1.43051147E-06 -1
vn 7.64727592E-05 -1.43051147E-06 -1
vn 7.64727592E-05 1.43051147E-06 -1
vn 7.64727592E-05 1.43051147E-06 -1
vn 7.70688057E-05 1.93715096E-05 -1
vn 7.70688057E-05 1.93715096E-05 -1
vn 1 7.66515732E-05 3.4570694E-05
vn 1 7.66515732E-05 3.4570694E-05
vn 1 7.66515732E-05 3.4570694E-05
vn 1 7.66515732E-05 3.4570694E-05
vn 1.78813934E-07 0.385742188 -0.922851562
vn 1.78813934E-07 0.385742188 -0.922851562
vn 1.78813934E-07 0.385742188 -0.922851562
vn 1.78813934E-07 0.385742188 -0.922851562
vn -1 -7.62343407E-05 -3.14116478E-05
vn -1 -7.62343407E-05 -3.14116478E-05
vn -1 -7.62343407E-05 -3.14116478E-05
vn -1 -7.62343407E-05 -3.14116478E-05
vn -0.000306129456 -0.385742188 0.922851562
vn -0.000306129456 -0.385742188 0.922851562
vn -0.000306129456 -0.385742188 0.922851562
vn -0.000306129456 -0.385742188 0.922851562
vn -0.376708984 0.926269531 -0.000282049179
vn -0.327392578 0.93359375 0.146362305
vn -0.329833984 0.93359375 0.140014648
vn -0.376708984 0.926269531 -0.000282049179
vn -0 0 1
vn -0 0 1
vn -0 0 1
vn -0 0 1
vn -0 -0.878417969 0.478027344
vn -0 -0.878417969 0.478027344
vn -0 -0.878417969 0.478027344
vn -0 -0.878417969 0.478027344
vn -0.700195312 0 0.713867188
vn -0.700195312 0 0.713867188
vn -0.700195312 0 0.713867188
vn -0.700195312 0 0.713867188
vn -0 0.878417969 0.478027344
vn -0 0.878417969 0.478027344
vn -0 0.878417969 0.478027344
vn -0 0.878417969 0.478027344
vn 0.700195312 0 0.714355469
vn 0.700195312 0 0.714355469
vn 0.700195312 0 0.714355469
vn 0.700195312 0 0.714355469
vn 0.638671875 0.412109375 -0.649902344
vn 0.638671875 0.412109375 -0.649902344
vn 0.638671875 0.412109375 -0.649902344
vn 0.638671875 0.412109375 -0.649902344
vn -0.713378906 0.000132918358 -0.700683594
vn -0.713378906 0.000132918358 -0.700683594
vn -0.713378906 0.000132918358 -0.700683594
vn -0.713378906 0.000132918358 -0.700683594
vn -0.638671875 -0.411865234 0.650390625
vn -0.638671875 -0.411865234 0.650390625
vn -0.638671875 -0.411865234 0.650390625
vn -0.638671875 -0.411865234 0.650390625
vn 0.713378906 6.64591789E-05 0.700683594
vn 0.713378906 6.64591789E-05 0.700683594
vn 0.713378906 6.64591789E-05 0.700683594
vn 0.713378906 6.64591789E-05 0.700683594
vn -0.288574219 0.911132812 0.293945312
vn -0.288574219 0.911132812 0.293945312
vn -0.288574219 0.911132812 0.293945312
vn -0.288574219 0.911132812 0.293945312
vn 0.638671875 0.411865234 -0.649902344
vn 0.638671875 0.411865234 -0.649902344
vn 0.638671875 0.411865234 -0.649902344
vn 0.638671875 0.411865234 -0.649902344
vn -0.713378906 0.000132918358 -0.700683594
vn -0.713378906 0.000132918358 -0.700683594
vn -0.713378906 0.000132918358 -0.700683594
vn -0.713378906 0.000132918358 -0.700683594
vn -0.638671875 -0.411865234 0.650390625
vn -0.638671875 -0.411865234 0.650390625
vn -0.638671875 -0.411865234 0.650390625
vn -0.638671875 -0.411865234 0.650390625
vn 0.713378906 6.64591789E-05 0.700683594
vn 0.713378906 6.64591789E-05 0.700683594
vn 0.713378906 6.64591789E-05 0.700683594
vn 0.713378906 6.64591789E-05 0.700683594
vn -0.288574219 0.911132812 0.293945312
vn -0.288574219 0.911132812 0.293945312
vn -0.288574219 0.911132812 0.293945312
vn -0.288574219 0.911132812 0.293945312
vn 0.638183594 0.412109375 -0.649902344
vn 0.638183594 0.412109375 -0.649902344
vn 0.638183594 0.412109375 -0.649902344
vn 0.638183594 0.412109375 -0.649902344
vn -0.713378906 6.64591789E-05 -0.700683594
vn -0.713378906 6.64591789E-05 -0.700683594
vn -0.713378906 6.64591789E-05 -0.700683594
vn -0.713378906 6.64591789E-05 -0.700683594
vn -0.638671875 -0.411865234 0.649902344
vn -0.638671875 -0.411865234 0.649902344
vn -0.638671875 -0.411865234 0.649902344
vn -0.638671875 -0.411865234 0.649902344
vn 0.713378906 0.000265836716 0.700683594
vn 0.713378906 0.000265836716 0.700683594
vn 0.713378906 0.000265836716 0.700683594
vn 0.713378906 0.000265836716 0.700683594
vn -0.288574219 0.911132812 0.293945312
vn -0.288574219 0.911132812 0.293945312
vn -0.288574219 0.911132812 0.293945312
vn -0.288574219 0.911132812 0.293945312
vn 0.640136719 0.407226562 -0.651367188
vn 0.640136719 0.407226562 -0.651367188
vn 0.640136719 0.407226562 -0.651367188
vn 0.640136719 0.407226562 -0.651367188
vn -0.713378906 -6.64591789E-05 -0.700683594
vn -0.713378906 -6.64591789E-05 -0.700683594
vn -0.713378906 -6.64591789E-05 -0.700683594
vn -0.713378906 -6.64591789E-05 -0.700683594
vn -0.640136719 -0.407470703 0.651367188
vn -0.640136719 -0.407470703 0.651367188
vn -0.640136719 -0.407470703 0.651367188
vn -0.640136719 -0.407470703 0.651367188
vn 0.713378906 -0.000199317932 0.700683594
vn 0.713378906 -0.000199317932 0.700683594
vn 0.713378906 -0.000199317932 0.700683594
vn 0.713378906 -0.000199317932 0.700683594
vn -0.285400391 0.913085938 0.290771484
vn -0.285400391 0.913085938 0.290771484
vn -0.285400391 0.913085938 0.290771484
vn -0.285400391 0.913085938 0.290771484
vn 0.640136719 0.407226562 -0.651855469
vn 0.640136719 0.407226562 -0.651855469
vn 0.640136719 0.407226562 -0.651855469
vn 0.640136719 0.407226562 -0.651855469
vn -0.713378906 0.000199317932 -0.700683594
vn -0.713378906 0.000199317932 -0.700683594
vn -0.713378906 0.000199317932 -0.700683594
vn -0.713378906 0.000199317932 -0.700683594
vn -0.640136719 -0.407226562 0.651855469
vn -0.640136719 -0.407226562 0.651855469
vn -0.640136719 -0.407226562 0.651855469
vn -0.640136719 -0.407226562 0.651855469
vn 0.713378906 -0.000265836716 0.700683594
vn 0.713378906 -0.000265836716 0.700683594
vn 0.713378906 -0.000265836716 0.700683594
vn 0.713378906 -0.000265836716 0.700683594
vn -0.285400391 0.913085938 0.290771484
vn -0.285400391 0.913085938 0.290771484
vn -0.285400391 0.913085938 0.290771484
vn -0.285400391 0.913085938 0.290771484
vn 0.640136719 0.407226562 -0.651367188
vn 0.640136719 0.407226562 -0.651367188
vn 0.640136719 0.407226562 -0.651367188
vn 0.640136719 0.407226562 -0.651367188
vn -0.713378906 0.000199317932 -0.700683594
vn -0.713378906 0.000199317932 -0.700683594
vn -0.713378906 0.000199317932 -0.700683594
vn -0.713378906 0.000199317932 -0.700683594
vn -0.640136719 -0.407226562 0.651855469
vn -0.640136719 -0.407226562 0.651855469
vn -0.640136719 -0.407226562 0.651855469
vn -0.640136719 -0.407226562 0.651855469
vn 0.713378906 -0.000265836716 0.700683594
vn 0.713378906 -0.000265836716 0.700683594
vn 0.713378906 -0.000265836716 0.700683594
vn 0.713378906 -0.000265836716 0.700683594
vn -0.285400391 0.913085938 0.290771484
vn -0.285400391 0.913085938 0.290771484
vn -0.285400391 0.913085938 0.290771484
vn -0.285400391 0.913085938 0.290771484
vn -0 0 1
vn -0 0 1
vn -0 0 1
vn -0 0 1
vn -0 0.983398438 -0.182495117
vn -0 0.983398438 -0.182495117
vn -0 0.983398438 -0.182495117
vn -0 0.983398438 -0.182495117
vn -0 0 -1
vn -0 0 -1
vn -0 0 -1
vn -0 0 -1
vn -0 -0.999023438 -0.038848877
vn -0 -0.999023438 -0.038848877
vn -0 -0.999023438 -0.038848877
vn -0 -0.999023438 -0.038848877
vn 0.996582031 0 -0.0799560547
vn 0.996582031 0 -0.0799560547
vn 0.996582031 0 -0.0799560547
vn 0.996582031 0 -0.0799560547
vn -0.996582031 0 -0.0799560547
vn -0.996582031 0 -0.0799560547
vn -0.996582031 0 -0.0799560547
vn -0.996582031 0 -0.0799560547
vn -0 -0.789550781 0.613769531
vn -0 -0.789550781 0.613769531
vn -0 -0.789550781 0.613769531
vn -0 -0.789550781 0.613769531
vn 0.789550781 0 0.613769531
vn 0.789550781 0 0.613769531
vn 0.789550781 0 0.613769531
vn 0.789550781 0 0.613769531
vn -0 0.789550781 0.613769531
vn -0 0.789550781 0.613769531
vn -0 0.789550781 0.613769531
vn -0 0.789550781 0.613769531
vn -0.789550781 0 0.613769531
vn -0.789550781 0 0.613769531
vn -0.789550781 0 0.613769531
vn -0.789550781 0 0.613769531
vn 0.298095703 0.852539062 -0.428955078
vn 0.545410156 0.748535156 -0.376953125
vn -0.302490234 0.93359375 0.192749023
vn -0.216430664 0.893554688 0.393798828
vn -0.112060547 0.900390625 -0.420166016
vn -0.812011719 -0.0823974609 0.578125
vn -0.292724609 0.859375 0.419677734
vn -0.638183594 0.690917969 -0.340332031
vn -0.461181641 -0.0700683594 0.884765625
vn -0.122802734 -0.987792969 0.0972900391
vn -0.598632812 0.639160156 0.482666016
vn -0.881347656 0.301025391 -0.363769531
vn -0.218994141 -0.0158996582 0.975585938
vn -0.126831055 -0.951660156 0.279052734
vn 0.641601562 -0.59765625 -0.48046875
vn -0.825195312 0.317382812 0.467529297
vn -0.843261719 0.325927734 -0.427246094
vn 0.0153884888 0.000541687012 1
vn 0.155029297 -0.914550781 0.373779297
vn 0.336181641 -0.750976562 -0.568359375
vn 0.809570312 0.089050293 -0.580078125
vn -0.696777344 0.356201172 0.622558594
vn -0.403564453 0.806152344 -0.432373047
vn 0.0512084961 0.0327453613 0.998046875
vn 0.667480469 -0.603027344 0.437011719
vn 0.295654297 -0.718261719 -0.629394531
vn 0.516113281 0.0834350586 -0.852539062
vn 0.545410156 0.748535156 -0.376953125
vn 0.298095703 0.852539062 -0.428955078
vn 0.131347656 0.150024414 -0.979980469
vn -0.112060547 0.900390625 -0.420166016
vn -0.287353516 0.741699219 0.605957031
vn 0.0625 0.904296875 -0.421875
vn 0.204833984 -0.0171051025 0.978515625
vn 0.868652344 -0.279541016 0.408691406
vn 0.586425781 -0.538574219 -0.60546875
vn -0.120056152 0.139526367 -0.982910156
vn -0.638183594 0.690917969 -0.340332031
vn 0.046875 0.797363281 0.6015625
vn 0.291015625 0.86328125 -0.412109375
vn 0.106872559 -0.104614258 0.988769531
vn 0.858886719 -0.368896484 0.354980469
vn 0.742675781 -0.297119141 -0.600097656
vn -0.193847656 0.0120620728 -0.980957031
vn -0.881347656 0.301025391 -0.363769531
vn 0.24206543 0.79296875 0.559082031
vn 0.668945312 0.53125 -0.520019531
vn -0.0191345215 -0.130615234 0.991210938
vn 0.402587891 -0.840820312 0.361572266
vn 0.798339844 -0.3828125 -0.465087891
vn -0.0471496582 -0.0525512695 -0.997558594
vn -0.843261719 0.325927734 -0.427246094
vn 0.651855469 0.508300781 0.5625
vn 0.854492188 0.0811767578 -0.513183594
vn -0.0741577148 -0.0946044922 0.992675781
vn -0.0612792969 -0.925292969 0.374267578
vn 0.342285156 -0.797851562 -0.495849609
vn -0.0610961914 -0.0247192383 -0.998046875
vn -0.403564453 0.806152344 -0.432373047
vn 0.854492188 0.0811767578 0.513183594
vn 0.874023438 0.0222930908 -0.485595703
vn 0.874023438 0.0222930908 0.485595703
vn -0.0930786133 -0.10736084 0.989746094
vn -0.0493469238 -0.00353050232 0.998535156
vn -0.0113601685 -0.000749111176 1
vn -0.881835938 -0.0256958008 0.470703125
vn -0.0346679688 -0.855957031 -0.516113281
vn 0.02293396 0.0299224854 -0.999511719
vn 0.0625 0.904296875 -0.421875
vn -0.298583984 -0.876953125 0.376220703
vn -0.711914062 -0.596679688 0.370117188
vn -0.255126953 -0.808105469 -0.530761719
vn 0.0230560303 0.0536499023 -0.998535156
vn 0.291015625 0.86328125 -0.412109375
vn -0.889648438 -0.0934448242 0.447265625
vn -0.69921875 -0.580078125 -0.417480469
vn -0.062286377 -0.0629882812 -0.99609375
vn 0.668945312 0.53125 -0.520019531
vn -0.889648438 -0.0934448242 -0.447265625
vn -0.881835938 -0.0256958008 -0.470703125
vn -0.0493469238 -0.00353240967 -0.998535156
vn 0.854492188 0.0811767578 -0.513183594
vn -0.0113601685 -0.000749588013 -1
vn 0.874023438 0.0222930908 -0.485595703
vn -0 -0.456542969 0.889648438
vn -0.875488281 0 0.482910156
vn -0 0 1
vn -0.793457031 -0.422851562 0.437744141
vn -0.793457031 -0.422851562 -0.437744141
vn -0.875488281 0 -0.482910156
vn -0 -0.456542969 -0.889648438
vn -0 0 -1
vn 0.875488281 0 -0.483154297
vn 0.793457031 -0.422851562 -0.437744141
vn 0.793457031 -0.422851562 0.437744141
vn 0.875488281 0 0.483154297
vn -0 -0.456542969 0.889648438
vn -0 0 1
vn -0 -1 0
vn -0.793457031 -0.422851562 -0.437744141
vn 0.793457031 -0.422851562 0.437744141
vn -0.793457031 -0.422851562 0.437744141
vn -0 -0.456542969 0.889648438
vn 0.651367188 0.369140625 -0.663085938
vn 0.651367188 0.369140625 -0.663085938
vn 0.651367188 0.369140625 -0.663085938
vn 0.651367188 0.369140625 -0.663085938
vn -0.292236328 0.184570312 -0.938476562
vn -0.292236328 0.184570312 -0.938476562
vn -0.292236328 0.184570312 -0.938476562
vn -0.292236328 0.184570312 -0.938476562
vn -0.943359375 -0.184570312 -0.275390625
vn -0.943359375 -0.184570312 -0.275390625
vn -0.943359375 -0.184570312 -0.275390625
vn -0.943359375 -0.184570312 -0.275390625
vn -0.651367188 -0.369140625 0.663085938
vn -0.651367188 -0.369140625 0.663085938
vn -0.651367188 -0.369140625 0.663085938
vn -0.651367188 -0.369140625 0.663085938
vn 0.292236328 -0.184570312 0.938476562
vn 0.292236328 -0.184570312 0.938476562
vn 0.292236328 -0.184570312 0.938476562
vn 0.292236328 -0.184570312 0.938476562
vn 0.943359375 0.184570312 0.275390625
vn 0.943359375 0.184570312 0.275390625
vn 0.943359375 0.184570312 0.275390625
vn 0.943359375 0.184570312 0.275390625
vn -0.16394043 0.972167969 0.166992188
vn -0.16394043 0.972167969 0.166992188
vn -0.16394043 0.972167969 0.166992188
vn -0.16394043 0.972167969 0.166992188
vn -0.297363281 0.946289062 0.128051758
vn -0.297363281 0.946289062 0.128051758
vn -0.297363281 0.946289062 0.128051758
vn -0.297363281 0.946289062 0.128051758
vn -0.389648438 0.894042969 0.221801758
vn -0.389648438 0.894042969 0.221801758
vn -0.389648438 0.894042969 0.221801758
vn -0.389648438 0.894042969 0.221801758
vn -0.348144531 0.867675781 0.354492188
vn -0.348144531 0.867675781 0.354492188
vn -0.348144531 0.867675781 0.354492188
vn -0.348144531 0.867675781 0.354492188
vn -0.21484375 0.894042969 0.393554688
vn -0.21484375 0.894042969 0.393554688
vn -0.21484375 0.894042969 0.393554688
vn -0.21484375 0.894042969 0.393554688
vn -0.122619629 0.946289062 0.299804688
vn -0.122619629 0.946289062 0.299804688
vn -0.122619629 0.946289062 0.299804688
vn -0.122619629 0.946289062 0.299804688
vn 0.651367188 0.369140625 -0.663085938
vn 0.651367188 0.369140625 -0.663085938
vn 0.651367188 0.369140625 -0.663085938
vn 0.651367188 0.369140625 -0.663085938
vn -0.292236328 0.184692383 -0.938476562
vn -0.292236328 0.184692383 -0.938476562
vn -0.292236328 0.184692383 -0.938476562
vn -0.292236328 0.184692383 -0.938476562
vn -0.943359375 -0.184570312 -0.275390625
vn -0.943359375 -0.184570312 -0.275390625
vn -0.943359375 -0.184570312 -0.275390625
vn -0.943359375 -0.184570312 -0.275390625
vn -0.651367188 -0.369140625 0.663085938
vn -0.651367188 -0.369140625 0.663085938
vn -0.651367188 -0.369140625 0.663085938
vn -0.651367188 -0.369140625 0.663085938
vn 0.292236328 -0.184692383 0.938476562
vn 0.292236328 -0.184692383 0.938476562
vn 0.292236328 -0.184692383 0.938476562
vn 0.292236328 -0.184692383 0.938476562
vn 0.943359375 0.184570312 0.275390625
vn 0.943359375 0.184570312 0.275390625
vn 0.943359375 0.184570312 0.275390625
vn 0.943359375 0.184570312 0.275390625
vn -0.177978516 0.967285156 0.181274414
vn -0.177978516 0.967285156 0.181274414
vn -0.177978516 0.967285156 0.181274414
vn -0.177978516 0.967285156 0.181274414
vn -0.292236328 0.944824219 0.147949219
vn -0.292236328 0.944824219 0.147949219
vn -0.292236328 0.944824219 0.147949219
vn -0.292236328 0.944824219 0.147949219
vn -0.370849609 0.900390625 0.228149414
vn -0.370849609 0.900390625 0.228149414
vn -0.370849609 0.900390625 0.228149414
vn -0.370849609 0.900390625 0.228149414
vn -0.335449219 0.877929688 0.341796875
vn -0.335449219 0.877929688 0.341796875
vn -0.335449219 0.877929688 0.341796875
vn -0.335449219 0.877929688 0.341796875
vn -0.221435547 0.900390625 0.375
vn -0.221435547 0.900390625 0.375
vn -0.221435547 0.900390625 0.375
vn -0.221435547 0.900390625 0.375
vn -0.142700195 0.944824219 0.294677734
vn -0.142700195 0.944824219 0.294677734
vn -0.142700195 0.944824219 0.294677734
vn -0.142700195 0.944824219 0.294677734
vn 0.651367188 0.369140625 -0.663085938
vn 0.651367188 0.369140625 -0.663085938
vn 0.651367188 0.369140625 -0.663085938
vn 0.651367188 0.369140625 -0.663085938
vn -0.292236328 0.184692383 -0.938476562
vn -0.292236328 0.184692383 -0.938476562
vn -0.292236328 0.184692383 -0.938476562
vn -0.292236328 0.184692383 -0.938476562
vn -0.943359375 -0.184570312 -0.275390625
vn -0.943359375 -0.184570312 -0.275390625
vn -0.943359375 -0.184570312 -0.275390625
vn -0.943359375 -0.184570312 -0.275390625
vn -0.651367188 -0.369140625 0.663085938
vn -0.651367188 -0.369140625 0.663085938
vn -0.651367188 -0.369140625 0.663085938
vn -0.651367188 -0.369140625 0.663085938
vn 0.292236328 -0.184692383 0.938476562
vn 0.292236328 -0.184692383 0.938476562
vn 0.292236328 -0.184692383 0.938476562
vn 0.292236328 -0.184692383 0.938476562
vn 0.943359375 0.184570312 0.275390625
vn 0.943359375 0.184570312 0.275390625
vn 0.943359375 0.184570312 0.275390625
vn 0.943359375 0.184570312 0.275390625
vn -0.161132812 0.973144531 0.1640625
vn -0.161132812 0.973144531 0.1640625
vn -0.161132812 0.973144531 0.1640625
vn -0.161132812 0.973144531 0.1640625
vn -0.298583984 0.946289062 0.123962402
vn -0.298583984 0.946289062 0.123962402
vn -0.298583984 0.946289062 0.123962402
vn -0.298583984 0.946289062 0.123962402
vn -0.393310547 0.892578125 0.220581055
vn -0.393310547 0.892578125 0.220581055
vn -0.393310547 0.892578125 0.220581055
vn -0.393310547 0.892578125 0.220581055
vn -0.350830078 0.865722656 0.357177734
vn -0.350830078 0.865722656 0.357177734
vn -0.350830078 0.865722656 0.357177734
vn -0.350830078 0.865722656 0.357177734
vn -0.213378906 0.892578125 0.397216797
vn -0.213378906 0.892578125 0.397216797
vn -0.213378906 0.892578125 0.397216797
vn -0.213378906 0.892578125 0.397216797
vn -0.118591309 0.946289062 0.30078125
vn -0.118591309 0.946289062 0.30078125
vn -0.118591309 0.946289062 0.30078125
vn -0.118591309 0.946289062 0.30078125
vn 0.651367188 0.369140625 -0.663085938
vn 0.651367188 0.369140625 -0.663085938
vn 0.651367188 0.369140625 -0.663085938
vn 0.651367188 0.369140625 -0.663085938
vn -0.292236328 0.184570312 -0.938476562
vn -0.292236328 0.184570312 -0.938476562
vn -0.292236328 0.184570312 -0.938476562
vn -0.292236328 0.184570312 -0.938476562
vn -0.943359375 -0.184570312 -0.275390625
vn -0.943359375 -0.184570312 -0.275390625
vn -0.943359375 -0.184570312 -0.275390625
vn -0.943359375 -0.184570312 -0.275390625
vn -0.651367188 -0.369140625 0.663085938
vn -0.651367188 -0.369140625 0.663085938
vn -0.651367188 -0.369140625 0.663085938
vn -0.651367188 -0.369140625 0.663085938
vn 0.292236328 -0.184570312 0.938476562
vn 0.292236328 -0.184570312 0.938476562
vn 0.292236328 -0.184570312 0.938476562
vn 0.292236328 -0.184570312 0.938476562
vn 0.943359375 0.184570312 0.275390625
vn 0.943359375 0.184570312 0.275390625
vn 0.943359375 0.184570312 0.275390625
vn 0.943359375 0.184570312 0.275390625
vn -0.158935547 0.974121094 0.161865234
vn -0.158935547 0.974121094 0.161865234
vn -0.158935547 0.974121094 0.161865234
vn -0.158935547 0.974121094 0.161865234
vn -0.299316406 0.946289062 0.120910645
vn -0.299316406 0.946289062 0.120910645
vn -0.299316406 0.946289062 0.120910645
vn -0.299316406 0.946289062 0.120910645
vn -0.396240234 0.891601562 0.219604492
vn -0.396240234 0.891601562 0.219604492
vn -0.396240234 0.891601562 0.219604492
vn -0.396240234 0.891601562 0.219604492
vn -0.352783203 0.864257812 0.359130859
vn -0.352783203 0.864257812 0.359130859
vn -0.352783203 0.864257812 0.359130859
vn -0.352783203 0.864257812 0.359130859
vn -0.212402344 0.891601562 0.400146484
vn -0.212402344 0.891601562 0.400146484
vn -0.212402344 0.891601562 0.400146484
vn -0.212402344 0.891601562 0.400146484
vn -0.115539551 0.946289062 0.301513672
vn -0.115539551 0.946289062 0.301513672
vn -0.115539551 0.946289062 0.301513672
vn -0.115539551 0.946289062 0.301513672
vn 0.651367188 0.369140625 -0.663085938
vn 0.651367188 0.369140625 -0.663085938
vn 0.651367188 0.369140625 -0.663085938
vn 0.651367188 0.369140625 -0.663085938
vn -0.292236328 0.184570312 -0.938476562
vn -0.292236328 0.184570312 -0.938476562
vn -0.292236328 0.184570312 -0.938476562
vn -0.292236328 0.184570312 -0.938476562
vn -0.943359375 -0.184570312 -0.275390625
vn -0.943359375 -0.184570312 -0.275390625
vn -0.943359375 -0.184570312 -0.275390625
vn -0.943359375 -0.184570312 -0.275390625
vn -0.651367188 -0.369140625 0.663085938
vn -0.651367188 -0.369140625 0.663085938
vn -0.651367188 -0.369140625 0.663085938
vn -0.651367188 -0.369140625 0.663085938
vn 0.292236328 -0.184570312 0.938476562
vn 0.292236328 -0.184570312 0.938476562
vn 0.292236328 -0.184570312 0.938476562
vn 0.292236328 -0.184570312 0.938476562
vn 0.943359375 0.184692383 0.275390625
vn 0.943359375 0.184692383 0.275390625
vn 0.943359375 0.184692383 0.275390625
vn 0.943359375 0.184692383 0.275390625
vn -0.180541992 0.966308594 0.183837891
vn -0.180541992 0.966308594 0.183837891
vn -0.180541992 0.966308594 0.183837891
vn -0.180541992 0.966308594 0.183837891
vn -0.291259766 0.944335938 0.151611328
vn -0.291259766 0.944335938 0.151611328
vn -0.291259766 0.944335938 0.151611328
vn -0.291259766 0.944335938 0.151611328
vn -0.367675781 0.901367188 0.229370117
vn -0.367675781 0.901367188 0.229370117
vn -0.367675781 0.901367188 0.229370117
vn -0.367675781 0.901367188 0.229370117
vn -0.333251953 0.879394531 0.339355469
vn -0.333251953 0.879394531 0.339355469
vn -0.333251953 0.879394531 0.339355469
vn -0.333251953 0.879394531 0.339355469
vn -0.22265625 0.901367188 0.371582031
vn -0.22265625 0.901367188 0.371582031
vn -0.22265625 0.901367188 0.371582031
vn -0.22265625 0.901367188 0.371582031
vn -0.146240234 0.944335938 0.293945312
vn -0.146240234 0.944335938 0.293945312
vn -0.146240234 0.944335938 0.293945312
vn -0.146240234 0.944335938 0.293945312
vn 0.651367188 0.369140625 -0.663085938
vn 0.651367188 0.369140625 -0.663085938
vn 0.651367188 0.369140625 -0.663085938
vn 0.651367188 0.369140625 -0.663085938
vn -0.292236328 0.184570312 -0.938476562
vn -0.292236328 0.184570312 -0.938476562
vn -0.292236328 0.184570312 -0.938476562
vn -0.292236328 0.184570312 -0.938476562
vn -0.943359375 -0.184570312 -0.275390625
vn -0.943359375 -0.184570312 -0.275390625
vn -0.943359375 -0.184570312 -0.275390625
vn -0.943359375 -0.184570312 -0.275390625
vn -0.651367188 -0.369140625 0.663085938
vn -0.651367188 -0.369140625 0.663085938
vn -0.651367188 -0.369140625 0.663085938
vn -0.651367188 -0.369140625 0.663085938
vn 0.292236328 -0.184570312 0.938476562
vn 0.292236328 -0.184570312 0.938476562
vn 0.292236328 -0.184570312 0.938476562
vn 0.292236328 -0.184570312 0.938476562
vn 0.943359375 0.184570312 0.275390625
vn 0.943359375 0.184570312 0.275390625
vn 0.943359375 0.184570312 0.275390625
vn 0.943359375 0.184570312 0.275390625
vn -0.197998047 0.959472656 0.201538086
vn -0.197998047 0.959472656 0.201538086
vn -0.197998047 0.959472656 0.201538086
vn -0.197998047 0.959472656 0.201538086
vn -0.284423828 0.942382812 0.176269531
vn -0.284423828 0.942382812 0.176269531
vn -0.284423828 0.942382812 0.176269531
vn -0.284423828 0.942382812 0.176269531
vn -0.343994141 0.908691406 0.237060547
vn -0.343994141 0.908691406 0.237060547
vn -0.343994141 0.908691406 0.237060547
vn -0.343994141 0.908691406 0.237060547
vn -0.317382812 0.891601562 0.322998047
vn -0.317382812 0.891601562 0.322998047
vn -0.317382812 0.891601562 0.322998047
vn -0.317382812 0.891601562 0.322998047
vn -0.230834961 0.908691406 0.348388672
vn -0.230834961 0.908691406 0.348388672
vn -0.230834961 0.908691406 0.348388672
vn -0.230834961 0.908691406 0.348388672
vn -0.171142578 0.942382812 0.287597656
vn -0.171142578 0.942382812 0.287597656
vn -0.171142578 0.942382812 0.287597656
vn -0.171142578 0.942382812 0.287597656
vn -0 0.92578125 0.378173828
vn -0 0.92578125 0.378173828
vn -0 0.92578125 0.378173828
vn -0 0.92578125 0.378173828
vn -0 -0.377929688 0.92578125
vn -0 -0.377929688 0.92578125
vn -0 -0.377929688 0.92578125
vn -0 -0.377929688 0.92578125
vn 1 -9.89437103E-06 0
vn 1 -9.89437103E-06 0
vn 1 -9.89437103E-06 0
vn 1 -9.89437103E-06 0
vn -0 0.378173828 -0.92578125
vn -0 0.378173828 -0.92578125
vn -0 0.378173828 -0.92578125
vn -0 0.378173828 -0.92578125
vn -1 -8.34465027E-07 0
vn -1 -8.34465027E-07 0
vn -1 -8.34465027E-07 0
vn -1 -8.34465027E-07 0
vn -0 0.92578125 0.378173828
vn -0 0.92578125 0.378173828
vn -0 0.92578125 0.378173828
vn -0 0.92578125 0.378173828
vn -0 -0.377929688 0.92578125
vn -0 -0.377929688 0.92578125
vn -0 -0.377929688 0.92578125
vn -0 -0.377929688 0.92578125
vn 1 -9.89437103E-06 0
vn 1 -9.89437103E-06 0
vn 1 -9.89437103E-06 0
vn 1 -9.89437103E-06 0
vn -0 0.378173828 -0.92578125
vn -0 0.378173828 -0.92578125
vn -0 0.378173828 -0.92578125
vn -0 0.378173828 -0.92578125
vn -1 -8.34465027E-07 0
vn -1 -8.34465027E-07 0
vn -1 -8.34465027E-07 0
vn -1 -8.34465027E-07 0
vn -3.03983688E-06 0.92578125 0.378173828
vn -3.03983688E-06 0.92578125 0.378173828
vn -3.03983688E-06 0.92578125 0.378173828
vn -3.03983688E-06 0.92578125 0.378173828
vn 3.21865082E-06 0.92578125 0.378173828
vn 3.21865082E-06 0.92578125 0.378173828
vn -1.7285347E-06 0.92578125 0.378173828
vn -1.7285347E-06 0.92578125 0.378173828
vn -1.7285347E-06 0.92578125 0.378173828
vn 1.7285347E-06 0.92578125 0.378173828
vn 1.7285347E-06 0.92578125 0.378173828
vn -0.194580078 0.0417480469 0.979980469
vn -0.194580078 0.0417480469 0.979980469
vn -0.194580078 0.0417480469 0.979980469
vn -0.194580078 0.0417480469 0.979980469
vn 0.910644531 0.411376953 -0.0313110352
vn 0.910644531 0.411376953 -0.0313110352
vn 0.910644531 0.411376953 -0.0313110352
vn 0.910644531 0.411376953 -0.0313110352
vn -0.194580078 0.715820312 -0.670410156
vn -0.194580078 0.715820312 -0.670410156
vn -0.194580078 0.715820312 -0.670410156
vn -0.194580078 0.715820312 -0.670410156
vn -0.910644531 0.411376953 -0.0313110352
vn -0.910644531 0.411376953 -0.0313110352
vn -0.910644531 0.411376953 -0.0313110352
vn -0.910644531 0.411376953 -0.0313110352
vn 0.194580078 0.0417480469 0.979980469
vn 0.194580078 0.0417480469 0.979980469
vn 0.194580078 0.0417480469 0.979980469
vn 0.194580078 0.0417480469 0.979980469
vn 0.194580078 0.715820312 -0.670410156
vn 0.194580078 0.715820312 -0.670410156
vn 0.194580078 0.715820312 -0.670410156
vn 0.194580078 0.715820312 -0.670410156
vn -0.910644531 0.271972656 0.310302734
vn -0.910644531 0.271972656 0.310302734
vn -0.910644531 0.271972656 0.310302734
vn -0.910644531 0.271972656 0.310302734
vn 0.910644531 0.271972656 0.310302734
vn 0.910644531 0.271972656 0.310302734
vn 0.910644531 0.271972656 0.310302734
vn 0.910644531 0.271972656 0.310302734
vn -3.03983688E-06 0.92578125 0.378173828
vn -3.03983688E-06 0.92578125 0.378173828
vn -3.03983688E-06 0.92578125 0.378173828
vn -3.03983688E-06 0.92578125 0.378173828
vn 3.21865082E-06 0.92578125 0.378173828
vn 3.21865082E-06 0.92578125 0.378173828
vn -1.7285347E-06 0.92578125 0.378173828
vn -1.7285347E-06 0.92578125 0.378173828
vn -1.7285347E-06 0.92578125 0.378173828
vn 1.7285347E-06 0.92578125 0.378173828
vn 1.7285347E-06 0.92578125 0.378173828
vn -0.194580078 0.0417175293 0.979980469
vn -0.194580078 0.0417175293 0.979980469
vn -0.194580078 0.0417175293 0.979980469
vn -0.194580078 0.0417175293 0.979980469
vn 0.910644531 0.411376953 -0.0313110352
vn 0.910644531 0.411376953 -0.0313110352
vn 0.910644531 0.411376953 -0.0313110352
vn 0.910644531 0.411376953 -0.0313110352
vn -0.194580078 0.715820312 -0.670410156
vn -0.194580078 0.715820312 -0.670410156
vn -0.194580078 0.715820312 -0.670410156
vn -0.194580078 0.715820312 -0.670410156
vn -0.910644531 0.411376953 -0.0313110352
vn -0.910644531 0.411376953 -0.0313110352
vn -0.910644531 0.411376953 -0.0313110352
vn -0.910644531 0.411376953 -0.0313110352
vn 0.194580078 0.0417480469 0.979980469
vn 0.194580078 0.0417480469 0.979980469
vn 0.194580078 0.0417480469 0.979980469
vn 0.194580078 0.0417480469 0.979980469
vn 0.194580078 0.715820312 -0.670410156
vn 0.194580078 0.715820312 -0.670410156
vn 0.194580078 0.715820312 -0.670410156
vn 0.194580078 0.715820312 -0.670410156
vn -0.910644531 0.271972656 0.310302734
vn -0.910644531 0.271972656 0.310302734
vn -0.910644531 0.271972656 0.310302734
vn -0.910644531 0.271972656 0.310302734
vn 0.910644531 0.271972656 0.310302734
vn 0.910644531 0.271972656 0.310302734
vn 0.910644531 0.271972656 0.310302734
vn 0.910644531 0.271972656 0.310302734
vn -0.381103516 0.924804688 0.000120460987
vn -0.381103516 0.924804688 0.000120460987
vn -0.381103516 0.924316406 0.000160932541
vn -0.381103516 0.924316406 0.000160932541
vn -0.715332031 -0.698730469 0
vn 0.715332031 -0.698730469 0
vn -0.715332031 -0.698730469 0
vn 0.715332031 -0.698730469 0
vn 0.715332031 0.698730469 0
vn 0.715332031 0.698730469 0
vn -0.715332031 0.698730469 0
vn -0.715332031 0.698730469 0
vn -0.715332031 -0.698730469 0
vn -0.715332031 -0.698730469 0
vn -0.703125 -0.711425781 0
vn 0.703125 -0.711425781 0
vn -0.703125 -0.711425781 0
vn 0.703125 -0.711425781 0
vn 0.703125 0.711425781 0
vn 0.703125 0.711425781 0
vn -0.703125 0.711425781 0
vn -0.703125 0.711425781 0
vn -0.703125 -0.711425781 0
vn -0.703125 -0.711425781 0
vn 0.490966797 0.496826172 -0.715820312
vn -0 0 -1
vn 0.656738281 0 -0.75390625
vn -0 0.659667969 -0.751464844
vn 0.490966797 -0.496826172 -0.715820312
vn -0.490966797 0.496826172 -0.715820312
vn -0 -0.659667969 -0.751464844
vn -0.656738281 0 -0.75390625
vn -0.490966797 -0.496826172 -0.715820312
vn 0.495117188 0.483886719 -0.721679688
vn -5.36441803E-07 0 -1
vn 0.654296875 0 -0.756347656
vn -1.37090683E-06 0.648925781 -0.760742188
vn 0.495117188 -0.483886719 -0.721679688
vn -0.495117188 0.483886719 -0.721679688
vn -0 -0.648925781 -0.760742188
vn -0.654296875 0 -0.756347656
vn -0.495117188 -0.483886719 -0.721679688
vn 0.00540542603 0.921386719 0.389160156
vn 0.00540542603 0.921386719 0.389160156
vn 0.00540542603 0.921386719 0.389160156
vn 0.00540542603 0.921386719 0.388916016
vn 0.00540161133 0.921386719 0.389160156
vn 0.00540542603 0.921386719 0.389160156
vn 0.00540161133 0.921386719 0.389160156
vn 0.00540542603 0.921386719 0.389160156
vn 0.00540542603 0.921386719 0.389160156
vn 0.00540542603 0.921386719 0.389160156
vn 0.00540542603 0.921386719 0.389160156
vn 0.00540542603 0.921386719 0.389160156
vn 0.00540542603 0.921386719 0.389160156
vn 0.00540542603 0.921386719 0.389160156
vn 0.00540542603 0.921386719 0.389160156
vn 0.00540542603 0.921386719 0.389160156
vn 0.00540542603 0.921386719 0.389160156
vn 0.00540542603 0.921386719 0.389160156
vn 0.00540542603 0.921386719 0.389160156
vn 0.00540542603 0.921386719 0.389160156
vn 0.00540542603 0.921386719 0.389160156
vn 0.00540542603 0.921386719 0.389160156
vn 0.00540161133 0.921386719 0.389160156
vn 0.00540542603 0.921386719 0.389160156
vn 0.00540161133 0.921386719 0.389160156
vn 0.00540542603 0.921386719 0.389160156
vn 0.00540542603 0.921386719 0.389160156
vn 0.00540542603 0.921386719 0.389160156
vn 0.00540542603 0.921386719 0.389160156
vn 0.00540542603 0.921386719 0.389160156
vn 0.00540542603 0.921386719 0.389160156
vn 0.00540542603 0.921386719 0.389160156
vn 0.00540542603 0.921386719 0.389160156
vn 0.00540542603 0.921386719 0.389160156
vn 0.00540542603 0.921386719 0.389160156
vn 0.00540542603 0.921386719 0.389160156
vn 0.592773438 0.745605469 0.304443359
vn 0.649414062 0.60546875 -0.460449219
vn 0.939453125 0.317382812 0.129638672
vn 0.649414062 0.110107422 0.752441406
vn 0.468505859 0.869628906 -0.156005859
vn -6.61611557E-06 0.92578125 0.378173828
vn 2.20537186E-06 0.971191406 -0.23840332
vn -6.55651093E-07 0.670410156 -0.7421875
vn -0.649414062 0.60546875 -0.459960938
vn 0.468505859 0.51171875 0.720214844
vn 3.81469727E-06 0.526367188 0.850097656
vn 8.34465027E-07 -0.0409851074 0.999023438
vn -0.649414062 0.110290527 0.752441406
vn -0.468261719 0.869628906 -0.156005859
vn -0.592773438 0.745605469 0.304443359
vn -0.939453125 0.317382812 0.129638672
vn -0.468261719 0.51171875 0.720214844
vn 0.593261719 0.745605469 0.304443359
vn 0.649414062 0.604980469 -0.460449219
vn 0.939453125 0.316650391 0.129394531
vn 0.649414062 0.109802246 0.752441406
vn 0.468505859 0.869628906 -0.156005859
vn -0 0.92578125 0.378173828
vn -4.17232513E-07 0.971191406 -0.23840332
vn -8.94069672E-07 0.669921875 -0.7421875
vn -0.649414062 0.604980469 -0.460449219
vn 0.468505859 0.51171875 0.720214844
vn -1.78813934E-07 0.526367188 0.850097656
vn -8.94069672E-07 -0.0410461426 0.999023438
vn -0.649414062 0.109802246 0.752441406
vn -0.468505859 0.869628906 -0.156005859
vn -0.593261719 0.745605469 0.304443359
vn -0.939453125 0.316650391 0.129394531
vn -0.468505859 0.51171875 0.720214844
vn 0.593261719 0.745605469 0.304443359
vn 0.649414062 0.604980469 -0.460449219
vn 0.939453125 0.316650391 0.129394531
vn 0.649414062 0.109802246 0.752441406
vn 0.468505859 0.869628906 -0.156005859
vn 4.17232513E-07 0.92578125 0.378173828
vn -5.36441803E-07 0.971191406 -0.23840332
vn -5.36441803E-07 0.669921875 -0.7421875
vn -0.649414062 0.604980469 -0.460449219
vn 0.468505859 0.51171875 0.720214844
vn 2.38418579E-07 0.526367188 0.850097656
vn -8.94069672E-07 -0.0410461426 0.999023438
vn -0.649414062 0.109802246 0.752441406
vn -0.468505859 0.869628906 -0.156005859
vn -0.593261719 0.745605469 0.304443359
vn -0.939453125 0.316650391 0.129394531
vn -0.468505859 0.51171875 0.720214844
vn 0.592773438 0.745605469 0.304443359
vn 0.649414062 0.60546875 -0.459960938
vn 0.939453125 0.317382812 0.129638672
vn 0.649414062 0.110290527 0.752441406
vn 0.468261719 0.869628906 -0.156005859
vn 6.73532486E-06 0.92578125 0.378173828
vn -2.74181366E-06 0.971191406 -0.23840332
vn -1.07288361E-06 0.670410156 -0.7421875
vn -0.649414062 0.60546875 -0.460449219
vn 0.468261719 0.51171875 0.720214844
vn -2.14576721E-06 0.526367188 0.850097656
vn 7.74860382E-07 -0.0409545898 0.999023438
vn -0.649414062 0.110107422 0.752441406
vn -0.468505859 0.869628906 -0.156005859
vn -0.592773438 0.745605469 0.304443359
vn -0.939453125 0.317382812 0.129638672
vn -0.468505859 0.51171875 0.720214844
vn 9.53674316E-07 0.434082031 0.900878906
vn -0.490966797 0.496826172 -0.715820312
vn -0 0.659667969 -0.751464844
vn 0.490966797 0.496826172 -0.715820312
vn -0.338134766 0.342285156 0.876464844
vn -0.431396484 0 0.90234375
vn -0.656738281 0 -0.75390625
vn -0.490966797 -0.496826172 -0.715820312
vn 0.338134766 0.342285156 0.876464844
vn 0.431396484 0 0.90234375
vn 0.656738281 0 -0.75390625
vn 0.490966797 -0.496826172 -0.715820312
vn 2.98023224E-07 0 1
vn -0.338134766 -0.342285156 0.876464844
vn 4.17232513E-07 -0.434082031 0.900878906
vn -0 -0.659667969 -0.751464844
vn 0.338134766 -0.342285156 0.876464844
vn 9.53674316E-07 0.424072266 0.905761719
vn -0.495117188 0.483886719 -0.721679688
vn -1.37090683E-06 0.648925781 -0.760742188
vn 0.495117188 0.483886719 -0.721679688
vn -0.339599609 0.331787109 0.880371094
vn -0.429199219 0 0.903320312
vn -0.654296875 0 -0.756347656
vn -0.495117188 -0.483886719 -0.721679688
vn 0.339355469 0.331787109 0.880371094
vn 0.429199219 0 0.903320312
vn 0.654296875 0 -0.756347656
vn 0.495117188 -0.483886719 -0.721679688
vn 1.1920929E-07 0 1
vn -0.339599609 -0.331787109 0.880371094
vn 7.15255737E-07 -0.424072266 0.905761719
vn -0 -0.648925781 -0.760742188
vn 0.339355469 -0.331787109 0.880371094
vn 0.592773438 0.745605469 0.304443359
vn 0.649414062 0.60546875 -0.460449219
vn 0.939453125 0.317382812 0.129638672
vn 0.649414062 0.110107422 0.752441406
vn 0.468505859 0.869628906 -0.156005859
vn -6.61611557E-06 0.92578125 0.378173828
vn 2.20537186E-06 0.971191406 -0.23840332
vn -6.55651093E-07 0.670410156 -0.7421875
vn -0.649414062 0.60546875 -0.459960938
vn 0.468505859 0.51171875 0.720214844
vn 3.81469727E-06 0.526367188 0.850097656
vn 8.34465027E-07 -0.0409851074 0.999023438
vn -0.649414062 0.110290527 0.752441406
vn -0.468261719 0.869628906 -0.156005859
vn -0.592773438 0.745605469 0.304443359
vn -0.939453125 0.317382812 0.129638672
vn -0.468261719 0.51171875 0.720214844
vn 0.593261719 0.745605469 0.304443359
vn 0.649414062 0.604980469 -0.460449219
vn 0.939453125 0.316650391 0.129394531
vn 0.649414062 0.109802246 0.752441406
vn 0.468505859 0.869628906 -0.156005859
vn -0 0.92578125 0.378173828
vn -4.17232513E-07 0.971191406 -0.23840332
vn -8.94069672E-07 0.669921875 -0.7421875
vn -0.649414062 0.604980469 -0.460449219
vn 0.468505859 0.51171875 0.720214844
vn -1.78813934E-07 0.526367188 0.850097656
vn -8.94069672E-07 -0.0410461426 0.999023438
vn -0.649414062 0.109802246 0.752441406
vn -0.468505859 0.869628906 -0.156005859
vn -0.593261719 0.745605469 0.304443359
vn -0.939453125 0.316650391 0.129394531
vn -0.468505859 0.51171875 0.720214844
vn 0.592773438 0.745605469 0.304443359
vn 0.649414062 0.60546875 -0.459960938
vn 0.939453125 0.317382812 0.129638672
vn 0.649414062 0.110290527 0.752441406
vn 0.468261719 0.869628906 -0.156005859
vn 6.73532486E-06 0.92578125 0.378173828
vn -2.74181366E-06 0.971191406 -0.23840332
vn -1.07288361E-06 0.670410156 -0.7421875
vn -0.649414062 0.60546875 -0.460449219
vn 0.468261719 0.51171875 0.720214844
vn -2.14576721E-06 0.526367188 0.850097656
vn 7.74860382E-07 -0.0409545898 0.999023438
vn -0.649414062 0.110107422 0.752441406
vn -0.468505859 0.869628906 -0.156005859
vn -0.592773438 0.745605469 0.304443359
vn -0.939453125 0.317382812 0.129638672
vn -0.468505859 0.51171875 0.720214844
vn 0.593261719 0.745605469 0.304443359
vn 0.649414062 0.604980469 -0.460449219
vn 0.939453125 0.316650391 0.129394531
vn 0.649414062 0.109802246 0.752441406
vn 0.468505859 0.869628906 -0.156005859
vn 4.17232513E-07 0.92578125 0.378173828
vn -5.36441803E-07 0.971191406 -0.23840332
vn -5.36441803E-07 0.669921875 -0.7421875
vn -0.649414062 0.604980469 -0.460449219
vn 0.468505859 0.51171875 0.720214844
vn 2.38418579E-07 0.526367188 0.850097656
vn -8.94069672E-07 -0.0410461426 0.999023438
vn -0.649414062 0.109802246 0.752441406
vn -0.468505859 0.869628906 -0.156005859
vn -0.593261719 0.745605469 0.304443359
vn -0.939453125 0.316650391 0.129394531
vn -0.468505859 0.51171875 0.720214844
vn -0.258789062 0.929199219 0.263427734
vn -0.258789062 0.929199219 0.263427734
vn -0.258789062 0.929199219 0.263427734
vn -0.258789062 0.929199219 0.263427734
vn -0.258789062 0.929199219 0.263427734
vn -0.258789062 0.929199219 0.263427734
vn -0.258789062 0.929199219 0.263427734
vn -0.258789062 0.929199219 0.263427734
vn -0.258789062 0.929199219 0.263427734
vn -0.258789062 0.929199219 0.263427734
vn -0.258789062 0.929199219 0.263427734
vn -0.258789062 0.929199219 0.263427734
vn -0.258789062 0.929199219 0.263427734
vn -0.258789062 0.929199219 0.263427734
vn -0.258789062 0.929199219 0.263427734
vn -0.258789062 0.929199219 0.263427734
vn -0.258789062 0.929199219 0.263427734
vn -0.258789062 0.929199219 0.263427734
vn -0.258789062 0.929199219 0.263427734
vn -0.258789062 0.929199219 0.263427734
vn -0.258789062 0.929199219 0.263427734
vn -0.258789062 0.929199219 0.263427734
vn -0.258789062 0.929199219 0.263427734
vn -0.258789062 0.929199219 0.263427734
vn -0.258789062 0.929199219 0.263427734
vn -0.258789062 0.929199219 0.263427734
vn -0.258789062 0.929199219 0.263427734
vn -0.258789062 0.929199219 0.263427734
vn -0.258789062 0.929199219 0.263427734
vn -0.258789062 0.929199219 0.263427734
vn -0.258789062 0.929199219 0.263427734
vn -0.258789062 0.929199219 0.263427734
vn -0.258789062 0.929199219 0.263427734
vn -0.258789062 0.929199219 0.263427734
vn -0.258789062 0.929199219 0.263427734
vn -0.258789062 0.929199219 0.263427734
vn -0.258789062 0.929199219 0.263427734
vn -0.258789062 0.929199219 0.263427734
vn -0.258789062 0.929199219 0.263427734
vn -0.258789062 0.929199219 0.263427734
vn -0.258789062 0.929199219 0.263427734
vn -0.258789062 0.929199219 0.263427734
vn -0.178100586 0.9765625 0.121948242
vn -0.005443573 0.920410156 0.390869141
vn -0.289306641 0.930664062 0.223999023
vn -0.000896453857 0.998046875 0.060760498
vn -0.325927734 0.871582031 0.365966797
vn 0.175292969 0.976074219 0.127685547
vn -0.294921875 0.811035156 0.505371094
vn 0.282958984 0.930664062 0.231811523
vn -0.184692383 0.767578125 0.61328125
vn 0.315673828 0.871582031 0.374755859
vn -0.00946044922 0.737304688 0.67578125
vn 0.280761719 0.811035156 0.513671875
vn 0.168212891 0.768066406 0.617675781
vn -0.376953125 0.926269531 -0.00114154816
vn -0.381103516 0.924804688 0.000120460987
vn -0.379638672 0.925292969 0.00749969482
vn -0.376953125 0.926269531 -0.00114154816
vn -0.381103516 0.924804688 0.000120460987
vn -0.383544922 0.923339844 -0.00547027588
vn -0.383544922 0.923339844 -0.00547027588
vn -0.383544922 0.923339844 -0.00547027588
vn -1.59740448E-05 0.922851562 0.385498047
vn -3.29017639E-05 0.922851562 0.385498047
vn -3.37958336E-05 0.922851562 0.385253906
vn -3.32593918E-05 0.922851562 0.385498047
vn -2.54511833E-05 0.922851562 0.385498047
vn -1.51395798E-05 0.922851562 0.385498047
vn -2.02655792E-05 0.922851562 0.385253906
vn -2.57492065E-05 0.922851562 0.385498047
vn -1.9133091E-05 0.922363281 0.385742188
vn -0.000117719173 0.922363281 0.385742188
vn -0.000118374825 0.922363281 0.385742188
vn -1.9967556E-05 0.922363281 0.385742188
vn -0.000118196011 0.922851562 0.385742188
vn -1.18613243E-05 0.922851562 0.385742188
vn -6.9797039E-05 0.922851562 0.385742188
vn -2.0980835E-05 0.922851562 0.385742188
g ControlPanel_ChargeBaseShape_0
f 3/3/3 2/2/2 1/1/1
f 4/4/4 3/3/3 1/1/1
f 4/4/4 5/5/5 3/3/3
f 5/5/5 6/6/6 3/3/3
f 4/4/4 8/8/8 7/7/7
f 9/9/9 4/4/4 7/7/7
f 4/4/4 9/9/9 10/10/10
f 9/9/9 11/11/11 10/10/10
f 14/14/14 13/13/13 12/12/12
f 15/15/15 14/14/14 12/12/12
f 18/18/18 17/17/17 16/16/16
f 19/19/19 18/18/18 16/16/16
f 22/22/22 21/21/21 20/20/20
f 23/23/23 22/22/22 20/20/20
f 26/26/26 25/25/25 24/24/24
f 27/27/27 26/26/26 24/24/24
f 30/30/30 29/29/29 28/28/28
f 31/31/31 30/30/30 28/28/28
f 34/34/34 33/33/33 32/32/32
f 35/35/35 34/34/34 32/32/32
f 38/38/38 37/37/37 36/36/36
f 39/39/39 38/38/38 36/36/36
f 42/42/42 41/41/41 40/40/40
f 43/43/43 42/42/42 40/40/40
f 46/46/46 45/45/45 44/44/44
f 47/47/47 46/46/46 44/44/44
f 47/47/47 48/48/48 46/46/46
f 48/48/48 49/49/49 46/46/46
f 47/47/47 51/51/51 50/50/50
f 52/52/52 47/47/47 50/50/50
f 47/47/47 52/52/52 53/53/53
f 52/52/52 54/54/54 53/53/53
f 57/57/57 56/56/56 55/55/55
f 58/58/58 57/57/57 55/55/55
f 61/61/61 60/60/60 59/59/59
f 62/62/62 61/61/61 59/59/59
f 65/65/65 64/64/64 63/63/63
f 66/66/66 65/65/65 63/63/63
f 69/69/69 68/68/68 67/67/67
f 70/70/70 69/69/69 67/67/67
f 73/73/73 72/72/72 71/71/71
f 74/74/74 73/73/73 71/71/71
f 77/77/77 76/76/76 75/75/75
f 78/78/78 77/77/77 75/75/75
f 81/81/81 80/80/80 79/79/79
f 82/82/82 81/81/81 79/79/79
f 85/85/85 84/84/84 83/83/83
f 86/86/86 85/85/85 83/83/83
f 89/89/89 88/88/88 87/87/87
f 90/90/90 89/89/89 87/87/87
f 90/90/90 87/87/87 91/91/91
f 92/92/92 90/90/90 91/91/91
f 92/92/92 91/91/91 93/93/93
f 91/91/91 94/94/94 93/93/93
f 94/94/94 95/95/95 93/93/93
f 92/92/92 93/93/93 96/96/96
f 97/97/97 92/92/92 96/96/96
f 95/95/95 98/98/98 93/93/93
f 95/95/95 99/99/99 98/98/98
f 99/99/99 100/100/100 98/98/98
f 103/103/103 102/102/102 101/101/101
f 102/102/102 104/104/104 101/101/101
f 102/102/102 105/105/105 104/104/104
f 105/105/105 106/106/106 104/104/104
f 105/105/105 107/107/107 106/106/106
f 107/107/107 108/108/108 106/106/106
f 107/107/107 109/109/109 108/108/108
f 108/108/108 110/110/110 106/106/106
f 110/110/110 111/111/111 106/106/106
f 109/109/109 112/112/112 108/108/108
f 109/109/109 113/113/113 112/112/112
f 113/113/113 114/114/114 112/112/112
f 117/117/117 116/116/116 115/115/115
f 118/118/118 117/117/117 115/115/115
f 118/118/118 119/119/119 117/117/117
f 119/119/119 120/120/120 117/117/117
f 123/123/123 122/122/122 121/121/121
f 124/124/124 123/123/123 121/121/121
f 124/124/124 121/121/121 125/125/125
f 121/121/121 126/126/126 125/125/125
f 129/129/129 128/128/128 127/127/127
f 130/130/130 129/129/129 127/127/127
f 133/133/133 132/132/132 131/131/131
f 132/132/132 134/134/134 131/131/131
f 131/131/131 134/134/134 135/135/135
f 134/134/134 136/136/136 135/135/135
f 139/139/139 138/138/138 137/137/137
f 140/140/140 139/139/139 137/137/137
f 143/143/143 142/142/142 141/141/141
f 144/144/144 143/143/143 141/141/141
f 147/147/147 146/146/146 145/145/145
f 148/148/148 147/147/147 145/145/145
f 151/151/151 150/150/150 149/149/149
f 152/152/152 151/151/151 149/149/149
f 153/153/153 151/151/151 152/152/152
f 154/154/154 153/153/153 152/152/152
f 157/157/157 156/156/156 155/155/155
f 158/158/158 157/157/157 155/155/155
f 161/161/161 160/160/160 159/159/159
f 162/162/162 161/161/161 159/159/159
f 165/165/165 164/164/164 163/163/163
f 166/166/166 165/165/165 163/163/163
f 169/169/169 168/168/168 167/167/167
f 170/170/170 169/169/169 167/167/167
f 173/173/173 172/172/172 171/171/171
f 174/174/174 173/173/173 171/171/171
f 177/177/177 176/176/176 175/175/175
f 178/178/178 177/177/177 175/175/175
f 181/181/181 180/180/180 179/179/179
f 182/182/182 181/181/181 179/179/179
f 185/185/185 184/184/184 183/183/183
f 186/186/186 185/185/185 183/183/183
f 189/189/189 188/188/188 187/187/187
f 190/190/190 189/189/189 187/187/187
f 193/193/193 192/192/192 191/191/191
f 194/194/194 193/193/193 191/191/191
f 197/197/197 196/196/196 195/195/195
f 198/198/198 197/197/197 195/195/195
f 201/201/201 200/200/200 199/199/199
f 202/202/202 201/201/201 199/199/199
f 205/205/205 204/204/204 203/203/203
f 206/206/206 205/205/205 203/203/203
f 209/209/209 208/208/208 207/207/207
f 210/210/210 209/209/209 207/207/207
f 213/213/213 212/212/212 211/211/211
f 214/214/214 213/213/213 211/211/211
f 217/217/217 216/216/216 215/215/215
f 218/218/218 217/217/217 215/215/215
f 221/221/221 220/220/220 219/219/219
f 222/222/222 221/221/221 219/219/219
f 223/223/223 221/221/221 222/222/222
f 224/224/224 223/223/223 222/222/222
f 225/225/225 223/223/223 224/224/224
f 226/226/226 225/225/225 224/224/224
f 227/227/227 225/225/225 226/226/226
f 228/228/228 227/227/227 226/226/226
f 229/229/229 227/227/227 228/228/228
f 230/230/230 229/229/229 228/228/228
f 231/231/231 229/229/229 230/230/230
f 232/232/232 231/231/231 230/230/230
f 233/233/233 231/231/231 232/232/232
f 234/234/234 233/233/233 232/232/232
f 235/235/235 233/233/233 234/234/234
f 236/236/236 235/235/235 234/234/234
f 239/239/239 238/238/238 237/237/237
f 240/240/240 239/239/239 237/237/237
f 241/241/241 239/239/239 240/240/240
f 242/242/242 241/241/241 240/240/240
f 243/243/243 241/241/241 242/242/242
f 244/244/244 243/243/243 242/242/242
f 245/245/245 243/243/243 244/244/244
f 246/246/246 245/245/245 244/244/244
f 247/247/247 245/245/245 246/246/246
f 248/248/248 247/247/247 246/246/246
f 249/249/249 247/247/247 248/248/248
f 250/250/250 249/249/249 248/248/248
f 251/251/251 249/249/249 250/250/250
f 252/252/252 251/251/251 250/250/250
f 253/253/253 251/251/251 252/252/252
f 254/254/254 253/253/253 252/252/252
f 257/257/257 256/256/256 255/255/255
f 258/258/258 257/257/257 255/255/255
f 259/259/259 257/257/257 258/258/258
f 260/260/260 259/259/259 258/258/258
f 261/261/261 259/259/259 260/260/260
f 262/262/262 261/261/261 260/260/260
f 263/263/263 261/261/261 262/262/262
f 264/264/264 263/263/263 262/262/262
f 265/265/265 263/263/263 264/264/264
f 266/266/266 265/265/265 264/264/264
f 267/267/267 265/265/265 266/266/266
f 268/268/268 267/267/267 266/266/266
f 269/269/269 267/267/267 268/268/268
f 270/270/270 269/269/269 268/268/268
f 271/271/271 269/269/269 270/270/270
f 272/272/272 271/271/271 270/270/270
f 275/275/275 274/274/274 273/273/273
f 276/276/276 275/275/275 273/273/273
f 277/277/277 275/275/275 276/276/276
f 278/278/278 277/277/277 276/276/276
f 279/279/279 277/277/277 278/278/278
f 280/280/280 279/279/279 278/278/278
f 281/281/281 279/279/279 280/280/280
f 282/282/282 281/281/281 280/280/280
f 283/283/283 281/281/281 282/282/282
f 284/284/284 283/283/283 282/282/282
f 285/285/285 283/283/283 284/284/284
f 286/286/286 285/285/285 284/284/284
f 287/287/287 285/285/285 286/286/286
f 288/288/288 287/287/287 286/286/286
f 289/289/289 287/287/287 288/288/288
f 290/290/290 289/289/289 288/288/288
f 293/293/293 292/292/292 291/291/291
f 294/294/294 293/293/293 291/291/291
f 295/295/295 293/293/293 294/294/294
f 296/296/296 295/295/295 294/294/294
f 297/297/297 295/295/295 296/296/296
f 298/298/298 297/297/297 296/296/296
f 299/299/299 297/297/297 298/298/298
f 300/300/300 299/299/299 298/298/298
f 301/301/301 299/299/299 300/300/300
f 302/302/302 301/301/301 300/300/300
f 303/303/303 301/301/301 302/302/302
f 304/304/304 303/303/303 302/302/302
f 307/307/307 306/306/306 305/305/305
f 306/306/306 308/308/308 305/305/305
f 305/305/305 308/308/308 309/309/309
f 308/308/308 310/310/310 309/309/309
f 309/309/309 310/310/310 311/311/311
f 310/310/310 312/312/312 311/311/311
f 311/311/311 312/312/312 313/313/313
f 312/312/312 314/314/314 313/313/313
f 313/313/313 314/314/314 315/315/315
f 314/314/314 316/316/316 315/315/315
f 315/315/315 316/316/316 317/317/317
f 316/316/316 318/318/318 317/317/317
f 321/321/321 320/320/320 319/319/319
f 322/322/322 321/321/321 319/319/319
f 325/325/325 324/324/324 323/323/323
f 326/326/326 325/325/325 323/323/323
f 329/329/329 328/328/328 327/327/327
f 330/330/330 329/329/329 327/327/327
f 333/333/333 332/332/332 331/331/331
f 334/334/334 333/333/333 331/331/331
f 337/337/337 336/336/336 335/335/335
f 338/338/338 337/337/337 335/335/335
f 341/341/341 340/340/340 339/339/339
f 342/342/342 341/341/341 339/339/339
f 345/345/345 344/344/344 343/343/343
f 346/346/346 345/345/345 343/343/343
f 349/349/349 348/348/348 347/347/347
f 350/350/350 349/349/349 347/347/347
f 353/353/353 352/352/352 351/351/351
f 354/354/354 353/353/353 351/351/351
f 357/357/357 356/356/356 355/355/355
f 358/358/358 357/357/357 355/355/355
f 361/361/361 360/360/360 359/359/359
f 362/362/362 361/361/361 359/359/359
f 365/365/365 364/364/364 363/363/363
f 366/366/366 365/365/365 363/363/363
f 369/369/369 368/368/368 367/367/367
f 370/370/370 369/369/369 367/367/367
f 373/373/373 372/372/372 371/371/371
f 374/374/374 373/373/373 371/371/371
f 377/377/377 376/376/376 375/375/375
f 378/378/378 377/377/377 375/375/375
f 381/381/381 380/380/380 379/379/379
f 382/382/382 381/381/381 379/379/379
f 385/385/385 384/384/384 383/383/383
f 386/386/386 385/385/385 383/383/383
f 389/389/389 388/388/388 387/387/387
f 390/390/390 389/389/389 387/387/387
f 393/393/393 392/392/392 391/391/391
f 394/394/394 393/393/393 391/391/391
f 397/397/397 396/396/396 395/395/395
f 398/398/398 397/397/397 395/395/395
f 401/401/401 400/400/400 399/399/399
f 402/402/402 401/401/401 399/399/399
f 405/405/405 404/404/404 403/403/403
f 406/406/406 405/405/405 403/403/403
f 409/409/409 408/408/408 407/407/407
f 410/410/410 409/409/409 407/407/407
f 413/413/413 412/412/412 411/411/411
f 414/414/414 413/413/413 411/411/411
f 417/417/417 416/416/416 415/415/415
f 418/418/418 417/417/417 415/415/415
f 421/421/421 420/420/420 419/419/419
f 422/422/422 421/421/421 419/419/419
f 425/425/425 424/424/424 423/423/423
f 426/426/426 425/425/425 423/423/423
f 429/429/429 428/428/428 427/427/427
f 430/430/430 429/429/429 427/427/427
f 433/433/433 432/432/432 431/431/431
f 434/434/434 433/433/433 431/431/431
f 437/437/437 436/436/436 435/435/435
f 438/438/438 437/437/437 435/435/435
f 441/441/441 440/440/440 439/439/439
f 442/442/442 441/441/441 439/439/439
f 445/445/445 444/444/444 443/443/443
f 446/446/446 445/445/445 443/443/443
f 449/449/449 448/448/448 447/447/447
f 450/450/450 449/449/449 447/447/447
f 453/453/453 452/452/452 451/451/451
f 454/454/454 453/453/453 451/451/451
f 457/457/457 456/456/456 455/455/455
f 458/458/458 457/457/457 455/455/455
f 461/461/461 460/460/460 459/459/459
f 462/462/462 461/461/461 459/459/459
f 465/465/465 464/464/464 463/463/463
f 466/466/466 465/465/465 463/463/463
f 469/469/469 468/468/468 467/467/467
f 470/470/470 469/469/469 467/467/467
f 473/473/473 472/472/472 471/471/471
f 474/474/474 473/473/473 471/471/471
f 477/477/477 476/476/476 475/475/475
f 478/478/478 477/477/477 475/475/475
f 481/481/481 480/480/480 479/479/479
f 482/482/482 481/481/481 479/479/479
f 485/485/485 484/484/484 483/483/483
f 486/486/486 485/485/485 483/483/483
f 489/489/489 488/488/488 487/487/487
f 490/490/490 489/489/489 487/487/487
f 493/493/493 492/492/492 491/491/491
f 494/494/494 493/493/493 491/491/491
f 497/497/497 496/496/496 495/495/495
f 498/498/498 497/497/497 495/495/495
f 501/501/501 500/500/500 499/499/499
f 502/502/502 501/501/501 499/499/499
f 505/505/505 504/504/504 503/503/503
f 506/506/506 505/505/505 503/503/503
f 509/509/509 508/508/508 507/507/507
f 510/510/510 509/509/509 507/507/507
f 507/507/507 511/511/511 510/510/510
f 511/511/511 512/512/512 510/510/510
f 515/515/515 514/514/514 513/513/513
f 516/516/516 515/515/515 513/513/513
f 519/519/519 518/518/518 517/517/517
f 520/520/520 519/519/519 517/517/517
f 523/523/523 522/522/522 521/521/521
f 524/524/524 523/523/523 521/521/521
f 527/527/527 526/526/526 525/525/525
f 528/528/528 527/527/527 525/525/525
f 531/531/531 530/530/530 529/529/529
f 532/532/532 531/531/531 529/529/529
f 535/535/535 534/534/534 533/533/533
f 536/536/536 535/535/535 533/533/533
f 539/539/539 538/538/538 537/537/537
f 540/540/540 539/539/539 537/537/537
f 543/543/543 542/542/542 541/541/541
f 544/544/544 543/543/543 541/541/541
f 547/547/547 546/546/546 545/545/545
f 548/548/548 547/547/547 545/545/545
f 551/551/551 550/550/550 549/549/549
f 552/552/552 551/551/551 549/549/549
f 555/555/555 554/554/554 553/553/553
f 556/556/556 555/555/555 553/553/553
f 559/559/559 558/558/558 557/557/557
f 560/560/560 559/559/559 557/557/557
f 563/563/563 562/562/562 561/561/561
f 564/564/564 563/563/563 561/561/561
f 567/567/567 566/566/566 565/565/565
f 568/568/568 567/567/567 565/565/565
f 571/571/571 570/570/570 569/569/569
f 572/572/572 571/571/571 569/569/569
f 573/573/573 572/572/572 569/569/569
f 576/576/576 575/575/575 574/574/574
f 577/577/577 576/576/576 574/574/574
f 580/580/580 579/579/579 578/578/578
f 580/580/580 578/578/578 581/581/581
f 578/578/578 582/582/582 581/581/581
f 585/585/585 584/584/584 583/583/583
f 586/586/586 585/585/585 583/583/583
f 589/589/589 588/588/588 587/587/587
f 590/590/590 589/589/589 587/587/587
f 593/593/593 592/592/592 591/591/591
f 594/594/594 593/593/593 591/591/591
f 597/597/597 596/596/596 595/595/595
f 598/598/598 597/597/597 595/595/595
f 601/601/601 600/600/600 599/599/599
f 602/602/602 601/601/601 599/599/599
f 605/605/605 604/604/604 603/603/603
f 606/606/606 605/605/605 603/603/603
f 609/609/609 608/608/608 607/607/607
f 610/610/610 609/609/609 607/607/607
f 613/613/613 612/612/612 611/611/611
f 614/614/614 613/613/613 611/611/611
f 617/617/617 616/616/616 615/615/615
f 618/618/618 617/617/617 615/615/615
f 621/621/621 620/620/620 619/619/619
f 622/622/622 621/621/621 619/619/619
f 625/625/625 624/624/624 623/623/623
f 626/626/626 625/625/625 623/623/623
f 629/629/629 628/628/628 627/627/627
f 630/630/630 629/629/629 627/627/627
f 633/633/633 632/632/632 631/631/631
f 634/634/634 633/633/633 631/631/631
f 637/637/637 636/636/636 635/635/635
f 638/638/638 637/637/637 635/635/635
f 641/641/641 640/640/640 639/639/639
f 642/642/642 641/641/641 639/639/639
f 645/645/645 644/644/644 643/643/643
f 646/646/646 645/645/645 643/643/643
f 649/649/649 648/648/648 647/647/647
f 650/650/650 649/649/649 647/647/647
f 653/653/653 652/652/652 651/651/651
f 654/654/654 653/653/653 651/651/651
f 657/657/657 656/656/656 655/655/655
f 658/658/658 657/657/657 655/655/655
f 661/661/661 660/660/660 659/659/659
f 662/662/662 661/661/661 659/659/659
f 665/665/665 664/664/664 663/663/663
f 666/666/666 665/665/665 663/663/663
f 669/669/669 668/668/668 667/667/667
f 670/670/670 669/669/669 667/667/667
f 673/673/673 672/672/672 671/671/671
f 674/674/674 673/673/673 671/671/671
f 677/677/677 676/676/676 675/675/675
f 678/678/678 677/677/677 675/675/675
f 681/681/681 680/680/680 679/679/679
f 682/682/682 681/681/681 679/679/679
f 685/685/685 684/684/684 683/683/683
f 686/686/686 685/685/685 683/683/683
f 689/689/689 688/688/688 687/687/687
f 690/690/690 689/689/689 687/687/687
f 693/693/693 692/692/692 691/691/691
f 694/694/694 693/693/693 691/691/691
f 697/697/697 696/696/696 695/695/695
f 698/698/698 697/697/697 695/695/695
f 701/701/701 700/700/700 699/699/699
f 702/702/702 701/701/701 699/699/699
f 705/705/705 704/704/704 703/703/703
f 706/706/706 705/705/705 703/703/703
f 709/709/709 708/708/708 707/707/707
f 710/710/710 709/709/709 707/707/707
f 713/713/713 712/712/712 711/711/711
f 714/714/714 713/713/713 711/711/711
f 717/717/717 716/716/716 715/715/715
f 718/718/718 717/717/717 715/715/715
f 721/721/721 720/720/720 719/719/719
f 722/722/722 721/721/721 719/719/719
f 725/725/725 724/724/724 723/723/723
f 726/726/726 725/725/725 723/723/723
f 729/729/729 728/728/728 727/727/727
f 730/730/730 729/729/729 727/727/727
f 733/733/733 732/732/732 731/731/731
f 734/734/734 733/733/733 731/731/731
f 737/737/737 736/736/736 735/735/735
f 738/738/738 737/737/737 735/735/735
f 741/741/741 740/740/740 739/739/739
f 742/742/742 741/741/741 739/739/739
f 745/745/745 744/744/744 743/743/743
f 746/746/746 745/745/745 743/743/743
f 749/749/749 748/748/748 747/747/747
f 750/750/750 749/749/749 747/747/747
f 753/753/753 752/752/752 751/751/751
f 754/754/754 753/753/753 751/751/751
f 757/757/757 756/756/756 755/755/755
f 758/758/758 757/757/757 755/755/755
f 761/761/761 760/760/760 759/759/759
f 762/762/762 761/761/761 759/759/759
f 765/765/765 764/764/764 763/763/763
f 766/766/766 765/765/765 763/763/763
f 769/769/769 768/768/768 767/767/767
f 770/770/770 769/769/769 767/767/767
f 773/773/773 772/772/772 771/771/771
f 774/774/774 773/773/773 771/771/771
f 777/777/777 776/776/776 775/775/775
f 778/778/778 777/777/777 775/775/775
f 781/781/781 780/780/780 779/779/779
f 782/782/782 781/781/781 779/779/779
f 785/785/785 784/784/784 783/783/783
f 786/786/786 785/785/785 783/783/783
f 789/789/789 788/788/788 787/787/787
f 790/790/790 789/789/789 787/787/787
f 793/793/793 792/792/792 791/791/791
f 794/794/794 793/793/793 791/791/791
f 797/797/797 796/796/796 795/795/795
f 798/798/798 797/797/797 795/795/795
f 801/801/801 800/800/800 799/799/799
f 802/802/802 801/801/801 799/799/799
f 805/805/805 804/804/804 803/803/803
f 806/806/806 805/805/805 803/803/803
f 809/809/809 808/808/808 807/807/807
f 810/810/810 809/809/809 807/807/807
f 813/813/813 812/812/812 811/811/811
f 814/814/814 813/813/813 811/811/811
f 817/817/817 816/816/816 815/815/815
f 818/818/818 817/817/817 815/815/815
f 821/821/821 820/820/820 819/819/819
f 822/822/822 821/821/821 819/819/819
f 825/825/825 824/824/824 823/823/823
f 826/826/826 825/825/825 823/823/823
f 829/829/829 828/828/828 827/827/827
f 830/830/830 829/829/829 827/827/827
f 833/833/833 832/832/832 831/831/831
f 834/834/834 833/833/833 831/831/831
f 837/837/837 836/836/836 835/835/835
f 838/838/838 837/837/837 835/835/835
f 841/841/841 840/840/840 839/839/839
f 842/842/842 841/841/841 839/839/839
f 845/845/845 844/844/844 843/843/843
f 846/846/846 845/845/845 843/843/843
f 849/849/849 848/848/848 847/847/847
f 850/850/850 849/849/849 847/847/847
f 853/853/853 852/852/852 851/851/851
f 854/854/854 853/853/853 851/851/851
f 857/857/857 856/856/856 855/855/855
f 858/858/858 857/857/857 855/855/855
f 861/861/861 860/860/860 859/859/859
f 862/862/862 861/861/861 859/859/859
f 865/865/865 864/864/864 863/863/863
f 866/866/866 865/865/865 863/863/863
f 869/869/869 868/868/868 867/867/867
f 870/870/870 869/869/869 867/867/867
f 873/873/873 872/872/872 871/871/871
f 874/874/874 873/873/873 871/871/871
f 877/877/877 876/876/876 875/875/875
f 878/878/878 877/877/877 875/875/875
f 881/881/881 880/880/880 879/879/879
f 882/882/882 881/881/881 879/879/879
f 885/885/885 884/884/884 883/883/883
f 886/886/886 885/885/885 883/883/883
f 889/889/889 888/888/888 887/887/887
f 890/890/890 889/889/889 887/887/887
f 893/893/893 892/892/892 891/891/891
f 894/894/894 893/893/893 891/891/891
f 897/897/897 896/896/896 895/895/895
f 898/898/898 897/897/897 895/895/895
f 901/901/901 900/900/900 899/899/899
f 902/902/902 901/901/901 899/899/899
f 905/905/905 904/904/904 903/903/903
f 906/906/906 905/905/905 903/903/903
f 909/909/909 908/908/908 907/907/907
f 910/910/910 909/909/909 907/907/907
f 913/913/913 912/912/912 911/911/911
f 914/914/914 913/913/913 911/911/911
f 917/917/917 916/916/916 915/915/915
f 918/918/918 917/917/917 915/915/915
f 921/921/921 920/920/920 919/919/919
f 922/922/922 921/921/921 919/919/919
f 925/925/925 924/924/924 923/923/923
f 926/926/926 925/925/925 923/923/923
f 929/929/929 928/928/928 927/927/927
f 930/930/930 929/929/929 927/927/927
f 933/933/933 932/932/932 931/931/931
f 934/934/934 933/933/933 931/931/931
f 937/937/937 936/936/936 935/935/935
f 938/938/938 937/937/937 935/935/935
f 941/941/941 940/940/940 939/939/939
f 942/942/942 941/941/941 939/939/939
f 942/942/942 939/939/939 943/943/943
f 944/944/944 941/941/941 942/942/942
f 945/945/945 942/942/942 943/943/943
f 945/945/945 943/943/943 946/946/946
f 947/947/947 944/944/944 942/942/942
f 947/947/947 942/942/942 945/945/945
f 948/948/948 944/944/944 947/947/947
f 949/949/949 945/945/945 946/946/946
f 949/949/949 946/946/946 950/950/950
f 951/951/951 947/947/947 945/945/945
f 951/951/951 945/945/945 949/949/949
f 952/952/952 948/948/948 947/947/947
f 952/952/952 947/947/947 951/951/951
f 953/953/953 948/948/948 952/952/952
f 954/954/954 949/949/949 950/950/950
f 954/954/954 950/950/950 955/955/955
f 956/956/956 951/951/951 949/949/949
f 956/956/956 949/949/949 954/954/954
f 957/957/957 952/952/952 951/951/951
f 957/957/957 951/951/951 956/956/956
f 958/958/958 953/953/953 952/952/952
f 958/958/958 952/952/952 957/957/957
f 959/959/959 953/953/953 958/958/958
f 960/960/960 954/954/954 955/955/955
f 960/960/960 955/955/955 961/961/961
f 962/962/962 956/956/956 954/954/954
f 962/962/962 954/954/954 960/960/960
f 963/963/963 957/957/957 956/956/956
f 963/963/963 956/956/956 962/962/962
f 964/964/964 958/958/958 957/957/957
f 964/964/964 957/957/957 963/963/963
f 965/965/965 959/959/959 958/958/958
f 965/965/965 958/958/958 964/964/964
f 966/966/966 959/959/959 965/965/965
f 967/967/967 966/966/966 965/965/965
f 967/967/967 965/965/965 968/968/968
f 968/968/968 965/965/965 964/964/964
f 969/969/969 967/967/967 968/968/968
f 970/970/970 960/960/960 961/961/961
f 970/970/970 961/961/961 971/971/971
f 972/972/972 962/962/962 960/960/960
f 972/972/972 960/960/960 970/970/970
f 973/973/973 963/963/963 962/962/962
f 973/973/973 962/962/962 972/972/972
f 974/974/974 964/964/964 963/963/963
f 968/968/968 964/964/964 974/974/974
f 974/974/974 963/963/963 973/973/973
f 969/969/969 968/968/968 975/975/975
f 975/975/975 968/968/968 974/974/974
f 976/976/976 969/969/969 975/975/975
f 977/977/977 970/970/970 971/971/971
f 977/977/977 971/971/971 978/978/978
f 979/979/979 972/972/972 970/970/970
f 979/979/979 970/970/970 977/977/977
f 980/980/980 973/973/973 972/972/972
f 980/980/980 972/972/972 979/979/979
f 981/981/981 974/974/974 973/973/973
f 975/975/975 974/974/974 981/981/981
f 981/981/981 973/973/973 980/980/980
f 976/976/976 975/975/975 982/982/982
f 982/982/982 975/975/975 981/981/981
f 983/983/983 976/976/976 982/982/982
f 984/984/984 977/977/977 978/978/978
f 984/984/984 978/978/978 985/985/985
f 986/986/986 979/979/979 977/977/977
f 986/986/986 977/977/977 984/984/984
f 987/987/987 980/980/980 979/979/979
f 987/987/987 979/979/979 986/986/986
f 988/988/988 981/981/981 980/980/980
f 982/982/982 981/981/981 988/988/988
f 988/988/988 980/980/980 987/987/987
f 983/983/983 982/982/982 989/989/989
f 989/989/989 982/982/982 988/988/988
f 990/990/990 983/983/983 989/989/989
f 991/991/991 984/984/984 985/985/985
f 991/991/991 985/985/985 992/992/992
f 993/993/993 986/986/986 984/984/984
f 993/993/993 984/984/984 991/991/991
f 994/994/994 987/987/987 986/986/986
f 994/994/994 986/986/986 993/993/993
f 995/995/995 988/988/988 987/987/987
f 989/989/989 988/988/988 995/995/995
f 995/995/995 987/987/987 994/994/994
f 990/990/990 989/989/989 996/996/996
f 996/996/996 989/989/989 995/995/995
f 997/997/997 990/990/990 996/996/996
f 998/998/998 991/991/991 992/992/992
f 998/998/998 992/992/992 999/999/999
f 1000/1000/1000 998/998/998 999/999/999
f 1001/1001/1001 993/993/993 991/991/991
f 1001/1001/1001 991/991/991 998/998/998
f 1002/1002/1002 998/998/998 1000/1000/1000
f 1002/1002/1002 1001/1001/1001 998/998/998
f 1003/1003/1003 1002/1002/1002 1000/1000/1000
f 1003/1003/1003 1004/1004/1004 1002/1002/1002
f 996/996/996 995/995/995 1005/1005/1005
f 1005/1005/1005 995/995/995 994/994/994
f 997/997/997 996/996/996 1006/1006/1006
f 1006/1006/1006 996/996/996 1005/1005/1005
f 1007/1007/1007 997/997/997 1006/1006/1006
f 1008/1008/1008 994/994/994 993/993/993
f 1008/1008/1008 993/993/993 1001/1001/1001
f 1005/1005/1005 994/994/994 1008/1008/1008
f 1009/1009/1009 1001/1001/1001 1002/1002/1002
f 1009/1009/1009 1008/1008/1008 1001/1001/1001
f 1010/1010/1010 1005/1005/1005 1008/1008/1008
f 1006/1006/1006 1005/1005/1005 1010/1010/1010
f 1010/1010/1010 1008/1008/1008 1009/1009/1009
f 1007/1007/1007 1006/1006/1006 1011/1011/1011
f 1011/1011/1011 1006/1006/1006 1010/1010/1010
f 1012/1012/1012 1007/1007/1007 1011/1011/1011
f 1013/1013/1013 1009/1009/1009 1002/1002/1002
f 1004/1004/1004 1013/1013/1013 1002/1002/1002
f 1014/1014/1014 1010/1010/1010 1009/1009/1009
f 1011/1011/1011 1010/1010/1010 1014/1014/1014
f 1014/1014/1014 1009/1009/1009 1013/1013/1013
f 1012/1012/1012 1011/1011/1011 1015/1015/1015
f 1015/1015/1015 1011/1011/1011 1014/1014/1014
f 1016/1016/1016 1012/1012/1012 1015/1015/1015
f 1013/1013/1013 1004/1004/1004 1017/1017/1017
f 1017/1017/1017 1014/1014/1014 1013/1013/1013
f 1015/1015/1015 1014/1014/1014 1017/1017/1017
f 1004/1004/1004 1018/1018/1018 1017/1017/1017
f 1016/1016/1016 1015/1015/1015 1019/1019/1019
f 1019/1019/1019 1015/1015/1015 1017/1017/1017
f 1019/1019/1019 1017/1017/1017 1018/1018/1018
f 1020/1020/1020 1016/1016/1016 1019/1019/1019
f 1021/1021/1021 1019/1019/1019 1018/1018/1018
f 1022/1022/1022 1020/1020/1020 1019/1019/1019
f 1021/1021/1021 1022/1022/1022 1019/1019/1019
f 1025/1025/1025 1024/1024/1024 1023/1023/1023
f 1024/1024/1024 1026/1026/1026 1023/1023/1023
f 1026/1026/1026 1024/1024/1024 1027/1027/1027
f 1024/1024/1024 1028/1028/1028 1027/1027/1027
f 1029/1029/1029 1027/1027/1027 1028/1028/1028
f 1030/1030/1030 1029/1029/1029 1028/1028/1028
f 1030/1030/1030 1031/1031/1031 1029/1029/1029
f 1031/1031/1031 1032/1032/1032 1029/1029/1029
f 1033/1033/1033 1032/1032/1032 1031/1031/1031
f 1034/1034/1034 1033/1033/1033 1031/1031/1031
f 1035/1035/1035 1033/1033/1033 1034/1034/1034
f 1036/1036/1036 1035/1035/1035 1034/1034/1034
f 1032/1032/1032 1037/1037/1037 1029/1029/1029
f 1029/1029/1029 1037/1037/1037 1038/1038/1038
f 1039/1039/1039 1037/1037/1037 1032/1032/1032
f 1038/1038/1038 1037/1037/1037 1040/1040/1040
f 1041/1041/1041 1037/1037/1037 1039/1039/1039
f 1040/1040/1040 1037/1037/1037 1041/1041/1041
f 1044/1044/1044 1043/1043/1043 1042/1042/1042
f 1045/1045/1045 1044/1044/1044 1042/1042/1042
f 1048/1048/1048 1047/1047/1047 1046/1046/1046
f 1049/1049/1049 1048/1048/1048 1046/1046/1046
f 1052/1052/1052 1051/1051/1051 1050/1050/1050
f 1053/1053/1053 1052/1052/1052 1050/1050/1050
f 1056/1056/1056 1055/1055/1055 1054/1054/1054
f 1057/1057/1057 1056/1056/1056 1054/1054/1054
f 1060/1060/1060 1059/1059/1059 1058/1058/1058
f 1061/1061/1061 1060/1060/1060 1058/1058/1058
f 1064/1064/1064 1063/1063/1063 1062/1062/1062
f 1065/1065/1065 1064/1064/1064 1062/1062/1062
f 1068/1068/1068 1067/1067/1067 1066/1066/1066
f 1069/1069/1069 1068/1068/1068 1066/1066/1066
f 1072/1072/1072 1071/1071/1071 1070/1070/1070
f 1073/1073/1073 1072/1072/1072 1070/1070/1070
f 1076/1076/1076 1075/1075/1075 1074/1074/1074
f 1077/1077/1077 1076/1076/1076 1074/1074/1074
f 1080/1080/1080 1079/1079/1079 1078/1078/1078
f 1081/1081/1081 1080/1080/1080 1078/1078/1078
f 1084/1084/1084 1083/1083/1083 1082/1082/1082
f 1085/1085/1085 1084/1084/1084 1082/1082/1082
f 1088/1088/1088 1087/1087/1087 1086/1086/1086
f 1089/1089/1089 1088/1088/1088 1086/1086/1086
f 1092/1092/1092 1091/1091/1091 1090/1090/1090
f 1093/1093/1093 1092/1092/1092 1090/1090/1090
f 1096/1096/1096 1095/1095/1095 1094/1094/1094
f 1097/1097/1097 1096/1096/1096 1094/1094/1094
f 1100/1100/1100 1099/1099/1099 1098/1098/1098
f 1101/1101/1101 1100/1100/1100 1098/1098/1098
f 1104/1104/1104 1103/1103/1103 1102/1102/1102
f 1105/1105/1105 1104/1104/1104 1102/1102/1102
f 1108/1108/1108 1107/1107/1107 1106/1106/1106
f 1109/1109/1109 1108/1108/1108 1106/1106/1106
f 1112/1112/1112 1111/1111/1111 1110/1110/1110
f 1113/1113/1113 1112/1112/1112 1110/1110/1110
f 1116/1116/1116 1115/1115/1115 1114/1114/1114
f 1117/1117/1117 1116/1116/1116 1114/1114/1114
f 1120/1120/1120 1119/1119/1119 1118/1118/1118
f 1121/1121/1121 1120/1120/1120 1118/1118/1118
f 1124/1124/1124 1123/1123/1123 1122/1122/1122
f 1125/1125/1125 1124/1124/1124 1122/1122/1122
f 1128/1128/1128 1127/1127/1127 1126/1126/1126
f 1129/1129/1129 1128/1128/1128 1126/1126/1126
f 1132/1132/1132 1131/1131/1131 1130/1130/1130
f 1133/1133/1133 1132/1132/1132 1130/1130/1130
f 1136/1136/1136 1135/1135/1135 1134/1134/1134
f 1137/1137/1137 1136/1136/1136 1134/1134/1134
f 1140/1140/1140 1139/1139/1139 1138/1138/1138
f 1141/1141/1141 1140/1140/1140 1138/1138/1138
f 1144/1144/1144 1143/1143/1143 1142/1142/1142
f 1145/1145/1145 1144/1144/1144 1142/1142/1142
f 1148/1148/1148 1147/1147/1147 1146/1146/1146
f 1149/1149/1149 1148/1148/1148 1146/1146/1146
f 1152/1152/1152 1151/1151/1151 1150/1150/1150
f 1153/1153/1153 1152/1152/1152 1150/1150/1150
f 1156/1156/1156 1155/1155/1155 1154/1154/1154
f 1157/1157/1157 1156/1156/1156 1154/1154/1154
f 1160/1160/1160 1159/1159/1159 1158/1158/1158
f 1161/1161/1161 1160/1160/1160 1158/1158/1158
f 1164/1164/1164 1163/1163/1163 1162/1162/1162
f 1165/1165/1165 1164/1164/1164 1162/1162/1162
f 1168/1168/1168 1167/1167/1167 1166/1166/1166
f 1169/1169/1169 1168/1168/1168 1166/1166/1166
f 1172/1172/1172 1171/1171/1171 1170/1170/1170
f 1173/1173/1173 1172/1172/1172 1170/1170/1170
f 1176/1176/1176 1175/1175/1175 1174/1174/1174
f 1177/1177/1177 1176/1176/1176 1174/1174/1174
f 1180/1180/1180 1179/1179/1179 1178/1178/1178
f 1181/1181/1181 1180/1180/1180 1178/1178/1178
f 1184/1184/1184 1183/1183/1183 1182/1182/1182
f 1185/1185/1185 1184/1184/1184 1182/1182/1182
f 1188/1188/1188 1187/1187/1187 1186/1186/1186
f 1189/1189/1189 1188/1188/1188 1186/1186/1186
f 1192/1192/1192 1191/1191/1191 1190/1190/1190
f 1193/1193/1193 1192/1192/1192 1190/1190/1190
f 1196/1196/1196 1195/1195/1195 1194/1194/1194
f 1197/1197/1197 1196/1196/1196 1194/1194/1194
f 1200/1200/1200 1199/1199/1199 1198/1198/1198
f 1201/1201/1201 1200/1200/1200 1198/1198/1198
f 1204/1204/1204 1203/1203/1203 1202/1202/1202
f 1205/1205/1205 1204/1204/1204 1202/1202/1202
f 1208/1208/1208 1207/1207/1207 1206/1206/1206
f 1209/1209/1209 1208/1208/1208 1206/1206/1206
f 1212/1212/1212 1211/1211/1211 1210/1210/1210
f 1213/1213/1213 1212/1212/1212 1210/1210/1210
f 1216/1216/1216 1215/1215/1215 1214/1214/1214
f 1217/1217/1217 1216/1216/1216 1214/1214/1214
f 1220/1220/1220 1219/1219/1219 1218/1218/1218
f 1221/1221/1221 1220/1220/1220 1218/1218/1218
f 1224/1224/1224 1223/1223/1223 1222/1222/1222
f 1225/1225/1225 1224/1224/1224 1222/1222/1222
f 1228/1228/1228 1227/1227/1227 1226/1226/1226
f 1229/1229/1229 1228/1228/1228 1226/1226/1226
f 1232/1232/1232 1231/1231/1231 1230/1230/1230
f 1233/1233/1233 1232/1232/1232 1230/1230/1230
f 1236/1236/1236 1235/1235/1235 1234/1234/1234
f 1237/1237/1237 1236/1236/1236 1234/1234/1234
f 1240/1240/1240 1239/1239/1239 1238/1238/1238
f 1241/1241/1241 1240/1240/1240 1238/1238/1238
f 1244/1244/1244 1243/1243/1243 1242/1242/1242
f 1245/1245/1245 1244/1244/1244 1242/1242/1242
f 1248/1248/1248 1247/1247/1247 1246/1246/1246
f 1249/1249/1249 1248/1248/1248 1246/1246/1246
f 1252/1252/1252 1251/1251/1251 1250/1250/1250
f 1253/1253/1253 1252/1252/1252 1250/1250/1250
f 1256/1256/1256 1255/1255/1255 1254/1254/1254
f 1257/1257/1257 1256/1256/1256 1254/1254/1254
f 1260/1260/1260 1259/1259/1259 1258/1258/1258
f 1261/1261/1261 1260/1260/1260 1258/1258/1258
f 1264/1264/1264 1263/1263/1263 1262/1262/1262
f 1265/1265/1265 1264/1264/1264 1262/1262/1262
f 1268/1268/1268 1267/1267/1267 1266/1266/1266
f 1269/1269/1269 1268/1268/1268 1266/1266/1266
f 1272/1272/1272 1271/1271/1271 1270/1270/1270
f 1273/1273/1273 1272/1272/1272 1270/1270/1270
f 1276/1276/1276 1275/1275/1275 1274/1274/1274
f 1277/1277/1277 1276/1276/1276 1274/1274/1274
f 1280/1280/1280 1279/1279/1279 1278/1278/1278
f 1281/1281/1281 1280/1280/1280 1278/1278/1278
f 1284/1284/1284 1283/1283/1283 1282/1282/1282
f 1285/1285/1285 1284/1284/1284 1282/1282/1282
f 1288/1288/1288 1287/1287/1287 1286/1286/1286
f 1289/1289/1289 1288/1288/1288 1286/1286/1286
f 1292/1292/1292 1291/1291/1291 1290/1290/1290
f 1293/1293/1293 1292/1292/1292 1290/1290/1290
f 1296/1296/1296 1295/1295/1295 1294/1294/1294
f 1297/1297/1297 1296/1296/1296 1294/1294/1294
f 1300/1300/1300 1299/1299/1299 1298/1298/1298
f 1301/1301/1301 1300/1300/1300 1298/1298/1298
f 1304/1304/1304 1303/1303/1303 1302/1302/1302
f 1305/1305/1305 1304/1304/1304 1302/1302/1302
f 1308/1308/1308 1307/1307/1307 1306/1306/1306
f 1309/1309/1309 1308/1308/1308 1306/1306/1306
f 1312/1312/1312 1311/1311/1311 1310/1310/1310
f 1313/1313/1313 1312/1312/1312 1310/1310/1310
f 1316/1316/1316 1315/1315/1315 1314/1314/1314
f 1317/1317/1317 1316/1316/1316 1314/1314/1314
f 1320/1320/1320 1319/1319/1319 1318/1318/1318
f 1321/1321/1321 1320/1320/1320 1318/1318/1318
f 1324/1324/1324 1323/1323/1323 1322/1322/1322
f 1325/1325/1325 1324/1324/1324 1322/1322/1322
f 1328/1328/1328 1327/1327/1327 1326/1326/1326
f 1329/1329/1329 1328/1328/1328 1326/1326/1326
f 1332/1332/1332 1331/1331/1331 1330/1330/1330
f 1333/1333/1333 1332/1332/1332 1330/1330/1330
f 1336/1336/1336 1335/1335/1335 1334/1334/1334
f 1337/1337/1337 1336/1336/1336 1334/1334/1334
f 1340/1340/1340 1339/1339/1339 1338/1338/1338
f 1341/1341/1341 1340/1340/1340 1338/1338/1338
f 1344/1344/1344 1343/1343/1343 1342/1342/1342
f 1345/1345/1345 1344/1344/1344 1342/1342/1342
f 1348/1348/1348 1347/1347/1347 1346/1346/1346
f 1349/1349/1349 1348/1348/1348 1346/1346/1346
f 1352/1352/1352 1351/1351/1351 1350/1350/1350
f 1353/1353/1353 1352/1352/1352 1350/1350/1350
f 1356/1356/1356 1355/1355/1355 1354/1354/1354
f 1357/1357/1357 1356/1356/1356 1354/1354/1354
f 1360/1360/1360 1359/1359/1359 1358/1358/1358
f 1361/1361/1361 1360/1360/1360 1358/1358/1358
f 1364/1364/1364 1363/1363/1363 1362/1362/1362
f 1365/1365/1365 1364/1364/1364 1362/1362/1362
f 1368/1368/1368 1367/1367/1367 1366/1366/1366
f 1369/1369/1369 1368/1368/1368 1366/1366/1366
f 1372/1372/1372 1371/1371/1371 1370/1370/1370
f 1373/1373/1373 1372/1372/1372 1370/1370/1370
f 1373/1373/1373 1374/1374/1374 1372/1372/1372
f 1374/1374/1374 1375/1375/1375 1372/1372/1372
f 1373/1373/1373 1377/1377/1377 1376/1376/1376
f 1378/1378/1378 1373/1373/1373 1376/1376/1376
f 1373/1373/1373 1378/1378/1378 1379/1379/1379
f 1378/1378/1378 1380/1380/1380 1379/1379/1379
f 1383/1383/1383 1382/1382/1382 1381/1381/1381
f 1384/1384/1384 1383/1383/1383 1381/1381/1381
f 1387/1387/1387 1386/1386/1386 1385/1385/1385
f 1388/1388/1388 1387/1387/1387 1385/1385/1385
f 1391/1391/1391 1390/1390/1390 1389/1389/1389
f 1392/1392/1392 1391/1391/1391 1389/1389/1389
f 1395/1395/1395 1394/1394/1394 1393/1393/1393
f 1396/1396/1396 1395/1395/1395 1393/1393/1393
f 1399/1399/1399 1398/1398/1398 1397/1397/1397
f 1400/1400/1400 1399/1399/1399 1397/1397/1397
f 1403/1403/1403 1402/1402/1402 1401/1401/1401
f 1404/1404/1404 1403/1403/1403 1401/1401/1401
f 1407/1407/1407 1406/1406/1406 1405/1405/1405
f 1408/1408/1408 1407/1407/1407 1405/1405/1405
f 1411/1411/1411 1410/1410/1410 1409/1409/1409
f 1412/1412/1412 1411/1411/1411 1409/1409/1409
f 1415/1415/1415 1414/1414/1414 1413/1413/1413
f 1416/1416/1416 1415/1415/1415 1413/1413/1413
f 1416/1416/1416 1417/1417/1417 1415/1415/1415
f 1417/1417/1417 1418/1418/1418 1415/1415/1415
f 1416/1416/1416 1420/1420/1420 1419/1419/1419
f 1421/1421/1421 1416/1416/1416 1419/1419/1419
f 1416/1416/1416 1421/1421/1421 1422/1422/1422
f 1421/1421/1421 1423/1423/1423 1422/1422/1422
f 1426/1426/1426 1425/1425/1425 1424/1424/1424
f 1427/1427/1427 1426/1426/1426 1424/1424/1424
f 1430/1430/1430 1429/1429/1429 1428/1428/1428
f 1431/1431/1431 1430/1430/1430 1428/1428/1428
f 1434/1434/1434 1433/1433/1433 1432/1432/1432
f 1435/1435/1435 1434/1434/1434 1432/1432/1432
f 1438/1438/1438 1437/1437/1437 1436/1436/1436
f 1439/1439/1439 1438/1438/1438 1436/1436/1436
f 1442/1442/1442 1441/1441/1441 1440/1440/1440
f 1443/1443/1443 1442/1442/1442 1440/1440/1440
f 1446/1446/1446 1445/1445/1445 1444/1444/1444
f 1447/1447/1447 1446/1446/1446 1444/1444/1444
f 1450/1450/1450 1449/1449/1449 1448/1448/1448
f 1451/1451/1451 1450/1450/1450 1448/1448/1448
f 1454/1454/1454 1453/1453/1453 1452/1452/1452
f 1455/1455/1455 1454/1454/1454 1452/1452/1452
f 1458/1458/1458 1457/1457/1457 1456/1456/1456
f 1459/1459/1459 1458/1458/1458 1456/1456/1456
f 1462/1462/1462 1461/1461/1461 1460/1460/1460
f 1461/1461/1461 1463/1463/1463 1460/1460/1460
f 1463/1463/1463 1461/1461/1461 1464/1464/1464
f 1465/1465/1465 1463/1463/1463 1464/1464/1464
f 1465/1465/1465 1464/1464/1464 1466/1466/1466
f 1467/1467/1467 1465/1465/1465 1466/1466/1466
f 1466/1466/1466 1468/1468/1468 1467/1467/1467
f 1468/1468/1468 1469/1469/1469 1467/1467/1467
f 1472/1472/1472 1471/1471/1471 1470/1470/1470
f 1471/1471/1471 1473/1473/1473 1470/1470/1470
f 1473/1473/1473 1471/1471/1471 1474/1474/1474
f 1475/1475/1475 1473/1473/1473 1474/1474/1474
f 1475/1475/1475 1474/1474/1474 1476/1476/1476
f 1477/1477/1477 1475/1475/1475 1476/1476/1476
f 1476/1476/1476 1478/1478/1478 1477/1477/1477
f 1478/1478/1478 1479/1479/1479 1477/1477/1477
f 1482/1482/1482 1481/1481/1481 1480/1480/1480
f 1480/1480/1480 1481/1481/1481 1483/1483/1483
f 1484/1484/1484 1481/1481/1481 1482/1482/1482
f 1483/1483/1483 1481/1481/1481 1485/1485/1485
f 1486/1486/1486 1481/1481/1481 1484/1484/1484
f 1485/1485/1485 1481/1481/1481 1487/1487/1487
f 1488/1488/1488 1481/1481/1481 1486/1486/1486
f 1487/1487/1487 1481/1481/1481 1488/1488/1488
f 1491/1491/1491 1490/1490/1490 1489/1489/1489
f 1489/1489/1489 1490/1490/1490 1492/1492/1492
f 1493/1493/1493 1490/1490/1490 1491/1491/1491
f 1492/1492/1492 1490/1490/1490 1494/1494/1494
f 1495/1495/1495 1490/1490/1490 1493/1493/1493
f 1494/1494/1494 1490/1490/1490 1496/1496/1496
f 1497/1497/1497 1490/1490/1490 1495/1495/1495
f 1496/1496/1496 1490/1490/1490 1497/1497/1497
f 1500/1500/1500 1499/1499/1499 1498/1498/1498
f 1498/1498/1498 1499/1499/1499 1501/1501/1501
f 1502/1502/1502 1499/1499/1499 1500/1500/1500
f 1501/1501/1501 1499/1499/1499 1503/1503/1503
f 1504/1504/1504 1499/1499/1499 1502/1502/1502
f 1503/1503/1503 1499/1499/1499 1505/1505/1505
f 1506/1506/1506 1499/1499/1499 1504/1504/1504
f 1505/1505/1505 1499/1499/1499 1506/1506/1506
f 1509/1509/1509 1508/1508/1508 1507/1507/1507
f 1507/1507/1507 1508/1508/1508 1510/1510/1510
f 1511/1511/1511 1508/1508/1508 1509/1509/1509
f 1510/1510/1510 1508/1508/1508 1512/1512/1512
f 1513/1513/1513 1508/1508/1508 1511/1511/1511
f 1512/1512/1512 1508/1508/1508 1514/1514/1514
f 1515/1515/1515 1508/1508/1508 1513/1513/1513
f 1514/1514/1514 1508/1508/1508 1515/1515/1515
f 1518/1518/1518 1517/1517/1517 1516/1516/1516
f 1516/1516/1516 1517/1517/1517 1519/1519/1519
f 1520/1520/1520 1517/1517/1517 1518/1518/1518
f 1519/1519/1519 1517/1517/1517 1521/1521/1521
f 1522/1522/1522 1517/1517/1517 1520/1520/1520
f 1521/1521/1521 1517/1517/1517 1523/1523/1523
f 1524/1524/1524 1517/1517/1517 1522/1522/1522
f 1523/1523/1523 1517/1517/1517 1524/1524/1524
f 1527/1527/1527 1526/1526/1526 1525/1525/1525
f 1525/1525/1525 1526/1526/1526 1528/1528/1528
f 1529/1529/1529 1526/1526/1526 1527/1527/1527
f 1528/1528/1528 1526/1526/1526 1530/1530/1530
f 1531/1531/1531 1526/1526/1526 1529/1529/1529
f 1530/1530/1530 1526/1526/1526 1532/1532/1532
f 1533/1533/1533 1526/1526/1526 1531/1531/1531
f 1532/1532/1532 1526/1526/1526 1533/1533/1533
f 1536/1536/1536 1535/1535/1535 1534/1534/1534
f 1536/1536/1536 1534/1534/1534 1537/1537/1537
f 1535/1535/1535 1538/1538/1538 1534/1534/1534
f 1539/1539/1539 1534/1534/1534 1538/1538/1538
f 1540/1540/1540 1538/1538/1538 1535/1535/1535
f 1539/1539/1539 1538/1538/1538 1540/1540/1540
f 1541/1541/1541 1540/1540/1540 1535/1535/1535
f 1541/1541/1541 1542/1542/1542 1540/1540/1540
f 1534/1534/1534 1543/1543/1543 1537/1537/1537
f 1539/1539/1539 1543/1543/1543 1534/1534/1534
f 1537/1537/1537 1543/1543/1543 1544/1544/1544
f 1539/1539/1539 1544/1544/1544 1543/1543/1543
f 1545/1545/1545 1537/1537/1537 1544/1544/1544
f 1545/1545/1545 1544/1544/1544 1546/1546/1546
f 1542/1542/1542 1547/1547/1547 1540/1540/1540
f 1539/1539/1539 1540/1540/1540 1547/1547/1547
f 1548/1548/1548 1547/1547/1547 1542/1542/1542
f 1539/1539/1539 1547/1547/1547 1548/1548/1548
f 1549/1549/1549 1548/1548/1548 1542/1542/1542
f 1549/1549/1549 1546/1546/1546 1548/1548/1548
f 1544/1544/1544 1550/1550/1550 1546/1546/1546
f 1544/1544/1544 1539/1539/1539 1550/1550/1550
f 1546/1546/1546 1550/1550/1550 1548/1548/1548
f 1539/1539/1539 1548/1548/1548 1550/1550/1550
f 1553/1553/1553 1552/1552/1552 1551/1551/1551
f 1553/1553/1553 1551/1551/1551 1554/1554/1554
f 1552/1552/1552 1555/1555/1555 1551/1551/1551
f 1556/1556/1556 1551/1551/1551 1555/1555/1555
f 1557/1557/1557 1555/1555/1555 1552/1552/1552
f 1556/1556/1556 1555/1555/1555 1557/1557/1557
f 1558/1558/1558 1557/1557/1557 1552/1552/1552
f 1558/1558/1558 1559/1559/1559 1557/1557/1557
f 1551/1551/1551 1560/1560/1560 1554/1554/1554
f 1556/1556/1556 1560/1560/1560 1551/1551/1551
f 1554/1554/1554 1560/1560/1560 1561/1561/1561
f 1556/1556/1556 1561/1561/1561 1560/1560/1560
f 1562/1562/1562 1554/1554/1554 1561/1561/1561
f 1562/1562/1562 1561/1561/1561 1563/1563/1563
f 1559/1559/1559 1564/1564/1564 1557/1557/1557
f 1556/1556/1556 1557/1557/1557 1564/1564/1564
f 1565/1565/1565 1564/1564/1564 1559/1559/1559
f 1556/1556/1556 1564/1564/1564 1565/1565/1565
f 1566/1566/1566 1565/1565/1565 1559/1559/1559
f 1566/1566/1566 1563/1563/1563 1565/1565/1565
f 1561/1561/1561 1567/1567/1567 1563/1563/1563
f 1561/1561/1561 1556/1556/1556 1567/1567/1567
f 1563/1563/1563 1567/1567/1567 1565/1565/1565
f 1556/1556/1556 1565/1565/1565 1567/1567/1567
f 1570/1570/1570 1569/1569/1569 1568/1568/1568
f 1570/1570/1570 1568/1568/1568 1571/1571/1571
f 1569/1569/1569 1572/1572/1572 1568/1568/1568
f 1573/1573/1573 1568/1568/1568 1572/1572/1572
f 1574/1574/1574 1572/1572/1572 1569/1569/1569
f 1573/1573/1573 1572/1572/1572 1574/1574/1574
f 1575/1575/1575 1574/1574/1574 1569/1569/1569
f 1575/1575/1575 1576/1576/1576 1574/1574/1574
f 1568/1568/1568 1577/1577/1577 1571/1571/1571
f 1573/1573/1573 1577/1577/1577 1568/1568/1568
f 1571/1571/1571 1577/1577/1577 1578/1578/1578
f 1573/1573/1573 1578/1578/1578 1577/1577/1577
f 1579/1579/1579 1571/1571/1571 1578/1578/1578
f 1579/1579/1579 1578/1578/1578 1580/1580/1580
f 1576/1576/1576 1581/1581/1581 1574/1574/1574
f 1573/1573/1573 1574/1574/1574 1581/1581/1581
f 1582/1582/1582 1581/1581/1581 1576/1576/1576
f 1573/1573/1573 1581/1581/1581 1582/1582/1582
f 1583/1583/1583 1582/1582/1582 1576/1576/1576
f 1583/1583/1583 1580/1580/1580 1582/1582/1582
f 1578/1578/1578 1584/1584/1584 1580/1580/1580
f 1578/1578/1578 1573/1573/1573 1584/1584/1584
f 1580/1580/1580 1584/1584/1584 1582/1582/1582
f 1573/1573/1573 1582/1582/1582 1584/1584/1584
f 1587/1587/1587 1586/1586/1586 1585/1585/1585
f 1587/1587/1587 1585/1585/1585 1588/1588/1588
f 1586/1586/1586 1589/1589/1589 1585/1585/1585
f 1590/1590/1590 1585/1585/1585 1589/1589/1589
f 1591/1591/1591 1589/1589/1589 1586/1586/1586
f 1590/1590/1590 1589/1589/1589 1591/1591/1591
f 1592/1592/1592 1591/1591/1591 1586/1586/1586
f 1592/1592/1592 1593/1593/1593 1591/1591/1591
f 1585/1585/1585 1594/1594/1594 1588/1588/1588
f 1590/1590/1590 1594/1594/1594 1585/1585/1585
f 1588/1588/1588 1594/1594/1594 1595/1595/1595
f 1590/1590/1590 1595/1595/1595 1594/1594/1594
f 1596/1596/1596 1588/1588/1588 1595/1595/1595
f 1596/1596/1596 1595/1595/1595 1597/1597/1597
f 1593/1593/1593 1598/1598/1598 1591/1591/1591
f 1590/1590/1590 1591/1591/1591 1598/1598/1598
f 1599/1599/1599 1598/1598/1598 1593/1593/1593
f 1590/1590/1590 1598/1598/1598 1599/1599/1599
f 1600/1600/1600 1599/1599/1599 1593/1593/1593
f 1600/1600/1600 1597/1597/1597 1599/1599/1599
f 1595/1595/1595 1601/1601/1601 1597/1597/1597
f 1595/1595/1595 1590/1590/1590 1601/1601/1601
f 1597/1597/1597 1601/1601/1601 1599/1599/1599
f 1590/1590/1590 1599/1599/1599 1601/1601/1601
f 1604/1604/1604 1603/1603/1603 1602/1602/1602
f 1604/1604/1604 1602/1602/1602 1605/1605/1605
f 1603/1603/1603 1606/1606/1606 1602/1602/1602
f 1607/1607/1607 1606/1606/1606 1603/1603/1603
f 1602/1602/1602 1606/1606/1606 1607/1607/1607
f 1608/1608/1608 1607/1607/1607 1603/1603/1603
f 1608/1608/1608 1609/1609/1609 1607/1607/1607
f 1602/1602/1602 1610/1610/1610 1605/1605/1605
f 1605/1605/1605 1610/1610/1610 1611/1611/1611
f 1611/1611/1611 1610/1610/1610 1602/1602/1602
f 1612/1612/1612 1605/1605/1605 1611/1611/1611
f 1612/1612/1612 1611/1611/1611 1613/1613/1613
f 1614/1614/1614 1602/1602/1602 1607/1607/1607
f 1614/1614/1614 1611/1611/1611 1602/1602/1602
f 1609/1609/1609 1615/1615/1615 1607/1607/1607
f 1614/1614/1614 1607/1607/1607 1615/1615/1615
f 1616/1616/1616 1615/1615/1615 1609/1609/1609
f 1616/1616/1616 1614/1614/1614 1615/1615/1615
f 1617/1617/1617 1616/1616/1616 1609/1609/1609
f 1617/1617/1617 1613/1613/1613 1616/1616/1616
f 1611/1611/1611 1618/1618/1618 1613/1613/1613
f 1618/1618/1618 1611/1611/1611 1614/1614/1614
f 1613/1613/1613 1618/1618/1618 1616/1616/1616
f 1616/1616/1616 1618/1618/1618 1614/1614/1614
f 1621/1621/1621 1620/1620/1620 1619/1619/1619
f 1621/1621/1621 1619/1619/1619 1622/1622/1622
f 1620/1620/1620 1623/1623/1623 1619/1619/1619
f 1624/1624/1624 1623/1623/1623 1620/1620/1620
f 1619/1619/1619 1623/1623/1623 1624/1624/1624
f 1625/1625/1625 1624/1624/1624 1620/1620/1620
f 1625/1625/1625 1626/1626/1626 1624/1624/1624
f 1619/1619/1619 1627/1627/1627 1622/1622/1622
f 1622/1622/1622 1627/1627/1627 1628/1628/1628
f 1628/1628/1628 1627/1627/1627 1619/1619/1619
f 1629/1629/1629 1622/1622/1622 1628/1628/1628
f 1629/1629/1629 1628/1628/1628 1630/1630/1630
f 1631/1631/1631 1619/1619/1619 1624/1624/1624
f 1631/1631/1631 1628/1628/1628 1619/1619/1619
f 1626/1626/1626 1632/1632/1632 1624/1624/1624
f 1631/1631/1631 1624/1624/1624 1632/1632/1632
f 1633/1633/1633 1632/1632/1632 1626/1626/1626
f 1633/1633/1633 1631/1631/1631 1632/1632/1632
f 1634/1634/1634 1633/1633/1633 1626/1626/1626
f 1634/1634/1634 1630/1630/1630 1633/1633/1633
f 1628/1628/1628 1635/1635/1635 1630/1630/1630
f 1635/1635/1635 1628/1628/1628 1631/1631/1631
f 1630/1630/1630 1635/1635/1635 1633/1633/1633
f 1633/1633/1633 1635/1635/1635 1631/1631/1631
f 1638/1638/1638 1637/1637/1637 1636/1636/1636
f 1638/1638/1638 1636/1636/1636 1639/1639/1639
f 1637/1637/1637 1640/1640/1640 1636/1636/1636
f 1641/1641/1641 1636/1636/1636 1640/1640/1640
f 1642/1642/1642 1640/1640/1640 1637/1637/1637
f 1641/1641/1641 1640/1640/1640 1642/1642/1642
f 1643/1643/1643 1642/1642/1642 1637/1637/1637
f 1643/1643/1643 1644/1644/1644 1642/1642/1642
f 1636/1636/1636 1645/1645/1645 1639/1639/1639
f 1641/1641/1641 1645/1645/1645 1636/1636/1636
f 1639/1639/1639 1645/1645/1645 1646/1646/1646
f 1641/1641/1641 1646/1646/1646 1645/1645/1645
f 1647/1647/1647 1639/1639/1639 1646/1646/1646
f 1647/1647/1647 1646/1646/1646 1648/1648/1648
f 1644/1644/1644 1649/1649/1649 1642/1642/1642
f 1641/1641/1641 1642/1642/1642 1649/1649/1649
f 1650/1650/1650 1649/1649/1649 1644/1644/1644
f 1641/1641/1641 1649/1649/1649 1650/1650/1650
f 1651/1651/1651 1650/1650/1650 1644/1644/1644
f 1651/1651/1651 1648/1648/1648 1650/1650/1650
f 1646/1646/1646 1652/1652/1652 1648/1648/1648
f 1646/1646/1646 1641/1641/1641 1652/1652/1652
f 1648/1648/1648 1652/1652/1652 1650/1650/1650
f 1641/1641/1641 1650/1650/1650 1652/1652/1652
f 1655/1655/1655 1654/1654/1654 1653/1653/1653
f 1655/1655/1655 1653/1653/1653 1656/1656/1656
f 1654/1654/1654 1657/1657/1657 1653/1653/1653
f 1658/1658/1658 1653/1653/1653 1657/1657/1657
f 1659/1659/1659 1657/1657/1657 1654/1654/1654
f 1658/1658/1658 1657/1657/1657 1659/1659/1659
f 1660/1660/1660 1659/1659/1659 1654/1654/1654
f 1660/1660/1660 1661/1661/1661 1659/1659/1659
f 1653/1653/1653 1662/1662/1662 1656/1656/1656
f 1658/1658/1658 1662/1662/1662 1653/1653/1653
f 1656/1656/1656 1662/1662/1662 1663/1663/1663
f 1658/1658/1658 1663/1663/1663 1662/1662/1662
f 1664/1664/1664 1656/1656/1656 1663/1663/1663
f 1664/1664/1664 1663/1663/1663 1665/1665/1665
f 1661/1661/1661 1666/1666/1666 1659/1659/1659
f 1658/1658/1658 1659/1659/1659 1666/1666/1666
f 1667/1667/1667 1666/1666/1666 1661/1661/1661
f 1658/1658/1658 1666/1666/1666 1667/1667/1667
f 1668/1668/1668 1667/1667/1667 1661/1661/1661
f 1668/1668/1668 1665/1665/1665 1667/1667/1667
f 1663/1663/1663 1669/1669/1669 1665/1665/1665
f 1663/1663/1663 1658/1658/1658 1669/1669/1669
f 1665/1665/1665 1669/1669/1669 1667/1667/1667
f 1658/1658/1658 1667/1667/1667 1669/1669/1669
f 1672/1672/1672 1671/1671/1671 1670/1670/1670
f 1672/1672/1672 1670/1670/1670 1673/1673/1673
f 1671/1671/1671 1674/1674/1674 1670/1670/1670
f 1675/1675/1675 1670/1670/1670 1674/1674/1674
f 1676/1676/1676 1674/1674/1674 1671/1671/1671
f 1675/1675/1675 1674/1674/1674 1676/1676/1676
f 1677/1677/1677 1676/1676/1676 1671/1671/1671
f 1677/1677/1677 1678/1678/1678 1676/1676/1676
f 1670/1670/1670 1679/1679/1679 1673/1673/1673
f 1675/1675/1675 1679/1679/1679 1670/1670/1670
f 1673/1673/1673 1679/1679/1679 1680/1680/1680
f 1675/1675/1675 1680/1680/1680 1679/1679/1679
f 1681/1681/1681 1673/1673/1673 1680/1680/1680
f 1681/1681/1681 1680/1680/1680 1682/1682/1682
f 1678/1678/1678 1683/1683/1683 1676/1676/1676
f 1675/1675/1675 1676/1676/1676 1683/1683/1683
f 1684/1684/1684 1683/1683/1683 1678/1678/1678
f 1675/1675/1675 1683/1683/1683 1684/1684/1684
f 1685/1685/1685 1684/1684/1684 1678/1678/1678
f 1685/1685/1685 1682/1682/1682 1684/1684/1684
f 1680/1680/1680 1686/1686/1686 1682/1682/1682
f 1680/1680/1680 1675/1675/1675 1686/1686/1686
f 1682/1682/1682 1686/1686/1686 1684/1684/1684
f 1675/1675/1675 1684/1684/1684 1686/1686/1686
f 1689/1689/1689 1688/1688/1688 1687/1687/1687
f 1689/1689/1689 1687/1687/1687 1690/1690/1690
f 1688/1688/1688 1691/1691/1691 1687/1687/1687
f 1692/1692/1692 1687/1687/1687 1691/1691/1691
f 1693/1693/1693 1691/1691/1691 1688/1688/1688
f 1692/1692/1692 1691/1691/1691 1693/1693/1693
f 1694/1694/1694 1693/1693/1693 1688/1688/1688
f 1694/1694/1694 1695/1695/1695 1693/1693/1693
f 1687/1687/1687 1696/1696/1696 1690/1690/1690
f 1692/1692/1692 1696/1696/1696 1687/1687/1687
f 1690/1690/1690 1696/1696/1696 1697/1697/1697
f 1692/1692/1692 1697/1697/1697 1696/1696/1696
f 1698/1698/1698 1690/1690/1690 1697/1697/1697
f 1698/1698/1698 1697/1697/1697 1699/1699/1699
f 1695/1695/1695 1700/1700/1700 1693/1693/1693
f 1692/1692/1692 1693/1693/1693 1700/1700/1700
f 1701/1701/1701 1700/1700/1700 1695/1695/1695
f 1692/1692/1692 1700/1700/1700 1701/1701/1701
f 1702/1702/1702 1701/1701/1701 1695/1695/1695
f 1702/1702/1702 1699/1699/1699 1701/1701/1701
f 1697/1697/1697 1703/1703/1703 1699/1699/1699
f 1697/1697/1697 1692/1692/1692 1703/1703/1703
f 1699/1699/1699 1703/1703/1703 1701/1701/1701
f 1692/1692/1692 1701/1701/1701 1703/1703/1703
f 1706/1706/1706 1705/1705/1705 1704/1704/1704
f 1704/1704/1704 1705/1705/1705 1707/1707/1707
f 1708/1708/1708 1705/1705/1705 1706/1706/1706
f 1707/1707/1707 1705/1705/1705 1709/1709/1709
f 1710/1710/1710 1705/1705/1705 1708/1708/1708
f 1709/1709/1709 1705/1705/1705 1710/1710/1710
f 1713/1713/1713 1712/1712/1712 1711/1711/1711
f 1711/1711/1711 1712/1712/1712 1714/1714/1714
f 1715/1715/1715 1712/1712/1712 1713/1713/1713
f 1714/1714/1714 1712/1712/1712 1716/1716/1716
f 1717/1717/1717 1712/1712/1712 1715/1715/1715
f 1716/1716/1716 1712/1712/1712 1717/1717/1717
f 1720/1720/1720 1719/1719/1719 1718/1718/1718
f 1718/1718/1718 1719/1719/1719 1721/1721/1721
f 1722/1722/1722 1719/1719/1719 1720/1720/1720
f 1721/1721/1721 1719/1719/1719 1723/1723/1723
f 1724/1724/1724 1719/1719/1719 1722/1722/1722
f 1723/1723/1723 1719/1719/1719 1724/1724/1724
f 1727/1727/1727 1726/1726/1726 1725/1725/1725
f 1725/1725/1725 1726/1726/1726 1728/1728/1728
f 1729/1729/1729 1726/1726/1726 1727/1727/1727
f 1728/1728/1728 1726/1726/1726 1730/1730/1730
f 1731/1731/1731 1726/1726/1726 1729/1729/1729
f 1730/1730/1730 1726/1726/1726 1731/1731/1731
f 1734/1734/1734 1733/1733/1733 1732/1732/1732
f 1732/1732/1732 1733/1733/1733 1735/1735/1735
f 1736/1736/1736 1733/1733/1733 1734/1734/1734
f 1735/1735/1735 1733/1733/1733 1737/1737/1737
f 1738/1738/1738 1733/1733/1733 1736/1736/1736
f 1737/1737/1737 1733/1733/1733 1738/1738/1738
f 1741/1741/1741 1740/1740/1740 1739/1739/1739
f 1739/1739/1739 1740/1740/1740 1742/1742/1742
f 1743/1743/1743 1740/1740/1740 1741/1741/1741
f 1742/1742/1742 1740/1740/1740 1744/1744/1744
f 1745/1745/1745 1740/1740/1740 1743/1743/1743
f 1744/1744/1744 1740/1740/1740 1745/1745/1745
f 1748/1748/1748 1747/1747/1747 1746/1746/1746
f 1746/1746/1746 1747/1747/1747 1749/1749/1749
f 1750/1750/1750 1747/1747/1747 1748/1748/1748
f 1749/1749/1749 1747/1747/1747 1751/1751/1751
f 1752/1752/1752 1747/1747/1747 1750/1750/1750
f 1751/1751/1751 1747/1747/1747 1753/1753/1753
f 1754/1754/1754 1747/1747/1747 1752/1752/1752
f 1753/1753/1753 1747/1747/1747 1755/1755/1755
f 1756/1756/1756 1747/1747/1747 1754/1754/1754
f 1755/1755/1755 1747/1747/1747 1757/1757/1757
f 1758/1758/1758 1747/1747/1747 1756/1756/1756
f 1757/1757/1757 1747/1747/1747 1758/1758/1758
f 1761/1761/1761 1760/1760/1760 1759/1759/1759
f 1760/1760/1760 1762/1762/1762 1759/1759/1759
f 1763/1763/1763 1760/1760/1760 1761/1761/1761
f 1759/1759/1759 1762/1762/1762 1764/1764/1764
f 1765/1765/1765 1763/1763/1763 1761/1761/1761
f 1762/1762/1762 1766/1766/1766 1764/1764/1764
f 1766/1766/1766 1763/1763/1763 1765/1765/1765
f 1764/1764/1764 1766/1766/1766 1765/1765/1765
f 1769/1769/1769 1768/1768/1768 1767/1767/1767
f 1768/1768/1768 1770/1770/1770 1767/1767/1767
f 1771/1771/1771 1768/1768/1768 1769/1769/1769
f 1767/1767/1767 1770/1770/1770 1772/1772/1772
f 1773/1773/1773 1771/1771/1771 1769/1769/1769
f 1770/1770/1770 1774/1774/1774 1772/1772/1772
f 1774/1774/1774 1771/1771/1771 1773/1773/1773
f 1772/1772/1772 1774/1774/1774 1773/1773/1773
f 1777/1777/1777 1776/1776/1776 1775/1775/1775
f 1776/1776/1776 1778/1778/1778 1775/1775/1775
f 1779/1779/1779 1776/1776/1776 1777/1777/1777
f 1775/1775/1775 1778/1778/1778 1780/1780/1780
f 1781/1781/1781 1779/1779/1779 1777/1777/1777
f 1778/1778/1778 1782/1782/1782 1780/1780/1780
f 1782/1782/1782 1779/1779/1779 1781/1781/1781
f 1780/1780/1780 1782/1782/1782 1781/1781/1781
