g RodSkin_Top_Body
v -0.140464067 0.0222715437 -0.135861397
v -0.196654871 0.0222715493 -0.124343671
v -0.232404947 0.0222714972 -0.0628466085
v -0.164189711 0.0222714562 -0.0589231886
v -0.110737212 0.0222714338 -0.0307666361
v -0.096120134 0.0222715363 -0.0912428573
v -0.127943158 0.0222714841 0.0065654926
v -0.180836752 0.0222714785 -0.000846802315
v -0.235740408 0.0222715288 -0.0162327923
v -0.133584529 0.0299640577 0.0218041521
v -0.186364666 0.0288896095 0.0183890946
v -0.236099213 0.0362553708 0.00602924125
v -0.267586023 0.0162232239 0.0441142097
v -0.203730613 0.0163300261 0.0503028743
v -0.208770975 0.012441121 0.123597085
v -0.136892498 0.0154512636 0.0556338541
v -0.263738155 0.0149792396 0.117875516
v -0.152931035 0.0219726935 0.135561913
v -0.248809949 0.0362045243 0.1777962
v -0.195941463 0.0360460877 0.190381676
v -0.225545108 0.0402846895 0.197458088
v -0.144876823 0.0538967475 -0.127741635
v -0.140464067 0.0222715437 -0.135861397
v -0.096120134 0.0222715363 -0.0912428573
v -0.0972843915 0.0506383404 -0.084327355
v -0.143760845 0.0699330866 -0.133012012
v -0.104428552 0.0614904612 -0.0790433139
v -0.110737212 0.0222714338 -0.0307666361
v -0.111835465 0.0600928552 -0.0311121233
v -0.109081969 0.0486063324 -0.039310202
v -0.127943158 0.0222714841 0.0065654926
v -0.131967276 0.0771572739 0.0156600345
v -0.133903384 0.0460697562 0.0249716211
v -0.133584529 0.0299640577 0.0218041521
v -0.156347975 0.103704803 0.0622422211
v -0.131280646 0.0435476117 0.0697879195
v -0.136892498 0.0154512636 0.0556338541
v -0.159323394 0.0836780146 0.0954081118
v -0.148920268 0.050144691 0.125419497
v -0.152931035 0.0219726935 0.135561913
v -0.195941463 0.0360460877 0.190381676
v -0.168709457 0.0723412186 0.138573095
v -0.200118229 0.0872247368 0.102152139
v -0.192408487 0.108817071 0.0527394414
v -0.227189794 0.0937928185 0.022106383
v -0.194908932 0.0638076365 0.183383778
v -0.222568154 0.0664655939 0.187759742
v -0.225545108 0.0402846895 0.197458088
v -0.248809949 0.0362045243 0.1777962
v -0.205175757 0.0784200057 0.137310207
v -0.241853133 0.0756768957 0.0860406607
v -0.188429385 0.0784778446 0.163576469
v -0.217097595 0.0793756992 0.164638221
v -0.24816069 0.0625045374 0.170776993
v -0.263738155 0.0149792396 0.117875516
v -0.238230631 0.074618578 0.125446349
v -0.240781963 0.0800415501 0.15467912
v -0.259890229 0.0435516313 0.110857263
v -0.267586023 0.0162232239 0.0441142097
v -0.258467972 0.0420673862 0.0573549047
v -0.236099213 0.0362553708 0.00602924125
v -0.240038648 0.0498736389 0.00161357562
v -0.235740408 0.0222715288 -0.0162327923
v -0.224723622 0.0681904256 -0.0527240634
v -0.233075678 0.0488284975 -0.0578407831
v -0.232404947 0.0222714972 -0.0628466085
v -0.194090545 0.0706706196 -0.117197827
v -0.196654871 0.0222715493 -0.124343671
v -0.198591053 0.0543722063 -0.114631824
v -0.143760845 0.0699330866 -0.133012012
v -0.140464067 0.0222715437 -0.135861397
v -0.144876823 0.0538967475 -0.127741635
v 0.140464067 -0.00485638157 -0.135861397
v 0.232404947 -0.00485642906 -0.0628466085
v 0.196654871 -0.00485637505 -0.124343671
v 0.164189711 -0.00485646958 -0.0589231886
v 0.110737212 -0.004856491 -0.0307666361
v 0.096120134 -0.00485638808 -0.0912428573
v 0.127943158 -0.00485644164 0.0065654926
v 0.180836752 -0.00485644583 -0.000846802315
v 0.235740408 -0.00485639693 -0.0162327923
v 0.133584529 0.00283613335 0.0218041521
v 0.186364666 0.00176168338 0.0183890946
v 0.236099213 0.00912744552 0.00602924125
v 0.267586023 -0.0109047005 0.0441142097
v 0.203730613 -0.0107978983 0.0503028743
v 0.208770975 -0.0146868043 0.123597085
v 0.136892498 -0.0116766617 0.0556338541
v 0.263738155 -0.0121486858 0.117875516
v 0.152931035 -0.00515523134 0.135561913
v 0.248809949 0.00907659903 0.1777962
v 0.195941463 0.0089181643 0.190381676
v 0.225545108 0.0131567623 0.197458088
v 0.144876823 0.0267688222 -0.127741635
v 0.096120134 -0.00485638808 -0.0912428573
v 0.140464067 -0.00485638157 -0.135861397
v 0.0972843915 0.0235104151 -0.084327355
v 0.143760845 0.0428051613 -0.133012012
v 0.104428552 0.0343625396 -0.0790433139
v 0.110737212 -0.004856491 -0.0307666361
v 0.111835465 0.0329649299 -0.0311121233
v 0.109081969 0.0214784071 -0.039310202
v 0.127943158 -0.00485644164 0.0065654926
v 0.131967276 0.0500293449 0.0156600345
v 0.133903384 0.0189418327 0.0249716211
v 0.133584529 0.00283613335 0.0218041521
v 0.156347975 0.0765768811 0.0622422211
v 0.131280646 0.0164196845 0.0697879195
v 0.136892498 -0.0116766617 0.0556338541
v 0.159323394 0.056550093 0.0954081118
v 0.148920268 0.0230167639 0.125419497
v 0.152931035 -0.00515523134 0.135561913
v 0.195941463 0.0089181643 0.190381676
v 0.168709457 0.0452132933 0.138573095
v 0.200118229 0.0600968115 0.102152139
v 0.192408487 0.0816891491 0.0527394414
v 0.227189794 0.0666648969 0.022106383
v 0.194908932 0.0366797149 0.183383778
v 0.222568154 0.0393376723 0.187759742
v 0.225545108 0.0131567623 0.197458088
v 0.248809949 0.00907659903 0.1777962
v 0.205175757 0.0512920767 0.137310207
v 0.241853133 0.0485489741 0.0860406607
v 0.188429385 0.0513499193 0.163576469
v 0.217097595 0.0522477776 0.164638221
v 0.24816069 0.0353766158 0.170776993
v 0.263738155 -0.0121486858 0.117875516
v 0.238230631 0.0474906527 0.125446349
v 0.240781963 0.0529136248 0.15467912
v 0.259890229 0.016423706 0.110857263
v 0.267586023 -0.0109047005 0.0441142097
v 0.258467972 0.0149394618 0.0573549047
v 0.236099213 0.00912744552 0.00602924125
v 0.240038648 0.0227457155 0.00161357562
v 0.235740408 -0.00485639693 -0.0162327923
v 0.224723622 0.0410624966 -0.0527240634
v 0.233075678 0.0217005722 -0.0578407831
v 0.232404947 -0.00485642906 -0.0628466085
v 0.194090545 0.0435426943 -0.117197827
v 0.196654871 -0.00485637505 -0.124343671
v 0.198591053 0.027244281 -0.114631824
v 0.143760845 0.0428051613 -0.133012012
v 0.140464067 -0.00485638157 -0.135861397
v 0.144876823 0.0267688222 -0.127741635
v -0.388869584 1.02255118 -0.0702903867
v -0.371283144 1.05556476 -0.0394526832
v -0.387868047 1.03618479 -0.0732477829
v -0.366581798 1.05087256 -0.0297009312
v -0.401569337 1.04802036 -0.0176981818
v -0.422713608 1.02442002 -0.0486621559
v -0.362047344 1.10986364 -0.00650007045
v -0.365534693 1.11055255 -0.0165982712
v -0.386237621 1.13897061 -0.0273101758
v -0.402834952 1.08527982 0.00327813462
v -0.387999684 1.14266121 -0.0153590208
v -0.399523437 1.16006422 -0.0562583916
v -0.44719249 1.03645802 0.00278141093
v -0.463588595 1.01561153 -0.0208839569
v -0.447050035 1.06674898 0.0197037943
v -0.424867749 1.12039697 0.000532331585
v -0.404317677 1.17287636 -0.0538833551
v -0.48402071 1.01976013 0.0305768717
v -0.500856936 0.997981787 0.00395398261
v -0.484649241 1.04784989 0.0464011841
v -0.518455207 1.02882051 0.0728421882
v -0.519629538 1.00237918 0.0538956113
v -0.534422636 0.979898453 0.027605718
v -0.526509583 1.00504756 0.0537342392
v -0.540508687 0.987023711 0.0299447551
v -0.527216673 1.0264411 0.0670398325
v -0.53792423 1.03934932 0.0695739985
v -0.465162128 1.09498191 0.0198976807
v -0.502413034 1.07118535 0.0473418757
v -0.532185376 1.04601598 0.0756280348
v -0.457805008 1.13923252 -0.0258169863
v -0.558125138 1.06418693 0.0665224567
v -0.557420671 1.05301154 0.0622828119
v -0.494748354 1.1101501 0.00652950397
v -0.526940882 1.08368015 0.036418397
v -0.478942245 1.12988281 -0.0585030802
v -0.585357428 1.05519509 0.0406659171
v -0.580633104 1.04755509 0.0433655418
v -0.590860367 1.02556968 0.0159284752
v -0.522207379 1.10171652 -0.0236873608
v -0.554939806 1.07663882 0.0102864997
v -0.595670044 1.02832615 0.0107369861
v -0.584715009 1.00198007 0.00275516394
v -0.563831031 1.05261827 -0.0200263504
v -0.589849174 1.00061738 -0.00403203256
v -0.564086556 0.985604286 0.0100999484
v -0.525666535 1.08108032 -0.0506732725
v -0.567137122 0.982884705 0.00116192328
v -0.540508687 0.987023711 0.0299447551
v -0.534422636 0.979898453 0.027605718
v -0.555618882 1.01927209 -0.0355774797
v -0.524720609 0.995912135 -0.0264262203
v -0.500856936 0.997981787 0.00395398261
v -0.518247008 1.04081774 -0.0685738176
v -0.488138288 1.01346719 -0.0532459579
v -0.463588595 1.01561153 -0.0208839569
v -0.422713608 1.02442002 -0.0486621559
v -0.481464088 1.06510389 -0.107012399
v -0.452109605 1.0265156 -0.0901582539
v -0.388869584 1.02255118 -0.0702903867
v -0.426190525 1.03231919 -0.118060075
v -0.483502716 1.10878801 -0.0860112831
v -0.421028197 1.04398346 -0.108976752
v -0.387868047 1.03618479 -0.0732477829
v -0.448729575 1.08321905 -0.135620937
v -0.434846401 1.08407152 -0.121399306
v -0.447713196 1.13579381 -0.124983914
v -0.436652541 1.12868583 -0.116770335
v -0.437296838 1.16005051 -0.0993520096
v -0.427495629 1.15070486 -0.0954788849
v -0.359672904 1.0312264 -0.0801382586
v -0.387868047 1.03618479 -0.0732477829
v -0.371283144 1.05556476 -0.0394526832
v -0.347117484 1.05282187 -0.0368717499
v -0.315130681 1.05030572 -0.0789831802
v -0.365534693 1.11055255 -0.0165982712
v -0.301608145 1.07343161 -0.0243192483
v -0.30047372 1.06443751 -0.0826318413
v -0.350312918 1.10119629 -0.00911124237
v -0.386237621 1.13897061 -0.0273101758
v -0.288390756 1.08613694 -0.0312328357
v -0.271538526 1.07599306 -0.0945858732
v -0.316324711 1.11947668 0.00417322945
v -0.373533815 1.15255857 -0.0249186344
v -0.352743506 1.17351842 -0.00422423985
v -0.395756453 1.16816473 -0.063110061
v -0.399523437 1.16006422 -0.0562583916
v -0.427495629 1.15070486 -0.0954788849
v -0.375512958 1.18404472 -0.0518052131
v -0.408213973 1.15485942 -0.103415787
v -0.436652541 1.12868583 -0.116770335
v -0.386201322 1.17017722 -0.101400353
v -0.379125297 1.12716067 -0.131751657
v -0.410074234 1.12688398 -0.127525806
v -0.434846401 1.08407152 -0.121399306
v -0.407909274 1.08505511 -0.139124036
v -0.421028197 1.04398346 -0.108976752
v -0.384984314 1.04580498 -0.119044952
v -0.387868047 1.03618479 -0.0732477829
v -0.359672904 1.0312264 -0.0801382586
v -0.37943536 1.08267784 -0.137973368
v -0.345181942 1.06182659 -0.125979617
v -0.315130681 1.05030572 -0.0789831802
v -0.314042985 1.06769383 -0.12460272
v -0.30047372 1.06443751 -0.0826318413
v -0.288930088 1.08259594 -0.136039197
v -0.271538526 1.07599306 -0.0945858732
v -0.233379543 1.10699046 -0.0885388032
v -0.263744026 1.11265492 -0.151566759
v -0.207038939 1.11774015 -0.0905158594
v -0.220716372 1.12444723 -0.154645175
v -0.191125914 1.12587202 -0.0856047273
v -0.200549915 1.12848663 -0.156945616
v -0.178848296 1.1248908 -0.0831179693
v -0.181908593 1.1314075 -0.156761035
v -0.227492586 1.18178475 -0.17888537
v -0.204015762 1.20549476 -0.191911608
v -0.181925505 1.21066272 -0.199034512
v -0.219714314 1.25116551 -0.178793818
v -0.188432887 1.26033258 -0.183489487
v -0.241542548 1.22153878 -0.167552263
v -0.224635899 1.28638399 -0.143555686
v -0.192906007 1.29939294 -0.150086343
v -0.26959911 1.14439046 -0.169780239
v -0.24593854 1.25021744 -0.131288424
v -0.229639128 1.30968189 -0.0797515288
v -0.195091411 1.32911146 -0.0786013305
v -0.175443217 1.28436971 0.00115754211
v -0.253697574 1.27079606 -0.0795045421
v -0.207549617 1.27576721 -0.00386350905
v -0.180452958 1.19231975 0.0231028274
v -0.297474205 1.16992056 -0.153523922
v -0.194347277 1.19302738 0.0214073062
v -0.177305996 1.14516723 -0.0191142745
v -0.298996419 1.20201576 -0.110474691
v -0.231936961 1.24374068 -0.0141315851
v -0.188345417 1.14848065 -0.0216429066
v -0.178848296 1.1248908 -0.0831179693
v -0.191125914 1.12587202 -0.0856047273
v -0.21301575 1.17932737 0.00221423851
v -0.203799188 1.14010048 -0.0331811756
v -0.207038939 1.11774015 -0.0905158594
v -0.233379543 1.10699046 -0.0885388032
v -0.228279233 1.1319679 -0.038586773
v -0.248993844 1.16468108 -0.0090474626
v -0.261725038 1.0923636 -0.0358466357
v -0.303511471 1.12791526 -0.00430230983
v -0.281801075 1.1320833 -7.18724687E-06
v -0.33778429 1.17814136 -0.012760262
v -0.317091852 1.18026245 -0.00880881026
v -0.288498163 1.20181501 -0.0257828832
v -0.306854695 1.21404493 -0.0752243623
v -0.335912079 1.20023429 -0.0570880286
v -0.358786404 1.18493736 -0.0586056262
v -0.366110831 1.17307389 -0.103455923
v -0.336974233 1.19726646 -0.103540741
v -0.322738349 1.16047096 -0.145856202
v -0.352992356 1.14764762 -0.136154667
v -0.318659931 1.13471222 -0.166457847
v -0.330562323 1.13026047 -0.162845448
v -0.344815552 1.12421918 -0.158274889
v -0.305527508 1.1226846 -0.174116477
v -0.326510191 1.11392057 -0.168498576
v -0.302769035 1.10773349 -0.165535793
v -0.314634651 1.09357214 -0.158220485
v -0.339062244 1.10719144 -0.16335395
v -0.326465756 1.08655155 -0.152832553
v -0.341135919 1.08378732 -0.15348123
v -0.357273281 1.09361076 -0.159131706
v -0.35712719 1.1145674 -0.156200558
v -0.573098302 0.982738912 0.00601306278
v -0.564086556 0.985604286 0.0100999484
v -0.584715009 1.00198007 0.00275516394
v -0.593847394 1.00231683 0.00332867587
v -0.590860367 1.02556968 0.0159284752
v -0.600293398 0.995818794 0.0161945205
v -0.582295537 0.97099793 0.0196772087
v -0.599345565 1.02881873 0.0168666467
v -0.580633104 1.04755509 0.0433655418
v -0.598557651 1.01878321 0.0263241418
v -0.606245518 0.989277244 0.0323472358
v -0.597221911 0.969463587 0.0291637182
v -0.587729275 1.04758036 0.0419706143
v -0.557420671 1.05301154 0.0622828119
v -0.604398191 1.01050162 0.0396061391
v -0.6210289 0.971067309 0.0454691127
v -0.612012327 0.956423938 0.0400310121
v -0.633688748 0.951868892 0.0625576377
v -0.624142051 0.942431808 0.0593023784
v -0.627283394 0.935291111 0.0632799566
v -0.589081466 1.03838575 0.0512715131
v -0.571865618 1.04475844 0.071336098
v -0.560626268 1.05656815 0.0674606934
v -0.53792423 1.03934932 0.0695739985
v -0.600313127 1.02543342 0.0577467456
v -0.53524369 1.0403024 0.076462023
v -0.527216673 1.0264411 0.0670398325
v -0.522314847 1.01665986 0.0700280815
v -0.540714264 1.03166735 0.0779588148
v -0.532762706 1.00981975 0.069331862
v -0.541036606 1.02317822 0.0857643858
v -0.534817815 1.00763726 0.0742138773
v -0.542246342 1.01447058 0.0962381735
v -0.53759563 0.998247623 0.0904612169
v -0.53912735 0.987943232 0.106604278
v -0.563463986 1.03289115 0.08311712
v -0.592281044 1.0300895 0.0791017413
v -0.585139871 1.02129269 0.0998950377
v -0.559194863 1.02127385 0.105182409
v -0.612348437 1.00723219 0.075037688
v -0.538542211 1.00607681 0.113179013
v -0.562719584 1.01314557 0.12414483
v -0.541121364 0.996577799 0.132722825
v -0.539512277 0.984106362 0.124871872
v -0.573829412 1.01961374 0.110713243
v -0.55958569 1.00136888 0.139393345
v -0.544597387 0.981293976 0.149275124
v -0.541580379 0.974166393 0.140240744
v -0.542693734 0.96357888 0.145207256
v -0.579292357 1.00926781 0.123346068
v -0.561402917 0.985000134 0.152424708
v -0.545645177 0.971253753 0.155601814
v -0.550739408 0.955273271 0.153749496
v -0.574800313 0.994230986 0.134381965
v -0.570373595 0.990041733 0.137787223
v -0.58149749 0.991221845 0.133203596
v -0.568318009 0.979905188 0.145943448
v -0.570018113 0.969418705 0.151526943
v -0.585929334 0.990111649 0.134838149
v -0.563492358 0.975584269 0.15932101
v -0.563619196 0.957960129 0.157324761
v -0.549854934 0.962204397 0.161603734
v -0.560434699 0.964771092 0.164106891
v -0.590354621 1.00922179 0.120871872
v -0.607125163 0.995833397 0.138085291
v -0.594489336 0.986170352 0.142226517
v -0.6003263 0.982839227 0.147923812
v -0.605986178 1.00985134 0.110058896
v -0.612951815 0.989025116 0.143933073
v -0.609626472 0.973140538 0.160022974
v -0.599493027 1.01631236 0.100625001
v -0.605073392 1.01416838 0.0903590024
v -0.621437967 0.993922055 0.0865352675
v -0.614503264 1.00343513 0.100853384
v -0.619086981 0.993534446 0.126985908
v -0.620183468 0.977284014 0.15678297
v -0.61378181 0.956373155 0.172465727
v -0.621825337 0.98142457 0.130974114
v -0.621107101 0.978481591 0.126733318
v -0.616472423 0.996926963 0.0581876412
v -0.61755681 0.988176346 0.0489364862
v -0.624562204 0.985176623 0.0697647184
v -0.624155343 0.978850543 0.0566058382
v -0.62823385 0.969393909 0.145179838
v -0.623543799 0.988545179 0.120723501
v -0.628204882 0.985091031 0.11550954
v -0.631614804 0.980017245 0.10754887
v -0.634021521 0.962333381 0.0786195099
v -0.634598374 0.958864689 0.0719483793
v -0.633655727 0.950100064 0.0815825611
v -0.635785758 0.966599703 0.0860455707
v -0.632731974 0.95298934 0.0831747055
v -0.635978103 0.943187952 0.0683371723
v -0.632339537 0.924544811 0.0704484954
v -0.639442563 0.929241836 0.0775449276
v -0.637630939 0.912105799 0.0855012238
v -0.6356619 0.917297781 0.0963187143
v -0.63115257 0.910718501 0.0776010379
v -0.624739945 0.901553571 0.0831548646
v -0.63179934 0.900542974 0.0898698047
v -0.62030977 0.897506833 0.0918835178
v -0.627149522 0.896648884 0.0949857533
v -0.618065119 0.901159048 0.0992599204
v -0.630082071 0.906294703 0.0996908247
v -0.625841379 0.899675608 0.100552484
v -0.620750725 0.911368608 0.100836709
v -0.626576841 0.921508729 0.099187538
v -0.627927899 0.93545413 0.0934341326
v -0.637114644 0.934522688 0.0892198607
v -0.624798894 0.945602894 0.0875438899
v -0.625504434 0.947184861 0.0830308199
v -0.628224969 0.943502784 0.0865514204
v -0.637577951 0.954352081 0.0896993801
v -0.634621918 0.931169391 0.0953264683
v -0.634677649 0.971263349 0.0943214595
v -0.643188596 0.937484026 0.10083802
v -0.634216547 0.911823988 0.10393092
v -0.632653177 0.975409925 0.100523971
v -0.631783962 0.964874685 0.105688713
v -0.635154545 0.961638749 0.103317976
v -0.64231205 0.911932886 0.113911808
v -0.639216065 0.918431222 0.125551209
v -0.628229737 0.898153007 0.110308319
v -0.638217926 0.898769677 0.121055514
v -0.622710943 0.890868425 0.120343313
v -0.635175884 0.967613161 0.113125317
v -0.640668809 0.943962097 0.112789862
v -0.630584121 0.942672372 0.116973713
v -0.623852074 0.956060767 0.10932371
v -0.622970939 0.958086967 0.105245546
v -0.626787901 0.954930425 0.109219313
v -0.629635513 0.924042344 0.126072705
v -0.62226814 0.910612643 0.130108312
v -0.635339737 0.942162991 0.122766115
v -0.633734107 0.90597105 0.131137058
v -0.619440317 0.897800207 0.129775316
v -0.629887819 0.896704435 0.133130625
v -0.63320744 0.891384959 0.126586959
v -0.641673565 0.950613379 0.128287882
v -0.643414497 0.925762832 0.145358801
v -0.63756454 0.923480809 0.13495031
v -0.631644368 0.908897161 0.142258316
v -0.627608716 0.975434244 0.125943109
v -0.638801455 0.911017716 0.152873755
v -0.62646395 0.90157479 0.15228793
v -0.634518802 0.903336644 0.158242851
v -0.621620178 0.906576991 0.161275327
v -0.631223142 0.907787144 0.164260894
v -0.633228838 0.91817838 0.161591902
v -0.620808303 0.920888841 0.160485119
v -0.636633098 0.932472527 0.155789554
v -0.624984324 0.935996175 0.154395714
v -0.623531699 0.954539776 0.141930714
v -0.634931207 0.95733732 0.139099121
v -0.614772916 0.96738106 0.129921108
v -0.611731708 0.971333444 0.126407817
v -0.615705311 0.968482614 0.128153518
v -0.62367034 0.96126461 0.141181901
v -0.627524137 0.94587642 0.155526131
v -0.632069051 0.948031068 0.163655981
v -0.624437094 0.930473745 0.162472323
v -0.628801286 0.933816612 0.172211066
v -0.619157732 0.922638416 0.172219321
v -0.624858379 0.95499289 0.174578801
v -0.610937119 0.941176593 0.179248318
v -0.622515738 0.939317167 0.180615157
v -0.612868488 0.926969171 0.180056527
v -0.626899242 0.925988376 0.178435817
v -0.622730911 0.928960204 0.184108302
v -0.522314847 1.01665986 0.0700280815
v -0.527216673 1.0264411 0.0670398325
v -0.526509583 1.00504756 0.0537342392
v -0.527573228 0.996825337 0.0530918799
v -0.532762706 1.00981975 0.069331862
v -0.540508687 0.987023711 0.0299447551
v -0.538402021 0.988045514 0.0609586164
v -0.534817815 1.00763726 0.0742138773
v -0.541283429 0.987808466 0.0704291314
v -0.55922085 0.979321301 0.0654932559
v -0.53759563 0.998247623 0.0904612169
v -0.547829628 0.983604431 0.0583815612
v -0.539498508 0.98147738 0.0361546539
v -0.547040522 0.980506241 0.0887455791
v -0.53912735 0.987943232 0.106604278
v -0.554241121 0.976646006 0.0717987046
v -0.574473441 0.971250594 0.0828468055
v -0.549321949 0.978687108 0.0237071738
v -0.564086556 0.985604286 0.0100999484
v -0.573098302 0.982738912 0.00601306278
v -0.582295537 0.97099793 0.0196772087
v -0.551896393 0.979875684 0.0516175292
v -0.561179161 0.97246927 0.0312559642
v -0.565296829 0.970547795 0.0406598635
v -0.574837089 0.968777061 0.0304698758
v -0.597221911 0.969463587 0.0291637182
v -0.577138364 0.956128538 0.0575167723
v -0.585913897 0.955962539 0.0400753319
v -0.598835051 0.947295487 0.0523257889
v -0.612012327 0.956423938 0.0400310121
v -0.624142051 0.942431808 0.0593023784
v -0.591134071 0.950435638 0.0700006858
v -0.615509689 0.94042933 0.0679864436
v -0.627283394 0.935291111 0.0632799566
v -0.615510583 0.945847511 0.0831349641
v -0.617067397 0.935984433 0.0707294643
v -0.619409144 0.925347626 0.0752974898
v -0.586804152 0.959984004 0.0859999359
v -0.632339537 0.924544811 0.0704484954
v -0.610863686 0.953872919 0.101991631
v -0.584843576 0.96744138 0.107505269
v -0.63115257 0.910718501 0.0776010379
v -0.603023827 0.964555621 0.120531879
v -0.614749968 0.952874839 0.11232584
v -0.616607845 0.940488517 0.0812771618
v -0.619578838 0.915874958 0.0805926844
v -0.624739945 0.901553571 0.0831548646
v -0.617578566 0.930450916 0.0858084634
v -0.617874205 0.920758545 0.0901882425
v -0.616619885 0.907151937 0.0848656669
v -0.615775466 0.900608182 0.090108715
v -0.62030977 0.897506833 0.0918835178
v -0.618065119 0.901159048 0.0992599204
v -0.61484915 0.911999643 0.0933952034
v -0.614299536 0.903498948 0.0950389206
v -0.620750725 0.911368608 0.100836709
v -0.626576841 0.921508729 0.099187538
v -0.627927899 0.93545413 0.0934341326
v -0.624798894 0.945602894 0.0875438899
v -0.625504434 0.947184861 0.0830308199
v -0.628224969 0.943502784 0.0865514204
v -0.618847609 0.942820966 0.0913750976
v -0.621804118 0.93168509 0.0988870934
v -0.634621918 0.931169391 0.0953264683
v -0.634216547 0.911823988 0.10393092
v -0.616516709 0.949190259 0.102401383
v -0.623852074 0.956060767 0.10932371
v -0.622970939 0.958086967 0.105245546
v -0.626787901 0.954930425 0.109219313
v -0.620554566 0.939671814 0.123406909
v -0.635339737 0.942162991 0.122766115
v -0.63756454 0.923480809 0.13495031
v -0.620414555 0.937528849 0.109515861
v -0.620777726 0.922825575 0.116566911
v -0.630584121 0.942672372 0.116973713
v -0.629635513 0.924042344 0.126072705
v -0.62226814 0.910612643 0.130108312
v -0.608595431 0.958602488 0.122415282
v -0.622363508 0.924612999 0.133499518
v -0.631644368 0.908897161 0.142258316
v -0.621648908 0.917683005 0.106233113
v -0.617390156 0.904713988 0.110846519
v -0.628229737 0.898153007 0.110308319
v -0.615629733 0.910475791 0.120822109
v -0.614945769 0.900635183 0.123379909
v -0.619440317 0.897800207 0.129775316
v -0.616515338 0.896464646 0.117342718
v -0.622710943 0.890868425 0.120343313
v -0.616576552 0.930884182 0.142936915
v -0.614637911 0.946051002 0.132747114
v -0.614772916 0.96738106 0.129921108
v -0.623531699 0.954539776 0.141930714
v -0.611731708 0.971333444 0.126407817
v -0.624984324 0.935996175 0.154395714
v -0.620808303 0.920888841 0.160485119
v -0.615705311 0.968482614 0.128153518
v -0.614614487 0.917868376 0.150194511
v -0.620093763 0.911964417 0.141037911
v -0.61639291 0.907944977 0.154725119
v -0.621620178 0.906576991 0.161275327
v -0.619658113 0.904379189 0.148957923
v -0.62646395 0.90157479 0.15228793
v -0.604640186 0.965165555 0.130349055
v -0.611954093 0.957624972 0.142654315
v -0.62367034 0.96126461 0.141181901
v -0.592228889 0.973541319 0.13330406
v -0.599362195 0.971958339 0.1380575
v -0.615663886 0.944233 0.153247327
v -0.627524137 0.94587642 0.155526131
v -0.624437094 0.930473745 0.162472323
v -0.60583055 0.962265372 0.150322318
v -0.594489336 0.986170352 0.142226517
v -0.6003263 0.982839227 0.147923812
v -0.609626472 0.973140538 0.160022974
v -0.585929334 0.990111649 0.134838149
v -0.608211935 0.949236989 0.161260918
v -0.61378181 0.956373155 0.172465727
v -0.610937119 0.941176593 0.179248318
v -0.613352716 0.932340443 0.160405934
v -0.580953181 0.978939533 0.122410864
v -0.606627941 0.937348008 0.168185517
v -0.612771332 0.924856007 0.168050528
v -0.619157732 0.922638416 0.172219321
v -0.612868488 0.926969171 0.180056527
v -0.608742952 0.927959204 0.173072517
v -0.576808691 0.979400694 0.120831408
v -0.58149749 0.991221845 0.133203596
v -0.574800313 0.994230986 0.134381965
v -0.577518284 0.971320927 0.105629541
v -0.562083364 0.971822321 0.0866201073
v -0.569804668 0.970394313 0.106913768
v -0.569665015 0.981498778 0.121194772
v -0.5579983 0.974895358 0.109444626
v -0.565775037 0.976955712 0.127942577
v -0.570373595 0.990041733 0.137787223
v -0.568318009 0.979905188 0.145943448
v -0.555269659 0.972620964 0.123106524
v -0.539512277 0.984106362 0.124871872
v -0.541580379 0.974166393 0.140240744
v -0.563008904 0.972024798 0.136060923
v -0.570018113 0.969418705 0.151526943
v -0.553491354 0.968579352 0.13306585
v -0.542693734 0.96357888 0.145207256
v -0.56374222 0.963254869 0.142198235
v -0.553026795 0.960714102 0.13908647
v -0.562292039 0.956092596 0.148576811
v -0.563619196 0.957960129 0.157324761
v -0.550739408 0.955273271 0.153749496
v -0.554747581 0.954484224 0.146373555
v 0.388677925 1.06467962 -0.00497763045
v 0.387676388 1.07831335 -0.00793503411
v 0.371091515 1.0976932 0.0258600712
v 0.366390139 1.09300101 0.0356118232
v 0.401377678 1.09014881 0.0476145707
v 0.422521979 1.06654847 0.0166505966
v 0.361855716 1.1519922 0.058812689
v 0.365343034 1.15268099 0.048714485
v 0.386045992 1.18109906 0.0380025767
v 0.402643323 1.12740839 0.0685908869
v 0.387808025 1.18478966 0.0499537326
v 0.399331778 1.20219278 0.00905436464
v 0.447000861 1.07858658 0.0680941716
v 0.463396937 1.05773997 0.0444287993
v 0.446858406 1.10887742 0.0850165486
v 0.42467612 1.16252553 0.0658450872
v 0.404126018 1.21500492 0.011429403
v 0.483829081 1.06188869 0.0958896279
v 0.500665307 1.04011035 0.0692667365
v 0.484457612 1.08997846 0.111713938
v 0.518263578 1.07094908 0.138154939
v 0.519437909 1.04450774 0.119208366
v 0.534231007 1.02202702 0.092918478
v 0.526317954 1.047176 0.119046994
v 0.540317059 1.02915215 0.0952575132
v 0.527025044 1.06856966 0.132352591
v 0.537732542 1.08147776 0.134886757
v 0.464970499 1.13711035 0.0852104351
v 0.502221406 1.11331391 0.112654626
v 0.531993747 1.08814442 0.140940785
v 0.457613379 1.18136108 0.0394957699
v 0.55793345 1.10631549 0.131835207
v 0.557229042 1.0951401 0.127595574
v 0.494556725 1.15227854 0.0718422607
v 0.526749253 1.12580872 0.101731151
v 0.478750616 1.17201126 0.00680967793
v 0.585165799 1.09732366 0.105978675
v 0.580441475 1.08968365 0.108678296
v 0.590668738 1.06769812 0.0812412351
v 0.52201575 1.14384496 0.0416253917
v 0.554748178 1.11876738 0.0755992532
v 0.595478415 1.0704546 0.0760497451
v 0.58452338 1.04410863 0.0680679232
v 0.563639402 1.09474671 0.0452864058
v 0.589657545 1.04274583 0.0612807237
v 0.563894868 1.02773273 0.0754127055
v 0.525474906 1.12320888 0.014639481
v 0.566945434 1.02501321 0.0664746836
v 0.540317059 1.02915215 0.0952575132
v 0.534231007 1.02202702 0.092918478
v 0.555427194 1.06140065 0.0297352765
v 0.52452898 1.03804064 0.0388865359
v 0.500665307 1.04011035 0.0692667365
v 0.518055379 1.0829463 -0.00326106395
v 0.487946659 1.05559576 0.0120667983
v 0.463396937 1.05773997 0.0444287993
v 0.422521979 1.06654847 0.0166505966
v 0.481272459 1.10723233 -0.0416996442
v 0.451917946 1.06864405 -0.024845494
v 0.388677925 1.06467962 -0.00497763045
v 0.425998867 1.07444775 -0.0527473167
v 0.483311087 1.15091646 -0.0206985287
v 0.420836568 1.0861119 -0.0436639935
v 0.387676388 1.07831335 -0.00793503411
v 0.448537946 1.1253475 -0.0703081787
v 0.434654772 1.12619996 -0.0560865514
v 0.447521567 1.17792237 -0.0596711561
v 0.436460912 1.17081428 -0.0514575802
v 0.437105179 1.20217907 -0.0340392552
v 0.42730397 1.19283342 -0.0301661305
v 0.359481245 1.07335496 -0.014825508
v 0.371091515 1.0976932 0.0258600712
v 0.387676388 1.07831335 -0.00793503411
v 0.346925855 1.09495044 0.028440997
v 0.319865316 1.09275866 -0.0287179686
v 0.365343034 1.15268099 0.048714485
v 0.306342751 1.11588454 0.0259459633
v 0.305208355 1.10689044 -0.0323666297
v 0.350121289 1.14332485 0.0562015027
v 0.386045992 1.18109906 0.0380025767
v 0.293125391 1.12858987 0.0190323777
v 0.276273161 1.11844599 -0.0443206578
v 0.321059316 1.16192949 0.054438442
v 0.373342156 1.19468725 0.0403941125
v 0.357478142 1.21597147 0.0460409746
v 0.395564824 1.21029329 0.00220268569
v 0.399331778 1.20219278 0.00905436464
v 0.42730397 1.19283342 -0.0301661305
v 0.380247593 1.22649765 -0.00153999985
v 0.408022314 1.19698799 -0.0381030403
v 0.436460912 1.17081428 -0.0514575802
v 0.390935928 1.21263015 -0.0511351414
v 0.383859932 1.1696136 -0.0814864486
v 0.409882575 1.16901255 -0.0622130595
v 0.434654772 1.12619996 -0.0560865514
v 0.407717615 1.12718368 -0.0738112852
v 0.420836568 1.0861119 -0.0436639935
v 0.384792656 1.08793354 -0.0537322052
v 0.387676388 1.07831335 -0.00793503411
v 0.359481245 1.07335496 -0.014825508
v 0.384169966 1.12513077 -0.0877081528
v 0.349916548 1.10427952 -0.0757144019
v 0.319865316 1.09275866 -0.0287179686
v 0.318777591 1.11014676 -0.0743375123
v 0.305208355 1.10689044 -0.0323666297
v 0.293664724 1.12504888 -0.0857739821
v 0.276273161 1.11844599 -0.0443206578
v 0.238114163 1.14944339 -0.0382735915
v 0.268478662 1.15510786 -0.101301543
v 0.211773574 1.16019297 -0.0402506441
v 0.225450993 1.16690016 -0.104379967
v 0.195860535 1.16832495 -0.0353395157
v 0.205284551 1.17093956 -0.106680401
v 0.183582932 1.16734374 -0.0328527577
v 0.186643213 1.17386043 -0.106495827
v 0.232227206 1.22423768 -0.128620163
v 0.208750382 1.24794769 -0.1416464
v 0.186660126 1.25311565 -0.148769289
v 0.224448934 1.29361856 -0.128528595
v 0.193167523 1.30278552 -0.133224279
v 0.246277183 1.26399171 -0.117287047
v 0.22937052 1.32883704 -0.0932904705
v 0.197640643 1.34184587 -0.0998211354
v 0.274333745 1.1868434 -0.119515024
v 0.250673175 1.29267037 -0.0810232162
v 0.234373748 1.35213482 -0.0294863172
v 0.199826032 1.37156451 -0.028336117
v 0.180177853 1.32682264 0.0514227636
v 0.25843218 1.31324899 -0.0292393304
v 0.212284237 1.31822026 0.046401713
v 0.185187578 1.23477268 0.0733680502
v 0.302208841 1.2123735 -0.103258707
v 0.199081898 1.23548043 0.0716725215
v 0.182040617 1.18762004 0.0311509352
v 0.303731024 1.24446869 -0.0602094792
v 0.236671597 1.28619373 0.0361336283
v 0.193080038 1.19093359 0.0286223032
v 0.183582932 1.16734374 -0.0328527577
v 0.195860535 1.16832495 -0.0353395157
v 0.217750371 1.2217803 0.0524794497
v 0.208533823 1.18255329 0.017084036
v 0.211773574 1.16019297 -0.0402506441
v 0.238114163 1.14944339 -0.0382735915
v 0.233013868 1.17442083 0.0116784405
v 0.253728479 1.20713401 0.0412177481
v 0.266459674 1.13481653 0.0144185787
v 0.308246106 1.17036808 0.0459629036
v 0.28653571 1.17453623 0.0502580255
v 0.342518926 1.22059429 0.0375049487
v 0.321826488 1.22271538 0.0414564013
v 0.293232769 1.24426794 0.0244823303
v 0.311589301 1.25649786 -0.0249591507
v 0.340646714 1.24268723 -0.00682281423
v 0.363521039 1.22739029 -0.00834041182
v 0.370845437 1.21552694 -0.0531907082
v 0.341708839 1.23971951 -0.0532755256
v 0.327472985 1.20292389 -0.0955909863
v 0.357726991 1.19010055 -0.0858894512
v 0.323394567 1.17716527 -0.116192639
v 0.335296959 1.17271328 -0.112580232
v 0.349550158 1.16667211 -0.108009674
v 0.310262144 1.16513753 -0.123851255
v 0.331244826 1.1563735 -0.118233368
v 0.30750367 1.15018642 -0.115270577
v 0.319369286 1.13602507 -0.107955277
v 0.343796879 1.14964437 -0.113088742
v 0.331200391 1.12900448 -0.102567345
v 0.345870525 1.12624025 -0.103216015
v 0.362007916 1.13606369 -0.10886649
v 0.361861825 1.15702033 -0.105935335
v 0.572906673 1.02486742 0.0713258162
v 0.58452338 1.04410863 0.0680679232
v 0.563894868 1.02773273 0.0754127055
v 0.593655765 1.0444454 0.0686414316
v 0.590668738 1.06769812 0.0812412351
v 0.600101769 1.0379473 0.081507273
v 0.582103908 1.01312649 0.084989965
v 0.599153936 1.07094729 0.0821794048
v 0.580441475 1.08968365 0.108678296
v 0.598366022 1.06091177 0.0916368961
v 0.606053889 1.03140581 0.0976599902
v 0.597030282 1.01159203 0.0944764763
v 0.587537587 1.08970892 0.107283369
v 0.557229042 1.0951401 0.127595574
v 0.604206562 1.05263019 0.104918897
v 0.620837212 1.01319575 0.110781871
v 0.611820698 0.998552442 0.105343767
v 0.633497119 0.993997395 0.127870396
v 0.623950422 0.98456037 0.124615133
v 0.627091765 0.977419674 0.128592715
v 0.588889837 1.08051419 0.116584264
v 0.571673989 1.086887 0.136648849
v 0.560434639 1.09869659 0.132773459
v 0.537732542 1.08147776 0.134886757
v 0.600121498 1.06756186 0.123059504
v 0.535052061 1.08243084 0.141774788
v 0.527025044 1.06856966 0.132352591
v 0.522123218 1.05878842 0.13534084
v 0.540522635 1.07379591 0.14327158
v 0.532571077 1.05194819 0.134644628
v 0.540844977 1.06530678 0.151077151
v 0.534626126 1.04976583 0.139526635
v 0.542054713 1.05659902 0.161550924
v 0.537404001 1.04037607 0.155773968
v 0.536575437 1.03288925 0.164350212
v 0.563272297 1.0750196 0.148429886
v 0.592089355 1.07221794 0.144414485
v 0.584948182 1.06342113 0.165207788
v 0.559003174 1.06340241 0.170495167
v 0.612156808 1.04936063 0.140350446
v 0.539888144 1.04977167 0.174966395
v 0.563774884 1.05209637 0.188337341
v 0.543345273 1.02940142 0.190112084
v 0.540695012 1.0235827 0.176737428
v 0.573637784 1.06174231 0.176026002
v 0.56244421 1.0299505 0.196693242
v 0.547715783 1.00749528 0.194659129
v 0.543731272 1.0067116 0.183477238
v 0.544925034 0.995207071 0.181422561
v 0.579100728 1.05139625 0.188658834
v 0.564833701 1.00911975 0.197886899
v 0.548975289 0.995665133 0.19403401
v 0.553394198 0.983696043 0.182989851
v 0.573535502 1.03210175 0.188947618
v 0.570815206 1.02311623 0.189020485
v 0.581305802 1.03335035 0.198516369
v 0.571018934 1.00877285 0.189088747
v 0.572851956 0.997013152 0.187545463
v 0.585737705 1.03224015 0.200150892
v 0.567197978 0.997501552 0.197992489
v 0.566605866 0.984153867 0.186326325
v 0.55338788 0.984903932 0.193432659
v 0.564215243 0.98582238 0.196023136
v 0.590162992 1.05135024 0.18618463
v 0.606933475 1.03796196 0.203398034
v 0.594297707 1.02829885 0.20753926
v 0.600134671 1.02496767 0.213236585
v 0.605794549 1.05197978 0.175371662
v 0.612760186 1.03115368 0.209245816
v 0.609434783 1.01526904 0.225335687
v 0.599301338 1.05844092 0.165937766
v 0.604881704 1.05629694 0.15567176
v 0.621246338 1.03605056 0.151848018
v 0.614311635 1.0455637 0.166166142
v 0.618895352 1.03566301 0.192298666
v 0.619991839 1.01941252 0.222095683
v 0.613590181 0.998501658 0.2377785
v 0.621633649 1.02355313 0.196286857
v 0.620915473 1.02061009 0.192046076
v 0.616280794 1.03905547 0.123500399
v 0.617365122 1.03030491 0.114249244
v 0.624370575 1.02730513 0.135077477
v 0.623963654 1.02097905 0.121918589
v 0.628042221 1.01152241 0.210492596
v 0.62335217 1.03067362 0.186036259
v 0.628013253 1.02721953 0.180822283
v 0.631423175 1.02214575 0.172861621
v 0.633829892 1.00446188 0.143932268
v 0.634406745 1.00099325 0.137261137
v 0.633464098 0.992228627 0.146895319
v 0.63559413 1.00872827 0.151358321
v 0.632540345 0.995117843 0.148487464
v 0.635786474 0.985316515 0.13364993
v 0.632147849 0.966673315 0.135761246
v 0.639250934 0.971370399 0.142857686
v 0.637439311 0.954234302 0.150813982
v 0.635470271 0.959426284 0.161631465
v 0.630960941 0.952847004 0.142913803
v 0.624548256 0.943682075 0.148467615
v 0.631607711 0.942671478 0.15518257
v 0.620118141 0.939635336 0.157196268
v 0.626957834 0.938777387 0.160298526
v 0.61787349 0.943287551 0.164572686
v 0.629890442 0.948423207 0.165003583
v 0.62564975 0.941804111 0.165865242
v 0.620559096 0.953497112 0.166149467
v 0.626385212 0.963637233 0.164500296
v 0.627736211 0.977582633 0.158746883
v 0.636923015 0.976651251 0.154532626
v 0.624607265 0.987731397 0.152856663
v 0.625312805 0.989313364 0.148343578
v 0.62803334 0.985631287 0.151864186
v 0.637386262 0.996480584 0.155012146
v 0.634430289 0.973297954 0.160639226
v 0.63448602 1.01339185 0.159634218
v 0.642996907 0.979612529 0.166150764
v 0.634024858 0.953952491 0.169243678
v 0.632461548 1.01753843 0.165836722
v 0.631592333 1.00700319 0.171001464
v 0.634962916 1.00376725 0.168630719
v 0.642120421 0.954061389 0.179224566
v 0.639024436 0.960559785 0.190863967
v 0.628038108 0.94028151 0.175621077
v 0.638026297 0.94089824 0.186368272
v 0.622519314 0.932996929 0.185656056
v 0.634984255 1.00974166 0.178438082
v 0.64047718 0.9860906 0.178102612
v 0.630392432 0.984800875 0.182286471
v 0.623660445 0.99818933 0.174636468
v 0.62277925 1.00021541 0.170558304
v 0.626596272 0.997058928 0.174532056
v 0.629443884 0.966170907 0.191385463
v 0.622076511 0.952741146 0.19542107
v 0.635148108 0.984291553 0.18807888
v 0.633542418 0.948099554 0.196449801
v 0.619248688 0.93992871 0.195088089
v 0.62969619 0.938832939 0.198443383
v 0.633015811 0.933513463 0.191899732
v 0.641481936 0.992741883 0.19360064
v 0.643222868 0.967891335 0.210671514
v 0.637372911 0.965609372 0.200263053
v 0.63145268 0.951025665 0.207571059
v 0.627417088 1.01756275 0.191255867
v 0.638609827 0.953146279 0.218186483
v 0.626272321 0.943703294 0.217600703
v 0.634327173 0.945465147 0.223555624
v 0.62142849 0.948705494 0.2265881
v 0.631031513 0.949915648 0.229573667
v 0.63303721 0.960306883 0.226904675
v 0.620616674 0.963017344 0.225797832
v 0.636441469 0.97460103 0.221102282
v 0.624792635 0.978124678 0.219708487
v 0.62334007 0.996668339 0.207243457
v 0.634739518 0.999465823 0.204411864
v 0.614581287 1.00950956 0.195233852
v 0.611540079 1.01346195 0.19172056
v 0.615513682 1.01061118 0.193466276
v 0.623478711 1.00339317 0.206494674
v 0.627332509 0.988004923 0.220838845
v 0.631877422 0.990159631 0.228968695
v 0.624245465 0.972602308 0.227785096
v 0.628609657 0.975945175 0.237523779
v 0.618966043 0.96476692 0.237532094
v 0.62466675 0.997121453 0.239891574
v 0.61074549 0.983305097 0.244561046
v 0.622324109 0.98144567 0.245927885
v 0.612676859 0.969097733 0.2453693
v 0.626707554 0.968116939 0.243748531
v 0.622539282 0.971088707 0.249421015
v 0.522123218 1.05878842 0.13534084
v 0.526317954 1.047176 0.119046994
v 0.527025044 1.06856966 0.132352591
v 0.527381599 1.0389539 0.118404634
v 0.532571077 1.05194819 0.134644628
v 0.540317059 1.02915215 0.0952575132
v 0.538210392 1.03017402 0.126271367
v 0.534626126 1.04976583 0.139526635
v 0.5410918 1.02993703 0.135741889
v 0.559029222 1.0214498 0.130806014
v 0.537404001 1.04037607 0.155773968
v 0.547637999 1.02573287 0.123694316
v 0.539306879 1.02360594 0.101467408
v 0.547456861 1.02340353 0.152893424
v 0.536575437 1.03288925 0.164350212
v 0.554049492 1.01877451 0.13711147
v 0.574281812 1.0133791 0.148159549
v 0.549130321 1.02081561 0.0890199319
v 0.563894868 1.02773273 0.0754127055
v 0.572906673 1.02486742 0.0713258162
v 0.582103908 1.01312649 0.084989965
v 0.551704764 1.02200425 0.116930284
v 0.560987532 1.01459777 0.0965687186
v 0.5651052 1.01267624 0.105972625
v 0.5746454 1.01090562 0.0957826301
v 0.597030282 1.01159203 0.0944764763
v 0.576946676 0.998257101 0.122829527
v 0.585722268 0.998091042 0.10538809
v 0.598643422 0.98942399 0.117638543
v 0.611820698 0.998552442 0.105343767
v 0.623950422 0.98456037 0.124615133
v 0.590942383 0.992564142 0.135313436
v 0.61531806 0.982557833 0.133299202
v 0.627091765 0.977419674 0.128592715
v 0.615318954 0.987976015 0.148447722
v 0.616875768 0.978112936 0.136042222
v 0.619217515 0.96747613 0.140610248
v 0.586612523 1.00211251 0.151312694
v 0.632147849 0.966673315 0.135761246
v 0.610672057 0.996001422 0.167304397
v 0.584651887 1.00956988 0.17281802
v 0.630960941 0.952847004 0.142913803
v 0.602832139 1.00668418 0.18584463
v 0.614558339 0.995003343 0.17763859
v 0.616416216 0.982617021 0.14658992
v 0.619387209 0.958003461 0.145905435
v 0.624548256 0.943682075 0.148467615
v 0.617386937 0.97257942 0.151121229
v 0.617682576 0.962887049 0.155500993
v 0.616428196 0.949280441 0.150178432
v 0.615583837 0.942736685 0.155421481
v 0.620118141 0.939635336 0.157196268
v 0.61787349 0.943287551 0.164572686
v 0.614657521 0.954128146 0.158707961
v 0.614107907 0.945627511 0.160351664
v 0.620559096 0.953497112 0.166149467
v 0.626385212 0.963637233 0.164500296
v 0.627736211 0.977582633 0.158746883
v 0.624607265 0.987731397 0.152856663
v 0.625312805 0.989313364 0.148343578
v 0.62803334 0.985631287 0.151864186
v 0.61865598 0.98494947 0.156687871
v 0.621612489 0.973813593 0.164199844
v 0.634430289 0.973297954 0.160639226
v 0.634024858 0.953952491 0.169243678
v 0.61632508 0.991318822 0.167714134
v 0.623660445 0.99818933 0.174636468
v 0.62277925 1.00021541 0.170558304
v 0.626596272 0.997058928 0.174532056
v 0.620362878 0.981800318 0.188719675
v 0.635148108 0.984291553 0.18807888
v 0.637372911 0.965609372 0.200263053
v 0.620222926 0.979657352 0.174828619
v 0.620586038 0.964954078 0.181879669
v 0.630392432 0.984800875 0.182286471
v 0.629443884 0.966170907 0.191385463
v 0.622076511 0.952741146 0.19542107
v 0.608403802 1.00073099 0.187728047
v 0.622171879 0.966741502 0.198812276
v 0.63145268 0.951025665 0.207571059
v 0.621457279 0.959811509 0.171545878
v 0.617198527 0.946842492 0.176159278
v 0.628038108 0.94028151 0.175621077
v 0.615438104 0.952604294 0.18613486
v 0.614754081 0.942763686 0.188692659
v 0.619248688 0.93992871 0.195088089
v 0.616323709 0.938593149 0.182655469
v 0.622519314 0.932996929 0.185656056
v 0.616384864 0.973012686 0.208249673
v 0.614446282 0.988179505 0.198059887
v 0.614581287 1.00950956 0.195233852
v 0.62334007 0.996668339 0.207243457
v 0.611540079 1.01346195 0.19172056
v 0.624792635 0.978124678 0.219708487
v 0.620616674 0.963017344 0.225797832
v 0.615513682 1.01061118 0.193466276
v 0.614422858 0.959996939 0.215507284
v 0.619902074 0.95409292 0.206350684
v 0.616201282 0.95007354 0.220037848
v 0.62142849 0.948705494 0.2265881
v 0.619466484 0.946507692 0.214270636
v 0.626272321 0.943703294 0.217600703
v 0.604448497 1.00729406 0.195661813
v 0.611762464 0.999753475 0.207967073
v 0.623478711 1.00339317 0.206494674
v 0.592037261 1.01566982 0.198616818
v 0.599170566 1.01408684 0.203370258
v 0.615472257 0.986361504 0.21856004
v 0.627332509 0.988004923 0.220838845
v 0.624245465 0.972602308 0.227785096
v 0.605638862 1.00439394 0.215635031
v 0.594297707 1.02829885 0.20753926
v 0.600134671 1.02496767 0.213236585
v 0.609434783 1.01526904 0.225335687
v 0.585737705 1.03224015 0.200150892
v 0.608020306 0.991365492 0.226573646
v 0.613590181 0.998501658 0.2377785
v 0.61074549 0.983305097 0.244561046
v 0.613161087 0.974468946 0.225718707
v 0.580761492 1.0210681 0.187723622
v 0.606436312 0.979476511 0.23349829
v 0.612579703 0.96698451 0.233363301
v 0.618966043 0.96476692 0.237532094
v 0.612676859 0.969097733 0.2453693
v 0.608551323 0.970087707 0.23838529
v 0.576617002 1.0215292 0.186144158
v 0.581305802 1.03335035 0.198516369
v 0.573535502 1.03210175 0.188947618
v 0.577326596 1.01344943 0.170942292
v 0.561891735 1.01395082 0.151932865
v 0.57214582 1.01226401 0.169698149
v 0.567745984 1.01642275 0.171315193
v 0.5542292 1.01930869 0.16206485
v 0.566520691 1.01393139 0.174944237
v 0.570815206 1.02311623 0.189020485
v 0.571018934 1.00877285 0.189088747
v 0.55493021 1.015414 0.16760239
v 0.540695012 1.0235827 0.176737428
v 0.543731272 1.0067116 0.183477238
v 0.564656854 1.00780237 0.176983654
v 0.572851956 0.997013152 0.187545463
v 0.554818809 1.00646496 0.173399031
v 0.544925034 0.995207071 0.181422561
v 0.565627038 0.997117162 0.176953211
v 0.554614425 0.996563315 0.173891455
v 0.564492941 0.987568021 0.17822361
v 0.566605866 0.984153867 0.186326325
v 0.553394198 0.983696043 0.182989851
v 0.55674386 0.987333536 0.176160395
v -4.0943604E-18 0.659726858 -0.142039701
v 1.63426156E-18 0.692728043 -0.146946475
v -0.0561588034 0.714823663 -0.154279053
v -0.0603921227 0.683949888 -0.160899967
v -0.139875799 0.733548462 -0.137449473
v -0.143762365 0.700344145 -0.136526555
v -0.195884451 0.699973464 -0.0524432175
v -0.188695878 0.733665466 -0.0432962142
v -0.196379393 0.646511078 -0.0631526038
v -0.146692365 0.654606104 -0.13753362
v -0.20297499 0.541334033 -0.0674591735
v -0.0695710182 0.633009255 -0.154844999
v -0.160704985 0.542451143 -0.134300396
v -0.162122488 0.488055497 -0.134001106
v -0.210756704 0.491607398 -0.0754695237
v -0.18321453 0.434671521 -0.122879252
v -0.225812018 0.439990193 -0.0796752572
v -0.182284445 0.385099113 -0.146479905
v -0.221388951 0.392154634 -0.0961365402
v -0.163343564 0.351294875 -0.148476616
v -0.187878385 0.358080626 -0.103047162
v -0.112655357 0.348521441 -0.164138049
v -0.10749732 0.380726427 -0.171307728
v -0.104179829 0.429598689 -0.151788324
v -0.0468220599 0.43242377 -0.143733397
v -0.044527404 0.380557656 -0.153223678
v -0.0681624636 0.345979303 -0.142249256
v -0.0956152305 0.485244393 -0.162081897
v -0.0286953151 0.367886484 -0.0741217285
v -0.0538790263 0.341369152 -0.0708567426
v -0.0301515218 0.413473278 -0.0782924592
v -0.0235183183 0.457357049 -0.0734649524
v -0.0392230451 0.485189736 -0.137820899
v -0.0215811692 0.502494454 -0.0652494356
v -0.0901725665 0.540790677 -0.153371438
v -0.0333454534 0.534934461 -0.117386773
v -0.0120572438 0.612077236 -0.119352803
v -0.0118400659 0.584084213 -0.0512365662
v -9.43826624E-19 0.636029601 -0.0486575477
v -0.175103903 0.71111834 0.0755484924
v -0.195884451 0.699973464 -0.0524432175
v -0.188695878 0.733665466 -0.0432962142
v -0.184085771 0.679697096 0.0612277426
v -0.196379393 0.646511078 -0.0631526038
v -0.119385727 0.695358157 0.123248883
v -0.186128825 0.629102707 0.0468308181
v -0.20297499 0.541334033 -0.0674591735
v -0.131815717 0.661038756 0.109139465
v -0.0539289378 0.643456221 0.0936710984
v -0.0529463179 0.67935133 0.121618934
v 9.99200679E-19 0.676401734 0.115944229
v -6.55117533E-18 0.649992704 0.0692920238
v -3.77115239E-18 0.642068267 0.00688542752
v -0.132736906 0.607976139 0.0857915282
v -0.0701154023 0.60065186 0.0648831055
v -0.0129315574 0.633235335 0.0150568243
v -9.43826624E-19 0.636029601 -0.0486575477
v -0.0118400659 0.584084213 -0.0512365662
v -0.0285930187 0.592163742 0.0276464112
v -0.0215811692 0.502494454 -0.0652494356
v -0.0447408035 0.505532444 -0.0101629449
v -0.0851044953 0.509461403 0.0314685665
v -0.138587683 0.513492823 0.0491214804
v -0.0490728617 0.460129231 -0.0262013189
v -0.0235183183 0.457357049 -0.0734649524
v -0.0914779007 0.463641167 0.0221240222
v -0.0586120412 0.414564639 -0.0428467169
v -0.0301515218 0.413473278 -0.0782924592
v -0.208367795 0.531897485 0.00888659712
v -0.202074766 0.485179156 0.00949964393
v -0.210756704 0.491607398 -0.0754695237
v -0.144362271 0.466919541 0.0530594997
v -0.198298424 0.437342882 -0.00393811008
v -0.225812018 0.439990193 -0.0796752572
v -0.221388951 0.392154634 -0.0961365402
v -0.0996449888 0.418667346 0.00760936178
v -0.14781639 0.420251638 0.0400095358
v -0.206115544 0.393674523 -0.01519557
v -0.187878385 0.358080626 -0.103047162
v -0.189309016 0.362600118 -0.0296623725
v -0.155476078 0.379077524 0.0404443443
v -0.15277876 0.353468716 0.0231573097
v -0.103653923 0.377123863 0.018352991
v -0.110279039 0.351679653 0.00502937054
v -0.0588177331 0.370974988 -0.032619033
v -0.072988905 0.345336616 -0.034294311
v -0.0286953151 0.367886484 -0.0741217285
v -0.0538790263 0.341369152 -0.0708567426
v -0.131967276 0.0771572739 0.0156600345
v -0.10022255 0.114881173 -0.0415786207
v -0.111835465 0.0600928552 -0.0311121233
v -0.107540049 0.131710127 -0.012107987
v -0.156347975 0.103704803 0.0622422211
v -0.103816718 0.196778297 -0.0233190507
v -0.09370666 0.189839423 -0.0614353567
v -0.140239924 0.148078457 0.0192376673
v -0.192408487 0.108817071 0.0527394414
v -0.135382429 0.20347175 0.00267917151
v -0.0820812881 0.30713135 -0.0243496615
v -0.0643808618 0.301906347 -0.0603551492
v -0.180007026 0.158130601 0.0288316775
v -0.116468027 0.314356804 0.0084747998
v -0.0701939315 0.336282432 -0.0301151481
v -0.0495111607 0.33158955 -0.0702375099
v -0.11051397 0.343494982 0.0115192169
v -0.166045845 0.204567805 0.0123028997
v -0.154986098 0.316190392 0.0249165054
v -0.156293795 0.345476687 0.0310493838
v -0.213028133 0.150527969 -0.00787442271
v -0.227189794 0.0937928185 0.022106383
v -0.197321787 0.204758987 -0.0240316223
v -0.19074969 0.321241379 -0.030571159
v -0.196326777 0.354483098 -0.0278065801
v -0.219404355 0.126396701 -0.0524281859
v -0.224723622 0.0681904256 -0.0527240634
v -0.207850322 0.200789362 -0.0821899995
v -0.189679578 0.313428283 -0.106323026
v -0.194844007 0.348658442 -0.109233171
v -0.194090545 0.0706706196 -0.117197827
v -0.219404355 0.126396701 -0.0524281859
v -0.224723622 0.0681904256 -0.0527240634
v -0.18998906 0.12667352 -0.112550192
v -0.140372604 0.129015371 -0.129549295
v -0.143760845 0.0699330866 -0.133012012
v -0.104428552 0.0614904612 -0.0790433139
v -0.188125029 0.192615375 -0.113062248
v -0.207850322 0.200789362 -0.0821899995
v -0.0966383219 0.123880111 -0.0900217295
v -0.111835465 0.0600928552 -0.0311121233
v -0.10022255 0.114881173 -0.0415786207
v -0.146225899 0.192126974 -0.134752646
v -0.102143697 0.190045893 -0.097827293
v -0.0750867724 0.299518615 -0.13246423
v -0.09370666 0.189839423 -0.0614353567
v -0.0643808618 0.301906347 -0.0603551492
v -0.0495111607 0.33158955 -0.0702375099
v -0.0643208176 0.334866136 -0.149045363
v -0.112847038 0.338306874 -0.174685851
v -0.117740802 0.304552495 -0.160317808
v -0.167764485 0.341056883 -0.159189016
v -0.16491279 0.306143105 -0.151461318
v -0.194844007 0.348658442 -0.109233171
v -0.189679578 0.313428283 -0.106323026
v -0.0495111607 0.33158955 -0.0702375099
v -0.072988905 0.345336616 -0.034294311
v -0.0538790263 0.341369152 -0.0708567426
v -0.0701939315 0.336282432 -0.0301151481
v -0.11051397 0.343494982 0.0115192169
v -0.110279039 0.351679653 0.00502937054
v -0.156293795 0.345476687 0.0310493838
v -0.15277876 0.353468716 0.0231573097
v -0.196326777 0.354483098 -0.0278065801
v -0.189309016 0.362600118 -0.0296623725
v -0.194844007 0.348658442 -0.109233171
v -0.187878385 0.358080626 -0.103047162
v -0.0643208176 0.334866136 -0.149045363
v -0.0495111607 0.33158955 -0.0702375099
v -0.0538790263 0.341369152 -0.0708567426
v -0.0681624636 0.345979303 -0.142249256
v -0.112655357 0.348521441 -0.164138049
v -0.112847038 0.338306874 -0.174685851
v -0.163343564 0.351294875 -0.148476616
v -0.167764485 0.341056883 -0.159189016
v -0.187878385 0.358080626 -0.103047162
v -0.194844007 0.348658442 -0.109233171
v -4.0943604E-18 0.659726858 -0.142039701
v 0.0561588034 0.714823663 -0.154279053
v 1.63426156E-18 0.692728043 -0.146946475
v 0.0603921227 0.683949888 -0.160899967
v 0.139875799 0.733548462 -0.137449473
v 0.143762365 0.700344145 -0.136526555
v 0.195884451 0.699973464 -0.0524432175
v 0.188695878 0.733665466 -0.0432962142
v 0.196379393 0.646511078 -0.091249302
v 0.146692365 0.654606104 -0.165630326
v 0.20297499 0.541334033 -0.0976800472
v 0.0695710182 0.633009255 -0.182941705
v 0.160704985 0.542451143 -0.164521262
v 0.162122488 0.488055497 -0.165278345
v 0.210756704 0.491607398 -0.10674677
v 0.18321453 0.434671521 -0.146632254
v 0.225812018 0.439990193 -0.103428252
v 0.182284445 0.385099113 -0.171488315
v 0.221388951 0.392154634 -0.121144958
v 0.163343564 0.351294875 -0.158982843
v 0.187878385 0.358080626 -0.113553397
v 0.112655357 0.348521441 -0.174644276
v 0.10749732 0.380726427 -0.196316153
v 0.104179829 0.429598689 -0.175541312
v 0.0468220599 0.43242377 -0.167486399
v 0.044527404 0.380557656 -0.178232104
v 0.0681624636 0.345979303 -0.152755484
v 0.0956152305 0.485244393 -0.193359137
v 0.0286953151 0.367886484 -0.0991301462
v 0.0538790263 0.341369152 -0.0813629776
v 0.0301515218 0.413473278 -0.102045447
v 0.0235183183 0.457357049 -0.104742207
v 0.0392230451 0.485189736 -0.169098154
v 0.0215811692 0.502494454 -0.0954703093
v 0.0901725665 0.540790677 -0.183592319
v 0.0333454534 0.534934461 -0.147607639
v 0.0120572438 0.612077236 -0.147449508
v 0.0118400659 0.584084213 -0.0793332681
v -9.43826624E-19 0.636029601 -0.0486575477
v 0.175103903 0.71111834 0.0755484924
v 0.188695878 0.733665466 -0.0432962142
v 0.195884451 0.699973464 -0.0524432175
v 0.184085771 0.679697096 0.0612277426
v 0.196379393 0.646511078 -0.091249302
v 0.119385727 0.695358157 0.123248883
v 0.186128825 0.629102707 0.0187341161
v 0.20297499 0.541334033 -0.0976800472
v 0.131815717 0.661038756 0.109139465
v 0.0539289378 0.643456221 0.0936710984
v 0.0529463179 0.67935133 0.121618934
v 9.99200679E-19 0.676401734 0.115944229
v -6.55117533E-18 0.649992704 0.0692920238
v -3.77115239E-18 0.642068267 0.00688542752
v 0.132736906 0.607976139 0.05769483
v 0.0701154023 0.60065186 0.0367864035
v 0.0129315574 0.633235335 0.0150568243
v -9.43826624E-19 0.636029601 -0.0486575477
v 0.0118400659 0.584084213 -0.0793332681
v 0.0285930187 0.592163742 -0.00045029138
v 0.0215811692 0.502494454 -0.0954703093
v 0.0447408035 0.505532444 -0.0403838195
v 0.0851044953 0.509461403 0.00124769064
v 0.138587683 0.513492823 0.0189006049
v 0.0490728617 0.460129231 -0.0574785694
v 0.0235183183 0.457357049 -0.104742207
v 0.0914779007 0.463641167 -0.00915322918
v 0.0586120412 0.414564639 -0.0665997118
v 0.0301515218 0.413473278 -0.102045447
v 0.208367795 0.531897485 -0.0213342775
v 0.202074766 0.485179156 -0.0217776075
v 0.210756704 0.491607398 -0.10674677
v 0.144362271 0.466919541 0.0217822492
v 0.198298424 0.437342882 -0.0276910998
v 0.225812018 0.439990193 -0.103428252
v 0.221388951 0.392154634 -0.121144958
v 0.0996449888 0.418667346 -0.0161436256
v 0.14781639 0.420251638 0.0162565466
v 0.206115544 0.393674523 -0.0402039848
v 0.187878385 0.358080626 -0.113553397
v 0.189309016 0.362600118 -0.040168602
v 0.155476078 0.379077524 0.0154359294
v 0.15277876 0.353468716 0.0126510821
v 0.103653923 0.377123863 -0.00665542483
v 0.110279039 0.351679653 -0.0054768566
v 0.0588177331 0.370974988 -0.0576274395
v 0.072988905 0.345336616 -0.0448005348
v 0.0286953151 0.367886484 -0.0991301462
v 0.0538790263 0.341369152 -0.0813629776
v 0.131967276 0.0500293449 0.0156600345
v 0.111835465 0.0329649299 -0.0311121233
v 0.10022255 0.114881173 -0.0415786207
v 0.107540049 0.131710127 -0.012107987
v 0.156347975 0.0765768811 0.0622422211
v 0.103816718 0.196778297 -0.0233190507
v 0.09370666 0.189839423 -0.0614353567
v 0.140239924 0.148078457 0.0192376673
v 0.192408487 0.0816891491 0.0527394414
v 0.135382429 0.20347175 0.00267917151
v 0.0820812881 0.30713135 -0.0332160592
v 0.0643808618 0.301906347 -0.0692215562
v 0.180007026 0.158130601 0.0288316775
v 0.116468027 0.314356804 -0.000391598733
v 0.0701939315 0.336282432 -0.0406213775
v 0.0495111607 0.33158955 -0.0807437301
v 0.11051397 0.343494982 0.00101298979
v 0.166045845 0.204567805 0.0123028997
v 0.154986098 0.316190392 0.0160501078
v 0.156293795 0.345476687 0.0205431562
v 0.213028133 0.150527969 -0.00787442271
v 0.227189794 0.0666648969 0.022106383
v 0.197321787 0.204758987 -0.0240316223
v 0.19074969 0.321241379 -0.0394375548
v 0.196326777 0.354483098 -0.0383128151
v 0.219404355 0.0992687866 -0.0524281859
v 0.224723622 0.0410624966 -0.0527240634
v 0.207850322 0.200789362 -0.0821899995
v 0.189679578 0.313428283 -0.115189433
v 0.194844007 0.348658442 -0.119739398
v 0.194090545 0.0435426943 -0.117197827
v 0.224723622 0.0410624966 -0.0527240634
v 0.219404355 0.0992687866 -0.0524281859
v 0.18998906 0.12667352 -0.112550192
v 0.140372604 0.129015371 -0.129549295
v 0.143760845 0.0428051613 -0.133012012
v 0.104428552 0.0343625396 -0.0790433139
v 0.188125029 0.192615375 -0.113062248
v 0.207850322 0.200789362 -0.0821899995
v 0.0966383219 0.123880111 -0.0900217295
v 0.111835465 0.0329649299 -0.0311121233
v 0.10022255 0.114881173 -0.0415786207
v 0.146225899 0.192126974 -0.134752646
v 0.102143697 0.190045893 -0.097827293
v 0.0750867724 0.299518615 -0.14133063
v 0.09370666 0.189839423 -0.0614353567
v 0.0643808618 0.301906347 -0.0692215562
v 0.0495111607 0.33158955 -0.0807437301
v 0.0643208176 0.334866136 -0.159551591
v 0.112847038 0.338306874 -0.185192078
v 0.117740802 0.304552495 -0.169184208
v 0.167764485 0.341056883 -0.169695243
v 0.16491279 0.306143105 -0.160327718
v 0.194844007 0.348658442 -0.119739398
v 0.189679578 0.313428283 -0.115189433
v 0.0495111607 0.33158955 -0.0807437301
v 0.0538790263 0.341369152 -0.0813629776
v 0.072988905 0.345336616 -0.0448005348
v 0.0701939315 0.336282432 -0.0406213775
v 0.11051397 0.343494982 0.00101298979
v 0.110279039 0.351679653 -0.0054768566
v 0.156293795 0.345476687 0.0205431562
v 0.15277876 0.353468716 0.0126510821
v 0.196326777 0.354483098 -0.0383128151
v 0.189309016 0.362600118 -0.040168602
v 0.194844007 0.348658442 -0.119739398
v 0.187878385 0.358080626 -0.113553397
v 0.0643208176 0.334866136 -0.159551591
v 0.0538790263 0.341369152 -0.0813629776
v 0.0495111607 0.33158955 -0.0807437301
v 0.0681624636 0.345979303 -0.152755484
v 0.112655357 0.348521441 -0.174644276
v 0.112847038 0.338306874 -0.185192078
v 0.163343564 0.351294875 -0.158982843
v 0.167764485 0.341056883 -0.169695243
v 0.187878385 0.358080626 -0.113553397
v 0.194844007 0.348658442 -0.119739398
v 0.0291779991 1.34904087 0.0490158014
v 0.0262241997 1.32899117 0.0611990094
v 0.0502019972 1.3163439 0.056946598
v 0.0565829985 1.33347261 0.0451511964
v 0.0826776028 1.30439365 0.0607265942
v 0.0923957974 1.31465912 0.0553283989
v 0.104300991 1.34116232 0.0481049977
v 0.0614375956 1.34855664 0.0413675979
v 0.108347394 1.37419224 0.0408635996
v 0.0634175986 1.3623879 0.0394776016
v 0.10668987 1.39732063 0.0367905796
v 0.0547356829 1.37888134 0.045827508
v 0.0547356829 1.39836943 0.045827508
v 0.0928905532 1.40746868 0.0421594828
v 0.0192204006 1.3784169 0.0533987954
v -0.00405765744 1.36051381 0.0404301956
v 3.60000445E-06 1.37855721 0.058910396
v -0.0292258766 1.34736085 0.0488861986
v -0.01901301 1.37646294 0.0525680818
v -0.0587332509 1.36792219 0.0364206247
v -0.0503968671 1.37448144 0.0405451208
v -0.107344531 1.36727226 0.0449364148
v -0.089949742 1.37673545 0.0608457997
v -0.0630601496 1.3483882 0.0357607566
v -0.108545452 1.34528947 0.0398045331
v -0.0599343665 1.33503556 0.0390353762
v -0.102204934 1.31465125 0.047539968
v -0.0531923249 1.31670451 0.0445780791
v -0.0873143077 1.30100727 0.0588408113
v -0.0765819475 1.29224181 0.0646548122
v -0.0453741029 1.30568004 0.0572809316
v -0.0262170006 1.32899117 0.0611990094
v -0.132575035 1.09422755 0.134970576
v -0.136146277 1.10035026 0.119306274
v -0.130154476 1.17036784 0.105040722
v -0.142633632 1.03777933 0.139029905
v -0.143434942 1.03097606 0.159364924
v -0.160132647 0.956701994 0.16634807
v -0.153546765 0.957897723 0.150513381
v -0.18872866 0.905899704 0.142060071
v -0.18219173 0.908239365 0.132192239
v -0.189588323 0.879074872 0.10529007
v -0.20532687 0.901207626 -0.0546271652
v -0.19323054 0.894153297 -0.0522080474
v -0.137906477 0.90550977 -0.109678835
v -0.150020212 0.906481624 -0.118122242
v -0.203900576 0.923096478 -0.045018144
v -0.0558337234 0.905769646 -0.130126208
v -0.179687619 0.93196243 -0.114245124
v -0.194911957 0.925864398 -0.0395173356
v -0.17794697 0.933961511 -0.107228443
v -0.0714047104 0.906647146 -0.142208695
v -0.0942095593 0.931004524 -0.148793831
v -0.0964596793 0.933422267 -0.142591089
v -0.0540744476 0.906761587 -0.143912911
v -0.0504103191 0.93059212 -0.151462495
v -0.0463369824 0.933599532 -0.14662379
v -0.00050049281 0.903934479 -0.152392447
v -0.000871381024 0.900639892 -0.139983445
v 0.054007262 0.895785928 -0.147487789
v 4.19657772E-05 0.927383363 -0.153634831
v 0.000218186164 0.930446386 -0.146786228
v 0.0520007238 0.900084674 -0.15929082
v 0.0493155643 0.924438894 -0.162158743
v 0.045390524 0.928728342 -0.155089855
v 0.0674394965 0.897788763 -0.160475135
v 0.092589885 0.922123313 -0.164421424
v 0.0948768929 0.925233483 -0.157039627
v 0.177237183 0.919629693 -0.137567163
v 0.175579533 0.922575772 -0.128930271
v 0.192800641 0.909208179 -0.0618486628
v 0.201598048 0.906870425 -0.0695708022
v 0.151820898 0.898593843 -0.143712491
v 0.135244042 0.89172256 -0.134857759
v 0.202338219 0.890679598 -0.084216848
v 0.190106362 0.886354625 -0.0814191699
v 0.184801325 1.09376717 -0.0801347494
v 0.183582932 1.16734374 -0.0328527577
v 0.186643213 1.17386043 -0.106495827
v 0.159092307 1.14060867 -0.164410055
v 0.193953589 1.03883064 -0.0670985952
v 0.186660126 1.25311565 -0.148769289
v 0.167618081 1.06077552 -0.155537456
v 0.199450791 0.995425403 -0.0603539944
v 0.178394392 1.00343716 -0.150858402
v 0.208776668 0.947210252 -0.063299574
v 0.122234397 1.06239974 -0.208258137
v 0.188404471 0.948573649 -0.145769447
v 0.192800641 0.909208179 -0.0618486628
v 0.175579533 0.922575772 -0.128930271
v 0.0948768929 0.925233483 -0.157039627
v 0.120875396 0.99511224 -0.19409214
v 0.117546722 0.94364357 -0.176641718
v 0.0718712062 0.932876348 -0.196873754
v 0.045390524 0.928728342 -0.155089855
v 0.0593981966 1.06375885 -0.212451532
v 0.0596033968 0.998692393 -0.209947318
v 3.59999967E-06 1.06577659 -0.21023567
v -0.00483820867 0.94573617 -0.210009545
v 0.000218186164 0.930446386 -0.146786228
v 0.0662831962 1.11754096 -0.199009791
v 3.60000331E-06 1.00224197 -0.208046049
v -0.0550180748 0.955380023 -0.198592186
v -0.0463369824 0.933599532 -0.14662379
v -0.0595961921 0.998692453 -0.199094027
v -0.115635268 0.953799844 -0.168875441
v -0.0964596793 0.933422267 -0.142591089
v -0.120868184 0.9951123 -0.178055137
v -0.189591244 0.954624593 -0.134235933
v -0.17794697 0.933961511 -0.107228443
v -0.194911957 0.925864398 -0.0395173356
v -0.209827334 0.956062376 -0.0514315218
v -0.199443594 0.995425403 -0.0603539944
v -0.178387195 1.00343728 -0.139433354
v -0.0593909957 1.06375885 -0.197887033
v -0.177757189 1.05115342 -0.1503198
v -0.193946391 1.03883064 -0.0670985952
v -0.183887988 1.08204675 -0.0784998238
v -0.1580742 1.11917353 -0.178352982
v -0.181908593 1.1314075 -0.156761035
v -0.178848296 1.1248908 -0.0831179693
v -0.181925505 1.21066272 -0.199034512
v -0.122227192 1.06239974 -0.183337197
v -0.066275999 1.11754096 -0.199009791
v 3.59999967E-06 1.11558986 -0.192050993
v -0.0897497982 1.22643936 -0.204166785
v -0.131240904 1.22188532 -0.21108903
v -0.106009193 1.33341563 -0.17877239
v -0.188432887 1.26033258 -0.183489487
v -0.192906007 1.29939294 -0.150086343
v 0.0897569954 1.22643936 -0.204166785
v 3.59999967E-06 1.22639251 -0.204136193
v 0.141374692 1.22565949 -0.202218026
v 0.106016397 1.33341563 -0.17877239
v 0.193167523 1.30278552 -0.133224279
v 0.197640643 1.34184587 -0.0998211354
v 3.59999967E-06 1.33375597 -0.185430586
v 3.60004742E-06 1.38465214 -0.140197605
v -0.136368245 1.34706128 -0.140140802
v -0.129413158 1.37200403 -0.0617039986
v -0.195091411 1.32911146 -0.0786013305
v -0.10152553 1.34404659 0.0217727982
v -0.0604835786 1.37157214 0.00789259747
v -0.175443217 1.28436971 0.00115754211
v -0.0889717713 1.39361143 -0.0590859503
v -0.078803733 1.38759112 -0.0927312747
v -0.0498122014 1.38621771 -0.129422978
v -0.0808015317 1.42728639 -0.0561942719
v -0.0583863594 1.41404355 0.010189116
v -0.0595696606 1.42739904 -0.101384401
v -0.0417531207 1.42568994 -0.118806988
v 3.60004765E-06 1.42367792 -0.124957316
v -0.0239311401 1.40170288 0.0464585014
v 0.0498194024 1.38621771 -0.129422978
v 0.0417603217 1.42568994 -0.118806988
v 0.0788109303 1.38759112 -0.0927312747
v 0.059576869 1.42739904 -0.101384401
v 0.0808087289 1.42728639 -0.0561942719
v 0.136648789 1.35205841 -0.140140802
v 0.0889789686 1.39361143 -0.0590859503
v 0.0583935603 1.41404355 0.0101891151
v 0.0622548424 1.37510657 0.0129142189
v 0.0190404225 1.40299594 0.0443058498
v 0.12983039 1.37949979 -0.0617039986
v 0.199826032 1.37156451 -0.028336117
v 0.101669401 1.34654498 0.0217727982
v 0.180177853 1.32682264 0.0514227636
v 0.0291779991 1.34904087 0.0490158014
v -0.00405765744 1.36051381 0.0404301956
v -2.51770907E-05 1.38189447 0.0483885221
v -0.0292258766 1.34736085 0.0488861986
v 0.0262241997 1.32899117 0.0611990094
v -0.0262170006 1.32899117 0.0611990094
v 0.0857627913 1.30112755 0.0712172911
v 0.0882526487 1.23783445 0.120804787
v 0.135431126 1.22388649 0.0960365012
v 0.136427253 1.17428946 0.110665545
v 0.185187578 1.23477268 0.0733680502
v 0.182040617 1.18762004 0.0311509352
v -0.0854783952 1.30051005 0.0706898943
v -0.0881507918 1.23546624 0.111387216
v 0.0394696221 1.24352312 0.133723468
v 3.60006288E-06 1.32809782 0.052057799
v -0.0388242342 1.24433279 0.130638257
v 0.165302992 1.09982181 0.0318420008
v 0.183582932 1.16734374 -0.0328527577
v 0.184801325 1.09376717 -0.0801347494
v 0.193953589 1.03883064 -0.0670985952
v 0.173547 1.04479766 0.0305712
v 0.199450791 0.995425403 -0.0603539944
v -0.0019049698 1.24399447 0.130331546
v -5.53985265E-05 1.1713829 0.169574857
v -0.043487113 1.17481494 0.167330652
v 0.132069379 1.10259891 0.115451582
v 0.044994127 1.17400813 0.16945751
v 0.0961335972 1.17504156 0.158519834
v 0.136950478 1.10586202 0.133074582
v 0.140638858 1.02660048 0.133257225
v 0.102579959 1.10349107 0.166658163
v 0.0545345992 1.10274684 0.19746539
v 0.193804696 0.972906649 0.0342086777
v 0.208105937 0.925249994 0.0230900403
v 0.208776668 0.947210252 -0.063299574
v 0.197199538 0.890465081 0.00589275081
v 0.192800641 0.909208179 -0.0618486628
v 0.197009176 0.872821629 0.0786736161
v 0.166320518 0.946212351 0.143360525
v 0.195967257 0.904570878 0.108756132
v 0.200972185 0.900620401 0.119128071
v 0.153807327 0.85492152 0.171371967
v 0.170679927 0.942533851 0.161626339
v 0.161448255 0.900543153 0.190201432
v 0.0807505846 0.852187693 0.21259965
v 0.148909032 1.02931952 0.152441934
v 0.138830587 0.95022893 0.19741559
v 0.0874050409 0.898549676 0.238273859
v 3.52855968E-05 0.848192155 0.219375238
v 0.114840202 1.03815925 0.179301932
v 0.0665693954 1.03431261 0.215092793
v 0.000315000158 1.0284158 0.218248188
v 0.0806405172 0.954312861 0.228238732
v 5.82908688E-05 0.895874023 0.248771936
v -0.0799654946 0.853204668 0.213175789
v 0.000736199785 1.10101521 0.198129594
v -0.0542861968 1.10264242 0.197607592
v 1.0799914E-05 0.955181003 0.235895395
v -0.0844286159 0.898364127 0.232164785
v -0.14853856 0.857523382 0.177413583
v -0.065157935 0.965861857 0.221718848
v -0.124626711 0.962423801 0.191068277
v -0.0585820191 1.03468716 0.210736424
v -0.10487397 1.09995866 0.174289569
v -0.152987704 0.900902808 0.189194486
v -0.18872866 0.905899704 0.142060071
v -0.189588323 0.879074872 0.10529007
v -0.160132647 0.956701994 0.16634807
v -0.143434942 1.03097606 0.159364924
v -0.113165379 1.03493357 0.187249601
v -0.132575035 1.09422755 0.134970576
v -0.0991635993 1.17267156 0.151343033
v -0.130154476 1.17036784 0.105040722
v -0.126101732 1.22191799 0.0924264118
v -0.180452958 1.19231975 0.0231028274
v -0.177305996 1.14516723 -0.0191142745
v -0.165167987 1.09997308 0.0322397985
v -0.136146277 1.10035026 0.119306274
v -0.178848296 1.1248908 -0.0831179693
v -0.183887988 1.08204675 -0.0784998238
v -0.142633632 1.03777933 0.139029905
v -0.193946391 1.03883064 -0.0670985952
v -0.173494801 1.04479039 0.0306575987
v -0.199443594 0.995425403 -0.0603539944
v -0.153546765 0.957897723 0.150513381
v -0.189057037 0.976189733 0.0350948982
v -0.209827334 0.956062376 -0.0514315218
v -0.206379935 0.9355461 0.0359463766
v -0.18219173 0.908239365 0.132192239
v -0.189588323 0.879074872 0.10529007
v -0.198839143 0.906546831 0.029195115
v -0.194911957 0.925864398 -0.0395173356
v 0.0788652301 0.808354139 0.170670986
v 0.000599992694 0.788954616 0.193859994
v 0.000314933131 0.810382605 0.196895763
v 0.0796933174 0.788037837 0.175950095
v 0.123697303 0.81761837 0.135867268
v 0.0703961775 0.766071022 0.160374582
v 0.000845809176 0.76529181 0.180734396
v 0.0620072894 0.742828071 0.145392612
v 0.000547850155 0.740628242 0.164083332
v 0.000726421538 0.677142918 0.153820604
v 0.0521117561 0.685630679 0.13498421
v 0.101683207 0.746297896 0.123506546
v 0.10907723 0.704050541 0.12769495
v 0.114803307 0.769175529 0.134319797
v 0.177488953 0.753230929 0.0691697821
v 0.18366982 0.718233407 0.0842057243
v 0.130686089 0.792453825 0.145614579
v 0.160425708 0.810327828 0.0710415319
v 0.177606687 0.830627739 0.0674189702
v 0.17048271 0.781486392 0.0697353035
v 0.193672732 0.834310234 -0.00623567542
v 0.184985086 0.837472558 0.0722472891
v 0.199474573 0.864428699 -0.00916653499
v 0.206604153 0.77402246 -0.0554151013
v 0.209498242 0.739671946 -0.0618734956
v 0.144154012 0.728141725 -0.18900229
v 0.197625414 0.810275078 -0.051635012
v 0.175717935 0.860824347 -0.100483686
v 0.190106362 0.886354625 -0.0814191699
v 0.13066633 0.768715978 -0.171479464
v 0.0618670508 0.710922778 -0.19312039
v 0.125749767 0.871190369 -0.144245788
v 0.135244042 0.89172256 -0.134857759
v 0.130569652 0.816412747 -0.15942727
v 0.0543566272 0.818609715 -0.171233848
v 0.0562699139 0.761181235 -0.188998148
v -0.00222800486 0.698521435 -0.171316028
v 0.0520782918 0.875514448 -0.149224594
v 0.054007262 0.895785928 -0.147487789
v -0.00133107381 0.879715621 -0.153797373
v -0.000871381024 0.900639892 -0.139983445
v -0.0558337234 0.905769646 -0.130126208
v -0.00193924643 0.767775059 -0.171872184
v -0.0543008894 0.883476138 -0.135916412
v -0.137906477 0.90550977 -0.109678835
v -0.001662603 0.82432735 -0.162788153
v -0.0598072596 0.77715838 -0.167687222
v -0.0592825674 0.721688032 -0.170574039
v -0.05727043 0.83170867 -0.151700795
v -0.128442183 0.886074245 -0.11853952
v -0.19323054 0.894153297 -0.0522080474
v -0.137268126 0.786126077 -0.137650818
v -0.15141882 0.743477643 -0.149417266
v -0.187641874 0.870890737 -0.0601598173
v -0.201548025 0.869865 0.019696936
v -0.133752376 0.836194277 -0.128430218
v -0.207297444 0.781609833 -0.0312753879
v -0.211451441 0.743860722 -0.0407137461
v -0.188851744 0.717902541 0.0925635248
v -0.194508612 0.822123885 -0.0274665616
v -0.192744642 0.848896205 0.020464994
v -0.168972746 0.838189185 0.111817658
v -0.164015859 0.83514148 0.10234385
v -0.177096322 0.766006529 0.0834860131
v -0.10384126 0.702099025 0.144862637
v -0.160669327 0.792315662 0.0885617062
v -0.158298969 0.818324327 0.0936740115
v -0.126743793 0.795925081 0.153417408
v -0.121966071 0.821199417 0.149744406
v -0.0996237546 0.751465678 0.139880002
v -0.0466849133 0.685334325 0.150293902
v -0.110602483 0.773423553 0.145746619
v -0.0772809461 0.789176404 0.180708021
v -0.0774446428 0.808810174 0.174569055
v -0.0583202429 0.745388508 0.153808549
v 0.000726421538 0.677142918 0.153820604
v 0.000547850155 0.740628242 0.164083332
v 0.000845809176 0.76529181 0.180734396
v -0.0668896809 0.767494261 0.165587023
v 0.000599992694 0.788954616 0.193859994
v 0.000314933131 0.810382605 0.196895763
v -0.109062888 0.365613222 0.0892270282
v -0.149053693 0.410159409 0.0995077789
v -0.150393039 0.355452031 0.089274779
v -0.108091608 0.406107605 0.110775776
v -0.151365861 0.5077824 0.107458644
v -0.0690750703 0.353278756 0.111533582
v -0.108209014 0.489003271 0.110472545
v -0.147291824 0.612969458 0.10418909
v -0.0675886348 0.398914814 0.12197718
v -0.115791053 0.58794713 0.123726949
v -0.154732034 0.696035266 0.123679183
v -0.0105418032 0.404355854 0.133079395
v -0.0101540014 0.351762176 0.118602
v -0.0660995692 0.481339157 0.127987191
v -0.126447573 0.674564242 0.147302344
v -0.15540044 0.751004815 0.115908802
v -0.0681419522 0.560631931 0.136799991
v 0.0540117063 0.402882874 0.131052583
v 0.0326320156 0.336313963 0.114099734
v 0.0979470015 0.346779883 0.101040795
v -0.00985695608 0.471709162 0.143800199
v 0.0666681826 0.479171157 0.134231403
v 0.114708401 0.411304861 0.10949903
v 0.187077746 0.352238595 0.0564543568
v 0.189265296 0.407725185 0.0659487844
v 0.119075224 0.492401034 0.120661423
v 0.181106091 0.50521642 0.0709781423
v 0.170971215 0.59639287 0.0686771944
v 0.0762488246 0.561619222 0.136841401
v 0.124788545 0.573863328 0.120891593
v 0.17283015 0.670982242 0.0771695971
v 0.130064592 0.652087271 0.130669191
v 0.172320411 0.743111491 0.0891674384
v -0.00889878348 0.555985272 0.15456599
v 0.0899875313 0.647451341 0.142104596
v 0.130614415 0.730377078 0.149283454
v -0.0722283944 0.647068739 0.143554166
v 0.128318503 0.777103424 0.146953791
v 0.172740728 0.790108144 0.0847965777
v 0.0982953459 0.72337085 0.15642406
v -0.00826627575 0.639206767 0.163582191
v -0.126502365 0.735544741 0.152081728
v 0.123697303 0.81761837 0.135867268
v 0.177606687 0.830627739 0.0674189702
v 0.0895468965 0.768177211 0.163326591
v 0.0788652301 0.808354139 0.170670986
v 0.000314933131 0.810382605 0.196895763
v 0.00145752809 0.706999302 0.184216052
v -0.0738639906 0.718776286 0.168890864
v 0.000842228299 0.759800017 0.188558996
v -0.0774446428 0.808810174 0.174569055
v -0.0755230039 0.765349388 0.169514984
v -0.121431068 0.776950419 0.146575794
v -0.121966071 0.821199417 0.149744406
v -0.161122903 0.788843036 0.104979493
v -0.164015859 0.83514148 0.10234385
v 0.194919884 0.349761516 0.0668374002
v 0.187077746 0.352238595 0.0564543568
v 0.0979470015 0.346779883 0.101040795
v 0.0991823226 0.344534099 0.113183104
v 0.0326320156 0.336313963 0.114099734
v 0.0329221934 0.333684564 0.12362469
v -0.0101540014 0.351762176 0.118602
v -0.0108679449 0.348795742 0.130919397
v -0.0690750703 0.353278756 0.111533582
v -0.07142023 0.351410359 0.123442389
v -0.109062888 0.365613222 0.0892270282
v -0.0110470792 0.402140021 0.144539982
v 0.0534510836 0.401987493 0.140835255
v 0.116061993 0.40908584 0.121691138
v -0.111475788 0.3615219 0.103191718
v -0.150393039 0.355452031 0.089274779
v -0.150625467 0.353846401 0.0996385217
v 0.189987853 0.407381296 0.0737755448
v 0.187077746 0.352238595 0.0564543568
v 0.189265296 0.407725185 0.0659487844
v 0.18381165 0.505173445 0.0784960166
v 0.181106091 0.50521642 0.0709781423
v 0.12083225 0.491685778 0.12660633
v 0.173081368 0.596310079 0.0718325973
v 0.170971215 0.59639287 0.0686771944
v 0.0656668842 0.479043037 0.143849239
v 0.175286174 0.670760095 0.0831929222
v 0.17283015 0.670982242 0.0771695971
v 0.175057679 0.742405117 0.0982536525
v 0.172320411 0.743111491 0.0891674384
v 0.172740728 0.790108144 0.0847965777
v 0.127648011 0.573232889 0.127854005
v 0.0708943158 0.563251674 0.145236298
v 0.133828789 0.651742041 0.137600988
v -0.00995012 0.471002191 0.151500598
v 0.179361641 0.792255342 0.0927140713
v 0.177606687 0.830627739 0.0674189702
v 0.184985086 0.837472558 0.0722472891
v 0.133033708 0.819422543 0.154425263
v 0.133981466 0.777755022 0.155925006
v 0.133285895 0.730257034 0.153673664
v 0.0820278153 0.764937401 0.177489802
v 0.0836689323 0.811002135 0.190268993
v 0.000890974246 0.76049304 0.194135398
v 0.000416076626 0.807357371 0.206099987
v -0.0817034394 0.811254799 0.190364987
v 0.0765103623 0.716060519 0.171492442
v 0.0709342137 0.642823756 0.159068584
v 0.00146859302 0.706679106 0.186163649
v -0.00848862808 0.638846457 0.16747199
v -0.075004302 0.721682727 0.174548134
v -0.0779993385 0.764615059 0.179501384
v -0.00904056523 0.555548131 0.1602972
v -0.125655219 0.777952075 0.155989856
v -0.129757404 0.821616113 0.163166538
v -0.127062038 0.740450799 0.159370035
v -0.0736824125 0.657799244 0.158826455
v -0.0699571148 0.565361857 0.146143749
v -0.162954837 0.791121006 0.114440985
v -0.168972746 0.838189185 0.111817658
v -0.164015859 0.83514148 0.10234385
v -0.161122903 0.788843036 0.104979493
v -0.158919975 0.751653612 0.121398069
v -0.15540044 0.751004815 0.115908802
v -0.121310227 0.679156601 0.157285437
v -0.156629845 0.693775833 0.131816059
v -0.154732034 0.696035266 0.123679183
v -0.0728361234 0.476023316 0.143377379
v -0.117854387 0.601193249 0.13391538
v -0.149432376 0.614562392 0.112000838
v -0.147291824 0.612969458 0.10418909
v -0.0683662444 0.397813201 0.127512172
v -0.116310045 0.488622934 0.130190328
v -0.15270251 0.510568559 0.115707517
v -0.151365861 0.5077824 0.107458644
v -0.110222146 0.402869433 0.114477798
v -0.150173888 0.408960611 0.110377327
v -0.149053693 0.410159409 0.0995077789
v -0.150393039 0.355452031 0.089274779
v 0.000726421538 0.677142918 0.153820604
v 0.0529463179 0.67935133 0.121618934
v 9.99200679E-19 0.676401734 0.115944229
v 0.0521117561 0.685630679 0.13498421
v 0.10907723 0.704050541 0.12769495
v 0.119385727 0.695358157 0.123248883
v 0.175103903 0.71111834 0.0755484924
v 0.18366982 0.718233407 0.0842057243
v 0.188695878 0.727850497 -0.0432962142
v 0.209498242 0.739671946 -0.0618734956
v 0.144154012 0.728141725 -0.18900229
v 0.139859557 0.727733493 -0.137449473
v 0.0561588034 0.714823663 -0.154279053
v 0.0618670508 0.710922778 -0.19312039
v -0.00222800486 0.698521435 -0.171316028
v 1.63426156E-18 0.692728043 -0.146946475
v -0.0592825674 0.721688032 -0.170574039
v -0.0561588034 0.714823663 -0.154279053
v -0.15141882 0.743477643 -0.149417266
v -0.139875799 0.733548462 -0.137449473
v -0.188695878 0.733665466 -0.0432962142
v -0.211451441 0.743860722 -0.0407137461
v -0.188851744 0.717902541 0.0925635248
v -0.175103903 0.71111834 0.0755484924
v -0.10384126 0.702099025 0.144862637
v -0.119385727 0.695358157 0.123248883
v -0.0466849133 0.685334325 0.150293902
v -0.0529463179 0.67935133 0.121618934
v 0.000726421538 0.677142918 0.153820604
v 9.99200679E-19 0.676401734 0.115944229
v -0.203900576 0.923096478 -0.045018144
v -0.194911957 0.925864398 -0.0395173356
v -0.198839143 0.906546831 0.029195115
v -0.20875217 0.902021945 0.0275123715
v -0.20532687 0.901207626 -0.0546271652
v -0.189588323 0.879074872 0.10529007
v -0.213254869 0.876451254 0.0210203752
v -0.19323054 0.894153297 -0.0522080474
v -0.201548025 0.869865 0.019696936
v -0.168972746 0.838189185 0.111817658
v -0.195746079 0.871714294 0.10764195
v -0.182434857 0.844207227 0.114639692
v -0.129757404 0.821616113 0.163166538
v -0.152442262 0.849744499 0.182014033
v -0.14853856 0.857523382 0.177413583
v -0.0799654946 0.853204668 0.213175789
v -0.141471028 0.825985074 0.174231499
v -0.0840371773 0.843559086 0.218047306
v 3.52855968E-05 0.848192155 0.219375238
v -0.0862828121 0.8167786 0.204844117
v -0.0817034394 0.811254799 0.190364987
v 0.000140680873 0.839368403 0.226143181
v 0.0807505846 0.852187693 0.21259965
v 0.000423297082 0.812154114 0.219590694
v 0.000416076626 0.807357371 0.206099987
v 0.0836689323 0.811002135 0.190268993
v 0.085137479 0.842621744 0.21752423
v 0.0882463753 0.816354096 0.204644054
v 0.133033708 0.819422543 0.154425263
v 0.15770793 0.847086847 0.175230727
v 0.153807327 0.85492152 0.171371967
v 0.197009176 0.872821629 0.0786736161
v 0.145474479 0.823573887 0.165508032
v 0.204441845 0.865867138 0.0798699185
v 0.197199538 0.890465081 0.00589275081
v 0.198812082 0.842696667 0.0761548281
v 0.184985086 0.837472558 0.0722472891
v 0.20704104 0.886367083 0.0021636032
v 0.192800641 0.909208179 -0.0618486628
v 0.201598048 0.906870425 -0.0695708022
v 0.211262733 0.868627965 -0.00847010314
v 0.199474573 0.864428699 -0.00916653499
v 0.202338219 0.890679598 -0.084216848
v 0.190106362 0.886354625 -0.0814191699
v -0.0243399628 0.587819934 0.182903707
v 0.000475847453 0.577077508 0.18298392
v 0.00184198876 0.583450556 0.178125247
v -0.0257159825 0.588982284 0.177813828
v -0.023232393 0.623331845 0.182306498
v 0.00311268098 0.627729714 0.182559773
v -0.0257221051 0.66271019 0.193144649
v -0.000744099438 0.66566366 0.193332344
v -0.032555107 0.704590678 0.200230271
v -0.0087883072 0.706264377 0.200359866
v -0.0304864757 0.752788305 0.199670464
v -0.00790012907 0.753214836 0.19974345
v -0.000788555481 0.809598386 0.208040401
v -0.0283647384 0.80907768 0.207951292
v 0.000475847453 0.577077508 0.18298392
v 0.00311268098 0.627729714 0.182559773
v 0.00184198876 0.583450556 0.178125247
v 0.00180261175 0.622497141 0.187982738
v -0.000744099438 0.66566366 0.193332344
v -0.0219177138 0.622049153 0.187906086
v -0.0243399628 0.587819934 0.182903707
v -0.0257159825 0.588982284 0.177813828
v -0.023232393 0.623331845 0.182306498
v -0.0244765636 0.661291897 0.199318722
v -0.0257221051 0.66271019 0.193144649
v -0.00199097046 0.661716521 0.199391395
v -0.0087883072 0.706264377 0.200359866
v -0.0313708261 0.703052163 0.206913322
v -0.032555107 0.704590678 0.200230271
v -0.00997918285 0.703456223 0.206982449
v -0.00790012907 0.753214836 0.19974345
v -0.0293618869 0.751132846 0.206849575
v -0.0304864757 0.752788305 0.199670464
v -0.00903643481 0.75151664 0.206915259
v -0.000788555481 0.809598386 0.208040401
v -0.000793096959 0.808297515 0.213606894
v -0.0283692777 0.807776749 0.21351777
v -0.0283647384 0.80907768 0.207951292
v 0.0387981646 0.692697287 0.178125247
v 0.0152720744 0.721367419 0.182306498
v 0.0144902775 0.671986341 0.177813858
v 0.0394701734 0.725765347 0.182559773
v 0.0094092479 0.760745764 0.193144649
v 0.0343872495 0.763699234 0.193332344
v 0.000317773083 0.80907768 0.207951292
v 0.027893953 0.809598386 0.208040401
v 0.0094092479 0.760745764 0.193144649
v 0.000317773083 0.80907768 0.207951292
v 0.000313232653 0.807776749 0.21351777
v 0.0106547866 0.759327531 0.199318722
v 0.0152720744 0.721367419 0.182306498
v 0.0278894138 0.808297515 0.213606894
v 0.0165867526 0.720084786 0.187906101
v 0.0144902775 0.671986341 0.177813858
v 0.0158662982 0.670823991 0.182903707
v 0.0387981646 0.692697287 0.178125247
v 0.0374320224 0.686324179 0.18298389
v 0.0394701734 0.725765347 0.182559773
v 0.038160108 0.720532715 0.187982738
v 0.0343872495 0.763699234 0.193332344
v 0.027893953 0.809598386 0.208040401
v 0.0331403837 0.759752154 0.199391395
v 0.0292515717 1.40236545 0.0240662526
v 0.0583935603 1.41404355 0.0101891151
v 0.0190404225 1.40299594 0.0443058498
v -2.51770907E-05 1.38189447 0.0483885221
v 0.054543402 1.4124918 0.0044262954
v -0.00405765558 1.39244211 0.0257648099
v 0.0808087289 1.42728639 -0.0561942719
v -0.0239311401 1.40170288 0.0464585014
v 0.0652029663 1.42482066 -0.0550731719
v -0.0288071912 1.40240693 0.0239867661
v 0.059576869 1.42739904 -0.101384401
v -0.0583863594 1.41404355 0.010189116
v 0.03531247 1.42767072 -0.111497477
v -0.0545361973 1.4124918 0.0044262954
v 0.0417603217 1.42568994 -0.118806988
v -0.0808015317 1.42728639 -0.0561942719
v -0.0651957616 1.42482066 -0.0550731719
v -0.0595696606 1.42739904 -0.101384401
v -0.0353052691 1.42767072 -0.111497477
v -0.0417531207 1.42568994 -0.118806988
v 3.60004765E-06 1.42442822 -0.115263186
v 3.60004765E-06 1.42367792 -0.124957316
v -0.025296526 0.808614314 0.182308152
v 5.92884389E-05 0.799055457 0.218424037
v 5.99152081E-05 0.813995361 0.180182949
v 0.0293056667 0.809307277 0.18336831
v -0.0224468019 0.796539783 0.214795306
v -0.0382045694 0.813313603 0.187812626
v 0.026048664 0.79837209 0.214019969
v 0.0382751375 0.813313603 0.187812626
v 0.0344473571 0.805788159 0.211793944
v 0.0313557461 0.837836564 0.193879336
v 0.0282205883 0.827556312 0.227716804
v 0.0382751375 0.862413585 0.19803603
v 0.0207503494 0.824277937 0.22972469
v 5.80267151E-05 0.823436379 0.23660779
v 0.0382751375 0.849814355 0.224286065
v 0.0290712025 0.850506842 0.229246542
v 0.0290712025 0.866167784 0.196029559
v -0.000815056148 0.844855726 0.234922484
v -0.000815056148 0.861143053 0.194311664
v -0.0256313104 0.850058913 0.230598137
v -0.0256313104 0.866494775 0.195515111
v -0.017811168 0.819928944 0.232614309
v -0.0382045694 0.849814355 0.224286065
v -0.0382045694 0.862413585 0.19803603
v -0.0312851742 0.837836564 0.193879336
v -0.0281500183 0.821594596 0.226107016
v -0.0343767852 0.805788159 0.211793944
v 0.0923957974 1.31465912 0.0553283989
v 0.0826776028 1.30439365 0.0607265942
v 0.0784371719 1.30445957 0.0789550394
v 0.0502019972 1.3163439 0.056946598
v 0.0890391618 1.31421196 0.0803320333
v 0.104300991 1.34116232 0.0481049977
v 0.0472269654 1.31335521 0.0745666325
v 0.0262241997 1.32899117 0.0611990094
v 0.102221996 1.34494948 0.0715643987
v 0.108347394 1.37419224 0.0408635996
v 0.0668469593 1.32733941 0.0778786466
v 0.107953191 1.37519133 0.0695465952
v 0.10668987 1.39732063 0.0367905796
v 0.0736560002 1.35106587 0.0746963918
v 0.0236591976 1.35081923 0.0698147938
v 0.0191987976 1.32787466 0.0687059984
v 0.0214739982 1.36860502 0.0679445937
v 0.0212939978 1.34438789 0.0750473961
v 3.59999626E-06 1.34528971 0.0840419978
v 3.59997148E-06 1.32933807 0.0705707967
v 3.60006288E-06 1.32809782 0.052057799
v -0.0262170006 1.32899117 0.0611990094
v 0.0762263909 1.36833143 0.0703673959
v -0.0191916004 1.32787466 0.0687059984
v 0.104468636 1.39410841 0.0741540194
v 0.0928905532 1.40746868 0.0421594828
v 0.0664757639 1.38249457 0.074141033
v 0.0919222608 1.40274787 0.0668038875
v 0.0547356829 1.39836943 0.045827508
v 0.055339165 1.38927519 0.0693638325
v 0.0192204006 1.3784169 0.0533987954
v 3.60000331E-06 1.36746573 0.0749717951
v 3.60000445E-06 1.37855721 0.058910396
v -0.01901301 1.37646294 0.0525680818
v -0.0214667991 1.36860502 0.0679445937
v -0.0503968671 1.37448144 0.0405451208
v -0.0212867986 1.34438789 0.0750473961
v -0.0236519985 1.35081923 0.0698147938
v -0.0438321009 1.30828857 0.0717672408
v -0.0453741029 1.30568004 0.0572809316
v -0.0739830285 1.29797816 0.0791652203
v -0.0765819475 1.29224181 0.0646548122
v -0.0873143077 1.30100727 0.0588408113
v -0.0571159944 1.31617212 0.0773834661
v -0.0851079896 1.30699587 0.0802094936
v -0.102204934 1.31465125 0.047539968
v -0.0681228712 1.33365905 0.0651524886
v -0.0989773944 1.3212651 0.0702301785
v -0.108545452 1.34528947 0.0398045331
v -0.103681736 1.33996081 0.0677435622
v -0.107344531 1.36727226 0.0449364148
v -0.0677600577 1.34934878 0.0720782131
v -0.102339961 1.35607636 0.0747570768
v -0.089949742 1.37673545 0.0608457997
v -0.0621345863 1.36852992 0.0737378523
v -0.0884304717 1.37109864 0.0794392154
v -0.0496935844 1.37548435 0.0633920655
vt 0.368896484 0.995117188
vt 0.386962891 0.994140625
vt 0.404541016 0.97265625
vt 0.384765625 0.966796875
vt 0.371337891 0.952636719
vt 0.360595703 0.975585938
vt 0.381347656 0.932617188
vt 0.398925781 0.939941406
vt 0.415771484 0.950683594
vt 0.384765625 0.92578125
vt 0.402832031 0.932617188
vt 0.417480469 0.947265625
vt 0.440429688 0.91015625
vt 0.416015625 0.90234375
vt 0.425292969 0.875976562
vt 0.391601562 0.895019531
vt 0.443359375 0.8828125
vt 0.407470703 0.868652344
vt 0.438232422 0.87109375
vt 0.41796875 0.862304688
vt 0.429931641 0.861816406
vt 0.467041016 0.291992188
vt 0.468505859 0.278076172
vt 0.441650391 0.277099609
vt 0.440673828 0.289306641
vt 0.468261719 0.298828125
vt 0.440185547 0.294921875
vt 0.416015625 0.283935547
vt 0.419921875 0.299316406
vt 0.422119141 0.293701172
vt 0.399414062 0.288330078
vt 0.401367188 0.311767578
vt 0.394042969 0.300292969
vt 0.393554688 0.293212891
vt 0.383300781 0.330078125
vt 0.375732422 0.302978516
vt 0.377929688 0.290039062
vt 0.367675781 0.324951172
vt 0.353271484 0.310546875
vt 0.344726562 0.300292969
vt 0.318847656 0.318359375
vt 0.348876953 0.322509766
vt 0.359619141 0.341308594
vt 0.381347656 0.347412109
vt 0.382080078 0.369384766
vt 0.328125 0.325195312
vt 0.322998047 0.334472656
vt 0.312744141 0.332763672
vt 0.312988281 0.348388672
vt 0.345458984 0.337402344
vt 0.355224609 0.361328125
vt 0.337646484 0.327880859
vt 0.333251953 0.336425781
vt 0.323974609 0.345947266
vt 0.326171875 0.374023438
vt 0.342529297 0.351806641
vt 0.333496094 0.344726562
vt 0.336669922 0.367431641
vt 0.351074219 0.393554688
vt 0.354492188 0.381347656
vt 0.373535156 0.395019531
vt 0.377929688 0.390380859
vt 0.37890625 0.404541016
vt 0.402587891 0.395263672
vt 0.399414062 0.403564453
vt 0.395996094 0.414306641
vt 0.429931641 0.407470703
vt 0.422851562 0.427001953
vt 0.425537109 0.413085938
vt 0.450683594 0.414794922
vt 0.445556641 0.434814453
vt 0.447509766 0.421142578
vt 0.368896484 0.995117188
vt 0.404541016 0.97265625
vt 0.386962891 0.994140625
vt 0.384765625 0.966796875
vt 0.371337891 0.952636719
vt 0.360595703 0.975585938
vt 0.381347656 0.932617188
vt 0.398925781 0.939941406
vt 0.415771484 0.950683594
vt 0.384765625 0.92578125
vt 0.402832031 0.932617188
vt 0.417480469 0.947265625
vt 0.440429688 0.91015625
vt 0.416015625 0.90234375
vt 0.425292969 0.875976562
vt 0.391601562 0.895019531
vt 0.443359375 0.8828125
vt 0.407470703 0.868652344
vt 0.438232422 0.87109375
vt 0.41796875 0.862304688
vt 0.429931641 0.861816406
vt 0.467041016 0.291992188
vt 0.441650391 0.277099609
vt 0.468505859 0.278076172
vt 0.440673828 0.289306641
vt 0.468261719 0.298828125
vt 0.440185547 0.294921875
vt 0.416015625 0.283935547
vt 0.419921875 0.299316406
vt 0.422119141 0.293701172
vt 0.399414062 0.288330078
vt 0.401367188 0.311767578
vt 0.394042969 0.300292969
vt 0.393554688 0.293212891
vt 0.383300781 0.330078125
vt 0.375732422 0.302978516
vt 0.377929688 0.290039062
vt 0.367675781 0.324951172
vt 0.353271484 0.310546875
vt 0.344726562 0.300292969
vt 0.318847656 0.318359375
vt 0.348876953 0.322509766
vt 0.359619141 0.341308594
vt 0.381347656 0.347412109
vt 0.382080078 0.369384766
vt 0.328125 0.325195312
vt 0.322998047 0.334472656
vt 0.312744141 0.332763672
vt 0.312988281 0.348388672
vt 0.345458984 0.337402344
vt 0.355224609 0.361328125
vt 0.337646484 0.327880859
vt 0.333251953 0.336425781
vt 0.323974609 0.345947266
vt 0.326171875 0.374023438
vt 0.342529297 0.351806641
vt 0.333496094 0.344726562
vt 0.336669922 0.367431641
vt 0.351074219 0.393554688
vt 0.354492188 0.381347656
vt 0.373535156 0.395019531
vt 0.377929688 0.390380859
vt 0.37890625 0.404541016
vt 0.402587891 0.395263672
vt 0.399414062 0.403564453
vt 0.395996094 0.414306641
vt 0.429931641 0.407470703
vt 0.422851562 0.427001953
vt 0.425537109 0.413085938
vt 0.450683594 0.414794922
vt 0.445556641 0.434814453
vt 0.447509766 0.421142578
vt 0.0196228027 0.425048828
vt 0.0437011719 0.417480469
vt 0.0218048096 0.418945312
vt 0.0454101562 0.422363281
vt 0.043548584 0.440429688
vt 0.0219573975 0.444580078
vt 0.0755615234 0.418457031
vt 0.0770263672 0.413818359
vt 0.0966796875 0.420654297
vt 0.0645751953 0.441894531
vt 0.092956543 0.42578125
vt 0.117858887 0.425048828
vt 0.0394592285 0.466552734
vt 0.0217132568 0.469726562
vt 0.0569152832 0.467529297
vt 0.0827636719 0.448486328
vt 0.116149902 0.430664062
vt 0.0361633301 0.491699219
vt 0.0177001953 0.494873047
vt 0.051361084 0.492431641
vt 0.0476379395 0.514648438
vt 0.0341491699 0.514648438
vt 0.0172576904 0.518066406
vt 0.0348510742 0.518066406
vt 0.0200042725 0.522460938
vt 0.0462341309 0.51953125
vt 0.0540161133 0.523925781
vt 0.0724487305 0.472900391
vt 0.0640869141 0.497558594
vt 0.0556945801 0.519042969
vt 0.100402832 0.459960938
vt 0.0673828125 0.525878906
vt 0.0646972656 0.530761719
vt 0.0865478516 0.483398438
vt 0.0758056641 0.505371094
vt 0.115844727 0.471191406
vt 0.0795288086 0.536621094
vt 0.076965332 0.540039062
vt 0.0924072266 0.549316406
vt 0.102661133 0.495849609
vt 0.0904541016 0.516601562
vt 0.0946044922 0.546875
vt 0.104614258 0.556640625
vt 0.106506348 0.526367188
vt 0.106384277 0.553710938
vt 0.116577148 0.564941406
vt 0.117431641 0.503417969
vt 0.116882324 0.560546875
vt 0.125610352 0.576660156
vt 0.130493164 0.575195312
vt 0.121276855 0.536621094
vt 0.137451172 0.546875
vt 0.150024414 0.560546875
vt 0.135742188 0.516601562
vt 0.153320312 0.529785156
vt 0.168212891 0.54296875
vt 0.186279297 0.523925781
vt 0.147949219 0.493896484
vt 0.167480469 0.508789062
vt 0.19909668 0.5078125
vt 0.17565918 0.493164062
vt 0.130004883 0.479492188
vt 0.17956543 0.488037109
vt 0.200439453 0.500488281
vt 0.158447266 0.475830078
vt 0.165039062 0.470703125
vt 0.144897461 0.458007812
vt 0.149658203 0.453857422
vt 0.134277344 0.447509766
vt 0.137451172 0.442138672
vt 0.0221252441 0.406005859
vt 0.0218048096 0.418945312
vt 0.0437011719 0.417480469
vt 0.0455932617 0.405517578
vt 0.0249023438 0.384765625
vt 0.0770263672 0.413818359
vt 0.0540466309 0.385009766
vt 0.0280914307 0.375488281
vt 0.0721435547 0.406005859
vt 0.0966796875 0.420654297
vt 0.056640625 0.375976562
vt 0.0284118652 0.360839844
vt 0.0796508789 0.389404297
vt 0.100769043 0.412109375
vt 0.10723877 0.399658203
vt 0.12286377 0.421875
vt 0.117858887 0.425048828
vt 0.137451172 0.442138672
vt 0.127929688 0.411376953
vt 0.142944336 0.434082031
vt 0.149658203 0.453857422
vt 0.149536133 0.423583984
vt 0.170898438 0.4375
vt 0.158935547 0.445800781
vt 0.165039062 0.470703125
vt 0.175292969 0.461669922
vt 0.17956543 0.488037109
vt 0.193603516 0.478515625
vt 0.200439453 0.500488281
vt 0.212280273 0.493164062
vt 0.184936523 0.455322266
vt 0.203979492 0.461181641
vt 0.2265625 0.476074219
vt 0.216796875 0.454589844
vt 0.232788086 0.468261719
vt 0.223388672 0.441650391
vt 0.240966797 0.454101562
vt 0.2578125 0.439697266
vt 0.228271484 0.421630859
vt 0.267578125 0.431396484
vt 0.244140625 0.408203125
vt 0.275878906 0.428466797
vt 0.251953125 0.40234375
vt 0.281738281 0.426269531
vt 0.260009766 0.397705078
vt 0.228027344 0.381835938
vt 0.234863281 0.366699219
vt 0.244018555 0.359619141
vt 0.218261719 0.351318359
vt 0.229858398 0.340576172
vt 0.21081543 0.367675781
vt 0.202148438 0.336425781
vt 0.213378906 0.323486328
vt 0.216064453 0.406005859
vt 0.191772461 0.354248047
vt 0.176513672 0.321533203
vt 0.18371582 0.303710938
vt 0.141967773 0.293457031
vt 0.166381836 0.341796875
vt 0.14074707 0.309814453
vt 0.101196289 0.305908203
vt 0.194335938 0.399658203
vt 0.102844238 0.3125
vt 0.0752563477 0.312744141
vt 0.170410156 0.383544922
vt 0.132324219 0.328369141
vt 0.0762939453 0.318603516
vt 0.0440979004 0.316162109
vt 0.0440063477 0.322021484
vt 0.0977172852 0.325927734
vt 0.0712890625 0.327148438
vt 0.0412902832 0.329589844
vt 0.0403442383 0.341552734
vt 0.0688476562 0.339599609
vt 0.094543457 0.347167969
vt 0.0579223633 0.362792969
vt 0.0824584961 0.380859375
vt 0.0836181641 0.369140625
vt 0.111083984 0.391357422
vt 0.110168457 0.380615234
vt 0.122070312 0.363525391
vt 0.150146484 0.376464844
vt 0.136230469 0.389892578
vt 0.133178711 0.403808594
vt 0.154174805 0.415283203
vt 0.158081055 0.397216797
vt 0.184692383 0.408935547
vt 0.174560547 0.421875
vt 0.196899414 0.418945312
vt 0.192871094 0.423339844
vt 0.188476562 0.428955078
vt 0.205688477 0.421386719
vt 0.19909668 0.428710938
vt 0.210205078 0.427978516
vt 0.208251953 0.436523438
vt 0.195678711 0.434326172
vt 0.205444336 0.442382812
vt 0.199829102 0.445556641
vt 0.191894531 0.443115234
vt 0.186279297 0.435546875
vt 0.858398438 0.5078125
vt 0.878417969 0.514160156
vt 0.87890625 0.494384766
vt 0.863769531 0.488525391
vt 0.881835938 0.473144531
vt 0.853515625 0.486328125
vt 0.850585938 0.506347656
vt 0.868164062 0.470214844
vt 0.8828125 0.446044922
vt 0.858398438 0.469726562
vt 0.843261719 0.484863281
vt 0.83984375 0.5
vt 0.865722656 0.448242188
vt 0.883300781 0.423583984
vt 0.849121094 0.469482422
vt 0.825683594 0.488769531
vt 0.826171875 0.500976562
vt 0.807617188 0.492919922
vt 0.809082031 0.501953125
vt 0.8046875 0.50390625
vt 0.857421875 0.448730469
vt 0.857421875 0.428955078
vt 0.866210938 0.427734375
vt 0.881347656 0.405273438
vt 0.846679688 0.453857422
vt 0.870605469 0.407470703
vt 0.878417969 0.393554688
vt 0.866699219 0.386962891
vt 0.86328125 0.407714844
vt 0.861816406 0.391357422
vt 0.859863281 0.405273438
vt 0.858398438 0.390869141
vt 0.845703125 0.399169922
vt 0.84765625 0.38671875
vt 0.836914062 0.380371094
vt 0.8515625 0.419921875
vt 0.841308594 0.438964844
vt 0.831542969 0.427734375
vt 0.837890625 0.410400391
vt 0.828613281 0.455810547
vt 0.833984375 0.393066406
vt 0.823730469 0.40625
vt 0.820800781 0.388183594
vt 0.82421875 0.37890625
vt 0.829589844 0.417480469
vt 0.813964844 0.397949219
vt 0.808105469 0.381835938
vt 0.812011719 0.374755859
vt 0.804199219 0.369384766
vt 0.818359375 0.416015625
vt 0.803222656 0.389892578
vt 0.801757812 0.377685547
vt 0.79296875 0.369873047
vt 0.809570312 0.409423828
vt 0.806152344 0.403320312
vt 0.80859375 0.413574219
vt 0.798339844 0.395507812
vt 0.790527344 0.390136719
vt 0.807128906 0.415771484
vt 0.796875 0.385986328
vt 0.786621094 0.379394531
vt 0.795410156 0.375244141
vt 0.791992188 0.380615234
vt 0.815917969 0.424560547
vt 0.797851562 0.427490234
vt 0.796875 0.417724609
vt 0.791992188 0.417480469
vt 0.815429688 0.436279297
vt 0.790527344 0.427246094
vt 0.780273438 0.415039062
vt 0.824707031 0.435791016
vt 0.826660156 0.443359375
vt 0.814941406 0.458740234
vt 0.814453125 0.446044922
vt 0.797363281 0.437255859
vt 0.778320312 0.422607422
vt 0.766113281 0.409179688
vt 0.788085938 0.437744141
vt 0.787597656 0.441894531
vt 0.831054688 0.469238281
vt 0.831542969 0.478271484
vt 0.818359375 0.471435547
vt 0.822753906 0.480224609
vt 0.774902344 0.4296875
vt 0.795898438 0.443603516
vt 0.795898438 0.44921875
vt 0.796386719 0.456787109
vt 0.802734375 0.480957031
vt 0.8046875 0.485595703
vt 0.795898438 0.488037109
vt 0.800292969 0.475341797
vt 0.795898438 0.485595703
vt 0.801269531 0.495849609
vt 0.796875 0.508789062
vt 0.792480469 0.502929688
vt 0.783691406 0.511230469
vt 0.779296875 0.506347656
vt 0.788085938 0.516113281
vt 0.779785156 0.521972656
vt 0.776855469 0.517578125
vt 0.771972656 0.522460938
vt 0.772460938 0.519042969
vt 0.766601562 0.517089844
vt 0.772949219 0.512207031
vt 0.770019531 0.516113281
vt 0.767578125 0.508300781
vt 0.774414062 0.501464844
vt 0.782714844 0.493408203
vt 0.787597656 0.497558594
vt 0.790039062 0.489746094
vt 0.790527344 0.488037109
vt 0.7890625 0.487304688
vt 0.79296875 0.479980469
vt 0.780273438 0.491455078
vt 0.798339844 0.468505859
vt 0.777832031 0.483886719
vt 0.766113281 0.498046875
vt 0.797363281 0.462890625
vt 0.789550781 0.465332031
vt 0.789550781 0.469726562
vt 0.762695312 0.490234375
vt 0.759765625 0.482666016
vt 0.75390625 0.502441406
vt 0.751953125 0.493896484
vt 0.743164062 0.498779297
vt 0.787597656 0.459228516
vt 0.775390625 0.476806641
vt 0.772460938 0.470703125
vt 0.781738281 0.468017578
vt 0.782714844 0.467041016
vt 0.782226562 0.466064453
vt 0.7578125 0.475585938
vt 0.74609375 0.479492188
vt 0.76953125 0.467041016
vt 0.749511719 0.486083984
vt 0.739746094 0.488525391
vt 0.744628906 0.489501953
vt 0.74609375 0.494384766
vt 0.770019531 0.459472656
vt 0.752441406 0.461181641
vt 0.753417969 0.468994141
vt 0.740234375 0.469970703
vt 0.786132812 0.447509766
vt 0.740234375 0.462402344
vt 0.730957031 0.464111328
vt 0.734375 0.461669922
vt 0.729980469 0.454589844
vt 0.734375 0.456787109
vt 0.740234375 0.454345703
vt 0.73828125 0.446289062
vt 0.751953125 0.453125
vt 0.751464844 0.445068359
vt 0.767578125 0.443847656
vt 0.769042969 0.451660156
vt 0.779785156 0.441894531
vt 0.780273438 0.440673828
vt 0.780273438 0.439941406
vt 0.771972656 0.435302734
vt 0.7578125 0.428955078
vt 0.759765625 0.423095703
vt 0.745605469 0.424316406
vt 0.748535156 0.41796875
vt 0.739746094 0.415039062
vt 0.763183594 0.416015625
vt 0.75390625 0.403320312
vt 0.751953125 0.411132812
vt 0.742675781 0.40625
vt 0.743652344 0.4140625
vt 0.745605469 0.409912109
vt 0.958496094 0.403320312
vt 0.96484375 0.387695312
vt 0.949707031 0.392578125
vt 0.942382812 0.408935547
vt 0.958007812 0.408447266
vt 0.928222656 0.394775391
vt 0.944824219 0.415039062
vt 0.957519531 0.412597656
vt 0.947265625 0.421386719
vt 0.9375 0.429443359
vt 0.960449219 0.423095703
vt 0.939941406 0.418945312
vt 0.932128906 0.408935547
vt 0.952636719 0.432861328
vt 0.963867188 0.432861328
vt 0.941894531 0.430908203
vt 0.938964844 0.445556641
vt 0.920898438 0.410888672
vt 0.908691406 0.397216797
vt 0.905273438 0.413574219
vt 0.907226562 0.420410156
vt 0.934570312 0.419189453
vt 0.920898438 0.417236328
vt 0.921875 0.424560547
vt 0.913085938 0.424560547
vt 0.900390625 0.430664062
vt 0.922363281 0.440185547
vt 0.911621094 0.436279297
vt 0.91015625 0.447753906
vt 0.8984375 0.444091797
vt 0.900390625 0.458984375
vt 0.921386719 0.452148438
vt 0.907714844 0.462158203
vt 0.899414062 0.462158203
vt 0.916015625 0.46875
vt 0.905761719 0.465576172
vt 0.900390625 0.471191406
vt 0.93359375 0.454833984
vt 0.894042969 0.466552734
vt 0.930175781 0.473632812
vt 0.946289062 0.461181641
vt 0.888671875 0.473876953
vt 0.9453125 0.476318359
vt 0.933105469 0.481201172
vt 0.911132812 0.469482422
vt 0.895996094 0.476806641
vt 0.887207031 0.481201172
vt 0.905761719 0.475341797
vt 0.901367188 0.480957031
vt 0.892578125 0.481933594
vt 0.890625 0.486328125
vt 0.887695312 0.488037109
vt 0.892578125 0.491699219
vt 0.896972656 0.485107422
vt 0.893066406 0.488037109
vt 0.899902344 0.490234375
vt 0.904296875 0.484619141
vt 0.909179688 0.478515625
vt 0.911132812 0.473632812
vt 0.913574219 0.473388672
vt 0.9140625 0.475097656
vt 0.91796875 0.475097656
vt 0.9140625 0.483886719
vt 0.909179688 0.481933594
vt 0.901855469 0.491455078
vt 0.924804688 0.477783203
vt 0.926757812 0.482177734
vt 0.928222656 0.480712891
vt 0.928710938 0.482666016
vt 0.932128906 0.493408203
vt 0.924804688 0.493408203
vt 0.921386719 0.506347656
vt 0.920410156 0.486816406
vt 0.916015625 0.496337891
vt 0.924316406 0.488769531
vt 0.919921875 0.5
vt 0.916015625 0.508789062
vt 0.940917969 0.481933594
vt 0.930664062 0.504882812
vt 0.924316406 0.516601562
vt 0.909179688 0.493164062
vt 0.905273438 0.500976562
vt 0.897949219 0.500976562
vt 0.911132812 0.503417969
vt 0.907226562 0.508300781
vt 0.907714844 0.513183594
vt 0.903808594 0.506835938
vt 0.899902344 0.510253906
vt 0.938964844 0.505371094
vt 0.939941406 0.493652344
vt 0.945800781 0.484619141
vt 0.946777344 0.494628906
vt 0.946289062 0.483154297
vt 0.947753906 0.5078125
vt 0.944335938 0.518066406
vt 0.947265625 0.484863281
vt 0.937988281 0.514648438
vt 0.931152344 0.514160156
vt 0.936035156 0.520507812
vt 0.937988281 0.525390625
vt 0.932128906 0.520507812
vt 0.9296875 0.524414062
vt 0.950683594 0.481445312
vt 0.952636719 0.492431641
vt 0.947265625 0.494140625
vt 0.956054688 0.475341797
vt 0.95703125 0.480712891
vt 0.953613281 0.503417969
vt 0.948730469 0.505859375
vt 0.950683594 0.515625
vt 0.959472656 0.491455078
vt 0.96484375 0.476806641
vt 0.965332031 0.480712891
vt 0.968261719 0.490234375
vt 0.965820312 0.468017578
vt 0.961425781 0.502441406
vt 0.970214844 0.501953125
vt 0.969726562 0.512695312
vt 0.956054688 0.51171875
vt 0.95703125 0.46484375
vt 0.962890625 0.510742188
vt 0.958496094 0.517578125
vt 0.957519531 0.521972656
vt 0.965332031 0.520996094
vt 0.962402344 0.517089844
vt 0.958496094 0.461181641
vt 0.965820312 0.467285156
vt 0.967773438 0.466552734
vt 0.948730469 0.455810547
vt 0.945800781 0.440917969
vt 0.953125 0.451660156
vt 0.963378906 0.456787109
vt 0.959960938 0.446044922
vt 0.969726562 0.454833984
vt 0.971191406 0.465332031
vt 0.978027344 0.462158203
vt 0.969726562 0.447265625
vt 0.972167969 0.436279297
vt 0.98046875 0.439697266
vt 0.9765625 0.454345703
vt 0.984863281 0.461181641
vt 0.977050781 0.447753906
vt 0.986328125 0.442626953
vt 0.983398438 0.454589844
vt 0.983398438 0.448242188
vt 0.989257812 0.454101562
vt 0.993164062 0.457275391
vt 0.993652344 0.447998047
vt 0.989257812 0.449707031
vt 0.0196228027 0.425048828
vt 0.0218048096 0.418945312
vt 0.0437011719 0.417480469
vt 0.0454101562 0.422363281
vt 0.043548584 0.440429688
vt 0.0219573975 0.444580078
vt 0.0755615234 0.418457031
vt 0.0770263672 0.413818359
vt 0.0966796875 0.420654297
vt 0.0645751953 0.441894531
vt 0.092956543 0.42578125
vt 0.117858887 0.425048828
vt 0.0394592285 0.466552734
vt 0.0217132568 0.469726562
vt 0.0569152832 0.467529297
vt 0.0827636719 0.448486328
vt 0.116149902 0.430664062
vt 0.0361633301 0.491699219
vt 0.0177001953 0.494873047
vt 0.051361084 0.492431641
vt 0.0476379395 0.514648438
vt 0.0341491699 0.514648438
vt 0.0172576904 0.518066406
vt 0.0348510742 0.518066406
vt 0.0200042725 0.522460938
vt 0.0462341309 0.51953125
vt 0.0540161133 0.523925781
vt 0.0724487305 0.472900391
vt 0.0640869141 0.497558594
vt 0.0556945801 0.519042969
vt 0.100402832 0.459960938
vt 0.0673828125 0.525878906
vt 0.0646972656 0.530761719
vt 0.0865478516 0.483398438
vt 0.0758056641 0.505371094
vt 0.115844727 0.471191406
vt 0.0795288086 0.536621094
vt 0.076965332 0.540039062
vt 0.0924072266 0.549316406
vt 0.102661133 0.495849609
vt 0.0904541016 0.516601562
vt 0.0946044922 0.546875
vt 0.104614258 0.556640625
vt 0.106506348 0.526367188
vt 0.106384277 0.553710938
vt 0.116577148 0.564941406
vt 0.117431641 0.503417969
vt 0.116882324 0.560546875
vt 0.125610352 0.576660156
vt 0.130493164 0.575195312
vt 0.121276855 0.536621094
vt 0.137451172 0.546875
vt 0.150024414 0.560546875
vt 0.135742188 0.516601562
vt 0.153320312 0.529785156
vt 0.168212891 0.54296875
vt 0.186279297 0.523925781
vt 0.147949219 0.493896484
vt 0.167480469 0.508789062
vt 0.19909668 0.5078125
vt 0.17565918 0.493164062
vt 0.130004883 0.479492188
vt 0.17956543 0.488037109
vt 0.200439453 0.500488281
vt 0.158447266 0.475830078
vt 0.165039062 0.470703125
vt 0.144897461 0.458007812
vt 0.149658203 0.453857422
vt 0.134277344 0.447509766
vt 0.137451172 0.442138672
vt 0.0221252441 0.406005859
vt 0.0437011719 0.417480469
vt 0.0218048096 0.418945312
vt 0.0455932617 0.405517578
vt 0.0249023438 0.384765625
vt 0.0770263672 0.413818359
vt 0.0540466309 0.385009766
vt 0.0280914307 0.375488281
vt 0.0721435547 0.406005859
vt 0.0966796875 0.420654297
vt 0.056640625 0.375976562
vt 0.0284118652 0.360839844
vt 0.0796508789 0.389404297
vt 0.100769043 0.412109375
vt 0.10723877 0.399658203
vt 0.12286377 0.421875
vt 0.117858887 0.425048828
vt 0.137451172 0.442138672
vt 0.127929688 0.411376953
vt 0.142944336 0.434082031
vt 0.149658203 0.453857422
vt 0.149536133 0.423583984
vt 0.170898438 0.4375
vt 0.158935547 0.445800781
vt 0.165039062 0.470703125
vt 0.175292969 0.461669922
vt 0.17956543 0.488037109
vt 0.193603516 0.478515625
vt 0.200439453 0.500488281
vt 0.212280273 0.493164062
vt 0.184936523 0.455322266
vt 0.203979492 0.461181641
vt 0.2265625 0.476074219
vt 0.216796875 0.454589844
vt 0.232788086 0.468261719
vt 0.223388672 0.441650391
vt 0.240966797 0.454101562
vt 0.2578125 0.439697266
vt 0.228271484 0.421630859
vt 0.267578125 0.431396484
vt 0.244140625 0.408203125
vt 0.275878906 0.428466797
vt 0.251953125 0.40234375
vt 0.281738281 0.426269531
vt 0.260009766 0.397705078
vt 0.228027344 0.381835938
vt 0.234863281 0.366699219
vt 0.244018555 0.359619141
vt 0.218261719 0.351318359
vt 0.229858398 0.340576172
vt 0.21081543 0.367675781
vt 0.202148438 0.336425781
vt 0.213378906 0.323486328
vt 0.216064453 0.406005859
vt 0.191772461 0.354248047
vt 0.176513672 0.321533203
vt 0.18371582 0.303710938
vt 0.141967773 0.293457031
vt 0.166381836 0.341796875
vt 0.14074707 0.309814453
vt 0.101196289 0.305908203
vt 0.194335938 0.399658203
vt 0.102844238 0.3125
vt 0.0752563477 0.312744141
vt 0.170410156 0.383544922
vt 0.132324219 0.328369141
vt 0.0762939453 0.318603516
vt 0.0440979004 0.316162109
vt 0.0440063477 0.322021484
vt 0.0977172852 0.325927734
vt 0.0712890625 0.327148438
vt 0.0412902832 0.329589844
vt 0.0403442383 0.341552734
vt 0.0688476562 0.339599609
vt 0.094543457 0.347167969
vt 0.0579223633 0.362792969
vt 0.0824584961 0.380859375
vt 0.0836181641 0.369140625
vt 0.111083984 0.391357422
vt 0.110168457 0.380615234
vt 0.122070312 0.363525391
vt 0.150146484 0.376464844
vt 0.136230469 0.389892578
vt 0.133178711 0.403808594
vt 0.154174805 0.415283203
vt 0.158081055 0.397216797
vt 0.184692383 0.408935547
vt 0.174560547 0.421875
vt 0.196899414 0.418945312
vt 0.192871094 0.423339844
vt 0.188476562 0.428955078
vt 0.205688477 0.421386719
vt 0.19909668 0.428710938
vt 0.210205078 0.427978516
vt 0.208251953 0.436523438
vt 0.195678711 0.434326172
vt 0.205444336 0.442382812
vt 0.199829102 0.445556641
vt 0.191894531 0.443115234
vt 0.186279297 0.435546875
vt 0.858398438 0.5078125
vt 0.87890625 0.494384766
vt 0.878417969 0.514160156
vt 0.863769531 0.488525391
vt 0.881835938 0.473144531
vt 0.853515625 0.486328125
vt 0.850585938 0.506347656
vt 0.868164062 0.470214844
vt 0.8828125 0.446044922
vt 0.858398438 0.469726562
vt 0.843261719 0.484863281
vt 0.83984375 0.5
vt 0.865722656 0.448242188
vt 0.883300781 0.423583984
vt 0.849121094 0.469482422
vt 0.825683594 0.488769531
vt 0.826171875 0.500976562
vt 0.807617188 0.492919922
vt 0.809082031 0.501953125
vt 0.8046875 0.50390625
vt 0.857421875 0.448730469
vt 0.857421875 0.428955078
vt 0.866210938 0.427734375
vt 0.881347656 0.405273438
vt 0.846679688 0.453857422
vt 0.870605469 0.407470703
vt 0.878417969 0.393554688
vt 0.866699219 0.386962891
vt 0.86328125 0.407714844
vt 0.861816406 0.391357422
vt 0.859863281 0.405273438
vt 0.858398438 0.390869141
vt 0.845703125 0.399169922
vt 0.84765625 0.38671875
vt 0.836914062 0.380371094
vt 0.8515625 0.419921875
vt 0.841308594 0.438964844
vt 0.831542969 0.427734375
vt 0.837890625 0.410400391
vt 0.828613281 0.455810547
vt 0.833984375 0.393066406
vt 0.823730469 0.40625
vt 0.820800781 0.388183594
vt 0.82421875 0.37890625
vt 0.829589844 0.417480469
vt 0.813964844 0.397949219
vt 0.808105469 0.381835938
vt 0.812011719 0.374755859
vt 0.804199219 0.369384766
vt 0.818359375 0.416015625
vt 0.803222656 0.389892578
vt 0.801757812 0.377685547
vt 0.79296875 0.369873047
vt 0.809570312 0.409423828
vt 0.806152344 0.403320312
vt 0.80859375 0.413574219
vt 0.798339844 0.395507812
vt 0.790527344 0.390136719
vt 0.807128906 0.415771484
vt 0.796875 0.385986328
vt 0.786621094 0.379394531
vt 0.795410156 0.375244141
vt 0.791992188 0.380615234
vt 0.815917969 0.424560547
vt 0.797851562 0.427490234
vt 0.796875 0.417724609
vt 0.791992188 0.417480469
vt 0.815429688 0.436279297
vt 0.790527344 0.427246094
vt 0.780273438 0.415039062
vt 0.824707031 0.435791016
vt 0.826660156 0.443359375
vt 0.814941406 0.458740234
vt 0.814453125 0.446044922
vt 0.797363281 0.437255859
vt 0.778320312 0.422607422
vt 0.766113281 0.409179688
vt 0.788085938 0.437744141
vt 0.787597656 0.441894531
vt 0.831054688 0.469238281
vt 0.831542969 0.478271484
vt 0.818359375 0.471435547
vt 0.822753906 0.480224609
vt 0.774902344 0.4296875
vt 0.795898438 0.443603516
vt 0.795898438 0.44921875
vt 0.796386719 0.456787109
vt 0.802734375 0.480957031
vt 0.8046875 0.485595703
vt 0.795898438 0.488037109
vt 0.800292969 0.475341797
vt 0.795898438 0.485595703
vt 0.801269531 0.495849609
vt 0.796875 0.508789062
vt 0.792480469 0.502929688
vt 0.783691406 0.511230469
vt 0.779296875 0.506347656
vt 0.788085938 0.516113281
vt 0.779785156 0.521972656
vt 0.776855469 0.517578125
vt 0.771972656 0.522460938
vt 0.772460938 0.519042969
vt 0.766601562 0.517089844
vt 0.772949219 0.512207031
vt 0.770019531 0.516113281
vt 0.767578125 0.508300781
vt 0.774414062 0.501464844
vt 0.782714844 0.493408203
vt 0.787597656 0.497558594
vt 0.790039062 0.489746094
vt 0.790527344 0.488037109
vt 0.7890625 0.487304688
vt 0.79296875 0.479980469
vt 0.780273438 0.491455078
vt 0.798339844 0.468505859
vt 0.777832031 0.483886719
vt 0.766113281 0.498046875
vt 0.797363281 0.462890625
vt 0.789550781 0.465332031
vt 0.789550781 0.469726562
vt 0.762695312 0.490234375
vt 0.759765625 0.482666016
vt 0.75390625 0.502441406
vt 0.751953125 0.493896484
vt 0.743164062 0.498779297
vt 0.787597656 0.459228516
vt 0.775390625 0.476806641
vt 0.772460938 0.470703125
vt 0.781738281 0.468017578
vt 0.782714844 0.467041016
vt 0.782226562 0.466064453
vt 0.7578125 0.475585938
vt 0.74609375 0.479492188
vt 0.76953125 0.467041016
vt 0.749511719 0.486083984
vt 0.739746094 0.488525391
vt 0.744628906 0.489501953
vt 0.74609375 0.494384766
vt 0.770019531 0.459472656
vt 0.752441406 0.461181641
vt 0.753417969 0.468994141
vt 0.740234375 0.469970703
vt 0.786132812 0.447509766
vt 0.740234375 0.462402344
vt 0.730957031 0.464111328
vt 0.734375 0.461669922
vt 0.729980469 0.454589844
vt 0.734375 0.456787109
vt 0.740234375 0.454345703
vt 0.73828125 0.446289062
vt 0.751953125 0.453125
vt 0.751464844 0.445068359
vt 0.767578125 0.443847656
vt 0.769042969 0.451660156
vt 0.779785156 0.441894531
vt 0.780273438 0.440673828
vt 0.780273438 0.439941406
vt 0.771972656 0.435302734
vt 0.7578125 0.428955078
vt 0.759765625 0.423095703
vt 0.745605469 0.424316406
vt 0.748535156 0.41796875
vt 0.739746094 0.415039062
vt 0.763183594 0.416015625
vt 0.75390625 0.403320312
vt 0.751953125 0.411132812
vt 0.742675781 0.40625
vt 0.743652344 0.4140625
vt 0.745605469 0.409912109
vt 0.958496094 0.403320312
vt 0.949707031 0.392578125
vt 0.96484375 0.387695312
vt 0.942382812 0.408935547
vt 0.958007812 0.408447266
vt 0.928222656 0.394775391
vt 0.944824219 0.415039062
vt 0.957519531 0.412597656
vt 0.947265625 0.421386719
vt 0.9375 0.429443359
vt 0.960449219 0.423095703
vt 0.939941406 0.418945312
vt 0.932128906 0.408935547
vt 0.952636719 0.432861328
vt 0.963867188 0.432861328
vt 0.941894531 0.430908203
vt 0.938964844 0.445556641
vt 0.920898438 0.410888672
vt 0.908691406 0.397216797
vt 0.905273438 0.413574219
vt 0.907226562 0.420410156
vt 0.934570312 0.419189453
vt 0.920898438 0.417236328
vt 0.921875 0.424560547
vt 0.913085938 0.424560547
vt 0.900390625 0.430664062
vt 0.922363281 0.440185547
vt 0.911621094 0.436279297
vt 0.91015625 0.447753906
vt 0.8984375 0.444091797
vt 0.900390625 0.458984375
vt 0.921386719 0.452148438
vt 0.907714844 0.462158203
vt 0.899414062 0.462158203
vt 0.916015625 0.46875
vt 0.905761719 0.465576172
vt 0.900390625 0.471191406
vt 0.93359375 0.454833984
vt 0.894042969 0.466552734
vt 0.930175781 0.473632812
vt 0.946289062 0.461181641
vt 0.888671875 0.473876953
vt 0.9453125 0.476318359
vt 0.933105469 0.481201172
vt 0.911132812 0.469482422
vt 0.895996094 0.476806641
vt 0.887207031 0.481201172
vt 0.905761719 0.475341797
vt 0.901367188 0.480957031
vt 0.892578125 0.481933594
vt 0.890625 0.486328125
vt 0.887695312 0.488037109
vt 0.892578125 0.491699219
vt 0.896972656 0.485107422
vt 0.893066406 0.488037109
vt 0.899902344 0.490234375
vt 0.904296875 0.484619141
vt 0.909179688 0.478515625
vt 0.911132812 0.473632812
vt 0.913574219 0.473388672
vt 0.9140625 0.475097656
vt 0.91796875 0.475097656
vt 0.9140625 0.483886719
vt 0.909179688 0.481933594
vt 0.901855469 0.491455078
vt 0.924804688 0.477783203
vt 0.926757812 0.482177734
vt 0.928222656 0.480712891
vt 0.928710938 0.482666016
vt 0.932128906 0.493408203
vt 0.924804688 0.493408203
vt 0.921386719 0.506347656
vt 0.920410156 0.486816406
vt 0.916015625 0.496337891
vt 0.924316406 0.488769531
vt 0.919921875 0.5
vt 0.916015625 0.508789062
vt 0.940917969 0.481933594
vt 0.930664062 0.504882812
vt 0.924316406 0.516601562
vt 0.909179688 0.493164062
vt 0.905273438 0.500976562
vt 0.897949219 0.500976562
vt 0.911132812 0.503417969
vt 0.907226562 0.508300781
vt 0.907714844 0.513183594
vt 0.903808594 0.506835938
vt 0.899902344 0.510253906
vt 0.938964844 0.505371094
vt 0.939941406 0.493652344
vt 0.945800781 0.484619141
vt 0.946777344 0.494628906
vt 0.946289062 0.483154297
vt 0.947753906 0.5078125
vt 0.944335938 0.518066406
vt 0.947265625 0.484863281
vt 0.937988281 0.514648438
vt 0.931152344 0.514160156
vt 0.936035156 0.520507812
vt 0.937988281 0.525390625
vt 0.932128906 0.520507812
vt 0.9296875 0.524414062
vt 0.950683594 0.481445312
vt 0.952636719 0.492431641
vt 0.947265625 0.494140625
vt 0.956054688 0.475341797
vt 0.95703125 0.480712891
vt 0.953613281 0.503417969
vt 0.948730469 0.505859375
vt 0.950683594 0.515625
vt 0.959472656 0.491455078
vt 0.96484375 0.476806641
vt 0.965332031 0.480712891
vt 0.968261719 0.490234375
vt 0.965820312 0.468017578
vt 0.961425781 0.502441406
vt 0.970214844 0.501953125
vt 0.969726562 0.512695312
vt 0.956054688 0.51171875
vt 0.95703125 0.46484375
vt 0.962890625 0.510742188
vt 0.958496094 0.517578125
vt 0.957519531 0.521972656
vt 0.965332031 0.520996094
vt 0.962402344 0.517089844
vt 0.958496094 0.461181641
vt 0.965820312 0.467285156
vt 0.967773438 0.466552734
vt 0.948730469 0.455810547
vt 0.945800781 0.440917969
vt 0.953125 0.451660156
vt 0.963378906 0.456787109
vt 0.959960938 0.446044922
vt 0.969726562 0.454833984
vt 0.971191406 0.465332031
vt 0.978027344 0.462158203
vt 0.969726562 0.447265625
vt 0.972167969 0.436279297
vt 0.98046875 0.439697266
vt 0.9765625 0.454345703
vt 0.984863281 0.461181641
vt 0.977050781 0.447753906
vt 0.986328125 0.442626953
vt 0.983398438 0.454589844
vt 0.983398438 0.448242188
vt 0.989257812 0.454101562
vt 0.993164062 0.457275391
vt 0.993652344 0.447998047
vt 0.989257812 0.449707031
vt 0.638183594 0.926757812
vt 0.643066406 0.945800781
vt 0.672363281 0.951171875
vt 0.673339844 0.935546875
vt 0.711914062 0.954101562
vt 0.712402344 0.937988281
vt 0.756835938 0.933105469
vt 0.759765625 0.950683594
vt 0.752929688 0.909667969
vt 0.712890625 0.915527344
vt 0.744628906 0.86328125
vt 0.677734375 0.915039062
vt 0.709960938 0.865722656
vt 0.713378906 0.842285156
vt 0.741210938 0.842773438
vt 0.719238281 0.818847656
vt 0.740234375 0.822265625
vt 0.717285156 0.797851562
vt 0.739257812 0.801269531
vt 0.715820312 0.779785156
vt 0.73828125 0.782714844
vt 0.692871094 0.780273438
vt 0.692382812 0.797363281
vt 0.691894531 0.816894531
vt 0.671386719 0.817871094
vt 0.671386719 0.797851562
vt 0.671875 0.780273438
vt 0.687988281 0.840820312
vt 0.640625 0.793457031
vt 0.640136719 0.777832031
vt 0.641601562 0.811523438
vt 0.640625 0.829589844
vt 0.665527344 0.83984375
vt 0.637207031 0.847167969
vt 0.685546875 0.865234375
vt 0.657714844 0.862304688
vt 0.641113281 0.904785156
vt 0.625 0.883300781
vt 0.611816406 0.91015625
vt 0.506347656 0.918457031
vt 0.450683594 0.899902344
vt 0.451660156 0.917480469
vt 0.501953125 0.901855469
vt 0.451660156 0.876464844
vt 0.540039062 0.916503906
vt 0.500488281 0.877929688
vt 0.459960938 0.830078125
vt 0.534179688 0.8984375
vt 0.568847656 0.887207031
vt 0.5703125 0.908203125
vt 0.594726562 0.91015625
vt 0.594726562 0.890625
vt 0.604980469 0.869628906
vt 0.53125 0.870605469
vt 0.559082031 0.861328125
vt 0.599121094 0.863769531
vt 0.62109375 0.853027344
vt 0.608398438 0.826171875
vt 0.580566406 0.848632812
vt 0.591796875 0.791503906
vt 0.569824219 0.805664062
vt 0.545898438 0.816894531
vt 0.521972656 0.823730469
vt 0.564453125 0.784179688
vt 0.583984375 0.774414062
vt 0.540039062 0.794433594
vt 0.560058594 0.762695312
vt 0.576660156 0.757324219
vt 0.493896484 0.831054688
vt 0.491699219 0.808105469
vt 0.4609375 0.80859375
vt 0.517089844 0.799804688
vt 0.48828125 0.78515625
vt 0.461181641 0.787597656
vt 0.451171875 0.770507812
vt 0.533691406 0.771484375
vt 0.51171875 0.775878906
vt 0.481689453 0.767578125
vt 0.442626953 0.755371094
vt 0.475830078 0.752441406
vt 0.5078125 0.759277344
vt 0.504394531 0.744628906
vt 0.528808594 0.754882812
vt 0.524414062 0.740722656
vt 0.5546875 0.746582031
vt 0.549316406 0.732910156
vt 0.571777344 0.741210938
vt 0.567382812 0.727050781
vt 0.505371094 0.620117188
vt 0.537597656 0.629882812
vt 0.525878906 0.607910156
vt 0.522460938 0.641113281
vt 0.485839844 0.629394531
vt 0.530273438 0.669921875
vt 0.551757812 0.663085938
vt 0.502929688 0.653320312
vt 0.477294922 0.635253906
vt 0.507324219 0.675292969
vt 0.543457031 0.716796875
vt 0.562011719 0.710449219
vt 0.483398438 0.655761719
vt 0.51953125 0.723632812
vt 0.548339844 0.729492188
vt 0.56640625 0.723632812
vt 0.5234375 0.736816406
vt 0.488525391 0.678710938
vt 0.500488281 0.727539062
vt 0.503417969 0.741210938
vt 0.450195312 0.654296875
vt 0.459228516 0.62890625
vt 0.449462891 0.686035156
vt 0.468994141 0.734375
vt 0.474365234 0.748535156
vt 0.429443359 0.651855469
vt 0.423828125 0.62890625
vt 0.430664062 0.688476562
vt 0.432617188 0.737304688
vt 0.440429688 0.751464844
vt 0.714355469 0.648925781
vt 0.750976562 0.668457031
vt 0.746582031 0.645019531
vt 0.720214844 0.674316406
vt 0.694824219 0.679199219
vt 0.694335938 0.650878906
vt 0.667480469 0.647460938
vt 0.723144531 0.705078125
vt 0.743652344 0.706542969
vt 0.669433594 0.672363281
vt 0.646972656 0.64453125
vt 0.646484375 0.668457031
vt 0.698730469 0.708984375
vt 0.670898438 0.707519531
vt 0.672363281 0.759765625
vt 0.646484375 0.706542969
vt 0.639160156 0.759765625
vt 0.639648438 0.773925781
vt 0.671875 0.775878906
vt 0.692871094 0.775878906
vt 0.693847656 0.760253906
vt 0.715332031 0.774902344
vt 0.714355469 0.758300781
vt 0.737792969 0.777832031
vt 0.737304688 0.761230469
vt 0.56640625 0.723632812
vt 0.549316406 0.732910156
vt 0.567382812 0.727050781
vt 0.548339844 0.729492188
vt 0.5234375 0.736816406
vt 0.524414062 0.740722656
vt 0.503417969 0.741210938
vt 0.504394531 0.744628906
vt 0.474365234 0.748535156
vt 0.475830078 0.752441406
vt 0.440429688 0.751464844
vt 0.442626953 0.755371094
vt 0.671875 0.775878906
vt 0.639648438 0.773925781
vt 0.640136719 0.777832031
vt 0.671875 0.780273438
vt 0.692871094 0.780273438
vt 0.692871094 0.775878906
vt 0.715820312 0.779785156
vt 0.715332031 0.774902344
vt 0.73828125 0.782714844
vt 0.737792969 0.777832031
vt 0.638183594 0.926757812
vt 0.672363281 0.951171875
vt 0.643066406 0.945800781
vt 0.673339844 0.935546875
vt 0.711914062 0.954101562
vt 0.712402344 0.937988281
vt 0.756835938 0.933105469
vt 0.759765625 0.950683594
vt 0.752929688 0.909667969
vt 0.712890625 0.915527344
vt 0.744628906 0.86328125
vt 0.677734375 0.915039062
vt 0.709960938 0.865722656
vt 0.713378906 0.842285156
vt 0.741210938 0.842773438
vt 0.719238281 0.818847656
vt 0.740234375 0.822265625
vt 0.717285156 0.797851562
vt 0.739257812 0.801269531
vt 0.715820312 0.779785156
vt 0.73828125 0.782714844
vt 0.692871094 0.780273438
vt 0.692382812 0.797363281
vt 0.691894531 0.816894531
vt 0.671386719 0.817871094
vt 0.671386719 0.797851562
vt 0.671875 0.780273438
vt 0.687988281 0.840820312
vt 0.640625 0.793457031
vt 0.640136719 0.777832031
vt 0.641601562 0.811523438
vt 0.640625 0.829589844
vt 0.665527344 0.83984375
vt 0.637207031 0.847167969
vt 0.685546875 0.865234375
vt 0.657714844 0.862304688
vt 0.641113281 0.904785156
vt 0.625 0.883300781
vt 0.611816406 0.91015625
vt 0.506347656 0.918457031
vt 0.451660156 0.917480469
vt 0.450683594 0.899902344
vt 0.501953125 0.901855469
vt 0.451660156 0.876464844
vt 0.540039062 0.916503906
vt 0.500488281 0.877929688
vt 0.459960938 0.830078125
vt 0.534179688 0.8984375
vt 0.568847656 0.887207031
vt 0.5703125 0.908203125
vt 0.594726562 0.91015625
vt 0.594726562 0.890625
vt 0.604980469 0.869628906
vt 0.53125 0.870605469
vt 0.559082031 0.861328125
vt 0.599121094 0.863769531
vt 0.62109375 0.853027344
vt 0.608398438 0.826171875
vt 0.580566406 0.848632812
vt 0.591796875 0.791503906
vt 0.569824219 0.805664062
vt 0.545898438 0.816894531
vt 0.521972656 0.823730469
vt 0.564453125 0.784179688
vt 0.583984375 0.774414062
vt 0.540039062 0.794433594
vt 0.560058594 0.762695312
vt 0.576660156 0.757324219
vt 0.493896484 0.831054688
vt 0.491699219 0.808105469
vt 0.4609375 0.80859375
vt 0.517089844 0.799804688
vt 0.48828125 0.78515625
vt 0.461181641 0.787597656
vt 0.451171875 0.770507812
vt 0.533691406 0.771484375
vt 0.51171875 0.775878906
vt 0.481689453 0.767578125
vt 0.442626953 0.755371094
vt 0.475830078 0.752441406
vt 0.5078125 0.759277344
vt 0.504394531 0.744628906
vt 0.528808594 0.754882812
vt 0.524414062 0.740722656
vt 0.5546875 0.746582031
vt 0.549316406 0.732910156
vt 0.571777344 0.741210938
vt 0.567382812 0.727050781
vt 0.505371094 0.620117188
vt 0.525878906 0.607910156
vt 0.537597656 0.629882812
vt 0.522460938 0.641113281
vt 0.485839844 0.629394531
vt 0.530273438 0.669921875
vt 0.551757812 0.663085938
vt 0.502929688 0.653320312
vt 0.477294922 0.635253906
vt 0.507324219 0.675292969
vt 0.543457031 0.716796875
vt 0.562011719 0.710449219
vt 0.483398438 0.655761719
vt 0.51953125 0.723632812
vt 0.548339844 0.729492188
vt 0.56640625 0.723632812
vt 0.5234375 0.736816406
vt 0.488525391 0.678710938
vt 0.500488281 0.727539062
vt 0.503417969 0.741210938
vt 0.450195312 0.654296875
vt 0.459228516 0.62890625
vt 0.449462891 0.686035156
vt 0.468994141 0.734375
vt 0.474365234 0.748535156
vt 0.429443359 0.651855469
vt 0.423828125 0.62890625
vt 0.430664062 0.688476562
vt 0.432617188 0.737304688
vt 0.440429688 0.751464844
vt 0.714355469 0.648925781
vt 0.746582031 0.645019531
vt 0.750976562 0.668457031
vt 0.720214844 0.674316406
vt 0.694824219 0.679199219
vt 0.694335938 0.650878906
vt 0.667480469 0.647460938
vt 0.723144531 0.705078125
vt 0.743652344 0.706542969
vt 0.669433594 0.672363281
vt 0.646972656 0.64453125
vt 0.646484375 0.668457031
vt 0.698730469 0.708984375
vt 0.670898438 0.707519531
vt 0.672363281 0.759765625
vt 0.646484375 0.706542969
vt 0.639160156 0.759765625
vt 0.639648438 0.773925781
vt 0.671875 0.775878906
vt 0.692871094 0.775878906
vt 0.693847656 0.760253906
vt 0.715332031 0.774902344
vt 0.714355469 0.758300781
vt 0.737792969 0.777832031
vt 0.737304688 0.761230469
vt 0.56640625 0.723632812
vt 0.567382812 0.727050781
vt 0.549316406 0.732910156
vt 0.548339844 0.729492188
vt 0.5234375 0.736816406
vt 0.524414062 0.740722656
vt 0.503417969 0.741210938
vt 0.504394531 0.744628906
vt 0.474365234 0.748535156
vt 0.475830078 0.752441406
vt 0.440429688 0.751464844
vt 0.442626953 0.755371094
vt 0.671875 0.775878906
vt 0.640136719 0.777832031
vt 0.639648438 0.773925781
vt 0.671875 0.780273438
vt 0.692871094 0.780273438
vt 0.692871094 0.775878906
vt 0.715820312 0.779785156
vt 0.715332031 0.774902344
vt 0.73828125 0.782714844
vt 0.737792969 0.777832031
vt 0.378417969 0.676757812
vt 0.375244141 0.689941406
vt 0.389648438 0.696289062
vt 0.394042969 0.685546875
vt 0.407958984 0.704101562
vt 0.413818359 0.697753906
vt 0.421142578 0.682128906
vt 0.397216797 0.676757812
vt 0.423583984 0.663085938
vt 0.3984375 0.669433594
vt 0.423095703 0.649902344
vt 0.393066406 0.659667969
vt 0.393310547 0.6484375
vt 0.415039062 0.643554688
vt 0.372558594 0.659667969
vt 0.358886719 0.671386719
vt 0.361816406 0.657226562
vt 0.342529297 0.675292969
vt 0.350830078 0.66015625
vt 0.326416016 0.661621094
vt 0.331787109 0.658203125
vt 0.298828125 0.657714844
vt 0.308837891 0.647460938
vt 0.322509766 0.671875
vt 0.296875 0.670898438
vt 0.323242188 0.6796875
vt 0.298583984 0.689453125
vt 0.326416016 0.690429688
vt 0.306396484 0.700195312
vt 0.312011719 0.706542969
vt 0.330810547 0.69921875
vt 0.344970703 0.688476562
vt 0.859375 0.111450195
vt 0.854980469 0.105102539
vt 0.823242188 0.108093262
vt 0.883789062 0.106628418
vt 0.889160156 0.114685059
vt 0.922363281 0.111755371
vt 0.919433594 0.104919434
vt 0.944335938 0.0975341797
vt 0.941894531 0.0932617188
vt 0.955078125 0.0821533203
vt 0.439453125 0.026260376
vt 0.43359375 0.0295715332
vt 0.435546875 0.0684204102
vt 0.441650391 0.0654907227
vt 0.449707031 0.0217895508
vt 0.427734375 0.108398438
vt 0.455078125 0.0542297363
vt 0.454101562 0.0201721191
vt 0.457519531 0.0522155762
vt 0.436035156 0.10369873
vt 0.449707031 0.0957641602
vt 0.452636719 0.0942993164
vt 0.433837891 0.111755371
vt 0.444580078 0.11541748
vt 0.446777344 0.117614746
vt 0.428466797 0.137695312
vt 0.422607422 0.135864258
vt 0.419677734 0.16418457
vt 0.438720703 0.138793945
vt 0.441650391 0.138916016
vt 0.426269531 0.163696289
vt 0.436767578 0.162353516
vt 0.440185547 0.16027832
vt 0.426025391 0.170776367
vt 0.437011719 0.182739258
vt 0.440429688 0.184814453
vt 0.432373047 0.22253418
vt 0.434814453 0.225708008
vt 0.422851562 0.256103516
vt 0.418945312 0.252441406
vt 0.424072266 0.210327148
vt 0.416992188 0.204345703
vt 0.412841797 0.244384766
vt 0.407958984 0.240234375
vt 0.502441406 0.267578125
vt 0.521484375 0.26953125
vt 0.545898438 0.24609375
vt 0.538574219 0.225952148
vt 0.481933594 0.269287109
vt 0.579589844 0.242675781
vt 0.500976562 0.232055664
vt 0.461669922 0.268310547
vt 0.474121094 0.229614258
vt 0.439941406 0.26171875
vt 0.508300781 0.203613281
vt 0.449462891 0.227416992
vt 0.422851562 0.256103516
vt 0.434814453 0.225708008
vt 0.440429688 0.184814453
vt 0.478271484 0.19921875
vt 0.453857422 0.194580078
vt 0.456787109 0.173461914
vt 0.440185547 0.16027832
vt 0.513183594 0.176879883
vt 0.485595703 0.172607422
vt 0.516601562 0.150146484
vt 0.467529297 0.142456055
vt 0.441650391 0.138916016
vt 0.536132812 0.184936523
vt 0.490478516 0.146484375
vt 0.471435547 0.120910645
vt 0.446777344 0.117614746
vt 0.490478516 0.119812012
vt 0.469970703 0.0917358398
vt 0.452636719 0.0942993164
vt 0.489746094 0.0916137695
vt 0.472167969 0.0575561523
vt 0.457519531 0.0522155762
vt 0.454101562 0.0201721191
vt 0.469482422 0.0228424072
vt 0.488525391 0.0254211426
vt 0.494140625 0.0611877441
vt 0.519042969 0.122131348
vt 0.516113281 0.0643920898
vt 0.508300781 0.0277099609
vt 0.528808594 0.0323791504
vt 0.548339844 0.077331543
vt 0.555664062 0.0633544922
vt 0.548339844 0.0317687988
vt 0.594726562 0.07421875
vt 0.520507812 0.0928344727
vt 0.542480469 0.121032715
vt 0.538574219 0.152709961
vt 0.591308594 0.116333008
vt 0.593261719 0.0971069336
vt 0.639160156 0.114990234
vt 0.621582031 0.073425293
vt 0.648925781 0.0733032227
vt 0.58203125 0.201049805
vt 0.584472656 0.158325195
vt 0.583496094 0.22265625
vt 0.629882812 0.210205078
vt 0.605957031 0.247924805
vt 0.6328125 0.252929688
vt 0.627441406 0.162109375
vt 0.653808594 0.164306641
vt 0.659667969 0.102294922
vt 0.697753906 0.107910156
vt 0.693847656 0.0747680664
vt 0.738769531 0.121276855
vt 0.728515625 0.138305664
vt 0.749023438 0.0801391602
vt 0.696289062 0.126098633
vt 0.6796875 0.128173828
vt 0.661621094 0.141723633
vt 0.6953125 0.138793945
vt 0.717285156 0.14831543
vt 0.679199219 0.14453125
vt 0.672363281 0.150512695
vt 0.668457031 0.165649414
vt 0.729003906 0.161132812
vt 0.657226562 0.187866211
vt 0.669433594 0.181152344
vt 0.672363281 0.204223633
vt 0.674804688 0.188110352
vt 0.689941406 0.196777344
vt 0.649414062 0.225830078
vt 0.688476562 0.209350586
vt 0.713867188 0.19152832
vt 0.723144531 0.201904297
vt 0.727050781 0.179321289
vt 0.686523438 0.226196289
vt 0.677734375 0.259521484
vt 0.729492188 0.220458984
vt 0.732910156 0.263671875
vt 0.743164062 0.186279297
vt 0.740722656 0.170043945
vt 0.733398438 0.171264648
vt 0.74609375 0.157592773
vt 0.752441406 0.185791016
vt 0.754882812 0.159545898
vt 0.759277344 0.214477539
vt 0.791503906 0.218139648
vt 0.787597656 0.243530273
vt 0.809570312 0.249267578
vt 0.780761719 0.284423828
vt 0.798339844 0.312255859
vt 0.766601562 0.132568359
vt 0.797851562 0.13269043
vt 0.794921875 0.194702148
vt 0.751953125 0.172485352
vt 0.797363281 0.158081055
vt 0.826171875 0.298339844
vt 0.798828125 0.343505859
vt 0.818359375 0.348876953
vt 0.840332031 0.352050781
vt 0.850585938 0.309082031
vt 0.862304688 0.356445312
vt 0.795898438 0.175292969
vt 0.828613281 0.179321289
vt 0.828613281 0.159301758
vt 0.83984375 0.260253906
vt 0.825683594 0.199829102
vt 0.820800781 0.223022461
vt 0.841796875 0.252197266
vt 0.873046875 0.266845703
vt 0.849121094 0.231201172
vt 0.855957031 0.206420898
vt 0.884277344 0.319824219
vt 0.905273438 0.330322266
vt 0.885742188 0.364746094
vt 0.919921875 0.340820312
vt 0.905273438 0.368896484
vt 0.936035156 0.310791016
vt 0.908203125 0.275634766
vt 0.923828125 0.296386719
vt 0.927246094 0.292480469
vt 0.954589844 0.266601562
vt 0.913085938 0.269287109
vt 0.934082031 0.260498047
vt 0.963867188 0.229370117
vt 0.875976562 0.258056641
vt 0.914550781 0.248901367
vt 0.940917969 0.225585938
vt 0.970214844 0.192260742
vt 0.876464844 0.238769531
vt 0.884277344 0.213256836
vt 0.889648438 0.184814453
vt 0.917480469 0.221313477
vt 0.946777344 0.190063477
vt 0.969726562 0.155151367
vt 0.858886719 0.182495117
vt 0.860351562 0.158081055
vt 0.920898438 0.18737793
vt 0.947753906 0.154663086
vt 0.966796875 0.120117188
vt 0.91796875 0.158691406
vt 0.919921875 0.130126953
vt 0.888671875 0.158691406
vt 0.860839844 0.133178711
vt 0.947265625 0.121459961
vt 0.944335938 0.0975341797
vt 0.955078125 0.0821533203
vt 0.922363281 0.111755371
vt 0.889160156 0.114685059
vt 0.888671875 0.1328125
vt 0.859375 0.111450195
vt 0.829101562 0.1328125
vt 0.823242188 0.108093262
vt 0.799316406 0.111694336
vt 0.799804688 0.0695800781
vt 0.821777344 0.0455627441
vt 0.846679688 0.0646362305
vt 0.854980469 0.105102539
vt 0.827148438 0.015007019
vt 0.84765625 0.0133209229
vt 0.883789062 0.106628418
vt 0.869628906 0.0139541626
vt 0.872558594 0.0581054688
vt 0.891113281 0.0131912231
vt 0.919433594 0.104919434
vt 0.905273438 0.0538635254
vt 0.911621094 0.014175415
vt 0.92578125 0.0513305664
vt 0.941894531 0.0932617188
vt 0.955078125 0.0821533203
vt 0.939453125 0.0482177734
vt 0.928710938 0.017868042
vt 0.0371704102 0.242919922
vt 0.012840271 0.228759766
vt 0.0108108521 0.236450195
vt 0.0380554199 0.235229492
vt 0.0556030273 0.249389648
vt 0.0389709473 0.224853516
vt 0.0159454346 0.219360352
vt 0.0401916504 0.214233398
vt 0.0193786621 0.209106445
vt 0.0236206055 0.186035156
vt 0.0412902832 0.191772461
vt 0.0550842285 0.218261719
vt 0.0588378906 0.202514648
vt 0.0554504395 0.228759766
vt 0.085144043 0.22644043
vt 0.0838012695 0.213012695
vt 0.0556030273 0.239624023
vt 0.0809326172 0.248535156
vt 0.0839233398 0.258056641
vt 0.083190918 0.237182617
vt 0.109191895 0.258789062
vt 0.0828857422 0.261962891
vt 0.110290527 0.270507812
vt 0.125610352 0.236450195
vt 0.127929688 0.224121094
vt 0.167358398 0.220336914
vt 0.124389648 0.25
vt 0.141723633 0.269775391
vt 0.133911133 0.279541016
vt 0.16796875 0.235717773
vt 0.188598633 0.21496582
vt 0.165039062 0.273193359
vt 0.160644531 0.28125
vt 0.165771484 0.252685547
vt 0.19128418 0.25390625
vt 0.191040039 0.232299805
vt 0.208984375 0.208862305
vt 0.191162109 0.276123047
vt 0.190307617 0.283691406
vt 0.209350586 0.277099609
vt 0.209838867 0.286376953
vt 0.229003906 0.288085938
vt 0.209594727 0.234985352
vt 0.228027344 0.279541016
vt 0.257568359 0.287597656
vt 0.209594727 0.256347656
vt 0.227905273 0.23828125
vt 0.227783203 0.217285156
vt 0.228027344 0.259277344
vt 0.253662109 0.280029297
vt 0.284423828 0.285400391
vt 0.25390625 0.242919922
vt 0.255371094 0.2265625
vt 0.281982422 0.276367188
vt 0.307373047 0.277832031
vt 0.254150391 0.261230469
vt 0.292724609 0.244018555
vt 0.290527344 0.230957031
vt 0.328125 0.223144531
vt 0.293212891 0.259277344
vt 0.308105469 0.269775391
vt 0.338867188 0.268066406
vt 0.336425781 0.265380859
vt 0.328613281 0.239501953
vt 0.354736328 0.214233398
vt 0.333007812 0.249145508
vt 0.334716797 0.258544922
vt 0.355957031 0.250244141
vt 0.356689453 0.259277344
vt 0.357910156 0.231567383
vt 0.369628906 0.203735352
vt 0.357177734 0.240478516
vt 0.372314453 0.244995117
vt 0.372802734 0.252197266
vt 0.371337891 0.225585938
vt 0.3828125 0.195678711
vt 0.389160156 0.217895508
vt 0.392822266 0.227783203
vt 0.371826172 0.234985352
vt 0.395751953 0.236938477
vt 0.397705078 0.244384766
vt 0.791992188 0.76953125
vt 0.762207031 0.743652344
vt 0.766113281 0.770019531
vt 0.788574219 0.743164062
vt 0.765625 0.701660156
vt 0.816894531 0.76953125
vt 0.785644531 0.708496094
vt 0.767578125 0.662109375
vt 0.816894531 0.744628906
vt 0.786621094 0.667480469
vt 0.770019531 0.633789062
vt 0.853027344 0.741210938
vt 0.854980469 0.769042969
vt 0.814453125 0.7109375
vt 0.787109375 0.640136719
vt 0.76953125 0.590820312
vt 0.817871094 0.674316406
vt 0.90234375 0.741210938
vt 0.8984375 0.769042969
vt 0.940917969 0.768066406
vt 0.853515625 0.71484375
vt 0.906738281 0.709960938
vt 0.941894531 0.734863281
vt 0.987792969 0.770019531
vt 0.987304688 0.745117188
vt 0.942382812 0.703125
vt 0.982910156 0.698242188
vt 0.977539062 0.651855469
vt 0.909179688 0.671875
vt 0.940917969 0.664550781
vt 0.973632812 0.626464844
vt 0.938476562 0.637695312
vt 0.969238281 0.5859375
vt 0.85546875 0.675292969
vt 0.913574219 0.640136719
vt 0.931152344 0.592285156
vt 0.818359375 0.644042969
vt 0.928222656 0.573242188
vt 0.967285156 0.567382812
vt 0.9140625 0.595214844
vt 0.856933594 0.645507812
vt 0.79296875 0.594726562
vt 0.92578125 0.5546875
vt 0.965332031 0.548828125
vt 0.907226562 0.576660156
vt 0.900390625 0.557617188
vt 0.861328125 0.556152344
vt 0.862304688 0.602539062
vt 0.820800781 0.598144531
vt 0.861816406 0.579101562
vt 0.822753906 0.559570312
vt 0.821777344 0.579101562
vt 0.795410156 0.575683594
vt 0.797363281 0.556640625
vt 0.768554688 0.571777344
vt 0.767578125 0.553222656
vt 0.987792969 0.771484375
vt 0.987792969 0.770019531
vt 0.940917969 0.768066406
vt 0.940917969 0.7734375
vt 0.8984375 0.769042969
vt 0.898925781 0.7734375
vt 0.854980469 0.769042969
vt 0.854492188 0.774414062
vt 0.816894531 0.76953125
vt 0.81640625 0.774902344
vt 0.791992188 0.76953125
vt 0.853515625 0.801757812
vt 0.902832031 0.801269531
vt 0.943359375 0.806640625
vt 0.791992188 0.773925781
vt 0.766113281 0.770019531
vt 0.766601562 0.775878906
vt 0.98828125 0.795898438
vt 0.988769531 0.771484375
vt 0.990722656 0.795898438
vt 0.986328125 0.842773438
vt 0.990234375 0.843261719
vt 0.944824219 0.838378906
vt 0.982421875 0.889160156
vt 0.983886719 0.889160156
vt 0.908203125 0.832519531
vt 0.979003906 0.9140625
vt 0.98046875 0.9140625
vt 0.976074219 0.954589844
vt 0.977050781 0.954589844
vt 0.979003906 0.97265625
vt 0.944335938 0.876953125
vt 0.911621094 0.870605469
vt 0.942871094 0.904296875
vt 0.854980469 0.828613281
vt 0.975585938 0.974121094
vt 0.980957031 0.991210938
vt 0.975097656 0.993164062
vt 0.932617188 0.988769531
vt 0.934570312 0.969238281
vt 0.937011719 0.949707031
vt 0.912109375 0.966308594
vt 0.905273438 0.985351562
vt 0.865722656 0.96484375
vt 0.865722656 0.988769531
vt 0.826171875 0.985351562
vt 0.918457031 0.946777344
vt 0.916992188 0.901855469
vt 0.865722656 0.940917969
vt 0.858886719 0.897949219
vt 0.823730469 0.9453125
vt 0.824707031 0.965332031
vt 0.857421875 0.867675781
vt 0.796875 0.969238281
vt 0.798828125 0.988769531
vt 0.794921875 0.950195312
vt 0.8203125 0.899902344
vt 0.819335938 0.869628906
vt 0.769042969 0.973144531
vt 0.767089844 0.992675781
vt 0.764160156 0.991210938
vt 0.766601562 0.97265625
vt 0.770507812 0.954101562
vt 0.76953125 0.953613281
vt 0.788574219 0.904296875
vt 0.770996094 0.911132812
vt 0.769042969 0.911132812
vt 0.814941406 0.833007812
vt 0.787109375 0.876953125
vt 0.767578125 0.8828125
vt 0.765136719 0.8828125
vt 0.816894531 0.799316406
vt 0.786132812 0.8359375
vt 0.766113281 0.843261719
vt 0.762695312 0.843261719
vt 0.7890625 0.80078125
vt 0.762695312 0.801757812
vt 0.758789062 0.801757812
vt 0.762695312 0.775878906
vt 0.0236206055 0.186035156
vt 0.0439758301 0.187133789
vt 0.0305175781 0.174560547
vt 0.0412902832 0.191772461
vt 0.0588378906 0.202514648
vt 0.0630493164 0.200195312
vt 0.0855712891 0.208740234
vt 0.0838012695 0.213012695
vt 0.12310791 0.21496582
vt 0.127929688 0.224121094
vt 0.167358398 0.220336914
vt 0.157226562 0.209472656
vt 0.18762207 0.200195312
vt 0.188598633 0.21496582
vt 0.208984375 0.208862305
vt 0.209838867 0.199462891
vt 0.227783203 0.217285156
vt 0.228637695 0.210693359
vt 0.255371094 0.2265625
vt 0.255371094 0.220214844
vt 0.288574219 0.222900391
vt 0.290527344 0.230957031
vt 0.328125 0.223144531
vt 0.324951172 0.216918945
vt 0.354736328 0.214233398
vt 0.346923828 0.211425781
vt 0.369628906 0.203735352
vt 0.362792969 0.196166992
vt 0.3828125 0.195678711
vt 0.375976562 0.184326172
vt 0.932617188 0.014793396
vt 0.928710938 0.017868042
vt 0.939453125 0.0482177734
vt 0.943847656 0.0464782715
vt 0.943359375 0.0106048584
vt 0.955078125 0.0821533203
vt 0.955566406 0.0436706543
vt 0.949707031 0.0102081299
vt 0.961425781 0.04296875
vt 0.979980469 0.0885620117
vt 0.959472656 0.0821533203
vt 0.973144531 0.0877685547
vt 0.990234375 0.122009277
vt 0.971191406 0.120361328
vt 0.966796875 0.120117188
vt 0.969726562 0.155151367
vt 0.982910156 0.122009277
vt 0.974609375 0.154174805
vt 0.970214844 0.192260742
vt 0.987304688 0.151855469
vt 0.994140625 0.151733398
vt 0.975097656 0.192749023
vt 0.963867188 0.229370117
vt 0.987304688 0.194091797
vt 0.993652344 0.194702148
vt 0.986328125 0.238037109
vt 0.968261719 0.231201172
vt 0.979980469 0.236328125
vt 0.978027344 0.269775391
vt 0.958984375 0.267089844
vt 0.954589844 0.266601562
vt 0.936035156 0.310791016
vt 0.970703125 0.268310547
vt 0.940429688 0.312011719
vt 0.919921875 0.340820312
vt 0.951171875 0.314208984
vt 0.958007812 0.315429688
vt 0.924316406 0.34375
vt 0.905273438 0.368896484
vt 0.908691406 0.373291016
vt 0.931640625 0.349609375
vt 0.937011719 0.3515625
vt 0.915039062 0.380859375
vt 0.920898438 0.382324219
vt 0.333984375 0.171508789
vt 0.350097656 0.17980957
vt 0.351806641 0.174560547
vt 0.333984375 0.16796875
vt 0.339599609 0.145141602
vt 0.357666016 0.145141602
vt 0.342285156 0.117736816
vt 0.359375 0.118530273
vt 0.342529297 0.0887451172
vt 0.358398438 0.0902709961
vt 0.349121094 0.0569458008
vt 0.364013672 0.0591430664
vt 0.375 0.0220184326
vt 0.356689453 0.0193634033
vt 0.428955078 0.00955963135
vt 0.426269531 0.0478210449
vt 0.432373047 0.0147171021
vt 0.422119141 0.0436096191
vt 0.417480469 0.0762939453
vt 0.404296875 0.0391540527
vt 0.408935547 0.0131759644
vt 0.405029297 0.0126571655
vt 0.399902344 0.0382385254
vt 0.396484375 0.0697631836
vt 0.391601562 0.0684814453
vt 0.413085938 0.0729370117
vt 0.406738281 0.106933594
vt 0.386474609 0.100402832
vt 0.381347656 0.0998535156
vt 0.402099609 0.103942871
vt 0.399658203 0.141845703
vt 0.379394531 0.135742188
vt 0.373535156 0.135375977
vt 0.394287109 0.139892578
vt 0.392822266 0.184814453
vt 0.388671875 0.18371582
vt 0.368652344 0.177734375
vt 0.364501953 0.177124023
vt 0.713378906 0.0373840332
vt 0.733886719 0.0506896973
vt 0.701171875 0.0534057617
vt 0.736816406 0.0355834961
vt 0.762207031 0.0546264648
vt 0.765136719 0.038848877
vt 0.799316406 0.0614929199
vt 0.803222656 0.0438537598
vt 0.6328125 0.0566711426
vt 0.664550781 0.0621032715
vt 0.665527344 0.05859375
vt 0.633300781 0.0526428223
vt 0.606933594 0.0538024902
vt 0.665527344 0.0412902832
vt 0.607421875 0.0501098633
vt 0.576171875 0.0495605469
vt 0.579101562 0.0480957031
vt 0.588378906 0.0323791504
vt 0.587402344 0.0368347168
vt 0.609863281 0.0316467285
vt 0.607421875 0.035736084
vt 0.635253906 0.0340881348
vt 0.665527344 0.037689209
vt 0.633300781 0.0383911133
vt 0.720214844 0.181030273
vt 0.713867188 0.19152832
vt 0.727050781 0.179321289
vt 0.733398438 0.171264648
vt 0.711914062 0.189697266
vt 0.724609375 0.169433594
vt 0.689941406 0.196777344
vt 0.729003906 0.161132812
vt 0.690429688 0.191162109
vt 0.721679688 0.16003418
vt 0.674804688 0.188110352
vt 0.717285156 0.14831543
vt 0.672363281 0.178955078
vt 0.715332031 0.149902344
vt 0.669433594 0.181152344
vt 0.6953125 0.138793945
vt 0.694824219 0.14453125
vt 0.679199219 0.14453125
vt 0.674804688 0.153076172
vt 0.672363281 0.150512695
vt 0.671875 0.165893555
vt 0.668457031 0.165649414
vt 0.3359375 0.706542969
vt 0.359863281 0.718261719
vt 0.355224609 0.693847656
vt 0.380615234 0.700195312
vt 0.347412109 0.719726562
vt 0.329345703 0.71875
vt 0.373779297 0.71484375
vt 0.388183594 0.70703125
vt 0.379882812 0.716308594
vt 0.400878906 0.727539062
vt 0.379638672 0.731933594
vt 0.397705078 0.751953125
vt 0.374755859 0.731933594
vt 0.36328125 0.734863281
vt 0.38671875 0.742675781
vt 0.381835938 0.745117188
vt 0.393310547 0.760253906
vt 0.365234375 0.747070312
vt 0.370117188 0.772949219
vt 0.352050781 0.751464844
vt 0.347900391 0.771484375
vt 0.353027344 0.734375
vt 0.344482422 0.751464844
vt 0.338134766 0.764160156
vt 0.325439453 0.743164062
vt 0.346191406 0.735351562
vt 0.340576172 0.724121094
vt 0.403320312 0.583984375
vt 0.393798828 0.579101562
vt 0.388427734 0.5859375
vt 0.372070312 0.578125
vt 0.392822266 0.58984375
vt 0.413330078 0.599609375
vt 0.373046875 0.587890625
vt 0.358642578 0.588378906
vt 0.401123047 0.603515625
vt 0.417480469 0.620605469
vt 0.381835938 0.596191406
vt 0.403564453 0.617675781
vt 0.413330078 0.635253906
vt 0.385498047 0.606933594
vt 0.358642578 0.607910156
vt 0.356689453 0.594238281
vt 0.358398438 0.618652344
vt 0.355957031 0.604492188
vt 0.345703125 0.60546875
vt 0.344970703 0.595214844
vt 0.344482422 0.586425781
vt 0.331054688 0.590332031
vt 0.386962891 0.615234375
vt 0.333251953 0.595703125
vt 0.400634766 0.625
vt 0.403320312 0.640625
vt 0.383056641 0.623046875
vt 0.397216797 0.631347656
vt 0.378662109 0.641601562
vt 0.378173828 0.627929688
vt 0.357421875 0.62890625
vt 0.346679688 0.617675781
vt 0.347412109 0.627441406
vt 0.337646484 0.629882812
vt 0.335205078 0.620605469
vt 0.322265625 0.640625
vt 0.335205078 0.605957031
vt 0.333007812 0.609863281
vt 0.316894531 0.589355469
vt 0.316650391 0.581054688
vt 0.301025391 0.589355469
vt 0.296630859 0.583007812
vt 0.288574219 0.588378906
vt 0.312011719 0.595214844
vt 0.297363281 0.594238281
vt 0.279541016 0.598632812
vt 0.308349609 0.606445312
vt 0.291259766 0.602539062
vt 0.276367188 0.616699219
vt 0.290283203 0.612304688
vt 0.281494141 0.62890625
vt 0.310058594 0.614257812
vt 0.294189453 0.620117188
vt 0.297119141 0.634277344
vt 0.313476562 0.623535156
vt 0.30078125 0.625976562
vt 0.320556641 0.628417969
vn -0 -1 -1.2405917E-06
vn -4.53808866E-07 -1 -1.25287477E-06
vn -6.33800084E-07 -1 -3.56545598E-07
vn -0 -1 -6.00875921E-07
vn -0 -1 -3.65363746E-07
vn 6.2018006E-07 -1 -1.22803885E-06
vn -0.00614405377 -0.99682188 0.0794260576
vn -0.03085085 -0.992801547 0.115730375
vn -0.0398643091 -0.994584024 0.0959870964
vn 0.00867907517 -0.993584812 -0.112755947
vn -0.0237167235 -0.987472534 -0.155998215
vn -0.0516961813 -0.984187365 -0.16941902
vn -0.00940498896 -0.989163876 -0.146514088
vn 0.0234620422 -0.989944994 -0.139493138
vn 0.0215070918 -0.996454835 0.0813345537
vn 0.0551749952 -0.992692173 -0.10732232
vn -0.0313027538 -0.998184025 0.0514657348
vn 0.0733840913 -0.992909312 0.0935199708
vn -0.0982172266 -0.936059415 0.337855041
vn 0.0151170995 -0.943641126 0.330625176
vn -0.0823337361 -0.938572049 0.335117429
vn 0.268237561 0.186755031 -0.9450773
vn 0.295325518 0.270852506 -0.916199684
vn 0.899787843 0.171189398 -0.40134263
vn 0.932150602 0.167001992 -0.32125625
vn 0.313514739 -0.0272476394 -0.949192226
vn 0.944360375 -0.0627030656 -0.322880268
vn 0.945699692 0.00180450641 0.325036705
vn 0.954097867 -0.0821948424 0.28799504
vn 0.953871667 0.0567828603 0.294795781
vn 0.92411536 0.00315397047 0.382100552
vn 0.880047023 -0.00141656783 0.47488445
vn 0.965782166 0.12774317 0.225713506
vn 0.993701696 -0.105927661 0.0365559608
vn 0.629792333 0.523783386 0.57359612
vn 0.969705701 0.165176034 0.179966092
vn 0.977666378 -0.153918713 0.143100128
vn 0.634646773 0.711959064 0.300562382
vn 0.90745455 0.183298066 0.378058076
vn 0.882489383 -0.00829642452 0.470258951
vn 0.666602373 0.164539486 0.72702682
vn 0.59040004 0.72731477 0.349915653
vn -0.158883736 0.949950993 0.268977761
vn -0.278917193 0.909779966 0.307417631
vn -0.875544548 0.471342415 0.106104031
vn 0.608322024 0.346731871 0.713947713
vn -0.178115293 0.559492111 0.80947119
vn -0.22267659 0.30514732 0.925905049
vn -0.910433829 0.182324037 0.371306181
vn -0.0011580732 0.996340573 0.0854647085
vn -0.703752339 0.708331048 0.0547701307
vn 0.475116223 0.802489102 0.360937387
vn -0.0412594229 0.968398333 0.245972231
vn -0.858331442 0.396873355 0.325205535
vn -0.979282439 0.175093651 0.101725943
vn -0.598488927 0.800960958 0.016510291
vn -0.567907393 0.8215096 0.05102171
vn -0.945806861 0.319707453 0.0568892919
vn -0.958721519 0.225797758 -0.172824994
vn -0.925314784 0.361513287 -0.114457794
vn -0.925113499 0.152956694 -0.347518653
vn -0.933309197 0.316080511 -0.17037347
vn -0.994383097 -0.0557153188 -0.089989312
vn -0.944188416 0.214359462 -0.250116557
vn -0.936833441 0.182582647 -0.298340052
vn -0.929130793 0.0397161581 -0.367611945
vn -0.683780789 0.0951301455 -0.72345984
vn -0.553170741 0.188313469 -0.8115049
vn -0.671418667 0.17604807 -0.719863832
vn 0.313514739 -0.0272476394 -0.949192226
vn 0.295325518 0.270852506 -0.916199684
vn 0.268237561 0.186755031 -0.9450773
vn -0 -1 -1.23122743E-06
vn 6.33800084E-07 -1 -3.46041958E-07
vn 4.5380898E-07 -1 -1.24366272E-06
vn -0 -1 -5.90359662E-07
vn -0 -1 -3.53954078E-07
vn -6.20180288E-07 -1 -1.21851917E-06
vn 0.00614405517 -0.99682188 0.0794260651
vn 0.0308508426 -0.992801547 0.115730375
vn 0.0398642942 -0.994584024 0.0959870964
vn -0.0086790733 -0.993584812 -0.112755999
vn 0.0237167124 -0.987472534 -0.15599826
vn 0.0516961515 -0.984187365 -0.16941902
vn 0.00940498523 -0.989163876 -0.146514088
vn -0.0234620441 -0.989944994 -0.139493152
vn -0.0215071086 -0.996454835 0.0813345686
vn -0.0551750064 -0.992692173 -0.107322328
vn 0.0313027501 -0.998184025 0.0514657237
vn -0.0733840987 -0.992909312 0.0935200006
vn 0.0982171819 -0.936059535 0.337855071
vn -0.0151171871 -0.943641126 0.330625176
vn 0.0823336244 -0.938572049 0.335117429
vn -0.268237561 0.186754987 -0.9450773
vn -0.899787843 0.171189338 -0.401342601
vn -0.295325458 0.270852447 -0.916199684
vn -0.932150602 0.167001978 -0.321256131
vn -0.313514739 -0.0272476673 -0.949192345
vn -0.944360495 -0.0627031401 -0.322880238
vn -0.945699632 0.00180453935 0.325036705
vn -0.954097867 -0.0821948946 0.28799504
vn -0.953871667 0.056782838 0.294795811
vn -0.92411536 0.00315413484 0.382100582
vn -0.880047023 -0.00141656783 0.47488445
vn -0.965782166 0.127743214 0.225713551
vn -0.993701696 -0.105927363 0.036555957
vn -0.629792392 0.523783326 0.573596179
vn -0.969705701 0.165176034 0.179966107
vn -0.977666378 -0.153918475 0.143100142
vn -0.634646893 0.711958885 0.300562412
vn -0.90745455 0.183298022 0.378058165
vn -0.882489383 -0.00829634257 0.47025907
vn -0.666602194 0.164539531 0.727026939
vn -0.5904001 0.727314651 0.349915743
vn 0.158883736 0.949950993 0.268977761
vn 0.278917164 0.909779966 0.307417631
vn 0.875544608 0.471342176 0.106104046
vn -0.608321905 0.346731812 0.713947833
vn 0.178115398 0.559491992 0.80947119
vn 0.222676739 0.30514726 0.925905049
vn 0.910433829 0.182324082 0.371306121
vn 0.00115808391 0.996340573 0.0854647383
vn 0.703752398 0.708330989 0.0547701977
vn -0.475116283 0.802489102 0.360937446
vn 0.041259516 0.968398333 0.24597235
vn 0.858331442 0.396873385 0.325205535
vn 0.979282439 0.175093606 0.101725921
vn 0.598488867 0.800960958 0.0165103395
vn 0.567907453 0.82150954 0.051021751
vn 0.945806861 0.319707453 0.0568892807
vn 0.958721519 0.225797474 -0.172824994
vn 0.925314903 0.361512989 -0.114457808
vn 0.925113559 0.152956441 -0.347518653
vn 0.933309257 0.316080183 -0.170373484
vn 0.994382977 -0.0557159334 -0.0899892971
vn 0.944188416 0.214359388 -0.250116557
vn 0.936833441 0.182582319 -0.298340112
vn 0.929130912 0.0397157557 -0.367612004
vn 0.683780849 0.0951300934 -0.72345978
vn 0.55317086 0.188313201 -0.8115049
vn 0.671418726 0.176047832 -0.719863892
vn -0.313514739 -0.0272476673 -0.949192345
vn -0.295325458 0.270852447 -0.916199684
vn -0.268237561 0.186754987 -0.9450773
vn 0.317123055 -0.94827646 0.014313532
vn 0.920326769 -0.0240729079 -0.390408933
vn 0.832697451 -0.060376022 -0.5504269
vn 0.560870707 -0.590384603 0.580405116
vn 0.386817038 -0.642944753 0.661055744
vn 0.204992801 -0.968258142 0.143018007
vn 0.498919308 0.0370104499 0.86585784
vn 0.915265799 0.285956681 -0.28375569
vn 0.869547725 0.483418107 -0.100963198
vn 0.344860643 -0.116578452 0.931386411
vn 0.0980820656 0.635674715 0.765700698
vn 0.823316813 0.434791118 -0.364837229
vn 0.53513056 -0.63832134 0.553336263
vn 0.372867644 -0.923999012 0.0848266333
vn 0.482812047 -0.0891150162 0.871177912
vn 0.0391915701 0.548926234 0.83495146
vn -0.203237534 0.93928957 0.276459098
vn 0.638033092 -0.603874385 0.477754831
vn 0.436135441 -0.899501979 0.0261154119
vn 0.608488917 -0.062906079 0.791065097
vn 0.554024935 -0.126295254 0.822864473
vn 0.550319612 -0.657240987 0.514958918
vn 0.327151418 -0.943886697 0.0452761278
vn 0.350638032 -0.686631918 0.636859238
vn -0.0248013865 -0.904203713 0.426380634
vn 0.235723108 -0.313931018 0.919718385
vn -0.0343772396 0.105060048 0.99387145
vn 0.168844774 0.531544566 0.830031157
vn 0.273757041 0.548048139 0.790379941
vn 0.221215278 0.460556388 0.859622955
vn -0.346485585 0.856954873 0.381544411
vn -0.276353836 0.811999083 0.514087617
vn -0.497381657 0.235571131 0.834935784
vn -0.282316118 0.852857888 0.439239144
vn -0.218434855 0.863976717 0.453685433
vn -0.618310571 0.782288611 -0.0756080821
vn -0.701494396 0.712418914 0.0191026032
vn -0.811296582 0.380304158 0.444034398
vn -0.943618059 0.242123082 -0.225746378
vn -0.629576683 0.772982597 -0.0783014074
vn -0.622829258 0.780343473 -0.0561050512
vn -0.83714056 0.362622291 -0.409512758
vn -0.758225679 -0.557591259 -0.337913781
vn -0.756576777 0.400056154 -0.517249167
vn -0.661324918 -0.267671406 -0.700714946
vn -0.169371843 -0.98043859 -0.10026665
vn -0.745970309 0.397981763 -0.533983767
vn -0.137027025 -0.865620673 -0.481585324
vn -0.0248013865 -0.904203713 0.426380634
vn 0.327151418 -0.943886697 0.0452761278
vn -0.559446871 -0.25224334 -0.789552093
vn 0.00947241206 -0.86365515 -0.503994107
vn 0.436135441 -0.899501979 0.0261154119
vn -0.587860703 -0.248515889 -0.769843936
vn -0.0492954142 -0.880503714 -0.471469104
vn 0.372867644 -0.923999012 0.0848266333
vn 0.204992801 -0.968258142 0.143018007
vn -0.654157579 -0.185884416 -0.733160794
vn -0.202401221 -0.864450336 -0.460173041
vn 0.317123055 -0.94827646 0.014313532
vn -0.0798398182 -0.765059471 -0.638991058
vn -0.760910094 0.399141133 -0.511568367
vn 0.756118774 0.0292480625 -0.65378052
vn 0.832697451 -0.060376022 -0.5504269
vn -0.473953903 -0.059716817 -0.878522277
vn 0.718574405 0.0996951982 -0.688267112
vn -0.599218607 0.471873432 -0.6467399
vn 0.681214452 0.209174901 -0.70156455
vn -0.49465856 0.851014018 -0.176318154
vn 0.679216444 0.39704442 -0.617268682
vn 0.221241638 -0.975059092 -0.0176605098
vn -0.103429213 -0.993600011 0.0454039983
vn -0.208367303 -0.700930059 0.682114542
vn 0.246559247 -0.759927869 0.601430058
vn 0.437528372 -0.895548224 -0.081008479
vn -0.357194602 -0.136838853 0.923951864
vn 0.52606672 -0.64146328 0.558371425
vn 0.461173773 -0.887093425 -0.0195944365
vn -0.009496741 -0.282069206 0.959347129
vn -0.46371913 0.322746664 0.825105608
vn 0.468032509 -0.719314694 0.513353527
vn 0.562311292 -0.821919024 -0.0908576474
vn 0.237412423 -0.0900453255 0.967226565
vn -0.416125715 0.30670467 0.856020749
vn -0.184865698 0.531042337 0.826933384
vn -0.668890417 0.708179116 0.225982234
vn -0.564441264 0.736801803 0.372195065
vn -0.396050513 0.803965807 -0.443602324
vn -0.48674351 0.858134151 0.163360268
vn -0.608904064 0.691507101 -0.388656527
vn -0.416533828 0.381696224 -0.825110555
vn -0.532111704 0.703309059 -0.471395284
vn -0.565416515 0.344453722 -0.749437094
vn -0.531278312 0.326492488 -0.781758308
vn -0.418449998 -0.195867598 -0.886868417
vn -0.437081009 -0.237072989 -0.867615461
vn -0.269305885 -0.724667907 -0.634295404
vn -0.0666324496 -0.844041884 -0.532121658
vn -0.103429213 -0.993600011 0.0454039983
vn 0.221241638 -0.975059092 -0.0176605098
vn -0.456040144 -0.383294553 -0.803189099
vn 0.0776423365 -0.83906275 -0.538465679
vn 0.437528372 -0.895548224 -0.081008479
vn 0.305585831 -0.871607423 -0.383298546
vn 0.461173773 -0.887093425 -0.0195944365
vn 0.468744218 -0.76755929 -0.437185973
vn 0.562311292 -0.821919024 -0.0908576474
vn 0.532650292 -0.846222997 -0.0137919234
vn 0.381357789 -0.699739218 -0.60409534
vn 0.314599425 -0.948629022 0.0336167887
vn 0.191703066 -0.756473184 -0.625298619
vn 0.155906484 -0.982366025 0.103199877
vn 0.0524102189 -0.734879136 -0.676169991
vn -0.0837782472 -0.988808572 0.123445094
vn -0.0171751603 -0.74075079 -0.671560347
vn -0.236484021 -0.122994229 -0.963819325
vn -0.268538147 -0.132666603 -0.954089522
vn -0.178081855 -0.114108339 -0.977377236
vn -0.559900761 0.375690311 -0.738490283
vn -0.318250686 0.455100477 -0.831624925
vn -0.63386488 0.363352537 -0.682781219
vn -0.63987124 0.632893622 -0.435901731
vn -0.408377022 0.763961911 -0.499590218
vn -0.0785160437 -0.0999405608 -0.991890669
vn -0.753678501 0.526444972 -0.393477499
vn -0.669245899 0.732796907 0.122958116
vn -0.441279441 0.884759307 0.149911568
vn -0.321246624 0.616432667 0.718895912
vn -0.787631691 0.605020642 0.116560608
vn -0.534808576 0.520581841 0.665563107
vn -0.215178832 -0.00853952207 0.976537347
vn -0.466091961 0.488777399 -0.737465143
vn -0.410593659 -0.0129891038 0.911725938
vn -0.23871544 -0.817616522 0.523944736
vn -0.599240899 0.664594173 -0.446346194
vn -0.640491486 0.389975965 0.66158092
vn -0.14388907 -0.798903644 0.583993971
vn -0.0837782472 -0.988808572 0.123445094
vn 0.155906484 -0.982366025 0.103199877
vn -0.35248065 -0.177647546 0.918802917
vn 0.150718763 -0.816183329 0.557789028
vn 0.314599425 -0.948629022 0.0336167887
vn 0.532650292 -0.846222997 -0.0137919234
vn 0.460637242 -0.679411232 0.571151257
vn 0.0267065559 -0.0624858402 0.997688532
vn 0.548347712 -0.698040962 0.460492909
vn 0.212723598 -0.117303543 0.970045567
vn 0.264943451 -0.159786224 0.95093292
vn -0.102439821 0.717006564 0.689498186
vn -0.147245213 0.516403258 0.843591392
vn -0.402593195 0.58020556 0.708011448
vn -0.606110811 0.789752841 0.0944461897
vn -0.405620039 0.892248392 0.198406741
vn -0.371760041 0.927361727 0.0423649326
vn -0.449179798 0.736002803 -0.506495297
vn -0.450758606 0.794787765 -0.406360835
vn -0.397423744 0.623375177 -0.673392713
vn -0.453214884 0.556369185 -0.696455002
vn -0.271696687 0.431249231 -0.860351622
vn -0.429473341 0.439946562 -0.788669527
vn -0.457856625 0.432275355 -0.776856124
vn 0.0603995956 -0.0220766962 -0.997930169
vn -0.208632261 -0.201533601 -0.95700413
vn 0.27895844 -0.533875823 -0.798222244
vn 0.184133276 -0.659409702 -0.728885412
vn -0.17663151 -0.176833168 -0.968261957
vn 0.135483295 -0.709813893 -0.691237032
vn -0.0285912734 -0.706024647 -0.707609892
vn -0.467453152 -0.32276246 -0.822989583
vn -0.589925766 0.256801039 -0.76553297
vn -0.0860954151 -0.620156229 -0.779739618
vn -0.169371843 -0.98043859 -0.10026665
vn -0.758225679 -0.557591259 -0.337913781
vn -0.611293018 -0.13694185 -0.779466331
vn -0.943618059 0.242123082 -0.225746378
vn -0.813809991 -0.238221973 -0.530059993
vn -0.225775167 -0.729981065 -0.645099461
vn -0.799031734 0.479007155 -0.363456309
vn -0.811296582 0.380304158 0.444034398
vn -0.962953746 0.248481363 -0.104771137
vn -0.807375491 -0.0001966001 -0.590037942
vn -0.42654106 -0.471115619 -0.772083402
vn -0.670019746 0.742313743 -0.00662920577
vn -0.497381657 0.235571131 0.834935784
vn -0.885702431 0.400049388 -0.235567048
vn -0.749347568 0.0012464649 -0.662175715
vn -0.376663208 -0.500511706 -0.779495299
vn -0.855261266 -0.0376600437 -0.516826808
vn -0.346702248 -0.608449638 -0.7138533
vn -0.188206643 -0.464882731 -0.86513716
vn -0.770850837 0.608284175 0.189153954
vn -0.388638109 0.723063588 0.571086109
vn -0.184367821 0.766645908 0.615030587
vn -0.0343772396 0.105060048 0.99387145
vn -0.787300706 0.616226554 -0.0205532387
vn 0.275820911 0.410183698 0.869294107
vn 0.235723108 -0.313931018 0.919718385
vn 0.793014288 -0.178038687 0.582606733
vn 0.20760341 0.332600921 0.919933319
vn 0.687087953 -0.331051707 0.646772683
vn 0.645599961 0.590366602 0.484425366
vn 0.970588803 -0.100555658 0.218736991
vn 0.739836156 0.58398509 0.334071755
vn 0.97582984 -0.210010558 0.0604292415
vn 0.902679503 -0.428148925 -0.0431078449
vn 0.0555015467 0.815159082 0.576571941
vn -0.5190534 0.79241246 0.320415497
vn -0.224254578 0.85690999 0.464128494
vn 0.233630896 0.872335374 0.429473609
vn -0.822394907 0.568302274 -0.0264417529
vn 0.791112661 0.541879475 0.283738226
vn 0.190301672 0.822428942 0.536093354
vn 0.710431218 0.527022958 0.46640566
vn 0.921639204 -0.384504497 -0.0523199514
vn -0.120255552 0.882852554 0.453993291
vn 0.120055914 0.727748454 0.675254524
vn 0.637368143 0.436486453 0.635012925
vn 0.957804382 -0.272988856 -0.0899319723
vn 0.898916602 -0.41283226 -0.146691605
vn -0.17593962 0.721918464 0.669237614
vn -0.0486712791 0.617008209 0.785450161
vn 0.683847666 0.228521094 0.692914426
vn 0.514097631 -0.804644644 0.297069937
vn -0.424630344 0.279986799 0.860985696
vn -0.850059927 0.154877767 0.503399551
vn 0.000604120491 0.114188939 0.993458927
vn -0.969878376 0.131613538 0.204972655
vn -0.991280735 -0.0710779428 0.110953294
vn 0.430190802 0.303044379 0.850352883
vn -0.272202194 0.43597573 0.857806027
vn -0.620915473 -0.630778253 0.465384483
vn 0.523883462 -0.180816799 0.832376897
vn -0.195663899 -0.0265999269 0.980310261
vn -0.199326858 0.813034177 0.547032237
vn -0.184073195 0.780472875 0.597477436
vn 0.500205696 0.293187082 0.814760983
vn 0.584856331 0.294712633 0.75570327
vn -0.483862162 0.817077458 0.313467562
vn -0.460947603 0.729855418 0.504815161
vn 0.557495654 0.413226545 0.720029354
vn -0.430959523 0.83426708 0.343907475
vn -0.694508195 0.703118861 0.152585521
vn -0.837879658 0.543790758 -0.0474276803
vn -0.760301054 0.646918952 0.0586358719
vn -0.612792611 0.721396923 0.322601646
vn -0.560211837 0.659672737 0.500993729
vn 0.531164527 0.437567174 0.725533724
vn -0.932541609 0.360373497 0.022293957
vn -0.720343947 0.25417468 0.64536792
vn -0.86974591 0.444455028 -0.214480355
vn -0.850987256 0.317560583 -0.418301225
vn -0.889173746 0.436355293 -0.137710661
vn -0.897131681 0.306654245 -0.317990571
vn -0.956366181 0.290185928 -0.0339994133
vn -0.773837745 0.582866192 0.247875184
vn -0.832299471 0.529879987 0.162803158
vn -0.889106333 0.456660688 0.0308366306
vn -0.954705 0.214406416 -0.206320971
vn -0.95254463 0.239199713 -0.188261345
vn -0.916701019 0.293123752 0.271547079
vn -0.942896485 0.30960986 -0.12283279
vn -0.939887106 -0.206385881 -0.272060901
vn -0.944239974 0.00395453582 -0.329234183
vn -0.309682578 -0.445152134 -0.840200186
vn -0.979895711 -0.0352003574 -0.196380556
vn -0.947725654 -0.304719239 -0.0946697518
vn -0.807279825 0.0100730471 0.590082765
vn -0.281627387 -0.50116998 -0.818238795
vn -0.0385903008 -0.643034399 -0.764864445
vn -0.755999863 -0.647621453 -0.0951346457
vn 0.262887418 -0.939174831 -0.220999643
vn -0.362424046 -0.923647881 0.124593176
vn 0.473325878 -0.347831666 0.809305787
vn -0.612770498 -0.195973575 0.765576124
vn -0.222065866 -0.494657487 0.840238452
vn 0.305424005 0.229735911 0.924087465
vn 0.100788973 0.338960737 0.935386121
vn 0.0938482732 0.412147641 0.906270862
vn -0.852086484 0.268762141 0.449127585
vn 0.1420542 0.441965014 0.885712981
vn -0.266078502 -0.898345768 -0.349538594
vn -0.300596863 -0.534460247 -0.789932668
vn -0.959138811 0.0508270226 -0.278333217
vn -0.345959544 -0.423954219 -0.83700341
vn -0.925500631 0.378616512 -0.0099101197
vn -0.970819533 -0.0186137985 -0.239087835
vn -0.331074834 -0.435700446 -0.83699137
vn -0.949777186 0.310515314 -0.0387747139
vn -0.998114109 -0.0564545467 0.0241059661
vn -0.850977421 0.389076114 0.352784932
vn -0.964507937 -0.227089509 -0.134739771
vn -0.7825405 0.153358474 0.603416622
vn -0.195536494 -0.604688108 -0.77208668
vn -0.852078676 -0.515075326 -0.0930554718
vn 0.127401814 -0.968415439 -0.214337304
vn -0.975081742 0.199983463 -0.0960320309
vn -0.818358123 0.341180116 0.462478131
vn 0.149450898 0.430315673 0.890220761
vn 0.220159173 0.380547553 0.898172259
vn -0.335946023 -0.933735192 0.123607472
vn -0.46286571 -0.551659107 -0.693849862
vn 0.180730835 0.438986391 0.880129158
vn 0.404288471 0.344689429 0.847195446
vn -0.521054804 -0.442730397 -0.729720235
vn -0.522660792 0.0408619232 0.85156101
vn 0.537336349 -0.324272096 0.778535366
vn -0.151125446 -0.375319719 0.914492309
vn -0.462937146 -0.869966626 0.169844836
vn -0.984366715 0.160788953 -0.0718960464
vn -0.996455729 -0.0325494632 0.0775664523
vn -0.539182305 -0.465127915 -0.702095747
vn -0.38947612 -0.6348961 -0.667244554
vn -0.625789344 0.563943803 0.538846135
vn -0.925097942 -0.373903453 0.0662571937
vn -0.0937376395 -0.977157414 -0.190726995
vn -0.617278159 -0.750910759 0.234735519
vn 0.484401435 -0.346055627 0.803492785
vn -0.230593279 -0.250145704 0.940347731
vn -0.442322969 0.166178018 0.881325781
vn 0.519996703 0.314978004 0.793972552
vn -0.609098673 0.367663562 0.702724934
vn 0.39598462 0.473417252 0.786811411
vn 0.384184867 0.470127106 0.794595778
vn -0.602842748 0.551722646 0.576353014
vn 0.430531919 0.348135591 0.832732797
vn 0.0283414684 -0.539642394 0.841417134
vn -0.545999527 -0.578739762 -0.605759799
vn -0.598869443 -0.473920554 -0.645565391
vn -0.623439908 -0.440717787 -0.645825446
vn -0.983878493 0.121932447 0.130826548
vn -0.528721631 -0.581801355 -0.618029594
vn -0.96983397 -0.198851436 0.140997291
vn -0.21928896 -0.963698626 -0.152306244
vn -0.591715276 0.458878577 0.662799597
vn 0.617085159 0.278530389 0.735952854
vn -0.397012085 0.247193903 0.883898437
vn 0.52036041 -0.38676548 0.761339247
vn -0.745956361 -0.596837997 0.2955226
vn -0.226201579 -0.207642674 0.951691866
vn 0.793014288 -0.178038687 0.582606733
vn 0.235723108 -0.313931018 0.919718385
vn 0.350638032 -0.686631918 0.636859238
vn 0.8463974 -0.515239656 0.134682745
vn 0.687087953 -0.331051707 0.646772683
vn -0.0248013865 -0.904203713 0.426380634
vn 0.666189313 -0.692243099 0.277473032
vn 0.970588803 -0.100555658 0.218736991
vn 0.808169425 -0.586086512 0.058005739
vn 0.632650793 -0.770798028 0.0749897584
vn 0.97582984 -0.210010558 0.0604292415
vn 0.493172348 -0.845310688 0.205501333
vn 0.636379778 -0.771371424 -0.00263024238
vn 0.700456858 -0.713527441 -0.0154538481
vn 0.902679503 -0.428148925 -0.0431078449
vn 0.40533331 -0.885360479 -0.227688015
vn 0.560593307 -0.817897439 0.129533395
vn 0.44688043 -0.797426581 -0.405473441
vn -0.169371843 -0.98043859 -0.10026665
vn -0.0860954151 -0.620156229 -0.779739618
vn -0.225775167 -0.729981065 -0.645099461
vn 0.479496837 -0.858062446 0.183879197
vn 0.327755928 -0.91740787 -0.22569631
vn 0.609198987 -0.793013155 -0.00261604274
vn 0.309325308 -0.862160146 -0.401245207
vn -0.42654106 -0.471115619 -0.772083402
vn 0.638713002 -0.766949117 0.0619259216
vn 0.258561611 -0.844348073 -0.469278574
vn 0.210367098 -0.926309824 -0.312563449
vn -0.376663208 -0.500511706 -0.779495299
vn -0.346702248 -0.608449638 -0.7138533
vn 0.463765353 -0.860465527 0.210999399
vn 0.327742696 -0.930669188 -0.162602842
vn -0.188206643 -0.464882731 -0.86513716
vn 0.43386656 -0.864293396 0.254473299
vn 0.780456066 -0.450936049 -0.43306464
vn 0.723428011 -0.391712099 -0.568518639
vn 0.500089169 -0.813982904 0.295537889
vn -0.309682578 -0.445152134 -0.840200186
vn 0.425871491 -0.858510494 0.285645217
vn 0.467700839 -0.835865557 0.28737551
vn -0.281627387 -0.50116998 -0.818238795
vn 0.467015296 -0.826796532 0.313535213
vn 0.448618025 -0.811212361 -0.375068605
vn 0.926861465 -0.00910443161 0.375293016
vn 0.701579392 -0.236021966 -0.672368944
vn -0.0385903008 -0.643034399 -0.764864445
vn 0.914096236 0.107613884 0.390956849
vn 0.906881273 0.26480639 0.327786267
vn 0.733921528 -0.186619118 -0.65309459
vn 0.769140899 -0.522296548 -0.368277997
vn 0.262887418 -0.939174831 -0.220999643
vn 0.473325878 -0.347831666 0.809305787
vn 0.929182947 0.284843832 0.235548392
vn 0.948717654 -0.129325062 0.288461328
vn 0.305424005 0.229735911 0.924087465
vn 0.100788973 0.338960737 0.935386121
vn 0.0938482732 0.412147641 0.906270862
vn 0.1420542 0.441965014 0.885712981
vn -0.266078502 -0.898345768 -0.349538594
vn -0.300596863 -0.534460247 -0.789932668
vn 0.676063895 -0.675441623 -0.294476509
vn 0.722853184 -0.414602786 -0.552799881
vn -0.345959544 -0.423954219 -0.83700341
vn -0.331074834 -0.435700446 -0.83699137
vn 0.869607866 -0.237683877 0.432768345
vn 0.220159173 0.380547553 0.898172259
vn -0.335946023 -0.933735192 0.123607472
vn -0.46286571 -0.551659107 -0.693849862
vn 0.416083395 -0.627616584 -0.658006191
vn -0.521054804 -0.442730397 -0.729720235
vn -0.539182305 -0.465127915 -0.702095747
vn 0.907458484 0.0722468421 0.413883477
vn 0.901714444 0.298801541 0.312456042
vn 0.149450898 0.430315673 0.890220761
vn 0.180730835 0.438986391 0.880129158
vn 0.404288471 0.344689429 0.847195446
vn 0.870085895 -0.382127464 0.311334282
vn 0.414502233 -0.474484056 -0.776564717
vn -0.38947612 -0.6348961 -0.667244554
vn 0.693816483 -0.195106 -0.693218887
vn 0.675963283 -0.183585972 -0.713701487
vn -0.195536494 -0.604688108 -0.77208668
vn 0.927298546 0.319093704 0.195694879
vn 0.953277349 -0.122524932 0.276134133
vn 0.537336349 -0.324272096 0.778535366
vn 0.734913826 -0.551045001 -0.395285934
vn 0.127401814 -0.968415439 -0.214337304
vn 0.988769412 0.0848516002 0.123025514
vn 0.964794576 -0.103483178 0.241790697
vn 0.430531919 0.348135591 0.832732797
vn 0.384184867 0.470127106 0.794595778
vn 0.0283414684 -0.539642394 0.841417134
vn 0.39598462 0.473417252 0.786811411
vn 0.519996703 0.314978004 0.793972552
vn -0.545999527 -0.578739762 -0.605759799
vn 0.993658602 0.0789665207 0.0800434798
vn 0.48682496 -0.458242208 -0.743650138
vn 0.912946701 -0.327644646 0.243263975
vn 0.484401435 -0.346055627 0.803492785
vn 0.532555401 -0.74531579 -0.401109964
vn -0.0937376395 -0.977157414 -0.190726995
vn 0.329631537 -0.926437795 -0.181813195
vn 0.310741961 -0.772688687 -0.553526521
vn -0.598869443 -0.473920554 -0.645565391
vn 0.608607233 -0.647133827 0.459145933
vn 0.786501586 -0.517554343 0.336975962
vn 0.282785505 -0.56008625 -0.778675735
vn -0.623439908 -0.440717787 -0.645825446
vn -0.528721631 -0.581801355 -0.618029594
vn 0.944349527 -0.287757069 0.159373119
vn 0.500205696 0.293187082 0.814760983
vn 0.584856331 0.294712633 0.75570327
vn 0.557495654 0.413226545 0.720029354
vn 0.430190802 0.303044379 0.850352883
vn 0.99817574 -0.0602538921 -0.00382992835
vn 0.531164527 0.437567174 0.725533724
vn 0.617085159 0.278530389 0.735952854
vn 0.362685174 -0.50642544 -0.782299697
vn 0.533746004 -0.704343319 0.467990994
vn 0.998674929 -0.0189979058 -0.0478257202
vn 0.404659569 -0.789845526 -0.460863024
vn -0.21928896 -0.963698626 -0.152306244
vn 0.52036041 -0.38676548 0.761339247
vn 0.905347943 -0.40424186 0.130129308
vn 0.255616426 -0.749966323 0.610090733
vn 0.000604120491 0.114188939 0.993458927
vn -0.424630344 0.279986799 0.860985696
vn 0.360033363 -0.916174293 0.176070288
vn 0.299764961 -0.950637817 -0.08017838
vn 0.20092015 -0.962007046 0.184860602
vn -0.238204792 -0.865446627 0.440750033
vn 0.448889136 -0.893571496 0.0053390027
vn -0.728174686 -0.682187438 -0.0661955774
vn -0.850059927 0.154877767 0.503399551
vn -0.969878376 0.131613538 0.204972655
vn 0.26562345 -0.921073318 -0.284724772
vn 0.921639204 -0.384504497 -0.0523199514
vn 0.957804382 -0.272988856 -0.0899319723
vn -0.781432092 -0.496730089 -0.377654731
vn -0.991280735 -0.0710779428 0.110953294
vn 0.27264294 -0.761797786 -0.587647796
vn 0.898916602 -0.41283226 -0.146691605
vn -0.726502478 -0.452379644 -0.517249227
vn 0.209944263 -0.666449606 -0.715379894
vn -0.591230929 -0.777582109 -0.214037374
vn -0.620915473 -0.630778253 0.465384483
vn 0.514097631 -0.804644644 0.297069937
vn 0.106479906 -0.928550541 -0.355606556
vn -0.317122996 -0.948276341 0.0143149188
vn -0.832697511 -0.0603763126 -0.550426781
vn -0.920326829 -0.0240742061 -0.390408665
vn -0.560870647 -0.590384662 0.580405056
vn -0.386817008 -0.642944515 0.661055863
vn -0.204992935 -0.968258023 0.143018484
vn -0.498919278 0.0370103382 0.86585784
vn -0.915266097 0.285956025 -0.283755064
vn -0.869548202 0.483417809 -0.100961372
vn -0.344860435 -0.1165784 0.93138653
vn -0.0980820954 0.635674536 0.765700817
vn -0.823317707 0.43479079 -0.364835501
vn -0.53513062 -0.638321161 0.553336501
vn -0.372867793 -0.923998892 0.0848264098
vn -0.482811779 -0.0891149491 0.871178091
vn -0.0391914658 0.548926353 0.83495146
vn 0.203237236 0.939289033 0.276461244
vn -0.638032913 -0.603874326 0.477754921
vn -0.43613553 -0.899501979 0.026115384
vn -0.608489037 -0.0629059449 0.791065097
vn -0.554024994 -0.126295254 0.822864413
vn -0.550319374 -0.657241225 0.514958918
vn -0.327151477 -0.943886697 0.0452759489
vn -0.350637704 -0.686633348 0.636857808
vn 0.0248015244 -0.904204905 0.42637822
vn -0.235724166 -0.313933134 0.919717371
vn 0.0343755782 0.105061091 0.99387145
vn -0.168844745 0.531544685 0.830031097
vn -0.273757041 0.548048437 0.790379703
vn -0.221215367 0.460557103 0.859622478
vn 0.346485347 0.856954515 0.381545335
vn 0.276353896 0.811999142 0.514087379
vn 0.497382253 0.23557134 0.834935367
vn 0.282316118 0.852858007 0.439239085
vn 0.218435004 0.863976717 0.453685343
vn 0.618310571 0.78228873 -0.0756073296
vn 0.701494515 0.712418735 0.0191028994
vn 0.811298192 0.380301774 0.444033593
vn 0.943618417 0.242121086 -0.225747094
vn 0.629576743 0.772982597 -0.0783007517
vn 0.622829437 0.780343413 -0.056104321
vn 0.837140739 0.36262244 -0.40951249
vn 0.758225083 -0.557591677 -0.337914675
vn 0.756577015 0.400056303 -0.517248631
vn 0.661325037 -0.267671973 -0.700714648
vn 0.169373274 -0.980437636 -0.100272603
vn 0.745970666 0.397982091 -0.533983171
vn 0.137027174 -0.865620971 -0.481584907
vn 0.0248015244 -0.904204905 0.42637822
vn -0.327151477 -0.943886697 0.0452759489
vn 0.55944699 -0.252243638 -0.789551914
vn -0.00947247446 -0.863655388 -0.50399369
vn -0.43613553 -0.899501979 0.026115384
vn 0.587860763 -0.248515606 -0.769843996
vn 0.0492954105 -0.880503595 -0.471469402
vn -0.372867793 -0.923998892 0.0848264098
vn -0.204992935 -0.968258023 0.143018484
vn 0.654157758 -0.185884118 -0.733160734
vn 0.202401325 -0.864450455 -0.460172981
vn -0.317122996 -0.948276341 0.0143149188
vn 0.0798400491 -0.76505971 -0.63899076
vn 0.760909975 0.399141163 -0.511568487
vn -0.756118 0.0292484481 -0.653781414
vn -0.832697511 -0.0603763126 -0.550426781
vn 0.473953873 -0.0597167537 -0.878522396
vn -0.718573511 0.0996953174 -0.688268006
vn 0.599218249 0.471873134 -0.646740437
vn -0.681214094 0.20917508 -0.701564789
vn 0.494658649 0.851014197 -0.176316783
vn -0.67921716 0.397044659 -0.617267728
vn -0.221241683 -0.975059092 -0.0176602434
vn 0.208367184 -0.700929821 0.68211478
vn 0.103429183 -0.993600011 0.0454039983
vn -0.246559143 -0.759927571 0.601430535
vn -0.437528402 -0.895548224 -0.0810079426
vn 0.35719347 -0.136838838 0.923952401
vn -0.526066482 -0.64146328 0.558371603
vn -0.461173803 -0.887093484 -0.0195940007
vn 0.00949668325 -0.282068998 0.959347129
vn 0.463717669 0.322746158 0.825106621
vn -0.468032479 -0.719314396 0.513354003
vn -0.562311292 -0.821919084 -0.090857476
vn -0.237412363 -0.0900452733 0.967226565
vn 0.416125238 0.306704611 0.856021106
vn 0.184865564 0.531042635 0.826933146
vn 0.668890238 0.708179474 0.225981832
vn 0.564440966 0.736801922 0.372195244
vn 0.396050364 0.803965688 -0.443602532
vn 0.486743182 0.85813421 0.163360506
vn 0.608903766 0.69150728 -0.388656408
vn 0.416534096 0.381696522 -0.825110316
vn 0.532111585 0.703309536 -0.471394688
vn 0.565416634 0.34445411 -0.749436736
vn 0.531278431 0.326492757 -0.78175807
vn 0.418450087 -0.195867747 -0.886868298
vn 0.43708092 -0.237073123 -0.867615461
vn 0.269305825 -0.724668086 -0.634295225
vn 0.0666324347 -0.844041765 -0.532121718
vn 0.103429183 -0.993600011 0.0454039983
vn -0.221241683 -0.975059092 -0.0176602434
vn 0.456040174 -0.383294553 -0.803189099
vn -0.077642329 -0.83906287 -0.538465559
vn -0.437528402 -0.895548224 -0.0810079426
vn -0.305585861 -0.87160778 -0.383297771
vn -0.461173803 -0.887093484 -0.0195940007
vn -0.468744248 -0.76755929 -0.437185854
vn -0.562311292 -0.821919084 -0.090857476
vn -0.532650411 -0.846222937 -0.0137914997
vn -0.381357759 -0.699739158 -0.604095519
vn -0.314599484 -0.948629022 0.0336173475
vn -0.191703081 -0.756473184 -0.62529856
vn -0.155906618 -0.982366025 0.103200041
vn -0.0524102934 -0.734879076 -0.676169991
vn 0.0837782249 -0.988808572 0.123445347
vn 0.0171751212 -0.74075067 -0.671560407
vn 0.236483872 -0.12299411 -0.963819385
vn 0.268538177 -0.132666528 -0.954089522
vn 0.178081557 -0.114108384 -0.977377236
vn 0.559900761 0.375690073 -0.738490343
vn 0.318250537 0.455100328 -0.831625104
vn 0.63386476 0.363352388 -0.682781398
vn 0.63987124 0.632893443 -0.435902089
vn 0.408376962 0.763961852 -0.499590456
vn 0.0785157531 -0.0999404937 -0.991890669
vn 0.753678381 0.526444852 -0.393477589
vn 0.669246078 0.732796669 0.122957818
vn 0.441279501 0.884759307 0.149911642
vn 0.321246594 0.61643225 0.718896329
vn 0.78763181 0.605020523 0.116560332
vn 0.534808874 0.520581722 0.665563047
vn 0.215178743 -0.00853948575 0.976537347
vn 0.466091722 0.488777429 -0.737465382
vn 0.410594106 -0.0129889091 0.91172576
vn 0.238715455 -0.817616343 0.523945093
vn 0.599240899 0.664594173 -0.446346223
vn 0.640491903 0.389976114 0.661580503
vn 0.143888876 -0.798903346 0.583994448
vn 0.0837782249 -0.988808572 0.123445347
vn -0.155906618 -0.982366025 0.103200041
vn 0.352480829 -0.177647248 0.918802798
vn -0.150718912 -0.816183209 0.557789147
vn -0.314599484 -0.948629022 0.0336173475
vn -0.532650411 -0.846222937 -0.0137914997
vn -0.460637301 -0.679411113 0.571151316
vn -0.0267065298 -0.0624856465 0.997688532
vn -0.548347831 -0.698040664 0.460493177
vn -0.212723628 -0.117303051 0.970045686
vn -0.264943451 -0.159785613 0.950933039
vn 0.102439731 0.717006862 0.689497888
vn 0.147245124 0.516403556 0.843591213
vn 0.402593136 0.580205619 0.708011389
vn 0.606110811 0.78975296 0.0944461897
vn 0.405619949 0.892248511 0.198406547
vn 0.371759921 0.927361727 0.0423651673
vn 0.44917959 0.736002982 -0.506495059
vn 0.450758457 0.794787705 -0.406361282
vn 0.397423595 0.623375058 -0.673392951
vn 0.453214914 0.556369364 -0.696454942
vn 0.271696955 0.431249559 -0.860351443
vn 0.42947346 0.43994683 -0.788669348
vn 0.457857221 0.432275862 -0.776855409
vn -0.0603996143 -0.0220766533 -0.997930169
vn 0.208632454 -0.201533005 -0.957004189
vn -0.278958559 -0.533875644 -0.798222363
vn -0.184133351 -0.659409404 -0.728885531
vn 0.176631764 -0.176833093 -0.968261957
vn -0.135483339 -0.709814131 -0.691236734
vn 0.0285914931 -0.706024885 -0.707609653
vn 0.467453539 -0.322762579 -0.822989345
vn 0.5899266 0.256801546 -0.765532255
vn 0.0860958099 -0.620155394 -0.779740214
vn 0.758225083 -0.557591677 -0.337914675
vn 0.169373274 -0.980437636 -0.100272603
vn 0.611293018 -0.136942104 -0.779466271
vn 0.943618417 0.242121086 -0.225747094
vn 0.81381011 -0.238222346 -0.530059636
vn 0.22577548 -0.729981303 -0.645099044
vn 0.799031794 0.479005545 -0.363458157
vn 0.811298192 0.380301774 0.444033593
vn 0.962953627 0.248481601 -0.104771882
vn 0.807375669 -0.000196934197 -0.590037644
vn 0.42654112 -0.471116364 -0.772082984
vn 0.670020938 0.742312491 -0.00663193362
vn 0.497382253 0.23557134 0.834935367
vn 0.885702252 0.400049716 -0.235567242
vn 0.749347985 0.00124621508 -0.662175357
vn 0.376662791 -0.500511587 -0.779495537
vn 0.855261564 -0.0376606211 -0.516826212
vn 0.346701622 -0.60844928 -0.713853896
vn 0.188207611 -0.464883864 -0.865136385
vn 0.770850837 0.608284712 0.18915242
vn 0.388638318 0.723063886 0.571085811
vn 0.184368223 0.766646385 0.615029752
vn 0.0343755782 0.105061091 0.99387145
vn 0.787300408 0.616226912 -0.0205538012
vn -0.275821298 0.410184026 0.869293809
vn -0.235724166 -0.313933134 0.919717371
vn -0.793014109 -0.178039119 0.582606673
vn -0.207603037 0.332600683 0.919933558
vn -0.687087834 -0.331052482 0.646772444
vn -0.645600379 0.590365589 0.484425902
vn -0.970588684 -0.100557916 0.218736306
vn -0.739836991 0.583984017 0.334071487
vn -0.975829482 -0.210012197 0.0604290105
vn -0.902679741 -0.428148329 -0.0431085117
vn -0.0555015579 0.815158367 0.576573014
vn 0.51905328 0.792412639 0.320415229
vn 0.224254444 0.856909275 0.464129895
vn -0.233631283 0.872335374 0.42947349
vn 0.822394907 0.568302393 -0.0264418814
vn -0.791113019 0.541879296 0.283737659
vn -0.190302104 0.822428703 0.536093533
vn -0.710431039 0.527023435 0.466405332
vn -0.92163974 -0.384503305 -0.0523200221
vn 0.12025553 0.882852077 0.453994364
vn -0.120056026 0.727748573 0.675254464
vn -0.637368083 0.436487496 0.635012209
vn -0.957804382 -0.272989243 -0.0899306089
vn -0.898916423 -0.412833571 -0.146688759
vn 0.175939336 0.721917033 0.669239223
vn 0.048671037 0.617008507 0.785449982
vn -0.683847845 0.228521392 0.692914248
vn -0.514097214 -0.804643989 0.297072679
vn 0.424630433 0.279985905 0.860985994
vn 0.850059748 0.154877469 0.503399909
vn -0.000604496629 0.114188395 0.993458927
vn 0.969878137 0.131613269 0.20497416
vn 0.991280615 -0.0710779354 0.110954352
vn -0.430190086 0.303043187 0.850353658
vn 0.272202551 0.435976744 0.857805431
vn 0.620915413 -0.630777657 0.465385318
vn -0.523883522 -0.180816948 0.832376897
vn 0.195664525 -0.0266001932 0.980310023
vn 0.199327245 0.813033044 0.547033846
vn 0.184074014 0.780472398 0.597477734
vn -0.500205219 0.293186665 0.814761519
vn -0.584856153 0.294713497 0.755703211
vn 0.483861864 0.817077219 0.313468724
vn 0.460947603 0.729855478 0.504815102
vn -0.557495892 0.413226426 0.720029354
vn 0.430958956 0.834266603 0.343909472
vn 0.694508016 0.70311904 0.152585402
vn 0.837879479 0.543790936 -0.0474284627
vn 0.760300815 0.64691925 0.0586350672
vn 0.612792671 0.721396506 0.322602123
vn 0.560211539 0.659672379 0.500994384
vn -0.531164587 0.437567383 0.725533605
vn 0.932541907 0.360372633 0.0222948641
vn 0.720345199 0.254171461 0.645367801
vn 0.869745851 0.444455236 -0.214480206
vn 0.850987434 0.317560524 -0.418300867
vn 0.889173746 0.436355293 -0.13771072
vn 0.897132039 0.306653887 -0.317989737
vn 0.956366181 0.290186018 -0.0339982361
vn 0.773838043 0.582865477 0.247875929
vn 0.832299769 0.529879451 0.162802681
vn 0.889106512 0.45666036 0.0308361799
vn 0.954705179 0.214405283 -0.206321135
vn 0.952545047 0.239198282 -0.188260779
vn 0.916701496 0.293121904 0.271547139
vn 0.942896307 0.309610337 -0.122832887
vn 0.939887404 -0.20638527 -0.272060245
vn 0.944240272 0.00395290833 -0.329233408
vn 0.30968377 -0.445151627 -0.840200007
vn 0.97989583 -0.0351997353 -0.196380258
vn 0.947725773 -0.304718494 -0.0946702436
vn 0.807280004 0.0100734001 0.590082645
vn 0.281628311 -0.501168847 -0.818239152
vn 0.0385909528 -0.643034339 -0.764864445
vn 0.755999625 -0.647621334 -0.0951375365
vn -0.26288864 -0.939173639 -0.221002996
vn 0.362424999 -0.923648179 0.124587946
vn -0.473327428 -0.347830832 0.809305131
vn 0.612771213 -0.195974499 0.765575171
vn 0.22206679 -0.494658917 0.840237379
vn -0.305422097 0.22973685 0.924087822
vn -0.100786492 0.338961124 0.935386181
vn -0.0938469842 0.412147284 0.90627116
vn 0.852086365 0.268762112 0.449127853
vn -0.142054364 0.441963971 0.885713458
vn 0.266078651 -0.898349881 -0.349527717
vn 0.300597787 -0.534461379 -0.789931655
vn 0.959138811 0.0508275442 -0.278332919
vn 0.345960885 -0.423953205 -0.83700341
vn 0.925500095 0.378617793 -0.00991053507
vn 0.970819414 -0.0186136533 -0.239087895
vn 0.331075847 -0.435700297 -0.836991072
vn 0.94977659 0.310517281 -0.0387745872
vn 0.998114228 -0.0564518794 0.0241046324
vn 0.850977182 0.389077246 0.352784336
vn 0.964507937 -0.227089763 -0.134739235
vn 0.782540619 0.153357476 0.603416622
vn 0.195536479 -0.604688346 -0.772086442
vn 0.852078497 -0.515075684 -0.0930547193
vn -0.127402514 -0.968414962 -0.21433872
vn 0.975081861 0.199983194 -0.0960312486
vn 0.818358481 0.341179669 0.462477952
vn -0.14945063 0.430315763 0.890220761
vn -0.220159099 0.380547971 0.898172259
vn 0.33594662 -0.933734775 0.123608947
vn 0.462865442 -0.551658392 -0.693850517
vn -0.180730358 0.438985229 0.880129814
vn -0.404288769 0.344688237 0.847195745
vn 0.521054685 -0.442730099 -0.729720533
vn 0.52266109 0.0408615768 0.851560831
vn -0.537337303 -0.324273854 0.778533995
vn 0.151125193 -0.375323474 0.914490819
vn 0.462935537 -0.869967878 0.169842646
vn 0.984366715 0.160788909 -0.07189551
vn 0.996455669 -0.0325495228 0.0775677934
vn 0.539182723 -0.465127617 -0.702095568
vn 0.389477223 -0.634896398 -0.6672436
vn 0.625788867 0.563943446 0.53884685
vn 0.925097585 -0.3739039 0.0662592277
vn 0.0937369987 -0.977157295 -0.190727562
vn 0.617276907 -0.750912249 0.234734192
vn -0.484402984 -0.346057534 0.803491116
vn 0.23059319 -0.250148237 0.940347075
vn 0.442322284 0.166177496 0.881326258
vn -0.519996703 0.314978033 0.793972552
vn 0.609097898 0.367663205 0.702725828
vn -0.395983815 0.473416954 0.786812007
vn -0.384184271 0.470127672 0.794595718
vn 0.602842152 0.551722765 0.57635355
vn -0.430531383 0.34813723 0.832732379
vn -0.0283396691 -0.539642572 0.841417134
vn 0.546000004 -0.57874018 -0.605758786
vn 0.598869741 -0.473920494 -0.645565093
vn 0.623440146 -0.440716714 -0.645825982
vn 0.983878374 0.121933043 0.130826801
vn 0.52872169 -0.581800044 -0.618030787
vn 0.96983397 -0.198851556 0.140996516
vn 0.219288751 -0.963698745 -0.152306482
vn 0.591715276 0.458878309 0.662799954
vn -0.617085099 0.278530955 0.735952795
vn 0.397012621 0.247193605 0.883898437
vn -0.520360351 -0.386766165 0.76133889
vn 0.745955527 -0.596838295 0.295524031
vn 0.226201653 -0.207643077 0.951691747
vn -0.793014109 -0.178039119 0.582606673
vn -0.350637704 -0.686633348 0.636857808
vn -0.235724166 -0.313933134 0.919717371
vn -0.846396863 -0.515240729 0.134682685
vn -0.687087834 -0.331052482 0.646772444
vn 0.0248015244 -0.904204905 0.42637822
vn -0.666189015 -0.692243874 0.27747196
vn -0.970588684 -0.100557916 0.218736306
vn -0.80816859 -0.586087823 0.0580048822
vn -0.632650673 -0.770797968 0.074991025
vn -0.975829482 -0.210012197 0.0604290105
vn -0.49317199 -0.845310926 0.205501333
vn -0.636379182 -0.771371841 -0.00263110409
vn -0.700456679 -0.71352756 -0.0154553978
vn -0.902679741 -0.428148329 -0.0431085117
vn -0.405333251 -0.885360301 -0.227688864
vn -0.560593724 -0.817897201 0.129533365
vn -0.446879715 -0.797425628 -0.405476183
vn 0.169373274 -0.980437636 -0.100272603
vn 0.0860958099 -0.620155394 -0.779740214
vn 0.22577548 -0.729981303 -0.645099044
vn -0.479496956 -0.858062267 0.183880046
vn -0.327755839 -0.917407811 -0.225696832
vn -0.609199047 -0.793012977 -0.0026138348
vn -0.309325516 -0.86216116 -0.401243091
vn 0.42654112 -0.471116364 -0.772082984
vn -0.638712943 -0.766949058 0.0619270094
vn -0.258561641 -0.844348371 -0.469277859
vn -0.210367069 -0.926309705 -0.312563568
vn 0.376662791 -0.500511587 -0.779495537
vn 0.346701622 -0.60844928 -0.713853896
vn -0.463765234 -0.86046499 0.211002082
vn -0.327742755 -0.930669188 -0.162602261
vn 0.188207611 -0.464883864 -0.865136385
vn -0.433866084 -0.864292443 0.25447762
vn -0.780455768 -0.450936288 -0.433064848
vn -0.723427951 -0.391711861 -0.568518937
vn -0.500089049 -0.813982248 0.295540005
vn 0.30968377 -0.445151627 -0.840200007
vn -0.425871342 -0.858509839 0.285647362
vn -0.467701048 -0.835865319 0.287375808
vn 0.281628311 -0.501168847 -0.818239152
vn -0.467015624 -0.826796114 0.313535571
vn -0.448618859 -0.811211169 -0.375070155
vn -0.926861346 -0.00910361763 0.375293523
vn -0.701579392 -0.236021474 -0.672369123
vn 0.0385909528 -0.643034339 -0.764864445
vn -0.9140957 0.107615232 0.390957862
vn -0.90688026 0.26480782 0.327788144
vn -0.733921587 -0.186620176 -0.653094113
vn -0.769141436 -0.522297263 -0.368275762
vn -0.26288864 -0.939173639 -0.221002996
vn -0.473327428 -0.347830832 0.809305131
vn -0.929182231 0.284845054 0.235549867
vn -0.948718309 -0.129322633 0.288460225
vn -0.305422097 0.22973685 0.924087822
vn -0.100786492 0.338961124 0.935386181
vn -0.0938469842 0.412147284 0.90627116
vn -0.142054364 0.441963971 0.885713458
vn 0.266078651 -0.898349881 -0.349527717
vn 0.300597787 -0.534461379 -0.789931655
vn -0.676063716 -0.675441921 -0.294476032
vn -0.72285372 -0.414601952 -0.55279994
vn 0.345960885 -0.423953205 -0.83700341
vn 0.331075847 -0.435700297 -0.836991072
vn -0.869608164 -0.237684593 0.432767451
vn -0.220159099 0.380547971 0.898172259
vn 0.33594662 -0.933734775 0.123608947
vn 0.462865442 -0.551658392 -0.693850517
vn -0.416083187 -0.627615988 -0.658006847
vn 0.521054685 -0.442730099 -0.729720533
vn 0.539182723 -0.465127617 -0.702095568
vn -0.907458365 0.0722479001 0.413883299
vn -0.901714087 0.298802286 0.312456369
vn -0.14945063 0.430315763 0.890220761
vn -0.180730358 0.438985229 0.880129814
vn -0.404288769 0.344688237 0.847195745
vn -0.870086849 -0.38212654 0.311332941
vn -0.414502412 -0.474483401 -0.776565015
vn 0.389477223 -0.634896398 -0.6672436
vn -0.6938169 -0.195104629 -0.693218768
vn -0.675963402 -0.183586046 -0.713701367
vn 0.195536479 -0.604688346 -0.772086442
vn -0.927299201 0.319092035 0.195695087
vn -0.953277469 -0.122525319 0.276133358
vn -0.537337303 -0.324273854 0.778533995
vn -0.734914243 -0.551043034 -0.39528802
vn -0.127402514 -0.968414962 -0.21433872
vn -0.988769293 0.0848520547 0.123026051
vn -0.964794695 -0.103482723 0.241790265
vn -0.430531383 0.34813723 0.832732379
vn -0.384184271 0.470127672 0.794595718
vn -0.0283396691 -0.539642572 0.841417134
vn -0.395983815 0.473416954 0.786812007
vn -0.519996703 0.314978033 0.793972552
vn 0.546000004 -0.57874018 -0.605758786
vn -0.993658483 0.0789668635 0.0800433829
vn -0.486825734 -0.45824188 -0.7436499
vn -0.91294688 -0.327645123 0.243262514
vn -0.484402984 -0.346057534 0.803491116
vn -0.532556057 -0.745316088 -0.401108563
vn 0.0937369987 -0.977157295 -0.190727562
vn -0.329631299 -0.92643851 -0.181809723
vn -0.310741931 -0.772689998 -0.553524613
vn 0.598869741 -0.473920494 -0.645565093
vn -0.608607471 -0.647133529 0.459146082
vn -0.786500633 -0.517553806 0.336979061
vn -0.282785714 -0.560085595 -0.778676093
vn 0.623440146 -0.440716714 -0.645825982
vn 0.52872169 -0.581800044 -0.618030787
vn -0.944349229 -0.287756979 0.159375161
vn -0.500205219 0.293186665 0.814761519
vn -0.584856153 0.294713497 0.755703211
vn -0.557495892 0.413226426 0.720029354
vn -0.430190086 0.303043187 0.850353658
vn -0.998175859 -0.0602530278 -0.00382988807
vn -0.531164587 0.437567383 0.725533605
vn -0.617085099 0.278530955 0.735952795
vn -0.362685204 -0.506424427 -0.782300234
vn -0.533746243 -0.704342604 0.46799174
vn -0.998674929 -0.0189974885 -0.0478264838
vn -0.404659182 -0.789844871 -0.460864514
vn 0.219288751 -0.963698745 -0.152306482
vn -0.520360351 -0.386766165 0.76133889
vn -0.905347347 -0.40424335 0.130128801
vn -0.255616158 -0.749965191 0.610092402
vn -0.000604496629 0.114188395 0.993458927
vn 0.424630433 0.279985905 0.860985994
vn -0.360034227 -0.916174054 0.176069111
vn -0.299765259 -0.950637519 -0.0801820457
vn -0.200920358 -0.962007582 0.184857816
vn 0.238204911 -0.865445673 0.44075197
vn -0.448889196 -0.893571496 0.00533631025
vn 0.728174686 -0.682187617 -0.0661936849
vn 0.850059748 0.154877469 0.503399909
vn 0.969878137 0.131613269 0.20497416
vn -0.265623599 -0.921073616 -0.28472355
vn -0.92163974 -0.384503305 -0.0523200221
vn -0.957804382 -0.272989243 -0.0899306089
vn 0.78143239 -0.496730536 -0.37765348
vn 0.991280615 -0.0710779354 0.110954352
vn -0.272643775 -0.761799932 -0.587644517
vn -0.898916423 -0.412833571 -0.146688759
vn 0.726503372 -0.452379942 -0.517247736
vn -0.209945232 -0.666451573 -0.715377808
vn 0.591232002 -0.777582645 -0.214032605
vn 0.620915413 -0.630777657 0.465385318
vn -0.514097214 -0.804643989 0.297072679
vn -0.106481142 -0.928551972 -0.355602413
vn -0 -0.333117515 -0.94288528
vn -0 0.0116344038 -0.999932289
vn -0.0595003963 0.0787826777 -0.995114565
vn -0.0225961115 -0.063845098 -0.997703969
vn -0.62156266 0.176667705 -0.763183057
vn -0.622402906 0.103107482 -0.775875866
vn -0.978969753 0.11059729 -0.171424806
vn -0.970490694 0.204953596 -0.127050877
vn -0.965783596 0.0872050822 -0.244248569
vn -0.597519159 0.0502295978 -0.800279856
vn -0.961326063 0.100519575 -0.256413639
vn 0.0478649624 -0.0986405089 -0.993971288
vn -0.610936046 0.0744370297 -0.788172781
vn -0.547894895 0.0626354143 -0.834198952
vn -0.954856694 0.111207858 -0.275465757
vn -0.558845341 0.201603904 -0.804392815
vn -0.981921434 0.108906545 -0.154821306
vn -0.549571753 0.0785225183 -0.831748247
vn -0.956666291 -0.205883712 -0.205916211
vn -0.499249816 -0.293837428 -0.815113068
vn -0.785714447 -0.593457639 -0.174530342
vn -0.0211621244 -0.262852848 -0.964603841
vn -0.0475255921 0.125079826 -0.991007745
vn -0.106192589 0.145982727 -0.983571172
vn 0.718970656 0.0273085684 -0.694503784
vn 0.749532938 -0.12829113 -0.649416447
vn 0.609250605 -0.575600803 -0.545433342
vn -0.0234695878 0.0283050369 -0.999323726
vn 0.961378694 -0.268992156 0.058261022
vn 0.772309422 -0.633842707 0.0422070026
vn 0.996962726 -0.0466776416 0.0623423271
vn 0.988598704 -0.143211365 0.0465098359
vn 0.741467059 0.0161466449 -0.670794964
vn 0.984264433 -0.16048792 0.0739406943
vn 0.0568131171 0.0200559404 -0.99818331
vn 0.809865057 -0.0895834342 -0.579735756
vn 0.802537501 -0.236750513 -0.547615588
vn 0.971001506 -0.227353945 0.0739346817
vn 0.96448344 -0.260026902 0.0464531183
vn -0.890911877 0.0588154495 0.450351775
vn -0.978969753 0.11059729 -0.171424806
vn -0.970490694 0.204953596 -0.127050877
vn -0.932146966 -0.0129010808 0.361850053
vn -0.965783596 0.0872050822 -0.244248569
vn -0.306415468 -0.37319088 0.875692964
vn -0.903527737 -0.0695049688 0.422855586
vn -0.961326063 0.100519575 -0.256413639
vn -0.351778895 -0.363314182 0.862701833
vn 0.257874072 -0.606514275 0.752091348
vn 0.0766166225 -0.625815213 0.776199341
vn -0 -0.768856049 0.63942194
vn -0 -0.907862127 0.419268817
vn 0.393405706 -0.901505113 0.180334404
vn -0.259526253 -0.350455642 0.899903893
vn 0.425672829 -0.417153239 0.802985489
vn 0.759073794 -0.561919212 0.328715354
vn 0.96448344 -0.260026902 0.0464531183
vn 0.971001506 -0.227353945 0.0739346817
vn 0.794577062 -0.337613136 0.504643083
vn 0.984264433 -0.16048792 0.0739406943
vn 0.816612184 -0.281805784 0.50371629
vn 0.484367222 -0.325275391 0.812147856
vn -0.201492667 -0.229236916 0.952287376
vn 0.777624726 -0.271685749 0.566998005
vn 0.988598704 -0.143211365 0.0465098359
vn 0.58983022 -0.265175045 0.762746692
vn 0.782800317 -0.105769955 0.613218129
vn 0.996962726 -0.0466776416 0.0623423271
vn -0.926465034 0.00280849054 0.376370609
vn -0.861482441 -0.0137905795 0.50759995
vn -0.954856694 0.111207858 -0.275465757
vn -0.166783884 -0.170960307 0.971059144
vn -0.870006144 -0.033345826 0.491911858
vn -0.981921434 0.108906545 -0.154821306
vn -0.956666291 -0.205883712 -0.205916211
vn 0.653560936 -0.141375333 0.743552983
vn -0.188558906 -0.141215101 0.971855879
vn -0.880120873 -0.249986395 0.403601348
vn -0.785714447 -0.593457639 -0.174530342
vn -0.767734051 -0.594778538 0.238375559
vn -0.334971547 -0.222519442 0.915575922
vn -0.36961779 -0.6014117 0.708298385
vn 0.602633059 -0.125522435 0.788084745
vn 0.5086537 -0.477074474 0.71670872
vn 0.770141959 -0.119893439 0.626503825
vn 0.663447499 -0.475093842 0.578034103
vn 0.961378694 -0.268992156 0.058261022
vn 0.772309422 -0.633842707 0.0422070026
vn 0.880047023 -0.00141656783 0.47488445
vn 0.977141261 -0.0999250188 0.18764317
vn 0.954097867 -0.0821948424 0.28799504
vn 0.876749158 -0.000843705144 0.480947226
vn 0.629792333 0.523783386 0.57359612
vn 0.821852267 -0.095161967 0.561696649
vn 0.983785629 -0.169602185 0.0583170801
vn 0.604185522 0.21447143 0.767438471
vn -0.403317004 0.547939122 0.732869804
vn 0.530277133 -0.0329609141 0.847183347
vn 0.779246926 -0.182902917 0.59943372
vn 0.955433965 -0.283800781 0.0812591016
vn -0.373288363 0.484850258 0.790933609
vn 0.526239932 -0.143428385 0.838152647
vn 0.779535651 -0.224926844 0.584578633
vn 0.919599712 -0.392856717 -0.000240057125
vn 0.552929819 -0.176430538 0.814334571
vn -0.42339161 0.116274215 0.898454189
vn -0.434233665 -0.0768859684 0.897513032
vn -0.49645108 -0.213352367 0.841437519
vn -0.91510427 0.30808112 0.260135025
vn -0.875544548 0.471342415 0.106104031
vn -0.937508523 0.160177931 0.308902413
vn -0.956545889 0.0164816994 0.291115642
vn -0.955069244 -0.166838735 0.244964615
vn -0.971831441 0.131834045 -0.195354894
vn -0.944188416 0.214359462 -0.250116557
vn -0.977894187 0.0867324322 -0.190263972
vn -0.979596138 0.00959436502 -0.200747192
vn -0.968674541 -0.164672837 -0.185882881
vn -0.683780789 0.0951301455 -0.72345984
vn -0.971831441 0.131834045 -0.195354894
vn -0.944188416 0.214359462 -0.250116557
vn -0.697588623 0.0325431116 -0.715759099
vn 0.289347976 -0.0344561934 -0.956603587
vn 0.313514739 -0.0272476394 -0.949192226
vn 0.944360375 -0.0627030656 -0.322880268
vn -0.686243176 -0.0589895211 -0.724976182
vn -0.977894187 0.0867324322 -0.190263972
vn 0.898770213 -0.0742351636 -0.432089418
vn 0.954097867 -0.0821948424 0.28799504
vn 0.977141261 -0.0999250188 0.18764317
vn 0.132979497 -0.214308962 -0.967671514
vn 0.840035021 -0.225160509 -0.493603021
vn 0.78256005 -0.37256071 -0.49879691
vn 0.983785629 -0.169602185 0.0583170801
vn 0.955433965 -0.283800781 0.0812591016
vn 0.919599712 -0.392856717 -0.000240057125
vn 0.716377139 -0.47096023 -0.514781713
vn 0.121128395 -0.399071544 -0.90888387
vn 0.175996646 -0.336916596 -0.924939156
vn -0.617005825 -0.249600604 -0.746326625
vn -0.592568576 -0.147447929 -0.791910112
vn -0.968674541 -0.164672837 -0.185882881
vn -0.979596138 0.00959436502 -0.200747192
vn 0.908175886 0.417981029 0.0225473046
vn 0.753658652 0.439139962 0.489034534
vn 0.90773952 0.4184452 0.0302091893
vn 0.746742725 0.441116631 0.497786582
vn 0.498090863 0.536235213 0.681437671
vn 0.564369142 0.511438072 0.648011267
vn -0.23393999 0.710553765 0.663615406
vn -0.218269229 0.710288465 0.669215143
vn -0.70805639 0.676374555 0.202912629
vn -0.708682418 0.676233351 0.201190412
vn -0.674720645 0.684469283 -0.276140928
vn -0.722748756 0.666413188 -0.183105499
vn 0.690809846 0.556726515 -0.46134305
vn 0.908175886 0.417981029 0.0225473046
vn 0.90773952 0.4184452 0.0302091893
vn 0.74960798 0.529087007 -0.397686809
vn 0.105602331 0.705026805 -0.701274097
vn 0.0912504345 0.707633972 -0.700662136
vn -0.396899402 0.734072149 -0.551007211
vn -0.318121195 0.738017797 -0.595086992
vn -0.722748756 0.666413188 -0.183105499
vn -0.674720645 0.684469283 -0.276140928
vn -0 -0.333117515 -0.94288528
vn 0.0595004074 0.0787826851 -0.995114565
vn -0 0.0116344038 -0.999932289
vn 0.0225962121 -0.0638450533 -0.997703969
vn 0.621562541 0.176667765 -0.763183117
vn 0.622402906 0.103107512 -0.775875866
vn 0.978969753 0.110597298 -0.171424881
vn 0.970490575 0.204953596 -0.127051041
vn 0.965783596 0.0872050896 -0.244248658
vn 0.59751904 0.0502296016 -0.800279915
vn 0.961326063 0.100519538 -0.256413668
vn -0.0478649512 -0.0986404717 -0.993971288
vn 0.610935926 0.0744370371 -0.788172841
vn 0.547894895 0.062635392 -0.834199071
vn 0.954856813 0.111207768 -0.275465757
vn 0.558845341 0.20160386 -0.804392815
vn 0.981921434 0.108906522 -0.154821247
vn 0.549571872 0.078522481 -0.831748128
vn 0.956666291 -0.205883801 -0.205916062
vn 0.499250054 -0.293837458 -0.815112829
vn 0.785714447 -0.593457758 -0.174529955
vn 0.0211623739 -0.262852758 -0.964603841
vn 0.0475256443 0.125079751 -0.991007745
vn 0.106192544 0.145982668 -0.983571172
vn -0.718970656 0.0273085441 -0.694503784
vn -0.749533057 -0.128291145 -0.649416447
vn -0.609250546 -0.575600743 -0.545433402
vn 0.0234696567 0.0283050165 -0.999323726
vn -0.961378694 -0.268992156 0.0582610518
vn -0.772309422 -0.633842707 0.0422071852
vn -0.996962726 -0.0466776863 0.0623422004
vn -0.988598704 -0.14321138 0.0465097204
vn -0.741466939 0.0161465909 -0.670795023
vn -0.984264433 -0.160487935 0.0739406943
vn -0.0568131022 0.0200559329 -0.99818331
vn -0.809864938 -0.0895834565 -0.579735816
vn -0.802537501 -0.236750484 -0.547615588
vn -0.971001506 -0.22735399 0.0739347115
vn -0.96448344 -0.260026872 0.0464531183
vn 0.890911996 0.0588154644 0.450351626
vn 0.970490575 0.204953596 -0.127051041
vn 0.978969753 0.110597298 -0.171424881
vn 0.932146966 -0.012901064 0.361849964
vn 0.965783596 0.0872050896 -0.244248658
vn 0.306415498 -0.37319088 0.875692964
vn 0.903527737 -0.0695049539 0.422855616
vn 0.961326063 0.100519538 -0.256413668
vn 0.351778895 -0.363314092 0.862701833
vn -0.257874101 -0.606514275 0.752091289
vn -0.0766166225 -0.625815153 0.776199341
vn -0 -0.768856049 0.63942194
vn -0 -0.907862127 0.419268817
vn -0.393405706 -0.901505113 0.180334404
vn 0.259526253 -0.350455642 0.899903893
vn -0.425672829 -0.417153329 0.802985489
vn -0.759073794 -0.561919212 0.328715324
vn -0.96448344 -0.260026872 0.0464531183
vn -0.971001506 -0.22735399 0.0739347115
vn -0.794577122 -0.337613165 0.504643083
vn -0.984264433 -0.160487935 0.0739406943
vn -0.816612184 -0.281805813 0.50371623
vn -0.484367281 -0.325275391 0.812147856
vn 0.201492712 -0.229236931 0.952287376
vn -0.777624726 -0.271685779 0.566997886
vn -0.988598704 -0.14321138 0.0465097204
vn -0.589830399 -0.265175164 0.762746572
vn -0.782800317 -0.105769999 0.613218129
vn -0.996962726 -0.0466776863 0.0623422004
vn 0.926465034 0.00280846027 0.376370579
vn 0.861482441 -0.0137906745 0.50759995
vn 0.954856813 0.111207768 -0.275465757
vn 0.16678381 -0.170960397 0.971059144
vn 0.870006144 -0.033345893 0.491911858
vn 0.981921434 0.108906522 -0.154821247
vn 0.956666291 -0.205883801 -0.205916062
vn -0.653560936 -0.141375437 0.743552983
vn 0.188558817 -0.141215235 0.971855879
vn 0.880120754 -0.249986544 0.403601319
vn 0.785714447 -0.593457758 -0.174529955
vn 0.767733812 -0.594778776 0.238375619
vn 0.334971517 -0.222519621 0.915575802
vn 0.369617671 -0.601411939 0.708298266
vn -0.602633059 -0.125522494 0.788084686
vn -0.50865376 -0.477074504 0.71670872
vn -0.770141959 -0.119893529 0.626503706
vn -0.663447559 -0.475093752 0.578033924
vn -0.961378694 -0.268992156 0.0582610518
vn -0.772309422 -0.633842707 0.0422071852
vn -0.880047023 -0.00141656783 0.47488445
vn -0.954097867 -0.0821948946 0.28799504
vn -0.977141261 -0.0999250934 0.18764317
vn -0.876749158 -0.000843741465 0.480947226
vn -0.629792392 0.523783326 0.573596179
vn -0.821852267 -0.0951619372 0.561696649
vn -0.983785629 -0.169602126 0.0583170615
vn -0.604185522 0.21447143 0.767438471
vn 0.403317064 0.547939062 0.732869864
vn -0.530277133 -0.0329608992 0.847183347
vn -0.779246926 -0.182902887 0.59943372
vn -0.955433965 -0.283800751 0.0812590867
vn 0.373288393 0.484850168 0.790933609
vn -0.526239932 -0.143428385 0.838152647
vn -0.779535651 -0.224926829 0.584578633
vn -0.919599712 -0.392856717 -0.000240154724
vn -0.552929759 -0.176430464 0.814334691
vn 0.42339161 0.11627426 0.898454189
vn 0.434233665 -0.0768858716 0.897513032
vn 0.49645108 -0.213352099 0.841437519
vn 0.91510427 0.30808112 0.260135055
vn 0.875544608 0.471342176 0.106104046
vn 0.937508523 0.160177931 0.308902472
vn 0.956545889 0.0164816901 0.291115701
vn 0.955069244 -0.166838631 0.24496457
vn 0.971831441 0.13183406 -0.195354804
vn 0.944188416 0.214359388 -0.250116557
vn 0.977894187 0.086732395 -0.190263927
vn 0.979596138 0.00959430635 -0.200747132
vn 0.968674541 -0.164672896 -0.185882822
vn 0.683780849 0.0951300934 -0.72345978
vn 0.944188416 0.214359388 -0.250116557
vn 0.971831441 0.13183406 -0.195354804
vn 0.697588623 0.0325431116 -0.715759039
vn -0.289347947 -0.0344562456 -0.956603587
vn -0.313514739 -0.0272476673 -0.949192345
vn -0.944360495 -0.0627031401 -0.322880238
vn 0.686243176 -0.058989536 -0.724976182
vn 0.977894187 0.086732395 -0.190263927
vn -0.898770094 -0.0742352158 -0.432089418
vn -0.954097867 -0.0821948946 0.28799504
vn -0.977141261 -0.0999250934 0.18764317
vn -0.132979497 -0.214308962 -0.967671514
vn -0.840035021 -0.22516048 -0.493603021
vn -0.78256005 -0.37256071 -0.498796791
vn -0.983785629 -0.169602126 0.0583170615
vn -0.955433965 -0.283800751 0.0812590867
vn -0.919599712 -0.392856717 -0.000240154724
vn -0.716377079 -0.470960319 -0.514781833
vn -0.12112844 -0.399071544 -0.90888387
vn -0.175996691 -0.336916596 -0.924939156
vn 0.617005825 -0.249600604 -0.746326447
vn 0.592568576 -0.147447929 -0.791910052
vn 0.968674541 -0.164672896 -0.185882822
vn 0.979596138 0.00959430635 -0.200747132
vn -0.908175945 0.417980939 0.0225475002
vn -0.90773952 0.41844511 0.0302093923
vn -0.753658354 0.439139992 0.489034832
vn -0.746742487 0.441116661 0.49778682
vn -0.498090863 0.536234975 0.68143791
vn -0.564369142 0.511437893 0.648011386
vn 0.233940363 0.710553825 0.663615227
vn 0.218269587 0.710288525 0.669214964
vn 0.708056569 0.676374495 0.202912524
vn 0.708682597 0.676233232 0.201190293
vn 0.674720883 0.684469163 -0.276140898
vn 0.722748995 0.66641295 -0.183105528
vn -0.690809965 0.556726396 -0.46134308
vn -0.90773952 0.41844511 0.0302093923
vn -0.908175945 0.417980939 0.0225475002
vn -0.749608099 0.529086828 -0.397686809
vn -0.105602168 0.705026984 -0.701273859
vn -0.0912503004 0.707634151 -0.700662017
vn 0.396899402 0.734072268 -0.551006973
vn 0.318121254 0.738018036 -0.595086813
vn 0.722748995 0.66641295 -0.183105528
vn 0.674720883 0.684469163 -0.276140898
vn 0.760345042 0.323130995 0.563437402
vn 0.0493744351 0.636511743 0.76968497
vn -0.286704302 -0.718232036 -0.633990109
vn -0.0865084603 -0.378756374 -0.921444535
vn 0.050379537 -0.857240021 -0.512446582
vn 0.54338491 -0.546046793 -0.637625098
vn 0.681141078 -0.333865374 -0.651598632
vn 0.0448060222 -0.228939816 -0.972408772
vn 0.619019389 -0.0588016622 -0.783171356
vn -0.0398715697 -0.0624193177 -0.997253239
vn 0.446705103 0.324395478 -0.833799899
vn -0.17837511 0.0649897605 -0.981814027
vn -0.408872753 0.797275245 -0.444044292
vn -0.0531396978 0.864711165 -0.499450535
vn -0.237296417 0.793118417 -0.560939908
vn 0.0328060053 0.339552283 0.940014958
vn 0.00632709777 0.935135722 -0.354233295
vn -0.794396341 0.145409957 0.589737475
vn -0.000329284434 0.854819417 -0.518925488
vn 0.00758150965 0.444217116 -0.895887136
vn 0.195242703 0.77481091 -0.601288915
vn -0.619953632 0.47370708 -0.625507116
vn -0.269010097 0.96240294 -0.0376065522
vn -0.0213581473 -0.0573000573 -0.998128474
vn -0.584795415 -0.0891026035 -0.806272328
vn 0.0348588526 -0.311981112 -0.949448586
vn -0.520480514 -0.491829187 -0.698000073
vn 0.211727351 -0.485959798 -0.847947299
vn -0.342111796 -0.742920518 -0.575351
vn 0.018453531 -0.953682244 -0.300249428
vn 0.456220567 -0.739359021 -0.495187849
vn -0.0491921529 0.644561172 0.76296854
vn -0.970896423 0.175978988 0.162454993
vn -0.964468002 0.158661366 0.211253405
vn -0.952914774 0.136694863 0.270680517
vn -0.984650433 0.173759282 0.0164729059
vn -0.982419729 0.163218036 -0.0906169713
vn -0.913772702 0.33364749 -0.231729984
vn -0.923039734 0.312686771 -0.224108607
vn -0.762050509 0.562415719 -0.320885599
vn -0.761691809 0.560388565 -0.325254232
vn -0.756436169 0.5366956 -0.373847723
vn -0.842921913 -0.402182788 -0.357395619
vn -0.314237803 -0.896626413 -0.311954677
vn -0.0784577653 -0.984904885 -0.154294744
vn -0.399537206 -0.591659486 -0.700220704
vn -0.959536731 0.195088834 -0.203050584
vn -0.0526036881 -0.992204189 -0.112976745
vn -0.708490968 -0.112475179 -0.696699262
vn -0.418686092 0.895330191 0.151940659
vn -0.303251296 0.944575548 -0.125760779
vn -0.155037075 -0.713168859 -0.683632731
vn -0.294243962 -0.190952435 -0.936460197
vn -0.105416551 0.933094919 -0.343833238
vn -0.107295536 -0.549545407 -0.828545511
vn -0.0876144916 0.0432050973 -0.995217085
vn 0.0238971077 0.885999978 -0.463069111
vn -0.147484362 -0.5078457 -0.848729074
vn -0.107454196 -0.968929052 -0.222778007
vn -0.0410706066 -0.949445367 -0.311234087
vn -0.117417976 0.102115005 -0.987818599
vn 0.00291545852 0.879998744 -0.474967092
vn -0.135957837 -0.399422288 -0.906629622
vn -0.103373125 0.183833688 -0.977506638
vn -0.015519443 0.883610725 -0.467964947
vn 0.0748435706 -0.596694589 -0.79897058
vn 0.212717533 0.0293665286 -0.976672292
vn 0.119008526 0.917241991 -0.380137116
vn 0.686369419 0.0859458148 -0.722156763
vn 0.353713125 0.925349951 -0.136435568
vn 0.44931078 0.879121602 0.158949852
vn 0.936680496 0.319132745 -0.144166172
vn 0.356830776 -0.512603521 -0.780966938
vn 0.107560463 -0.938828588 -0.327156931
vn 0.783260167 -0.471838355 -0.404811293
vn 0.255044907 -0.914311528 -0.31462124
vn 0.992177427 0.0997507796 -0.0750578418
vn 0.978944421 -0.174963325 -0.105145425
vn 0.636014342 -0.411196023 -0.652995884
vn 0.482884407 -0.106878176 -0.869137347
vn 0.981286347 0.191134155 -0.0233377758
vn 0.259308755 -0.0603623278 -0.963906348
vn 0.888596535 0.101905227 -0.447226524
vn 0.979581594 0.199258968 -0.0267535988
vn 0.844751596 0.0302161761 -0.534304976
vn 0.994222462 -0.00563134393 -0.10719116
vn 0.381938219 0.0692086145 -0.921592832
vn 0.806906164 -0.199521109 -0.555961907
vn 0.908931613 -0.380367994 -0.170773387
vn 0.636659741 -0.620846033 -0.457399786
vn 0.18601647 -0.883043528 -0.430850297
vn 0.438305557 -0.13624306 -0.888440192
vn 0.375580788 -0.437608331 -0.816968739
vn 0.144144356 -0.580195248 -0.801620781
vn -0.0664029047 -0.974841654 -0.212777749
vn 0.0555615611 0.109862313 -0.992392659
vn 0.115737334 -0.109364606 -0.987240732
vn -0.083762221 0.0983162746 -0.991623819
vn -0.0899564773 -0.563214719 -0.82139951
vn -0.132649675 -0.961187482 -0.241914377
vn 0.0482426956 0.0475346446 -0.997703969
vn -0.0690199435 -0.0340204947 -0.997035027
vn -0.249711707 -0.544616044 -0.800648093
vn -0.142278239 -0.924830258 -0.352768987
vn -0.251802266 -0.0407543406 -0.966920197
vn -0.350948215 -0.538634717 -0.765968621
vn -0.170672998 -0.86685431 -0.468438178
vn -0.417879701 -0.0976675078 -0.903237224
vn -0.756034434 -0.31238386 -0.575176775
vn -0.558509886 -0.739782512 -0.375217915
vn -0.885008335 -0.443577737 -0.141418561
vn -0.997504294 0.0140982764 -0.0691848472
vn -0.980727673 0.195013106 -0.0119669493
vn -0.807562351 -0.0104962075 -0.589688778
vn -0.185964286 0.0114630824 -0.982489586
vn -0.874014437 0.0370669775 -0.484483927
vn -0.987019539 0.159984186 0.0140557364
vn -0.994538009 0.103898272 -0.00997151993
vn -0.457962543 -0.163773417 -0.873755455
vn -0.737732291 -0.313619792 -0.597824097
vn -0.994351745 -0.106134772 -0.00017935285
vn -0.330061615 0.0230798703 -0.943677187
vn -0.334757656 -0.0802100003 -0.938884258
vn -0.0572347306 -0.0669808984 -0.996111333
vn -0.0161927063 0.01284598 -0.999786437
vn -0.0175329074 0.0358754545 -0.99920243
vn -0.172096163 0.00855905097 -0.98504293
vn -0.182564452 0.48382017 -0.855913758
vn -0.309947014 0.397390753 -0.863720655
vn -0.499055326 0.703499317 -0.505996585
vn 0.0508654006 0.0383466817 -0.997968972
vn -0 0.0784447417 -0.99691844
vn 0.193404093 -0.00053350348 -0.981119037
vn 0.173786595 0.477606714 -0.86121428
vn 0.285933256 0.383385837 -0.878212631
vn 0.52253747 0.673778594 -0.522472084
vn -0 0.380936533 -0.924601197
vn -0 0.624153674 -0.781301677
vn -0.459604144 0.780329704 -0.424086869
vn -0.565545082 0.80034548 0.199012563
vn -0.61433357 0.780411005 0.116417572
vn -0.482425153 0.662155747 0.573424637
vn -0.590592027 0.530236304 0.608317852
vn -0.65499562 0.514378846 0.553529739
vn -0.711621642 0.688047051 0.142076701
vn -0.523517668 0.752433896 -0.399715334
vn -0.231054395 0.689687788 -0.686254025
vn -0.976982117 0.188292488 0.100259095
vn -0.858767629 0.0823582113 0.505702734
vn -0.795199275 0.281601578 -0.536990464
vn -0.425086766 0.313961893 -0.848957598
vn -0 0.327801108 -0.944746673
vn -0.638263762 0.0351172164 0.769016445
vn 0.215180486 0.689939022 -0.691145062
vn 0.425087482 0.313962102 -0.848957181
vn 0.468426794 0.77497828 -0.42424643
vn 0.795200229 0.281601638 -0.536988795
vn 0.971021235 0.22374016 0.0840122551
vn 0.46517539 0.770019531 -0.436671227
vn 0.668755591 0.733277202 0.122762702
vn 0.83059597 0.15818806 0.533935308
vn 0.547379315 0.546807945 0.633543193
vn 0.538413584 0.125277743 0.833316505
vn 0.575167477 0.793024004 0.200736836
vn 0.657744884 0.741870284 0.130384147
vn 0.495772958 0.652835846 0.572725654
vn 0.685660899 0.506832182 0.52248472
vn 0.760345042 0.323130995 0.563437402
vn 0.0328060053 0.339552283 0.940014958
vn 0.0104410779 -0.0662530214 0.997748196
vn -0.794396341 0.145409957 0.589737475
vn 0.0493744351 0.636511743 0.76968497
vn -0.0491921529 0.644561172 0.76296854
vn 0.357670575 0.60213691 0.713794708
vn 0.385231405 0.536602259 0.750769496
vn 0.739905834 0.335064769 0.583327472
vn 0.839947164 0.132569015 0.526226461
vn 0.916392386 0.0154876858 0.399981529
vn 0.971588194 -0.0678771809 0.226735637
vn -0.389547735 0.574561954 0.719813347
vn -0.436478913 0.512253284 0.739650428
vn 0.0843804553 0.575514257 0.813426912
vn -0.016420668 0.60934186 0.792737603
vn -0.148685589 0.564778566 0.811737478
vn 0.9588539 0.0501018986 0.27944392
vn 0.978944421 -0.174963325 -0.105145425
vn 0.992177427 0.0997507796 -0.0750578418
vn 0.981286347 0.191134155 -0.0233377758
vn 0.939402282 0.227319047 0.256611407
vn 0.979581594 0.199258968 -0.0267535988
vn -0.0187155642 0.571416497 0.820446789
vn -0.0147765437 0.417587042 0.908516765
vn -0.181833744 0.433739573 0.882500172
vn 0.964962065 0.0900695324 0.246446371
vn 0.142406672 0.402661264 0.904203594
vn 0.490946829 0.333745539 0.80472672
vn 0.838870645 0.190974578 0.50973016
vn 0.945987761 0.239784285 0.218198434
vn 0.572873473 0.253269434 0.779532313
vn 0.230525538 0.299500674 0.925827861
vn 0.932095647 0.277343988 0.232976556
vn 0.991424143 0.0781469643 0.104743376
vn 0.994222462 -0.00563134393 -0.10719116
vn 0.964738309 -0.259092569 -0.046377968
vn 0.908931613 -0.380367994 -0.170773387
vn 0.950988948 -0.266773343 0.156371474
vn 0.925266027 0.330450356 0.186240152
vn 0.951244295 0.254402757 0.174394801
vn 0.909532189 -0.208245948 0.359701186
vn 0.671584725 -0.451083958 0.587790012
vn 0.846670508 0.273770452 0.45628801
vn 0.702232003 -0.175101951 0.690079331
vn 0.292137802 -0.485002398 0.824274361
vn 0.851871848 0.274192512 0.446242929
vn 0.604703784 0.232667595 0.761708021
vn 0.312145948 -0.150014579 0.938115358
vn -0.0131842447 -0.49018684 0.871517599
vn 0.589431822 0.275892764 0.759245276
vn 0.282425642 0.256379187 0.924394667
vn -0.0233579874 0.221275792 0.974931479
vn 0.298228115 0.21940726 0.92893517
vn -0.0277051367 -0.134424344 0.990536511
vn -0.300589174 -0.410252452 0.861010492
vn -0.0132149626 0.306749642 0.951698422
vn -0.208652154 0.300700635 0.930614531
vn -0.0343867503 0.203846514 0.97839874
vn -0.347682863 -0.0612711534 0.935608089
vn -0.646548867 -0.350798488 0.677432537
vn -0.302615434 0.19925715 0.932051718
vn -0.533891082 0.196110919 0.822496712
vn -0.255905658 0.200769559 0.945623577
vn -0.573029757 0.284897268 0.768420756
vn -0.643784642 -0.0561965108 0.76314038
vn -0.81517303 -0.189289182 0.547414541
vn -0.820464492 -0.352965087 0.449726224
vn -0.673075557 0.187078238 0.715521514
vn -0.688684404 0.22958906 0.68775183
vn -0.536949515 0.203832373 0.818619311
vn -0.787323415 0.254859954 0.561398447
vn -0.545130312 0.379789561 0.747390628
vn -0.845172286 0.164172873 0.508656204
vn -0.722786546 0.321249098 0.611864865
vn -0.878362358 0.0410968065 0.476225376
vn -0.965672553 -0.0633343235 0.251923442
vn -0.959216356 0.0632975549 0.275494784
vn -0.940937161 0.157992646 0.299458742
vn -0.994351745 -0.106134772 -0.00017935285
vn -0.994538009 0.103898272 -0.00997151993
vn -0.936209023 0.186989754 0.297569513
vn -0.987019539 0.159984186 0.0140557364
vn -0.95206666 0.190325186 0.239469141
vn -0.980727673 0.195013106 -0.0119669493
vn -0.911742389 0.268544823 0.310820848
vn -0.929732382 0.266459882 0.254159153
vn -0.997504294 0.0140982764 -0.0691848472
vn -0.965967536 0.168415233 0.196323812
vn -0.917584598 0.269062608 0.292649388
vn -0.982455492 -0.0952183381 0.160358146
vn -0.976162434 -0.21020852 0.0540313274
vn -0.885008335 -0.443577737 -0.141418561
vn -0.303842157 0.291377187 -0.907071888
vn 0.0281501096 -0.282048166 0.958987176
vn -0.0220394768 0.291242957 -0.956395149
vn 0.372476608 -0.258349001 0.891356826
vn -0.575252235 -0.296021163 -0.76253289
vn 0.314582616 -0.582109153 0.749791086
vn 0.0318669379 -0.561704397 0.826723993
vn 0.326146752 -0.302304178 0.895678699
vn 0.0826138332 -0.313266844 0.946065009
vn 0.111562192 -0.160901099 0.980645001
vn 0.319305688 -0.150048971 0.935697138
vn 0.502442658 -0.0597277731 0.862545073
vn 0.418152034 0.13598977 0.898140132
vn 0.647514045 -0.395160258 0.651593328
vn 0.879748821 0.154894367 0.449499398
vn 0.759254813 0.249198571 0.601192296
vn 0.750980854 -0.146343261 0.643903315
vn 0.913658559 -0.111610457 0.390859574
vn 0.720896423 -0.645751655 -0.251621008
vn 0.913764775 -0.000400150282 0.406243414
vn 0.987885475 -0.104013398 0.115166627
vn 0.934205413 -0.103506066 0.341389477
vn 0.945245326 -0.292101383 -0.145560756
vn 0.954004884 0.24112463 -0.17813921
vn 0.939153075 0.276453286 -0.203875437
vn 0.542775452 0.327370763 -0.773449004
vn 0.95824641 0.184536293 -0.218426362
vn 0.825488687 -0.00594681595 -0.564387381
vn 0.911479354 -0.193205819 -0.363148451
vn 0.565474689 0.291748822 -0.771440804
vn -0.118665881 0.129529893 -0.984449327
vn 0.460876554 0.180996746 -0.86881125
vn 0.51657629 0.145109609 -0.8438555
vn 0.56705606 0.21120134 -0.796141565
vn 0.0340697914 0.275799036 -0.960611403
vn -0.059603855 0.18577221 -0.980783403
vn -0.187083781 0.0167112462 -0.982201755
vn 0.0650018454 0.293451339 -0.953761518
vn 0.0739503279 0.281024218 -0.95684725
vn -0.116513841 0.282437682 -0.952183485
vn -0.110114023 0.382179826 -0.917503893
vn -0.213472292 0.320362806 -0.922928631
vn -0.159270123 0.114150241 -0.98061347
vn -0.228735745 0.271266311 -0.934930325
vn -0.576367557 0.10885337 -0.809908271
vn -0.125825942 0.235325038 -0.963737488
vn -0.187320381 0.172133803 -0.967099309
vn -0.138187528 0.0920537785 -0.986118793
vn -0.22827065 0.237921238 -0.944079399
vn -0.521150231 0.133925319 -0.842891693
vn -0.888468266 -0.15008764 -0.433702469
vn -0.608496428 0.256981015 -0.750794828
vn -0.59660989 0.269462138 -0.755941033
vn -0.842828333 -0.0583429374 -0.535010636
vn -0.928460598 -0.36462459 -0.0707799345
vn -0.612653136 0.178906724 -0.769836783
vn -0.952490091 0.279458433 -0.12110097
vn -0.950726271 0.267862409 -0.156106189
vn -0.777688622 0.206027001 0.593930423
vn -0.963405192 0.17420277 -0.203724757
vn -0.953983009 -0.258108169 0.152632594
vn -0.878135681 -0.242642477 0.412313402
vn -0.835322142 -0.527297676 -0.155544862
vn -0.843997121 0.220006719 0.48914817
vn -0.394097388 0.124296769 0.910624862
vn -0.899537504 -0.0130336722 0.436649084
vn -0.899874032 -0.240358993 0.363942742
vn -0.721600413 -0.227858901 0.653737843
vn 0.580558717 0.175183207 -0.795149386
vn -0.468944728 0.0228852797 0.882930994
vn -0.158910006 -0.0840230882 0.983711183
vn -0.62965548 -0.351212204 0.69295311
vn -0.322076619 -0.270095408 0.90736711
vn 0.350087553 0.36136654 -0.864206493
vn -0.203307018 -0.220020548 0.954074025
vn 0.111562192 -0.160901099 0.980645001
vn 0.0826138332 -0.313266844 0.946065009
vn 0.0318669379 -0.561704397 0.826723993
vn -0.268295586 -0.547692597 0.792496264
vn 0.0281501096 -0.282048166 0.958987176
vn -0.0220394768 0.291242957 -0.956395149
vn 0.258018464 0.313004017 -0.914032161
vn 0.27880916 0.192478433 -0.940859973
vn 0.105506711 0.31258449 -0.944012344
vn 0.330035537 0.221702889 -0.917564452
vn 0.474300474 0.123620018 -0.871640503
vn 0.406113029 0.255110681 -0.877491236
vn 0.390724242 0.144766673 -0.909052968
vn 0.632996857 0.204097256 -0.746765971
vn 0.377106845 0.224824756 -0.898467779
vn 0.40705803 0.167750269 -0.89786613
vn 0.710694194 0.0982646048 -0.69660449
vn 0.137881204 0.190404654 -0.971974671
vn 0.143083081 0.255696058 -0.956110239
vn 0.337172568 0.158993959 -0.927920043
vn 0.438046098 0.201404825 -0.876100302
vn 0.720053673 -0.089189522 -0.688162744
vn 0.300832242 0.125245526 -0.945417166
vn -0.281691909 0.197105914 -0.939041495
vn -0.238984957 0.287544161 -0.927472115
vn -0.500858068 0.250922352 -0.828359365
vn 0.0673813224 0.125556171 -0.989795625
vn -0.289015442 0.112167343 -0.950730503
vn -0.57009846 0.153454334 -0.807117999
vn -0.573114276 0.201652065 -0.79427731
vn -0.624958992 0.128081098 -0.770078897
vn -0.612158597 0.110947967 -0.78291285
vn -0.708483875 0.100542732 -0.69852829
vn -0.765778244 0.125316083 -0.630777061
vn -0.263104707 0.106958471 -0.958820045
vn -0.621024966 0.131764978 -0.772635698
vn -0.798959076 0.113662772 -0.59054637
vn -0.642899036 0.138578624 -0.753310621
vn -0.81453234 0.0423333496 -0.578571379
vn 0.00865718164 0.102185138 -0.994727671
vn -0.262256414 0.178167835 -0.948408008
vn -0.664785564 0.0843394026 -0.742258132
vn 0.246295527 0.195677087 -0.949236095
vn -0.674417853 -0.107178241 -0.730529487
vn -0.782512546 -0.151757583 -0.603857279
vn -0.28015992 0.173669338 -0.944112957
vn -0.0112644387 0.186843559 -0.982325077
vn 0.487940729 0.025731219 -0.87249738
vn -0.575252235 -0.296021163 -0.76253289
vn 0.720896423 -0.645751655 -0.251621008
vn -0.33080551 0.0480366312 -0.942475498
vn -0.303842157 0.291377187 -0.907071888
vn -0.0220394768 0.291242957 -0.956395149
vn -0.0622637942 0.204183266 -0.976950645
vn 0.254787832 0.161473259 -0.953419924
vn -0.0442102738 0.103369355 -0.993660033
vn 0.350087553 0.36136654 -0.864206493
vn 0.309866488 0.0633482933 -0.948667347
vn 0.593191564 -0.0133605655 -0.804950476
vn 0.580558717 0.175183207 -0.795149386
vn 0.736498475 -0.0174163058 -0.676214933
vn -0.835322142 -0.527297676 -0.155544862
vn 0.640773654 -0.333340764 0.691587329
vn 0.275824398 -0.883418679 -0.378803968
vn -0.0148258507 -0.979349017 -0.201632589
vn 0.471723825 -0.363352418 0.803400099
vn -0.0938908607 -0.9669016 -0.237246484
vn 0.218150198 -0.40805313 0.886511803
vn -0.179230124 -0.960846961 -0.211304501
vn -0.136599556 -0.344344765 0.928852618
vn -0.0992221013 -0.969017267 -0.226186916
vn -0.429766208 -0.382346511 0.817992747
vn 0.0407238305 -0.973074436 -0.226864845
vn -0.131482124 -0.148962483 0.980062544
vn 0.273514211 -0.154692978 0.949347138
vn 0.552873909 -0.115020752 0.825288177
vn -0.227059826 -0.455725282 0.860673189
vn -0.67341876 -0.710542619 -0.20404993
vn -0.350314736 -0.464635402 0.813261032
vn 0.703822076 -0.0844353214 0.705340564
vn 0.275824398 -0.883418679 -0.378803968
vn 0.901139736 0.083973296 -0.425318211
vn 0.773416579 -0.0700656697 0.630014002
vn 0.913580239 0.0910970941 -0.396323651
vn 0.596995473 -0.0932517946 0.796806455
vn 0.819692373 -0.116139576 0.56090641
vn 0.879195571 0.0765235871 -0.47027576
vn 0.283153951 -0.0962724835 0.954230309
vn 0.847008705 -0.109163634 0.520249605
vn 0.925759733 0.0522966087 -0.37447831
vn 0.853220165 -0.0709247068 0.51670599
vn 0.919056594 -0.00692316052 -0.394064873
vn 0.820368469 -0.217406243 -0.528895199
vn 0.604558468 -0.140258178 0.784115195
vn 0.251074046 -0.128221333 0.959437966
vn 0.61569649 -0.14942731 0.773685515
vn -0.0735414103 -0.115600713 0.990569592
vn 0.868084788 0.0296511557 0.495529711
vn 0.720896423 -0.645751655 -0.251621008
vn 0.934205413 -0.103506066 0.341389477
vn 0.722557783 0.0224872362 0.690944791
vn 0.67552942 -0.0289834458 0.736763179
vn 0.619910181 -0.118194848 0.775719821
vn 0.297361225 -0.163283184 0.9406991
vn 0.326446921 -0.201737076 0.923436284
vn 0.0131695597 -0.197213799 0.980271995
vn 0.0048194807 -0.25256449 0.96756804
vn -0.324883431 -0.23134391 0.917022765
vn 0.257505029 -0.176411375 0.950037003
vn 0.235450953 -0.172974721 0.95636946
vn 0.0143615995 -0.199631438 0.979765832
vn -0.0159635339 -0.170536786 0.985222042
vn -0.218006581 -0.158844292 0.962933838
vn -0.281207561 -0.16428791 0.945479691
vn -0.0204423182 -0.12126153 0.992410064
vn -0.624111474 -0.0869361684 0.776483774
vn -0.67552352 -0.160248473 0.719714105
vn -0.515799463 -0.0315683559 0.856127501
vn -0.219777897 -0.186667427 0.957524419
vn -0.281712979 -0.152074501 0.947370648
vn -0.851027668 -0.0793259963 0.519094706
vn -0.878135681 -0.242642477 0.412313402
vn -0.835322142 -0.527297676 -0.155544862
vn -0.941878378 -0.142137617 -0.304404259
vn -0.806230247 0.0150925564 0.591409326
vn -0.930457532 -0.131423935 -0.342018306
vn -0.435001135 -0.173305109 0.883594513
vn -0.754749298 -0.109612666 0.646790981
vn -0.951228023 -0.0527133346 -0.303951472
vn -0.348590165 -0.163790613 0.922852993
vn -0.42652759 -0.190292433 0.884230196
vn -0.715175867 -0.181563109 0.674950659
vn -0.974851966 -0.0133716566 -0.222451732
vn -0.399113506 -0.159880966 0.902854621
vn -0.352882236 -0.156048134 0.922563314
vn -0.613864064 -0.120934434 0.780093372
vn -0.988031268 -0.0125289019 -0.153743729
vn -0.281978726 -0.17090255 0.944076419
vn -0.444975287 -0.142476737 0.884136558
vn -0.994961977 0.00133698434 -0.100244097
vn -0.67341876 -0.710542619 -0.20404993
vn -0.013897595 -0.992494702 0.121495016
vn 0.16648607 -0.921324909 0.351344198
vn -0.00550918747 -0.992468536 0.122376256
vn 0.163634941 -0.927679658 0.335610151
vn 0.325268954 -0.631333411 0.704001546
vn 0.474425673 -0.551726639 0.685943067
vn 0.574713767 -0.807784259 0.131105646
vn 0.582481861 -0.794159532 0.173278347
vn 0.402975798 -0.913208365 -0.0605052076
vn 0.307529986 -0.948799193 -0.0721489787
vn 0.191635445 -0.98119396 0.0231157988
vn 0.220902249 -0.9749313 -0.0266685281
vn 0.207686514 -0.977675259 0.0318949111
vn 0.197658718 -0.97950089 0.0388465822
vn 0.0400170162 -0.993840575 -0.103342377
vn 0.0491463281 -0.993776083 -0.0999685302
vn -0.310202867 -0.894047976 -0.323191106
vn -0.318674564 -0.897476614 -0.304930001
vn -0.391309977 -0.875106394 -0.284719646
vn -0.374805331 -0.877328932 -0.299691081
vn -0.454468548 -0.874192238 -0.171015158
vn -0.457518697 -0.876215816 -0.15140155
vn -0.453419954 -0.887233853 0.0850088075
vn -0.459241152 -0.888148248 0.0170383994
vn -0.283672273 -0.898470461 0.335083604
vn -0.366499335 -0.871775568 0.325093269
vn -0.169812545 -0.962968349 0.209417582
vn -0.186019748 -0.954017043 0.235049263
vn -0.013897595 -0.992494702 0.121495016
vn -0.00550918747 -0.992468536 0.122376256
vn -0.959536731 0.195088834 -0.203050584
vn -0.418686092 0.895330191 0.151940659
vn -0.491376936 0.818678439 0.297177523
vn -0.961328685 0.229373515 0.15243037
vn -0.842921913 -0.402182788 -0.357395619
vn -0.563853502 0.705487967 0.429366887
vn -0.934235811 -0.355895191 -0.0232840553
vn -0.314237803 -0.896626413 -0.311954677
vn -0.462683856 -0.860076368 -0.214923561
vn -0.42241931 -0.903549731 -0.071831435
vn -0.94315505 0.00104132947 0.332351416
vn -0.794071615 -0.574229181 0.199276403
vn -0.334442079 -0.938014448 0.0909804255
vn -0.721274853 -0.161209941 0.673627496
vn -0.48151961 0.606422186 0.632764637
vn -0.174909145 0.557546258 0.811510324
vn -0.600521028 -0.618866086 0.506339014
vn -0.284246266 -0.127711982 0.950207233
vn 0.00528922305 0.542816818 0.839834392
vn -0.28957352 -0.604289949 0.742280781
vn -0.182094529 -0.945630848 0.269488454
vn 0.000418822048 -0.119730726 0.992806315
vn 0.202996477 0.558717549 0.804131329
vn -5.16632235E-06 -0.583774924 0.811915517
vn -0.00215771468 -0.944328487 0.328996807
vn 0.17797412 -0.949472845 0.258508474
vn 0.309203267 -0.133662 0.941556036
vn 0.311546803 -0.610560119 0.728117347
vn 0.307233602 -0.948716283 0.0744641647
vn 0.763001561 -0.184703231 0.619446039
vn 0.542164505 0.614000738 0.573638141
vn 0.603186011 0.724898875 0.332698494
vn 0.617041707 -0.653175354 0.438886493
vn 0.951825678 -0.0066022086 0.306568563
vn 0.500692904 0.838335097 0.215640932
vn 0.79754889 -0.584000111 0.151194006
vn 0.351525962 -0.932242811 -0.0857489631
vn 0.944587946 0.313448787 0.0974855348
vn 0.44931078 0.879121602 0.158949852
vn 0.936680496 0.319132745 -0.144166172
vn 0.919300199 -0.375923187 -0.11648532
vn 0.339199036 -0.903850913 -0.260763288
vn 0.783260167 -0.471838355 -0.404811293
vn 0.255044907 -0.914311528 -0.31462124
vn -0.224424973 -0.252301276 0.941263676
vn 0.0959298313 -0.301072747 0.948763788
vn 0.351876676 -0.0412499234 -0.935136974
vn -0.180466637 0.0263904929 -0.983227015
vn -0.202915683 0.175146088 -0.963404953
vn 0.245569035 0.202559665 -0.947979689
vn -0.278095782 0.179422036 -0.943647444
vn 0.273263484 0.254228622 -0.927736461
vn -0.32622382 0.0586693473 -0.94347012
vn 0.294233382 0.0899831355 -0.951488197
vn -0.264887363 0.0810968354 -0.960863113
vn 0.256780565 0.0573196486 -0.964768469
vn 0.267507672 0.104872845 -0.957831502
vn -0.235545889 0.148111537 -0.96051085
vn 0.0959298313 -0.301072747 0.948763788
vn 0.245569035 0.202559665 -0.947979689
vn 0.351876676 -0.0412499234 -0.935136974
vn 0.260754228 -0.187084541 0.947104335
vn 0.273263484 0.254228622 -0.927736461
vn -0.221323505 -0.195445746 0.955414474
vn -0.224424973 -0.252301276 0.941263676
vn -0.180466637 0.0263904929 -0.983227015
vn -0.202915683 0.175146088 -0.963404953
vn -0.240136877 -0.246772945 0.938848972
vn -0.278095782 0.179422036 -0.943647444
vn 0.268871605 -0.189772829 0.944295645
vn 0.294233382 0.0899831355 -0.951488197
vn -0.292869419 -0.0972953364 0.951189339
vn -0.32622382 0.0586693473 -0.94347012
vn 0.249289915 -0.0627941564 0.966390967
vn 0.256780565 0.0573196486 -0.964768469
vn -0.283757806 -0.0515016355 0.957511961
vn -0.264887363 0.0810968354 -0.960863113
vn 0.267072827 -0.0864753351 0.95978862
vn 0.267507672 0.104872845 -0.957831502
vn 0.301541656 -0.152079001 0.941246271
vn -0.26817444 -0.105696626 0.957554579
vn -0.235545889 0.148111537 -0.96051085
vn 0.195473805 0.053467568 -0.979250312
vn -0.276887327 0.16041404 -0.947417915
vn -0.382622093 -0.0897448957 -0.919535816
vn 0.218570024 0.208715186 -0.953239202
vn -0.254558474 0.236016333 -0.937814713
vn 0.234717697 0.304742545 -0.92305994
vn -0.280516803 0.235810339 -0.930432081
vn 0.219254762 0.316019595 -0.923070371
vn -0.254558474 0.236016333 -0.937814713
vn -0.280516803 0.235810339 -0.930432081
vn -0.243990511 -0.317596108 0.916297674
vn -0.226831108 -0.310163945 0.92322582
vn -0.276887327 0.16041404 -0.947417915
vn 0.21660018 -0.249869466 0.943742275
vn -0.24122037 -0.209350914 0.94762063
vn -0.382622093 -0.0897448957 -0.919535816
vn -0.238568231 -0.337084413 0.910746574
vn 0.195473805 0.053467568 -0.979250312
vn 0.22857894 -0.257093549 0.938964546
vn 0.218570024 0.208715186 -0.953239202
vn 0.269874096 -0.181559667 0.945623577
vn 0.234717697 0.304742545 -0.92305994
vn 0.219254762 0.316019595 -0.923070371
vn 0.248533621 -0.242085606 0.937883556
vn -0.467844129 0.882161796 -0.053966783
vn -0.337736905 0.941072166 -0.0178045016
vn -0.490920246 0.866413236 0.0912431628
vn -0.0248017665 0.990031719 0.13864404
vn -0.293871164 0.954683781 0.047102619
vn 0.0661504269 0.988354445 0.137038872
vn -0.137267992 0.986075342 0.0938764066
vn 0.490434557 0.86746496 0.083538048
vn -0.136400387 0.986232102 0.0934947357
vn 0.441598058 0.896863282 0.0250497237
vn -0.0658243522 0.996117234 0.0584602728
vn 0.3140921 0.94850409 0.0410644747
vn -0.0414138846 0.995971143 -0.079538241
vn 0.280372083 0.956549942 0.0800239965
vn 0.00133976201 0.983785152 -0.179345772
vn 0.137267977 0.986075222 0.093878001
vn 0.136400357 0.986231863 0.0934963152
vn 0.0658243746 0.996117115 0.0584625341
vn 0.0414139405 0.995971143 -0.0795382932
vn -0.00133965141 0.983784199 -0.179351285
vn -0 0.984557629 -0.175060987
vn -0 0.984557629 -0.175061032
vn -0.024077028 -0.940751553 -0.338240981
vn 0.0642423034 -0.975557804 0.210142478
vn 0.0259187687 -0.93303895 -0.358840704
vn 0.0340105928 -0.941231787 -0.336044669
vn -0.0993041098 -0.991020143 0.0895414278
vn -0.968693972 -0.243957907 0.0460052006
vn 0.13125734 -0.984550893 0.115892164
vn 0.990353465 -0.114909738 0.0774315372
vn 0.949673891 -0.190695897 0.248504668
vn 0.995328784 -0.0848365277 0.046080716
vn 0.911683321 -0.136376664 0.387601465
vn 0.973248065 0.171677619 0.152692303
vn 0.278191924 -0.29951027 0.912635148
vn 0.058646515 -0.277793348 0.958849072
vn 0.980029881 -0.00933672953 0.198630959
vn 0.0342947319 0.754472852 0.655434608
vn -0.0668752119 0.91336441 0.401613265
vn 0.017116135 0.65466553 0.755724907
vn 0.00516064418 0.91780901 0.3969886
vn -0.0815559477 0.698680222 0.710770428
vn 0.0696068257 0.91216135 0.403876901
vn -0.247120127 -0.325147301 0.912803829
vn -0.953875482 0.0965643749 0.284247816
vn -0.933175445 0.308812112 0.183898732
vn -0.993908882 -0.10813465 0.0212622862
vn -0.874602556 -0.162407443 0.456830412
vn -0.928119123 -0.299296349 0.221396744
vn 0.54338491 -0.546046793 -0.637625098
vn 0.050379537 -0.857240021 -0.512446582
vn -0.0723017231 -0.809889734 0.582109094
vn -0.286704302 -0.718232036 -0.633990109
vn 0.529818475 -0.210790932 0.821498454
vn 0.681141078 -0.333865374 -0.651598632
vn -0.365922719 -0.547405303 0.752627373
vn 0.0493744351 0.636511743 0.76968497
vn 0.745636463 -0.0940715298 0.659679294
vn 0.619019389 -0.0588016622 -0.783171356
vn -0.0656917691 0.0913958326 0.993645549
vn 0.808802068 -0.0488551855 0.586048067
vn 0.446705103 0.324395478 -0.833799899
vn -0.000130053566 0.162603587 0.986691475
vn -0.0683250502 0.110520765 0.991522551
vn -0.149788544 -0.573573709 0.805342495
vn -0.0671140179 0.534077346 0.842767537
vn 0.384397 -0.0508558266 0.921766102
vn -0 -0.0121783391 0.999925852
vn -0 -0.820555687 0.571566641
vn -0.016420668 0.60934186 0.792737603
vn -0.0491921529 0.644561172 0.76296854
vn 0.0155061297 0.00209717103 0.999877572
vn 0.206904277 -0.605086029 0.768805265
vn 0.633001387 0.294341713 0.716011286
vn -0.0531396978 0.864711165 -0.499450535
vn -0.0625445917 0.0774260089 0.995034337
vn 0.00820614491 0.890348792 0.455205232
vn -0.408872753 0.797275245 -0.444044292
vn -0.32149455 0.787143409 0.526352048
vn -0.237296417 0.793118417 -0.560939908
vn -0.00626043696 0.53660357 0.843811274
vn 0.00632709777 0.935135722 -0.354233295
vn -0.000329284434 0.854819417 -0.518925488
vn -0.10910017 0.584715188 0.803868949
vn 0.195242703 0.77481091 -0.601288915
vn -0.384397238 -0.0508554354 0.921765983
vn 0.0146850944 -0.059745919 0.998105645
vn 0.46923995 -0.533740103 0.703516424
vn 0.456220567 -0.739359021 -0.495187849
vn 0.118823268 -0.720388353 0.683316767
vn 0.018453531 -0.953682244 -0.300249428
vn -0.342111796 -0.742920518 -0.575351
vn 0.0396047793 0.2146824 0.975880563
vn -0.382287413 0.0322916768 0.92347908
vn -0.520480514 -0.491829187 -0.698000073
vn -0.0501394048 0.184322387 0.981586158
vn -0.65471983 -0.132845804 0.744106114
vn -0.584795415 -0.0891026035 -0.806272328
vn -0.716875732 -0.169643402 0.676247239
vn -0.619953632 0.47370708 -0.625507116
vn 0.0526989624 -0.176711798 0.98285079
vn -0.617485464 0.114031024 0.778272867
vn -0.269010097 0.96240294 -0.0376065522
vn 0.135839716 -0.0591078475 0.988966048
vn -0.206289813 0.80167526 0.561035991
vn 0.045874428 0.96554172 0.256173372
g RodSkin_Top_Body_0
f 3/3/3 2/2/2 1/1/1
f 4/4/4 3/3/3 1/1/1
f 5/5/5 4/4/4 1/1/1
f 6/6/6 5/5/5 1/1/1
f 5/5/5 7/7/7 4/4/4
f 3/3/3 4/4/4 8/8/8
f 7/7/7 8/8/8 4/4/4
f 9/9/9 3/3/3 8/8/8
f 7/7/7 10/10/10 8/8/8
f 9/9/9 8/8/8 11/11/11
f 10/10/10 11/11/11 8/8/8
f 12/12/12 9/9/9 11/11/11
f 12/12/12 11/11/11 13/13/13
f 11/11/11 10/10/10 14/14/14
f 11/11/11 14/14/14 13/13/13
f 14/14/14 15/15/15 13/13/13
f 10/10/10 16/16/16 14/14/14
f 15/15/15 14/14/14 16/16/16
f 15/15/15 17/17/17 13/13/13
f 18/18/18 15/15/15 16/16/16
f 15/15/15 19/19/19 17/17/17
f 15/15/15 18/18/18 20/20/20
f 15/15/15 21/21/21 19/19/19
f 15/15/15 20/20/20 21/21/21
f 24/24/24 23/23/23 22/22/22
f 25/25/25 24/24/24 22/22/22
f 25/25/25 22/22/22 26/26/26
f 27/27/27 25/25/25 26/26/26
f 24/24/24 25/25/25 28/28/28
f 25/25/25 27/27/27 29/29/29
f 25/25/25 30/30/30 28/28/28
f 30/30/30 25/25/25 29/29/29
f 31/31/31 28/28/28 30/30/30
f 29/29/29 32/32/32 30/30/30
f 33/33/33 31/31/31 30/30/30
f 32/32/32 33/33/33 30/30/30
f 33/33/33 34/34/34 31/31/31
f 35/35/35 33/33/33 32/32/32
f 34/34/34 33/33/33 36/36/36
f 37/37/37 34/34/34 36/36/36
f 35/35/35 38/38/38 33/33/33
f 38/38/38 36/36/36 33/33/33
f 36/36/36 39/39/39 37/37/37
f 39/39/39 40/40/40 37/37/37
f 41/41/41 40/40/40 39/39/39
f 42/42/42 39/39/39 36/36/36
f 38/38/38 42/42/42 36/36/36
f 38/38/38 35/35/35 43/43/43
f 35/35/35 44/44/44 43/43/43
f 43/43/43 44/44/44 45/45/45
f 46/46/46 41/41/41 39/39/39
f 39/39/39 42/42/42 46/46/46
f 46/46/46 47/47/47 41/41/41
f 47/47/47 48/48/48 41/41/41
f 49/49/49 48/48/48 47/47/47
f 43/43/43 50/50/50 38/38/38
f 50/50/50 42/42/42 38/38/38
f 51/51/51 43/43/43 45/45/45
f 50/50/50 43/43/43 51/51/51
f 42/42/42 52/52/52 46/46/46
f 46/46/46 52/52/52 47/47/47
f 53/53/53 52/52/52 42/42/42
f 50/50/50 53/53/53 42/42/42
f 52/52/52 53/53/53 47/47/47
f 54/54/54 49/49/49 47/47/47
f 55/55/55 49/49/49 54/54/54
f 53/53/53 50/50/50 56/56/56
f 56/56/56 50/50/50 51/51/51
f 53/53/53 57/57/57 47/47/47
f 57/57/57 54/54/54 47/47/47
f 57/57/57 53/53/53 56/56/56
f 57/57/57 56/56/56 54/54/54
f 58/58/58 55/55/55 54/54/54
f 56/56/56 58/58/58 54/54/54
f 55/55/55 58/58/58 59/59/59
f 58/58/58 56/56/56 60/60/60
f 58/58/58 60/60/60 59/59/59
f 56/56/56 51/51/51 60/60/60
f 59/59/59 60/60/60 61/61/61
f 60/60/60 51/51/51 62/62/62
f 60/60/60 62/62/62 61/61/61
f 51/51/51 45/45/45 62/62/62
f 63/63/63 61/61/61 62/62/62
f 45/45/45 64/64/64 62/62/62
f 62/62/62 65/65/65 63/63/63
f 64/64/64 65/65/65 62/62/62
f 65/65/65 66/66/66 63/63/63
f 65/65/65 64/64/64 67/67/67
f 68/68/68 66/66/66 65/65/65
f 69/69/69 65/65/65 67/67/67
f 69/69/69 68/68/68 65/65/65
f 69/69/69 67/67/67 70/70/70
f 71/71/71 68/68/68 69/69/69
f 72/72/72 69/69/69 70/70/70
f 72/72/72 71/71/71 69/69/69
f 75/75/75 74/74/74 73/73/73
f 74/74/74 76/76/76 73/73/73
f 76/76/76 77/77/77 73/73/73
f 77/77/77 78/78/78 73/73/73
f 79/79/79 77/77/77 76/76/76
f 76/76/76 74/74/74 80/80/80
f 80/80/80 79/79/79 76/76/76
f 74/74/74 81/81/81 80/80/80
f 82/82/82 79/79/79 80/80/80
f 80/80/80 81/81/81 83/83/83
f 83/83/83 82/82/82 80/80/80
f 81/81/81 84/84/84 83/83/83
f 83/83/83 84/84/84 85/85/85
f 82/82/82 83/83/83 86/86/86
f 86/86/86 83/83/83 85/85/85
f 87/87/87 86/86/86 85/85/85
f 88/88/88 82/82/82 86/86/86
f 86/86/86 87/87/87 88/88/88
f 89/89/89 87/87/87 85/85/85
f 87/87/87 90/90/90 88/88/88
f 91/91/91 87/87/87 89/89/89
f 90/90/90 87/87/87 92/92/92
f 93/93/93 87/87/87 91/91/91
f 92/92/92 87/87/87 93/93/93
f 96/96/96 95/95/95 94/94/94
f 95/95/95 97/97/97 94/94/94
f 94/94/94 97/97/97 98/98/98
f 97/97/97 99/99/99 98/98/98
f 97/97/97 95/95/95 100/100/100
f 99/99/99 97/97/97 101/101/101
f 102/102/102 97/97/97 100/100/100
f 97/97/97 102/102/102 101/101/101
f 100/100/100 103/103/103 102/102/102
f 104/104/104 101/101/101 102/102/102
f 103/103/103 105/105/105 102/102/102
f 105/105/105 104/104/104 102/102/102
f 106/106/106 105/105/105 103/103/103
f 105/105/105 107/107/107 104/104/104
f 105/105/105 106/106/106 108/108/108
f 106/106/106 109/109/109 108/108/108
f 110/110/110 107/107/107 105/105/105
f 108/108/108 110/110/110 105/105/105
f 111/111/111 108/108/108 109/109/109
f 112/112/112 111/111/111 109/109/109
f 112/112/112 113/113/113 111/111/111
f 111/111/111 114/114/114 108/108/108
f 114/114/114 110/110/110 108/108/108
f 107/107/107 110/110/110 115/115/115
f 116/116/116 107/107/107 115/115/115
f 116/116/116 115/115/115 117/117/117
f 113/113/113 118/118/118 111/111/111
f 114/114/114 111/111/111 118/118/118
f 119/119/119 118/118/118 113/113/113
f 120/120/120 119/119/119 113/113/113
f 120/120/120 121/121/121 119/119/119
f 122/122/122 115/115/115 110/110/110
f 114/114/114 122/122/122 110/110/110
f 115/115/115 123/123/123 117/117/117
f 115/115/115 122/122/122 123/123/123
f 124/124/124 114/114/114 118/118/118
f 124/124/124 118/118/118 119/119/119
f 124/124/124 125/125/125 114/114/114
f 125/125/125 122/122/122 114/114/114
f 125/125/125 124/124/124 119/119/119
f 121/121/121 126/126/126 119/119/119
f 121/121/121 127/127/127 126/126/126
f 122/122/122 125/125/125 128/128/128
f 122/122/122 128/128/128 123/123/123
f 129/129/129 125/125/125 119/119/119
f 126/126/126 129/129/129 119/119/119
f 125/125/125 129/129/129 128/128/128
f 128/128/128 129/129/129 126/126/126
f 127/127/127 130/130/130 126/126/126
f 130/130/130 128/128/128 126/126/126
f 130/130/130 127/127/127 131/131/131
f 128/128/128 130/130/130 132/132/132
f 132/132/132 130/130/130 131/131/131
f 123/123/123 128/128/128 132/132/132
f 132/132/132 131/131/131 133/133/133
f 123/123/123 132/132/132 134/134/134
f 134/134/134 132/132/132 133/133/133
f 117/117/117 123/123/123 134/134/134
f 133/133/133 135/135/135 134/134/134
f 136/136/136 117/117/117 134/134/134
f 137/137/137 134/134/134 135/135/135
f 137/137/137 136/136/136 134/134/134
f 138/138/138 137/137/137 135/135/135
f 136/136/136 137/137/137 139/139/139
f 138/138/138 140/140/140 137/137/137
f 137/137/137 141/141/141 139/139/139
f 140/140/140 141/141/141 137/137/137
f 139/139/139 141/141/141 142/142/142
f 140/140/140 143/143/143 141/141/141
f 141/141/141 144/144/144 142/142/142
f 143/143/143 144/144/144 141/141/141
f 147/147/147 146/146/146 145/145/145
f 146/146/146 148/148/148 145/145/145
f 148/148/148 149/149/149 145/145/145
f 149/149/149 150/150/150 145/145/145
f 151/151/151 148/148/148 146/146/146
f 152/152/152 151/151/151 146/146/146
f 151/151/151 152/152/152 153/153/153
f 148/148/148 151/151/151 154/154/154
f 149/149/149 148/148/148 154/154/154
f 155/155/155 151/151/151 153/153/153
f 151/151/151 155/155/155 154/154/154
f 155/155/155 153/153/153 156/156/156
f 149/149/149 157/157/157 150/150/150
f 157/157/157 158/158/158 150/150/150
f 154/154/154 159/159/159 149/149/149
f 159/159/159 157/157/157 149/149/149
f 155/155/155 160/160/160 154/154/154
f 154/154/154 160/160/160 159/159/159
f 161/161/161 155/155/155 156/156/156
f 160/160/160 155/155/155 161/161/161
f 157/157/157 162/162/162 158/158/158
f 162/162/162 163/163/163 158/158/158
f 159/159/159 164/164/164 157/157/157
f 164/164/164 162/162/162 157/157/157
f 162/162/162 164/164/164 165/165/165
f 162/162/162 166/166/166 163/163/163
f 166/166/166 162/162/162 165/165/165
f 166/166/166 167/167/167 163/163/163
f 166/166/166 168/168/168 167/167/167
f 166/166/166 165/165/165 168/168/168
f 168/168/168 169/169/169 167/167/167
f 165/165/165 170/170/170 168/168/168
f 171/171/171 170/170/170 165/165/165
f 160/160/160 172/172/172 159/159/159
f 164/164/164 159/159/159 172/172/172
f 165/165/165 164/164/164 173/173/173
f 173/173/173 164/164/164 172/172/172
f 174/174/174 171/171/171 165/165/165
f 174/174/174 165/165/165 173/173/173
f 172/172/172 160/160/160 175/175/175
f 175/175/175 160/160/160 161/161/161
f 174/174/174 176/176/176 171/171/171
f 176/176/176 177/177/177 171/171/171
f 172/172/172 178/178/178 173/173/173
f 178/178/178 172/172/172 175/175/175
f 173/173/173 179/179/179 174/174/174
f 179/179/179 176/176/176 174/174/174
f 178/178/178 179/179/179 173/173/173
f 175/175/175 161/161/161 180/180/180
f 178/178/178 175/175/175 180/180/180
f 177/177/177 176/176/176 181/181/181
f 182/182/182 177/177/177 181/181/181
f 183/183/183 182/182/182 181/181/181
f 179/179/179 178/178/178 184/184/184
f 184/184/184 178/178/178 180/180/180
f 176/176/176 179/179/179 185/185/185
f 181/181/181 176/176/176 185/185/185
f 185/185/185 179/179/179 184/184/184
f 186/186/186 183/183/183 181/181/181
f 186/186/186 181/181/181 185/185/185
f 187/187/187 183/183/183 186/186/186
f 188/188/188 185/185/185 184/184/184
f 188/188/188 186/186/186 185/185/185
f 189/189/189 187/187/187 186/186/186
f 189/189/189 186/186/186 188/188/188
f 187/187/187 189/189/189 190/190/190
f 191/191/191 188/188/188 184/184/184
f 184/184/184 180/180/180 191/191/191
f 189/189/189 192/192/192 190/190/190
f 193/193/193 190/190/190 192/192/192
f 194/194/194 193/193/193 192/192/192
f 195/195/195 189/189/189 188/188/188
f 189/189/189 195/195/195 192/192/192
f 188/188/188 191/191/191 195/195/195
f 194/194/194 192/192/192 196/196/196
f 195/195/195 196/196/196 192/192/192
f 197/197/197 194/194/194 196/196/196
f 195/195/195 198/198/198 196/196/196
f 191/191/191 198/198/198 195/195/195
f 197/197/197 196/196/196 199/199/199
f 198/198/198 199/199/199 196/196/196
f 200/200/200 197/197/197 199/199/199
f 201/201/201 200/200/200 199/199/199
f 202/202/202 198/198/198 191/191/191
f 199/199/199 198/198/198 202/202/202
f 203/203/203 201/201/201 199/199/199
f 203/203/203 199/199/199 202/202/202
f 204/204/204 201/201/201 203/203/203
f 205/205/205 204/204/204 203/203/203
f 205/205/205 203/203/203 202/202/202
f 206/206/206 202/202/202 191/191/191
f 180/180/180 206/206/206 191/191/191
f 204/204/204 205/205/205 207/207/207
f 208/208/208 204/204/204 207/207/207
f 209/209/209 205/205/205 202/202/202
f 205/205/205 209/209/209 207/207/207
f 209/209/209 202/202/202 206/206/206
f 209/209/209 210/210/210 207/207/207
f 209/209/209 211/211/211 210/210/210
f 211/211/211 209/209/209 206/206/206
f 211/211/211 212/212/212 210/210/210
f 180/180/180 213/213/213 206/206/206
f 213/213/213 211/211/211 206/206/206
f 211/211/211 213/213/213 212/212/212
f 161/161/161 213/213/213 180/180/180
f 213/213/213 214/214/214 212/212/212
f 213/213/213 161/161/161 156/156/156
f 214/214/214 213/213/213 156/156/156
f 217/217/217 216/216/216 215/215/215
f 218/218/218 217/217/217 215/215/215
f 215/215/215 219/219/219 218/218/218
f 220/220/220 217/217/217 218/218/218
f 219/219/219 221/221/221 218/218/218
f 219/219/219 222/222/222 221/221/221
f 223/223/223 220/220/220 218/218/218
f 218/218/218 221/221/221 223/223/223
f 224/224/224 220/220/220 223/223/223
f 222/222/222 225/225/225 221/221/221
f 222/222/222 226/226/226 225/225/225
f 221/221/221 227/227/227 223/223/223
f 221/221/221 225/225/225 227/227/227
f 228/228/228 224/224/224 223/223/223
f 227/227/227 229/229/229 223/223/223
f 229/229/229 228/228/228 223/223/223
f 224/224/224 228/228/228 230/230/230
f 231/231/231 224/224/224 230/230/230
f 232/232/232 231/231/231 230/230/230
f 228/228/228 229/229/229 233/233/233
f 230/230/230 228/228/228 233/233/233
f 234/234/234 232/232/232 230/230/230
f 235/235/235 232/232/232 234/234/234
f 230/230/230 233/233/233 236/236/236
f 234/234/234 230/230/230 236/236/236
f 234/234/234 236/236/236 237/237/237
f 238/238/238 235/235/235 234/234/234
f 238/238/238 234/234/234 237/237/237
f 239/239/239 235/235/235 238/238/238
f 240/240/240 239/239/239 238/238/238
f 238/238/238 237/237/237 240/240/240
f 241/241/241 239/239/239 240/240/240
f 242/242/242 241/241/241 240/240/240
f 241/241/241 242/242/242 243/243/243
f 242/242/242 244/244/244 243/243/243
f 240/240/240 245/245/245 242/242/242
f 237/237/237 245/245/245 240/240/240
f 244/244/244 242/242/242 246/246/246
f 245/245/245 246/246/246 242/242/242
f 247/247/247 244/244/244 246/246/246
f 247/247/247 246/246/246 248/248/248
f 249/249/249 247/247/247 248/248/248
f 249/249/249 248/248/248 250/250/250
f 251/251/251 249/249/249 250/250/250
f 251/251/251 250/250/250 252/252/252
f 250/250/250 253/253/253 252/252/252
f 252/252/252 253/253/253 254/254/254
f 253/253/253 255/255/255 254/254/254
f 256/256/256 254/254/254 255/255/255
f 257/257/257 256/256/256 255/255/255
f 258/258/258 256/256/256 257/257/257
f 259/259/259 258/258/258 257/257/257
f 257/257/257 255/255/255 260/260/260
f 255/255/255 253/253/253 260/260/260
f 259/259/259 257/257/257 261/261/261
f 261/261/261 257/257/257 260/260/260
f 262/262/262 259/259/259 261/261/261
f 262/262/262 261/261/261 263/263/263
f 264/264/264 262/262/262 263/263/263
f 261/261/261 260/260/260 265/265/265
f 263/263/263 261/261/261 265/265/265
f 264/264/264 263/263/263 266/266/266
f 267/267/267 264/264/264 266/266/266
f 253/253/253 268/268/268 260/260/260
f 260/260/260 268/268/268 265/265/265
f 263/263/263 265/265/265 269/269/269
f 266/266/266 263/263/263 269/269/269
f 267/267/267 266/266/266 270/270/270
f 271/271/271 267/267/267 270/270/270
f 271/271/271 270/270/270 272/272/272
f 270/270/270 266/266/266 273/273/273
f 266/266/266 269/269/269 273/273/273
f 270/270/270 274/274/274 272/272/272
f 270/270/270 273/273/273 274/274/274
f 272/272/272 274/274/274 275/275/275
f 265/265/265 276/276/276 269/269/269
f 268/268/268 276/276/276 265/265/265
f 274/274/274 277/277/277 275/275/275
f 275/275/275 277/277/277 278/278/278
f 269/269/269 279/279/279 273/273/273
f 276/276/276 279/279/279 269/269/269
f 273/273/273 280/280/280 274/274/274
f 274/274/274 280/280/280 277/277/277
f 277/277/277 281/281/281 278/278/278
f 278/278/278 281/281/281 282/282/282
f 281/281/281 283/283/283 282/282/282
f 277/277/277 284/284/284 281/281/281
f 280/280/280 284/284/284 277/277/277
f 281/281/281 285/285/285 283/283/283
f 284/284/284 285/285/285 281/281/281
f 285/285/285 286/286/286 283/283/283
f 287/287/287 286/286/286 285/285/285
f 288/288/288 287/287/287 285/285/285
f 288/288/288 285/285/285 284/284/284
f 287/287/287 288/288/288 226/226/226
f 289/289/289 288/288/288 284/284/284
f 289/289/289 284/284/284 280/280/280
f 288/288/288 290/290/290 226/226/226
f 288/288/288 289/289/289 290/290/290
f 226/226/226 290/290/290 225/225/225
f 225/225/225 290/290/290 291/291/291
f 225/225/225 291/291/291 227/227/227
f 289/289/289 292/292/292 290/290/290
f 290/290/290 292/292/292 291/291/291
f 291/291/291 293/293/293 227/227/227
f 293/293/293 229/229/229 227/227/227
f 292/292/292 294/294/294 291/291/291
f 294/294/294 292/292/292 289/289/289
f 294/294/294 293/293/293 291/291/291
f 295/295/295 289/289/289 280/280/280
f 295/295/295 294/294/294 289/289/289
f 296/296/296 295/295/295 280/280/280
f 294/294/294 295/295/295 296/296/296
f 273/273/273 296/296/296 280/280/280
f 279/279/279 296/296/296 273/273/273
f 297/297/297 294/294/294 296/296/296
f 293/293/293 294/294/294 297/297/297
f 296/296/296 279/279/279 297/297/297
f 229/229/229 293/293/293 298/298/298
f 298/298/298 293/293/293 297/297/297
f 233/233/233 229/229/229 298/298/298
f 233/233/233 298/298/298 299/299/299
f 298/298/298 297/297/297 299/299/299
f 236/236/236 233/233/233 299/299/299
f 279/279/279 300/300/300 297/297/297
f 297/297/297 300/300/300 299/299/299
f 300/300/300 279/279/279 301/301/301
f 299/299/299 300/300/300 301/301/301
f 279/279/279 276/276/276 301/301/301
f 236/236/236 299/299/299 302/302/302
f 302/302/302 299/299/299 301/301/301
f 237/237/237 236/236/236 302/302/302
f 276/276/276 303/303/303 301/301/301
f 301/301/301 304/304/304 302/302/302
f 303/303/303 304/304/304 301/301/301
f 302/302/302 305/305/305 237/237/237
f 304/304/304 305/305/305 302/302/302
f 306/306/306 303/303/303 276/276/276
f 268/268/268 306/306/306 276/276/276
f 307/307/307 304/304/304 303/303/303
f 305/305/305 304/304/304 307/307/307
f 306/306/306 307/307/307 303/303/303
f 308/308/308 306/306/306 268/268/268
f 253/253/253 308/308/308 268/268/268
f 308/308/308 309/309/309 306/306/306
f 309/309/309 308/308/308 253/253/253
f 309/309/309 307/307/307 306/306/306
f 250/250/250 309/309/309 253/253/253
f 310/310/310 307/307/307 309/309/309
f 310/310/310 305/305/305 307/307/307
f 311/311/311 309/309/309 250/250/250
f 311/311/311 310/310/310 309/309/309
f 248/248/248 311/311/311 250/250/250
f 312/312/312 311/311/311 248/248/248
f 310/310/310 311/311/311 312/312/312
f 246/246/246 312/312/312 248/248/248
f 313/313/313 310/310/310 312/312/312
f 313/313/313 312/312/312 246/246/246
f 305/305/305 310/310/310 313/313/313
f 245/245/245 313/313/313 246/246/246
f 314/314/314 305/305/305 313/313/313
f 314/314/314 313/313/313 245/245/245
f 305/305/305 314/314/314 237/237/237
f 237/237/237 314/314/314 245/245/245
f 317/317/317 316/316/316 315/315/315
f 318/318/318 317/317/317 315/315/315
f 319/319/319 317/317/317 318/318/318
f 318/318/318 315/315/315 320/320/320
f 315/315/315 321/321/321 320/320/320
f 322/322/322 319/319/319 318/318/318
f 323/323/323 319/319/319 322/322/322
f 320/320/320 324/324/324 318/318/318
f 324/324/324 322/322/322 318/318/318
f 320/320/320 321/321/321 325/325/325
f 321/321/321 326/326/326 325/325/325
f 327/327/327 323/323/323 322/322/322
f 328/328/328 323/323/323 327/327/327
f 329/329/329 324/324/324 320/320/320
f 325/325/325 329/329/329 320/320/320
f 325/325/325 326/326/326 330/330/330
f 326/326/326 331/331/331 330/330/330
f 330/330/330 331/331/331 332/332/332
f 331/331/331 333/333/333 332/332/332
f 332/332/332 333/333/333 334/334/334
f 324/324/324 335/335/335 322/322/322
f 335/335/335 327/327/327 322/322/322
f 335/335/335 336/336/336 327/327/327
f 337/337/337 328/328/328 327/327/327
f 336/336/336 337/337/337 327/327/327
f 338/338/338 328/328/328 337/337/337
f 339/339/339 335/335/335 324/324/324
f 335/335/335 339/339/339 336/336/336
f 329/329/329 339/339/339 324/324/324
f 340/340/340 338/338/338 337/337/337
f 340/340/340 337/337/337 336/336/336
f 341/341/341 338/338/338 340/340/340
f 342/342/342 341/341/341 340/340/340
f 342/342/342 340/340/340 343/343/343
f 343/343/343 340/340/340 336/336/336
f 344/344/344 342/342/342 343/343/343
f 343/343/343 345/345/345 344/344/344
f 345/345/345 346/346/346 344/344/344
f 345/345/345 347/347/347 346/346/346
f 347/347/347 348/348/348 346/346/346
f 348/348/348 347/347/347 349/349/349
f 350/350/350 345/345/345 343/343/343
f 336/336/336 350/350/350 343/343/343
f 345/345/345 350/350/350 347/347/347
f 339/339/339 351/351/351 336/336/336
f 350/350/350 336/336/336 351/351/351
f 352/352/352 350/350/350 351/351/351
f 350/350/350 353/353/353 347/347/347
f 353/353/353 350/350/350 352/352/352
f 351/351/351 339/339/339 354/354/354
f 339/339/339 329/329/329 354/354/354
f 347/347/347 355/355/355 349/349/349
f 347/347/347 353/353/353 356/356/356
f 355/355/355 347/347/347 356/356/356
f 355/355/355 357/357/357 349/349/349
f 357/357/357 358/358/358 349/349/349
f 359/359/359 353/353/353 352/352/352
f 356/356/356 353/353/353 359/359/359
f 355/355/355 356/356/356 360/360/360
f 357/357/357 355/355/355 360/360/360
f 357/357/357 361/361/361 358/358/358
f 361/361/361 362/362/362 358/358/358
f 362/362/362 361/361/361 363/363/363
f 364/364/364 356/356/356 359/359/359
f 364/364/364 359/359/359 352/352/352
f 360/360/360 365/365/365 357/357/357
f 365/365/365 361/361/361 357/357/357
f 361/361/361 366/366/366 363/363/363
f 363/363/363 366/366/366 367/367/367
f 360/360/360 356/356/356 368/368/368
f 368/368/368 356/356/356 364/364/364
f 369/369/369 360/360/360 368/368/368
f 365/365/365 360/360/360 369/369/369
f 370/370/370 368/368/368 364/364/364
f 371/371/371 365/365/365 369/369/369
f 365/365/365 371/371/371 372/372/372
f 373/373/373 370/370/370 364/364/364
f 361/361/361 365/365/365 374/374/374
f 374/374/374 365/365/365 372/372/372
f 366/366/366 361/361/361 374/374/374
f 374/374/374 372/372/372 375/375/375
f 367/367/367 376/376/376 375/375/375
f 366/366/366 376/376/376 367/367/367
f 366/366/366 374/374/374 377/377/377
f 377/377/377 374/374/374 375/375/375
f 376/376/376 366/366/366 377/377/377
f 376/376/376 377/377/377 375/375/375
f 378/378/378 373/373/373 364/364/364
f 378/378/378 379/379/379 373/373/373
f 379/379/379 380/380/380 373/373/373
f 378/378/378 364/364/364 352/352/352
f 381/381/381 380/380/380 379/379/379
f 382/382/382 378/378/378 352/352/352
f 379/379/379 378/378/378 382/382/382
f 383/383/383 381/381/381 379/379/379
f 381/381/381 383/383/383 384/384/384
f 385/385/385 382/382/382 352/352/352
f 385/385/385 352/352/352 351/351/351
f 386/386/386 385/385/385 351/351/351
f 385/385/385 386/386/386 382/382/382
f 386/386/386 351/351/351 354/354/354
f 354/354/354 387/387/387 386/386/386
f 387/387/387 388/388/388 386/386/386
f 386/386/386 388/388/388 382/382/382
f 389/389/389 379/379/379 382/382/382
f 382/382/382 388/388/388 389/389/389
f 383/383/383 390/390/390 384/384/384
f 384/384/384 390/390/390 391/391/391
f 392/392/392 383/383/383 379/379/379
f 389/389/389 392/392/392 379/379/379
f 392/392/392 389/389/389 393/393/393
f 354/354/354 394/394/394 387/387/387
f 329/329/329 394/394/394 354/354/354
f 394/394/394 329/329/329 395/395/395
f 329/329/329 325/325/325 395/395/395
f 325/325/325 330/330/330 395/395/395
f 396/396/396 394/394/394 395/395/395
f 394/394/394 396/396/396 387/387/387
f 330/330/330 397/397/397 395/395/395
f 397/397/397 396/396/396 395/395/395
f 397/397/397 330/330/330 332/332/332
f 392/392/392 398/398/398 383/383/383
f 398/398/398 390/390/390 383/383/383
f 389/389/389 399/399/399 393/393/393
f 388/388/388 399/399/399 389/389/389
f 388/388/388 400/400/400 399/399/399
f 393/393/393 399/399/399 400/400/400
f 387/387/387 401/401/401 388/388/388
f 401/401/401 400/400/400 388/388/388
f 402/402/402 396/396/396 397/397/397
f 403/403/403 397/397/397 332/332/332
f 403/403/403 402/402/402 397/397/397
f 403/403/403 332/332/332 404/404/404
f 396/396/396 402/402/402 405/405/405
f 396/396/396 405/405/405 387/387/387
f 406/406/406 402/402/402 403/403/403
f 404/404/404 406/406/406 403/403/403
f 405/405/405 402/402/402 406/406/406
f 332/332/332 407/407/407 404/404/404
f 407/407/407 332/332/332 334/334/334
f 407/407/407 334/334/334 408/408/408
f 409/409/409 407/407/407 408/408/408
f 407/407/407 409/409/409 404/404/404
f 410/410/410 409/409/409 408/408/408
f 409/409/409 410/410/410 411/411/411
f 412/412/412 410/410/410 408/408/408
f 410/410/410 412/412/412 413/413/413
f 414/414/414 410/410/410 413/413/413
f 411/411/411 410/410/410 414/414/414
f 414/414/414 413/413/413 415/415/415
f 416/416/416 414/414/414 415/415/415
f 416/416/416 415/415/415 417/417/417
f 418/418/418 414/414/414 416/416/416
f 418/418/418 411/411/411 414/414/414
f 419/419/419 416/416/416 417/417/417
f 419/419/419 418/418/418 416/416/416
f 418/418/418 419/419/419 417/417/417
f 420/420/420 418/418/418 417/417/417
f 411/411/411 418/418/418 420/420/420
f 421/421/421 411/411/411 420/420/420
f 411/411/411 421/421/421 422/422/422
f 423/423/423 409/409/409 411/411/411
f 423/423/423 411/411/411 422/422/422
f 423/423/423 422/422/422 424/424/424
f 409/409/409 423/423/423 404/404/404
f 404/404/404 423/423/423 424/424/424
f 404/404/404 424/424/424 425/425/425
f 406/406/406 404/404/404 425/425/425
f 425/425/425 426/426/426 406/406/406
f 426/426/426 427/427/427 406/406/406
f 427/427/427 405/405/405 406/406/406
f 427/427/427 426/426/426 428/428/428
f 429/429/429 405/405/405 427/427/427
f 405/405/405 429/429/429 387/387/387
f 430/430/430 427/427/427 428/428/428
f 430/430/430 428/428/428 431/431/431
f 387/387/387 429/429/429 432/432/432
f 432/432/432 429/429/429 433/433/433
f 387/387/387 432/432/432 401/401/401
f 401/401/401 432/432/432 433/433/433
f 434/434/434 429/429/429 427/427/427
f 427/427/427 430/430/430 434/434/434
f 429/429/429 434/434/434 433/433/433
f 435/435/435 430/430/430 431/431/431
f 430/430/430 435/435/435 436/436/436
f 435/435/435 431/431/431 437/437/437
f 438/438/438 435/435/435 437/437/437
f 436/436/436 435/435/435 438/438/438
f 438/438/438 437/437/437 439/439/439
f 440/440/440 401/401/401 433/433/433
f 401/401/401 440/440/440 400/400/400
f 430/430/430 441/441/441 434/434/434
f 441/441/441 430/430/430 436/436/436
f 434/434/434 441/441/441 442/442/442
f 441/441/441 436/436/436 442/442/442
f 443/443/443 434/434/434 442/442/442
f 434/434/434 443/443/443 433/433/433
f 443/443/443 444/444/444 433/433/433
f 444/444/444 445/445/445 433/433/433
f 445/445/445 440/440/440 433/433/433
f 436/436/436 446/446/446 442/442/442
f 446/446/446 436/436/436 447/447/447
f 440/440/440 445/445/445 448/448/448
f 436/436/436 449/449/449 447/447/447
f 447/447/447 449/449/449 450/450/450
f 449/449/449 436/436/436 438/438/438
f 449/449/449 451/451/451 450/450/450
f 449/449/449 438/438/438 451/451/451
f 450/450/450 451/451/451 439/439/439
f 452/452/452 438/438/438 439/439/439
f 451/451/451 452/452/452 439/439/439
f 438/438/438 452/452/452 451/451/451
f 453/453/453 440/440/440 448/448/448
f 454/454/454 453/453/453 448/448/448
f 455/455/455 454/454/454 448/448/448
f 454/454/454 455/455/455 456/456/456
f 440/440/440 453/453/453 457/457/457
f 440/440/440 457/457/457 400/400/400
f 457/457/457 393/393/393 400/400/400
f 458/458/458 454/454/454 456/456/456
f 458/458/458 456/456/456 459/459/459
f 460/460/460 458/458/458 459/459/459
f 460/460/460 459/459/459 461/461/461
f 460/460/460 462/462/462 458/458/458
f 462/462/462 460/460/460 461/461/461
f 462/462/462 463/463/463 458/458/458
f 463/463/463 462/462/462 461/461/461
f 458/458/458 463/463/463 454/454/454
f 464/464/464 463/463/463 461/461/461
f 463/463/463 465/465/465 454/454/454
f 465/465/465 463/463/463 464/464/464
f 453/453/453 454/454/454 465/465/465
f 466/466/466 465/465/465 464/464/464
f 465/465/465 466/466/466 467/467/467
f 468/468/468 453/453/453 465/465/465
f 468/468/468 465/465/465 467/467/467
f 453/453/453 468/468/468 457/457/457
f 457/457/457 468/468/468 467/467/467
f 469/469/469 457/457/457 467/467/467
f 457/457/457 469/469/469 393/393/393
f 469/469/469 470/470/470 393/393/393
f 470/470/470 471/471/471 393/393/393
f 471/471/471 392/392/392 393/393/393
f 392/392/392 471/471/471 472/472/472
f 398/398/398 392/392/392 472/472/472
f 398/398/398 472/472/472 473/473/473
f 474/474/474 398/398/398 473/473/473
f 474/474/474 473/473/473 475/475/475
f 390/390/390 398/398/398 474/474/474
f 476/476/476 474/474/474 475/475/475
f 476/476/476 475/475/475 477/477/477
f 478/478/478 390/390/390 474/474/474
f 478/478/478 474/474/474 476/476/476
f 390/390/390 478/478/478 391/391/391
f 391/391/391 478/478/478 479/479/479
f 478/478/478 480/480/480 479/479/479
f 480/480/480 478/478/478 476/476/476
f 479/479/479 480/480/480 481/481/481
f 482/482/482 476/476/476 477/477/477
f 482/482/482 477/477/477 481/481/481
f 480/480/480 476/476/476 482/482/482
f 483/483/483 482/482/482 481/481/481
f 483/483/483 480/480/480 482/482/482
f 480/480/480 483/483/483 481/481/481
f 486/486/486 485/485/485 484/484/484
f 487/487/487 486/486/486 484/484/484
f 487/487/487 484/484/484 488/488/488
f 489/489/489 486/486/486 487/487/487
f 490/490/490 487/487/487 488/488/488
f 488/488/488 491/491/491 490/490/490
f 491/491/491 492/492/492 490/490/490
f 492/492/492 493/493/493 490/490/490
f 492/492/492 491/491/491 494/494/494
f 487/487/487 490/490/490 495/495/495
f 493/493/493 495/495/495 490/490/490
f 496/496/496 489/489/489 487/487/487
f 496/496/496 487/487/487 495/495/495
f 497/497/497 492/492/492 494/494/494
f 497/497/497 494/494/494 498/498/498
f 492/492/492 499/499/499 493/493/493
f 492/492/492 497/497/497 499/499/499
f 493/493/493 499/499/499 500/500/500
f 501/501/501 489/489/489 496/496/496
f 502/502/502 489/489/489 501/501/501
f 503/503/503 502/502/502 501/501/501
f 504/504/504 503/503/503 501/501/501
f 505/505/505 496/496/496 495/495/495
f 493/493/493 505/505/505 495/495/495
f 501/501/501 496/496/496 506/506/506
f 506/506/506 504/504/504 501/501/501
f 496/496/496 505/505/505 506/506/506
f 505/505/505 493/493/493 507/507/507
f 506/506/506 505/505/505 507/507/507
f 508/508/508 504/504/504 506/506/506
f 507/507/507 508/508/508 506/506/506
f 509/509/509 504/504/504 508/508/508
f 507/507/507 493/493/493 510/510/510
f 493/493/493 500/500/500 510/510/510
f 511/511/511 508/508/508 507/507/507
f 511/511/511 509/509/509 508/508/508
f 510/510/510 511/511/511 507/507/507
f 509/509/509 511/511/511 512/512/512
f 513/513/513 509/509/509 512/512/512
f 513/513/513 512/512/512 514/514/514
f 511/511/511 510/510/510 515/515/515
f 512/512/512 511/511/511 515/515/515
f 515/515/515 510/510/510 500/500/500
f 512/512/512 516/516/516 514/514/514
f 512/512/512 515/515/515 516/516/516
f 517/517/517 514/514/514 516/516/516
f 515/515/515 518/518/518 516/516/516
f 516/516/516 518/518/518 519/519/519
f 519/519/519 517/517/517 516/516/516
f 517/517/517 519/519/519 520/520/520
f 515/515/515 521/521/521 518/518/518
f 521/521/521 515/515/515 500/500/500
f 522/522/522 517/517/517 520/520/520
f 521/521/521 523/523/523 518/518/518
f 521/521/521 524/524/524 523/523/523
f 521/521/521 500/500/500 524/524/524
f 522/522/522 520/520/520 525/525/525
f 524/524/524 526/526/526 523/523/523
f 523/523/523 526/526/526 527/527/527
f 519/519/519 528/528/528 520/520/520
f 518/518/518 528/528/528 519/519/519
f 520/520/520 529/529/529 525/525/525
f 525/525/525 529/529/529 530/530/530
f 528/528/528 531/531/531 520/520/520
f 532/532/532 529/529/529 520/520/520
f 531/531/531 532/532/532 520/520/520
f 529/529/529 533/533/533 530/530/530
f 529/529/529 532/532/532 533/533/533
f 533/533/533 534/534/534 530/530/530
f 534/534/534 535/535/535 530/530/530
f 535/535/535 534/534/534 536/536/536
f 532/532/532 537/537/537 533/533/533
f 533/533/533 537/537/537 534/534/534
f 534/534/534 538/538/538 536/536/536
f 537/537/537 538/538/538 534/534/534
f 536/536/536 538/538/538 539/539/539
f 538/538/538 537/537/537 539/539/539
f 539/539/539 537/537/537 540/540/540
f 537/537/537 532/532/532 540/540/540
f 540/540/540 532/532/532 531/531/531
f 541/541/541 540/540/540 531/531/531
f 541/541/541 531/531/531 542/542/542
f 531/531/531 528/528/528 542/542/542
f 542/542/542 528/528/528 518/518/518
f 543/543/543 542/542/542 518/518/518
f 543/543/543 518/518/518 544/544/544
f 518/518/518 545/545/545 544/544/544
f 544/544/544 545/545/545 546/546/546
f 547/547/547 544/544/544 546/546/546
f 518/518/518 523/523/523 545/545/545
f 547/547/547 546/546/546 548/548/548
f 545/545/545 549/549/549 546/546/546
f 523/523/523 549/549/549 545/545/545
f 550/550/550 549/549/549 523/523/523
f 551/551/551 550/550/550 523/523/523
f 523/523/523 527/527/527 551/551/551
f 527/527/527 552/552/552 551/551/551
f 552/552/552 527/527/527 553/553/553
f 554/554/554 552/552/552 553/553/553
f 554/554/554 553/553/553 555/555/555
f 556/556/556 549/549/549 550/550/550
f 549/549/549 556/556/556 546/546/546
f 556/556/556 557/557/557 546/546/546
f 558/558/558 556/556/556 550/550/550
f 557/557/557 556/556/556 558/558/558
f 559/559/559 557/557/557 558/558/558
f 557/557/557 559/559/559 560/560/560
f 527/527/527 561/561/561 553/553/553
f 526/526/526 561/561/561 527/527/527
f 553/553/553 562/562/562 555/555/555
f 555/555/555 562/562/562 563/563/563
f 557/557/557 564/564/564 546/546/546
f 546/546/546 564/564/564 548/548/548
f 548/548/548 564/564/564 565/565/565
f 565/565/565 564/564/564 557/557/557
f 566/566/566 548/548/548 565/565/565
f 567/567/567 557/557/557 560/560/560
f 567/567/567 565/565/565 557/557/557
f 568/568/568 567/567/567 560/560/560
f 565/565/565 567/567/567 568/568/568
f 569/569/569 568/568/568 560/560/560
f 565/565/565 570/570/570 566/566/566
f 570/570/570 565/565/565 568/568/568
f 570/570/570 568/568/568 569/569/569
f 570/570/570 571/571/571 566/566/566
f 571/571/571 570/570/570 569/569/569
f 572/572/572 562/562/562 553/553/553
f 573/573/573 572/572/572 553/553/553
f 561/561/561 573/573/573 553/553/553
f 573/573/573 561/561/561 574/574/574
f 574/574/574 561/561/561 526/526/526
f 575/575/575 573/573/573 574/574/574
f 572/572/572 573/573/573 575/575/575
f 576/576/576 574/574/574 526/526/526
f 577/577/577 572/572/572 575/575/575
f 572/572/572 577/577/577 578/578/578
f 576/576/576 526/526/526 579/579/579
f 572/572/572 580/580/580 562/562/562
f 580/580/580 572/572/572 578/578/578
f 580/580/580 581/581/581 562/562/562
f 562/562/562 581/581/581 563/563/563
f 582/582/582 580/580/580 578/578/578
f 580/580/580 582/582/582 581/581/581
f 583/583/583 582/582/582 578/578/578
f 581/581/581 584/584/584 563/563/563
f 582/582/582 584/584/584 581/581/581
f 584/584/584 582/582/582 583/583/583
f 584/584/584 585/585/585 563/563/563
f 585/585/585 584/584/584 583/583/583
f 526/526/526 586/586/586 579/579/579
f 579/579/579 586/586/586 587/587/587
f 588/588/588 579/579/579 587/587/587
f 526/526/526 589/589/589 586/586/586
f 589/589/589 526/526/526 524/524/524
f 586/586/586 590/590/590 587/587/587
f 589/589/589 590/590/590 586/586/586
f 588/588/588 587/587/587 591/591/591
f 592/592/592 588/588/588 591/591/591
f 592/592/592 591/591/591 593/593/593
f 590/590/590 594/594/594 587/587/587
f 591/591/591 587/587/587 594/594/594
f 589/589/589 595/595/595 590/590/590
f 595/595/595 596/596/596 590/590/590
f 594/594/594 590/590/590 596/596/596
f 597/597/597 594/594/594 596/596/596
f 598/598/598 595/595/595 589/589/589
f 599/599/599 594/594/594 597/597/597
f 599/599/599 591/591/591 594/594/594
f 600/600/600 599/599/599 597/597/597
f 599/599/599 600/600/600 601/601/601
f 591/591/591 602/602/602 593/593/593
f 591/591/591 599/599/599 602/602/602
f 603/603/603 598/598/598 589/589/589
f 603/603/603 589/589/589 524/524/524
f 604/604/604 599/599/599 601/601/601
f 599/599/599 604/604/604 602/602/602
f 602/602/602 605/605/605 593/593/593
f 602/602/602 604/604/604 605/605/605
f 605/605/605 606/606/606 593/593/593
f 606/606/606 605/605/605 607/607/607
f 608/608/608 604/604/604 601/601/601
f 607/607/607 608/608/608 601/601/601
f 605/605/605 608/608/608 607/607/607
f 604/604/604 608/608/608 605/605/605
f 598/598/598 603/603/603 609/609/609
f 610/610/610 598/598/598 609/609/609
f 611/611/611 610/610/610 609/609/609
f 603/603/603 524/524/524 612/612/612
f 609/609/609 603/603/603 612/612/612
f 500/500/500 612/612/612 524/524/524
f 612/612/612 500/500/500 613/613/613
f 499/499/499 613/613/613 500/500/500
f 497/497/497 613/613/613 499/499/499
f 614/614/614 612/612/612 613/613/613
f 609/609/609 612/612/612 614/614/614
f 613/613/613 497/497/497 614/614/614
f 615/615/615 611/611/611 609/609/609
f 615/615/615 609/609/609 614/614/614
f 497/497/497 616/616/616 614/614/614
f 616/616/616 615/615/615 614/614/614
f 616/616/616 497/497/497 498/498/498
f 611/611/611 615/615/615 617/617/617
f 617/617/617 615/615/615 616/616/616
f 618/618/618 611/611/611 617/617/617
f 618/618/618 617/617/617 619/619/619
f 620/620/620 616/616/616 498/498/498
f 620/620/620 617/617/617 616/616/616
f 621/621/621 620/620/620 498/498/498
f 621/621/621 622/622/622 620/620/620
f 617/617/617 623/623/623 619/619/619
f 617/617/617 620/620/620 623/623/623
f 619/619/619 623/623/623 624/624/624
f 622/622/622 625/625/625 620/620/620
f 620/620/620 625/625/625 623/623/623
f 625/625/625 622/622/622 626/626/626
f 623/623/623 627/627/627 624/624/624
f 623/623/623 625/625/625 627/627/627
f 628/628/628 625/625/625 626/626/626
f 625/625/625 628/628/628 627/627/627
f 627/627/627 629/629/629 624/624/624
f 627/627/627 628/628/628 629/629/629
f 629/629/629 630/630/630 624/624/624
f 630/630/630 629/629/629 631/631/631
f 632/632/632 628/628/628 626/626/626
f 631/631/631 632/632/632 626/626/626
f 629/629/629 632/632/632 631/631/631
f 628/628/628 632/632/632 629/629/629
f 635/635/635 634/634/634 633/633/633
f 636/636/636 635/635/635 633/633/633
f 637/637/637 636/636/636 633/633/633
f 638/638/638 637/637/637 633/633/633
f 636/636/636 639/639/639 635/635/635
f 639/639/639 640/640/640 635/635/635
f 640/640/640 639/639/639 641/641/641
f 639/639/639 636/636/636 642/642/642
f 636/636/636 637/637/637 642/642/642
f 639/639/639 643/643/643 641/641/641
f 643/643/643 639/639/639 642/642/642
f 641/641/641 643/643/643 644/644/644
f 645/645/645 637/637/637 638/638/638
f 646/646/646 645/645/645 638/638/638
f 647/647/647 642/642/642 637/637/637
f 645/645/645 647/647/647 637/637/637
f 648/648/648 643/643/643 642/642/642
f 648/648/648 642/642/642 647/647/647
f 643/643/643 649/649/649 644/644/644
f 643/643/643 648/648/648 649/649/649
f 650/650/650 645/645/645 646/646/646
f 651/651/651 650/650/650 646/646/646
f 652/652/652 647/647/647 645/645/645
f 650/650/650 652/652/652 645/645/645
f 652/652/652 650/650/650 653/653/653
f 654/654/654 650/650/650 651/651/651
f 650/650/650 654/654/654 653/653/653
f 655/655/655 654/654/654 651/651/651
f 656/656/656 654/654/654 655/655/655
f 653/653/653 654/654/654 656/656/656
f 657/657/657 656/656/656 655/655/655
f 658/658/658 653/653/653 656/656/656
f 658/658/658 659/659/659 653/653/653
f 660/660/660 648/648/648 647/647/647
f 647/647/647 652/652/652 660/660/660
f 652/652/652 653/653/653 661/661/661
f 652/652/652 661/661/661 660/660/660
f 659/659/659 662/662/662 653/653/653
f 653/653/653 662/662/662 661/661/661
f 648/648/648 660/660/660 663/663/663
f 648/648/648 663/663/663 649/649/649
f 664/664/664 662/662/662 659/659/659
f 665/665/665 664/664/664 659/659/659
f 666/666/666 660/660/660 661/661/661
f 660/660/660 666/666/666 663/663/663
f 667/667/667 661/661/661 662/662/662
f 664/664/664 667/667/667 662/662/662
f 667/667/667 666/666/666 661/661/661
f 649/649/649 663/663/663 668/668/668
f 663/663/663 666/666/666 668/668/668
f 664/664/664 665/665/665 669/669/669
f 665/665/665 670/670/670 669/669/669
f 670/670/670 671/671/671 669/669/669
f 666/666/666 667/667/667 672/672/672
f 666/666/666 672/672/672 668/668/668
f 667/667/667 664/664/664 673/673/673
f 664/664/664 669/669/669 673/673/673
f 667/667/667 673/673/673 672/672/672
f 671/671/671 674/674/674 669/669/669
f 669/669/669 674/674/674 673/673/673
f 671/671/671 675/675/675 674/674/674
f 673/673/673 676/676/676 672/672/672
f 674/674/674 676/676/676 673/673/673
f 675/675/675 677/677/677 674/674/674
f 674/674/674 677/677/677 676/676/676
f 677/677/677 675/675/675 678/678/678
f 676/676/676 679/679/679 672/672/672
f 668/668/668 672/672/672 679/679/679
f 680/680/680 677/677/677 678/678/678
f 678/678/678 681/681/681 680/680/680
f 681/681/681 682/682/682 680/680/680
f 677/677/677 683/683/683 676/676/676
f 683/683/683 677/677/677 680/680/680
f 679/679/679 676/676/676 683/683/683
f 680/680/680 682/682/682 684/684/684
f 684/684/684 683/683/683 680/680/680
f 682/682/682 685/685/685 684/684/684
f 686/686/686 683/683/683 684/684/684
f 686/686/686 679/679/679 683/683/683
f 684/684/684 685/685/685 687/687/687
f 687/687/687 686/686/686 684/684/684
f 685/685/685 688/688/688 687/687/687
f 688/688/688 689/689/689 687/687/687
f 686/686/686 690/690/690 679/679/679
f 686/686/686 687/687/687 690/690/690
f 689/689/689 691/691/691 687/687/687
f 687/687/687 691/691/691 690/690/690
f 689/689/689 692/692/692 691/691/691
f 692/692/692 693/693/693 691/691/691
f 691/691/691 693/693/693 690/690/690
f 690/690/690 694/694/694 679/679/679
f 694/694/694 668/668/668 679/679/679
f 693/693/693 692/692/692 695/695/695
f 692/692/692 696/696/696 695/695/695
f 693/693/693 697/697/697 690/690/690
f 697/697/697 693/693/693 695/695/695
f 690/690/690 697/697/697 694/694/694
f 698/698/698 697/697/697 695/695/695
f 699/699/699 697/697/697 698/698/698
f 697/697/697 699/699/699 694/694/694
f 700/700/700 699/699/699 698/698/698
f 701/701/701 668/668/668 694/694/694
f 699/699/699 701/701/701 694/694/694
f 701/701/701 699/699/699 700/700/700
f 701/701/701 649/649/649 668/668/668
f 702/702/702 701/701/701 700/700/700
f 649/649/649 701/701/701 644/644/644
f 701/701/701 702/702/702 644/644/644
f 705/705/705 704/704/704 703/703/703
f 704/704/704 706/706/706 703/703/703
f 707/707/707 703/703/703 706/706/706
f 704/704/704 708/708/708 706/706/706
f 709/709/709 707/707/707 706/706/706
f 710/710/710 707/707/707 709/709/709
f 708/708/708 711/711/711 706/706/706
f 709/709/709 706/706/706 711/711/711
f 708/708/708 712/712/712 711/711/711
f 713/713/713 710/710/710 709/709/709
f 714/714/714 710/710/710 713/713/713
f 715/715/715 709/709/709 711/711/711
f 713/713/713 709/709/709 715/715/715
f 712/712/712 716/716/716 711/711/711
f 717/717/717 715/715/715 711/711/711
f 716/716/716 717/717/717 711/711/711
f 716/716/716 712/712/712 718/718/718
f 712/712/712 719/719/719 718/718/718
f 719/719/719 720/720/720 718/718/718
f 717/717/717 716/716/716 721/721/721
f 716/716/716 718/718/718 721/721/721
f 720/720/720 722/722/722 718/718/718
f 720/720/720 723/723/723 722/722/722
f 721/721/721 718/718/718 724/724/724
f 718/718/718 722/722/722 724/724/724
f 724/724/724 722/722/722 725/725/725
f 723/723/723 726/726/726 722/722/722
f 722/722/722 726/726/726 725/725/725
f 723/723/723 727/727/727 726/726/726
f 727/727/727 728/728/728 726/726/726
f 725/725/725 726/726/726 728/728/728
f 727/727/727 729/729/729 728/728/728
f 729/729/729 730/730/730 728/728/728
f 730/730/730 729/729/729 731/731/731
f 732/732/732 730/730/730 731/731/731
f 733/733/733 728/728/728 730/730/730
f 733/733/733 725/725/725 728/728/728
f 730/730/730 732/732/732 734/734/734
f 734/734/734 733/733/733 730/730/730
f 732/732/732 735/735/735 734/734/734
f 734/734/734 735/735/735 736/736/736
f 735/735/735 737/737/737 736/736/736
f 736/736/736 737/737/737 738/738/738
f 737/737/737 739/739/739 738/738/738
f 738/738/738 739/739/739 740/740/740
f 741/741/741 738/738/738 740/740/740
f 741/741/741 740/740/740 742/742/742
f 743/743/743 741/741/741 742/742/742
f 742/742/742 744/744/744 743/743/743
f 744/744/744 745/745/745 743/743/743
f 744/744/744 746/746/746 745/745/745
f 746/746/746 747/747/747 745/745/745
f 743/743/743 745/745/745 748/748/748
f 741/741/741 743/743/743 748/748/748
f 745/745/745 747/747/747 749/749/749
f 745/745/745 749/749/749 748/748/748
f 747/747/747 750/750/750 749/749/749
f 749/749/749 750/750/750 751/751/751
f 750/750/750 752/752/752 751/751/751
f 748/748/748 749/749/749 753/753/753
f 749/749/749 751/751/751 753/753/753
f 751/751/751 752/752/752 754/754/754
f 752/752/752 755/755/755 754/754/754
f 756/756/756 741/741/741 748/748/748
f 756/756/756 748/748/748 753/753/753
f 753/753/753 751/751/751 757/757/757
f 751/751/751 754/754/754 757/757/757
f 754/754/754 755/755/755 758/758/758
f 755/755/755 759/759/759 758/758/758
f 758/758/758 759/759/759 760/760/760
f 754/754/754 758/758/758 761/761/761
f 757/757/757 754/754/754 761/761/761
f 762/762/762 758/758/758 760/760/760
f 761/761/761 758/758/758 762/762/762
f 762/762/762 760/760/760 763/763/763
f 764/764/764 753/753/753 757/757/757
f 764/764/764 756/756/756 753/753/753
f 765/765/765 762/762/762 763/763/763
f 765/765/765 763/763/763 766/766/766
f 767/767/767 757/757/757 761/761/761
f 767/767/767 764/764/764 757/757/757
f 768/768/768 761/761/761 762/762/762
f 768/768/768 762/762/762 765/765/765
f 769/769/769 765/765/765 766/766/766
f 769/769/769 766/766/766 770/770/770
f 771/771/771 769/769/769 770/770/770
f 772/772/772 765/765/765 769/769/769
f 772/772/772 768/768/768 765/765/765
f 773/773/773 769/769/769 771/771/771
f 773/773/773 772/772/772 769/769/769
f 774/774/774 773/773/773 771/771/771
f 774/774/774 775/775/775 773/773/773
f 775/775/775 776/776/776 773/773/773
f 773/773/773 776/776/776 772/772/772
f 776/776/776 775/775/775 714/714/714
f 776/776/776 777/777/777 772/772/772
f 772/772/772 777/777/777 768/768/768
f 778/778/778 776/776/776 714/714/714
f 777/777/777 776/776/776 778/778/778
f 778/778/778 714/714/714 713/713/713
f 778/778/778 713/713/713 779/779/779
f 779/779/779 713/713/713 715/715/715
f 780/780/780 777/777/777 778/778/778
f 780/780/780 778/778/778 779/779/779
f 781/781/781 779/779/779 715/715/715
f 717/717/717 781/781/781 715/715/715
f 782/782/782 780/780/780 779/779/779
f 780/780/780 782/782/782 777/777/777
f 781/781/781 782/782/782 779/779/779
f 777/777/777 783/783/783 768/768/768
f 782/782/782 783/783/783 777/777/777
f 783/783/783 784/784/784 768/768/768
f 783/783/783 782/782/782 784/784/784
f 784/784/784 761/761/761 768/768/768
f 784/784/784 767/767/767 761/761/761
f 782/782/782 785/785/785 784/784/784
f 782/782/782 781/781/781 785/785/785
f 767/767/767 784/784/784 785/785/785
f 781/781/781 717/717/717 786/786/786
f 781/781/781 786/786/786 785/785/785
f 717/717/717 721/721/721 786/786/786
f 786/786/786 721/721/721 787/787/787
f 785/785/785 786/786/786 787/787/787
f 721/721/721 724/724/724 787/787/787
f 788/788/788 767/767/767 785/785/785
f 788/788/788 785/785/785 787/787/787
f 767/767/767 788/788/788 789/789/789
f 788/788/788 787/787/787 789/789/789
f 764/764/764 767/767/767 789/789/789
f 787/787/787 724/724/724 790/790/790
f 787/787/787 790/790/790 789/789/789
f 724/724/724 725/725/725 790/790/790
f 791/791/791 764/764/764 789/789/789
f 792/792/792 789/789/789 790/790/790
f 792/792/792 791/791/791 789/789/789
f 793/793/793 790/790/790 725/725/725
f 793/793/793 792/792/792 790/790/790
f 791/791/791 794/794/794 764/764/764
f 794/794/794 756/756/756 764/764/764
f 792/792/792 795/795/795 791/791/791
f 792/792/792 793/793/793 795/795/795
f 795/795/795 794/794/794 791/791/791
f 794/794/794 796/796/796 756/756/756
f 796/796/796 741/741/741 756/756/756
f 797/797/797 796/796/796 794/794/794
f 796/796/796 797/797/797 741/741/741
f 795/795/795 797/797/797 794/794/794
f 797/797/797 738/738/738 741/741/741
f 795/795/795 798/798/798 797/797/797
f 793/793/793 798/798/798 795/795/795
f 797/797/797 799/799/799 738/738/738
f 798/798/798 799/799/799 797/797/797
f 799/799/799 736/736/736 738/738/738
f 799/799/799 800/800/800 736/736/736
f 799/799/799 798/798/798 800/800/800
f 800/800/800 734/734/734 736/736/736
f 798/798/798 801/801/801 800/800/800
f 800/800/800 801/801/801 734/734/734
f 798/798/798 793/793/793 801/801/801
f 801/801/801 733/733/733 734/734/734
f 793/793/793 802/802/802 801/801/801
f 801/801/801 802/802/802 733/733/733
f 802/802/802 793/793/793 725/725/725
f 802/802/802 725/725/725 733/733/733
f 805/805/805 804/804/804 803/803/803
f 804/804/804 806/806/806 803/803/803
f 804/804/804 807/807/807 806/806/806
f 803/803/803 806/806/806 808/808/808
f 809/809/809 803/803/803 808/808/808
f 807/807/807 810/810/810 806/806/806
f 807/807/807 811/811/811 810/810/810
f 812/812/812 808/808/808 806/806/806
f 810/810/810 812/812/812 806/806/806
f 809/809/809 808/808/808 813/813/813
f 814/814/814 809/809/809 813/813/813
f 811/811/811 815/815/815 810/810/810
f 811/811/811 816/816/816 815/815/815
f 812/812/812 817/817/817 808/808/808
f 817/817/817 813/813/813 808/808/808
f 814/814/814 813/813/813 818/818/818
f 819/819/819 814/814/814 818/818/818
f 819/819/819 818/818/818 820/820/820
f 821/821/821 819/819/819 820/820/820
f 821/821/821 820/820/820 822/822/822
f 823/823/823 812/812/812 810/810/810
f 815/815/815 823/823/823 810/810/810
f 824/824/824 823/823/823 815/815/815
f 816/816/816 825/825/825 815/815/815
f 825/825/825 824/824/824 815/815/815
f 816/816/816 826/826/826 825/825/825
f 823/823/823 827/827/827 812/812/812
f 827/827/827 823/823/823 824/824/824
f 827/827/827 817/817/817 812/812/812
f 826/826/826 828/828/828 825/825/825
f 825/825/825 828/828/828 824/824/824
f 826/826/826 829/829/829 828/828/828
f 829/829/829 830/830/830 828/828/828
f 828/828/828 830/830/830 831/831/831
f 828/828/828 831/831/831 824/824/824
f 830/830/830 832/832/832 831/831/831
f 833/833/833 831/831/831 832/832/832
f 834/834/834 833/833/833 832/832/832
f 835/835/835 833/833/833 834/834/834
f 836/836/836 835/835/835 834/834/834
f 835/835/835 836/836/836 837/837/837
f 833/833/833 838/838/838 831/831/831
f 838/838/838 824/824/824 831/831/831
f 838/838/838 833/833/833 835/835/835
f 839/839/839 827/827/827 824/824/824
f 824/824/824 838/838/838 839/839/839
f 838/838/838 840/840/840 839/839/839
f 841/841/841 838/838/838 835/835/835
f 838/838/838 841/841/841 840/840/840
f 827/827/827 839/839/839 842/842/842
f 817/817/817 827/827/827 842/842/842
f 843/843/843 835/835/835 837/837/837
f 841/841/841 835/835/835 844/844/844
f 835/835/835 843/843/843 844/844/844
f 845/845/845 843/843/843 837/837/837
f 846/846/846 845/845/845 837/837/837
f 841/841/841 847/847/847 840/840/840
f 841/841/841 844/844/844 847/847/847
f 843/843/843 845/845/845 848/848/848
f 844/844/844 843/843/843 848/848/848
f 849/849/849 845/845/845 846/846/846
f 850/850/850 849/849/849 846/846/846
f 849/849/849 850/850/850 851/851/851
f 844/844/844 852/852/852 847/847/847
f 847/847/847 852/852/852 840/840/840
f 853/853/853 848/848/848 845/845/845
f 849/849/849 853/853/853 845/845/845
f 854/854/854 849/849/849 851/851/851
f 854/854/854 851/851/851 855/855/855
f 844/844/844 848/848/848 856/856/856
f 844/844/844 856/856/856 852/852/852
f 848/848/848 857/857/857 856/856/856
f 848/848/848 853/853/853 857/857/857
f 856/856/856 858/858/858 852/852/852
f 853/853/853 859/859/859 857/857/857
f 859/859/859 853/853/853 860/860/860
f 858/858/858 861/861/861 852/852/852
f 853/853/853 849/849/849 862/862/862
f 853/853/853 862/862/862 860/860/860
f 849/849/849 854/854/854 862/862/862
f 860/860/860 862/862/862 863/863/863
f 864/864/864 855/855/855 863/863/863
f 864/864/864 854/854/854 855/855/855
f 862/862/862 854/854/854 865/865/865
f 862/862/862 865/865/865 863/863/863
f 854/854/854 864/864/864 865/865/865
f 865/865/865 864/864/864 863/863/863
f 861/861/861 866/866/866 852/852/852
f 867/867/867 866/866/866 861/861/861
f 868/868/868 867/867/867 861/861/861
f 852/852/852 866/866/866 840/840/840
f 868/868/868 869/869/869 867/867/867
f 866/866/866 870/870/870 840/840/840
f 866/866/866 867/867/867 870/870/870
f 869/869/869 871/871/871 867/867/867
f 871/871/871 869/869/869 872/872/872
f 870/870/870 873/873/873 840/840/840
f 840/840/840 873/873/873 839/839/839
f 873/873/873 874/874/874 839/839/839
f 874/874/874 873/873/873 870/870/870
f 839/839/839 874/874/874 842/842/842
f 875/875/875 842/842/842 874/874/874
f 876/876/876 875/875/875 874/874/874
f 876/876/876 874/874/874 870/870/870
f 867/867/867 877/877/877 870/870/870
f 876/876/876 870/870/870 877/877/877
f 878/878/878 871/871/871 872/872/872
f 878/878/878 872/872/872 879/879/879
f 871/871/871 880/880/880 867/867/867
f 880/880/880 877/877/877 867/867/867
f 877/877/877 880/880/880 881/881/881
f 882/882/882 842/842/842 875/875/875
f 882/882/882 817/817/817 842/842/842
f 817/817/817 882/882/882 883/883/883
f 813/813/813 817/817/817 883/883/883
f 818/818/818 813/813/813 883/883/883
f 882/882/882 884/884/884 883/883/883
f 884/884/884 882/882/882 875/875/875
f 885/885/885 818/818/818 883/883/883
f 884/884/884 885/885/885 883/883/883
f 818/818/818 885/885/885 820/820/820
f 878/878/878 886/886/886 871/871/871
f 886/886/886 880/880/880 871/871/871
f 887/887/887 877/877/877 881/881/881
f 887/887/887 876/876/876 877/877/877
f 888/888/888 876/876/876 887/887/887
f 887/887/887 881/881/881 888/888/888
f 889/889/889 875/875/875 876/876/876
f 888/888/888 889/889/889 876/876/876
f 884/884/884 890/890/890 885/885/885
f 885/885/885 891/891/891 820/820/820
f 890/890/890 891/891/891 885/885/885
f 820/820/820 891/891/891 892/892/892
f 890/890/890 884/884/884 893/893/893
f 893/893/893 884/884/884 875/875/875
f 890/890/890 894/894/894 891/891/891
f 894/894/894 892/892/892 891/891/891
f 890/890/890 893/893/893 894/894/894
f 895/895/895 820/820/820 892/892/892
f 820/820/820 895/895/895 822/822/822
f 822/822/822 895/895/895 896/896/896
f 895/895/895 897/897/897 896/896/896
f 897/897/897 895/895/895 892/892/892
f 897/897/897 898/898/898 896/896/896
f 898/898/898 897/897/897 899/899/899
f 898/898/898 900/900/900 896/896/896
f 900/900/900 898/898/898 901/901/901
f 898/898/898 902/902/902 901/901/901
f 898/898/898 899/899/899 902/902/902
f 901/901/901 902/902/902 903/903/903
f 902/902/902 904/904/904 903/903/903
f 903/903/903 904/904/904 905/905/905
f 902/902/902 906/906/906 904/904/904
f 899/899/899 906/906/906 902/902/902
f 904/904/904 907/907/907 905/905/905
f 906/906/906 907/907/907 904/904/904
f 907/907/907 906/906/906 905/905/905
f 906/906/906 908/908/908 905/905/905
f 906/906/906 899/899/899 908/908/908
f 899/899/899 909/909/909 908/908/908
f 909/909/909 899/899/899 910/910/910
f 897/897/897 911/911/911 899/899/899
f 899/899/899 911/911/911 910/910/910
f 910/910/910 911/911/911 912/912/912
f 911/911/911 897/897/897 892/892/892
f 911/911/911 892/892/892 912/912/912
f 912/912/912 892/892/892 913/913/913
f 892/892/892 894/894/894 913/913/913
f 914/914/914 913/913/913 894/894/894
f 915/915/915 914/914/914 894/894/894
f 893/893/893 915/915/915 894/894/894
f 914/914/914 915/915/915 916/916/916
f 893/893/893 917/917/917 915/915/915
f 917/917/917 893/893/893 875/875/875
f 915/915/915 918/918/918 916/916/916
f 916/916/916 918/918/918 919/919/919
f 917/917/917 875/875/875 920/920/920
f 917/917/917 920/920/920 921/921/921
f 920/920/920 875/875/875 889/889/889
f 920/920/920 889/889/889 921/921/921
f 917/917/917 922/922/922 915/915/915
f 918/918/918 915/915/915 922/922/922
f 922/922/922 917/917/917 921/921/921
f 918/918/918 923/923/923 919/919/919
f 923/923/923 918/918/918 924/924/924
f 919/919/919 923/923/923 925/925/925
f 923/923/923 926/926/926 925/925/925
f 923/923/923 924/924/924 926/926/926
f 925/925/925 926/926/926 927/927/927
f 889/889/889 928/928/928 921/921/921
f 928/928/928 889/889/889 888/888/888
f 929/929/929 918/918/918 922/922/922
f 918/918/918 929/929/929 924/924/924
f 929/929/929 922/922/922 930/930/930
f 924/924/924 929/929/929 930/930/930
f 922/922/922 931/931/931 930/930/930
f 931/931/931 922/922/922 921/921/921
f 932/932/932 931/931/931 921/921/921
f 933/933/933 932/932/932 921/921/921
f 928/928/928 933/933/933 921/921/921
f 934/934/934 924/924/924 930/930/930
f 924/924/924 934/934/934 935/935/935
f 933/933/933 928/928/928 936/936/936
f 937/937/937 924/924/924 935/935/935
f 937/937/937 935/935/935 938/938/938
f 924/924/924 937/937/937 926/926/926
f 939/939/939 937/937/937 938/938/938
f 926/926/926 937/937/937 939/939/939
f 939/939/939 938/938/938 927/927/927
f 926/926/926 940/940/940 927/927/927
f 940/940/940 939/939/939 927/927/927
f 940/940/940 926/926/926 939/939/939
f 928/928/928 941/941/941 936/936/936
f 941/941/941 942/942/942 936/936/936
f 942/942/942 943/943/943 936/936/936
f 943/943/943 942/942/942 944/944/944
f 941/941/941 928/928/928 945/945/945
f 945/945/945 928/928/928 888/888/888
f 881/881/881 945/945/945 888/888/888
f 942/942/942 946/946/946 944/944/944
f 944/944/944 946/946/946 947/947/947
f 946/946/946 948/948/948 947/947/947
f 947/947/947 948/948/948 949/949/949
f 950/950/950 948/948/948 946/946/946
f 948/948/948 950/950/950 949/949/949
f 951/951/951 950/950/950 946/946/946
f 950/950/950 951/951/951 949/949/949
f 951/951/951 946/946/946 942/942/942
f 951/951/951 952/952/952 949/949/949
f 953/953/953 951/951/951 942/942/942
f 951/951/951 953/953/953 952/952/952
f 942/942/942 941/941/941 953/953/953
f 953/953/953 954/954/954 952/952/952
f 954/954/954 953/953/953 955/955/955
f 941/941/941 956/956/956 953/953/953
f 953/953/953 956/956/956 955/955/955
f 956/956/956 941/941/941 945/945/945
f 956/956/956 945/945/945 955/955/955
f 945/945/945 957/957/957 955/955/955
f 957/957/957 945/945/945 881/881/881
f 958/958/958 957/957/957 881/881/881
f 959/959/959 958/958/958 881/881/881
f 880/880/880 959/959/959 881/881/881
f 959/959/959 880/880/880 960/960/960
f 880/880/880 886/886/886 960/960/960
f 960/960/960 886/886/886 961/961/961
f 886/886/886 962/962/962 961/961/961
f 961/961/961 962/962/962 963/963/963
f 886/886/886 878/878/878 962/962/962
f 962/962/962 964/964/964 963/963/963
f 963/963/963 964/964/964 965/965/965
f 878/878/878 966/966/966 962/962/962
f 962/962/962 966/966/966 964/964/964
f 966/966/966 878/878/878 879/879/879
f 966/966/966 879/879/879 967/967/967
f 968/968/968 966/966/966 967/967/967
f 966/966/966 968/968/968 964/964/964
f 968/968/968 967/967/967 969/969/969
f 964/964/964 970/970/970 965/965/965
f 965/965/965 970/970/970 969/969/969
f 964/964/964 968/968/968 970/970/970
f 970/970/970 971/971/971 969/969/969
f 968/968/968 971/971/971 970/970/970
f 971/971/971 968/968/968 969/969/969
f 974/974/974 973/973/973 972/972/972
f 973/973/973 975/975/975 972/972/972
f 972/972/972 975/975/975 976/976/976
f 973/973/973 977/977/977 975/975/975
f 975/975/975 978/978/978 976/976/976
f 979/979/979 976/976/976 978/978/978
f 980/980/980 979/979/979 978/978/978
f 981/981/981 980/980/980 978/978/978
f 979/979/979 980/980/980 982/982/982
f 978/978/978 975/975/975 983/983/983
f 983/983/983 981/981/981 978/978/978
f 977/977/977 984/984/984 975/975/975
f 975/975/975 984/984/984 983/983/983
f 980/980/980 985/985/985 982/982/982
f 982/982/982 985/985/985 986/986/986
f 987/987/987 980/980/980 981/981/981
f 985/985/985 980/980/980 987/987/987
f 987/987/987 981/981/981 988/988/988
f 977/977/977 989/989/989 984/984/984
f 977/977/977 990/990/990 989/989/989
f 990/990/990 991/991/991 989/989/989
f 991/991/991 992/992/992 989/989/989
f 984/984/984 993/993/993 983/983/983
f 993/993/993 981/981/981 983/983/983
f 984/984/984 989/989/989 994/994/994
f 992/992/992 994/994/994 989/989/989
f 993/993/993 984/984/984 994/994/994
f 981/981/981 993/993/993 995/995/995
f 993/993/993 994/994/994 995/995/995
f 992/992/992 996/996/996 994/994/994
f 996/996/996 995/995/995 994/994/994
f 992/992/992 997/997/997 996/996/996
f 981/981/981 995/995/995 998/998/998
f 988/988/988 981/981/981 998/998/998
f 996/996/996 999/999/999 995/995/995
f 997/997/997 999/999/999 996/996/996
f 999/999/999 998/998/998 995/995/995
f 999/999/999 997/997/997 1000/1000/1000
f 997/997/997 1001/1001/1001 1000/1000/1000
f 1000/1000/1000 1001/1001/1001 1002/1002/1002
f 998/998/998 999/999/999 1003/1003/1003
f 999/999/999 1000/1000/1000 1003/1003/1003
f 998/998/998 1003/1003/1003 988/988/988
f 1004/1004/1004 1000/1000/1000 1002/1002/1002
f 1003/1003/1003 1000/1000/1000 1004/1004/1004
f 1002/1002/1002 1005/1005/1005 1004/1004/1004
f 1006/1006/1006 1003/1003/1003 1004/1004/1004
f 1006/1006/1006 1004/1004/1004 1007/1007/1007
f 1005/1005/1005 1007/1007/1007 1004/1004/1004
f 1007/1007/1007 1005/1005/1005 1008/1008/1008
f 1009/1009/1009 1003/1003/1003 1006/1006/1006
f 1003/1003/1003 1009/1009/1009 988/988/988
f 1005/1005/1005 1010/1010/1010 1008/1008/1008
f 1011/1011/1011 1009/1009/1009 1006/1006/1006
f 1012/1012/1012 1009/1009/1009 1011/1011/1011
f 988/988/988 1009/1009/1009 1012/1012/1012
f 1008/1008/1008 1010/1010/1010 1013/1013/1013
f 1014/1014/1014 1012/1012/1012 1011/1011/1011
f 1014/1014/1014 1011/1011/1011 1015/1015/1015
f 1016/1016/1016 1007/1007/1007 1008/1008/1008
f 1016/1016/1016 1006/1006/1006 1007/1007/1007
f 1017/1017/1017 1008/1008/1008 1013/1013/1013
f 1017/1017/1017 1013/1013/1013 1018/1018/1018
f 1019/1019/1019 1016/1016/1016 1008/1008/1008
f 1017/1017/1017 1020/1020/1020 1008/1008/1008
f 1020/1020/1020 1019/1019/1019 1008/1008/1008
f 1021/1021/1021 1017/1017/1017 1018/1018/1018
f 1020/1020/1020 1017/1017/1017 1021/1021/1021
f 1022/1022/1022 1021/1021/1021 1018/1018/1018
f 1023/1023/1023 1022/1022/1022 1018/1018/1018
f 1022/1022/1022 1023/1023/1023 1024/1024/1024
f 1025/1025/1025 1020/1020/1020 1021/1021/1021
f 1025/1025/1025 1021/1021/1021 1022/1022/1022
f 1026/1026/1026 1022/1022/1022 1024/1024/1024
f 1026/1026/1026 1025/1025/1025 1022/1022/1022
f 1026/1026/1026 1024/1024/1024 1027/1027/1027
f 1025/1025/1025 1026/1026/1026 1027/1027/1027
f 1025/1025/1025 1027/1027/1027 1028/1028/1028
f 1020/1020/1020 1025/1025/1025 1028/1028/1028
f 1020/1020/1020 1028/1028/1028 1019/1019/1019
f 1028/1028/1028 1029/1029/1029 1019/1019/1019
f 1019/1019/1019 1029/1029/1029 1030/1030/1030
f 1016/1016/1016 1019/1019/1019 1030/1030/1030
f 1016/1016/1016 1030/1030/1030 1006/1006/1006
f 1030/1030/1030 1031/1031/1031 1006/1006/1006
f 1006/1006/1006 1031/1031/1031 1032/1032/1032
f 1033/1033/1033 1006/1006/1006 1032/1032/1032
f 1033/1033/1033 1032/1032/1032 1034/1034/1034
f 1032/1032/1032 1035/1035/1035 1034/1034/1034
f 1011/1011/1011 1006/1006/1006 1033/1033/1033
f 1034/1034/1034 1035/1035/1035 1036/1036/1036
f 1037/1037/1037 1033/1033/1033 1034/1034/1034
f 1037/1037/1037 1011/1011/1011 1033/1033/1033
f 1037/1037/1037 1038/1038/1038 1011/1011/1011
f 1038/1038/1038 1039/1039/1039 1011/1011/1011
f 1015/1015/1015 1011/1011/1011 1039/1039/1039
f 1040/1040/1040 1015/1015/1015 1039/1039/1039
f 1015/1015/1015 1040/1040/1040 1041/1041/1041
f 1040/1040/1040 1042/1042/1042 1041/1041/1041
f 1041/1041/1041 1042/1042/1042 1043/1043/1043
f 1037/1037/1037 1044/1044/1044 1038/1038/1038
f 1044/1044/1044 1037/1037/1037 1034/1034/1034
f 1045/1045/1045 1044/1044/1044 1034/1034/1034
f 1044/1044/1044 1046/1046/1046 1038/1038/1038
f 1044/1044/1044 1045/1045/1045 1046/1046/1046
f 1045/1045/1045 1047/1047/1047 1046/1046/1046
f 1047/1047/1047 1045/1045/1045 1048/1048/1048
f 1049/1049/1049 1015/1015/1015 1041/1041/1041
f 1049/1049/1049 1014/1014/1014 1015/1015/1015
f 1050/1050/1050 1041/1041/1041 1043/1043/1043
f 1050/1050/1050 1043/1043/1043 1051/1051/1051
f 1052/1052/1052 1045/1045/1045 1034/1034/1034
f 1052/1052/1052 1034/1034/1034 1036/1036/1036
f 1052/1052/1052 1036/1036/1036 1053/1053/1053
f 1052/1052/1052 1053/1053/1053 1045/1045/1045
f 1036/1036/1036 1054/1054/1054 1053/1053/1053
f 1045/1045/1045 1055/1055/1055 1048/1048/1048
f 1053/1053/1053 1055/1055/1055 1045/1045/1045
f 1055/1055/1055 1056/1056/1056 1048/1048/1048
f 1055/1055/1055 1053/1053/1053 1056/1056/1056
f 1056/1056/1056 1057/1057/1057 1048/1048/1048
f 1058/1058/1058 1053/1053/1053 1054/1054/1054
f 1053/1053/1053 1058/1058/1058 1056/1056/1056
f 1056/1056/1056 1058/1058/1058 1057/1057/1057
f 1059/1059/1059 1058/1058/1058 1054/1054/1054
f 1058/1058/1058 1059/1059/1059 1057/1057/1057
f 1050/1050/1050 1060/1060/1060 1041/1041/1041
f 1060/1060/1060 1061/1061/1061 1041/1041/1041
f 1061/1061/1061 1049/1049/1049 1041/1041/1041
f 1049/1049/1049 1061/1061/1061 1062/1062/1062
f 1049/1049/1049 1062/1062/1062 1014/1014/1014
f 1061/1061/1061 1063/1063/1063 1062/1062/1062
f 1061/1061/1061 1060/1060/1060 1063/1063/1063
f 1062/1062/1062 1064/1064/1064 1014/1014/1014
f 1060/1060/1060 1065/1065/1065 1063/1063/1063
f 1065/1065/1065 1060/1060/1060 1066/1066/1066
f 1014/1014/1014 1064/1064/1064 1067/1067/1067
f 1068/1068/1068 1060/1060/1060 1050/1050/1050
f 1060/1060/1060 1068/1068/1068 1066/1066/1066
f 1069/1069/1069 1068/1068/1068 1050/1050/1050
f 1069/1069/1069 1050/1050/1050 1051/1051/1051
f 1068/1068/1068 1070/1070/1070 1066/1066/1066
f 1070/1070/1070 1068/1068/1068 1069/1069/1069
f 1070/1070/1070 1071/1071/1071 1066/1066/1066
f 1072/1072/1072 1069/1069/1069 1051/1051/1051
f 1072/1072/1072 1070/1070/1070 1069/1069/1069
f 1070/1070/1070 1072/1072/1072 1071/1071/1071
f 1073/1073/1073 1072/1072/1072 1051/1051/1051
f 1072/1072/1072 1073/1073/1073 1071/1071/1071
f 1074/1074/1074 1014/1014/1014 1067/1067/1067
f 1074/1074/1074 1067/1067/1067 1075/1075/1075
f 1067/1067/1067 1076/1076/1076 1075/1075/1075
f 1077/1077/1077 1014/1014/1014 1074/1074/1074
f 1014/1014/1014 1077/1077/1077 1012/1012/1012
f 1078/1078/1078 1074/1074/1074 1075/1075/1075
f 1078/1078/1078 1077/1077/1077 1074/1074/1074
f 1075/1075/1075 1076/1076/1076 1079/1079/1079
f 1076/1076/1076 1080/1080/1080 1079/1079/1079
f 1079/1079/1079 1080/1080/1080 1081/1081/1081
f 1082/1082/1082 1078/1078/1078 1075/1075/1075
f 1075/1075/1075 1079/1079/1079 1082/1082/1082
f 1083/1083/1083 1077/1077/1077 1078/1078/1078
f 1084/1084/1084 1083/1083/1083 1078/1078/1078
f 1078/1078/1078 1082/1082/1082 1084/1084/1084
f 1082/1082/1082 1085/1085/1085 1084/1084/1084
f 1083/1083/1083 1086/1086/1086 1077/1077/1077
f 1082/1082/1082 1087/1087/1087 1085/1085/1085
f 1079/1079/1079 1087/1087/1087 1082/1082/1082
f 1087/1087/1087 1088/1088/1088 1085/1085/1085
f 1088/1088/1088 1087/1087/1087 1089/1089/1089
f 1090/1090/1090 1079/1079/1079 1081/1081/1081
f 1087/1087/1087 1079/1079/1079 1090/1090/1090
f 1086/1086/1086 1091/1091/1091 1077/1077/1077
f 1077/1077/1077 1091/1091/1091 1012/1012/1012
f 1087/1087/1087 1092/1092/1092 1089/1089/1089
f 1092/1092/1092 1087/1087/1087 1090/1090/1090
f 1093/1093/1093 1090/1090/1090 1081/1081/1081
f 1092/1092/1092 1090/1090/1090 1093/1093/1093
f 1094/1094/1094 1093/1093/1093 1081/1081/1081
f 1093/1093/1093 1094/1094/1094 1095/1095/1095
f 1096/1096/1096 1095/1095/1095 1089/1089/1089
f 1092/1092/1092 1096/1096/1096 1089/1089/1089
f 1096/1096/1096 1093/1093/1093 1095/1095/1095
f 1096/1096/1096 1092/1092/1092 1093/1093/1093
f 1091/1091/1091 1086/1086/1086 1097/1097/1097
f 1086/1086/1086 1098/1098/1098 1097/1097/1097
f 1098/1098/1098 1099/1099/1099 1097/1097/1097
f 1012/1012/1012 1091/1091/1091 1100/1100/1100
f 1091/1091/1091 1097/1097/1097 1100/1100/1100
f 1100/1100/1100 988/988/988 1012/1012/1012
f 988/988/988 1100/1100/1100 1101/1101/1101
f 1101/1101/1101 987/987/987 988/988/988
f 1101/1101/1101 985/985/985 987/987/987
f 1100/1100/1100 1102/1102/1102 1101/1101/1101
f 1100/1100/1100 1097/1097/1097 1102/1102/1102
f 985/985/985 1101/1101/1101 1102/1102/1102
f 1099/1099/1099 1103/1103/1103 1097/1097/1097
f 1097/1097/1097 1103/1103/1103 1102/1102/1102
f 1104/1104/1104 985/985/985 1102/1102/1102
f 1103/1103/1103 1104/1104/1104 1102/1102/1102
f 985/985/985 1104/1104/1104 986/986/986
f 1103/1103/1103 1099/1099/1099 1105/1105/1105
f 1103/1103/1103 1105/1105/1105 1104/1104/1104
f 1099/1099/1099 1106/1106/1106 1105/1105/1105
f 1105/1105/1105 1106/1106/1106 1107/1107/1107
f 1104/1104/1104 1108/1108/1108 986/986/986
f 1105/1105/1105 1108/1108/1108 1104/1104/1104
f 1108/1108/1108 1109/1109/1109 986/986/986
f 1110/1110/1110 1109/1109/1109 1108/1108/1108
f 1111/1111/1111 1105/1105/1105 1107/1107/1107
f 1108/1108/1108 1105/1105/1105 1111/1111/1111
f 1111/1111/1111 1107/1107/1107 1112/1112/1112
f 1113/1113/1113 1110/1110/1110 1108/1108/1108
f 1113/1113/1113 1108/1108/1108 1111/1111/1111
f 1110/1110/1110 1113/1113/1113 1114/1114/1114
f 1115/1115/1115 1111/1111/1111 1112/1112/1112
f 1113/1113/1113 1111/1111/1111 1115/1115/1115
f 1113/1113/1113 1116/1116/1116 1114/1114/1114
f 1116/1116/1116 1113/1113/1113 1115/1115/1115
f 1117/1117/1117 1115/1115/1115 1112/1112/1112
f 1116/1116/1116 1115/1115/1115 1117/1117/1117
f 1118/1118/1118 1117/1117/1117 1112/1112/1112
f 1117/1117/1117 1118/1118/1118 1119/1119/1119
f 1120/1120/1120 1119/1119/1119 1114/1114/1114
f 1116/1116/1116 1120/1120/1120 1114/1114/1114
f 1120/1120/1120 1117/1117/1117 1119/1119/1119
f 1120/1120/1120 1116/1116/1116 1117/1117/1117
f 1123/1123/1123 1122/1122/1122 1121/1121/1121
f 1124/1124/1124 1123/1123/1123 1121/1121/1121
f 1123/1123/1123 1124/1124/1124 1125/1125/1125
f 1124/1124/1124 1126/1126/1126 1125/1125/1125
f 1126/1126/1126 1127/1127/1127 1125/1125/1125
f 1127/1127/1127 1128/1128/1128 1125/1125/1125
f 1129/1129/1129 1127/1127/1127 1126/1126/1126
f 1130/1130/1130 1129/1129/1129 1126/1126/1126
f 1130/1130/1130 1126/1126/1126 1124/1124/1124
f 1131/1131/1131 1129/1129/1129 1130/1130/1130
f 1132/1132/1132 1130/1130/1130 1124/1124/1124
f 1132/1132/1132 1124/1124/1124 1121/1121/1121
f 1133/1133/1133 1131/1131/1131 1130/1130/1130
f 1133/1133/1133 1130/1130/1130 1132/1132/1132
f 1133/1133/1133 1134/1134/1134 1131/1131/1131
f 1134/1134/1134 1135/1135/1135 1131/1131/1131
f 1134/1134/1134 1136/1136/1136 1135/1135/1135
f 1136/1136/1136 1137/1137/1137 1135/1135/1135
f 1137/1137/1137 1136/1136/1136 1138/1138/1138
f 1139/1139/1139 1137/1137/1137 1138/1138/1138
f 1139/1139/1139 1138/1138/1138 1140/1140/1140
f 1141/1141/1141 1139/1139/1139 1140/1140/1140
f 1142/1142/1142 1140/1140/1140 1138/1138/1138
f 1143/1143/1143 1138/1138/1138 1136/1136/1136
f 1143/1143/1143 1142/1142/1142 1138/1138/1138
f 1136/1136/1136 1134/1134/1134 1144/1144/1144
f 1144/1144/1144 1143/1143/1143 1136/1136/1136
f 1143/1143/1143 1144/1144/1144 1145/1145/1145
f 1142/1142/1142 1143/1143/1143 1146/1146/1146
f 1146/1146/1146 1143/1143/1143 1145/1145/1145
f 1147/1147/1147 1142/1142/1142 1146/1146/1146
f 1134/1134/1134 1148/1148/1148 1144/1144/1144
f 1145/1145/1145 1144/1144/1144 1148/1148/1148
f 1134/1134/1134 1133/1133/1133 1148/1148/1148
f 1146/1146/1146 1149/1149/1149 1147/1147/1147
f 1146/1146/1146 1145/1145/1145 1149/1149/1149
f 1149/1149/1149 1150/1150/1150 1147/1147/1147
f 1145/1145/1145 1151/1151/1151 1149/1149/1149
f 1152/1152/1152 1151/1151/1151 1145/1145/1145
f 1153/1153/1153 1152/1152/1152 1145/1145/1145
f 1153/1153/1153 1145/1145/1145 1148/1148/1148
f 1154/1154/1154 1152/1152/1152 1153/1153/1153
f 1133/1133/1133 1155/1155/1155 1148/1148/1148
f 1153/1153/1153 1148/1148/1148 1155/1155/1155
f 1155/1155/1155 1133/1133/1133 1132/1132/1132
f 1156/1156/1156 1154/1154/1154 1153/1153/1153
f 1156/1156/1156 1153/1153/1153 1155/1155/1155
f 1155/1155/1155 1132/1132/1132 1157/1157/1157
f 1156/1156/1156 1155/1155/1155 1157/1157/1157
f 1154/1154/1154 1156/1156/1156 1157/1157/1157
f 1157/1157/1157 1132/1132/1132 1121/1121/1121
f 1158/1158/1158 1154/1154/1154 1157/1157/1157
f 1157/1157/1157 1121/1121/1121 1158/1158/1158
f 1121/1121/1121 1159/1159/1159 1158/1158/1158
f 1162/1162/1162 1161/1161/1161 1160/1160/1160
f 1161/1161/1161 1163/1163/1163 1160/1160/1160
f 1161/1161/1161 1164/1164/1164 1163/1163/1163
f 1160/1160/1160 1163/1163/1163 1165/1165/1165
f 1164/1164/1164 1166/1166/1166 1163/1163/1163
f 1164/1164/1164 1167/1167/1167 1166/1166/1166
f 1163/1163/1163 1168/1168/1168 1165/1165/1165
f 1165/1165/1165 1168/1168/1168 1169/1169/1169
f 1170/1170/1170 1165/1165/1165 1169/1169/1169
f 1170/1170/1170 1169/1169/1169 1171/1171/1171
f 1169/1169/1169 1172/1172/1172 1171/1171/1171
f 1173/1173/1173 1172/1172/1172 1169/1169/1169
f 1168/1168/1168 1163/1163/1163 1174/1174/1174
f 1163/1163/1163 1166/1166/1166 1174/1174/1174
f 1175/1175/1175 1169/1169/1169 1168/1168/1168
f 1174/1174/1174 1175/1175/1175 1168/1168/1168
f 1176/1176/1176 1173/1173/1173 1169/1169/1169
f 1177/1177/1177 1173/1173/1173 1176/1176/1176
f 1177/1177/1177 1176/1176/1176 1178/1178/1178
f 1179/1179/1179 1176/1176/1176 1169/1169/1169
f 1176/1176/1176 1179/1179/1179 1178/1178/1178
f 1175/1175/1175 1179/1179/1179 1169/1169/1169
f 1180/1180/1180 1178/1178/1178 1179/1179/1179
f 1181/1181/1181 1179/1179/1179 1175/1175/1175
f 1181/1181/1181 1180/1180/1180 1179/1179/1179
f 1182/1182/1182 1175/1175/1175 1174/1174/1174
f 1182/1182/1182 1181/1181/1181 1175/1175/1175
f 1183/1183/1183 1174/1174/1174 1166/1166/1166
f 1183/1183/1183 1182/1182/1182 1174/1174/1174
f 1181/1181/1181 1184/1184/1184 1180/1180/1180
f 1184/1184/1184 1185/1185/1185 1180/1180/1180
f 1181/1181/1181 1182/1182/1182 1186/1186/1186
f 1184/1184/1184 1181/1181/1181 1186/1186/1186
f 1184/1184/1184 1187/1187/1187 1185/1185/1185
f 1187/1187/1187 1188/1188/1188 1185/1185/1185
f 1189/1189/1189 1183/1183/1183 1166/1166/1166
f 1167/1167/1167 1189/1189/1189 1166/1166/1166
f 1189/1189/1189 1167/1167/1167 1190/1190/1190
f 1189/1189/1189 1190/1190/1190 1183/1183/1183
f 1167/1167/1167 1191/1191/1191 1190/1190/1190
f 1183/1183/1183 1192/1192/1192 1182/1182/1182
f 1190/1190/1190 1192/1192/1192 1183/1183/1183
f 1192/1192/1192 1186/1186/1186 1182/1182/1182
f 1190/1190/1190 1191/1191/1191 1193/1193/1193
f 1190/1190/1190 1193/1193/1193 1192/1192/1192
f 1191/1191/1191 1194/1194/1194 1193/1193/1193
f 1193/1193/1193 1194/1194/1194 1195/1195/1195
f 1184/1184/1184 1186/1186/1186 1196/1196/1196
f 1187/1187/1187 1184/1184/1184 1196/1196/1196
f 1192/1192/1192 1197/1197/1197 1186/1186/1186
f 1193/1193/1193 1197/1197/1197 1192/1192/1192
f 1197/1197/1197 1196/1196/1196 1186/1186/1186
f 1198/1198/1198 1193/1193/1193 1195/1195/1195
f 1197/1197/1197 1193/1193/1193 1198/1198/1198
f 1198/1198/1198 1195/1195/1195 1199/1199/1199
f 1200/1200/1200 1198/1198/1198 1199/1199/1199
f 1201/1201/1201 1197/1197/1197 1198/1198/1198
f 1201/1201/1201 1198/1198/1198 1200/1200/1200
f 1197/1197/1197 1201/1201/1201 1196/1196/1196
f 1202/1202/1202 1201/1201/1201 1200/1200/1200
f 1201/1201/1201 1203/1203/1203 1196/1196/1196
f 1201/1201/1201 1202/1202/1202 1203/1203/1203
f 1196/1196/1196 1203/1203/1203 1187/1187/1187
f 1202/1202/1202 1204/1204/1204 1203/1203/1203
f 1203/1203/1203 1205/1205/1205 1187/1187/1187
f 1203/1203/1203 1204/1204/1204 1205/1205/1205
f 1188/1188/1188 1187/1187/1187 1205/1205/1205
f 1204/1204/1204 1206/1206/1206 1205/1205/1205
f 1207/1207/1207 1188/1188/1188 1205/1205/1205
f 1205/1205/1205 1206/1206/1206 1208/1208/1208
f 1207/1207/1207 1205/1205/1205 1208/1208/1208
f 1211/1211/1211 1210/1210/1210 1209/1209/1209
f 1210/1210/1210 1212/1212/1212 1209/1209/1209
f 1209/1209/1209 1212/1212/1212 1213/1213/1213
f 1214/1214/1214 1212/1212/1212 1210/1210/1210
f 1215/1215/1215 1214/1214/1214 1210/1210/1210
f 1212/1212/1212 1216/1216/1216 1213/1213/1213
f 1217/1217/1217 1213/1213/1213 1216/1216/1216
f 1218/1218/1218 1216/1216/1216 1212/1212/1212
f 1214/1214/1214 1218/1218/1218 1212/1212/1212
f 1219/1219/1219 1214/1214/1214 1215/1215/1215
f 1220/1220/1220 1219/1219/1219 1215/1215/1215
f 1221/1221/1221 1217/1217/1217 1216/1216/1216
f 1216/1216/1216 1218/1218/1218 1221/1221/1221
f 1214/1214/1214 1219/1219/1219 1222/1222/1222
f 1218/1218/1218 1214/1214/1214 1222/1222/1222
f 1223/1223/1223 1219/1219/1219 1220/1220/1220
f 1222/1222/1222 1219/1219/1219 1223/1223/1223
f 1224/1224/1224 1223/1223/1223 1220/1220/1220
f 1225/1225/1225 1222/1222/1222 1223/1223/1223
f 1226/1226/1226 1218/1218/1218 1222/1222/1222
f 1218/1218/1218 1226/1226/1226 1221/1221/1221
f 1227/1227/1227 1222/1222/1222 1225/1225/1225
f 1227/1227/1227 1226/1226/1226 1222/1222/1222
f 1228/1228/1228 1227/1227/1227 1225/1225/1225
f 1217/1217/1217 1221/1221/1221 1229/1229/1229
f 1230/1230/1230 1217/1217/1217 1229/1229/1229
f 1221/1221/1221 1226/1226/1226 1231/1231/1231
f 1226/1226/1226 1227/1227/1227 1231/1231/1231
f 1229/1229/1229 1221/1221/1221 1231/1231/1231
f 1227/1227/1227 1228/1228/1228 1232/1232/1232
f 1227/1227/1227 1232/1232/1232 1231/1231/1231
f 1228/1228/1228 1233/1233/1233 1232/1232/1232
f 1229/1229/1229 1234/1234/1234 1230/1230/1230
f 1234/1234/1234 1235/1235/1235 1230/1230/1230
f 1234/1234/1234 1229/1229/1229 1236/1236/1236
f 1229/1229/1229 1231/1231/1231 1236/1236/1236
f 1236/1236/1236 1231/1231/1231 1232/1232/1232
f 1237/1237/1237 1236/1236/1236 1232/1232/1232
f 1232/1232/1232 1233/1233/1233 1237/1237/1237
f 1233/1233/1233 1238/1238/1238 1237/1237/1237
f 1241/1241/1241 1240/1240/1240 1239/1239/1239
f 1240/1240/1240 1242/1242/1242 1239/1239/1239
f 1239/1239/1239 1242/1242/1242 1243/1243/1243
f 1244/1244/1244 1239/1239/1239 1243/1243/1243
f 1244/1244/1244 1243/1243/1243 1245/1245/1245
f 1246/1246/1246 1242/1242/1242 1240/1240/1240
f 1247/1247/1247 1246/1246/1246 1240/1240/1240
f 1243/1243/1243 1248/1248/1248 1245/1245/1245
f 1249/1249/1249 1245/1245/1245 1248/1248/1248
f 1250/1250/1250 1249/1249/1249 1248/1248/1248
f 1251/1251/1251 1243/1243/1243 1242/1242/1242
f 1243/1243/1243 1251/1251/1251 1248/1248/1248
f 1246/1246/1246 1251/1251/1251 1242/1242/1242
f 1248/1248/1248 1252/1252/1252 1250/1250/1250
f 1251/1251/1251 1252/1252/1252 1248/1248/1248
f 1252/1252/1252 1251/1251/1251 1253/1253/1253
f 1252/1252/1252 1254/1254/1254 1250/1250/1250
f 1254/1254/1254 1252/1252/1252 1253/1253/1253
f 1255/1255/1255 1254/1254/1254 1253/1253/1253
f 1256/1256/1256 1255/1255/1255 1253/1253/1253
f 1257/1257/1257 1256/1256/1256 1253/1253/1253
f 1257/1257/1257 1253/1253/1253 1258/1258/1258
f 1251/1251/1251 1259/1259/1259 1253/1253/1253
f 1253/1253/1253 1259/1259/1259 1258/1258/1258
f 1259/1259/1259 1251/1251/1251 1246/1246/1246
f 1258/1258/1258 1259/1259/1259 1260/1260/1260
f 1261/1261/1261 1259/1259/1259 1246/1246/1246
f 1259/1259/1259 1261/1261/1261 1260/1260/1260
f 1246/1246/1246 1247/1247/1247 1261/1261/1261
f 1262/1262/1262 1260/1260/1260 1261/1261/1261
f 1247/1247/1247 1263/1263/1263 1261/1261/1261
f 1263/1263/1263 1262/1262/1262 1261/1261/1261
f 1266/1266/1266 1265/1265/1265 1264/1264/1264
f 1265/1265/1265 1267/1267/1267 1264/1264/1264
f 1268/1268/1268 1267/1267/1267 1265/1265/1265
f 1269/1269/1269 1268/1268/1268 1265/1265/1265
f 1270/1270/1270 1268/1268/1268 1269/1269/1269
f 1271/1271/1271 1270/1270/1270 1269/1269/1269
f 1270/1270/1270 1271/1271/1271 1272/1272/1272
f 1271/1271/1271 1273/1273/1273 1272/1272/1272
f 1272/1272/1272 1273/1273/1273 1274/1274/1274
f 1273/1273/1273 1275/1275/1275 1274/1274/1274
f 1278/1278/1278 1277/1277/1277 1276/1276/1276
f 1279/1279/1279 1278/1278/1278 1276/1276/1276
f 1279/1279/1279 1276/1276/1276 1280/1280/1280
f 1276/1276/1276 1281/1281/1281 1280/1280/1280
f 1280/1280/1280 1281/1281/1281 1282/1282/1282
f 1281/1281/1281 1283/1283/1283 1282/1282/1282
f 1284/1284/1284 1282/1282/1282 1283/1283/1283
f 1285/1285/1285 1284/1284/1284 1283/1283/1283
f 1288/1288/1288 1287/1287/1287 1286/1286/1286
f 1287/1287/1287 1289/1289/1289 1286/1286/1286
f 1289/1289/1289 1287/1287/1287 1290/1290/1290
f 1291/1291/1291 1289/1289/1289 1290/1290/1290
f 1292/1292/1292 1291/1291/1291 1290/1290/1290
f 1293/1293/1293 1292/1292/1292 1290/1290/1290
f 1292/1292/1292 1294/1294/1294 1291/1291/1291
f 1294/1294/1294 1295/1295/1295 1291/1291/1291
f 1291/1291/1291 1295/1295/1295 1289/1289/1289
f 1294/1294/1294 1296/1296/1296 1295/1295/1295
f 1295/1295/1295 1297/1297/1297 1289/1289/1289
f 1289/1289/1289 1297/1297/1297 1286/1286/1286
f 1296/1296/1296 1298/1298/1298 1295/1295/1295
f 1295/1295/1295 1298/1298/1298 1297/1297/1297
f 1299/1299/1299 1298/1298/1298 1296/1296/1296
f 1300/1300/1300 1299/1299/1299 1296/1296/1296
f 1301/1301/1301 1299/1299/1299 1300/1300/1300
f 1302/1302/1302 1301/1301/1301 1300/1300/1300
f 1301/1301/1301 1302/1302/1302 1303/1303/1303
f 1302/1302/1302 1304/1304/1304 1303/1303/1303
f 1303/1303/1303 1304/1304/1304 1305/1305/1305
f 1304/1304/1304 1306/1306/1306 1305/1305/1305
f 1305/1305/1305 1307/1307/1307 1303/1303/1303
f 1303/1303/1303 1308/1308/1308 1301/1301/1301
f 1307/1307/1307 1308/1308/1308 1303/1303/1303
f 1299/1299/1299 1301/1301/1301 1309/1309/1309
f 1308/1308/1308 1309/1309/1309 1301/1301/1301
f 1309/1309/1309 1308/1308/1308 1310/1310/1310
f 1308/1308/1308 1307/1307/1307 1311/1311/1311
f 1308/1308/1308 1311/1311/1311 1310/1310/1310
f 1307/1307/1307 1312/1312/1312 1311/1311/1311
f 1313/1313/1313 1299/1299/1299 1309/1309/1309
f 1309/1309/1309 1310/1310/1310 1313/1313/1313
f 1298/1298/1298 1299/1299/1299 1313/1313/1313
f 1314/1314/1314 1311/1311/1311 1312/1312/1312
f 1310/1310/1310 1311/1311/1311 1314/1314/1314
f 1315/1315/1315 1314/1314/1314 1312/1312/1312
f 1316/1316/1316 1310/1310/1310 1314/1314/1314
f 1316/1316/1316 1317/1317/1317 1310/1310/1310
f 1317/1317/1317 1318/1318/1318 1310/1310/1310
f 1310/1310/1310 1318/1318/1318 1313/1313/1313
f 1317/1317/1317 1319/1319/1319 1318/1318/1318
f 1320/1320/1320 1298/1298/1298 1313/1313/1313
f 1313/1313/1313 1318/1318/1318 1320/1320/1320
f 1298/1298/1298 1320/1320/1320 1297/1297/1297
f 1319/1319/1319 1321/1321/1321 1318/1318/1318
f 1318/1318/1318 1321/1321/1321 1320/1320/1320
f 1297/1297/1297 1320/1320/1320 1322/1322/1322
f 1320/1320/1320 1321/1321/1321 1322/1322/1322
f 1321/1321/1321 1319/1319/1319 1322/1322/1322
f 1297/1297/1297 1322/1322/1322 1286/1286/1286
f 1319/1319/1319 1323/1323/1323 1322/1322/1322
f 1286/1286/1286 1322/1322/1322 1323/1323/1323
f 1324/1324/1324 1286/1286/1286 1323/1323/1323
f 1327/1327/1327 1326/1326/1326 1325/1325/1325
f 1328/1328/1328 1327/1327/1327 1325/1325/1325
f 1329/1329/1329 1327/1327/1327 1328/1328/1328
f 1328/1328/1328 1325/1325/1325 1330/1330/1330
f 1331/1331/1331 1329/1329/1329 1328/1328/1328
f 1332/1332/1332 1329/1329/1329 1331/1331/1331
f 1333/1333/1333 1328/1328/1328 1330/1330/1330
f 1333/1333/1333 1330/1330/1330 1334/1334/1334
f 1330/1330/1330 1335/1335/1335 1334/1334/1334
f 1334/1334/1334 1335/1335/1335 1336/1336/1336
f 1337/1337/1337 1334/1334/1334 1336/1336/1336
f 1337/1337/1337 1338/1338/1338 1334/1334/1334
f 1328/1328/1328 1333/1333/1333 1339/1339/1339
f 1331/1331/1331 1328/1328/1328 1339/1339/1339
f 1334/1334/1334 1340/1340/1340 1333/1333/1333
f 1340/1340/1340 1339/1339/1339 1333/1333/1333
f 1338/1338/1338 1341/1341/1341 1334/1334/1334
f 1338/1338/1338 1342/1342/1342 1341/1341/1341
f 1341/1341/1341 1342/1342/1342 1343/1343/1343
f 1341/1341/1341 1344/1344/1344 1334/1334/1334
f 1344/1344/1344 1341/1341/1341 1343/1343/1343
f 1344/1344/1344 1340/1340/1340 1334/1334/1334
f 1343/1343/1343 1345/1345/1345 1344/1344/1344
f 1344/1344/1344 1346/1346/1346 1340/1340/1340
f 1345/1345/1345 1346/1346/1346 1344/1344/1344
f 1340/1340/1340 1347/1347/1347 1339/1339/1339
f 1346/1346/1346 1347/1347/1347 1340/1340/1340
f 1339/1339/1339 1348/1348/1348 1331/1331/1331
f 1347/1347/1347 1348/1348/1348 1339/1339/1339
f 1349/1349/1349 1346/1346/1346 1345/1345/1345
f 1350/1350/1350 1349/1349/1349 1345/1345/1345
f 1347/1347/1347 1346/1346/1346 1351/1351/1351
f 1346/1346/1346 1349/1349/1349 1351/1351/1351
f 1352/1352/1352 1349/1349/1349 1350/1350/1350
f 1353/1353/1353 1352/1352/1352 1350/1350/1350
f 1348/1348/1348 1354/1354/1354 1331/1331/1331
f 1354/1354/1354 1332/1332/1332 1331/1331/1331
f 1332/1332/1332 1354/1354/1354 1355/1355/1355
f 1355/1355/1355 1354/1354/1354 1348/1348/1348
f 1356/1356/1356 1332/1332/1332 1355/1355/1355
f 1357/1357/1357 1348/1348/1348 1347/1347/1347
f 1357/1357/1357 1355/1355/1355 1348/1348/1348
f 1351/1351/1351 1357/1357/1357 1347/1347/1347
f 1356/1356/1356 1355/1355/1355 1358/1358/1358
f 1358/1358/1358 1355/1355/1355 1357/1357/1357
f 1359/1359/1359 1356/1356/1356 1358/1358/1358
f 1359/1359/1359 1358/1358/1358 1360/1360/1360
f 1351/1351/1351 1349/1349/1349 1361/1361/1361
f 1349/1349/1349 1352/1352/1352 1361/1361/1361
f 1362/1362/1362 1357/1357/1357 1351/1351/1351
f 1362/1362/1362 1358/1358/1358 1357/1357/1357
f 1361/1361/1361 1362/1362/1362 1351/1351/1351
f 1358/1358/1358 1363/1363/1363 1360/1360/1360
f 1358/1358/1358 1362/1362/1362 1363/1363/1363
f 1360/1360/1360 1363/1363/1363 1364/1364/1364
f 1363/1363/1363 1365/1365/1365 1364/1364/1364
f 1362/1362/1362 1366/1366/1366 1363/1363/1363
f 1363/1363/1363 1366/1366/1366 1365/1365/1365
f 1366/1366/1366 1362/1362/1362 1361/1361/1361
f 1366/1366/1366 1367/1367/1367 1365/1365/1365
f 1368/1368/1368 1366/1366/1366 1361/1361/1361
f 1367/1367/1367 1366/1366/1366 1368/1368/1368
f 1368/1368/1368 1361/1361/1361 1352/1352/1352
f 1369/1369/1369 1367/1367/1367 1368/1368/1368
f 1370/1370/1370 1368/1368/1368 1352/1352/1352
f 1369/1369/1369 1368/1368/1368 1370/1370/1370
f 1352/1352/1352 1353/1353/1353 1370/1370/1370
f 1371/1371/1371 1369/1369/1369 1370/1370/1370
f 1353/1353/1353 1372/1372/1372 1370/1370/1370
f 1371/1371/1371 1370/1370/1370 1373/1373/1373
f 1370/1370/1370 1372/1372/1372 1373/1373/1373
f 1376/1376/1376 1375/1375/1375 1374/1374/1374
f 1377/1377/1377 1376/1376/1376 1374/1374/1374
f 1377/1377/1377 1374/1374/1374 1378/1378/1378
f 1377/1377/1377 1379/1379/1379 1376/1376/1376
f 1379/1379/1379 1380/1380/1380 1376/1376/1376
f 1381/1381/1381 1377/1377/1377 1378/1378/1378
f 1378/1378/1378 1382/1382/1382 1381/1381/1381
f 1381/1381/1381 1383/1383/1383 1377/1377/1377
f 1383/1383/1383 1379/1379/1379 1377/1377/1377
f 1379/1379/1379 1384/1384/1384 1380/1380/1380
f 1384/1384/1384 1385/1385/1385 1380/1380/1380
f 1382/1382/1382 1386/1386/1386 1381/1381/1381
f 1383/1383/1383 1381/1381/1381 1386/1386/1386
f 1379/1379/1379 1383/1383/1383 1387/1387/1387
f 1384/1384/1384 1379/1379/1379 1387/1387/1387
f 1384/1384/1384 1388/1388/1388 1385/1385/1385
f 1384/1384/1384 1387/1387/1387 1388/1388/1388
f 1388/1388/1388 1389/1389/1389 1385/1385/1385
f 1387/1387/1387 1390/1390/1390 1388/1388/1388
f 1383/1383/1383 1391/1391/1391 1387/1387/1387
f 1391/1391/1391 1383/1383/1383 1386/1386/1386
f 1387/1387/1387 1392/1392/1392 1390/1390/1390
f 1391/1391/1391 1392/1392/1392 1387/1387/1387
f 1392/1392/1392 1393/1393/1393 1390/1390/1390
f 1386/1386/1386 1382/1382/1382 1394/1394/1394
f 1382/1382/1382 1395/1395/1395 1394/1394/1394
f 1391/1391/1391 1386/1386/1386 1396/1396/1396
f 1392/1392/1392 1391/1391/1391 1396/1396/1396
f 1386/1386/1386 1394/1394/1394 1396/1396/1396
f 1393/1393/1393 1392/1392/1392 1397/1397/1397
f 1397/1397/1397 1392/1392/1392 1396/1396/1396
f 1398/1398/1398 1393/1393/1393 1397/1397/1397
f 1399/1399/1399 1394/1394/1394 1395/1395/1395
f 1400/1400/1400 1399/1399/1399 1395/1395/1395
f 1394/1394/1394 1399/1399/1399 1401/1401/1401
f 1396/1396/1396 1394/1394/1394 1401/1401/1401
f 1396/1396/1396 1401/1401/1401 1397/1397/1397
f 1401/1401/1401 1402/1402/1402 1397/1397/1397
f 1398/1398/1398 1397/1397/1397 1402/1402/1402
f 1403/1403/1403 1398/1398/1398 1402/1402/1402
f 1406/1406/1406 1405/1405/1405 1404/1404/1404
f 1407/1407/1407 1406/1406/1406 1404/1404/1404
f 1407/1407/1407 1404/1404/1404 1408/1408/1408
f 1404/1404/1404 1409/1409/1409 1408/1408/1408
f 1408/1408/1408 1409/1409/1409 1410/1410/1410
f 1407/1407/1407 1411/1411/1411 1406/1406/1406
f 1411/1411/1411 1412/1412/1412 1406/1406/1406
f 1413/1413/1413 1408/1408/1408 1410/1410/1410
f 1410/1410/1410 1414/1414/1414 1413/1413/1413
f 1414/1414/1414 1415/1415/1415 1413/1413/1413
f 1408/1408/1408 1416/1416/1416 1407/1407/1407
f 1416/1416/1416 1408/1408/1408 1413/1413/1413
f 1416/1416/1416 1411/1411/1411 1407/1407/1407
f 1417/1417/1417 1413/1413/1413 1415/1415/1415
f 1417/1417/1417 1416/1416/1416 1413/1413/1413
f 1416/1416/1416 1417/1417/1417 1418/1418/1418
f 1419/1419/1419 1417/1417/1417 1415/1415/1415
f 1417/1417/1417 1419/1419/1419 1418/1418/1418
f 1419/1419/1419 1420/1420/1420 1418/1418/1418
f 1420/1420/1420 1421/1421/1421 1418/1418/1418
f 1421/1421/1421 1422/1422/1422 1418/1418/1418
f 1418/1418/1418 1422/1422/1422 1423/1423/1423
f 1424/1424/1424 1416/1416/1416 1418/1418/1418
f 1424/1424/1424 1418/1418/1418 1423/1423/1423
f 1416/1416/1416 1424/1424/1424 1411/1411/1411
f 1424/1424/1424 1423/1423/1423 1425/1425/1425
f 1424/1424/1424 1426/1426/1426 1411/1411/1411
f 1426/1426/1426 1424/1424/1424 1425/1425/1425
f 1412/1412/1412 1411/1411/1411 1426/1426/1426
f 1425/1425/1425 1427/1427/1427 1426/1426/1426
f 1428/1428/1428 1412/1412/1412 1426/1426/1426
f 1427/1427/1427 1428/1428/1428 1426/1426/1426
f 1431/1431/1431 1430/1430/1430 1429/1429/1429
f 1432/1432/1432 1431/1431/1431 1429/1429/1429
f 1432/1432/1432 1433/1433/1433 1431/1431/1431
f 1433/1433/1433 1434/1434/1434 1431/1431/1431
f 1433/1433/1433 1435/1435/1435 1434/1434/1434
f 1435/1435/1435 1436/1436/1436 1434/1434/1434
f 1436/1436/1436 1435/1435/1435 1437/1437/1437
f 1438/1438/1438 1436/1436/1436 1437/1437/1437
f 1438/1438/1438 1437/1437/1437 1439/1439/1439
f 1440/1440/1440 1438/1438/1438 1439/1439/1439
f 1443/1443/1443 1442/1442/1442 1441/1441/1441
f 1442/1442/1442 1444/1444/1444 1441/1441/1441
f 1441/1441/1441 1444/1444/1444 1445/1445/1445
f 1446/1446/1446 1441/1441/1441 1445/1445/1445
f 1446/1446/1446 1445/1445/1445 1447/1447/1447
f 1448/1448/1448 1446/1446/1446 1447/1447/1447
f 1447/1447/1447 1449/1449/1449 1448/1448/1448
f 1449/1449/1449 1450/1450/1450 1448/1448/1448
f 1453/1453/1453 1452/1452/1452 1451/1451/1451
f 1454/1454/1454 1453/1453/1453 1451/1451/1451
f 1455/1455/1455 1453/1453/1453 1454/1454/1454
f 1456/1456/1456 1455/1455/1455 1454/1454/1454
f 1456/1456/1456 1454/1454/1454 1457/1457/1457
f 1454/1454/1454 1458/1458/1458 1457/1457/1457
f 1451/1451/1451 1458/1458/1458 1454/1454/1454
f 1457/1457/1457 1458/1458/1458 1459/1459/1459
f 1458/1458/1458 1460/1460/1460 1459/1459/1459
f 1451/1451/1451 1460/1460/1460 1458/1458/1458
f 1459/1459/1459 1460/1460/1460 1461/1461/1461
f 1451/1451/1451 1462/1462/1462 1460/1460/1460
f 1460/1460/1460 1462/1462/1462 1461/1461/1461
f 1462/1462/1462 1463/1463/1463 1461/1461/1461
f 1463/1463/1463 1464/1464/1464 1461/1461/1461
f 1463/1463/1463 1462/1462/1462 1465/1465/1465
f 1462/1462/1462 1451/1451/1451 1465/1465/1465
f 1465/1465/1465 1451/1451/1451 1466/1466/1466
f 1467/1467/1467 1465/1465/1465 1466/1466/1466
f 1466/1466/1466 1468/1468/1468 1467/1467/1467
f 1468/1468/1468 1469/1469/1469 1467/1467/1467
f 1469/1469/1469 1468/1468/1468 1470/1470/1470
f 1471/1471/1471 1469/1469/1469 1470/1470/1470
f 1471/1471/1471 1470/1470/1470 1472/1472/1472
f 1473/1473/1473 1471/1471/1471 1472/1472/1472
f 1470/1470/1470 1474/1474/1474 1472/1472/1472
f 1474/1474/1474 1470/1470/1470 1468/1468/1468
f 1474/1474/1474 1475/1475/1475 1472/1472/1472
f 1474/1474/1474 1476/1476/1476 1475/1475/1475
f 1468/1468/1468 1476/1476/1476 1474/1474/1474
f 1476/1476/1476 1477/1477/1477 1475/1475/1475
f 1476/1476/1476 1478/1478/1478 1477/1477/1477
f 1468/1468/1468 1478/1478/1478 1476/1476/1476
f 1478/1478/1478 1479/1479/1479 1477/1477/1477
f 1480/1480/1480 1479/1479/1479 1478/1478/1478
f 1481/1481/1481 1480/1480/1480 1478/1478/1478
f 1481/1481/1481 1478/1478/1478 1468/1468/1468
f 1482/1482/1482 1481/1481/1481 1468/1468/1468
f 1485/1485/1485 1484/1484/1484 1483/1483/1483
f 1484/1484/1484 1486/1486/1486 1483/1483/1483
f 1486/1486/1486 1487/1487/1487 1483/1483/1483
f 1487/1487/1487 1486/1486/1486 1488/1488/1488
f 1486/1486/1486 1489/1489/1489 1488/1488/1488
f 1490/1490/1490 1488/1488/1488 1489/1489/1489
f 1491/1491/1491 1490/1490/1490 1489/1489/1489
f 1490/1490/1490 1491/1491/1491 1492/1492/1492
f 1495/1495/1495 1494/1494/1494 1493/1493/1493
f 1496/1496/1496 1495/1495/1495 1493/1493/1493
f 1496/1496/1496 1493/1493/1493 1497/1497/1497
f 1495/1495/1495 1496/1496/1496 1498/1498/1498
f 1499/1499/1499 1496/1496/1496 1497/1497/1497
f 1499/1499/1499 1497/1497/1497 1500/1500/1500
f 1501/1501/1501 1499/1499/1499 1500/1500/1500
f 1496/1496/1496 1499/1499/1499 1502/1502/1502
f 1496/1496/1496 1502/1502/1502 1498/1498/1498
f 1499/1499/1499 1501/1501/1501 1503/1503/1503
f 1499/1499/1499 1503/1503/1503 1502/1502/1502
f 1501/1501/1501 1504/1504/1504 1503/1503/1503
f 1502/1502/1502 1505/1505/1505 1498/1498/1498
f 1502/1502/1502 1503/1503/1503 1505/1505/1505
f 1503/1503/1503 1504/1504/1504 1506/1506/1506
f 1503/1503/1503 1506/1506/1506 1505/1505/1505
f 1504/1504/1504 1507/1507/1507 1506/1506/1506
f 1505/1505/1505 1508/1508/1508 1498/1498/1498
f 1505/1505/1505 1506/1506/1506 1508/1508/1508
f 1508/1508/1508 1509/1509/1509 1498/1498/1498
f 1509/1509/1509 1508/1508/1508 1510/1510/1510
f 1506/1506/1506 1507/1507/1507 1511/1511/1511
f 1506/1506/1506 1511/1511/1511 1508/1508/1508
f 1507/1507/1507 1512/1512/1512 1511/1511/1511
f 1508/1508/1508 1511/1511/1511 1513/1513/1513
f 1508/1508/1508 1513/1513/1513 1510/1510/1510
f 1511/1511/1511 1512/1512/1512 1514/1514/1514
f 1511/1511/1511 1514/1514/1514 1513/1513/1513
f 1512/1512/1512 1515/1515/1515 1514/1514/1514
f 1516/1516/1516 1510/1510/1510 1513/1513/1513
f 1516/1516/1516 1513/1513/1513 1514/1514/1514
f 1517/1517/1517 1514/1514/1514 1515/1515/1515
f 1517/1517/1517 1516/1516/1516 1514/1514/1514
f 1518/1518/1518 1517/1517/1517 1515/1515/1515
f 1517/1517/1517 1518/1518/1518 1519/1519/1519
f 1517/1517/1517 1519/1519/1519 1516/1516/1516
f 1518/1518/1518 1520/1520/1520 1519/1519/1519
f 1519/1519/1519 1520/1520/1520 1521/1521/1521
f 1522/1522/1522 1519/1519/1519 1521/1521/1521
f 1516/1516/1516 1523/1523/1523 1510/1510/1510
f 1519/1519/1519 1523/1523/1523 1516/1516/1516
f 1523/1523/1523 1519/1519/1519 1522/1522/1522
f 1523/1523/1523 1524/1524/1524 1510/1510/1510
f 1525/1525/1525 1523/1523/1523 1522/1522/1522
f 1524/1524/1524 1523/1523/1523 1525/1525/1525
f 1526/1526/1526 1524/1524/1524 1525/1525/1525
f 1529/1529/1529 1528/1528/1528 1527/1527/1527
f 1530/1530/1530 1529/1529/1529 1527/1527/1527
f 1527/1527/1527 1531/1531/1531 1530/1530/1530
f 1532/1532/1532 1529/1529/1529 1530/1530/1530
f 1531/1531/1531 1533/1533/1533 1530/1530/1530
f 1533/1533/1533 1531/1531/1531 1534/1534/1534
f 1535/1535/1535 1533/1533/1533 1534/1534/1534
f 1535/1535/1535 1534/1534/1534 1536/1536/1536
f 1537/1537/1537 1530/1530/1530 1533/1533/1533
f 1533/1533/1533 1535/1535/1535 1537/1537/1537
f 1538/1538/1538 1535/1535/1535 1536/1536/1536
f 1538/1538/1538 1536/1536/1536 1539/1539/1539
f 1540/1540/1540 1538/1538/1538 1539/1539/1539
f 1538/1538/1538 1540/1540/1540 1541/1541/1541
f 1535/1535/1535 1542/1542/1542 1537/1537/1537
f 1542/1542/1542 1535/1535/1535 1538/1538/1538
f 1543/1543/1543 1538/1538/1538 1541/1541/1541
f 1543/1543/1543 1542/1542/1542 1538/1538/1538
f 1543/1543/1543 1541/1541/1541 1544/1544/1544
f 1543/1543/1543 1544/1544/1544 1542/1542/1542
f 1541/1541/1541 1545/1545/1545 1544/1544/1544
f 1546/1546/1546 1537/1537/1537 1542/1542/1542
f 1537/1537/1537 1546/1546/1546 1530/1530/1530
f 1544/1544/1544 1547/1547/1547 1542/1542/1542
f 1547/1547/1547 1546/1546/1546 1542/1542/1542
f 1548/1548/1548 1546/1546/1546 1547/1547/1547
f 1544/1544/1544 1545/1545/1545 1549/1549/1549
f 1544/1544/1544 1549/1549/1549 1547/1547/1547
f 1545/1545/1545 1550/1550/1550 1549/1549/1549
f 1546/1546/1546 1551/1551/1551 1530/1530/1530
f 1546/1546/1546 1548/1548/1548 1551/1551/1551
f 1549/1549/1549 1552/1552/1552 1547/1547/1547
f 1552/1552/1552 1548/1548/1548 1547/1547/1547
f 1549/1549/1549 1550/1550/1550 1553/1553/1553
f 1550/1550/1550 1554/1554/1554 1553/1553/1553
f 1552/1552/1552 1549/1549/1549 1555/1555/1555
f 1548/1548/1548 1552/1552/1552 1555/1555/1555
f 1549/1549/1549 1553/1553/1553 1555/1555/1555
f 1553/1553/1553 1554/1554/1554 1556/1556/1556
f 1554/1554/1554 1557/1557/1557 1556/1556/1556
f 1555/1555/1555 1553/1553/1553 1558/1558/1558
f 1553/1553/1553 1556/1556/1556 1558/1558/1558
f 1559/1559/1559 1556/1556/1556 1557/1557/1557
f 1560/1560/1560 1559/1559/1559 1557/1557/1557
f 1559/1559/1559 1560/1560/1560 1561/1561/1561
f 1562/1562/1562 1559/1559/1559 1561/1561/1561
f 1562/1562/1562 1563/1563/1563 1559/1559/1559
f 1559/1559/1559 1564/1564/1564 1556/1556/1556
f 1563/1563/1563 1564/1564/1564 1559/1559/1559
f 1564/1564/1564 1558/1558/1558 1556/1556/1556
f 1565/1565/1565 1555/1555/1555 1558/1558/1558
f 1565/1565/1565 1548/1548/1548 1555/1555/1555
f 1566/1566/1566 1564/1564/1564 1563/1563/1563
f 1567/1567/1567 1566/1566/1566 1563/1563/1563
f 1566/1566/1566 1567/1567/1567 1568/1568/1568
f 1569/1569/1569 1566/1566/1566 1568/1568/1568
f 1570/1570/1570 1569/1569/1569 1568/1568/1568
f 1571/1571/1571 1570/1570/1570 1568/1568/1568
f 1570/1570/1570 1572/1572/1572 1569/1569/1569
f 1558/1558/1558 1564/1564/1564 1573/1573/1573
f 1564/1564/1564 1566/1566/1566 1573/1573/1573
f 1573/1573/1573 1565/1565/1565 1558/1558/1558
f 1573/1573/1573 1566/1566/1566 1569/1569/1569
f 1565/1565/1565 1573/1573/1573 1569/1569/1569
f 1548/1548/1548 1565/1565/1565 1574/1574/1574
f 1574/1574/1574 1565/1565/1565 1569/1569/1569
f 1575/1575/1575 1548/1548/1548 1574/1574/1574
f 1548/1548/1548 1575/1575/1575 1551/1551/1551
f 1576/1576/1576 1574/1574/1574 1569/1569/1569
f 1575/1575/1575 1574/1574/1574 1576/1576/1576
f 1572/1572/1572 1577/1577/1577 1569/1569/1569
f 1577/1577/1577 1576/1576/1576 1569/1569/1569
f 1577/1577/1577 1572/1572/1572 1578/1578/1578
f 1578/1578/1578 1576/1576/1576 1577/1577/1577
f 1572/1572/1572 1579/1579/1579 1578/1578/1578
f 1579/1579/1579 1580/1580/1580 1578/1578/1578
f 1551/1551/1551 1575/1575/1575 1581/1581/1581
f 1551/1551/1551 1581/1581/1581 1530/1530/1530
f 1582/1582/1582 1575/1575/1575 1576/1576/1576
f 1582/1582/1582 1576/1576/1576 1578/1578/1578
f 1575/1575/1575 1582/1582/1582 1581/1581/1581
f 1581/1581/1581 1583/1583/1583 1530/1530/1530
f 1583/1583/1583 1532/1532/1532 1530/1530/1530
f 1584/1584/1584 1583/1583/1583 1581/1581/1581
f 1532/1532/1532 1583/1583/1583 1584/1584/1584
f 1581/1581/1581 1582/1582/1582 1584/1584/1584
f 1585/1585/1585 1532/1532/1532 1584/1584/1584
f 1586/1586/1586 1585/1585/1585 1584/1584/1584
f 1587/1587/1587 1582/1582/1582 1578/1578/1578
f 1582/1582/1582 1587/1587/1587 1584/1584/1584
f 1588/1588/1588 1587/1587/1587 1578/1578/1578
f 1587/1587/1587 1588/1588/1588 1584/1584/1584
f 1580/1580/1580 1589/1589/1589 1578/1578/1578
f 1589/1589/1589 1580/1580/1580 1590/1590/1590
f 1580/1580/1580 1591/1591/1591 1590/1590/1590
f 1590/1590/1590 1591/1591/1591 1592/1592/1592
f 1592/1592/1592 1593/1593/1593 1590/1590/1590
f 1591/1591/1591 1594/1594/1594 1592/1592/1592
f 1590/1590/1590 1595/1595/1595 1589/1589/1589
f 1593/1593/1593 1595/1595/1595 1590/1590/1590
f 1589/1589/1589 1596/1596/1596 1578/1578/1578
f 1595/1595/1595 1596/1596/1596 1589/1589/1589
f 1597/1597/1597 1588/1588/1588 1578/1578/1578
f 1596/1596/1596 1597/1597/1597 1578/1578/1578
f 1596/1596/1596 1595/1595/1595 1598/1598/1598
f 1599/1599/1599 1598/1598/1598 1595/1595/1595
f 1593/1593/1593 1599/1599/1599 1595/1595/1595
f 1600/1600/1600 1596/1596/1596 1598/1598/1598
f 1597/1597/1597 1596/1596/1596 1600/1600/1600
f 1601/1601/1601 1597/1597/1597 1600/1600/1600
f 1597/1597/1597 1601/1601/1601 1602/1602/1602
f 1588/1588/1588 1597/1597/1597 1602/1602/1602
f 1603/1603/1603 1599/1599/1599 1593/1593/1593
f 1604/1604/1604 1588/1588/1588 1602/1602/1602
f 1605/1605/1605 1604/1604/1604 1602/1602/1602
f 1588/1588/1588 1604/1604/1604 1584/1584/1584
f 1606/1606/1606 1604/1604/1604 1605/1605/1605
f 1604/1604/1604 1606/1606/1606 1584/1584/1584
f 1607/1607/1607 1606/1606/1606 1605/1605/1605
f 1607/1607/1607 1608/1608/1608 1606/1606/1606
f 1606/1606/1606 1609/1609/1609 1584/1584/1584
f 1609/1609/1609 1586/1586/1586 1584/1584/1584
f 1608/1608/1608 1610/1610/1610 1606/1606/1606
f 1606/1606/1606 1610/1610/1610 1609/1609/1609
f 1610/1610/1610 1608/1608/1608 1611/1611/1611
f 1612/1612/1612 1610/1610/1610 1611/1611/1611
f 1612/1612/1612 1611/1611/1611 1613/1613/1613
f 1586/1586/1586 1609/1609/1609 1614/1614/1614
f 1610/1610/1610 1614/1614/1614 1609/1609/1609
f 1610/1610/1610 1612/1612/1612 1614/1614/1614
f 1615/1615/1615 1586/1586/1586 1614/1614/1614
f 1615/1615/1615 1614/1614/1614 1616/1616/1616
f 1612/1612/1612 1616/1616/1616 1614/1614/1614
f 1617/1617/1617 1615/1615/1615 1616/1616/1616
f 1618/1618/1618 1612/1612/1612 1613/1613/1613
f 1619/1619/1619 1618/1618/1618 1613/1613/1613
f 1620/1620/1620 1619/1619/1619 1613/1613/1613
f 1621/1621/1621 1619/1619/1619 1620/1620/1620
f 1603/1603/1603 1621/1621/1621 1620/1620/1620
f 1621/1621/1621 1603/1603/1603 1593/1593/1593
f 1612/1612/1612 1618/1618/1618 1622/1622/1622
f 1621/1621/1621 1593/1593/1593 1623/1623/1623
f 1624/1624/1624 1616/1616/1616 1612/1612/1612
f 1622/1622/1622 1624/1624/1624 1612/1612/1612
f 1624/1624/1624 1625/1625/1625 1616/1616/1616
f 1625/1625/1625 1624/1624/1624 1622/1622/1622
f 1626/1626/1626 1617/1617/1617 1616/1616/1616
f 1625/1625/1625 1626/1626/1626 1616/1616/1616
f 1626/1626/1626 1627/1627/1627 1617/1617/1617
f 1626/1626/1626 1625/1625/1625 1627/1627/1627
f 1627/1627/1627 1628/1628/1628 1617/1617/1617
f 1629/1629/1629 1628/1628/1628 1627/1627/1627
f 1630/1630/1630 1623/1623/1623 1593/1593/1593
f 1630/1630/1630 1631/1631/1631 1623/1623/1623
f 1592/1592/1592 1630/1630/1630 1593/1593/1593
f 1631/1631/1631 1630/1630/1630 1592/1592/1592
f 1632/1632/1632 1625/1625/1625 1622/1622/1622
f 1632/1632/1632 1622/1622/1622 1633/1633/1633
f 1623/1623/1623 1634/1634/1634 1633/1633/1633
f 1631/1631/1631 1634/1634/1634 1623/1623/1623
f 1635/1635/1635 1629/1629/1629 1627/1627/1627
f 1636/1636/1636 1629/1629/1629 1635/1635/1635
f 1637/1637/1637 1636/1636/1636 1635/1635/1635
f 1638/1638/1638 1637/1637/1637 1635/1635/1635
f 1639/1639/1639 1638/1638/1638 1635/1635/1635
f 1640/1640/1640 1638/1638/1638 1639/1639/1639
f 1641/1641/1641 1632/1632/1632 1633/1633/1633
f 1634/1634/1634 1641/1641/1641 1633/1633/1633
f 1632/1632/1632 1641/1641/1641 1642/1642/1642
f 1641/1641/1641 1634/1634/1634 1642/1642/1642
f 1634/1634/1634 1631/1631/1631 1643/1643/1643
f 1634/1634/1634 1643/1643/1643 1642/1642/1642
f 1627/1627/1627 1644/1644/1644 1635/1635/1635
f 1639/1639/1639 1635/1635/1635 1644/1644/1644
f 1645/1645/1645 1632/1632/1632 1642/1642/1642
f 1625/1625/1625 1632/1632/1632 1645/1645/1645
f 1625/1625/1625 1646/1646/1646 1627/1627/1627
f 1646/1646/1646 1625/1625/1625 1645/1645/1645
f 1627/1627/1627 1647/1647/1647 1644/1644/1644
f 1647/1647/1647 1627/1627/1627 1646/1646/1646
f 1648/1648/1648 1639/1639/1639 1644/1644/1644
f 1648/1648/1648 1644/1644/1644 1647/1647/1647
f 1649/1649/1649 1646/1646/1646 1645/1645/1645
f 1649/1649/1649 1647/1647/1647 1646/1646/1646
f 1645/1645/1645 1642/1642/1642 1650/1650/1650
f 1650/1650/1650 1649/1649/1649 1645/1645/1645
f 1651/1651/1651 1639/1639/1639 1648/1648/1648
f 1651/1651/1651 1640/1640/1640 1639/1639/1639
f 1640/1640/1640 1651/1651/1651 1652/1652/1652
f 1653/1653/1653 1640/1640/1640 1652/1652/1652
f 1653/1653/1653 1652/1652/1652 1654/1654/1654
f 1655/1655/1655 1653/1653/1653 1654/1654/1654
f 1654/1654/1654 1652/1652/1652 1656/1656/1656
f 1652/1652/1652 1651/1651/1651 1657/1657/1657
f 1657/1657/1657 1651/1651/1651 1648/1648/1648
f 1652/1652/1652 1658/1658/1658 1656/1656/1656
f 1658/1658/1658 1652/1652/1652 1657/1657/1657
f 1658/1658/1658 1659/1659/1659 1656/1656/1656
f 1658/1658/1658 1657/1657/1657 1659/1659/1659
f 1656/1656/1656 1659/1659/1659 1660/1660/1660
f 1657/1657/1657 1648/1648/1648 1661/1661/1661
f 1657/1657/1657 1661/1661/1661 1659/1659/1659
f 1659/1659/1659 1662/1662/1662 1660/1660/1660
f 1659/1659/1659 1661/1661/1661 1662/1662/1662
f 1663/1663/1663 1660/1660/1660 1662/1662/1662
f 1648/1648/1648 1664/1664/1664 1661/1661/1661
f 1664/1664/1664 1648/1648/1648 1647/1647/1647
f 1661/1661/1661 1665/1665/1665 1662/1662/1662
f 1661/1661/1661 1664/1664/1664 1665/1665/1665
f 1666/1666/1666 1663/1663/1663 1662/1662/1662
f 1666/1666/1666 1662/1662/1662 1665/1665/1665
f 1667/1667/1667 1663/1663/1663 1666/1666/1666
f 1664/1664/1664 1647/1647/1647 1668/1668/1668
f 1664/1664/1664 1668/1668/1668 1665/1665/1665
f 1647/1647/1647 1649/1649/1649 1668/1668/1668
f 1668/1668/1668 1649/1649/1649 1669/1669/1669
f 1665/1665/1665 1668/1668/1668 1669/1669/1669
f 1649/1649/1649 1650/1650/1650 1669/1669/1669
f 1669/1669/1669 1650/1650/1650 1670/1670/1670
f 1671/1671/1671 1665/1665/1665 1669/1669/1669
f 1671/1671/1671 1666/1666/1666 1665/1665/1665
f 1669/1669/1669 1670/1670/1670 1671/1671/1671
f 1672/1672/1672 1667/1667/1667 1666/1666/1666
f 1672/1672/1672 1666/1666/1666 1671/1671/1671
f 1673/1673/1673 1667/1667/1667 1672/1672/1672
f 1650/1650/1650 1674/1674/1674 1670/1670/1670
f 1642/1642/1642 1674/1674/1674 1650/1650/1650
f 1674/1674/1674 1642/1642/1642 1675/1675/1675
f 1674/1674/1674 1675/1675/1675 1670/1670/1670
f 1642/1642/1642 1643/1643/1643 1675/1675/1675
f 1676/1676/1676 1672/1672/1672 1671/1671/1671
f 1670/1670/1670 1676/1676/1676 1671/1671/1671
f 1677/1677/1677 1673/1673/1673 1672/1672/1672
f 1678/1678/1678 1673/1673/1673 1677/1677/1677
f 1672/1672/1672 1676/1676/1676 1679/1679/1679
f 1676/1676/1676 1670/1670/1670 1679/1679/1679
f 1677/1677/1677 1672/1672/1672 1679/1679/1679
f 1677/1677/1677 1679/1679/1679 1680/1680/1680
f 1670/1670/1670 1681/1681/1681 1679/1679/1679
f 1675/1675/1675 1681/1681/1681 1670/1670/1670
f 1680/1680/1680 1679/1679/1679 1681/1681/1681
f 1682/1682/1682 1675/1675/1675 1643/1643/1643
f 1675/1675/1675 1682/1682/1682 1681/1681/1681
f 1683/1683/1683 1678/1678/1678 1677/1677/1677
f 1683/1683/1683 1677/1677/1677 1680/1680/1680
f 1683/1683/1683 1684/1684/1684 1678/1678/1678
f 1683/1683/1683 1680/1680/1680 1684/1684/1684
f 1684/1684/1684 1685/1685/1685 1678/1678/1678
f 1680/1680/1680 1686/1686/1686 1684/1684/1684
f 1687/1687/1687 1686/1686/1686 1680/1680/1680
f 1688/1688/1688 1680/1680/1680 1681/1681/1681
f 1688/1688/1688 1687/1687/1687 1680/1680/1680
f 1682/1682/1682 1688/1688/1688 1681/1681/1681
f 1689/1689/1689 1687/1687/1687 1688/1688/1688
f 1682/1682/1682 1689/1689/1689 1688/1688/1688
f 1690/1690/1690 1682/1682/1682 1643/1643/1643
f 1689/1689/1689 1682/1682/1682 1690/1690/1690
f 1691/1691/1691 1689/1689/1689 1690/1690/1690
f 1631/1631/1631 1690/1690/1690 1643/1643/1643
f 1690/1690/1690 1631/1631/1631 1691/1691/1691
f 1631/1631/1631 1692/1692/1692 1691/1691/1691
f 1692/1692/1692 1631/1631/1631 1592/1592/1592
f 1692/1692/1692 1592/1592/1592 1594/1594/1594
f 1691/1691/1691 1692/1692/1692 1594/1594/1594
f 1693/1693/1693 1691/1691/1691 1594/1594/1594
f 1693/1693/1693 1694/1694/1694 1691/1691/1691
f 1694/1694/1694 1695/1695/1695 1691/1691/1691
f 1691/1691/1691 1695/1695/1695 1696/1696/1696
f 1694/1694/1694 1697/1697/1697 1695/1695/1695
f 1697/1697/1697 1698/1698/1698 1695/1695/1695
f 1696/1696/1696 1695/1695/1695 1699/1699/1699
f 1698/1698/1698 1700/1700/1700 1695/1695/1695
f 1695/1695/1695 1701/1701/1701 1699/1699/1699
f 1700/1700/1700 1701/1701/1701 1695/1695/1695
f 1700/1700/1700 1702/1702/1702 1701/1701/1701
f 1699/1699/1699 1701/1701/1701 1703/1703/1703
f 1702/1702/1702 1704/1704/1704 1701/1701/1701
f 1701/1701/1701 1704/1704/1704 1703/1703/1703
f 1704/1704/1704 1702/1702/1702 1705/1705/1705
f 1703/1703/1703 1704/1704/1704 1706/1706/1706
f 1706/1706/1706 1704/1704/1704 1705/1705/1705
f 1707/1707/1707 1703/1703/1703 1706/1706/1706
f 1707/1707/1707 1706/1706/1706 1708/1708/1708
f 1706/1706/1706 1709/1709/1709 1708/1708/1708
f 1706/1706/1706 1705/1705/1705 1709/1709/1709
f 1705/1705/1705 1710/1710/1710 1709/1709/1709
f 1713/1713/1713 1712/1712/1712 1711/1711/1711
f 1712/1712/1712 1714/1714/1714 1711/1711/1711
f 1715/1715/1715 1711/1711/1711 1714/1714/1714
f 1714/1714/1714 1712/1712/1712 1716/1716/1716
f 1712/1712/1712 1717/1717/1717 1716/1716/1716
f 1716/1716/1716 1717/1717/1717 1718/1718/1718
f 1717/1717/1717 1719/1719/1719 1718/1718/1718
f 1719/1719/1719 1720/1720/1720 1718/1718/1718
f 1720/1720/1720 1721/1721/1721 1718/1718/1718
f 1722/1722/1722 1718/1718/1718 1721/1721/1721
f 1716/1716/1716 1718/1718/1718 1722/1722/1722
f 1723/1723/1723 1722/1722/1722 1721/1721/1721
f 1714/1714/1714 1716/1716/1716 1724/1724/1724
f 1724/1724/1724 1716/1716/1716 1722/1722/1722
f 1722/1722/1722 1723/1723/1723 1725/1725/1725
f 1722/1722/1722 1725/1725/1725 1724/1724/1724
f 1723/1723/1723 1726/1726/1726 1725/1725/1725
f 1727/1727/1727 1715/1715/1715 1714/1714/1714
f 1727/1727/1727 1714/1714/1714 1724/1724/1724
f 1727/1727/1727 1728/1728/1728 1715/1715/1715
f 1728/1728/1728 1729/1729/1729 1715/1715/1715
f 1724/1724/1724 1730/1730/1730 1727/1727/1727
f 1730/1730/1730 1728/1728/1728 1727/1727/1727
f 1725/1725/1725 1730/1730/1730 1724/1724/1724
f 1728/1728/1728 1731/1731/1731 1729/1729/1729
f 1731/1731/1731 1728/1728/1728 1730/1730/1730
f 1729/1729/1729 1731/1731/1731 1732/1732/1732
f 1731/1731/1731 1733/1733/1733 1732/1732/1732
f 1734/1734/1734 1725/1725/1725 1726/1726/1726
f 1735/1735/1735 1734/1734/1734 1726/1726/1726
f 1735/1735/1735 1736/1736/1736 1734/1734/1734
f 1737/1737/1737 1730/1730/1730 1725/1725/1725
f 1737/1737/1737 1731/1731/1731 1730/1730/1730
f 1734/1734/1734 1737/1737/1737 1725/1725/1725
f 1733/1733/1733 1731/1731/1731 1738/1738/1738
f 1738/1738/1738 1731/1731/1731 1737/1737/1737
f 1739/1739/1739 1733/1733/1733 1738/1738/1738
f 1736/1736/1736 1740/1740/1740 1734/1734/1734
f 1734/1734/1734 1740/1740/1740 1737/1737/1737
f 1740/1740/1740 1736/1736/1736 1741/1741/1741
f 1738/1738/1738 1742/1742/1742 1739/1739/1739
f 1742/1742/1742 1743/1743/1743 1739/1739/1739
f 1737/1737/1737 1744/1744/1744 1738/1738/1738
f 1740/1740/1740 1744/1744/1744 1737/1737/1737
f 1744/1744/1744 1742/1742/1742 1738/1738/1738
f 1745/1745/1745 1744/1744/1744 1740/1740/1740
f 1744/1744/1744 1745/1745/1745 1742/1742/1742
f 1746/1746/1746 1740/1740/1740 1741/1741/1741
f 1746/1746/1746 1745/1745/1745 1740/1740/1740
f 1746/1746/1746 1741/1741/1741 1747/1747/1747
f 1742/1742/1742 1748/1748/1748 1743/1743/1743
f 1745/1745/1745 1748/1748/1748 1742/1742/1742
f 1748/1748/1748 1749/1749/1749 1743/1743/1743
f 1749/1749/1749 1748/1748/1748 1750/1750/1750
f 1750/1750/1750 1748/1748/1748 1745/1745/1745
f 1751/1751/1751 1749/1749/1749 1750/1750/1750
f 1752/1752/1752 1751/1751/1751 1750/1750/1750
f 1753/1753/1753 1746/1746/1746 1747/1747/1747
f 1746/1746/1746 1753/1753/1753 1745/1745/1745
f 1754/1754/1754 1752/1752/1752 1750/1750/1750
f 1752/1752/1752 1754/1754/1754 1755/1755/1755
f 1756/1756/1756 1750/1750/1750 1745/1745/1745
f 1753/1753/1753 1756/1756/1756 1745/1745/1745
f 1754/1754/1754 1750/1750/1750 1756/1756/1756
f 1757/1757/1757 1753/1753/1753 1747/1747/1747
f 1758/1758/1758 1757/1757/1757 1747/1747/1747
f 1759/1759/1759 1756/1756/1756 1753/1753/1753
f 1759/1759/1759 1754/1754/1754 1756/1756/1756
f 1757/1757/1757 1759/1759/1759 1753/1753/1753
f 1754/1754/1754 1760/1760/1760 1755/1755/1755
f 1760/1760/1760 1754/1754/1754 1759/1759/1759
f 1755/1755/1755 1760/1760/1760 1761/1761/1761
f 1762/1762/1762 1757/1757/1757 1758/1758/1758
f 1757/1757/1757 1762/1762/1762 1759/1759/1759
f 1763/1763/1763 1762/1762/1762 1758/1758/1758
f 1760/1760/1760 1764/1764/1764 1761/1761/1761
f 1765/1765/1765 1761/1761/1761 1764/1764/1764
f 1766/1766/1766 1760/1760/1760 1759/1759/1759
f 1762/1762/1762 1766/1766/1766 1759/1759/1759
f 1764/1764/1764 1760/1760/1760 1766/1766/1766
f 1762/1762/1762 1763/1763/1763 1767/1767/1767
f 1763/1763/1763 1768/1768/1768 1767/1767/1767
f 1767/1767/1767 1768/1768/1768 1769/1769/1769
f 1770/1770/1770 1766/1766/1766 1762/1762/1762
f 1770/1770/1770 1764/1764/1764 1766/1766/1766
f 1767/1767/1767 1770/1770/1770 1762/1762/1762
f 1771/1771/1771 1765/1765/1765 1764/1764/1764
f 1764/1764/1764 1770/1770/1770 1771/1771/1771
f 1765/1765/1765 1771/1771/1771 1772/1772/1772
f 1771/1771/1771 1773/1773/1773 1772/1772/1772
f 1774/1774/1774 1767/1767/1767 1769/1769/1769
f 1767/1767/1767 1774/1774/1774 1770/1770/1770
f 1769/1769/1769 1775/1775/1775 1774/1774/1774
f 1770/1770/1770 1776/1776/1776 1771/1771/1771
f 1774/1774/1774 1776/1776/1776 1770/1770/1770
f 1777/1777/1777 1773/1773/1773 1771/1771/1771
f 1776/1776/1776 1777/1777/1777 1771/1771/1771
f 1777/1777/1777 1778/1778/1778 1773/1773/1773
f 1778/1778/1778 1777/1777/1777 1776/1776/1776
f 1778/1778/1778 1779/1779/1779 1773/1773/1773
f 1775/1775/1775 1780/1780/1780 1774/1774/1774
f 1780/1780/1780 1775/1775/1775 1781/1781/1781
f 1782/1782/1782 1776/1776/1776 1774/1774/1774
f 1782/1782/1782 1778/1778/1778 1776/1776/1776
f 1780/1780/1780 1782/1782/1782 1774/1774/1774
f 1778/1778/1778 1783/1783/1783 1779/1779/1779
f 1778/1778/1778 1782/1782/1782 1783/1783/1783
f 1783/1783/1783 1784/1784/1784 1779/1779/1779
f 1785/1785/1785 1780/1780/1780 1781/1781/1781
f 1781/1781/1781 1786/1786/1786 1785/1785/1785
f 1786/1786/1786 1787/1787/1787 1785/1785/1785
f 1785/1785/1785 1787/1787/1787 1788/1788/1788
f 1782/1782/1782 1780/1780/1780 1789/1789/1789
f 1780/1780/1780 1785/1785/1785 1789/1789/1789
f 1789/1789/1789 1785/1785/1785 1788/1788/1788
f 1782/1782/1782 1789/1789/1789 1783/1783/1783
f 1789/1789/1789 1788/1788/1788 1790/1790/1790
f 1783/1783/1783 1789/1789/1789 1790/1790/1790
f 1784/1784/1784 1783/1783/1783 1790/1790/1790
f 1791/1791/1791 1784/1784/1784 1790/1790/1790
f 1794/1794/1794 1793/1793/1793 1792/1792/1792
f 1793/1793/1793 1795/1795/1795 1792/1792/1792
f 1795/1795/1795 1793/1793/1793 1796/1796/1796
f 1797/1797/1797 1792/1792/1792 1795/1795/1795
f 1798/1798/1798 1795/1795/1795 1796/1796/1796
f 1796/1796/1796 1799/1799/1799 1798/1798/1798
f 1800/1800/1800 1797/1797/1797 1795/1795/1795
f 1800/1800/1800 1795/1795/1795 1798/1798/1798
f 1799/1799/1799 1801/1801/1801 1798/1798/1798
f 1801/1801/1801 1799/1799/1799 1802/1802/1802
f 1797/1797/1797 1800/1800/1800 1803/1803/1803
f 1804/1804/1804 1797/1797/1797 1803/1803/1803
f 1805/1805/1805 1800/1800/1800 1798/1798/1798
f 1805/1805/1805 1798/1798/1798 1801/1801/1801
f 1803/1803/1803 1800/1800/1800 1805/1805/1805
f 1806/1806/1806 1801/1801/1801 1802/1802/1802
f 1802/1802/1802 1807/1807/1807 1806/1806/1806
f 1808/1808/1808 1805/1805/1805 1801/1801/1801
f 1801/1801/1801 1806/1806/1806 1808/1808/1808
f 1804/1804/1804 1803/1803/1803 1809/1809/1809
f 1810/1810/1810 1804/1804/1804 1809/1809/1809
f 1811/1811/1811 1810/1810/1810 1809/1809/1809
f 1812/1812/1812 1803/1803/1803 1805/1805/1805
f 1805/1805/1805 1808/1808/1808 1812/1812/1812
f 1809/1809/1809 1803/1803/1803 1813/1813/1813
f 1803/1803/1803 1812/1812/1812 1813/1813/1813
f 1814/1814/1814 1811/1811/1811 1809/1809/1809
f 1814/1814/1814 1809/1809/1809 1813/1813/1813
f 1815/1815/1815 1811/1811/1811 1814/1814/1814
f 1816/1816/1816 1815/1815/1815 1814/1814/1814
f 1814/1814/1814 1817/1817/1817 1816/1816/1816
f 1817/1817/1817 1814/1814/1814 1813/1813/1813
f 1817/1817/1817 1818/1818/1818 1816/1816/1816
f 1818/1818/1818 1817/1817/1817 1819/1819/1819
f 1813/1813/1813 1812/1812/1812 1820/1820/1820
f 1817/1817/1817 1813/1813/1813 1820/1820/1820
f 1817/1817/1817 1821/1821/1821 1819/1819/1819
f 1821/1821/1821 1817/1817/1817 1820/1820/1820
f 1822/1822/1822 1819/1819/1819 1821/1821/1821
f 1823/1823/1823 1822/1822/1822 1821/1821/1821
f 1823/1823/1823 1821/1821/1821 1820/1820/1820
f 1824/1824/1824 1822/1822/1822 1823/1823/1823
f 1812/1812/1812 1825/1825/1825 1820/1820/1820
f 1808/1808/1808 1825/1825/1825 1812/1812/1812
f 1826/1826/1826 1823/1823/1823 1820/1820/1820
f 1820/1820/1820 1825/1825/1825 1826/1826/1826
f 1827/1827/1827 1824/1824/1824 1823/1823/1823
f 1823/1823/1823 1826/1826/1826 1827/1827/1827
f 1825/1825/1825 1808/1808/1808 1828/1828/1828
f 1806/1806/1806 1828/1828/1828 1808/1808/1808
f 1824/1824/1824 1827/1827/1827 1829/1829/1829
f 1830/1830/1830 1824/1824/1824 1829/1829/1829
f 1826/1826/1826 1831/1831/1831 1827/1827/1827
f 1829/1829/1829 1827/1827/1827 1831/1831/1831
f 1825/1825/1825 1832/1832/1832 1826/1826/1826
f 1832/1832/1832 1825/1825/1825 1828/1828/1828
f 1806/1806/1806 1833/1833/1833 1828/1828/1828
f 1807/1807/1807 1833/1833/1833 1806/1806/1806
f 1830/1830/1830 1829/1829/1829 1834/1834/1834
f 1835/1835/1835 1830/1830/1830 1834/1834/1834
f 1834/1834/1834 1829/1829/1829 1836/1836/1836
f 1836/1836/1836 1829/1829/1829 1831/1831/1831
f 1837/1837/1837 1834/1834/1834 1836/1836/1836
f 1838/1838/1838 1837/1837/1837 1836/1836/1836
f 1831/1831/1831 1826/1826/1826 1839/1839/1839
f 1826/1826/1826 1832/1832/1832 1839/1839/1839
f 1836/1836/1836 1831/1831/1831 1839/1839/1839
f 1832/1832/1832 1828/1828/1828 1840/1840/1840
f 1839/1839/1839 1832/1832/1832 1840/1840/1840
f 1833/1833/1833 1840/1840/1840 1828/1828/1828
f 1841/1841/1841 1838/1838/1838 1836/1836/1836
f 1841/1841/1841 1836/1836/1836 1839/1839/1839
f 1839/1839/1839 1840/1840/1840 1841/1841/1841
f 1838/1838/1838 1841/1841/1841 1842/1842/1842
f 1840/1840/1840 1843/1843/1843 1841/1841/1841
f 1840/1840/1840 1833/1833/1833 1843/1843/1843
f 1841/1841/1841 1843/1843/1843 1842/1842/1842
f 1833/1833/1833 1844/1844/1844 1843/1843/1843
f 1843/1843/1843 1844/1844/1844 1842/1842/1842
f 1844/1844/1844 1833/1833/1833 1807/1807/1807
f 1844/1844/1844 1845/1845/1845 1842/1842/1842
f 1846/1846/1846 1844/1844/1844 1807/1807/1807
f 1845/1845/1845 1844/1844/1844 1846/1846/1846
f 1847/1847/1847 1845/1845/1845 1846/1846/1846
f 1850/1850/1850 1849/1849/1849 1848/1848/1848
f 1851/1851/1851 1850/1850/1850 1848/1848/1848
f 1850/1850/1850 1851/1851/1851 1852/1852/1852
f 1851/1851/1851 1853/1853/1853 1852/1852/1852
f 1852/1852/1852 1853/1853/1853 1854/1854/1854
f 1853/1853/1853 1855/1855/1855 1854/1854/1854
f 1856/1856/1856 1854/1854/1854 1855/1855/1855
f 1857/1857/1857 1856/1856/1856 1855/1855/1855
f 1858/1858/1858 1856/1856/1856 1857/1857/1857
f 1859/1859/1859 1855/1855/1855 1853/1853/1853
f 1855/1855/1855 1859/1859/1859 1857/1857/1857
f 1860/1860/1860 1853/1853/1853 1851/1851/1851
f 1860/1860/1860 1859/1859/1859 1853/1853/1853
f 1861/1861/1861 1851/1851/1851 1848/1848/1848
f 1861/1861/1861 1860/1860/1860 1851/1851/1851
f 1862/1862/1862 1858/1858/1858 1857/1857/1857
f 1863/1863/1863 1858/1858/1858 1862/1862/1862
f 1864/1864/1864 1863/1863/1863 1862/1862/1862
f 1865/1865/1865 1861/1861/1861 1848/1848/1848
f 1848/1848/1848 1866/1866/1866 1865/1865/1865
f 1866/1866/1866 1867/1867/1867 1865/1865/1865
f 1865/1865/1865 1867/1867/1867 1868/1868/1868
f 1867/1867/1867 1869/1869/1869 1868/1868/1868
f 1861/1861/1861 1865/1865/1865 1870/1870/1870
f 1865/1865/1865 1868/1868/1868 1870/1870/1870
f 1868/1868/1868 1869/1869/1869 1871/1871/1871
f 1868/1868/1868 1871/1871/1871 1870/1870/1870
f 1869/1869/1869 1872/1872/1872 1871/1871/1871
f 1873/1873/1873 1860/1860/1860 1861/1861/1861
f 1870/1870/1870 1873/1873/1873 1861/1861/1861
f 1871/1871/1871 1872/1872/1872 1874/1874/1874
f 1872/1872/1872 1875/1875/1875 1874/1874/1874
f 1874/1874/1874 1875/1875/1875 1876/1876/1876
f 1875/1875/1875 1877/1877/1877 1876/1876/1876
f 1876/1876/1876 1877/1877/1877 1878/1878/1878
f 1871/1871/1871 1879/1879/1879 1870/1870/1870
f 1879/1879/1879 1871/1871/1871 1874/1874/1874
f 1879/1879/1879 1880/1880/1880 1870/1870/1870
f 1880/1880/1880 1873/1873/1873 1870/1870/1870
f 1881/1881/1881 1879/1879/1879 1874/1874/1874
f 1881/1881/1881 1874/1874/1874 1876/1876/1876
f 1880/1880/1880 1879/1879/1879 1881/1881/1881
f 1873/1873/1873 1882/1882/1882 1860/1860/1860
f 1882/1882/1882 1859/1859/1859 1860/1860/1860
f 1883/1883/1883 1876/1876/1876 1878/1878/1878
f 1883/1883/1883 1878/1878/1878 1884/1884/1884
f 1885/1885/1885 1883/1883/1883 1884/1884/1884
f 1883/1883/1883 1885/1885/1885 1886/1886/1886
f 1876/1876/1876 1883/1883/1883 1887/1887/1887
f 1887/1887/1887 1883/1883/1883 1886/1886/1886
f 1888/1888/1888 1881/1881/1881 1876/1876/1876
f 1888/1888/1888 1876/1876/1876 1887/1887/1887
f 1887/1887/1887 1886/1886/1886 1889/1889/1889
f 1886/1886/1886 1890/1890/1890 1889/1889/1889
f 1889/1889/1889 1890/1890/1890 1891/1891/1891
f 1890/1890/1890 1892/1892/1892 1891/1891/1891
f 1892/1892/1892 1893/1893/1893 1891/1891/1891
f 1888/1888/1888 1887/1887/1887 1894/1894/1894
f 1887/1887/1887 1889/1889/1889 1894/1894/1894
f 1888/1888/1888 1894/1894/1894 1881/1881/1881
f 1894/1894/1894 1889/1889/1889 1891/1891/1891
f 1894/1894/1894 1895/1895/1895 1881/1881/1881
f 1895/1895/1895 1880/1880/1880 1881/1881/1881
f 1894/1894/1894 1896/1896/1896 1895/1895/1895
f 1896/1896/1896 1894/1894/1894 1891/1891/1891
f 1895/1895/1895 1897/1897/1897 1880/1880/1880
f 1896/1896/1896 1897/1897/1897 1895/1895/1895
f 1898/1898/1898 1896/1896/1896 1891/1891/1891
f 1896/1896/1896 1898/1898/1898 1897/1897/1897
f 1893/1893/1893 1899/1899/1899 1891/1891/1891
f 1899/1899/1899 1898/1898/1898 1891/1891/1891
f 1897/1897/1897 1900/1900/1900 1880/1880/1880
f 1880/1880/1880 1900/1900/1900 1873/1873/1873
f 1900/1900/1900 1882/1882/1882 1873/1873/1873
f 1901/1901/1901 1899/1899/1899 1893/1893/1893
f 1902/1902/1902 1901/1901/1901 1893/1893/1893
f 1903/1903/1903 1898/1898/1898 1899/1899/1899
f 1901/1901/1901 1903/1903/1903 1899/1899/1899
f 1898/1898/1898 1904/1904/1904 1897/1897/1897
f 1897/1897/1897 1904/1904/1904 1900/1900/1900
f 1904/1904/1904 1898/1898/1898 1903/1903/1903
f 1882/1882/1882 1900/1900/1900 1905/1905/1905
f 1904/1904/1904 1905/1905/1905 1900/1900/1900
f 1901/1901/1901 1902/1902/1902 1906/1906/1906
f 1902/1902/1902 1907/1907/1907 1906/1906/1906
f 1906/1906/1906 1907/1907/1907 1908/1908/1908
f 1909/1909/1909 1906/1906/1906 1908/1908/1908
f 1901/1901/1901 1906/1906/1906 1910/1910/1910
f 1910/1910/1910 1906/1906/1906 1909/1909/1909
f 1903/1903/1903 1901/1901/1901 1910/1910/1910
f 1911/1911/1911 1910/1910/1910 1909/1909/1909
f 1912/1912/1912 1904/1904/1904 1903/1903/1903
f 1912/1912/1912 1903/1903/1903 1910/1910/1910
f 1905/1905/1905 1904/1904/1904 1912/1912/1912
f 1910/1910/1910 1911/1911/1911 1913/1913/1913
f 1913/1913/1913 1912/1912/1912 1910/1910/1910
f 1911/1911/1911 1914/1914/1914 1913/1913/1913
f 1915/1915/1915 1882/1882/1882 1905/1905/1905
f 1882/1882/1882 1915/1915/1915 1859/1859/1859
f 1916/1916/1916 1905/1905/1905 1912/1912/1912
f 1912/1912/1912 1913/1913/1913 1916/1916/1916
f 1905/1905/1905 1916/1916/1916 1915/1915/1915
f 1913/1913/1913 1914/1914/1914 1917/1917/1917
f 1913/1913/1913 1917/1917/1917 1916/1916/1916
f 1914/1914/1914 1918/1918/1918 1917/1917/1917
f 1915/1915/1915 1919/1919/1919 1859/1859/1859
f 1859/1859/1859 1919/1919/1919 1857/1857/1857
f 1916/1916/1916 1920/1920/1920 1915/1915/1915
f 1920/1920/1920 1916/1916/1916 1917/1917/1917
f 1915/1915/1915 1920/1920/1920 1919/1919/1919
f 1917/1917/1917 1918/1918/1918 1921/1921/1921
f 1921/1921/1921 1920/1920/1920 1917/1917/1917
f 1918/1918/1918 1922/1922/1922 1921/1921/1921
f 1919/1919/1919 1923/1923/1923 1857/1857/1857
f 1920/1920/1920 1923/1923/1923 1919/1919/1919
f 1920/1920/1920 1921/1921/1921 1923/1923/1923
f 1923/1923/1923 1862/1862/1862 1857/1857/1857
f 1921/1921/1921 1922/1922/1922 1924/1924/1924
f 1921/1921/1921 1924/1924/1924 1923/1923/1923
f 1862/1862/1862 1923/1923/1923 1924/1924/1924
f 1922/1922/1922 1925/1925/1925 1924/1924/1924
f 1864/1864/1864 1862/1862/1862 1924/1924/1924
f 1924/1924/1924 1925/1925/1925 1864/1864/1864
f 1925/1925/1925 1926/1926/1926 1864/1864/1864
f 1929/1929/1929 1928/1928/1928 1927/1927/1927
f 1928/1928/1928 1930/1930/1930 1927/1927/1927
f 1931/1931/1931 1930/1930/1930 1928/1928/1928
f 1932/1932/1932 1931/1931/1931 1928/1928/1928
f 1932/1932/1932 1933/1933/1933 1931/1931/1931
f 1933/1933/1933 1934/1934/1934 1931/1931/1931
f 1933/1933/1933 1935/1935/1935 1934/1934/1934
f 1935/1935/1935 1936/1936/1936 1934/1934/1934
f 1936/1936/1936 1935/1935/1935 1937/1937/1937
f 1935/1935/1935 1938/1938/1938 1937/1937/1937
f 1938/1938/1938 1939/1939/1939 1937/1937/1937
f 1939/1939/1939 1940/1940/1940 1937/1937/1937
f 1941/1941/1941 1940/1940/1940 1939/1939/1939
f 1942/1942/1942 1941/1941/1941 1939/1939/1939
f 1943/1943/1943 1941/1941/1941 1942/1942/1942
f 1944/1944/1944 1943/1943/1943 1942/1942/1942
f 1943/1943/1943 1944/1944/1944 1945/1945/1945
f 1944/1944/1944 1946/1946/1946 1945/1945/1945
f 1946/1946/1946 1947/1947/1947 1945/1945/1945
f 1947/1947/1947 1948/1948/1948 1945/1945/1945
f 1948/1948/1948 1947/1947/1947 1949/1949/1949
f 1947/1947/1947 1950/1950/1950 1949/1949/1949
f 1949/1949/1949 1950/1950/1950 1951/1951/1951
f 1950/1950/1950 1952/1952/1952 1951/1951/1951
f 1953/1953/1953 1951/1951/1951 1952/1952/1952
f 1954/1954/1954 1953/1953/1953 1952/1952/1952
f 1953/1953/1953 1954/1954/1954 1955/1955/1955
f 1954/1954/1954 1956/1956/1956 1955/1955/1955
f 1959/1959/1959 1958/1958/1958 1957/1957/1957
f 1960/1960/1960 1959/1959/1959 1957/1957/1957
f 1960/1960/1960 1957/1957/1957 1961/1961/1961
f 1962/1962/1962 1959/1959/1959 1960/1960/1960
f 1963/1963/1963 1960/1960/1960 1961/1961/1961
f 1963/1963/1963 1961/1961/1961 1964/1964/1964
f 1965/1965/1965 1963/1963/1963 1964/1964/1964
f 1963/1963/1963 1965/1965/1965 1966/1966/1966
f 1967/1967/1967 1962/1962/1962 1960/1960/1960
f 1967/1967/1967 1960/1960/1960 1963/1963/1963
f 1968/1968/1968 1963/1963/1963 1966/1966/1966
f 1968/1968/1968 1967/1967/1967 1963/1963/1963
f 1966/1966/1966 1969/1969/1969 1968/1968/1968
f 1967/1967/1967 1970/1970/1970 1962/1962/1962
f 1967/1967/1967 1968/1968/1968 1970/1970/1970
f 1970/1970/1970 1971/1971/1971 1962/1962/1962
f 1971/1971/1971 1970/1970/1970 1972/1972/1972
f 1969/1969/1969 1973/1973/1973 1968/1968/1968
f 1968/1968/1968 1973/1973/1973 1970/1970/1970
f 1970/1970/1970 1974/1974/1974 1972/1972/1972
f 1970/1970/1970 1973/1973/1973 1974/1974/1974
f 1975/1975/1975 1972/1972/1972 1974/1974/1974
f 1973/1973/1973 1969/1969/1969 1976/1976/1976
f 1973/1973/1973 1976/1976/1976 1974/1974/1974
f 1969/1969/1969 1977/1977/1977 1976/1976/1976
f 1978/1978/1978 1975/1975/1975 1974/1974/1974
f 1978/1978/1978 1974/1974/1974 1976/1976/1976
f 1979/1979/1979 1975/1975/1975 1978/1978/1978
f 1980/1980/1980 1976/1976/1976 1977/1977/1977
f 1980/1980/1980 1978/1978/1978 1976/1976/1976
f 1981/1981/1981 1980/1980/1980 1977/1977/1977
f 1980/1980/1980 1981/1981/1981 1982/1982/1982
f 1983/1983/1983 1979/1979/1979 1978/1978/1978
f 1983/1983/1983 1978/1978/1978 1980/1980/1980
f 1984/1984/1984 1980/1980/1980 1982/1982/1982
f 1984/1984/1984 1983/1983/1983 1980/1980/1980
f 1982/1982/1982 1985/1985/1985 1984/1984/1984
f 1983/1983/1983 1986/1986/1986 1979/1979/1979
f 1986/1986/1986 1987/1987/1987 1979/1979/1979
f 1987/1987/1987 1986/1986/1986 1988/1988/1988
f 1984/1984/1984 1989/1989/1989 1983/1983/1983
f 1985/1985/1985 1989/1989/1989 1984/1984/1984
f 1989/1989/1989 1986/1986/1986 1983/1983/1983
f 1986/1986/1986 1990/1990/1990 1988/1988/1988
f 1986/1986/1986 1989/1989/1989 1990/1990/1990
f 1991/1991/1991 1988/1988/1988 1990/1990/1990
f 1989/1989/1989 1985/1985/1985 1992/1992/1992
f 1989/1989/1989 1992/1992/1992 1990/1990/1990
f 1985/1985/1985 1993/1993/1993 1992/1992/1992
f 1994/1994/1994 1991/1991/1991 1990/1990/1990
f 1994/1994/1994 1990/1990/1990 1992/1992/1992
f 1995/1995/1995 1991/1991/1991 1994/1994/1994
f 1996/1996/1996 1995/1995/1995 1994/1994/1994
f 1997/1997/1997 1992/1992/1992 1993/1993/1993
f 1997/1997/1997 1994/1994/1994 1992/1992/1992
f 1996/1996/1996 1994/1994/1994 1997/1997/1997
f 1998/1998/1998 1997/1997/1997 1993/1993/1993
f 1999/1999/1999 1996/1996/1996 1997/1997/1997
f 1997/1997/1997 1998/1998/1998 2000/2000/2000
f 1999/1999/1999 1997/1997/1997 2000/2000/2000
f 2003/2003/2003 2002/2002/2002 2001/2001/2001
f 2004/2004/2004 2003/2003/2003 2001/2001/2001
f 2004/2004/2004 2005/2005/2005 2003/2003/2003
f 2005/2005/2005 2006/2006/2006 2003/2003/2003
f 2005/2005/2005 2007/2007/2007 2006/2006/2006
f 2007/2007/2007 2008/2008/2008 2006/2006/2006
f 2007/2007/2007 2009/2009/2009 2008/2008/2008
f 2009/2009/2009 2010/2010/2010 2008/2008/2008
f 2009/2009/2009 2011/2011/2011 2010/2010/2010
f 2011/2011/2011 2012/2012/2012 2010/2010/2010
f 2013/2013/2013 2012/2012/2012 2011/2011/2011
f 2014/2014/2014 2013/2013/2013 2011/2011/2011
f 2017/2017/2017 2016/2016/2016 2015/2015/2015
f 2016/2016/2016 2018/2018/2018 2015/2015/2015
f 2016/2016/2016 2019/2019/2019 2018/2018/2018
f 2015/2015/2015 2018/2018/2018 2020/2020/2020
f 2021/2021/2021 2015/2015/2015 2020/2020/2020
f 2021/2021/2021 2020/2020/2020 2022/2022/2022
f 2020/2020/2020 2023/2023/2023 2022/2022/2022
f 2020/2020/2020 2024/2024/2024 2023/2023/2023
f 2020/2020/2020 2018/2018/2018 2024/2024/2024
f 2024/2024/2024 2025/2025/2025 2023/2023/2023
f 2019/2019/2019 2026/2026/2026 2018/2018/2018
f 2018/2018/2018 2026/2026/2026 2024/2024/2024
f 2019/2019/2019 2027/2027/2027 2026/2026/2026
f 2024/2024/2024 2028/2028/2028 2025/2025/2025
f 2024/2024/2024 2026/2026/2026 2028/2028/2028
f 2028/2028/2028 2029/2029/2029 2025/2025/2025
f 2027/2027/2027 2030/2030/2030 2026/2026/2026
f 2026/2026/2026 2030/2030/2030 2028/2028/2028
f 2027/2027/2027 2031/2031/2031 2030/2030/2030
f 2028/2028/2028 2032/2032/2032 2029/2029/2029
f 2028/2028/2028 2030/2030/2030 2032/2032/2032
f 2032/2032/2032 2033/2033/2033 2029/2029/2029
f 2031/2031/2031 2034/2034/2034 2030/2030/2030
f 2030/2030/2030 2034/2034/2034 2032/2032/2032
f 2031/2031/2031 2035/2035/2035 2034/2034/2034
f 2035/2035/2035 2036/2036/2036 2034/2034/2034
f 2032/2032/2032 2034/2034/2034 2036/2036/2036
f 2037/2037/2037 2032/2032/2032 2036/2036/2036
f 2032/2032/2032 2037/2037/2037 2033/2033/2033
f 2037/2037/2037 2038/2038/2038 2033/2033/2033
f 2041/2041/2041 2040/2040/2040 2039/2039/2039
f 2040/2040/2040 2042/2042/2042 2039/2039/2039
f 2040/2040/2040 2043/2043/2043 2042/2042/2042
f 2043/2043/2043 2044/2044/2044 2042/2042/2042
f 2043/2043/2043 2045/2045/2045 2044/2044/2044
f 2045/2045/2045 2046/2046/2046 2044/2044/2044
f 2049/2049/2049 2048/2048/2048 2047/2047/2047
f 2050/2050/2050 2049/2049/2049 2047/2047/2047
f 2050/2050/2050 2047/2047/2047 2051/2051/2051
f 2052/2052/2052 2049/2049/2049 2050/2050/2050
f 2053/2053/2053 2050/2050/2050 2051/2051/2051
f 2053/2053/2053 2051/2051/2051 2054/2054/2054
f 2055/2055/2055 2053/2053/2053 2054/2054/2054
f 2054/2054/2054 2056/2056/2056 2055/2055/2055
f 2056/2056/2056 2057/2057/2057 2055/2055/2055
f 2055/2055/2055 2057/2057/2057 2053/2053/2053
f 2056/2056/2056 2058/2058/2058 2057/2057/2057
f 2057/2057/2057 2059/2059/2059 2053/2053/2053
f 2058/2058/2058 2059/2059/2059 2057/2057/2057
f 2053/2053/2053 2059/2059/2059 2050/2050/2050
f 2058/2058/2058 2060/2060/2060 2059/2059/2059
f 2060/2060/2060 2061/2061/2061 2052/2052/2052
f 2059/2059/2059 2062/2062/2062 2050/2050/2050
f 2062/2062/2062 2052/2052/2052 2050/2050/2050
f 2060/2060/2060 2062/2062/2062 2059/2059/2059
f 2062/2062/2062 2060/2060/2060 2052/2052/2052
f 2065/2065/2065 2064/2064/2064 2063/2063/2063
f 2066/2066/2066 2065/2065/2065 2063/2063/2063
f 2064/2064/2064 2067/2067/2067 2063/2063/2063
f 2068/2068/2068 2066/2066/2066 2063/2063/2063
f 2064/2064/2064 2069/2069/2069 2067/2067/2067
f 2070/2070/2070 2066/2066/2066 2068/2068/2068
f 2069/2069/2069 2071/2071/2071 2067/2067/2067
f 2072/2072/2072 2070/2070/2070 2068/2068/2068
f 2071/2071/2071 2069/2069/2069 2073/2073/2073
f 2070/2070/2070 2072/2072/2072 2074/2074/2074
f 2075/2075/2075 2071/2071/2071 2073/2073/2073
f 2072/2072/2072 2076/2076/2076 2074/2074/2074
f 2075/2075/2075 2073/2073/2073 2077/2077/2077
f 2074/2074/2074 2076/2076/2076 2078/2078/2078
f 2076/2076/2076 2079/2079/2079 2078/2078/2078
f 2080/2080/2080 2078/2078/2078 2079/2079/2079
f 2081/2081/2081 2080/2080/2080 2079/2079/2079
f 2081/2081/2081 2082/2082/2082 2080/2080/2080
f 2083/2083/2083 2075/2075/2075 2077/2077/2077
f 2082/2082/2082 2081/2081/2081 2083/2083/2083
f 2084/2084/2084 2083/2083/2083 2077/2077/2077
f 2084/2084/2084 2082/2082/2082 2083/2083/2083
f 2087/2087/2087 2086/2086/2086 2085/2085/2085
f 2087/2087/2087 2088/2088/2088 2086/2086/2086
f 2086/2086/2086 2089/2089/2089 2085/2085/2085
f 2085/2085/2085 2089/2089/2089 2090/2090/2090
f 2088/2088/2088 2091/2091/2091 2086/2086/2086
f 2088/2088/2088 2092/2092/2092 2091/2091/2091
f 2092/2092/2092 2093/2093/2093 2091/2091/2091
f 2092/2092/2092 2094/2094/2094 2093/2093/2093
f 2094/2094/2094 2095/2095/2095 2093/2093/2093
f 2091/2091/2091 2093/2093/2093 2095/2095/2095
f 2094/2094/2094 2096/2096/2096 2095/2095/2095
f 2086/2086/2086 2091/2091/2091 2097/2097/2097
f 2097/2097/2097 2091/2091/2091 2095/2095/2095
f 2086/2086/2086 2098/2098/2098 2089/2089/2089
f 2098/2098/2098 2086/2086/2086 2097/2097/2097
f 2096/2096/2096 2099/2099/2099 2095/2095/2095
f 2095/2095/2095 2099/2099/2099 2100/2100/2100
f 2099/2099/2099 2096/2096/2096 2100/2100/2100
f 2097/2097/2097 2095/2095/2095 2100/2100/2100
f 2096/2096/2096 2101/2101/2101 2100/2100/2100
f 2097/2097/2097 2100/2100/2100 2102/2102/2102
f 2100/2100/2100 2101/2101/2101 2102/2102/2102
f 2098/2098/2098 2097/2097/2097 2102/2102/2102
f 2101/2101/2101 2103/2103/2103 2102/2102/2102
f 2102/2102/2102 2103/2103/2103 2104/2104/2104
f 2098/2098/2098 2102/2102/2102 2104/2104/2104
f 2103/2103/2103 2105/2105/2105 2104/2104/2104
f 2098/2098/2098 2106/2106/2106 2089/2089/2089
f 2106/2106/2106 2098/2098/2098 2104/2104/2104
f 2104/2104/2104 2105/2105/2105 2107/2107/2107
f 2105/2105/2105 2108/2108/2108 2107/2107/2107
f 2107/2107/2107 2108/2108/2108 2109/2109/2109
f 2104/2104/2104 2107/2107/2107 2110/2110/2110
f 2110/2110/2110 2107/2107/2107 2109/2109/2109
f 2106/2106/2106 2104/2104/2104 2110/2110/2110
f 2110/2110/2110 2109/2109/2109 2090/2090/2090
f 2089/2089/2089 2106/2106/2106 2111/2111/2111
f 2089/2089/2089 2111/2111/2111 2090/2090/2090
f 2111/2111/2111 2110/2110/2110 2090/2090/2090
f 2106/2106/2106 2110/2110/2110 2111/2111/2111
f 2114/2114/2114 2113/2113/2113 2112/2112/2112
f 2113/2113/2113 2114/2114/2114 2115/2115/2115
f 2116/2116/2116 2114/2114/2114 2112/2112/2112
f 2116/2116/2116 2112/2112/2112 2117/2117/2117
f 2114/2114/2114 2118/2118/2118 2115/2115/2115
f 2115/2115/2115 2118/2118/2118 2119/2119/2119
f 2120/2120/2120 2116/2116/2116 2117/2117/2117
f 2120/2120/2120 2117/2117/2117 2121/2121/2121
f 2114/2114/2114 2116/2116/2116 2122/2122/2122
f 2118/2118/2118 2114/2114/2114 2122/2122/2122
f 2123/2123/2123 2120/2120/2120 2121/2121/2121
f 2123/2123/2123 2121/2121/2121 2124/2124/2124
f 2120/2120/2120 2125/2125/2125 2116/2116/2116
f 2125/2125/2125 2122/2122/2122 2116/2116/2116
f 2125/2125/2125 2120/2120/2120 2123/2123/2123
f 2118/2118/2118 2122/2122/2122 2126/2126/2126
f 2126/2126/2126 2122/2122/2122 2125/2125/2125
f 2118/2118/2118 2127/2127/2127 2119/2119/2119
f 2127/2127/2127 2118/2118/2118 2126/2126/2126
f 2126/2126/2126 2125/2125/2125 2128/2128/2128
f 2128/2128/2128 2129/2129/2129 2126/2126/2126
f 2127/2127/2127 2126/2126/2126 2129/2129/2129
f 2129/2129/2129 2128/2128/2128 2130/2130/2130
f 2127/2127/2127 2129/2129/2129 2130/2130/2130
f 2119/2119/2119 2127/2127/2127 2131/2131/2131
f 2131/2131/2131 2127/2127/2127 2130/2130/2130
f 2132/2132/2132 2119/2119/2119 2131/2131/2131
f 2133/2133/2133 2132/2132/2132 2131/2131/2131
f 2134/2134/2134 2125/2125/2125 2123/2123/2123
f 2125/2125/2125 2134/2134/2134 2128/2128/2128
f 2135/2135/2135 2133/2133/2133 2131/2131/2131
f 2135/2135/2135 2131/2131/2131 2130/2130/2130
f 2134/2134/2134 2123/2123/2123 2136/2136/2136
f 2136/2136/2136 2123/2123/2123 2124/2124/2124
f 2124/2124/2124 2137/2137/2137 2136/2136/2136
f 2138/2138/2138 2134/2134/2134 2136/2136/2136
f 2128/2128/2128 2134/2134/2134 2138/2138/2138
f 2137/2137/2137 2139/2139/2139 2136/2136/2136
f 2136/2136/2136 2139/2139/2139 2138/2138/2138
f 2137/2137/2137 2140/2140/2140 2139/2139/2139
f 2139/2139/2139 2141/2141/2141 2138/2138/2138
f 2140/2140/2140 2141/2141/2141 2139/2139/2139
f 2128/2128/2128 2138/2138/2138 2141/2141/2141
f 2128/2128/2128 2141/2141/2141 2140/2140/2140
f 2142/2142/2142 2128/2128/2128 2140/2140/2140
f 2143/2143/2143 2128/2128/2128 2142/2142/2142
f 2128/2128/2128 2143/2143/2143 2130/2130/2130
f 2144/2144/2144 2143/2143/2143 2142/2142/2142
f 2143/2143/2143 2144/2144/2144 2145/2145/2145
f 2146/2146/2146 2143/2143/2143 2145/2145/2145
f 2143/2143/2143 2146/2146/2146 2130/2130/2130
f 2146/2146/2146 2145/2145/2145 2147/2147/2147
f 2146/2146/2146 2148/2148/2148 2130/2130/2130
f 2148/2148/2148 2135/2135/2135 2130/2130/2130
f 2135/2135/2135 2148/2148/2148 2149/2149/2149
f 2146/2146/2146 2149/2149/2149 2148/2148/2148
f 2150/2150/2150 2135/2135/2135 2149/2149/2149
f 2135/2135/2135 2150/2150/2150 2133/2133/2133
f 2150/2150/2150 2151/2151/2151 2133/2133/2133
f 2150/2150/2150 2152/2152/2152 2151/2151/2151
f 2152/2152/2152 2153/2153/2153 2151/2151/2151
f 2153/2153/2153 2152/2152/2152 2154/2154/2154
f 2155/2155/2155 2150/2150/2150 2149/2149/2149
f 2152/2152/2152 2150/2150/2150 2155/2155/2155
f 2152/2152/2152 2156/2156/2156 2154/2154/2154
f 2156/2156/2156 2152/2152/2152 2155/2155/2155
f 2154/2154/2154 2156/2156/2156 2157/2157/2157
f 2149/2149/2149 2158/2158/2158 2155/2155/2155
f 2155/2155/2155 2158/2158/2158 2156/2156/2156
f 2158/2158/2158 2149/2149/2149 2146/2146/2146
f 2156/2156/2156 2159/2159/2159 2157/2157/2157
f 2158/2158/2158 2159/2159/2159 2156/2156/2156
f 2157/2157/2157 2159/2159/2159 2160/2160/2160
f 2159/2159/2159 2161/2161/2161 2160/2160/2160
f 2159/2159/2159 2158/2158/2158 2161/2161/2161
f 2160/2160/2160 2161/2161/2161 2162/2162/2162
f 2158/2158/2158 2163/2163/2163 2161/2161/2161
f 2163/2163/2163 2158/2158/2158 2146/2146/2146
f 2161/2161/2161 2164/2164/2164 2162/2162/2162
f 2161/2161/2161 2163/2163/2163 2164/2164/2164
f 2165/2165/2165 2162/2162/2162 2164/2164/2164
f 2146/2146/2146 2166/2166/2166 2163/2163/2163
f 2163/2163/2163 2166/2166/2166 2164/2164/2164
f 2167/2167/2167 2165/2165/2165 2164/2164/2164
f 2167/2167/2167 2164/2164/2164 2166/2166/2166
f 2147/2147/2147 2165/2165/2165 2167/2167/2167
f 2146/2146/2146 2168/2168/2168 2166/2166/2166
f 2168/2168/2168 2167/2167/2167 2166/2166/2166
f 2168/2168/2168 2146/2146/2146 2147/2147/2147
f 2168/2168/2168 2147/2147/2147 2167/2167/2167
