g ChosenSaint_Body
v 0.192044705 -0.000633074029 -0.097928524
v 0.161332369 0.0217956677 -0.101422422
v 0.16245912 -0.000377330784 -0.112440564
v 0.185797706 0.0237567276 -0.0936695486
v 0.205913335 -0.000870797609 -0.0681683049
v 0.182353705 0.0614296608 -0.086640738
v 0.155307353 0.0531344973 -0.10159193
v 0.152715653 0.0892386436 -0.0946393013
v 0.201268956 0.0245353859 -0.0659189448
v 0.174094304 0.0903547928 -0.0844470039
v 0.150801823 0.123057067 -0.0891530216
v 0.177009106 0.129475161 -0.075283885
v 0.197854534 0.0633979291 -0.0549429245
v 0.199819788 0.0926835015 -0.0440512709
v 0.193764284 0.0914782137 0.00466297148
v 0.189539775 0.134941444 -0.0469452888
v 0.186021894 0.139527559 -0.00688440306
v 0.170052484 0.139008105 0.0131791113
v 0.206000149 0.0244902074 -0.0206574667
v 0.216136411 -0.00284830574 -0.0277804229
v 0.22893846 0.000943466381 0.037396282
v 0.202224478 0.0660584718 -0.00420058239
v 0.217162952 0.0232165959 0.0310078952
v 0.234111577 -0.00413620099 0.117566608
v 0.214068726 0.05103774 0.0396170877
v 0.216856584 0.041847039 0.118304104
v 0.222525045 0.0163863394 0.106875703
v 0.224183023 -0.00328829046 0.158863425
v 0.196065262 0.0640900582 0.0601862893
v 0.221059069 0.018227689 0.148610145
v 0.203376517 -0.00298623089 0.182796061
v 0.169835806 0.0709687248 0.0764826536
v 0.195838243 0.051584132 0.118642636
v 0.16593419 0.0969861597 0.0329477824
v 0.136477366 0.137044698 0.00673816167
v 0.195707455 0.0188707747 0.169501707
v 0.216782257 0.0317917876 0.144021168
v 0.188092321 0.0344485305 0.159930944
v 0.167591736 0.0204655398 0.171365663
v 0.176879212 -0.00125631096 0.192078531
v 0.147722676 -0.00275333039 0.194824055
v 0.16790992 0.053910207 0.124823958
v 0.145975456 0.0219339486 0.179879293
v 0.117559589 -0.00560425036 0.182844177
v 0.164579347 0.0367228203 0.1599527
v 0.139694199 0.0532519519 0.134000152
v 0.120388269 0.0217865296 0.179239646
v 0.106079154 -0.00215319032 0.138898417
v 0.141499162 0.0372794345 0.163445294
v 0.133643076 0.0719540119 0.0765646696
v 0.109946661 0.0174261294 0.137901634
v 0.110834062 -0.000834190811 0.068866998
v 0.123745225 0.0359463878 0.169055596
v 0.115792058 0.0459783636 0.1317375
v 0.130141869 0.0916760117 0.0224193856
v 0.117776379 0.0560652949 0.0718790218
v 0.122229084 0.0203064494 0.070416458
v 0.115568146 -0.000767880643 0.00805169996
v 0.122688062 0.06212667 0.0169778727
v 0.125728622 0.020489227 0.0143274684
v 0.118515156 0.00046225189 -0.0367351994
v 0.126006082 0.0225053504 -0.0308779608
v 0.134101748 -0.00122720003 -0.0964868143
v 0.12094862 0.0995155498 -0.0297562219
v 0.126298115 0.132221803 -0.0334592536
v 0.124889351 0.0558966808 -0.0339866616
v 0.134186029 0.0224194918 -0.0831106529
v 0.16245912 -0.000377330784 -0.112440564
v 0.161332369 0.0217956677 -0.101422422
v 0.155307353 0.0531344973 -0.10159193
v 0.136063769 0.0950762406 -0.0771826282
v 0.134251237 0.124877639 -0.0715183467
v 0.150801823 0.123057067 -0.0891530216
v 0.152715653 0.0892386436 -0.0946393013
v 0.132606059 0.0518393889 -0.0821517333
v 0.16245912 -0.000377330784 -0.112440564
v 0.205913335 -0.000870797609 -0.0681683049
v 0.192044705 -0.000633074029 -0.097928524
v 0.167943552 -0.0100965006 0.0226583146
v 0.216136411 -0.00284830574 -0.0277804229
v 0.22893846 0.000943466381 0.037396282
v 0.234111577 -0.00413620099 0.117566608
v 0.224183023 -0.00328829046 0.158863425
v 0.203376517 -0.00298623089 0.182796061
v 0.176879212 -0.00125631096 0.192078531
v 0.147722676 -0.00275333039 0.194824055
v 0.117559589 -0.00560425036 0.182844177
v 0.106079154 -0.00215319032 0.138898417
v 0.110834062 -0.000834190811 0.068866998
v 0.115568146 -0.000767880643 0.00805169996
v 0.118515156 0.00046225189 -0.0367351994
v 0.134101748 -0.00122720003 -0.0964868143
v 0.604816437 0.867944598 0.0275644455
v 0.612357378 0.859026074 0.037322402
v 0.611581862 0.861032009 0.0317677967
v 0.601116598 0.860906959 0.0338790491
v 0.609196782 0.860217273 0.0419400558
v 0.601082087 0.864055693 0.0431613959
v 0.585357964 0.877882123 0.034038119
v 0.592802346 0.881922126 0.0262201224
v 0.588751733 0.880976021 0.0443962403
v 0.576790094 0.89907974 0.0249575134
v 0.569987953 0.896564782 0.0335856155
v 0.575441897 0.899984419 0.0437886305
v 0.552495658 0.910735607 0.0311151482
v 0.55733639 0.914061129 0.0428900011
v 0.531022251 0.927068591 0.0180978812
v 0.554773331 0.914290547 0.0188836288
v 0.535381854 0.933763862 0.0420366563
v 0.55879271 0.910469055 0.00899930857
v 0.587235451 0.889703631 0.0177834369
v 0.499833047 0.935553849 0.0205974393
v 0.517041385 0.941814482 0.0363743901
v 0.508121014 0.941047192 0.0358258709
v 0.582773507 0.888994515 0.00638539577
v 0.605454445 0.867605865 0.0176380407
v 0.600163043 0.864345789 0.00680072419
v 0.617945373 0.846610844 0.0150041394
v 0.614985466 0.841837883 0.00524374284
v 0.622708857 0.841559708 0.0109167565
v 0.623678684 0.840533376 0.00533308554
v 0.618815362 0.850496948 -0.00246280595
v 0.622596204 0.842824638 0.000412141526
v 0.605938256 0.869074225 -0.00126632384
v 0.59184444 0.894045711 -0.0015804416
v 0.564598739 0.915206194 -0.00124956074
v 0.532854736 0.929296017 -0.011521331
v 0.562256694 0.91300863 -0.013895141
v 0.535812557 0.931800902 -0.0453655571
v 0.588917553 0.885404408 -0.00621404592
v 0.499074668 0.944474161 -0.00813133363
v 0.47586605 0.95021385 0.0256926697
v 0.583280206 0.882200956 -0.0148578351
v 0.602140486 0.863846779 -0.00823563896
v 0.566178858 0.912217379 -0.0230770633
v 0.597674012 0.861769795 -0.0157864857
v 0.613676429 0.84649086 -0.00934324134
v 0.591534257 0.887458026 -0.0255910549
v 0.601485968 0.866292238 -0.0241927337
v 0.614918113 0.841044366 -0.0166671537
v 0.615073204 0.846611023 -0.024342699
v 0.621068478 0.843047976 -0.0223382711
v 0.622235 0.84098959 -0.017142877
v 0.620196044 0.84279412 -0.0118135763
v 0.563415349 0.910793841 -0.0355186202
v 0.583613873 0.895626903 -0.0277042296
v 0.577817142 0.893612564 -0.036491476
v 0.588807642 0.881513059 -0.0300255194
v 0.585283935 0.878971219 -0.037195947
v 0.595560849 0.868960321 -0.0295033716
v 0.59151876 0.863479495 -0.035796266
v 0.598047614 0.861591756 -0.0325308405
v 0.598418593 0.859657645 -0.0370288678
v 0.596483767 0.865677416 -0.0427908041
v 0.598095357 0.861622274 -0.0409076922
v 0.590024412 0.881636024 -0.0436771624
v 0.583259583 0.898060203 -0.0450925715
v 0.569198966 0.915184975 -0.0499475785
v 0.54634732 0.939856112 -0.0588028617
v 0.521294117 0.965729296 -0.0622671694
v 0.5064587 0.952779531 -0.0487092249
v 0.490052432 0.9724738 -0.053397458
v 0.502413809 0.985143542 -0.0636948496
v 0.477280498 0.963975787 -0.0132845407
v 0.479200006 0.981022775 -0.0518207811
v 0.465157658 0.976092815 -0.00891473982
v 0.448385179 1.02726436 -0.0411186889
v 0.465402782 1.03028512 -0.0498233512
v 0.43809101 1.02365017 -0.00966503937
v 0.438952893 1.02053034 0.0117932698
v 0.466333419 0.971836925 0.020356629
v 0.439398646 1.01551831 0.0247936677
v 0.467429101 0.965381145 0.0371925645
v 0.468654096 0.960085213 0.0393754765
v 0.47767657 0.944071412 0.0326035134
v 0.470993787 0.953958511 0.0437736735
v 0.483447701 0.920571983 0.0575780459
v 0.498146623 0.932391703 0.0274524279
v 0.487315059 0.911594093 0.0479747094
v 0.486480594 0.900907815 0.0706497207
v 0.499497324 0.909353137 0.0462328717
v 0.508408546 0.915430427 0.0521010347
v 0.48807466 0.894968569 0.0653679594
v 0.499694318 0.891837895 0.0636134073
v 0.508197308 0.898972511 0.0677216947
v 0.504150927 0.893260777 0.0758139491
v 0.49896431 0.889696419 0.0755655095
v 0.490579963 0.890476525 0.0734674782
v 0.48966679 0.895535886 0.0783635825
v 0.467429101 0.965381145 0.0371925645
v 0.439398646 1.01551831 0.0247936677
v 0.446654528 1.02766252 0.0263719261
v 0.47685191 0.981575727 0.0402200818
v 0.468654096 0.960085213 0.0393754765
v 0.455171615 1.03761947 0.0198833756
v 0.486452192 0.96679616 0.0496849865
v 0.470993787 0.953958511 0.0437736735
v 0.51544708 0.961448967 0.0441895127
v 0.488457441 0.995148301 0.0313923694
v 0.487746418 0.953931808 0.055961743
v 0.465101242 1.044873 0.00927375071
v 0.502002418 1.00504291 0.0169197377
v 0.474858314 1.05002415 -0.0126652308
v 0.533475697 0.980084598 0.0195296891
v 0.561390936 0.95609355 0.018579809
v 0.541858196 0.983781576 -0.0114653884
v 0.515312076 1.01206958 -0.0130073139
v 0.477220297 1.04836535 -0.0318581127
v 0.518534124 1.00980675 -0.0391884036
v 0.475841165 1.04146183 -0.0443480499
v 0.492856234 0.926818848 0.0646325648
v 0.483447701 0.920571983 0.0575780459
v 0.540952086 0.982273519 -0.0377144367
v 0.563106477 0.954995036 -0.0357216075
v 0.533614993 0.975790739 -0.0562922359
v 0.516652882 1.0003897 -0.0562259741
v 0.465402782 1.03028512 -0.0498233512
v 0.502413809 0.985143542 -0.0636948496
v 0.521294117 0.965729296 -0.0622671694
v 0.54634732 0.939856112 -0.0588028617
v 0.555539072 0.948338985 -0.0546314791
v 0.569198966 0.915184975 -0.0499475785
v 0.577820599 0.920906663 -0.0487521477
v 0.583259583 0.898060203 -0.0450925715
v 0.591084599 0.900180161 -0.0443388559
v 0.590024412 0.881636024 -0.0436771624
v 0.583239555 0.925189555 -0.0371783487
v 0.584443212 0.923502088 -0.0251313951
v 0.598396957 0.884203017 -0.0430447087
v 0.596483767 0.865677416 -0.0427908041
v 0.596171916 0.900674582 -0.0372669101
v 0.599881291 0.866680682 -0.0428374298
v 0.598095357 0.861622274 -0.0409076922
v 0.601311147 0.886473238 -0.0362960808
v 0.601145744 0.862290859 -0.0407495052
v 0.598418593 0.859657645 -0.0370288678
v 0.604824185 0.867425978 -0.0375116691
v 0.593711734 0.899443805 -0.0291345213
v 0.602048755 0.860084414 -0.0371310189
v 0.599099278 0.88442874 -0.0303836577
v 0.602180183 0.86229986 -0.0328612067
v 0.598047614 0.861591756 -0.0325308405
v 0.595560849 0.868960321 -0.0295033716
v 0.601003528 0.869124591 -0.0306945499
v 0.588807642 0.881513059 -0.0300255194
v 0.583613873 0.895626903 -0.0277042296
v 0.566178858 0.912217379 -0.0230770633
v 0.591534257 0.887458026 -0.0255910549
v 0.601915777 0.892940223 -0.0250794142
v 0.601485968 0.866292238 -0.0241927337
v 0.58747685 0.927310646 -0.0160114374
v 0.611630499 0.871094048 -0.025636537
v 0.615073204 0.846611023 -0.024342699
v 0.565105498 0.956204653 -0.010716334
v 0.583694816 0.928990364 -5.52397942E-05
v 0.605757296 0.894544184 -0.0172355976
v 0.620921373 0.849791944 -0.024108341
v 0.621068478 0.843047976 -0.0223382711
v 0.616592407 0.872389197 -0.018371325
v 0.599434972 0.893081903 -0.0079728663
v 0.623911738 0.845337331 -0.0220443346
v 0.622235 0.84098959 -0.017142877
v 0.625594079 0.843644083 -0.0164754391
v 0.620196044 0.84279412 -0.0118135763
v 0.625947773 0.851242781 -0.0177937336
v 0.624139607 0.844786644 -0.0120845651
v 0.613676429 0.84649086 -0.00934324134
v 0.622348309 0.849345982 -0.00980916992
v 0.602140486 0.863846779 -0.00823563896
v 0.611983418 0.869813681 -0.00875878427
v 0.588917553 0.885404408 -0.00621404592
v 0.564598739 0.915206194 -0.00124956074
v 0.602940559 0.8990767 -0.00120211788
v 0.59184444 0.894045711 -0.0015804416
v 0.605938256 0.869074225 -0.00126632384
v 0.583063602 0.931888938 0.0123352297
v 0.574983835 0.927479088 0.0223313347
v 0.606487632 0.902394474 0.00904341415
v 0.617441237 0.875908196 -0.000624399283
v 0.618815362 0.850496948 -0.00246280595
v 0.626089334 0.852657437 -0.00118737528
v 0.622596204 0.842824638 0.000412141526
v 0.620528817 0.877069473 0.00876811706
v 0.597573102 0.896433949 0.0200388543
v 0.628771961 0.845710337 0.00143814099
v 0.623678684 0.840533376 0.00533308554
v 0.628832817 0.842878401 0.00609484129
v 0.622708857 0.841559708 0.0109167565
v 0.630676925 0.851970375 0.0065478282
v 0.615297019 0.873697996 0.0178343449
v 0.628032923 0.844438553 0.0112129301
v 0.617945373 0.846610844 0.0150041394
v 0.625650525 0.850508869 0.014558563
v 0.605454445 0.867605865 0.0176380407
v 0.587235451 0.889703631 0.0177834369
v 0.554773331 0.914290547 0.0188836288
v 0.576790094 0.89907974 0.0249575134
v 0.588820457 0.905807495 0.0273688175
v 0.600626767 0.890126348 0.0289432276
v 0.592802346 0.881922126 0.0262201224
v 0.604816437 0.867944598 0.0275644455
v 0.574726641 0.929249227 0.0367538258
v 0.611025691 0.871710181 0.0302724633
v 0.611581862 0.861032009 0.0317677967
v 0.590515673 0.90850383 0.0368366987
v 0.541530728 0.947271407 0.0444986522
v 0.615466118 0.863325119 0.0330360942
v 0.612357378 0.859026074 0.037322402
v 0.6025666 0.891249657 0.0372681879
v 0.56849283 0.923550487 0.0455586798
v 0.616348982 0.861845016 0.0381027013
v 0.609196782 0.860217273 0.0419400558
v 0.613923371 0.872082651 0.0388622954
v 0.584515214 0.904920042 0.0458483286
v 0.613749504 0.862048566 0.0426593535
v 0.601082087 0.864055693 0.0431613959
v 0.607512295 0.868121266 0.0458467416
v 0.588751733 0.880976021 0.0443962403
v 0.597938538 0.888344884 0.0459932275
v 0.575441897 0.899984419 0.0437886305
v 0.55733639 0.914061129 0.0428900011
v 0.535381854 0.933763862 0.0420366563
v 0.517041385 0.941814482 0.0363743901
v 0.508121014 0.941047192 0.0358258709
v 0.508400857 0.950192332 0.0457143486
v 0.508408546 0.915430427 0.0521010347
v 0.505962193 0.923878908 0.0600811318
v 0.508197308 0.898972511 0.0677216947
v 0.504158437 0.905678153 0.0746655166
v 0.504150927 0.893260777 0.0758139491
v 0.494747072 0.905538678 0.0771293119
v 0.486480594 0.900907815 0.0706497207
v 0.495071083 0.897550404 0.0816338807
v 0.48966679 0.895535886 0.0783635825
v 0.490579963 0.890476525 0.0734674782
v 0.49896431 0.889696419 0.0755655095
v 0.502351105 0.899968565 0.0798022524
v -0.369136035 0.967424929 -0.00806906726
v -0.440086007 0.904640317 -0.0479505621
v -0.42591995 0.901467502 -0.00789589528
v -0.380715489 0.970105708 -0.056183137
v -0.464231849 0.936996579 -0.090333201
v -0.346989095 1.00825095 -0.0204095598
v -0.399787247 0.987470329 -0.0837753639
v -0.48072657 0.969831288 -0.0953762159
v -0.370748818 1.02257478 -0.0623691492
v -0.239322826 1.12962961 -0.0281231422
v -0.427188039 1.02563465 -0.104350306
v -0.515289664 1.01262367 -0.0688636824
v -0.459825873 1.06685913 -0.0751156285
v -0.516127706 1.02687967 -0.0138515718
v -0.461033136 1.08017802 -0.0217892397
v -0.487882882 1.00574231 0.0444128588
v -0.438785911 1.05511141 0.0294011291
v -0.451344371 0.950827003 0.0467565991
v -0.422994971 1.08841932 -0.0730286762
v -0.429567903 1.10333788 -0.0250032935
v -0.40890488 1.08550179 0.0159427393
v -0.397925645 1.0094018 0.0402124524
v -0.39810732 1.05511272 -0.0921468809
v -0.384095937 0.988645673 0.0235700291
v -0.434102237 0.919679761 0.0262778737
v -0.42591995 0.901467502 -0.00789589528
v -0.369136035 0.967424929 -0.00806906726
v -0.356441379 1.01886714 0.0114471996
v -0.346989095 1.00825095 -0.0204095598
v -0.231140062 1.16273475 0.00602571294
v -0.239322826 1.12962961 -0.0281231422
v -0.22338146 1.15300763 -0.0291701835
v -0.20958066 1.17482674 -0.0318726115
v -0.190396667 1.20627451 -0.0371306837
v -0.367617756 1.03905332 0.0246409029
v -0.261584967 1.18703699 0.0159956031
v -0.198966533 1.21824813 0.000594464364
v -0.159161687 1.2859906 0.00789993163
v -0.155493066 1.25994539 -0.0332195312
v -0.160313353 1.31354928 0.0123842536
v -0.22393018 1.24231756 0.0144017786
v -0.250620306 1.26169658 0.000615942467
v -0.161823213 1.338696 0.00550697977
v -0.166489959 1.34669554 0.00569395628
v -0.24723497 1.28774977 -0.0132674063
v -0.292670161 1.20867813 0.00523986388
v -0.281000197 1.26633656 -0.049693644
v -0.265809327 1.28022814 -0.0254943669
v -0.300113887 1.24299204 -0.0451292358
v -0.332186699 1.20583034 -0.0389806554
v -0.289561957 1.22390461 -0.0858335271
v -0.277985334 1.23827529 -0.0910151675
v -0.316874146 1.22328413 -0.0411951356
v -0.308195382 1.20465291 -0.0837166607
v -0.324017912 1.18660307 -0.0819152743
v -0.259910643 1.19487381 -0.100269109
v -0.243763819 1.21559596 -0.102452725
v -0.276907504 1.17362726 -0.0982107222
v -0.293741018 1.15525627 -0.0986639857
v -0.261998475 1.13673782 -0.0686399564
v -0.245955408 1.15879047 -0.0689177662
v -0.22338146 1.15300763 -0.0291701835
v -0.229884088 1.18051624 -0.0706897005
v -0.20958066 1.17482674 -0.0318726115
v -0.190396667 1.20627451 -0.0371306837
v -0.203757361 1.20802724 -0.0700327978
v -0.159252137 1.26389849 -0.060019087
v -0.155493066 1.25994539 -0.0332195312
v 0.434102207 0.919679761 0.0262778774
v 0.42591989 0.901467562 -0.00789591856
v 0.369136006 0.967424929 -0.00806907006
v 0.384095937 0.988645613 0.0235700253
v 0.397925586 1.0094018 0.0402124599
v 0.451344371 0.950827003 0.0467566065
v 0.346989095 1.00825095 -0.0204095654
v 0.487882882 1.00574231 0.0444128588
v 0.356441349 1.01886714 0.0114471968
v 0.231140062 1.16273475 0.00602571294
v 0.239322826 1.12962961 -0.0281231422
v 0.22338146 1.15300763 -0.0291701835
v 0.20958066 1.17482674 -0.0318726115
v 0.438785911 1.05511141 0.0294011347
v 0.516127706 1.02687967 -0.0138515662
v 0.461033136 1.08017802 -0.0217892379
v 0.515289664 1.01262367 -0.0688636824
v 0.40890488 1.08550179 0.0159427393
v 0.367617756 1.03905332 0.0246409029
v 0.459825873 1.06685913 -0.0751156211
v 0.48072657 0.969831288 -0.0953762233
v 0.261584967 1.18703699 0.0159956031
v 0.198966533 1.21824813 0.000594464364
v 0.190396667 1.20627451 -0.0371306837
v 0.155493066 1.25994539 -0.0332195312
v 0.159161687 1.2859906 0.00789993163
v 0.22393018 1.24231756 0.0144017786
v 0.160313353 1.31354928 0.0123842536
v 0.250620306 1.26169658 0.000615942467
v 0.161823213 1.338696 0.00550697977
v 0.292670161 1.20867813 0.00523986388
v 0.24723497 1.28774977 -0.0132674063
v 0.166489959 1.34669554 0.00569395628
v 0.265809327 1.28022814 -0.0254943669
v 0.281000197 1.26633656 -0.049693644
v 0.300113887 1.24299204 -0.0451292358
v 0.277985334 1.23827529 -0.0910151675
v 0.289561957 1.22390461 -0.0858335271
v 0.243763819 1.21559596 -0.102452725
v 0.316874146 1.22328413 -0.0411951356
v 0.332186699 1.20583034 -0.0389806554
v 0.308195382 1.20465291 -0.0837166607
v 0.259910643 1.19487381 -0.100269109
v 0.429567903 1.10333788 -0.0250032935
v 0.324017912 1.18660307 -0.0819152743
v 0.422994971 1.08841932 -0.0730286837
v 0.276907504 1.17362726 -0.0982107222
v 0.203757361 1.20802724 -0.0700327978
v 0.159252137 1.26389849 -0.060019087
v 0.155493066 1.25994539 -0.0332195312
v 0.190396667 1.20627451 -0.0371306837
v 0.229884088 1.18051624 -0.0706897005
v 0.20958066 1.17482674 -0.0318726115
v 0.22338146 1.15300763 -0.0291701835
v 0.245955408 1.15879047 -0.0689177662
v 0.239322826 1.12962961 -0.0281231422
v 0.293741018 1.15525627 -0.0986639857
v 0.261998475 1.13673782 -0.0686399564
v 0.39810732 1.05511272 -0.0921468809
v 0.370748788 1.02257478 -0.0623691492
v 0.346989095 1.00825095 -0.0204095654
v 0.427188039 1.02563465 -0.104350314
v 0.460824072 0.93571949 -0.0901190341
v 0.399787217 0.987470388 -0.0837753639
v 0.440086007 0.904640436 -0.0479505733
v 0.380715489 0.970105827 -0.0561831445
v 0.369136006 0.967424929 -0.00806907006
v 0.42591989 0.901467562 -0.00789591856
v 0.48072657 0.969831288 -0.0953762233
v 0.516127706 1.02687967 -0.0138515662
v 0.515289664 1.01262367 -0.0688636824
v 0.458035529 0.981730163 -0.0220709983
v 0.460824072 0.93571949 -0.0901190341
v 0.487882882 1.00574231 0.0444128588
v 0.440086007 0.904640436 -0.0479505733
v 0.451344371 0.950827003 0.0467566065
v 0.42591989 0.901467562 -0.00789591856
v 0.434102207 0.919679761 0.0262778774
v -0.451344371 0.950827003 0.0467565991
v -0.516127706 1.02687967 -0.0138515718
v -0.487882882 1.00574231 0.0444128588
v -0.458035499 0.981730163 -0.0220710002
v -0.515289664 1.01262367 -0.0688636824
v -0.48072657 0.969831288 -0.0953762159
v -0.464231849 0.936996579 -0.090333201
v -0.434102237 0.919679761 0.0262778737
v -0.440086007 0.904640317 -0.0479505621
v -0.42591995 0.901467502 -0.00789589528
v -0.161823213 1.338696 0.00550697977
v -0.166489959 1.34669554 0.00569395628
v -0.126014382 1.36997199 0.0393706113
v -0.103158474 1.35283065 0.0584233478
v -0.0998347104 1.40163696 0.0370596871
v -0.0809330642 1.38656175 0.0533128716
v -0.160313353 1.31354928 0.0123842536
v -0.0422083996 1.36844099 0.0779012293
v -0.123612985 1.29049683 0.0814993009
v -0.159161687 1.2859906 0.00789993163
v -0.0650640279 1.3273747 0.084250994
v -0.131610587 1.24166691 0.092951782
v -0.145088091 1.19153965 0.00908594485
v -0 1.32131696 0.0979054943
v -0 1.36286712 0.0853733718
v -0.0695306659 1.28003609 0.105720267
v 0.0650640279 1.3273747 0.084250994
v 0.0422083996 1.36844099 0.0779012293
v 0.0809330642 1.38656175 0.0533128716
v -0 1.27989328 0.115992479
v 0.103158474 1.35283065 0.0584233478
v 0.126014382 1.36997199 0.0393706113
v 0.0998347104 1.40163696 0.0370596871
v 0.166489959 1.34669554 0.00569395628
v 0.161823213 1.338696 0.00550697977
v 0.0695306659 1.28003609 0.105720267
v 0.123612985 1.29049683 0.0814993009
v 0.160313353 1.31354928 0.0123842536
v 0.0707006082 1.22863078 0.129811183
v 0.131610587 1.24166691 0.092951782
v 0.159161687 1.2859906 0.00789993163
v 0.145088091 1.19153965 0.00908594485
v -0 1.22569084 0.141208231
v -0 1.16935992 0.138029337
v -0.0707006082 1.22863078 0.129811183
v 0.069820106 1.16477704 0.124944709
v 0.057635393 1.06456852 0.106720597
v 0.123000778 1.16637325 0.0812789649
v 0.117308691 1.06048369 0.0761442408
v 0.142596036 1.0623827 0.00866318401
v 0.157559738 0.958720684 -0.00643406482
v 0.130323455 0.948219597 0.0799580216
v 0.177634925 0.838863432 0.00214820448
v -0.069820106 1.16477704 0.124944709
v 0.146097407 0.82251358 0.0781751424
v 0.194261357 0.721036673 0.00202018092
v 0.0625860468 0.934378386 0.102846861
v -0.123000778 1.16637325 0.0812789649
v -0.117308691 1.06048369 0.0761442408
v -0.142596036 1.0623827 0.00866318401
v -0.057635393 1.06456852 0.106720597
v -0.130323455 0.948219597 0.0799580216
v -0.157559738 0.958720684 -0.00643406482
v -0 1.05977762 0.117189482
v -0.0625860468 0.934378386 0.102846861
v -0.146097407 0.82251358 0.0781751424
v -0.177634925 0.838863432 0.00214820448
v -0.194261357 0.721036673 0.00202018092
v -0.0775060952 0.818217218 0.130849838
v -0.0849063173 0.68614918 0.138675794
v -0.16253747 0.703210115 0.0797085688
v -0.192933753 0.544466436 0.0810534433
v -0.223036423 0.565529406 -0.0053317463
v -0.060873162 0.810140669 0.149370998
v -0.0601008125 0.922353625 0.140544847
v -0.0506208874 1.04975152 0.131987259
v -0 1.04367745 0.125743479
v -0 0.919502079 0.141742244
v -0 0.805104375 0.149101645
v 0.0506208874 1.04975152 0.131987259
v 0.0601008125 0.922353625 0.140544847
v 0.060873162 0.810140669 0.149370998
v 0.0775060952 0.818217218 0.130849838
v 0.0849063173 0.68614918 0.138675794
v -0.0638589412 0.69252789 0.157577142
v 0.0638589412 0.69252789 0.157577142
v 0.16253747 0.703210115 0.0797085688
v 0.192933753 0.544466436 0.081548728
v 0.223036423 0.565529406 -0.0053317463
v -0 0.702810407 0.156119376
v -0 0.541175544 0.161687195
v -0.0672323927 0.536524773 0.161343098
v 0.0122544765 0.404169112 0.185472921
v 0.0672323927 0.536524773 0.162106395
v 0.242702842 0.397760242 0.056595955
v 0.17097047 0.399857819 0.122169718
v 0.258584201 0.410708696 -0.0472097956
v 0.278074741 0.248018146 -0.090955697
v 0.103512526 0.530877173 0.136015028
v 0.248233497 0.247905195 -0.00311635132
v 0.337515354 0.0879027843 -0.0586425066
v 0.0899876356 0.414280951 0.150431678
v 0.1202785 0.259127647 0.156586409
v 0.226276487 0.263569206 0.138865843
v 0.322536647 0.100657091 0.0151400669
v 0.331166714 0.115173645 0.0914853811
v 0.312743455 0.0864134207 0.0176304188
v 0.326958388 0.0883112773 -0.0507825874
v 0.316414833 0.0990068018 0.0955046043
v 0.285601676 0.109381855 0.161546707
v 0.306958616 0.127654836 0.181483552
v 0.230956227 0.114195451 0.163183555
v 0.227389738 0.104125649 0.198774636
v 0.129286632 0.086821191 0.20488888
v 0.139133245 0.09935835 0.223128855
v 0.0698103234 0.07905972 0.235322744
v 0.0258021038 0.265474528 0.207433432
v -0.0845571011 0.256292731 0.159137532
v 0.0814956427 0.0884685963 0.267672539
v 0.0197192803 0.0780159384 0.242311418
v 0.0224378034 0.0866378397 0.269811124
v -0.0779387802 0.0741842464 0.203683034
v -0.0840873197 0.0911765099 0.217789665
v -0.143393502 0.0773222297 0.176789105
v -0.14372997 0.0938283801 0.198146343
v -0.211429834 0.0883859247 0.185598269
v -0.21945484 0.103736773 0.198282465
v -0.302879333 0.0982031822 0.130265057
v -0.0755956471 0.401968032 0.150368512
v -0.154190794 0.412982881 0.121724673
v -0.183773652 0.268761128 0.150130928
v -0.318801701 0.110254951 0.141019031
v -0.318526119 0.0743789449 0.0474711172
v -0.251401484 0.287946284 0.0788280815
v -0.327590048 0.0956269428 0.049398087
v -0.325090438 0.0833128914 -0.0413161404
v -0.33726263 0.0892957598 -0.0322095044
v -0.271545917 0.26584819 -0.0539793894
v -0.224508971 0.418949395 0.0801734701
v -0.254887134 0.419730932 -0.0285891742
v -0.103512526 0.530877173 0.134915695
v 0.189418823 1.14639795 -0.139273539
v 0.159252137 1.26389849 -0.060019087
v 0.243763819 1.21559596 -0.102452725
v 0.12894167 1.20768178 -0.0914730355
v 0.128753185 1.07150638 -0.155328646
v 0.155493066 1.25994539 -0.0332195312
v 0.0683846921 1.08053839 -0.114080206
v 0.0778657496 0.996617496 -0.167698756
v -0 1.05094624 -0.130479902
v 0.0267741419 0.929632485 -0.175474063
v -0 0.929044187 -0.171872512
v -0.0778657496 0.996617496 -0.167698756
v -0.0267741419 0.929632485 -0.175474063
v -0.128753185 1.07150638 -0.155328646
v -0.0683846921 1.08053839 -0.114080206
v -0.189418823 1.14639795 -0.139273539
v -0.12894167 1.20768178 -0.0914730355
v -0.243763819 1.21559596 -0.102452725
v -0.159252137 1.26389849 -0.060019087
v -0.138877422 1.19617915 -0.0504423082
v -0.155493066 1.25994539 -0.0332195312
v -0.145088091 1.19153965 0.00908594485
v -0.159161687 1.2859906 0.00789993163
v -0.132765114 1.06971586 -0.0601045303
v -0.142596036 1.0623827 0.00866318401
v -0.157559738 0.958720684 -0.00643406482
v -0.141369253 0.966787755 -0.0674623102
v -0.177634925 0.838863432 0.00214820448
v -0.167726129 0.858282745 -0.0848827511
v -0.194261357 0.721036673 0.00202018092
v -0.082893312 0.973280668 -0.123354554
v -0 0.977993846 -0.136061758
v -0 1.05094624 -0.130479902
v -0.103719272 0.867225528 -0.149501801
v -0.173314869 0.734469533 -0.0887026861
v 0.082893312 0.973280668 -0.123354554
v -0 0.868909299 -0.173093051
v -0.199627593 0.589539886 -0.104836002
v -0.223036423 0.565529406 -0.0053317463
v -0.254887134 0.419730932 -0.0285891742
v -0.115299553 0.746701062 -0.155403584
v 0.132765114 1.06971586 -0.0601045303
v -0.126569748 0.591592669 -0.172964722
v -0.1347339 0.385371059 -0.207818121
v -0 0.599855602 -0.19451873
v -0.22962606 0.432662964 -0.123334564
v -0.273734301 0.273979753 -0.149164423
v -0.271545917 0.26584819 -0.0539793894
v -0.33726263 0.0892957598 -0.0322095044
v 0.138877422 1.19617915 -0.0504423082
v 0.145088091 1.19153965 0.00908594485
v 0.159161687 1.2859906 0.00789993163
v 0.142596036 1.0623827 0.00866318401
v 0.141369253 0.966787755 -0.0674623102
v 0.157559738 0.958720684 -0.00643406482
v 0.103719272 0.867225528 -0.149501801
v 0.167726129 0.858282745 -0.0848827511
v 0.177634925 0.838863432 0.00214820448
v 0.194261357 0.721036673 0.00202018092
v 0.173314869 0.734469533 -0.0887026861
v 0.115299553 0.746701062 -0.155403584
v 0.199627593 0.589539886 -0.104836002
v 0.223036423 0.565529406 -0.0053317463
v 0.258584201 0.410708696 -0.0472097956
v -0 0.744123697 -0.18006961
v 0.126569748 0.591592669 -0.172964722
v 0.1347339 0.385371059 -0.207818121
v 0.22597371 0.415402204 -0.136351913
v 0.246148244 0.2334764 -0.164559186
v 0.278074741 0.248018146 -0.090955697
v -0 0.360561579 -0.230891183
v -0 0.192410827 -0.290881336
v 0.154877618 0.17892991 -0.269135445
v 0.343494296 0.101949178 -0.13842842
v 0.337515354 0.0879027843 -0.0586425066
v 0.326958388 0.0883112773 -0.0507825874
v 0.329923391 0.0776801407 -0.123511218
v 0.283003598 0.0921353698 -0.213734418
v 0.275524259 0.0710846111 -0.193793535
v 0.200681314 0.0702873245 -0.238739416
v 0.189939946 0.0561753325 -0.223638266
v 0.140398964 0.069254607 -0.285650194
v 0.132727176 0.058699999 -0.268324137
v 0.0316046104 0.0786602199 -0.322040617
v 0.0323264897 0.0615956187 -0.302375406
v -0.084747456 0.0761851892 -0.311584562
v -0.0778272152 0.0599417277 -0.293289661
v -0.143998846 0.0674399957 -0.267671376
v -0.131175414 0.0539508983 -0.267744124
v -0.154877618 0.17892991 -0.269135445
v -0.213922426 0.0806769431 -0.236712471
v -0.215503231 0.0495895296 -0.223324507
v -0.308196336 0.0965279564 -0.197592616
v -0.298126906 0.0753895268 -0.182734013
v -0.351606429 0.103250057 -0.123463504
v -0.338588864 0.0850307271 -0.12410266
v -0.325090438 0.0833128914 -0.0413161404
v -0.192044705 -0.000633074029 -0.097928524
v -0.16245912 -0.000377330784 -0.112440564
v -0.161332369 0.0217956677 -0.101422422
v -0.185797706 0.0237567276 -0.0936695486
v -0.205913335 -0.000870797609 -0.0681683049
v -0.182353705 0.0614296608 -0.086640738
v -0.155307353 0.0531344973 -0.10159193
v -0.152715653 0.0892386436 -0.0946393013
v -0.201268956 0.0245353859 -0.0659189448
v -0.174094304 0.0903547928 -0.0844470039
v -0.150801823 0.123057067 -0.0891530216
v -0.177009106 0.129475161 -0.075283885
v -0.197854534 0.0633979291 -0.0549429245
v -0.199819788 0.0926835015 -0.0440512709
v -0.193764284 0.0914782137 0.00466297148
v -0.189539775 0.134941444 -0.0469452888
v -0.186021894 0.139527559 -0.00688440306
v -0.170052484 0.139008105 0.0131791113
v -0.206000149 0.0244902074 -0.0206574667
v -0.216136411 -0.00284830574 -0.0277804229
v -0.22893846 0.000943466381 0.037396282
v -0.202224478 0.0660584718 -0.00420058239
v -0.217162952 0.0232165959 0.0310078952
v -0.234111577 -0.00413620099 0.117566608
v -0.214068726 0.05103774 0.0396170877
v -0.216856584 0.041847039 0.118304104
v -0.222525045 0.0163863394 0.106875703
v -0.224183023 -0.00328829046 0.158863425
v -0.196065262 0.0640900582 0.0601862893
v -0.221059069 0.018227689 0.148610145
v -0.203376517 -0.00298623089 0.182796061
v -0.169835806 0.0709687248 0.0764826536
v -0.195838243 0.051584132 0.118642636
v -0.16593419 0.0969861597 0.0329477824
v -0.136477366 0.137044698 0.00673816167
v -0.195707455 0.0188707747 0.169501707
v -0.216782257 0.0317917876 0.144021168
v -0.188092321 0.0344485305 0.159930944
v -0.167591736 0.0204655398 0.171365663
v -0.176879212 -0.00125631096 0.192078531
v -0.147722676 -0.00275333039 0.194824055
v -0.16790992 0.053910207 0.124823958
v -0.145975456 0.0219339486 0.179879293
v -0.117559589 -0.00560425036 0.182844177
v -0.164579347 0.0367228203 0.1599527
v -0.139694199 0.0532519519 0.134000152
v -0.120388269 0.0217865296 0.179239646
v -0.106079154 -0.00215319032 0.138898417
v -0.141499162 0.0372794345 0.163445294
v -0.133643076 0.0719540119 0.0765646696
v -0.109946661 0.0174261294 0.137901634
v -0.110834062 -0.000834190811 0.068866998
v -0.123745225 0.0359463878 0.169055596
v -0.115792058 0.0459783636 0.1317375
v -0.130141869 0.0916760117 0.0224193856
v -0.117776379 0.0560652949 0.0718790218
v -0.122229084 0.0203064494 0.070416458
v -0.115568146 -0.000767880643 0.00805169996
v -0.122688062 0.06212667 0.0169778727
v -0.125728622 0.020489227 0.0143274684
v -0.118515156 0.00046225189 -0.0367351994
v -0.126006082 0.0225053504 -0.0308779608
v -0.134101748 -0.00122720003 -0.0964868143
v -0.12094862 0.0995155498 -0.0297562219
v -0.126298115 0.132221803 -0.0334592536
v -0.124889351 0.0558966808 -0.0339866616
v -0.134186029 0.0224194918 -0.0831106529
v -0.16245912 -0.000377330784 -0.112440564
v -0.161332369 0.0217956677 -0.101422422
v -0.155307353 0.0531344973 -0.10159193
v -0.136063769 0.0950762406 -0.0771826282
v -0.134251237 0.124877639 -0.0715183467
v -0.150801823 0.123057067 -0.0891530216
v -0.152715653 0.0892386436 -0.0946393013
v -0.132606059 0.0518393889 -0.0821517333
v -0.16245912 -0.000377330784 -0.112440564
v -0.192044705 -0.000633074029 -0.097928524
v -0.205913335 -0.000870797609 -0.0681683049
v -0.167943552 -0.0100965006 0.0226583146
v -0.216136411 -0.00284830574 -0.0277804229
v -0.22893846 0.000943466381 0.037396282
v -0.234111577 -0.00413620099 0.117566608
v -0.224183023 -0.00328829046 0.158863425
v -0.203376517 -0.00298623089 0.182796061
v -0.176879212 -0.00125631096 0.192078531
v -0.147722676 -0.00275333039 0.194824055
v -0.117559589 -0.00560425036 0.182844177
v -0.106079154 -0.00215319032 0.138898417
v -0.110834062 -0.000834190811 0.068866998
v -0.115568146 -0.000767880643 0.00805169996
v -0.118515156 0.00046225189 -0.0367351994
v -0.134101748 -0.00122720003 -0.0964868143
v -0.57846421 0.847657859 0.02512905
v -0.580804408 0.83827281 0.0293323994
v -0.580458939 0.836150169 0.0348870084
v -0.57171309 0.843457878 0.0314436518
v -0.578334808 0.83877629 0.0395046547
v -0.573275805 0.846191645 0.0407259986
v -0.569491625 0.868152618 0.0320324264
v -0.577956915 0.867872655 0.0242144298
v -0.573984087 0.869105101 0.0423905477
v -0.573861778 0.894063294 0.0234499704
v -0.566603243 0.89428997 0.0320744589
v -0.572862446 0.896079481 0.042367883
v -0.557700574 0.910672486 0.0306993034
v -0.560628831 0.913107336 0.0423514396
v -0.533671677 0.920644283 0.0192875005
v -0.560610771 0.914102852 0.0171953682
v -0.537535131 0.927755952 0.04330175
v -0.565772653 0.908683538 0.00551600847
v -0.576319635 0.890556633 0.0167184994
v -0.493011922 0.936031461 0.0240441505
v -0.513080895 0.938510954 0.038685225
v -0.504581809 0.938757777 0.0401627943
v -0.572016835 0.89171356 0.00492778467
v -0.584809244 0.8577317 0.0166290607
v -0.578598797 0.857492745 0.00579174515
v -0.583366752 0.826318502 0.0143084256
v -0.578443348 0.823616147 0.00454802997
v -0.585033 0.819578469 0.0102210427
v -0.585373163 0.818207979 0.00463737221
v -0.586034179 0.829275429 -0.00315851881
v -0.585556567 0.820735395 -0.000283571542
v -0.585952163 0.858772695 -0.00227530277
v -0.582323492 0.892417789 -0.00304361992
v -0.572548628 0.912379444 -0.00690894481
v -0.535757184 0.921896815 -0.0106643485
v -0.569522321 0.909469426 -0.0198056959
v -0.53918308 0.923907578 -0.0442242436
v -0.584571838 0.875419199 -0.0113994963
v -0.49774313 0.944076359 -0.00799947232
v -0.470534086 0.951805115 0.0265856981
v -0.580865562 0.875479639 -0.0219352376
v -0.586258888 0.846221983 -0.0124578774
v -0.573092699 0.914298296 -0.0305857938
v -0.58138597 0.846941948 -0.0204632357
v -0.582338035 0.828582644 -0.0134490496
v -0.587827504 0.875692248 -0.0319396928
v -0.587056279 0.848624647 -0.0293754842
v -0.580381513 0.823350251 -0.0212138146
v -0.583570898 0.827915251 -0.029351376
v -0.586620808 0.821643353 -0.0272262953
v -0.586463809 0.819282651 -0.0217181742
v -0.585752428 0.821910858 -0.0160680842
v -0.569383979 0.906429946 -0.042941317
v -0.580911934 0.889978468 -0.0342214592
v -0.5747931 0.890603006 -0.0434541851
v -0.578436017 0.875193596 -0.0353130363
v -0.574132264 0.875266612 -0.0433096178
v -0.576637506 0.860447645 -0.0339887552
v -0.570187926 0.858261168 -0.0410161167
v -0.574465871 0.852980256 -0.0373695791
v -0.573664606 0.851181149 -0.042392578
v -0.575518191 0.857226491 -0.0488270074
v -0.574522436 0.852977872 -0.0467241071
v -0.579570949 0.874835432 -0.0505404323
v -0.581590772 0.892858028 -0.0515782684
v -0.575862527 0.910027921 -0.0542079248
v -0.549718261 0.931966484 -0.0576199219
v -0.517826974 0.963238955 -0.0618937872
v -0.502963066 0.95031172 -0.0483392179
v -0.483431429 0.9724738 -0.053397458
v -0.495792806 0.985143542 -0.0636948496
v -0.470659465 0.963975787 -0.0132845407
v -0.472579002 0.981022775 -0.0518207811
v -0.458536625 0.976092815 -0.00891473982
v -0.441764176 1.02726436 -0.0411186889
v -0.458781779 1.03028512 -0.0498233512
v -0.431469977 1.02365017 -0.00966503937
v -0.43233189 1.02053034 0.0117932698
v -0.459712386 0.971836925 0.020356629
v -0.432777613 1.01551831 0.0247936677
v -0.463507533 0.966285765 0.0362752229
v -0.465710521 0.961023211 0.0388004109
v -0.472200394 0.94497633 0.0351497158
v -0.468854129 0.953810692 0.0448039323
v -0.486950457 0.915062785 0.0601763837
v -0.491277277 0.931789577 0.0333138667
v -0.48567009 0.910064399 0.0488798209
v -0.497709841 0.889861643 0.0586360432
v -0.496020734 0.909614921 0.0428576656
v -0.506714046 0.914926946 0.0456302539
v -0.496279389 0.886973619 0.0511963069
v -0.505496442 0.886750758 0.0432821736
v -0.515302896 0.892810822 0.0458375141
v -0.515554786 0.883699954 0.051454287
v -0.51074791 0.879777133 0.0520049408
v -0.502342165 0.880001664 0.0544384867
v -0.504170239 0.882369041 0.0608885698
v -0.463507533 0.966285765 0.0362752229
v -0.440033525 1.02766252 0.0263719261
v -0.432777613 1.01551831 0.0247936677
v -0.470690638 0.981800914 0.0391864255
v -0.465710521 0.961023211 0.0388004109
v -0.448550582 1.03761947 0.0198833756
v -0.479350567 0.967444539 0.0481165014
v -0.468854129 0.953810692 0.0448039323
v -0.509561658 0.960122585 0.0441521816
v -0.481836408 0.995148301 0.0313923694
v -0.486773342 0.952734709 0.0579039045
v -0.458480209 1.044873 0.00927375071
v -0.495381415 1.00504291 0.0169197377
v -0.468237281 1.05002415 -0.0126652308
v -0.529781342 0.977773666 0.0198761784
v -0.564126015 0.949252903 0.0198232494
v -0.538421273 0.981267393 -0.0110884234
v -0.508691072 1.01206958 -0.0130073139
v -0.470599264 1.04836535 -0.0318581127
v -0.511913121 1.00980675 -0.0391884036
v -0.469220161 1.04146183 -0.0443480499
v -0.498317182 0.91979897 0.0650672987
v -0.486950457 0.915062785 0.0601763837
v -0.537786067 0.979545414 -0.0373053961
v -0.566477001 0.947101712 -0.0346114002
v -0.53046006 0.973053932 -0.0558818914
v -0.510031819 1.0003897 -0.0562259741
v -0.458781779 1.03028512 -0.0498233512
v -0.495792806 0.985143542 -0.0636948496
v -0.517826974 0.963238955 -0.0618937872
v -0.549718261 0.931966484 -0.0576199219
v -0.558909953 0.940449357 -0.053448543
v -0.575862527 0.910027921 -0.0542079248
v -0.583564758 0.912697136 -0.0537992381
v -0.581590772 0.892858028 -0.0515782684
v -0.589610696 0.891644239 -0.0509868339
v -0.579570949 0.874835432 -0.0505404323
v -0.589573264 0.915850222 -0.0441987664
v -0.592360556 0.917670906 -0.0328524262
v -0.587915599 0.872182548 -0.0498321652
v -0.575518191 0.857226491 -0.0488270074
v -0.5944888 0.889790535 -0.0438874289
v -0.578879356 0.856107533 -0.0488790795
v -0.574522436 0.852977872 -0.0467241071
v -0.591617525 0.872425973 -0.042292431
v -0.577407539 0.851782799 -0.046547465
v -0.573664606 0.851181149 -0.042392578
v -0.583361089 0.853893578 -0.0429317318
v -0.591703415 0.88961041 -0.0354881026
v -0.57688725 0.849456251 -0.0425066501
v -0.588572145 0.871792376 -0.0357063375
v -0.578261375 0.851198912 -0.0377384983
v -0.574465871 0.852980256 -0.0373695791
v -0.576637506 0.860447645 -0.0339887552
v -0.581197143 0.857471287 -0.0353189707
v -0.578436017 0.875193596 -0.0353130363
v -0.580911934 0.889978468 -0.0342214592
v -0.573092699 0.914298296 -0.0305857938
v -0.587827504 0.875692248 -0.0319396928
v -0.599558592 0.875338137 -0.031397257
v -0.587056279 0.848624647 -0.0293754842
v -0.595330298 0.917605579 -0.0224567018
v -0.598170221 0.847059846 -0.0309061911
v -0.583570898 0.827915251 -0.029351376
v -0.568320096 0.948424101 -0.010026155
v -0.594154 0.921076417 -0.00560884038
v -0.603699684 0.874871433 -0.0230812952
v -0.590204835 0.827358067 -0.0291029122
v -0.586620808 0.821643353 -0.0272262953
v -0.603027225 0.8454144 -0.0232036635
v -0.597520292 0.876835167 -0.0132646458
v -0.590254366 0.821992993 -0.0269146655
v -0.586463809 0.819282651 -0.0217181742
v -0.590728998 0.819653809 -0.0210105553
v -0.585752428 0.821910858 -0.0160680842
v -0.595201194 0.825807273 -0.0224082042
v -0.590142071 0.821407735 -0.0163553841
v -0.582338035 0.828582644 -0.0134490496
v -0.591151774 0.826201141 -0.013943023
v -0.586258888 0.846221983 -0.0124578774
v -0.597761273 0.845796287 -0.0130125098
v -0.584571838 0.875419199 -0.0113994963
v -0.572548628 0.912379444 -0.00690894481
v -0.59434998 0.892844677 -0.00256272661
v -0.582323492 0.892417789 -0.00304361992
v -0.585952163 0.858772695 -0.00227530277
v -0.589676142 0.926551282 0.00882652868
v -0.582496345 0.924135804 0.021129543
v -0.59889257 0.894928575 0.00789793022
v -0.599328756 0.859071612 -0.00163337821
v -0.586034179 0.829275429 -0.00315851881
v -0.593430877 0.827582359 -0.00188308826
v -0.585556567 0.820735395 -0.000283571542
v -0.602588415 0.858565629 0.00775913801
v -0.588356137 0.893014669 0.018999096
v -0.592353225 0.820213735 0.000742428005
v -0.585373163 0.818207979 0.00463737221
v -0.591014504 0.817717433 0.00539912796
v -0.585033 0.819578469 0.0102210427
v -0.597088635 0.824729502 0.00585211487
v -0.596375167 0.85820049 0.0168253649
v -0.59108454 0.819469273 0.0105172163
v -0.583366752 0.826318502 0.0143084256
v -0.591992795 0.825926781 0.0138628492
v -0.584809244 0.8577317 0.0166290607
v -0.576319635 0.890556633 0.0167184994
v -0.560610771 0.914102852 0.0171953682
v -0.573861778 0.894063294 0.0234499704
v -0.587529182 0.895502448 0.0259039607
v -0.588856161 0.870992959 0.026937535
v -0.577956915 0.867872655 0.0242144298
v -0.57846421 0.847657859 0.02512905
v -0.579450846 0.925545573 0.0363978781
v -0.585725248 0.847765923 0.027837066
v -0.580804408 0.83827281 0.0293323994
v -0.590054333 0.897795618 0.0353801288
v -0.543975174 0.940384746 0.0457839556
v -0.585314989 0.838286579 0.0306006949
v -0.580458939 0.836150169 0.0348870084
v -0.591097832 0.870980978 0.0352624953
v -0.572439134 0.92150557 0.045232743
v -0.585328102 0.83656317 0.0356673039
v -0.578334808 0.83877629 0.0395046547
v -0.588413358 0.846621692 0.0364269018
v -0.583117247 0.897142529 0.0444460288
v -0.583188534 0.838053465 0.0402239561
v -0.573275805 0.846191645 0.0407259986
v -0.580879152 0.846446812 0.0434113443
v -0.573984087 0.869105101 0.0423905477
v -0.585636139 0.870815814 0.0439875312
v -0.572862446 0.896079481 0.042367883
v -0.560628831 0.913107336 0.0423514396
v -0.537535131 0.927755952 0.04330175
v -0.513080895 0.938510954 0.038685225
v -0.504581809 0.938757777 0.0401627943
v -0.505381346 0.948917389 0.0480709076
v -0.506714046 0.914926946 0.0456302539
v -0.508093297 0.920065284 0.055754602
v -0.515302896 0.892810822 0.0458375141
v -0.515407979 0.895308197 0.0559988916
v -0.515554786 0.883699954 0.051454287
v -0.508417964 0.892659605 0.0620514005
v -0.497709841 0.889861643 0.0586360432
v -0.51066339 0.883689046 0.0619228669
v -0.504170239 0.882369041 0.0608885698
v -0.502342165 0.880001664 0.0544384867
v -0.51074791 0.879777133 0.0520049408
v -0.516173542 0.887778282 0.0583118536
v 0.23654142 0.118877344 -0.123814344
v 0.329923391 0.0776801407 -0.123511218
v 0.275524259 0.0710846111 -0.193793535
v 0.326958388 0.0883112773 -0.0507825874
v 0.189939946 0.0561753325 -0.223638266
v 0.312743455 0.0864134207 0.0176304188
v 0.14020212 0.0996008888 -0.178695068
v 0.132727176 0.058699999 -0.268324137
v 0.220595092 0.136278063 0.0200563185
v 0.316414833 0.0990068018 0.0955046043
v 0.008208449 0.112892509 -0.230078369
v 0.0323264897 0.0615956187 -0.302375406
v -0.0778272152 0.0599417277 -0.293289661
v 0.194772646 0.1548841 0.0903950557
v 0.285601676 0.109381855 0.161546707
v 0.230956227 0.114195451 0.163183555
v -0.0200741813 0.124877386 -0.0378153212
v -0.0788955986 0.109096266 -0.218135297
v 0.060990274 0.137692511 0.166958228
v -0.148423404 0.103664652 -0.167951047
v -0.131175414 0.0539508983 -0.267744124
v 0.129286632 0.086821191 0.20488888
v -0.215503231 0.0495895296 -0.223324507
v 0.0698103234 0.07905972 0.235322744
v 0.0197192803 0.0780159384 0.242311418
v -0.298126906 0.0753895268 -0.182734013
v -0.0561266392 0.130778879 0.136872709
v -0.0779387802 0.0741842464 0.203683034
v -0.140200064 0.134593591 0.11810524
v -0.143393502 0.0773222297 0.176789105
v -0.211429834 0.0883859247 0.185598269
v -0.223199591 0.12124978 -0.142454356
v -0.247869566 0.131676823 -0.076556921
v -0.338588864 0.0850307271 -0.12410266
v -0.325090438 0.0833128914 -0.0413161404
v -0.24607338 0.104212046 -0.00433054985
v -0.318526119 0.0743789449 0.0474711172
v -0.241169468 0.141834006 0.0564986393
v -0.302879333 0.0982031822 0.130265057
v -0.201515377 0.148026556 0.107125133
v -0.0863537788 1.4270407 0.00980902184
v -0.0809330642 1.38656175 0.0533128716
v -0.0998347104 1.40163696 0.0370596871
v -0.0744246766 1.45264328 0.0603605397
v -0.0727945566 1.45814836 0.0089749191
v -0.0717570484 1.52298892 0.0576555058
v -0.0635524169 1.52503145 0.0244974419
v -0 1.59474611 0.00898702443
v -0.0758451074 1.58724082 0.0551615842
v -0.0648982152 1.58725476 0.0273906533
v -0 1.66246259 0.0583239198
v -0.0773628131 1.6515193 0.0503671877
v -0.0659992695 1.64542842 0.0442548059
v -0.0620025136 1.6769923 0.0663583428
v -0.0496835895 1.66643441 0.0615906604
v -0.0337334871 1.69396222 0.0896995068
v -0 1.45145428 0.00971355382
v -0.0589851886 1.4010756 0.0454935953
v -0.0258306637 1.38549864 0.0637782291
v -0.0422083996 1.36844099 0.0779012293
v -0 1.38207054 0.0695217773
v -0 1.36286712 0.0853733718
v 0.0258306637 1.38549864 0.0637782291
v 0.0422083996 1.36844099 0.0779012293
v 0.0589851886 1.4010756 0.0454935953
v 0.0809330642 1.38656175 0.0533128716
v 0.0998347104 1.40163696 0.0370596871
v 0.0863537788 1.4270407 0.00980902184
v 0.0727945566 1.45814836 0.0089749191
v 0.0744246766 1.45264328 0.0603605397
v 0.0635524169 1.52503145 0.0244974419
v 0.0717570484 1.52298892 0.0576555058
v 0.0648982152 1.58725476 0.0273906533
v 0.0758451074 1.58724082 0.0551615842
v 0.0659992695 1.64542842 0.0442548059
v 0.0773628131 1.6515193 0.0503671877
v 0.0496835895 1.66643441 0.0615906604
v 0.0620025136 1.6769923 0.0663583428
v 0.0305798687 1.68071651 0.0812661424
v 0.0337334871 1.69396222 0.0896995068
v -0 1.6841464 0.0882622525
v -0 1.69222701 0.097385034
v -0.0305798687 1.68071651 0.0812661424
v -0.0802194923 1.68957698 0.0655405819
v -0.0337334871 1.69396222 0.0896995068
v -0.0620025136 1.6769923 0.0663583428
v -0.0773628131 1.6515193 0.0503671877
v -0.036308825 1.71851969 0.119983472
v -0 1.69222701 0.097385034
v -0.0906341597 1.66623056 0.0406330973
v -0.0758451074 1.58724082 0.0551615842
v -0.0879457146 1.58275783 0.034742251
v -0.0717570484 1.52298892 0.0576555058
v -0.0910820141 1.52693772 0.0417795889
v -0.0744246766 1.45264328 0.0603605397
v -0.0992567986 1.45210838 0.0463659167
v -0.0998347104 1.40163696 0.0370596871
v -0.12046361 1.39338839 0.0560397804
v -0.126014382 1.36997199 0.0393706113
v -0.141303807 1.35358977 0.0532643273
v -0.152953595 1.39052308 0.0292450488
v -0.166489959 1.34669554 0.00569395628
v -0.1779342 1.32596171 0.0381097756
v -0.24723497 1.28774977 -0.0132674063
v -0.120103687 1.45440352 0.0210640505
v -0.108011186 1.52974224 0.0138899796
v -0.106266499 1.59647369 0.0138287973
v -0.241569132 1.30301392 0.0118906731
v -0.265809327 1.28022814 -0.0254943669
v -0.186751664 1.35987318 0.0158514995
v -0.269531369 1.28399074 -0.0218669809
v -0.281000197 1.26633656 -0.049693644
v -0.230695173 1.32867992 -0.00638705958
v -0.283555001 1.27300107 -0.050621219
v -0.277985334 1.23827529 -0.0910151675
v -0.219338849 1.36261475 -0.0146244597
v -0.263495952 1.30040574 -0.0675572455
v -0.280456394 1.24352384 -0.104067765
v -0.243763819 1.21559596 -0.102452725
v -0.266848713 1.214082 -0.129386112
v -0.189418823 1.14639795 -0.139273539
v -0.242648885 1.24668777 -0.139957756
v -0.212089136 1.13800621 -0.161540225
v -0.128753185 1.07150638 -0.155328646
v -0.244123682 1.32780302 -0.0939652622
v -0.194781736 1.39635324 -0.0276583973
v -0.148142174 1.05854738 -0.173057169
v -0.0778657496 0.996617496 -0.167698756
v -0.183587626 1.15985096 -0.165820017
v -0.117542811 1.07313204 -0.18334195
v -0.086542353 0.987328947 -0.180932894
v -0.0267741419 0.929632485 -0.175474063
v -0.168666855 1.41607356 -0.0236484688
v -0.211351886 1.37053585 -0.10789071
v -0.20376648 1.27002347 -0.16489464
v -0.026801195 0.919608235 -0.185557365
v -0 0.929044187 -0.171872512
v -0.10735359 1.19855845 -0.201065123
v -0.181852818 1.32376492 -0.178557813
v -0.165845886 1.40035546 -0.100232162
v -0.0618762039 1.00095284 -0.195272341
v -0 0.906957984 -0.18091318
v 0.0267741419 0.929632485 -0.175474063
v -0.0133678662 0.945635378 -0.196006119
v 0.026801195 0.919608235 -0.185557365
v 0.0778657496 0.996617496 -0.167698756
v -0 0.995408177 -0.201489612
v -0 0.934830368 -0.193427801
v 0.086542353 0.987328947 -0.180932894
v 0.128753185 1.07150638 -0.155328646
v 0.0133678662 0.945635378 -0.196006119
v 0.0618762039 1.00095284 -0.195272341
v 0.148142174 1.05854738 -0.173057169
v 0.189418823 1.14639795 -0.139273539
v -0 1.07904077 -0.208604559
v 0.212089136 1.13800621 -0.161540225
v 0.243763819 1.21559596 -0.102452725
v 0.117542811 1.07313204 -0.18334195
v 0.10735359 1.19855845 -0.201065123
v -0 1.17642415 -0.21480234
v 0.266848713 1.214082 -0.129386112
v 0.277985334 1.23827529 -0.0910151675
v 0.183587626 1.15985096 -0.165820017
v -0.11476694 1.28894067 -0.215579674
v 0.280456394 1.24352384 -0.104067765
v 0.281000197 1.26633656 -0.049693644
v 0.242648885 1.24668777 -0.139957756
v 0.283555001 1.27300107 -0.050621219
v 0.265809327 1.28022814 -0.0254943669
v 0.269531369 1.28399074 -0.0218669809
v 0.24723497 1.28774977 -0.0132674063
v 0.263495952 1.30040574 -0.0675572455
v 0.241569132 1.30301392 0.0118906731
v 0.166489959 1.34669554 0.00569395628
v 0.1779342 1.32596171 0.0381097756
v 0.126014382 1.36997199 0.0393706113
v 0.20376648 1.27002347 -0.16489464
v 0.230695173 1.32867992 -0.00638705958
v 0.141303807 1.35358977 0.0532643273
v 0.0998347104 1.40163696 0.0370596871
v 0.244123682 1.32780302 -0.0939652622
v 0.186751664 1.35987318 0.0158514995
v 0.152953595 1.39052308 0.0292450488
v 0.12046361 1.39338839 0.0560397804
v 0.0744246766 1.45264328 0.0603605397
v 0.0992567986 1.45210838 0.0463659167
v 0.0717570484 1.52298892 0.0576555058
v 0.219338849 1.36261475 -0.0146244597
v 0.0910820141 1.52693772 0.0417795889
v 0.0758451074 1.58724082 0.0551615842
v 0.194781736 1.39635324 -0.0276583973
v 0.211351886 1.37053585 -0.10789071
v 0.120103687 1.45440352 0.0210640505
v 0.0879457146 1.58275783 0.034742251
v 0.0773628131 1.6515193 0.0503671877
v 0.108011186 1.52974224 0.0138899796
v 0.143912271 1.44739747 -0.0325779766
v 0.168666855 1.41607356 -0.0236484688
v 0.0906341597 1.66623056 0.0406330973
v 0.0620025136 1.6769923 0.0663583428
v 0.106266499 1.59647369 0.0138287973
v 0.165845886 1.40035546 -0.100232162
v 0.141543731 1.43721139 -0.0901343524
v 0.121034011 1.51964629 -0.0315206684
v 0.0802194923 1.68957698 0.0655405819
v 0.036308825 1.71851969 0.119983472
v 0.0337334871 1.69396222 0.0896995068
v 0.0893749967 1.67520642 0.0136033744
v 0.104308657 1.58492935 -0.0321231
v 0.114298567 1.52190268 -0.0620886646
v 0.114146963 1.4227761 -0.145154268
v -0 1.72443581 0.134608299
v -0.041240368 1.72666144 0.0631442741
v 0.0691645369 1.7068435 0.0329832584
v -0 1.734429 0.0843122452
v 0.138359845 1.37377405 -0.151651368
v -0.0691645369 1.7068435 0.0329832584
v 0.041240368 1.72666144 0.0631442741
v 0.181852818 1.32376492 -0.178557813
v 0.11476694 1.28894067 -0.215579674
v 0.0872379467 1.34616828 -0.184778288
v -0 1.25793755 -0.244983748
v -0 1.32410991 -0.201998547
v 0.0694191605 1.41249204 -0.18227376
v -0.0872379467 1.34616828 -0.184778288
v 0.0625619814 1.49440956 -0.134154171
v -0 1.39908874 -0.206193462
v 0.0602358617 1.57416928 -0.103867739
v -0 1.49146771 -0.146483734
v -0.138359845 1.37377405 -0.151651368
v -0.0694191605 1.41249204 -0.18227376
v -0.114146963 1.4227761 -0.145154268
v -0.0625619814 1.49440956 -0.134154171
v -0.141543731 1.43721139 -0.0901343524
v -0.143912271 1.44739747 -0.0325779766
v -0.114298567 1.52190268 -0.0620886646
v -0.121034011 1.51964629 -0.0315206684
v -0.104308657 1.58492935 -0.0321231
v -0.0602358617 1.57416928 -0.103867739
v -0.0874878317 1.65725267 -0.030224761
v -0 1.56958997 -0.123901948
v -0 1.63073575 -0.105201006
v -0.0893749967 1.67520642 0.0136033744
v -0.0514512807 1.64231181 -0.0825780183
v -0.069542706 1.69924212 -0.0208491497
v -0.0388904177 1.71640563 -0.0128073394
v -0.0435834676 1.68234658 -0.0683372095
v -0 1.72616792 -0.00229199161
v -0 1.67629147 -0.0850314349
v 0.0388904177 1.71640563 -0.0128073394
v 0.0435834676 1.68234658 -0.0683372095
v 0.069542706 1.69924212 -0.0208491497
v 0.0874878317 1.65725267 -0.030224761
v 0.0514512807 1.64231181 -0.0825780183
vt 0.407470703 0.0861816406
vt 0.406005859 0.101196289
vt 0.415039062 0.096862793
vt 0.399658203 0.0930175781
vt 0.399169922 0.0776367188
vt 0.386230469 0.102416992
vt 0.396728516 0.110168457
vt 0.383544922 0.119628906
vt 0.390625 0.0839233398
vt 0.377197266 0.112487793
vt 0.372070312 0.129272461
vt 0.362548828 0.121948242
vt 0.376220703 0.0935668945
vt 0.364257812 0.100158691
vt 0.349853516 0.0883789062
vt 0.353027344 0.115661621
vt 0.341552734 0.108886719
vt 0.333740234 0.104797363
vt 0.379150391 0.0727539062
vt 0.389648438 0.0666503906
vt 0.375976562 0.0511779785
vt 0.361816406 0.0817260742
vt 0.369140625 0.0592041016
vt 0.364501953 0.0313415527
vt 0.358154297 0.0653076172
vt 0.348876953 0.0445556641
vt 0.358886719 0.0395202637
vt 0.352294922 0.0195159912
vt 0.345703125 0.0670166016
vt 0.349609375 0.0287780762
vt 0.341308594 0.0132369995
vt 0.332275391 0.0665283203
vt 0.340576172 0.048828125
vt 0.33203125 0.084777832
vt 0.322021484 0.106079102
vt 0.338134766 0.0234680176
vt 0.346679688 0.0339660645
vt 0.335449219 0.0312042236
vt 0.327636719 0.0240478516
vt 0.330078125 0.01171875
vt 0.318115234 0.0116500854
vt 0.329589844 0.0493469238
vt 0.319091797 0.0230255127
vt 0.304931641 0.0154266357
vt 0.326904297 0.0326538086
vt 0.318603516 0.0464782715
vt 0.309814453 0.0247650146
vt 0.29296875 0.0308380127
vt 0.318603516 0.0326538086
vt 0.316650391 0.0658569336
vt 0.299316406 0.0361328125
vt 0.284179688 0.0496520996
vt 0.312255859 0.0308990479
vt 0.308837891 0.0448608398
vt 0.314208984 0.0861816406
vt 0.306640625 0.0629882812
vt 0.292480469 0.0548095703
vt 0.274658203 0.0665893555
vt 0.300537109 0.0793457031
vt 0.283691406 0.0701904297
vt 0.265869141 0.078918457
vt 0.274658203 0.0829467773
vt 0.251708984 0.0952758789
vt 0.302246094 0.102966309
vt 0.310546875 0.11517334
vt 0.285644531 0.0920410156
vt 0.262451172 0.0977172852
vt 0.245483398 0.106628418
vt 0.255126953 0.108886719
vt 0.266601562 0.114440918
vt 0.288818359 0.11541748
vt 0.299804688 0.12286377
vt 0.293701172 0.129516602
vt 0.281005859 0.121704102
vt 0.272949219 0.104431152
vt 0.818359375 0.476074219
vt 0.835449219 0.458740234
vt 0.82421875 0.464355469
vt 0.868164062 0.474365234
vt 0.850097656 0.454833984
vt 0.872070312 0.449707031
vt 0.896484375 0.448242188
vt 0.913085938 0.452392578
vt 0.922363281 0.4609375
vt 0.926269531 0.471679688
vt 0.927246094 0.483398438
vt 0.921875 0.495605469
vt 0.904296875 0.5
vt 0.883300781 0.498046875
vt 0.861816406 0.495605469
vt 0.845703125 0.494140625
vt 0.82421875 0.487548828
vt 0.0806274414 0.196777344
vt 0.0852661133 0.189819336
vt 0.0824584961 0.19128418
vt 0.0853881836 0.19543457
vt 0.0881958008 0.190795898
vt 0.0902099609 0.1953125
vt 0.0869750977 0.206542969
vt 0.0811767578 0.206298828
vt 0.0926513672 0.205810547
vt 0.0825195312 0.218383789
vt 0.0881347656 0.219238281
vt 0.0942382812 0.218139648
vt 0.0886230469 0.233276367
vt 0.0953369141 0.232299805
vt 0.084777832 0.250244141
vt 0.0817260742 0.234741211
vt 0.0975341797 0.248046875
vt 0.075012207 0.233154297
vt 0.079284668 0.212036133
vt 0.0925292969 0.275390625
vt 0.0986328125 0.262451172
vt 0.100830078 0.268554688
vt 0.0731811523 0.213745117
vt 0.0784912109 0.197143555
vt 0.072265625 0.197753906
vt 0.0760498047 0.184692383
vt 0.0705566406 0.184814453
vt 0.0731201172 0.181274414
vt 0.0698852539 0.180908203
vt 0.0651245117 0.187011719
vt 0.067199707 0.182373047
vt 0.0667724609 0.198608398
vt 0.0666503906 0.213378906
vt 0.068359375 0.233276367
vt 0.0697631836 0.251953125
vt 0.0618286133 0.234863281
vt 0.052520752 0.253417969
vt 0.0635986328 0.21472168
vt 0.0747680664 0.275634766
vt 0.0928955078 0.290283203
vt 0.0581359863 0.216308594
vt 0.0599060059 0.201293945
vt 0.0557556152 0.234619141
vt 0.0553894043 0.202636719
vt 0.0571594238 0.191040039
vt 0.0505981445 0.216918945
vt 0.0502624512 0.204223633
vt 0.052734375 0.189819336
vt 0.0485229492 0.192016602
vt 0.0489807129 0.187988281
vt 0.0518188477 0.186523438
vt 0.0551452637 0.187133789
vt 0.0496826172 0.236206055
vt 0.0522460938 0.22253418
vt 0.0468444824 0.224243164
vt 0.0494995117 0.214477539
vt 0.0449523926 0.21484375
vt 0.0491027832 0.206787109
vt 0.0444030762 0.206298828
vt 0.0461730957 0.203125
vt 0.0432434082 0.202758789
vt 0.0397644043 0.206420898
vt 0.0409240723 0.203979492
vt 0.0404663086 0.215576172
vt 0.0414733887 0.225463867
vt 0.0428771973 0.236694336
vt 0.0429992676 0.252929688
vt 0.0411071777 0.274169922
vt 0.0531921387 0.275146484
vt 0.0498046875 0.289306641
vt 0.0393676758 0.2890625
vt 0.0712280273 0.291748047
vt 0.0505371094 0.295654297
vt 0.0720825195 0.30078125
vt 0.0495605469 0.323486328
vt 0.040802002 0.319091797
vt 0.0656738281 0.327636719
vt 0.0765380859 0.328369141
vt 0.0864868164 0.301025391
vt 0.0834350586 0.327392578
vt 0.0956420898 0.300048828
vt 0.0977783203 0.297851562
vt 0.0985717773 0.288818359
vt 0.1015625 0.296142578
vt 0.120361328 0.286865234
vt 0.0990600586 0.276855469
vt 0.118713379 0.280517578
vt 0.131591797 0.282226562
vt 0.118041992 0.274414062
vt 0.117492676 0.268554688
vt 0.130493164 0.278564453
vt 0.130249023 0.272705078
vt 0.129272461 0.267089844
vt 0.135009766 0.269042969
vt 0.135864258 0.272460938
vt 0.135131836 0.277099609
vt 0.13659668 0.280517578
vt 0.174316406 0.282714844
vt 0.186401367 0.305175781
vt 0.192626953 0.305175781
vt 0.182739258 0.281005859
vt 0.172119141 0.281494141
vt 0.198852539 0.3046875
vt 0.177368164 0.2734375
vt 0.169311523 0.279052734
vt 0.184570312 0.259521484
vt 0.191650391 0.280273438
vt 0.170043945 0.270507812
vt 0.205688477 0.303710938
vt 0.201538086 0.278320312
vt 0.215942383 0.302001953
vt 0.202758789 0.257080078
vt 0.205566406 0.234375
vt 0.216918945 0.255859375
vt 0.216064453 0.276367188
vt 0.224121094 0.301269531
vt 0.227416992 0.275878906
vt 0.230224609 0.300048828
vt 0.156005859 0.264404297
vt 0.152832031 0.269775391
vt 0.228393555 0.257568359
vt 0.23034668 0.237548828
vt 0.237670898 0.260009766
vt 0.235595703 0.274414062
vt 0.237548828 0.301269531
vt 0.245483398 0.275878906
vt 0.245361328 0.262451172
vt 0.244995117 0.244018555
vt 0.239379883 0.241577148
vt 0.248535156 0.23425293
vt 0.245361328 0.23046875
vt 0.255126953 0.231567383
vt 0.254394531 0.228149414
vt 0.263916016 0.230957031
vt 0.241333008 0.225952148
vt 0.23828125 0.220581055
vt 0.262695312 0.227172852
vt 0.271972656 0.227416992
vt 0.25390625 0.224609375
vt 0.270996094 0.226196289
vt 0.273681641 0.225219727
vt 0.261230469 0.223632812
vt 0.272705078 0.224487305
vt 0.274658203 0.222412109
vt 0.270019531 0.223144531
vt 0.253173828 0.221313477
vt 0.272949219 0.22265625
vt 0.26171875 0.220581055
vt 0.271972656 0.220703125
vt 0.273193359 0.219482422
vt 0.268798828 0.217163086
vt 0.268798828 0.219604492
vt 0.26171875 0.216064453
vt 0.253417969 0.217529297
vt 0.247802734 0.215087891
vt 0.246826172 0.20715332
vt 0.242675781 0.205566406
vt 0.253662109 0.198120117
vt 0.231323242 0.218017578
vt 0.249023438 0.196166992
vt 0.256835938 0.187255859
vt 0.219482422 0.234130859
vt 0.220947266 0.215454102
vt 0.239257812 0.203857422
vt 0.253662109 0.186767578
vt 0.254882812 0.18347168
vt 0.245605469 0.193969727
vt 0.234741211 0.202636719
vt 0.253417969 0.184204102
vt 0.252685547 0.180786133
vt 0.251464844 0.182373047
vt 0.249023438 0.17980957
vt 0.250488281 0.185302734
vt 0.249511719 0.181640625
vt 0.244506836 0.180175781
vt 0.247558594 0.182739258
vt 0.237548828 0.187744141
vt 0.241333008 0.19128418
vt 0.231567383 0.198974609
vt 0.223754883 0.203979492
vt 0.214477539 0.196899414
vt 0.21887207 0.195922852
vt 0.218261719 0.182250977
vt 0.211547852 0.216796875
vt 0.201904297 0.217163086
vt 0.210083008 0.198120117
vt 0.212646484 0.184326172
vt 0.214233398 0.17199707
vt 0.211181641 0.173339844
vt 0.210327148 0.168212891
vt 0.208374023 0.185058594
vt 0.203613281 0.198120117
vt 0.208984375 0.170654297
vt 0.20703125 0.167602539
vt 0.20690918 0.169921875
vt 0.203369141 0.168701172
vt 0.207397461 0.173461914
vt 0.203491211 0.185058594
vt 0.204956055 0.171020508
vt 0.200073242 0.172241211
vt 0.203369141 0.173706055
vt 0.198364258 0.184326172
vt 0.198852539 0.197387695
vt 0.194458008 0.207519531
vt 0.186401367 0.207641602
vt 0.184448242 0.212158203
vt 0.17565918 0.208251953
vt 0.176147461 0.20300293
vt 0.167358398 0.200927734
vt 0.1953125 0.22265625
vt 0.166870117 0.204223633
vt 0.161865234 0.202148438
vt 0.182983398 0.215820312
vt 0.190917969 0.241088867
vt 0.162597656 0.204101562
vt 0.159301758 0.204833984
vt 0.173950195 0.211547852
vt 0.189941406 0.226196289
vt 0.161254883 0.205688477
vt 0.158813477 0.208496094
vt 0.165039062 0.207641602
vt 0.180053711 0.219848633
vt 0.160644531 0.207641602
vt 0.159667969 0.213378906
vt 0.162353516 0.21105957
vt 0.16784668 0.219604492
vt 0.171508789 0.215454102
vt 0.177612305 0.223632812
vt 0.18359375 0.230102539
vt 0.184448242 0.240600586
vt 0.178833008 0.251464844
vt 0.173828125 0.254394531
vt 0.175537109 0.260498047
vt 0.157714844 0.252441406
vt 0.158081055 0.258056641
vt 0.147094727 0.251464844
vt 0.147338867 0.256103516
vt 0.142089844 0.253417969
vt 0.145507812 0.260253906
vt 0.142944336 0.264648438
vt 0.141967773 0.258544922
vt 0.140014648 0.260742188
vt 0.137207031 0.258789062
vt 0.139160156 0.254882812
vt 0.144165039 0.256347656
vt 0.0585021973 0.990722656
vt 0.00597381592 0.972167969
vt 0.0111846924 0.9921875
vt 0.0548095703 0.968261719
vt 0.0235443115 0.938476562
vt 0.0892944336 0.973632812
vt 0.0647583008 0.941894531
vt 0.046661377 0.904785156
vt 0.0924072266 0.9453125
vt 0.16809082 0.981445312
vt 0.0869140625 0.910644531
vt 0.0625 0.873046875
vt 0.0983276367 0.885253906
vt 0.0733642578 0.8515625
vt 0.108947754 0.863769531
vt 0.083190918 0.82421875
vt 0.117248535 0.838867188
vt 0.089050293 0.783691406
vt 0.116882324 0.893066406
vt 0.126464844 0.869628906
vt 0.134521484 0.846191406
vt 0.122741699 0.794921875
vt 0.107299805 0.915039062
vt 0.125732422 0.765625
vt 0.0936889648 0.747558594
vt 0.0974731445 0.720214844
vt 0.136352539 0.74609375
vt 0.147216797 0.781738281
vt 0.158935547 0.770507812
vt 0.227172852 0.840332031
vt 0.224731445 0.817871094
vt 0.235717773 0.824707031
vt 0.24621582 0.830566406
vt 0.26171875 0.837402344
vt 0.143310547 0.809570312
vt 0.219238281 0.857910156
vt 0.25390625 0.85546875
vt 0.285400391 0.875488281
vt 0.286865234 0.853515625
vt 0.291015625 0.887695312
vt 0.248046875 0.872070312
vt 0.240966797 0.887695312
vt 0.296142578 0.898925781
vt 0.296386719 0.903320312
vt 0.248291016 0.899902344
vt 0.21081543 0.875
vt 0.225341797 0.91015625
vt 0.238647461 0.904296875
vt 0.212158203 0.903808594
vt 0.190429688 0.89453125
vt 0.203369141 0.923828125
vt 0.211547852 0.927734375
vt 0.200805664 0.898925781
vt 0.19128418 0.918945312
vt 0.180297852 0.915527344
vt 0.196533203 0.943359375
vt 0.208740234 0.946289062
vt 0.183959961 0.939941406
vt 0.172729492 0.936523438
vt 0.169311523 0.958984375
vt 0.181762695 0.961914062
vt 0.180664062 0.983886719
vt 0.194335938 0.964355469
vt 0.192626953 0.985839844
vt 0.209960938 0.987792969
vt 0.21105957 0.970703125
vt 0.242919922 0.983886719
vt 0.239379883 0.996582031
vt 0.394775391 0.617675781
vt 0.408203125 0.59375
vt 0.361816406 0.590820312
vt 0.358398438 0.612792969
vt 0.342773438 0.637695312
vt 0.376464844 0.649414062
vt 0.329101562 0.596191406
vt 0.356689453 0.685058594
vt 0.331542969 0.612304688
vt 0.232299805 0.610351562
vt 0.248168945 0.59375
vt 0.235107422 0.592773438
vt 0.223266602 0.590820312
vt 0.320556641 0.67578125
vt 0.34765625 0.712890625
vt 0.312011719 0.700683594
vt 0.343261719 0.736328125
vt 0.302490234 0.671386719
vt 0.317871094 0.63671875
vt 0.307373047 0.724609375
vt 0.336669922 0.770996094
vt 0.227905273 0.62890625
vt 0.202026367 0.605957031
vt 0.206665039 0.586914062
vt 0.177001953 0.584472656
vt 0.164672852 0.603027344
vt 0.196411133 0.623046875
vt 0.152954102 0.608886719
vt 0.192626953 0.639648438
vt 0.142089844 0.614746094
vt 0.224487305 0.647460938
vt 0.179321289 0.645019531
vt 0.139282227 0.618164062
vt 0.184448242 0.654296875
vt 0.19140625 0.666992188
vt 0.205688477 0.669921875
vt 0.191772461 0.688964844
vt 0.200561523 0.690917969
vt 0.182495117 0.705566406
vt 0.217773438 0.672851562
vt 0.228637695 0.67578125
vt 0.213012695 0.694824219
vt 0.194091797 0.7109375
vt 0.294677734 0.694824219
vt 0.223999023 0.698242188
vt 0.287841797 0.719238281
vt 0.206054688 0.715820312
vt 0.165771484 0.723632812
vt 0.13269043 0.71484375
vt 0.127807617 0.7265625
vt 0.156494141 0.737792969
vt 0.182983398 0.729003906
vt 0.171508789 0.746582031
vt 0.182006836 0.752441406
vt 0.194580078 0.734375
vt 0.193603516 0.758300781
vt 0.217285156 0.719726562
vt 0.206298828 0.739746094
vt 0.282226562 0.742675781
vt 0.275634766 0.775390625
vt 0.260986328 0.799804688
vt 0.301025391 0.751464844
vt 0.334472656 0.812011719
vt 0.299560547 0.789550781
vt 0.327880859 0.849609375
vt 0.291503906 0.81640625
vt 0.274902344 0.83203125
vt 0.311767578 0.861816406
vt 0.997558594 0.581542969
vt 0.973144531 0.6171875
vt 0.991699219 0.609375
vt 0.973144531 0.575195312
vt 0.9921875 0.549804688
vt 0.950683594 0.607910156
vt 0.9765625 0.525390625
vt 0.944824219 0.574707031
vt 0.9609375 0.526855469
vt 0.949707031 0.545410156
vt 0.995117188 0.475341797
vt 0.966308594 0.518066406
vt 0.988769531 0.508789062
vt 0.966308594 0.476318359
vt 0.947753906 0.510253906
vt 0.942382812 0.482666016
vt 0.947265625 0.450683594
vt 0.989746094 0.446044922
vt 0.963378906 0.426513672
vt 0.978515625 0.427734375
vt 0.365478516 0.753417969
vt 0.361083984 0.752929688
vt 0.357910156 0.779785156
vt 0.369384766 0.791015625
vt 0.344970703 0.793945312
vt 0.354980469 0.803222656
vt 0.377441406 0.751953125
vt 0.368408203 0.822265625
vt 0.398681641 0.779785156
vt 0.389404297 0.745605469
vt 0.385742188 0.809082031
vt 0.420410156 0.773925781
vt 0.434814453 0.735351562
vt 0.394042969 0.839355469
vt 0.374511719 0.842285156
vt 0.408691406 0.805175781
vt 0.395019531 0.870605469
vt 0.374511719 0.86328125
vt 0.367431641 0.885253906
vt 0.4140625 0.836425781
vt 0.384765625 0.892578125
vt 0.377197266 0.906738281
vt 0.360595703 0.896972656
vt 0.388183594 0.931640625
vt 0.392089844 0.930175781
vt 0.41796875 0.867675781
vt 0.415771484 0.89453125
vt 0.403808594 0.927734375
vt 0.442871094 0.86328125
vt 0.438476562 0.894042969
vt 0.417236328 0.930175781
vt 0.463623047 0.926757812
vt 0.440429688 0.832519531
vt 0.466064453 0.828613281
vt 0.43359375 0.802246094
vt 0.471435547 0.859863281
vt 0.517578125 0.852050781
vt 0.472900391 0.891113281
vt 0.521972656 0.884765625
vt 0.522949219 0.918457031
vt 0.571289062 0.927246094
vt 0.574707031 0.885742188
vt 0.628417969 0.922363281
vt 0.461914062 0.796875
vt 0.633789062 0.883789062
vt 0.682617188 0.921875
vt 0.578125 0.854003906
vt 0.454101562 0.766601562
vt 0.502929688 0.758300781
vt 0.493896484 0.725585938
vt 0.508300781 0.790527344
vt 0.553222656 0.741210938
vt 0.537597656 0.703125
vt 0.515136719 0.821289062
vt 0.565429688 0.770996094
vt 0.610351562 0.726074219
vt 0.593261719 0.690917969
vt 0.645507812 0.675292969
vt 0.620117188 0.765136719
vt 0.680175781 0.753417969
vt 0.663574219 0.7109375
vt 0.733886719 0.687011719
vt 0.711914062 0.649902344
vt 0.626464844 0.775878906
vt 0.576171875 0.78515625
vt 0.520507812 0.797851562
vt 0.523925781 0.819824219
vt 0.581542969 0.811035156
vt 0.6328125 0.803222656
vt 0.52734375 0.841796875
vt 0.583984375 0.837402344
vt 0.634765625 0.831542969
vt 0.631835938 0.84375
vt 0.692871094 0.836914062
vt 0.6796875 0.766601562
vt 0.688476562 0.824707031
vt 0.689453125 0.8828125
vt 0.763671875 0.884765625
vt 0.753417969 0.926757812
vt 0.6796875 0.796386719
vt 0.753417969 0.78515625
vt 0.750488281 0.75390625
vt 0.818847656 0.78125
vt 0.760253906 0.815917969
vt 0.83203125 0.905761719
vt 0.830078125 0.861816406
vt 0.821289062 0.953125
vt 0.891113281 0.984863281
vt 0.765136719 0.836425781
vt 0.895507812 0.943359375
vt 0.970214844 0.991699219
vt 0.818359375 0.822265625
vt 0.892089844 0.827148438
vt 0.8984375 0.877929688
vt 0.971679688 0.956542969
vt 0.97265625 0.923339844
vt 0.979980469 0.956542969
vt 0.974609375 0.987792969
vt 0.982421875 0.921386719
vt 0.984863281 0.88671875
vt 0.972167969 0.88671875
vt 0.993652344 0.862792969
vt 0.978515625 0.854492188
vt 0.987792969 0.8125
vt 0.9765625 0.814941406
vt 0.990234375 0.780761719
vt 0.885253906 0.77734375
vt 0.876953125 0.721191406
vt 0.975097656 0.783691406
vt 0.982910156 0.755371094
vt 0.972167969 0.760742188
vt 0.971191406 0.709960938
vt 0.9609375 0.711425781
vt 0.965820312 0.6796875
vt 0.954589844 0.684570312
vt 0.952636719 0.65234375
vt 0.943847656 0.653808594
vt 0.936523438 0.607910156
vt 0.811035156 0.736328125
vt 0.798828125 0.698730469
vt 0.864257812 0.676269531
vt 0.928222656 0.610839844
vt 0.9296875 0.568847656
vt 0.842773438 0.634277344
vt 0.919921875 0.572753906
vt 0.911621094 0.532226562
vt 0.907226562 0.538085938
vt 0.827148438 0.57421875
vt 0.787597656 0.662597656
vt 0.76953125 0.614257812
vt 0.749511719 0.732910156
vt 0.424804688 0.0958251953
vt 0.446289062 0.0392456055
vt 0.405273438 0.0570678711
vt 0.456054688 0.0718994141
vt 0.443359375 0.12902832
vt 0.455322266 0.0323486328
vt 0.482177734 0.142456055
vt 0.434082031 0.150512695
vt 0.465576172 0.183959961
vt 0.404541016 0.16796875
vt 0.405273438 0.179077148
vt 0.429199219 0.211914062
vt 0.402832031 0.189819336
vt 0.434814453 0.23449707
vt 0.475097656 0.227661133
vt 0.411132812 0.264404297
vt 0.438232422 0.29296875
vt 0.385498047 0.299316406
vt 0.423339844 0.323730469
vt 0.450927734 0.306640625
vt 0.430908203 0.331787109
vt 0.465332031 0.328613281
vt 0.431152344 0.354492188
vt 0.493164062 0.270263672
vt 0.504882812 0.302490234
vt 0.541015625 0.301025391
vt 0.538085938 0.270507812
vt 0.58984375 0.323242188
vt 0.588867188 0.28125
vt 0.641113281 0.339355469
vt 0.532714844 0.230957031
vt 0.532714844 0.189453125
vt 0.494628906 0.186279297
vt 0.587402344 0.240356445
vt 0.645019531 0.294921875
vt 0.539550781 0.1484375
vt 0.589355469 0.193969727
vt 0.712890625 0.312255859
vt 0.709960938 0.362060547
vt 0.777832031 0.379882812
vt 0.645019531 0.252929688
vt 0.506835938 0.103210449
vt 0.719238281 0.265625
vt 0.817871094 0.27734375
vt 0.720214844 0.204589844
vt 0.786621094 0.333251953
vt 0.861816406 0.356933594
vt 0.849121094 0.400634766
vt 0.93359375 0.443603516
vt 0.470947266 0.0604248047
vt 0.488525391 0.041229248
vt 0.459228516 0.0100402832
vt 0.5234375 0.0733642578
vt 0.55078125 0.110290527
vt 0.559082031 0.0805053711
vt 0.594726562 0.147949219
vt 0.602539062 0.107910156
vt 0.610351562 0.0664672852
vt 0.663574219 0.0588684082
vt 0.66015625 0.10333252
vt 0.653808594 0.144897461
vt 0.729492188 0.0971069336
vt 0.734863281 0.047454834
vt 0.811035156 0.0488586426
vt 0.650878906 0.198974609
vt 0.728515625 0.144287109
vt 0.827636719 0.147583008
vt 0.813476562 0.0933227539
vt 0.900390625 0.0879516602
vt 0.890625 0.0503234863
vt 0.834472656 0.213256836
vt 0.918945312 0.219116211
vt 0.9296875 0.149780273
vt 0.967773438 0.0502624512
vt 0.969726562 0.013458252
vt 0.974121094 0.00900268555
vt 0.98046875 0.0448303223
vt 0.973144531 0.0911254883
vt 0.986328125 0.0873413086
vt 0.983886719 0.127563477
vt 0.995117188 0.128540039
vt 0.981445312 0.161132812
vt 0.991210938 0.161743164
vt 0.974609375 0.209960938
vt 0.986816406 0.209594727
vt 0.971191406 0.259277344
vt 0.982910156 0.259521484
vt 0.973632812 0.291259766
vt 0.980957031 0.286865234
vt 0.919433594 0.2890625
vt 0.962890625 0.324462891
vt 0.978027344 0.330078125
vt 0.94921875 0.366210938
vt 0.9609375 0.369873047
vt 0.938964844 0.401855469
vt 0.94921875 0.40234375
vt 0.94140625 0.44140625
vt 0.407470703 0.0861816406
vt 0.415039062 0.096862793
vt 0.406005859 0.101196289
vt 0.399658203 0.0930175781
vt 0.399169922 0.0776367188
vt 0.386230469 0.102416992
vt 0.396728516 0.110168457
vt 0.383544922 0.119628906
vt 0.390625 0.0839233398
vt 0.377197266 0.112487793
vt 0.372070312 0.129272461
vt 0.362548828 0.121948242
vt 0.376220703 0.0935668945
vt 0.364257812 0.100158691
vt 0.349853516 0.0883789062
vt 0.353027344 0.115661621
vt 0.341552734 0.108886719
vt 0.333740234 0.104797363
vt 0.379150391 0.0727539062
vt 0.389648438 0.0666503906
vt 0.375976562 0.0511779785
vt 0.361816406 0.0817260742
vt 0.369140625 0.0592041016
vt 0.364501953 0.0313415527
vt 0.358154297 0.0653076172
vt 0.348876953 0.0445556641
vt 0.358886719 0.0395202637
vt 0.352294922 0.0195159912
vt 0.345703125 0.0670166016
vt 0.349609375 0.0287780762
vt 0.341308594 0.0132369995
vt 0.332275391 0.0665283203
vt 0.340576172 0.048828125
vt 0.33203125 0.084777832
vt 0.322021484 0.106079102
vt 0.338134766 0.0234680176
vt 0.346679688 0.0339660645
vt 0.335449219 0.0312042236
vt 0.327636719 0.0240478516
vt 0.330078125 0.01171875
vt 0.318115234 0.0116500854
vt 0.329589844 0.0493469238
vt 0.319091797 0.0230255127
vt 0.304931641 0.0154266357
vt 0.326904297 0.0326538086
vt 0.318603516 0.0464782715
vt 0.309814453 0.0247650146
vt 0.29296875 0.0308380127
vt 0.318603516 0.0326538086
vt 0.316650391 0.0658569336
vt 0.299316406 0.0361328125
vt 0.284179688 0.0496520996
vt 0.312255859 0.0308990479
vt 0.308837891 0.0448608398
vt 0.314208984 0.0861816406
vt 0.306640625 0.0629882812
vt 0.292480469 0.0548095703
vt 0.274658203 0.0665893555
vt 0.300537109 0.0793457031
vt 0.283691406 0.0701904297
vt 0.265869141 0.078918457
vt 0.274658203 0.0829467773
vt 0.251708984 0.0952758789
vt 0.302246094 0.102966309
vt 0.310546875 0.11517334
vt 0.285644531 0.0920410156
vt 0.262451172 0.0977172852
vt 0.245483398 0.106628418
vt 0.255126953 0.108886719
vt 0.266601562 0.114440918
vt 0.288818359 0.11541748
vt 0.299804688 0.12286377
vt 0.293701172 0.129516602
vt 0.281005859 0.121704102
vt 0.272949219 0.104431152
vt 0.818359375 0.476074219
vt 0.82421875 0.464355469
vt 0.835449219 0.458740234
vt 0.868164062 0.474365234
vt 0.850097656 0.454833984
vt 0.872070312 0.449707031
vt 0.896484375 0.448242188
vt 0.913085938 0.452392578
vt 0.922363281 0.4609375
vt 0.926269531 0.471679688
vt 0.927246094 0.483398438
vt 0.921875 0.495605469
vt 0.904296875 0.5
vt 0.883300781 0.498046875
vt 0.861816406 0.495605469
vt 0.845703125 0.494140625
vt 0.82421875 0.487548828
vt 0.0806274414 0.196777344
vt 0.0824584961 0.19128418
vt 0.0852661133 0.189819336
vt 0.0853881836 0.19543457
vt 0.0881958008 0.190795898
vt 0.0902099609 0.1953125
vt 0.0869750977 0.206542969
vt 0.0811767578 0.206298828
vt 0.0926513672 0.205810547
vt 0.0825195312 0.218383789
vt 0.0881347656 0.219238281
vt 0.0942382812 0.218139648
vt 0.0886230469 0.233276367
vt 0.0953369141 0.232299805
vt 0.084777832 0.250244141
vt 0.0817260742 0.234741211
vt 0.0975341797 0.248046875
vt 0.075012207 0.233154297
vt 0.079284668 0.212036133
vt 0.0925292969 0.275390625
vt 0.0986328125 0.262451172
vt 0.100830078 0.268554688
vt 0.0731811523 0.213745117
vt 0.0784912109 0.197143555
vt 0.072265625 0.197753906
vt 0.0760498047 0.184692383
vt 0.0705566406 0.184814453
vt 0.0731201172 0.181274414
vt 0.0698852539 0.180908203
vt 0.0651245117 0.187011719
vt 0.067199707 0.182373047
vt 0.0667724609 0.198608398
vt 0.0666503906 0.213378906
vt 0.068359375 0.233276367
vt 0.0697631836 0.251953125
vt 0.0618286133 0.234863281
vt 0.052520752 0.253417969
vt 0.0635986328 0.21472168
vt 0.0747680664 0.275634766
vt 0.0928955078 0.290283203
vt 0.0581359863 0.216308594
vt 0.0599060059 0.201293945
vt 0.0557556152 0.234619141
vt 0.0553894043 0.202636719
vt 0.0571594238 0.191040039
vt 0.0505981445 0.216918945
vt 0.0502624512 0.204223633
vt 0.052734375 0.189819336
vt 0.0485229492 0.192016602
vt 0.0489807129 0.187988281
vt 0.0518188477 0.186523438
vt 0.0551452637 0.187133789
vt 0.0496826172 0.236206055
vt 0.0522460938 0.22253418
vt 0.0468444824 0.224243164
vt 0.0494995117 0.214477539
vt 0.0449523926 0.21484375
vt 0.0491027832 0.206787109
vt 0.0444030762 0.206298828
vt 0.0461730957 0.203125
vt 0.0432434082 0.202758789
vt 0.0397644043 0.206420898
vt 0.0409240723 0.203979492
vt 0.0404663086 0.215576172
vt 0.0414733887 0.225463867
vt 0.0428771973 0.236694336
vt 0.0429992676 0.252929688
vt 0.0411071777 0.274169922
vt 0.0531921387 0.275146484
vt 0.0498046875 0.289306641
vt 0.0393676758 0.2890625
vt 0.0712280273 0.291748047
vt 0.0505371094 0.295654297
vt 0.0720825195 0.30078125
vt 0.0495605469 0.323486328
vt 0.040802002 0.319091797
vt 0.0656738281 0.327636719
vt 0.0765380859 0.328369141
vt 0.0864868164 0.301025391
vt 0.0834350586 0.327392578
vt 0.0956420898 0.300048828
vt 0.0977783203 0.297851562
vt 0.0985717773 0.288818359
vt 0.1015625 0.296142578
vt 0.120361328 0.286865234
vt 0.0990600586 0.276855469
vt 0.118713379 0.280517578
vt 0.131591797 0.282226562
vt 0.118041992 0.274414062
vt 0.117492676 0.268554688
vt 0.130493164 0.278564453
vt 0.130249023 0.272705078
vt 0.129272461 0.267089844
vt 0.135009766 0.269042969
vt 0.135864258 0.272460938
vt 0.135131836 0.277099609
vt 0.13659668 0.280517578
vt 0.174316406 0.282714844
vt 0.192626953 0.305175781
vt 0.186401367 0.305175781
vt 0.182739258 0.281005859
vt 0.172119141 0.281494141
vt 0.198852539 0.3046875
vt 0.177368164 0.2734375
vt 0.169311523 0.279052734
vt 0.184570312 0.259521484
vt 0.191650391 0.280273438
vt 0.170043945 0.270507812
vt 0.205688477 0.303710938
vt 0.201538086 0.278320312
vt 0.215942383 0.302001953
vt 0.202758789 0.257080078
vt 0.205566406 0.234375
vt 0.216918945 0.255859375
vt 0.216064453 0.276367188
vt 0.224121094 0.301269531
vt 0.227416992 0.275878906
vt 0.230224609 0.300048828
vt 0.156005859 0.264404297
vt 0.152832031 0.269775391
vt 0.228393555 0.257568359
vt 0.23034668 0.237548828
vt 0.237670898 0.260009766
vt 0.235595703 0.274414062
vt 0.237548828 0.301269531
vt 0.245483398 0.275878906
vt 0.245361328 0.262451172
vt 0.244995117 0.244018555
vt 0.239379883 0.241577148
vt 0.248535156 0.23425293
vt 0.245361328 0.23046875
vt 0.255126953 0.231567383
vt 0.254394531 0.228149414
vt 0.263916016 0.230957031
vt 0.241333008 0.225952148
vt 0.23828125 0.220581055
vt 0.262695312 0.227172852
vt 0.271972656 0.227416992
vt 0.25390625 0.224609375
vt 0.270996094 0.226196289
vt 0.273681641 0.225219727
vt 0.261230469 0.223632812
vt 0.272705078 0.224487305
vt 0.274658203 0.222412109
vt 0.270019531 0.223144531
vt 0.253173828 0.221313477
vt 0.272949219 0.22265625
vt 0.26171875 0.220581055
vt 0.271972656 0.220703125
vt 0.273193359 0.219482422
vt 0.268798828 0.217163086
vt 0.268798828 0.219604492
vt 0.26171875 0.216064453
vt 0.253417969 0.217529297
vt 0.247802734 0.215087891
vt 0.246826172 0.20715332
vt 0.242675781 0.205566406
vt 0.253662109 0.198120117
vt 0.231323242 0.218017578
vt 0.249023438 0.196166992
vt 0.256835938 0.187255859
vt 0.219482422 0.234130859
vt 0.220947266 0.215454102
vt 0.239257812 0.203857422
vt 0.253662109 0.186767578
vt 0.254882812 0.18347168
vt 0.245605469 0.193969727
vt 0.234741211 0.202636719
vt 0.253417969 0.184204102
vt 0.252685547 0.180786133
vt 0.251464844 0.182373047
vt 0.249023438 0.17980957
vt 0.250488281 0.185302734
vt 0.249511719 0.181640625
vt 0.244506836 0.180175781
vt 0.247558594 0.182739258
vt 0.237548828 0.187744141
vt 0.241333008 0.19128418
vt 0.231567383 0.198974609
vt 0.223754883 0.203979492
vt 0.214477539 0.196899414
vt 0.21887207 0.195922852
vt 0.218261719 0.182250977
vt 0.211547852 0.216796875
vt 0.201904297 0.217163086
vt 0.210083008 0.198120117
vt 0.212646484 0.184326172
vt 0.214233398 0.17199707
vt 0.211181641 0.173339844
vt 0.210327148 0.168212891
vt 0.208374023 0.185058594
vt 0.203613281 0.198120117
vt 0.208984375 0.170654297
vt 0.20703125 0.167602539
vt 0.20690918 0.169921875
vt 0.203369141 0.168701172
vt 0.207397461 0.173461914
vt 0.203491211 0.185058594
vt 0.204956055 0.171020508
vt 0.200073242 0.172241211
vt 0.203369141 0.173706055
vt 0.198364258 0.184326172
vt 0.198852539 0.197387695
vt 0.194458008 0.207519531
vt 0.186401367 0.207641602
vt 0.184448242 0.212158203
vt 0.17565918 0.208251953
vt 0.176147461 0.20300293
vt 0.167358398 0.200927734
vt 0.1953125 0.22265625
vt 0.166870117 0.204223633
vt 0.161865234 0.202148438
vt 0.182983398 0.215820312
vt 0.190917969 0.241088867
vt 0.162597656 0.204101562
vt 0.159301758 0.204833984
vt 0.173950195 0.211547852
vt 0.189941406 0.226196289
vt 0.161254883 0.205688477
vt 0.158813477 0.208496094
vt 0.165039062 0.207641602
vt 0.180053711 0.219848633
vt 0.160644531 0.207641602
vt 0.159667969 0.213378906
vt 0.162353516 0.21105957
vt 0.16784668 0.219604492
vt 0.171508789 0.215454102
vt 0.177612305 0.223632812
vt 0.18359375 0.230102539
vt 0.184448242 0.240600586
vt 0.178833008 0.251464844
vt 0.173828125 0.254394531
vt 0.175537109 0.260498047
vt 0.157714844 0.252441406
vt 0.158081055 0.258056641
vt 0.147094727 0.251464844
vt 0.147338867 0.256103516
vt 0.142089844 0.253417969
vt 0.145507812 0.260253906
vt 0.142944336 0.264648438
vt 0.141967773 0.258544922
vt 0.140014648 0.260742188
vt 0.137207031 0.258789062
vt 0.139160156 0.254882812
vt 0.144165039 0.256347656
vt 0.204467773 0.0752563477
vt 0.235229492 0.0720825195
vt 0.219482422 0.0506286621
vt 0.234985352 0.0939331055
vt 0.1953125 0.0377197266
vt 0.232543945 0.114257812
vt 0.177612305 0.0578308105
vt 0.177368164 0.0263061523
vt 0.199707031 0.11529541
vt 0.231323242 0.137451172
vt 0.139648438 0.0450744629
vt 0.147338867 0.0171966553
vt 0.114318848 0.0188598633
vt 0.191894531 0.135131836
vt 0.221191406 0.156494141
vt 0.205566406 0.159301758
vt 0.131347656 0.0991210938
vt 0.115356445 0.0477294922
vt 0.155273438 0.156738281
vt 0.0947875977 0.0602722168
vt 0.0974731445 0.0245666504
vt 0.177124023 0.177246094
vt 0.0718383789 0.0358581543
vt 0.158935547 0.185668945
vt 0.144165039 0.18737793
vt 0.0489807129 0.0537109375
vt 0.122192383 0.150268555
vt 0.114807129 0.179199219
vt 0.0985717773 0.145141602
vt 0.0953979492 0.172607422
vt 0.0748901367 0.170410156
vt 0.0739135742 0.0693969727
vt 0.0678710938 0.0876464844
vt 0.0377502441 0.072265625
vt 0.0396728516 0.09765625
vt 0.0657958984 0.108825684
vt 0.0396728516 0.124572754
vt 0.0709228516 0.127563477
vt 0.048614502 0.150268555
vt 0.0819091797 0.141113281
vt 0.296386719 0.173828125
vt 0.294189453 0.147460938
vt 0.285644531 0.159912109
vt 0.276611328 0.190063477
vt 0.301269531 0.18762207
vt 0.287841797 0.22253418
vt 0.304443359 0.219848633
vt 0.338134766 0.24987793
vt 0.293701172 0.252929688
vt 0.307373047 0.24987793
vt 0.33984375 0.288574219
vt 0.302490234 0.283203125
vt 0.307617188 0.278808594
vt 0.310302734 0.297363281
vt 0.316162109 0.291748047
vt 0.324462891 0.310302734
vt 0.335205078 0.182861328
vt 0.305908203 0.153442383
vt 0.321044922 0.141357422
vt 0.3125 0.131347656
vt 0.333251953 0.137817383
vt 0.332763672 0.125976562
vt 0.345703125 0.140258789
vt 0.353515625 0.129516602
vt 0.361816406 0.151000977
vt 0.373046875 0.144042969
vt 0.382568359 0.155639648
vt 0.373046875 0.170532227
vt 0.369384766 0.184570312
vt 0.394287109 0.184814453
vt 0.369140625 0.217041016
vt 0.385742188 0.218261719
vt 0.368896484 0.247192383
vt 0.3828125 0.249023438
vt 0.37109375 0.276123047
vt 0.376708984 0.280029297
vt 0.363769531 0.289794922
vt 0.370117188 0.294677734
vt 0.354980469 0.301757812
vt 0.357177734 0.308837891
vt 0.340576172 0.306152344
vt 0.340820312 0.311767578
vt 0.325927734 0.302978516
vt 0.404785156 0.545898438
vt 0.37890625 0.530273438
vt 0.396484375 0.549804688
vt 0.416259766 0.564941406
vt 0.384521484 0.519042969
vt 0.366455078 0.505371094
vt 0.420654297 0.557128906
vt 0.435546875 0.593261719
vt 0.446777344 0.590332031
vt 0.455810547 0.619140625
vt 0.464599609 0.611816406
vt 0.477050781 0.646484375
vt 0.489501953 0.640625
vt 0.500976562 0.664550781
vt 0.513183594 0.661132812
vt 0.520019531 0.674316406
vt 0.530761719 0.670410156
vt 0.529296875 0.649902344
vt 0.546386719 0.692871094
vt 0.55078125 0.673828125
vt 0.596191406 0.678710938
vt 0.501464844 0.62890625
vt 0.4765625 0.6015625
vt 0.454101562 0.579101562
vt 0.583007812 0.672851562
vt 0.607421875 0.673339844
vt 0.55078125 0.655273438
vt 0.60546875 0.670898438
vt 0.623046875 0.666503906
vt 0.578613281 0.659179688
vt 0.620605469 0.664550781
vt 0.646484375 0.654785156
vt 0.567871094 0.645507812
vt 0.612792969 0.648925781
vt 0.646484375 0.647949219
vt 0.670898438 0.651855469
vt 0.663085938 0.637207031
vt 0.712890625 0.623046875
vt 0.649902344 0.624023438
vt 0.703613281 0.610839844
vt 0.752441406 0.590332031
vt 0.605957031 0.630859375
vt 0.5546875 0.630371094
vt 0.744140625 0.580078125
vt 0.783691406 0.5546875
vt 0.694824219 0.596679688
vt 0.737304688 0.564453125
vt 0.778320312 0.548339844
vt 0.80859375 0.520507812
vt 0.540527344 0.624023438
vt 0.588867188 0.611328125
vt 0.642089844 0.602050781
vt 0.805664062 0.516113281
vt 0.817382812 0.505371094
vt 0.6796875 0.556640625
vt 0.619628906 0.587402344
vt 0.568359375 0.596679688
vt 0.76953125 0.535644531
vt 0.808105469 0.505371094
vt 0.80859375 0.490234375
vt 0.791992188 0.51171875
vt 0.805664062 0.494873047
vt 0.783691406 0.456054688
vt 0.770507812 0.505371094
vt 0.796386719 0.505371094
vt 0.778320312 0.462646484
vt 0.752441406 0.420654297
vt 0.791992188 0.499511719
vt 0.770019531 0.475341797
vt 0.744140625 0.430908203
vt 0.712890625 0.388183594
vt 0.733886719 0.505371094
vt 0.703613281 0.399902344
vt 0.670898438 0.359130859
vt 0.737304688 0.446533203
vt 0.6796875 0.454101562
vt 0.690429688 0.505371094
vt 0.663085938 0.373779297
vt 0.646484375 0.356201172
vt 0.694824219 0.4140625
vt 0.637695312 0.556152344
vt 0.646972656 0.362792969
vt 0.623046875 0.344238281
vt 0.649902344 0.386962891
vt 0.620605469 0.346679688
vt 0.607421875 0.337890625
vt 0.60546875 0.340087891
vt 0.596191406 0.33203125
vt 0.612792969 0.362060547
vt 0.583007812 0.337890625
vt 0.546386719 0.318359375
vt 0.55078125 0.337158203
vt 0.520019531 0.336425781
vt 0.642089844 0.408935547
vt 0.578613281 0.352050781
vt 0.530761719 0.340332031
vt 0.500976562 0.346435547
vt 0.605957031 0.380371094
vt 0.55078125 0.355712891
vt 0.529296875 0.360839844
vt 0.513183594 0.350097656
vt 0.477050781 0.364501953
vt 0.489501953 0.370361328
vt 0.455810547 0.391601562
vt 0.567871094 0.365234375
vt 0.464599609 0.399169922
vt 0.435546875 0.417724609
vt 0.5546875 0.380859375
vt 0.588867188 0.399414062
vt 0.501464844 0.381835938
vt 0.446777344 0.420898438
vt 0.416259766 0.446289062
vt 0.4765625 0.409423828
vt 0.526855469 0.400634766
vt 0.540527344 0.386962891
vt 0.420654297 0.453613281
vt 0.396484375 0.4609375
vt 0.454101562 0.431884766
vt 0.568359375 0.4140625
vt 0.548339844 0.422119141
vt 0.498291016 0.421630859
vt 0.404785156 0.465087891
vt 0.384521484 0.491943359
vt 0.37890625 0.480712891
vt 0.431640625 0.460449219
vt 0.475830078 0.44140625
vt 0.507324219 0.434814453
vt 0.567382812 0.447509766
vt 0.383544922 0.505371094
vt 0.407714844 0.5234375
vt 0.419433594 0.473876953
vt 0.401367188 0.505371094
vt 0.58984375 0.437011719
vt 0.419433594 0.537109375
vt 0.407714844 0.487548828
vt 0.619628906 0.423583984
vt 0.637695312 0.454833984
vt 0.606933594 0.464111328
vt 0.652832031 0.505371094
vt 0.618164062 0.505371094
vt 0.577636719 0.472900391
vt 0.606933594 0.546875
vt 0.536621094 0.472412109
vt 0.586425781 0.505371094
vt 0.501953125 0.474365234
vt 0.540039062 0.505371094
vt 0.58984375 0.573730469
vt 0.577636719 0.538085938
vt 0.567382812 0.563476562
vt 0.536621094 0.538574219
vt 0.548339844 0.588867188
vt 0.526855469 0.610351562
vt 0.507324219 0.576171875
vt 0.498291016 0.589355469
vt 0.475830078 0.569335938
vt 0.501953125 0.536621094
vt 0.453613281 0.547851562
vt 0.508300781 0.505371094
vt 0.485107422 0.505371094
vt 0.431640625 0.550292969
vt 0.475341797 0.529296875
vt 0.44140625 0.534179688
vt 0.436279297 0.521484375
vt 0.460449219 0.522949219
vt 0.431884766 0.505371094
vt 0.467285156 0.505371094
vt 0.436279297 0.489501953
vt 0.460449219 0.487792969
vt 0.44140625 0.4765625
vt 0.453613281 0.463134766
vt 0.475341797 0.481689453
vn 0.660255849 0.317266583 -0.680738032
vn -0.0943177491 0.229846522 -0.968645871
vn -0.0863301829 0.411090881 -0.907497346
vn 0.660629392 0.223350704 -0.716717005
vn 0.908660054 0.289446831 -0.30092746
vn 0.688888848 0.166316777 -0.705528855
vn -0.172668904 0.0983663797 -0.980055869
vn -0.158382788 0.151891172 -0.975624859
vn 0.937208235 0.195353463 -0.288925231
vn 0.660564303 0.157170281 -0.73413372
vn -0.0675961226 0.13640283 -0.98834455
vn 0.739298046 0.133353814 -0.66004169
vn 0.950010538 0.135048449 -0.281499356
vn 0.968478799 0.151561111 -0.197681949
vn 0.898496926 0.328021348 0.291728079
vn 0.971770525 0.167860597 -0.16578567
vn 0.908676505 0.211920142 0.359717667
vn 0.310603768 0.33679226 0.888873637
vn 0.957433701 0.223750666 -0.182363018
vn 0.912728846 0.35618943 -0.200137585
vn 0.886491895 0.448418051 -0.114250869
vn 0.977054298 0.206025571 -0.0540220812
vn 0.947039962 0.284016967 -0.149832144
vn 0.903835833 0.425846964 0.0416546874
vn 0.93981421 0.339377463 -0.0396499895
vn 0.821644962 0.549151897 0.152747124
vn 0.947686911 0.319194615 -0.00208044285
vn 0.780016959 0.458612442 0.425732434
vn 0.645808458 0.701887429 0.300475568
vn 0.828174889 0.42973268 0.359800249
vn 0.412780136 0.585235357 0.69793427
vn 0.20349595 0.839804232 0.503307402
vn 0.412200511 0.83962965 0.353712708
vn 0.212572098 0.610212445 0.763186634
vn -0.712535679 0.31012553 0.629376709
vn 0.380738407 0.575971842 0.723391175
vn 0.675012648 0.620976746 0.398429155
vn 0.255181134 0.758668542 0.59942019
vn 0.165101275 0.622151971 0.765289843
vn 0.1804308 0.63855511 0.748125792
vn -0.0219030771 0.500474215 0.865474403
vn 0.151571721 0.875704944 0.458439648
vn 0.0355111025 0.556455374 0.830118299
vn -0.735023797 0.271311581 0.621393681
vn 0.14727737 0.793427944 0.590577304
vn -0.150320977 0.884593785 0.441471905
vn -0.718514979 0.357036918 0.596875906
vn -0.964206696 0.25907141 0.0564569831
vn 0.0224013273 0.819857299 0.572129548
vn -0.439496875 0.795791209 0.416603982
vn -0.98025012 0.195531815 0.0296169966
vn -0.907285035 0.407301277 -0.104592204
vn -0.620565832 0.623395085 0.475685507
vn -0.893610418 0.431665957 0.122983433
vn -0.798964202 0.396094114 0.452510357
vn -0.975011706 0.221686527 0.0143937683
vn -0.983986974 0.134254932 -0.117240414
vn -0.905496836 0.421851635 -0.0460072085
vn -0.998455405 0.0528747439 0.0170611199
vn -0.990305662 0.124829724 -0.0609275848
vn -0.940474868 0.304958671 -0.150023893
vn -0.989647925 0.0977278501 -0.105100952
vn -0.745751739 0.358319193 -0.561659694
vn -0.996206641 0.0806752071 -0.0326170027
vn -0.991432667 0.130191088 0.0105656609
vn -0.993810475 -0.00794864818 -0.110804282
vn -0.885173917 0.122897364 -0.448735386
vn -0.0863301829 0.411090881 -0.907497346
vn -0.0943177491 0.229846522 -0.968645871
vn -0.172668904 0.0983663797 -0.980055869
vn -0.890662611 0.0469953641 -0.45222941
vn -0.898146391 0.0460601412 -0.437277406
vn -0.0675961226 0.13640283 -0.98834455
vn -0.158382788 0.151891172 -0.975624859
vn -0.892647088 0.00446294155 -0.450734198
vn -0.0291669127 -0.997748196 -0.0603964478
vn 0.0612020195 -0.99546057 -0.0728877708
vn 0.0590626076 -0.995607436 -0.0726456866
vn -0.00367510878 -0.999658465 -0.0258710869
vn 0.119652629 -0.992320955 -0.0313416906
vn 0.185633287 -0.981217384 -0.0524663515
vn 0.0903747007 -0.995907664 -0.000634250697
vn 0.0402939133 -0.998349071 0.0409333035
vn -0.0149703827 -0.998280883 0.0566661805
vn 0.0141910408 -0.998071492 0.0604315028
vn 0.0638409108 -0.996232927 0.0586870238
vn 0.0116462726 -0.999221683 0.0376887806
vn -0.175279096 -0.983953059 -0.0333725475
vn -0.182045102 -0.982694209 -0.0342298523
vn -0.167393371 -0.985459447 -0.0291430503
vn -0.105544724 -0.993181646 -0.0495017841
vn -0.0987036601 -0.993840694 -0.0503807589
vn -0.113723993 -0.290741295 -0.950019121
vn 0.0246668663 -0.991128445 -0.13059862
vn 0.170065358 -0.604909539 -0.777921736
vn -0.604493439 -0.755265296 -0.253302157
vn -0.148224518 -0.826023459 0.543796539
vn -0.499788672 -0.532885134 0.682821214
vn -0.755916834 -0.635241568 -0.158296466
vn -0.170266539 -0.235909149 -0.956742465
vn -0.508387089 -0.381451041 0.772034764
vn -0.0832001641 -0.326757222 -0.941439033
vn -0.705431223 -0.708742559 -0.0071247723
vn -0.440618604 -0.340763122 0.830503345
vn -0.628493607 -0.764309585 0.144314259
vn -0.428317964 -0.450003505 0.783607364
vn -0.441397339 -0.895708263 0.0536203794
vn -0.501065254 -0.857732713 0.115014188
vn -0.326367855 -0.576782703 0.748869658
vn -0.602706671 -0.779128313 -0.172347859
vn -0.406595141 -0.401496887 0.820658684
vn -0.446112394 -0.880217731 -0.161865443
vn -0.170831084 -0.702678144 0.690695465
vn 0.843848169 -0.532325804 0.0674502775
vn -0.696045697 -0.683804989 -0.218931586
vn -0.39843142 -0.40367201 0.823590517
vn -0.761431634 -0.634535134 -0.132616282
vn -0.344220877 -0.47451058 0.810155272
vn -0.680774093 -0.727377295 -0.0864235908
vn 0.10135518 -0.805571139 0.583765626
vn 0.092524603 -0.983273029 -0.156886607
vn -0.266235322 -0.252071559 -0.930364788
vn 0.0696133003 -0.599084854 -0.797653675
vn -0.296063662 -0.232743099 -0.926378489
vn -0.173679516 -0.256956041 -0.95068872
vn -0.480323166 -0.871015191 -0.103063837
vn -0.476662815 -0.862291515 -0.171014681
vn -0.618497908 -0.785713732 -0.0106935399
vn -0.498858809 -0.761663735 -0.413531512
vn -0.228011161 -0.339789778 0.912443817
vn -0.526655734 -0.814571798 -0.24311842
vn -0.709425211 -0.646258652 -0.281186342
vn -0.738488257 -0.67209363 -0.0540849194
vn -0.302459389 -0.318802863 0.898266673
vn -0.570843697 -0.780886114 -0.2536816
vn -0.765586793 -0.638807058 -0.076173529
vn -0.338573545 -0.436175168 0.833738089
vn -0.313966125 -0.288088113 -0.90467149
vn -0.430001855 -0.345267862 -0.834199309
vn -0.599668443 -0.794969738 -0.0917653814
vn -0.415532142 -0.457068056 -0.786397994
vn 0.156119198 -0.73243475 -0.662696123
vn 0.212616041 -0.975205004 -0.0613971539
vn 0.144205377 -0.734443784 0.663172066
vn -0.647802651 -0.694729745 -0.312573731
vn -0.194343179 -0.366713315 0.909808874
vn -0.791599929 -0.597677886 -0.127085924
vn -0.406876296 -0.276439518 0.870650887
vn -0.882077456 -0.459922582 -0.10203176
vn -0.371372104 -0.253961444 0.893076897
vn -0.838109076 -0.544717729 -0.0292528719
vn -0.176001862 -0.671167016 0.72010988
vn -0.331234157 -0.941977143 0.0544333123
vn -0.440788567 -0.321434885 -0.838084221
vn -0.317539811 -0.741314888 -0.591287374
vn -0.415524423 -0.209967732 -0.885015786
vn -0.361183643 -0.232664555 -0.903002501
vn -0.289690226 -0.309306085 -0.905764461
vn -0.155131027 -0.292915404 -0.943469703
vn -0.0752603337 -0.218271673 -0.972981632
vn -0.523552597 -0.724936187 -0.44761613
vn -0.574110508 -0.63446635 -0.517541826
vn -0.103215359 0.0423510075 -0.99375701
vn -0.675811768 -0.679073989 -0.286595613
vn -0.705313981 -0.397915423 -0.586681843
vn -0.834637225 -0.507538438 -0.213975459
vn -0.772017062 -0.400176108 -0.493810385
vn -0.214716882 0.121738702 -0.969059467
vn -0.846681774 -0.485319555 -0.218162388
vn -0.864171803 -0.498274893 -0.0702080056
vn -0.86194545 -0.493000865 -0.118322991
vn -0.791005671 -0.28937906 0.539045215
vn -0.8600263 -0.162058443 0.483830303
vn -0.943401873 0.0863682777 0.320208251
vn -0.780666173 -0.476558983 -0.404291838
vn -0.954356849 0.0685324818 0.290699691
vn -0.957239687 -0.000775128894 0.289295167
vn -0.054258924 -0.764124155 -0.642783165
vn -0.687628865 -0.515360057 -0.511439562
vn -0.943677962 0.047747571 0.327402264
vn 0.13936244 -0.665392041 -0.733369946
vn 0.933406293 -0.276666462 -0.228491366
vn -0.649435818 -0.624468446 -0.433903515
vn 0.225016937 -0.77053684 -0.596355915
vn 0.947128713 -0.28057313 -0.155647129
vn 0.766779721 -0.548958898 0.332705647
vn 0.212642938 -0.956109703 0.201586917
vn -0.494507939 -0.866716743 0.0652985871
vn -0.731840968 -0.175428286 0.658508658
vn -0.8600263 -0.162058443 0.483830303
vn -0.791005671 -0.28937906 0.539045215
vn 0.0130913779 0.295984119 0.955103159
vn -0.0493079387 0.353621066 0.93408829
vn -0.943401873 0.0863682777 0.320208251
vn 0.332590461 0.480550319 0.811452389
vn 0.0167843271 0.524315715 0.851358473
vn -0.954356849 0.0685324818 0.290699691
vn 0.350971431 0.475238264 0.806825697
vn 0.320433766 0.523654878 0.789371789
vn -0.16679959 0.436850786 0.883933902
vn 0.548124909 0.616354287 0.565390646
vn 0.525570869 0.637243927 0.563644707
vn 0.659129739 0.700056314 0.274716735
vn 0.543207467 0.675248623 0.498963833
vn 0.617841721 0.685282826 0.385563403
vn 0.70029068 0.702524841 0.126695558
vn 0.671810329 0.707424462 0.219594136
vn 0.664199471 0.736265898 -0.129428178
vn 0.691294253 0.694795966 -0.198420584
vn 0.36993897 0.577954948 -0.727401733
vn -0.174098626 0.450861543 0.875450432
vn -0.957239687 -0.000775128894 0.289295167
vn 0.738233924 0.63542068 -0.226387411
vn 0.742470205 0.623721838 -0.244354457
vn 0.547769785 0.420112997 -0.723500729
vn 0.418515027 0.490324795 -0.764478087
vn -0.214716882 0.121738702 -0.969059467
vn -0.103215359 0.0423510075 -0.99375701
vn -0.0752603337 -0.218271673 -0.972981632
vn -0.155131027 -0.292915404 -0.943469703
vn 0.535601974 0.4319821 -0.725618243
vn -0.289690226 -0.309306085 -0.905764461
vn 0.490194947 0.385580957 -0.781688154
vn -0.361183643 -0.232664555 -0.903002501
vn 0.478626519 0.283060044 -0.831139982
vn -0.415524423 -0.209967732 -0.885015786
vn 0.765514672 0.541722 -0.347166449
vn 0.8187958 0.405888498 -0.405990005
vn 0.541395366 0.187025368 -0.819702685
vn -0.440788567 -0.321434885 -0.838084221
vn 0.878435016 0.436433196 -0.194622546
vn 0.559281886 0.0541916452 -0.827204406
vn -0.317539811 -0.741314888 -0.591287374
vn 0.9412238 0.325228006 -0.0912393853
vn 0.660226464 -0.39691779 -0.637618601
vn -0.331234157 -0.941977143 0.0544333123
vn 0.9827528 0.132700443 -0.128792435
vn 0.583735466 0.117450036 0.803404212
vn 0.834796906 -0.550557911 -0.000113373244
vn 0.585542619 0.133976936 0.79949367
vn 0.7119326 -0.350589097 0.608472764
vn -0.176001862 -0.671167016 0.72010988
vn -0.371372104 -0.253961444 0.893076897
vn 0.654104948 0.0622722954 0.753836155
vn -0.406876296 -0.276439518 0.870650887
vn -0.194343179 -0.366713315 0.909808874
vn -0.570843697 -0.780886114 -0.2536816
vn -0.313966125 -0.288088113 -0.90467149
vn 0.374191105 0.235694379 -0.896899819
vn -0.430001855 -0.345267862 -0.834199309
vn 0.823820889 0.565793991 -0.0345874168
vn 0.372732341 0.191947818 -0.907869279
vn -0.415532142 -0.457068056 -0.786397994
vn 0.744743943 0.666505277 0.0335720479
vn 0.848990679 0.525570631 -0.0546842553
vn 0.849609315 0.526748776 0.0264555793
vn 0.419863909 0.143802598 -0.896122217
vn 0.156119198 -0.73243475 -0.662696123
vn 0.866187572 0.499384493 0.0182816759
vn 0.504804492 0.196444064 0.840584397
vn 0.747902811 -0.144379586 -0.647916615
vn 0.212616041 -0.975205004 -0.0613971539
vn 0.975322545 -0.219503894 0.0237474591
vn 0.144205377 -0.734443784 0.663172066
vn 0.897758424 0.440165341 -0.0168631207
vn 0.742957413 -0.21153459 0.635033429
vn -0.338573545 -0.436175168 0.833738089
vn 0.544529617 0.222654074 0.808648705
vn -0.302459389 -0.318802863 0.898266673
vn 0.477523923 0.2503317 0.842202485
vn -0.228011161 -0.339789778 0.912443817
vn -0.480323166 -0.871015191 -0.103063837
vn 0.477454811 0.258721381 -0.839702427
vn -0.173679516 -0.256956041 -0.95068872
vn -0.296063662 -0.232743099 -0.926378489
vn 0.798726618 0.578327894 0.166050062
vn 0.811542869 0.383062363 0.441204458
vn 0.810195386 0.542591751 0.221760571
vn 0.48219651 0.30396238 -0.82164067
vn -0.266235322 -0.252071559 -0.930364788
vn 0.544444025 0.261526078 -0.796984851
vn 0.0696133003 -0.599084854 -0.797653675
vn 0.833618999 0.518431127 0.19054763
vn 0.27639389 0.149876088 0.949285805
vn 0.717230439 -0.180132031 -0.673151612
vn 0.092524603 -0.983273029 -0.156886607
vn 0.915440023 -0.402182937 -0.0147821065
vn 0.10135518 -0.805571139 0.583765626
vn 0.908592284 0.402073562 0.113123201
vn 0.411828101 0.201959729 0.888599992
vn 0.718575001 -0.304266185 0.625357449
vn -0.344220877 -0.47451058 0.810155272
vn 0.518492222 0.11982245 0.846645474
vn -0.39843142 -0.40367201 0.823590517
vn -0.406595141 -0.401496887 0.820658684
vn -0.501065254 -0.857732713 0.115014188
vn -0.0832001641 -0.326757222 -0.941439033
vn 0.572679877 0.241528347 -0.783391297
vn 0.574411929 0.320269525 -0.753311634
vn -0.170266539 -0.235909149 -0.956742465
vn -0.113723993 -0.290741295 -0.950019121
vn 0.650593758 0.623218894 0.433965534
vn 0.671661675 0.285271049 -0.683733106
vn 0.170065358 -0.604909539 -0.777921736
vn 0.798862398 0.556703866 0.227814779
vn 0.312571168 0.435341328 0.844261348
vn 0.833280146 0.00145422691 -0.552849114
vn 0.0246668663 -0.991128445 -0.13059862
vn 0.821263909 0.526376307 0.220121786
vn 0.299138844 0.371047884 0.879112899
vn 0.977668047 -0.0384688564 0.206604362
vn -0.148224518 -0.826023459 0.543796539
vn 0.86083281 0.430287004 0.271698475
vn 0.271676064 0.229693025 0.934576452
vn 0.585282803 -0.151588008 0.796533167
vn -0.499788672 -0.532885134 0.682821214
vn 0.302409887 0.0792218745 0.949880004
vn -0.508387089 -0.381451041 0.772034764
vn 0.316876948 0.213022128 0.924235046
vn -0.440618604 -0.340763122 0.830503345
vn -0.428317964 -0.450003505 0.783607364
vn -0.326367855 -0.576782703 0.748869658
vn -0.170831084 -0.702678144 0.690695465
vn 0.843848169 -0.532325804 0.0674502775
vn 0.588815868 0.231543481 0.774392247
vn 0.933406293 -0.276666462 -0.228491366
vn 0.727036595 0.334066391 0.599847734
vn 0.947128713 -0.28057313 -0.155647129
vn 0.684438527 0.392882645 0.61415565
vn 0.766779721 -0.548958898 0.332705647
vn -0.265317917 0.499042869 0.824962139
vn -0.943677962 0.047747571 0.327402264
vn -0.219827354 0.000228328834 0.975538731
vn -0.731840968 -0.175428286 0.658508658
vn -0.494507939 -0.866716743 0.0652985871
vn 0.212642938 -0.956109703 0.201586917
vn 0.559092999 0.127612755 0.819225192
vn 0.785510838 -0.593366444 0.175752312
vn 0.640329838 -0.61543566 -0.459582925
vn 0.757822633 -0.648819566 0.0688326433
vn 0.695060968 -0.520008922 -0.496468514
vn 0.383344471 -0.413965881 -0.825638771
vn 0.776720822 -0.621812165 -0.100271434
vn 0.494271874 -0.328807205 -0.804724216
vn -0.126589939 0.0374413878 -0.99124825
vn 0.584091783 -0.450032383 -0.67550534
vn 0.751262069 -0.659611464 -0.0227596667
vn -0.0207936112 0.111967474 -0.993494332
vn -0.58966428 0.511473715 -0.625052452
vn -0.535416543 0.581824243 -0.612216949
vn -0.659730256 0.726420105 0.192535222
vn -0.62229979 0.761384904 0.181757867
vn -0.246179551 0.431090176 0.868076622
vn -0.239742771 0.493909329 0.835809171
vn 0.242629901 -0.0565092005 0.968471646
vn -0.499983162 0.529803038 -0.685073435
vn -0.671704769 0.726470292 0.145098493
vn -0.318981498 0.439404637 0.839746654
vn 0.22567986 0.0546085052 0.972669721
vn 0.14469406 -0.0705669522 -0.986956954
vn 0.616735995 -0.387121379 0.685400426
vn 0.60347265 -0.451361328 0.657338262
vn 0.757822633 -0.648819566 0.0688326433
vn 0.785510838 -0.593366444 0.175752312
vn 0.608075619 -0.426319301 0.669698358
vn 0.776720822 -0.621812165 -0.100271434
vn 0.518719792 -0.356833756 0.776916564
vn 0.751262069 -0.659611464 -0.0227596667
vn 0.791602552 -0.555864751 -0.253731996
vn 0.839197159 -0.543433011 -0.0207024068
vn 0.833831131 -0.550016224 0.0469872393
vn 0.138675272 0.0247730464 0.990028083
vn 0.0521689765 0.0267115012 0.998281002
vn 0.605194747 -0.369688988 0.705031455
vn -0.734595954 -0.231599644 0.637754261
vn -0.574066699 -0.8184793 0.0232185088
vn -0.581110179 0.247864425 0.77516073
vn -0.0209505241 0.0609951317 0.997918189
vn -0.433116525 0.361583591 0.82563144
vn -0.559920192 0.271466166 0.782812595
vn 0.191726968 -0.774866641 0.602347493
vn -0.264412493 -0.281121761 0.922527313
vn -0.353719234 0.378224701 0.855469942
vn -0.831083179 0.462639481 0.308650851
vn -0.725814104 -0.088888444 0.682123721
vn -0.755975902 0.63373059 0.163969487
vn -0.704408467 0.688902318 0.170945391
vn -0.57984668 0.373238117 -0.724203825
vn -0.907525539 -0.0771045014 -0.412858725
vn -0.749347687 0.65755254 -0.0781198367
vn -0.539614737 0.414229095 -0.732959867
vn -0.549759209 0.480274767 -0.683447778
vn 0.157494962 -0.228441924 -0.96073395
vn -0.197578654 -0.767119765 0.610319495
vn 0.143410414 -0.152653307 -0.977819145
vn 0.111699186 -0.162919223 -0.980296195
vn 0.548440516 -0.535690606 -0.642065883
vn 0.617936969 -0.485268414 -0.618601978
vn 0.791602552 -0.555864751 -0.253731996
vn 0.610898674 -0.513569236 -0.602535903
vn 0.839197159 -0.543433011 -0.0207024068
vn 0.833831131 -0.550016224 0.0469872393
vn 0.673825204 -0.478943378 -0.562647998
vn -0.180748716 -0.783260584 0.59483844
vn -0.574066699 -0.8184793 0.0232185088
vn -0.603472292 -0.451361388 0.657338679
vn -0.757822454 -0.648819804 0.06883315
vn -0.785510778 -0.593366623 0.175752178
vn -0.616736114 -0.387121707 0.685400069
vn -0.225680053 0.0546085723 0.972669721
vn -0.242629796 -0.0565091558 0.968471766
vn -0.776720881 -0.621812165 -0.100271411
vn 0.246179566 0.431089908 0.868076622
vn -0.6080755 -0.426319152 0.669698536
vn -0.518719494 -0.356833547 0.776916921
vn -0.751262128 -0.659611344 -0.0227594934
vn -0.791602433 -0.555864632 -0.253732473
vn -0.839197159 -0.543433189 -0.0207020789
vn 0.239742801 0.49390918 0.835809171
vn 0.659730256 0.726419985 0.192535773
vn 0.622299612 0.761384904 0.181758448
vn 0.58966434 0.511474073 -0.625052214
vn 0.31898132 0.439404368 0.839746833
vn -0.138675138 0.0247732177 0.990028083
vn 0.535416663 0.581824541 -0.612216651
vn 0.126589715 0.0374413803 -0.99124825
vn -0.0521689318 0.0267114993 0.998281002
vn -0.605194867 -0.369689137 0.705031276
vn -0.833831131 -0.550016284 0.0469867587
vn 0.574066341 -0.818479538 0.0232174397
vn 0.734595954 -0.231599659 0.637754321
vn 0.0209502205 0.060994897 0.997918189
vn 0.581109643 0.247864142 0.775161326
vn 0.433116734 0.361583441 0.82563144
vn 0.559919536 0.271465957 0.782813132
vn 0.353719145 0.378224522 0.855470121
vn 0.264413238 -0.281121105 0.922527313
vn -0.191728026 -0.774867356 0.602346182
vn 0.725815177 -0.0888867155 0.682122767
vn 0.831083 0.46263963 0.30865109
vn 0.755976021 0.633730471 0.163969487
vn 0.907526255 -0.0771048889 -0.412856936
vn 0.579846561 0.373238534 -0.724203646
vn 0.197578371 -0.767119646 0.610319734
vn 0.749347806 0.657552302 -0.0781201124
vn 0.704408467 0.688902199 0.170946002
vn 0.539614797 0.414229006 -0.732959867
vn -0.157496452 -0.228443131 -0.960733414
vn 0.67170471 0.726470232 0.145099103
vn 0.549759209 0.480274856 -0.683447838
vn 0.499983191 0.529802978 -0.685073376
vn -0.143410847 -0.152653784 -0.977819085
vn -0.673825204 -0.478943378 -0.562647998
vn 0.180748835 -0.783260524 0.59483844
vn 0.574066341 -0.818479538 0.0232174397
vn -0.833831131 -0.550016284 0.0469867587
vn -0.610898793 -0.513569474 -0.602535546
vn -0.839197159 -0.543433189 -0.0207020789
vn -0.791602433 -0.555864632 -0.253732473
vn -0.617937028 -0.485268563 -0.618601918
vn -0.751262128 -0.659611344 -0.0227594934
vn -0.111699536 -0.162919432 -0.980296195
vn -0.548440576 -0.535690546 -0.642065763
vn -0.144694313 -0.0705671832 -0.986956835
vn -0.584091961 -0.450032681 -0.675505042
vn -0.776720881 -0.621812165 -0.100271411
vn 0.0207936931 0.111967415 -0.993494332
vn -0.383344114 -0.413965553 -0.825639009
vn -0.494271785 -0.328807384 -0.804724157
vn -0.640329182 -0.615435302 -0.459584475
vn -0.695060313 -0.520008683 -0.496469557
vn -0.785510778 -0.593366623 0.175752178
vn -0.757822454 -0.648819804 0.06883315
vn 0.691046715 -0.665029943 0.283177465
vn 0.67885834 -0.727944553 0.0961669013
vn 0.61299026 -0.747226536 0.256701142
vn 0.773527205 -0.625707984 0.100723326
vn 0.893389165 -0.354352891 0.276206344
vn 0.726580083 -0.682442069 -0.0797135457
vn 0.927761734 -0.327847391 0.178253576
vn 0.787213922 -0.610317588 -0.0883556753
vn 0.927210748 -0.345444232 0.144735992
vn 0.925676286 -0.370104581 0.0783962756
vn -0.787214041 -0.610317349 -0.0883554891
vn -0.678857923 -0.727944911 0.0961670876
vn -0.726579726 -0.682442307 -0.07971365
vn -0.773527205 -0.625707924 0.100723363
vn -0.612989783 -0.747226655 0.256701797
vn -0.691046655 -0.665029764 0.28317818
vn -0.893389046 -0.354353458 0.276205957
vn -0.925677121 -0.370102763 0.0783962309
vn -0.927762032 -0.327846885 0.178252935
vn -0.927211463 -0.345442533 0.144735515
vn -0.559920192 0.271466166 0.782812595
vn 0.191726968 -0.774866641 0.602347493
vn 0.0930717587 -0.437875211 0.894205093
vn -0.503131211 0.361770183 0.784844816
vn 0.276760995 0.14927423 0.949273646
vn -0.291576326 0.501713276 0.814412057
vn -0.581110179 0.247864425 0.77516073
vn -0.215996921 0.404409617 0.888705909
vn -0.625542581 0.314342231 0.714062631
vn -0.734595954 -0.231599644 0.637754261
vn -0.248485282 0.380855232 0.890620291
vn -0.825911403 -0.0188232139 0.563485622
vn -0.990112126 -0.0900945663 0.107521445
vn -0 0.359106243 0.93329668
vn -0 0.356915236 0.934136748
vn -0.242093012 0.396395892 0.885585248
vn 0.248485282 0.380855232 0.890620291
vn 0.215996966 0.404410005 0.88870573
vn 0.291576385 0.501713514 0.814411938
vn -0 0.419471741 0.907768428
vn 0.503130734 0.361770093 0.784844995
vn -0.0930746123 -0.437876821 0.89420408
vn -0.276761621 0.149273664 0.949273586
vn -0.191728026 -0.774867356 0.602346182
vn 0.559919536 0.271465957 0.782813132
vn 0.242092967 0.396395892 0.885585248
vn 0.625542283 0.314342052 0.714062929
vn 0.581109643 0.247864142 0.775161326
vn 0.346877247 0.109218113 0.93152976
vn 0.825911343 -0.0188232642 0.563485801
vn 0.734595954 -0.231599659 0.637754321
vn 0.990112126 -0.0900945291 0.107521519
vn -0 0.168277547 0.985739648
vn -0 -0.14223133 0.989833474
vn -0.346877187 0.109218173 0.93152976
vn 0.384643465 -0.144292966 0.911717594
vn 0.453423619 -0.058345437 0.889383376
vn 0.835648417 -0.110059164 0.538125277
vn 0.769522667 -0.00389931374 0.638607621
vn 0.992262006 0.0416379198 0.116971411
vn 0.982016265 0.153729036 0.109597072
vn 0.741227627 0.119177423 0.660589457
vn 0.981520474 0.140276715 0.130153388
vn -0.384643406 -0.144292921 0.911717594
vn 0.759267926 0.131771356 0.63729775
vn 0.982034922 0.158277273 0.102741502
vn 0.62904644 0.102435812 0.770589054
vn -0.835648417 -0.11005915 0.538125277
vn -0.769522667 -0.00389929698 0.638607681
vn -0.992262006 0.0416379198 0.116971336
vn -0.45342356 -0.0583454445 0.889383495
vn -0.741227627 0.119177394 0.660589337
vn -0.982016265 0.153729036 0.109597012
vn -0 -0.037764173 0.999286711
vn -0.629046381 0.10243582 0.770589173
vn -0.759268045 0.131771326 0.63729775
vn -0.981520474 0.140276656 0.130153388
vn -0.982056499 0.158096462 0.10281308
vn -0.628189147 0.115270734 0.769474506
vn -0.588764071 0.0744867027 0.804865539
vn -0.756471753 0.118905291 0.643126845
vn -0.765098453 0.145269558 0.62731266
vn -0.976540029 0.200465694 0.0786316991
vn -0.278442413 0.0858644396 0.956607103
vn -0.383598983 0.106809974 0.91730237
vn -0.490317732 0.194478974 0.849568427
vn -0 0.189850003 0.981813073
vn -0 0.0829675943 0.996552229
vn -0 0.0700238347 0.997545302
vn 0.490317971 0.194479078 0.849568248
vn 0.383598983 0.106809966 0.917302251
vn 0.278442383 0.0858644694 0.956607103
vn 0.628189027 0.115270719 0.769474566
vn 0.588781476 0.0773744658 0.804580271
vn -0.223302647 0.05058093 0.973435879
vn 0.220319048 0.0525778569 0.974009812
vn 0.757079124 0.120548658 0.642105281
vn 0.773720384 0.154183954 0.614478707
vn 0.976134598 0.20846884 0.0608442053
vn -0.00153361319 0.0477026589 0.998860359
vn -0.0126122488 0.0439401343 0.998954535
vn -0.279795468 0.0344945118 0.959439754
vn -4.58716604E-05 0.104060724 0.994570911
vn 0.275028378 0.0570887141 0.959739625
vn 0.902081251 0.12977773 0.411590934
vn 0.573771715 0.140766367 0.806827724
vn 0.986665428 0.159977168 -0.0299752485
vn 0.960467279 0.272577375 -0.0566058941
vn 0.539506614 0.0884990245 0.837317348
vn 0.934866667 0.278891265 0.21964556
vn 0.931285143 0.358732045 0.0633971617
vn 0.347007871 0.115782276 0.930687964
vn 0.334722728 0.273946017 0.901617646
vn 0.648332775 0.388412803 0.65482831
vn 0.93748641 0.332158029 0.103876412
vn 0.895035923 0.440097153 0.0722850263
vn -0.473118812 -0.880334854 0.0341930911
vn -0.461258173 -0.887150526 0.0143109243
vn -0.313751251 -0.945000648 0.0923797861
vn -0.0544822775 -0.998305202 -0.0204532761
vn 0.678750277 0.483419031 0.552814722
vn -0.122968636 -0.822145581 -0.555837572
vn 0.187322363 0.170684919 0.967355609
vn -0.132451683 -0.819220483 -0.557973504
vn 0.462578773 0.221883222 0.858363926
vn -0.0268366802 -0.934889078 -0.353924036
vn -0.0175176561 0.27485767 0.961325288
vn -0.275441051 0.219640031 0.935890257
vn 0.410603642 0.243700862 0.878643572
vn 0.141819745 -0.873785675 -0.465172768
vn -0.322156668 0.179982662 0.929419816
vn 0.171304643 -0.813554227 -0.555683553
vn -0.397828847 0.179920167 0.899644852
vn 0.0362357609 -0.77215296 -0.634402752
vn -0.0931876376 0.145153463 0.985010922
vn 0.0795568228 -0.904628396 -0.418710381
vn -0.334007323 0.262053013 0.905409992
vn 0.339553535 -0.936822891 -0.0840615854
vn -0.304115295 0.0868700817 0.948666155
vn -0.434177846 0.136806607 0.890378356
vn -0.350609481 0.288428098 0.891000628
vn -0.733394504 0.323535055 0.597877562
vn 0.508468747 -0.857795775 0.0751399547
vn -0.842993677 0.297913194 0.447894514
vn -0.957977772 0.274219394 0.0841562524
vn 0.365980178 -0.916162848 -0.163413912
vn -0.948176146 0.300973237 0.101867907
vn -0.953288496 0.292348266 0.0759837255
vn -0.83362639 0.171658561 0.524976552
vn -0.981034696 0.187205449 0.0502509326
vn -0.516671777 0.0678426921 0.853491545
vn 0.342451304 -0.489569843 0.801903069
vn 0.180748835 -0.783260524 0.59483844
vn 0.197578371 -0.767119646 0.610319734
vn 0.654360116 -0.547027707 0.522085667
vn 0.369911671 -0.442061186 0.817158043
vn 0.574066341 -0.818479538 0.0232174397
vn 0.916515112 -0.399640143 -0.0169630442
vn 0.291668326 -0.428026974 0.855407834
vn 2.21029254E-07 -0.878331244 -0.478052616
vn 0.276234835 -0.352911353 0.89395076
vn -0 -0.321960658 0.946753085
vn -0.291667998 -0.428026617 0.855408072
vn -0.276234567 -0.352911115 0.89395088
vn -0.369911611 -0.442061126 0.817158043
vn -0.916515112 -0.399640143 -0.0169631001
vn -0.342451215 -0.489569783 0.801903069
vn -0.654360235 -0.547027767 0.522085428
vn -0.197578654 -0.767119765 0.610319495
vn -0.180748716 -0.783260584 0.59483844
vn -0.936788142 -0.121912107 -0.327971756
vn -0.574066699 -0.8184793 0.0232185088
vn -0.990112126 -0.0900945663 0.107521445
vn -0.734595954 -0.231599644 0.637754261
vn -0.887531817 0.0304671749 -0.459737986
vn -0.992262006 0.0416379198 0.116971336
vn -0.982016265 0.153729036 0.109597012
vn -0.858656764 0.206332386 -0.469185829
vn -0.981520474 0.140276656 0.130153388
vn -0.883905113 0.165225729 -0.437506646
vn -0.982056499 0.158096462 0.10281308
vn -0.455293626 0.227184445 -0.860868633
vn -0 0.217971921 -0.975955069
vn 2.21029254E-07 -0.878331244 -0.478052616
vn -0.457733452 0.175371587 -0.871622026
vn -0.885914743 0.145602375 -0.440403342
vn 0.455293626 0.227184445 -0.860868633
vn -0 0.165453136 -0.986217678
vn -0.842975378 0.197558656 -0.500363052
vn -0.976540029 0.200465694 0.0786316991
vn -0.981034696 0.187205449 0.0502509326
vn -0.453932911 0.110869221 -0.884111404
vn 0.887531877 0.030467134 -0.459737927
vn -0.396579951 0.161527917 -0.903677523
vn -0.357800543 0.246448845 -0.900689602
vn -0 0.142116815 -0.989849925
vn -0.794423461 0.239134938 -0.558306277
vn -0.779093504 0.312580168 -0.543421566
vn -0.953288496 0.292348266 0.0759837255
vn -0.948176146 0.300973237 0.101867907
vn 0.936788142 -0.121912137 -0.327971637
vn 0.990112126 -0.0900945291 0.107521519
vn 0.734595954 -0.231599659 0.637754321
vn 0.992262006 0.0416379198 0.116971411
vn 0.858656764 0.206332415 -0.469185829
vn 0.982016265 0.153729036 0.109597072
vn 0.457733512 0.175371587 -0.871622026
vn 0.883905113 0.165225729 -0.437506706
vn 0.981520474 0.140276715 0.130153388
vn 0.982034922 0.158277273 0.102741502
vn 0.885914743 0.14560242 -0.440403223
vn 0.453932941 0.110869221 -0.884111404
vn 0.839612901 0.204749748 -0.503117979
vn 0.976134598 0.20846884 0.0608442053
vn 0.986665428 0.159977168 -0.0299752485
vn -0 0.0925458595 -0.995708346
vn 0.390754938 0.16446501 -0.905682981
vn 0.364988476 0.232029498 -0.901635051
vn 0.775625765 0.218179032 -0.592285931
vn 0.732373178 0.278280556 -0.621441543
vn 0.960467279 0.272577375 -0.0566058941
vn -0 0.247704178 -0.968835711
vn 0.00350123295 0.287446469 -0.957790315
vn 0.355273575 0.261515319 -0.897435546
vn 0.899681807 0.300628096 -0.316536605
vn 0.931285143 0.358732045 0.0633971617
vn -0.461258173 -0.887150526 0.0143109243
vn -0.0875894651 -0.993467391 0.0731474161
vn 0.605262697 0.135151476 -0.78446871
vn -0.0285211075 -0.931013882 0.3638677
vn 0.542889595 0.0219574161 -0.839517057
vn -0.147045955 -0.854453146 0.4982844
vn 0.315843761 0.0244446676 -0.948496222
vn -0.214286864 -0.884864092 0.413638532
vn 0.144279331 0.0598876067 -0.987723112
vn -0.106938027 -0.896928191 0.429050297
vn -0.260182649 0.0583473518 -0.963794947
vn 0.0929634348 -0.906328559 0.412221253
vn -0.357094586 0.0149208223 -0.933949053
vn 0.315975457 -0.84961307 0.422276139
vn -0.363145888 0.257537216 -0.895432591
vn -0.50363946 0.106590085 -0.857313156
vn 0.143388629 -0.849216163 0.508204281
vn -0.610550702 0.152024791 -0.777249098
vn 0.109242998 -0.931780994 0.34619391
vn -0.953522325 0.297407866 -0.0484118015
vn 0.219751343 -0.964776158 0.144624442
vn 0.365980178 -0.916162848 -0.163413912
vn -0.660255909 0.317266375 -0.680737913
vn 0.0863302946 0.41109091 -0.907497287
vn 0.0943176746 0.229846492 -0.968645871
vn -0.660629451 0.223350555 -0.716716945
vn -0.908660054 0.28944689 -0.30092746
vn -0.688888848 0.166316673 -0.705528855
vn 0.172668874 0.0983663499 -0.980055869
vn 0.158382878 0.151891172 -0.975624859
vn -0.937208235 0.195353389 -0.28892526
vn -0.660564363 0.157170281 -0.73413372
vn 0.0675960407 0.136402801 -0.98834455
vn -0.739298046 0.133353829 -0.66004169
vn -0.950010538 0.13504836 -0.281499356
vn -0.968478799 0.151561126 -0.197681844
vn -0.898496926 0.328021348 0.29172805
vn -0.971770525 0.167860553 -0.165785551
vn -0.908676624 0.211920112 0.359717578
vn -0.310603857 0.336792231 0.888873518
vn -0.957433701 0.223750725 -0.182363018
vn -0.912728846 0.356189609 -0.200137615
vn -0.886491835 0.448418379 -0.114250854
vn -0.977054298 0.206025571 -0.0540220812
vn -0.947039962 0.284017265 -0.149832144
vn -0.903835654 0.425847501 0.0416546799
vn -0.93981415 0.339377582 -0.0396499746
vn -0.821644902 0.549152017 0.152747095
vn -0.947686791 0.319194943 -0.00208044285
vn -0.780016959 0.458612502 0.425732404
vn -0.645808399 0.701887429 0.300475538
vn -0.828174889 0.42973271 0.359800249
vn -0.412780225 0.585235238 0.69793433
vn -0.20349595 0.839804232 0.503307402
vn -0.412200421 0.83962971 0.353712648
vn -0.212572083 0.610212505 0.763186574
vn 0.712535679 0.31012553 0.629376709
vn -0.380738407 0.575971842 0.723391175
vn -0.675012648 0.620976686 0.398429096
vn -0.255181074 0.758668661 0.59942013
vn -0.16510126 0.622151971 0.765289843
vn -0.180430815 0.63855499 0.748125851
vn 0.021903079 0.500474095 0.865474403
vn -0.151571706 0.875704944 0.458439589
vn -0.0355110802 0.556455195 0.830118299
vn 0.735023797 0.271311462 0.621393681
vn -0.147277325 0.793427944 0.590577245
vn 0.150320962 0.884593785 0.441471964
vn 0.718514979 0.357036769 0.596875846
vn 0.964206696 0.25907138 0.056456998
vn -0.0224013086 0.81985724 0.572129548
vn 0.439496875 0.795791209 0.416603923
vn 0.98025012 0.195531785 0.0296170134
vn 0.907284975 0.407301396 -0.104592204
vn 0.620565772 0.623395026 0.475685537
vn 0.893610418 0.431665897 0.122983433
vn 0.798964202 0.396094084 0.452510357
vn 0.975011706 0.221686497 0.0143937683
vn 0.983986974 0.134255007 -0.117240407
vn 0.905496776 0.421851784 -0.0460072048
vn 0.998455405 0.0528747737 0.0170611199
vn 0.990305662 0.124829836 -0.0609275736
vn 0.940474987 0.304958493 -0.150023878
vn 0.989647925 0.0977277979 -0.10510093
vn 0.745751858 0.358318985 -0.561659634
vn 0.996206641 0.0806752443 -0.0326169729
vn 0.991432667 0.130191088 0.0105657298
vn 0.993810475 -0.00794862024 -0.110804267
vn 0.885173917 0.122897193 -0.448735386
vn 0.0863302946 0.41109091 -0.907497287
vn 0.0943176746 0.229846492 -0.968645871
vn 0.172668874 0.0983663499 -0.980055869
vn 0.89066273 0.0469953418 -0.45222941
vn 0.898146451 0.0460600145 -0.437277317
vn 0.0675960407 0.136402801 -0.98834455
vn 0.158382878 0.151891172 -0.975624859
vn 0.892647088 0.00446291501 -0.450734198
vn 0.0291669331 -0.997748196 -0.0603964329
vn -0.0590625852 -0.995607436 -0.0726456568
vn -0.0612019859 -0.99546057 -0.072887741
vn 0.00367512275 -0.999658465 -0.0258710906
vn -0.119652607 -0.992320955 -0.0313417166
vn -0.185633287 -0.981217384 -0.0524663664
vn -0.0903746858 -0.995907664 -0.00063427008
vn -0.0402939096 -0.998349071 0.0409332812
vn 0.0149703808 -0.998280883 0.0566661656
vn -0.0141910408 -0.998071492 0.0604314953
vn -0.0638409108 -0.996232927 0.0586870275
vn -0.0116462726 -0.999221683 0.0376887843
vn 0.175279096 -0.983953059 -0.0333725624
vn 0.182045102 -0.982694209 -0.0342298523
vn 0.167393386 -0.985459447 -0.0291430596
vn 0.105544768 -0.993181646 -0.0495017953
vn 0.0987037048 -0.993840694 -0.0503807813
vn 0.113724098 -0.290741265 -0.950019121
vn -0.170065314 -0.604909599 -0.777921677
vn -0.0246670712 -0.991127968 -0.13060236
vn 0.604492784 -0.755265474 -0.253303349
vn 0.148225084 -0.826021612 0.543799281
vn 0.499788135 -0.532885373 0.682821453
vn 0.755916476 -0.635242224 -0.158295617
vn 0.170266718 -0.23590973 -0.956742287
vn 0.508386433 -0.381450891 0.772035182
vn 0.0832002535 -0.326757133 -0.941439033
vn 0.705430567 -0.708743274 -0.00712373061
vn 0.440617949 -0.340763122 0.830503702
vn 0.628493309 -0.764310002 0.144313514
vn 0.428318113 -0.450004578 0.783606708
vn 0.441397369 -0.895708263 0.0536195971
vn 0.501065791 -0.857732534 0.11501281
vn 0.326368243 -0.576783359 0.748869002
vn 0.602706552 -0.779128373 -0.172347695
vn 0.40659529 -0.401496947 0.820658565
vn 0.446112543 -0.880217493 -0.161866426
vn 0.170831323 -0.702678323 0.690695226
vn -0.843848348 -0.532325506 0.0674505383
vn 0.696045816 -0.68380481 -0.218931705
vn 0.39843145 -0.403671652 0.823590636
vn 0.761431634 -0.634535134 -0.13261573
vn 0.344221503 -0.474510938 0.810154915
vn 0.680774987 -0.727376401 -0.0864230096
vn -0.101358086 -0.805572689 0.583762884
vn -0.0925229564 -0.983273268 -0.156885937
vn 0.266235977 -0.252071977 -0.93036449
vn -0.0696156397 -0.599081218 -0.797656119
vn 0.296064347 -0.232743934 -0.926377952
vn 0.173680022 -0.256956458 -0.950688481
vn 0.480323553 -0.871014953 -0.103064276
vn 0.476662695 -0.862291574 -0.171014339
vn 0.618498206 -0.785713434 -0.0106942514
vn 0.49885878 -0.761664033 -0.413530976
vn 0.22801137 -0.339789897 0.912443757
vn 0.526655734 -0.814571738 -0.243118495
vn 0.709425211 -0.646258354 -0.281186849
vn 0.738488436 -0.672093451 -0.0540853739
vn 0.302459031 -0.318802446 0.898266971
vn 0.570843518 -0.780886114 -0.253682196
vn 0.765586793 -0.638807118 -0.076172255
vn 0.338573098 -0.43617475 0.833738506
vn 0.313966036 -0.288087726 -0.904671669
vn 0.430002153 -0.345267773 -0.83419919
vn 0.599668443 -0.794969738 -0.091765359
vn 0.41553247 -0.457068563 -0.786397457
vn -0.156116664 -0.732434392 -0.662697017
vn -0.212613255 -0.975205243 -0.0614028163
vn -0.144206643 -0.734449029 0.663165987
vn 0.647802472 -0.694730341 -0.312572569
vn 0.194343179 -0.366714031 0.909808457
vn 0.791599751 -0.597678125 -0.127085522
vn 0.406877398 -0.276439488 0.870650351
vn 0.882078111 -0.459921122 -0.102032758
vn 0.371372521 -0.253960937 0.893076897
vn 0.838110447 -0.544715703 -0.0292524789
vn 0.17600213 -0.671165466 0.720111132
vn 0.331235826 -0.941976547 0.054434251
vn 0.440790176 -0.321433544 -0.838083804
vn 0.317540318 -0.741313756 -0.591288447
vn 0.415525049 -0.209967166 -0.885015607
vn 0.361183733 -0.232664704 -0.903002441
vn 0.289690137 -0.309306473 -0.905764341
vn 0.155130506 -0.292915225 -0.943469703
vn 0.0752601027 -0.218271315 -0.972981751
vn 0.523552597 -0.724936366 -0.447615713
vn 0.57411021 -0.634466648 -0.517541766
vn 0.103214525 0.0423516631 -0.993757129
vn 0.67581135 -0.679074287 -0.286595643
vn 0.705313265 -0.397915959 -0.58668232
vn 0.834637046 -0.507538617 -0.213975683
vn 0.772016883 -0.400176257 -0.493810683
vn 0.214715242 0.121739298 -0.969059825
vn 0.846681774 -0.485319436 -0.218162611
vn 0.864171684 -0.498274982 -0.070208773
vn 0.861945152 -0.493001163 -0.118323438
vn 0.791005969 -0.289379448 0.539044678
vn 0.860026121 -0.162059307 0.483830422
vn 0.943401992 0.0863691941 0.320207626
vn 0.780666649 -0.476557881 -0.404292136
vn 0.954356968 0.0685342103 0.290698767
vn 0.957239568 -0.000774252752 0.289295435
vn 0.0542590171 -0.764123976 -0.642783344
vn 0.687629282 -0.515359759 -0.511439443
vn 0.943677843 0.0477480032 0.327402383
vn -0.139362514 -0.665392041 -0.733370006
vn -0.933406353 -0.276666492 -0.228490934
vn 0.649436057 -0.624468386 -0.433903337
vn -0.225017622 -0.7705369 -0.596355617
vn -0.947128594 -0.280573606 -0.155646473
vn -0.76677829 -0.54896009 0.332706988
vn -0.212643176 -0.956109345 0.20158805
vn 0.494508922 -0.866716266 0.0652977079
vn 0.731840491 -0.175425753 0.65850991
vn 0.860026121 -0.162059307 0.483830422
vn -0.0130916042 0.29598403 0.955103159
vn 0.791005969 -0.289379448 0.539044678
vn 0.0493076816 0.353620589 0.934088409
vn 0.943401992 0.0863691941 0.320207626
vn -0.332590699 0.480550498 0.81145215
vn -0.0167841632 0.524314702 0.851359069
vn 0.954356968 0.0685342103 0.290698767
vn -0.350970984 0.475237876 0.806826115
vn -0.320433646 0.523654759 0.789371848
vn 0.166799307 0.436850756 0.883934021
vn -0.548124909 0.616354048 0.565390825
vn -0.52557081 0.637243688 0.563645005
vn -0.65912962 0.700056136 0.274717093
vn -0.543207288 0.675248504 0.49896431
vn -0.617841661 0.685282588 0.385563761
vn -0.700290799 0.702524781 0.12669538
vn -0.671810508 0.707424283 0.21959427
vn -0.664199412 0.736265898 -0.129428118
vn -0.691294432 0.694795787 -0.198420838
vn -0.369939357 0.577955306 -0.727401257
vn 0.174097955 0.450861961 0.875450432
vn 0.957239568 -0.000774252752 0.289295435
vn -0.738233685 0.63542068 -0.226388022
vn -0.742470145 0.623721838 -0.24435468
vn -0.547769368 0.420112908 -0.723501086
vn -0.418514907 0.490325212 -0.764477909
vn 0.214715242 0.121739298 -0.969059825
vn 0.103214525 0.0423516631 -0.993757129
vn 0.0752601027 -0.218271315 -0.972981751
vn 0.155130506 -0.292915225 -0.943469703
vn -0.535601914 0.431981772 -0.72561866
vn 0.289690137 -0.309306473 -0.905764341
vn -0.490194917 0.38558051 -0.781688333
vn 0.361183733 -0.232664704 -0.903002441
vn -0.478626221 0.283059984 -0.83114028
vn 0.415525049 -0.209967166 -0.885015607
vn -0.76551491 0.541721404 -0.347166866
vn -0.818795741 0.405888468 -0.405990422
vn -0.541394949 0.187026158 -0.819702864
vn 0.440790176 -0.321433544 -0.838083804
vn -0.878435016 0.436433047 -0.194623262
vn -0.559281468 0.0541920401 -0.827204645
vn 0.317540318 -0.741313756 -0.591288447
vn -0.941223264 0.325229138 -0.0912399366
vn -0.660226941 -0.396916509 -0.637618661
vn 0.331235826 -0.941976547 0.054434251
vn -0.982752562 0.132701591 -0.128793105
vn -0.583736062 0.117449299 0.803403854
vn -0.834798157 -0.550556064 -0.000113295035
vn -0.585542679 0.133977264 0.799493492
vn -0.711933196 -0.350588024 0.608472824
vn 0.17600213 -0.671165466 0.720111132
vn 0.371372521 -0.253960937 0.893076897
vn -0.654105604 0.0622726381 0.753835559
vn 0.406877398 -0.276439488 0.870650351
vn 0.194343179 -0.366714031 0.909808457
vn 0.570843518 -0.780886114 -0.253682196
vn 0.313966036 -0.288087726 -0.904671669
vn -0.374191254 0.235695288 -0.896899521
vn 0.430002153 -0.345267773 -0.83419919
vn -0.823820949 0.565793931 -0.0345877931
vn -0.37273255 0.191947833 -0.90786922
vn 0.41553247 -0.457068563 -0.786397457
vn -0.744743943 0.666505396 0.0335718989
vn -0.848990679 0.525570512 -0.0546847694
vn -0.849608719 0.52674973 0.0264548399
vn -0.419863611 0.143801123 -0.896122575
vn -0.156116664 -0.732434392 -0.662697017
vn -0.86618799 0.499383807 0.0182827432
vn -0.504805326 0.196445212 0.840583563
vn -0.74790442 -0.144380957 -0.647914469
vn -0.212613255 -0.975205243 -0.0614028163
vn -0.975322664 -0.219503745 0.0237429962
vn -0.144206643 -0.734449029 0.663165987
vn -0.897759259 0.440163672 -0.0168617722
vn -0.742964029 -0.211532936 0.635026157
vn 0.338573098 -0.43617475 0.833738506
vn -0.544529796 0.222652256 0.808649123
vn 0.302459031 -0.318802446 0.898266971
vn -0.477524072 0.250331283 0.842202485
vn 0.22801137 -0.339789897 0.912443757
vn 0.480323553 -0.871014953 -0.103064276
vn -0.477454513 0.25872153 -0.839702547
vn 0.173680022 -0.256956458 -0.950688481
vn 0.296064347 -0.232743934 -0.926377952
vn -0.798726916 0.578327835 0.166049093
vn -0.811543643 0.383062035 0.441203266
vn -0.810195208 0.542592227 0.221759647
vn -0.482196867 0.303962708 -0.821640372
vn 0.266235977 -0.252071977 -0.93036449
vn -0.544445097 0.26152575 -0.796984136
vn -0.0696156397 -0.599081218 -0.797656119
vn -0.83361882 0.518431425 0.190547705
vn -0.276394188 0.149876386 0.949285686
vn -0.71723175 -0.180132419 -0.673149943
vn -0.0925229564 -0.983273268 -0.156885937
vn -0.915441394 -0.402179897 -0.0147798406
vn -0.101358086 -0.805572689 0.583762884
vn -0.908592761 0.402072519 0.113123477
vn -0.411827266 0.201959461 0.888600409
vn -0.718578935 -0.304262012 0.625355005
vn 0.344221503 -0.474510938 0.810154915
vn -0.51849252 0.119821563 0.846645296
vn 0.39843145 -0.403671652 0.823590636
vn 0.40659529 -0.401496947 0.820658565
vn 0.501065791 -0.857732534 0.11501281
vn 0.0832002535 -0.326757133 -0.941439033
vn -0.572679996 0.241528749 -0.783391058
vn -0.574412346 0.320270032 -0.753311098
vn 0.170266718 -0.23590973 -0.956742287
vn 0.113724098 -0.290741265 -0.950019121
vn -0.650594056 0.623217583 0.433966756
vn -0.671662271 0.285271078 -0.683732629
vn -0.170065314 -0.604909599 -0.777921677
vn -0.798862219 0.556703985 0.22781536
vn -0.31257087 0.435340971 0.844261646
vn -0.833280325 0.0014524482 -0.552848816
vn -0.0246670712 -0.991127968 -0.13060236
vn -0.821263373 0.526376843 0.220122397
vn -0.299138606 0.37104702 0.879113317
vn -0.977668643 -0.0384688862 0.206601739
vn 0.148225084 -0.826021612 0.543799281
vn -0.860832334 0.430287153 0.271699369
vn -0.271675527 0.229693025 0.93457669
vn -0.585284173 -0.151585102 0.796532631
vn 0.499788135 -0.532885373 0.682821453
vn -0.302410334 0.0792235583 0.949879825
vn 0.508386433 -0.381450891 0.772035182
vn -0.316876799 0.213022768 0.924234986
vn 0.440617949 -0.340763122 0.830503702
vn 0.428318113 -0.450004578 0.783606708
vn 0.326368243 -0.576783359 0.748869002
vn 0.170831323 -0.702678323 0.690695226
vn -0.843848348 -0.532325506 0.0674505383
vn -0.588815868 0.231542647 0.774392545
vn -0.933406353 -0.276666492 -0.228490934
vn -0.727036476 0.334066063 0.599848092
vn -0.947128594 -0.280573606 -0.155646473
vn -0.684438348 0.392882347 0.614155948
vn -0.76677829 -0.54896009 0.332706988
vn 0.265317351 0.499043673 0.824961841
vn 0.943677843 0.0477480032 0.327402383
vn 0.219825804 0.000230352947 0.975539088
vn 0.731840491 -0.175425753 0.65850991
vn 0.494508922 -0.866716266 0.0652977079
vn -0.212643176 -0.956109345 0.20158805
vn -0.559092999 0.127612159 0.819225252
vn -0.129078165 -0.961240113 0.243631467
vn -0.0875894651 -0.993467391 0.0731474161
vn -0.0285211075 -0.931013882 0.3638677
vn -0.461258173 -0.887150526 0.0143109243
vn -0.147045955 -0.854453146 0.4982844
vn -0.473118812 -0.880334854 0.0341930911
vn -0.0810234025 -0.946797609 0.311463505
vn -0.214286864 -0.884864092 0.413638532
vn -0.215476587 -0.966896653 0.136677101
vn -0.313751251 -0.945000648 0.0923797861
vn -0.082381621 -0.904832006 0.417722732
vn -0.106938027 -0.896928191 0.429050297
vn 0.0929634348 -0.906328559 0.412221253
vn -0.164867565 -0.972706914 -0.163278461
vn -0.0544822775 -0.998305202 -0.0204532761
vn -0.122968636 -0.822145581 -0.555837572
vn 0.0113404896 -0.994571269 0.103436947
vn 0.188822597 -0.885635078 0.42426005
vn 0.0581853613 -0.926821232 -0.370967478
vn 0.109932244 -0.913627505 0.391407251
vn 0.315975457 -0.84961307 0.422276139
vn -0.132451683 -0.819220483 -0.557973504
vn 0.143388629 -0.849216163 0.508204281
vn -0.0268366802 -0.934889078 -0.353924036
vn 0.141819745 -0.873785675 -0.465172768
vn 0.109242998 -0.931780994 0.34619391
vn 0.136533186 -0.913836718 -0.382441074
vn 0.171304643 -0.813554227 -0.555683553
vn -0.0401683003 -0.94971472 -0.310529262
vn 0.0362357609 -0.77215296 -0.634402752
vn 0.0795568228 -0.904628396 -0.418710381
vn 0.097605139 -0.903727949 0.416832268
vn 0.19689478 -0.979652643 0.0388976559
vn 0.219751343 -0.964776158 0.144624442
vn 0.365980178 -0.916162848 -0.163413912
vn 0.410796553 -0.911616564 0.0141907251
vn 0.508468747 -0.857795775 0.0751399547
vn 0.33195895 -0.942654848 0.0347141549
vn 0.339553535 -0.936822891 -0.0840615854
vn 0.0646284521 -0.953528941 -0.294288397
vn 0.710017025 0.119294092 0.694006383
vn -0.291576326 0.501713276 0.814412057
vn 0.276760995 0.14927423 0.949273646
vn 0.744195163 -0.22003679 0.630680025
vn 0.522809625 -0.149613008 0.839217544
vn 0.631108105 0.00174459745 0.77569294
vn 0.475519001 -0.0751050338 0.876493514
vn -0 -0.276408583 0.961040258
vn 0.22428377 0.0180378351 0.97435689
vn 0.458440721 -0.25163877 0.85235554
vn -0 -0.557736754 0.830017984
vn -0.415062696 -0.200958341 0.887321115
vn 0.272972196 -0.416503608 0.867185593
vn -0.319421113 -0.596543074 0.736278832
vn -0.069411315 -0.671966672 0.737321377
vn -0.226349145 -0.703944385 0.673222482
vn -0 0.0717734322 0.997421026
vn -0.144903407 0.688643634 0.710473776
vn -0.0948965251 0.656048477 0.74872905
vn -0.215996921 0.404409617 0.888705909
vn -0 0.653080225 0.757288754
vn -0 0.356915236 0.934136748
vn 0.0948966593 0.656049311 0.748728156
vn 0.215996966 0.404410005 0.88870573
vn 0.144903392 0.688643754 0.710473597
vn 0.291576385 0.501713514 0.814411938
vn -0.276761621 0.149273664 0.949273586
vn -0.710016906 0.119293131 0.694006741
vn -0.522809446 -0.149612963 0.839217663
vn -0.744195163 -0.220036805 0.630680025
vn -0.475519061 -0.0751050934 0.876493514
vn -0.631108224 0.00174457068 0.775692821
vn -0.458440781 -0.251638889 0.85235548
vn -0.224284261 0.0180378072 0.97435683
vn -0.272972107 -0.416504085 0.867185414
vn 0.41506198 -0.200958848 0.887321293
vn 0.0694115087 -0.671968937 0.73731941
vn 0.319421232 -0.596543491 0.736278415
vn 0.112692907 -0.740012825 0.663084626
vn 0.226349294 -0.703944504 0.673222184
vn -0 -0.755873084 0.654718161
vn -0 -0.746602178 0.665270627
vn -0.112692475 -0.740011752 0.663086116
vn -0.837008059 0.363993704 0.408565909
vn -0.226349145 -0.703944385 0.673222482
vn -0.319421113 -0.596543074 0.736278832
vn -0.415062696 -0.200958341 0.887321115
vn -0.576401353 0.470206797 0.668331504
vn -0 -0.746602178 0.665270627
vn -0.914306343 0.129009947 0.383927584
vn 0.22428377 0.0180378351 0.97435689
vn -0.820597827 0.0456595272 0.569679141
vn 0.631108105 0.00174459745 0.77569294
vn -0.739807844 0.0965657383 0.665852427
vn 0.744195163 -0.22003679 0.630680025
vn -0.586705327 0.163114637 0.793202698
vn 0.276760995 0.14927423 0.949273646
vn -0.347942382 0.156568721 0.924349666
vn 0.0930717587 -0.437875211 0.894205093
vn 0.0818517879 -0.539349139 0.838094711
vn -0.668043792 0.451522738 0.591476798
vn 0.191726968 -0.774866641 0.602347493
vn -0.0139838411 -0.565131962 0.824881911
vn -0.264412493 -0.281121761 0.922527313
vn -0.821905732 0.325289577 0.467608482
vn -0.920766354 0.163126111 0.354371428
vn -0.977844834 0.147936642 0.148102626
vn -0.514261067 -0.380175203 0.768766701
vn -0.725814104 -0.088888444 0.682123721
vn -0.588172376 0.463975757 0.662404478
vn -0.825010598 0.48369211 0.292231828
vn -0.831083179 0.462639481 0.308650851
vn -0.762101352 0.537795305 0.360524237
vn -0.833295703 0.458301067 -0.309157431
vn -0.907525539 -0.0771045014 -0.412858725
vn -0.797315955 0.568720579 0.20209977
vn -0.832033873 0.49210006 -0.256041199
vn -0.869922757 0.283936322 -0.403254956
vn -0.197578654 -0.767119765 0.610319495
vn -0.776642263 -0.386939406 -0.4970963
vn -0.342451215 -0.489569783 0.801903069
vn -0.574430287 0.13820377 -0.806802034
vn -0.742578864 -0.461847216 -0.485050291
vn -0.369911611 -0.442061126 0.817158043
vn -0.837827146 0.413284332 -0.35670948
vn -0.691785753 0.717825651 0.078478314
vn -0.731020629 -0.50731349 -0.456335276
vn -0.291667998 -0.428026617 0.855408072
vn -0.370404214 -0.0361054502 -0.928168714
vn -0.226378202 -0.0826761946 -0.970524371
vn -0.680888951 -0.512271881 -0.523419261
vn -0.276234567 -0.352911115 0.89395088
vn -0.732864559 0.671272635 0.1109173
vn -0.688573956 0.598379314 -0.409643859
vn -0.566691339 0.0212949775 -0.82365495
vn -0.533957839 -0.607101321 -0.588487089
vn -0 -0.321960658 0.946753085
vn -0.289425403 -0.148860469 -0.945554614
vn -0.516252995 0.294684827 -0.804141581
vn -0.59269917 0.688147843 -0.418521553
vn -0.220171824 -0.0898478329 -0.97131449
vn 4.15045463E-07 -0.967754602 -0.25189504
vn 0.276234835 -0.352911353 0.89395076
vn -0.17821233 -0.182581306 -0.966904581
vn 0.533958495 -0.607101083 -0.58848685
vn 0.291668326 -0.428026974 0.855407834
vn -0 -0.0460207276 -0.998940527
vn -0 -0.227400303 -0.973801315
vn 0.680889189 -0.512272179 -0.523418605
vn 0.369911671 -0.442061186 0.817158043
vn 0.178212732 -0.182581544 -0.966904342
vn 0.220171943 -0.0898479521 -0.971314371
vn 0.731020927 -0.507314086 -0.456334114
vn 0.342451304 -0.489569843 0.801903069
vn -0 -0.076062791 -0.997103035
vn 0.742579043 -0.461847723 -0.485049546
vn 0.197578371 -0.767119646 0.610319734
vn 0.226378158 -0.0826762095 -0.970524371
vn 0.289425433 -0.148860484 -0.945554614
vn -0 -0.16196464 -0.986796498
vn 0.776642323 -0.386939764 -0.497095793
vn 0.907526255 -0.0771048889 -0.412856936
vn 0.370404273 -0.0361054987 -0.928168654
vn -0.280400693 0.120099872 -0.952340007
vn 0.869922876 0.283936083 -0.403254747
vn 0.831083 0.46263963 0.30865109
vn 0.574430287 0.138203755 -0.806802034
vn 0.833295643 0.458301485 -0.309157133
vn 0.725815177 -0.0888867155 0.682122767
vn 0.82501018 0.483692825 0.292231828
vn 0.264413238 -0.281121105 0.922527313
vn 0.832033932 0.492100149 -0.256040931
vn 0.514260411 -0.380175263 0.768767238
vn -0.191728026 -0.774867356 0.602346182
vn 0.0139828287 -0.565132737 0.824881554
vn -0.0930746123 -0.437876821 0.89420408
vn 0.566691339 0.0212949086 -0.82365489
vn 0.762101114 0.537795126 0.360525042
vn -0.0818530768 -0.539350688 0.838093638
vn -0.276761621 0.149273664 0.949273586
vn 0.837827146 0.413284421 -0.356709301
vn 0.58817184 0.463975281 0.662405372
vn 0.668043315 0.45152247 0.591477454
vn 0.34794122 0.156567961 0.924350262
vn -0.744195163 -0.220036805 0.630680025
vn 0.586705089 0.163114473 0.793202877
vn -0.631108224 0.00174457068 0.775692821
vn 0.797315955 0.56872046 0.202099904
vn 0.739807904 0.0965657383 0.665852249
vn -0.224284261 0.0180378072 0.97435683
vn 0.691785693 0.717825651 0.0784785002
vn 0.688573956 0.598379314 -0.409643859
vn 0.821905553 0.325289458 0.467608899
vn 0.820597827 0.0456595309 0.56967932
vn 0.41506198 -0.200958848 0.887321293
vn 0.920766354 0.163126111 0.354371428
vn 0.898370504 0.426637143 0.104457341
vn 0.732864559 0.671272516 0.110917635
vn 0.914306045 0.129009917 0.38392821
vn 0.319421232 -0.596543491 0.736278415
vn 0.977844834 0.147936642 0.148102671
vn 0.592699051 0.688147962 -0.418521464
vn 0.758811891 0.49208501 -0.426681161
vn 0.965279639 0.247727364 0.0828638896
vn 0.837007821 0.363993406 0.408566654
vn 0.576401234 0.470206738 0.668331563
vn 0.226349294 -0.703944504 0.673222184
vn 0.944463432 0.328518361 -0.00803708192
vn 0.899244249 0.2446637 -0.362628728
vn 0.798336148 0.369472533 -0.475551635
vn 0.615953743 0.428856254 -0.660820186
vn -0 0.553574443 0.832799792
vn -0.399928182 0.916399181 0.0164292865
vn 0.670309603 0.741473854 -0.0300261974
vn -0 0.999121845 0.0418983437
vn 0.413288951 0.540118158 -0.733119845
vn -0.670309603 0.741473794 -0.0300275311
vn 0.399928272 0.916399181 0.0164299086
vn 0.516253173 0.294684619 -0.804141581
vn 0.280400842 0.120099641 -0.952340007
vn 0.210252061 0.382745296 -0.899611115
vn -0 0.0213255491 -0.999772608
vn -0 0.361585796 -0.932338893
vn 0.299272358 0.322681904 -0.89794898
vn -0.210252032 0.382745355 -0.899611115
vn 0.45345673 0.446396351 -0.771431923
vn -1.16077004E-07 0.265606791 -0.964081407
vn 0.577496409 0.308639735 -0.755803823
vn -1.04788811E-07 0.451328248 -0.892358005
vn -0.413288832 0.540118039 -0.733119845
vn -0.299272448 0.322682172 -0.897948861
vn -0.615953505 0.428856105 -0.660820544
vn -0.45345661 0.44639644 -0.771431983
vn -0.758811772 0.49208492 -0.426681519
vn -0.898370385 0.426637173 0.104457229
vn -0.798336089 0.369472414 -0.475552022
vn -0.965279639 0.247727364 0.082863763
vn -0.899244308 0.244663656 -0.36262846
vn -0.577496529 0.308639765 -0.755803704
vn -0.870530069 0.298101485 -0.391551882
vn -0 0.318494946 -0.947924554
vn 1.81603966E-07 0.33792311 -0.941173732
vn -0.944463432 0.328518391 -0.00803667586
vn -0.604687989 0.311646342 -0.732959092
vn -0.690497339 0.642260551 -0.3327384
vn -0.224202022 0.92142421 -0.31734997
vn -0.382414758 0.639631331 -0.66680634
vn -0 0.959127963 -0.282972813
vn -0 0.653142154 -0.757235229
vn 0.224202111 0.92142427 -0.317349374
vn 0.382414728 0.639631212 -0.666806519
vn 0.69049722 0.642260611 -0.332738608
vn 0.87052989 0.298101395 -0.391552299
vn 0.604687691 0.311646312 -0.73295933
g ChosenSaint_Body_0
f 3/3/3 2/2/2 1/1/1
f 2/2/2 4/4/4 1/1/1
f 5/5/5 1/1/1 4/4/4
f 6/6/6 4/4/4 2/2/2
f 7/7/7 6/6/6 2/2/2
f 7/7/7 8/8/8 6/6/6
f 9/9/9 5/5/5 4/4/4
f 9/9/9 4/4/4 6/6/6
f 8/8/8 10/10/10 6/6/6
f 10/10/10 8/8/8 11/11/11
f 12/12/12 10/10/10 11/11/11
f 13/13/13 6/6/6 10/10/10
f 13/13/13 9/9/9 6/6/6
f 14/14/14 10/10/10 12/12/12
f 14/14/14 13/13/13 10/10/10
f 14/14/14 15/15/15 13/13/13
f 16/16/16 14/14/14 12/12/12
f 16/16/16 17/17/17 14/14/14
f 17/17/17 15/15/15 14/14/14
f 17/17/17 18/18/18 15/15/15
f 9/9/9 19/19/19 5/5/5
f 19/19/19 20/20/20 5/5/5
f 20/20/20 19/19/19 21/21/21
f 13/13/13 22/22/22 9/9/9
f 15/15/15 22/22/22 13/13/13
f 22/22/22 19/19/19 9/9/9
f 19/19/19 23/23/23 21/21/21
f 21/21/21 23/23/23 24/24/24
f 19/19/19 22/22/22 25/25/25
f 23/23/23 19/19/19 25/25/25
f 25/25/25 26/26/26 23/23/23
f 23/23/23 27/27/27 24/24/24
f 26/26/26 27/27/27 23/23/23
f 24/24/24 27/27/27 28/28/28
f 29/29/29 25/25/25 22/22/22
f 15/15/15 29/29/29 22/22/22
f 25/25/25 29/29/29 26/26/26
f 27/27/27 30/30/30 28/28/28
f 27/27/27 26/26/26 30/30/30
f 28/28/28 30/30/30 31/31/31
f 29/29/29 15/15/15 32/32/32
f 29/29/29 33/33/33 26/26/26
f 29/29/29 32/32/32 33/33/33
f 15/15/15 34/34/34 32/32/32
f 18/18/18 34/34/34 15/15/15
f 34/34/34 18/18/18 35/35/35
f 30/30/30 36/36/36 31/31/31
f 26/26/26 37/37/37 30/30/30
f 36/36/36 30/30/30 37/37/37
f 38/38/38 37/37/37 26/26/26
f 33/33/33 38/38/38 26/26/26
f 38/38/38 36/36/36 37/37/37
f 36/36/36 39/39/39 31/31/31
f 39/39/39 36/36/36 38/38/38
f 39/39/39 40/40/40 31/31/31
f 40/40/40 39/39/39 41/41/41
f 33/33/33 42/42/42 38/38/38
f 32/32/32 42/42/42 33/33/33
f 39/39/39 43/43/43 41/41/41
f 44/44/44 41/41/41 43/43/43
f 45/45/45 39/39/39 38/38/38
f 42/42/42 45/45/45 38/38/38
f 43/43/43 39/39/39 45/45/45
f 46/46/46 42/42/42 32/32/32
f 42/42/42 46/46/46 45/45/45
f 47/47/47 44/44/44 43/43/43
f 44/44/44 47/47/47 48/48/48
f 49/49/49 43/43/43 45/45/45
f 46/46/46 49/49/49 45/45/45
f 47/47/47 43/43/43 49/49/49
f 50/50/50 46/46/46 32/32/32
f 32/32/32 34/34/34 50/50/50
f 47/47/47 51/51/51 48/48/48
f 48/48/48 51/51/51 52/52/52
f 53/53/53 47/47/47 49/49/49
f 51/51/51 47/47/47 53/53/53
f 46/46/46 54/54/54 49/49/49
f 54/54/54 53/53/53 49/49/49
f 46/46/46 50/50/50 54/54/54
f 54/54/54 51/51/51 53/53/53
f 34/34/34 55/55/55 50/50/50
f 55/55/55 34/34/34 35/35/35
f 50/50/50 56/56/56 54/54/54
f 51/51/51 54/54/54 56/56/56
f 50/50/50 55/55/55 56/56/56
f 51/51/51 57/57/57 52/52/52
f 57/57/57 51/51/51 56/56/56
f 52/52/52 57/57/57 58/58/58
f 56/56/56 59/59/59 57/57/57
f 55/55/55 59/59/59 56/56/56
f 57/57/57 60/60/60 58/58/58
f 59/59/59 60/60/60 57/57/57
f 58/58/58 60/60/60 61/61/61
f 60/60/60 62/62/62 61/61/61
f 60/60/60 59/59/59 62/62/62
f 61/61/61 62/62/62 63/63/63
f 64/64/64 55/55/55 35/35/35
f 65/65/65 64/64/64 35/35/35
f 59/59/59 55/55/55 66/66/66
f 59/59/59 66/66/66 62/62/62
f 55/55/55 64/64/64 66/66/66
f 62/62/62 67/67/67 63/63/63
f 67/67/67 62/62/62 66/66/66
f 63/63/63 67/67/67 68/68/68
f 67/67/67 69/69/69 68/68/68
f 70/70/70 69/69/69 67/67/67
f 71/71/71 64/64/64 65/65/65
f 64/64/64 71/71/71 66/66/66
f 72/72/72 71/71/71 65/65/65
f 72/72/72 73/73/73 71/71/71
f 73/73/73 74/74/74 71/71/71
f 75/75/75 70/70/70 67/67/67
f 75/75/75 67/67/67 66/66/66
f 71/71/71 75/75/75 66/66/66
f 74/74/74 70/70/70 75/75/75
f 71/71/71 74/74/74 75/75/75
f 78/78/78 77/77/77 76/76/76
f 77/77/77 79/79/79 76/76/76
f 77/77/77 80/80/80 79/79/79
f 80/80/80 81/81/81 79/79/79
f 82/82/82 79/79/79 81/81/81
f 79/79/79 82/82/82 83/83/83
f 84/84/84 79/79/79 83/83/83
f 79/79/79 84/84/84 85/85/85
f 85/85/85 86/86/86 79/79/79
f 86/86/86 87/87/87 79/79/79
f 79/79/79 87/87/87 88/88/88
f 88/88/88 89/89/89 79/79/79
f 89/89/89 90/90/90 79/79/79
f 90/90/90 91/91/91 79/79/79
f 76/76/76 79/79/79 91/91/91
f 92/92/92 76/76/76 91/91/91
f 95/95/95 94/94/94 93/93/93
f 94/94/94 96/96/96 93/93/93
f 96/96/96 94/94/94 97/97/97
f 98/98/98 96/96/96 97/97/97
f 96/96/96 99/99/99 93/93/93
f 99/99/99 96/96/96 98/98/98
f 99/99/99 100/100/100 93/93/93
f 101/101/101 99/99/99 98/98/98
f 102/102/102 100/100/100 99/99/99
f 99/99/99 101/101/101 103/103/103
f 103/103/103 102/102/102 99/99/99
f 101/101/101 104/104/104 103/103/103
f 102/102/102 103/103/103 105/105/105
f 105/105/105 103/103/103 104/104/104
f 106/106/106 105/105/105 104/104/104
f 107/107/107 105/105/105 106/106/106
f 108/108/108 102/102/102 105/105/105
f 108/108/108 105/105/105 107/107/107
f 109/109/109 107/107/107 106/106/106
f 107/107/107 110/110/110 108/108/108
f 111/111/111 108/108/108 110/110/110
f 112/112/112 107/107/107 109/109/109
f 113/113/113 112/112/112 109/109/109
f 112/112/112 113/113/113 114/114/114
f 115/115/115 111/111/111 110/110/110
f 116/116/116 111/111/111 115/115/115
f 117/117/117 116/116/116 115/115/115
f 116/116/116 117/117/117 118/118/118
f 117/117/117 119/119/119 118/118/118
f 118/118/118 119/119/119 120/120/120
f 119/119/119 121/121/121 120/120/120
f 121/121/121 119/119/119 122/122/122
f 123/123/123 121/121/121 122/122/122
f 122/122/122 119/119/119 124/124/124
f 119/119/119 117/117/117 124/124/124
f 124/124/124 117/117/117 125/125/125
f 117/117/117 115/115/115 125/125/125
f 125/125/125 115/115/115 126/126/126
f 115/115/115 110/110/110 126/126/126
f 127/127/127 126/126/126 110/110/110
f 110/110/110 107/107/107 127/127/127
f 128/128/128 126/126/126 127/127/127
f 128/128/128 127/127/127 129/129/129
f 130/130/130 126/126/126 128/128/128
f 127/127/127 107/107/107 131/131/131
f 127/127/127 131/131/131 129/129/129
f 107/107/107 112/112/112 131/131/131
f 112/112/112 132/132/132 131/131/131
f 133/133/133 130/130/130 128/128/128
f 134/134/134 130/130/130 133/133/133
f 129/129/129 135/135/135 128/128/128
f 128/128/128 135/135/135 133/133/133
f 136/136/136 134/134/134 133/133/133
f 134/134/134 136/136/136 137/137/137
f 135/135/135 138/138/138 133/133/133
f 136/136/136 133/133/133 138/138/138
f 139/139/139 136/136/136 138/138/138
f 140/140/140 136/136/136 139/139/139
f 136/136/136 140/140/140 137/137/137
f 141/141/141 140/140/140 139/139/139
f 140/140/140 141/141/141 142/142/142
f 143/143/143 140/140/140 142/142/142
f 137/137/137 140/140/140 143/143/143
f 144/144/144 137/137/137 143/143/143
f 145/145/145 135/135/135 129/129/129
f 146/146/146 135/135/135 145/145/145
f 147/147/147 146/146/146 145/145/145
f 146/146/146 147/147/147 148/148/148
f 147/147/147 149/149/149 148/148/148
f 148/148/148 149/149/149 150/150/150
f 149/149/149 151/151/151 150/150/150
f 150/150/150 151/151/151 152/152/152
f 151/151/151 153/153/153 152/152/152
f 153/153/153 151/151/151 154/154/154
f 155/155/155 153/153/153 154/154/154
f 156/156/156 154/154/154 151/151/151
f 149/149/149 156/156/156 151/151/151
f 157/157/157 156/156/156 149/149/149
f 147/147/147 157/157/157 149/149/149
f 158/158/158 157/157/157 147/147/147
f 145/145/145 158/158/158 147/147/147
f 159/159/159 158/158/158 145/145/145
f 129/129/129 159/159/159 145/145/145
f 159/159/159 129/129/129 160/160/160
f 129/129/129 161/161/161 160/160/160
f 131/131/131 161/161/161 129/129/129
f 160/160/160 161/161/161 162/162/162
f 163/163/163 160/160/160 162/162/162
f 161/161/161 131/131/131 164/164/164
f 162/162/162 161/161/161 164/164/164
f 132/132/132 164/164/164 131/131/131
f 162/162/162 165/165/165 163/163/163
f 162/162/162 164/164/164 166/166/166
f 165/165/165 162/162/162 166/166/166
f 165/165/165 167/167/167 163/163/163
f 167/167/167 168/168/168 163/163/163
f 169/169/169 167/167/167 165/165/165
f 166/166/166 169/169/169 165/165/165
f 170/170/170 169/169/169 166/166/166
f 166/166/166 164/164/164 171/171/171
f 171/171/171 170/170/170 166/166/166
f 164/164/164 132/132/132 171/171/171
f 172/172/172 170/170/170 171/171/171
f 173/173/173 172/172/172 171/171/171
f 171/171/171 132/132/132 173/173/173
f 132/132/132 174/174/174 173/173/173
f 132/132/132 175/175/175 174/174/174
f 175/175/175 176/176/176 174/174/174
f 177/177/177 176/176/176 175/175/175
f 175/175/175 132/132/132 178/178/178
f 132/132/132 112/112/112 178/178/178
f 178/178/178 112/112/112 114/114/114
f 179/179/179 177/177/177 175/175/175
f 179/179/179 175/175/175 178/178/178
f 180/180/180 177/177/177 179/179/179
f 178/178/178 114/114/114 181/181/181
f 181/181/181 179/179/179 178/178/178
f 114/114/114 182/182/182 181/181/181
f 183/183/183 180/180/180 179/179/179
f 179/179/179 181/181/181 183/183/183
f 184/184/184 181/181/181 182/182/182
f 181/181/181 184/184/184 183/183/183
f 185/185/185 184/184/184 182/182/182
f 184/184/184 185/185/185 186/186/186
f 187/187/187 184/184/184 186/186/186
f 184/184/184 187/187/187 183/183/183
f 187/187/187 188/188/188 183/183/183
f 183/183/183 188/188/188 180/180/180
f 188/188/188 189/189/189 180/180/180
f 192/192/192 191/191/191 190/190/190
f 193/193/193 192/192/192 190/190/190
f 190/190/190 194/194/194 193/193/193
f 195/195/195 192/192/192 193/193/193
f 194/194/194 196/196/196 193/193/193
f 196/196/196 194/194/194 197/197/197
f 196/196/196 198/198/198 193/193/193
f 198/198/198 199/199/199 193/193/193
f 199/199/199 195/195/195 193/193/193
f 196/196/196 200/200/200 198/198/198
f 200/200/200 196/196/196 197/197/197
f 201/201/201 195/195/195 199/199/199
f 202/202/202 201/201/201 199/199/199
f 203/203/203 201/201/201 202/202/202
f 198/198/198 204/204/204 199/199/199
f 204/204/204 202/202/202 199/199/199
f 204/204/204 198/198/198 205/205/205
f 206/206/206 204/204/204 205/205/205
f 202/202/202 204/204/204 206/206/206
f 207/207/207 203/203/203 202/202/202
f 207/207/207 202/202/202 206/206/206
f 208/208/208 203/203/203 207/207/207
f 209/209/209 208/208/208 207/207/207
f 210/210/210 208/208/208 209/209/209
f 211/211/211 200/200/200 197/197/197
f 212/212/212 211/211/211 197/197/197
f 207/207/207 206/206/206 213/213/213
f 209/209/209 207/207/207 213/213/213
f 213/213/213 206/206/206 214/214/214
f 213/213/213 214/214/214 215/215/215
f 209/209/209 213/213/213 215/215/215
f 216/216/216 210/210/210 209/209/209
f 216/216/216 209/209/209 215/215/215
f 217/217/217 210/210/210 216/216/216
f 218/218/218 217/217/217 216/216/216
f 219/219/219 218/218/218 216/216/216
f 215/215/215 219/219/219 216/216/216
f 219/219/219 215/215/215 220/220/220
f 215/215/215 221/221/221 220/220/220
f 214/214/214 221/221/221 215/215/215
f 222/222/222 220/220/220 221/221/221
f 223/223/223 222/222/222 221/221/221
f 223/223/223 221/221/221 214/214/214
f 222/222/222 223/223/223 224/224/224
f 223/223/223 225/225/225 224/224/224
f 224/224/224 225/225/225 226/226/226
f 227/227/227 223/223/223 214/214/214
f 223/223/223 227/227/227 225/225/225
f 214/214/214 228/228/228 227/227/227
f 225/225/225 229/229/229 226/226/226
f 230/230/230 226/226/226 229/229/229
f 227/227/227 231/231/231 225/225/225
f 227/227/227 228/228/228 231/231/231
f 229/229/229 225/225/225 231/231/231
f 232/232/232 230/230/230 229/229/229
f 230/230/230 232/232/232 233/233/233
f 234/234/234 229/229/229 231/231/231
f 232/232/232 229/229/229 234/234/234
f 232/232/232 235/235/235 233/233/233
f 233/233/233 235/235/235 236/236/236
f 232/232/232 237/237/237 235/235/235
f 237/237/237 232/232/232 234/234/234
f 234/234/234 231/231/231 238/238/238
f 228/228/228 238/238/238 231/231/231
f 235/235/235 239/239/239 236/236/236
f 237/237/237 239/239/239 235/235/235
f 237/237/237 234/234/234 240/240/240
f 240/240/240 234/234/234 238/238/238
f 239/239/239 241/241/241 236/236/236
f 241/241/241 242/242/242 236/236/236
f 242/242/242 241/241/241 243/243/243
f 239/239/239 237/237/237 244/244/244
f 241/241/241 239/239/239 244/244/244
f 241/241/241 244/244/244 243/243/243
f 244/244/244 237/237/237 240/240/240
f 243/243/243 244/244/244 245/245/245
f 244/244/244 240/240/240 245/245/245
f 245/245/245 240/240/240 238/238/238
f 246/246/246 245/245/245 238/238/238
f 247/247/247 246/246/246 238/238/238
f 228/228/228 247/247/247 238/238/238
f 247/247/247 228/228/228 248/248/248
f 228/228/228 249/249/249 248/248/248
f 250/250/250 248/248/248 249/249/249
f 228/228/228 251/251/251 249/249/249
f 251/251/251 228/228/228 214/214/214
f 252/252/252 250/250/250 249/249/249
f 250/250/250 252/252/252 253/253/253
f 251/251/251 214/214/214 254/254/254
f 255/255/255 251/251/251 254/254/254
f 206/206/206 254/254/254 214/214/214
f 254/254/254 206/206/206 205/205/205
f 255/255/255 254/254/254 205/205/205
f 251/251/251 256/256/256 249/249/249
f 252/252/252 249/249/249 256/256/256
f 251/251/251 255/255/255 256/256/256
f 252/252/252 257/257/257 253/253/253
f 253/253/253 257/257/257 258/258/258
f 259/259/259 252/252/252 256/256/256
f 252/252/252 259/259/259 257/257/257
f 255/255/255 260/260/260 256/256/256
f 259/259/259 256/256/256 260/260/260
f 257/257/257 261/261/261 258/258/258
f 262/262/262 258/258/258 261/261/261
f 263/263/263 262/262/262 261/261/261
f 263/263/263 261/261/261 257/257/257
f 262/262/262 263/263/263 264/264/264
f 259/259/259 265/265/265 257/257/257
f 265/265/265 263/263/263 257/257/257
f 263/263/263 266/266/266 264/264/264
f 263/263/263 265/265/265 266/266/266
f 264/264/264 266/266/266 267/267/267
f 266/266/266 268/268/268 267/267/267
f 265/265/265 268/268/268 266/266/266
f 269/269/269 267/267/267 268/268/268
f 265/265/265 259/259/259 270/270/270
f 268/268/268 265/265/265 270/270/270
f 270/270/270 269/269/269 268/268/268
f 270/270/270 259/259/259 260/260/260
f 269/269/269 270/270/270 260/260/260
f 271/271/271 269/269/269 260/260/260
f 272/272/272 271/271/271 260/260/260
f 255/255/255 272/272/272 260/260/260
f 255/255/255 273/273/273 272/272/272
f 273/273/273 274/274/274 272/272/272
f 275/275/275 274/274/274 273/273/273
f 255/255/255 276/276/276 273/273/273
f 276/276/276 255/255/255 205/205/205
f 205/205/205 277/277/277 276/276/276
f 276/276/276 277/277/277 278/278/278
f 276/276/276 278/278/278 273/273/273
f 279/279/279 275/275/275 273/273/273
f 273/273/273 278/278/278 279/279/279
f 275/275/275 279/279/279 280/280/280
f 279/279/279 281/281/281 280/280/280
f 282/282/282 280/280/280 281/281/281
f 278/278/278 283/283/283 279/279/279
f 279/279/279 283/283/283 281/281/281
f 277/277/277 284/284/284 278/278/278
f 283/283/283 278/278/278 284/284/284
f 285/285/285 282/282/282 281/281/281
f 286/286/286 282/282/282 285/285/285
f 287/287/287 286/286/286 285/285/285
f 287/287/287 285/285/285 281/281/281
f 286/286/286 287/287/287 288/288/288
f 283/283/283 289/289/289 281/281/281
f 289/289/289 287/287/287 281/281/281
f 290/290/290 283/283/283 284/284/284
f 289/289/289 283/283/283 290/290/290
f 287/287/287 291/291/291 288/288/288
f 288/288/288 291/291/291 292/292/292
f 287/287/287 289/289/289 293/293/293
f 291/291/291 287/287/287 293/293/293
f 291/291/291 293/293/293 292/292/292
f 293/293/293 289/289/289 290/290/290
f 292/292/292 293/293/293 294/294/294
f 293/293/293 290/290/290 294/294/294
f 294/294/294 290/290/290 295/295/295
f 290/290/290 284/284/284 295/295/295
f 284/284/284 277/277/277 295/295/295
f 277/277/277 296/296/296 295/295/295
f 296/296/296 277/277/277 297/297/297
f 277/277/277 298/298/298 297/297/297
f 298/298/298 299/299/299 297/297/297
f 299/299/299 300/300/300 297/297/297
f 300/300/300 299/299/299 301/301/301
f 277/277/277 302/302/302 298/298/298
f 205/205/205 302/302/302 277/277/277
f 299/299/299 303/303/303 301/301/301
f 301/301/301 303/303/303 304/304/304
f 298/298/298 305/305/305 299/299/299
f 302/302/302 305/305/305 298/298/298
f 302/302/302 205/205/205 306/306/306
f 198/198/198 306/306/306 205/205/205
f 303/303/303 307/307/307 304/304/304
f 304/304/304 307/307/307 308/308/308
f 299/299/299 309/309/309 303/303/303
f 305/305/305 309/309/309 299/299/299
f 305/305/305 302/302/302 310/310/310
f 310/310/310 302/302/302 306/306/306
f 307/307/307 311/311/311 308/308/308
f 312/312/312 308/308/308 311/311/311
f 303/303/303 313/313/313 307/307/307
f 309/309/309 313/313/313 303/303/303
f 313/313/313 311/311/311 307/307/307
f 309/309/309 305/305/305 314/314/314
f 314/314/314 305/305/305 310/310/310
f 315/315/315 312/312/312 311/311/311
f 312/312/312 315/315/315 316/316/316
f 315/315/315 311/311/311 317/317/317
f 315/315/315 317/317/317 316/316/316
f 311/311/311 313/313/313 317/317/317
f 316/316/316 317/317/317 318/318/318
f 309/309/309 319/319/319 313/313/313
f 319/319/319 317/317/317 313/313/313
f 317/317/317 319/319/319 318/318/318
f 319/319/319 309/309/309 314/314/314
f 318/318/318 319/319/319 320/320/320
f 319/319/319 314/314/314 320/320/320
f 321/321/321 320/320/320 314/314/314
f 310/310/310 321/321/321 314/314/314
f 321/321/321 310/310/310 322/322/322
f 310/310/310 306/306/306 322/322/322
f 323/323/323 322/322/322 306/306/306
f 198/198/198 323/323/323 306/306/306
f 324/324/324 323/323/323 198/198/198
f 325/325/325 324/324/324 198/198/198
f 200/200/200 325/325/325 198/198/198
f 326/326/326 324/324/324 325/325/325
f 325/325/325 200/200/200 327/327/327
f 327/327/327 326/326/326 325/325/325
f 326/326/326 327/327/327 328/328/328
f 200/200/200 211/211/211 327/327/327
f 327/327/327 329/329/329 328/328/328
f 327/327/327 211/211/211 329/329/329
f 330/330/330 328/328/328 329/329/329
f 211/211/211 331/331/331 329/329/329
f 331/331/331 211/211/211 212/212/212
f 332/332/332 331/331/331 212/212/212
f 333/333/333 331/331/331 332/332/332
f 329/329/329 331/331/331 333/333/333
f 334/334/334 333/333/333 332/332/332
f 334/334/334 335/335/335 333/333/333
f 335/335/335 336/336/336 333/333/333
f 337/337/337 330/330/330 329/329/329
f 337/337/337 329/329/329 333/333/333
f 337/337/337 333/333/333 336/336/336
f 330/330/330 337/337/337 336/336/336
f 340/340/340 339/339/339 338/338/338
f 339/339/339 341/341/341 338/338/338
f 341/341/341 339/339/339 342/342/342
f 341/341/341 343/343/343 338/338/338
f 344/344/344 341/341/341 342/342/342
f 341/341/341 344/344/344 343/343/343
f 344/344/344 342/342/342 345/345/345
f 344/344/344 346/346/346 343/343/343
f 347/347/347 343/343/343 346/346/346
f 348/348/348 344/344/344 345/345/345
f 346/346/346 344/344/344 348/348/348
f 345/345/345 349/349/349 348/348/348
f 349/349/349 350/350/350 348/348/348
f 349/349/349 351/351/351 350/350/350
f 351/351/351 352/352/352 350/350/350
f 351/351/351 353/353/353 352/352/352
f 353/353/353 354/354/354 352/352/352
f 353/353/353 355/355/355 354/354/354
f 348/348/348 350/350/350 356/356/356
f 350/350/350 352/352/352 357/357/357
f 356/356/356 350/350/350 357/357/357
f 352/352/352 354/354/354 358/358/358
f 357/357/357 352/352/352 358/358/358
f 355/355/355 359/359/359 354/354/354
f 358/358/358 354/354/354 359/359/359
f 360/360/360 346/346/346 348/348/348
f 360/360/360 348/348/348 356/356/356
f 361/361/361 359/359/359 355/355/355
f 362/362/362 361/361/361 355/355/355
f 362/362/362 363/363/363 361/361/361
f 363/363/363 364/364/364 361/361/361
f 365/365/365 361/361/361 364/364/364
f 359/359/359 361/361/361 365/365/365
f 366/366/366 365/365/365 364/364/364
f 367/367/367 365/365/365 366/366/366
f 368/368/368 367/367/367 366/366/366
f 368/368/368 369/369/369 367/367/367
f 369/369/369 370/370/370 367/367/367
f 370/370/370 371/371/371 367/367/367
f 372/372/372 359/359/359 365/365/365
f 372/372/372 365/365/365 367/367/367
f 372/372/372 358/358/358 359/359/359
f 373/373/373 372/372/372 367/367/367
f 372/372/372 373/373/373 358/358/358
f 371/371/371 374/374/374 367/367/367
f 373/373/373 367/367/367 374/374/374
f 375/375/375 374/374/374 371/371/371
f 376/376/376 375/375/375 371/371/371
f 375/375/375 377/377/377 374/374/374
f 377/377/377 378/378/378 374/374/374
f 378/378/378 373/373/373 374/374/374
f 373/373/373 378/378/378 379/379/379
f 378/378/378 377/377/377 380/380/380
f 379/379/379 378/378/378 380/380/380
f 379/379/379 380/380/380 381/381/381
f 382/382/382 379/379/379 381/381/381
f 373/373/373 383/383/383 358/358/358
f 383/383/383 373/373/373 379/379/379
f 357/357/357 358/358/358 383/383/383
f 384/384/384 379/379/379 382/382/382
f 385/385/385 384/384/384 382/382/382
f 379/379/379 384/384/384 386/386/386
f 383/383/383 379/379/379 386/386/386
f 387/387/387 357/357/357 383/383/383
f 356/356/356 357/357/357 387/387/387
f 388/388/388 386/386/386 384/384/384
f 389/389/389 388/388/388 384/384/384
f 386/386/386 390/390/390 383/383/383
f 387/387/387 383/383/383 390/390/390
f 391/391/391 390/390/390 386/386/386
f 387/387/387 390/390/390 391/391/391
f 388/388/388 391/391/391 386/386/386
f 392/392/392 356/356/356 387/387/387
f 392/392/392 387/387/387 391/391/391
f 360/360/360 356/356/356 392/392/392
f 393/393/393 388/388/388 389/389/389
f 394/394/394 393/393/393 389/389/389
f 395/395/395 391/391/391 388/388/388
f 392/392/392 391/391/391 395/395/395
f 393/393/393 395/395/395 388/388/388
f 396/396/396 360/360/360 392/392/392
f 396/396/396 392/392/392 395/395/395
f 360/360/360 396/396/396 346/346/346
f 396/396/396 397/397/397 346/346/346
f 396/396/396 395/395/395 397/397/397
f 397/397/397 347/347/347 346/346/346
f 395/395/395 398/398/398 397/397/397
f 397/397/397 398/398/398 347/347/347
f 398/398/398 395/395/395 393/393/393
f 398/398/398 399/399/399 347/347/347
f 400/400/400 398/398/398 393/393/393
f 399/399/399 398/398/398 400/400/400
f 400/400/400 393/393/393 394/394/394
f 401/401/401 399/399/399 400/400/400
f 401/401/401 400/400/400 402/402/402
f 403/403/403 400/400/400 394/394/394
f 400/400/400 403/403/403 402/402/402
f 404/404/404 403/403/403 394/394/394
f 402/402/402 403/403/403 404/404/404
f 405/405/405 402/402/402 404/404/404
f 408/408/408 407/407/407 406/406/406
f 409/409/409 408/408/408 406/406/406
f 410/410/410 409/409/409 406/406/406
f 411/411/411 410/410/410 406/406/406
f 408/408/408 409/409/409 412/412/412
f 410/410/410 411/411/411 413/413/413
f 409/409/409 414/414/414 412/412/412
f 414/414/414 409/409/409 410/410/410
f 412/412/412 414/414/414 415/415/415
f 416/416/416 412/412/412 415/415/415
f 416/416/416 415/415/415 417/417/417
f 415/415/415 418/418/418 417/417/417
f 419/419/419 410/410/410 413/413/413
f 419/419/419 413/413/413 420/420/420
f 421/421/421 419/419/419 420/420/420
f 421/421/421 420/420/420 422/422/422
f 410/410/410 419/419/419 423/423/423
f 423/423/423 419/419/419 421/421/421
f 424/424/424 414/414/414 410/410/410
f 424/424/424 410/410/410 423/423/423
f 425/425/425 421/421/421 422/422/422
f 425/425/425 422/422/422 426/426/426
f 424/424/424 427/427/427 414/414/414
f 427/427/427 415/415/415 414/414/414
f 415/415/415 428/428/428 418/418/418
f 428/428/428 429/429/429 418/418/418
f 429/429/429 428/428/428 430/430/430
f 428/428/428 431/431/431 430/430/430
f 428/428/428 415/415/415 432/432/432
f 428/428/428 432/432/432 431/431/431
f 415/415/415 427/427/427 432/432/432
f 432/432/432 433/433/433 431/431/431
f 433/433/433 432/432/432 434/434/434
f 434/434/434 432/432/432 427/427/427
f 435/435/435 433/433/433 434/434/434
f 427/427/427 424/424/424 436/436/436
f 436/436/436 434/434/434 427/427/427
f 424/424/424 423/423/423 436/436/436
f 435/435/435 434/434/434 437/437/437
f 438/438/438 435/435/435 437/437/437
f 437/437/437 434/434/434 439/439/439
f 434/434/434 440/440/440 439/439/439
f 441/441/441 440/440/440 434/434/434
f 436/436/436 441/441/441 434/434/434
f 440/440/440 441/441/441 442/442/442
f 441/441/441 443/443/443 442/442/442
f 442/442/442 443/443/443 444/444/444
f 436/436/436 445/445/445 441/441/441
f 441/441/441 445/445/445 443/443/443
f 446/446/446 436/436/436 423/423/423
f 446/446/446 445/445/445 436/436/436
f 445/445/445 447/447/447 443/443/443
f 447/447/447 445/445/445 446/446/446
f 443/443/443 448/448/448 444/444/444
f 443/443/443 447/447/447 448/448/448
f 449/449/449 446/446/446 423/423/423
f 449/449/449 423/423/423 421/421/421
f 449/449/449 421/421/421 425/425/425
f 450/450/450 447/447/447 446/446/446
f 450/450/450 446/446/446 449/449/449
f 451/451/451 449/449/449 425/425/425
f 451/451/451 450/450/450 449/449/449
f 452/452/452 447/447/447 450/450/450
f 447/447/447 452/452/452 448/448/448
f 444/444/444 448/448/448 453/453/453
f 444/444/444 453/453/453 454/454/454
f 454/454/454 453/453/453 455/455/455
f 453/453/453 456/456/456 455/455/455
f 448/448/448 457/457/457 453/453/453
f 456/456/456 453/453/453 457/457/457
f 448/448/448 452/452/452 457/457/457
f 458/458/458 456/456/456 457/457/457
f 458/458/458 457/457/457 459/459/459
f 457/457/457 460/460/460 459/459/459
f 452/452/452 460/460/460 457/457/457
f 461/461/461 459/459/459 460/460/460
f 462/462/462 452/452/452 450/450/450
f 462/462/462 450/450/450 451/451/451
f 463/463/463 460/460/460 452/452/452
f 463/463/463 461/461/461 460/460/460
f 462/462/462 463/463/463 452/452/452
f 464/464/464 462/462/462 451/451/451
f 462/462/462 464/464/464 463/463/463
f 463/463/463 465/465/465 461/461/461
f 464/464/464 465/465/465 463/463/463
f 465/465/465 466/466/466 461/461/461
f 464/464/464 451/451/451 467/467/467
f 464/464/464 467/467/467 465/465/465
f 451/451/451 425/425/425 467/467/467
f 467/467/467 425/425/425 426/426/426
f 426/426/426 468/468/468 467/467/467
f 468/468/468 469/469/469 467/467/467
f 467/467/467 469/469/469 465/465/465
f 468/468/468 470/470/470 469/469/469
f 466/466/466 465/465/465 471/471/471
f 465/465/465 469/469/469 471/471/471
f 470/470/470 471/471/471 469/469/469
f 472/472/472 466/466/466 471/471/471
f 471/471/471 470/470/470 473/473/473
f 472/472/472 471/471/471 473/473/473
f 476/476/476 475/475/475 474/474/474
f 475/475/475 477/477/477 474/474/474
f 478/478/478 474/474/474 477/477/477
f 477/477/477 475/475/475 479/479/479
f 477/477/477 480/480/480 478/478/478
f 481/481/481 477/477/477 479/479/479
f 482/482/482 480/480/480 477/477/477
f 481/481/481 483/483/483 477/477/477
f 483/483/483 482/482/482 477/477/477
f 486/486/486 485/485/485 484/484/484
f 485/485/485 487/487/487 484/484/484
f 487/487/487 485/485/485 488/488/488
f 489/489/489 487/487/487 488/488/488
f 489/489/489 490/490/490 487/487/487
f 487/487/487 491/491/491 484/484/484
f 490/490/490 492/492/492 487/487/487
f 487/487/487 492/492/492 491/491/491
f 492/492/492 493/493/493 491/491/491
f 496/496/496 495/495/495 494/494/494
f 497/497/497 496/496/496 494/494/494
f 496/496/496 497/497/497 498/498/498
f 497/497/497 499/499/499 498/498/498
f 494/494/494 500/500/500 497/497/497
f 501/501/501 499/499/499 497/497/497
f 500/500/500 502/502/502 497/497/497
f 500/500/500 503/503/503 502/502/502
f 504/504/504 501/501/501 497/497/497
f 497/497/497 502/502/502 504/504/504
f 503/503/503 505/505/505 502/502/502
f 505/505/505 503/503/503 506/506/506
f 504/504/504 507/507/507 501/501/501
f 507/507/507 508/508/508 501/501/501
f 502/502/502 509/509/509 504/504/504
f 509/509/509 502/502/502 505/505/505
f 507/507/507 504/504/504 509/509/509
f 508/508/508 507/507/507 510/510/510
f 511/511/511 508/508/508 510/510/510
f 512/512/512 511/511/511 510/510/510
f 513/513/513 507/507/507 509/509/509
f 510/510/510 507/507/507 513/513/513
f 514/514/514 512/512/512 510/510/510
f 512/512/512 514/514/514 515/515/515
f 516/516/516 512/512/512 515/515/515
f 517/517/517 515/515/515 514/514/514
f 518/518/518 517/517/517 514/514/514
f 510/510/510 519/519/519 514/514/514
f 519/519/519 510/510/510 513/513/513
f 514/514/514 520/520/520 518/518/518
f 519/519/519 520/520/520 514/514/514
f 520/520/520 521/521/521 518/518/518
f 522/522/522 519/519/519 513/513/513
f 520/520/520 519/519/519 522/522/522
f 520/520/520 523/523/523 521/521/521
f 523/523/523 520/520/520 522/522/522
f 523/523/523 524/524/524 521/521/521
f 525/525/525 524/524/524 523/523/523
f 526/526/526 522/522/522 513/513/513
f 522/522/522 526/526/526 527/527/527
f 513/513/513 509/509/509 526/526/526
f 509/509/509 528/528/528 526/526/526
f 527/527/527 526/526/526 528/528/528
f 528/528/528 509/509/509 505/505/505
f 523/523/523 522/522/522 529/529/529
f 529/529/529 522/522/522 527/527/527
f 529/529/529 527/527/527 530/530/530
f 531/531/531 525/525/525 523/523/523
f 531/531/531 523/523/523 529/529/529
f 531/531/531 532/532/532 525/525/525
f 531/531/531 529/529/529 532/532/532
f 529/529/529 530/530/530 532/532/532
f 532/532/532 533/533/533 525/525/525
f 534/534/534 533/533/533 532/532/532
f 535/535/535 534/534/534 532/532/532
f 535/535/535 532/532/532 530/530/530
f 536/536/536 534/534/534 535/535/535
f 537/537/537 528/528/528 505/505/505
f 537/537/537 527/527/527 528/528/528
f 538/538/538 536/536/536 535/535/535
f 539/539/539 536/536/536 538/538/538
f 540/540/540 535/535/535 530/530/530
f 535/535/535 540/540/540 538/538/538
f 541/541/541 537/537/537 505/505/505
f 541/541/541 505/505/505 506/506/506
f 541/541/541 506/506/506 542/542/542
f 541/541/541 542/542/542 537/537/537
f 506/506/506 543/543/543 542/542/542
f 537/537/537 544/544/544 527/527/527
f 542/542/542 544/544/544 537/537/537
f 542/542/542 543/543/543 545/545/545
f 543/543/543 546/546/546 545/545/545
f 527/527/527 547/547/547 530/530/530
f 544/544/544 547/547/547 527/527/527
f 542/542/542 545/545/545 548/548/548
f 544/544/544 542/542/542 548/548/548
f 545/545/545 546/546/546 549/549/549
f 546/546/546 550/550/550 549/549/549
f 549/549/549 550/550/550 551/551/551
f 552/552/552 548/548/548 545/545/545
f 549/549/549 552/552/552 545/545/545
f 553/553/553 552/552/552 549/549/549
f 554/554/554 549/549/549 551/551/551
f 554/554/554 553/553/553 549/549/549
f 554/554/554 551/551/551 555/555/555
f 554/554/554 555/555/555 553/553/553
f 551/551/551 556/556/556 555/555/555
f 552/552/552 557/557/557 548/548/548
f 557/557/557 552/552/552 553/553/553
f 548/548/548 558/558/558 544/544/544
f 557/557/557 558/558/558 548/548/548
f 547/547/547 544/544/544 559/559/559
f 558/558/558 559/559/559 544/544/544
f 560/560/560 547/547/547 559/559/559
f 530/530/530 547/547/547 560/560/560
f 558/558/558 561/561/561 559/559/559
f 561/561/561 560/560/560 559/559/559
f 558/558/558 557/557/557 562/562/562
f 561/561/561 558/558/558 562/562/562
f 563/563/563 530/530/530 560/560/560
f 530/530/530 563/563/563 540/540/540
f 563/563/563 560/560/560 564/564/564
f 560/560/560 561/561/561 564/564/564
f 563/563/563 564/564/564 540/540/540
f 565/565/565 564/564/564 561/561/561
f 562/562/562 565/565/565 561/561/561
f 540/540/540 564/564/564 566/566/566
f 564/564/564 565/565/565 566/566/566
f 567/567/567 566/566/566 565/565/565
f 540/540/540 566/566/566 538/538/538
f 538/538/538 566/566/566 567/567/567
f 562/562/562 557/557/557 568/568/568
f 568/568/568 557/557/557 553/553/553
f 569/569/569 565/565/565 562/562/562
f 569/569/569 567/567/567 565/565/565
f 570/570/570 538/538/538 567/567/567
f 570/570/570 539/539/539 538/538/538
f 570/570/570 571/571/571 539/539/539
f 570/570/570 567/567/567 571/571/571
f 571/571/571 572/572/572 539/539/539
f 573/573/573 562/562/562 568/568/568
f 573/573/573 569/569/569 562/562/562
f 573/573/573 568/568/568 574/574/574
f 573/573/573 574/574/574 569/569/569
f 568/568/568 553/553/553 575/575/575
f 568/568/568 575/575/575 574/574/574
f 576/576/576 574/574/574 575/575/575
f 574/574/574 577/577/577 569/569/569
f 569/569/569 577/577/577 567/567/567
f 577/577/577 574/574/574 576/576/576
f 572/572/572 571/571/571 578/578/578
f 578/578/578 571/571/571 579/579/579
f 580/580/580 572/572/572 578/578/578
f 580/580/580 578/578/578 581/581/581
f 567/567/567 582/582/582 571/571/571
f 577/577/577 582/582/582 567/567/567
f 571/571/571 582/582/582 579/579/579
f 579/579/579 582/582/582 577/577/577
f 578/578/578 583/583/583 581/581/581
f 578/578/578 579/579/579 583/583/583
f 581/581/581 583/583/583 584/584/584
f 585/585/585 577/577/577 576/576/576
f 585/585/585 579/579/579 577/577/577
f 585/585/585 586/586/586 579/579/579
f 585/585/585 576/576/576 586/586/586
f 579/579/579 587/587/587 583/583/583
f 586/586/586 587/587/587 579/579/579
f 583/583/583 588/588/588 584/584/584
f 589/589/589 583/583/583 587/587/587
f 588/588/588 583/583/583 589/589/589
f 584/584/584 588/588/588 590/590/590
f 591/591/591 584/584/584 590/590/590
f 592/592/592 590/590/590 588/588/588
f 589/589/589 592/592/592 588/588/588
f 592/592/592 589/589/589 593/593/593
f 594/594/594 589/589/589 587/587/587
f 589/589/589 594/594/594 593/593/593
f 594/594/594 587/587/587 586/586/586
f 593/593/593 594/594/594 595/595/595
f 594/594/594 596/596/596 595/595/595
f 596/596/596 594/594/594 586/586/586
f 595/595/595 596/596/596 597/597/597
f 596/596/596 598/598/598 597/597/597
f 596/596/596 586/586/586 598/598/598
f 597/597/597 598/598/598 599/599/599
f 586/586/586 600/600/600 598/598/598
f 576/576/576 600/600/600 586/586/586
f 601/601/601 600/600/600 576/576/576
f 598/598/598 602/602/602 599/599/599
f 600/600/600 602/602/602 598/598/598
f 599/599/599 602/602/602 603/603/603
f 602/602/602 600/600/600 604/604/604
f 602/602/602 604/604/604 603/603/603
f 604/604/604 600/600/600 601/601/601
f 603/603/603 604/604/604 605/605/605
f 604/604/604 606/606/606 605/605/605
f 606/606/606 604/604/604 601/601/601
f 605/605/605 606/606/606 607/607/607
f 606/606/606 608/608/608 607/607/607
f 606/606/606 601/601/601 608/608/608
f 609/609/609 607/607/607 608/608/608
f 610/610/610 609/609/609 608/608/608
f 611/611/611 609/609/609 610/610/610
f 612/612/612 601/601/601 576/576/576
f 612/612/612 613/613/613 601/601/601
f 612/612/612 576/576/576 575/575/575
f 612/612/612 575/575/575 613/613/613
f 601/601/601 614/614/614 608/608/608
f 614/614/614 610/610/610 608/608/608
f 613/613/613 614/614/614 601/601/601
f 615/615/615 611/611/611 610/610/610
f 611/611/611 615/615/615 616/616/616
f 614/614/614 617/617/617 610/610/610
f 617/617/617 615/615/615 610/610/610
f 617/617/617 614/614/614 613/613/613
f 615/615/615 618/618/618 616/616/616
f 615/615/615 617/617/617 618/618/618
f 619/619/619 616/616/616 618/618/618
f 620/620/620 619/619/619 618/618/618
f 621/621/621 620/620/620 618/618/618
f 617/617/617 621/621/621 618/618/618
f 621/621/621 617/617/617 622/622/622
f 622/622/622 617/617/617 613/613/613
f 623/623/623 621/621/621 622/622/622
f 623/623/623 622/622/622 556/556/556
f 622/622/622 555/555/555 556/556/556
f 622/622/622 613/613/613 555/555/555
f 613/613/613 624/624/624 555/555/555
f 555/555/555 624/624/624 553/553/553
f 575/575/575 624/624/624 613/613/613
f 553/553/553 624/624/624 575/575/575
f 627/627/627 626/626/626 625/625/625
f 626/626/626 628/628/628 625/625/625
f 629/629/629 625/625/625 628/628/628
f 626/626/626 630/630/630 628/628/628
f 631/631/631 629/629/629 628/628/628
f 629/629/629 631/631/631 632/632/632
f 631/631/631 633/633/633 632/632/632
f 634/634/634 632/632/632 633/633/633
f 635/635/635 634/634/634 633/633/633
f 633/633/633 636/636/636 635/635/635
f 636/636/636 637/637/637 635/635/635
f 636/636/636 633/633/633 638/638/638
f 633/633/633 639/639/639 638/638/638
f 640/640/640 638/638/638 639/639/639
f 641/641/641 640/640/640 639/639/639
f 640/640/640 641/641/641 642/642/642
f 641/641/641 643/643/643 642/642/642
f 641/641/641 644/644/644 643/643/643
f 641/641/641 639/639/639 644/644/644
f 644/644/644 645/645/645 643/643/643
f 644/644/644 646/646/646 645/645/645
f 646/646/646 647/647/647 645/645/645
f 644/644/644 648/648/648 646/646/646
f 639/639/639 648/648/648 644/644/644
f 648/648/648 649/649/649 646/646/646
f 650/650/650 649/649/649 648/648/648
f 651/651/651 650/650/650 648/648/648
f 651/651/651 648/648/648 639/639/639
f 652/652/652 650/650/650 651/651/651
f 653/653/653 652/652/652 651/651/651
f 654/654/654 652/652/652 653/653/653
f 655/655/655 651/651/651 639/639/639
f 653/653/653 651/651/651 655/655/655
f 656/656/656 655/655/655 639/639/639
f 657/657/657 656/656/656 639/639/639
f 658/658/658 653/653/653 655/655/655
f 658/658/658 655/655/655 656/656/656
f 659/659/659 654/654/654 653/653/653
f 659/659/659 653/653/653 658/658/658
f 660/660/660 656/656/656 657/657/657
f 631/631/631 660/660/660 657/657/657
f 661/661/661 658/658/658 656/656/656
f 656/656/656 660/660/660 661/661/661
f 659/659/659 662/662/662 654/654/654
f 662/662/662 663/663/663 654/654/654
f 664/664/664 663/663/663 662/662/662
f 665/665/665 659/659/659 658/658/658
f 665/665/665 658/658/658 661/661/661
f 631/631/631 666/666/666 660/660/660
f 666/666/666 631/631/631 628/628/628
f 667/667/667 662/662/662 659/659/659
f 665/665/665 667/667/667 659/659/659
f 662/662/662 667/667/667 668/668/668
f 669/669/669 667/667/667 665/665/665
f 668/668/668 667/667/667 669/669/669
f 670/670/670 664/664/664 662/662/662
f 670/670/670 662/662/662 668/668/668
f 670/670/670 671/671/671 664/664/664
f 670/670/670 668/668/668 671/671/671
f 671/671/671 672/672/672 664/664/664
f 672/672/672 671/671/671 673/673/673
f 674/674/674 666/666/666 628/628/628
f 630/630/630 674/674/674 628/628/628
f 674/674/674 630/630/630 675/675/675
f 674/674/674 675/675/675 666/666/666
f 630/630/630 676/676/676 675/675/675
f 675/675/675 677/677/677 666/666/666
f 666/666/666 677/677/677 678/678/678
f 666/666/666 678/678/678 660/660/660
f 677/677/677 679/679/679 678/678/678
f 660/660/660 678/678/678 680/680/680
f 660/660/660 680/680/680 661/661/661
f 678/678/678 679/679/679 681/681/681
f 678/678/678 681/681/681 680/680/680
f 679/679/679 682/682/682 681/681/681
f 681/681/681 682/682/682 683/683/683
f 680/680/680 681/681/681 684/684/684
f 684/684/684 681/681/681 683/683/683
f 661/661/661 680/680/680 685/685/685
f 685/685/685 680/680/680 684/684/684
f 684/684/684 683/683/683 686/686/686
f 683/683/683 687/687/687 686/686/686
f 686/686/686 687/687/687 688/688/688
f 689/689/689 661/661/661 685/685/685
f 689/689/689 665/665/665 661/661/661
f 689/689/689 669/669/669 665/665/665
f 689/689/689 685/685/685 669/669/669
f 685/685/685 684/684/684 690/690/690
f 684/684/684 686/686/686 690/690/690
f 685/685/685 690/690/690 669/669/669
f 691/691/691 690/690/690 686/686/686
f 669/669/669 690/690/690 691/691/691
f 692/692/692 686/686/686 688/688/688
f 692/692/692 691/691/691 686/686/686
f 692/692/692 688/688/688 693/693/693
f 692/692/692 693/693/693 691/691/691
f 688/688/688 694/694/694 693/693/693
f 695/695/695 669/669/669 691/691/691
f 695/695/695 691/691/691 696/696/696
f 695/695/695 668/668/668 669/669/669
f 695/695/695 696/696/696 668/668/668
f 693/693/693 697/697/697 691/691/691
f 691/691/691 697/697/697 696/696/696
f 698/698/698 693/693/693 694/694/694
f 699/699/699 698/698/698 694/694/694
f 698/698/698 699/699/699 700/700/700
f 701/701/701 698/698/698 700/700/700
f 702/702/702 698/698/698 701/701/701
f 702/702/702 693/693/693 698/698/698
f 703/703/703 702/702/702 701/701/701
f 693/693/693 702/702/702 704/704/704
f 702/702/702 703/703/703 704/704/704
f 697/697/697 693/693/693 704/704/704
f 703/703/703 705/705/705 704/704/704
f 706/706/706 704/704/704 705/705/705
f 706/706/706 697/697/697 704/704/704
f 707/707/707 706/706/706 705/705/705
f 697/697/697 706/706/706 708/708/708
f 708/708/708 706/706/706 707/707/707
f 696/696/696 697/697/697 708/708/708
f 709/709/709 708/708/708 707/707/707
f 710/710/710 708/708/708 709/709/709
f 710/710/710 696/696/696 708/708/708
f 711/711/711 710/710/710 709/709/709
f 712/712/712 710/710/710 711/711/711
f 696/696/696 710/710/710 712/712/712
f 713/713/713 712/712/712 711/711/711
f 714/714/714 696/696/696 712/712/712
f 696/696/696 714/714/714 668/668/668
f 668/668/668 714/714/714 671/671/671
f 715/715/715 712/712/712 713/713/713
f 712/712/712 715/715/715 714/714/714
f 716/716/716 715/715/715 713/713/713
f 715/715/715 717/717/717 714/714/714
f 717/717/717 715/715/715 716/716/716
f 717/717/717 671/671/671 714/714/714
f 718/718/718 717/717/717 716/716/716
f 671/671/671 717/717/717 719/719/719
f 719/719/719 717/717/717 718/718/718
f 671/671/671 719/719/719 673/673/673
f 720/720/720 719/719/719 718/718/718
f 673/673/673 719/719/719 720/720/720
f 721/721/721 673/673/673 720/720/720
f 724/724/724 723/723/723 722/722/722
f 725/725/725 724/724/724 722/722/722
f 722/722/722 726/726/726 725/725/725
f 725/725/725 727/727/727 724/724/724
f 727/727/727 728/728/728 724/724/724
f 729/729/729 728/728/728 727/727/727
f 726/726/726 730/730/730 725/725/725
f 725/725/725 730/730/730 727/727/727
f 731/731/731 729/729/729 727/727/727
f 729/729/729 731/731/731 732/732/732
f 731/731/731 733/733/733 732/732/732
f 727/727/727 734/734/734 731/731/731
f 730/730/730 734/734/734 727/727/727
f 731/731/731 735/735/735 733/733/733
f 734/734/734 735/735/735 731/731/731
f 736/736/736 735/735/735 734/734/734
f 735/735/735 737/737/737 733/733/733
f 738/738/738 737/737/737 735/735/735
f 736/736/736 738/738/738 735/735/735
f 739/739/739 738/738/738 736/736/736
f 740/740/740 730/730/730 726/726/726
f 741/741/741 740/740/740 726/726/726
f 740/740/740 741/741/741 742/742/742
f 743/743/743 734/734/734 730/730/730
f 743/743/743 736/736/736 734/734/734
f 740/740/740 743/743/743 730/730/730
f 744/744/744 740/740/740 742/742/742
f 744/744/744 742/742/742 745/745/745
f 743/743/743 740/740/740 746/746/746
f 740/740/740 744/744/744 746/746/746
f 747/747/747 746/746/746 744/744/744
f 748/748/748 744/744/744 745/745/745
f 748/748/748 747/747/747 744/744/744
f 748/748/748 745/745/745 749/749/749
f 746/746/746 750/750/750 743/743/743
f 750/750/750 736/736/736 743/743/743
f 750/750/750 746/746/746 747/747/747
f 751/751/751 748/748/748 749/749/749
f 747/747/747 748/748/748 751/751/751
f 751/751/751 749/749/749 752/752/752
f 736/736/736 750/750/750 753/753/753
f 754/754/754 750/750/750 747/747/747
f 753/753/753 750/750/750 754/754/754
f 755/755/755 736/736/736 753/753/753
f 755/755/755 739/739/739 736/736/736
f 739/739/739 755/755/755 756/756/756
f 757/757/757 751/751/751 752/752/752
f 758/758/758 747/747/747 751/751/751
f 751/751/751 757/757/757 758/758/758
f 758/758/758 759/759/759 747/747/747
f 759/759/759 754/754/754 747/747/747
f 757/757/757 759/759/759 758/758/758
f 760/760/760 757/757/757 752/752/752
f 757/757/757 760/760/760 759/759/759
f 761/761/761 760/760/760 752/752/752
f 760/760/760 761/761/761 762/762/762
f 763/763/763 754/754/754 759/759/759
f 763/763/763 753/753/753 754/754/754
f 764/764/764 760/760/760 762/762/762
f 762/762/762 765/765/765 764/764/764
f 760/760/760 766/766/766 759/759/759
f 766/766/766 763/763/763 759/759/759
f 760/760/760 764/764/764 766/766/766
f 763/763/763 767/767/767 753/753/753
f 767/767/767 763/763/763 766/766/766
f 765/765/765 768/768/768 764/764/764
f 768/768/768 765/765/765 769/769/769
f 764/764/764 770/770/770 766/766/766
f 770/770/770 767/767/767 766/766/766
f 764/764/764 768/768/768 770/770/770
f 767/767/767 771/771/771 753/753/753
f 755/755/755 753/753/753 771/771/771
f 772/772/772 768/768/768 769/769/769
f 772/772/772 769/769/769 773/773/773
f 768/768/768 774/774/774 770/770/770
f 768/768/768 772/772/772 774/774/774
f 775/775/775 767/767/767 770/770/770
f 774/774/774 775/775/775 770/770/770
f 771/771/771 767/767/767 775/775/775
f 772/772/772 775/775/775 774/774/774
f 776/776/776 755/755/755 771/771/771
f 755/755/755 776/776/776 756/756/756
f 777/777/777 771/771/771 775/775/775
f 775/775/775 772/772/772 777/777/777
f 776/776/776 771/771/771 777/777/777
f 778/778/778 772/772/772 773/773/773
f 772/772/772 778/778/778 777/777/777
f 778/778/778 773/773/773 779/779/779
f 780/780/780 777/777/777 778/778/778
f 780/780/780 776/776/776 777/777/777
f 781/781/781 778/778/778 779/779/779
f 781/781/781 780/780/780 778/778/778
f 781/781/781 779/779/779 782/782/782
f 783/783/783 781/781/781 782/782/782
f 780/780/780 781/781/781 783/783/783
f 783/783/783 782/782/782 784/784/784
f 776/776/776 785/785/785 756/756/756
f 785/785/785 786/786/786 756/756/756
f 776/776/776 780/780/780 787/787/787
f 787/787/787 780/780/780 783/783/783
f 785/785/785 776/776/776 787/787/787
f 788/788/788 783/783/783 784/784/784
f 783/783/783 788/788/788 787/787/787
f 788/788/788 784/784/784 789/789/789
f 790/790/790 788/788/788 789/789/789
f 790/790/790 791/791/791 788/788/788
f 785/785/785 792/792/792 786/786/786
f 792/792/792 785/785/785 787/787/787
f 792/792/792 793/793/793 786/786/786
f 794/794/794 793/793/793 792/792/792
f 795/795/795 794/794/794 792/792/792
f 791/791/791 796/796/796 788/788/788
f 788/788/788 796/796/796 787/787/787
f 796/796/796 792/792/792 787/787/787
f 795/795/795 792/792/792 796/796/796
f 791/791/791 795/795/795 796/796/796
f 799/799/799 798/798/798 797/797/797
f 800/800/800 799/799/799 797/797/797
f 801/801/801 799/799/799 800/800/800
f 802/802/802 801/801/801 800/800/800
f 800/800/800 803/803/803 802/802/802
f 803/803/803 800/800/800 804/804/804
f 800/800/800 805/805/805 804/804/804
f 805/805/805 800/800/800 806/806/806
f 807/807/807 806/806/806 800/800/800
f 808/808/808 807/807/807 800/800/800
f 808/808/808 800/800/800 809/809/809
f 810/810/810 809/809/809 800/800/800
f 811/811/811 810/810/810 800/800/800
f 812/812/812 811/811/811 800/800/800
f 800/800/800 797/797/797 812/812/812
f 797/797/797 813/813/813 812/812/812
f 816/816/816 815/815/815 814/814/814
f 817/817/817 816/816/816 814/814/814
f 816/816/816 817/817/817 818/818/818
f 817/817/817 819/819/819 818/818/818
f 820/820/820 817/817/817 814/814/814
f 817/817/817 820/820/820 819/819/819
f 821/821/821 820/820/820 814/814/814
f 820/820/820 822/822/822 819/819/819
f 821/821/821 823/823/823 820/820/820
f 822/822/822 820/820/820 824/824/824
f 823/823/823 824/824/824 820/820/820
f 825/825/825 822/822/822 824/824/824
f 824/824/824 823/823/823 826/826/826
f 824/824/824 826/826/826 825/825/825
f 826/826/826 827/827/827 825/825/825
f 826/826/826 828/828/828 827/827/827
f 823/823/823 829/829/829 826/826/826
f 826/826/826 829/829/829 828/828/828
f 828/828/828 830/830/830 827/827/827
f 831/831/831 828/828/828 829/829/829
f 829/829/829 832/832/832 831/831/831
f 828/828/828 833/833/833 830/830/830
f 833/833/833 834/834/834 830/830/830
f 834/834/834 833/833/833 835/835/835
f 832/832/832 836/836/836 831/831/831
f 832/832/832 837/837/837 836/836/836
f 837/837/837 838/838/838 836/836/836
f 838/838/838 837/837/837 839/839/839
f 840/840/840 838/838/838 839/839/839
f 840/840/840 839/839/839 841/841/841
f 842/842/842 840/840/840 841/841/841
f 840/840/840 842/842/842 843/843/843
f 842/842/842 844/844/844 843/843/843
f 840/840/840 843/843/843 845/845/845
f 838/838/838 840/840/840 845/845/845
f 838/838/838 845/845/845 846/846/846
f 836/836/836 838/838/838 846/846/846
f 836/836/836 846/846/846 847/847/847
f 831/831/831 836/836/836 847/847/847
f 847/847/847 848/848/848 831/831/831
f 828/828/828 831/831/831 848/848/848
f 847/847/847 849/849/849 848/848/848
f 848/848/848 849/849/849 850/850/850
f 847/847/847 851/851/851 849/849/849
f 828/828/828 848/848/848 852/852/852
f 852/852/852 848/848/848 850/850/850
f 833/833/833 828/828/828 852/852/852
f 853/853/853 833/833/833 852/852/852
f 851/851/851 854/854/854 849/849/849
f 851/851/851 855/855/855 854/854/854
f 856/856/856 850/850/850 849/849/849
f 856/856/856 849/849/849 854/854/854
f 855/855/855 857/857/857 854/854/854
f 857/857/857 855/855/855 858/858/858
f 859/859/859 856/856/856 854/854/854
f 854/854/854 857/857/857 859/859/859
f 857/857/857 860/860/860 859/859/859
f 857/857/857 861/861/861 860/860/860
f 861/861/861 857/857/857 858/858/858
f 861/861/861 862/862/862 860/860/860
f 862/862/862 861/861/861 863/863/863
f 861/861/861 864/864/864 863/863/863
f 861/861/861 858/858/858 864/864/864
f 858/858/858 865/865/865 864/864/864
f 856/856/856 866/866/866 850/850/850
f 856/856/856 867/867/867 866/866/866
f 867/867/867 868/868/868 866/866/866
f 868/868/868 867/867/867 869/869/869
f 870/870/870 868/868/868 869/869/869
f 870/870/870 869/869/869 871/871/871
f 872/872/872 870/870/870 871/871/871
f 872/872/872 871/871/871 873/873/873
f 874/874/874 872/872/872 873/873/873
f 872/872/872 874/874/874 875/875/875
f 874/874/874 876/876/876 875/875/875
f 875/875/875 877/877/877 872/872/872
f 877/877/877 870/870/870 872/872/872
f 877/877/877 878/878/878 870/870/870
f 878/878/878 868/868/868 870/870/870
f 878/878/878 879/879/879 868/868/868
f 879/879/879 866/866/866 868/868/868
f 879/879/879 880/880/880 866/866/866
f 880/880/880 850/850/850 866/866/866
f 850/850/850 880/880/880 881/881/881
f 882/882/882 850/850/850 881/881/881
f 882/882/882 852/852/852 850/850/850
f 882/882/882 881/881/881 883/883/883
f 881/881/881 884/884/884 883/883/883
f 852/852/852 882/882/882 885/885/885
f 882/882/882 883/883/883 885/885/885
f 885/885/885 853/853/853 852/852/852
f 886/886/886 883/883/883 884/884/884
f 885/885/885 883/883/883 887/887/887
f 883/883/883 886/886/886 887/887/887
f 888/888/888 886/886/886 884/884/884
f 889/889/889 888/888/888 884/884/884
f 888/888/888 890/890/890 886/886/886
f 890/890/890 887/887/887 886/886/886
f 890/890/890 891/891/891 887/887/887
f 885/885/885 887/887/887 892/892/892
f 891/891/891 892/892/892 887/887/887
f 853/853/853 885/885/885 892/892/892
f 891/891/891 893/893/893 892/892/892
f 893/893/893 894/894/894 892/892/892
f 853/853/853 892/892/892 894/894/894
f 895/895/895 853/853/853 894/894/894
f 896/896/896 853/853/853 895/895/895
f 897/897/897 896/896/896 895/895/895
f 897/897/897 898/898/898 896/896/896
f 853/853/853 896/896/896 899/899/899
f 833/833/833 853/853/853 899/899/899
f 833/833/833 899/899/899 835/835/835
f 898/898/898 900/900/900 896/896/896
f 896/896/896 900/900/900 899/899/899
f 898/898/898 901/901/901 900/900/900
f 835/835/835 899/899/899 902/902/902
f 900/900/900 902/902/902 899/899/899
f 903/903/903 835/835/835 902/902/902
f 901/901/901 904/904/904 900/900/900
f 902/902/902 900/900/900 904/904/904
f 902/902/902 905/905/905 903/903/903
f 905/905/905 902/902/902 904/904/904
f 905/905/905 906/906/906 903/903/903
f 906/906/906 905/905/905 907/907/907
f 905/905/905 908/908/908 907/907/907
f 908/908/908 905/905/905 904/904/904
f 909/909/909 908/908/908 904/904/904
f 909/909/909 904/904/904 901/901/901
f 910/910/910 909/909/909 901/901/901
f 913/913/913 912/912/912 911/911/911
f 912/912/912 914/914/914 911/911/911
f 915/915/915 911/911/911 914/914/914
f 912/912/912 916/916/916 914/914/914
f 917/917/917 915/915/915 914/914/914
f 915/915/915 917/917/917 918/918/918
f 919/919/919 917/917/917 914/914/914
f 920/920/920 919/919/919 914/914/914
f 916/916/916 920/920/920 914/914/914
f 921/921/921 917/917/917 919/919/919
f 917/917/917 921/921/921 918/918/918
f 916/916/916 922/922/922 920/920/920
f 922/922/922 923/923/923 920/920/920
f 922/922/922 924/924/924 923/923/923
f 925/925/925 919/919/919 920/920/920
f 923/923/923 925/925/925 920/920/920
f 919/919/919 925/925/925 926/926/926
f 925/925/925 927/927/927 926/926/926
f 925/925/925 923/923/923 927/927/927
f 924/924/924 928/928/928 923/923/923
f 923/923/923 928/928/928 927/927/927
f 924/924/924 929/929/929 928/928/928
f 929/929/929 930/930/930 928/928/928
f 929/929/929 931/931/931 930/930/930
f 921/921/921 932/932/932 918/918/918
f 932/932/932 933/933/933 918/918/918
f 927/927/927 928/928/928 934/934/934
f 928/928/928 930/930/930 934/934/934
f 927/927/927 934/934/934 935/935/935
f 935/935/935 934/934/934 936/936/936
f 934/934/934 930/930/930 936/936/936
f 931/931/931 937/937/937 930/930/930
f 930/930/930 937/937/937 936/936/936
f 931/931/931 938/938/938 937/937/937
f 938/938/938 939/939/939 937/937/937
f 939/939/939 940/940/940 937/937/937
f 940/940/940 936/936/936 937/937/937
f 936/936/936 940/940/940 941/941/941
f 942/942/942 936/936/936 941/941/941
f 942/942/942 935/935/935 936/936/936
f 941/941/941 943/943/943 942/942/942
f 943/943/943 944/944/944 942/942/942
f 942/942/942 944/944/944 935/935/935
f 944/944/944 943/943/943 945/945/945
f 946/946/946 944/944/944 945/945/945
f 946/946/946 945/945/945 947/947/947
f 944/944/944 948/948/948 935/935/935
f 948/948/948 944/944/944 946/946/946
f 949/949/949 935/935/935 948/948/948
f 950/950/950 946/946/946 947/947/947
f 947/947/947 951/951/951 950/950/950
f 952/952/952 948/948/948 946/946/946
f 949/949/949 948/948/948 952/952/952
f 946/946/946 950/950/950 952/952/952
f 951/951/951 953/953/953 950/950/950
f 953/953/953 951/951/951 954/954/954
f 950/950/950 955/955/955 952/952/952
f 950/950/950 953/953/953 955/955/955
f 956/956/956 953/953/953 954/954/954
f 956/956/956 954/954/954 957/957/957
f 958/958/958 953/953/953 956/956/956
f 953/953/953 958/958/958 955/955/955
f 952/952/952 955/955/955 959/959/959
f 959/959/959 949/949/949 952/952/952
f 960/960/960 956/956/956 957/957/957
f 960/960/960 958/958/958 956/956/956
f 955/955/955 958/958/958 961/961/961
f 955/955/955 961/961/961 959/959/959
f 962/962/962 960/960/960 957/957/957
f 963/963/963 962/962/962 957/957/957
f 962/962/962 963/963/963 964/964/964
f 958/958/958 960/960/960 965/965/965
f 960/960/960 962/962/962 965/965/965
f 965/965/965 962/962/962 964/964/964
f 958/958/958 965/965/965 961/961/961
f 965/965/965 964/964/964 966/966/966
f 961/961/961 965/965/965 966/966/966
f 961/961/961 966/966/966 959/959/959
f 966/966/966 967/967/967 959/959/959
f 967/967/967 968/968/968 959/959/959
f 968/968/968 949/949/949 959/959/959
f 949/949/949 968/968/968 969/969/969
f 970/970/970 949/949/949 969/969/969
f 969/969/969 971/971/971 970/970/970
f 972/972/972 949/949/949 970/970/970
f 949/949/949 972/972/972 935/935/935
f 971/971/971 973/973/973 970/970/970
f 973/973/973 971/971/971 974/974/974
f 935/935/935 972/972/972 975/975/975
f 972/972/972 976/976/976 975/975/975
f 975/975/975 927/927/927 935/935/935
f 927/927/927 975/975/975 926/926/926
f 975/975/975 976/976/976 926/926/926
f 977/977/977 972/972/972 970/970/970
f 970/970/970 973/973/973 977/977/977
f 976/976/976 972/972/972 977/977/977
f 978/978/978 973/973/973 974/974/974
f 978/978/978 974/974/974 979/979/979
f 973/973/973 980/980/980 977/977/977
f 980/980/980 973/973/973 978/978/978
f 981/981/981 976/976/976 977/977/977
f 977/977/977 980/980/980 981/981/981
f 982/982/982 978/978/978 979/979/979
f 979/979/979 983/983/983 982/982/982
f 983/983/983 984/984/984 982/982/982
f 982/982/982 984/984/984 978/978/978
f 984/984/984 983/983/983 985/985/985
f 986/986/986 980/980/980 978/978/978
f 984/984/984 986/986/986 978/978/978
f 987/987/987 984/984/984 985/985/985
f 986/986/986 984/984/984 987/987/987
f 987/987/987 985/985/985 988/988/988
f 989/989/989 987/987/987 988/988/988
f 989/989/989 986/986/986 987/987/987
f 988/988/988 990/990/990 989/989/989
f 980/980/980 986/986/986 991/991/991
f 986/986/986 989/989/989 991/991/991
f 990/990/990 991/991/991 989/989/989
f 980/980/980 991/991/991 981/981/981
f 991/991/991 990/990/990 981/981/981
f 990/990/990 992/992/992 981/981/981
f 992/992/992 993/993/993 981/981/981
f 993/993/993 976/976/976 981/981/981
f 994/994/994 976/976/976 993/993/993
f 995/995/995 994/994/994 993/993/993
f 995/995/995 996/996/996 994/994/994
f 997/997/997 976/976/976 994/994/994
f 976/976/976 997/997/997 926/926/926
f 998/998/998 926/926/926 997/997/997
f 998/998/998 997/997/997 999/999/999
f 999/999/999 997/997/997 994/994/994
f 996/996/996 1000/1000/1000 994/994/994
f 999/999/999 994/994/994 1000/1000/1000
f 1000/1000/1000 996/996/996 1001/1001/1001
f 1002/1002/1002 1000/1000/1000 1001/1001/1001
f 1001/1001/1001 1003/1003/1003 1002/1002/1002
f 1004/1004/1004 999/999/999 1000/1000/1000
f 1004/1004/1004 1000/1000/1000 1002/1002/1002
f 1005/1005/1005 998/998/998 999/999/999
f 999/999/999 1004/1004/1004 1005/1005/1005
f 1003/1003/1003 1006/1006/1006 1002/1002/1002
f 1003/1003/1003 1007/1007/1007 1006/1006/1006
f 1007/1007/1007 1008/1008/1008 1006/1006/1006
f 1006/1006/1006 1008/1008/1008 1002/1002/1002
f 1008/1008/1008 1007/1007/1007 1009/1009/1009
f 1010/1010/1010 1004/1004/1004 1002/1002/1002
f 1008/1008/1008 1010/1010/1010 1002/1002/1002
f 1004/1004/1004 1011/1011/1011 1005/1005/1005
f 1004/1004/1004 1010/1010/1010 1011/1011/1011
f 1012/1012/1012 1008/1008/1008 1009/1009/1009
f 1012/1012/1012 1009/1009/1009 1013/1013/1013
f 1010/1010/1010 1008/1008/1008 1014/1014/1014
f 1008/1008/1008 1012/1012/1012 1014/1014/1014
f 1014/1014/1014 1012/1012/1012 1013/1013/1013
f 1010/1010/1010 1014/1014/1014 1011/1011/1011
f 1014/1014/1014 1013/1013/1013 1015/1015/1015
f 1011/1011/1011 1014/1014/1014 1015/1015/1015
f 1011/1011/1011 1015/1015/1015 1016/1016/1016
f 1005/1005/1005 1011/1011/1011 1016/1016/1016
f 998/998/998 1005/1005/1005 1016/1016/1016
f 1017/1017/1017 998/998/998 1016/1016/1016
f 998/998/998 1017/1017/1017 1018/1018/1018
f 1019/1019/1019 998/998/998 1018/1018/1018
f 1020/1020/1020 1019/1019/1019 1018/1018/1018
f 1021/1021/1021 1020/1020/1020 1018/1018/1018
f 1020/1020/1020 1021/1021/1021 1022/1022/1022
f 1023/1023/1023 998/998/998 1019/1019/1019
f 1023/1023/1023 926/926/926 998/998/998
f 1024/1024/1024 1020/1020/1020 1022/1022/1022
f 1024/1024/1024 1022/1022/1022 1025/1025/1025
f 1026/1026/1026 1019/1019/1019 1020/1020/1020
f 1026/1026/1026 1023/1023/1023 1019/1019/1019
f 926/926/926 1023/1023/1023 1027/1027/1027
f 1027/1027/1027 919/919/919 926/926/926
f 1028/1028/1028 1024/1024/1024 1025/1025/1025
f 1028/1028/1028 1025/1025/1025 1029/1029/1029
f 1030/1030/1030 1020/1020/1020 1024/1024/1024
f 1030/1030/1030 1026/1026/1026 1020/1020/1020
f 1023/1023/1023 1026/1026/1026 1031/1031/1031
f 1023/1023/1023 1031/1031/1031 1027/1027/1027
f 1032/1032/1032 1028/1028/1028 1029/1029/1029
f 1029/1029/1029 1033/1033/1033 1032/1032/1032
f 1034/1034/1034 1024/1024/1024 1028/1028/1028
f 1034/1034/1034 1030/1030/1030 1024/1024/1024
f 1032/1032/1032 1034/1034/1034 1028/1028/1028
f 1026/1026/1026 1030/1030/1030 1035/1035/1035
f 1026/1026/1026 1035/1035/1035 1031/1031/1031
f 1033/1033/1033 1036/1036/1036 1032/1032/1032
f 1036/1036/1036 1033/1033/1033 1037/1037/1037
f 1032/1032/1032 1036/1036/1036 1038/1038/1038
f 1038/1038/1038 1036/1036/1036 1037/1037/1037
f 1034/1034/1034 1032/1032/1032 1038/1038/1038
f 1038/1038/1038 1037/1037/1037 1039/1039/1039
f 1040/1040/1040 1030/1030/1030 1034/1034/1034
f 1038/1038/1038 1040/1040/1040 1034/1034/1034
f 1040/1040/1040 1038/1038/1038 1039/1039/1039
f 1030/1030/1030 1040/1040/1040 1035/1035/1035
f 1040/1040/1040 1039/1039/1039 1041/1041/1041
f 1035/1035/1035 1040/1040/1040 1041/1041/1041
f 1041/1041/1041 1042/1042/1042 1035/1035/1035
f 1042/1042/1042 1031/1031/1031 1035/1035/1035
f 1031/1031/1031 1042/1042/1042 1043/1043/1043
f 1027/1027/1027 1031/1031/1031 1043/1043/1043
f 1043/1043/1043 1044/1044/1044 1027/1027/1027
f 1044/1044/1044 919/919/919 1027/1027/1027
f 1044/1044/1044 1045/1045/1045 919/919/919
f 1045/1045/1045 1046/1046/1046 919/919/919
f 1046/1046/1046 921/921/921 919/919/919
f 1045/1045/1045 1047/1047/1047 1046/1046/1046
f 921/921/921 1046/1046/1046 1048/1048/1048
f 1047/1047/1047 1048/1048/1048 1046/1046/1046
f 1048/1048/1048 1047/1047/1047 1049/1049/1049
f 932/932/932 921/921/921 1048/1048/1048
f 1050/1050/1050 1048/1048/1048 1049/1049/1049
f 932/932/932 1048/1048/1048 1050/1050/1050
f 1049/1049/1049 1051/1051/1051 1050/1050/1050
f 1052/1052/1052 932/932/932 1050/1050/1050
f 932/932/932 1052/1052/1052 933/933/933
f 1052/1052/1052 1053/1053/1053 933/933/933
f 1052/1052/1052 1054/1054/1054 1053/1053/1053
f 1052/1052/1052 1050/1050/1050 1054/1054/1054
f 1054/1054/1054 1055/1055/1055 1053/1053/1053
f 1056/1056/1056 1055/1055/1055 1054/1054/1054
f 1057/1057/1057 1056/1056/1056 1054/1054/1054
f 1051/1051/1051 1058/1058/1058 1050/1050/1050
f 1050/1050/1050 1058/1058/1058 1054/1054/1054
f 1058/1058/1058 1051/1051/1051 1057/1057/1057
f 1054/1054/1054 1058/1058/1058 1057/1057/1057
f 1061/1061/1061 1060/1060/1060 1059/1059/1059
f 1060/1060/1060 1062/1062/1062 1059/1059/1059
f 1061/1061/1061 1059/1059/1059 1063/1063/1063
f 1062/1062/1062 1064/1064/1064 1059/1059/1059
f 1059/1059/1059 1065/1065/1065 1063/1063/1063
f 1065/1065/1065 1066/1066/1066 1063/1063/1063
f 1064/1064/1064 1067/1067/1067 1059/1059/1059
f 1059/1059/1059 1067/1067/1067 1065/1065/1065
f 1064/1064/1064 1068/1068/1068 1067/1067/1067
f 1066/1066/1066 1065/1065/1065 1069/1069/1069
f 1070/1070/1070 1066/1066/1066 1069/1069/1069
f 1071/1071/1071 1070/1070/1070 1069/1069/1069
f 1068/1068/1068 1072/1072/1072 1067/1067/1067
f 1068/1068/1068 1073/1073/1073 1072/1072/1072
f 1073/1073/1073 1074/1074/1074 1072/1072/1072
f 1067/1067/1067 1075/1075/1075 1065/1065/1065
f 1069/1069/1069 1065/1065/1065 1075/1075/1075
f 1075/1075/1075 1067/1067/1067 1072/1072/1072
f 1076/1076/1076 1071/1071/1071 1069/1069/1069
f 1076/1076/1076 1069/1069/1069 1075/1075/1075
f 1072/1072/1072 1077/1077/1077 1075/1075/1075
f 1072/1072/1072 1074/1074/1074 1077/1077/1077
f 1075/1075/1075 1078/1078/1078 1076/1076/1076
f 1079/1079/1079 1071/1071/1071 1076/1076/1076
f 1079/1079/1079 1076/1076/1076 1078/1078/1078
f 1074/1074/1074 1080/1080/1080 1077/1077/1077
f 1081/1081/1081 1079/1079/1079 1078/1078/1078
f 1077/1077/1077 1080/1080/1080 1082/1082/1082
f 1082/1082/1082 1083/1083/1083 1077/1077/1077
f 1084/1084/1084 1081/1081/1081 1078/1078/1078
f 1077/1077/1077 1083/1083/1083 1085/1085/1085
f 1075/1075/1075 1077/1077/1077 1085/1085/1085
f 1083/1083/1083 1086/1086/1086 1085/1085/1085
f 1085/1085/1085 1086/1086/1086 1087/1087/1087
f 1075/1075/1075 1085/1085/1085 1087/1087/1087
f 1086/1086/1086 1088/1088/1088 1087/1087/1087
f 1088/1088/1088 1089/1089/1089 1087/1087/1087
f 1090/1090/1090 1084/1084/1084 1078/1078/1078
f 1078/1078/1078 1075/1075/1075 1090/1090/1090
f 1084/1084/1084 1090/1090/1090 1091/1091/1091
f 1075/1075/1075 1091/1091/1091 1090/1090/1090
f 1092/1092/1092 1084/1084/1084 1091/1091/1091
f 1093/1093/1093 1092/1092/1092 1091/1091/1091
f 1093/1093/1093 1091/1091/1091 1094/1094/1094
f 1075/1075/1075 1094/1094/1094 1091/1091/1091
f 1095/1095/1095 1093/1093/1093 1094/1094/1094
f 1075/1075/1075 1096/1096/1096 1094/1094/1094
f 1095/1095/1095 1094/1094/1094 1096/1096/1096
f 1096/1096/1096 1075/1075/1075 1087/1087/1087
f 1097/1097/1097 1095/1095/1095 1096/1096/1096
f 1089/1089/1089 1097/1097/1097 1098/1098/1098
f 1089/1089/1089 1098/1098/1098 1087/1087/1087
f 1097/1097/1097 1096/1096/1096 1098/1098/1098
f 1098/1098/1098 1096/1096/1096 1087/1087/1087
f 1101/1101/1101 1100/1100/1100 1099/1099/1099
f 1102/1102/1102 1101/1101/1101 1099/1099/1099
f 1103/1103/1103 1102/1102/1102 1099/1099/1099
f 1102/1102/1102 1103/1103/1103 1104/1104/1104
f 1103/1103/1103 1105/1105/1105 1104/1104/1104
f 1106/1106/1106 1105/1105/1105 1103/1103/1103
f 1107/1107/1107 1104/1104/1104 1105/1105/1105
f 1108/1108/1108 1107/1107/1107 1105/1105/1105
f 1108/1108/1108 1105/1105/1105 1106/1106/1106
f 1106/1106/1106 1109/1109/1109 1108/1108/1108
f 1110/1110/1110 1107/1107/1107 1108/1108/1108
f 1111/1111/1111 1110/1110/1110 1108/1108/1108
f 1109/1109/1109 1111/1111/1111 1108/1108/1108
f 1112/1112/1112 1110/1110/1110 1111/1111/1111
f 1113/1113/1113 1112/1112/1112 1111/1111/1111
f 1113/1113/1113 1111/1111/1111 1109/1109/1109
f 1114/1114/1114 1112/1112/1112 1113/1113/1113
f 1115/1115/1115 1103/1103/1103 1099/1099/1099
f 1115/1115/1115 1106/1106/1106 1103/1103/1103
f 1115/1115/1115 1099/1099/1099 1116/1116/1116
f 1117/1117/1117 1115/1115/1115 1116/1116/1116
f 1100/1100/1100 1116/1116/1116 1099/1099/1099
f 1116/1116/1116 1100/1100/1100 1117/1117/1117
f 1100/1100/1100 1118/1118/1118 1117/1117/1117
f 1117/1117/1117 1118/1118/1118 1119/1119/1119
f 1115/1115/1115 1117/1117/1117 1119/1119/1119
f 1118/1118/1118 1120/1120/1120 1119/1119/1119
f 1119/1119/1119 1120/1120/1120 1121/1121/1121
f 1119/1119/1119 1121/1121/1121 1115/1115/1115
f 1120/1120/1120 1122/1122/1122 1121/1121/1121
f 1121/1121/1121 1122/1122/1122 1123/1123/1123
f 1123/1123/1123 1115/1115/1115 1121/1121/1121
f 1122/1122/1122 1124/1124/1124 1123/1123/1123
f 1123/1123/1123 1124/1124/1124 1125/1125/1125
f 1126/1126/1126 1123/1123/1123 1125/1125/1125
f 1123/1123/1123 1126/1126/1126 1115/1115/1115
f 1126/1126/1126 1125/1125/1125 1127/1127/1127
f 1126/1126/1126 1127/1127/1127 1115/1115/1115
f 1125/1125/1125 1128/1128/1128 1127/1127/1127
f 1127/1127/1127 1129/1129/1129 1115/1115/1115
f 1129/1129/1129 1127/1127/1127 1128/1128/1128
f 1130/1130/1130 1129/1129/1129 1128/1128/1128
f 1129/1129/1129 1106/1106/1106 1115/1115/1115
f 1129/1129/1129 1130/1130/1130 1131/1131/1131
f 1106/1106/1106 1129/1129/1129 1131/1131/1131
f 1130/1130/1130 1132/1132/1132 1131/1131/1131
f 1131/1131/1131 1133/1133/1133 1106/1106/1106
f 1131/1131/1131 1132/1132/1132 1133/1133/1133
f 1132/1132/1132 1134/1134/1134 1133/1133/1133
f 1133/1133/1133 1109/1109/1109 1106/1106/1106
f 1133/1133/1133 1134/1134/1134 1135/1135/1135
f 1109/1109/1109 1133/1133/1133 1135/1135/1135
f 1134/1134/1134 1136/1136/1136 1135/1135/1135
f 1135/1135/1135 1136/1136/1136 1137/1137/1137
f 1109/1109/1109 1135/1135/1135 1137/1137/1137
f 1136/1136/1136 1138/1138/1138 1137/1137/1137
f 1139/1139/1139 1109/1109/1109 1137/1137/1137
f 1139/1139/1139 1137/1137/1137 1138/1138/1138
f 1113/1113/1113 1109/1109/1109 1139/1139/1139
f 1140/1140/1140 1139/1139/1139 1138/1138/1138
f 1141/1141/1141 1113/1113/1113 1139/1139/1139
f 1141/1141/1141 1139/1139/1139 1140/1140/1140
f 1141/1141/1141 1114/1114/1114 1113/1113/1113
f 1114/1114/1114 1141/1141/1141 1140/1140/1140
f 1144/1144/1144 1143/1143/1143 1142/1142/1142
f 1144/1144/1144 1142/1142/1142 1145/1145/1145
f 1143/1143/1143 1146/1146/1146 1142/1142/1142
f 1143/1143/1143 1147/1147/1147 1146/1146/1146
f 1142/1142/1142 1148/1148/1148 1145/1145/1145
f 1149/1149/1149 1145/1145/1145 1148/1148/1148
f 1150/1150/1150 1149/1149/1149 1148/1148/1148
f 1151/1151/1151 1149/1149/1149 1150/1150/1150
f 1152/1152/1152 1151/1151/1151 1150/1150/1150
f 1151/1151/1151 1152/1152/1152 1153/1153/1153
f 1152/1152/1152 1154/1154/1154 1153/1153/1153
f 1153/1153/1153 1154/1154/1154 1155/1155/1155
f 1154/1154/1154 1156/1156/1156 1155/1155/1155
f 1155/1155/1155 1156/1156/1156 1157/1157/1157
f 1156/1156/1156 1158/1158/1158 1157/1157/1157
f 1159/1159/1159 1158/1158/1158 1156/1156/1156
f 1160/1160/1160 1157/1157/1157 1158/1158/1158
f 1161/1161/1161 1160/1160/1160 1158/1158/1158
f 1161/1161/1161 1158/1158/1158 1159/1159/1159
f 1162/1162/1162 1160/1160/1160 1161/1161/1161
f 1156/1156/1156 1154/1154/1154 1163/1163/1163
f 1159/1159/1159 1156/1156/1156 1163/1163/1163
f 1154/1154/1154 1152/1152/1152 1164/1164/1164
f 1163/1163/1163 1154/1154/1154 1164/1164/1164
f 1152/1152/1152 1150/1150/1150 1165/1165/1165
f 1164/1164/1164 1152/1152/1152 1165/1165/1165
f 1166/1166/1166 1162/1162/1162 1161/1161/1161
f 1162/1162/1162 1166/1166/1166 1167/1167/1167
f 1168/1168/1168 1161/1161/1161 1159/1159/1159
f 1166/1166/1166 1161/1161/1161 1168/1168/1168
f 1166/1166/1166 1169/1169/1169 1167/1167/1167
f 1167/1167/1167 1169/1169/1169 1170/1170/1170
f 1171/1171/1171 1166/1166/1166 1168/1168/1168
f 1169/1169/1169 1166/1166/1166 1171/1171/1171
f 1169/1169/1169 1172/1172/1172 1170/1170/1170
f 1170/1170/1170 1172/1172/1172 1173/1173/1173
f 1174/1174/1174 1171/1171/1171 1168/1168/1168
f 1174/1174/1174 1168/1168/1168 1159/1159/1159
f 1175/1175/1175 1169/1169/1169 1171/1171/1171
f 1172/1172/1172 1169/1169/1169 1175/1175/1175
f 1175/1175/1175 1171/1171/1171 1174/1174/1174
f 1172/1172/1172 1176/1176/1176 1173/1173/1173
f 1172/1172/1172 1175/1175/1175 1176/1176/1176
f 1177/1177/1177 1173/1173/1173 1176/1176/1176
f 1178/1178/1178 1177/1177/1177 1176/1176/1176
f 1177/1177/1177 1178/1178/1178 1179/1179/1179
f 1175/1175/1175 1180/1180/1180 1176/1176/1176
f 1178/1178/1178 1176/1176/1176 1180/1180/1180
f 1178/1178/1178 1181/1181/1181 1179/1179/1179
f 1181/1181/1181 1178/1178/1178 1180/1180/1180
f 1179/1179/1179 1181/1181/1181 1182/1182/1182
f 1183/1183/1183 1175/1175/1175 1174/1174/1174
f 1175/1175/1175 1183/1183/1183 1180/1180/1180
f 1184/1184/1184 1174/1174/1174 1159/1159/1159
f 1183/1183/1183 1174/1174/1174 1184/1184/1184
f 1181/1181/1181 1185/1185/1185 1182/1182/1182
f 1182/1182/1182 1185/1185/1185 1186/1186/1186
f 1187/1187/1187 1181/1181/1181 1180/1180/1180
f 1185/1185/1185 1181/1181/1181 1187/1187/1187
f 1188/1188/1188 1185/1185/1185 1187/1187/1187
f 1185/1185/1185 1189/1189/1189 1186/1186/1186
f 1189/1189/1189 1185/1185/1185 1188/1188/1188
f 1190/1190/1190 1186/1186/1186 1189/1189/1189
f 1159/1159/1159 1191/1191/1191 1184/1184/1184
f 1191/1191/1191 1159/1159/1159 1163/1163/1163
f 1192/1192/1192 1183/1183/1183 1184/1184/1184
f 1192/1192/1192 1184/1184/1184 1191/1191/1191
f 1183/1183/1183 1193/1193/1193 1180/1180/1180
f 1187/1187/1187 1180/1180/1180 1193/1193/1193
f 1193/1193/1193 1183/1183/1183 1192/1192/1192
f 1194/1194/1194 1190/1190/1190 1189/1189/1189
f 1195/1195/1195 1190/1190/1190 1194/1194/1194
f 1196/1196/1196 1187/1187/1187 1193/1193/1193
f 1187/1187/1187 1196/1196/1196 1188/1188/1188
f 1197/1197/1197 1193/1193/1193 1192/1192/1192
f 1196/1196/1196 1193/1193/1193 1197/1197/1197
f 1198/1198/1198 1192/1192/1192 1191/1191/1191
f 1197/1197/1197 1192/1192/1192 1198/1198/1198
f 1194/1194/1194 1189/1189/1189 1199/1199/1199
f 1199/1199/1199 1189/1189/1189 1188/1188/1188
f 1200/1200/1200 1195/1195/1195 1194/1194/1194
f 1201/1201/1201 1195/1195/1195 1200/1200/1200
f 1202/1202/1202 1194/1194/1194 1199/1199/1199
f 1200/1200/1200 1194/1194/1194 1202/1202/1202
f 1203/1203/1203 1201/1201/1201 1200/1200/1200
f 1204/1204/1204 1201/1201/1201 1203/1203/1203
f 1202/1202/1202 1199/1199/1199 1205/1205/1205
f 1205/1205/1205 1199/1199/1199 1188/1188/1188
f 1206/1206/1206 1200/1200/1200 1202/1202/1202
f 1203/1203/1203 1200/1200/1200 1206/1206/1206
f 1206/1206/1206 1202/1202/1202 1205/1205/1205
f 1207/1207/1207 1204/1204/1204 1203/1203/1203
f 1204/1204/1204 1207/1207/1207 1208/1208/1208
f 1209/1209/1209 1203/1203/1203 1206/1206/1206
f 1207/1207/1207 1203/1203/1203 1209/1209/1209
f 1210/1210/1210 1209/1209/1209 1206/1206/1206
f 1205/1205/1205 1210/1210/1210 1206/1206/1206
f 1210/1210/1210 1207/1207/1207 1209/1209/1209
f 1207/1207/1207 1211/1211/1211 1208/1208/1208
f 1211/1211/1211 1207/1207/1207 1210/1210/1210
f 1208/1208/1208 1211/1211/1211 1212/1212/1212
f 1213/1213/1213 1205/1205/1205 1188/1188/1188
f 1210/1210/1210 1205/1205/1205 1213/1213/1213
f 1211/1211/1211 1214/1214/1214 1212/1212/1212
f 1212/1212/1212 1214/1214/1214 1215/1215/1215
f 1216/1216/1216 1211/1211/1211 1210/1210/1210
f 1216/1216/1216 1210/1210/1210 1213/1213/1213
f 1214/1214/1214 1211/1211/1211 1216/1216/1216
f 1217/1217/1217 1216/1216/1216 1213/1213/1213
f 1213/1213/1213 1188/1188/1188 1218/1218/1218
f 1218/1218/1218 1217/1217/1217 1213/1213/1213
f 1188/1188/1188 1196/1196/1196 1218/1218/1218
f 1214/1214/1214 1219/1219/1219 1215/1215/1215
f 1220/1220/1220 1215/1215/1215 1219/1219/1219
f 1221/1221/1221 1214/1214/1214 1216/1216/1216
f 1216/1216/1216 1217/1217/1217 1221/1221/1221
f 1219/1219/1219 1214/1214/1214 1221/1221/1221
f 1196/1196/1196 1222/1222/1222 1218/1218/1218
f 1222/1222/1222 1196/1196/1196 1197/1197/1197
f 1223/1223/1223 1220/1220/1220 1219/1219/1219
f 1220/1220/1220 1223/1223/1223 1224/1224/1224
f 1225/1225/1225 1219/1219/1219 1221/1221/1221
f 1223/1223/1223 1219/1219/1219 1225/1225/1225
f 1225/1225/1225 1221/1221/1221 1217/1217/1217
f 1223/1223/1223 1226/1226/1226 1224/1224/1224
f 1223/1223/1223 1225/1225/1225 1226/1226/1226
f 1224/1224/1224 1226/1226/1226 1227/1227/1227
f 1226/1226/1226 1228/1228/1228 1227/1227/1227
f 1227/1227/1227 1228/1228/1228 1229/1229/1229
f 1225/1225/1225 1230/1230/1230 1226/1226/1226
f 1228/1228/1228 1226/1226/1226 1230/1230/1230
f 1228/1228/1228 1231/1231/1231 1229/1229/1229
f 1231/1231/1231 1228/1228/1228 1230/1230/1230
f 1232/1232/1232 1229/1229/1229 1231/1231/1231
f 1233/1233/1233 1232/1232/1232 1231/1231/1231
f 1234/1234/1234 1232/1232/1232 1233/1233/1233
f 1235/1235/1235 1225/1225/1225 1217/1217/1217
f 1225/1225/1225 1235/1235/1235 1230/1230/1230
f 1236/1236/1236 1231/1231/1231 1230/1230/1230
f 1233/1233/1233 1231/1231/1231 1236/1236/1236
f 1237/1237/1237 1234/1234/1234 1233/1233/1233
f 1234/1234/1234 1237/1237/1237 1238/1238/1238
f 1235/1235/1235 1239/1239/1239 1230/1230/1230
f 1236/1236/1236 1230/1230/1230 1239/1239/1239
f 1240/1240/1240 1233/1233/1233 1236/1236/1236
f 1237/1237/1237 1233/1233/1233 1240/1240/1240
f 1241/1241/1241 1237/1237/1237 1240/1240/1240
f 1237/1237/1237 1242/1242/1242 1238/1238/1238
f 1242/1242/1242 1237/1237/1237 1241/1241/1241
f 1238/1238/1238 1242/1242/1242 1243/1243/1243
f 1242/1242/1242 1244/1244/1244 1243/1243/1243
f 1244/1244/1244 1242/1242/1242 1241/1241/1241
f 1243/1243/1243 1244/1244/1244 1245/1245/1245
f 1240/1240/1240 1236/1236/1236 1246/1246/1246
f 1246/1246/1246 1236/1236/1236 1239/1239/1239
f 1244/1244/1244 1247/1247/1247 1245/1245/1245
f 1248/1248/1248 1245/1245/1245 1247/1247/1247
f 1240/1240/1240 1246/1246/1246 1249/1249/1249
f 1241/1241/1241 1240/1240/1240 1249/1249/1249
f 1246/1246/1246 1239/1239/1239 1250/1250/1250
f 1249/1249/1249 1246/1246/1246 1250/1250/1250
f 1247/1247/1247 1244/1244/1244 1251/1251/1251
f 1251/1251/1251 1244/1244/1244 1241/1241/1241
f 1252/1252/1252 1248/1248/1248 1247/1247/1247
f 1253/1253/1253 1248/1248/1248 1252/1252/1252
f 1254/1254/1254 1247/1247/1247 1251/1251/1251
f 1252/1252/1252 1247/1247/1247 1254/1254/1254
f 1251/1251/1251 1241/1241/1241 1255/1255/1255
f 1254/1254/1254 1251/1251/1251 1255/1255/1255
f 1249/1249/1249 1256/1256/1256 1241/1241/1241
f 1241/1241/1241 1256/1256/1256 1255/1255/1255
f 1257/1257/1257 1253/1253/1253 1252/1252/1252
f 1253/1253/1253 1257/1257/1257 1258/1258/1258
f 1259/1259/1259 1252/1252/1252 1254/1254/1254
f 1257/1257/1257 1252/1252/1252 1259/1259/1259
f 1256/1256/1256 1249/1249/1249 1260/1260/1260
f 1249/1249/1249 1250/1250/1250 1260/1260/1260
f 1255/1255/1255 1256/1256/1256 1261/1261/1261
f 1256/1256/1256 1260/1260/1260 1261/1261/1261
f 1262/1262/1262 1254/1254/1254 1255/1255/1255
f 1259/1259/1259 1254/1254/1254 1262/1262/1262
f 1255/1255/1255 1261/1261/1261 1262/1262/1262
f 1257/1257/1257 1263/1263/1263 1258/1258/1258
f 1263/1263/1263 1264/1264/1264 1258/1258/1258
f 1264/1264/1264 1265/1265/1265 1258/1258/1258
f 1147/1147/1147 1265/1265/1265 1264/1264/1264
f 1266/1266/1266 1257/1257/1257 1259/1259/1259
f 1257/1257/1257 1266/1266/1266 1263/1263/1263
f 1267/1267/1267 1259/1259/1259 1262/1262/1262
f 1266/1266/1266 1259/1259/1259 1267/1267/1267
f 1261/1261/1261 1268/1268/1268 1262/1262/1262
f 1262/1262/1262 1268/1268/1268 1267/1267/1267
f 1269/1269/1269 1261/1261/1261 1260/1260/1260
f 1261/1261/1261 1269/1269/1269 1268/1268/1268
f 1270/1270/1270 1147/1147/1147 1264/1264/1264
f 1147/1147/1147 1270/1270/1270 1146/1146/1146
f 1146/1146/1146 1270/1270/1270 1271/1271/1271
f 1142/1142/1142 1146/1146/1146 1271/1271/1271
f 1264/1264/1264 1263/1263/1263 1272/1272/1272
f 1266/1266/1266 1272/1272/1272 1263/1263/1263
f 1273/1273/1273 1270/1270/1270 1264/1264/1264
f 1270/1270/1270 1273/1273/1273 1271/1271/1271
f 1274/1274/1274 1269/1269/1269 1260/1260/1260
f 1260/1260/1260 1250/1250/1250 1274/1274/1274
f 1275/1275/1275 1142/1142/1142 1271/1271/1271
f 1142/1142/1142 1275/1275/1275 1148/1148/1148
f 1276/1276/1276 1264/1264/1264 1272/1272/1272
f 1276/1276/1276 1273/1273/1273 1264/1264/1264
f 1250/1250/1250 1277/1277/1277 1274/1274/1274
f 1250/1250/1250 1239/1239/1239 1277/1277/1277
f 1239/1239/1239 1235/1235/1235 1277/1277/1277
f 1277/1277/1277 1235/1235/1235 1278/1278/1278
f 1274/1274/1274 1277/1277/1277 1278/1278/1278
f 1235/1235/1235 1217/1217/1217 1278/1278/1278
f 1279/1279/1279 1274/1274/1274 1278/1278/1278
f 1274/1274/1274 1279/1279/1279 1269/1269/1269
f 1280/1280/1280 1278/1278/1278 1217/1217/1217
f 1279/1279/1279 1278/1278/1278 1280/1280/1280
f 1218/1218/1218 1280/1280/1280 1217/1217/1217
f 1222/1222/1222 1280/1280/1280 1218/1218/1218
f 1281/1281/1281 1279/1279/1279 1280/1280/1280
f 1280/1280/1280 1222/1222/1222 1281/1281/1281
f 1279/1279/1279 1282/1282/1282 1269/1269/1269
f 1282/1282/1282 1279/1279/1279 1281/1281/1281
f 1222/1222/1222 1283/1283/1283 1281/1281/1281
f 1222/1222/1222 1197/1197/1197 1283/1283/1283
f 1269/1269/1269 1282/1282/1282 1284/1284/1284
f 1269/1269/1269 1284/1284/1284 1268/1268/1268
f 1285/1285/1285 1282/1282/1282 1281/1281/1281
f 1281/1281/1281 1283/1283/1283 1285/1285/1285
f 1282/1282/1282 1285/1285/1285 1284/1284/1284
f 1268/1268/1268 1284/1284/1284 1286/1286/1286
f 1267/1267/1267 1268/1268/1268 1286/1286/1286
f 1285/1285/1285 1287/1287/1287 1284/1284/1284
f 1286/1286/1286 1284/1284/1284 1287/1287/1287
f 1197/1197/1197 1288/1288/1288 1283/1283/1283
f 1288/1288/1288 1197/1197/1197 1198/1198/1198
f 1283/1283/1283 1289/1289/1289 1285/1285/1285
f 1287/1287/1287 1285/1285/1285 1289/1289/1289
f 1288/1288/1288 1290/1290/1290 1283/1283/1283
f 1290/1290/1290 1289/1289/1289 1283/1283/1283
f 1288/1288/1288 1198/1198/1198 1290/1290/1290
f 1291/1291/1291 1289/1289/1289 1290/1290/1290
f 1291/1291/1291 1287/1287/1287 1289/1289/1289
f 1198/1198/1198 1292/1292/1292 1290/1290/1290
f 1291/1291/1291 1290/1290/1290 1292/1292/1292
f 1292/1292/1292 1198/1198/1198 1293/1293/1293
f 1198/1198/1198 1191/1191/1191 1293/1293/1293
f 1293/1293/1293 1191/1191/1191 1163/1163/1163
f 1294/1294/1294 1292/1292/1292 1293/1293/1293
f 1294/1294/1294 1291/1291/1291 1292/1292/1292
f 1293/1293/1293 1163/1163/1163 1295/1295/1295
f 1295/1295/1295 1294/1294/1294 1293/1293/1293
f 1163/1163/1163 1164/1164/1164 1295/1295/1295
f 1296/1296/1296 1294/1294/1294 1295/1295/1295
f 1295/1295/1295 1164/1164/1164 1296/1296/1296
f 1291/1291/1291 1294/1294/1294 1296/1296/1296
f 1164/1164/1164 1165/1165/1165 1296/1296/1296
f 1287/1287/1287 1291/1291/1291 1297/1297/1297
f 1297/1297/1297 1291/1291/1291 1296/1296/1296
f 1296/1296/1296 1165/1165/1165 1298/1298/1298
f 1296/1296/1296 1298/1298/1298 1297/1297/1297
f 1299/1299/1299 1287/1287/1287 1297/1297/1297
f 1299/1299/1299 1286/1286/1286 1287/1287/1287
f 1299/1299/1299 1297/1297/1297 1300/1300/1300
f 1299/1299/1299 1300/1300/1300 1286/1286/1286
f 1165/1165/1165 1301/1301/1301 1298/1298/1298
f 1165/1165/1165 1150/1150/1150 1301/1301/1301
f 1150/1150/1150 1148/1148/1148 1301/1301/1301
f 1275/1275/1275 1301/1301/1301 1148/1148/1148
f 1301/1301/1301 1275/1275/1275 1298/1298/1298
f 1298/1298/1298 1302/1302/1302 1297/1297/1297
f 1297/1297/1297 1302/1302/1302 1300/1300/1300
f 1275/1275/1275 1303/1303/1303 1298/1298/1298
f 1302/1302/1302 1298/1298/1298 1303/1303/1303
f 1303/1303/1303 1275/1275/1275 1271/1271/1271
f 1304/1304/1304 1303/1303/1303 1271/1271/1271
f 1271/1271/1271 1273/1273/1273 1304/1304/1304
f 1305/1305/1305 1302/1302/1302 1303/1303/1303
f 1303/1303/1303 1304/1304/1304 1305/1305/1305
f 1273/1273/1273 1306/1306/1306 1304/1304/1304
f 1304/1304/1304 1306/1306/1306 1305/1305/1305
f 1306/1306/1306 1273/1273/1273 1276/1276/1276
f 1302/1302/1302 1305/1305/1305 1307/1307/1307
f 1306/1306/1306 1307/1307/1307 1305/1305/1305
f 1300/1300/1300 1302/1302/1302 1307/1307/1307
f 1308/1308/1308 1306/1306/1306 1276/1276/1276
f 1307/1307/1307 1306/1306/1306 1308/1308/1308
f 1276/1276/1276 1272/1272/1272 1308/1308/1308
f 1307/1307/1307 1309/1309/1309 1300/1300/1300
f 1309/1309/1309 1307/1307/1307 1308/1308/1308
f 1272/1272/1272 1310/1310/1310 1308/1308/1308
f 1309/1309/1309 1308/1308/1308 1310/1310/1310
f 1310/1310/1310 1272/1272/1272 1266/1266/1266
f 1311/1311/1311 1310/1310/1310 1266/1266/1266
f 1310/1310/1310 1311/1311/1311 1309/1309/1309
f 1311/1311/1311 1266/1266/1266 1267/1267/1267
f 1309/1309/1309 1312/1312/1312 1300/1300/1300
f 1311/1311/1311 1312/1312/1312 1309/1309/1309
f 1312/1312/1312 1311/1311/1311 1267/1267/1267
f 1300/1300/1300 1312/1312/1312 1286/1286/1286
f 1286/1286/1286 1312/1312/1312 1267/1267/1267
