g Rod_Nightmare_Head
v 0.0887456089 -0.0600653067 0.0325347073
v 0.100127526 -0.0573944077 0.0298422929
v 0.0966940075 -0.0669324473 -0.0127037056
v 0.0773712918 -0.0572821796 0.0400571823
v 0.0777716488 -0.0655903593 0.036501646
v 0.062788792 -0.0527361296 0.0395897888
v 0.0391880013 0.102423549 0.0211942922
v 0.031374 0.116340555 0.0175812934
v 0.0168590024 0.0688525364 0.0154412938
v 0.0556520037 0.101610564 0.0212542936
v 0.0391880013 0.102423549 0.0211942922
v 0.055447001 0.0829845443 0.021279294
v 0.0639870018 0.0723475665 0.0231522936
v 0.0346830003 0.04584755 0.0218002927
v 0.0794930011 0.0668715686 0.0237172935
v 0.052717004 0.0202225484 0.0214612931
v 0.078625001 0.0488764942 0.0235952921
v 0.0828379989 0.0366335288 0.0237712935
v 0.0898290053 0.0303375237 0.0229732934
v 0.103737012 0.0280554965 0.0152652925
v 0.0814368054 -0.00807823148 0.0166292917
v 0.0343440026 0.120152511 -0.0255317055
v 0.0168590024 0.0688525364 0.0154412938
v 0.031374 0.116340555 0.0175812934
v 0.0315649994 0.117849194 -0.0665419921
v 0.0406450033 0.105433345 -0.0728219002
v 0.0180740021 0.0706915259 -0.0654377043
v 0.0560020022 0.100683592 -0.0734849051
v 0.0406450033 0.105433345 -0.0728219002
v 0.0547400042 0.0839551538 -0.0736051574
v 0.0662930012 0.0697369352 -0.0762451887
v 0.0362910032 0.0469675437 -0.066688709
v 0.0803479925 0.0679181665 -0.0767013878
v 0.0653920025 0.0157005303 -0.0657707006
v 0.0819480047 0.049975507 -0.0746107101
v 0.0906509981 0.0360305011 -0.0728707016
v 0.105351999 0.0316065215 -0.0729627013
v 0.0837759972 0.00285949698 -0.0643847063
v -0.00460895756 -0.140392303 0.0313990898
v -0.0109090488 -0.137480766 0.0313221328
v -0.00853400119 -0.131430209 0.0315808356
v 0.0389830656 0.0230548847 0.0411028676
v 0.0263609458 0.0231886283 0.0425458811
v 0.0460212082 0.0403103642 0.0411588959
v 0.102708869 -0.0457717106 0.0302232951
v 0.0966940075 -0.0669324473 -0.0127037056
v 0.100127526 -0.0573944077 0.0298422929
v 0.00872200169 -0.162411496 0.0318782926
v 0.0411340035 -0.152729258 0.0317461155
v 0.038888 -0.156382442 0.00660329312
v 0.0219359193 -0.0691107959 0.0684778988
v 0.0220572967 -0.0759973899 0.0643266886
v 0.00872200169 -0.0762594566 0.0643182918
v -0.00390915154 -0.0705916584 0.0682705119
v 0.00872200169 -0.0762594566 0.0643182918
v -0.00401471741 -0.0774792433 0.0641394779
v -0.0337880068 -0.00733566284 0.0468310155
v -0.020778561 -0.0155854793 0.0444470979
v -0.0158895701 -0.0224380493 0.0491473675
v 0.0157697033 0.01425354 0.0448847562
v 0.00872200169 0.0379235074 0.0427872948
v 0.0460212082 0.0403103642 0.0411588959
v 0.0157697033 0.01425354 0.0448847562
v 0.0460212082 0.0403103642 0.0411588959
v 0.0263609458 0.0231886283 0.0425458811
v 0.0846976712 -0.0508608222 0.0396901481
v 0.0773712918 -0.0572821796 0.0400571823
v 0.0750250593 -0.0558822602 0.0516922548
v 0.0846976712 -0.0508608222 0.0396901481
v 0.0750250593 -0.0558822602 0.0516922548
v 0.083285667 -0.0491779335 0.0505275913
v 0.0082658818 -0.145879209 0.0358734727
v -0.0170044415 -0.14322494 0.0348434672
v -0.00308496458 -0.143298566 0.0377551243
v 0.0645106435 -0.0307428744 0.0626545995
v 0.0566824488 -0.0357741527 0.0622787848
v 0.0520758331 -0.0330272652 0.0525714681
v 0.05967848 -0.0492012016 0.059758652
v 0.0510290861 -0.0417161547 0.0542570949
v 0.0563816056 -0.044493407 0.060777273
v 0.0563816056 -0.044493407 0.060777273
v 0.0674025491 -0.0429483801 0.0636812747
v 0.0707967132 -0.0522378534 0.0578900687
v 0.0563816056 -0.044493407 0.060777273
v 0.0707967132 -0.0522378534 0.0578900687
v 0.05967848 -0.0492012016 0.059758652
v 0.0517209992 0.0826565549 0.0365452915
v 0.052513998 0.0987765491 0.034614291
v 0.0556520037 0.101610564 0.0212542936
v 0.0517209992 0.0826565549 0.0365452915
v 0.0556520037 0.101610564 0.0212542936
v 0.055447001 0.0829845443 0.021279294
v -0.0550096296 0.115115352 -0.0535269156
v -0.0729849935 0.134326547 -0.0552077033
v -0.0564406924 0.114055708 -0.053268455
v 0.0298052095 -0.128354415 0.0304285791
v 0.0222870205 -0.121534571 0.0304024667
v 0.0182685032 -0.116545103 0.0327584483
v -0.00548173301 -0.127306357 0.0398874246
v 0.00162771938 -0.12031547 0.0334732085
v -0.000447167753 -0.125713423 0.0406600758
v -0.00397443306 -0.1376165 0.0411359966
v -0.00719811767 -0.131882086 0.0391938165
v -0.00548173301 -0.127306357 0.0398874246
v -0.00397443306 -0.1376165 0.0411359966
v -0.00548173301 -0.127306357 0.0398874246
v -0.00243792287 -0.134326249 0.0434811376
v -0.0519139953 0.162838519 0.00455929292
v -0.0589299947 0.176881552 0.00647629239
v -0.0487619974 0.182865515 -0.00762670627
v -0.0519139953 0.162838519 0.00455929292
v -0.0487619974 0.182865515 -0.00762670627
v -0.0484410003 0.173988491 -0.00137170672
v -0.041950997 0.174911499 -0.0261437055
v -0.0487619974 0.182865515 -0.00762670627
v -0.045436997 0.1839495 -0.0255427063
v -0.105230004 0.151692495 -0.00313470606
v -0.0881089941 0.147606507 0.00812129211
v -0.103143997 0.1478955 -0.00212670676
v -0.0557133481 -0.0638931245 0.0521688052
v -0.0444070622 -0.0619559474 0.0401046537
v -0.0581800155 -0.0653598756 0.0406628773
v -0.0626949966 0.132208556 0.0115327407
v -0.0804729983 0.143867493 0.00862929318
v -0.0881089941 0.147606507 0.00812129211
v -0.0626949966 0.132208556 0.0115327407
v -0.0881089941 0.147606507 0.00812129211
v -0.0741739944 0.152119517 0.0112412926
v -0.108328991 0.145769492 -0.0147827063
v -0.103143997 0.1478955 -0.00212670676
v -0.0881089941 0.147606507 0.00812129211
v 0.0201048553 -0.00695381127 0.0449242778
v 0.0216940064 -0.0115838619 0.0350266993
v 0.0232866947 -0.00884170551 0.0444626696
v 0.0389830656 0.0230548847 0.0411028676
v 0.0383012109 0.0188182071 0.0351447724
v 0.0271988045 0.0182002261 0.0357813649
v 0.0198896714 -0.00291366572 0.0385085158
v 0.0317837559 0.00358894351 0.0349028967
v 0.0221879184 -0.00703460677 0.0385175049
v 0.0423187166 -0.0373603813 -0.0780416727
v 0.0230634548 -0.052441787 -0.0797149613
v 0.0270295907 -0.0489411168 -0.0784785897
v -0.0316759422 0.0693980381 -0.090456605
v -0.0207674783 0.048844222 -0.0890942439
v -0.0195714422 0.0521186814 -0.0847789496
v -0.0316759422 0.0693980381 -0.090456605
v -0.0195714422 0.0521186814 -0.0847789496
v -0.013473277 0.0516219325 -0.0893212333
v 0.0423187166 -0.0373603813 -0.0780416727
v 0.0475959256 -0.0362630449 -0.0773395598
v 0.0622775033 -0.00677841157 -0.0775617212
v 0.0414741263 -0.0486723334 -0.077441439
v 0.0270295907 -0.0489411168 -0.0784785897
v 0.0935960785 -0.0762738809 0.0295968167
v 0.0887456089 -0.0600653067 0.0325347073
v 0.0966940075 -0.0669324473 -0.0127037056
v 0.0885440409 -0.0650117472 0.0346587636
v 0.0846976712 -0.0508608222 0.0396901481
v 0.0890040174 -0.034866944 0.0403517224
v 0.083285667 -0.0491779335 0.0505275913
v 0.0850161761 -0.036860276 0.049439583
v 0.0771590248 -0.0472616553 0.0580950454
v 0.0791218653 -0.0396927632 0.0582688972
v 0.0729005486 -0.0310789477 0.0607031509
v 0.074998185 -0.0246483609 0.0538505651
v 0.0766931921 -0.0206758883 0.0458893776
v -0.0120666763 -0.139774546 0.0382507183
v -0.00308496458 -0.143298566 0.0377551243
v -0.0170044415 -0.14322494 0.0348434672
v -0.0197350457 -0.120986938 0.0374294519
v -0.020778561 -0.0155854793 0.0444470979
v -0.0113154696 -0.0166543573 0.0455593877
v -0.0158895701 -0.0224380493 0.0491473675
v -0.00211530924 -0.0132208252 0.0552704781
v -0.00602770317 -0.0144446557 0.0441868566
v -0.00390637247 -0.0133259576 0.045768965
v -0.00112299796 -0.0161994938 0.0700142905
v -0.0103159975 -0.0192154683 0.0629412904
v -0.0258227531 -0.0284430683 0.0482372642
v -0.0235499591 -0.0302931964 0.0584233478
v -0.0307963453 -0.0410210416 0.0433177091
v -0.0301536117 -0.0400664508 0.0553074814
v -0.0228719972 -0.0302454364 0.0717192888
v -0.00907699764 -0.0209664907 0.0798042938
v -0.0113019962 -0.031586457 0.0857052952
v 0.00019500195 -0.0319815055 0.0907842889
v 0.000399002427 -0.0214294437 0.086154297
v 0.00872200169 -0.0207294468 0.0866452977
v 0.00872200169 -0.0317704752 0.0916322991
v 0.00872200169 -0.0154854581 0.0710562989
v 0.00872200169 -0.0122348024 0.0557004809
v 0.0197190456 -0.0110910796 0.0535037704
v 0.00767456694 -0.00903427135 0.0500767976
v 0.00872200169 -0.00324150082 0.0486338809
v -0.0589323118 -0.0711525679 0.0372647457
v -0.0581800155 -0.0653598756 0.0406628773
v -0.0444070622 -0.0619559474 0.0401046537
v -0.0594957396 -0.07677643 0.0352335647
v -0.0381307416 -0.0750079304 0.0377216227
v -0.0280123465 -0.0997386947 0.0379494391
v -0.0761461705 -0.0763045475 0.0296015181
v -0.070358254 -0.066822581 0.0348078795
v -0.0401478186 -0.10342636 0.0368997641
v -0.0197350457 -0.120986938 0.0374294519
v -0.0550963357 -0.108459696 0.0302424021
v -0.0272188559 -0.12372078 0.0340567231
v -0.0372835621 -0.131048739 0.0310771205
v -0.0170044415 -0.14322494 0.0348434672
v -0.0234375801 -0.15242897 0.0318098739
v 0.00868497882 -0.150977165 0.035303507
v 0.00872200169 -0.162411496 0.0318782926
v 0.0082658818 -0.145879209 0.0358734727
v 0.0338937528 -0.142613977 0.0345376283
v 0.0411340035 -0.152729258 0.0317461155
v 0.018076729 -0.140650257 0.0372327715
v 0.0268647298 -0.136372223 0.0374773517
v 0.0564177372 -0.132792577 0.0306742396
v 0.0366656408 -0.119790725 0.0366596282
v 0.0461730771 -0.125078738 0.033540532
v 0.0753034577 -0.10894157 0.0296238288
v 0.0605486445 -0.104016341 0.0329657458
v 0.0460769609 -0.099439621 0.036139667
v 0.0935960785 -0.0762738809 0.0295968167
v 0.0779740587 -0.0730942488 0.0339768603
v 0.0624724478 -0.0696957409 0.0380516984
v 0.062788792 -0.0527361296 0.0395897888
v 0.0777716488 -0.0655903593 0.036501646
v 0.0885440409 -0.0650117472 0.0346587636
v 0.0773712918 -0.0572821796 0.0400571823
v 0.0846976712 -0.0508608222 0.0396901481
v -0.0484804474 -0.0639730021 0.0533639602
v -0.037851911 -0.0584765598 0.0530652702
v -0.0444070622 -0.0619559474 0.0401046537
v -0.0519413874 -0.059967801 0.0581265539
v -0.0419360213 -0.0566735826 0.0598153472
v -0.0340277664 -0.0501748659 0.0539640971
v -0.0387762934 -0.0523370355 0.060646534
v -0.0315826871 -0.0498076603 0.0488747098
v -0.0386113189 -0.0446948223 0.0620206445
v -0.0307963453 -0.0410210416 0.0433177091
v -0.0346764587 -0.0429443344 0.0520821474
v 0.0773473606 0.0145744318 0.0397952907
v 0.0877339989 0.0274385065 0.0375472941
v 0.112705991 0.0211755373 0.0306232944
v 0.0569440015 0.0140788266 0.0417692922
v 0.0804179907 0.0351395421 0.0377952941
v 0.0507843718 -0.00880859327 0.044530496
v 0.0453547612 -0.00468559237 0.0415782928
v 0.0756039992 0.0459225439 0.038189292
v 0.0496360809 0.0100445552 0.0430911146
v 0.0460212082 0.0403103642 0.0411588959
v 0.0389830656 0.0230548847 0.0411028676
v 0.0768259987 0.065215528 0.0355722904
v 0.0612340011 0.06997253 0.0367642939
v 0.00872200169 0.0379235074 0.0427872948
v 0.00872200169 0.0726145133 0.0394442901
v 0.0517209992 0.0826565549 0.0365452915
v 0.052513998 0.0987765491 0.034614291
v 0.0374510027 0.101419523 0.0355402902
v 0.0279370025 0.10934753 0.0350162946
v -0.0425836071 0.0451867655 0.0415813066
v -0.00978600141 0.0142712398 0.0440385044
v -0.0174689982 0.0735224932 0.0386422947
v -0.00626412733 0.00596176134 0.0444799028
v 0.0100100012 0.108571544 0.0352642946
v 0.00805900153 0.130104527 0.0301912948
v 0.0243570004 0.130351558 0.0297012925
v -0.0136299962 0.127909541 0.0322042927
v -0.0126229972 0.109005503 0.0351092927
v -0.0408039987 0.0898725092 0.0352662914
v -0.0377049968 0.0945785493 0.0350712948
v -0.0392999984 0.100105509 0.0337402932
v -0.041207999 0.119894557 0.0310612936
v 0.00872200169 0.00650550844 0.0442602895
v 0.00872200169 -0.00324150082 0.0486338809
v -0.0060594175 -0.00627502427 0.0446116254
v -0.00390637247 -0.0133259576 0.045768965
v 0.0143526122 0.00569129921 0.0448418781
v 0.0157697033 0.01425354 0.0448847562
v 0.0171504859 -0.00458900444 0.0467600524
v 0.0201048553 -0.00695381127 0.0449242778
v 0.00767456694 -0.00903427135 0.0500767976
v -0.0421019979 0.0701914951 0.0368582942
v -0.0408039987 0.0898725092 0.0352662914
v -0.0174689982 0.0735224932 0.0386422947
v -0.0438319966 0.053137511 0.0377782919
v -0.0425836071 0.0451867655 0.0415813066
v -0.0581599995 0.0459225439 0.038189292
v -0.0564109981 0.0648325309 0.036075294
v -0.0808169916 0.085332565 0.0315862894
v -0.0902029946 0.0612055175 0.0316742919
v -0.068539992 0.0333164968 0.0377782919
v -0.094239004 0.0380915068 0.0311552919
v -0.0509329066 0.0106961057 0.0441931151
v -0.0681509674 0.0111106103 0.0425264351
v -0.0938289985 0.0199545287 0.031574294
v -0.0655496418 -0.00888435356 0.0439051986
v -0.0896710008 -0.0138755031 0.0313672945
v -0.0557869934 -0.0227134693 0.0435002893
v -0.0684779957 -0.028545456 0.0406362899
v -0.0689011142 -0.0412416086 0.0400377735
v -0.0565880015 -0.0304631796 0.0458313078
v -0.0467668176 -0.0135219572 0.0445598513
v -0.0337880068 -0.00733566284 0.0468310155
v -0.0158895701 -0.0224380493 0.0491473675
v -0.0335382558 0.01213005 0.0486833081
v -0.0396123976 0.0381777175 0.0428846441
v -0.0195634402 0.0216493215 0.0437848642
v -0.00978600141 0.0142712398 0.0440385044
v 0.00359600247 0.131794125 -0.0858857483
v -0.0183359981 0.130517811 -0.0858063772
v 0.00686900178 0.10967575 -0.0888654813
v -0.0375280008 0.128229141 -0.086126551
v -0.0351269953 0.100280985 -0.0878996029
v 0.0091520017 0.080166854 -0.0908191875
v -0.0354639962 0.0938279703 -0.0895011127
v -0.0316759422 0.0693980381 -0.090456605
v -0.0377599932 0.0932308957 -0.0868075639
v -0.0344159454 0.0722646341 -0.090422377
v 0.00358173181 0.0689771995 -0.0902846009
v -0.0059712776 0.0544786826 -0.0895546824
v -0.013473277 0.0516219325 -0.0893212333
v 0.0528450012 0.0842601731 -0.0881722271
v 0.00495081209 0.0568114445 -0.0898218155
v 0.0214903913 0.0417714678 -0.0895382985
v 0.0517529994 0.0980945602 -0.0874132589
v 0.0371420011 0.102707975 -0.088347353
v 0.0648180023 0.0683134422 -0.0881221369
v 0.0394456014 0.0413047783 -0.0897542834
v 0.0255830027 0.113550335 -0.0879962817
v 0.0113387657 0.11060112 -0.0886578709
v 0.0110164927 0.132107005 -0.0854121298
v 0.0240040012 0.132654563 -0.0845831633
v 0.045642186 0.0234207902 -0.0896381065
v 0.078373 0.0648548082 -0.0879085734
v 0.0789460018 0.0486180112 -0.0886478797
v 0.0855790004 0.0302263629 -0.0876403898
v 0.0343223214 0.00728858914 -0.0890779272
v 0.0589691959 -0.00655830372 -0.0893014222
v 0.0428642556 -0.0363511667 -0.0896183103
v 0.0153935915 -0.0141091151 -0.0903422534
v 0.0423187166 -0.0373603813 -0.0896290466
v 0.00872200169 -0.0366191082 -0.0916322991
v -0.000349137787 -0.00938049331 -0.0900735334
v -0.0219096392 -0.0452992991 -0.0899339393
v -0.0196931716 -0.017674027 -0.0900206044
v -0.0523141325 -0.00754264835 -0.0886202604
v -0.0371998698 0.00376693718 -0.0896311924
v -0.0292860288 0.000498886104 -0.0901585072
v -0.0472426116 -0.0378536209 -0.0882953405
v -0.0259983167 -0.071938321 -0.0887682512
v -0.0555809736 0.0311350245 -0.0889906585
v -0.0321321338 0.0316201784 -0.0888911113
v -0.0539275818 0.0464962013 -0.0877731293
v -0.050789997 0.0710486621 -0.0892661735
v -0.0939029828 0.0532855205 -0.0851927102
v -0.093754001 0.0283325184 -0.0873127058
v -0.0894009918 -0.0106764985 -0.0864517018
v -0.0807790011 -0.038593445 -0.086295709
v -0.0721569955 -0.0665094778 -0.0861397088
v -0.0528629944 -0.108198546 -0.0833787024
v -0.0330051407 -0.104018323 -0.0869237185
v -0.0254189968 -0.132684931 -0.0860418007
v 0.00872200169 -0.11376594 -0.089981012
v 0.00872200169 -0.0995181277 -0.0907401815
v -0.0189803671 -0.0780773163 -0.0891634524
v 0.00872200169 -0.13499245 -0.0888499916
v 0.0389516763 -0.103779063 -0.087126717
v 0.00872200169 -0.145160437 -0.0847692639
v -0.0125453565 -0.143298715 -0.0836981162
v 0.00872200169 -0.150495291 -0.0844509229
v -0.0125453565 -0.14863418 -0.0834186822
v 0.0308206603 -0.14863418 -0.0820598006
v 0.0308206603 -0.143298715 -0.0823392347
v 0.0428630002 -0.132684931 -0.0860418007
v 0.0703070015 -0.108198546 -0.0833787024
v 0.0896010026 -0.0665094778 -0.0861397088
v 0.0590098985 -0.0658322871 -0.0880442858
v 0.0677619651 -0.0379215218 -0.0881119743
v 0.0982230008 -0.038593445 -0.086295709
v 0.0783360451 -0.00826744083 -0.0881186873
v 0.106844991 -0.0106764985 -0.0864517018
v 0.111198001 0.0283325184 -0.0873127058
v 0.065585807 -0.00699851988 -0.088996768
v 0.0540940315 -0.0376200862 -0.0889269337
v 0.0479722284 -0.0500293709 -0.0890288129
v 0.0254114456 -0.0693169385 -0.0901659578
v 0.0273207221 -0.0511179343 -0.0902661458
v 0.0254114456 -0.0693169385 -0.0901659578
v 0.0232397355 -0.0674592555 -0.0863849968
v 0.0273207221 -0.0511179343 -0.0902661458
v 0.0232245438 -0.0556057729 -0.0876336098
v 0.00872200169 -0.0647190809 -0.0911751837
v 0.00872200169 -0.0520983115 -0.0913804919
v -0.010785115 -0.0588940419 -0.0894480497
v 0.0240040012 0.132654563 -0.0845831633
v 0.0255830027 0.113550335 -0.0879962817
v 0.0315649994 0.117849194 -0.0665419921
v 0.0343440026 0.120152511 -0.0255317055
v 0.0285030026 0.134422526 -0.0269087069
v -0.0875099897 0.0792245492 -0.0859357044
v -0.0939029828 0.0532855205 -0.0851927102
v -0.050789997 0.0710486621 -0.0892661735
v -0.0809740052 0.0957025141 -0.0853767097
v -0.0634299964 0.0871419534 -0.0881280899
v -0.0780999959 0.0956615433 -0.0837327093
v -0.061948996 0.0884863287 -0.0855440199
v -0.0593459979 0.109067149 -0.0821888521
v -0.0511699952 0.0729866028 -0.0866158158
v -0.0377599932 0.0932308957 -0.0868075639
v -0.0344159454 0.0722646341 -0.090422377
v -0.0316759422 0.0693980381 -0.090456605
v -0.0729849935 0.134326547 -0.0552077033
v -0.0734649971 0.133656532 -0.0563637055
v -0.0564406924 0.114055708 -0.053268455
v -0.0909919888 0.143530503 -0.0598537065
v -0.0902469978 0.14482154 -0.0591387078
v -0.0707589909 0.13307251 -0.0513957068
v -0.0550096296 0.115115352 -0.0535269156
v -0.0850499868 0.140033484 -0.0504867062
v -0.101322994 0.14819549 -0.0552147031
v -0.100848995 0.14656952 -0.056401711
v -0.0955299959 0.142436519 -0.0455557033
v -0.100890994 0.143987507 -0.0418137051
v -0.106676996 0.14864853 -0.0509997085
v -0.107835993 0.144734487 -0.0294317044
v -0.115377992 0.146588519 -0.0326267034
v -0.114715002 0.147076488 -0.0113607058
v -0.108328991 0.145769492 -0.0147827063
v -0.0881089941 0.147606507 0.00812129211
v -0.102544002 0.150307536 0.0098152943
v -0.0924509987 0.149856493 0.0159252919
v -0.0804729983 0.143867493 0.00862929318
v -0.0827450007 0.147552565 0.0169552937
v -0.0626949966 0.132208556 0.0115327407
v -0.0357819982 0.0997621864 -0.0865221173
v -0.0384709984 0.123054117 -0.0839145184
v -0.0593459979 0.109067149 -0.0821888521
v -0.0377599932 0.0932308957 -0.0868075639
v -0.0275379959 0.129412532 -0.0134077054
v -0.0297599975 0.131218567 -0.0356957056
v -0.000372998096 0.135515511 -0.0301147066
v -0.0136299962 0.127909541 0.0322042927
v 0.00805900153 0.130104527 0.0301912948
v 0.0243570004 0.130351558 0.0297012925
v 0.0285030026 0.134422526 -0.0269087069
v -0.041207999 0.119894557 0.0310612936
v -0.040970996 0.12292251 0.00116329314
v -0.0455879979 0.118071519 0.00202329387
v -0.042918995 0.113651499 0.0282932911
v -0.0601439998 0.101041563 0.0288402904
v -0.0508209988 0.114939496 0.00401329529
v -0.0770579949 0.0849195048 0.0304502938
v -0.0669699907 0.105763547 -0.00344070676
v -0.0735539943 0.100895539 -0.0214537065
v -0.0802960023 0.0931555182 -0.0254617073
v -0.0808169916 0.085332565 0.0315862894
v -0.0834659934 0.0936135054 -0.0258197058
v -0.0902029946 0.0612055175 0.0316742919
v -0.0925399959 0.0762715116 -0.0280647054
v -0.0833830088 0.146016538 0.0175122917
v -0.0827450007 0.147552565 0.0169552937
v -0.0626949966 0.132208556 0.0115327407
v -0.0929330066 0.148343503 0.0162532926
v -0.0924509987 0.149856493 0.0159252919
v -0.103304997 0.148827508 0.010793292
v -0.0519139953 0.162838519 0.00455929292
v -0.055104997 0.158067554 0.0137862945
v -0.0524189994 0.13755852 0.00939456187
v -0.0527499951 0.169461519 0.0130192945
v -0.0488069989 0.119705275 -0.054648608
v -0.0428392254 0.123715438 -0.0504486822
v -0.0578549951 0.142184526 -0.0577717014
v -0.0383719951 0.128068537 -0.0466967039
v -0.0441819988 0.146919549 -0.0500317067
v -0.0297599975 0.131218567 -0.0356957056
v -0.0583909974 0.158325493 -0.0627557039
v -0.0351389982 0.150355533 -0.0378537066
v -0.0275379959 0.129412532 -0.0134077054
v -0.0332599953 0.150460511 -0.013243706
v -0.040970996 0.12292251 0.00116329314
v -0.0447619967 0.138751522 0.0046505616
v -0.0490450002 0.160724565 -0.0553087033
v -0.053256996 0.174535513 -0.0599387065
v -0.0492269993 0.180418551 -0.0544257052
v -0.0385399945 0.166308507 -0.0402127057
v -0.0456219949 0.16219154 -0.0518407039
v -0.0443119928 0.182969511 -0.046693705
v -0.0353089981 0.16861251 -0.0219947044
v -0.0397679992 0.186587527 -0.0239237063
v -0.0376429968 0.166685551 -0.00642870646
v -0.0419449992 0.185199499 -0.00449570641
v -0.042698998 0.162524566 0.00507529266
v -0.0480779968 0.157626495 0.010685293
v -0.0452219956 0.179920495 0.00573029276
v -0.0513129979 0.169435501 0.0136942929
v 0.0257994216 -0.13407813 0.0305441823
v 0.0192916002 -0.137202293 0.0307722818
v 0.0225828029 -0.126931608 0.0306040067
v 0.0222870205 -0.121534571 0.0304024667
v 0.0298052095 -0.128354415 0.0304285791
v -0.0882139951 0.162558511 -0.0565097034
v -0.0745389983 0.169697493 -0.058180701
v -0.0884779915 0.180623546 -0.0398197062
v -0.0618969947 0.176160499 -0.0539787039
v -0.0609179959 0.182151556 -0.0433187038
v -0.088383995 0.18315056 -0.0223667044
v -0.0582729951 0.185254514 -0.0250657052
v -0.045436997 0.1839495 -0.0255427063
v -0.0521949939 0.180884555 -0.0440927036
v -0.0561149977 0.183388516 -0.00583470566
v -0.0487619974 0.182865515 -0.00762670627
v -0.0589299947 0.176881552 0.00647629239
v -0.0848419964 0.180056527 -0.00346470578
v -0.0704289973 0.171691507 0.012494294
v -0.0828639939 0.165047526 0.0138162943
v -0.0955310017 0.15635857 0.00766129233
v -0.0848419964 0.180056527 -0.00346470578
v -0.0998220071 0.161459506 -0.00281770574
v -0.105230004 0.151692495 -0.00313470606
v -0.110259987 0.149810553 -0.0214227047
v -0.103015989 0.16257453 -0.0230427068
v -0.088383995 0.18315056 -0.0223667044
v -0.101723991 0.161960527 -0.0391557068
v -0.106391996 0.151684493 -0.0407077074
v -0.0884779915 0.180623546 -0.0398197062
v -0.0969899893 0.155485526 -0.0519407056
v -0.0882139951 0.162558511 -0.0565097034
v -0.0487619974 0.182865515 -0.00762670627
v -0.0434639975 0.174570531 -0.0117297061
v -0.0484410003 0.173988491 -0.00137170672
v -0.041950997 0.174911499 -0.0261437055
v -0.0521949939 0.180884555 -0.0440927036
v -0.0609179959 0.182151556 -0.0433187038
v -0.0618969947 0.176160499 -0.0539787039
v -0.0482969992 0.176505506 -0.0430507064
v -0.045436997 0.1839495 -0.0255427063
v -0.041950997 0.174911499 -0.0261437055
v -0.0522509962 0.168803558 -0.0493767075
v -0.0745389983 0.169697493 -0.058180701
v -0.0604119971 0.157525554 -0.0548617058
v -0.0882139951 0.162558511 -0.0565097034
v -0.0790959969 0.148721546 -0.0560957044
v -0.0707589909 0.13307251 -0.0513957068
v -0.0586109944 0.139826506 -0.0527427047
v -0.0507156365 0.118292846 -0.0543032922
v -0.0550096296 0.115115352 -0.0535269156
v -0.0790959969 0.148721546 -0.0560957044
v -0.0850499868 0.140033484 -0.0504867062
v -0.0707589909 0.13307251 -0.0513957068
v -0.0882139951 0.162558511 -0.0565097034
v -0.0969899893 0.155485526 -0.0519407056
v -0.0955299959 0.142436519 -0.0455557033
v -0.100890994 0.143987507 -0.0418137051
v -0.106391996 0.151684493 -0.0407077074
v -0.0368259959 -0.136868432 -0.0311247054
v -0.0322573557 -0.144426495 -0.0512875579
v -0.0125453565 -0.143298715 -0.0836981162
v -0.0125453565 -0.14863418 -0.0834186822
v -0.0346223786 -0.14976646 -0.0512875579
v -0.0368259959 -0.136868432 -0.0311247054
v -0.0125453565 -0.143298715 -0.0836981162
v -0.0254189968 -0.132684931 -0.0860418007
v -0.058957994 -0.111100465 -0.0310227051
v -0.0528629944 -0.108198546 -0.0833787024
v -0.0783689991 -0.067237474 -0.0307667051
v -0.0721569955 -0.0665094778 -0.0861397088
v -0.0807790011 -0.038593445 -0.086295709
v -0.0856999978 -0.040603485 -0.0313997082
v -0.0894009918 -0.0106764985 -0.0864517018
v -0.0930310041 -0.0139694978 -0.0320327058
v -0.093754001 0.0283325184 -0.0873127058
v -0.0982529968 0.0249445345 -0.030770706
v -0.0976840034 0.0481885523 -0.0291367043
v -0.0939029828 0.0532855205 -0.0851927102
v -0.0875099897 0.0792245492 -0.0859357044
v -0.0925399959 0.0762715116 -0.0280647054
v -0.0322573557 -0.144426495 -0.0512875579
v -0.0368259959 -0.136868432 -0.0311247054
v -0.0242129955 -0.15179047 -0.0112977065
v -0.0214439984 -0.156382442 0.00660329312
v -0.0234375801 -0.15242897 0.0318098739
v -0.0372835621 -0.131048739 0.0310771205
v -0.0550963357 -0.108459696 0.0302424021
v -0.058957994 -0.111100465 -0.0310227051
v -0.0783689991 -0.067237474 -0.0307667051
v -0.0761461705 -0.0763045475 0.0296015181
v -0.0856999978 -0.040603485 -0.0313997082
v -0.0828999877 -0.0450854488 0.0304832961
v -0.0930310041 -0.0139694978 -0.0320327058
v -0.0793119967 -0.0441144556 0.0328812934
v -0.070358254 -0.066822581 0.0348078795
v -0.0896710008 -0.0138755031 0.0313672945
v -0.0982529968 0.0249445345 -0.030770706
v -0.0684779957 -0.028545456 0.0406362899
v -0.0938289985 0.0199545287 0.031574294
v -0.0976840034 0.0481885523 -0.0291367043
v -0.094239004 0.0380915068 0.0311552919
v -0.0925399959 0.0762715116 -0.0280647054
v -0.0902029946 0.0612055175 0.0316742919
v -0.0689011142 -0.0412416086 0.0400377735
v -0.0654846206 -0.0570742786 0.0397865698
v -0.0581800155 -0.0653598756 0.0406628773
v -0.0589323118 -0.0711525679 0.0372647457
v -0.0557133481 -0.0638931245 0.0521688052
v -0.0637129918 -0.056552045 0.0506064408
v -0.0650510713 -0.0449480414 0.0492305085
v -0.057936769 -0.0552790835 0.0581353754
v -0.0596232861 -0.0483780652 0.0582019873
v -0.0519413874 -0.059967801 0.0581265539
v -0.0484804474 -0.0639730021 0.0533639602
v -0.0444070622 -0.0619559474 0.0401046537
v 0.00872200169 -0.162080452 0.0168342944
v 0.038888 -0.156382442 0.00660329312
v 0.0416569971 -0.15179047 -0.0112977065
v 0.00872200169 -0.162411496 0.0318782926
v -0.0214439984 -0.156382442 0.00660329312
v -0.0234375801 -0.15242897 0.0318098739
v -0.0242129955 -0.15179047 -0.0112977065
v 0.00907100178 -0.164836496 0.0140062924
v 0.00872200169 -0.162080452 0.0168342944
v 0.0416569971 -0.15179047 -0.0112977065
v 0.00907100178 -0.164836496 0.0140062924
v 0.00907100178 -0.170175478 0.0140062924
v 0.0416569971 -0.15713051 -0.0112977065
v -0.0226698034 -0.0732719377 -0.0773282498
v -0.0285526905 -0.0756925195 -0.0804301724
v -0.0315137319 -0.0982711762 -0.0755947828
v -0.0171888284 -0.056054458 -0.0781248957
v -0.0237344895 -0.0430765525 -0.0777676776
v 0.00872200169 -0.0366191082 -0.0800449178
v 0.00872200169 -0.049281843 -0.0797931105
v 0.0423187166 -0.0373603813 -0.0780416727
v 0.0230634548 -0.052441787 -0.0797149613
v 0.110475004 -0.0139694978 -0.011752707
v 0.115776993 0.0260235593 -0.0105347056
v 0.111198001 0.0283325184 -0.0873127058
v 0.106382996 0.028945541 -0.00718070613
v 0.105351999 0.0316065215 -0.0729627013
v 0.110475004 -0.0139694978 -0.011752707
v 0.111198001 0.0283325184 -0.0873127058
v 0.106844991 -0.0106764985 -0.0864517018
v 0.103143997 -0.040603485 -0.0111207068
v 0.0982230008 -0.038593445 -0.086295709
v 0.0966940075 -0.0669324473 -0.0127037056
v 0.0896010026 -0.0665094778 -0.0861397088
v 0.0703070015 -0.108198546 -0.0833787024
v 0.0764020011 -0.111100465 -0.0310227051
v 0.0428630002 -0.132684931 -0.0860418007
v 0.0542699993 -0.136868432 -0.0311247054
v 0.0308206603 -0.143298715 -0.0823392347
v 0.0505525731 -0.144426495 -0.0472277068
v 0.0505525731 -0.14976646 -0.0472277068
v 0.0308206603 -0.14863418 -0.0820598006
v 0.0753034577 -0.10894157 0.0296238288
v 0.0935960785 -0.0762738809 0.0295968167
v 0.0966940075 -0.0669324473 -0.0127037056
v 0.0764020011 -0.111100465 -0.0310227051
v 0.0542699993 -0.136868432 -0.0311247054
v 0.0564177372 -0.132792577 0.0306742396
v 0.0411340035 -0.152729258 0.0317461155
v 0.038888 -0.156382442 0.00660329312
v 0.0416569971 -0.15179047 -0.0112977065
v 0.0505525731 -0.144426495 -0.0472277068
v 0.0416569971 -0.15713051 -0.0112977065
v 0.0505525731 -0.14976646 -0.0472277068
v 0.102708869 -0.0457717106 0.0302232951
v 0.103143997 -0.040603485 -0.0111207068
v 0.110475004 -0.0139694978 -0.011752707
v 0.107392997 -0.0135971829 0.0313672945
v 0.107392997 -0.0135971829 0.0313672945
v 0.115776993 0.0260235593 -0.0105347056
v 0.110475004 -0.0139694978 -0.011752707
v 0.112705991 0.0211755373 0.0306232944
v 0.106382996 0.028945541 -0.00718070613
v 0.103737012 0.0280554965 0.0152652925
v 0.0877339989 0.0274385065 0.0375472941
v 0.0898290053 0.0303375237 0.0229732934
v 0.0257994216 -0.13407813 0.0305441823
v 0.018076729 -0.140650257 0.0372327715
v 0.0192916002 -0.137202293 0.0307722818
v 0.0268647298 -0.136372223 0.0374773517
v 0.0298052095 -0.128354415 0.0304285791
v 0.0348156914 -0.119403988 0.0302791763
v 0.0366656408 -0.119790725 0.0366596282
v 0.046173878 -0.0976029187 0.0299995206
v 0.0460769609 -0.099439621 0.036139667
v 0.060536053 -0.0667630732 0.0297246799
v 0.0624724478 -0.0696957409 0.0380516984
v 0.0572046824 -0.0505953208 0.0297804512
v 0.062788792 -0.0527361296 0.0395897888
v -0.0109090488 -0.137480766 0.0313221328
v -0.00460895756 -0.140392303 0.0313990898
v -0.00308496458 -0.143298566 0.0377551243
v -0.0120666763 -0.139774546 0.0382507183
v -0.0143867442 -0.131302103 0.0313062742
v -0.0184358452 -0.121457361 0.0311673079
v -0.0197350457 -0.120986938 0.0374294519
v -0.0281158816 -0.098027572 0.0307193007
v -0.0280123465 -0.0997386947 0.0379494391
v -0.03675678 -0.072184138 0.0307632089
v -0.0381307416 -0.0750079304 0.0377216227
v -0.0399671942 -0.0582871251 0.0299231503
v -0.0444070622 -0.0619559474 0.0401046537
v 0.0443313867 -0.061470259 0.0589836501
v 0.0549462438 -0.0507260896 0.052928295
v 0.062788792 -0.0527361296 0.0395897888
v 0.045135498 -0.0693910941 0.0533817559
v 0.0219359193 -0.0691107959 0.0684778988
v 0.0220572967 -0.0759973899 0.0643266886
v -0.0258288514 -0.0627269 0.0592047311
v -0.0444070622 -0.0619559474 0.0401046537
v -0.037851911 -0.0584765598 0.0530652702
v -0.0264329258 -0.0703764334 0.053955324
v -0.00390915154 -0.0705916584 0.0682705119
v -0.00401471741 -0.0774792433 0.0641394779
v 0.0219359193 -0.0691107959 0.0684778988
v 0.00872200169 -0.0762594566 0.0643182918
v 0.00872200169 -0.0677604675 0.0689412951
v -0.00390915154 -0.0705916584 0.0682705119
v 0.0549462438 -0.0507260896 0.052928295
v 0.0333487317 -0.0545526892 0.0597950444
v 0.0482280515 -0.0418952182 0.0492278747
v 0.0443313867 -0.061470259 0.0589836501
v 0.0187728051 -0.0604771413 0.0647248626
v 0.0219359193 -0.0691107959 0.0684778988
v 0.00872200169 -0.0613964833 0.0668812916
v 0.00872200169 -0.0677604675 0.0689412951
v -0.00390915154 -0.0705916584 0.0682705119
v -0.001330812 -0.0604604334 0.0647252798
v -0.0258288514 -0.0627269 0.0592047311
v -0.0167485308 -0.0557066351 0.0597362891
v -0.037851911 -0.0584765598 0.0530652702
v -0.0315826871 -0.0498076603 0.0488747098
v -0.00295199757 -0.0582144931 0.0737103
v -0.001330812 -0.0604604334 0.0647252798
v -0.0167485308 -0.0557066351 0.0597362891
v -0.0153977871 -0.0545442179 0.0677558184
v -0.00257599819 -0.0478934459 0.0857753009
v -0.0315826871 -0.0498076603 0.0488747098
v -0.015147998 -0.0447554775 0.0808232948
v -0.0231872909 -0.0505112447 0.0607998557
v -0.0307963453 -0.0410210416 0.0433177091
v -0.0301536117 -0.0400664508 0.0553074814
v -0.0261673685 -0.0424967185 0.0670967922
v -0.0113019962 -0.031586457 0.0857052952
v -0.0228719972 -0.0302454364 0.0717192888
v 0.00872200169 -0.0613964833 0.0668812916
v -0.001330812 -0.0604604334 0.0647252798
v -0.00295199757 -0.0582144931 0.0737103
v 0.00872200169 -0.0594844818 0.0751302987
v 0.0203960035 -0.0582075492 0.0737103
v 0.0187728051 -0.0604771413 0.0647248626
v 0.0333487317 -0.0545526892 0.0597950444
v 0.00872200169 -0.0491455086 0.0868503004
v -0.00257599819 -0.0478934459 0.0857753009
v 0.0325363874 -0.0539411157 0.0677896515
v 0.0482280515 -0.0418952182 0.0492278747
v 0.0200200025 -0.0478934459 0.0857753009
v 0.00872200169 -0.0317704752 0.0916322991
v 0.00019500195 -0.0319815055 0.0907842889
v -0.015147998 -0.0447554775 0.0808232948
v -0.0113019962 -0.031586457 0.0857052952
v 0.0172490012 -0.0319815055 0.0907842889
v 0.0325920023 -0.0445159152 0.0808232948
v 0.0287460014 -0.0315506719 0.0857052952
v 0.0398149639 -0.0471435525 0.0609700568
v 0.0474949256 -0.0317366794 0.0480153263
v 0.0435501561 -0.0380071998 0.0672229379
v 0.0474933125 -0.0318574533 0.0556967929
v 0.0453547612 -0.00468559237 0.0415782928
v 0.0507843718 -0.00880859327 0.044530496
v 0.0311474726 -0.0153868096 0.0481489636
v 0.0340403169 -0.00988441426 0.0427455306
v 0.0276162755 -0.0104895784 0.0433188155
v 0.0197190456 -0.0110910796 0.0535037704
v 0.0232866947 -0.00884170551 0.0444626696
v 0.0201048553 -0.00695381127 0.0449242778
v 0.00872200169 -0.0122348024 0.0557004809
v 0.00767456694 -0.00903427135 0.0500767976
v 0.0185670014 -0.0161994938 0.0700142905
v 0.00872200169 -0.0154854581 0.0710562989
v 0.00872200169 -0.0207294468 0.0866452977
v 0.0277600028 -0.0185303502 0.0629412904
v 0.0170450024 -0.0214294437 0.086154297
v 0.0172490012 -0.0319815055 0.0907842889
v 0.00872200169 -0.0317704752 0.0916322991
v 0.026521001 -0.0209513083 0.0798042938
v 0.0287460014 -0.0315506719 0.0857052952
v 0.0404073335 -0.027137069 0.0717192888
v 0.0434739143 -0.0221143328 0.048831854
v 0.0526537895 -0.0157791898 0.0444653109
v 0.0411858372 -0.0247986596 0.0584962256
v 0.0474933125 -0.0318574533 0.0556967929
v 0.0474949256 -0.0317366794 0.0480153263
v -0.0681509674 0.0111106103 0.0425264351
v -0.0467668176 -0.0135219572 0.0445598513
v -0.0655496418 -0.00888435356 0.0439051986
v -0.0557869934 -0.0227134693 0.0435002893
v -0.0383726768 -0.0250518788 0.0476498492
v -0.0565880015 -0.0304631796 0.0458313078
v -0.0158895701 -0.0224380493 0.0491473675
v -0.0385410637 -0.0312605277 0.0445065312
v -0.0258227531 -0.0284430683 0.0482372642
v -0.0307963453 -0.0410210416 0.0433177091
v 0.0526537895 -0.0157791898 0.0444653109
v 0.0311474726 -0.0153868096 0.0481489636
v 0.0507843718 -0.00880859327 0.044530496
v 0.0758323222 -0.0140828704 0.0435002893
v 0.0758865327 -0.00437332131 0.0414282903
v 0.0773473606 0.0145744318 0.0397952907
v 0.112705991 0.0211755373 0.0306232944
v 0.107392997 -0.0135971829 0.0313672945
v 0.0766931921 -0.0206758883 0.0458893776
v 0.0567373075 -0.0208618157 0.0448563583
v 0.0474949256 -0.0317366794 0.0480153263
v 0.0434739143 -0.0221143328 0.048831854
v 0.0890040174 -0.034866944 0.0403517224
v 0.0883100852 -0.0214600377 0.040543288
v 0.0993876457 -0.0433982834 0.0327602923
v 0.102708869 -0.0457717106 0.0302232951
v 0.100127526 -0.0573944077 0.0298422929
v 0.0974137634 -0.0525836945 0.0324742906
v 0.0887456089 -0.0600653067 0.0325347073
v -0.0420292877 -0.034151841 0.0545240194
v -0.0385410637 -0.0312605277 0.0445065312
v -0.0307963453 -0.0410210416 0.0433177091
v -0.0346764587 -0.0429443344 0.0520821474
v -0.0454997569 -0.0402428433 0.062472973
v -0.0386113189 -0.0446948223 0.0620206445
v 0.0609235689 -0.0234834291 0.0548005551
v 0.0474949256 -0.0317366794 0.0480153263
v 0.0567373075 -0.0208618157 0.0448563583
v 0.074998185 -0.0246483609 0.0538505651
v 0.0766931921 -0.0206758883 0.0458893776
v 0.0729005486 -0.0310789477 0.0607031509
v 0.0645106435 -0.0307428744 0.0626545995
v 0.0474933125 -0.0318574533 0.0556967929
v 0.0435501561 -0.0380071998 0.0672229379
v 0.0404073335 -0.027137069 0.0717192888
v 0.0287460014 -0.0315506719 0.0857052952
v 0.0325920023 -0.0445159152 0.0808232948
v 0.026521001 -0.0209513083 0.0798042938
v -0.0550382324 -0.0349434651 0.0537412912
v -0.0650510713 -0.0449480414 0.0492305085
v -0.0689011142 -0.0412416086 0.0400377735
v -0.0533445962 -0.0407866649 0.0605816655
v -0.0596232861 -0.0483780652 0.0582019873
v -0.0550382324 -0.0349434651 0.0537412912
v -0.0689011142 -0.0412416086 0.0400377735
v -0.0565880015 -0.0304631796 0.0458313078
v -0.0385410637 -0.0312605277 0.0445065312
v -0.0420292877 -0.034151841 0.0545240194
v -0.0533445962 -0.0407866649 0.0605816655
v -0.0454997569 -0.0402428433 0.062472973
v 0.0707967132 -0.0522378534 0.0578900687
v 0.0771590248 -0.0472616553 0.0580950454
v 0.083285667 -0.0491779335 0.0505275913
v 0.0750250593 -0.0558822602 0.0516922548
v 0.0707967132 -0.0522378534 0.0578900687
v 0.0791218653 -0.0396927632 0.0582688972
v 0.0771590248 -0.0472616553 0.0580950454
v 0.0674025491 -0.0429483801 0.0636812747
v 0.0645106435 -0.0307428744 0.0626545995
v 0.0729005486 -0.0310789477 0.0607031509
v 0.0563816056 -0.044493407 0.060777273
v 0.0566824488 -0.0357741527 0.0622787848
v -0.0519413874 -0.059967801 0.0581265539
v -0.057936769 -0.0552790835 0.0581353754
v -0.0596232861 -0.0483780652 0.0582019873
v -0.0489420965 -0.0505111665 0.0635895804
v -0.0387762934 -0.0523370355 0.060646534
v -0.0419360213 -0.0566735826 0.0598153472
v -0.0454997569 -0.0402428433 0.062472973
v -0.0533445962 -0.0407866649 0.0605816655
v -0.0386113189 -0.0446948223 0.0620206445
v 0.0645106435 -0.0307428744 0.0626545995
v 0.0520758331 -0.0330272652 0.0525714681
v 0.0609235689 -0.0234834291 0.0548005551
v 0.0474949256 -0.0317366794 0.0480153263
v 0.0510290861 -0.0417161547 0.0542570949
v 0.0482280515 -0.0418952182 0.0492278747
v 0.0566824488 -0.0357741527 0.0622787848
v 0.0563816056 -0.044493407 0.060777273
v 0.0549462438 -0.0507260896 0.052928295
v 0.05967848 -0.0492012016 0.059758652
v 0.0804179907 0.0351395421 0.0377952941
v 0.0756039992 0.0459225439 0.038189292
v 0.078625001 0.0488764942 0.0235952921
v 0.0828379989 0.0366335288 0.0237712935
v 0.0898290053 0.0303375237 0.0229732934
v 0.0877339989 0.0274385065 0.0375472941
v -0.0399671942 -0.0582871251 0.0299231503
v -0.0165226217 -0.0571438596 0.0302857663
v -0.0140293855 -0.0758969858 0.030342957
v 0.00872177724 -0.0570652746 0.0304120649
v -0.0399671942 -0.0582871251 0.0299231503
v -0.0140293855 -0.0758969858 0.030342957
v -0.03675678 -0.072184138 0.0307632089
v -0.0108617553 -0.0992725343 0.0308588762
v -0.0281158816 -0.098027572 0.0307193007
v -0.0184358452 -0.121457361 0.0311673079
v 0.00872200169 -0.0770114884 0.0300782938
v -0.00542501546 -0.120714493 0.0336199999
v -0.0143867442 -0.131302103 0.0313062742
v 0.00707604224 -0.0998726636 0.030683253
v 0.0265838839 -0.0961318165 0.0302525386
v 0.0322105698 -0.0751925632 0.0299288724
v 0.0101650013 -0.118544459 0.0331005268
v 0.00594845274 -0.121832728 0.0312406644
v 0.00162771938 -0.12031547 0.0334732085
v -0.000447167753 -0.125713423 0.0406600758
v 0.00588912377 -0.126835331 0.0394352078
v 0.0124152945 -0.123062514 0.0401169658
v 0.0184292141 -0.1231253 0.0390147902
v -0.0140293855 -0.0758969858 0.030342957
v 0.00872177724 -0.0570652746 0.0304120649
v 0.00872200169 -0.0770114884 0.0300782938
v 0.0322105698 -0.0751925632 0.0299288724
v 0.0337334722 -0.0557083897 0.0303196218
v 0.0572046824 -0.0505953208 0.0297804512
v 0.060536053 -0.0667630732 0.0297246799
v 0.0265838839 -0.0961318165 0.0302525386
v 0.046173878 -0.0976029187 0.0299995206
v 0.0348156914 -0.119403988 0.0302791763
v 0.0182685032 -0.116545103 0.0327584483
v 0.0298052095 -0.128354415 0.0304285791
v 0.0101650013 -0.118544459 0.0331005268
v 0.0184292141 -0.1231253 0.0390147902
v 0.0794930011 0.0668715686 0.0237172935
v 0.078625001 0.0488764942 0.0235952921
v 0.0756039992 0.0459225439 0.038189292
v 0.0768259987 0.065215528 0.0355722904
v 0.0612340011 0.06997253 0.0367642939
v 0.0639870018 0.0723475665 0.0231522936
v 0.0374510027 0.101419523 0.0355402902
v 0.0391880013 0.102423549 0.0211942922
v 0.0556520037 0.101610564 0.0212542936
v 0.052513998 0.0987765491 0.034614291
v 0.0343440026 0.120152511 -0.0255317055
v 0.0243570004 0.130351558 0.0297012925
v 0.0285030026 0.134422526 -0.0269087069
v 0.031374 0.116340555 0.0175812934
v 0.0279370025 0.10934753 0.0350162946
v 0.0374510027 0.101419523 0.0355402902
v 0.0391880013 0.102423549 0.0211942922
v 0.0639870018 0.0723475665 0.0231522936
v 0.0612340011 0.06997253 0.0367642939
v 0.0517209992 0.0826565549 0.0365452915
v 0.055447001 0.0829845443 0.021279294
v -0.0401349962 0.0993635505 0.0306122936
v -0.042918995 0.113651499 0.0282932911
v -0.041207999 0.119894557 0.0310612936
v -0.0392999984 0.100105509 0.0337402932
v -0.0377049968 0.0945785493 0.0350712948
v -0.0399349965 0.0951205418 0.0314522944
v -0.0419100001 0.0906045511 0.0320872925
v -0.0408039987 0.0898725092 0.0352662914
v -0.0421019979 0.0701914951 0.0368582942
v -0.0432029963 0.0718765259 0.034646295
v -0.0438319966 0.053137511 0.0377782919
v -0.0445589945 0.0559585541 0.0353352949
v -0.054670997 0.0658544898 0.0324802957
v -0.0445589945 0.0559585541 0.0353352949
v -0.0438319966 0.053137511 0.0377782919
v -0.0564109981 0.0648325309 0.036075294
v -0.0808169916 0.085332565 0.0315862894
v -0.054670997 0.0658544898 0.0324802957
v -0.0808169916 0.085332565 0.0315862894
v -0.0770579949 0.0849195048 0.0304502938
v -0.0601439998 0.101041563 0.0288402904
v -0.0503539965 0.0767465159 0.0321912915
v -0.0445589945 0.0559585541 0.0353352949
v -0.0432029963 0.0718765259 0.034646295
v -0.0464679934 0.0932144895 0.0312762931
v -0.042918995 0.113651499 0.0282932911
v -0.0419100001 0.0906045511 0.0320872925
v -0.0401349962 0.0993635505 0.0306122936
v -0.0399349965 0.0951205418 0.0314522944
v 0.0906509981 0.0360305011 -0.0728707016
v 0.0855790004 0.0302263629 -0.0876403898
v 0.111198001 0.0283325184 -0.0873127058
v 0.105351999 0.0316065215 -0.0729627013
v 0.0819480047 0.049975507 -0.0746107101
v 0.0855790004 0.0302263629 -0.0876403898
v 0.0906509981 0.0360305011 -0.0728707016
v 0.0789460018 0.0486180112 -0.0886478797
v 0.0803479925 0.0679181665 -0.0767013878
v 0.078373 0.0648548082 -0.0879085734
v 0.0648180023 0.0683134422 -0.0881221369
v 0.078373 0.0648548082 -0.0879085734
v 0.0803479925 0.0679181665 -0.0767013878
v 0.0662930012 0.0697369352 -0.0762451887
v 0.0528450012 0.0842601731 -0.0881722271
v 0.0560020022 0.100683592 -0.0734849051
v 0.0517529994 0.0980945602 -0.0874132589
v 0.0547400042 0.0839551538 -0.0736051574
v 0.0662930012 0.0697369352 -0.0762451887
v 0.0648180023 0.0683134422 -0.0881221369
v 0.0560020022 0.100683592 -0.0734849051
v 0.0371420011 0.102707975 -0.088347353
v 0.0517529994 0.0980945602 -0.0874132589
v 0.0406450033 0.105433345 -0.0728219002
v 0.0315649994 0.117849194 -0.0665419921
v 0.0255830027 0.113550335 -0.0879962817
v 0.00359600247 0.131794125 -0.0858857483
v 0.00698481407 0.1289621 -0.0818403065
v -0.000372998096 0.135515511 -0.0301147066
v 0.00686900178 0.10967575 -0.0888654813
v 0.0099156769 0.107173003 -0.084878087
v 0.0091520017 0.080166854 -0.0908191875
v -0.0183359981 0.130517811 -0.0858063772
v 0.00359600247 0.131794125 -0.0858857483
v -0.000372998096 0.135515511 -0.0301147066
v -0.0297599975 0.131218567 -0.0356957056
v -0.0375280008 0.128229141 -0.086126551
v -0.0383719951 0.128068537 -0.0466967039
v -0.0428392254 0.123715438 -0.0504486822
v 0.00698481407 0.1289621 -0.0818403065
v 0.0110164927 0.132107005 -0.0854121298
v 0.0285030026 0.134422526 -0.0269087069
v 0.0240040012 0.132654563 -0.0845831633
v -0.0593459979 0.109067149 -0.0821888521
v -0.0384709984 0.123054117 -0.0839145184
v -0.0488069989 0.119705275 -0.054648608
v -0.0507156365 0.118292846 -0.0543032922
v -0.0550096296 0.115115352 -0.0535269156
v -0.0564406924 0.114055708 -0.053268455
v -0.0780999959 0.0956615433 -0.0837327093
v -0.0669659972 0.107061535 -0.0426727049
v -0.0735539943 0.100895539 -0.0214537065
v -0.0802960023 0.0931555182 -0.0254617073
v -0.0809740052 0.0957025141 -0.0853767097
v -0.0834659934 0.0936135054 -0.0258197058
v -0.0875099897 0.0792245492 -0.0859357044
v -0.0925399959 0.0762715116 -0.0280647054
v 0.106382996 0.028945541 -0.00718070613
v 0.103737012 0.0280554965 0.0152652925
v 0.0814368054 -0.00807823148 0.0166292917
v 0.0829019994 -0.00340446457 -0.0268337056
v 0.105351999 0.0316065215 -0.0729627013
v 0.0837759972 0.00285949698 -0.0643847063
v 0.0427374914 0.0505530536 -0.0233832113
v 0.0653920025 0.0157005303 -0.0657707006
v 0.0666785091 0.0219156649 -0.0230018962
v 0.0362910032 0.0469675437 -0.066688709
v 0.0180740021 0.0706915259 -0.0654377043
v 0.0174608435 0.0697634146 -0.0246216338
v 0.0315649994 0.117849194 -0.0665419921
v 0.0168590024 0.0688525364 0.0154412938
v 0.0343440026 0.120152511 -0.0255317055
v -0.0447619967 0.138751522 0.0046505616
v -0.040970996 0.12292251 0.00116329314
v -0.0455879979 0.118071519 0.00202329387
v -0.0524189994 0.13755852 0.00939456187
v -0.0626949966 0.132208556 0.0115327407
v -0.0508209988 0.114939496 0.00401329529
v -0.081054993 0.122131497 0.00166874053
v -0.0669699907 0.105763547 -0.00344070676
v -0.0833830088 0.146016538 0.0175122917
v -0.0866799876 0.135258555 0.00957229361
v -0.0933670029 0.133003533 0.0025822937
v -0.0929330066 0.148343503 0.0162532926
v -0.103304997 0.148827508 0.010793292
v -0.061948996 0.0884863287 -0.0855440199
v -0.0780999959 0.0956615433 -0.0837327093
v -0.0809740052 0.0957025141 -0.0853767097
v -0.0634299964 0.0871419534 -0.0881280899
v -0.050789997 0.0710486621 -0.0892661735
v -0.0511699952 0.0729866028 -0.0866158158
v -0.0316759422 0.0693980381 -0.090456605
v -0.0669659972 0.107061535 -0.0426727049
v -0.0564406924 0.114055708 -0.053268455
v -0.0734649971 0.133656532 -0.0563637055
v -0.0841270015 0.126698524 -0.0477157049
v -0.0735539943 0.100895539 -0.0214537065
v -0.0902790055 0.119838558 -0.0240027066
v -0.0669699907 0.105763547 -0.00344070676
v -0.081054993 0.122131497 0.00166874053
v -0.0909919888 0.143530503 -0.0598537065
v -0.0933670029 0.133003533 0.0025822937
v -0.0915929973 0.137294531 -0.0528247058
v -0.100848995 0.14656952 -0.056401711
v -0.107017994 0.147450551 -0.0518807024
v -0.0958279967 0.135125503 -0.0478647016
v -0.102863997 0.131723553 -0.0292857066
v -0.115776993 0.144368514 -0.0327197053
v -0.115098 0.145768508 -0.0104127061
v -0.102327004 0.131297529 -0.0167737063
v -0.103304997 0.148827508 0.010793292
v -0.0428392254 0.123715438 -0.0504486822
v -0.0384709984 0.123054117 -0.0839145184
v -0.0375280008 0.128229141 -0.086126551
v -0.0357819982 0.0997621864 -0.0865221173
v -0.0351269953 0.100280985 -0.0878996029
v -0.0377599932 0.0932308957 -0.0868075639
v -0.0354639962 0.0938279703 -0.0895011127
v -0.103304997 0.148827508 0.010793292
v -0.102544002 0.150307536 0.0098152943
v -0.0924509987 0.149856493 0.0159252919
v -0.114715002 0.147076488 -0.0113607058
v -0.115098 0.145768508 -0.0104127061
v -0.115377992 0.146588519 -0.0326267034
v -0.115776993 0.144368514 -0.0327197053
v -0.107017994 0.147450551 -0.0518807024
v -0.106676996 0.14864853 -0.0509997085
v -0.100848995 0.14656952 -0.056401711
v -0.101322994 0.14819549 -0.0552147031
v -0.0626949966 0.132208556 0.0115327407
v -0.0741739944 0.152119517 0.0112412926
v -0.063680999 0.158515543 0.0108142942
v -0.0524189994 0.13755852 0.00939456187
v -0.0519139953 0.162838519 0.00455929292
v -0.0704289973 0.171691507 0.012494294
v -0.0589299947 0.176881552 0.00647629239
v -0.0505309962 0.180652544 -0.0529487021
v -0.0546619967 0.175218508 -0.0580596998
v -0.053256996 0.174535513 -0.0599387065
v -0.0492269993 0.180418551 -0.0544257052
v -0.0462479964 0.183637545 -0.0445537083
v -0.0443119928 0.182969511 -0.046693705
v -0.0417509973 0.185910493 -0.0248437058
v -0.0397679992 0.186587527 -0.0239237063
v -0.0419449992 0.185199499 -0.00449570641
v -0.0437509939 0.184715495 -0.00535270665
v -0.0452219956 0.179920495 0.00573029276
v -0.0470159948 0.180089489 0.00493829232
v -0.0527499951 0.169461519 0.0130192945
v -0.0513129979 0.169435501 0.0136942929
v -0.0546619967 0.175218508 -0.0580596998
v -0.0583909974 0.158325493 -0.0627557039
v -0.053256996 0.174535513 -0.0599387065
v -0.0596139953 0.160086513 -0.0612327084
v -0.0578549951 0.142184526 -0.0577717014
v -0.0587749928 0.142196506 -0.0571077056
v -0.0488069989 0.119705275 -0.054648608
v -0.0507156365 0.118292846 -0.0543032922
v -0.0507156365 0.118292846 -0.0543032922
v -0.0587749928 0.142196506 -0.0571077056
v -0.0586109944 0.139826506 -0.0527427047
v -0.0596139953 0.160086513 -0.0612327084
v -0.0604119971 0.157525554 -0.0548617058
v -0.0546619967 0.175218508 -0.0580596998
v -0.0522509962 0.168803558 -0.0493767075
v -0.0505309962 0.180652544 -0.0529487021
v -0.0482969992 0.176505506 -0.0430507064
v -0.0462479964 0.183637545 -0.0445537083
v -0.041950997 0.174911499 -0.0261437055
v -0.0417509973 0.185910493 -0.0248437058
v -0.0143867442 -0.131302103 0.0313062742
v -0.00542501546 -0.120714493 0.0336199999
v -0.00845894311 -0.126196206 0.0314242914
v -0.0109090488 -0.137480766 0.0313221328
v -0.00853400119 -0.131430209 0.0315808356
v -0.00548173301 -0.127306357 0.0398874246
v -0.00542501546 -0.120714493 0.0336199999
v 0.00162771938 -0.12031547 0.0334732085
v -0.0108617553 -0.0992725343 0.0308588762
v 0.00707604224 -0.0998726636 0.030683253
v -0.00719811767 -0.131882086 0.0391938165
v -0.00542501546 -0.120714493 0.0336199999
v -0.00548173301 -0.127306357 0.0398874246
v -0.00845894311 -0.126196206 0.0314242914
v -0.00853400119 -0.131430209 0.0315808356
v -0.00460895756 -0.140392303 0.0313990898
v -0.00397443306 -0.1376165 0.0411359966
v -0.00308496458 -0.143298566 0.0377551243
v 9.94497532E-05 -0.141153023 0.0428339168
v -0.00243792287 -0.134326249 0.0434811376
v 0.0145737752 -0.138911813 0.0423803218
v 0.018076729 -0.140650257 0.0372327715
v 0.0082658818 -0.145879209 0.0358734727
v 0.00787477754 -0.143047482 0.0416405275
v 9.94497532E-05 -0.141153023 0.0428339168
v -0.00308496458 -0.143298566 0.0377551243
v -0.041950997 0.174911499 -0.0261437055
v -0.0417509973 0.185910493 -0.0248437058
v -0.0437509939 0.184715495 -0.00535270665
v -0.0434639975 0.174570531 -0.0117297061
v -0.0470159948 0.180089489 0.00493829232
v -0.0484410003 0.173988491 -0.00137170672
v -0.0519139953 0.162838519 0.00455929292
v -0.0527499951 0.169461519 0.0130192945
v -0.063680999 0.158515543 0.0108142942
v -0.0828639939 0.165047526 0.0138162943
v -0.0704289973 0.171691507 0.012494294
v -0.0741739944 0.152119517 0.0112412926
v -0.0955310017 0.15635857 0.00766129233
v -0.0881089941 0.147606507 0.00812129211
v -0.105230004 0.151692495 -0.00313470606
v -0.100890994 0.143987507 -0.0418137051
v -0.106391996 0.151684493 -0.0407077074
v -0.110259987 0.149810553 -0.0214227047
v -0.107835993 0.144734487 -0.0294317044
v -0.108328991 0.145769492 -0.0147827063
v -0.103143997 0.1478955 -0.00212670676
v -0.105230004 0.151692495 -0.00313470606
v 0.0750250593 -0.0558822602 0.0516922548
v 0.0773712918 -0.0572821796 0.0400571823
v 0.062788792 -0.0527361296 0.0395897888
v 0.0674106702 -0.0560207367 0.0528054126
v 0.0707967132 -0.0522378534 0.0578900687
v 0.0549462438 -0.0507260896 0.052928295
v 0.05967848 -0.0492012016 0.059758652
v -0.0513129979 0.169435501 0.0136942929
v -0.055104997 0.158067554 0.0137862945
v -0.0527499951 0.169461519 0.0130192945
v -0.0534559935 0.158233568 0.0146742938
v -0.0480779968 0.157626495 0.010685293
v -0.0524189994 0.13755852 0.00939456187
v -0.0447619967 0.138751522 0.0046505616
v 0.0666785091 0.0219156649 -0.0230018962
v 0.0653920025 0.0157005303 -0.0657707006
v 0.0837759972 0.00285949698 -0.0643847063
v 0.0829019994 -0.00340446457 -0.0268337056
v 0.052717004 0.0202225484 0.0214612931
v 0.0814368054 -0.00807823148 0.0166292917
v 0.0346830003 0.04584755 0.0218002927
v 0.0427374914 0.0505530536 -0.0233832113
v 0.0168590024 0.0688525364 0.0154412938
v -0.0242129955 -0.15179047 -0.0112977065
v -0.0265780203 -0.15713051 -0.0112977065
v -0.0346223786 -0.14976646 -0.0512875579
v -0.0322573557 -0.144426495 -0.0512875579
v 0.00907100178 -0.164836496 0.0140062924
v 0.00907100178 -0.170175478 0.0140062924
v -0.0265780203 -0.15713051 -0.0112977065
v -0.0242129955 -0.15179047 -0.0112977065
v -0.0125453565 -0.14863418 -0.0834186822
v -0.00901026186 -0.149433285 -0.072537832
v 0.00901951548 -0.151265636 -0.0738901421
v 0.00872200169 -0.150495291 -0.0844509229
v 0.00907100178 -0.170175478 0.0140062924
v 0.00568614295 -0.167947009 0.00344551681
v -0.018840814 -0.156995624 -0.0173951928
v -0.0265780203 -0.15713051 -0.0112977065
v -0.0265780203 -0.15713051 -0.0112977065
v -0.018840814 -0.156995624 -0.0173951928
v -0.0242016017 -0.150252834 -0.045771163
v -0.0346223786 -0.14976646 -0.0512875579
v -0.0346223786 -0.14976646 -0.0512875579
v -0.0242016017 -0.150252834 -0.045771163
v -0.00901026186 -0.149433285 -0.072537832
v -0.0125453565 -0.14863418 -0.0834186822
v 0.00872200169 -0.150495291 -0.0844509229
v 0.00901951548 -0.151265636 -0.0738901421
v 0.0270253289 -0.149605632 -0.0715590641
v 0.0308206603 -0.14863418 -0.0820598006
v 0.0308206603 -0.14863418 -0.0820598006
v 0.0270253289 -0.149605632 -0.0715590641
v 0.0386744998 -0.150601119 -0.0437932573
v 0.0505525731 -0.14976646 -0.0472277068
v 0.0505525731 -0.14976646 -0.0472277068
v 0.0386744998 -0.150601119 -0.0437932573
v 0.0326759554 -0.15728958 -0.0157258175
v 0.0416569971 -0.15713051 -0.0112977065
v 0.0416569971 -0.15713051 -0.0112977065
v 0.0326759554 -0.15728958 -0.0157258175
v 0.00568614295 -0.167947009 0.00344551681
v 0.00907100178 -0.170175478 0.0140062924
v -0.020778561 -0.0155854793 0.0444470979
v -0.0162729751 -0.0148449708 0.0383890606
v -0.00802130718 -0.0160291288 0.0385886058
v -0.0113154696 -0.0166543573 0.0455593877
v -0.00618263567 -0.0154106133 0.0389417671
v -0.00602770317 -0.0144446557 0.0441868566
v -0.00513031706 -0.0125106042 0.0388668068
v -0.00390637247 -0.0133259576 0.045768965
v -0.0195634402 0.0216493215 0.0437848642
v -0.0366287045 0.0306467433 0.0338360928
v -0.0396123976 0.0381777175 0.0428846441
v -0.0201298762 0.0190511309 0.0346924402
v -0.00978600141 0.0142712398 0.0440385044
v -0.0106944721 0.0115403747 0.0361661986
v -0.00626412733 0.00596176134 0.0444799028
v -0.00762733445 0.00425987225 0.0360086299
v -0.0060594175 -0.00627502427 0.0446116254
v -0.00635988452 -0.00611877441 0.0354276709
v -0.00390637247 -0.0133259576 0.045768965
v -0.00513031706 -0.0125106042 0.0388668068
v -0.0337880068 -0.00733566284 0.0468310155
v -0.0162729751 -0.0148449708 0.0383890606
v -0.020778561 -0.0155854793 0.0444470979
v -0.0289354268 -0.00993858278 0.0352112688
v -0.0335382558 0.01213005 0.0486833081
v -0.0297015049 0.0106756594 0.038322717
v -0.0396123976 0.0381777175 0.0428846441
v -0.0366287045 0.0306467433 0.0338360928
v -0.0181608628 -0.000613555894 0.0355239995
v -0.0201298762 0.0190511309 0.0346924402
v -0.0181608628 -0.000613555894 0.0355239995
v -0.0366287045 0.0306467433 0.0338360928
v -0.0106944721 0.0115403747 0.0361661986
v -0.00762733445 0.00425987225 0.0360086299
v -0.00635988452 -0.00611877441 0.0354276709
v -0.00513031706 -0.0125106042 0.0388668068
v -0.00618263567 -0.0154106133 0.0389417671
v -0.00802130718 -0.0160291288 0.0385886058
v -0.0162729751 -0.0148449708 0.0383890606
v -0.0289354268 -0.00993858278 0.0352112688
v -0.0297015049 0.0106756594 0.038322717
v 0.0276162755 -0.0104895784 0.0433188155
v 0.0359336026 -0.00789977983 0.0349204801
v 0.0340403169 -0.00988441426 0.0427455306
v 0.0258703902 -0.00768119795 0.0388586968
v 0.0232866947 -0.00884170551 0.0444626696
v 0.0389830656 0.0230548847 0.0411028676
v 0.0271988045 0.0182002261 0.0357813649
v 0.0263609458 0.0231886283 0.0425458811
v 0.0170970596 0.0119990539 0.0370810963
v 0.0157697033 0.01425354 0.0448847562
v 0.0453547612 -0.00468559237 0.0415782928
v 0.043827761 -0.00404228223 0.0348399468
v 0.0465945899 0.00763320923 0.0354182348
v 0.0496360809 0.0100445552 0.0430911146
v 0.0383012109 0.0188182071 0.0351447724
v 0.0389830656 0.0230548847 0.0411028676
v 0.0340403169 -0.00988441426 0.0427455306
v 0.0359336026 -0.00789977983 0.0349204801
v 0.043827761 -0.00404228223 0.0348399468
v 0.0453547612 -0.00468559237 0.0415782928
v 0.0232866947 -0.00884170551 0.0444626696
v 0.0216940064 -0.0115838619 0.0350266993
v 0.0258703902 -0.00768119795 0.0388586968
v 0.0317837559 0.00358894351 0.0349028967
v 0.0157697033 0.01425354 0.0448847562
v 0.0170970596 0.0119990539 0.0370810963
v 0.0167377088 0.00356613146 0.0352278426
v 0.0143526122 0.00569129921 0.0448418781
v 0.0198896714 -0.00291366572 0.0385085158
v 0.0171504859 -0.00458900444 0.0467600524
v 0.0221879184 -0.00703460677 0.0385175049
v 0.0201048553 -0.00695381127 0.0449242778
v 0.0216940064 -0.0115838619 0.0350266993
v 0.0317837559 0.00358894351 0.0349028967
v 0.0258703902 -0.00768119795 0.0388586968
v 0.0317837559 0.00358894351 0.0349028967
v 0.0359336026 -0.00789977983 0.0349204801
v 0.043827761 -0.00404228223 0.0348399468
v 0.0465945899 0.00763320923 0.0354182348
v 0.0383012109 0.0188182071 0.0351447724
v 0.0271988045 0.0182002261 0.0357813649
v 0.0170970596 0.0119990539 0.0370810963
v 0.0167377088 0.00356613146 0.0352278426
v 0.0198896714 -0.00291366572 0.0385085158
v 0.0589691959 -0.00655830372 -0.0893014222
v 0.0855790004 0.0302263629 -0.0760530159
v 0.0855790004 0.0302263629 -0.0876403898
v 0.0622775033 -0.00677841157 -0.0775617212
v 0.0423187166 -0.0373603813 -0.0780416727
v 0.0428642556 -0.0363511667 -0.0896183103
v 0.0423187166 -0.0373603813 -0.0896290466
v 0.00872200169 -0.0366191082 -0.0916322991
v 0.00872200169 -0.0366191082 -0.0800449178
v -0.0219096392 -0.0452992991 -0.0899339393
v -0.0237344895 -0.0430765525 -0.0777676776
v -0.0259983167 -0.071938321 -0.0887682512
v -0.0285526905 -0.0756925195 -0.0804301724
v -0.0330051407 -0.104018323 -0.0869237185
v -0.0315137319 -0.0982711762 -0.0755947828
v 0.0855790004 0.0302263629 -0.0876403898
v 0.0855790004 0.0302263629 -0.0760530159
v 0.0622775033 -0.00677841157 -0.0775617212
v 0.065585807 -0.00699851988 -0.088996768
v 0.0475959256 -0.0362630449 -0.0773395598
v 0.0540940315 -0.0376200862 -0.0889269337
v 0.0414741263 -0.0486723334 -0.077441439
v 0.0479722284 -0.0500293709 -0.0890288129
v 0.0270295907 -0.0489411168 -0.0784785897
v 0.0273207221 -0.0511179343 -0.0902661458
v -0.0189803671 -0.0780773163 -0.0891634524
v -0.0315137319 -0.0982711762 -0.0755947828
v -0.0330051407 -0.104018323 -0.0869237185
v -0.0226698034 -0.0732719377 -0.0773282498
v -0.010785115 -0.0588940419 -0.0894480497
v -0.0171888284 -0.056054458 -0.0781248957
v 0.00872200169 -0.0520983115 -0.0913804919
v 0.00872200169 -0.049281843 -0.0797931105
v 0.0230634548 -0.052441787 -0.0797149613
v 0.0232245438 -0.0556057729 -0.0876336098
v 0.0270295907 -0.0489411168 -0.0784785897
v 0.0273207221 -0.0511179343 -0.0902661458
v -0.0316759422 0.0693980381 -0.090456605
v -0.050789997 0.0710486621 -0.0892661735
v -0.0299786273 0.0384470373 -0.0882532597
v -0.0207674783 0.048844222 -0.0890942439
v -0.0059712776 0.0544786826 -0.0895546824
v 0.00358173181 0.0689771995 -0.0768774599
v 0.00358173181 0.0689771995 -0.0902846009
v -0.0059712776 0.0544786826 -0.076147534
v -0.0128118871 0.0518737026 -0.0759346634
v -0.013473277 0.0516219325 -0.0893212333
v -0.0188984778 0.0531715378 -0.0753181353
v -0.0195714422 0.0521186814 -0.0847789496
v -0.0207674783 0.048844222 -0.0890942439
v -0.0207674783 0.048844222 -0.075687103
v -0.0299786273 0.0384470373 -0.0882532597
v -0.0299786273 0.0384470373 -0.0748461112
v 0.00358173181 0.0689771995 -0.0902846009
v 0.00358173181 0.0689771995 -0.0768774599
v 0.00495081209 0.0568114445 -0.0764146671
v 0.00495081209 0.0568114445 -0.0898218155
v 0.0214903913 0.0417714678 -0.0761311501
v 0.0214903913 0.0417714678 -0.0895382985
v 0.0394456014 0.0413047783 -0.0763471425
v 0.0394456014 0.0413047783 -0.0897542834
v 0.0394456014 0.0413047783 -0.0897542834
v 0.0394456014 0.0413047783 -0.0763471425
v 0.045642186 0.0234207902 -0.0762309656
v 0.045642186 0.0234207902 -0.0896381065
v 0.045642186 0.0234207902 -0.0896381065
v 0.045642186 0.0234207902 -0.0762309656
v 0.0343223214 0.00728858914 -0.0756707862
v 0.0343223214 0.00728858914 -0.0890779272
v 0.0153935915 -0.0141091151 -0.076935105
v 0.0153935915 -0.0141091151 -0.0903422534
v 0.0153935915 -0.0141091151 -0.0903422534
v 0.0153935915 -0.0141091151 -0.076935105
v -0.000349137787 -0.00938049331 -0.0766663924
v -0.000349137787 -0.00938049331 -0.0900735334
v -0.0196931716 -0.017674027 -0.0766134635
v -0.0196931716 -0.017674027 -0.0900206044
v -0.0292860288 0.000498886104 -0.0767513663
v -0.0292860288 0.000498886104 -0.0901585072
v -0.0371998698 0.00376693718 -0.0762240514
v -0.0371998698 0.00376693718 -0.0896311924
v -0.0371998698 0.00376693718 -0.0896311924
v -0.0371998698 0.00376693718 -0.0762240514
v -0.0321321338 0.0316201784 -0.0754839703
v -0.0321321338 0.0316201784 -0.0888911113
v -0.050789997 0.0710486621 -0.0758590326
v -0.050789997 0.0710486621 -0.0892661735
v -0.050789997 0.0710486621 -0.0892661735
v -0.050789997 0.0710486621 -0.0758590326
v -0.0299786273 0.0384470373 -0.0748461112
v -0.0299786273 0.0384470373 -0.0882532597
v 0.0343223214 0.00728858914 -0.0756707862
v 0.045642186 0.0234207902 -0.0762309656
v 0.0394456014 0.0413047783 -0.0763471425
v 0.0185875017 0.0183857717 -0.0761616305
v 0.0214903913 0.0417714678 -0.0761311501
v 0.00221637194 0.0240847003 -0.0757774934
v 0.00495081209 0.0568114445 -0.0764146671
v -0.000349137787 -0.00938049331 -0.0766663924
v 0.0153935915 -0.0141091151 -0.076935105
v -0.00119049789 0.0436137393 -0.0760535672
v 0.00358173181 0.0689771995 -0.0768774599
v -0.0059712776 0.0544786826 -0.076147534
v -0.0128118871 0.0518737026 -0.0759346634
v -0.0188984778 0.0531715378 -0.0753181353
v -0.0207674783 0.048844222 -0.075687103
v -0.0299786273 0.0384470373 -0.0748461112
v -0.0292860288 0.000498886104 -0.0767513663
v -0.0196931716 -0.017674027 -0.0766134635
v -0.0321321338 0.0316201784 -0.0754839703
v -0.050789997 0.0710486621 -0.0758590326
v -0.0371998698 0.00376693718 -0.0762240514
v 0.0110164927 0.132107005 -0.0854121298
v 0.00698481407 0.1289621 -0.0818403065
v 0.0099156769 0.107173003 -0.084878087
v 0.0113387657 0.11060112 -0.0886578709
v 0.0091520017 0.080166854 -0.0908191875
v 0.0386744998 -0.150601119 -0.0437932573
v 0.00716510927 -0.124003522 -0.0378863439
v 0.0326759554 -0.15728958 -0.0157258175
v 0.0270253289 -0.149605632 -0.0715590641
v 0.00568614295 -0.167947009 0.00344551681
v 0.00901951548 -0.151265636 -0.0738901421
v -0.018840814 -0.156995624 -0.0173951928
v -0.00901026186 -0.149433285 -0.072537832
v -0.0242016017 -0.150252834 -0.045771163
v -0.00243792287 -0.134326249 0.0434811376
v 0.00211232784 -0.134485707 0.0443196371
v 9.94497532E-05 -0.141153023 0.0428339168
v -0.00548173301 -0.127306357 0.0398874246
v -0.000447167753 -0.125713423 0.0406600758
v 0.00787477754 -0.143047482 0.0416405275
v 0.0067096618 -0.134399489 0.0435809679
v 0.00588912377 -0.126835331 0.0394352078
v 0.0124152945 -0.123062514 0.0401169658
v 0.0112083526 -0.132731855 0.0439479612
v 0.0145737752 -0.138911813 0.0423803218
v 0.0184292141 -0.1231253 0.0390147902
v 0.0155150946 -0.130973816 0.0427925587
v 0.018076729 -0.140650257 0.0372327715
v 0.0145737752 -0.138911813 0.0423803218
v 0.0173969455 -0.133679494 0.0403485298
v 0.0155150946 -0.130973816 0.0427925587
v 0.0192916002 -0.137202293 0.0307722818
v 0.0184292141 -0.1231253 0.0390147902
v 0.0205948353 -0.127317503 0.0382262357
v 0.0225828029 -0.126931608 0.0306040067
v 0.0182685032 -0.116545103 0.0327584483
v 0.0222870205 -0.121534571 0.0304024667
v -0.0399671942 -0.0582871251 0.0299231503
v -0.0106723588 -0.0658197775 0.0497428961
v -0.0165226217 -0.0571438596 0.0302857663
v 0.00872177724 -0.0570652746 0.0304120649
v -0.0345596559 -0.0628504157 0.0421733372
v -0.0444070622 -0.0619559474 0.0401046537
v -0.0264329258 -0.0703764334 0.053955324
v -0.00401471741 -0.0774792433 0.0641394779
v 0.00872200169 -0.0762594566 0.0643182918
v 0.00873300713 -0.0695652738 0.0491427891
v 0.0275955759 -0.0655084997 0.0495958216
v 0.0337334722 -0.0557083897 0.0303196218
v 0.0220572967 -0.0759973899 0.0643266886
v 0.0572046824 -0.0505953208 0.0297804512
v 0.0517259911 -0.05649231 0.0417317674
v 0.045135498 -0.0693910941 0.0533817559
v 0.062788792 -0.0527361296 0.0395897888
vt 0.250732422 0.710449219
vt 0.26171875 0.715332031
vt 0.288330078 0.678710938
vt 0.235351562 0.716308594
vt 0.235229492 0.706054688
vt 0.218139648 0.71875
vt 0.510742188 0.601074219
vt 0.515625 0.595703125
vt 0.494140625 0.595214844
vt 0.497314453 0.616699219
vt 0.500976562 0.611328125
vt 0.490478516 0.612792969
vt 0.484130859 0.613769531
vt 0.481689453 0.597167969
vt 0.477783203 0.618164062
vt 0.46875 0.596679688
vt 0.471191406 0.61328125
vt 0.465087891 0.610839844
vt 0.460449219 0.610839844
vt 0.454345703 0.613769531
vt 0.451416016 0.595214844
vt 0.517089844 0.577636719
vt 0.494140625 0.595214844
vt 0.515625 0.595703125
vt 0.516113281 0.560058594
vt 0.51171875 0.554199219
vt 0.494873047 0.560058594
vt 0.495117188 0.5390625
vt 0.500488281 0.54296875
vt 0.489746094 0.543457031
vt 0.481445312 0.54296875
vt 0.482177734 0.559570312
vt 0.476318359 0.5390625
vt 0.464111328 0.559570312
vt 0.469482422 0.543945312
vt 0.462158203 0.545898438
vt 0.455810547 0.54296875
vt 0.454589844 0.559570312
vt 0.133544922 0.647460938
vt 0.130126953 0.651367188
vt 0.133056641 0.655761719
vt 0.215332031 0.82421875
vt 0.201660156 0.826660156
vt 0.224731445 0.840332031
vt 0.266113281 0.727050781
vt 0.288330078 0.678710938
vt 0.26171875 0.715332031
vt 0.145629883 0.62109375
vt 0.179321289 0.625
vt 0.185302734 0.604980469
vt 0.174804688 0.723632812
vt 0.174804688 0.718261719
vt 0.161865234 0.719726562
vt 0.152587891 0.726074219
vt 0.161865234 0.719726562
vt 0.151733398 0.721191406
vt 0.130615234 0.801757812
vt 0.143310547 0.796875
vt 0.145507812 0.791015625
vt 0.188964844 0.820800781
vt 0.183959961 0.842285156
vt 0.224731445 0.840332031
vt 0.188964844 0.820800781
vt 0.224731445 0.840332031
vt 0.201660156 0.826660156
vt 0.245727539 0.723632812
vt 0.235351562 0.716308594
vt 0.231811523 0.728027344
vt 0.245727539 0.723632812
vt 0.231811523 0.728027344
vt 0.240356445 0.731933594
vt 0.14831543 0.636230469
vt 0.121704102 0.64453125
vt 0.136352539 0.642089844
vt 0.229614258 0.754394531
vt 0.223144531 0.752441406
vt 0.21887207 0.760253906
vt 0.219726562 0.736328125
vt 0.215087891 0.746582031
vt 0.219238281 0.741699219
vt 0.219238281 0.741699219
vt 0.228393555 0.743652344
vt 0.228515625 0.733886719
vt 0.219238281 0.741699219
vt 0.228515625 0.733886719
vt 0.219726562 0.736328125
vt 0.230834961 0.885253906
vt 0.227661133 0.902832031
vt 0.236328125 0.912597656
vt 0.230834961 0.885253906
vt 0.236328125 0.912597656
vt 0.24597168 0.893066406
vt 0.227661133 0.96484375
vt 0.252929688 0.973144531
vt 0.228149414 0.962890625
vt 0.174316406 0.650878906
vt 0.168334961 0.657226562
vt 0.16418457 0.662597656
vt 0.14050293 0.65625
vt 0.146118164 0.663574219
vt 0.14453125 0.656738281
vt 0.139770508 0.646972656
vt 0.138427734 0.653320312
vt 0.14050293 0.65625
vt 0.139770508 0.646972656
vt 0.14050293 0.65625
vt 0.142333984 0.649414062
vt 0.321289062 0.879394531
vt 0.337890625 0.886230469
vt 0.346435547 0.873535156
vt 0.321289062 0.879394531
vt 0.346435547 0.873535156
vt 0.335205078 0.872558594
vt 0.354980469 0.859375
vt 0.346435547 0.873535156
vt 0.357421875 0.861816406
vt 0.312011719 0.935546875
vt 0.309082031 0.915527344
vt 0.309082031 0.932617188
vt 0.104614258 0.740234375
vt 0.113220215 0.7265625
vt 0.0974731445 0.731933594
vt 0.290039062 0.885742188
vt 0.3046875 0.90234375
vt 0.309082031 0.915527344
vt 0.290039062 0.885742188
vt 0.309082031 0.915527344
vt 0.314208984 0.900390625
vt 0.300048828 0.942382812
vt 0.309082031 0.932617188
vt 0.309082031 0.915527344
vt 0.302978516 0.508789062
vt 0.30859375 0.506347656
vt 0.309570312 0.505859375
vt 0.340087891 0.5703125
vt 0.338867188 0.563476562
vt 0.317138672 0.562011719
vt 0.303710938 0.520019531
vt 0.326904297 0.534179688
vt 0.30859375 0.512695312
vt 0.296630859 0.395263672
vt 0.312255859 0.4140625
vt 0.309326172 0.409423828
vt 0.368896484 0.532226562
vt 0.384033203 0.522460938
vt 0.381835938 0.518554688
vt 0.368896484 0.532226562
vt 0.381835938 0.518554688
vt 0.376464844 0.514648438
vt 0.296630859 0.395263672
vt 0.297851562 0.389648438
vt 0.279541016 0.364501953
vt 0.307373047 0.396972656
vt 0.309326172 0.409423828
vt 0.247802734 0.691894531
vt 0.250732422 0.710449219
vt 0.288330078 0.678710938
vt 0.246459961 0.705566406
vt 0.245727539 0.723632812
vt 0.254150391 0.743164062
vt 0.240356445 0.731933594
vt 0.246459961 0.743164062
vt 0.234741211 0.737304688
vt 0.23828125 0.743164062
vt 0.235229492 0.751953125
vt 0.240112305 0.758789062
vt 0.245239258 0.765136719
vt 0.126342773 0.647460938
vt 0.136352539 0.642089844
vt 0.121704102 0.64453125
vt 0.119445801 0.665527344
vt 0.143310547 0.796875
vt 0.15222168 0.797851562
vt 0.145507812 0.791015625
vt 0.165283203 0.796386719
vt 0.157958984 0.800292969
vt 0.160888672 0.80078125
vt 0.167236328 0.788085938
vt 0.156738281 0.788574219
vt 0.134887695 0.783203125
vt 0.141357422 0.778808594
vt 0.127685547 0.768066406
vt 0.134399414 0.765136719
vt 0.148681641 0.774414062
vt 0.161743164 0.779785156
vt 0.159790039 0.771484375
vt 0.167724609 0.770507812
vt 0.168823242 0.777832031
vt 0.174560547 0.777832031
vt 0.173339844 0.770019531
vt 0.176025391 0.787597656
vt 0.177246094 0.797851562
vt 0.189453125 0.795898438
vt 0.176513672 0.802246094
vt 0.178588867 0.806640625
vt 0.0942382812 0.725585938
vt 0.0974731445 0.731933594
vt 0.113220215 0.7265625
vt 0.0916137695 0.719726562
vt 0.110534668 0.708007812
vt 0.114379883 0.686035156
vt 0.0747070312 0.724609375
vt 0.0829467773 0.733398438
vt 0.102600098 0.687011719
vt 0.119445801 0.665527344
vt 0.087097168 0.686035156
vt 0.111328125 0.664550781
vt 0.100524902 0.659179688
vt 0.121704102 0.64453125
vt 0.115722656 0.637695312
vt 0.147827148 0.631835938
vt 0.145629883 0.62109375
vt 0.14831543 0.636230469
vt 0.17578125 0.634765625
vt 0.179321289 0.625
vt 0.160522461 0.639648438
vt 0.171630859 0.641113281
vt 0.201416016 0.638183594
vt 0.185791016 0.653808594
vt 0.193725586 0.647460938
vt 0.225708008 0.659667969
vt 0.212646484 0.665527344
vt 0.19934082 0.670410156
vt 0.247802734 0.691894531
vt 0.23425293 0.697265625
vt 0.218994141 0.697753906
vt 0.218139648 0.71875
vt 0.235229492 0.706054688
vt 0.246459961 0.705566406
vt 0.235351562 0.716308594
vt 0.245727539 0.723632812
vt 0.110656738 0.737792969
vt 0.120727539 0.736816406
vt 0.113220215 0.7265625
vt 0.108764648 0.744140625
vt 0.115661621 0.742675781
vt 0.122436523 0.748046875
vt 0.117370605 0.74609375
vt 0.126220703 0.751464844
vt 0.11730957 0.755371094
vt 0.127685547 0.768066406
vt 0.12286377 0.760253906
vt 0.253173828 0.803222656
vt 0.267089844 0.8125
vt 0.287353516 0.79296875
vt 0.233032227 0.810058594
vt 0.261474609 0.824707031
vt 0.223388672 0.789550781
vt 0.218505859 0.796386719
vt 0.256591797 0.838867188
vt 0.224975586 0.80859375
vt 0.224731445 0.840332031
vt 0.215332031 0.82421875
vt 0.257324219 0.859863281
vt 0.24230957 0.870117188
vt 0.183959961 0.842285156
vt 0.185424805 0.875
vt 0.230834961 0.885253906
vt 0.227661133 0.902832031
vt 0.212768555 0.906738281
vt 0.200805664 0.9140625
vt 0.12890625 0.848632812
vt 0.160522461 0.822265625
vt 0.157226562 0.875
vt 0.162963867 0.815429688
vt 0.182739258 0.909667969
vt 0.174682617 0.930175781
vt 0.189575195 0.931640625
vt 0.155517578 0.924804688
vt 0.16003418 0.907226562
vt 0.132324219 0.890136719
vt 0.135009766 0.89453125
vt 0.133056641 0.899414062
vt 0.131958008 0.916503906
vt 0.180053711 0.814941406
vt 0.178588867 0.806640625
vt 0.160644531 0.806152344
vt 0.160888672 0.80078125
vt 0.186279297 0.813476562
vt 0.188964844 0.820800781
vt 0.188598633 0.804199219
vt 0.192504883 0.801757812
vt 0.176513672 0.802246094
vt 0.131225586 0.872558594
vt 0.132324219 0.890136719
vt 0.157226562 0.875
vt 0.127685547 0.856445312
vt 0.12890625 0.848632812
vt 0.112365723 0.848632812
vt 0.114562988 0.865722656
vt 0.0917358398 0.883300781
vt 0.0810546875 0.862304688
vt 0.100280762 0.836425781
vt 0.0743408203 0.841796875
vt 0.115661621 0.81640625
vt 0.0982055664 0.815429688
vt 0.0718994141 0.824707031
vt 0.0977783203 0.796875
vt 0.0703125 0.791503906
vt 0.104797363 0.783691406
vt 0.0908203125 0.776367188
vt 0.0878295898 0.762695312
vt 0.103027344 0.775878906
vt 0.115783691 0.793945312
vt 0.130615234 0.801757812
vt 0.145507812 0.791015625
vt 0.134033203 0.818847656
vt 0.131225586 0.842285156
vt 0.151123047 0.828125
vt 0.160522461 0.822265625
vt 0.696289062 0.331542969
vt 0.6796875 0.3203125
vt 0.689453125 0.351806641
vt 0.665039062 0.312255859
vt 0.650878906 0.333984375
vt 0.675292969 0.376220703
vt 0.647949219 0.338378906
vt 0.636230469 0.365966797
vt 0.645507812 0.336181641
vt 0.635742188 0.362060547
vt 0.663574219 0.381591797
vt 0.646484375 0.38671875
vt 0.639160156 0.384277344
vt 0.712890625 0.399658203
vt 0.65625 0.391845703
vt 0.658203125 0.4140625
vt 0.718261719 0.386474609
vt 0.711914062 0.373046875
vt 0.711425781 0.421386719
vt 0.670898438 0.426025391
vt 0.708007812 0.357910156
vt 0.693847656 0.353271484
vt 0.701171875 0.335205078
vt 0.710449219 0.341552734
vt 0.663085938 0.443115234
vt 0.716308594 0.434570312
vt 0.707519531 0.447998047
vt 0.699707031 0.467773438
vt 0.643554688 0.447998047
vt 0.651855469 0.474121094
vt 0.621582031 0.484130859
vt 0.616699219 0.449707031
vt 0.620605469 0.484375
vt 0.59765625 0.460205078
vt 0.611816406 0.432861328
vt 0.573242188 0.438476562
vt 0.586425781 0.425048828
vt 0.573242188 0.399902344
vt 0.591308594 0.40234375
vt 0.598144531 0.412841797
vt 0.556152344 0.423583984
vt 0.543457031 0.447998047
vt 0.596191406 0.371582031
vt 0.606933594 0.388183594
vt 0.605957031 0.362548828
vt 0.623046875 0.347167969
vt 0.579589844 0.332275391
vt 0.565429688 0.348876953
vt 0.543457031 0.377929688
vt 0.53125 0.401855469
vt 0.520019531 0.426513672
vt 0.506347656 0.468261719
vt 0.529296875 0.485839844
vt 0.5078125 0.504394531
vt 0.544433594 0.515136719
vt 0.5546875 0.504882812
vt 0.553222656 0.45703125
vt 0.529785156 0.530273438
vt 0.573242188 0.527832031
vt 0.522460938 0.538085938
vt 0.5078125 0.522460938
vt 0.518554688 0.541503906
vt 0.504882812 0.52734375
vt 0.533203125 0.555175781
vt 0.538085938 0.552246094
vt 0.556640625 0.551269531
vt 0.592285156 0.551757812
vt 0.633300781 0.536621094
vt 0.612792969 0.515136719
vt 0.637207031 0.502929688
vt 0.657714844 0.524414062
vt 0.6640625 0.489746094
vt 0.681640625 0.51171875
vt 0.7109375 0.489501953
vt 0.654785156 0.478271484
vt 0.628417969 0.492919922
vt 0.615722656 0.497070312
vt 0.589355469 0.490966797
vt 0.600585938 0.483398438
vt 0.589355469 0.490966797
vt 0.586914062 0.488525391
vt 0.600585938 0.483398438
vt 0.59765625 0.480712891
vt 0.578613281 0.479980469
vt 0.586914062 0.471191406
vt 0.565917969 0.456542969
vt 0.710449219 0.341552734
vt 0.708007812 0.357910156
vt 0.73046875 0.349121094
vt 0.762207031 0.317626953
vt 0.750976562 0.304931641
vt 0.600097656 0.318603516
vt 0.579589844 0.332275391
vt 0.623046875 0.347167969
vt 0.613769531 0.311279297
vt 0.622558594 0.327392578
vt 0.615722656 0.312011719
vt 0.625 0.326416016
vt 0.637695312 0.309082031
vt 0.624023438 0.344970703
vt 0.645507812 0.336181641
vt 0.635742188 0.362060547
vt 0.636230469 0.365966797
vt 0.252929688 0.973144531
vt 0.252197266 0.966308594
vt 0.228149414 0.962890625
vt 0.265625 0.965820312
vt 0.270751953 0.969238281
vt 0.253173828 0.979980469
vt 0.227661133 0.96484375
vt 0.2734375 0.979980469
vt 0.275634766 0.964355469
vt 0.271240234 0.963378906
vt 0.282958984 0.972167969
vt 0.287109375 0.966796875
vt 0.277832031 0.962402344
vt 0.293945312 0.954589844
vt 0.287353516 0.951660156
vt 0.294677734 0.938964844
vt 0.300048828 0.942382812
vt 0.309082031 0.915527344
vt 0.299316406 0.921386719
vt 0.299804688 0.912597656
vt 0.3046875 0.90234375
vt 0.297363281 0.90234375
vt 0.290039062 0.885742188
vt 0.649902344 0.332519531
vt 0.661621094 0.312255859
vt 0.637695312 0.309082031
vt 0.645507812 0.336181641
vt 0.12878418 0.962402344
vt 0.122375488 0.983886719
vt 0.154296875 0.985351562
vt 0.155517578 0.924804688
vt 0.174682617 0.930175781
vt 0.189575195 0.931640625
vt 0.186157227 0.985839844
vt 0.131958008 0.916503906
vt 0.117919922 0.94140625
vt 0.112121582 0.936035156
vt 0.127197266 0.913085938
vt 0.110229492 0.900878906
vt 0.10723877 0.9296875
vt 0.0947265625 0.884765625
vt 0.0852661133 0.921386719
vt 0.0653686523 0.924804688
vt 0.0546569824 0.918457031
vt 0.0917358398 0.883300781
vt 0.0516357422 0.916503906
vt 0.0810546875 0.862304688
vt 0.0357971191 0.898925781
vt 0.297119141 0.902832031
vt 0.297363281 0.90234375
vt 0.290039062 0.885742188
vt 0.297607422 0.911621094
vt 0.299804688 0.912597656
vt 0.297119141 0.920898438
vt 0.321289062 0.879394531
vt 0.314208984 0.874023438
vt 0.296630859 0.875488281
vt 0.321289062 0.872558594
vt 0.352783203 0.783203125
vt 0.341796875 0.790527344
vt 0.360595703 0.803710938
vt 0.337402344 0.797851562
vt 0.350097656 0.8125
vt 0.321777344 0.811035156
vt 0.370849609 0.818847656
vt 0.336669922 0.823730469
vt 0.30078125 0.831542969
vt 0.317871094 0.843261719
vt 0.28515625 0.854980469
vt 0.298828125 0.861816406
vt 0.361816406 0.822753906
vt 0.369628906 0.832519531
vt 0.366699219 0.838378906
vt 0.349121094 0.833496094
vt 0.358154297 0.825195312
vt 0.362060547 0.843261719
vt 0.336914062 0.847167969
vt 0.347900391 0.859375
vt 0.327148438 0.855957031
vt 0.336425781 0.866210938
vt 0.319091797 0.863769531
vt 0.314453125 0.868164062
vt 0.329345703 0.869140625
vt 0.321044922 0.872070312
vt 0.169921875 0.646484375
vt 0.164916992 0.644042969
vt 0.168212891 0.652832031
vt 0.168334961 0.657226562
vt 0.174316406 0.650878906
vt 0.407714844 0.831054688
vt 0.390625 0.834960938
vt 0.401611328 0.861328125
vt 0.379638672 0.840332031
vt 0.373291016 0.851074219
vt 0.388427734 0.88671875
vt 0.362304688 0.866699219
vt 0.357421875 0.861816406
vt 0.369628906 0.849121094
vt 0.348632812 0.878417969
vt 0.346435547 0.873535156
vt 0.337890625 0.886230469
vt 0.363037109 0.904296875
vt 0.3359375 0.897460938
vt 0.333496094 0.911621094
vt 0.319091797 0.923339844
vt 0.345458984 0.938476562
vt 0.322998047 0.935546875
vt 0.312011719 0.935546875
vt 0.301513672 0.94921875
vt 0.314697266 0.955566406
vt 0.340576172 0.963378906
vt 0.307861328 0.971191406
vt 0.297119141 0.967285156
vt 0.328613281 0.983398438
vt 0.296630859 0.982421875
vt 0.300537109 0.994628906
vt 0.346435547 0.873535156
vt 0.344726562 0.868164062
vt 0.335205078 0.872558594
vt 0.354980469 0.859375
vt 0.369628906 0.849121094
vt 0.373291016 0.851074219
vt 0.379638672 0.840332031
vt 0.368408203 0.845214844
vt 0.357421875 0.861816406
vt 0.354980469 0.859375
vt 0.375976562 0.8359375
vt 0.390625 0.834960938
vt 0.375976562 0.821289062
vt 0.407714844 0.831054688
vt 0.398193359 0.810546875
vt 0.383544922 0.792480469
vt 0.371582031 0.802734375
vt 0.357421875 0.782714844
vt 0.362792969 0.779296875
vt 0.278320312 0.994628906
vt 0.2734375 0.979980469
vt 0.253173828 0.979980469
vt 0.300537109 0.994628906
vt 0.296630859 0.982421875
vt 0.282958984 0.972167969
vt 0.287109375 0.966796875
vt 0.297119141 0.967285156
vt 0.454101562 0.495605469
vt 0.470214844 0.5078125
vt 0.5078125 0.522460938
vt 0.504882812 0.52734375
vt 0.46875 0.512695312
vt 0.454101562 0.495605469
vt 0.5078125 0.522460938
vt 0.5078125 0.504394531
vt 0.456298828 0.458496094
vt 0.506347656 0.468261719
vt 0.468505859 0.407958984
vt 0.520019531 0.426513672
vt 0.53125 0.401855469
vt 0.481201172 0.37890625
vt 0.543457031 0.377929688
vt 0.496582031 0.351074219
vt 0.565429688 0.348876953
vt 0.520996094 0.314941406
vt 0.539550781 0.293701172
vt 0.579589844 0.332275391
vt 0.600097656 0.318603516
vt 0.565429688 0.273193359
vt 0.0401306152 0.607910156
vt 0.0517578125 0.625976562
vt 0.0830078125 0.6171875
vt 0.102111816 0.621582031
vt 0.115722656 0.637695312
vt 0.100524902 0.659179688
vt 0.087097168 0.686035156
vt 0.0309906006 0.6640625
vt 0.0150222778 0.723144531
vt 0.0747070312 0.724609375
vt 0.00979614258 0.7578125
vt 0.0715332031 0.758300781
vt 0.00760269165 0.791992188
vt 0.0758056641 0.759277344
vt 0.0829467773 0.733398438
vt 0.0703125 0.791503906
vt 0.0134124756 0.83984375
vt 0.0908203125 0.776367188
vt 0.0718994141 0.824707031
vt 0.0214691162 0.867675781
vt 0.0743408203 0.841796875
vt 0.0357971191 0.898925781
vt 0.0810546875 0.862304688
vt 0.0878295898 0.762695312
vt 0.0894775391 0.743164062
vt 0.0974731445 0.731933594
vt 0.0942382812 0.725585938
vt 0.104614258 0.740234375
vt 0.0973510742 0.747070312
vt 0.0950927734 0.758300781
vt 0.104248047 0.749023438
vt 0.102600098 0.754882812
vt 0.108764648 0.744140625
vt 0.110656738 0.737792969
vt 0.113220215 0.7265625
vt 0.142456055 0.605957031
vt 0.185302734 0.604980469
vt 0.201049805 0.59375
vt 0.145629883 0.62109375
vt 0.102111816 0.621582031
vt 0.115722656 0.637695312
vt 0.0830078125 0.6171875
vt 0.142089844 0.602050781
vt 0.142456055 0.605957031
vt 0.201049805 0.59375
vt 0.142089844 0.602050781
vt 0.141113281 0.596679688
vt 0.197265625 0.589355469
vt 0.322265625 0.46875
vt 0.318603516 0.475097656
vt 0.331542969 0.484130859
vt 0.313720703 0.454589844
vt 0.301513672 0.454589844
vt 0.298583984 0.427490234
vt 0.310546875 0.428222656
vt 0.296630859 0.395263672
vt 0.312255859 0.4140625
vt 0.715820312 0.576660156
vt 0.750976562 0.553222656
vt 0.7109375 0.489501953
vt 0.760742188 0.548339844
vt 0.72265625 0.489257812
vt 0.715820312 0.576660156
vt 0.7109375 0.489501953
vt 0.681640625 0.51171875
vt 0.688964844 0.592773438
vt 0.657714844 0.524414062
vt 0.66015625 0.604003906
vt 0.633300781 0.536621094
vt 0.592285156 0.551757812
vt 0.604003906 0.6015625
vt 0.556640625 0.551269531
vt 0.567382812 0.604980469
vt 0.538085938 0.552246094
vt 0.5546875 0.588867188
vt 0.549316406 0.590820312
vt 0.533203125 0.555175781
vt 0.225708008 0.659667969
vt 0.247802734 0.691894531
vt 0.288330078 0.678710938
vt 0.264648438 0.6171875
vt 0.232666016 0.58984375
vt 0.201416016 0.638183594
vt 0.179321289 0.625
vt 0.185302734 0.604980469
vt 0.201049805 0.59375
vt 0.234741211 0.572265625
vt 0.197265625 0.589355469
vt 0.23046875 0.568847656
vt 0.266113281 0.727050781
vt 0.304931641 0.7109375
vt 0.317626953 0.743164062
vt 0.276855469 0.760253906
vt 0.276855469 0.760253906
vt 0.325195312 0.791015625
vt 0.317626953 0.743164062
vt 0.287353516 0.79296875
vt 0.320800781 0.801269531
vt 0.298095703 0.8046875
vt 0.267089844 0.8125
vt 0.281982422 0.817871094
vt 0.169921875 0.646484375
vt 0.160522461 0.639648438
vt 0.164916992 0.644042969
vt 0.171630859 0.641113281
vt 0.174316406 0.650878906
vt 0.180541992 0.657714844
vt 0.185791016 0.653808594
vt 0.1953125 0.673828125
vt 0.19934082 0.670410156
vt 0.206176758 0.696777344
vt 0.218994141 0.697753906
vt 0.205200195 0.704589844
vt 0.218139648 0.71875
vt 0.130126953 0.651367188
vt 0.133544922 0.647460938
vt 0.136352539 0.642089844
vt 0.126342773 0.647460938
vt 0.128173828 0.656738281
vt 0.125732422 0.666015625
vt 0.119445801 0.665527344
vt 0.120727539 0.687011719
vt 0.114379883 0.686035156
vt 0.117004395 0.700683594
vt 0.110534668 0.708007812
vt 0.119140625 0.712890625
vt 0.113220215 0.7265625
vt 0.196411133 0.723144531
vt 0.212158203 0.731445312
vt 0.218139648 0.71875
vt 0.194335938 0.714355469
vt 0.174804688 0.723632812
vt 0.174804688 0.718261719
vt 0.131713867 0.73046875
vt 0.113220215 0.7265625
vt 0.120727539 0.736816406
vt 0.131469727 0.724609375
vt 0.152587891 0.726074219
vt 0.151733398 0.721191406
vt 0.174804688 0.723632812
vt 0.161865234 0.719726562
vt 0.163696289 0.725585938
vt 0.152587891 0.726074219
vt 0.212158203 0.731445312
vt 0.192260742 0.732910156
vt 0.212158203 0.748535156
vt 0.196411133 0.723144531
vt 0.176025391 0.73046875
vt 0.174804688 0.723632812
vt 0.164916992 0.730957031
vt 0.163696289 0.725585938
vt 0.152587891 0.726074219
vt 0.153320312 0.732421875
vt 0.131713867 0.73046875
vt 0.139404297 0.73828125
vt 0.120727539 0.736816406
vt 0.126220703 0.751464844
vt 0.156738281 0.739746094
vt 0.153320312 0.732421875
vt 0.139404297 0.73828125
vt 0.145385742 0.743652344
vt 0.162841797 0.757324219
vt 0.126220703 0.751464844
vt 0.153686523 0.760742188
vt 0.136962891 0.746582031
vt 0.127685547 0.768066406
vt 0.134399414 0.765136719
vt 0.141479492 0.761230469
vt 0.159790039 0.771484375
vt 0.148681641 0.774414062
vt 0.164916992 0.730957031
vt 0.153320312 0.732421875
vt 0.156738281 0.739746094
vt 0.166015625 0.736328125
vt 0.176513672 0.736328125
vt 0.176025391 0.73046875
vt 0.192260742 0.732910156
vt 0.170532227 0.754882812
vt 0.162841797 0.757324219
vt 0.189331055 0.738769531
vt 0.212158203 0.748535156
vt 0.178833008 0.755371094
vt 0.173339844 0.770019531
vt 0.167724609 0.770507812
vt 0.153686523 0.760742188
vt 0.159790039 0.771484375
vt 0.178833008 0.769042969
vt 0.188964844 0.756347656
vt 0.187011719 0.768554688
vt 0.198486328 0.7421875
vt 0.215698242 0.765136719
vt 0.201171875 0.758789062
vt 0.210571289 0.764648438
vt 0.218505859 0.796386719
vt 0.223388672 0.789550781
vt 0.203369141 0.790527344
vt 0.20690918 0.795410156
vt 0.200561523 0.796875
vt 0.189453125 0.795898438
vt 0.195922852 0.799316406
vt 0.192504883 0.801757812
vt 0.177246094 0.797851562
vt 0.176513672 0.802246094
vt 0.184814453 0.786132812
vt 0.176025391 0.787597656
vt 0.174560547 0.777832031
vt 0.195068359 0.78515625
vt 0.180297852 0.776855469
vt 0.178833008 0.769042969
vt 0.173339844 0.770019531
vt 0.187744141 0.776855469
vt 0.187011719 0.768554688
vt 0.198852539 0.770507812
vt 0.213623047 0.777832031
vt 0.223876953 0.781738281
vt 0.206787109 0.774414062
vt 0.210571289 0.764648438
vt 0.215698242 0.765136719
vt 0.0982055664 0.815429688
vt 0.115783691 0.793945312
vt 0.0977783203 0.796875
vt 0.104797363 0.783691406
vt 0.122741699 0.784179688
vt 0.103027344 0.775878906
vt 0.145507812 0.791015625
vt 0.121765137 0.777832031
vt 0.134887695 0.783203125
vt 0.127685547 0.768066406
vt 0.223876953 0.781738281
vt 0.203369141 0.790527344
vt 0.223388672 0.789550781
vt 0.24597168 0.772949219
vt 0.248168945 0.783203125
vt 0.253173828 0.803222656
vt 0.287353516 0.79296875
vt 0.276855469 0.760253906
vt 0.245239258 0.765136719
vt 0.22644043 0.774902344
vt 0.215698242 0.765136719
vt 0.213623047 0.777832031
vt 0.254150391 0.743164062
vt 0.256103516 0.759277344
vt 0.262939453 0.73046875
vt 0.266113281 0.727050781
vt 0.26171875 0.715332031
vt 0.259033203 0.720214844
vt 0.250732422 0.710449219
vt 0.116333008 0.76953125
vt 0.121765137 0.777832031
vt 0.127685547 0.768066406
vt 0.12286377 0.760253906
vt 0.11328125 0.761230469
vt 0.11730957 0.755371094
vt 0.229248047 0.764648438
vt 0.215698242 0.765136719
vt 0.22644043 0.774902344
vt 0.240112305 0.758789062
vt 0.245239258 0.765136719
vt 0.235229492 0.751953125
vt 0.229614258 0.754394531
vt 0.210571289 0.764648438
vt 0.201171875 0.758789062
vt 0.198852539 0.770507812
vt 0.187011719 0.768554688
vt 0.188964844 0.756347656
vt 0.187744141 0.776855469
vt 0.105407715 0.768066406
vt 0.0950927734 0.758300781
vt 0.0878295898 0.762695312
vt 0.107910156 0.761230469
vt 0.102600098 0.754882812
vt 0.105407715 0.768066406
vt 0.0878295898 0.762695312
vt 0.103027344 0.775878906
vt 0.121765137 0.777832031
vt 0.116333008 0.76953125
vt 0.107910156 0.761230469
vt 0.11328125 0.761230469
vt 0.228515625 0.733886719
vt 0.234741211 0.737304688
vt 0.240356445 0.731933594
vt 0.231811523 0.728027344
vt 0.228515625 0.733886719
vt 0.23828125 0.743164062
vt 0.234741211 0.737304688
vt 0.228393555 0.743652344
vt 0.229614258 0.754394531
vt 0.235229492 0.751953125
vt 0.219238281 0.741699219
vt 0.223144531 0.752441406
vt 0.108764648 0.744140625
vt 0.104248047 0.749023438
vt 0.102600098 0.754882812
vt 0.111206055 0.752441406
vt 0.117370605 0.74609375
vt 0.115661621 0.742675781
vt 0.11328125 0.761230469
vt 0.107910156 0.761230469
vt 0.11730957 0.755371094
vt 0.229614258 0.754394531
vt 0.21887207 0.760253906
vt 0.229248047 0.764648438
vt 0.215698242 0.765136719
vt 0.215087891 0.746582031
vt 0.212158203 0.748535156
vt 0.223144531 0.752441406
vt 0.219238281 0.741699219
vt 0.212158203 0.731445312
vt 0.219726562 0.736328125
vt 0.261474609 0.824707031
vt 0.256591797 0.838867188
vt 0.271972656 0.84375
vt 0.275878906 0.828613281
vt 0.281982422 0.817871094
vt 0.267089844 0.8125
vt 0.119140625 0.712890625
vt 0.139892578 0.703613281
vt 0.138549805 0.693359375
vt 0.159179688 0.69921875
vt 0.119140625 0.712890625
vt 0.138549805 0.693359375
vt 0.117004395 0.700683594
vt 0.136962891 0.681152344
vt 0.120727539 0.687011719
vt 0.125732422 0.666015625
vt 0.158325195 0.688476562
vt 0.139160156 0.663574219
vt 0.128173828 0.656738281
vt 0.155029297 0.676757812
vt 0.175292969 0.676269531
vt 0.178955078 0.687011719
vt 0.155761719 0.663085938
vt 0.150878906 0.662597656
vt 0.146118164 0.663574219
vt 0.14453125 0.656738281
vt 0.149658203 0.655273438
vt 0.155883789 0.65625
vt 0.160766602 0.655761719
vt 0.138549805 0.693359375
vt 0.159179688 0.69921875
vt 0.158325195 0.688476562
vt 0.178955078 0.687011719
vt 0.179077148 0.69921875
vt 0.205200195 0.704589844
vt 0.206176758 0.696777344
vt 0.175292969 0.676269531
vt 0.1953125 0.673828125
vt 0.180541992 0.657714844
vt 0.16418457 0.662597656
vt 0.174316406 0.650878906
vt 0.155761719 0.663085938
vt 0.160766602 0.655761719
vt 0.267578125 0.864746094
vt 0.271972656 0.84375
vt 0.256591797 0.838867188
vt 0.257324219 0.859863281
vt 0.24230957 0.870117188
vt 0.253662109 0.879394531
vt 0.212768555 0.906738281
vt 0.218994141 0.921386719
vt 0.236328125 0.912597656
vt 0.227661133 0.902832031
vt 0.202026367 0.983398438
vt 0.189575195 0.931640625
vt 0.186157227 0.985839844
vt 0.205322266 0.937011719
vt 0.200805664 0.9140625
vt 0.212768555 0.906738281
vt 0.218994141 0.921386719
vt 0.253662109 0.879394531
vt 0.24230957 0.870117188
vt 0.230834961 0.885253906
vt 0.24597168 0.893066406
vt 0.129882812 0.899414062
vt 0.127197266 0.913085938
vt 0.131958008 0.916503906
vt 0.133056641 0.899414062
vt 0.135009766 0.89453125
vt 0.130615234 0.895507812
vt 0.129150391 0.891113281
vt 0.132324219 0.890136719
vt 0.131225586 0.872558594
vt 0.12890625 0.874023438
vt 0.127685547 0.856445312
vt 0.126464844 0.860351562
vt 0.117248535 0.868652344
vt 0.126464844 0.860351562
vt 0.127685547 0.856445312
vt 0.114562988 0.865722656
vt 0.0917358398 0.883300781
vt 0.117248535 0.868652344
vt 0.0917358398 0.883300781
vt 0.0947265625 0.884765625
vt 0.110229492 0.900878906
vt 0.12121582 0.87890625
vt 0.126464844 0.860351562
vt 0.12890625 0.874023438
vt 0.124267578 0.893554688
vt 0.127197266 0.913085938
vt 0.129150391 0.891113281
vt 0.129882812 0.899414062
vt 0.130615234 0.895507812
vt 0.718261719 0.469238281
vt 0.699707031 0.467773438
vt 0.7109375 0.489501953
vt 0.72265625 0.489257812
vt 0.720703125 0.453125
vt 0.699707031 0.467773438
vt 0.718261719 0.469238281
vt 0.707519531 0.447998047
vt 0.7265625 0.434814453
vt 0.716308594 0.434570312
vt 0.711425781 0.421386719
vt 0.716308594 0.434570312
vt 0.7265625 0.434814453
vt 0.723632812 0.420410156
vt 0.712890625 0.399658203
vt 0.731933594 0.385986328
vt 0.718261719 0.386474609
vt 0.7265625 0.402587891
vt 0.723632812 0.420410156
vt 0.711425781 0.421386719
vt 0.731933594 0.385986328
vt 0.711914062 0.373046875
vt 0.718261719 0.386474609
vt 0.727539062 0.368896484
vt 0.73046875 0.349121094
vt 0.708007812 0.357910156
vt 0.696289062 0.331542969
vt 0.697753906 0.332763672
vt 0.725097656 0.285400391
vt 0.689453125 0.351806641
vt 0.69140625 0.352539062
vt 0.675292969 0.376220703
vt 0.6796875 0.3203125
vt 0.696289062 0.331542969
vt 0.725097656 0.285400391
vt 0.694335938 0.272216797
vt 0.665039062 0.312255859
vt 0.676757812 0.276855469
vt 0.667480469 0.275634766
vt 0.697753906 0.332763672
vt 0.701171875 0.335205078
vt 0.750976562 0.304931641
vt 0.710449219 0.341552734
vt 0.637695312 0.309082031
vt 0.661621094 0.312255859
vt 0.654296875 0.275878906
vt 0.650390625 0.275878906
vt 0.643554688 0.275878906
vt 0.638671875 0.275390625
vt 0.615722656 0.312011719
vt 0.62109375 0.26953125
vt 0.603515625 0.251708984
vt 0.592773438 0.258300781
vt 0.613769531 0.311279297
vt 0.585449219 0.260253906
vt 0.600097656 0.318603516
vt 0.565429688 0.273193359
vt 0.434570312 0.580566406
vt 0.43359375 0.590332031
vt 0.451416016 0.595214844
vt 0.452880859 0.576171875
vt 0.440185547 0.552734375
vt 0.454589844 0.559570312
vt 0.481933594 0.577148438
vt 0.464111328 0.559570312
vt 0.466308594 0.577148438
vt 0.482177734 0.559570312
vt 0.494873047 0.560058594
vt 0.494384766 0.577636719
vt 0.516113281 0.560058594
vt 0.494140625 0.595214844
vt 0.517089844 0.577636719
vt 0.298828125 0.861816406
vt 0.28515625 0.854980469
vt 0.277587891 0.864257812
vt 0.296630859 0.875488281
vt 0.290039062 0.885742188
vt 0.271484375 0.874511719
vt 0.276367188 0.906738281
vt 0.258300781 0.896484375
vt 0.297119141 0.902832031
vt 0.290283203 0.908203125
vt 0.288330078 0.916015625
vt 0.297607422 0.911621094
vt 0.297119141 0.920898438
vt 0.625 0.326416016
vt 0.615722656 0.312011719
vt 0.613769531 0.311279297
vt 0.622558594 0.327392578
vt 0.623046875 0.347167969
vt 0.624023438 0.344970703
vt 0.636230469 0.365966797
vt 0.235839844 0.947753906
vt 0.228149414 0.962890625
vt 0.252197266 0.966308594
vt 0.258056641 0.958984375
vt 0.245239258 0.919921875
vt 0.265869141 0.933105469
vt 0.258300781 0.896484375
vt 0.276367188 0.906738281
vt 0.265625 0.965820312
vt 0.288330078 0.916015625
vt 0.265380859 0.9609375
vt 0.271240234 0.963378906
vt 0.276367188 0.959960938
vt 0.269042969 0.95703125
vt 0.278564453 0.944824219
vt 0.284423828 0.94921875
vt 0.291503906 0.937011719
vt 0.282958984 0.935058594
vt 0.297119141 0.920898438
vt 0.667480469 0.275634766
vt 0.661621094 0.312255859
vt 0.665039062 0.312255859
vt 0.649902344 0.332519531
vt 0.650878906 0.333984375
vt 0.645507812 0.336181641
vt 0.647949219 0.338378906
vt 0.297119141 0.920898438
vt 0.299316406 0.921386719
vt 0.299804688 0.912597656
vt 0.294677734 0.938964844
vt 0.291503906 0.937011719
vt 0.287353516 0.951660156
vt 0.284423828 0.94921875
vt 0.276367188 0.959960938
vt 0.277832031 0.962402344
vt 0.271240234 0.963378906
vt 0.275634766 0.964355469
vt 0.290039062 0.885742188
vt 0.314208984 0.900390625
vt 0.318603516 0.889160156
vt 0.296630859 0.875488281
vt 0.321289062 0.879394531
vt 0.3359375 0.897460938
vt 0.337890625 0.886230469
vt 0.367919922 0.838867188
vt 0.37109375 0.833007812
vt 0.369628906 0.832519531
vt 0.366699219 0.838378906
vt 0.363525391 0.844238281
vt 0.362060547 0.843261719
vt 0.351318359 0.858886719
vt 0.347900391 0.859375
vt 0.336425781 0.866210938
vt 0.337890625 0.8671875
vt 0.329345703 0.869140625
vt 0.330810547 0.870117188
vt 0.321289062 0.872558594
vt 0.321044922 0.872070312
vt 0.37109375 0.833007812
vt 0.370849609 0.818847656
vt 0.369628906 0.832519531
vt 0.373291016 0.818847656
vt 0.360595703 0.803710938
vt 0.366210938 0.8046875
vt 0.352783203 0.783203125
vt 0.357421875 0.782714844
vt 0.357421875 0.782714844
vt 0.366210938 0.8046875
vt 0.371582031 0.802734375
vt 0.373291016 0.818847656
vt 0.375976562 0.821289062
vt 0.37109375 0.833007812
vt 0.375976562 0.8359375
vt 0.367919922 0.838867188
vt 0.368408203 0.845214844
vt 0.363525391 0.844238281
vt 0.354980469 0.859375
vt 0.351318359 0.858886719
vt 0.128173828 0.656738281
vt 0.139160156 0.663574219
vt 0.134277344 0.66015625
vt 0.130126953 0.651367188
vt 0.133056641 0.655761719
vt 0.14050293 0.65625
vt 0.139160156 0.663574219
vt 0.146118164 0.663574219
vt 0.136962891 0.681152344
vt 0.155029297 0.676757812
vt 0.138427734 0.653320312
vt 0.139160156 0.663574219
vt 0.14050293 0.65625
vt 0.134277344 0.66015625
vt 0.133056641 0.655761719
vt 0.133544922 0.647460938
vt 0.139770508 0.646972656
vt 0.136352539 0.642089844
vt 0.142456055 0.644042969
vt 0.142333984 0.649414062
vt 0.155151367 0.643066406
vt 0.160522461 0.639648438
vt 0.14831543 0.636230469
vt 0.148681641 0.640625
vt 0.142456055 0.644042969
vt 0.136352539 0.642089844
vt 0.354980469 0.859375
vt 0.351318359 0.858886719
vt 0.337890625 0.8671875
vt 0.344726562 0.868164062
vt 0.330810547 0.870117188
vt 0.335205078 0.872558594
vt 0.321289062 0.879394531
vt 0.321289062 0.872558594
vt 0.318603516 0.889160156
vt 0.333496094 0.911621094
vt 0.3359375 0.897460938
vt 0.314208984 0.900390625
vt 0.319091797 0.923339844
vt 0.309082031 0.915527344
vt 0.312011719 0.935546875
vt 0.287109375 0.966796875
vt 0.297119141 0.967285156
vt 0.301513672 0.94921875
vt 0.293945312 0.954589844
vt 0.300048828 0.942382812
vt 0.309082031 0.932617188
vt 0.312011719 0.935546875
vt 0.231811523 0.728027344
vt 0.235351562 0.716308594
vt 0.218139648 0.71875
vt 0.224609375 0.728027344
vt 0.228515625 0.733886719
vt 0.212158203 0.731445312
vt 0.219726562 0.736328125
vt 0.321044922 0.872070312
vt 0.314208984 0.874023438
vt 0.321289062 0.872558594
vt 0.314208984 0.873535156
vt 0.314453125 0.868164062
vt 0.296630859 0.875488281
vt 0.298828125 0.861816406
vt 0.466308594 0.577148438
vt 0.464111328 0.559570312
vt 0.454589844 0.559570312
vt 0.452880859 0.576171875
vt 0.46875 0.596679688
vt 0.451416016 0.595214844
vt 0.481689453 0.597167969
vt 0.481933594 0.577148438
vt 0.494140625 0.595214844
vt 0.0830078125 0.6171875
vt 0.0850219727 0.611816406
vt 0.0428161621 0.603027344
vt 0.0401306152 0.607910156
vt 0.142089844 0.602050781
vt 0.141113281 0.596679688
vt 0.0850219727 0.611816406
vt 0.0830078125 0.6171875
vt 0.731933594 0.500488281
vt 0.721191406 0.507324219
vt 0.745117188 0.545898438
vt 0.755859375 0.5390625
vt 0.731933594 0.500488281
vt 0.721191406 0.507324219
vt 0.745117188 0.545898438
vt 0.755859375 0.5390625
vt 0.745117188 0.545898438
vt 0.755859375 0.5390625
vt 0.731933594 0.500488281
vt 0.721191406 0.507324219
vt 0.745117188 0.545898438
vt 0.755859375 0.5390625
vt 0.731933594 0.500488281
vt 0.721191406 0.507324219
vt 0.731933594 0.500488281
vt 0.721191406 0.507324219
vt 0.745117188 0.545898438
vt 0.755859375 0.5390625
vt 0.731933594 0.500488281
vt 0.721191406 0.507324219
vt 0.745117188 0.545898438
vt 0.755859375 0.5390625
vt 0.731933594 0.500488281
vt 0.721191406 0.507324219
vt 0.745117188 0.545898438
vt 0.755859375 0.5390625
vt 0.731933594 0.500488281
vt 0.721191406 0.507324219
vt 0.745117188 0.545898438
vt 0.755859375 0.5390625
vt 0.256103516 0.493896484
vt 0.260986328 0.501464844
vt 0.275390625 0.506347656
vt 0.272949219 0.499511719
vt 0.278076172 0.508300781
vt 0.279541016 0.5078125
vt 0.277587891 0.514160156
vt 0.282714844 0.510742188
vt 0.228271484 0.556640625
vt 0.190307617 0.560058594
vt 0.17956543 0.568359375
vt 0.227539062 0.554199219
vt 0.250976562 0.552246094
vt 0.249389648 0.549316406
vt 0.263671875 0.541015625
vt 0.260009766 0.540039062
vt 0.2734375 0.520996094
vt 0.269775391 0.524414062
vt 0.282714844 0.510742188
vt 0.277587891 0.514160156
vt 0.228271484 0.495361328
vt 0.260986328 0.501464844
vt 0.256103516 0.493896484
vt 0.235839844 0.5
vt 0.213012695 0.52734375
vt 0.21887207 0.531738281
vt 0.17956543 0.568359375
vt 0.190307617 0.560058594
vt 0.246337891 0.5234375
vt 0.227539062 0.554199219
vt 0.246337891 0.5234375
vt 0.190307617 0.560058594
vt 0.249389648 0.549316406
vt 0.260009766 0.540039062
vt 0.269775391 0.524414062
vt 0.277587891 0.514160156
vt 0.278076172 0.508300781
vt 0.275390625 0.506347656
vt 0.260986328 0.501464844
vt 0.235839844 0.5
vt 0.21887207 0.531738281
vt 0.318603516 0.503417969
vt 0.335205078 0.513671875
vt 0.331298828 0.505371094
vt 0.315673828 0.511230469
vt 0.309570312 0.505859375
vt 0.340087891 0.5703125
vt 0.317138672 0.562011719
vt 0.313964844 0.5703125
vt 0.297363281 0.549316406
vt 0.291992188 0.55078125
vt 0.353271484 0.516113281
vt 0.349853516 0.520996094
vt 0.354980469 0.541992188
vt 0.361816406 0.543945312
vt 0.338867188 0.563476562
vt 0.340087891 0.5703125
vt 0.331298828 0.505371094
vt 0.335205078 0.513671875
vt 0.349853516 0.520996094
vt 0.353271484 0.516113281
vt 0.309570312 0.505859375
vt 0.30859375 0.506347656
vt 0.315673828 0.511230469
vt 0.326904297 0.534179688
vt 0.291992188 0.55078125
vt 0.297363281 0.549316406
vt 0.297851562 0.533691406
vt 0.290039062 0.533691406
vt 0.303710938 0.520019531
vt 0.296386719 0.512207031
vt 0.30859375 0.512695312
vt 0.302978516 0.508789062
vt 0.30859375 0.506347656
vt 0.326904297 0.534179688
vt 0.315673828 0.511230469
vt 0.326904297 0.534179688
vt 0.335205078 0.513671875
vt 0.349853516 0.520996094
vt 0.354980469 0.541992188
vt 0.338867188 0.563476562
vt 0.317138672 0.562011719
vt 0.297363281 0.549316406
vt 0.297851562 0.533691406
vt 0.303710938 0.520019531
vt 0.270751953 0.37109375
vt 0.268310547 0.346435547
vt 0.259765625 0.340820312
vt 0.279541016 0.364501953
vt 0.296630859 0.395263672
vt 0.285644531 0.396728516
vt 0.285400391 0.397460938
vt 0.287353516 0.427978516
vt 0.298583984 0.427490234
vt 0.291748047 0.458496094
vt 0.301513672 0.454589844
vt 0.309814453 0.478515625
vt 0.318603516 0.475097656
vt 0.336181641 0.495361328
vt 0.331542969 0.484130859
vt 0.259765625 0.340820312
vt 0.268310547 0.346435547
vt 0.279541016 0.364501953
vt 0.287109375 0.354492188
vt 0.297851562 0.389648438
vt 0.305908203 0.379150391
vt 0.307373047 0.396972656
vt 0.314941406 0.387207031
vt 0.309326172 0.409423828
vt 0.320800781 0.406494141
vt 0.336181641 0.465332031
vt 0.331542969 0.484130859
vt 0.336181641 0.495361328
vt 0.322265625 0.46875
vt 0.324462891 0.447265625
vt 0.313720703 0.454589844
vt 0.322265625 0.427001953
vt 0.310546875 0.428222656
vt 0.312255859 0.4140625
vt 0.3203125 0.413085938
vt 0.309326172 0.409423828
vt 0.320800781 0.406494141
vt 0.636230469 0.365966797
vt 0.623046875 0.347167969
vt 0.618652344 0.383300781
vt 0.631835938 0.381591797
vt 0.370361328 0.511230469
vt 0.3671875 0.498046875
vt 0.357666016 0.500488281
vt 0.379394531 0.501953125
vt 0.384765625 0.506835938
vt 0.376464844 0.514648438
vt 0.386962891 0.51171875
vt 0.381835938 0.518554688
vt 0.384033203 0.522460938
vt 0.391357422 0.512207031
vt 0.395019531 0.526855469
vt 0.40625 0.517578125
vt 0.357666016 0.500488281
vt 0.3671875 0.498046875
vt 0.372314453 0.492675781
vt 0.359130859 0.489013672
vt 0.375488281 0.473144531
vt 0.362304688 0.470703125
vt 0.372314453 0.458251953
vt 0.363037109 0.453125
vt 0.363037109 0.453125
vt 0.372314453 0.458251953
vt 0.381835938 0.447753906
vt 0.375732422 0.437744141
vt 0.375732422 0.437744141
vt 0.381835938 0.447753906
vt 0.396728516 0.447753906
vt 0.396484375 0.434326172
vt 0.419189453 0.450927734
vt 0.424072266 0.440917969
vt 0.424072266 0.440917969
vt 0.419189453 0.450927734
vt 0.426269531 0.463134766
vt 0.435791016 0.453857422
vt 0.438964844 0.473876953
vt 0.449951172 0.469970703
vt 0.434082031 0.490966797
vt 0.447021484 0.491699219
vt 0.434814453 0.497802734
vt 0.4453125 0.500976562
vt 0.4453125 0.500976562
vt 0.434814453 0.497802734
vt 0.413085938 0.514160156
vt 0.42578125 0.521484375
vt 0.409667969 0.542480469
vt 0.410644531 0.552734375
vt 0.410644531 0.552734375
vt 0.409667969 0.542480469
vt 0.40625 0.517578125
vt 0.395019531 0.526855469
vt 0.396728516 0.447753906
vt 0.381835938 0.447753906
vt 0.372314453 0.458251953
vt 0.396484375 0.466796875
vt 0.375488281 0.473144531
vt 0.399658203 0.482421875
vt 0.372314453 0.492675781
vt 0.426269531 0.463134766
vt 0.419189453 0.450927734
vt 0.385986328 0.493652344
vt 0.3671875 0.498046875
vt 0.379394531 0.501953125
vt 0.384765625 0.506835938
vt 0.386962891 0.51171875
vt 0.391357422 0.512207031
vt 0.40625 0.517578125
vt 0.434082031 0.490966797
vt 0.438964844 0.473876953
vt 0.413085938 0.514160156
vt 0.409667969 0.542480469
vt 0.434814453 0.497802734
vt 0.701171875 0.335205078
vt 0.697753906 0.332763672
vt 0.69140625 0.352539062
vt 0.693847656 0.353271484
vt 0.675292969 0.376220703
vt 0.439697266 0.471679688
vt 0.400878906 0.479003906
vt 0.437744141 0.505859375
vt 0.422363281 0.44140625
vt 0.410644531 0.534667969
vt 0.401367188 0.441650391
vt 0.373779297 0.512207031
vt 0.380371094 0.446044922
vt 0.363037109 0.479736328
vt 0.142333984 0.649414062
vt 0.145751953 0.648925781
vt 0.142456055 0.644042969
vt 0.14050293 0.65625
vt 0.14453125 0.656738281
vt 0.148681641 0.640625
vt 0.149291992 0.647949219
vt 0.149658203 0.655273438
vt 0.155883789 0.65625
vt 0.152954102 0.6484375
vt 0.155151367 0.643066406
vt 0.160766602 0.655761719
vt 0.156616211 0.649414062
vt 0.160522461 0.639648438
vt 0.155151367 0.643066406
vt 0.158447266 0.646484375
vt 0.156616211 0.649414062
vt 0.164916992 0.644042969
vt 0.160766602 0.655761719
vt 0.161987305 0.65234375
vt 0.168212891 0.652832031
vt 0.16418457 0.662597656
vt 0.168334961 0.657226562
vt 0.119140625 0.712890625
vt 0.14440918 0.71484375
vt 0.139892578 0.703613281
vt 0.159179688 0.69921875
vt 0.124023438 0.718261719
vt 0.113220215 0.7265625
vt 0.131469727 0.724609375
vt 0.151733398 0.721191406
vt 0.161865234 0.719726562
vt 0.160766602 0.712402344
vt 0.177978516 0.710449219
vt 0.179077148 0.69921875
vt 0.174804688 0.718261719
vt 0.205200195 0.704589844
vt 0.202148438 0.709960938
vt 0.194335938 0.714355469
vt 0.218139648 0.71875
vn 0.842285156 -0.291992188 0.453369141
vn 0.8984375 -0.433837891 0.0665283203
vn 0.931152344 -0.361328125 -0.0527038574
vn 0.209594727 -0.757324219 0.618164062
vn 0.155273438 -0.246337891 0.956542969
vn 0.228027344 -0.759765625 0.608886719
vn 0.331298828 0.342529297 -0.879394531
vn 0.999023438 -0.0401611328 0.0249023438
vn 0.96875 0.104614258 -0.225097656
vn 0.428222656 0.3359375 -0.838867188
vn 0.331298828 0.342529297 -0.879394531
vn 0.363525391 0.0402526855 -0.930664062
vn 0.334472656 0.21105957 -0.918457031
vn 0.717285156 0.561035156 -0.412841797
vn 0.383544922 0.232299805 -0.894042969
vn 0.719238281 0.628417969 -0.297119141
vn 0.297119141 0.0531311035 -0.953125
vn 0.595214844 0.404541016 -0.694335938
vn 0.00590896606 0.50390625 -0.863769531
vn -0.482666016 0.831542969 -0.275390625
vn 0.0359191895 0.9609375 -0.273925781
vn 0.993652344 -0.110595703 0.00455093384
vn 0.96875 0.104614258 -0.225097656
vn 0.999023438 -0.0401611328 0.0249023438
vn 1 -0.0129318237 -0.0175323486
vn 0.518066406 0.414794922 0.748046875
vn 0.957519531 0.105773926 0.267822266
vn 0.48046875 0.321289062 0.815917969
vn 0.518066406 0.414794922 0.748046875
vn 0.393310547 0.144897461 0.907714844
vn 0.3671875 0.390625 0.844238281
vn 0.676269531 0.604003906 0.421875
vn 0.369873047 0.321533203 0.871582031
vn 0.674804688 0.633300781 0.37890625
vn 0.37109375 0.218383789 0.902832031
vn 0.327880859 0.565429688 0.756835938
vn -0.317871094 0.931152344 0.177978516
vn -0.409667969 0.870117188 0.274169922
vn -0.589355469 0.430908203 0.68359375
vn 0.42578125 0.609375 0.668945312
vn -0.689453125 -0.228637695 0.6875
vn 0.0287322998 0.0307312012 0.999023438
vn 0.0698242188 0.058013916 0.99609375
vn 0.0612487793 0.0928344727 0.993652344
vn 0.96875 -0.209960938 0.130737305
vn 0.931152344 -0.361328125 -0.0527038574
vn 0.8984375 -0.433837891 0.0665283203
vn -0.00164413452 -0.91015625 0.414794922
vn 0.622558594 -0.729003906 0.28515625
vn 0.63671875 -0.770996094 0.0157165527
vn 0.293212891 -0.131591797 0.946777344
vn 0.325927734 -0.486816406 0.810546875
vn 0.0225219727 -0.494873047 0.868652344
vn -0.286621094 -0.15222168 0.945800781
vn 0.0225219727 -0.494873047 0.868652344
vn -0.316894531 -0.486572266 0.813964844
vn -0.128662109 0.0266265869 0.991210938
vn 0.0143280029 0.198974609 0.979980469
vn -0.453369141 0.693359375 0.560546875
vn -0.014755249 0.0545654297 0.998535156
vn 0.0197296143 0.0947265625 0.995117188
vn 0.0612487793 0.0928344727 0.993652344
vn -0.014755249 0.0545654297 0.998535156
vn 0.0612487793 0.0928344727 0.993652344
vn 0.0698242188 0.058013916 0.99609375
vn 0.630859375 -0.381103516 0.676269531
vn 0.209594727 -0.757324219 0.618164062
vn 0.244506836 -0.940917969 0.233764648
vn 0.630859375 -0.381103516 0.676269531
vn 0.244506836 -0.940917969 0.233764648
vn 0.822265625 -0.414794922 0.389648438
vn 0.0155639648 -0.322265625 0.946289062
vn -0.203857422 -0.199829102 0.958496094
vn -0.0852050781 -0.420654297 0.903320312
vn -0.0941772461 0.447509766 0.889160156
vn -0.531738281 0.235351562 0.813476562
vn -0.697265625 0.419921875 0.581054688
vn -0.285644531 -0.631835938 0.720703125
vn -0.825195312 -0.0908813477 0.557617188
vn -0.514648438 -0.2421875 0.822265625
vn -0.514648438 -0.2421875 0.822265625
vn 0.126098633 -0.159423828 0.979003906
vn 0.166015625 -0.6171875 0.769042969
vn -0.514648438 -0.2421875 0.822265625
vn 0.166015625 -0.6171875 0.769042969
vn -0.285644531 -0.631835938 0.720703125
vn 0.336425781 0.161621094 0.927734375
vn 0.406982422 0.345214844 0.845703125
vn 0.428222656 0.3359375 -0.838867188
vn 0.336425781 0.161621094 0.927734375
vn 0.428222656 0.3359375 -0.838867188
vn 0.363525391 0.0402526855 -0.930664062
vn -0.271728516 0.450439453 -0.850585938
vn 0.551269531 0.824707031 -0.128173828
vn -0.682617188 0.586914062 -0.435791016
vn -0.608398438 0.325439453 0.724121094
vn 0.296142578 -0.00910186768 0.955078125
vn 0.112182617 0.135253906 0.984375
vn -0.570800781 0.465332031 0.676757812
vn 0.119995117 0.261962891 0.957519531
vn 0.0249176025 0.630371094 0.775878906
vn -0.828613281 -0.326904297 0.454833984
vn -0.916015625 -0.161621094 0.366699219
vn -0.570800781 0.465332031 0.676757812
vn -0.828613281 -0.326904297 0.454833984
vn -0.570800781 0.465332031 0.676757812
vn -0.400634766 0.0970458984 0.911132812
vn -0.0666503906 0.342773438 0.937011719
vn 0.184814453 0.676269531 0.712890625
vn 0.501953125 0.815429688 0.288574219
vn -0.0666503906 0.342773438 0.937011719
vn 0.501953125 0.815429688 0.288574219
vn -0.34375 0.763671875 0.546386719
vn -0.553222656 0.830078125 0.0723876953
vn 0.501953125 0.815429688 0.288574219
vn 0.54296875 0.836914062 -0.0696411133
vn -0.895996094 0.236572266 0.375488281
vn -0.137207031 0.502929688 0.853515625
vn -0.573242188 -0.595214844 0.562988281
vn -0.310546875 -0.91796875 0.246582031
vn -0.0841674805 -0.718261719 0.690429688
vn -0.338134766 -0.772949219 0.536621094
vn -0.021774292 -0.322998047 0.946289062
vn 0.0709228516 0.379882812 0.922363281
vn -0.137207031 0.502929688 0.853515625
vn -0.021774292 -0.322998047 0.946289062
vn -0.137207031 0.502929688 0.853515625
vn -0.0233306885 -0.0939941406 0.995117188
vn -0.0974731445 0.9921875 -0.0751953125
vn -0.573242188 -0.595214844 0.562988281
vn -0.137207031 0.502929688 0.853515625
vn 0.83203125 0.51171875 0.214233398
vn 0.331787109 0.6640625 0.669921875
vn 0.444824219 0.895507812 0.0152893066
vn -0.368896484 -0.732421875 0.572265625
vn -0.320556641 -0.510742188 0.797363281
vn 0.281494141 -0.524414062 0.803710938
vn 0.672363281 0.450683594 0.586914062
vn 0.067199707 0.0215148926 0.997558594
vn 0.848144531 0.0848999023 0.522460938
vn 0.464599609 -0.776367188 -0.42578125
vn 0.0180511475 0.347167969 -0.9375
vn -0.801269531 0.592773438 -0.0838623047
vn -0.0231933594 -0.326660156 -0.944824219
vn 0.859863281 -0.499023438 -0.10546875
vn 0.315429688 -0.824707031 -0.469726562
vn -0.0231933594 -0.326660156 -0.944824219
vn 0.315429688 -0.824707031 -0.469726562
vn 0.0381774902 -0.986328125 -0.159545898
vn 0.464599609 -0.776367188 -0.42578125
vn -0.741210938 0.334716797 -0.581542969
vn 0.0650634766 -0.303466797 -0.950683594
vn -0.3203125 0.788085938 -0.525390625
vn -0.0166168213 0.954101562 -0.299804688
vn 0.907226562 -0.375488281 0.190551758
vn 0.842285156 -0.291992188 0.453369141
vn 0.931152344 -0.361328125 -0.0527038574
vn 0.344970703 -0.251953125 0.904296875
vn 0.630859375 -0.381103516 0.676269531
vn 0.7421875 0.0418701172 0.668945312
vn 0.822265625 -0.414794922 0.389648438
vn 0.875976562 0.175292969 0.44921875
vn 0.570800781 -0.335693359 0.749511719
vn 0.66015625 0.0814819336 0.746582031
vn 0.437744141 0.405029297 0.802734375
vn 0.449951172 0.721679688 0.525878906
vn 0.396972656 0.510253906 0.762695312
vn -0.376708984 -0.229370117 0.897460938
vn -0.0852050781 -0.420654297 0.903320312
vn -0.203857422 -0.199829102 0.958496094
vn -0.269042969 -0.161254883 0.949707031
vn 0.0143280029 0.198974609 0.979980469
vn -0.487792969 0.806640625 0.333740234
vn -0.453369141 0.693359375 0.560546875
vn -0.349853516 0.919433594 0.180786133
vn -0.541015625 0.811523438 0.221313477
vn -0.387207031 0.579589844 0.717285156
vn -0.233032227 0.946777344 0.22265625
vn -0.526367188 0.83984375 0.130493164
vn -0.509765625 0.329589844 0.794433594
vn -0.796386719 0.5859375 0.151489258
vn -0.37890625 0.33203125 0.863769531
vn -0.954589844 0.182495117 0.236328125
vn -0.834472656 0.329833984 0.44140625
vn -0.469238281 0.771972656 0.428466797
vn -0.578613281 0.0775756836 0.812011719
vn -0.273925781 0.0104064941 0.961914062
vn -0.251220703 0.741699219 0.622070312
vn -0 0.799804688 0.600097656
vn 1.1920929E-07 -0.0223083496 0.999511719
vn -0.0176544189 0.961425781 0.275146484
vn -0.0593566895 0.959472656 0.275146484
vn 0.245239258 0.909667969 0.335693359
vn -0.17565918 0.69140625 0.700683594
vn -0.0723266602 0.197021484 0.977539062
vn -0.179199219 -0.294677734 0.938476562
vn -0.338134766 -0.772949219 0.536621094
vn -0.0841674805 -0.718261719 0.690429688
vn -0.25 -0.173583984 0.952636719
vn -0.0948486328 -0.0692749023 0.993164062
vn -0.125366211 -0.0735473633 0.989257812
vn -0.9140625 -0.388427734 0.117370605
vn -0.463867188 -0.204345703 0.861816406
vn -0.212402344 -0.138793945 0.967285156
vn -0.269042969 -0.161254883 0.949707031
vn -0.819824219 -0.532714844 0.210693359
vn -0.251708984 -0.172851562 0.952148438
vn -0.772460938 -0.588378906 0.238769531
vn -0.203857422 -0.199829102 0.958496094
vn -0.653808594 -0.701660156 0.282714844
vn 0.00522232056 -0.270507812 0.962890625
vn -0.00164413452 -0.91015625 0.414794922
vn 0.0155639648 -0.322265625 0.946289062
vn 0.16796875 -0.174682617 0.970214844
vn 0.622558594 -0.729003906 0.28515625
vn 0.0860595703 -0.259521484 0.961914062
vn 0.239868164 -0.156860352 0.958007812
vn 0.766601562 -0.603515625 0.21875
vn 0.235351562 -0.107116699 0.965820312
vn 0.213867188 -0.104858398 0.971191406
vn 0.822265625 -0.526855469 0.21472168
vn 0.200195312 -0.128173828 0.971191406
vn 0.202392578 -0.130737305 0.970703125
vn 0.907226562 -0.375488281 0.190551758
vn 0.195678711 -0.163696289 0.966796875
vn 0.180297852 -0.156616211 0.971191406
vn 0.228027344 -0.759765625 0.608886719
vn 0.155273438 -0.246337891 0.956542969
vn 0.344970703 -0.251953125 0.904296875
vn 0.209594727 -0.757324219 0.618164062
vn 0.630859375 -0.381103516 0.676269531
vn 0.252197266 -0.944824219 0.208740234
vn -0.309326172 -0.441650391 0.842285156
vn -0.0841674805 -0.718261719 0.690429688
vn -0.174804688 -0.595703125 0.783691406
vn 0.313476562 -0.598144531 0.737304688
vn 0.87890625 -0.0946655273 0.467285156
vn 0.545898438 -0.258544922 0.796875
vn -0.470214844 0.223510742 0.854003906
vn 0.590332031 0.246704102 0.768554688
vn -0.37890625 0.33203125 0.863769531
vn 0.787109375 0.404296875 0.466308594
vn 0.202636719 0.0378112793 0.978515625
vn 0.34375 0.450683594 0.823730469
vn 0.906738281 0.0586547852 0.417480469
vn 0.0735473633 0.0694580078 0.994628906
vn 0.315673828 0.190551758 0.9296875
vn 0.0616149902 0.168334961 0.983886719
vn -0.130371094 0.357421875 0.924804688
vn 0.328125 0.110595703 0.937988281
vn -0.0524902344 0.0650634766 0.996582031
vn 0.0612487793 0.0928344727 0.993652344
vn 0.0287322998 0.0307312012 0.999023438
vn 0.468261719 0.319335938 0.823730469
vn 0.166137695 0.244995117 0.955078125
vn 0.0197296143 0.0947265625 0.995117188
vn 0.0129470825 0.105957031 0.994140625
vn 0.336425781 0.161621094 0.927734375
vn 0.406982422 0.345214844 0.845703125
vn 0.155639648 0.305175781 0.939453125
vn 0.21887207 0.258789062 0.940917969
vn -0.0798339844 0.125366211 0.988769531
vn -0.000522613525 0.0631103516 0.998046875
vn -0.0305480957 0.109191895 0.993652344
vn -0.0355834961 0.0911254883 0.995117188
vn 0.00722122192 0.147460938 0.989257812
vn -0.0458984375 0.942871094 0.330078125
vn 0.297119141 0.903320312 0.309814453
vn -0.164916992 0.888183594 0.428710938
vn -0.0321350098 0.133911133 0.990234375
vn -0.168334961 0.116455078 0.979003906
vn -0.0961303711 0.118530273 0.98828125
vn -0.215698242 0.12487793 0.968261719
vn -0.358398438 0.75 0.556152344
vn -0.0436706543 0.104248047 0.993652344
vn -0.0723266602 0.197021484 0.977539062
vn -0.217529297 0.184082031 0.958496094
vn -0.387207031 0.579589844 0.717285156
vn -0.0253143311 0.152832031 0.987792969
vn -0.014755249 0.0545654297 0.998535156
vn 0.243041992 0.153198242 0.958007812
vn 0.17956543 0.76953125 0.612792969
vn -0.17565918 0.69140625 0.700683594
vn -0.253417969 0.15234375 0.955078125
vn -0.168334961 0.116455078 0.979003906
vn -0.0305480957 0.109191895 0.993652344
vn -0.153930664 0.212768555 0.96484375
vn -0.0798339844 0.125366211 0.988769531
vn -0.16394043 0.100158691 0.981445312
vn -0.0559387207 0.166870117 0.984375
vn -0.765136719 0.467041016 0.443115234
vn -0.865722656 0.248413086 0.434814453
vn -0.212890625 0.108520508 0.971191406
vn -0.922851562 0.1015625 0.371582031
vn -0.153320312 0.0704956055 0.985839844
vn -0.288574219 0.0463256836 0.956542969
vn -0.947753906 -0.0596313477 0.312744141
vn -0.299804688 -0.0318908691 0.953613281
vn -0.955078125 -0.168334961 0.244262695
vn -0.24597168 -0.0316162109 0.96875
vn -0.407958984 -0.0706176758 0.91015625
vn -0.686523438 0.0414123535 0.725585938
vn -0.382568359 0.439941406 0.8125
vn -0.116088867 0.0216369629 0.993164062
vn -0.128662109 0.0266265869 0.991210938
vn -0.453369141 0.693359375 0.560546875
vn -0.219726562 0.0396118164 0.974609375
vn -0.190429688 0.155761719 0.969238281
vn -0.00606155396 0.0728149414 0.997558594
vn -0.000522613525 0.0631103516 0.998046875
vn -0.0134429932 0.966796875 -0.255371094
vn -0.110900879 0.837402344 -0.53515625
vn 0.0961914062 0.110900879 -0.989257812
vn -0.235229492 0.653808594 -0.719238281
vn -0.0655517578 0.0888671875 -0.993652344
vn 0.0185394287 0.0222930908 -0.999511719
vn -0.045501709 0.0669555664 -0.996582031
vn -0.0323181152 -0.021774292 -0.999023438
vn -0.146606445 0.103149414 -0.983886719
vn -0.272460938 0.166870117 -0.947753906
vn 0.0206298828 -0.0239562988 -0.999511719
vn 0.00182437897 -0.057220459 -0.998535156
vn 0.00182437897 -0.057220459 -0.998535156
vn 0.282470703 0.11529541 -0.952148438
vn 0.0423278809 -0.0183258057 -0.999023438
vn 0.0207977295 0.0213623047 -0.999511719
vn 0.403320312 0.315917969 -0.858886719
vn 0.225952148 0.319824219 -0.919921875
vn 0.121826172 0.16796875 -0.978027344
vn 0.0185699463 0.0294799805 -0.999511719
vn 0.313232422 0.259033203 -0.913574219
vn -0.138549805 0.0927734375 -0.985839844
vn -0.0582885742 0.958984375 -0.277832031
vn 0.312744141 0.916015625 -0.252197266
vn 0.027923584 0.00752258301 -0.999511719
vn 0.255126953 0.17199707 -0.951660156
vn 0.266357422 0.0758056641 -0.9609375
vn 0.1484375 0.140991211 -0.979003906
vn 0.0238800049 0.00975036621 -0.999511719
vn 0.0242919922 0.00878143311 -0.999511719
vn 0.0338134766 0.0235595703 -0.999023438
vn 0.0260467529 0.0262451172 -0.999511719
vn 0.0585632324 0.0372009277 -0.997558594
vn -0.00894927979 0.028717041 -0.999511719
vn -0.0360412598 0.0268096924 -0.999023438
vn -0.0552978516 -0.00454711914 -0.998535156
vn -0.0494689941 0.00312805176 -0.998535156
vn -0.0505371094 -0.0167694092 -0.998535156
vn -0.0351257324 -0.00431442261 -0.999511719
vn -0.0567932129 -0.0282440186 -0.998046875
vn -0.0584411621 -0.0196075439 -0.998046875
vn -0.0806274414 -0.0553588867 -0.995117188
vn -0.0455932617 0.0138320923 -0.999023438
vn -0.0355529785 0.00358963013 -0.999511719
vn -0.055847168 0.0197753906 -0.998046875
vn -0.052520752 0.00841522217 -0.998535156
vn -0.906738281 0.124084473 -0.403076172
vn -0.818359375 -0.0463256836 -0.572753906
vn -0.806640625 -0.158325195 -0.569824219
vn -0.758789062 -0.225952148 -0.610839844
vn -0.776855469 -0.310791016 -0.547851562
vn -0.727539062 -0.477294922 -0.492675781
vn -0.0964355469 -0.0604858398 -0.993652344
vn -0.528808594 -0.452392578 -0.717773438
vn 0.00187397003 -0.045501709 -0.999023438
vn 0.00411605835 -0.0390930176 -0.999023438
vn -0.0777587891 -0.023223877 -0.996582031
vn 0.00334739685 -0.113769531 -0.993652344
vn 0.0941772461 -0.0502319336 -0.994140625
vn 0.0200042725 -0.286621094 -0.958007812
vn -0.544433594 -0.360351562 -0.7578125
vn 0.0108413696 -0.864746094 -0.501953125
vn -0.447509766 -0.720703125 -0.529785156
vn 0.456054688 -0.739746094 -0.494873047
vn 0.572753906 -0.395996094 -0.717773438
vn 0.521484375 -0.439453125 -0.731445312
vn 0.743652344 -0.467773438 -0.477294922
vn 0.844238281 -0.321533203 -0.428955078
vn 0.0768432617 -0.0579528809 -0.995117188
vn 0.0599060059 -0.0226593018 -0.998046875
vn 0.870117188 -0.249633789 -0.425048828
vn 0.0512390137 -0.0157012939 -0.998535156
vn 0.91015625 -0.174194336 -0.375732422
vn 0.923339844 0.0118713379 -0.384033203
vn 0.0642700195 -0.0174560547 -0.997558594
vn 0.0606079102 -0.0223693848 -0.998046875
vn 0.0614929199 -0.0172576904 -0.998046875
vn 0.0833129883 -0.0448303223 -0.995605469
vn 0.0630493164 -0.0149078369 -0.998046875
vn -0.71875 0.260498047 -0.64453125
vn 0.0185089111 0.0349731445 -0.999023438
vn -0.717773438 0.0140151978 -0.695800781
vn -0.047668457 -0.0392456055 -0.998046875
vn 0.0238037109 -0.019317627 -0.999511719
vn 0.0477600098 -0.0172271729 -0.998535156
vn -0.0861816406 0.00685501099 -0.99609375
vn 0.312744141 0.916015625 -0.252197266
vn 0.313232422 0.259033203 -0.913574219
vn 1 -0.0129318237 -0.0175323486
vn 0.993652344 -0.110595703 0.00455093384
vn 0.444580078 0.895507812 0.0183258057
vn -0.892089844 0.277832031 -0.356445312
vn -0.906738281 0.124084473 -0.403076172
vn -0.052520752 0.00841522217 -0.998535156
vn -0.798339844 0.487792969 -0.353515625
vn -0.0186767578 0.128540039 -0.991699219
vn -0.40625 0.891601562 -0.19909668
vn -0.00703048706 0.179931641 -0.983886719
vn -0.510253906 0.718261719 -0.473388672
vn 0.00191116333 0.206176758 -0.978515625
vn -0.146606445 0.103149414 -0.983886719
vn -0.272460938 0.166870117 -0.947753906
vn -0.0323181152 -0.021774292 -0.999023438
vn 0.551269531 0.824707031 -0.128173828
vn -0.302490234 -0.484863281 -0.820800781
vn -0.682617188 0.586914062 -0.435791016
vn -0.237792969 -0.481201172 -0.84375
vn 0.400146484 0.913574219 0.0696411133
vn 0.118408203 0.0595092773 -0.991210938
vn -0.271728516 0.450439453 -0.850585938
vn 0.0673828125 0.547363281 -0.833984375
vn 0.305908203 0.936523438 0.171875
vn -0.46875 -0.508300781 -0.72265625
vn -0.196411133 0.821777344 -0.53515625
vn -0.450683594 0.797363281 -0.401611328
vn 0.0809326172 0.9921875 0.0946044922
vn -0.371582031 0.918945312 -0.13269043
vn -0.0398254395 0.998535156 0.0424804688
vn -0.0566711426 0.990722656 -0.124633789
vn -0.0974731445 0.9921875 -0.0751953125
vn -0.137207031 0.502929688 0.853515625
vn 0.0155029297 0.993652344 -0.113098145
vn 0.159301758 0.983886719 0.0783691406
vn 0.0709228516 0.379882812 0.922363281
vn 0.450927734 0.892089844 0.0218353271
vn -0.021774292 -0.322998047 0.946289062
vn -0.319335938 0.0842285156 -0.943847656
vn -0.700683594 0.618164062 -0.356201172
vn -0.510253906 0.718261719 -0.473388672
vn -0.146606445 0.103149414 -0.983886719
vn -0.174926758 0.979980469 0.0972900391
vn -0.125 0.991699219 -0.0310058594
vn -0.0549621582 0.998535156 0.0162200928
vn -0.164916992 0.888183594 0.428710938
vn -0.0458984375 0.942871094 0.330078125
vn 0.297119141 0.903320312 0.309814453
vn 0.444580078 0.895507812 0.0183258057
vn -0.358398438 0.75 0.556152344
vn -0.370361328 0.921875 0.112976074
vn -0.701171875 0.690917969 0.174926758
vn -0.690429688 0.586914062 0.423095703
vn -0.506347656 0.655273438 0.560546875
vn -0.583007812 0.778808594 0.230957031
vn -0.299316406 0.729980469 0.614257812
vn -0.71484375 0.675292969 0.182983398
vn -0.764648438 0.640136719 0.0759277344
vn -0.599609375 0.797851562 0.065246582
vn -0.765136719 0.467041016 0.443115234
vn -0.845703125 0.530273438 0.0590515137
vn -0.865722656 0.248413086 0.434814453
vn -0.955078125 0.294921875 0.0258026123
vn -0.121582031 -0.483642578 0.866699219
vn 0.450927734 0.892089844 0.0218353271
vn -0.021774292 -0.322998047 0.946289062
vn -0.408691406 -0.486083984 0.772460938
vn 0.159301758 0.983886719 0.0783691406
vn -0.629394531 -0.577148438 0.520507812
vn -0.0666503906 0.342773438 0.937011719
vn -0.993164062 -0.014175415 -0.116821289
vn 0.306396484 -0.0822753906 0.948242188
vn -0.941894531 0.335205078 0.00745773315
vn -0.0745239258 -0.12878418 -0.988769531
vn 0.520996094 0.0577392578 -0.8515625
vn 0.461181641 -0.0866699219 -0.8828125
vn 0.656738281 0.0932006836 -0.748535156
vn 0.687988281 0.0280456543 -0.725097656
vn 0.934082031 0.228027344 -0.275390625
vn 0.420166016 -0.141845703 -0.896484375
vn 0.938964844 0.162963867 -0.302490234
vn 0.927246094 0.212158203 0.309082031
vn 0.962402344 0.141235352 0.232421875
vn 0.67578125 0.0498657227 0.735351562
vn 0.729492188 0.0061378479 0.684082031
vn 0.64453125 -0.0933837891 -0.758789062
vn 0.515625 0.141723633 -0.845214844
vn 0.768554688 0.176757812 -0.614746094
vn 0.939453125 0.143798828 -0.311767578
vn 0.807617188 0.0551452637 -0.586914062
vn 0.891113281 0.254150391 -0.375976562
vn 0.98046875 0.189941406 -0.0537109375
vn 0.939453125 0.336914062 -0.059173584
vn 0.936035156 0.111328125 0.333984375
vn 0.915527344 0.305419922 0.26171875
vn 0.8515625 0.0212554932 0.523925781
vn 0.658203125 -0.0775756836 0.749023438
vn 0.817871094 0.216918945 0.533203125
vn 0.597167969 0.141479492 0.789550781
vn -0.378417969 0.563476562 0.734375
vn 0.559570312 0.422851562 0.712890625
vn 0.618164062 -0.139404297 0.773925781
vn 0.296142578 -0.00910186768 0.955078125
vn -0.608398438 0.325439453 0.724121094
vn -0.421386719 0.21105957 -0.881835938
vn -0.0437927246 0.406982422 -0.912597656
vn -0.447021484 0.845214844 -0.292724609
vn 0.101623535 0.604980469 -0.789550781
vn -0.0637207031 0.950683594 -0.303955078
vn -0.445556641 0.89453125 0.0397033691
vn -0.030670166 0.999511719 -0.0142288208
vn 0.54296875 0.836914062 -0.0696411133
vn 0.447509766 0.780273438 -0.436523438
vn -0.0371704102 0.968261719 0.246582031
vn 0.501953125 0.815429688 0.288574219
vn 0.184814453 0.676269531 0.712890625
vn -0.421875 0.8515625 0.311279297
vn 0.0567626953 0.541015625 0.838867188
vn -0.378173828 0.283935547 0.881347656
vn -0.602539062 0.214355469 0.769042969
vn -0.421875 0.8515625 0.311279297
vn -0.767089844 0.555664062 0.321044922
vn -0.895996094 0.236572266 0.375488281
vn -0.946777344 0.320068359 0.0279083252
vn -0.832519531 0.551269531 0.0538330078
vn -0.445556641 0.89453125 0.0397033691
vn -0.809570312 0.525390625 -0.262695312
vn -0.928222656 0.11328125 -0.354492188
vn -0.447021484 0.845214844 -0.292724609
vn -0.647949219 0.141113281 -0.748535156
vn -0.421386719 0.21105957 -0.881835938
vn 0.501953125 0.815429688 0.288574219
vn -0.646972656 0.762695312 -0.014793396
vn -0.34375 0.763671875 0.546386719
vn -0.553222656 0.830078125 0.0723876953
vn 0.447509766 0.780273438 -0.436523438
vn -0.0637207031 0.950683594 -0.303955078
vn 0.101623535 0.604980469 -0.789550781
vn -0.260986328 0.91015625 -0.322021484
vn 0.54296875 0.836914062 -0.0696411133
vn -0.553222656 0.830078125 0.0723876953
vn -0.303222656 0.509765625 -0.805175781
vn -0.0437927246 0.406982422 -0.912597656
vn -0.189941406 -0.0221862793 -0.981445312
vn -0.421386719 0.21105957 -0.881835938
vn -0.0648803711 -0.200195312 -0.977539062
vn 0.118408203 0.0595092773 -0.991210938
vn -0.175170898 -0.149780273 -0.973144531
vn -0.258544922 -0.0488586426 -0.96484375
vn -0.271728516 0.450439453 -0.850585938
vn -0.0648803711 -0.200195312 -0.977539062
vn 0.0673828125 0.547363281 -0.833984375
vn 0.118408203 0.0595092773 -0.991210938
vn -0.421386719 0.21105957 -0.881835938
vn -0.647949219 0.141113281 -0.748535156
vn -0.196411133 0.821777344 -0.53515625
vn -0.450683594 0.797363281 -0.401611328
vn -0.928222656 0.11328125 -0.354492188
vn -0.759765625 -0.6484375 -0.0441894531
vn -0.892089844 -0.369628906 -0.259765625
vn -0.544433594 -0.360351562 -0.7578125
vn -0.447509766 -0.720703125 -0.529785156
vn -0.741699219 -0.655273438 -0.143920898
vn -0.759765625 -0.6484375 -0.0441894531
vn -0.544433594 -0.360351562 -0.7578125
vn -0.528808594 -0.452392578 -0.717773438
vn -0.838867188 -0.541992188 -0.0480957031
vn -0.727539062 -0.477294922 -0.492675781
vn -0.930175781 -0.364501953 -0.0452270508
vn -0.776855469 -0.310791016 -0.547851562
vn -0.758789062 -0.225952148 -0.610839844
vn -0.965820312 -0.257568359 -0.0292663574
vn -0.806640625 -0.158325195 -0.569824219
vn -0.982910156 -0.183837891 -0.0147628784
vn -0.818359375 -0.0463256836 -0.572753906
vn -0.997070312 -0.075378418 -0.00959014893
vn -0.994140625 0.109741211 0.00458145142
vn -0.906738281 0.124084473 -0.403076172
vn -0.892089844 0.277832031 -0.356445312
vn -0.955078125 0.294921875 0.0258026123
vn -0.892089844 -0.369628906 -0.259765625
vn -0.759765625 -0.6484375 -0.0441894531
vn -0.84375 -0.479492188 0.240966797
vn -0.666992188 -0.744628906 0.0329589844
vn -0.653808594 -0.701660156 0.282714844
vn -0.772460938 -0.588378906 0.238769531
vn -0.819824219 -0.532714844 0.210693359
vn -0.838867188 -0.541992188 -0.0480957031
vn -0.930175781 -0.364501953 -0.0452270508
vn -0.9140625 -0.388427734 0.117370605
vn -0.965820312 -0.257568359 -0.0292663574
vn -0.961914062 -0.235107422 0.14074707
vn -0.982910156 -0.183837891 -0.0147628784
vn -0.50390625 -0.124145508 0.854492188
vn -0.463867188 -0.204345703 0.861816406
vn -0.955078125 -0.168334961 0.244262695
vn -0.997070312 -0.075378418 -0.00959014893
vn -0.407958984 -0.0706176758 0.91015625
vn -0.947753906 -0.0596313477 0.312744141
vn -0.994140625 0.109741211 0.00458145142
vn -0.922851562 0.1015625 0.371582031
vn -0.955078125 0.294921875 0.0258026123
vn -0.865722656 0.248413086 0.434814453
vn -0.686523438 0.0414123535 0.725585938
vn -0.695800781 -0.27734375 0.662597656
vn -0.338134766 -0.772949219 0.536621094
vn -0.179199219 -0.294677734 0.938476562
vn -0.310546875 -0.91796875 0.246582031
vn -0.846679688 -0.389648438 0.362548828
vn -0.870605469 0.203491211 0.448486328
vn -0.595703125 -0.323974609 0.734863281
vn -0.68359375 0.117370605 0.720214844
vn -0.174804688 -0.595703125 0.783691406
vn 0.252197266 -0.944824219 0.208740234
vn -0.0841674805 -0.718261719 0.690429688
vn -0.00635147095 -0.999023438 0.0386352539
vn 0.63671875 -0.770996094 0.0157165527
vn 0.838378906 -0.477050781 0.263427734
vn -0.00164413452 -0.91015625 0.414794922
vn -0.666992188 -0.744628906 0.0329589844
vn -0.653808594 -0.701660156 0.282714844
vn -0.84375 -0.479492188 0.240966797
vn 0.00952148438 -0.872070312 0.489013672
vn -0.00635147095 -0.999023438 0.0386352539
vn 0.838378906 -0.477050781 0.263427734
vn 0.00952148438 -0.872070312 0.489013672
vn 0.0519714355 -0.879394531 0.473388672
vn 0.571777344 -0.803710938 0.165283203
vn -0.627929688 0.273681641 -0.728515625
vn 0.96875 -0.177124023 -0.174072266
vn -0.38671875 0.675292969 -0.628417969
vn -0.247192383 0.254150391 -0.935058594
vn 0.566894531 -0.636230469 -0.5234375
vn 0.0783691406 -0.770996094 -0.632324219
vn -0.0540466309 0.369628906 -0.927734375
vn 0.464599609 -0.776367188 -0.42578125
vn 0.0180511475 0.347167969 -0.9375
vn 0.982910156 -0.181762695 -0.0224761963
vn 0.997558594 0.0673828125 -0.00717544556
vn 0.923339844 0.0118713379 -0.384033203
vn -0.639648438 0.767578125 0.0365905762
vn -0.317871094 0.931152344 0.177978516
vn 0.982910156 -0.181762695 -0.0224761963
vn 0.923339844 0.0118713379 -0.384033203
vn 0.91015625 -0.174194336 -0.375732422
vn 0.966796875 -0.251953125 -0.0443725586
vn 0.870117188 -0.249633789 -0.425048828
vn 0.931152344 -0.361328125 -0.0527038574
vn 0.844238281 -0.321533203 -0.428955078
vn 0.743652344 -0.467773438 -0.477294922
vn 0.84765625 -0.526367188 -0.0690917969
vn 0.521484375 -0.439453125 -0.731445312
vn 0.756347656 -0.651367188 -0.0617370605
vn 0.572753906 -0.395996094 -0.717773438
vn 0.889648438 -0.383056641 -0.249389648
vn 0.621582031 -0.765625 -0.166870117
vn 0.456054688 -0.739746094 -0.494873047
vn 0.822265625 -0.526855469 0.21472168
vn 0.907226562 -0.375488281 0.190551758
vn 0.931152344 -0.361328125 -0.0527038574
vn 0.84765625 -0.526367188 -0.0690917969
vn 0.756347656 -0.651367188 -0.0617370605
vn 0.766601562 -0.603515625 0.21875
vn 0.622558594 -0.729003906 0.28515625
vn 0.63671875 -0.770996094 0.0157165527
vn 0.838378906 -0.477050781 0.263427734
vn 0.889648438 -0.383056641 -0.249389648
vn 0.571777344 -0.803710938 0.165283203
vn 0.621582031 -0.765625 -0.166870117
vn 0.96875 -0.209960938 0.130737305
vn 0.966796875 -0.251953125 -0.0443725586
vn 0.982910156 -0.181762695 -0.0224761963
vn 0.916992188 -0.133056641 0.376220703
vn 0.916992188 -0.133056641 0.376220703
vn 0.997558594 0.0673828125 -0.00717544556
vn 0.982910156 -0.181762695 -0.0224761963
vn 0.906738281 0.0586547852 0.417480469
vn -0.639648438 0.767578125 0.0365905762
vn -0.482666016 0.831542969 -0.275390625
vn 0.34375 0.450683594 0.823730469
vn 0.00590896606 0.50390625 -0.863769531
vn -0.378417969 0.563476562 0.734375
vn 0.691894531 -0.0452270508 0.720703125
vn 0.559570312 0.422851562 0.712890625
vn -0.626953125 0.710449219 0.320068359
vn -0.608398438 0.325439453 0.724121094
vn -0.270751953 0.183959961 0.944824219
vn -0.861816406 0.458740234 0.216308594
vn -0.285644531 0.167358398 0.943359375
vn -0.87109375 0.434326172 0.229492188
vn -0.364501953 0.0712280273 0.928710938
vn -0.91796875 0.262695312 0.297607422
vn -0.109436035 -0.586425781 0.802734375
vn -0.848144531 -0.511230469 0.137939453
vn 0.42578125 0.609375 0.668945312
vn -0.589355469 0.430908203 0.68359375
vn -0.537597656 -0.311279297 0.783691406
vn 0.671875 0.686035156 0.279296875
vn 0.732910156 0.285400391 0.617675781
vn 0.360839844 0.193603516 0.912109375
vn 0.918457031 0.373291016 0.130615234
vn 0.330810547 0.150756836 0.931640625
vn 0.921386719 0.357177734 0.151855469
vn 0.312255859 0.125 0.941894531
vn 0.907714844 0.322998047 0.268066406
vn 0.287353516 -0.677246094 0.677246094
vn 0.953125 -0.224121094 0.203857422
vn 0.514648438 -0.0821533203 0.853515625
vn 0.387451172 -0.290283203 0.875
vn 0.228027344 -0.759765625 0.608886719
vn 0.624511719 -0.427490234 0.653320312
vn 0.293212891 -0.131591797 0.946777344
vn 0.325927734 -0.486816406 0.810546875
vn -0.482666016 -0.0485839844 0.874511719
vn -0.0841674805 -0.718261719 0.690429688
vn -0.309326172 -0.441650391 0.842285156
vn -0.546875 -0.503417969 0.668945312
vn -0.286621094 -0.15222168 0.945800781
vn -0.316894531 -0.486572266 0.813964844
vn 0.293212891 -0.131591797 0.946777344
vn 0.0225219727 -0.494873047 0.868652344
vn -0.00219917297 -0.0705566406 0.997558594
vn -0.286621094 -0.15222168 0.945800781
vn 0.387451172 -0.290283203 0.875
vn 0.459716797 0.00471115112 0.888183594
vn 0.447753906 0.115539551 0.88671875
vn 0.514648438 -0.0821533203 0.853515625
vn 0.337646484 -0.234863281 0.911621094
vn 0.293212891 -0.131591797 0.946777344
vn -0.0152053833 -0.486083984 0.874023438
vn -0.00219917297 -0.0705566406 0.997558594
vn -0.286621094 -0.15222168 0.945800781
vn -0.329833984 -0.272216797 0.903808594
vn -0.482666016 -0.0485839844 0.874511719
vn -0.451904297 -0.0600280762 0.890136719
vn -0.309326172 -0.441650391 0.842285156
vn -0.470214844 0.223510742 0.854003906
vn -0.306884766 -0.818359375 0.486328125
vn -0.329833984 -0.272216797 0.903808594
vn -0.451904297 -0.0600280762 0.890136719
vn -0.521484375 -0.748535156 0.409912109
vn -0.303466797 -0.51171875 0.803710938
vn -0.470214844 0.223510742 0.854003906
vn -0.623046875 -0.365478516 0.691894531
vn -0.722167969 -0.5859375 0.368164062
vn -0.37890625 0.33203125 0.863769531
vn -0.954589844 0.182495117 0.236328125
vn -0.877441406 -0.150634766 0.455322266
vn -0.578613281 0.0775756836 0.812011719
vn -0.834472656 0.329833984 0.44140625
vn -0.0152053833 -0.486083984 0.874023438
vn -0.329833984 -0.272216797 0.903808594
vn -0.306884766 -0.818359375 0.486328125
vn 2.348423E-05 -0.850097656 0.526367188
vn 0.324951172 -0.818847656 0.473388672
vn 0.337646484 -0.234863281 0.911621094
vn 0.459716797 0.00471115112 0.888183594
vn 5.61475754E-05 -0.548828125 0.8359375
vn -0.303466797 -0.51171875 0.803710938
vn 0.600585938 -0.716308594 0.354736328
vn 0.447753906 0.115539551 0.88671875
vn 0.310302734 -0.513671875 0.799804688
vn 1.1920929E-07 -0.0223083496 0.999511719
vn -0.273925781 0.0104064941 0.961914062
vn -0.623046875 -0.365478516 0.691894531
vn -0.578613281 0.0775756836 0.812011719
vn 0.274169922 0.0100860596 0.961425781
vn 0.649414062 -0.376220703 0.660644531
vn 0.579101562 0.067199707 0.8125
vn 0.798339844 -0.53515625 0.275878906
vn 0.379150391 0.385498047 0.841308594
vn 0.886230469 -0.154052734 0.437255859
vn 0.946777344 0.14440918 0.287353516
vn -0.130371094 0.357421875 0.924804688
vn 0.0616149902 0.168334961 0.983886719
vn 0.364257812 0.770507812 0.5234375
vn -0.110961914 0.639160156 0.761230469
vn 0.395263672 0.790039062 0.468261719
vn 0.245239258 0.909667969 0.335693359
vn 0.470703125 0.784179688 0.404541016
vn 0.17956543 0.76953125 0.612792969
vn -0.0593566895 0.959472656 0.275146484
vn -0.17565918 0.69140625 0.700683594
vn 0.191772461 0.943359375 0.271240234
vn -0.0176544189 0.961425781 0.275146484
vn -0 0.799804688 0.600097656
vn 0.431884766 0.863769531 0.259277344
vn 0.24621582 0.741210938 0.624511719
vn 0.274169922 0.0100860596 0.961425781
vn 1.1920929E-07 -0.0223083496 0.999511719
vn 0.420898438 0.782226562 0.459716797
vn 0.579101562 0.067199707 0.8125
vn 0.792480469 0.352294922 0.498046875
vn 0.444335938 0.499511719 0.743652344
vn 0.125610352 0.167724609 0.978027344
vn 0.676269531 0.681640625 0.279785156
vn 0.946777344 0.14440918 0.287353516
vn 0.379150391 0.385498047 0.841308594
vn -0.288574219 0.0463256836 0.956542969
vn -0.116088867 0.0216369629 0.993164062
vn -0.299804688 -0.0318908691 0.953613281
vn -0.24597168 -0.0316162109 0.96875
vn -0.109741211 -0.00293159485 0.994140625
vn -0.382568359 0.439941406 0.8125
vn -0.453369141 0.693359375 0.560546875
vn 0.12512207 0.254394531 0.958984375
vn -0.509765625 0.329589844 0.794433594
vn -0.37890625 0.33203125 0.863769531
vn 0.125610352 0.167724609 0.978027344
vn 0.364257812 0.770507812 0.5234375
vn 0.0616149902 0.168334961 0.983886719
vn 0.226196289 0.183349609 0.956542969
vn 0.221679688 0.0651245117 0.973144531
vn 0.202636719 0.0378112793 0.978515625
vn 0.906738281 0.0586547852 0.417480469
vn 0.916992188 -0.133056641 0.376220703
vn 0.396972656 0.510253906 0.762695312
vn -0.0716552734 0.500976562 0.862792969
vn 0.379150391 0.385498047 0.841308594
vn 0.444335938 0.499511719 0.743652344
vn 0.7421875 0.0418701172 0.668945312
vn 0.417236328 0.0899047852 0.904296875
vn 0.489013672 -0.0926513672 0.8671875
vn 0.96875 -0.209960938 0.130737305
vn 0.8984375 -0.433837891 0.0665283203
vn 0.459472656 -0.238525391 0.85546875
vn 0.842285156 -0.291992188 0.453369141
vn 0.31640625 0.803222656 0.504882812
vn 0.12512207 0.254394531 0.958984375
vn -0.37890625 0.33203125 0.863769531
vn 0.787109375 0.404296875 0.466308594
vn 0.123779297 0.502441406 0.855957031
vn 0.590332031 0.246704102 0.768554688
vn -0.23815918 0.809082031 0.537109375
vn 0.379150391 0.385498047 0.841308594
vn -0.0716552734 0.500976562 0.862792969
vn 0.449951172 0.721679688 0.525878906
vn 0.396972656 0.510253906 0.762695312
vn 0.437744141 0.405029297 0.802734375
vn -0.0941772461 0.447509766 0.889160156
vn 0.946777344 0.14440918 0.287353516
vn 0.886230469 -0.154052734 0.437255859
vn 0.792480469 0.352294922 0.498046875
vn 0.579101562 0.067199707 0.8125
vn 0.649414062 -0.376220703 0.660644531
vn 0.420898438 0.782226562 0.459716797
vn -0.413818359 0.737792969 0.533691406
vn -0.870605469 0.203491211 0.448486328
vn -0.686523438 0.0414123535 0.725585938
vn -0.439453125 0.465087891 0.768554688
vn -0.68359375 0.117370605 0.720214844
vn -0.413818359 0.737792969 0.533691406
vn -0.686523438 0.0414123535 0.725585938
vn -0.382568359 0.439941406 0.8125
vn 0.12512207 0.254394531 0.958984375
vn 0.31640625 0.803222656 0.504882812
vn -0.439453125 0.465087891 0.768554688
vn 0.123779297 0.502441406 0.855957031
vn 0.166015625 -0.6171875 0.769042969
vn 0.570800781 -0.335693359 0.749511719
vn 0.822265625 -0.414794922 0.389648438
vn 0.244506836 -0.940917969 0.233764648
vn 0.166015625 -0.6171875 0.769042969
vn 0.66015625 0.0814819336 0.746582031
vn 0.570800781 -0.335693359 0.749511719
vn 0.126098633 -0.159423828 0.979003906
vn -0.0941772461 0.447509766 0.889160156
vn 0.437744141 0.405029297 0.802734375
vn -0.514648438 -0.2421875 0.822265625
vn -0.531738281 0.235351562 0.813476562
vn -0.174804688 -0.595703125 0.783691406
vn -0.595703125 -0.323974609 0.734863281
vn -0.68359375 0.117370605 0.720214844
vn -0.13671875 -0.142578125 0.98046875
vn 0.545898438 -0.258544922 0.796875
vn 0.313476562 -0.598144531 0.737304688
vn 0.123779297 0.502441406 0.855957031
vn -0.439453125 0.465087891 0.768554688
vn 0.590332031 0.246704102 0.768554688
vn -0.0941772461 0.447509766 0.889160156
vn -0.697265625 0.419921875 0.581054688
vn -0.23815918 0.809082031 0.537109375
vn 0.379150391 0.385498047 0.841308594
vn -0.825195312 -0.0908813477 0.557617188
vn 0.447753906 0.115539551 0.88671875
vn -0.531738281 0.235351562 0.813476562
vn -0.514648438 -0.2421875 0.822265625
vn 0.387451172 -0.290283203 0.875
vn -0.285644531 -0.631835938 0.720703125
vn 0.315673828 0.190551758 0.9296875
vn 0.328125 0.110595703 0.937988281
vn 0.297119141 0.0531311035 -0.953125
vn 0.595214844 0.404541016 -0.694335938
vn 0.00590896606 0.50390625 -0.863769531
vn 0.34375 0.450683594 0.823730469
vn 0.287353516 -0.677246094 0.677246094
vn -0.0170593262 -0.858886719 0.51171875
vn 0.00664520264 0.0120315552 1
vn 0.0214691162 -0.873046875 0.487304688
vn 0.287353516 -0.677246094 0.677246094
vn 0.00664520264 0.0120315552 1
vn 0.312255859 0.125 0.941894531
vn -0.00463485718 0.034942627 0.999511719
vn 0.330810547 0.150756836 0.931640625
vn 0.360839844 0.193603516 0.912109375
vn 0.00805664062 0.00513458252 1
vn -0.144897461 0.14831543 0.978027344
vn 0.732910156 0.285400391 0.617675781
vn 0.00877380371 0.0541992188 0.998535156
vn 0.0225524902 0.0255737305 0.999511719
vn 0.00984954834 -0.000162601471 1
vn -0.14453125 0.264404297 0.953613281
vn -0.0162353516 0.272705078 0.961914062
vn 0.119995117 0.261962891 0.957519531
vn 0.0249176025 0.630371094 0.775878906
vn -0.0792236328 0.619140625 0.78125
vn -0.188110352 0.622070312 0.760253906
vn 0.431396484 0.543457031 0.719726562
vn 0.00664520264 0.0120315552 1
vn 0.0214691162 -0.873046875 0.487304688
vn 0.00805664062 0.00513458252 1
vn 0.00984954834 -0.000162601471 1
vn 0.150268555 -0.775878906 0.612792969
vn -0.109436035 -0.586425781 0.802734375
vn -0.364501953 0.0712280273 0.928710938
vn 0.0225524902 0.0255737305 0.999511719
vn -0.285644531 0.167358398 0.943359375
vn -0.270751953 0.183959961 0.944824219
vn 0.112182617 0.135253906 0.984375
vn -0.608398438 0.325439453 0.724121094
vn -0.14453125 0.264404297 0.953613281
vn 0.431396484 0.543457031 0.719726562
vn 0.383544922 0.232299805 -0.894042969
vn 0.297119141 0.0531311035 -0.953125
vn 0.328125 0.110595703 0.937988281
vn 0.468261719 0.319335938 0.823730469
vn 0.166137695 0.244995117 0.955078125
vn 0.334472656 0.21105957 -0.918457031
vn 0.155639648 0.305175781 0.939453125
vn 0.331298828 0.342529297 -0.879394531
vn 0.428222656 0.3359375 -0.838867188
vn 0.406982422 0.345214844 0.845703125
vn 0.993652344 -0.110595703 0.00455093384
vn 0.297119141 0.903320312 0.309814453
vn 0.444580078 0.895507812 0.0183258057
vn 0.999023438 -0.0401611328 0.0249023438
vn 0.21887207 0.258789062 0.940917969
vn 0.155639648 0.305175781 0.939453125
vn 0.331298828 0.342529297 -0.879394531
vn 0.334472656 0.21105957 -0.918457031
vn 0.166137695 0.244995117 0.955078125
vn 0.336425781 0.161621094 0.927734375
vn 0.363525391 0.0402526855 -0.930664062
vn -0.276855469 0.121459961 0.953125
vn -0.690429688 0.586914062 0.423095703
vn -0.358398438 0.75 0.556152344
vn -0.215698242 0.12487793 0.968261719
vn -0.0961303711 0.118530273 0.98828125
vn -0.506347656 0.209228516 0.836425781
vn -0.395263672 0.173095703 0.90234375
vn -0.168334961 0.116455078 0.979003906
vn -0.253417969 0.15234375 0.955078125
vn -0.447021484 0.106933594 0.888183594
vn -0.153930664 0.212768555 0.96484375
vn -0.182861328 0.412353516 0.892578125
vn 0.028427124 0.229980469 0.97265625
vn -0.182861328 0.412353516 0.892578125
vn -0.153930664 0.212768555 0.96484375
vn -0.0559387207 0.166870117 0.984375
vn -0.765136719 0.467041016 0.443115234
vn 0.028427124 0.229980469 0.97265625
vn -0.765136719 0.467041016 0.443115234
vn -0.299316406 0.729980469 0.614257812
vn -0.506347656 0.655273438 0.560546875
vn -0.0859375 0.0992431641 0.991210938
vn -0.182861328 0.412353516 0.892578125
vn -0.447021484 0.106933594 0.888183594
vn -0.111816406 0.130737305 0.984863281
vn -0.690429688 0.586914062 0.423095703
vn -0.395263672 0.173095703 0.90234375
vn -0.276855469 0.121459961 0.953125
vn -0.506347656 0.209228516 0.836425781
vn 0.327880859 0.565429688 0.756835938
vn 0.1484375 0.140991211 -0.979003906
vn 0.923339844 0.0118713379 -0.384033203
vn -0.317871094 0.931152344 0.177978516
vn 0.37109375 0.218383789 0.902832031
vn 0.1484375 0.140991211 -0.979003906
vn 0.327880859 0.565429688 0.756835938
vn 0.266357422 0.0758056641 -0.9609375
vn 0.369873047 0.321533203 0.871582031
vn 0.255126953 0.17199707 -0.951660156
vn 0.121826172 0.16796875 -0.978027344
vn 0.255126953 0.17199707 -0.951660156
vn 0.369873047 0.321533203 0.871582031
vn 0.3671875 0.390625 0.844238281
vn 0.282470703 0.11529541 -0.952148438
vn 0.48046875 0.321289062 0.815917969
vn 0.403320312 0.315917969 -0.858886719
vn 0.393310547 0.144897461 0.907714844
vn 0.3671875 0.390625 0.844238281
vn 0.121826172 0.16796875 -0.978027344
vn 0.48046875 0.321289062 0.815917969
vn 0.225952148 0.319824219 -0.919921875
vn 0.403320312 0.315917969 -0.858886719
vn 0.518066406 0.414794922 0.748046875
vn 1 -0.0129318237 -0.0175323486
vn 0.313232422 0.259033203 -0.913574219
vn -0.0134429932 0.966796875 -0.255371094
vn 0.00526428223 0.837402344 -0.546386719
vn -0.0549621582 0.998535156 0.0162200928
vn 0.0961914062 0.110900879 -0.989257812
vn 0.00744247437 0.207275391 -0.978027344
vn 0.0185394287 0.0222930908 -0.999511719
vn -0.110900879 0.837402344 -0.53515625
vn -0.0134429932 0.966796875 -0.255371094
vn -0.0549621582 0.998535156 0.0162200928
vn -0.125 0.991699219 -0.0310058594
vn -0.235229492 0.653808594 -0.719238281
vn -0.268066406 0.962890625 -0.0358581543
vn -0.69921875 0.709472656 -0.0866088867
vn 0.00526428223 0.837402344 -0.546386719
vn -0.0582885742 0.958984375 -0.277832031
vn 0.444580078 0.895507812 0.0183258057
vn 0.312744141 0.916015625 -0.252197266
vn -0.510253906 0.718261719 -0.473388672
vn -0.700683594 0.618164062 -0.356201172
vn -0.553222656 0.827148438 -0.0962524414
vn -0.602050781 0.794921875 -0.0766601562
vn -0.271728516 0.450439453 -0.850585938
vn -0.682617188 0.586914062 -0.435791016
vn -0.40625 0.891601562 -0.19909668
vn -0.679199219 0.733398438 -0.0283355713
vn -0.764648438 0.640136719 0.0759277344
vn -0.599609375 0.797851562 0.065246582
vn -0.798339844 0.487792969 -0.353515625
vn -0.845703125 0.530273438 0.0590515137
vn -0.892089844 0.277832031 -0.356445312
vn -0.955078125 0.294921875 0.0258026123
vn -0.639648438 0.767578125 0.0365905762
vn -0.482666016 0.831542969 -0.275390625
vn 0.0359191895 0.9609375 -0.273925781
vn -0.239868164 0.965332031 0.102478027
vn -0.317871094 0.931152344 0.177978516
vn -0.409667969 0.870117188 0.274169922
vn 0.738769531 0.672851562 0.031463623
vn 0.674804688 0.633300781 0.37890625
vn 0.766113281 0.639160156 0.0667724609
vn 0.676269531 0.604003906 0.421875
vn 0.957519531 0.105773926 0.267822266
vn 0.995117188 0.09765625 0.0110321045
vn 1 -0.0129318237 -0.0175323486
vn 0.96875 0.104614258 -0.225097656
vn 0.993652344 -0.110595703 0.00455093384
vn 0.729492188 0.0061378479 0.684082031
vn 0.67578125 0.0498657227 0.735351562
vn 0.389160156 -0.172241211 0.904785156
vn 0.306396484 -0.0822753906 0.948242188
vn -0.021774292 -0.322998047 0.946289062
vn -0.0159454346 -0.395263672 0.918457031
vn -0.463867188 -0.644042969 0.608398438
vn -0.495361328 -0.597167969 0.630859375
vn -0.121582031 -0.483642578 0.866699219
vn -0.243286133 -0.575195312 0.78125
vn -0.585449219 -0.692871094 0.421142578
vn -0.408691406 -0.486083984 0.772460938
vn -0.629394531 -0.577148438 0.520507812
vn -0.00703048706 0.179931641 -0.983886719
vn -0.40625 0.891601562 -0.19909668
vn -0.798339844 0.487792969 -0.353515625
vn -0.0186767578 0.128540039 -0.991699219
vn -0.052520752 0.00841522217 -0.998535156
vn 0.00191116333 0.206176758 -0.978515625
vn -0.0323181152 -0.021774292 -0.999023438
vn -0.573730469 -0.612792969 -0.543457031
vn -0.682617188 0.586914062 -0.435791016
vn -0.302490234 -0.484863281 -0.820800781
vn -0.526855469 -0.65234375 -0.544921875
vn -0.725585938 -0.687988281 -0.006690979
vn -0.680175781 -0.731445312 -0.0502319336
vn -0.495361328 -0.597167969 0.630859375
vn -0.463867188 -0.644042969 0.608398438
vn -0.237792969 -0.481201172 -0.84375
vn -0.585449219 -0.692871094 0.421142578
vn -0.338867188 -0.641601562 -0.688476562
vn -0.46875 -0.508300781 -0.72265625
vn -0.63671875 -0.630859375 -0.443603516
vn -0.564941406 -0.719238281 -0.404785156
vn -0.645019531 -0.732421875 -0.217285156
vn -0.736328125 -0.646484375 -0.19934082
vn -0.732910156 -0.612792969 0.294677734
vn -0.654785156 -0.714355469 0.247314453
vn -0.629394531 -0.577148438 0.520507812
vn -0.69921875 0.709472656 -0.0866088867
vn -0.700683594 0.618164062 -0.356201172
vn -0.235229492 0.653808594 -0.719238281
vn -0.319335938 0.0842285156 -0.943847656
vn -0.0655517578 0.0888671875 -0.993652344
vn -0.146606445 0.103149414 -0.983886719
vn -0.045501709 0.0669555664 -0.996582031
vn -0.629394531 -0.577148438 0.520507812
vn 0.0155029297 0.993652344 -0.113098145
vn 0.159301758 0.983886719 0.0783691406
vn -0.0566711426 0.990722656 -0.124633789
vn -0.732910156 -0.612792969 0.294677734
vn -0.0398254395 0.998535156 0.0424804688
vn -0.736328125 -0.646484375 -0.19934082
vn -0.63671875 -0.630859375 -0.443603516
vn 0.0809326172 0.9921875 0.0946044922
vn -0.46875 -0.508300781 -0.72265625
vn 0.305908203 0.936523438 0.171875
vn -0.021774292 -0.322998047 0.946289062
vn -0.0233306885 -0.0939941406 0.995117188
vn 0.256347656 0.0443115234 0.965332031
vn 0.306396484 -0.0822753906 0.948242188
vn -0.0666503906 0.342773438 0.937011719
vn 0.0567626953 0.541015625 0.838867188
vn 0.184814453 0.676269531 0.712890625
vn -0.856933594 0.466308594 0.219848633
vn -0.912597656 0.38671875 0.131469727
vn 0.515625 0.141723633 -0.845214844
vn 0.768554688 0.176757812 -0.614746094
vn -0.85546875 0.478027344 0.200195312
vn 0.891113281 0.254150391 -0.375976562
vn -0.944335938 0.326904297 0.041809082
vn 0.939453125 0.336914062 -0.059173584
vn 0.915527344 0.305419922 0.26171875
vn -0.9140625 0.382080078 -0.135986328
vn 0.817871094 0.216918945 0.533203125
vn -0.896972656 0.431884766 -0.0931396484
vn -0.941894531 0.335205078 0.00745773315
vn 0.597167969 0.141479492 0.789550781
vn -0.912597656 0.38671875 0.131469727
vn 0.420166016 -0.141845703 -0.896484375
vn 0.515625 0.141723633 -0.845214844
vn -0.967773438 0.24987793 -0.0374145508
vn 0.461181641 -0.0866699219 -0.8828125
vn -0.937011719 -0.171508789 -0.304443359
vn -0.0745239258 -0.12878418 -0.988769531
vn -0.258544922 -0.0488586426 -0.96484375
vn -0.258544922 -0.0488586426 -0.96484375
vn -0.937011719 -0.171508789 -0.304443359
vn -0.175170898 -0.149780273 -0.973144531
vn -0.967773438 0.24987793 -0.0374145508
vn -0.189941406 -0.0221862793 -0.981445312
vn -0.912597656 0.38671875 0.131469727
vn -0.303222656 0.509765625 -0.805175781
vn -0.856933594 0.466308594 0.219848633
vn -0.260986328 0.91015625 -0.322021484
vn -0.85546875 0.478027344 0.200195312
vn -0.553222656 0.830078125 0.0723876953
vn -0.944335938 0.326904297 0.041809082
vn 0.732910156 0.285400391 0.617675781
vn -0.144897461 0.14831543 0.978027344
vn -0.403076172 5.94258308E-05 0.915039062
vn 0.42578125 0.609375 0.668945312
vn -0.689453125 -0.228637695 0.6875
vn -0.570800781 0.465332031 0.676757812
vn -0.144897461 0.14831543 0.978027344
vn 0.119995117 0.261962891 0.957519531
vn -0.00463485718 0.034942627 0.999511719
vn 0.00877380371 0.0541992188 0.998535156
vn -0.916015625 -0.161621094 0.366699219
vn -0.144897461 0.14831543 0.978027344
vn -0.570800781 0.465332031 0.676757812
vn -0.403076172 5.94258308E-05 0.915039062
vn -0.689453125 -0.228637695 0.6875
vn -0.589355469 0.430908203 0.68359375
vn -0.828613281 -0.326904297 0.454833984
vn -0.537597656 -0.311279297 0.783691406
vn -0.255371094 -0.614746094 0.74609375
vn -0.400634766 0.0970458984 0.911132812
vn 0.477783203 -0.462646484 0.746582031
vn 0.691894531 -0.0452270508 0.720703125
vn 0.132080078 -0.870605469 0.473632812
vn 0.115478516 -0.702636719 0.702148438
vn -0.255371094 -0.614746094 0.74609375
vn -0.537597656 -0.311279297 0.783691406
vn -0.553222656 0.830078125 0.0723876953
vn -0.944335938 0.326904297 0.041809082
vn -0.9140625 0.382080078 -0.135986328
vn -0.646972656 0.762695312 -0.014793396
vn -0.896972656 0.431884766 -0.0931396484
vn -0.34375 0.763671875 0.546386719
vn -0.0666503906 0.342773438 0.937011719
vn -0.941894531 0.335205078 0.00745773315
vn 0.256347656 0.0443115234 0.965332031
vn -0.378173828 0.283935547 0.881347656
vn 0.0567626953 0.541015625 0.838867188
vn -0.0233306885 -0.0939941406 0.995117188
vn -0.602539062 0.214355469 0.769042969
vn -0.137207031 0.502929688 0.853515625
vn -0.895996094 0.236572266 0.375488281
vn -0.450683594 0.797363281 -0.401611328
vn -0.928222656 0.11328125 -0.354492188
vn -0.946777344 0.320068359 0.0279083252
vn -0.371582031 0.918945312 -0.13269043
vn -0.0974731445 0.9921875 -0.0751953125
vn -0.573242188 -0.595214844 0.562988281
vn -0.895996094 0.236572266 0.375488281
vn 0.244506836 -0.940917969 0.233764648
vn 0.209594727 -0.757324219 0.618164062
vn 0.228027344 -0.759765625 0.608886719
vn -0.244018555 -0.957519531 0.152832031
vn 0.166015625 -0.6171875 0.769042969
vn 0.387451172 -0.290283203 0.875
vn -0.285644531 -0.631835938 0.720703125
vn 0.597167969 0.141479492 0.789550781
vn -0.993164062 -0.014175415 -0.116821289
vn -0.941894531 0.335205078 0.00745773315
vn 0.402099609 -0.132324219 0.905761719
vn 0.658203125 -0.0775756836 0.749023438
vn 0.306396484 -0.0822753906 0.948242188
vn 0.729492188 0.0061378479 0.684082031
vn 0.766113281 0.639160156 0.0667724609
vn 0.674804688 0.633300781 0.37890625
vn -0.409667969 0.870117188 0.274169922
vn -0.239868164 0.965332031 0.102478027
vn 0.719238281 0.628417969 -0.297119141
vn 0.0359191895 0.9609375 -0.273925781
vn 0.717285156 0.561035156 -0.412841797
vn 0.738769531 0.672851562 0.031463623
vn 0.96875 0.104614258 -0.225097656
vn -0.84375 -0.479492188 0.240966797
vn -0.750976562 -0.555664062 0.356689453
vn -0.741699219 -0.655273438 -0.143920898
vn -0.892089844 -0.369628906 -0.259765625
vn 0.00952148438 -0.872070312 0.489013672
vn 0.0519714355 -0.879394531 0.473388672
vn -0.750976562 -0.555664062 0.356689453
vn -0.84375 -0.479492188 0.240966797
vn -0.0609130859 -0.996582031 -0.0538024902
vn -0.0516357422 -0.997070312 -0.0533447266
vn 0.00286483765 -0.998046875 -0.0614013672
vn -0.00402069092 -0.998046875 -0.0610046387
vn 0.0501098633 -0.965820312 -0.25390625
vn -0.0407714844 -0.970703125 -0.237182617
vn -0.120178223 -0.973144531 -0.197509766
vn -0.136230469 -0.970703125 -0.197265625
vn -0.136230469 -0.970703125 -0.197265625
vn -0.120178223 -0.973144531 -0.197509766
vn -0.0276641846 -0.990722656 -0.13293457
vn -0.0287017822 -0.994140625 -0.103515625
vn -0.0287017822 -0.994140625 -0.103515625
vn -0.0276641846 -0.990722656 -0.13293457
vn -0.0516357422 -0.997070312 -0.0533447266
vn -0.0609130859 -0.996582031 -0.0538024902
vn -0.00402069092 -0.998046875 -0.0610046387
vn 0.00286483765 -0.998046875 -0.0614013672
vn 0.0700073242 -0.995605469 -0.0642089844
vn 0.0762329102 -0.995117188 -0.0647583008
vn 0.0762329102 -0.995117188 -0.0647583008
vn 0.0700073242 -0.995605469 -0.0642089844
vn 0.057434082 -0.988769531 -0.138793945
vn 0.0576782227 -0.990722656 -0.12310791
vn 0.0576782227 -0.990722656 -0.12310791
vn 0.057434082 -0.988769531 -0.138793945
vn 0.121154785 -0.962890625 -0.241943359
vn 0.112304688 -0.965332031 -0.236450195
vn 0.112304688 -0.965332031 -0.236450195
vn 0.121154785 -0.962890625 -0.241943359
vn -0.0407714844 -0.970703125 -0.237182617
vn 0.0501098633 -0.965820312 -0.25390625
vn 0.388427734 0.909179688 0.150268555
vn 0.17956543 0.776855469 0.603515625
vn -0.0963745117 0.804199219 0.586914062
vn 0.0384216309 0.991210938 0.128173828
vn -0.516113281 0.672851562 0.530273438
vn -0.600097656 0.799316406 -0.0278930664
vn -0.852050781 0.0354003906 0.521972656
vn -0.992675781 -0.0855102539 0.0838623047
vn -0.590332031 -0.740722656 0.3203125
vn 0.536621094 -0.378417969 0.75390625
vn 0.666503906 -0.390625 0.635253906
vn -0.424560547 -0.482666016 0.766113281
vn -0.725097656 -0.632324219 0.272705078
vn -0.60546875 -0.435058594 0.666503906
vn -0.964355469 -0.21081543 0.159912109
vn -0.814453125 -0.169311523 0.555175781
vn -0.987792969 -0.124572754 0.0918579102
vn -0.780761719 0.0687866211 0.62109375
vn -0.992675781 -0.0855102539 0.0838623047
vn -0.852050781 0.0354003906 0.521972656
vn 0.913085938 0.195556641 0.357910156
vn 0.17956543 0.776855469 0.603515625
vn 0.388427734 0.909179688 0.150268555
vn 0.678222656 0.372558594 0.633300781
vn 0.948730469 0.162109375 0.271972656
vn 0.859375 0.174194336 0.481201172
vn 0.666503906 -0.390625 0.635253906
vn 0.536621094 -0.378417969 0.75390625
vn 0.021194458 0.0294036865 0.999511719
vn -0.424560547 -0.482666016 0.766113281
vn 0.021194458 0.0294036865 0.999511719
vn 0.536621094 -0.378417969 0.75390625
vn -0.60546875 -0.435058594 0.666503906
vn -0.814453125 -0.169311523 0.555175781
vn -0.780761719 0.0687866211 0.62109375
vn -0.852050781 0.0354003906 0.521972656
vn -0.516113281 0.672851562 0.530273438
vn -0.0963745117 0.804199219 0.586914062
vn 0.17956543 0.776855469 0.603515625
vn 0.678222656 0.372558594 0.633300781
vn 0.859375 0.174194336 0.481201172
vn -0.0214691162 0.957519531 0.288085938
vn -0.104064941 0.707519531 0.69921875
vn -0.156982422 0.948730469 0.274414062
vn -0.219482422 0.814453125 0.537597656
vn 0.444824219 0.895507812 0.0152893066
vn -0.368896484 -0.732421875 0.572265625
vn 0.281494141 -0.524414062 0.803710938
vn 0.357177734 -0.774414062 0.521972656
vn 0.641601562 -0.383789062 0.6640625
vn 0.776855469 -0.503417969 0.378417969
vn -0.793457031 0.558105469 0.242797852
vn -0.610839844 0.453857422 0.648925781
vn -0.685058594 -0.118347168 0.71875
vn -0.875 -0.250976562 0.4140625
vn -0.320556641 -0.510742188 0.797363281
vn -0.368896484 -0.732421875 0.572265625
vn -0.156982422 0.948730469 0.274414062
vn -0.104064941 0.707519531 0.69921875
vn -0.610839844 0.453857422 0.648925781
vn -0.793457031 0.558105469 0.242797852
vn 0.444824219 0.895507812 0.0152893066
vn 0.331787109 0.6640625 0.669921875
vn -0.219482422 0.814453125 0.537597656
vn 0.067199707 0.0215148926 0.997558594
vn 0.776855469 -0.503417969 0.378417969
vn 0.641601562 -0.383789062 0.6640625
vn 0.682128906 0.156860352 0.714355469
vn 0.959472656 0.131835938 0.249633789
vn 0.672363281 0.450683594 0.586914062
vn 0.865722656 0.426513672 0.261474609
vn 0.848144531 0.0848999023 0.522460938
vn 0.83203125 0.51171875 0.214233398
vn 0.331787109 0.6640625 0.669921875
vn 0.067199707 0.0215148926 0.997558594
vn -0.219482422 0.814453125 0.537597656
vn 0.067199707 0.0215148926 0.997558594
vn -0.104064941 0.707519531 0.69921875
vn -0.610839844 0.453857422 0.648925781
vn -0.685058594 -0.118347168 0.71875
vn -0.320556641 -0.510742188 0.797363281
vn 0.281494141 -0.524414062 0.803710938
vn 0.641601562 -0.383789062 0.6640625
vn 0.682128906 0.156860352 0.714355469
vn 0.672363281 0.450683594 0.586914062
vn 0.838378906 -0.530761719 -0.124938965
vn 0.0257415771 -0.277832031 -0.960449219
vn 0.0346984863 -0.282958984 -0.958496094
vn 0.0650634766 -0.303466797 -0.950683594
vn 0.464599609 -0.776367188 -0.42578125
vn 0.852539062 -0.506835938 -0.125976562
vn -0.00761795044 -1 0
vn 0.109008789 -0.992675781 0.0547790527
vn 0.0783691406 -0.770996094 -0.632324219
vn 0.670898438 -0.720214844 0.17565918
vn 0.566894531 -0.636230469 -0.5234375
vn 0.975097656 -0.157104492 0.156982422
vn 0.96875 -0.177124023 -0.174072266
vn -0.353027344 0.72265625 -0.594238281
vn -0.38671875 0.675292969 -0.628417969
vn 0.0346984863 -0.282958984 -0.958496094
vn 0.0257415771 -0.277832031 -0.960449219
vn 0.0650634766 -0.303466797 -0.950683594
vn -0.860351562 0.450195312 -0.239501953
vn -0.741210938 0.334716797 -0.581542969
vn -0.829589844 0.374023438 -0.414306641
vn -0.3203125 0.788085938 -0.525390625
vn -0.525878906 0.752441406 -0.396240234
vn -0.0166168213 0.954101562 -0.299804688
vn -0.0279846191 0.987304688 -0.157348633
vn -0.874023438 0.3515625 -0.3359375
vn -0.38671875 0.675292969 -0.628417969
vn -0.353027344 0.72265625 -0.594238281
vn -0.627929688 0.273681641 -0.728515625
vn -0.564453125 0.719238281 -0.405029297
vn -0.247192383 0.254150391 -0.935058594
vn -0.121154785 0.943359375 -0.308349609
vn -0.0540466309 0.369628906 -0.927734375
vn 0.0180511475 0.347167969 -0.9375
vn -0.0165710449 0.95703125 -0.289306641
vn -0.801269531 0.592773438 -0.0838623047
vn -0.70703125 0.678222656 -0.200073242
vn -0.0323181152 -0.021774292 -0.999023438
vn -0.052520752 0.00841522217 -0.998535156
vn -0.0487060547 -0.0736083984 -0.99609375
vn -0.0487060547 -0.0736083984 -0.99609375
vn 0.721679688 -0.692382812 -2.2649765E-06
vn 0.189697266 -0.916015625 -0.354003906
vn 0.205932617 -0.978515625 0
vn 0.568359375 -0.584960938 -0.578613281
vn 0.125244141 -0.950683594 -0.283447266
vn 0.0381774902 -0.986328125 -0.159545898
vn 0.293212891 -0.839355469 -0.457519531
vn 0.315429688 -0.824707031 -0.469726562
vn 0.859863281 -0.499023438 -0.10546875
vn 0.270751953 -0.252929688 -0.928710938
vn -0.588378906 -0.80859375 0
vn -0.2421875 -0.308349609 -0.919921875
vn 0.205932617 -0.978515625 0
vn 0.189697266 -0.916015625 -0.354003906
vn -0.536132812 -0.369384766 -0.759277344
vn -0.838378906 -0.545410156 0
vn -0.198730469 -0.421630859 -0.884765625
vn -0.41015625 -0.912109375 0
vn -0.372070312 -0.492431641 -0.786621094
vn -0.605957031 -0.795410156 0
vn -0.605957031 -0.795410156 0
vn -0.372070312 -0.492431641 -0.786621094
vn -0.589355469 0.076171875 -0.804199219
vn -0.989746094 0.143310547 0
vn -0.989746094 0.143310547 0
vn -0.589355469 0.076171875 -0.804199219
vn -0.425048828 0.351074219 -0.834472656
vn -0.778320312 0.627929688 0
vn -0.251464844 0.562988281 -0.787109375
vn -0.428466797 0.903320312 0
vn -0.428466797 0.903320312 0
vn -0.251464844 0.562988281 -0.787109375
vn -0.022354126 0.322021484 -0.946289062
vn -0.0989379883 0.995117188 0
vn 0.16027832 0.463867188 -0.87109375
vn 0.32421875 0.945800781 0
vn 0.217773438 0.204589844 -0.954101562
vn 0.777832031 0.628417969 0
vn 0.947753906 0.0861816406 -0.307373047
vn 0.994628906 0.104675293 0
vn 0.994628906 0.104675293 0
vn 0.947753906 0.0861816406 -0.307373047
vn 0.591308594 0.159057617 -0.790527344
vn 0.98046875 0.196289062 0
vn 0.937011719 -0.336669922 -0.0913696289
vn 0.966308594 -0.2578125 0
vn 0.966308594 -0.2578125 0
vn 0.937011719 -0.336669922 -0.0913696289
vn -0.2421875 -0.308349609 -0.919921875
vn -0.588378906 -0.80859375 0
vn -0.425048828 0.351074219 -0.834472656
vn -0.589355469 0.076171875 -0.804199219
vn -0.372070312 -0.492431641 -0.786621094
vn -0.00107860565 0.00688552856 -1
vn -0.198730469 -0.421630859 -0.884765625
vn -0.00780487061 0.0126113892 -1
vn -0.536132812 -0.369384766 -0.759277344
vn -0.022354126 0.322021484 -0.946289062
vn -0.251464844 0.562988281 -0.787109375
vn -0.0196990967 -0.0240631104 -0.999511719
vn 0.189697266 -0.916015625 -0.354003906
vn 0.568359375 -0.584960938 -0.578613281
vn 0.125244141 -0.950683594 -0.283447266
vn 0.293212891 -0.839355469 -0.457519531
vn 0.270751953 -0.252929688 -0.928710938
vn -0.2421875 -0.308349609 -0.919921875
vn 0.217773438 0.204589844 -0.954101562
vn 0.16027832 0.463867188 -0.87109375
vn 0.591308594 0.159057617 -0.790527344
vn 0.937011719 -0.336669922 -0.0913696289
vn 0.947753906 0.0861816406 -0.307373047
vn -0.0582885742 0.958984375 -0.277832031
vn 0.00526428223 0.837402344 -0.546386719
vn 0.00744247437 0.207275391 -0.978027344
vn -0.138549805 0.0927734375 -0.985839844
vn 0.0185394287 0.0222930908 -0.999511719
vn -0.648925781 -0.759277344 -0.0427856445
vn 0.00640106201 -0.973632812 -0.228393555
vn -0.388427734 -0.698242188 -0.6015625
vn -0.360107422 -0.832519531 0.420654297
vn 0.0162658691 -0.685546875 -0.728027344
vn -0.0199432373 -0.797363281 0.603027344
vn 0.427246094 -0.6953125 -0.577636719
vn 0.318359375 -0.829101562 0.459716797
vn 0.641113281 -0.767089844 0.0031414032
vn -0.400634766 0.0970458984 0.911132812
vn 0.0197296143 0.124450684 0.9921875
vn -0.255371094 -0.614746094 0.74609375
vn -0.570800781 0.465332031 0.676757812
vn 0.0249176025 0.630371094 0.775878906
vn 0.115478516 -0.702636719 0.702148438
vn 0.0203094482 0.0919799805 0.995605469
vn -0.0792236328 0.619140625 0.78125
vn -0.188110352 0.622070312 0.760253906
vn -0.00835418701 0.149291992 0.988769531
vn 0.477783203 -0.462646484 0.746582031
vn 0.431396484 0.543457031 0.719726562
vn 0.377929688 0.173461914 0.909179688
vn 0.691894531 -0.0452270508 0.720703125
vn 0.477783203 -0.462646484 0.746582031
vn 0.8515625 -0.173583984 0.494873047
vn 0.377929688 0.173461914 0.909179688
vn 0.559570312 0.422851562 0.712890625
vn 0.431396484 0.543457031 0.719726562
vn 0.89453125 -0.0790405273 0.439941406
vn 0.618164062 -0.139404297 0.773925781
vn 0.112182617 0.135253906 0.984375
vn 0.296142578 -0.00910186768 0.955078125
vn 0.287353516 -0.677246094 0.677246094
vn -0.0175476074 -0.859375 -0.510742188
vn -0.0170593262 -0.858886719 0.51171875
vn 0.0214691162 -0.873046875 0.487304688
vn 0.0357971191 -0.892578125 -0.44921875
vn 0.953125 -0.224121094 0.203857422
vn 0.063293457 -0.788574219 -0.611816406
vn -0.0333862305 -0.837890625 -0.544921875
vn 0.0236206055 -0.866699219 -0.498291016
vn 0.0195465088 -0.871582031 -0.489501953
vn 0.0825805664 -0.839355469 -0.537109375
vn 0.150268555 -0.775878906 0.612792969
vn 0.0759277344 -0.834472656 -0.545898438
vn -0.109436035 -0.586425781 0.802734375
vn 0.151855469 -0.862304688 -0.483154297
vn -0.0165863037 -0.7421875 -0.669921875
vn -0.848144531 -0.511230469 0.137939453
g Rod_Nightmare_Head_0
f 3/3/3 2/2/2 1/1/1
f 6/6/6 5/5/5 4/4/4
f 9/9/9 8/8/8 7/7/7
f 9/9/9 11/11/11 10/10/10
f 12/12/12 9/9/9 10/10/10
f 9/9/9 12/12/12 13/13/13
f 14/14/14 9/9/9 13/13/13
f 14/14/14 13/13/13 15/15/15
f 14/14/14 15/15/15 16/16/16
f 15/15/15 17/17/17 16/16/16
f 16/16/16 17/17/17 18/18/18
f 16/16/16 18/18/18 19/19/19
f 16/16/16 19/19/19 20/20/20
f 21/21/21 16/16/16 20/20/20
f 24/24/24 23/23/23 22/22/22
f 27/27/27 26/26/26 25/25/25
f 29/29/29 27/27/27 28/28/28
f 27/27/27 30/30/30 28/28/28
f 30/30/30 27/27/27 31/31/31
f 27/27/27 32/32/32 31/31/31
f 32/32/32 33/33/33 31/31/31
f 33/33/33 32/32/32 34/34/34
f 35/35/35 33/33/33 34/34/34
f 34/34/34 36/36/36 35/35/35
f 37/37/37 36/36/36 34/34/34
f 38/38/38 37/37/37 34/34/34
f 41/41/41 40/40/40 39/39/39
f 44/44/44 43/43/43 42/42/42
f 47/47/47 46/46/46 45/45/45
f 50/50/50 49/49/49 48/48/48
f 53/53/53 52/52/52 51/51/51
f 56/56/56 55/55/55 54/54/54
f 59/59/59 58/58/58 57/57/57
f 62/62/62 61/61/61 60/60/60
f 65/65/65 64/64/64 63/63/63
f 68/68/68 67/67/67 66/66/66
f 71/71/71 70/70/70 69/69/69
f 74/74/74 73/73/73 72/72/72
f 77/77/77 76/76/76 75/75/75
f 80/80/80 79/79/79 78/78/78
f 83/83/83 82/82/82 81/81/81
f 86/86/86 85/85/85 84/84/84
f 89/89/89 88/88/88 87/87/87
f 92/92/92 91/91/91 90/90/90
f 95/95/95 94/94/94 93/93/93
f 98/98/98 97/97/97 96/96/96
f 101/101/101 100/100/100 99/99/99
f 104/104/104 103/103/103 102/102/102
f 107/107/107 106/106/106 105/105/105
f 110/110/110 109/109/109 108/108/108
f 113/113/113 112/112/112 111/111/111
f 116/116/116 115/115/115 114/114/114
f 119/119/119 118/118/118 117/117/117
f 122/122/122 121/121/121 120/120/120
f 125/125/125 124/124/124 123/123/123
f 128/128/128 127/127/127 126/126/126
f 131/131/131 130/130/130 129/129/129
f 134/134/134 133/133/133 132/132/132
f 137/137/137 136/136/136 135/135/135
f 140/140/140 139/139/139 138/138/138
f 143/143/143 142/142/142 141/141/141
f 146/146/146 145/145/145 144/144/144
f 149/149/149 148/148/148 147/147/147
f 152/152/152 151/151/151 150/150/150
f 153/153/153 150/150/150 151/151/151
f 153/153/153 154/154/154 150/150/150
f 157/157/157 156/156/156 155/155/155
f 155/155/155 156/156/156 158/158/158
f 159/159/159 158/158/158 156/156/156
f 160/160/160 159/159/159 156/156/156
f 159/159/159 160/160/160 161/161/161
f 160/160/160 162/162/162 161/161/161
f 161/161/161 162/162/162 163/163/163
f 162/162/162 164/164/164 163/163/163
f 164/164/164 162/162/162 165/165/165
f 162/162/162 166/166/166 165/165/165
f 162/162/162 160/160/160 166/166/166
f 160/160/160 167/167/167 166/166/166
f 170/170/170 169/169/169 168/168/168
f 170/170/170 168/168/168 171/171/171
f 174/174/174 173/173/173 172/172/172
f 174/174/174 175/175/175 173/173/173
f 175/175/175 176/176/176 173/173/173
f 175/175/175 177/177/177 176/176/176
f 178/178/178 175/175/175 174/174/174
f 179/179/179 178/178/178 174/174/174
f 179/179/179 174/174/174 180/180/180
f 181/181/181 179/179/179 180/180/180
f 181/181/181 180/180/180 182/182/182
f 183/183/183 181/181/181 182/182/182
f 184/184/184 181/181/181 183/183/183
f 179/179/179 181/181/181 184/184/184
f 185/185/185 179/179/179 184/184/184
f 185/185/185 184/184/184 186/186/186
f 186/186/186 187/187/187 185/185/185
f 179/179/179 185/185/185 188/188/188
f 187/187/187 188/188/188 185/185/185
f 178/178/178 179/179/179 188/188/188
f 189/189/189 188/188/188 187/187/187
f 178/178/178 188/188/188 189/189/189
f 190/190/190 189/189/189 187/187/187
f 191/191/191 178/178/178 189/189/189
f 178/178/178 191/191/191 175/175/175
f 191/191/191 192/192/192 175/175/175
f 192/192/192 191/191/191 193/193/193
f 177/177/177 175/175/175 192/192/192
f 194/194/194 177/177/177 192/192/192
f 194/194/194 195/195/195 177/177/177
f 198/198/198 197/197/197 196/196/196
f 198/198/198 196/196/196 199/199/199
f 200/200/200 198/198/198 199/199/199
f 200/200/200 199/199/199 201/201/201
f 202/202/202 199/199/199 196/196/196
f 203/203/203 202/202/202 196/196/196
f 199/199/199 204/204/204 201/201/201
f 199/199/199 202/202/202 204/204/204
f 201/201/201 204/204/204 205/205/205
f 202/202/202 206/206/206 204/204/204
f 204/204/204 207/207/207 205/205/205
f 204/204/204 206/206/206 207/207/207
f 206/206/206 208/208/208 207/207/207
f 207/207/207 209/209/209 205/205/205
f 207/207/207 208/208/208 209/209/209
f 208/208/208 210/210/210 209/209/209
f 209/209/209 210/210/210 211/211/211
f 210/210/210 212/212/212 211/211/211
f 209/209/209 211/211/211 213/213/213
f 211/211/211 214/214/214 213/213/213
f 212/212/212 215/215/215 211/211/211
f 215/215/215 214/214/214 211/211/211
f 214/214/214 216/216/216 213/213/213
f 214/214/214 217/217/217 216/216/216
f 215/215/215 218/218/218 214/214/214
f 217/217/217 214/214/214 219/219/219
f 218/218/218 220/220/220 214/214/214
f 214/214/214 220/220/220 219/219/219
f 218/218/218 221/221/221 220/220/220
f 220/220/220 222/222/222 219/219/219
f 221/221/221 222/222/222 220/220/220
f 222/222/222 223/223/223 219/219/219
f 221/221/221 224/224/224 222/222/222
f 222/222/222 225/225/225 223/223/223
f 224/224/224 225/225/225 222/222/222
f 225/225/225 226/226/226 223/223/223
f 227/227/227 226/226/226 225/225/225
f 228/228/228 227/227/227 225/225/225
f 225/225/225 224/224/224 228/228/228
f 224/224/224 229/229/229 228/228/228
f 228/228/228 229/229/229 230/230/230
f 229/229/229 231/231/231 230/230/230
f 234/234/234 233/233/233 232/232/232
f 232/232/232 233/233/233 235/235/235
f 233/233/233 236/236/236 235/235/235
f 233/233/233 237/237/237 236/236/236
f 237/237/237 238/238/238 236/236/236
f 233/233/233 239/239/239 237/237/237
f 240/240/240 238/238/238 237/237/237
f 239/239/239 241/241/241 237/237/237
f 242/242/242 240/240/240 237/237/237
f 241/241/241 242/242/242 237/237/237
f 245/245/245 244/244/244 243/243/243
f 246/246/246 243/243/243 244/244/244
f 247/247/247 246/246/246 244/244/244
f 246/246/246 248/248/248 243/243/243
f 248/248/248 246/246/246 249/249/249
f 246/246/246 247/247/247 250/250/250
f 246/246/246 251/251/251 249/249/249
f 252/252/252 246/246/246 250/250/250
f 246/246/246 252/252/252 251/251/251
f 252/252/252 253/253/253 251/251/251
f 252/252/252 250/250/250 254/254/254
f 255/255/255 252/252/252 254/254/254
f 252/252/252 255/255/255 256/256/256
f 255/255/255 257/257/257 256/256/256
f 257/257/257 255/255/255 258/258/258
f 257/257/257 258/258/258 259/259/259
f 260/260/260 257/257/257 259/259/259
f 257/257/257 260/260/260 261/261/261
f 262/262/262 256/256/256 257/257/257
f 256/256/256 262/262/262 263/263/263
f 264/264/264 262/262/262 257/257/257
f 256/256/256 263/263/263 265/265/265
f 266/266/266 257/257/257 261/261/261
f 264/264/264 257/257/257 266/266/266
f 266/266/266 261/261/261 267/267/267
f 261/261/261 268/268/268 267/267/267
f 266/266/266 267/267/267 269/269/269
f 270/270/270 264/264/264 266/266/266
f 270/270/270 266/266/266 269/269/269
f 264/264/264 270/270/270 271/271/271
f 270/270/270 272/272/272 271/271/271
f 270/270/270 273/273/273 272/272/272
f 270/270/270 269/269/269 273/273/273
f 269/269/269 274/274/274 273/273/273
f 275/275/275 256/256/256 265/265/265
f 275/275/275 265/265/265 276/276/276
f 265/265/265 277/277/277 276/276/276
f 276/276/276 277/277/277 278/278/278
f 256/256/256 275/275/275 279/279/279
f 279/279/279 275/275/275 276/276/276
f 280/280/280 256/256/256 279/279/279
f 281/281/281 279/279/279 276/276/276
f 281/281/281 276/276/276 282/282/282
f 276/276/276 283/283/283 282/282/282
f 286/286/286 285/285/285 284/284/284
f 286/286/286 284/284/284 287/287/287
f 288/288/288 286/286/286 287/287/287
f 288/288/288 287/287/287 289/289/289
f 290/290/290 289/289/289 287/287/287
f 289/289/289 290/290/290 291/291/291
f 292/292/292 289/289/289 291/291/291
f 289/289/289 292/292/292 293/293/293
f 292/292/292 294/294/294 293/293/293
f 295/295/295 289/289/289 293/293/293
f 289/289/289 295/295/295 288/288/288
f 296/296/296 293/293/293 294/294/294
f 296/296/296 295/295/295 293/293/293
f 297/297/297 296/296/296 294/294/294
f 296/296/296 297/297/297 298/298/298
f 297/297/297 299/299/299 298/298/298
f 298/298/298 299/299/299 300/300/300
f 299/299/299 301/301/301 300/300/300
f 301/301/301 302/302/302 300/300/300
f 302/302/302 303/303/303 300/300/300
f 304/304/304 295/295/295 296/296/296
f 295/295/295 304/304/304 305/305/305
f 304/304/304 306/306/306 305/305/305
f 307/307/307 295/295/295 305/305/305
f 288/288/288 295/295/295 307/307/307
f 308/308/308 288/288/288 307/307/307
f 288/288/288 308/308/308 309/309/309
f 288/288/288 309/309/309 310/310/310
f 313/313/313 312/312/312 311/311/311
f 312/312/312 313/313/313 314/314/314
f 313/313/313 315/315/315 314/314/314
f 313/313/313 316/316/316 315/315/315
f 316/316/316 317/317/317 315/315/315
f 318/318/318 317/317/317 316/316/316
f 317/317/317 318/318/318 319/319/319
f 318/318/318 320/320/320 319/319/319
f 321/321/321 318/318/318 316/316/316
f 321/321/321 322/322/322 318/318/318
f 322/322/322 323/323/323 318/318/318
f 321/321/321 316/316/316 324/324/324
f 325/325/325 321/321/321 324/324/324
f 326/326/326 325/325/325 324/324/324
f 324/324/324 316/316/316 327/327/327
f 316/316/316 328/328/328 327/327/327
f 326/326/326 324/324/324 329/329/329
f 330/330/330 326/326/326 329/329/329
f 328/328/328 316/316/316 331/331/331
f 316/316/316 332/332/332 331/331/331
f 332/332/332 333/333/333 331/331/331
f 333/333/333 334/334/334 331/331/331
f 335/335/335 330/330/330 329/329/329
f 335/335/335 329/329/329 336/336/336
f 336/336/336 337/337/337 335/335/335
f 335/335/335 337/337/337 338/338/338
f 339/339/339 335/335/335 338/338/338
f 340/340/340 339/339/339 338/338/338
f 340/340/340 341/341/341 339/339/339
f 341/341/341 342/342/342 339/339/339
f 341/341/341 343/343/343 342/342/342
f 343/343/343 344/344/344 342/342/342
f 344/344/344 345/345/345 342/342/342
f 344/344/344 346/346/346 345/345/345
f 346/346/346 347/347/347 345/345/345
f 347/347/347 346/346/346 348/348/348
f 348/348/348 349/349/349 347/347/347
f 349/349/349 350/350/350 347/347/347
f 346/346/346 351/351/351 348/348/348
f 351/351/351 346/346/346 352/352/352
f 348/348/348 353/353/353 349/349/349
f 353/353/353 354/354/354 349/349/349
f 353/353/353 355/355/355 354/354/354
f 355/355/355 356/356/356 354/354/354
f 355/355/355 357/357/357 356/356/356
f 355/355/355 353/353/353 357/357/357
f 353/353/353 358/358/358 357/357/357
f 358/358/358 353/353/353 359/359/359
f 353/353/353 348/348/348 359/359/359
f 359/359/359 348/348/348 360/360/360
f 348/348/348 351/351/351 360/360/360
f 360/360/360 351/351/351 361/361/361
f 351/351/351 352/352/352 361/361/361
f 362/362/362 361/361/361 352/352/352
f 363/363/363 362/362/362 352/352/352
f 364/364/364 362/362/362 363/363/363
f 364/364/364 363/363/363 365/365/365
f 363/363/363 366/366/366 365/365/365
f 363/363/363 367/367/367 366/366/366
f 365/365/365 368/368/368 364/364/364
f 365/365/365 366/366/366 369/369/369
f 368/368/368 365/365/365 369/369/369
f 364/364/364 368/368/368 370/370/370
f 371/371/371 364/364/364 370/370/370
f 370/370/370 372/372/372 371/371/371
f 372/372/372 373/373/373 371/371/371
f 374/374/374 372/372/372 370/370/370
f 375/375/375 374/374/374 370/370/370
f 376/376/376 375/375/375 370/370/370
f 368/368/368 376/376/376 370/370/370
f 376/376/376 368/368/368 369/369/369
f 369/369/369 377/377/377 376/376/376
f 378/378/378 377/377/377 369/369/369
f 379/379/379 378/378/378 369/369/369
f 379/379/379 369/369/369 366/366/366
f 379/379/379 380/380/380 378/378/378
f 380/380/380 381/381/381 378/378/378
f 381/381/381 380/380/380 382/382/382
f 383/383/383 381/381/381 382/382/382
f 383/383/383 382/382/382 384/384/384
f 382/382/382 338/338/338 384/384/384
f 338/338/338 382/382/382 385/385/385
f 385/385/385 382/382/382 386/386/386
f 382/382/382 380/380/380 386/386/386
f 387/387/387 386/386/386 380/380/380
f 379/379/379 387/387/387 380/380/380
f 379/379/379 388/388/388 387/387/387
f 388/388/388 379/379/379 366/366/366
f 388/388/388 389/389/389 387/387/387
f 391/391/391 390/390/390 366/366/366
f 390/390/390 391/391/391 392/392/392
f 391/391/391 393/393/393 392/392/392
f 394/394/394 391/391/391 366/366/366
f 391/391/391 394/394/394 393/393/393
f 367/367/367 394/394/394 366/366/366
f 394/394/394 395/395/395 393/393/393
f 395/395/395 394/394/394 367/367/367
f 396/396/396 395/395/395 367/367/367
f 399/399/399 398/398/398 397/397/397
f 399/399/399 397/397/397 400/400/400
f 397/397/397 401/401/401 400/400/400
f 404/404/404 403/403/403 402/402/402
f 404/404/404 402/402/402 405/405/405
f 406/406/406 404/404/404 405/405/405
f 409/409/409 408/408/408 407/407/407
f 408/408/408 409/409/409 410/410/410
f 409/409/409 411/411/411 410/410/410
f 411/411/411 412/412/412 410/410/410
f 412/412/412 413/413/413 410/410/410
f 416/416/416 415/415/415 414/414/414
f 414/414/414 415/415/415 417/417/417
f 418/418/418 414/414/414 417/417/417
f 414/414/414 418/418/418 419/419/419
f 414/414/414 419/419/419 420/420/420
f 418/418/418 421/421/421 419/419/419
f 422/422/422 418/418/418 417/417/417
f 418/418/418 422/422/422 421/421/421
f 423/423/423 422/422/422 417/417/417
f 422/422/422 424/424/424 421/421/421
f 424/424/424 422/422/422 425/425/425
f 422/422/422 426/426/426 425/425/425
f 425/425/425 426/426/426 427/427/427
f 426/426/426 428/428/428 427/427/427
f 428/428/428 429/429/429 427/427/427
f 429/429/429 430/430/430 427/427/427
f 430/430/430 429/429/429 431/431/431
f 429/429/429 432/432/432 431/431/431
f 432/432/432 433/433/433 431/431/431
f 431/431/431 433/433/433 434/434/434
f 433/433/433 435/435/435 434/434/434
f 436/436/436 434/434/434 435/435/435
f 439/439/439 438/438/438 437/437/437
f 439/439/439 437/437/437 440/440/440
f 443/443/443 442/442/442 441/441/441
f 443/443/443 441/441/441 444/444/444
f 445/445/445 443/443/443 444/444/444
f 443/443/443 445/445/445 446/446/446
f 447/447/447 443/443/443 446/446/446
f 444/444/444 441/441/441 448/448/448
f 441/441/441 449/449/449 448/448/448
f 448/448/448 449/449/449 450/450/450
f 451/451/451 448/448/448 450/450/450
f 452/452/452 451/451/451 450/450/450
f 453/453/453 452/452/452 450/450/450
f 454/454/454 452/452/452 453/453/453
f 455/455/455 454/454/454 453/453/453
f 454/454/454 455/455/455 456/456/456
f 457/457/457 454/454/454 456/456/456
f 458/458/458 454/454/454 457/457/457
f 459/459/459 458/458/458 457/457/457
f 458/458/458 459/459/459 460/460/460
f 459/459/459 461/461/461 460/460/460
f 464/464/464 463/463/463 462/462/462
f 462/462/462 463/463/463 465/465/465
f 463/463/463 466/466/466 465/465/465
f 465/465/465 466/466/466 467/467/467
f 470/470/470 469/469/469 468/468/468
f 469/469/469 471/471/471 468/468/468
f 474/474/474 473/473/473 472/472/472
f 473/473/473 474/474/474 475/475/475
f 474/474/474 476/476/476 475/475/475
f 475/475/475 476/476/476 477/477/477
f 476/476/476 474/474/474 478/478/478
f 476/476/476 479/479/479 477/477/477
f 477/477/477 479/479/479 480/480/480
f 479/479/479 481/481/481 480/480/480
f 480/480/480 481/481/481 482/482/482
f 481/481/481 483/483/483 482/482/482
f 484/484/484 476/476/476 478/478/478
f 485/485/485 484/484/484 478/478/478
f 485/485/485 486/486/486 484/484/484
f 479/479/479 476/476/476 487/487/487
f 481/481/481 479/479/479 487/487/487
f 476/476/476 484/484/484 488/488/488
f 486/486/486 488/488/488 484/484/484
f 476/476/476 488/488/488 487/487/487
f 487/487/487 488/488/488 486/486/486
f 489/489/489 487/487/487 486/486/486
f 487/487/487 489/489/489 490/490/490
f 490/490/490 481/481/481 487/487/487
f 489/489/489 491/491/491 490/490/490
f 481/481/481 490/490/490 492/492/492
f 490/490/490 491/491/491 492/492/492
f 483/483/483 481/481/481 492/492/492
f 491/491/491 493/493/493 492/492/492
f 494/494/494 483/483/483 492/492/492
f 492/492/492 493/493/493 494/494/494
f 483/483/483 494/494/494 495/495/495
f 493/493/493 496/496/496 494/494/494
f 494/494/494 496/496/496 495/495/495
f 496/496/496 497/497/497 495/495/495
f 500/500/500 499/499/499 498/498/498
f 501/501/501 500/500/500 498/498/498
f 502/502/502 501/501/501 498/498/498
f 505/505/505 504/504/504 503/503/503
f 504/504/504 505/505/505 506/506/506
f 505/505/505 507/507/507 506/506/506
f 505/505/505 508/508/508 507/507/507
f 508/508/508 509/509/509 507/507/507
f 509/509/509 510/510/510 507/507/507
f 510/510/510 511/511/511 507/507/507
f 509/509/509 508/508/508 512/512/512
f 510/510/510 509/509/509 512/512/512
f 513/513/513 510/510/510 512/512/512
f 514/514/514 513/513/513 512/512/512
f 508/508/508 515/515/515 512/512/512
f 512/512/512 515/515/515 514/514/514
f 515/515/515 516/516/516 514/514/514
f 515/515/515 517/517/517 516/516/516
f 517/517/517 519/519/519 518/518/518
f 519/519/519 520/520/520 518/518/518
f 518/518/518 520/520/520 521/521/521
f 522/522/522 521/521/521 520/520/520
f 523/523/523 520/520/520 519/519/519
f 523/523/523 522/522/522 520/520/520
f 524/524/524 523/523/523 519/519/519
f 522/522/522 523/523/523 525/525/525
f 523/523/523 524/524/524 525/525/525
f 526/526/526 522/522/522 525/525/525
f 524/524/524 527/527/527 525/525/525
f 528/528/528 526/526/526 525/525/525
f 525/525/525 527/527/527 528/528/528
f 527/527/527 529/529/529 528/528/528
f 532/532/532 531/531/531 530/530/530
f 530/530/530 531/531/531 533/533/533
f 536/536/536 535/535/535 534/534/534
f 536/536/536 534/534/534 537/537/537
f 537/537/537 534/534/534 538/538/538
f 539/539/539 537/537/537 538/538/538
f 540/540/540 536/536/536 537/537/537
f 541/541/541 536/536/536 540/540/540
f 542/542/542 541/541/541 540/540/540
f 541/541/541 542/542/542 543/543/543
f 542/542/542 544/544/544 543/543/543
f 544/544/544 542/542/542 545/545/545
f 542/542/542 546/546/546 545/545/545
f 545/545/545 546/546/546 547/547/547
f 548/548/548 545/545/545 547/547/547
f 551/551/551 550/550/550 549/549/549
f 549/549/549 550/550/550 552/552/552
f 550/550/550 553/553/553 552/552/552
f 553/553/553 550/550/550 554/554/554
f 553/553/553 554/554/554 555/555/555
f 556/556/556 553/553/553 555/555/555
f 559/559/559 558/558/558 557/557/557
f 559/559/559 560/560/560 558/558/558
f 560/560/560 561/561/561 558/558/558
f 564/564/564 563/563/563 562/562/562
f 564/564/564 562/562/562 565/565/565
f 566/566/566 564/564/564 565/565/565
f 565/565/565 567/567/567 566/566/566
f 567/567/567 568/568/568 566/566/566
f 569/569/569 568/568/568 567/567/567
f 570/570/570 569/569/569 567/567/567
f 571/571/571 569/569/569 570/570/570
f 572/572/572 571/571/571 570/570/570
f 573/573/573 571/571/571 572/572/572
f 574/574/574 573/573/573 572/572/572
f 573/573/573 574/574/574 575/575/575
f 576/576/576 573/573/573 575/575/575
f 576/576/576 575/575/575 577/577/577
f 575/575/575 578/578/578 577/577/577
f 581/581/581 580/580/580 579/579/579
f 582/582/582 580/580/580 581/581/581
f 580/580/580 582/582/582 583/583/583
f 584/584/584 580/580/580 583/583/583
f 580/580/580 584/584/584 585/585/585
f 586/586/586 580/580/580 585/585/585
f 587/587/587 586/586/586 585/585/585
f 588/588/588 587/587/587 585/585/585
f 587/587/587 588/588/588 589/589/589
f 588/588/588 590/590/590 589/589/589
f 589/589/589 590/590/590 591/591/591
f 590/590/590 588/588/588 592/592/592
f 588/588/588 593/593/593 592/592/592
f 590/590/590 594/594/594 591/591/591
f 594/594/594 590/590/590 592/592/592
f 595/595/595 591/591/591 594/594/594
f 596/596/596 594/594/594 592/592/592
f 597/597/597 595/595/595 594/594/594
f 595/595/595 597/597/597 598/598/598
f 597/597/597 599/599/599 598/598/598
f 600/600/600 598/598/598 599/599/599
f 601/601/601 600/600/600 599/599/599
f 592/592/592 602/602/602 596/596/596
f 592/592/592 593/593/593 602/602/602
f 593/593/593 603/603/603 602/602/602
f 603/603/603 593/593/593 604/604/604
f 593/593/593 605/605/605 604/604/604
f 604/604/604 606/606/606 603/603/603
f 602/602/602 603/603/603 607/607/607
f 606/606/606 607/607/607 603/603/603
f 608/608/608 602/602/602 607/607/607
f 608/608/608 607/607/607 609/609/609
f 610/610/610 608/608/608 609/609/609
f 609/609/609 607/607/607 611/611/611
f 607/607/607 606/606/606 611/611/611
f 612/612/612 611/611/611 606/606/606
f 613/613/613 612/612/612 606/606/606
f 616/616/616 615/615/615 614/614/614
f 614/614/614 615/615/615 617/617/617
f 618/618/618 614/614/614 617/617/617
f 619/619/619 618/618/618 617/617/617
f 618/618/618 620/620/620 614/614/614
f 620/620/620 621/621/621 614/614/614
f 624/624/624 623/623/623 622/622/622
f 624/624/624 625/625/625 623/623/623
f 625/625/625 626/626/626 623/623/623
f 629/629/629 628/628/628 627/627/627
f 630/630/630 627/627/627 628/628/628
f 631/631/631 630/630/630 628/628/628
f 631/631/631 632/632/632 630/630/630
f 632/632/632 633/633/633 630/630/630
f 633/633/633 632/632/632 634/634/634
f 635/635/635 633/633/633 634/634/634
f 638/638/638 637/637/637 636/636/636
f 639/639/639 637/637/637 638/638/638
f 640/640/640 639/639/639 638/638/638
f 643/643/643 642/642/642 641/641/641
f 643/643/643 641/641/641 644/644/644
f 645/645/645 643/643/643 644/644/644
f 645/645/645 644/644/644 646/646/646
f 647/647/647 645/645/645 646/646/646
f 647/647/647 646/646/646 648/648/648
f 646/646/646 649/649/649 648/648/648
f 650/650/650 648/648/648 649/649/649
f 651/651/651 650/650/650 649/649/649
f 652/652/652 650/650/650 651/651/651
f 653/653/653 652/652/652 651/651/651
f 653/653/653 654/654/654 652/652/652
f 654/654/654 655/655/655 652/652/652
f 658/658/658 657/657/657 656/656/656
f 659/659/659 658/658/658 656/656/656
f 660/660/660 659/659/659 656/656/656
f 661/661/661 660/660/660 656/656/656
f 660/660/660 661/661/661 662/662/662
f 663/663/663 660/660/660 662/662/662
f 663/663/663 664/664/664 660/660/660
f 664/664/664 665/665/665 660/660/660
f 664/664/664 666/666/666 665/665/665
f 666/666/666 667/667/667 665/665/665
f 658/658/658 669/669/669 668/668/668
f 668/668/668 669/669/669 670/670/670
f 671/671/671 668/668/668 670/670/670
f 674/674/674 673/673/673 672/672/672
f 673/673/673 675/675/675 672/672/672
f 675/675/675 673/673/673 676/676/676
f 677/677/677 675/675/675 676/676/676
f 678/678/678 675/675/675 677/677/677
f 679/679/679 678/678/678 677/677/677
f 682/682/682 681/681/681 680/680/680
f 681/681/681 683/683/683 680/680/680
f 684/684/684 680/680/680 683/683/683
f 684/684/684 683/683/683 685/685/685
f 683/683/683 686/686/686 685/685/685
f 687/687/687 685/685/685 686/686/686
f 688/688/688 687/687/687 686/686/686
f 689/689/689 687/687/687 688/688/688
f 690/690/690 689/689/689 688/688/688
f 691/691/691 689/689/689 690/690/690
f 692/692/692 691/691/691 690/690/690
f 695/695/695 694/694/694 693/693/693
f 696/696/696 695/695/695 693/693/693
f 697/697/697 696/696/696 693/693/693
f 696/696/696 697/697/697 698/698/698
f 699/699/699 696/696/696 698/698/698
f 698/698/698 700/700/700 699/699/699
f 700/700/700 701/701/701 699/699/699
f 700/700/700 702/702/702 701/701/701
f 702/702/702 703/703/703 701/701/701
f 702/702/702 704/704/704 703/703/703
f 704/704/704 705/705/705 703/703/703
f 708/708/708 707/707/707 706/706/706
f 709/709/709 708/708/708 706/706/706
f 709/709/709 706/706/706 710/710/710
f 711/711/711 709/709/709 710/710/710
f 714/714/714 713/713/713 712/712/712
f 713/713/713 715/715/715 712/712/712
f 712/712/712 715/715/715 716/716/716
f 715/715/715 717/717/717 716/716/716
f 720/720/720 719/719/719 718/718/718
f 719/719/719 720/720/720 721/721/721
f 724/724/724 723/723/723 722/722/722
f 723/723/723 725/725/725 722/722/722
f 725/725/725 723/723/723 726/726/726
f 727/727/727 725/725/725 726/726/726
f 727/727/727 726/726/726 728/728/728
f 729/729/729 727/727/727 728/728/728
f 730/730/730 729/729/729 728/728/728
f 731/731/731 730/730/730 728/728/728
f 732/732/732 730/730/730 731/731/731
f 733/733/733 732/732/732 731/731/731
f 732/732/732 733/733/733 734/734/734
f 733/733/733 735/735/735 734/734/734
f 738/738/738 737/737/737 736/736/736
f 739/739/739 738/738/738 736/736/736
f 739/739/739 736/736/736 740/740/740
f 741/741/741 738/738/738 739/739/739
f 742/742/742 739/739/739 740/740/740
f 743/743/743 741/741/741 739/739/739
f 739/739/739 742/742/742 743/743/743
f 741/741/741 743/743/743 744/744/744
f 743/743/743 745/745/745 744/744/744
f 742/742/742 746/746/746 743/743/743
f 743/743/743 746/746/746 745/745/745
f 742/742/742 747/747/747 746/746/746
f 746/746/746 748/748/748 745/745/745
f 747/747/747 748/748/748 746/746/746
f 751/751/751 750/750/750 749/749/749
f 752/752/752 751/751/751 749/749/749
f 753/753/753 752/752/752 749/749/749
f 754/754/754 753/753/753 749/749/749
f 754/754/754 755/755/755 753/753/753
f 751/751/751 752/752/752 756/756/756
f 752/752/752 753/753/753 756/756/756
f 757/757/757 751/751/751 756/756/756
f 755/755/755 758/758/758 753/753/753
f 755/755/755 759/759/759 758/758/758
f 753/753/753 760/760/760 756/756/756
f 753/753/753 758/758/758 760/760/760
f 757/757/757 756/756/756 761/761/761
f 756/756/756 760/760/760 761/761/761
f 762/762/762 757/757/757 761/761/761
f 757/757/757 762/762/762 763/763/763
f 762/762/762 764/764/764 763/763/763
f 760/760/760 765/765/765 761/761/761
f 765/765/765 760/760/760 766/766/766
f 758/758/758 766/766/766 760/760/760
f 767/767/767 765/765/765 766/766/766
f 759/759/759 768/768/768 758/758/758
f 766/766/766 758/758/758 768/768/768
f 768/768/768 759/759/759 769/769/769
f 770/770/770 766/766/766 768/768/768
f 771/771/771 768/768/768 769/769/769
f 768/768/768 771/771/771 770/770/770
f 774/774/774 773/773/773 772/772/772
f 775/775/775 774/774/774 772/772/772
f 774/774/774 775/775/775 776/776/776
f 777/777/777 774/774/774 776/776/776
f 778/778/778 777/777/777 776/776/776
f 777/777/777 778/778/778 779/779/779
f 777/777/777 779/779/779 780/780/780
f 779/779/779 781/781/781 780/780/780
f 777/777/777 782/782/782 774/774/774
f 783/783/783 782/782/782 777/777/777
f 782/782/782 783/783/783 784/784/784
f 782/782/782 785/785/785 774/774/774
f 786/786/786 782/782/782 784/784/784
f 785/785/785 782/782/782 786/786/786
f 786/786/786 784/784/784 787/787/787
f 784/784/784 788/788/788 787/787/787
f 786/786/786 787/787/787 789/789/789
f 789/789/789 785/785/785 786/786/786
f 787/787/787 790/790/790 789/789/789
f 791/791/791 785/785/785 789/789/789
f 774/774/774 785/785/785 792/792/792
f 774/774/774 792/792/792 793/793/793
f 785/785/785 791/791/791 794/794/794
f 785/785/785 794/794/794 792/792/792
f 794/794/794 791/791/791 795/795/795
f 792/792/792 794/794/794 796/796/796
f 794/794/794 795/795/795 796/796/796
f 799/799/799 798/798/798 797/797/797
f 798/798/798 799/799/799 800/800/800
f 801/801/801 798/798/798 800/800/800
f 801/801/801 800/800/800 802/802/802
f 803/803/803 798/798/798 801/801/801
f 804/804/804 801/801/801 802/802/802
f 805/805/805 803/803/803 801/801/801
f 804/804/804 806/806/806 801/801/801
f 806/806/806 805/805/805 801/801/801
f 809/809/809 808/808/808 807/807/807
f 809/809/809 807/807/807 810/810/810
f 811/811/811 809/809/809 810/810/810
f 809/809/809 811/811/811 812/812/812
f 813/813/813 812/812/812 811/811/811
f 814/814/814 813/813/813 811/811/811
f 814/814/814 811/811/811 810/810/810
f 810/810/810 807/807/807 815/815/815
f 807/807/807 816/816/816 815/815/815
f 817/817/817 816/816/816 807/807/807
f 818/818/818 817/817/817 807/807/807
f 815/815/815 819/819/819 810/810/810
f 820/820/820 814/814/814 810/810/810
f 819/819/819 820/820/820 810/810/810
f 814/814/814 820/820/820 821/821/821
f 821/821/821 820/820/820 819/819/819
f 822/822/822 814/814/814 821/821/821
f 823/823/823 822/822/822 821/821/821
f 819/819/819 824/824/824 821/821/821
f 824/824/824 823/823/823 821/821/821
f 824/824/824 819/819/819 825/825/825
f 825/825/825 823/823/823 824/824/824
f 828/828/828 827/827/827 826/826/826
f 829/829/829 828/828/828 826/826/826
f 829/829/829 826/826/826 830/830/830
f 831/831/831 829/829/829 830/830/830
f 834/834/834 833/833/833 832/832/832
f 834/834/834 832/832/832 835/835/835
f 836/836/836 834/834/834 835/835/835
f 835/835/835 832/832/832 837/837/837
f 832/832/832 838/838/838 837/837/837
f 841/841/841 840/840/840 839/839/839
f 841/841/841 842/842/842 840/840/840
f 842/842/842 843/843/843 840/840/840
f 841/841/841 844/844/844 842/842/842
f 847/847/847 846/846/846 845/845/845
f 845/845/845 846/846/846 848/848/848
f 846/846/846 849/849/849 848/848/848
f 852/852/852 851/851/851 850/850/850
f 853/853/853 852/852/852 850/850/850
f 854/854/854 853/853/853 850/850/850
f 854/854/854 850/850/850 855/855/855
f 856/856/856 854/854/854 855/855/855
f 859/859/859 858/858/858 857/857/857
f 860/860/860 859/859/859 857/857/857
f 863/863/863 862/862/862 861/861/861
f 862/862/862 864/864/864 861/861/861
f 864/864/864 862/862/862 865/865/865
f 862/862/862 866/866/866 865/865/865
f 867/867/867 864/864/864 865/865/865
f 868/868/868 867/867/867 865/865/865
f 871/871/871 870/870/870 869/869/869
f 872/872/872 871/871/871 869/869/869
f 872/872/872 869/869/869 873/873/873
f 869/869/869 874/874/874 873/873/873
f 871/871/871 872/872/872 875/875/875
f 872/872/872 873/873/873 875/875/875
f 876/876/876 871/871/871 875/875/875
f 873/873/873 877/877/877 875/875/875
f 880/880/880 879/879/879 878/878/878
f 881/881/881 879/879/879 880/880/880
f 879/879/879 881/881/881 882/882/882
f 881/881/881 883/883/883 882/882/882
f 884/884/884 879/879/879 882/882/882
f 885/885/885 884/884/884 882/882/882
f 886/886/886 882/882/882 883/883/883
f 882/882/882 886/886/886 887/887/887
f 890/890/890 889/889/889 888/888/888
f 891/891/891 890/890/890 888/888/888
f 891/891/891 888/888/888 892/892/892
f 888/888/888 893/893/893 892/892/892
f 896/896/896 895/895/895 894/894/894
f 897/897/897 895/895/895 896/896/896
f 900/900/900 899/899/899 898/898/898
f 901/901/901 899/899/899 900/900/900
f 902/902/902 901/901/901 900/900/900
f 901/901/901 902/902/902 903/903/903
f 899/899/899 901/901/901 904/904/904
f 905/905/905 901/901/901 903/903/903
f 905/905/905 903/903/903 906/906/906
f 901/901/901 907/907/907 904/904/904
f 907/907/907 908/908/908 904/904/904
f 908/908/908 909/909/909 904/904/904
f 908/908/908 907/907/907 910/910/910
f 907/907/907 911/911/911 910/910/910
f 911/911/911 907/907/907 912/912/912
f 912/912/912 913/913/913 911/911/911
f 913/913/913 914/914/914 911/911/911
f 914/914/914 915/915/915 911/911/911
f 915/915/915 910/910/910 911/911/911
f 910/910/910 915/915/915 916/916/916
f 919/919/919 918/918/918 917/917/917
f 918/918/918 919/919/919 920/920/920
f 921/921/921 918/918/918 920/920/920
f 921/921/921 920/920/920 922/922/922
f 920/920/920 923/923/923 922/922/922
f 920/920/920 924/924/924 923/923/923
f 924/924/924 925/925/925 923/923/923
f 925/925/925 924/924/924 926/926/926
f 924/924/924 927/927/927 926/926/926
f 926/926/926 927/927/927 928/928/928
f 924/924/924 929/929/929 927/927/927
f 927/927/927 929/929/929 930/930/930
f 933/933/933 932/932/932 931/931/931
f 934/934/934 933/933/933 931/931/931
f 935/935/935 934/934/934 931/931/931
f 936/936/936 935/935/935 931/931/931
f 939/939/939 938/938/938 937/937/937
f 940/940/940 939/939/939 937/937/937
f 943/943/943 942/942/942 941/941/941
f 942/942/942 944/944/944 941/941/941
f 942/942/942 945/945/945 944/944/944
f 944/944/944 945/945/945 946/946/946
f 947/947/947 944/944/944 946/946/946
f 950/950/950 949/949/949 948/948/948
f 951/951/951 950/950/950 948/948/948
f 954/954/954 953/953/953 952/952/952
f 955/955/955 954/954/954 952/952/952
f 956/956/956 955/955/955 952/952/952
f 957/957/957 956/956/956 952/952/952
f 956/956/956 957/957/957 958/958/958
f 959/959/959 956/956/956 958/958/958
f 960/960/960 959/959/959 958/958/958
f 961/961/961 960/960/960 958/958/958
f 962/962/962 960/960/960 961/961/961
f 963/963/963 962/962/962 961/961/961
f 966/966/966 965/965/965 964/964/964
f 967/967/967 966/966/966 964/964/964
f 968/968/968 967/967/967 964/964/964
f 971/971/971 970/970/970 969/969/969
f 972/972/972 971/971/971 969/969/969
f 973/973/973 972/972/972 969/969/969
f 969/969/969 974/974/974 973/973/973
f 974/974/974 975/975/975 973/973/973
f 973/973/973 976/976/976 972/972/972
f 973/973/973 975/975/975 976/976/976
f 977/977/977 972/972/972 976/976/976
f 975/975/975 978/978/978 976/976/976
f 979/979/979 977/977/977 976/976/976
f 979/979/979 976/976/976 978/978/978
f 980/980/980 979/979/979 978/978/978
f 983/983/983 982/982/982 981/981/981
f 984/984/984 983/983/983 981/981/981
f 987/987/987 986/986/986 985/985/985
f 986/986/986 988/988/988 985/985/985
f 989/989/989 985/985/985 988/988/988
f 990/990/990 989/989/989 988/988/988
f 993/993/993 992/992/992 991/991/991
f 994/994/994 993/993/993 991/991/991
f 997/997/997 996/996/996 995/995/995
f 996/996/996 998/998/998 995/995/995
f 995/995/995 998/998/998 999/999/999
f 1000/1000/1000 995/995/995 999/999/999
f 1003/1003/1003 1002/1002/1002 1001/1001/1001
f 1002/1002/1002 1004/1004/1004 1001/1001/1001
f 1005/1005/1005 1004/1004/1004 1002/1002/1002
f 1006/1006/1006 1005/1005/1005 1002/1002/1002
f 1009/1009/1009 1008/1008/1008 1007/1007/1007
f 1010/1010/1010 1007/1007/1007 1008/1008/1008
f 1011/1011/1011 1010/1010/1010 1008/1008/1008
f 1012/1012/1012 1010/1010/1010 1011/1011/1011
f 1015/1015/1015 1014/1014/1014 1013/1013/1013
f 1016/1016/1016 1015/1015/1015 1013/1013/1013
f 1016/1016/1016 1013/1013/1013 1017/1017/1017
f 1018/1018/1018 1016/1016/1016 1017/1017/1017
f 1018/1018/1018 1017/1017/1017 1019/1019/1019
f 1015/1015/1015 1021/1021/1021 1020/1020/1020
f 1015/1015/1015 1022/1022/1022 1021/1021/1021
f 1022/1022/1022 1023/1023/1023 1021/1021/1021
f 1025/1025/1025 1024/1024/1024 1019/1019/1019
f 1024/1024/1024 1026/1026/1026 1019/1019/1019
f 1026/1026/1026 1024/1024/1024 1027/1027/1027
f 1024/1024/1024 1028/1028/1028 1027/1027/1027
f 1024/1024/1024 1029/1029/1029 1028/1028/1028
f 1024/1024/1024 1030/1030/1030 1029/1029/1029
f 1030/1030/1030 1031/1031/1031 1029/1029/1029
f 1031/1031/1031 1030/1030/1030 1032/1032/1032
f 1030/1030/1030 1033/1033/1033 1032/1032/1032
f 1030/1030/1030 1034/1034/1034 1033/1033/1033
f 1034/1034/1034 1035/1035/1035 1033/1033/1033
f 1035/1035/1035 1034/1034/1034 1036/1036/1036
f 1037/1037/1037 1035/1035/1035 1036/1036/1036
f 1040/1040/1040 1039/1039/1039 1038/1038/1038
f 1041/1041/1041 1040/1040/1040 1038/1038/1038
f 1038/1038/1038 1042/1042/1042 1041/1041/1041
f 1042/1042/1042 1043/1043/1043 1041/1041/1041
f 1046/1046/1046 1045/1045/1045 1044/1044/1044
f 1045/1045/1045 1047/1047/1047 1044/1044/1044
f 1044/1044/1044 1047/1047/1047 1048/1048/1048
f 1049/1049/1049 1044/1044/1044 1048/1048/1048
f 1049/1049/1049 1048/1048/1048 1050/1050/1050
f 1049/1049/1049 1051/1051/1051 1044/1044/1044
f 1052/1052/1052 1049/1049/1049 1050/1050/1050
f 1051/1051/1051 1049/1049/1049 1052/1052/1052
f 1055/1055/1055 1054/1054/1054 1053/1053/1053
f 1056/1056/1056 1055/1055/1055 1053/1053/1053
f 1056/1056/1056 1057/1057/1057 1055/1055/1055
f 1057/1057/1057 1058/1058/1058 1055/1055/1055
f 1057/1057/1057 1059/1059/1059 1058/1058/1058
f 1059/1059/1059 1060/1060/1060 1058/1058/1058
f 1057/1057/1057 1061/1061/1061 1059/1059/1059
f 1061/1061/1061 1062/1062/1062 1059/1059/1059
f 1059/1059/1059 1062/1062/1062 1063/1063/1063
f 1062/1062/1062 1061/1061/1061 1064/1064/1064
f 1065/1065/1065 1063/1063/1063 1062/1062/1062
f 1064/1064/1064 1065/1065/1065 1062/1062/1062
f 1068/1068/1068 1067/1067/1067 1066/1066/1066
f 1069/1069/1069 1068/1068/1068 1066/1066/1066
f 1070/1070/1070 1069/1069/1069 1066/1066/1066
f 1071/1071/1071 1070/1070/1070 1066/1066/1066
f 1072/1072/1072 1070/1070/1070 1071/1071/1071
f 1075/1075/1075 1074/1074/1074 1073/1073/1073
f 1076/1076/1076 1075/1075/1075 1073/1073/1073
f 1076/1076/1076 1073/1073/1073 1077/1077/1077
f 1078/1078/1078 1076/1076/1076 1077/1077/1077
f 1078/1078/1078 1077/1077/1077 1079/1079/1079
f 1080/1080/1080 1078/1078/1078 1079/1079/1079
f 1081/1081/1081 1075/1075/1075 1076/1076/1076
f 1078/1078/1078 1080/1080/1080 1082/1082/1082
f 1083/1083/1083 1081/1081/1081 1076/1076/1076
f 1084/1084/1084 1081/1081/1081 1083/1083/1083
f 1085/1085/1085 1084/1084/1084 1083/1083/1083
f 1076/1076/1076 1086/1086/1086 1083/1083/1083
f 1086/1086/1086 1085/1085/1085 1083/1083/1083
f 1076/1076/1076 1078/1078/1078 1086/1086/1086
f 1085/1085/1085 1086/1086/1086 1087/1087/1087
f 1078/1078/1078 1087/1087/1087 1086/1086/1086
f 1088/1088/1088 1085/1085/1085 1087/1087/1087
f 1089/1089/1089 1088/1088/1088 1087/1087/1087
f 1090/1090/1090 1078/1078/1078 1082/1082/1082
f 1078/1078/1078 1090/1090/1090 1087/1087/1087
f 1090/1090/1090 1089/1089/1089 1087/1087/1087
f 1082/1082/1082 1091/1091/1091 1090/1090/1090
f 1091/1091/1091 1089/1089/1089 1090/1090/1090
f 1094/1094/1094 1093/1093/1093 1092/1092/1092
f 1093/1093/1093 1094/1094/1094 1095/1095/1095
f 1094/1094/1094 1096/1096/1096 1095/1095/1095
f 1095/1095/1095 1096/1096/1096 1097/1097/1097
f 1096/1096/1096 1098/1098/1098 1097/1097/1097
f 1101/1101/1101 1100/1100/1100 1099/1099/1099
f 1100/1100/1100 1102/1102/1102 1099/1099/1099
f 1102/1102/1102 1103/1103/1103 1099/1099/1099
f 1103/1103/1103 1102/1102/1102 1104/1104/1104
f 1105/1105/1105 1103/1103/1103 1104/1104/1104
f 1106/1106/1106 1105/1105/1105 1104/1104/1104
f 1107/1107/1107 1106/1106/1106 1104/1104/1104
f 1108/1108/1108 1106/1106/1106 1107/1107/1107
f 1109/1109/1109 1108/1108/1108 1107/1107/1107
f 1112/1112/1112 1111/1111/1111 1110/1110/1110
f 1113/1113/1113 1112/1112/1112 1110/1110/1110
f 1113/1113/1113 1114/1114/1114 1112/1112/1112
f 1112/1112/1112 1114/1114/1114 1115/1115/1115
f 1114/1114/1114 1116/1116/1116 1115/1115/1115
f 1119/1119/1119 1118/1118/1118 1117/1117/1117
f 1120/1120/1120 1119/1119/1119 1117/1117/1117
f 1117/1117/1117 1121/1121/1121 1120/1120/1120
f 1121/1121/1121 1122/1122/1122 1120/1120/1120
f 1122/1122/1122 1121/1121/1121 1123/1123/1123
f 1124/1124/1124 1122/1122/1122 1123/1123/1123
f 1125/1125/1125 1124/1124/1124 1123/1123/1123
f 1126/1126/1126 1125/1125/1125 1123/1123/1123
f 1127/1127/1127 1125/1125/1125 1126/1126/1126
f 1128/1128/1128 1127/1127/1127 1126/1126/1126
f 1128/1128/1128 1129/1129/1129 1127/1127/1127
f 1129/1129/1129 1130/1130/1130 1127/1127/1127
f 1133/1133/1133 1132/1132/1132 1131/1131/1131
f 1132/1132/1132 1134/1134/1134 1131/1131/1131
f 1134/1134/1134 1132/1132/1132 1135/1135/1135
f 1136/1136/1136 1134/1134/1134 1135/1135/1135
f 1137/1137/1137 1136/1136/1136 1135/1135/1135
f 1136/1136/1136 1137/1137/1137 1138/1138/1138
f 1141/1141/1141 1140/1140/1140 1139/1139/1139
f 1140/1140/1140 1141/1141/1141 1142/1142/1142
f 1141/1141/1141 1143/1143/1143 1142/1142/1142
f 1144/1144/1144 1142/1142/1142 1143/1143/1143
f 1145/1145/1145 1144/1144/1144 1143/1143/1143
f 1144/1144/1144 1145/1145/1145 1146/1146/1146
f 1145/1145/1145 1147/1147/1147 1146/1146/1146
f 1146/1146/1146 1147/1147/1147 1148/1148/1148
f 1148/1148/1148 1147/1147/1147 1149/1149/1149
f 1150/1150/1150 1148/1148/1148 1149/1149/1149
f 1153/1153/1153 1152/1152/1152 1151/1151/1151
f 1153/1153/1153 1151/1151/1151 1154/1154/1154
f 1155/1155/1155 1153/1153/1153 1154/1154/1154
f 1158/1158/1158 1157/1157/1157 1156/1156/1156
f 1159/1159/1159 1157/1157/1157 1158/1158/1158
f 1160/1160/1160 1159/1159/1159 1158/1158/1158
f 1163/1163/1163 1162/1162/1162 1161/1161/1161
f 1162/1162/1162 1164/1164/1164 1161/1161/1161
f 1164/1164/1164 1165/1165/1165 1161/1161/1161
f 1165/1165/1165 1166/1166/1166 1161/1161/1161
f 1166/1166/1166 1167/1167/1167 1161/1161/1161
f 1167/1167/1167 1166/1166/1166 1168/1168/1168
f 1169/1169/1169 1167/1167/1167 1168/1168/1168
f 1167/1167/1167 1169/1169/1169 1170/1170/1170
f 1173/1173/1173 1172/1172/1172 1171/1171/1171
f 1174/1174/1174 1173/1173/1173 1171/1171/1171
f 1173/1173/1173 1174/1174/1174 1175/1175/1175
f 1176/1176/1176 1173/1173/1173 1175/1175/1175
f 1179/1179/1179 1178/1178/1178 1177/1177/1177
f 1180/1180/1180 1179/1179/1179 1177/1177/1177
f 1179/1179/1179 1180/1180/1180 1181/1181/1181
f 1180/1180/1180 1182/1182/1182 1181/1181/1181
f 1181/1181/1181 1182/1182/1182 1183/1183/1183
f 1184/1184/1184 1181/1181/1181 1183/1183/1183
f 1187/1187/1187 1186/1186/1186 1185/1185/1185
f 1186/1186/1186 1188/1188/1188 1185/1185/1185
f 1188/1188/1188 1186/1186/1186 1189/1189/1189
f 1190/1190/1190 1188/1188/1188 1189/1189/1189
f 1190/1190/1190 1189/1189/1189 1191/1191/1191
f 1194/1194/1194 1193/1193/1193 1192/1192/1192
f 1195/1195/1195 1194/1194/1194 1192/1192/1192
f 1195/1195/1195 1196/1196/1196 1194/1194/1194
f 1194/1194/1194 1196/1196/1196 1197/1197/1197
f 1198/1198/1198 1194/1194/1194 1197/1197/1197
f 1201/1201/1201 1200/1200/1200 1199/1199/1199
f 1202/1202/1202 1201/1201/1201 1199/1199/1199
f 1202/1202/1202 1199/1199/1199 1203/1203/1203
f 1201/1201/1201 1202/1202/1202 1204/1204/1204
f 1204/1204/1204 1202/1202/1202 1203/1203/1203
f 1205/1205/1205 1204/1204/1204 1203/1203/1203
f 1208/1208/1208 1207/1207/1207 1206/1206/1206
f 1207/1207/1207 1209/1209/1209 1206/1206/1206
f 1206/1206/1206 1209/1209/1209 1210/1210/1210
f 1211/1211/1211 1209/1209/1209 1207/1207/1207
f 1210/1210/1210 1209/1209/1209 1212/1212/1212
f 1209/1209/1209 1211/1211/1211 1212/1212/1212
f 1215/1215/1215 1214/1214/1214 1213/1213/1213
f 1216/1216/1216 1215/1215/1215 1213/1213/1213
f 1213/1213/1213 1217/1217/1217 1216/1216/1216
f 1217/1217/1217 1218/1218/1218 1216/1216/1216
f 1217/1217/1217 1213/1213/1213 1219/1219/1219
f 1213/1213/1213 1220/1220/1220 1219/1219/1219
f 1221/1221/1221 1219/1219/1219 1220/1220/1220
f 1224/1224/1224 1223/1223/1223 1222/1222/1222
f 1225/1225/1225 1224/1224/1224 1222/1222/1222
f 1228/1228/1228 1227/1227/1227 1226/1226/1226
f 1229/1229/1229 1228/1228/1228 1226/1226/1226
f 1232/1232/1232 1231/1231/1231 1230/1230/1230
f 1233/1233/1233 1232/1232/1232 1230/1230/1230
f 1236/1236/1236 1235/1235/1235 1234/1234/1234
f 1237/1237/1237 1236/1236/1236 1234/1234/1234
f 1240/1240/1240 1239/1239/1239 1238/1238/1238
f 1241/1241/1241 1240/1240/1240 1238/1238/1238
f 1244/1244/1244 1243/1243/1243 1242/1242/1242
f 1245/1245/1245 1244/1244/1244 1242/1242/1242
f 1248/1248/1248 1247/1247/1247 1246/1246/1246
f 1249/1249/1249 1248/1248/1248 1246/1246/1246
f 1252/1252/1252 1251/1251/1251 1250/1250/1250
f 1253/1253/1253 1252/1252/1252 1250/1250/1250
f 1256/1256/1256 1255/1255/1255 1254/1254/1254
f 1257/1257/1257 1256/1256/1256 1254/1254/1254
f 1260/1260/1260 1259/1259/1259 1258/1258/1258
f 1261/1261/1261 1260/1260/1260 1258/1258/1258
f 1264/1264/1264 1263/1263/1263 1262/1262/1262
f 1265/1265/1265 1264/1264/1264 1262/1262/1262
f 1266/1266/1266 1264/1264/1264 1265/1265/1265
f 1267/1267/1267 1266/1266/1266 1265/1265/1265
f 1268/1268/1268 1266/1266/1266 1267/1267/1267
f 1269/1269/1269 1268/1268/1268 1267/1267/1267
f 1272/1272/1272 1271/1271/1271 1270/1270/1270
f 1271/1271/1271 1273/1273/1273 1270/1270/1270
f 1270/1270/1270 1273/1273/1273 1274/1274/1274
f 1273/1273/1273 1275/1275/1275 1274/1274/1274
f 1274/1274/1274 1275/1275/1275 1276/1276/1276
f 1275/1275/1275 1277/1277/1277 1276/1276/1276
f 1276/1276/1276 1277/1277/1277 1278/1278/1278
f 1277/1277/1277 1279/1279/1279 1278/1278/1278
f 1278/1278/1278 1279/1279/1279 1280/1280/1280
f 1279/1279/1279 1281/1281/1281 1280/1280/1280
f 1284/1284/1284 1283/1283/1283 1282/1282/1282
f 1283/1283/1283 1285/1285/1285 1282/1282/1282
f 1282/1282/1282 1285/1285/1285 1286/1286/1286
f 1285/1285/1285 1287/1287/1287 1286/1286/1286
f 1286/1286/1286 1287/1287/1287 1288/1288/1288
f 1287/1287/1287 1289/1289/1289 1288/1288/1288
f 1287/1287/1287 1290/1290/1290 1289/1289/1289
f 1293/1293/1293 1292/1292/1292 1291/1291/1291
f 1291/1291/1291 1292/1292/1292 1294/1294/1294
f 1294/1294/1294 1292/1292/1292 1295/1295/1295
f 1295/1295/1295 1292/1292/1292 1296/1296/1296
f 1296/1296/1296 1292/1292/1292 1297/1297/1297
f 1297/1297/1297 1292/1292/1292 1298/1298/1298
f 1298/1298/1298 1292/1292/1292 1299/1299/1299
f 1299/1299/1299 1292/1292/1292 1300/1300/1300
f 1300/1300/1300 1292/1292/1292 1301/1301/1301
f 1301/1301/1301 1292/1292/1292 1302/1302/1302
f 1305/1305/1305 1304/1304/1304 1303/1303/1303
f 1304/1304/1304 1306/1306/1306 1303/1303/1303
f 1303/1303/1303 1306/1306/1306 1307/1307/1307
f 1310/1310/1310 1309/1309/1309 1308/1308/1308
f 1311/1311/1311 1309/1309/1309 1310/1310/1310
f 1312/1312/1312 1311/1311/1311 1310/1310/1310
f 1315/1315/1315 1314/1314/1314 1313/1313/1313
f 1316/1316/1316 1315/1315/1315 1313/1313/1313
f 1317/1317/1317 1315/1315/1315 1316/1316/1316
f 1318/1318/1318 1317/1317/1317 1316/1316/1316
f 1321/1321/1321 1320/1320/1320 1319/1319/1319
f 1322/1322/1322 1321/1321/1321 1319/1319/1319
f 1325/1325/1325 1324/1324/1324 1323/1323/1323
f 1325/1325/1325 1326/1326/1326 1324/1324/1324
f 1329/1329/1329 1328/1328/1328 1327/1327/1327
f 1330/1330/1330 1329/1329/1329 1327/1327/1327
f 1331/1331/1331 1329/1329/1329 1330/1330/1330
f 1332/1332/1332 1331/1331/1331 1330/1330/1330
f 1333/1333/1333 1331/1331/1331 1332/1332/1332
f 1334/1334/1334 1333/1333/1333 1332/1332/1332
f 1335/1335/1335 1333/1333/1333 1334/1334/1334
f 1335/1335/1335 1336/1336/1336 1333/1333/1333
f 1339/1339/1339 1338/1338/1338 1337/1337/1337
f 1340/1340/1340 1338/1338/1338 1339/1339/1339
f 1341/1341/1341 1338/1338/1338 1340/1340/1340
f 1342/1342/1342 1338/1338/1338 1341/1341/1341
f 1343/1343/1343 1338/1338/1338 1342/1342/1342
f 1344/1344/1344 1338/1338/1338 1343/1343/1343
f 1345/1345/1345 1338/1338/1338 1344/1344/1344
f 1346/1346/1346 1338/1338/1338 1345/1345/1345
f 1349/1349/1349 1348/1348/1348 1347/1347/1347
f 1348/1348/1348 1350/1350/1350 1347/1347/1347
f 1347/1347/1347 1350/1350/1350 1351/1351/1351
f 1352/1352/1352 1347/1347/1347 1351/1351/1351
f 1352/1352/1352 1351/1351/1351 1353/1353/1353
f 1353/1353/1353 1351/1351/1351 1354/1354/1354
f 1351/1351/1351 1355/1355/1355 1354/1354/1354
f 1354/1354/1354 1355/1355/1355 1356/1356/1356
f 1355/1355/1355 1357/1357/1357 1356/1356/1356
f 1356/1356/1356 1357/1357/1357 1358/1358/1358
f 1357/1357/1357 1359/1359/1359 1358/1358/1358
f 1358/1358/1358 1359/1359/1359 1360/1360/1360
f 1359/1359/1359 1361/1361/1361 1360/1360/1360
f 1364/1364/1364 1363/1363/1363 1362/1362/1362
f 1365/1365/1365 1364/1364/1364 1362/1362/1362
f 1366/1366/1366 1364/1364/1364 1365/1365/1365
f 1367/1367/1367 1366/1366/1366 1365/1365/1365
f 1368/1368/1368 1366/1366/1366 1367/1367/1367
f 1369/1369/1369 1368/1368/1368 1367/1367/1367
f 1370/1370/1370 1368/1368/1368 1369/1369/1369
f 1371/1371/1371 1370/1370/1370 1369/1369/1369
f 1374/1374/1374 1373/1373/1373 1372/1372/1372
f 1373/1373/1373 1375/1375/1375 1372/1372/1372
f 1372/1372/1372 1375/1375/1375 1376/1376/1376
f 1375/1375/1375 1377/1377/1377 1376/1376/1376
f 1376/1376/1376 1377/1377/1377 1378/1378/1378
f 1377/1377/1377 1379/1379/1379 1378/1378/1378
f 1378/1378/1378 1379/1379/1379 1380/1380/1380
f 1381/1381/1381 1378/1378/1378 1380/1380/1380
f 1381/1381/1381 1380/1380/1380 1382/1382/1382
f 1383/1383/1383 1381/1381/1381 1382/1382/1382
f 1386/1386/1386 1385/1385/1385 1384/1384/1384
f 1387/1387/1387 1386/1386/1386 1384/1384/1384
f 1390/1390/1390 1389/1389/1389 1388/1388/1388
f 1389/1389/1389 1391/1391/1391 1388/1388/1388
f 1388/1388/1388 1391/1391/1391 1392/1392/1392
f 1393/1393/1393 1388/1388/1388 1392/1392/1392
f 1393/1393/1393 1392/1392/1392 1394/1394/1394
f 1395/1395/1395 1393/1393/1393 1394/1394/1394
f 1395/1395/1395 1394/1394/1394 1396/1396/1396
f 1394/1394/1394 1397/1397/1397 1396/1396/1396
f 1396/1396/1396 1397/1397/1397 1398/1398/1398
f 1397/1397/1397 1399/1399/1399 1398/1398/1398
f 1402/1402/1402 1401/1401/1401 1400/1400/1400
f 1403/1403/1403 1402/1402/1402 1400/1400/1400
f 1404/1404/1404 1402/1402/1402 1403/1403/1403
f 1405/1405/1405 1404/1404/1404 1403/1403/1403
f 1406/1406/1406 1404/1404/1404 1405/1405/1405
f 1407/1407/1407 1406/1406/1406 1405/1405/1405
f 1410/1410/1410 1409/1409/1409 1408/1408/1408
f 1411/1411/1411 1410/1410/1410 1408/1408/1408
f 1414/1414/1414 1413/1413/1413 1412/1412/1412
f 1415/1415/1415 1414/1414/1414 1412/1412/1412
f 1416/1416/1416 1414/1414/1414 1415/1415/1415
f 1417/1417/1417 1416/1416/1416 1415/1415/1415
f 1420/1420/1420 1419/1419/1419 1418/1418/1418
f 1421/1421/1421 1420/1420/1420 1418/1418/1418
f 1422/1422/1422 1420/1420/1420 1421/1421/1421
f 1423/1423/1423 1422/1422/1422 1421/1421/1421
f 1424/1424/1424 1422/1422/1422 1423/1423/1423
f 1425/1425/1425 1424/1424/1424 1423/1423/1423
f 1426/1426/1426 1424/1424/1424 1425/1425/1425
f 1427/1427/1427 1426/1426/1426 1425/1425/1425
f 1430/1430/1430 1429/1429/1429 1428/1428/1428
f 1431/1431/1431 1430/1430/1430 1428/1428/1428
f 1432/1432/1432 1430/1430/1430 1431/1431/1431
f 1433/1433/1433 1432/1432/1432 1431/1431/1431
f 1436/1436/1436 1435/1435/1435 1434/1434/1434
f 1437/1437/1437 1436/1436/1436 1434/1434/1434
f 1440/1440/1440 1439/1439/1439 1438/1438/1438
f 1441/1441/1441 1440/1440/1440 1438/1438/1438
f 1442/1442/1442 1440/1440/1440 1441/1441/1441
f 1443/1443/1443 1442/1442/1442 1441/1441/1441
f 1444/1444/1444 1442/1442/1442 1443/1443/1443
f 1441/1441/1441 1438/1438/1438 1445/1445/1445
f 1443/1443/1443 1441/1441/1441 1445/1445/1445
f 1438/1438/1438 1446/1446/1446 1445/1445/1445
f 1447/1447/1447 1444/1444/1444 1443/1443/1443
f 1448/1448/1448 1444/1444/1444 1447/1447/1447
f 1449/1449/1449 1448/1448/1448 1447/1447/1447
f 1450/1450/1450 1449/1449/1449 1447/1447/1447
f 1451/1451/1451 1450/1450/1450 1447/1447/1447
f 1451/1451/1451 1447/1447/1447 1452/1452/1452
f 1447/1447/1447 1443/1443/1443 1452/1452/1452
f 1443/1443/1443 1453/1453/1453 1452/1452/1452
f 1443/1443/1443 1445/1445/1445 1454/1454/1454
f 1443/1443/1443 1454/1454/1454 1453/1453/1453
f 1445/1445/1445 1455/1455/1455 1454/1454/1454
f 1454/1454/1454 1456/1456/1456 1453/1453/1453
f 1456/1456/1456 1457/1457/1457 1453/1453/1453
f 1454/1454/1454 1458/1458/1458 1456/1456/1456
f 1461/1461/1461 1460/1460/1460 1459/1459/1459
f 1462/1462/1462 1461/1461/1461 1459/1459/1459
f 1463/1463/1463 1461/1461/1461 1462/1462/1462
f 1466/1466/1466 1465/1465/1465 1464/1464/1464
f 1464/1464/1464 1465/1465/1465 1467/1467/1467
f 1468/1468/1468 1465/1465/1465 1466/1466/1466
f 1467/1467/1467 1465/1465/1465 1469/1469/1469
f 1470/1470/1470 1465/1465/1465 1468/1468/1468
f 1469/1469/1469 1465/1465/1465 1471/1471/1471
f 1472/1472/1472 1465/1465/1465 1470/1470/1470
f 1471/1471/1471 1465/1465/1465 1472/1472/1472
f 1475/1475/1475 1474/1474/1474 1473/1473/1473
f 1473/1473/1473 1474/1474/1474 1476/1476/1476
f 1474/1474/1474 1477/1477/1477 1476/1476/1476
f 1475/1475/1475 1478/1478/1478 1474/1474/1474
f 1477/1477/1477 1474/1474/1474 1479/1479/1479
f 1478/1478/1478 1479/1479/1479 1474/1474/1474
f 1480/1480/1480 1477/1477/1477 1479/1479/1479
f 1481/1481/1481 1480/1480/1480 1479/1479/1479
f 1479/1479/1479 1478/1478/1478 1482/1482/1482
f 1482/1482/1482 1481/1481/1481 1479/1479/1479
f 1478/1478/1478 1483/1483/1483 1482/1482/1482
f 1481/1481/1481 1482/1482/1482 1484/1484/1484
f 1482/1482/1482 1483/1483/1483 1485/1485/1485
f 1482/1482/1482 1485/1485/1485 1484/1484/1484
f 1488/1488/1488 1487/1487/1487 1486/1486/1486
f 1487/1487/1487 1488/1488/1488 1489/1489/1489
f 1490/1490/1490 1488/1488/1488 1486/1486/1486
f 1491/1491/1491 1489/1489/1489 1488/1488/1488
f 1488/1488/1488 1490/1490/1490 1492/1492/1492
f 1492/1492/1492 1491/1491/1491 1488/1488/1488
f 1490/1490/1490 1493/1493/1493 1492/1492/1492
f 1494/1494/1494 1491/1491/1491 1492/1492/1492
f 1495/1495/1495 1492/1492/1492 1493/1493/1493
f 1495/1495/1495 1494/1494/1494 1492/1492/1492
f 1498/1498/1498 1497/1497/1497 1496/1496/1496
f 1498/1498/1498 1499/1499/1499 1497/1497/1497
f 1497/1497/1497 1500/1500/1500 1496/1496/1496
f 1496/1496/1496 1500/1500/1500 1501/1501/1501
f 1502/1502/1502 1501/1501/1501 1500/1500/1500
f 1503/1503/1503 1502/1502/1502 1500/1500/1500
f 1497/1497/1497 1503/1503/1503 1500/1500/1500
f 1503/1503/1503 1497/1497/1497 1504/1504/1504
f 1499/1499/1499 1505/1505/1505 1497/1497/1497
f 1497/1497/1497 1505/1505/1505 1504/1504/1504
f 1505/1505/1505 1499/1499/1499 1506/1506/1506
f 1505/1505/1505 1506/1506/1506 1504/1504/1504
f 1499/1499/1499 1507/1507/1507 1506/1506/1506
f 1506/1506/1506 1508/1508/1508 1504/1504/1504
f 1506/1506/1506 1507/1507/1507 1509/1509/1509
f 1508/1508/1508 1506/1506/1506 1510/1510/1510
f 1510/1510/1510 1506/1506/1506 1509/1509/1509
f 1511/1511/1511 1508/1508/1508 1510/1510/1510
f 1509/1509/1509 1512/1512/1512 1510/1510/1510
f 1511/1511/1511 1510/1510/1510 1512/1512/1512
