g IS5_MDL_Garage_Walls_Outside_Head
v -1.97641397 -2.46039724 1.58887434
v -2.10861611 -2.44928646 1.85738051
v -1.94281042 -2.08392501 2.09483767
v -2.69800115 -1.90801454 2.52172422
v -2.98642874 -2.40047288 1.830428
v -3.2138164 -1.76481378 2.17024112
v -1.91149211 -1.37318051 2.11319804
v -1.39540815 -1.41033137 1.76800275
v -1.24807906 -1.73021173 2.0984962
v -1.63887978 -2.23135924 0.890557706
v -1.97641397 -2.46039724 1.58887434
v -1.83205855 -2.20265317 1.81654
v -0.332761705 -4.12626171 0.482419878
v 0.0197968651 -4.36945343 1.02422225
v -0.235989258 -4.25320005 1.09520185
v -0.301453114 -5.17469788 1.56352854
v -0.350608408 -5.29245043 1.45807624
v -0.491999984 -5.111485 1.44283462
v 0.831889093 -4.79204655 1.13596666
v 1.52393997 -4.17972851 1.39191115
v 0.930482864 -5.01391411 1.3327018
v 1.89776075 -1.3760736 2.10260987
v 1.55641556 -1.71855652 2.03943634
v 1.2280488 -1.74419129 2.091851
v 1.603459 -2.25469899 0.905942798
v 1.54029 -3.28977704 0.489122152
v 0.788014591 -2.99933529 0.395548552
v 0.275719702 -4.24432039 1.0985862
v 0.466129869 -4.32883215 1.25857866
v 0.546168923 -4.46467113 1.37439346
v -0.811570346 -1.8391571 2.41282153
v -0.242747068 -1.64008474 2.67973018
v -0.466106445 -1.86588562 2.57249069
v -0.959104538 -1.5303216 2.42565846
v -0.529709935 -1.60831726 2.71967149
v -0.811570346 -1.8391571 2.41282153
v -1.94281042 -2.08392501 2.09483767
v -1.60214639 -2.09783149 2.10396862
v -1.06927049 -2.13301945 2.44917679
v 1.05734563 -2.14683533 2.45566559
v 1.41328812 -2.09257746 2.27218723
v 1.94974077 -2.15152764 2.14897132
v 4.42672539 1.23503959 -3.60986876
v 4.41899586 0.112022094 -3.48672652
v 4.57865906 1.3723712 -2.78016663
v 4.10823393 1.94249809 0.785454571
v 4.52357101 1.66585267 1.1928978
v 3.55664229 1.86533499 1.66407943
v 3.12924981 3.22978091 -0.397529125
v 4.11918163 3.00441694 -0.662607253
v 4.11791182 2.46105027 -0.540866554
v 4.10823393 1.94249809 0.785454571
v 3.79082704 2.14494205 1.35030437
v 3.47812676 2.14602113 1.07155681
v 4.11918163 3.00441694 -0.662607253
v 4.226408 2.83992004 -0.754844189
v 4.09789705 2.3440485 -0.729824662
v 0.511696279 0.481362909 1.91799963
v 0.822601974 0.718613863 2.20887804
v 0.767421305 0.396145612 1.92187452
v 0.738766551 0.77638489 2.21798038
v 0.456959933 0.58788389 1.92127478
v 0.961286068 0.910520613 2.30281806
v 0.498092741 0.89076966 1.95981455
v 0.772501886 0.961836517 2.31363964
v 1.1766572 1.39301324 2.31161928
v 0.660309494 1.52242982 1.91960609
v 0.929186463 1.45634329 2.31860566
v 1.19131052 1.63705134 2.20871735
v 1.02959657 1.6687237 2.22284961
v 0.917980373 1.84443176 1.8762126
v 1.2819258 1.8287921 1.86978495
v 1.0763886 1.91948545 1.85455453
v 1.2819258 1.8287921 1.86978495
v 1.1766572 1.39301324 2.31161928
v 1.19131052 1.63705134 2.20871735
v 1.35185254 1.29008365 1.90952337
v 1.08512878 0.692669034 1.94189954
v 0.961286068 0.910520613 2.30281806
v 0.822601974 0.718613863 2.20887804
v 0.767421305 0.396145612 1.92187452
v -1.38256145 -1.32699156 1.75588691
v -1.35851848 -1.12164974 2.6994884
v -0.959104538 -1.5303216 2.42565846
v -0.918025434 -1.34095395 3.15976429
v -0.529709935 -1.60831726 2.71967149
v -0.242747068 -1.64008474 2.67973018
v -0.811570346 -1.8391571 2.41282153
v -0.52231735 -1.38913512 3.39920282
v -0.00884571206 -1.64889586 2.65482903
v -0.466106445 -1.86588562 2.57249069
v -0.00802051742 -1.35723817 3.56789184
v -0.720046878 -0.763417363 3.87161422
v -0.00848438405 -0.688703001 4.08373785
v 0.508190393 -1.39517021 3.40345764
v 0.226256818 -1.63944268 2.68250179
v 0.91111517 -1.35335875 3.16779423
v 0.520094693 -1.62032402 2.729702
v 0.961886644 -1.54759705 2.43891621
v -0.716648459 -0.0350042731 3.78930783
v -0.00700489199 0.0833599865 3.9378233
v -0.00848438405 -0.688703001 4.08373785
v -0.720046878 -0.763417363 3.87161422
v -1.1161406 -0.193744496 3.53066826
v -1.19280076 -0.771937847 3.46562433
v -0.52231735 -1.38913512 3.39920282
v -1.23994434 0.0114434808 2.94273543
v -0.918025434 -1.34095395 3.15976429
v -1.49800086 -0.472723991 2.87805104
v -1.19783986 0.102437131 2.02359939
v -1.52854776 -0.265204459 1.98645949
v -1.35851848 -1.12164974 2.6994884
v -1.60145795 -0.884611189 1.95868814
v -1.38256145 -1.32699156 1.75588691
v -1.71287394 -0.952748418 1.80068862
v -2.00960255 -0.365304559 1.90499437
v -1.97641397 -2.46039724 1.58887434
v -1.94281042 -2.08392501 2.09483767
v -1.83205855 -2.20265317 1.81654
v -1.06927049 -2.13301945 2.44917679
v -1.01890433 -2.34711599 2.28460956
v -0.624055684 -2.20745301 2.61439633
v -0.611311495 -2.43800235 2.43571258
v -0.0086406339 -2.4825213 2.48857498
v -0.00958301686 -2.2562201 2.69109178
v 0.609662592 -2.20929861 2.60967159
v 0.596071243 -2.43054867 2.43243504
v 1.02047551 -2.36134219 2.29973602
v 1.05734563 -2.14683533 2.45566559
v 1.84287548 -2.21808529 1.82640207
v 1.94974077 -2.15152764 2.14897132
v 1.98525345 -2.45154953 1.58089674
v -2.10861611 -2.44928646 1.85738051
v -1.97641397 -2.46039724 1.58887434
v -1.86658978 -3.16323185 1.36580002
v -1.9144218 -3.24191093 1.50694346
v -1.45988572 -4.16159105 1.2561686
v -1.50326943 -4.18911076 1.34161997
v -0.791770518 -4.78344917 1.14642322
v -0.893020511 -5.01785564 1.32135391
v -1.77369916 -1.91084409 2.20518136
v -1.97168255 -1.9674505 2.27010775
v -2.69800115 -1.90801454 2.52172422
v -2.3934207 -1.57570493 2.53362322
v -3.2138164 -1.76481378 2.17024112
v -2.96069646 -1.2640326 2.29755473
v -1.91149211 -1.37318051 2.11319804
v -1.57245886 -1.71605647 2.04549813
v -1.48265421 -1.92166436 2.18361449
v -1.24807906 -1.73021173 2.0984962
v -0.811570346 -1.8391571 2.41282153
v -1.06927049 -2.13301945 2.44917679
v -1.60214639 -2.09783149 2.10396862
v -0.466106445 -1.86588562 2.57249069
v -0.624055684 -2.20745301 2.61439633
v -2.20481253 -0.971869469 1.99708593
v -1.39540815 -1.41033137 1.76800275
v -2.49793744 -0.559315801 1.90460706
v -3.21685839 -0.566972017 1.73300064
v -1.71287394 -0.952748418 1.80068862
v -1.38256145 -1.32699156 1.75588691
v -2.00960255 -0.365304559 1.90499437
v -3.19022274 0.29006651 1.68806589
v -1.52854776 -0.265204459 1.98645949
v -1.60145795 -0.884611189 1.95868814
v -2.07764935 0.349531859 1.92744422
v -1.19783986 0.102437131 2.02359939
v -1.62648726 1.18036926 1.95208418
v -3.13879204 1.48443902 1.69915509
v -1.63794231 2.55158758 1.81273389
v -2.93502259 2.61276674 1.64870214
v -2.48970008 3.45695615 1.57731974
v -1.4652226 3.79433894 1.62231088
v 0.0197968651 2.71166325 1.84099257
v 0.0197870992 4.01889467 1.62956071
v -1.79175091 5.42947292 1.26136184
v 0.995163023 3.92624807 1.61937296
v -0.0736259818 5.88276911 1.08968794
v 1.40145946 4.45061588 1.36667001
v 0.884242594 5.63919258 0.867774487
v 2.13906932 4.15366983 1.43807232
v 1.63861525 2.52539372 1.81536698
v 3.099787 3.30913377 1.59535015
v 3.55664229 1.86533499 1.66407943
v -1.39540815 -1.41033137 1.76800275
v -1.38256145 -1.32699156 1.75588691
v -0.959104538 -1.5303216 2.42565846
v -1.24807906 -1.73021173 2.0984962
v -0.811570346 -1.8391571 2.41282153
v -1.19783986 0.102437131 2.02359939
v -2.07764935 0.349531859 1.92744422
v -1.62648726 1.18036926 1.95208418
v -0.627761722 0.35991028 2.00471425
v -0.81397754 0.81713438 2.06285262
v -0.00763965771 0.440261841 1.97965562
v -0.00765918894 0.954954207 2.02502918
v 0.798248947 0.816575289 2.07356572
v 1.61139107 1.18089902 1.95409584
v 0.612306595 0.356787711 2.00477958
v 1.18426943 0.1009259 2.02478075
v -0.00773731386 1.72200501 1.97542155
v 0.0197968651 2.71166325 1.84099257
v -1.63794231 2.55158758 1.81273389
v 1.63861525 2.52539372 1.81536698
v 0.995163023 3.92624807 1.61937296
v 2.06359076 0.349839479 1.93246198
v 3.1764617 0.290413201 1.69369698
v 1.51527297 -0.263995975 1.98532081
v 1.99497259 -0.364625841 1.90360427
v 1.59932327 -0.885802567 1.95786941
v 1.71957719 -0.960160494 1.76026475
v 2.47851753 -0.56638366 1.86664748
v -3.21685839 -0.566972017 1.73300064
v -2.96069646 -1.2640326 2.29755473
v -3.2138164 -1.76481378 2.17024112
v -3.82623339 -1.3001678 1.34288836
v -4.19779587 0.322542101 1.26673508
v -3.19022274 0.29006651 1.68806589
v -4.30801582 1.7206012 1.21636796
v -3.13879204 1.48443902 1.69915509
v -3.95512509 3.01543999 1.26807141
v -2.93502259 2.61276674 1.64870214
v -3.3936553 -2.61295843 1.18636918
v -2.98642874 -2.40047288 1.830428
v -2.82606745 -2.59540701 1.65099955
v -2.24461222 -3.49315596 1.44627607
v -3.20204401 4.53711462 1.22241068
v -2.48970008 3.45695615 1.57731974
v -1.4652226 3.79433894 1.62231088
v -1.79175091 5.42947292 1.26136184
v -3.3936553 -2.61295843 1.18636918
v -2.24461222 -3.49315596 1.44627607
v -2.83758116 -3.70107102 1.1655345
v -1.79404581 -4.34017754 1.38822222
v -2.31696582 -4.67809248 1.03875041
v -1.50326943 -4.18911076 1.34161997
v -1.9144218 -3.24191093 1.50694346
v -2.48313284 -2.62192559 1.90395463
v -2.10861611 -2.44928646 1.85738051
v -2.82606745 -2.59540701 1.65099955
v -2.98642874 -2.40047288 1.830428
v -1.94281042 -2.08392501 2.09483767
v -2.48653603 -2.32854176 2.21676016
v -2.69800115 -1.90801454 2.52172422
v -1.97168255 -1.9674505 2.27010775
v -1.60214639 -2.09783149 2.10396862
v -0.893020511 -5.01785564 1.32135391
v -1.79404581 -4.34017754 1.38822222
v -1.50326943 -4.18911076 1.34161997
v -1.04760551 -5.2763176 1.35835338
v -2.31696582 -4.67809248 1.03875041
v -1.71056926 -5.84164047 0.720718503
v 0.0186884664 -5.72842693 1.3004148
v -0.350608408 -5.29245043 1.45807624
v 0.0197968651 -5.42350149 1.45769691
v -1.71056926 -5.84164047 0.720718503
v 0.0186884664 -5.72842693 1.3004148
v -0.00912403222 -5.88276863 1.45228219
v 1.68325877 -5.75047493 0.862537682
v -1.58006632 -3.29358578 0.465809166
v -1.97641397 -2.46039724 1.58887434
v -1.63887978 -2.23135924 0.890557706
v -1.86658978 -3.16323185 1.36580002
v -1.38788378 -4.0324626 0.754977226
v -1.45988572 -4.16159105 1.2561686
v -1.00768852 -4.5794816 0.923044264
v -0.791770518 -4.78344917 1.14642322
v -0.893167019 -2.15567803 1.09470201
v -1.63887978 -2.23135924 0.890557706
v -1.83205855 -2.20265317 1.81654
v -1.01890433 -2.34711599 2.28460956
v -0.00772754848 -2.18794608 1.15720558
v -0.611311495 -2.43800235 2.43571258
v -0.0086406339 -2.4825213 2.48857498
v 0.596071243 -2.43054867 2.43243504
v -0.00760059524 -2.86715031 0.395923287
v 1.02047551 -2.36134219 2.29973602
v 0.878966749 -2.15533876 1.09398723
v 0.788014591 -2.99933529 0.395548552
v 1.84287548 -2.21808529 1.82640207
v 1.603459 -2.25469899 0.905942798
v 1.98525345 -2.45154953 1.58089674
v -1.63887978 -2.23135924 0.890557706
v -0.802170932 -3.00124693 0.397449791
v -1.58006632 -3.29358578 0.465809166
v -0.893167019 -2.15567803 1.09470201
v -0.00760059524 -2.86715031 0.395923287
v -0.666794956 -3.68900561 0.282584667
v -1.38788378 -4.0324626 0.754977226
v -1.58006632 -3.29358578 0.465809166
v -0.613635719 -4.27452087 0.646318197
v -1.00768852 -4.5794816 0.923044264
v -0.791770518 -4.78344917 1.14642322
v -0.666794956 -3.68900561 0.282584667
v -1.58006632 -3.29358578 0.465809166
v -0.802170932 -3.00124693 0.397449791
v 0.0197968651 -3.66058517 0.228827968
v -0.613635719 -4.27452087 0.646318197
v -0.00760059524 -2.86715031 0.395923287
v 0.788014591 -2.99933529 0.395548552
v 0.705556095 -3.68730402 0.287430882
v 1.54029 -3.28977704 0.489122152
v -1.79175091 5.42947292 1.26136184
v -3.20204401 4.53711462 1.22241068
v -3.41006637 4.52065468 -1.16829944
v -4.33861637 3.13833785 -1.03251386
v -3.95512509 3.01543999 1.26807141
v -4.58482218 1.61559868 -0.953709543
v -4.30801582 1.7206012 1.21636796
v -3.91928029 3.36873341 -3.46836352
v -3.22177553 4.56457567 -3.41076827
v -1.78887987 5.48417521 -1.09962869
v -1.65312791 5.36936569 -3.47315121
v -4.32406044 1.75651419 -3.45121026
v -4.24095011 0.115447387 -3.41429377
v -4.45490551 0.231821895 -0.961603224
v -4.19779587 0.322542101 1.26673508
v -3.76039362 -1.5599432 -3.41242361
v -4.01118469 -1.54530454 -1.03102028
v -3.82623339 -1.3001678 1.34288836
v -3.25086713 -2.97571945 -3.27713299
v -3.51660442 -2.82172537 -0.91168195
v -3.3936553 -2.61295843 1.18636918
v -2.74897766 -4.01554108 -3.12547541
v -2.92742968 -3.94278002 -0.913001537
v -2.83758116 -3.70107102 1.1655345
v -2.23559356 -4.99499178 -2.91607237
v -2.17513466 -4.99509335 -1.05463183
v -1.91124308 -5.74432802 -2.7643609
v -2.31696582 -4.67809248 1.03875041
v -1.91883588 -5.69754791 -1.00124979
v -1.71056926 -5.84164047 0.720718503
v -1.79175091 5.42947292 1.26136184
v -3.41006637 4.52065468 -1.16829944
v -1.78887987 5.48417521 -1.09962869
v -0.0736259818 5.88276911 1.08968794
v -0.0736259818 5.82144833 -1.12908185
v -1.65312791 5.36936569 -3.47315121
v -0.0736259818 5.58666086 -3.5028801
v 1.04316592 5.57581854 -3.41934252
v 0.826579034 5.62508821 -1.2101903
v 0.884242594 5.63919258 0.867774487
v -0.613635719 -4.27452087 0.646318197
v -0.676150441 -4.45699644 1.18930709
v -0.791770518 -4.78344917 1.14642322
v -0.511643529 -4.46082592 1.37952316
v -0.426916987 -4.32780933 1.25912642
v -0.332761705 -4.12626171 0.482419878
v -0.235989258 -4.25320005 1.09520185
v -0.491999984 -5.111485 1.44283462
v -0.350608408 -5.29245043 1.45807624
v -1.04760551 -5.2763176 1.35835338
v -0.893020511 -5.01785564 1.32135391
v -0.606213868 -4.82216215 1.33687174
v -0.791770518 -4.78344917 1.14642322
v -0.433787107 -4.95909119 1.55172861
v -0.491999984 -5.111485 1.44283462
v -0.606213868 -4.82216215 1.33687174
v -0.301453114 -5.17469788 1.56352854
v -0.235481441 -4.98826456 1.5842644
v 0.0197968651 -5.28152132 1.5666554
v 0.0197968651 -5.42350149 1.45769691
v -0.350608408 -5.29245043 1.45807624
v -0.433787107 -4.95909119 1.55172861
v -0.606213868 -4.82216215 1.33687174
v -0.46591112 -4.66559505 1.5049659
v -0.676150441 -4.45699644 1.18930709
v -0.511643529 -4.46082592 1.37952316
v -0.791770518 -4.78344917 1.14642322
v -0.235989258 -4.25320005 1.09520185
v 0.0197968651 -4.36945343 1.02422225
v 0.0197968651 -4.62152863 1.3209275
v -0.288909167 -4.533216 1.43813431
v 0.0197968651 -4.84470367 1.47799575
v -0.511643529 -4.46082592 1.37952316
v -0.426916987 -4.32780933 1.25912642
v -0.46591112 -4.66559505 1.5049659
v -0.262825191 -4.70587444 1.52879131
v 0.0197968651 -5.07080507 1.56553447
v -0.235481441 -4.98826456 1.5842644
v -0.433787107 -4.95909119 1.55172861
v 0.0197968651 -5.28152132 1.5666554
v 0.275216788 -4.98820734 1.5870384
v 0.302184552 -4.70381165 1.53506911
v 0.338112295 -5.17165804 1.55899179
v 0.0197968651 -5.42350149 1.45769691
v 0.388761699 -5.29035473 1.45447946
v 0.521251917 -5.11094666 1.43005145
v 0.465524405 -4.9571929 1.54496837
v 0.621325195 -4.82854319 1.31666636
v 0.501134753 -4.66632366 1.49979591
v 0.694559991 -4.46818304 1.17966533
v 0.327702135 -4.52960014 1.44299936
v 0.546168923 -4.46467113 1.37439346
v 0.275719702 -4.24432039 1.0985862
v 0.0197968651 -3.66058517 0.228827968
v -0.332761705 -4.12626171 0.482419878
v -0.613635719 -4.27452087 0.646318197
v 0.0197968651 -4.13483095 0.471840054
v 0.0197968651 -4.36945343 1.02422225
v 0.372404277 -4.12448645 0.483980536
v 0.651630282 -4.28134203 0.640379488
v 0.705556095 -3.68730402 0.287430882
v 1.42257762 -4.02923775 0.758663774
v 1.54029 -3.28977704 0.489122152
v 1.0406245 -4.56356764 0.932919145
v 0.831889093 -4.79204655 1.13596666
v 1.51232123 -0.467623889 2.8894763
v 1.51527297 -0.263995975 1.98532081
v 1.59932327 -0.885802567 1.95786941
v 1.18426943 0.1009259 2.02478075
v 1.23997986 0.0285162348 2.95129871
v 1.19940126 -0.777457893 3.48390484
v 1.23997986 0.0285162348 2.95129871
v 1.51232123 -0.467623889 2.8894763
v 1.07540715 -0.200978383 3.52114868
v 0.709996998 -0.767316282 3.8854363
v 0.709996998 -0.767316282 3.8854363
v 0.667418897 -0.0692767352 3.74558163
v 1.07540715 -0.200978383 3.52114868
v 0.694721103 0.306267679 3.09517217
v 1.23997986 0.0285162348 2.95129871
v 1.18426943 0.1009259 2.02478075
v 0.612306595 0.356787711 2.00477958
v -0.00700489199 0.0833599865 3.9378233
v -0.00620411104 0.403281838 3.36184025
v -0.00763965771 0.440261841 1.97965562
v -0.627761722 0.35991028 2.00471425
v -0.712375998 0.314099729 3.09263349
v -0.716648459 -0.0350042731 3.78930783
v -1.19783986 0.102437131 2.02359939
v -1.1161406 -0.193744496 3.53066826
v -1.23994434 0.0114434808 2.94273543
v 0.667418897 -0.0692767352 3.74558163
v 0.709996998 -0.767316282 3.8854363
v -0.00848438405 -0.688703001 4.08373785
v -0.00700489199 0.0833599865 3.9378233
v 1.98525345 -2.45154953 1.58089674
v 1.94974077 -2.15152764 2.14897132
v 2.07883501 -2.477072 1.89903057
v 1.83470404 -3.15535831 1.40128791
v 1.91737497 -3.25932789 1.62457621
v 1.45107615 -4.1362443 1.27652633
v 1.52393997 -4.17972851 1.39191115
v 0.831889093 -4.79204655 1.13596666
v 2.4659102 -2.62363458 1.91305673
v 1.91737497 -3.25932789 1.62457621
v 2.07883501 -2.477072 1.89903057
v 1.94974077 -2.15152764 2.14897132
v 2.4659102 -2.62363458 1.91305673
v 1.94974077 -2.15152764 2.14897132
v 2.48100781 -2.39803886 2.27539873
v 1.95494819 -2.02980638 2.35458231
v 1.41328812 -2.09257746 2.27218723
v 2.27351761 -3.48418379 1.42839944
v 2.4659102 -2.62363458 1.91305673
v 2.82461596 -2.61112237 1.6781224
v 1.91737497 -3.25932789 1.62457621
v 1.52393997 -4.17972851 1.39191115
v 1.83843207 -4.3413496 1.38152111
v 0.930482864 -5.01391411 1.3327018
v 1.95494819 -2.02980638 2.35458231
v 2.63674974 -1.95562685 2.58812857
v 2.48100781 -2.39803886 2.27539873
v 1.73104692 -1.89927673 2.26020527
v 2.37468457 -1.56984067 2.54807568
v 2.37468457 -1.56984067 2.54807568
v 3.23098326 -1.77218926 2.20751286
v 2.63674974 -1.95562685 2.58812857
v 2.92916203 -1.27141297 2.2764008
v 3.20379567 -0.564974964 1.7407527
v 2.47851753 -0.56638366 1.86664748
v 1.38793159 -1.40687191 1.783705
v 1.2280488 -1.74419129 2.091851
v 0.961886644 -1.54759705 2.43891621
v 1.39227247 -1.34498477 1.77059889
v 1.36202347 -1.13305116 2.70768905
v 0.91111517 -1.35335875 3.16779423
v 1.59932327 -0.885802567 1.95786941
v 1.71957719 -0.960160494 1.76026475
v 1.51232123 -0.467623889 2.8894763
v 1.19940126 -0.777457893 3.48390484
v 0.508190393 -1.39517021 3.40345764
v 0.709996998 -0.767316282 3.8854363
v -0.00802051742 -1.35723817 3.56789184
v -0.00848438405 -0.688703001 4.08373785
v 1.71957719 -0.960160494 1.76026475
v 1.38793159 -1.40687191 1.783705
v 1.39227247 -1.34498477 1.77059889
v 2.2000947 -0.994918823 1.94331276
v 2.47851753 -0.56638366 1.86664748
v 2.92916203 -1.27141297 2.2764008
v 1.89776075 -1.3760736 2.10260987
v 1.2280488 -1.74419129 2.091851
v 2.37468457 -1.56984067 2.54807568
v 1.73104692 -1.89927673 2.26020527
v 1.55641556 -1.71855652 2.03943634
v 1.27096379 -1.94068778 2.22807097
v 3.20379567 -0.564974964 1.7407527
v 2.47851753 -0.56638366 1.86664748
v 1.99497259 -0.364625841 1.90360427
v 3.1764617 0.290413201 1.69369698
v 4.25039244 0.319851667 1.2837925
v 3.83829761 -1.30434012 1.35766399
v 3.20379567 -0.564974964 1.7407527
v 3.83829761 -1.30434012 1.35766399
v 3.23098326 -1.77218926 2.20751286
v 3.40450382 -2.6275897 1.1981889
v 3.01121259 -2.44124436 1.87333691
v 2.63674974 -1.95562685 2.58812857
v 2.48100781 -2.39803886 2.27539873
v 2.4659102 -2.62363458 1.91305673
v 2.82461596 -2.61112237 1.6781224
v 2.27351761 -3.48418379 1.42839944
v 2.77289248 -3.6829412 1.2370894
v 1.83843207 -4.3413496 1.38152111
v 2.24216986 -4.67262125 1.22989118
v 3.1764617 0.290413201 1.69369698
v 4.52357101 1.66585267 1.1928978
v 4.25039244 0.319851667 1.2837925
v 3.55664229 1.86533499 1.66407943
v 1.61139107 1.18089902 1.95409584
v 1.63861525 2.52539372 1.81536698
v 1.54029 -3.28977704 0.489122152
v 1.603459 -2.25469899 0.905942798
v 1.98525345 -2.45154953 1.58089674
v 1.83470404 -3.15535831 1.40128791
v 1.42257762 -4.02923775 0.758663774
v 1.45107615 -4.1362443 1.27652633
v 1.0406245 -4.56356764 0.932919145
v 0.831889093 -4.79204655 1.13596666
v 4.25039244 0.319851667 1.2837925
v 4.52357101 1.66585267 1.1928978
v 4.58184767 1.73793519 -0.565922081
v 4.48123693 0.291192025 -0.740044415
v 4.48807287 1.68548882 -0.738597214
v 3.83829761 -1.30434012 1.35766399
v 4.11250639 -1.4891839 -1.09448898
v 4.48545599 0.285110474 -1.11301494
v 3.40450382 -2.6275897 1.1981889
v 4.49761915 0.191189572 -2.32352972
v 3.55334163 -2.84803891 -1.00899279
v 2.99901533 -3.92911553 -1.02990091
v 2.77289248 -3.6829412 1.2370894
v 2.20504594 -5.07265663 -1.05979419
v 2.24216986 -4.67262125 1.22989118
v 1.68325877 -5.75047493 0.862537682
v 1.90836859 -5.72970486 -0.958032668
v 2.14409137 -5.0712676 -2.96957946
v 1.78443062 -5.71827173 -2.6803143
v 2.80575871 -4.06114435 -3.18274832
v 3.31231141 -3.01072931 -3.34325004
v 3.82396173 -1.58516538 -3.48525929
v 4.41899586 0.112022094 -3.48672652
v 4.58482122 1.43829405 -2.61652279
v 4.57865906 1.3723712 -2.78016663
v 4.48853683 1.53614807 -2.37361288
v 0.466129869 -4.32883215 1.25857866
v 0.275719702 -4.24432039 1.0985862
v 0.372404277 -4.12448645 0.483980536
v 0.651630282 -4.28134203 0.640379488
v 0.546168923 -4.46467113 1.37439346
v 0.694559991 -4.46818304 1.17966533
v 0.501134753 -4.66632366 1.49979591
v 0.831889093 -4.79204655 1.13596666
v 0.621325195 -4.82854319 1.31666636
v 0.372404277 -4.12448645 0.483980536
v 0.275719702 -4.24432039 1.0985862
v 0.0197968651 -4.36945343 1.02422225
v 0.0197968651 -4.62152863 1.3209275
v 0.327702135 -4.52960014 1.44299936
v 0.621325195 -4.82854319 1.31666636
v 0.831889093 -4.79204655 1.13596666
v 0.930482864 -5.01391411 1.3327018
v 0.521251917 -5.11094666 1.43005145
v 1.08811712 -5.27329254 1.35831094
v 1.83843207 -4.3413496 1.38152111
v 2.24216986 -4.67262125 1.22989118
v 1.68325877 -5.75047493 0.862537682
v 0.388761699 -5.29035473 1.45447946
v 0.0186884664 -5.72842693 1.3004148
v 0.0197968651 -5.42350149 1.45769691
v 0.0197968651 -4.84470367 1.47799575
v 0.0197968651 -4.62152863 1.3209275
v 0.327702135 -4.52960014 1.44299936
v 0.302184552 -4.70381165 1.53506911
v 0.0197968651 -5.07080507 1.56553447
v 1.2280488 -1.74419129 2.091851
v 0.520094693 -1.62032402 2.729702
v 0.961886644 -1.54759705 2.43891621
v 0.787548304 -1.84880555 2.40288973
v 1.27096379 -1.94068778 2.22807097
v 0.44858104 -1.86510193 2.54807281
v 0.226256818 -1.63944268 2.68250179
v -0.00809864234 -1.86945736 2.58892274
v -0.00884571206 -1.64889586 2.65482903
v -0.466106445 -1.86588562 2.57249069
v -0.624055684 -2.20745301 2.61439633
v -0.00958301686 -2.2562201 2.69109178
v 0.609662592 -2.20929861 2.60967159
v 1.05734563 -2.14683533 2.45566559
v 1.41328812 -2.09257746 2.27218723
v 1.95494819 -2.02980638 2.35458231
v 1.73104692 -1.89927673 2.26020527
v -1.77369916 -1.91084409 2.20518136
v -1.48265421 -1.92166436 2.18361449
v -1.60214639 -2.09783149 2.10396862
v -1.97168255 -1.9674505 2.27010775
v 1.12881541 -5.67584133 -3.2934978
v 1.78443062 -5.71827173 -2.6803143
v 2.14409137 -5.0712676 -2.96957946
v 1.1287787 -5.06006145 -3.55745649
v 0.00119823252 -5.07590628 -3.65755057
v -0.0346513763 -5.72999763 -3.354671
v -1.18412888 -5.7059288 -3.3722868
v 1.12412298 -4.25227213 -3.79622364
v 2.80575871 -4.06114435 -3.18274832
v 3.31231141 -3.01072931 -3.34325004
v -0.00769336848 -4.23253107 -3.87278485
v -0.00772754848 -2.6512053 -4.02058887
v 1.44912302 -2.79044604 -3.91939998
v 3.82396173 -1.58516538 -3.48525929
v 1.6900264 -1.25104189 -3.97638607
v 4.41899586 0.112022094 -3.48672652
v 1.99046338 0.356797487 -3.95217204
v 4.42672539 1.23503959 -3.60986876
v 3.77081227 1.75705385 -3.85204887
v 3.41183281 2.52128959 -3.78163624
v -1.27571583 -4.25282383 -3.79088545
v -0.00772754848 -1.08159363 -4.0837369
v -1.23135066 -5.05016184 -3.55483198
v -2.23559356 -4.99499178 -2.91607237
v -1.91124308 -5.74432802 -2.7643609
v -2.74897766 -4.01554108 -3.12547541
v -3.25086713 -2.97571945 -3.27713299
v -1.46399212 -2.78996754 -3.91563034
v -3.76039362 -1.5599432 -3.41242361
v -1.70518839 -1.25091243 -3.97335267
v -4.24095011 0.115447387 -3.41429377
v -2.00244427 0.352388293 -3.95071459
v -4.32406044 1.75651419 -3.45121026
v -0.00772754848 0.636716902 -4.05328178
v -0.00765918894 2.14570117 -3.96257377
v -2.02763462 1.99661434 -3.89450979
v 2.02634478 2.00580621 -3.89434004
v -1.89312303 3.48440003 -3.77692676
v -3.91928029 3.36873341 -3.46836352
v -3.22177553 4.56457567 -3.41076827
v -1.65312791 5.36936569 -3.47315121
v -0.0736259818 5.58666086 -3.5028801
v 0.0198896378 3.57257628 -3.8235724
v 1.93040228 3.48135066 -3.73331714
v 3.25823426 3.38700485 -3.50368452
v 2.40724802 4.0873394 -3.70407152
v 1.32771432 4.65355253 -3.87458181
v 1.04316592 5.57581854 -3.41934252
v 4.58184767 1.73793519 -0.565922081
v 4.52357101 1.66585267 1.1928978
v 4.10823393 1.94249809 0.785454571
v 4.19752121 2.07058406 -0.523414135
v 4.48807287 1.68548882 -0.738597214
v 4.23820972 2.07935858 -0.717141569
v 3.49320006 2.43851614 0.369781941
v 3.47812676 2.14602113 1.07155681
v 2.77593923 3.01846242 0.106138147
v 4.11791182 2.46105027 -0.540866554
v 4.09789705 2.3440485 -0.729824662
v 4.11918163 3.00441694 -0.662607253
v 3.77629089 2.28760791 -0.0700328052
v 3.12924981 3.22978091 -0.397529125
v 2.34303904 3.53076959 0.0885188282
v 2.46089053 3.63491011 -0.368942112
v 1.87870061 4.29033756 -0.1202861
v 2.23373723 3.67028618 0.852450371
v 1.68602729 4.04050112 0.867403388
v 1.4207685 4.43584013 0.797315478
v 1.53628612 4.57490301 0.232385099
v 1.42609322 4.50732946 1.10065782
v 0.937975526 5.29394817 0.696024001
v 1.03242135 5.11272001 0.668771207
v 0.749069273 5.3256135 -1.22342575
v 0.558297813 4.81531525 -1.21952379
v 1.11203802 5.14770317 -3.22018123
v 1.53628612 4.57490301 0.232385099
v 0.974123001 4.97056198 -2.98447561
v 1.45521188 4.49814272 -3.4202764
v 1.35736525 4.52737617 -1.09415388
v 1.87870061 4.29033756 -0.1202861
v 1.38752151 4.53990793 -2.65776777
v 1.84167182 3.91080379 -1.33019447
v 2.46089053 3.63491011 -0.368942112
v 2.09429383 3.99269581 -2.66271544
v 2.37670112 3.44456601 -1.4135679
v 3.12924981 3.22978091 -0.397529125
v 2.72532892 3.64479542 -2.59789491
v 3.27227712 3.19746876 -1.40480268
v 4.11918163 3.00441694 -0.662607253
v 3.38983083 3.22040343 -2.48571229
v 3.990031 3.04382634 -1.51798689
v 4.226408 2.83992004 -0.754844189
v 4.15939617 3.04802537 -2.41131043
v 4.11200857 2.84406304 -1.52119982
v 4.30112457 2.85228324 -2.3928864
v 4.10823393 1.94249809 0.785454571
v 3.55664229 1.86533499 1.66407943
v 3.79082704 2.14494205 1.35030437
v 3.099787 3.30913377 1.59535015
v 3.79082704 2.14494205 1.35030437
v 3.099787 3.30913377 1.59535015
v 3.2967205 3.30180955 1.18516803
v 2.13906932 4.15366983 1.43807232
v 2.38108587 4.12299109 1.09493876
v 1.40145946 4.45061588 1.36667001
v 2.38108587 4.12299109 1.09493876
v 2.13906932 4.15366983 1.43807232
v 1.42609322 4.50732946 1.10065782
v 0.884242594 5.63919258 0.867774487
v 0.937975526 5.29394817 0.696024001
v 0.826579034 5.62508821 -1.2101903
v 0.749069273 5.3256135 -1.22342575
v 1.04316592 5.57581854 -3.41934252
v 1.11203802 5.14770317 -3.22018123
v 1.32771432 4.65355253 -3.87458181
v 1.45521188 4.49814272 -3.4202764
v 2.40724802 4.0873394 -3.70407152
v 2.39290714 4.02668285 -3.36096358
v 3.25823426 3.38700485 -3.50368452
v 3.16396666 3.3949492 -3.28147149
v 3.41183281 2.52128959 -3.78163624
v 3.42930341 2.44868946 -3.51189137
v 3.77081227 1.75705385 -3.85204887
v 3.8157537 1.84926569 -3.63908386
v 4.42672539 1.23503959 -3.60986876
v 4.17236519 1.64602113 -3.38997245
v 4.57865906 1.3723712 -2.78016663
v 4.32531404 1.66596007 -2.90331602
v 4.58482122 1.43829405 -2.61652279
v 3.48587084 1.88143611 -3.39301801
v 3.8157537 1.84926569 -3.63908386
v 3.73846865 2.0407207 -2.99698544
v 2.94009948 2.37780094 -3.30708671
v 3.05216479 2.73178768 -2.92786431
v 2.51434755 3.03432178 -3.25237489
v 2.72532892 3.64479542 -2.59789491
v 1.88862503 3.65947318 -3.37196088
v 2.09429383 3.99269581 -2.66271544
v 1.19043159 4.4784236 -3.27143121
v 1.38752151 4.53990793 -2.65776777
v 3.38983083 3.22040343 -2.48571229
v 3.95405459 2.17335272 -2.73551822
v 3.90641785 2.33973455 -2.51520324
v 4.2618866 1.72375059 -2.7012701
v 4.27594423 1.75125062 -2.3957088
v 4.02329779 2.18089414 -2.38290358
v 4.48853683 1.53614807 -2.37361288
v 0.974123001 4.97056198 -2.98447561
v 1.45521188 4.49814272 -3.4202764
v 1.19043159 4.4784236 -3.27143121
v 1.88862503 3.65947318 -3.37196088
v 2.39290714 4.02668285 -3.36096358
v 3.16396666 3.3949492 -3.28147149
v 2.51434755 3.03432178 -3.25237489
v 3.42930341 2.44868946 -3.51189137
v 2.94009948 2.37780094 -3.30708671
v 3.8157537 1.84926569 -3.63908386
v 3.48587084 1.88143611 -3.39301801
v 1.68602729 4.04050112 0.867403388
v 2.38108587 4.12299109 1.09493876
v 1.42609322 4.50732946 1.10065782
v 2.23373723 3.67028618 0.852450371
v 2.76082706 3.02255917 0.981038034
v 3.2967205 3.30180955 1.18516803
v 3.47812676 2.14602113 1.07155681
v 3.79082704 2.14494205 1.35030437
v 2.76082706 3.02255917 0.981038034
v 2.23373723 3.67028618 0.852450371
v 2.34303904 3.53076959 0.0885188282
v 2.77593923 3.01846242 0.106138147
v 3.47812676 2.14602113 1.07155681
v 4.15939617 3.04802537 -2.41131043
v 3.38983083 3.22040343 -2.48571229
v 3.90641785 2.33973455 -2.51520324
v 4.02329779 2.18089414 -2.38290358
v 4.30112457 2.85228324 -2.3928864
v -0.521604478 0.481362909 1.91799963
v -0.77732718 0.396145612 1.92187452
v -0.832512736 0.718613863 2.20887804
v -0.74867481 0.77638489 2.21798038
v -0.466868162 0.58788389 1.92127478
v -0.971194386 0.910520613 2.30281806
v -0.50800097 0.89076966 1.95981455
v -0.782410204 0.961836517 2.31363964
v -1.1865654 1.39301324 2.31161928
v -0.670217812 1.52242982 1.91960609
v -0.939094722 1.45634329 2.31860566
v -1.20121872 1.63705134 2.20871735
v -1.03950489 1.6687237 2.22284961
v -0.927888691 1.84443176 1.8762126
v -1.29183388 1.8287921 1.86978495
v -1.08629692 1.91948545 1.85455453
v -1.29183388 1.8287921 1.86978495
v -1.20121872 1.63705134 2.20871735
v -1.1865654 1.39301324 2.31161928
v -1.36176074 1.29008365 1.90952337
v -1.0950371 0.692669034 1.94189954
v -0.971194386 0.910520613 2.30281806
v -0.832512736 0.718613863 2.20887804
v -0.77732718 0.396145612 1.92187452
vt 0.0982666016 0.725097656
vt 0.0913085938 0.729980469
vt 0.0961914062 0.744628906
vt 0.0755004883 0.752929688
vt 0.0656738281 0.733398438
vt 0.0612487793 0.755371094
vt 0.0909423828 0.770507812
vt 0.102050781 0.772949219
vt 0.109802246 0.762695312
vt 0.652832031 0.947265625
vt 0.637695312 0.953125
vt 0.641601562 0.963867188
vt 0.680664062 0.901855469
vt 0.688964844 0.888183594
vt 0.682128906 0.888183594
vt 0.680664062 0.864257812
vt 0.679199219 0.860839844
vt 0.674804688 0.865722656
vt 0.180786133 0.66796875
vt 0.198852539 0.685058594
vt 0.18359375 0.661132812
vt 0.20703125 0.776855469
vt 0.197021484 0.767578125
vt 0.188964844 0.766601562
vt 0.724121094 0.947265625
vt 0.72265625 0.923339844
vt 0.705078125 0.928710938
vt 0.695800781 0.888183594
vt 0.700683594 0.884765625
vt 0.702148438 0.881347656
vt 0.124511719 0.759277344
vt 0.142700195 0.763671875
vt 0.135864258 0.759277344
vt 0.119506836 0.767089844
vt 0.134399414 0.765136719
vt 0.124511719 0.759277344
vt 0.0961914062 0.744628906
vt 0.103881836 0.749511719
vt 0.121032715 0.750488281
vt 0.179199219 0.75390625
vt 0.190673828 0.75390625
vt 0.205078125 0.748046875
vt 0.790039062 0.790039062
vt 0.788085938 0.760742188
vt 0.767578125 0.79296875
vt 0.956054688 0.958007812
vt 0.970703125 0.974121094
vt 0.993164062 0.946777344
vt 0.905761719 0.905761719
vt 0.890625 0.937011719
vt 0.903808594 0.950683594
vt 0.956054688 0.958007812
vt 0.977539062 0.943847656
vt 0.964355469 0.936035156
vt 0.890625 0.937011719
vt 0.888671875 0.943847656
vt 0.899902344 0.95703125
vt 0.275878906 0.626464844
vt 0.265136719 0.64453125
vt 0.262451172 0.625976562
vt 0.269775391 0.645996094
vt 0.280761719 0.629882812
vt 0.262207031 0.654296875
vt 0.286865234 0.644042969
vt 0.270751953 0.653808594
vt 0.260742188 0.675292969
vt 0.292480469 0.678222656
vt 0.270996094 0.674804688
vt 0.262695312 0.685058594
vt 0.269775391 0.685058594
vt 0.279541016 0.697753906
vt 0.259277344 0.701660156
vt 0.271484375 0.702636719
vt 0.259277344 0.701660156
vt 0.260742188 0.675292969
vt 0.262695312 0.685058594
vt 0.240478516 0.677734375
vt 0.247436523 0.643066406
vt 0.262207031 0.654296875
vt 0.265136719 0.64453125
vt 0.262451172 0.625976562
vt 0.101989746 0.774902344
vt 0.114440918 0.783691406
vt 0.119506836 0.767089844
vt 0.128051758 0.778320312
vt 0.134399414 0.765136719
vt 0.142700195 0.763671875
vt 0.124511719 0.759277344
vt 0.137329102 0.77734375
vt 0.149414062 0.762695312
vt 0.135864258 0.759277344
vt 0.148681641 0.778808594
vt 0.135375977 0.792480469
vt 0.148071289 0.793945312
vt 0.16015625 0.778320312
vt 0.156005859 0.764160156
vt 0.169433594 0.780273438
vt 0.164306641 0.767089844
vt 0.178955078 0.770019531
vt 0.134887695 0.806640625
vt 0.147460938 0.808105469
vt 0.148071289 0.793945312
vt 0.135375977 0.792480469
vt 0.126342773 0.804199219
vt 0.124755859 0.792480469
vt 0.137329102 0.77734375
vt 0.118408203 0.8125
vt 0.128051758 0.778320312
vt 0.11340332 0.800292969
vt 0.108947754 0.824707031
vt 0.0989990234 0.810546875
vt 0.114440918 0.783691406
vt 0.0978393555 0.789550781
vt 0.101989746 0.774902344
vt 0.0944824219 0.786132812
vt 0.0866088867 0.804199219
vt 0.0982666016 0.725097656
vt 0.0961914062 0.744628906
vt 0.0999145508 0.735351562
vt 0.121032715 0.750488281
vt 0.123718262 0.743652344
vt 0.133544922 0.752441406
vt 0.134887695 0.746582031
vt 0.150146484 0.747070312
vt 0.149902344 0.752441406
vt 0.166503906 0.75390625
vt 0.165649414 0.748046875
vt 0.177368164 0.746582031
vt 0.179199219 0.75390625
vt 0.201782227 0.739257812
vt 0.205078125 0.748046875
vt 0.203857422 0.73046875
vt 0.0913085938 0.729980469
vt 0.0982666016 0.725097656
vt 0.100280762 0.706054688
vt 0.0960693359 0.704589844
vt 0.112060547 0.679199219
vt 0.109558105 0.677734375
vt 0.12902832 0.663085938
vt 0.128295898 0.65625
vt 0.0980834961 0.75390625
vt 0.0935668945 0.750976562
vt 0.0755004883 0.752929688
vt 0.0806884766 0.761230469
vt 0.0612487793 0.755371094
vt 0.0668945312 0.770019531
vt 0.0909423828 0.770507812
vt 0.1015625 0.76171875
vt 0.106079102 0.755371094
vt 0.109802246 0.762695312
vt 0.124511719 0.759277344
vt 0.121032715 0.750488281
vt 0.103881836 0.749511719
vt 0.135864258 0.759277344
vt 0.133544922 0.752441406
vt 0.0828857422 0.784179688
vt 0.102050781 0.772949219
vt 0.0737915039 0.795410156
vt 0.0535888672 0.791992188
vt 0.0944824219 0.786132812
vt 0.101989746 0.774902344
vt 0.0866088867 0.804199219
vt 0.0537414551 0.818359375
vt 0.0989990234 0.810546875
vt 0.0978393555 0.789550781
vt 0.0846557617 0.825195312
vt 0.108947754 0.824707031
vt 0.0972290039 0.851074219
vt 0.0548400879 0.853027344
vt 0.0965576172 0.888183594
vt 0.0600585938 0.885742188
vt 0.0718383789 0.910644531
vt 0.100524902 0.921875
vt 0.14440918 0.896484375
vt 0.142822266 0.930664062
vt 0.0895996094 0.966796875
vt 0.170898438 0.929199219
vt 0.137695312 0.982421875
vt 0.181640625 0.944824219
vt 0.165893555 0.979492188
vt 0.203735352 0.936523438
vt 0.192260742 0.891601562
vt 0.232421875 0.912109375
vt 0.248535156 0.87109375
vt 0.102050781 0.772949219
vt 0.101989746 0.774902344
vt 0.119506836 0.767089844
vt 0.109802246 0.762695312
vt 0.124511719 0.759277344
vt 0.108947754 0.824707031
vt 0.0846557617 0.825195312
vt 0.0972290039 0.851074219
vt 0.126098633 0.837402344
vt 0.120788574 0.846679688
vt 0.145996094 0.843261719
vt 0.145507812 0.853515625
vt 0.170898438 0.848632812
vt 0.194213867 0.85546875
vt 0.166259766 0.839355469
vt 0.184448242 0.828125
vt 0.144775391 0.871582031
vt 0.14440918 0.896484375
vt 0.0965576172 0.888183594
vt 0.192260742 0.891601562
vt 0.170898438 0.929199219
vt 0.208618164 0.831054688
vt 0.240234375 0.826660156
vt 0.195556641 0.815429688
vt 0.208496094 0.810058594
vt 0.198608398 0.795410156
vt 0.202880859 0.791503906
vt 0.221923828 0.802734375
vt 0.0535888672 0.791992188
vt 0.0668945312 0.770019531
vt 0.0612487793 0.755371094
vt 0.0347900391 0.765625
vt 0.0244140625 0.81640625
vt 0.0537414551 0.818359375
vt 0.0205383301 0.857421875
vt 0.0548400879 0.853027344
vt 0.0303039551 0.895019531
vt 0.0600585938 0.885742188
vt 0.0486755371 0.721191406
vt 0.0656738281 0.733398438
vt 0.0687255859 0.725097656
vt 0.087097168 0.697753906
vt 0.0504455566 0.939453125
vt 0.0718383789 0.910644531
vt 0.100524902 0.921875
vt 0.0895996094 0.966796875
vt 0.0486755371 0.721191406
vt 0.087097168 0.697753906
vt 0.0699462891 0.690429688
vt 0.101745605 0.673339844
vt 0.0866699219 0.661132812
vt 0.109558105 0.677734375
vt 0.0960693359 0.704589844
vt 0.0803833008 0.727539062
vt 0.0913085938 0.729980469
vt 0.0687255859 0.725097656
vt 0.0656738281 0.733398438
vt 0.0961914062 0.744628906
vt 0.0807495117 0.739257812
vt 0.0755004883 0.752929688
vt 0.0935668945 0.750976562
vt 0.103881836 0.749511719
vt 0.128295898 0.65625
vt 0.101745605 0.673339844
vt 0.109558105 0.677734375
vt 0.125976562 0.648925781
vt 0.0866699219 0.661132812
vt 0.106933594 0.629394531
vt 0.158081055 0.642089844
vt 0.146728516 0.652832031
vt 0.157470703 0.650390625
vt 0.106933594 0.629394531
vt 0.158081055 0.642089844
vt 0.159301758 0.623535156
vt 0.207397461 0.641113281
vt 0.654785156 0.923828125
vt 0.637695312 0.953125
vt 0.652832031 0.947265625
vt 0.633789062 0.930175781
vt 0.653808594 0.905761719
vt 0.644042969 0.899414062
vt 0.661621094 0.890625
vt 0.663574219 0.880859375
vt 0.66796875 0.956054688
vt 0.652832031 0.947265625
vt 0.641601562 0.963867188
vt 0.661621094 0.981933594
vt 0.688476562 0.958007812
vt 0.672363281 0.987304688
vt 0.688476562 0.989257812
vt 0.705078125 0.987304688
vt 0.688476562 0.931640625
vt 0.716308594 0.981933594
vt 0.708984375 0.955566406
vt 0.705078125 0.928710938
vt 0.735839844 0.963867188
vt 0.724121094 0.947265625
vt 0.739257812 0.953125
vt 0.652832031 0.947265625
vt 0.672363281 0.928710938
vt 0.654785156 0.923828125
vt 0.66796875 0.956054688
vt 0.688476562 0.931640625
vt 0.674316406 0.913085938
vt 0.653808594 0.905761719
vt 0.654785156 0.923828125
vt 0.672851562 0.897949219
vt 0.661621094 0.890625
vt 0.663574219 0.880859375
vt 0.674316406 0.913085938
vt 0.654785156 0.923828125
vt 0.672363281 0.928710938
vt 0.688964844 0.913574219
vt 0.672851562 0.897949219
vt 0.688476562 0.931640625
vt 0.705078125 0.928710938
vt 0.704101562 0.913085938
vt 0.72265625 0.923339844
vt 0.407226562 0.923828125
vt 0.406005859 0.882324219
vt 0.346679688 0.879394531
vt 0.349853516 0.838867188
vt 0.406982422 0.839355469
vt 0.3515625 0.801757812
vt 0.405517578 0.805175781
vt 0.289550781 0.848632812
vt 0.291259766 0.883300781
vt 0.348876953 0.925292969
vt 0.290039062 0.927734375
vt 0.289550781 0.806152344
vt 0.290527344 0.764648438
vt 0.3515625 0.768066406
vt 0.406982422 0.770019531
vt 0.290771484 0.721191406
vt 0.349853516 0.723144531
vt 0.409179688 0.728515625
vt 0.294189453 0.68359375
vt 0.353027344 0.689941406
vt 0.405273438 0.693847656
vt 0.298339844 0.654785156
vt 0.353027344 0.658691406
vt 0.404785156 0.663085938
vt 0.303466797 0.624023438
vt 0.349609375 0.626953125
vt 0.3125 0.602539062
vt 0.401611328 0.635742188
vt 0.350830078 0.607910156
vt 0.390869141 0.607421875
vt 0.407226562 0.923828125
vt 0.346679688 0.879394531
vt 0.348876953 0.925292969
vt 0.403320312 0.968261719
vt 0.348388672 0.968261719
vt 0.290039062 0.927734375
vt 0.289306641 0.967285156
vt 0.290771484 0.995117188
vt 0.345703125 0.991210938
vt 0.397460938 0.992675781
vt 0.672851562 0.897949219
vt 0.670898438 0.884765625
vt 0.663574219 0.880859375
vt 0.67578125 0.881347656
vt 0.677734375 0.884765625
vt 0.680664062 0.901855469
vt 0.682128906 0.888183594
vt 0.140991211 0.65625
vt 0.146728516 0.652832031
vt 0.125976562 0.648925781
vt 0.128295898 0.65625
vt 0.135498047 0.663085938
vt 0.12902832 0.663085938
vt 0.677246094 0.869628906
vt 0.674804688 0.865722656
vt 0.669921875 0.874511719
vt 0.680664062 0.864257812
vt 0.682617188 0.868652344
vt 0.689453125 0.861816406
vt 0.689453125 0.857421875
vt 0.679199219 0.860839844
vt 0.677246094 0.869628906
vt 0.669921875 0.874511719
vt 0.676757812 0.875976562
vt 0.670898438 0.884765625
vt 0.67578125 0.881347656
vt 0.663574219 0.880859375
vt 0.682128906 0.888183594
vt 0.688964844 0.888183594
vt 0.688964844 0.87890625
vt 0.681152344 0.87890625
vt 0.688964844 0.872558594
vt 0.67578125 0.881347656
vt 0.677734375 0.884765625
vt 0.676757812 0.875976562
vt 0.681640625 0.874511719
vt 0.688964844 0.866699219
vt 0.682617188 0.868652344
vt 0.677246094 0.869628906
vt 0.689453125 0.861816406
vt 0.695800781 0.868652344
vt 0.696777344 0.875
vt 0.697265625 0.864257812
vt 0.689453125 0.857421875
vt 0.69921875 0.861328125
vt 0.703613281 0.866210938
vt 0.700683594 0.869628906
vt 0.708007812 0.875
vt 0.701660156 0.875976562
vt 0.70703125 0.884765625
vt 0.697265625 0.87890625
vt 0.702148438 0.881347656
vt 0.695800781 0.888183594
vt 0.688964844 0.913574219
vt 0.680664062 0.901855469
vt 0.672851562 0.897949219
vt 0.688964844 0.901855469
vt 0.688964844 0.888183594
vt 0.697753906 0.901855469
vt 0.705566406 0.897949219
vt 0.704101562 0.913085938
vt 0.723144531 0.905761719
vt 0.72265625 0.923339844
vt 0.716796875 0.890625
vt 0.71484375 0.880859375
vt 0.182006836 0.804199219
vt 0.195556641 0.815429688
vt 0.198608398 0.795410156
vt 0.184448242 0.828125
vt 0.17590332 0.815429688
vt 0.171386719 0.794921875
vt 0.17590332 0.815429688
vt 0.182006836 0.804199219
vt 0.168457031 0.806640625
vt 0.160766602 0.793945312
vt 0.160766602 0.793945312
vt 0.16003418 0.807617188
vt 0.168457031 0.806640625
vt 0.162841797 0.821289062
vt 0.17590332 0.815429688
vt 0.184448242 0.828125
vt 0.166259766 0.839355469
vt 0.147460938 0.808105469
vt 0.146972656 0.819824219
vt 0.145996094 0.843261719
vt 0.126098633 0.837402344
vt 0.130859375 0.819824219
vt 0.134887695 0.806640625
vt 0.108947754 0.824707031
vt 0.126342773 0.804199219
vt 0.118408203 0.8125
vt 0.16003418 0.807617188
vt 0.160766602 0.793945312
vt 0.148071289 0.793945312
vt 0.147460938 0.808105469
vt 0.203857422 0.73046875
vt 0.205078125 0.748046875
vt 0.210693359 0.735351562
vt 0.202514648 0.712890625
vt 0.209472656 0.711914062
vt 0.194824219 0.686035156
vt 0.198852539 0.685058594
vt 0.180786133 0.66796875
vt 0.221923828 0.734375
vt 0.209472656 0.711914062
vt 0.210693359 0.735351562
vt 0.205078125 0.748046875
vt 0.221923828 0.734375
vt 0.205078125 0.748046875
vt 0.220214844 0.745605469
vt 0.206054688 0.755371094
vt 0.190673828 0.75390625
vt 0.219970703 0.706054688
vt 0.221923828 0.734375
vt 0.233886719 0.733398438
vt 0.209472656 0.711914062
vt 0.198852539 0.685058594
vt 0.207885742 0.681640625
vt 0.18359375 0.661132812
vt 0.206054688 0.755371094
vt 0.222900391 0.759277344
vt 0.220214844 0.745605469
vt 0.200561523 0.759765625
vt 0.218017578 0.768554688
vt 0.218017578 0.768554688
vt 0.23815918 0.763671875
vt 0.222900391 0.759277344
vt 0.231567383 0.778320312
vt 0.2421875 0.80078125
vt 0.221923828 0.802734375
vt 0.195922852 0.777832031
vt 0.188964844 0.766601562
vt 0.178955078 0.770019531
vt 0.196044922 0.779785156
vt 0.182617188 0.786621094
vt 0.169433594 0.780273438
vt 0.198608398 0.795410156
vt 0.202880859 0.791503906
vt 0.182006836 0.804199219
vt 0.171386719 0.794921875
vt 0.16015625 0.778320312
vt 0.160766602 0.793945312
vt 0.148681641 0.778808594
vt 0.148071289 0.793945312
vt 0.202880859 0.791503906
vt 0.195922852 0.777832031
vt 0.196044922 0.779785156
vt 0.214233398 0.790527344
vt 0.221923828 0.802734375
vt 0.231567383 0.778320312
vt 0.20703125 0.776855469
vt 0.188964844 0.766601562
vt 0.218017578 0.768554688
vt 0.200561523 0.759765625
vt 0.197021484 0.767578125
vt 0.188110352 0.759277344
vt 0.2421875 0.80078125
vt 0.221923828 0.802734375
vt 0.208496094 0.810058594
vt 0.240234375 0.826660156
vt 0.271240234 0.826171875
vt 0.263916016 0.776855469
vt 0.2421875 0.80078125
vt 0.263916016 0.776855469
vt 0.23815918 0.763671875
vt 0.255126953 0.731933594
vt 0.236328125 0.7421875
vt 0.222900391 0.759277344
vt 0.220214844 0.745605469
vt 0.221923828 0.734375
vt 0.233886719 0.733398438
vt 0.219970703 0.706054688
vt 0.234619141 0.701171875
vt 0.207885742 0.681640625
vt 0.219726562 0.672851562
vt 0.240234375 0.826660156
vt 0.278564453 0.86328125
vt 0.271240234 0.826171875
vt 0.248535156 0.87109375
vt 0.194213867 0.85546875
vt 0.192260742 0.891601562
vt 0.72265625 0.923339844
vt 0.724121094 0.947265625
vt 0.739257812 0.953125
vt 0.743164062 0.930664062
vt 0.723144531 0.905761719
vt 0.734375 0.899902344
vt 0.716796875 0.890625
vt 0.71484375 0.880859375
vt 0.662109375 0.755371094
vt 0.661132812 0.791503906
vt 0.70703125 0.797851562
vt 0.715332031 0.760742188
vt 0.712402344 0.796875
vt 0.663574219 0.711425781
vt 0.728515625 0.713867188
vt 0.725097656 0.761230469
vt 0.670410156 0.674804688
vt 0.757324219 0.761230469
vt 0.729003906 0.675292969
vt 0.731445312 0.643554688
vt 0.671386719 0.642578125
vt 0.734863281 0.607421875
vt 0.673828125 0.61328125
vt 0.688476562 0.5859375
vt 0.733398438 0.58984375
vt 0.788574219 0.609375
vt 0.77734375 0.586425781
vt 0.788574219 0.642089844
vt 0.790527344 0.673339844
vt 0.791503906 0.713378906
vt 0.788085938 0.760742188
vt 0.763183594 0.794433594
vt 0.767578125 0.79296875
vt 0.756347656 0.796386719
vt 0.700683594 0.884765625
vt 0.695800781 0.888183594
vt 0.697753906 0.901855469
vt 0.705566406 0.897949219
vt 0.702148438 0.881347656
vt 0.70703125 0.884765625
vt 0.701660156 0.875976562
vt 0.71484375 0.880859375
vt 0.708007812 0.875
vt 0.697753906 0.901855469
vt 0.695800781 0.888183594
vt 0.688964844 0.888183594
vt 0.688964844 0.87890625
vt 0.697265625 0.87890625
vt 0.173461914 0.666992188
vt 0.180786133 0.66796875
vt 0.18359375 0.661132812
vt 0.171264648 0.658691406
vt 0.187744141 0.654296875
vt 0.207885742 0.681640625
vt 0.219726562 0.672851562
vt 0.207397461 0.641113281
vt 0.167480469 0.654296875
vt 0.158081055 0.642089844
vt 0.157470703 0.650390625
vt 0.688964844 0.872558594
vt 0.688964844 0.87890625
vt 0.697265625 0.87890625
vt 0.696777344 0.875
vt 0.688964844 0.866699219
vt 0.188964844 0.766601562
vt 0.164306641 0.767089844
vt 0.178955078 0.770019531
vt 0.174560547 0.76171875
vt 0.188110352 0.759277344
vt 0.163452148 0.760742188
vt 0.156005859 0.764160156
vt 0.149658203 0.759277344
vt 0.149414062 0.762695312
vt 0.135864258 0.759277344
vt 0.133544922 0.752441406
vt 0.149902344 0.752441406
vt 0.166503906 0.75390625
vt 0.179199219 0.75390625
vt 0.190673828 0.75390625
vt 0.206054688 0.755371094
vt 0.200561523 0.759765625
vt 0.0980834961 0.75390625
vt 0.106079102 0.755371094
vt 0.103881836 0.749511719
vt 0.0935668945 0.750976562
vt 0.505371094 0.644042969
vt 0.493896484 0.637695312
vt 0.480712891 0.661132812
vt 0.506347656 0.664550781
vt 0.53515625 0.664550781
vt 0.536132812 0.640136719
vt 0.564453125 0.644042969
vt 0.506347656 0.686035156
vt 0.459472656 0.6875
vt 0.446777344 0.716308594
vt 0.535644531 0.687011719
vt 0.535644531 0.728027344
vt 0.497558594 0.724121094
vt 0.434082031 0.754882812
vt 0.491455078 0.764648438
vt 0.418945312 0.799804688
vt 0.483886719 0.806640625
vt 0.419189453 0.829589844
vt 0.4375 0.84375
vt 0.447021484 0.863769531
vt 0.564941406 0.686035156
vt 0.536132812 0.769042969
vt 0.563476562 0.664550781
vt 0.590820312 0.659179688
vt 0.577636719 0.63671875
vt 0.610351562 0.687011719
vt 0.623535156 0.715332031
vt 0.57421875 0.723632812
vt 0.63671875 0.753417969
vt 0.581054688 0.763671875
vt 0.649414062 0.797851562
vt 0.589355469 0.805175781
vt 0.651855469 0.840820312
vt 0.536621094 0.813476562
vt 0.537109375 0.853027344
vt 0.590332031 0.848144531
vt 0.483398438 0.850097656
vt 0.587890625 0.887695312
vt 0.641601562 0.883789062
vt 0.624023438 0.915527344
vt 0.583007812 0.9375
vt 0.541503906 0.944335938
vt 0.537109375 0.891113281
vt 0.486328125 0.889160156
vt 0.450683594 0.887695312
vt 0.474365234 0.905761719
vt 0.503417969 0.919921875
vt 0.512207031 0.946777344
vt 0.911621094 0.979980469
vt 0.970703125 0.974121094
vt 0.956054688 0.958007812
vt 0.91015625 0.962890625
vt 0.904785156 0.980957031
vt 0.903808594 0.965820312
vt 0.937988281 0.932617188
vt 0.964355469 0.936035156
vt 0.927246094 0.899902344
vt 0.903808594 0.950683594
vt 0.899902344 0.95703125
vt 0.890625 0.937011719
vt 0.923828125 0.944824219
vt 0.905761719 0.905761719
vt 0.926269531 0.876464844
vt 0.908691406 0.877441406
vt 0.918457031 0.845703125
vt 0.953125 0.870117188
vt 0.953125 0.846679688
vt 0.951660156 0.830566406
vt 0.931640625 0.829589844
vt 0.962890625 0.828613281
vt 0.947753906 0.795898438
vt 0.946777344 0.802734375
vt 0.8828125 0.783691406
vt 0.881835938 0.801269531
vt 0.812988281 0.79296875
vt 0.931640625 0.829589844
vt 0.822753906 0.799316406
vt 0.800292969 0.817382812
vt 0.885253906 0.828125
vt 0.918457031 0.845703125
vt 0.831542969 0.822265625
vt 0.875488281 0.853515625
vt 0.908691406 0.877441406
vt 0.828613281 0.854003906
vt 0.87109375 0.876464844
vt 0.905761719 0.905761719
vt 0.827636719 0.879882812
vt 0.868164062 0.907226562
vt 0.890625 0.937011719
vt 0.828613281 0.908691406
vt 0.86328125 0.932128906
vt 0.888671875 0.943847656
vt 0.833984375 0.936035156
vt 0.862792969 0.939941406
vt 0.833496094 0.943359375
vt 0.956054688 0.958007812
vt 0.993164062 0.946777344
vt 0.977539062 0.943847656
vt 0.991210938 0.896484375
vt 0.977539062 0.943847656
vt 0.991210938 0.896484375
vt 0.977050781 0.900878906
vt 0.98046875 0.853515625
vt 0.969726562 0.862792969
vt 0.972167969 0.828613281
vt 0.969726562 0.862792969
vt 0.98046875 0.853515625
vt 0.962890625 0.828613281
vt 0.954589844 0.784179688
vt 0.947753906 0.795898438
vt 0.883789062 0.772949219
vt 0.8828125 0.783691406
vt 0.807617188 0.77734375
vt 0.812988281 0.79296875
vt 0.788085938 0.805664062
vt 0.800292969 0.817382812
vt 0.771972656 0.841796875
vt 0.781738281 0.848632812
vt 0.76171875 0.877441406
vt 0.770019531 0.877441406
vt 0.756835938 0.907714844
vt 0.766113281 0.909667969
vt 0.75390625 0.936035156
vt 0.762207031 0.935546875
vt 0.756347656 0.965332031
vt 0.768554688 0.951660156
vt 0.784179688 0.974121094
vt 0.784667969 0.960449219
vt 0.790039062 0.975097656
vt 0.773925781 0.928222656
vt 0.762207031 0.935546875
vt 0.788085938 0.936523438
vt 0.784667969 0.90625
vt 0.802246094 0.905273438
vt 0.794921875 0.881347656
vt 0.827636719 0.879882812
vt 0.801269531 0.851074219
vt 0.828613281 0.854003906
vt 0.810546875 0.815917969
vt 0.831542969 0.822265625
vt 0.828613281 0.908691406
vt 0.80078125 0.942871094
vt 0.812988281 0.939453125
vt 0.792480469 0.960449219
vt 0.802246094 0.963867188
vt 0.809570312 0.948730469
vt 0.799316406 0.973632812
vt 0.822753906 0.799316406
vt 0.800292969 0.817382812
vt 0.810546875 0.815917969
vt 0.801269531 0.851074219
vt 0.781738281 0.848632812
vt 0.770019531 0.877441406
vt 0.794921875 0.881347656
vt 0.766113281 0.909667969
vt 0.784667969 0.90625
vt 0.762207031 0.935546875
vt 0.773925781 0.928222656
vt 0.953125 0.846679688
vt 0.969726562 0.862792969
vt 0.962890625 0.828613281
vt 0.953125 0.870117188
vt 0.955566406 0.898925781
vt 0.977050781 0.900878906
vt 0.964355469 0.936035156
vt 0.977539062 0.943847656
vt 0.955566406 0.898925781
vt 0.953125 0.870117188
vt 0.926269531 0.876464844
vt 0.927246094 0.899902344
vt 0.964355469 0.936035156
vt 0.833984375 0.936035156
vt 0.828613281 0.908691406
vt 0.812988281 0.939453125
vt 0.809570312 0.948730469
vt 0.833496094 0.943359375
vt 0.275878906 0.626464844
vt 0.262451172 0.625976562
vt 0.265136719 0.64453125
vt 0.269775391 0.645996094
vt 0.280761719 0.629882812
vt 0.262207031 0.654296875
vt 0.286865234 0.644042969
vt 0.270751953 0.653808594
vt 0.260742188 0.675292969
vt 0.292480469 0.678222656
vt 0.270996094 0.674804688
vt 0.262695312 0.685058594
vt 0.269775391 0.685058594
vt 0.279541016 0.697753906
vt 0.259277344 0.701660156
vt 0.271484375 0.702636719
vt 0.259277344 0.701660156
vt 0.262695312 0.685058594
vt 0.260742188 0.675292969
vt 0.240478516 0.677734375
vt 0.247436523 0.643066406
vt 0.262207031 0.654296875
vt 0.265136719 0.64453125
vt 0.262451172 0.625976562
vn 0.919921875 -0.150390625 0.362304688
vn 0.470947266 -0.486328125 0.735839844
vn 0.112487793 -0.737792969 0.666015625
vn -0.326660156 -0.332519531 0.884765625
vn -0.688964844 -0.491455078 0.532714844
vn -0.7421875 -0.171508789 0.647949219
vn 0.374755859 0.459228516 0.805664062
vn -0.128173828 0.409912109 0.903320312
vn -0.435058594 0.392089844 0.810546875
vn 0.430175781 -0.719238281 0.545898438
vn 0.919921875 -0.150390625 0.362304688
vn 0.0555114746 -0.994140625 0.0914306641
vn 0.0713500977 0.704101562 0.706542969
vn -0.0120925903 0.899414062 0.436767578
vn 0.0610351562 0.930175781 0.362548828
vn -0.253417969 -0.34375 0.904296875
vn -0.18371582 -0.395263672 0.899902344
vn -0.375 0.0848999023 0.923339844
vn -0.267333984 0.657714844 0.704101562
vn -0.243041992 0.0353393555 0.969238281
vn -0.0897216797 0.160400391 0.982910156
vn -0.358398438 0.541992188 0.760253906
vn -0.379150391 0.490234375 0.784667969
vn 0.455810547 0.275146484 0.846679688
vn -0.441650391 -0.717285156 0.5390625
vn -0.634277344 -0.0440368652 0.771972656
vn -0.0992431641 -0.40234375 0.91015625
vn -0.051361084 0.931152344 0.360839844
vn 0.315185547 0.866210938 0.388183594
vn 0.551269531 0.562011719 0.616699219
vn -0.474609375 0.00593948364 0.879882812
vn -0.0795898438 -0.877441406 0.473388672
vn -0.168457031 0.00646209717 0.985839844
vn -0.673339844 -0.644042969 0.363769531
vn -0.357421875 -0.838378906 0.411865234
vn -0.474609375 0.00593948364 0.879882812
vn 0.112487793 -0.737792969 0.666015625
vn -0.151611328 0.520507812 0.840332031
vn -0.436523438 -0.334716797 0.834960938
vn 0.395751953 -0.374267578 0.838378906
vn 0.114746094 0.421386719 0.899414062
vn -0.147460938 -0.790527344 0.594238281
vn 0.314453125 -0.137207031 -0.939453125
vn 0.449462891 -0.14074707 -0.882324219
vn 0.994140625 -0.078125 -0.0752563477
vn 0.560546875 0.8125 0.160644531
vn 0.580078125 0.78515625 0.217041016
vn 0.703125 0.473876953 0.529785156
vn 0.55859375 0.645507812 0.520996094
vn 0.40234375 0.17980957 0.897460938
vn 0.657714844 0.345458984 0.669433594
vn 0.560546875 0.8125 0.160644531
vn 0.440185547 0.364501953 -0.8203125
vn 0.663085938 0.624023438 -0.413574219
vn 0.40234375 0.17980957 0.897460938
vn 0.932128906 -0.0662231445 0.35546875
vn 0.978027344 0.162231445 0.131469727
vn -0.327148438 -0.549804688 0.768554688
vn 0.24987793 -0.6484375 0.71875
vn 0.129272461 -0.669921875 0.730957031
vn -0.533691406 -0.307128906 0.788085938
vn -0.696777344 -0.153320312 0.700683594
vn 0.610839844 -0.357421875 0.706542969
vn -0.782714844 0.137695312 0.606933594
vn -0.62890625 0.124023438 0.767578125
vn 0.729492188 -0.116760254 0.673828125
vn -0.751953125 0.352539062 0.557128906
vn -0.5625 0.300048828 0.770019531
vn 0.75 0.368652344 0.549316406
vn -0.328613281 0.6640625 0.671386719
vn -0.575195312 0.631835938 0.51953125
vn 0.713378906 0.490966797 0.5
vn 0.116577148 0.823242188 0.555664062
vn 0.713378906 0.490966797 0.5
vn 0.729492188 -0.116760254 0.673828125
vn 0.75 0.368652344 0.549316406
vn 0.876953125 -0.194580078 0.439208984
vn 0.713378906 -0.469238281 0.520507812
vn 0.610839844 -0.357421875 0.706542969
vn 0.24987793 -0.6484375 0.71875
vn 0.129272461 -0.669921875 0.730957031
vn -0.785644531 -0.519042969 0.336669922
vn -0.846679688 -0.471923828 0.24609375
vn -0.673339844 -0.644042969 0.363769531
vn -0.569335938 -0.700195312 0.430664062
vn -0.357421875 -0.838378906 0.411865234
vn -0.0795898438 -0.877441406 0.473388672
vn -0.474609375 0.00593948364 0.879882812
vn -0.250244141 -0.770507812 0.586425781
vn -0.00070810318 -0.879394531 0.476318359
vn -0.168457031 0.00646209717 0.985839844
vn -0.0072517395 -0.752441406 0.658691406
vn -0.388427734 -0.276611328 0.87890625
vn 0.00449752808 -0.197509766 0.98046875
vn 0.232543945 -0.772949219 0.58984375
vn 0.0664672852 -0.883789062 0.463378906
vn 0.557128906 -0.704589844 0.439208984
vn 0.328369141 -0.8515625 0.408691406
vn 0.659667969 -0.660644531 0.358398438
vn -0.412597656 0.515625 0.750976562
vn 0.0145797729 0.573242188 0.819335938
vn 0.00449752808 -0.197509766 0.98046875
vn -0.388427734 -0.276611328 0.87890625
vn -0.721679688 0.390380859 0.571289062
vn -0.767578125 -0.267089844 0.582519531
vn -0.250244141 -0.770507812 0.586425781
vn -0.69140625 0.695800781 0.192993164
vn -0.569335938 -0.700195312 0.430664062
vn -0.961914062 0.0847167969 0.260742188
vn -0.448730469 0.476806641 0.755859375
vn -0.655273438 0.125732422 0.745117188
vn -0.846679688 -0.471923828 0.24609375
vn -0.872070312 -0.330322266 0.360839844
vn -0.785644531 -0.519042969 0.336669922
vn 0.15234375 0.142333984 0.978027344
vn -0.138061523 -0.002866745 0.990234375
vn 0.919921875 -0.150390625 0.362304688
vn 0.112487793 -0.737792969 0.666015625
vn 0.0555114746 -0.994140625 0.0914306641
vn -0.436523438 -0.334716797 0.834960938
vn -0.109558105 -0.994140625 -0.0053024292
vn -0.247680664 -0.179443359 0.952148438
vn -0.104858398 -0.994628906 -0.00329971313
vn 0.00520324707 -0.993652344 0.110656738
vn 0.00858306885 -0.219604492 0.975585938
vn 0.238891602 -0.15612793 0.958496094
vn 0.0930786133 -0.995605469 -0.0083770752
vn 0.0832519531 -0.996582031 -0.011138916
vn 0.395751953 -0.374267578 0.838378906
vn -0.0893554688 -0.994140625 0.0604248047
vn -0.147460938 -0.790527344 0.594238281
vn -0.924316406 -0.122924805 0.361572266
vn 0.470947266 -0.486328125 0.735839844
vn 0.919921875 -0.150390625 0.362304688
vn 0.934570312 0.0953979492 0.342773438
vn 0.412597656 -0.167602539 0.895507812
vn 0.834472656 0.433349609 0.340576172
vn 0.286376953 0.104492188 0.952636719
vn 0.17565918 0.673828125 0.717773438
vn 0.0922241211 0.19140625 0.977050781
vn 0.439697266 0.0935668945 0.893066406
vn 0.30078125 -0.422851562 0.854980469
vn -0.326660156 -0.332519531 0.884765625
vn 0.119995117 0.318115234 0.940429688
vn -0.7421875 -0.171508789 0.647949219
vn -0.43359375 0.363525391 0.824707031
vn 0.374755859 0.459228516 0.805664062
vn 0.383789062 0.428222656 0.817871094
vn -0.305419922 0.314208984 0.898925781
vn -0.435058594 0.392089844 0.810546875
vn -0.474609375 0.00593948364 0.879882812
vn -0.436523438 -0.334716797 0.834960938
vn -0.151611328 0.520507812 0.840332031
vn -0.168457031 0.00646209717 0.985839844
vn -0.247680664 -0.179443359 0.952148438
vn 0.159545898 0.438964844 0.884277344
vn -0.128173828 0.409912109 0.903320312
vn -0.0722045898 0.26171875 0.962402344
vn -0.427490234 0.120910645 0.895996094
vn 0.15234375 0.142333984 0.978027344
vn -0.785644531 -0.519042969 0.336669922
vn -0.138061523 -0.002866745 0.990234375
vn -0.31640625 0.0134887695 0.948730469
vn -0.655273438 0.125732422 0.745117188
vn -0.872070312 -0.330322266 0.360839844
vn -0.167358398 0.0067024231 0.985839844
vn -0.448730469 0.476806641 0.755859375
vn -0.10369873 0.0751953125 0.991699219
vn -0.262695312 0.0512390137 0.963378906
vn -0.0758666992 0.12512207 0.989257812
vn -0.222290039 0.117919922 0.967773438
vn -0.166625977 0.180664062 0.969238281
vn -0.0555725098 0.202636719 0.977539062
vn -0.00105571747 0.137207031 0.990722656
vn 0.0166778564 0.223510742 0.974609375
vn -0.322998047 0.826171875 0.461914062
vn 0.0614624023 0.225952148 0.972167969
vn -0.0549316406 0.895996094 0.440673828
vn 0.100646973 0.329833984 0.938476562
vn 0.276123047 0.935546875 0.219970703
vn 0.0709838867 0.211914062 0.974609375
vn 0.0737304688 0.130249023 0.988769531
vn 0.0940551758 0.136352539 0.986328125
vn 0.211303711 0.0298156738 0.977050781
vn -0.128173828 0.409912109 0.903320312
vn -0.785644531 -0.519042969 0.336669922
vn -0.673339844 -0.644042969 0.363769531
vn -0.435058594 0.392089844 0.810546875
vn -0.474609375 0.00593948364 0.879882812
vn -0.448730469 0.476806641 0.755859375
vn -0.167358398 0.0067024231 0.985839844
vn -0.10369873 0.0751953125 0.991699219
vn -0.229003906 0.786621094 0.573242188
vn -0.0296936035 0.0490722656 0.998535156
vn 0.00176334381 0.880371094 0.474121094
vn -0.00215911865 0.0676269531 0.997558594
vn 0.029006958 0.0498657227 0.998535156
vn 0.101074219 0.0678710938 0.992675781
vn 0.2265625 0.787109375 0.573242188
vn 0.447753906 0.489257812 0.748535156
vn -0.00102710724 0.117614746 0.993164062
vn -0.00105571747 0.137207031 0.990722656
vn -0.0758666992 0.12512207 0.989257812
vn 0.0737304688 0.130249023 0.988769531
vn 0.0614624023 0.225952148 0.972167969
vn 0.160766602 -0.00392913818 0.986816406
vn 0.285400391 -0.0104141235 0.958496094
vn 0.670410156 0.128173828 0.73046875
vn 0.147460938 -0.0327453613 0.988769531
vn 0.883789062 -0.318359375 0.343017578
vn -0.0980834961 0.154663086 0.982910156
vn 0.0475463867 0.222900391 0.973632812
vn -0.427490234 0.120910645 0.895996094
vn -0.43359375 0.363525391 0.824707031
vn -0.7421875 -0.171508789 0.647949219
vn -0.937988281 -0.237548828 0.253417969
vn -0.919921875 -0.138671875 0.3671875
vn -0.31640625 0.0134887695 0.948730469
vn -0.907226562 0.0717163086 0.415039062
vn -0.262695312 0.0512390137 0.963378906
vn -0.839355469 0.345947266 0.418945312
vn -0.222290039 0.117919922 0.967773438
vn -0.891601562 -0.401123047 0.209472656
vn -0.688964844 -0.491455078 0.532714844
vn -0.4609375 -0.46484375 0.755859375
vn -0.261230469 -0.302734375 0.916503906
vn -0.649902344 0.665039062 0.367431641
vn -0.166625977 0.180664062 0.969238281
vn -0.0555725098 0.202636719 0.977539062
vn -0.322998047 0.826171875 0.461914062
vn -0.891601562 -0.401123047 0.209472656
vn -0.261230469 -0.302734375 0.916503906
vn -0.823730469 -0.491210938 0.283447266
vn -0.272949219 -0.275878906 0.921875
vn -0.797363281 -0.505859375 0.329833984
vn 0.286376953 0.104492188 0.952636719
vn 0.412597656 -0.167602539 0.895507812
vn -0.049621582 -0.581542969 0.812011719
vn 0.470947266 -0.486328125 0.735839844
vn -0.4609375 -0.46484375 0.755859375
vn -0.688964844 -0.491455078 0.532714844
vn 0.112487793 -0.737792969 0.666015625
vn -0.104553223 -0.671875 0.733398438
vn -0.326660156 -0.332519531 0.884765625
vn 0.30078125 -0.422851562 0.854980469
vn -0.151611328 0.520507812 0.840332031
vn 0.0922241211 0.19140625 0.977050781
vn -0.272949219 -0.275878906 0.921875
vn 0.286376953 0.104492188 0.952636719
vn -0.291015625 -0.313720703 0.903808594
vn -0.797363281 -0.505859375 0.329833984
vn -0.806640625 -0.461425781 0.368896484
vn -0.0175170898 -0.349853516 0.936523438
vn -0.18371582 -0.395263672 0.899902344
vn 0.00136947632 -0.469482422 0.8828125
vn -0.806640625 -0.461425781 0.368896484
vn -0.0175170898 -0.349853516 0.936523438
vn -0.0645751953 -0.329101562 0.941894531
vn 0.801757812 -0.473632812 0.364746094
vn 0.618652344 -0.0308227539 0.78515625
vn 0.919921875 -0.150390625 0.362304688
vn 0.430175781 -0.719238281 0.545898438
vn 0.934570312 0.0953979492 0.342773438
vn 0.681640625 0.420410156 0.599121094
vn 0.834472656 0.433349609 0.340576172
vn 0.400146484 0.722167969 0.563964844
vn 0.17565918 0.673828125 0.717773438
vn -0.00519943237 -0.9375 0.348632812
vn 0.430175781 -0.719238281 0.545898438
vn 0.0555114746 -0.994140625 0.0914306641
vn -0.109558105 -0.994140625 -0.0053024292
vn -0.00196266174 -0.943847656 0.330810547
vn -0.104858398 -0.994628906 -0.00329971313
vn 0.00520324707 -0.993652344 0.110656738
vn 0.0930786133 -0.995605469 -0.0083770752
vn 0.000969409943 -0.534667969 0.845214844
vn 0.0832519531 -0.996582031 -0.011138916
vn -0.0106201172 -0.940917969 0.338378906
vn -0.0992431641 -0.40234375 0.91015625
vn -0.0893554688 -0.994140625 0.0604248047
vn -0.441650391 -0.717285156 0.5390625
vn -0.924316406 -0.122924805 0.361572266
vn 0.430175781 -0.719238281 0.545898438
vn 0.0863647461 -0.390625 0.916503906
vn 0.618652344 -0.0308227539 0.78515625
vn -0.00519943237 -0.9375 0.348632812
vn 0.000969409943 -0.534667969 0.845214844
vn 0.181640625 0.160644531 0.970214844
vn 0.681640625 0.420410156 0.599121094
vn 0.618652344 -0.0308227539 0.78515625
vn 0.0703125 0.650878906 0.755859375
vn 0.400146484 0.722167969 0.563964844
vn 0.17565918 0.673828125 0.717773438
vn 0.181640625 0.160644531 0.970214844
vn 0.618652344 -0.0308227539 0.78515625
vn 0.0863647461 -0.390625 0.916503906
vn -0.00102424622 -0.0145492554 1
vn 0.0703125 0.650878906 0.755859375
vn 0.000969409943 -0.534667969 0.845214844
vn -0.0992431641 -0.40234375 0.91015625
vn -0.198486328 0.154907227 0.967773438
vn -0.634277344 -0.0440368652 0.771972656
vn -0.322998047 0.826171875 0.461914062
vn -0.649902344 0.665039062 0.367431641
vn -0.697753906 0.716308594 0.00532531738
vn -0.932617188 0.361083984 0.0119934082
vn -0.839355469 0.345947266 0.418945312
vn -0.998046875 0.0623474121 0.00370788574
vn -0.907226562 0.0717163086 0.415039062
vn -0.735351562 0.312255859 -0.6015625
vn -0.584960938 0.658691406 -0.47265625
vn -0.360595703 0.932617188 -0.0231170654
vn -0.278076172 0.782226562 -0.557617188
vn -0.7734375 0.063659668 -0.630371094
vn -0.778808594 -0.129272461 -0.613769531
vn -0.985839844 -0.168579102 0.00746536255
vn -0.919921875 -0.138671875 0.3671875
vn -0.755859375 -0.240844727 -0.608886719
vn -0.956542969 -0.291992188 0.000727176666
vn -0.937988281 -0.237548828 0.253417969
vn -0.752441406 -0.340820312 -0.563476562
vn -0.917480469 -0.397705078 0.00760650635
vn -0.891601562 -0.401123047 0.209472656
vn -0.76953125 -0.438720703 -0.463867188
vn -0.869140625 -0.494140625 0.0178985596
vn -0.823730469 -0.491210938 0.283447266
vn -0.817871094 -0.477783203 -0.320800781
vn -0.87890625 -0.4765625 0.0227966309
vn -0.875 -0.390136719 -0.287597656
vn -0.797363281 -0.505859375 0.329833984
vn -0.915039062 -0.402587891 0.0285339355
vn -0.806640625 -0.461425781 0.368896484
vn -0.322998047 0.826171875 0.461914062
vn -0.697753906 0.716308594 0.00532531738
vn -0.360595703 0.932617188 -0.0231170654
vn -0.0549316406 0.895996094 0.440673828
vn -0.0697631836 0.996582031 -0.0395507812
vn -0.278076172 0.782226562 -0.557617188
vn -0.081237793 0.788574219 -0.609375
vn 0.00595474243 0.774902344 -0.632324219
vn 0.15637207 0.986816406 -0.0410461426
vn 0.276123047 0.935546875 0.219970703
vn 0.0703125 0.650878906 0.755859375
vn -0.622558594 0.646484375 0.440673828
vn 0.17565918 0.673828125 0.717773438
vn -0.490722656 0.598632812 0.6328125
vn -0.261962891 0.883300781 0.389160156
vn 0.0713500977 0.704101562 0.706542969
vn 0.0610351562 0.930175781 0.362548828
vn -0.375 0.0848999023 0.923339844
vn -0.18371582 -0.395263672 0.899902344
vn -0.291015625 -0.313720703 0.903808594
vn 0.0922241211 0.19140625 0.977050781
vn -0.615722656 0.237060547 0.751464844
vn 0.17565918 0.673828125 0.717773438
vn -0.542480469 -0.0143966675 0.83984375
vn -0.375 0.0848999023 0.923339844
vn -0.615722656 0.237060547 0.751464844
vn -0.253417969 -0.34375 0.904296875
vn 0.063293457 0.134765625 0.988769531
vn 0.00581741333 -0.403808594 0.915039062
vn 0.00136947632 -0.469482422 0.8828125
vn -0.18371582 -0.395263672 0.899902344
vn -0.542480469 -0.0143966675 0.83984375
vn -0.615722656 0.237060547 0.751464844
vn -0.522949219 0.209472656 0.826171875
vn -0.622558594 0.646484375 0.440673828
vn -0.490722656 0.598632812 0.6328125
vn 0.17565918 0.673828125 0.717773438
vn 0.0610351562 0.930175781 0.362548828
vn -0.0120925903 0.899414062 0.436767578
vn -0.0140457153 0.682617188 0.73046875
vn 0.297363281 0.62109375 0.725097656
vn -0.00981903076 0.392822266 0.919433594
vn -0.490722656 0.598632812 0.6328125
vn -0.261962891 0.883300781 0.389160156
vn -0.522949219 0.209472656 0.826171875
vn 0.176147461 0.377197266 0.909179688
vn -0.00106716156 0.0932006836 0.995605469
vn 0.063293457 0.134765625 0.988769531
vn -0.542480469 -0.0143966675 0.83984375
vn 0.00581741333 -0.403808594 0.915039062
vn -0.0520629883 0.123474121 0.991210938
vn -0.166381836 0.374023438 0.912597656
vn 0.274169922 -0.344970703 0.897949219
vn 0.00136947632 -0.469482422 0.8828125
vn 0.184204102 -0.386474609 0.903808594
vn 0.362792969 0.104309082 0.926269531
vn 0.598144531 -0.0238342285 0.801269531
vn 0.607421875 0.265136719 0.748535156
vn 0.583496094 0.184326172 0.791015625
vn 0.625488281 0.630371094 0.460205078
vn -0.293945312 0.620605469 0.7265625
vn 0.551269531 0.562011719 0.616699219
vn -0.051361084 0.931152344 0.360839844
vn -0.00102424622 -0.0145492554 1
vn 0.0713500977 0.704101562 0.706542969
vn 0.0703125 0.650878906 0.755859375
vn -0.00764083862 0.854003906 0.520019531
vn -0.0120925903 0.899414062 0.436767578
vn -0.0661010742 0.702148438 0.708984375
vn -0.0768432617 0.650390625 0.755859375
vn -0.198486328 0.154907227 0.967773438
vn -0.719726562 0.393554688 0.571777344
vn -0.634277344 -0.0440368652 0.771972656
vn -0.441650391 0.716308594 0.540527344
vn -0.267333984 0.657714844 0.704101562
vn 0.959960938 0.0965576172 0.262695312
vn 0.670410156 0.128173828 0.73046875
vn 0.883789062 -0.318359375 0.343017578
vn 0.447753906 0.489257812 0.748535156
vn 0.672363281 0.7109375 0.206420898
vn 0.758300781 -0.252441406 0.601074219
vn 0.672363281 0.7109375 0.206420898
vn 0.959960938 0.0965576172 0.262695312
vn 0.673828125 0.421386719 0.606933594
vn 0.387939453 -0.260498047 0.884277344
vn 0.387939453 -0.260498047 0.884277344
vn 0.414550781 0.518066406 0.748535156
vn 0.673828125 0.421386719 0.606933594
vn 0.309082031 0.93359375 0.180786133
vn 0.672363281 0.7109375 0.206420898
vn 0.447753906 0.489257812 0.748535156
vn 0.2265625 0.787109375 0.573242188
vn 0.0145797729 0.573242188 0.819335938
vn 0.012336731 0.967773438 0.251220703
vn 0.00176334381 0.880371094 0.474121094
vn -0.229003906 0.786621094 0.573242188
vn -0.309082031 0.936035156 0.168945312
vn -0.412597656 0.515625 0.750976562
vn -0.448730469 0.476806641 0.755859375
vn -0.721679688 0.390380859 0.571289062
vn -0.69140625 0.695800781 0.192993164
vn 0.414550781 0.518066406 0.748535156
vn 0.387939453 -0.260498047 0.884277344
vn 0.00449752808 -0.197509766 0.98046875
vn 0.0145797729 0.573242188 0.819335938
vn -0.924316406 -0.122924805 0.361572266
vn -0.147460938 -0.790527344 0.594238281
vn -0.484619141 -0.512207031 0.708984375
vn -0.931152344 0.104797363 0.348632812
vn -0.325683594 -0.200927734 0.923828125
vn -0.859863281 0.389892578 0.328857422
vn -0.243041992 0.0353393555 0.969238281
vn -0.267333984 0.657714844 0.704101562
vn 0.110656738 -0.635253906 0.764648438
vn -0.325683594 -0.200927734 0.923828125
vn -0.484619141 -0.512207031 0.708984375
vn -0.147460938 -0.790527344 0.594238281
vn 0.110656738 -0.635253906 0.764648438
vn -0.147460938 -0.790527344 0.594238281
vn 0.152832031 -0.692871094 0.705078125
vn -0.3125 -0.339599609 0.887207031
vn 0.114746094 0.421386719 0.899414062
vn 0.281005859 -0.291503906 0.914550781
vn 0.110656738 -0.635253906 0.764648438
vn 0.429443359 -0.514160156 0.742675781
vn -0.325683594 -0.200927734 0.923828125
vn -0.243041992 0.0353393555 0.969238281
vn 0.21496582 -0.233642578 0.948242188
vn -0.0897216797 0.160400391 0.982910156
vn -0.3125 -0.339599609 0.887207031
vn 0.308837891 -0.274414062 0.910644531
vn 0.152832031 -0.692871094 0.705078125
vn -0.40625 0.309082031 0.859863281
vn -0.100830078 0.406738281 0.907714844
vn -0.100830078 0.406738281 0.907714844
vn 0.740234375 -0.140991211 0.657226562
vn 0.308837891 -0.274414062 0.910644531
vn 0.398925781 0.403320312 0.823730469
vn 0.396728516 0.117675781 0.91015625
vn 0.0475463867 0.222900391 0.973632812
vn 0.166137695 0.396972656 0.902832031
vn 0.455810547 0.275146484 0.846679688
vn 0.659667969 -0.660644531 0.358398438
vn 0.789550781 -0.529785156 0.310546875
vn 0.849609375 -0.467285156 0.244628906
vn 0.557128906 -0.704589844 0.439208984
vn 0.883789062 -0.318359375 0.343017578
vn -0.0980834961 0.154663086 0.982910156
vn 0.959960938 0.0965576172 0.262695312
vn 0.758300781 -0.252441406 0.601074219
vn 0.232543945 -0.772949219 0.58984375
vn 0.387939453 -0.260498047 0.884277344
vn -0.0072517395 -0.752441406 0.658691406
vn 0.00449752808 -0.197509766 0.98046875
vn -0.0980834961 0.154663086 0.982910156
vn 0.166137695 0.396972656 0.902832031
vn 0.789550781 -0.529785156 0.310546875
vn -0.163452148 0.456054688 0.875
vn 0.0475463867 0.222900391 0.973632812
vn 0.398925781 0.403320312 0.823730469
vn -0.358398438 0.541992188 0.760253906
vn 0.455810547 0.275146484 0.846679688
vn -0.100830078 0.406738281 0.907714844
vn -0.40625 0.309082031 0.859863281
vn -0.379150391 0.490234375 0.784667969
vn 0.229003906 0.52734375 0.818359375
vn 0.396728516 0.117675781 0.91015625
vn 0.0475463867 0.222900391 0.973632812
vn 0.147460938 -0.0327453613 0.988769531
vn 0.285400391 -0.0104141235 0.958496094
vn 0.860839844 -0.140625 0.489501953
vn 0.919921875 -0.242431641 0.308105469
vn 0.396728516 0.117675781 0.91015625
vn 0.919921875 -0.242431641 0.308105469
vn 0.740234375 -0.140991211 0.657226562
vn 0.88671875 -0.411865234 0.210449219
vn 0.697265625 -0.496337891 0.517578125
vn 0.308837891 -0.274414062 0.910644531
vn 0.152832031 -0.692871094 0.705078125
vn 0.110656738 -0.635253906 0.764648438
vn 0.429443359 -0.514160156 0.742675781
vn 0.281005859 -0.291503906 0.914550781
vn 0.821289062 -0.49609375 0.281982422
vn 0.21496582 -0.233642578 0.948242188
vn 0.795898438 -0.502929688 0.337158203
vn 0.285400391 -0.0104141235 0.958496094
vn 0.891113281 -0.119750977 0.437988281
vn 0.860839844 -0.140625 0.489501953
vn 0.211303711 0.0298156738 0.977050781
vn 0.101074219 0.0678710938 0.992675781
vn 0.0737304688 0.130249023 0.988769531
vn -0.634277344 -0.0440368652 0.771972656
vn -0.441650391 -0.717285156 0.5390625
vn -0.924316406 -0.122924805 0.361572266
vn -0.931152344 0.104797363 0.348632812
vn -0.719726562 0.393554688 0.571777344
vn -0.859863281 0.389892578 0.328857422
vn -0.441650391 0.716308594 0.540527344
vn -0.267333984 0.657714844 0.704101562
vn 0.860839844 -0.140625 0.489501953
vn 0.891113281 -0.119750977 0.437988281
vn 0.989746094 -0.130615234 0.0549621582
vn 0.976074219 -0.193969727 0.0974731445
vn 0.879394531 -0.00381851196 -0.476318359
vn 0.919921875 -0.242431641 0.308105469
vn 0.951660156 -0.307128906 0.0123596191
vn 0.96875 -0.246582031 0.0168914795
vn 0.88671875 -0.411865234 0.210449219
vn 0.966796875 -0.249023438 -0.0556945801
vn 0.913574219 -0.40625 0.0234527588
vn 0.862304688 -0.504882812 0.0370178223
vn 0.821289062 -0.49609375 0.281982422
vn 0.858886719 -0.510742188 0.0329284668
vn 0.795898438 -0.502929688 0.337158203
vn 0.801757812 -0.473632812 0.364746094
vn 0.889648438 -0.455078125 0.036315918
vn 0.763183594 -0.531738281 -0.367431641
vn 0.822265625 -0.494628906 -0.281005859
vn 0.741210938 -0.456787109 -0.491943359
vn 0.731933594 -0.342529297 -0.588867188
vn 0.666503906 -0.23449707 -0.708007812
vn 0.449462891 -0.14074707 -0.882324219
vn 0.997070312 -0.0677490234 0.0319519043
vn 0.994140625 -0.078125 -0.0752563477
vn 0.932128906 0.0197601318 0.361572266
vn 0.315185547 0.866210938 0.388183594
vn -0.051361084 0.931152344 0.360839844
vn -0.0661010742 0.702148438 0.708984375
vn -0.0768432617 0.650390625 0.755859375
vn 0.551269531 0.562011719 0.616699219
vn 0.625488281 0.630371094 0.460205078
vn 0.583496094 0.184326172 0.791015625
vn -0.267333984 0.657714844 0.704101562
vn 0.607421875 0.265136719 0.748535156
vn -0.0661010742 0.702148438 0.708984375
vn -0.051361084 0.931152344 0.360839844
vn -0.0120925903 0.899414062 0.436767578
vn -0.0140457153 0.682617188 0.73046875
vn -0.293945312 0.620605469 0.7265625
vn 0.607421875 0.265136719 0.748535156
vn -0.267333984 0.657714844 0.704101562
vn -0.0897216797 0.160400391 0.982910156
vn 0.362792969 0.104309082 0.926269531
vn 0.217895508 -0.273193359 0.937011719
vn 0.21496582 -0.233642578 0.948242188
vn 0.795898438 -0.502929688 0.337158203
vn 0.801757812 -0.473632812 0.364746094
vn 0.184204102 -0.386474609 0.903808594
vn -0.0175170898 -0.349853516 0.936523438
vn 0.00136947632 -0.469482422 0.8828125
vn -0.00981903076 0.392822266 0.919433594
vn -0.0140457153 0.682617188 0.73046875
vn -0.293945312 0.620605469 0.7265625
vn -0.166381836 0.374023438 0.912597656
vn -0.00106716156 0.0932006836 0.995605469
vn 0.455810547 0.275146484 0.846679688
vn 0.328369141 -0.8515625 0.408691406
vn 0.659667969 -0.660644531 0.358398438
vn 0.466064453 -0.0362243652 0.884277344
vn 0.229003906 0.52734375 0.818359375
vn 0.166137695 -0.00716018677 0.985839844
vn 0.0664672852 -0.883789062 0.463378906
vn 0.0144805908 0.049987793 0.998535156
vn -0.00070810318 -0.879394531 0.476318359
vn -0.168457031 0.00646209717 0.985839844
vn -0.247680664 -0.179443359 0.952148438
vn 0.00858306885 -0.219604492 0.975585938
vn 0.238891602 -0.15612793 0.958496094
vn 0.395751953 -0.374267578 0.838378906
vn 0.114746094 0.421386719 0.899414062
vn -0.3125 -0.339599609 0.887207031
vn -0.40625 0.309082031 0.859863281
vn 0.439697266 0.0935668945 0.893066406
vn -0.305419922 0.314208984 0.898925781
vn -0.151611328 0.520507812 0.840332031
vn 0.30078125 -0.422851562 0.854980469
vn 0.309814453 -0.449462891 -0.837890625
vn 0.822265625 -0.494628906 -0.281005859
vn 0.763183594 -0.531738281 -0.367431641
vn 0.278320312 -0.368896484 -0.88671875
vn 0.00744247437 -0.31640625 -0.948730469
vn 0.0149307251 -0.377197266 -0.92578125
vn -0.307617188 -0.351074219 -0.884277344
vn 0.213623047 -0.212890625 -0.953613281
vn 0.741210938 -0.456787109 -0.491943359
vn 0.731933594 -0.342529297 -0.588867188
vn -0.00191783905 -0.150512695 -0.988769531
vn -0.00132465363 -0.0648803711 -0.998046875
vn 0.180664062 -0.120361328 -0.976074219
vn 0.666503906 -0.23449707 -0.708007812
vn 0.147705078 -0.0511169434 -0.987792969
vn 0.449462891 -0.14074707 -0.882324219
vn 0.112854004 -0.0100708008 -0.993652344
vn 0.314453125 -0.137207031 -0.939453125
vn 0.116088867 -0.0492248535 -0.9921875
vn 0.0606384277 0.120300293 -0.990722656
vn -0.242431641 -0.210693359 -0.946777344
vn -0.000754833221 -0.0115356445 -1
vn -0.300537109 -0.332275391 -0.894042969
vn -0.817871094 -0.477783203 -0.320800781
vn -0.875 -0.390136719 -0.287597656
vn -0.76953125 -0.438720703 -0.463867188
vn -0.752441406 -0.340820312 -0.563476562
vn -0.199951172 -0.118164062 -0.97265625
vn -0.755859375 -0.240844727 -0.608886719
vn -0.169433594 -0.0540771484 -0.983886719
vn -0.778808594 -0.129272461 -0.613769531
vn -0.152709961 -0.002784729 -0.98828125
vn -0.7734375 0.063659668 -0.630371094
vn -0.000339746475 0.0304107666 -0.999511719
vn 0.0025844574 0.0712890625 -0.997558594
vn -0.126464844 0.0463562012 -0.990722656
vn 0.0491943359 0.084777832 -0.995117188
vn -0.0961303711 0.116821289 -0.98828125
vn -0.735351562 0.312255859 -0.6015625
vn -0.584960938 0.658691406 -0.47265625
vn -0.278076172 0.782226562 -0.557617188
vn -0.081237793 0.788574219 -0.609375
vn -0.0134353638 0.120239258 -0.992675781
vn 0.0679931641 0.0581665039 -0.99609375
vn 0.0994873047 0.170654297 -0.98046875
vn 0.0909423828 -0.0841674805 -0.9921875
vn -0.0213317871 0.0965576172 -0.995117188
vn 0.00595474243 0.774902344 -0.632324219
vn 0.599121094 0.798828125 0.0539245605
vn 0.580078125 0.78515625 0.217041016
vn 0.560546875 0.8125 0.160644531
vn 0.638183594 0.763183594 0.104064941
vn 0.732421875 0.655273438 -0.184204102
vn 0.838867188 0.529296875 -0.127685547
vn 0.623046875 0.744140625 0.240966797
vn 0.663085938 0.624023438 -0.413574219
vn 0.674804688 0.693847656 0.250244141
vn 0.657714844 0.345458984 0.669433594
vn 0.978027344 0.162231445 0.131469727
vn 0.40234375 0.17980957 0.897460938
vn 0.588378906 0.750488281 0.301513672
vn 0.55859375 0.645507812 0.520996094
vn 0.724121094 0.662109375 0.192871094
vn 0.625 0.639648438 0.447265625
vn 0.740234375 0.63671875 0.215942383
vn 0.712890625 0.606933594 -0.350830078
vn 0.714355469 0.694335938 -0.0897216797
vn 0.7890625 0.61328125 -0.0292816162
vn 0.778320312 0.5546875 0.293945312
vn 0.626953125 0.579101562 -0.520996094
vn 0.983886719 -0.0784912109 -0.160766602
vn 0.853027344 0.493896484 -0.168945312
vn 0.965820312 -0.258300781 0.018951416
vn 0.811035156 0.584472656 -0.0151519775
vn 0.881347656 -0.243164062 0.405517578
vn 0.532714844 0.824707031 -0.189086914
vn 0.943359375 0.237060547 0.231323242
vn 0.225341797 0.104003906 0.96875
vn 0.579101562 0.813476562 -0.0537109375
vn 0.662109375 0.724121094 -0.192260742
vn 0.581542969 0.807128906 0.101928711
vn 0.668945312 0.743164062 -0.00260925293
vn 0.547363281 0.820800781 -0.16418457
vn 0.642578125 0.750488281 0.152954102
vn 0.509277344 0.859863281 0.037109375
vn 0.320556641 0.945800781 -0.0528259277
vn 0.466308594 0.862792969 0.194702148
vn 0.306884766 0.950683594 0.0402526855
vn 0.315673828 0.948730469 -0.0114059448
vn 0.311279297 0.943359375 0.116210938
vn 0.336914062 0.940917969 0.0301513672
vn 0.828125 0.549804688 -0.109619141
vn 0.375976562 0.923339844 0.078125
vn 0.830078125 0.556152344 0.0446166992
vn 0.816894531 0.551269531 0.169799805
vn 0.560546875 0.8125 0.160644531
vn 0.703125 0.473876953 0.529785156
vn 0.690917969 0.501953125 0.520019531
vn 0.699707031 0.551269531 0.454589844
vn 0.690917969 0.501953125 0.520019531
vn 0.699707031 0.551269531 0.454589844
vn 0.71484375 0.506347656 0.482177734
vn 0.491699219 0.830566406 0.260986328
vn 0.559082031 0.775390625 0.293701172
vn 0.633789062 0.76953125 0.0780639648
vn 0.559082031 0.775390625 0.293701172
vn 0.491699219 0.830566406 0.260986328
vn 0.741210938 0.670898438 0.0178070068
vn 0.9921875 0.0994873047 -0.0759277344
vn 0.987792969 0.132446289 -0.0797119141
vn 0.999023438 0.00323295593 0.0434570312
vn 0.998535156 0.0047416687 0.0505371094
vn 0.987304688 0.112670898 0.110900879
vn 0.983398438 0.151489258 0.0999755859
vn 0.76171875 0.639160156 0.108703613
vn 0.665527344 0.734375 0.134277344
vn 0.493652344 0.850097656 0.182128906
vn 0.512207031 0.839355469 0.183349609
vn 0.846679688 0.495605469 0.193237305
vn 0.7734375 0.603515625 0.194580078
vn 0.947753906 0.314941406 0.047454834
vn 0.943847656 0.329101562 0.0340576172
vn 0.7578125 0.580566406 -0.298583984
vn 0.763671875 0.576660156 -0.290527344
vn 0.733886719 0.605957031 -0.306884766
vn 0.614257812 0.718261719 -0.327148438
vn 0.759765625 0.61328125 -0.215087891
vn 0.656738281 0.687988281 -0.308837891
vn 0.70703125 0.701660156 -0.0893554688
vn 0.660644531 0.750976562 -0.00595855713
vn 0.443847656 0.562988281 0.697265625
vn 0.482421875 0.623046875 -0.615722656
vn 0.801269531 0.513183594 0.307373047
vn 0.533203125 0.485107422 -0.692871094
vn 0.699707031 0.586425781 0.408203125
vn 0.552246094 0.55078125 -0.625488281
vn 0.617675781 0.735351562 0.278808594
vn 0.591308594 0.640625 -0.489990234
vn 0.785644531 0.603027344 0.139526367
vn 0.6484375 0.658203125 -0.382568359
vn 0.391601562 0.397460938 -0.830078125
vn 0.586914062 0.520996094 -0.619628906
vn 0.627441406 0.263427734 -0.732910156
vn 0.712890625 0.652832031 -0.256347656
vn 0.767578125 0.633789062 -0.0957641602
vn 0.798339844 0.333984375 -0.501464844
vn 0.687988281 0.723144531 -0.0620727539
vn 0.943359375 0.237060547 0.231323242
vn 0.225341797 0.104003906 0.96875
vn 0.785644531 0.603027344 0.139526367
vn 0.617675781 0.735351562 0.278808594
vn -0.00171375275 0.10723877 0.994140625
vn 0.0900878906 0.014503479 0.995605469
vn 0.699707031 0.586425781 0.408203125
vn 0.333740234 0.0542907715 0.940917969
vn 0.801269531 0.513183594 0.307373047
vn 0.443847656 0.562988281 0.697265625
vn 0.660644531 0.750976562 -0.00595855713
vn 0.714355469 0.694335938 -0.0897216797
vn 0.350830078 0.305908203 -0.885253906
vn 0.626953125 0.579101562 -0.520996094
vn 0.712890625 0.606933594 -0.350830078
vn 0.702148438 0.561523438 -0.4375
vn 0.411132812 0.18359375 -0.893066406
vn 0.663085938 0.624023438 -0.413574219
vn 0.440185547 0.364501953 -0.8203125
vn 0.702148438 0.561523438 -0.4375
vn 0.712890625 0.606933594 -0.350830078
vn 0.724121094 0.662109375 0.192871094
vn 0.674804688 0.693847656 0.250244141
vn 0.663085938 0.624023438 -0.413574219
vn 0.193969727 0.0528869629 -0.979492188
vn 0.391601562 0.397460938 -0.830078125
vn 0.627441406 0.263427734 -0.732910156
vn 0.798339844 0.333984375 -0.501464844
vn 0.403076172 -0.0930786133 -0.910644531
vn 0.327148438 -0.549804688 0.768554688
vn -0.129272461 -0.669921875 0.730957031
vn -0.24987793 -0.6484375 0.71875
vn 0.533691406 -0.307128906 0.788085938
vn 0.696777344 -0.153320312 0.700683594
vn -0.610839844 -0.357421875 0.706542969
vn 0.782714844 0.137695312 0.606933594
vn 0.62890625 0.124023438 0.767578125
vn -0.729492188 -0.116760254 0.673828125
vn 0.751953125 0.352539062 0.557128906
vn 0.5625 0.300048828 0.770019531
vn -0.75 0.368652344 0.549316406
vn 0.328613281 0.6640625 0.671386719
vn 0.575195312 0.631835938 0.51953125
vn -0.713378906 0.490966797 0.5
vn -0.116577148 0.823242188 0.555664062
vn -0.713378906 0.490966797 0.5
vn -0.75 0.368652344 0.549316406
vn -0.729492188 -0.116760254 0.673828125
vn -0.876953125 -0.194580078 0.439208984
vn -0.713378906 -0.469238281 0.520507812
vn -0.610839844 -0.357421875 0.706542969
vn -0.24987793 -0.6484375 0.71875
vn -0.129272461 -0.669921875 0.730957031
g IS5_MDL_Garage_Walls_Outside_Head_0
f 3/3/3 2/2/2 1/1/1
f 6/6/6 5/5/5 4/4/4
f 9/9/9 8/8/8 7/7/7
f 12/12/12 11/11/11 10/10/10
f 15/15/15 14/14/14 13/13/13
f 18/18/18 17/17/17 16/16/16
f 21/21/21 20/20/20 19/19/19
f 24/24/24 23/23/23 22/22/22
f 27/27/27 26/26/26 25/25/25
f 30/30/30 29/29/29 28/28/28
f 33/33/33 32/32/32 31/31/31
f 36/36/36 35/35/35 34/34/34
f 39/39/39 38/38/38 37/37/37
f 42/42/42 41/41/41 40/40/40
f 45/45/45 44/44/44 43/43/43
f 48/48/48 47/47/47 46/46/46
f 51/51/51 50/50/50 49/49/49
f 54/54/54 53/53/53 52/52/52
f 57/57/57 56/56/56 55/55/55
f 60/60/60 59/59/59 58/58/58
f 59/59/59 61/61/61 58/58/58
f 61/61/61 62/62/62 58/58/58
f 59/59/59 63/63/63 61/61/61
f 62/62/62 61/61/61 64/64/64
f 63/63/63 65/65/65 61/61/61
f 61/61/61 65/65/65 64/64/64
f 65/65/65 63/63/63 66/66/66
f 64/64/64 65/65/65 67/67/67
f 68/68/68 65/65/65 66/66/66
f 65/65/65 68/68/68 67/67/67
f 68/68/68 66/66/66 69/69/69
f 68/68/68 70/70/70 67/67/67
f 70/70/70 68/68/68 69/69/69
f 70/70/70 71/71/71 67/67/67
f 69/69/69 72/72/72 70/70/70
f 70/70/70 73/73/73 71/71/71
f 72/72/72 73/73/73 70/70/70
f 76/76/76 75/75/75 74/74/74
f 75/75/75 77/77/77 74/74/74
f 77/77/77 75/75/75 78/78/78
f 75/75/75 79/79/79 78/78/78
f 78/78/78 79/79/79 80/80/80
f 81/81/81 78/78/78 80/80/80
f 84/84/84 83/83/83 82/82/82
f 83/83/83 84/84/84 85/85/85
f 84/84/84 86/86/86 85/85/85
f 85/85/85 86/86/86 87/87/87
f 87/87/87 86/86/86 88/88/88
f 89/89/89 85/85/85 87/87/87
f 89/89/89 87/87/87 90/90/90
f 90/90/90 87/87/87 91/91/91
f 92/92/92 89/89/89 90/90/90
f 93/93/93 89/89/89 92/92/92
f 94/94/94 93/93/93 92/92/92
f 95/95/95 92/92/92 90/90/90
f 96/96/96 95/95/95 90/90/90
f 97/97/97 95/95/95 96/96/96
f 98/98/98 97/97/97 96/96/96
f 98/98/98 99/99/99 97/97/97
f 102/102/102 101/101/101 100/100/100
f 103/103/103 102/102/102 100/100/100
f 100/100/100 104/104/104 103/103/103
f 104/104/104 105/105/105 103/103/103
f 103/103/103 105/105/105 106/106/106
f 104/104/104 107/107/107 105/105/105
f 105/105/105 108/108/108 106/106/106
f 107/107/107 109/109/109 105/105/105
f 108/108/108 105/105/105 109/109/109
f 107/107/107 110/110/110 109/109/109
f 110/110/110 111/111/111 109/109/109
f 112/112/112 108/108/108 109/109/109
f 111/111/111 113/113/113 109/109/109
f 113/113/113 112/112/112 109/109/109
f 112/112/112 113/113/113 114/114/114
f 114/114/114 113/113/113 115/115/115
f 115/115/115 113/113/113 116/116/116
f 119/119/119 118/118/118 117/117/117
f 120/120/120 118/118/118 119/119/119
f 121/121/121 120/120/120 119/119/119
f 122/122/122 120/120/120 121/121/121
f 123/123/123 122/122/122 121/121/121
f 122/122/122 123/123/123 124/124/124
f 125/125/125 122/122/122 124/124/124
f 126/126/126 125/125/125 124/124/124
f 127/127/127 126/126/126 124/124/124
f 126/126/126 127/127/127 128/128/128
f 129/129/129 126/126/126 128/128/128
f 129/129/129 128/128/128 130/130/130
f 131/131/131 129/129/129 130/130/130
f 131/131/131 130/130/130 132/132/132
f 135/135/135 134/134/134 133/133/133
f 136/136/136 135/135/135 133/133/133
f 137/137/137 135/135/135 136/136/136
f 138/138/138 137/137/137 136/136/136
f 137/137/137 138/138/138 139/139/139
f 138/138/138 140/140/140 139/139/139
f 143/143/143 142/142/142 141/141/141
f 144/144/144 143/143/143 141/141/141
f 145/145/145 143/143/143 144/144/144
f 146/146/146 145/145/145 144/144/144
f 144/144/144 141/141/141 147/147/147
f 144/144/144 147/147/147 146/146/146
f 141/141/141 148/148/148 147/147/147
f 148/148/148 141/141/141 149/149/149
f 148/148/148 150/150/150 147/147/147
f 148/148/148 149/149/149 150/150/150
f 150/150/150 149/149/149 151/151/151
f 151/151/151 149/149/149 152/152/152
f 149/149/149 153/153/153 152/152/152
f 154/154/154 151/151/151 152/152/152
f 155/155/155 154/154/154 152/152/152
f 147/147/147 156/156/156 146/146/146
f 147/147/147 157/157/157 156/156/156
f 146/146/146 156/156/156 158/158/158
f 159/159/159 146/146/146 158/158/158
f 157/157/157 160/160/160 156/156/156
f 156/156/156 160/160/160 158/158/158
f 157/157/157 161/161/161 160/160/160
f 160/160/160 162/162/162 158/158/158
f 158/158/158 162/162/162 159/159/159
f 162/162/162 163/163/163 159/159/159
f 163/163/163 162/162/162 164/164/164
f 165/165/165 164/164/164 162/162/162
f 166/166/166 163/163/163 164/164/164
f 166/166/166 164/164/164 167/167/167
f 166/166/166 168/168/168 163/163/163
f 168/168/168 169/169/169 163/163/163
f 168/168/168 170/170/170 169/169/169
f 170/170/170 171/171/171 169/169/169
f 171/171/171 170/170/170 172/172/172
f 170/170/170 173/173/173 172/172/172
f 173/173/173 170/170/170 174/174/174
f 175/175/175 173/173/173 174/174/174
f 176/176/176 173/173/173 175/175/175
f 177/177/177 175/175/175 174/174/174
f 178/178/178 176/176/176 175/175/175
f 175/175/175 177/177/177 178/178/178
f 177/177/177 179/179/179 178/178/178
f 180/180/180 178/178/178 179/179/179
f 181/181/181 179/179/179 177/177/177
f 177/177/177 182/182/182 181/181/181
f 182/182/182 183/183/183 181/181/181
f 183/183/183 182/182/182 184/184/184
f 187/187/187 186/186/186 185/185/185
f 188/188/188 187/187/187 185/185/185
f 188/188/188 189/189/189 187/187/187
f 192/192/192 191/191/191 190/190/190
f 192/192/192 190/190/190 193/193/193
f 194/194/194 192/192/192 193/193/193
f 194/194/194 193/193/193 195/195/195
f 196/196/196 194/194/194 195/195/195
f 194/194/194 196/196/196 192/192/192
f 197/197/197 196/196/196 195/195/195
f 196/196/196 197/197/197 198/198/198
f 199/199/199 197/197/197 195/195/195
f 198/198/198 197/197/197 199/199/199
f 200/200/200 198/198/198 199/199/199
f 196/196/196 201/201/201 192/192/192
f 201/201/201 196/196/196 198/198/198
f 201/201/201 202/202/202 192/192/192
f 202/202/202 201/201/201 198/198/198
f 202/202/202 203/203/203 192/192/192
f 204/204/204 202/202/202 198/198/198
f 204/204/204 205/205/205 202/202/202
f 206/206/206 198/198/198 200/200/200
f 198/198/198 206/206/206 207/207/207
f 208/208/208 206/206/206 200/200/200
f 207/207/207 206/206/206 208/208/208
f 209/209/209 207/207/207 208/208/208
f 208/208/208 210/210/210 209/209/209
f 210/210/210 211/211/211 209/209/209
f 209/209/209 211/211/211 212/212/212
f 215/215/215 214/214/214 213/213/213
f 216/216/216 215/215/215 213/213/213
f 216/216/216 213/213/213 217/217/217
f 213/213/213 218/218/218 217/217/217
f 219/219/219 217/217/217 218/218/218
f 220/220/220 219/219/219 218/218/218
f 219/219/219 220/220/220 221/221/221
f 220/220/220 222/222/222 221/221/221
f 215/215/215 216/216/216 223/223/223
f 224/224/224 215/215/215 223/223/223
f 224/224/224 223/223/223 225/225/225
f 226/226/226 225/225/225 223/223/223
f 221/221/221 222/222/222 227/227/227
f 222/222/222 228/228/228 227/227/227
f 227/227/227 228/228/228 229/229/229
f 230/230/230 227/227/227 229/229/229
f 233/233/233 232/232/232 231/231/231
f 234/234/234 232/232/232 233/233/233
f 235/235/235 234/234/234 233/233/233
f 232/232/232 234/234/234 236/236/236
f 237/237/237 232/232/232 236/236/236
f 232/232/232 237/237/237 238/238/238
f 237/237/237 239/239/239 238/238/238
f 238/238/238 240/240/240 232/232/232
f 240/240/240 238/238/238 241/241/241
f 239/239/239 242/242/242 238/238/238
f 238/238/238 243/243/243 241/241/241
f 242/242/242 243/243/243 238/238/238
f 241/241/241 243/243/243 244/244/244
f 244/244/244 243/243/243 245/245/245
f 243/243/243 242/242/242 245/245/245
f 246/246/246 245/245/245 242/242/242
f 249/249/249 248/248/248 247/247/247
f 248/248/248 250/250/250 247/247/247
f 248/248/248 251/251/251 250/250/250
f 251/251/251 252/252/252 250/250/250
f 253/253/253 250/250/250 252/252/252
f 254/254/254 250/250/250 253/253/253
f 255/255/255 254/254/254 253/253/253
f 258/258/258 257/257/257 256/256/256
f 257/257/257 258/258/258 259/259/259
f 262/262/262 261/261/261 260/260/260
f 261/261/261 263/263/263 260/260/260
f 260/260/260 263/263/263 264/264/264
f 263/263/263 265/265/265 264/264/264
f 264/264/264 265/265/265 266/266/266
f 265/265/265 267/267/267 266/266/266
f 270/270/270 269/269/269 268/268/268
f 271/271/271 270/270/270 268/268/268
f 268/268/268 272/272/272 271/271/271
f 272/272/272 273/273/273 271/271/271
f 272/272/272 274/274/274 273/273/273
f 274/274/274 272/272/272 275/275/275
f 272/272/272 268/268/268 276/276/276
f 275/275/275 272/272/272 277/277/277
f 278/278/278 272/272/272 276/276/276
f 272/272/272 278/278/278 277/277/277
f 279/279/279 278/278/278 276/276/276
f 280/280/280 277/277/277 278/278/278
f 278/278/278 279/279/279 281/281/281
f 281/281/281 280/280/280 278/278/278
f 282/282/282 280/280/280 281/281/281
f 285/285/285 284/284/284 283/283/283
f 284/284/284 286/286/286 283/283/283
f 286/286/286 284/284/284 287/287/287
f 290/290/290 289/289/289 288/288/288
f 288/288/288 289/289/289 291/291/291
f 289/289/289 292/292/292 291/291/291
f 292/292/292 293/293/293 291/291/291
f 296/296/296 295/295/295 294/294/294
f 294/294/294 297/297/297 296/296/296
f 294/294/294 298/298/298 297/297/297
f 297/297/297 299/299/299 296/296/296
f 299/299/299 297/297/297 300/300/300
f 297/297/297 301/301/301 300/300/300
f 302/302/302 300/300/300 301/301/301
f 305/305/305 304/304/304 303/303/303
f 304/304/304 305/305/305 306/306/306
f 307/307/307 304/304/304 306/306/306
f 307/307/307 306/306/306 308/308/308
f 309/309/309 307/307/307 308/308/308
f 310/310/310 306/306/306 305/305/305
f 306/306/306 310/310/310 308/308/308
f 311/311/311 310/310/310 305/305/305
f 311/311/311 305/305/305 312/312/312
f 313/313/313 311/311/311 312/312/312
f 310/310/310 314/314/314 308/308/308
f 314/314/314 315/315/315 308/308/308
f 308/308/308 316/316/316 309/309/309
f 315/315/315 316/316/316 308/308/308
f 316/316/316 317/317/317 309/309/309
f 315/315/315 318/318/318 316/316/316
f 316/316/316 319/319/319 317/317/317
f 318/318/318 319/319/319 316/316/316
f 319/319/319 320/320/320 317/317/317
f 318/318/318 321/321/321 319/319/319
f 320/320/320 319/319/319 322/322/322
f 321/321/321 322/322/322 319/319/319
f 323/323/323 320/320/320 322/322/322
f 321/321/321 324/324/324 322/322/322
f 323/323/323 322/322/322 325/325/325
f 324/324/324 325/325/325 322/322/322
f 326/326/326 323/323/323 325/325/325
f 324/324/324 327/327/327 325/325/325
f 325/325/325 328/328/328 326/326/326
f 327/327/327 328/328/328 325/325/325
f 327/327/327 329/329/329 328/328/328
f 328/328/328 330/330/330 326/326/326
f 329/329/329 331/331/331 328/328/328
f 328/328/328 331/331/331 330/330/330
f 331/331/331 332/332/332 330/330/330
f 335/335/335 334/334/334 333/333/333
f 335/335/335 333/333/333 336/336/336
f 337/337/337 335/335/335 336/336/336
f 338/338/338 335/335/335 337/337/337
f 339/339/339 338/338/338 337/337/337
f 340/340/340 339/339/339 337/337/337
f 341/341/341 340/340/340 337/337/337
f 341/341/341 337/337/337 336/336/336
f 342/342/342 341/341/341 336/336/336
f 345/345/345 344/344/344 343/343/343
f 344/344/344 346/346/346 343/343/343
f 346/346/346 347/347/347 343/343/343
f 348/348/348 343/343/343 347/347/347
f 349/349/349 348/348/348 347/347/347
f 352/352/352 351/351/351 350/350/350
f 353/353/353 352/352/352 350/350/350
f 353/353/353 350/350/350 354/354/354
f 355/355/355 353/353/353 354/354/354
f 358/358/358 357/357/357 356/356/356
f 356/356/356 357/357/357 359/359/359
f 356/356/356 359/359/359 360/360/360
f 360/360/360 359/359/359 361/361/361
f 361/361/361 359/359/359 362/362/362
f 359/359/359 363/363/363 362/362/362
f 366/366/366 365/365/365 364/364/364
f 367/367/367 365/365/365 366/366/366
f 368/368/368 367/367/367 366/366/366
f 365/365/365 367/367/367 369/369/369
f 372/372/372 371/371/371 370/370/370
f 373/373/373 372/372/372 370/370/370
f 372/372/372 373/373/373 374/374/374
f 375/375/375 373/373/373 370/370/370
f 376/376/376 375/375/375 370/370/370
f 375/375/375 377/377/377 373/373/373
f 373/373/373 378/378/378 374/374/374
f 377/377/377 378/378/378 373/373/373
f 374/374/374 378/378/378 379/379/379
f 378/378/378 377/377/377 380/380/380
f 378/378/378 380/380/380 379/379/379
f 377/377/377 381/381/381 380/380/380
f 379/379/379 380/380/380 382/382/382
f 383/383/383 379/379/379 382/382/382
f 383/383/383 384/384/384 379/379/379
f 385/385/385 383/383/383 382/382/382
f 385/385/385 382/382/382 386/386/386
f 387/387/387 385/385/385 386/386/386
f 387/387/387 388/388/388 385/385/385
f 388/388/388 389/389/389 385/385/385
f 385/385/385 389/389/389 383/383/383
f 388/388/388 390/390/390 389/389/389
f 391/391/391 384/384/384 383/383/383
f 389/389/389 391/391/391 383/383/383
f 390/390/390 391/391/391 389/389/389
f 390/390/390 392/392/392 391/391/391
f 384/384/384 391/391/391 393/393/393
f 391/391/391 394/394/394 393/393/393
f 393/393/393 394/394/394 395/395/395
f 398/398/398 397/397/397 396/396/396
f 396/396/396 397/397/397 399/399/399
f 400/400/400 399/399/399 397/397/397
f 399/399/399 400/400/400 401/401/401
f 401/401/401 396/396/396 399/399/399
f 401/401/401 402/402/402 396/396/396
f 402/402/402 403/403/403 396/396/396
f 404/404/404 403/403/403 402/402/402
f 404/404/404 405/405/405 403/403/403
f 406/406/406 404/404/404 402/402/402
f 407/407/407 406/406/406 402/402/402
f 410/410/410 409/409/409 408/408/408
f 409/409/409 411/411/411 408/408/408
f 411/411/411 412/412/412 408/408/408
f 415/415/415 414/414/414 413/413/413
f 414/414/414 416/416/416 413/413/413
f 413/413/413 416/416/416 417/417/417
f 420/420/420 419/419/419 418/418/418
f 421/421/421 419/419/419 420/420/420
f 422/422/422 421/421/421 420/420/420
f 421/421/421 422/422/422 423/423/423
f 424/424/424 421/421/421 423/423/423
f 419/419/419 421/421/421 425/425/425
f 421/421/421 424/424/424 426/426/426
f 421/421/421 426/426/426 425/425/425
f 424/424/424 427/427/427 426/426/426
f 427/427/427 428/428/428 426/426/426
f 426/426/426 429/429/429 425/425/425
f 428/428/428 429/429/429 426/426/426
f 429/429/429 430/430/430 425/425/425
f 429/429/429 428/428/428 431/431/431
f 430/430/430 429/429/429 432/432/432
f 433/433/433 429/429/429 431/431/431
f 429/429/429 433/433/433 432/432/432
f 436/436/436 435/435/435 434/434/434
f 437/437/437 436/436/436 434/434/434
f 440/440/440 439/439/439 438/438/438
f 438/438/438 441/441/441 440/440/440
f 441/441/441 442/442/442 440/440/440
f 441/441/441 443/443/443 442/442/442
f 443/443/443 444/444/444 442/442/442
f 444/444/444 443/443/443 445/445/445
f 448/448/448 447/447/447 446/446/446
f 449/449/449 448/448/448 446/446/446
f 452/452/452 451/451/451 450/450/450
f 451/451/451 452/452/452 453/453/453
f 451/451/451 453/453/453 454/454/454
f 457/457/457 456/456/456 455/455/455
f 458/458/458 455/455/455 456/456/456
f 455/455/455 458/458/458 459/459/459
f 460/460/460 455/455/455 459/459/459
f 460/460/460 459/459/459 461/461/461
f 464/464/464 463/463/463 462/462/462
f 462/462/462 463/463/463 465/465/465
f 463/463/463 466/466/466 465/465/465
f 469/469/469 468/468/468 467/467/467
f 468/468/468 470/470/470 467/467/467
f 470/470/470 468/468/468 471/471/471
f 470/470/470 471/471/471 472/472/472
f 475/475/475 474/474/474 473/473/473
f 476/476/476 475/475/475 473/473/473
f 477/477/477 475/475/475 476/476/476
f 475/475/475 477/477/477 478/478/478
f 479/479/479 477/477/477 476/476/476
f 479/479/479 476/476/476 480/480/480
f 477/477/477 479/479/479 481/481/481
f 478/478/478 477/477/477 481/481/481
f 482/482/482 478/478/478 481/481/481
f 478/478/478 482/482/482 483/483/483
f 482/482/482 484/484/484 483/483/483
f 483/483/483 484/484/484 485/485/485
f 484/484/484 486/486/486 485/485/485
f 489/489/489 488/488/488 487/487/487
f 487/487/487 488/488/488 490/490/490
f 487/487/487 490/490/490 491/491/491
f 490/490/490 492/492/492 491/491/491
f 488/488/488 493/493/493 490/490/490
f 490/490/490 493/493/493 492/492/492
f 488/488/488 494/494/494 493/493/493
f 493/493/493 495/495/495 492/492/492
f 496/496/496 495/495/495 493/493/493
f 497/497/497 496/496/496 493/493/493
f 494/494/494 498/498/498 497/497/497
f 498/498/498 496/496/496 497/497/497
f 501/501/501 500/500/500 499/499/499
f 502/502/502 501/501/501 499/499/499
f 502/502/502 499/499/499 503/503/503
f 499/499/499 504/504/504 503/503/503
f 507/507/507 506/506/506 505/505/505
f 506/506/506 507/507/507 508/508/508
f 507/507/507 509/509/509 508/508/508
f 509/509/509 507/507/507 510/510/510
f 511/511/511 509/509/509 510/510/510
f 511/511/511 512/512/512 509/509/509
f 512/512/512 513/513/513 509/509/509
f 508/508/508 509/509/509 513/513/513
f 513/513/513 514/514/514 508/508/508
f 514/514/514 515/515/515 508/508/508
f 514/514/514 516/516/516 515/515/515
f 516/516/516 517/517/517 515/515/515
f 520/520/520 519/519/519 518/518/518
f 519/519/519 521/521/521 518/518/518
f 521/521/521 522/522/522 518/518/518
f 523/523/523 522/522/522 521/521/521
f 526/526/526 525/525/525 524/524/524
f 527/527/527 526/526/526 524/524/524
f 527/527/527 524/524/524 528/528/528
f 529/529/529 527/527/527 528/528/528
f 529/529/529 528/528/528 530/530/530
f 531/531/531 529/529/529 530/530/530
f 534/534/534 533/533/533 532/532/532
f 535/535/535 534/534/534 532/532/532
f 535/535/535 536/536/536 534/534/534
f 537/537/537 535/535/535 532/532/532
f 537/537/537 538/538/538 535/535/535
f 538/538/538 539/539/539 535/535/535
f 538/538/538 537/537/537 540/540/540
f 541/541/541 539/539/539 538/538/538
f 542/542/542 538/538/538 540/540/540
f 542/542/542 540/540/540 543/543/543
f 540/540/540 544/544/544 543/543/543
f 545/545/545 543/543/543 544/544/544
f 546/546/546 545/545/545 544/544/544
f 546/546/546 547/547/547 545/545/545
f 547/547/547 548/548/548 545/545/545
f 545/545/545 548/548/548 549/549/549
f 545/545/545 549/549/549 543/543/543
f 548/548/548 550/550/550 549/549/549
f 549/549/549 551/551/551 543/543/543
f 543/543/543 551/551/551 542/542/542
f 551/551/551 552/552/552 542/542/542
f 538/538/538 542/542/542 552/552/552
f 553/553/553 538/538/538 552/552/552
f 553/553/553 541/541/541 538/538/538
f 553/553/553 554/554/554 541/541/541
f 555/555/555 541/541/541 554/554/554
f 556/556/556 555/555/555 554/554/554
f 555/555/555 557/557/557 541/541/541
f 560/560/560 559/559/559 558/558/558
f 561/561/561 560/560/560 558/558/558
f 558/558/558 562/562/562 561/561/561
f 562/562/562 563/563/563 561/561/561
f 563/563/563 562/562/562 564/564/564
f 563/563/563 565/565/565 561/561/561
f 563/563/563 566/566/566 565/565/565
f 569/569/569 568/568/568 567/567/567
f 569/569/569 570/570/570 568/568/568
f 570/570/570 571/571/571 568/568/568
f 574/574/574 573/573/573 572/572/572
f 575/575/575 574/574/574 572/572/572
f 576/576/576 574/574/574 575/575/575
f 576/576/576 577/577/577 574/574/574
f 578/578/578 577/577/577 576/576/576
f 579/579/579 578/578/578 576/576/576
f 580/580/580 576/576/576 575/575/575
f 576/576/576 581/581/581 579/579/579
f 576/576/576 580/580/580 581/581/581
f 580/580/580 582/582/582 581/581/581
f 585/585/585 584/584/584 583/583/583
f 586/586/586 585/585/585 583/583/583
f 586/586/586 583/583/583 587/587/587
f 590/590/590 589/589/589 588/588/588
f 589/589/589 591/591/591 588/588/588
f 592/592/592 588/588/588 591/591/591
f 591/591/591 589/589/589 593/593/593
f 589/589/589 594/594/594 593/593/593
f 593/593/593 594/594/594 595/595/595
f 594/594/594 596/596/596 595/595/595
f 595/595/595 596/596/596 597/597/597
f 595/595/595 597/597/597 598/598/598
f 599/599/599 595/595/595 598/598/598
f 593/593/593 595/595/595 599/599/599
f 600/600/600 593/593/593 599/599/599
f 591/591/591 593/593/593 600/600/600
f 601/601/601 591/591/591 600/600/600
f 601/601/601 602/602/602 591/591/591
f 602/602/602 592/592/592 591/591/591
f 592/592/592 602/602/602 603/603/603
f 604/604/604 592/592/592 603/603/603
f 607/607/607 606/606/606 605/605/605
f 608/608/608 607/607/607 605/605/605
f 611/611/611 610/610/610 609/609/609
f 612/612/612 611/611/611 609/609/609
f 613/613/613 612/612/612 609/609/609
f 614/614/614 613/613/613 609/609/609
f 613/613/613 614/614/614 615/615/615
f 612/612/612 616/616/616 611/611/611
f 616/616/616 617/617/617 611/611/611
f 618/618/618 617/617/617 616/616/616
f 613/613/613 619/619/619 612/612/612
f 619/619/619 616/616/616 612/612/612
f 619/619/619 620/620/620 616/616/616
f 621/621/621 618/618/618 616/616/616
f 620/620/620 621/621/621 616/616/616
f 622/622/622 618/618/618 621/621/621
f 623/623/623 622/622/622 621/621/621
f 621/621/621 620/620/620 623/623/623
f 622/622/622 623/623/623 624/624/624
f 623/623/623 625/625/625 624/624/624
f 626/626/626 624/624/624 625/625/625
f 627/627/627 626/626/626 625/625/625
f 628/628/628 627/627/627 625/625/625
f 629/629/629 619/619/619 613/613/613
f 620/620/620 619/619/619 629/629/629
f 620/620/620 630/630/630 623/623/623
f 623/623/623 630/630/630 625/625/625
f 631/631/631 629/629/629 613/613/613
f 631/631/631 613/613/613 615/615/615
f 631/631/631 615/615/615 632/632/632
f 615/615/615 633/633/633 632/632/632
f 632/632/632 634/634/634 631/631/631
f 634/634/634 629/629/629 631/631/631
f 634/634/634 635/635/635 629/629/629
f 635/635/635 636/636/636 629/629/629
f 636/636/636 620/620/620 629/629/629
f 635/635/635 637/637/637 636/636/636
f 620/620/620 636/636/636 638/638/638
f 637/637/637 638/638/638 636/636/636
f 630/630/630 620/620/620 638/638/638
f 638/638/638 637/637/637 639/639/639
f 640/640/640 638/638/638 639/639/639
f 630/630/630 638/638/638 640/640/640
f 640/640/640 639/639/639 641/641/641
f 642/642/642 630/630/630 640/640/640
f 630/630/630 642/642/642 625/625/625
f 642/642/642 640/640/640 643/643/643
f 625/625/625 642/642/642 643/643/643
f 644/644/644 640/640/640 641/641/641
f 640/640/640 644/644/644 643/643/643
f 645/645/645 625/625/625 643/643/643
f 645/645/645 628/628/628 625/625/625
f 646/646/646 644/644/644 641/641/641
f 647/647/647 646/646/646 641/641/641
f 646/646/646 647/647/647 648/648/648
f 649/649/649 646/646/646 648/648/648
f 646/646/646 649/649/649 650/650/650
f 643/643/643 644/644/644 651/651/651
f 644/644/644 646/646/646 651/651/651
f 645/645/645 643/643/643 651/651/651
f 651/651/651 646/646/646 650/650/650
f 628/628/628 645/645/645 652/652/652
f 652/652/652 645/645/645 651/651/651
f 653/653/653 628/628/628 652/652/652
f 653/653/653 652/652/652 654/654/654
f 655/655/655 654/654/654 652/652/652
f 651/651/651 655/655/655 652/652/652
f 651/651/651 650/650/650 655/655/655
f 650/650/650 656/656/656 655/655/655
f 659/659/659 658/658/658 657/657/657
f 660/660/660 659/659/659 657/657/657
f 660/660/660 657/657/657 661/661/661
f 662/662/662 660/660/660 661/661/661
f 663/663/663 659/659/659 660/660/660
f 663/663/663 664/664/664 659/659/659
f 663/663/663 665/665/665 664/664/664
f 660/660/660 662/662/662 666/666/666
f 662/662/662 667/667/667 666/666/666
f 666/666/666 667/667/667 668/668/668
f 669/669/669 663/663/663 660/660/660
f 669/669/669 660/660/660 666/666/666
f 663/663/663 669/669/669 665/665/665
f 669/669/669 666/666/666 670/670/670
f 669/669/669 670/670/670 665/665/665
f 665/665/665 670/670/670 671/671/671
f 670/670/670 672/672/672 671/671/671
f 671/671/671 672/672/672 673/673/673
f 674/674/674 671/671/671 673/673/673
f 675/675/675 674/674/674 673/673/673
f 676/676/676 675/675/675 673/673/673
f 677/677/677 676/676/676 673/673/673
f 676/676/676 678/678/678 675/675/675
f 679/679/679 678/678/678 676/676/676
f 680/680/680 676/676/676 677/677/677
f 680/680/680 679/679/679 676/676/676
f 679/679/679 680/680/680 681/681/681
f 680/680/680 682/682/682 681/681/681
f 683/683/683 681/681/681 682/682/682
f 680/680/680 684/684/684 682/682/682
f 685/685/685 683/683/683 682/682/682
f 686/686/686 683/683/683 685/685/685
f 684/684/684 687/687/687 682/682/682
f 685/685/685 682/682/682 687/687/687
f 687/687/687 684/684/684 688/688/688
f 689/689/689 685/685/685 687/687/687
f 690/690/690 687/687/687 688/688/688
f 687/687/687 690/690/690 689/689/689
f 690/690/690 688/688/688 691/691/691
f 690/690/690 692/692/692 689/689/689
f 693/693/693 690/690/690 691/691/691
f 690/690/690 693/693/693 692/692/692
f 693/693/693 691/691/691 694/694/694
f 693/693/693 695/695/695 692/692/692
f 696/696/696 693/693/693 694/694/694
f 693/693/693 696/696/696 695/695/695
f 694/694/694 697/697/697 696/696/696
f 696/696/696 698/698/698 695/695/695
f 697/697/697 699/699/699 696/696/696
f 696/696/696 699/699/699 698/698/698
f 697/697/697 700/700/700 699/699/699
f 699/699/699 701/701/701 698/698/698
f 700/700/700 702/702/702 699/699/699
f 699/699/699 702/702/702 701/701/701
f 702/702/702 703/703/703 701/701/701
f 706/706/706 705/705/705 704/704/704
f 707/707/707 705/705/705 706/706/706
f 710/710/710 709/709/709 708/708/708
f 711/711/711 709/709/709 710/710/710
f 712/712/712 711/711/711 710/710/710
f 715/715/715 714/714/714 713/713/713
f 714/714/714 716/716/716 713/713/713
f 717/717/717 713/713/713 716/716/716
f 718/718/718 717/717/717 716/716/716
f 717/717/717 718/718/718 719/719/719
f 718/718/718 720/720/720 719/719/719
f 721/721/721 719/719/719 720/720/720
f 722/722/722 721/721/721 720/720/720
f 721/721/721 722/722/722 723/723/723
f 722/722/722 724/724/724 723/723/723
f 725/725/725 723/723/723 724/724/724
f 726/726/726 725/725/725 724/724/724
f 727/727/727 725/725/725 726/726/726
f 728/728/728 727/727/727 726/726/726
f 729/729/729 727/727/727 728/728/728
f 730/730/730 729/729/729 728/728/728
f 731/731/731 729/729/729 730/730/730
f 732/732/732 731/731/731 730/730/730
f 733/733/733 731/731/731 732/732/732
f 734/734/734 733/733/733 732/732/732
f 735/735/735 733/733/733 734/734/734
f 736/736/736 735/735/735 734/734/734
f 737/737/737 735/735/735 736/736/736
f 734/734/734 738/738/738 736/736/736
f 739/739/739 738/738/738 734/734/734
f 738/738/738 740/740/740 736/736/736
f 740/740/740 738/738/738 741/741/741
f 742/742/742 740/740/740 741/741/741
f 742/742/742 741/741/741 743/743/743
f 744/744/744 742/742/742 743/743/743
f 743/743/743 745/745/745 744/744/744
f 745/745/745 746/746/746 744/744/744
f 745/745/745 747/747/747 746/746/746
f 747/747/747 748/748/748 746/746/746
f 747/747/747 685/685/685 748/748/748
f 744/744/744 749/749/749 742/742/742
f 742/742/742 749/749/749 740/740/740
f 749/749/749 750/750/750 740/740/740
f 740/740/740 750/750/750 736/736/736
f 750/750/750 749/749/749 751/751/751
f 750/750/750 752/752/752 736/736/736
f 752/752/752 737/737/737 736/736/736
f 750/750/750 751/751/751 753/753/753
f 750/750/750 753/753/753 752/752/752
f 752/752/752 753/753/753 737/737/737
f 751/751/751 754/754/754 753/753/753
f 753/753/753 755/755/755 737/737/737
f 758/758/758 757/757/757 756/756/756
f 757/757/757 758/758/758 759/759/759
f 760/760/760 757/757/757 759/759/759
f 761/761/761 760/760/760 759/759/759
f 762/762/762 761/761/761 759/759/759
f 761/761/761 762/762/762 763/763/763
f 762/762/762 764/764/764 763/763/763
f 763/763/763 764/764/764 765/765/765
f 764/764/764 766/766/766 765/765/765
f 769/769/769 768/768/768 767/767/767
f 768/768/768 770/770/770 767/767/767
f 771/771/771 770/770/770 768/768/768
f 772/772/772 771/771/771 768/768/768
f 773/773/773 771/771/771 772/772/772
f 774/774/774 773/773/773 772/772/772
f 777/777/777 776/776/776 775/775/775
f 778/778/778 777/777/777 775/775/775
f 778/778/778 775/775/775 779/779/779
f 782/782/782 781/781/781 780/780/780
f 782/782/782 780/780/780 783/783/783
f 780/780/780 784/784/784 783/783/783
f 787/787/787 786/786/786 785/785/785
f 788/788/788 787/787/787 785/785/785
f 789/789/789 788/788/788 785/785/785
f 790/790/790 787/787/787 788/788/788
f 788/788/788 789/789/789 791/791/791
f 792/792/792 790/790/790 788/788/788
f 792/792/792 788/788/788 791/791/791
f 790/790/790 792/792/792 793/793/793
f 792/792/792 791/791/791 794/794/794
f 792/792/792 795/795/795 793/793/793
f 795/795/795 792/792/792 794/794/794
f 793/793/793 795/795/795 796/796/796
f 797/797/797 795/795/795 794/794/794
f 795/795/795 797/797/797 796/796/796
f 798/798/798 797/797/797 794/794/794
f 799/799/799 796/796/796 797/797/797
f 800/800/800 797/797/797 798/798/798
f 800/800/800 799/799/799 797/797/797
f 803/803/803 802/802/802 801/801/801
f 804/804/804 803/803/803 801/801/801
f 803/803/803 804/804/804 805/805/805
f 806/806/806 803/803/803 805/805/805
f 806/806/806 805/805/805 807/807/807
f 805/805/805 808/808/808 807/807/807
