g StoneWall_A_4
v -3.53833316 0.48789618 -0.332689207
v -2.62855371 1.37983682 -0.0829458279
v -2.93181353 0.951705312 -0.136462266
v 3.57935313 2.98532997 0.541412619
v 3.91829057 4.07349755 0.505734993
v 3.82909651 3.68104366 0.630606683
v 3.61503075 0.0954422997 0.826833623
v 4.98861934 -0.0829458279 1.02306056
v 4.95294171 -0.118623453 0.791155997
v 5.02429696 0.00624823594 1.30848157
v 5.55946135 0.0419258615 0.916027687
v 4.95294171 -0.118623453 0.791155997
v 5.02429696 0.00624823594 1.30848157
v 4.95294171 -0.118623453 0.791155997
v 4.98861934 -0.0829458279 1.02306056
v 4.98861934 -0.0829458279 1.02306056
v 4.18587276 0.309508053 1.87932358
v 5.02429696 0.00624823594 1.30848157
v 6.39788554 6.99906284 0.737639559
v 6.23733623 6.9455464 0.648445495
v 6.23733623 6.82067471 0.416540929
v 1.90250473 6.87419115 0.113281112
v 2.06305404 7.03474046 0.0597646742
v 2.25928098 7.2309674 0.0597646742
v 1.90250473 6.87419115 0.113281112
v 2.25928098 7.2309674 0.0597646742
v 2.38415267 6.28551033 0.273830427
v -0.755478372 9.08620393 -3.41880381
v -1.04089938 8.64023361 -3.09770518
v -0.933866499 8.51536192 -3.52583669
v -6.44605964 7.51638841 -1.4386956
v -6.55309252 7.65909891 -2.02737642
v -6.2498327 8.21210211 -1.92034354
v -6.05360576 8.12290804 -1.45653441
v -5.66115188 8.69375005 -2.06305404
v -5.44708613 8.6223948 -1.61708373
v -4.66217837 9.06836512 -2.06305404
v -4.59082312 8.96133224 -1.7241166
v -3.53833316 9.26459206 -2.00953761
v -4.89408293 8.58671717 -1.27814628
v -5.51844138 7.87316466 -0.850014777
v -3.48481672 9.12188156 -1.70627779
v -2.30745508 9.35378612 -1.92034354
v -2.23609983 9.17539799 -1.5814061
v -5.92873407 6.82067471 -0.564593772
v -6.71364183 6.51741489 -1.45653441
v -4.35891855 8.81862174 -1.4386956
v -6.21415508 6.23199389 -0.814337151
v -6.96338521 5.78602357 -1.20679103
v -6.58877014 5.19734275 -0.54675496
v -7.10609571 5.21518156 -1.0284029
v -4.32324092 8.49752311 -1.06408053
v -3.37778385 8.85429936 -1.42085678
v -2.91397472 8.78294411 -1.2959851
v -2.37881033 8.6223948 -0.992725279
v -3.18155691 8.42616786 -0.974886466
v -2.12906695 9.03268749 -1.26030747
v -1.75445189 9.08620393 -1.09975816
v -4.64433955 7.90884229 -0.618110211
v -3.71672129 8.46184548 -1.0284029
v -3.89510942 8.05155279 -0.653787836
v -4.2875633 6.99906284 -0.207817517
v -3.7345601 7.40935553 -0.297011581
v -3.21723453 8.12290804 -0.725143087
v -2.55719846 8.35481261 -0.814337151
v -2.09338933 8.26561854 -0.54675496
v -1.89716239 8.58671717 -0.725143087
v -1.29064275 8.72942768 -0.618110211
v -1.2192875 9.19323681 -1.01056409
v -1.00522175 8.64023361 -0.618110211
v -0.630606683 8.9078158 -1.01056409
v -4.75137243 6.62444777 -0.189978704
v -2.71774778 8.0693916 -0.653787836
v -1.4868697 8.30129617 -0.439722083
v -0.630606683 8.40832905 -0.7429819
v -0.255991615 8.33697379 -1.04624172
v -0.327346866 7.62342128 -0.850014777
v -0.844672436 7.76613179 -0.511077334
v -1.20144869 7.32016147 -0.368366832
v -0.363024491 7.17745097 -0.796498338
v -0.48789618 6.58877014 -0.903531215
v -1.11225463 8.03371398 -0.386205645
v -1.32632038 7.69477654 -0.314850394
v -1.68309664 7.90884229 -0.261333955
v -2.27177746 7.98019754 -0.368366832
v -2.41448796 7.42719434 -0.22565633
v -2.87829709 7.62342128 -0.457560896
v -2.57503727 6.85635234 -0.350528019
v -1.46903088 6.76715827 -0.404044458
v -3.23507335 7.69477654 -0.439722083
v -1.45119207 6.55309252 -0.635949023
v -0.559251431 6.37470439 -0.992725279
v -2.77126421 6.60660896 -0.457560896
v -2.87829709 7.05257928 -0.368366832
v -3.14587928 7.17745097 -0.314850394
v -3.21723453 6.83851352 -0.332689207
v -3.05668522 6.6601254 -0.475399709
v -3.7345601 6.42822083 -0.314850394
v -0.791155997 5.91089526 -0.457560896
v -0.434379742 5.35789206 -0.671626649
v -2.41448796 6.16063864 -0.154301079
v -3.69888248 6.26767151 -0.475399709
v -1.46903088 6.2498327 -0.404044458
v -3.02100759 5.94657289 -0.0829458279
v -1.73661307 5.48276375 0.0419258615
v -0.755478372 5.16166512 -0.22565633
v -0.29166924 4.55514549 -0.600271398
v -1.4868697 4.94759937 0.0597646742
v -4.26972449 5.8217012 -0.475399709
v -3.77023773 5.62547426 -0.172139892
v -2.48584321 5.268698 0.184636364
v -4.30540211 6.07144457 -0.332689207
v -4.84056649 5.39356969 -0.511077334
v -4.85840531 5.83954001 -0.332689207
v -5.35789206 6.19631626 -0.279172768
v -5.58979663 5.76818476 -0.475399709
v -6.07144457 4.4302738 -0.243495143
v -2.55719846 4.55514549 0.255991615
v -5.57195782 4.26972449 -0.279172768
v -6.85635234 4.80488887 -0.635949023
v -7.32016147 3.84159298 -0.814337151
v -7.26664503 4.55514549 -0.974886466
v -6.33902677 4.16269161 -0.297011581
v -6.35686558 3.16371809 -0.332689207
v -5.66115188 3.3064286 -0.314850394
v -6.58877014 2.7534254 -0.279172768
v -7.32016147 2.93181353 -0.653787836
v -7.39151672 2.57503727 -0.689465462
v -5.60763544 2.41448796 -0.42188327
v -5.17950394 3.41346147 -0.493238521
v -5.17950394 2.45016558 -0.564593772
v -5.07247106 4.30540211 -0.457560896
v -6.82067471 2.43232677 -0.243495143
v -7.05257928 1.30848157 -0.350528019
v -7.4985496 1.34415919 -0.832175964
v -6.01792814 2.28961627 -0.350528019
v -6.30334914 2.02203408 -0.207817517
v -5.67899069 1.64741901 -0.493238521
v -6.01792814 1.52254732 -0.279172768
v -5.53628019 0.880350061 -0.511077334
v -5.53628019 1.73661307 -0.54675496
v -5.35789206 0.844672436 -0.653787836
v -5.14382631 0.862511248 -0.778659526
v -5.19734275 1.80796832 -0.635949023
v -4.76921124 1.18360988 -0.332689207
v -4.76921124 1.75445189 -0.136462266
v -4.76921124 2.45016558 -0.0472682023
v -4.05565873 2.41448796 0.255991615
v -4.10917517 1.34415919 0.0597646742
v -4.64433955 3.34210622 0.00624823594
v -3.35994503 2.12906695 0.29166924
v -3.4491391 1.36199801 0.166797551
v -4.64433955 4.05565873 -0.0115905768
v -4.03781992 3.23507335 0.220313989
v -2.4680044 1.80796832 0.00624823594
v -2.62855371 1.37983682 -0.0829458279
v -3.43130029 3.09236284 0.309508053
v -2.28961627 2.84261946 -0.0115905768
v -3.85943179 3.8772706 0.255991615
v -4.2875633 5.00111581 -0.100784641
v -2.48584321 3.68104366 0.113281112
v -1.59390257 3.7345601 -0.118623453
v -3.25291216 3.66320485 0.29166924
v -3.64536604 4.50162905 0.238152802
v -3.07452403 5.03679343 0.255991615
v -2.02203408 4.12701398 0.077603487
v -1.46903088 4.53730668 0.00624823594
v -0.737639559 4.2875633 -0.297011581
v -0.898188874 3.7345601 -0.314850394
v -0.327346866 3.80591535 -0.54675496
v -0.505734993 3.14587928 -0.493238521
v -1.32632038 3.5918496 -0.22565633
v -2.03987289 2.77126421 -0.261333955
v -0.987382938 3.19939572 -0.350528019
v -0.719800746 2.45016558 -0.404044458
v -1.13009344 2.53935965 -0.279172768
v -0.898188874 1.32632038 -0.475399709
v -1.23712632 3.16371809 -0.332689207
v -1.57606376 2.69990896 -0.332689207
v -1.36199801 1.37983682 -0.404044458
v -0.844672436 0.755478372 -0.778659526
v -1.30848157 0.826833623 -0.582432585
v -2.07555052 1.00522175 -0.635949023
v -1.84364595 1.55822495 -0.475399709
v -2.27177746 1.7722907 -0.332689207
v -2.37881033 1.09441581 -0.528916147
v -6.55309252 7.65909891 -2.02737642
v -6.44605964 7.51638841 -1.4386956
v -6.71364183 6.51741489 -1.45653441
v -6.85635234 6.71364183 -1.92034354
v -7.07041809 5.85737882 -1.68843898
v -6.96338521 5.78602357 -1.20679103
v -7.10609571 5.21518156 -1.0284029
v -7.21312859 5.19734275 -1.51005085
v -7.30232265 4.44811261 -1.5814061
v -7.26664503 4.55514549 -0.974886466
v -7.32016147 3.84159298 -0.814337151
v -7.42719434 3.69888248 -1.51005085
v -7.32016147 2.93181353 -0.653787836
v -7.48071078 2.96749115 -1.34950153
v -7.39151672 2.57503727 -0.689465462
v -7.46287197 2.57503727 -1.5814061
v -7.51638841 1.32632038 -1.65276135
v -7.4985496 1.34415919 -0.832175964
v -7.35583909 0.523573806 -1.0284029
v -7.37367791 0.48789618 -1.7241166
v -5.67899069 1.64741901 -0.493238521
v -5.35789206 0.844672436 -0.653787836
v -5.53628019 0.880350061 -0.511077334
v -5.44708613 0.220313989 -0.867853589
v -5.00111581 0.255991615 -1.01056409
v -5.14382631 0.862511248 -0.778659526
v -4.76921124 1.18360988 -0.332689207
v -5.87521763 0.933866499 -0.350528019
v -6.01792814 1.52254732 -0.279172768
v -6.30334914 2.02203408 -0.207817517
v -6.48173727 0.951705312 -0.314850394
v -6.82067471 2.43232677 -0.243495143
v -7.05257928 1.30848157 -0.350528019
v -5.91089526 0.434379742 -0.564593772
v -6.33902677 0.309508053 -0.582432585
v -6.16063864 -0.154301079 -1.04624172
v -6.92770759 0.345185678 -0.707304274
v -7.4985496 1.34415919 -0.832175964
v -7.35583909 0.523573806 -1.0284029
v -7.14177334 0.148958738 -1.13543578
v -7.37367791 0.48789618 -1.7241166
v -7.40935553 0.166797551 -1.59924491
v -7.28448384 -0.0294293896 -1.59924491
v -6.96338521 -0.100784641 -1.2959851
v -6.71364183 -0.0472682023 -1.0284029
v -4.59082312 -0.172139892 -1.54572847
v -4.48379024 0.077603487 -1.0284029
v -4.25188567 -0.118623453 -1.56356729
v -3.80591535 -0.118623453 -1.56356729
v -4.64433955 0.791155997 -0.457560896
v -3.91294823 0.077603487 -0.974886466
v -3.46697791 -0.100784641 -1.56356729
v -4.76921124 1.75445189 -0.136462266
v -5.19734275 1.80796832 -0.635949023
v -4.10917517 1.34415919 0.0597646742
v -4.2875633 0.470057368 -0.528916147
v -3.85943179 0.452218555 -0.404044458
v -3.53833316 0.48789618 -0.332689207
v -3.4491391 1.36199801 0.166797551
v -2.62855371 1.37983682 -0.0829458279
v -3.48481672 0.131119925 -0.93920884
v -2.93181353 0.951705312 -0.136462266
v -2.82478065 0.594929057 -0.635949023
v -1.98635645 0.0597646742 -1.33166272
v -2.55719846 -0.0829458279 -1.70627779
v -2.00419527 -0.136462266 -1.83114948
v -2.37881033 1.09441581 -0.528916147
v -2.4680044 1.80796832 0.00624823594
v -2.02203408 0.541412619 -0.867853589
v -2.27177746 1.7722907 -0.332689207
v -2.28961627 2.84261946 -0.0115905768
v -2.03987289 2.77126421 -0.261333955
v -1.59390257 3.7345601 -0.118623453
v -2.07555052 1.00522175 -0.635949023
v -1.30848157 0.826833623 -0.582432585
v -1.43335326 0.398702117 -0.885692402
v -1.64741901 0.077603487 -1.33166272
v -1.2192875 0.0954422997 -1.33166272
v -1.27280394 -0.189978704 -1.99169879
v -0.684123121 0.363024491 -1.20679103
v -0.844672436 0.755478372 -0.778659526
v -0.309508053 0.220313989 -1.95602117
v -1.61174138 9.33594731 -1.45653441
v -2.23609983 9.17539799 -1.5814061
v -2.30745508 9.35378612 -1.92034354
v -1.75445189 9.08620393 -1.09975816
v -1.61174138 9.33594731 -1.45653441
v -2.30745508 9.35378612 -1.92034354
v -1.70093545 9.40730256 -1.90250473
v -1.30848157 9.38946375 -1.92034354
v -1.20144869 9.37162493 -1.40301797
v -1.75445189 9.08620393 -1.09975816
v -1.2192875 9.19323681 -1.01056409
v -0.630606683 8.9078158 -1.01056409
v -0.773317185 9.21107562 -1.51005085
v -0.951705312 9.22891443 -2.04521523
v -0.791155997 9.10404274 -2.17008692
v -0.559251431 9.06836512 -1.63492254
v -0.380863304 8.74726649 -1.27814628
v -0.255991615 8.33697379 -1.04624172
v -0.327346866 0.755478372 -0.22565633
v -0.684123121 0.363024491 -1.20679103
v -0.844672436 0.755478372 -0.778659526
v -0.398702117 1.27280394 -0.0651070151
v -0.898188874 1.32632038 -0.475399709
v -0.719800746 2.45016558 -0.404044458
v -0.0240870487 1.54038613 0.541412619
v 0.22565633 1.11225463 0.594929057
v -0.505734993 2.14690577 -0.0829458279
v -0.29166924 2.57503727 0.184636364
v -0.505734993 3.14587928 -0.493238521
v -0.327346866 3.80591535 -0.54675496
v 0.297011581 1.93284001 0.80899481
v 0.778659526 1.29064275 0.951705312
v 0.0115905768 3.14587928 0.29166924
v 1.0284029 2.45016558 1.00522175
v 0.439722083 3.68104366 0.363024491
v 0.350528019 4.2875633 0.0419258615
v 1.17111341 2.03987289 1.09441581
v 1.84898829 1.29064275 0.951705312
v 1.70627779 2.66423134 0.951705312
v 1.38517916 3.00316878 0.880350061
v 0.867853589 3.8772706 0.470057368
v 0.100784641 4.96543818 -0.189978704
v -0.29166924 4.55514549 -0.600271398
v -0.434379742 5.35789206 -0.671626649
v 1.70627779 3.53833316 0.701961934
v -0.220313989 5.58979663 -0.439722083
v -0.559251431 6.37470439 -0.992725279
v 0.189978704 5.64331307 -0.154301079
v -0.184636364 6.07144457 -0.439722083
v -0.113281112 6.73148065 -0.439722083
v -0.48789618 6.58877014 -0.903531215
v -0.363024491 7.17745097 -0.796498338
v 0.350528019 5.1259875 0.255991615
v 0.297011581 6.12496101 -0.172139892
v 0.332689207 5.50060257 0.148958738
v 0.600271398 4.78705006 0.48789618
v 0.814337151 4.16269161 0.345185678
v 0.850014777 4.48379024 0.505734993
v 1.38517916 3.78807654 0.594929057
v 1.47437322 4.07349755 0.470057368
v -0.0240870487 7.58774366 -0.475399709
v -0.00624823594 7.96235873 -0.582432585
v -0.327346866 7.62342128 -0.850014777
v -0.255991615 8.33697379 -1.04624172
v 0.0115905768 8.53320074 -0.814337151
v -0.380863304 8.74726649 -1.27814628
v -0.077603487 8.97917105 -1.08191934
v -0.559251431 9.06836512 -1.63492254
v -0.255991615 9.30026968 -1.47437322
v -0.791155997 9.10404274 -2.17008692
v 0.368366832 9.21107562 -0.957047653
v 0.582432585 8.51536192 -0.511077334
v 0.439722083 8.01587517 -0.404044458
v 2.06305404 8.15858567 -0.243495143
v 0.7429819 9.08620393 -0.671626649
v 1.95602117 8.99700987 -0.475399709
v -0.470057368 9.47865781 -2.06305404
v 0.118623453 9.51433544 -1.34950153
v 0.261333955 9.94246694 -1.7241166
v -0.273830427 9.76407882 -2.52686318
v -0.80899481 9.22891443 -2.75876774
v 0.832175964 9.69272356 -1.08191934
v -0.220313989 9.85327288 -3.22257687
v -0.755478372 9.08620393 -3.41880381
v -1.04089938 8.64023361 -3.09770518
v 0.528916147 10.3884373 -2.88363943
v 0.332689207 10.2100491 -2.24144217
v 0.974886466 10.317082 -1.95602117
v 1.20679103 10.4597925 -2.7052513
v 1.68843898 10.513309 -2.40199149
v 0.671626649 10.0494998 -1.5814061
v 1.4386956 10.2635656 -1.56356729
v 1.27814628 9.90678932 -1.11759697
v 1.8668271 10.2814044 -1.45653441
v 2.1344093 10.5489866 -2.25928098
v 1.65276135 9.81759525 -0.93920884
v 2.20576455 10.2635656 -1.36734035
v 2.54470199 10.5668254 -2.09873167
v 1.20679103 9.38946375 -0.689465462
v 2.06305404 9.85327288 -0.850014777
v 1.99169879 9.55001306 -0.635949023
v 2.75876774 10.3349208 -1.26030747
v 3.02634993 10.5311478 -1.88466592
v 3.32960975 10.4062761 -1.27814628
v 3.50799788 10.4954701 -1.75979423
v 3.98964582 10.4241149 -1.65276135
v 3.90045176 10.3705984 -1.33166272
v 3.70422482 10.317082 -0.832175964
v 2.49118555 9.94246694 -0.635949023
v 3.09770518 10.2100491 -0.707304274
v 4.52481021 10.1743715 -0.618110211
v 3.86477413 9.96030576 -0.154301079
v 2.45550792 9.62136831 -0.332689207
v 2.93715587 9.79975644 -0.207817517
v 3.31177094 9.42514137 0.202475176
v 4.50697139 9.6035295 0.255991615
v 2.34847505 9.08620393 -0.154301079
v 3.91829057 8.99700987 0.559251431
v 5.2205239 9.28243087 0.541412619
v 2.79444537 8.96133224 0.273830427
v 2.4198303 8.53320074 0.131119925
v 3.27609331 8.40832905 0.737639559
v 4.59616546 8.44400667 0.898188874
v 2.84796181 7.87316466 0.61276787
v 5.14916865 7.90884229 0.969544125
v 5.79136591 8.74726649 0.594929057
v 3.98964582 7.90884229 1.00522175
v 5.72001066 7.37367791 0.684123121
v 6.13030335 7.7839706 0.452218555
v 4.50697139 7.33800028 1.05873819
v 6.23733623 6.82067471 0.416540929
v 6.66546774 6.98122403 0.131119925
v 6.43356317 6.78499708 0.345185678
v 5.95191523 6.71364183 0.541412619
v 5.72001066 6.19631626 0.434379742
v 5.30971797 6.99906284 0.773317185
v 5.25620153 5.91089526 0.666284308
v 4.86374765 6.82067471 0.898188874
v 4.61400427 5.92873407 0.755478372
v 4.02532345 6.85635234 1.076577
v 4.52481021 6.42822083 0.933866499
v 4.27506683 5.57195782 0.737639559
v 3.47232025 7.39151672 1.02306056
v 3.04418875 6.62444777 0.826833623
v 3.77558007 6.17847745 1.00522175
v 4.31074445 6.12496101 0.898188874
v 3.52583669 5.4114085 0.951705312
v 2.45550792 7.39151672 0.255991615
v 3.77558007 4.983277 0.737639559
v 3.98964582 4.64433955 0.505734993
v 3.400965 4.34107974 0.577090244
v 3.91829057 4.07349755 0.505734993
v 3.34744856 4.87624412 0.826833623
v 3.04418875 5.66115188 0.80899481
v 2.66957368 6.42822083 0.541412619
v 2.25928098 7.2309674 0.0597646742
v 2.97283349 5.07247106 0.701961934
v 1.56356729 7.4985496 -0.172139892
v 2.06305404 7.03474046 0.0597646742
v 2.38415267 6.28551033 0.273830427
v 2.7052513 5.80386238 0.559251431
v 0.297011581 7.55206603 -0.314850394
v 1.17111341 6.98122403 -0.100784641
v 0.243495143 6.98122403 -0.243495143
v 0.600271398 6.58877014 -0.118623453
v 0.760820713 6.3925432 0.148958738
v 1.13543578 6.58877014 0.202475176
v 1.90250473 6.87419115 0.113281112
v 1.70627779 6.48173727 0.398702117
v 0.475399709 6.03576695 0.0954422997
v 0.671626649 5.62547426 0.470057368
v 1.11759697 5.80386238 0.630606683
v 1.65276135 5.83954001 0.719800746
v 2.20576455 6.12496101 0.470057368
v 1.15327459 5.05463225 0.755478372
v 2.45550792 5.78602357 0.327346866
v 2.22360336 5.73250713 0.594929057
v 2.22360336 5.34005325 0.648445495
v 1.67060016 5.19734275 0.791155997
v 1.77763304 4.66217837 0.630606683
v 1.38517916 4.5729843 0.61276787
v 2.79444537 5.30437563 0.61276787
v 2.52686318 5.30437563 0.363024491
v 2.84796181 4.60866193 0.470057368
v 2.75876774 4.16269161 0.434379742
v 2.40199149 4.59082312 0.309508053
v 2.17008692 4.91192174 0.594929057
v 2.11657048 4.18053042 0.327346866
v 2.04521523 3.16371809 0.737639559
v 3.5436755 3.89510942 0.434379742
v 3.36528738 3.55617198 0.380863304
v 2.52686318 3.66320485 0.363024491
v 2.06305404 2.20042221 0.862511248
v 3.56151432 3.41346147 0.363024491
v 3.57935313 2.98532997 0.541412619
v 3.43664263 2.20042221 0.452218555
v 3.07986637 3.39562266 0.363024491
v 3.2582545 2.94965234 0.220313989
v 2.38415267 2.87829709 0.61276787
v 3.2582545 2.27177746 0.255991615
v 3.34744856 1.25496513 0.380863304
v 2.75876774 3.12804047 0.327346866
v 2.88363943 2.82478065 0.29166924
v 3.20473806 1.13009344 0.273830427
v 3.56151432 0.541412619 0.273830427
v 2.54470199 2.55719846 0.577090244
v 3.00851112 2.21826102 0.29166924
v 2.50902436 1.95067883 0.701961934
v 3.24041569 0.523573806 0.220313989
v 3.43664263 -0.0115905768 -0.0115905768
v 3.24041569 -0.0115905768 -0.0294293896
v 3.07986637 1.20144869 0.309508053
v 2.31279742 1.11225463 0.737639559
v 2.58037961 0.48789618 0.345185678
v 2.59821843 0.00624823594 -0.0472682023
v 2.1344093 0.077603487 0.077603487
v 2.17008692 0.452218555 0.48789618
v 1.79547185 0.363024491 0.541412619
v 2.1344093 0.077603487 0.077603487
v 2.17008692 0.452218555 0.48789618
v 2.58037961 0.48789618 0.345185678
v 1.79547185 0.363024491 0.541412619
v 1.93818235 0.0419258615 0.00624823594
v 1.65276135 0.00624823594 -0.136462266
v 1.26030747 0.345185678 0.523573806
v 0.778659526 1.29064275 0.951705312
v 1.84898829 1.29064275 0.951705312
v 0.22565633 1.11225463 0.594929057
v 0.814337151 0.29166924 0.255991615
v 1.06408053 -0.0294293896 -0.493238521
v 0.350528019 0.0240870487 -1.0284029
v 0.0829458279 0.363024491 -0.189978704
v -0.327346866 0.755478372 -0.22565633
v -0.309508053 0.220313989 -1.95602117
v -0.684123121 0.363024491 -1.20679103
v 3.43664263 -0.0115905768 -0.0115905768
v 3.56151432 0.541412619 0.273830427
v 3.98964582 0.238152802 0.184636364
v 3.88261295 -0.0651070151 -0.0829458279
v 5.30971797 0.00624823594 -0.279172768
v 3.61503075 0.0954422997 0.826833623
v 3.79341888 0.131119925 0.416540929
v 3.47232025 0.470057368 0.470057368
v 3.56151432 0.541412619 0.273830427
v 3.98964582 0.238152802 0.184636364
v 6.18381979 0.255991615 -0.172139892
v 6.25517504 0.345185678 0.452218555
v 6.50491842 0.594929057 -0.0651070151
v 5.95191523 0.220313989 0.184636364
v 5.30971797 0.00624823594 -0.279172768
v 5.18484628 0.148958738 0.0954422997
v 3.98964582 0.238152802 0.184636364
v 3.79341888 0.131119925 0.416540929
v 5.09565221 -0.0651070151 0.363024491
v 3.61503075 0.0954422997 0.826833623
v 4.95294171 -0.118623453 0.791155997
v 5.55946135 0.0419258615 0.916027687
v 5.6308166 0.00624823594 0.470057368
v 5.79136591 0.184636364 1.20144869
v 5.02429696 0.00624823594 1.30848157
v 6.04110929 0.184636364 0.737639559
v 6.30869148 -0.0115905768 0.791155997
v 6.82601705 0.238152802 0.826833623
v 6.09462573 -0.0472682023 1.11225463
v 6.57627367 -0.100784641 0.987382938
v 6.29085267 -0.100784641 1.30848157
v 6.84385586 -0.0472682023 1.57606376
v 7.07576043 -0.0115905768 1.27280394
v 7.14711568 0.113281112 1.73661307
v 7.07576043 0.202475176 1.02306056
v 7.34334262 0.077603487 1.55822495
v 7.61092481 0.398702117 1.43335326
v 5.34539559 0.113281112 1.54038613
v 5.79136591 0.916027687 1.95067883
v 5.13132984 1.43335326 2.39664915
v 4.63184308 0.577090244 2.28961627
v 4.18587276 0.309508053 1.87932358
v 3.47232025 0.470057368 0.470057368
v 3.56151432 0.541412619 0.273830427
v 3.34744856 1.25496513 0.380863304
v 3.29393212 1.14793225 0.577090244
v 3.43664263 2.20042221 0.452218555
v 3.400965 0.470057368 0.826833623
v 3.61503075 0.0954422997 0.826833623
v 3.32960975 2.02203408 0.684123121
v 3.57935313 2.98532997 0.541412619
v 3.45448144 0.523573806 1.27280394
v 3.72206363 0.148958738 1.32632038
v 4.18587276 0.309508053 1.87932358
v 3.2582545 1.09441581 0.916027687
v 3.5436755 2.94965234 0.701961934
v 3.82909651 3.68104366 0.630606683
v 3.75774126 3.46697791 0.880350061
v 3.91829057 4.07349755 0.505734993
v 3.27609331 1.75445189 1.076577
v 3.32960975 1.37983682 1.36199801
v 3.57935313 1.37983682 1.84364595
v 3.81125769 0.862511248 2.02203408
v 3.400965 1.98635645 1.46903088
v 3.34744856 2.34313271 1.13009344
v 3.61503075 2.23609983 1.64741901
v 3.57935313 2.82478065 1.11225463
v 3.98964582 2.96749115 1.59390257
v 4.16803395 3.57401079 1.71877426
v 4.04316226 4.23404686 1.30848157
v 3.91829057 4.16269161 0.791155997
v 3.98964582 4.64433955 0.505734993
v 4.00748464 4.66217837 0.773317185
v 4.16803395 4.84056649 1.27280394
v 4.27506683 5.57195782 0.737639559
v 4.2393892 5.35789206 0.969544125
v 4.61400427 5.92873407 0.755478372
v 4.59616546 5.66115188 1.16577107
v 5.0778134 6.01792814 0.933866499
v 4.81023121 5.75034594 1.27280394
v 3.61503075 0.0954422997 0.826833623
v 3.72206363 0.148958738 1.32632038
v 4.98861934 -0.0829458279 1.02306056
v 4.18587276 0.309508053 1.87932358
v 3.45448144 0.523573806 1.27280394
v 3.81125769 0.862511248 2.02203408
v 4.18587276 0.309508053 1.87932358
v 4.63184308 0.577090244 2.28961627
v 4.15019514 1.27280394 2.34313271
v 3.57935313 1.37983682 1.84364595
v 4.57832664 1.95067883 2.43232677
v 5.13132984 1.43335326 2.39664915
v 3.86477413 1.82580714 2.07555052
v 3.400965 1.98635645 1.46903088
v 3.61503075 2.23609983 1.64741901
v 3.98964582 2.96749115 1.59390257
v 4.29290564 2.45016558 2.11122814
v 4.88158646 2.66423134 2.28961627
v 4.52481021 3.05668522 2.0577117
v 4.16803395 3.57401079 1.71877426
v 4.34642208 4.09133636 1.84364595
v 4.04316226 4.23404686 1.30848157
v 4.16803395 4.84056649 1.27280394
v 5.32755678 2.37881033 2.32529389
v 5.86272116 2.16474458 2.07555052
v 5.79136591 0.916027687 1.95067883
v 5.02429696 3.46697791 2.20042221
v 4.66752071 3.7345601 2.09338933
v 4.56048783 4.82272768 1.7722907
v 4.7923924 4.50162905 1.98635645
v 4.47129377 5.268698 1.41551444
v 4.2393892 5.35789206 0.969544125
v 4.59616546 5.66115188 1.16577107
v 4.89942527 4.92976056 1.84364595
v 4.82807002 5.32221444 1.61174138
v 4.81023121 5.75034594 1.27280394
v 5.11349103 4.26972449 2.09338933
v 5.43458966 3.3064286 2.16474458
v 5.23836272 4.76921124 1.93284001
v 5.86272116 3.35994503 1.93284001
v 5.2205239 5.23302037 1.68309664
v 5.43458966 4.18053042 2.07555052
v 5.84488235 4.19836923 1.9150012
v 5.47026728 4.76921124 1.9150012
v 5.0778134 5.66115188 1.36199801
v 5.52378372 5.32221444 1.57606376
v 5.38107322 5.89305645 1.04089938
v 5.0778134 6.01792814 0.933866499
v 5.68433303 4.87624412 1.82580714
v 5.9162376 5.25085919 1.87932358
v 5.66649422 5.78602357 1.4868697
v 6.13030335 4.34107974 2.0577117
v 6.48707961 4.32324092 2.11122814
v 6.39788554 5.50060257 1.95067883
v 6.11246454 6.37470439 1.41551444
v 5.59513897 6.21415508 0.933866499
v 5.72001066 6.19631626 0.434379742
v 5.25620153 5.91089526 0.666284308
v 5.82704354 6.49957608 0.951705312
v 5.95191523 6.71364183 0.541412619
v 6.04110929 6.78499708 0.684123121
v 6.23733623 6.82067471 0.416540929
v 6.23733623 6.9455464 0.648445495
v 6.39788554 6.99906284 0.737639559
v 6.45140198 7.0882569 0.559251431
v 6.64762892 7.03474046 0.755478372
v 6.29085267 6.87419115 0.898188874
v 6.54059605 6.9455464 0.916027687
v 6.73682299 6.8028359 1.05873819
v 7.02224399 6.55309252 0.701961934
v 7.12927687 6.33902677 0.933866499
v 6.6119513 6.8028359 1.11225463
v 6.86169468 6.41038202 1.29064275
v 7.32550381 5.554119 1.18360988
v 7.16495449 5.554119 1.59390257
v 6.6119513 6.46389846 1.37983682
v 6.84385586 5.57195782 1.84364595
v 7.27198737 4.34107974 1.73661307
v 6.98656637 4.37675736 2.02203408
v 7.36118143 3.71672129 1.75445189
v 6.50491842 3.94862586 2.11122814
v 7.09359924 3.85943179 2.07555052
v 7.43253668 3.11020166 1.79012951
v 7.25414856 3.21723453 2.12906695
v 7.37902025 2.45016558 2.16474458
v 7.55740837 2.41448796 1.80796832
v 7.66444125 1.80796832 1.79012951
v 6.23733623 3.94862586 2.09338933
v 6.09462573 3.80591535 2.09338933
v 6.2016586 3.3064286 2.20042221
v 6.7546618 3.19939572 2.25393864
v 7.52173075 1.7722907 2.14690577
v 7.68228006 1.11225463 1.79012951
v 6.79033943 2.52152084 2.36097152
v 6.30869148 2.48584321 2.36097152
v 7.52173075 1.11225463 2.0577117
v 7.61092481 0.398702117 1.43335326
v 6.84385586 1.82580714 2.37881033
v 6.39788554 1.73661307 2.39664915
v 6.95088874 1.23712632 2.28961627
v 7.27198737 0.434379742 1.89716239
v 7.14711568 0.113281112 1.73661307
v 7.34334262 0.077603487 1.55822495
v 6.84385586 -0.0472682023 1.57606376
v 6.7546618 0.398702117 2.07555052
v 6.29085267 -0.100784641 1.30848157
v 6.27301386 0.916027687 2.28961627
v 6.07678692 1.6295802 2.30745508
v 5.98759285 1.2192875 2.21826102
v 6.07678692 0.594929057 2.02203408
v 6.02327048 0.131119925 1.57606376
v 5.79136591 0.184636364 1.20144869
v 6.09462573 -0.0472682023 1.11225463
v 5.38107322 5.89305645 1.04089938
v 5.0778134 6.01792814 0.933866499
v 5.25620153 5.91089526 0.666284308
v 4.61400427 5.92873407 0.755478372
v 7.02224399 6.55309252 0.701961934
v 6.64762892 7.03474046 0.755478372
v 6.8973723 6.67796421 0.452218555
v 6.45140198 7.0882569 0.559251431
v 6.52275723 6.85635234 0.470057368
v 6.62979011 6.42822083 0.113281112
v 6.43356317 6.78499708 0.345185678
v 6.23733623 6.82067471 0.416540929
v 6.43356317 6.78499708 0.345185678
v 6.66546774 6.98122403 0.131119925
v 6.62979011 6.42822083 0.113281112
v 6.84385586 6.99906284 -0.0294293896
v 6.87953349 6.55309252 0.0419258615
v 6.43356317 7.90884229 0.166797551
v 6.13030335 7.7839706 0.452218555
v 7.16495449 6.99906284 -0.42188327
v 7.20063212 6.51741489 -0.261333955
v 6.68330655 7.83748704 -0.100784641
v 6.95088874 7.80180941 -0.511077334
v 6.07678692 8.64023361 0.345185678
v 5.79136591 8.74726649 0.594929057
v 6.21949742 8.7651053 0.113281112
v 6.07678692 9.19323681 0.077603487
v 5.2205239 9.28243087 0.541412619
v 6.50491842 8.80078293 -0.314850394
v 6.79033943 8.74726649 -0.867853589
v 6.54059605 9.26459206 -0.885692402
v 6.30869148 9.22891443 -0.404044458
v 6.27301386 9.56785188 -0.974886466
v 6.18381979 9.460819 -0.564593772
v 5.84488235 9.81759525 -0.707304274
v 6.02327048 9.47865781 -0.172139892
v 5.47026728 10.0494998 -0.93920884
v 5.54162253 10.0494998 -1.22462984
v 4.89942527 10.2457268 -1.09975816
v 4.9351029 10.1386939 -1.49221204
v 3.90045176 10.3705984 -1.33166272
v 3.98964582 10.4241149 -1.65276135
v 3.70422482 10.317082 -0.832175964
v 4.52481021 10.1743715 -0.618110211
v 5.04213578 9.94246694 -0.368366832
v 5.43458966 9.79975644 -0.100784641
v 4.50697139 9.6035295 0.255991615
v 3.86477413 9.96030576 -0.154301079
v 5.61297778 9.63920713 0.077603487
v 5.59513897 9.44298019 0.327346866
v 2.06305404 7.03474046 0.0597646742
v 1.90250473 6.87419115 0.113281112
v 1.17111341 6.98122403 -0.100784641
v 1.56356729 7.4985496 -0.172139892
v -1.09441581 8.64023361 -2.79444537
v -1.04089938 8.64023361 -3.09770518
v -0.80899481 9.22891443 -2.75876774
v -0.791155997 9.10404274 -2.17008692
v -1.34415919 8.55103955 -2.50902436
v -1.09441581 8.64023361 -2.79444537
v -0.791155997 9.10404274 -2.17008692
v -0.951705312 9.22891443 -2.04521523
v -1.59390257 8.64023361 -2.40199149
v -1.30848157 9.38946375 -1.92034354
v -1.87932358 8.72942768 -2.34847505
v -1.70093545 9.40730256 -1.90250473
v -2.28961627 8.81862174 -2.31279742
v -2.30745508 9.35378612 -1.92034354
v -2.28961627 8.81862174 -2.31279742
v -2.30745508 9.35378612 -1.92034354
v -3.53833316 9.26459206 -2.00953761
v -3.43130029 9.05052631 -2.24144217
v -3.43130029 9.05052631 -2.24144217
v -3.53833316 9.26459206 -2.00953761
v -4.66217837 9.06836512 -2.06305404
v -4.64433955 8.80078293 -2.29495861
v -4.64433955 8.80078293 -2.29495861
v -4.66217837 9.06836512 -2.06305404
v -5.66115188 8.69375005 -2.06305404
v -5.57195782 8.39049023 -2.33063624
v -6.2498327 8.21210211 -1.92034354
v -6.55309252 7.65909891 -2.02737642
v -5.57195782 8.39049023 -2.33063624
v -5.66115188 8.69375005 -2.06305404
vt 0.250789783 0.107922323
vt 0.388554834 0.23803376
vt 0.34263315 0.179356053
vt 0.375798811 0.388554834
vt 0.437027722 0.539075908
vt 0.431925313 0.480398201
vt -0.59621016 0.459988564
vt -0.545186067 0.192112076
vt -0.593658956 0.194663281
vt -0.489059565 0.194663281
vt -0.534981249 0.0773078668
vt -0.593658956 0.194663281
vt -0.489059565 0.194663281
vt -0.593658956 0.194663281
vt -0.545186067 0.192112076
vt -0.545186067 0.192112076
vt -0.409972221 0.365593992
vt -0.489059565 0.194663281
vt 0.863078898 0.809503601
vt 0.85287408 0.842669261
vt 0.896244559 0.880937331
vt 0.158946416 1.02380479
vt 0.184458462 1.04421443
vt 0.215072918 1.07227768
vt 0.158946416 1.02380479
vt 0.215072918 1.07227768
vt 0.230380146 0.919205401
vt -0.335987286 1.75344932
vt -0.387011379 1.67181077
vt -0.425279449 1.73048848
vt -0.23904151 1.18197948
vt -0.302821626 1.25596441
vt -0.218631872 1.30953971
vt -0.167607779 1.26106682
vt -0.144646938 1.39372947
vt -0.0910716399 1.34525658
vt -0.00688188656 1.4677144
vt 0.0186301599 1.41924151
vt 0.158946416 1.51618729
vt -0.00177947727 1.32739814
vt -0.0706620028 1.19728671
vt 0.179356053 1.4677144
vt 0.340081946 1.54680174
vt 0.360491583 1.48812404
vt -0.126788505 1.03911202
vt -0.31047524 1.04166322
vt 0.0671030482 1.38352465
vt -0.195671031 0.967678289
vt -0.330884877 0.916654196
vt -0.236490305 0.804401191
vt -0.341089695 0.819708419
vt 0.0849614808 1.31209092
vt 0.204868099 1.4115879
vt 0.273750625 1.40138308
vt 0.360491583 1.36566621
vt 0.250789783 1.32229573
vt 0.388554834 1.44220235
vt 0.444681336 1.43454874
vt 0.0568982296 1.20238912
vt 0.171702439 1.31974453
vt 0.16149762 1.23300357
vt 0.118127141 1.06462407
vt 0.197214485 1.13095539
vt 0.253340988 1.26106682
vt 0.34263315 1.31209092
vt 0.416618085 1.28913007
vt 0.437027722 1.34270537
vt 0.52376868 1.36311501
vt 0.521217476 1.44475356
vt 0.567139159 1.3580126
vt 0.610509638 1.43199753
vt 0.0492446157 1.00849756
vt 0.324774718 1.25851562
vt 0.505910248 1.29678369
vt 0.630919275 1.35035899
vt 0.697250596 1.37587103
vt 0.712557824 1.2457596
vt 0.618163252 1.23810598
vt 0.574792773 1.16156984
vt 0.717660233 1.16922346
vt 0.715109029 1.06717527
vt 0.567139159 1.26616923
vt 0.544178317 1.21259394
vt 0.488051815 1.23300357
vt 0.401310857 1.23555478
vt 0.391106038 1.15136502
vt 0.314569899 1.17942827
vt 0.378350015 1.06207286
vt 0.549280727 1.07738009
vt 0.263545806 1.18453068
vt 0.56203675 1.03145841
vt 0.715109029 1.0289072
vt 0.355389173 1.02125359
vt 0.327325922 1.08758491
vt 0.286506648 1.10544334
vt 0.278853034 1.05441925
vt 0.30946749 1.02380479
vt 0.202316895 0.988087926
vt 0.661533731 0.926859015
vt 0.740621075 0.85287408
vt 0.411515676 0.944717447
vt 0.212521713 0.95747347
vt 0.556934341 0.972780698
vt 0.322223513 0.906449377
vt 0.516115066 0.842669261
vt 0.669187345 0.809503601
vt 0.763581917 0.722762643
vt 0.556934341 0.766133122
vt 0.12322955 0.893693354
vt 0.209970509 0.857976489
vt 0.406413266 0.804401191
vt 0.118127141 0.931961424
vt 0.0313861832 0.827362033
vt 0.0313861832 0.896244559
vt -0.040047547 0.947268652
vt -0.083418026 0.888590945
vt -0.154851756 0.687045778
vt 0.401310857 0.697250596
vt -0.0808668214 0.661533731
vt -0.282411989 0.748274689
vt -0.364050537 0.605407229
vt -0.366601742 0.717660233
vt -0.195671031 0.648777708
vt -0.20077344 0.500807838
vt -0.0961740492 0.521217476
vt -0.231387896 0.439578927
vt -0.356396923 0.465090973
vt -0.369152947 0.41406688
vt -0.0859692306 0.388554834
vt -0.0196379098 0.533973499
vt -0.0196379098 0.388554834
vt -0.00177947727 0.66663614
vt -0.262002351 0.391106038
vt -0.292616807 0.23293135
vt -0.384460174 0.227828941
vt -0.144646938 0.370696401
vt -0.188017417 0.332428332
vt -0.0885204353 0.27119942
vt -0.147198142 0.258443397
vt -0.0757644121 0.153844006
vt -0.0655595935 0.281404239
vt -0.0425987516 0.143639188
vt -0.00433068192 0.135985574
vt -0.0196379098 0.291609057
vt 0.0696542529 0.204868099
vt 0.0747566622 0.294160262
vt 0.0747566622 0.396208448
vt 0.184458462 0.393657243
vt 0.171702439 0.240584964
vt 0.0900638901 0.52376868
vt 0.283955443 0.355389173
vt 0.268648215 0.248238578
vt 0.0875126854 0.625816866
vt 0.184458462 0.508461452
vt 0.411515676 0.299262671
vt 0.388554834 0.23803376
vt 0.276301829 0.49060302
vt 0.45233495 0.447232541
vt 0.212521713 0.60030482
vt 0.133434369 0.763581917
vt 0.421720494 0.569690364
vt 0.559485545 0.582446387
vt 0.301813876 0.569690364
vt 0.23803376 0.689596982
vt 0.322223513 0.766133122
vt 0.48550061 0.638572889
vt 0.564587955 0.70490421
vt 0.684494573 0.674289754
vt 0.66663614 0.590100001
vt 0.758479508 0.605407229
vt 0.732967461 0.505910248
vt 0.602856024 0.56203675
vt 0.503359043 0.431925313
vt 0.656431322 0.508461452
vt 0.699801801 0.403862062
vt 0.636021685 0.411515676
vt 0.669187345 0.230380146
vt 0.620714457 0.498256634
vt 0.572241568 0.426822904
vt 0.60030482 0.235482555
vt 0.674289754 0.130883164
vt 0.602856024 0.148741597
vt 0.49060302 0.158946416
vt 0.528871089 0.250789783
vt 0.467642178 0.283955443
vt 0.442130131 0.174253643
vt -0.302821626 1.25596441
vt -0.23904151 1.18197948
vt -0.31047524 1.04166322
vt -0.366601742 1.10289214
vt -0.394664993 0.954922266
vt -0.330884877 0.916654196
vt -0.341089695 0.819708419
vt -0.412523426 0.840118057
vt -0.455893905 0.722762643
vt -0.366601742 0.717660233
vt -0.364050537 0.605407229
vt -0.468649928 0.60030482
vt -0.356396923 0.465090973
vt -0.463547519 0.475295792
vt -0.369152947 0.41406688
vt -0.501815588 0.408964471
vt -0.499264384 0.19976569
vt -0.384460174 0.227828941
vt -0.369152947 0.102819913
vt -0.460996314 0.0620006389
vt -0.0885204353 0.27119942
vt -0.0425987516 0.143639188
vt -0.0757644121 0.153844006
vt -0.0604571842 0.0415910017
vt 0.0135277506 0.0313861832
vt -0.00433068192 0.135985574
vt 0.0696542529 0.204868099
vt -0.126788505 0.171702439
vt -0.147198142 0.258443397
vt -0.188017417 0.332428332
vt -0.210978258 0.181907257
vt -0.262002351 0.391106038
vt -0.292616807 0.23293135
vt -0.134442119 0.0926150947
vt -0.198222235 0.0798590715
vt -0.180363803 -0.0170867052
vt -0.287514398 0.0875126854
vt -0.384460174 0.227828941
vt -0.369152947 0.102819913
vt -0.3436409 0.0390397971
vt -0.460996314 0.0620006389
vt -0.422728244 0.0211813646
vt -0.399767402 -0.0119842959
vt -0.325782468 -0.0119842959
vt -0.269655965 0.0135277506
vt 0.0798590715 -0.0757644121
vt 0.100268709 0.00587413668
vt 0.135985574 -0.0808668214
vt 0.207419304 -0.083418026
vt 0.0824102761 0.143639188
vt 0.192112076 0.00842534132
vt 0.263545806 -0.0808668214
vt 0.0747566622 0.294160262
vt -0.0196379098 0.291609057
vt 0.171702439 0.240584964
vt 0.138536778 0.0951662994
vt 0.202316895 0.100268709
vt 0.250789783 0.107922323
vt 0.268648215 0.248238578
vt 0.388554834 0.23803376
vt 0.260994601 0.0135277506
vt 0.34263315 0.179356053
vt 0.365593992 0.0951662994
vt 0.495705429 -0.0221891145
vt 0.411515676 -0.0936228446
vt 0.498256634 -0.103827663
vt 0.442130131 0.174253643
vt 0.411515676 0.299262671
vt 0.49060302 0.0773078668
vt 0.467642178 0.283955443
vt 0.45233495 0.447232541
vt 0.503359043 0.431925313
vt 0.559485545 0.582446387
vt 0.49060302 0.158946416
vt 0.602856024 0.148741597
vt 0.579895182 0.0696542529
vt 0.546729522 -0.0170867052
vt 0.615612048 -0.00688188656
vt 0.613060843 -0.119134891
vt 0.697250596 0.0415910017
vt 0.674289754 0.130883164
vt 0.768684326 -0.0630083888
vt 0.454886155 1.49832886
vt 0.360491583 1.48812404
vt 0.340081946 1.54680174
vt 0.444681336 1.43454874
vt 0.454886155 1.49832886
vt 0.340081946 1.54680174
vt 0.431925313 1.55955777
vt 0.49060302 1.56976259
vt 0.513563862 1.50088006
vt 0.444681336 1.43454874
vt 0.521217476 1.44475356
vt 0.610509638 1.43199753
vt 0.579895182 1.51873849
vt 0.541627113 1.59527463
vt 0.567139159 1.62078668
vt 0.618163252 1.53404572
vt 0.664084936 1.45240717
vt 0.697250596 1.37587103
vt -0.335987286 0.169151234
vt -0.466098723 0.0620006389
vt -0.448240291 0.151292802
vt -0.330884877 0.253340988
vt -0.427830653 0.253340988
vt -0.384460174 0.429374108
vt -0.228836691 0.294160262
vt -0.203324644 0.23293135
vt -0.333436081 0.38090122
vt -0.27220717 0.437027722
vt -0.351294514 0.539075908
vt -0.313026444 0.63347048
vt -0.165056575 0.340081946
vt -0.106378868 0.250789783
vt -0.210978258 0.511012657
vt -0.0477011609 0.391106038
vt -0.131890914 0.574792773
vt -0.154851756 0.674289754
vt -0.0349451377 0.337530741
vt 0.0390397971 0.220175327
vt 0.0517958203 0.401310857
vt 0.010976546 0.457437359
vt -0.0604571842 0.592651206
vt -0.188017417 0.786542759
vt -0.287514398 0.745723485
vt -0.279860784 0.875834922
vt 0.0722054575 0.518666271
vt -0.223734282 0.898795763
vt -0.284963193 1.04676563
vt -0.152300551 0.888590945
vt -0.20077344 0.972780698
vt -0.165056575 1.06972647
vt -0.259451147 1.07227768
vt -0.208427054 1.15646743
vt -0.108930072 0.791645168
vt -0.116583686 0.960024675
vt -0.111481277 0.85287408
vt -0.0706620028 0.732967461
vt -0.0681107981 0.636021685
vt -0.0425987516 0.681943368
vt 0.0262837739 0.564587955
vt 0.046693411 0.605407229
vt -0.1242373 1.19983791
vt -0.114032482 1.25851562
vt -0.188017417 1.22790116
vt -0.159954165 1.34780778
vt -0.0987252539 1.35291019
vt -0.167607779 1.42689513
vt -0.103827663 1.43454874
vt -0.193119826 1.50853367
vt -0.131890914 1.51363608
vt -0.251797533 1.5799674
vt -0.0272915237 1.44730476
vt -0.00688188656 1.31974453
vt -0.040047547 1.2483108
vt 0.19976569 1.22534996
vt 0.0313861832 1.40393428
vt 0.207419304 1.36311501
vt -0.177812598 1.60037704
vt -0.0655595935 1.5212897
vt -0.040047547 1.60803066
vt -0.16250537 1.687118
vt -0.279860784 1.66670836
vt 0.0517958203 1.51618729
vt -0.193119826 1.78916619
vt -0.335987286 1.75344932
vt -0.387011379 1.67181077
vt -0.0374963423 1.799371
vt -0.040047547 1.69477161
vt 0.0645518436 1.67946439
vt 0.0747566622 1.799371
vt 0.16149762 1.76875655
vt 0.0237325692 1.60547945
vt 0.143639188 1.6309915
vt 0.12322955 1.54425054
vt 0.209970509 1.62588909
vt 0.23803376 1.75855173
vt 0.176804848 1.51618729
vt 0.263545806 1.61823547
vt 0.30436508 1.7432445
vt 0.105371118 1.44220235
vt 0.243136169 1.51363608
vt 0.227828941 1.45240717
vt 0.352837969 1.61568427
vt 0.388554834 1.72028366
vt 0.442130131 1.6309915
vt 0.470193383 1.70497643
vt 0.549280727 1.687118
vt 0.536524703 1.63864511
vt 0.500807838 1.56466018
vt 0.314569899 1.50088006
vt 0.406413266 1.53914813
vt 0.625816866 1.5238409
vt 0.521217476 1.45495838
vt 0.306916285 1.43454874
vt 0.386003629 1.44220235
vt 0.437027722 1.36311501
vt 0.607958434 1.37331983
vt 0.278853034 1.35035899
vt 0.521217476 1.27892526
vt 0.70490421 1.3044373
vt 0.357940378 1.3018861
vt 0.286506648 1.25596441
vt 0.426822904 1.19728671
vt 0.615612048 1.18197948
vt 0.350286764 1.13350659
vt 0.694699392 1.10289214
vt 0.786542759 1.23045237
vt 0.526319885 1.11054575
vt 0.796747578 1.03145841
vt 0.860527694 1.10289214
vt 0.60030482 1.02125359
vt 0.893693354 0.96257588
vt 0.970229494 1.00339515
vt 0.929410219 0.96257588
vt 0.840118057 0.934512628
vt 0.806952396 0.850322875
vt 0.732967461 0.970229494
vt 0.720211438 0.806952396
vt 0.656431322 0.942166242
vt 0.610509638 0.806952396
vt 0.52376868 0.95747347
vt 0.597753615 0.88603974
vt 0.546729522 0.758479508
vt 0.447232541 1.04166322
vt 0.365593992 0.944717447
vt 0.475295792 0.860527694
vt 0.559485545 0.842669261
vt 0.41916929 0.755928303
vt 0.260994601 1.0824825
vt 0.447232541 0.679392164
vt 0.470193383 0.618163252
vt 0.370696401 0.597753615
vt 0.437027722 0.539075908
vt 0.38090122 0.679392164
vt 0.350286764 0.801849987
vt 0.291609057 0.929410219
vt 0.215072918 1.07227768
vt 0.322223513 0.715109029
vt 0.115575937 1.1360578
vt 0.184458462 1.04421443
vt 0.230380146 0.919205401
vt 0.289057853 0.835015647
vt -0.0732132074 1.17687707
vt 0.0441422064 1.06462407
vt -0.0961740492 1.09268732
vt -0.0528035702 1.02125359
vt -0.0247403191 0.972780698
vt 0.0364885924 0.993190335
vt 0.158946416 1.02380479
vt 0.12322955 0.954922266
vt -0.0783156167 0.929410219
vt -0.0425987516 0.850322875
vt 0.0313861832 0.863078898
vt 0.107922323 0.855425284
vt 0.194663281 0.888590945
vt 0.0211813646 0.753377098
vt 0.240584964 0.837566852
vt 0.189560871 0.827362033
vt 0.179356053 0.771235531
vt 0.100268709 0.763581917
vt 0.105371118 0.684494573
vt 0.0441422064 0.679392164
vt 0.299262671 0.755928303
vt 0.240584964 0.758479508
vt 0.283955443 0.646226503
vt 0.260994601 0.584997592
vt 0.209970509 0.653880117
vt 0.169151234 0.712557824
vt 0.156395211 0.602856024
vt 0.115575937 0.462539769
vt 0.375798811 0.526319885
vt 0.340081946 0.482949406
vt 0.212521713 0.521217476
vt 0.097717504 0.332428332
vt 0.365593992 0.454886155
vt 0.375798811 0.388554834
vt 0.329877127 0.283955443
vt 0.294160262 0.467642178
vt 0.30946749 0.398759652
vt 0.166600029 0.41406688
vt 0.291609057 0.301813876
vt 0.276301829 0.146190392
vt 0.23803376 0.442130131
vt 0.250789783 0.393657243
vt 0.243136169 0.135985574
vt 0.268648215 0.0339373878
vt 0.181907257 0.368145197
vt 0.255892192 0.30436508
vt 0.158946416 0.286506648
vt 0.220175327 0.0390397971
vt 0.225277736 -0.0553547749
vt 0.19976569 -0.0477011609
vt 0.227828941 0.148741597
vt 0.100268709 0.176804848
vt 0.120678346 0.0620006389
vt 0.102819913 -0.0298427284
vt 0.0288349785 0.00077172738
vt 0.0568982296 0.0798590715
vt -0.00177947727 0.0849614808
vt 0.0288349785 0.00077172738
vt 0.0568982296 0.0798590715
vt 0.120678346 0.0620006389
vt -0.00177947727 0.0849614808
vt -0.00688188656 -0.00943309121
vt -0.0604571842 -0.0221891145
vt -0.0783156167 0.100268709
vt -0.106378868 0.250789783
vt 0.0390397971 0.220175327
vt -0.203324644 0.23293135
vt -0.157402961 0.0926150947
vt -0.177812598 -0.0298427284
vt -0.325782468 -0.0298427284
vt -0.284963193 0.105371118
vt -0.335987286 0.169151234
vt -0.494161974 -0.0655595935
vt -0.466098723 0.0620006389
vt -0.805408941 0.536524703
vt -0.680399914 0.556934341
vt -0.726321597 0.424271699
vt -0.805408941 0.439578927
vt -0.810511351 0.115575937
vt -0.59621016 0.459988564
vt -0.6727463 0.444681336
vt -0.639580639 0.544178317
vt -0.680399914 0.556934341
vt -0.726321597 0.424271699
vt -0.749282439 -0.0757644121
vt -0.616619797 -0.0859692306
vt -0.718667983 -0.157402961
vt -0.685502323 -0.0196379098
vt -0.810511351 0.115575937
vt -0.736526416 0.148741597
vt -0.726321597 0.424271699
vt -0.6727463 0.444681336
vt -0.6727463 0.164048825
vt -0.59621016 0.459988564
vt -0.593658956 0.194663281
vt -0.534981249 0.0773078668
vt -0.629375821 0.0568982296
vt -0.455893905 0.0492446157
vt -0.489059565 0.194663281
vt -0.555390886 -0.0272915237
vt -0.506917998 -0.0885204353
vt -0.489059565 -0.213529463
vt -0.455893905 -0.0349451377
vt -0.450791495 -0.134442119
vt -0.409972221 -0.0630083888
vt -0.323231263 -0.142095733
vt -0.358948128 -0.203324644
vt -0.267104761 -0.177812598
vt -0.412523426 -0.251797533
vt -0.277309579 -0.223734282
vt -0.2339391 -0.297719216
vt -0.422728244 0.148741597
vt -0.223734282 0.12833196
vt -0.159954165 0.306916285
vt -0.315577649 0.314569899
vt -0.409972221 0.365593992
vt -0.639580639 0.544178317
vt -0.680399914 0.556934341
vt -0.573249318 0.717660233
vt -0.550288477 0.681943368
vt -0.402318607 0.857976489
vt -0.573249318 0.536524703
vt -0.59621016 0.459988564
vt -0.402318607 0.799298782
vt -0.23904151 0.92430781
vt -0.494161974 0.516115066
vt -0.514571611 0.431925313
vt -0.409972221 0.365593992
vt -0.494161974 0.638572889
vt -0.228836691 0.893693354
vt -0.0808668214 0.96257588
vt -0.101276459 0.903898173
vt -0.0119842959 1.01359997
vt -0.384460174 0.712557824
vt -0.392113788 0.630919275
vt -0.323231263 0.567139159
vt -0.351294514 0.465090973
vt -0.295168012 0.684494573
vt -0.290065602 0.766133122
vt -0.226285486 0.676840959
vt -0.20077344 0.812054805
vt -0.0910716399 0.720211438
vt 0.0211813646 0.740621075
vt 0.0875126854 0.873283717
vt 0.0262837739 0.965127084
vt 0.105371118 1.04931684
vt 0.125780755 1.00084395
vt 0.19976569 0.909000582
vt 0.329877127 1.04166322
vt 0.291609057 0.990639131
vt 0.442130131 1.02125359
vt 0.386003629 0.939615038
vt 0.518666271 0.937063833
vt 0.426822904 0.906449377
vt -0.59621016 0.459988564
vt -0.514571611 0.431925313
vt -0.545186067 0.192112076
vt -0.409972221 0.365593992
vt -0.494161974 0.516115066
vt -0.351294514 0.465090973
vt -0.409972221 0.365593992
vt -0.315577649 0.314569899
vt -0.254348737 0.447232541
vt -0.323231263 0.567139159
vt -0.12933971 0.447232541
vt -0.159954165 0.306916285
vt -0.223734282 0.56203675
vt -0.295168012 0.684494573
vt -0.226285486 0.676840959
vt -0.0910716399 0.720211438
vt -0.101276459 0.572241568
vt -0.00943309121 0.48550061
vt 0.00077172738 0.602856024
vt 0.0211813646 0.740621075
vt 0.12322955 0.748274689
vt 0.0875126854 0.873283717
vt 0.19976569 0.909000582
vt -0.00433068192 0.370696401
vt 0.0135277506 0.243136169
vt -0.223734282 0.12833196
vt 0.120678346 0.549280727
vt 0.115575937 0.641124094
vt 0.258443397 0.794196373
vt 0.240584964 0.707455415
vt 0.30946749 0.888590945
vt 0.291609057 0.990639131
vt 0.386003629 0.939615038
vt 0.317121104 0.750825894
vt 0.363042787 0.822259624
vt 0.426822904 0.906449377
vt 0.245687374 0.625816866
vt 0.143639188 0.459988564
vt 0.337530741 0.67173855
vt 0.209970509 0.383452425
vt 0.408964471 0.748274689
vt 0.276301829 0.564587955
vt 0.332428332 0.493154224
vt 0.370696401 0.63347048
vt 0.457437359 0.850322875
vt 0.472744587 0.722762643
vt 0.56203675 0.878386126
vt 0.518666271 0.937063833
vt 0.416618085 0.618163252
vt 0.505910248 0.620714457
vt 0.564587955 0.755928303
vt 0.393657243 0.457437359
vt 0.437027722 0.393657243
vt 0.60030482 0.567139159
vt 0.702353006 0.745723485
vt 0.646226503 0.880937331
vt 0.702353006 0.975331903
vt 0.577343978 0.965127084
vt 0.717660233 0.855425284
vt 0.806952396 0.906449377
vt 0.809503601 0.870732512
vt 0.896244559 0.880937331
vt 0.85287408 0.842669261
vt 0.863078898 0.809503601
vt 0.891142149 0.819708419
vt 0.891142149 0.77633794
vt 0.822259624 0.804401191
vt 0.857976489 0.768684326
vt 0.860527694 0.717660233
vt 0.954922266 0.679392164
vt 0.911551787 0.610509638
vt 0.840118057 0.730416257
vt 0.822259624 0.638572889
vt 0.832464443 0.444681336
vt 0.740621075 0.462539769
vt 0.78144035 0.679392164
vt 0.674289754 0.511012657
vt 0.564587955 0.255892192
vt 0.511012657 0.317121104
vt 0.475295792 0.138536778
vt 0.38090122 0.337530741
vt 0.437027722 0.222726532
vt 0.375798811 0.0288349785
vt 0.345184355 0.105371118
vt 0.217624122 -0.0145355005
vt 0.250789783 -0.0885204353
vt 0.12833196 -0.182915007
vt 0.347735559 0.383452425
vt 0.30946749 0.391106038
vt 0.245687374 0.301813876
vt 0.283955443 0.192112076
vt 0.0951662994 -0.114032482
vt -0.0349451377 -0.241592714
vt 0.169151234 0.105371118
vt 0.118127141 0.181907257
vt -0.0374963423 -0.177812598
vt -0.2339391 -0.297719216
vt 0.0517958203 0.0211813646
vt -0.00177947727 0.0926150947
vt -0.0451499563 -0.0553547749
vt -0.190568621 -0.185466212
vt -0.267104761 -0.177812598
vt -0.277309579 -0.223734282
vt -0.323231263 -0.142095733
vt -0.213529463 -0.083418026
vt -0.409972221 -0.0630083888
vt -0.154851756 0.0364885924
vt -0.0528035702 0.133434369
vt -0.131890914 0.113024732
vt -0.244143919 0.0390397971
vt -0.366601742 0.00842534132
vt -0.455893905 0.0492446157
vt -0.455893905 -0.0349451377
vt 0.56203675 0.878386126
vt 0.518666271 0.937063833
vt 0.577343978 0.965127084
vt 0.442130131 1.02125359
vt 0.954922266 0.679392164
vt 0.891142149 0.77633794
vt 0.980434312 0.748274689
vt 0.891142149 0.819708419
vt 0.934512628 0.822259624
vt 1.03911202 0.835015647
vt 0.947268652 0.850322875
vt 0.896244559 0.880937331
vt 0.929410219 0.96257588
vt 0.970229494 1.00339515
vt 0.985536721 0.921756605
vt 1.00849756 1.01615118
vt 1.01870238 0.949819856
vt 0.916654196 1.138609
vt 0.860527694 1.10289214
vt 1.07993129 1.03911202
vt 1.08758491 0.960024675
vt 0.972780698 1.14371141
vt 1.04421443 1.16156984
vt 0.840118057 1.23045237
vt 0.786542759 1.23045237
vt 0.870732512 1.26361803
vt 0.842669261 1.31974453
vt 0.70490421 1.3044373
vt 0.939615038 1.29933489
vt 1.026356 1.33250055
vt 0.970229494 1.4115879
vt 0.901346968 1.36566621
vt 0.92430781 1.4702656
vt 0.888590945 1.4141391
vt 0.832464443 1.47536801
vt 0.840118057 1.37842224
vt 0.78144035 1.53914813
vt 0.804401191 1.574865
vt 0.694699392 1.58506981
vt 0.712557824 1.64374752
vt 0.536524703 1.63864511
vt 0.549280727 1.687118
vt 0.500807838 1.56466018
vt 0.625816866 1.5238409
vt 0.697250596 1.4677144
vt 0.750825894 1.41669031
vt 0.607958434 1.37331983
vt 0.521217476 1.45495838
vt 0.768684326 1.37587103
vt 0.761030712 1.33505176
vt 0.184458462 1.04421443
vt 0.158946416 1.02380479
vt 0.0441422064 1.06462407
vt 0.115575937 1.1360578
vt -0.369152947 1.62844029
vt -0.387011379 1.67181077
vt -0.279860784 1.66670836
vt -0.251797533 1.5799674
vt 0.472744587 1.71518125
vt 0.52376868 1.7406933
vt 0.567139159 1.62078668
vt 0.541627113 1.59527463
vt 0.431925313 1.69477161
vt 0.49060302 1.56976259
vt 0.388554834 1.67181077
vt 0.431925313 1.55955777
vt 0.324774718 1.64374752
vt 0.340081946 1.54680174
vt 0.324774718 1.64374752
vt 0.340081946 1.54680174
vt 0.158946416 1.51618729
vt 0.156395211 1.56466018
vt 0.156395211 1.56466018
vt 0.158946416 1.51618729
vt -0.00688188656 1.4677144
vt -0.0374963423 1.51108488
vt -0.0374963423 1.51108488
vt -0.00688188656 1.4677144
vt -0.144646938 1.39372947
vt -0.190568621 1.43709994
vt -0.218631872 1.30953971
vt -0.302821626 1.25596441
vt -0.190568621 1.43709994
vt -0.144646938 1.39372947
vn 0.110178994 -0.648538674 0.753165439
vn 0.426861158 -0.363524726 0.828033408
vn 0.331856509 -0.553534024 0.763852958
vn -0.966540366 0.238171387 0.0952581298
vn -0.554853552 0.016493872 0.83178452
vn -0.934872149 0.269839604 0.230652666
vn -0.39651247 -0.901884405 -0.171412896
vn -0.0481620885 -0.965220838 0.256961372
vn -0.0798238928 -0.996808982 -0
vn 0.0151743444 -0.933552622 0.358119033
vn 0.268017439 -0.963414061 -0
vn -0.0798238928 -0.996808982 -0
vn 0.0151743444 -0.933552622 0.358119033
vn -0.0798238928 -0.996808982 -0
vn -0.0481620885 -0.965220838 0.256961372
vn -0.0481620885 -0.965220838 0.256961372
vn -0.269839604 -0.743543323 0.611825069
vn 0.0151743444 -0.933552622 0.358119033
vn -0.39651247 0.871535717 0.28844992
vn -0.586521768 0.808199284 0.0529729475
vn 0.521865808 0.143166738 0.84092768
vn -0.079830305 0.428180686 0.90016022
vn -0.174834954 0.269839604 0.946899851
vn -0.459848903 0.174834954 0.870615716
vn -0.079830305 0.428180686 0.90016022
vn -0.459848903 0.174834954 0.870615716
vn -0.269839604 0.238171387 0.932984983
vn -0.808199284 0.554853552 -0.197361227
vn -0.903203933 0.428180686 -0.0297313887
vn -0.871535717 0.39651247 -0.28844992
vn -0.744862851 0.333176037 0.578077038
vn -0.871535717 0.364844253 0.327588409
vn -0.681526418 0.618189985 0.391615736
vn -0.586521768 0.554853552 0.590025212
vn -0.428180686 0.808199284 0.404320687
vn -0.39651247 0.776531067 0.489670668
vn -0.238171387 0.903203933 0.357067285
vn -0.206503171 0.871535717 0.44472681
vn -0.111498521 0.903203933 0.414476459
vn -0.269839604 0.713194634 0.646946676
vn -0.39651247 0.459848903 0.794554497
vn -0.111498521 0.8398675 0.53121621
vn -0.111008265 0.993819483 -0
vn -0.174834954 0.8398675 0.513863135
vn -0.523185335 0.238171387 0.818261263
vn -0.808199284 0.30150782 0.505872466
vn -0.111498521 0.776531067 0.620135132
vn -0.586521768 0.238171387 0.77412312
vn -0.744862851 0.39651247 0.536616432
vn -0.39651247 0.30150782 0.867104893
vn -0.8398675 0.269839604 0.47096621
vn -0.111498521 0.681526418 0.723249488
vn -0.079830305 0.744862851 0.66242468
vn -0.143166738 0.713194634 0.686189987
vn -0.269839604 0.681526418 0.680226676
vn -0.079830305 0.681526418 0.727426192
vn -0.30150782 0.744862851 0.595207836
vn -0.30150782 0.713194634 0.632808382
vn -0.174834954 0.459848903 0.870615716
vn -0.0481620885 0.681526418 0.730206926
vn -0.0481620885 0.554853552 0.830552797
vn -0.079830305 0.206503171 0.975183861
vn 0.0151743444 0.269839604 0.962785712
vn -0.016493872 0.554853552 0.83178452
vn -0.206503171 0.649858201 0.731464803
vn -0.238171387 0.554853552 0.797127296
vn -0.269839604 0.618189985 0.738259934
vn -0.111498521 0.554853552 0.824442609
vn 0.0785107773 0.776531067 0.625168425
vn 0.331856509 0.428180686 0.84055491
vn 0.521865808 0.618189985 0.587790117
vn -0.143166738 0.174834954 0.974133473
vn -0.206503171 0.523185335 0.82682135
vn -0.0481620885 0.428180686 0.902408839
vn 0.553534024 0.269839604 0.787900166
vn -0.016493872 0.333176037 0.942720362
vn 0.0785107773 0.143166738 0.986579618
vn 0.490197591 0.0481620885 0.870279688
vn 0.268520076 -0.173515427 0.947517475
vn -0.079830305 -0.0785107773 0.99371182
vn -0.174834954 -0.23685186 0.955685061
vn 0.331856509 0.174834954 0.926986513
vn 0.173515427 -0.0151743444 0.984714241
vn 0.0468425609 0.174834954 0.983482848
vn -0.269839604 0.459848903 0.846005659
vn -0.079830305 -0.0151743444 0.996692963
vn -0.143166738 0.30150782 0.94265387
vn -0.016493872 -0.300188293 0.953737354
vn 0.173515427 -0.331856509 0.927234412
vn 0.0468425609 0.39651247 0.916833483
vn 0.268520076 0.174834954 0.947274885
vn -0.0481620885 0.143166738 0.988526023
vn 0.0151743444 0.269839604 0.962785712
vn -0.111498521 -0.0468425609 0.992659989
vn 0.14184721 0.111498521 0.983589065
vn 0.173515427 -0.110178994 0.978648551
vn -0.079830305 0.206503171 0.975183861
vn 0.173515427 -0.173515427 0.969424981
vn 0.490197591 0.39651247 0.776198546
vn 0.0785107773 0.143166738 0.986579618
vn 0.110178994 0.459848903 0.88113539
vn -0.111498521 0.206503171 0.972072281
vn 0.23685186 0.523185335 0.818644185
vn -0.143166738 0.39651247 0.906797192
vn 0.205183643 0.30150782 0.931124431
vn 0.521865808 0.143166738 0.84092768
vn -0.206503171 0.016493872 0.978306901
vn 0.268520076 0.0481620885 0.962069323
vn -0.174834954 0.143166738 0.974133473
vn -0.269839604 0.364844253 0.891109005
vn 0.0151743444 0.238171387 0.971104592
vn 0.14184721 -0.23685186 0.96113504
vn -0.143166738 0.111498521 0.983397867
vn -0.016493872 -0.300188293 0.953737354
vn -0.269839604 0.0481620885 0.961700058
vn -0.174834954 0.111498521 0.978264186
vn -0.079830305 0.111498521 0.990552978
vn 0.110178994 -0.0151743444 0.993795919
vn 0.173515427 0.016493872 0.984693023
vn -0.554853552 0.143166738 0.819536955
vn -0.744862851 0.111498521 0.6578354
vn -0.903203933 0.174834954 0.391989023
vn -0.333176037 0.016493872 0.942720362
vn -0.206503171 0.0481620885 0.97725987
vn 0.14184721 -0.0785107773 0.9867702
vn -0.174834954 0.174834954 0.96895071
vn -0.713194634 0.174834954 0.67881231
vn -0.903203933 0.0481620885 0.42650096
vn 0.23685186 -0.0785107773 0.968368346
vn -0.269839604 -0.0151743444 0.962785712
vn -0.39651247 -0.0468425609 0.916833483
vn -0.269839604 0.079830305 0.959590387
vn -0.39651247 0.0481620885 0.916765114
vn -0.459848903 -0.14184721 0.87659475
vn -0.934872149 -0.0785107773 0.346193764
vn 0.23685186 0.0481620885 0.970351282
vn 0.0468425609 -0.0151743444 0.998787021
vn 0.458529375 0.016493872 0.888526175
vn 0.23685186 -0.0468425609 0.970415875
vn 0.458529375 -0.173515427 0.871575131
vn 0.363524726 -0.0785107773 0.928270344
vn 0.426861158 -0.14184721 0.893123127
vn -0.238171387 -0.300188293 0.923667353
vn -0.39651247 -0.14184721 0.907004537
vn -0.586521768 -0.300188293 0.75224943
vn -0.554853552 -0.14184721 0.819766372
vn -0.554853552 -0.0468425609 0.830628262
vn -0.238171387 -0.0468425609 0.970092864
vn -0.238171387 -0.300188293 0.923667353
vn -0.554853552 0.016493872 0.83178452
vn 0.110178994 -0.0785107773 0.990806059
vn 0.0151743444 -0.300188293 0.953759261
vn -0.491517119 0.111498521 0.863700759
vn -0.238171387 0.016493872 0.971083077
vn 0.426861158 -0.14184721 0.893123127
vn 0.426861158 -0.363524726 0.828033408
vn 0.110178994 -0.0151743444 0.993795919
vn 0.363524726 -0.110178994 0.925046141
vn -0.206503171 0.079830305 0.975183861
vn -0.39651247 0.269839604 0.877476182
vn 0.23685186 -0.110178994 0.965278087
vn 0.300188293 -0.173515427 0.937965557
vn 0.0785107773 -0.0151743444 0.996797771
vn -0.206503171 0.174834954 0.962698904
vn -0.143166738 0.238171387 0.960613177
vn 0.23685186 -0.14184721 0.96113504
vn 0.300188293 -0.14184721 0.943274275
vn 0.458529375 -0.0785107773 0.885204423
vn 0.331856509 -0.0785107773 0.940057081
vn -0.428180686 0.174834954 0.886619444
vn -0.491517119 0.206503171 0.846030355
vn 0.300188293 -0.205183643 0.931550676
vn 0.426861158 -0.205183643 0.880732209
vn 0.23685186 -0.0151743444 0.971427267
vn -0.30150782 0.0481620885 0.952246527
vn 0.0468425609 -0.0468425609 0.997803362
vn -0.30150782 -0.23685186 0.923576868
vn 0.110178994 -0.0785107773 0.990806059
vn 0.0468425609 -0.110178994 0.992807315
vn -0.016493872 -0.173515427 0.984693023
vn -0.269839604 -0.616870457 0.739362852
vn 0.0468425609 -0.458529375 0.88744385
vn 0.0151743444 -0.363524726 0.931460956
vn -0.016493872 -0.173515427 0.984693023
vn 0.490197591 -0.23685186 0.83881316
vn 0.395192942 -0.426861158 0.813395408
vn -0.871535717 0.364844253 0.327588409
vn -0.744862851 0.333176037 0.578077038
vn -0.808199284 0.30150782 0.505872466
vn -0.903203933 0.30150782 0.305476169
vn -0.903203933 0.333176037 0.270585262
vn -0.744862851 0.39651247 0.536616432
vn -0.8398675 0.269839604 0.47096621
vn -0.966540366 0.206503171 0.152171487
vn -0.989870831 0.141970907 -0
vn -0.903203933 0.174834954 0.391989023
vn -0.744862851 0.111498521 0.6578354
vn -0.996817372 0.0797190449 -0
vn -0.713194634 0.174834954 0.67881231
vn -0.998208582 0.0481620885 0.0354970316
vn -0.903203933 0.0481620885 0.42650096
vn -0.998208582 0.0481620885 0.0354970316
vn -0.998208582 -0.0468425609 0.0372209687
vn -0.934872149 -0.0785107773 0.346193764
vn -0.903203933 -0.268520076 0.334842686
vn -0.966540366 -0.173515427 0.188923576
vn 0.458529375 0.016493872 0.888526175
vn 0.426861158 -0.14184721 0.893123127
vn 0.458529375 -0.173515427 0.871575131
vn 0.268520076 -0.616870457 0.739843097
vn 0.0468425609 -0.648538674 0.75973901
vn -0.238171387 -0.300188293 0.923667353
vn -0.586521768 -0.300188293 0.75224943
vn 0.23685186 -0.205183643 0.949631965
vn 0.23685186 -0.0468425609 0.970415875
vn 0.0468425609 -0.0151743444 0.998787021
vn -0.111498521 -0.23685186 0.96512656
vn -0.39651247 0.0481620885 0.916765114
vn -0.459848903 -0.14184721 0.87659475
vn 0.173515427 -0.521865808 0.835193675
vn -0.0481620885 -0.553534024 0.831432798
vn 0.0785107773 -0.711875107 0.697903926
vn -0.428180686 -0.458529375 0.77872467
vn -0.934872149 -0.0785107773 0.346193764
vn -0.903203933 -0.268520076 0.334842686
vn -0.681526418 -0.553534024 0.478666717
vn -0.966540366 -0.173515427 0.188923576
vn -0.871535717 -0.363524726 0.329052076
vn -0.681526418 -0.616870457 0.393690971
vn -0.459848903 -0.77521154 0.433112059
vn -0.269839604 -0.743543323 0.611825069
vn 0.0468425609 -0.806879756 0.588855529
vn -0.143166738 -0.806879756 0.573104131
vn -0.0481620885 -0.933552622 0.355189971
vn 0.0468425609 -0.933552622 0.355366398
vn -0.39651247 -0.490197591 0.776198546
vn -0.016493872 -0.901884405 0.431662451
vn 0.0468425609 -0.933552622 0.355366398
vn -0.554853552 -0.14184721 0.819766372
vn -0.39651247 -0.14184721 0.907004537
vn -0.238171387 -0.300188293 0.923667353
vn -0.238171387 -0.616870457 0.750163468
vn -0.143166738 -0.648538674 0.747596732
vn 0.110178994 -0.648538674 0.753165439
vn 0.0151743444 -0.300188293 0.953759261
vn 0.426861158 -0.363524726 0.828033408
vn 0.14184721 -0.870216189 0.471808386
vn 0.331856509 -0.553534024 0.763852958
vn 0.268520076 -0.68020689 0.682067119
vn 0.0468425609 -0.838547972 0.542810347
vn 0.0468425609 -0.933552622 0.355366398
vn 0.0151743444 -0.933552622 0.358119033
vn 0.395192942 -0.426861158 0.813395408
vn 0.426861158 -0.14184721 0.893123127
vn 0.0468425609 -0.616870457 0.785669532
vn 0.490197591 -0.23685186 0.83881316
vn 0.363524726 -0.110178994 0.925046141
vn 0.426861158 -0.205183643 0.880732209
vn 0.300188293 -0.173515427 0.937965557
vn 0.0151743444 -0.363524726 0.931460956
vn 0.0468425609 -0.458529375 0.88744385
vn 0.0468425609 -0.68020689 0.731521948
vn 0.0151743444 -0.870216189 0.492436314
vn 0.23685186 -0.870216189 0.432001136
vn 0.23685186 -0.901884405 0.361255749
vn -0.111498521 -0.933552622 0.340657573
vn -0.269839604 -0.616870457 0.739362852
vn -0.0481620885 -0.965220838 0.256961372
vn -0.174834954 0.934872149 0.30894466
vn -0.174834954 0.8398675 0.513863135
vn -0.111008265 0.993819483 -0
vn -0.30150782 0.713194634 0.632808382
vn -0.174834954 0.934872149 0.30894466
vn -0.111008265 0.993819483 -0
vn -0.0481620885 0.871535717 -0.48796097
vn 0.0785107773 0.871535717 -0.484005736
vn 0.205183643 0.934872149 0.289678678
vn -0.30150782 0.713194634 0.632808382
vn 0.0785107773 0.776531067 0.625168425
vn 0.521865808 0.618189985 0.587790117
vn 0.490197591 0.871535717 -0.0114811236
vn 0.0785107773 0.871535717 -0.484005736
vn -0.641785201 0.766884447 -0
vn -0.269839604 0.8398675 0.47096621
vn -0.0481620885 0.618189985 0.784551818
vn -0.016493872 0.333176037 0.942720362
vn -0.618189985 -0.521865808 0.587790117
vn -0.111498521 -0.933552622 0.340657573
vn -0.269839604 -0.616870457 0.739362852
vn -0.744862851 -0.173515427 0.644260607
vn -0.30150782 -0.23685186 0.923576868
vn -0.30150782 0.0481620885 0.952246527
vn -0.681526418 -0.110178994 0.723451679
vn -0.523185335 -0.426861158 0.737608742
vn -0.776531067 0.016493872 0.629863044
vn -0.744862851 0.143166738 0.651676775
vn -0.491517119 0.206503171 0.846030355
vn -0.428180686 0.174834954 0.886619444
vn -0.491517119 0.111498521 0.863700759
vn -0.238171387 -0.331856509 0.912768124
vn -0.618189985 0.269839604 0.738259934
vn -0.30150782 0.206503171 0.930832678
vn -0.491517119 0.30150782 0.817009153
vn -0.713194634 0.111498521 0.69204154
vn -0.016493872 0.016493872 0.999727915
vn 0.173515427 -0.23685186 0.955925517
vn 0.23685186 0.143166738 0.960939375
vn -0.111498521 0.30150782 0.946921916
vn -0.238171387 0.333176037 0.912287301
vn -0.744862851 -0.0151743444 0.667045031
vn -0.206503171 0.016493872 0.978306901
vn 0.0785107773 0.143166738 0.986579618
vn 0.110178994 0.333176037 0.936404997
vn -0.681526418 0.016493872 0.731607609
vn -0.0481620885 0.143166738 0.988526023
vn -0.681526418 0.111498521 0.723249488
vn -0.681526418 0.079830305 0.727426192
vn -0.618189985 0.079830305 0.781964363
vn -0.174834954 -0.23685186 0.955685061
vn -0.079830305 -0.0785107773 0.99371182
vn -0.776531067 0.016493872 0.629863044
vn -0.554853552 0.143166738 0.819536955
vn -0.776531067 0.174834954 0.605336469
vn -0.586521768 -0.14184721 0.797415566
vn -0.364844253 -0.0151743444 0.930944902
vn -0.30150782 -0.331856509 0.893848025
vn -0.0481620885 0.364844253 0.929822071
vn 0.0151743444 0.0481620885 0.998724262
vn -0.618189985 0.174834954 0.766337968
vn -0.586521768 0.269839604 0.763661446
vn 0.0785107773 0.143166738 0.986579618
vn -0.016493872 0.333176037 0.942720362
vn -0.554853552 0.333176037 0.76231966
vn -0.0481620885 0.618189985 0.784551818
vn -0.586521768 0.39651247 0.706236559
vn -0.269839604 0.8398675 0.47096621
vn -0.618189985 0.554853552 0.556757289
vn -0.641785201 0.766884447 -0
vn -0.428180686 0.523185335 0.736843542
vn -0.206503171 0.269839604 0.940501477
vn -0.174834954 0.238171387 0.955357069
vn -0.364844253 0.206503171 0.907879459
vn -0.238171387 0.364844253 0.900090585
vn -0.30150782 0.269839604 0.914483254
vn -0.681526418 0.681526418 0.266539835
vn -0.491517119 0.618189985 0.61339389
vn -0.491517119 0.744862851 0.451209769
vn -0.675043736 0.737777713 -0
vn -0.808199284 0.586521768 -0.0529729475
vn -0.333176037 0.649858201 0.68313838
vn -0.681526418 0.713194634 -0.163936438
vn -0.808199284 0.554853552 -0.197361227
vn -0.903203933 0.428180686 -0.0297313887
vn -0.428180686 0.903203933 0.0297313887
vn -0.459848903 0.871535717 0.170189546
vn -0.206503171 0.934872149 0.28873951
vn -0.174834954 0.966540366 0.187703116
vn -0.143166738 0.966540366 0.212845029
vn -0.30150782 0.808199284 0.505872466
vn -0.174834954 0.903203933 0.391989023
vn -0.238171387 0.744862851 0.623260559
vn -0.143166738 0.903203933 0.404630622
vn -0.111498521 0.934872149 0.337019501
vn -0.174834954 0.713194634 0.67881231
vn -0.174834954 0.903203933 0.391989023
vn -0.111498521 0.934872149 0.337019501
vn -0.206503171 0.459848903 0.863652376
vn -0.269839604 0.744862851 0.61021793
vn -0.333176037 0.459848903 0.823123755
vn -0.174834954 0.934872149 0.30894466
vn -0.079830305 0.966540366 0.243776216
vn -0.079830305 0.966540366 0.243776216
vn 0.0151743444 0.966540366 0.256065344
vn 0.171258721 0.985226091 -0
vn 0.109710445 0.99396359 -0
vn 0.0151743444 0.934872149 0.354660124
vn -0.333176037 0.776531067 0.534783349
vn -0.174834954 0.871535717 0.458102863
vn 0.110178994 0.903203933 0.414829175
vn -0.0481620885 0.776531067 0.628235557
vn -0.459848903 0.523185335 0.717506858
vn -0.269839604 0.649858201 0.710542684
vn -0.206503171 0.554853552 0.805911891
vn -0.016493872 0.649858201 0.759876484
vn -0.649858201 0.269839604 0.710542684
vn -0.143166738 0.459848903 0.87638021
vn 0.0785107773 0.491517119 0.867321728
vn -0.428180686 0.39651247 0.812058595
vn -0.649858201 0.174834954 0.739673615
vn -0.30150782 0.333176037 0.893357019
vn 0.0151743444 0.333176037 0.942742525
vn -0.554853552 0.111498521 0.824442609
vn 0.23685186 0.079830305 0.96826046
vn 0.363524726 0.238171387 0.900624319
vn -0.111498521 0.206503171 0.972072281
vn 0.426861158 -0.0468425609 0.903103165
vn 0.585202241 0.079830305 0.806948239
vn 0.110178994 0.016493872 0.993774895
vn 0.521865808 0.143166738 0.84092768
vn 0.616870457 0.111498521 0.779127023
vn 0.711875107 0.681526418 -0.169574687
vn 0.110178994 0.0481620885 0.992744178
vn 0.110178994 0.079830305 0.990700617
vn 0.363524726 -0.110178994 0.925046141
vn 0.173515427 0.143166738 0.974369376
vn 0.300188293 -0.14184721 0.943274275
vn -0.016493872 0.111498521 0.993627713
vn -0.0481620885 -0.0468425609 0.997740541
vn 0.205183643 -0.173515427 0.963219637
vn -0.143166738 0.016493872 0.989561134
vn -0.269839604 0.079830305 0.959590387
vn -0.459848903 -0.0151743444 0.887867516
vn -0.079830305 -0.110178994 0.990700617
vn 0.205183643 -0.205183643 0.956974057
vn -0.0481620885 -0.14184721 0.988716229
vn -0.681526418 0.0481620885 0.730206926
vn 0.300188293 -0.331856509 0.894292036
vn -0.39651247 -0.14184721 0.907004537
vn -0.0481620885 -0.268520076 0.962069323
vn -0.554853552 0.016493872 0.83178452
vn -0.079830305 -0.331856509 0.939945945
vn -0.39651247 -0.0151743444 0.917903917
vn -0.649858201 0.016493872 0.759876484
vn -0.459848903 0.174834954 0.870615716
vn -0.491517119 -0.205183643 0.846351342
vn -0.143166738 0.238171387 0.960613177
vn -0.174834954 0.269839604 0.946899851
vn -0.269839604 0.238171387 0.932984983
vn -0.618189985 -0.0151743444 0.785882232
vn -0.238171387 0.174834954 0.955357069
vn -0.174834954 0.333176037 0.926513069
vn -0.30150782 0.111498521 0.946921916
vn -0.364844253 0.238171387 0.900090585
vn -0.491517119 0.459848903 0.739560619
vn -0.269839604 0.554853552 0.786971489
vn -0.079830305 0.428180686 0.90016022
vn -0.016493872 0.523185335 0.852059304
vn -0.713194634 0.333176037 0.616722906
vn -0.523185335 0.206503171 0.82682135
vn -0.30150782 0.30150782 0.904536383
vn -0.016493872 0.30150782 0.95332103
vn 0.363524726 0.39651247 0.842987328
vn -0.238171387 -0.0468425609 0.970092864
vn -0.111498521 0.079830305 0.990552978
vn 0.395192942 0.206503171 0.895086018
vn 0.458529375 -0.0151743444 0.88854969
vn 0.0468425609 -0.0151743444 0.998787021
vn 0.205183643 -0.300188293 0.931550676
vn -0.0481620885 -0.331856509 0.942099608
vn -0.649858201 -0.110178994 0.752027199
vn -0.016493872 -0.110178994 0.993774895
vn -0.333176037 -0.173515427 0.926761094
vn -0.143166738 -0.0785107773 0.986579618
vn 0.0468425609 -0.110178994 0.992807315
vn 0.458529375 -0.23685186 0.856534885
vn 0.173515427 0.0481620885 0.983652789
vn 0.331856509 0.238171387 0.912768124
vn -0.0481620885 -0.14184721 0.988716229
vn -0.0481620885 -0.14184721 0.988716229
vn 0.173515427 0.143166738 0.974369376
vn 0.331856509 0.0481620885 0.942099608
vn -0.523185335 0.0481620885 0.850856932
vn -0.966540366 0.238171387 0.0952581298
vn -0.934872149 0.111498521 0.337019501
vn -0.016493872 -0.14184721 0.989751141
vn -0.30150782 -0.0151743444 0.953342946
vn 0.458529375 0.143166738 0.877071318
vn -0.30150782 0.0481620885 0.952246527
vn -0.934872149 -0.0151743444 0.354660124
vn 0.300188293 0.0481620885 0.95266332
vn 0.395192942 0.0481620885 0.9173347
vn -0.079830305 -0.0785107773 0.99371182
vn -0.618189985 -0.585202241 0.524766119
vn 0.521865808 0.143166738 0.84092768
vn 0.458529375 0.0481620885 0.887373217
vn 0.490197591 0.016493872 0.871455262
vn 0.0151743444 -0.331856509 0.943207823
vn -0.079830305 -0.490197591 0.867947835
vn 0.0468425609 -0.490197591 0.870351708
vn 0.426861158 -0.0785107773 0.900902664
vn 0.426861158 -0.173515427 0.887514478
vn 0.268520076 -0.426861158 0.863531424
vn 0.110178994 -0.585202241 0.803367243
vn 0.173515427 -0.711875107 0.680533783
vn 0.268520076 -0.490197591 0.829218482
vn 0.0468425609 -0.553534024 0.831508183
vn 0.173515427 -0.711875107 0.680533783
vn 0.268520076 -0.490197591 0.829218482
vn 0.268520076 -0.426861158 0.863531424
vn 0.0468425609 -0.553534024 0.831508183
vn 0.0151743444 -0.870216189 0.492436314
vn -0.111498521 -0.901884405 0.417339908
vn -0.143166738 -0.616870457 0.773934186
vn -0.238171387 -0.331856509 0.912768124
vn 0.173515427 -0.23685186 0.955925517
vn -0.523185335 -0.426861158 0.737608742
vn -0.333176037 -0.77521154 0.536694324
vn -0.238171387 -0.933552622 0.267869171
vn -0.30150782 -0.933552622 0.193836365
vn -0.428180686 -0.806879756 0.406947613
vn -0.618189985 -0.521865808 0.587790117
vn -0.0481620885 -0.965220838 0.256961372
vn -0.111498521 -0.933552622 0.340657573
vn -0.079830305 -0.490197591 0.867947835
vn -0.618189985 -0.585202241 0.524766119
vn -0.111498521 -0.965220838 0.236467361
vn 0.0151743444 -0.743543323 0.668515569
vn 0.110178994 -0.901884405 0.417690207
vn -0.39651247 -0.901884405 -0.171412896
vn -0.30150782 -0.901884405 -0.309350212
vn -0.871535717 -0.395192942 -0.290255118
vn -0.618189985 -0.585202241 0.524766119
vn -0.111498521 -0.965220838 0.236467361
vn 0.395192942 -0.901884405 0.174433534
vn 0.458529375 -0.838547972 -0.294258577
vn 0.550906238 -0.834567143 -0
vn 0.362859357 -0.931843918 -0
vn 0.110178994 -0.901884405 0.417690207
vn 0.0785107773 -0.996889055 -0.00694768379
vn -0.111498521 -0.965220838 0.236467361
vn -0.30150782 -0.901884405 -0.309350212
vn -0.016493872 -0.933552622 -0.358060685
vn -0.39651247 -0.901884405 -0.171412896
vn -0.0798238928 -0.996808982 -0
vn 0.268017439 -0.963414061 -0
vn 0.268520076 -0.933552622 -0.237437299
vn -0.0481620885 -0.933552622 0.355189971
vn 0.0151743444 -0.933552622 0.358119033
vn 0.110178994 -0.965220838 -0.237085054
vn 0.0468425609 -0.806879756 -0.588855529
vn 0.395192942 -0.616870457 -0.680656578
vn -0.459848903 -0.870216189 -0.176812815
vn 0.23685186 -0.901884405 -0.361255749
vn -0.174834954 -0.933552622 0.312909317
vn 0.0151743444 -0.901884405 0.431710851
vn 0.395192942 -0.870216189 -0.294187565
vn 0.331856509 -0.711875107 0.618954837
vn 0.521865808 -0.648538674 -0.554124235
vn 0.674983131 -0.737833161 -0
vn 0.806879756 -0.521865808 0.276769106
vn 0.268520076 -0.711875107 0.648945916
vn 0.173515427 -0.395192942 0.902061492
vn 0.268520076 -0.173515427 0.947517475
vn 0.0785107773 -0.521865808 0.849406932
vn -0.269839604 -0.743543323 0.611825069
vn -0.871535717 -0.395192942 -0.290255118
vn -0.618189985 -0.585202241 0.524766119
vn -0.934872149 -0.0151743444 0.354660124
vn -0.966540366 -0.0468425609 -0.2522013
vn -0.934872149 0.111498521 0.337019501
vn -0.932017019 -0.362414509 -0
vn -0.39651247 -0.901884405 -0.171412896
vn -0.966540366 0.143166738 -0.212845029
vn -0.966540366 0.238171387 0.0952581298
vn -0.8398675 -0.363524726 0.403078598
vn -0.428180686 -0.838547972 0.33689553
vn -0.269839604 -0.743543323 0.611825069
vn -0.99396359 -0.109710445 -0
vn -0.954630586 0.297792619 -0
vn -0.934872149 0.269839604 0.230652666
vn -0.903203933 0.238171387 0.357067285
vn -0.554853552 0.016493872 0.83178452
vn -0.996817372 0.0797190449 -0
vn -0.934872149 -0.110178994 0.337453187
vn -0.808199284 -0.0468425609 0.587043178
vn -0.649858201 -0.300188293 0.698263064
vn -0.871535717 0.174834954 0.458102863
vn -0.963168584 0.268898267 -0
vn -0.713194634 0.333176037 0.616722906
vn -0.808199284 0.39651247 0.435421381
vn -0.744862851 0.269839604 0.61021793
vn -0.808199284 0.143166738 0.571241808
vn -0.903203933 0.174834954 0.391989023
vn -0.966540366 0.206503171 0.152171487
vn -0.39651247 -0.14184721 0.907004537
vn -0.966540366 0.238171387 0.0952581298
vn -0.8398675 0.30150782 0.451348664
vn -0.143166738 0.016493872 0.989561134
vn -0.871535717 0.39651247 0.28844992
vn -0.016493872 0.111498521 0.993627713
vn -0.586521768 0.618189985 0.523290892
vn -0.079830305 0.934872149 0.345891871
vn -0.269839604 0.713194634 0.646946676
vn -0.39651247 -0.901884405 -0.171412896
vn -0.428180686 -0.838547972 0.33689553
vn -0.0481620885 -0.965220838 0.256961372
vn -0.269839604 -0.743543323 0.611825069
vn -0.8398675 -0.363524726 0.403078598
vn -0.649858201 -0.300188293 0.698263064
vn -0.269839604 -0.743543323 0.611825069
vn 0.0785107773 -0.521865808 0.849406932
vn -0.333176037 -0.0785107773 0.939590223
vn -0.808199284 -0.0468425609 0.587043178
vn -0.174834954 0.111498521 0.978264186
vn 0.268520076 -0.173515427 0.947517475
vn -0.618189985 0.206503171 0.758417816
vn -0.871535717 0.174834954 0.458102863
vn -0.713194634 0.333176037 0.616722906
vn -0.744862851 0.269839604 0.61021793
vn -0.523185335 0.30150782 0.797101085
vn -0.111498521 0.174834954 0.978264186
vn -0.523185335 0.174834954 0.834092227
vn -0.808199284 0.143166738 0.571241808
vn -0.681526418 0.174834954 0.710601492
vn -0.903203933 0.174834954 0.391989023
vn -0.8398675 0.30150782 0.451348664
vn 0.331856509 0.0481620885 0.942099608
vn 0.110178994 0.016493872 0.993774895
vn 0.173515427 -0.395192942 0.902061492
vn -0.111498521 0.111498521 0.987489828
vn -0.428180686 0.111498521 0.89678837
vn -0.618189985 0.333176037 0.71192336
vn -0.30150782 0.238171387 0.923237469
vn -0.649858201 0.428180686 0.627969441
vn -0.871535717 0.39651247 0.28844992
vn -0.586521768 0.618189985 0.523290892
vn -0.174834954 0.459848903 0.870615716
vn -0.238171387 0.554853552 0.797127296
vn -0.269839604 0.713194634 0.646946676
vn -0.0481620885 0.206503171 0.97725987
vn 0.300188293 0.111498521 0.947341052
vn 0.0151743444 0.39651247 0.917903917
vn 0.0151743444 0.079830305 0.996692963
vn 0.0785107773 0.554853552 0.828235229
vn 0.268520076 0.143166738 0.95257559
vn 0.0468425609 0.111498521 0.992659989
vn 0.205183643 0.333176037 0.920268114
vn 0.0785107773 0.681526418 0.72756979
vn -0.30150782 0.491517119 0.817009153
vn -0.459848903 0.713194634 0.529048581
vn -0.079830305 0.934872149 0.345891871
vn -0.238171387 0.206503171 0.949015717
vn -0.333176037 0.269839604 0.903426985
vn -0.523185335 0.428180686 0.736843542
vn -0.269839604 0.111498521 0.956428078
vn 0.0468425609 0.111498521 0.992659989
vn -0.079830305 0.333176037 0.939479032
vn -0.30150782 0.554853552 0.775390592
vn -0.713194634 0.618189985 0.330445996
vn 0.110178994 0.079830305 0.990700617
vn 0.173515427 0.143166738 0.974369376
vn -0.681526418 0.618189985 0.391615736
vn 0.110178994 0.0481620885 0.992744178
vn -0.681526418 0.713194634 0.163936438
vn 0.521865808 0.143166738 0.84092768
vn -0.586521768 0.808199284 0.0529729475
vn -0.39651247 0.871535717 0.28844992
vn 0.0785107773 0.871535717 -0.484005736
vn 0.585202241 0.808199284 -0.0659716255
vn -0.39651247 0.744862851 0.536616432
vn -0.111498521 0.8398675 0.53121621
vn 0.68020689 0.649858201 0.339120782
vn 0.77521154 0.586521768 0.234604527
vn 0.806879756 0.459848903 0.370788412
vn -0.0481620885 0.713194634 0.699309536
vn 0.68020689 0.459848903 0.570839359
vn 0.838547972 0.39651247 0.37365112
vn 0.68020689 0.333176037 0.652925965
vn 0.110178994 0.554853552 0.824619988
vn 0.331856509 0.333176037 0.882533278
vn 0.68020689 0.174834954 0.711864682
vn 0.426861158 0.143166738 0.892912558
vn 0.806879756 0.174834954 0.564249766
vn 0.0468425609 0.143166738 0.988589429
vn 0.458529375 0.174834954 0.871311397
vn 0.870216189 0.174834954 0.460604519
vn 0.521865808 0.174834954 0.83491845
vn 0.585202241 0.111498521 0.80318517
vn 0.901884405 0.174834954 0.395015516
vn 0.901884405 0.079830305 0.424536973
vn -0.174834954 0.111498521 0.978264186
vn -0.428180686 0.079830305 0.90016022
vn -0.39651247 0.111498521 0.911233198
vn 0.110178994 0.174834954 0.978413679
vn 0.585202241 0.016493872 0.810719612
vn 0.806879756 -0.23685186 0.54115271
vn 0.173515427 0.111498521 0.978499094
vn -0.333176037 0.111498521 0.936248796
vn 0.553534024 -0.23685186 0.798436773
vn 0.806879756 -0.521865808 0.276769106
vn 0.205183643 -0.0151743444 0.978605851
vn -0.143166738 -0.0468425609 0.988589429
vn 0.23685186 -0.205183643 0.949631965
vn 0.490197591 -0.395192942 0.776871199
vn 0.331856509 -0.711875107 0.618954837
vn 0.674983131 -0.737833161 -0
vn 0.0151743444 -0.901884405 0.431710851
vn 0.0468425609 -0.521865808 0.851740485
vn -0.174834954 -0.933552622 0.312909317
vn -0.111498521 -0.300188293 0.947341052
vn -0.554853552 -0.0151743444 0.831809639
vn -0.618189985 -0.0785107773 0.782097948
vn -0.459848903 -0.553534024 0.694362348
vn -0.459848903 -0.68020689 0.570839359
vn -0.0481620885 -0.933552622 0.355189971
vn -0.459848903 -0.870216189 -0.176812815
vn -0.459848903 0.713194634 0.529048581
vn -0.079830305 0.934872149 0.345891871
vn 0.173515427 0.143166738 0.974369376
vn -0.016493872 0.111498521 0.993627713
vn 0.77521154 0.586521768 0.234604527
vn 0.585202241 0.808199284 -0.0659716255
vn 0.648538674 0.713194634 -0.265990606
vn 0.0785107773 0.871535717 -0.484005736
vn 0.331856509 0.649858201 -0.683780356
vn 0.77521154 0.491517119 0.396809766
vn 0.711875107 0.681526418 -0.169574687
vn 0.521865808 0.143166738 0.84092768
vn 0.711875107 0.681526418 -0.169574687
vn 0.616870457 0.111498521 0.779127023
vn 0.77521154 0.491517119 0.396809766
vn 0.743543323 0.206503171 0.636002962
vn 0.648538674 0.143166738 0.747596732
vn 0.711875107 0.174834954 0.68019598
vn 0.585202241 0.079830305 0.806948239
vn 0.77521154 0.238171387 0.585082438
vn 0.743543323 0.206503171 0.636002962
vn 0.806879756 0.238171387 0.54057326
vn 0.838547972 0.269839604 0.473311616
vn 0.648538674 0.143166738 0.747596732
vn 0.363524726 0.238171387 0.900624319
vn 0.743543323 0.30150782 0.596855394
vn 0.648538674 0.459848903 0.606577757
vn 0.0785107773 0.491517119 0.867321728
vn 0.806879756 0.333176037 0.487789696
vn 0.838547972 0.333176037 0.43108123
vn 0.77521154 0.523185335 0.354011545
vn 0.77521154 0.491517119 0.396809766
vn 0.616870457 0.744862851 0.254263982
vn 0.68020689 0.649858201 0.339120782
vn 0.458529375 0.871535717 0.17371329
vn 0.616870457 0.681526418 0.393690971
vn 0.331856509 0.934872149 0.126036985
vn 0.395192942 0.903203933 -0.167466994
vn 0.205183643 0.966540366 0.153946074
vn 0.23685186 0.966540366 -0.0984932363
vn 0.109710445 0.99396359 -0
vn 0.171258721 0.985226091 -0
vn 0.0151743444 0.934872149 0.354660124
vn 0.110178994 0.903203933 0.414829175
vn 0.14184721 0.871535717 0.469366449
vn 0.205183643 0.871535717 0.445337139
vn -0.016493872 0.649858201 0.759876484
vn -0.0481620885 0.776531067 0.628235557
vn 0.395192942 0.776531067 0.490736223
vn 0.395192942 0.554853552 0.732092941
vn -0.174834954 0.269839604 0.946899851
vn -0.079830305 0.428180686 0.90016022
vn -0.174834954 0.333176037 0.926513069
vn -0.143166738 0.238171387 0.960613177
vn -0.808199284 0.586521768 -0.0529729475
vn -0.903203933 0.428180686 -0.0297313887
vn -0.808199284 0.586521768 -0.0529729475
vn -0.641785201 0.766884447 -0
vn -0.238171387 0.681526418 -0.691950961
vn -0.808199284 0.586521768 -0.0529729475
vn -0.641785201 0.766884447 -0
vn 0.0785107773 0.871535717 -0.484005736
vn -0.0481620885 0.554853552 -0.830552797
vn 0.0785107773 0.871535717 -0.484005736
vn 0.0151743444 0.554853552 -0.831809639
vn -0.0481620885 0.871535717 -0.48796097
vn 0.0151743444 0.554853552 -0.831809639
vn -0.111008265 0.993819483 -0
vn 0.0468425609 0.649858201 -0.758610633
vn 0.0468425609 0.649858201 -0.758610633
vn 0.0468425609 0.649858201 -0.758610633
vn 0.0468425609 0.649858201 -0.758610633
vn -0.079830305 0.681526418 -0.727426192
vn -0.079830305 0.681526418 -0.727426192
vn -0.079830305 0.681526418 -0.727426192
vn -0.079830305 0.681526418 -0.727426192
vn -0.238171387 0.618189985 -0.749076453
vn -0.238171387 0.618189985 -0.749076453
vn -0.238171387 0.618189985 -0.749076453
vn -0.238171387 0.618189985 -0.749076453
vn -0.523185335 0.428180686 -0.736843542
vn -0.523185335 0.428180686 -0.736843542
vn -0.523185335 0.428180686 -0.736843542
vn -0.523185335 0.428180686 -0.736843542
g StoneWall_A_4_0
f 3/3/3 2/2/2 1/1/1
f 6/6/6 5/5/5 4/4/4
f 9/9/9 8/8/8 7/7/7
f 12/12/12 11/11/11 10/10/10
f 15/15/15 14/14/14 13/13/13
f 18/18/18 17/17/17 16/16/16
f 21/21/21 20/20/20 19/19/19
f 24/24/24 23/23/23 22/22/22
f 27/27/27 26/26/26 25/25/25
f 30/30/30 29/29/29 28/28/28
f 33/33/33 32/32/32 31/31/31
f 34/34/34 33/33/33 31/31/31
f 33/33/33 34/34/34 35/35/35
f 34/34/34 36/36/36 35/35/35
f 35/35/35 36/36/36 37/37/37
f 36/36/36 38/38/38 37/37/37
f 39/39/39 37/37/37 38/38/38
f 40/40/40 36/36/36 34/34/34
f 38/38/38 36/36/36 40/40/40
f 41/41/41 34/34/34 31/31/31
f 41/41/41 40/40/40 34/34/34
f 42/42/42 39/39/39 38/38/38
f 39/39/39 42/42/42 43/43/43
f 42/42/42 44/44/44 43/43/43
f 45/45/45 41/41/41 31/31/31
f 31/31/31 46/46/46 45/45/45
f 47/47/47 38/38/38 40/40/40
f 42/42/42 38/38/38 47/47/47
f 46/46/46 48/48/48 45/45/45
f 46/46/46 49/49/49 48/48/48
f 49/49/49 50/50/50 48/48/48
f 49/49/49 51/51/51 50/50/50
f 40/40/40 52/52/52 47/47/47
f 53/53/53 42/42/42 47/47/47
f 53/53/53 47/47/47 52/52/52
f 44/44/44 42/42/42 54/54/54
f 42/42/42 53/53/53 54/54/54
f 44/44/44 54/54/54 55/55/55
f 54/54/54 53/53/53 56/56/56
f 55/55/55 54/54/54 56/56/56
f 57/57/57 44/44/44 55/55/55
f 57/57/57 58/58/58 44/44/44
f 57/57/57 55/55/55 58/58/58
f 59/59/59 52/52/52 40/40/40
f 41/41/41 59/59/59 40/40/40
f 60/60/60 53/53/53 52/52/52
f 53/53/53 60/60/60 56/56/56
f 60/60/60 52/52/52 61/61/61
f 52/52/52 59/59/59 61/61/61
f 60/60/60 61/61/61 56/56/56
f 59/59/59 41/41/41 62/62/62
f 61/61/61 59/59/59 63/63/63
f 59/59/59 62/62/62 63/63/63
f 61/61/61 64/64/64 56/56/56
f 64/64/64 61/61/61 63/63/63
f 65/65/65 55/55/55 56/56/56
f 65/65/65 56/56/56 64/64/64
f 65/65/65 66/66/66 55/55/55
f 55/55/55 67/67/67 58/58/58
f 66/66/66 67/67/67 55/55/55
f 58/58/58 67/67/67 68/68/68
f 68/68/68 67/67/67 66/66/66
f 69/69/69 58/58/58 68/68/68
f 68/68/68 70/70/70 69/69/69
f 69/69/69 70/70/70 71/71/71
f 41/41/41 72/72/72 62/62/62
f 41/41/41 45/45/45 72/72/72
f 73/73/73 65/65/65 64/64/64
f 65/65/65 73/73/73 66/66/66
f 74/74/74 68/68/68 66/66/66
f 70/70/70 68/68/68 74/74/74
f 70/70/70 75/75/75 71/71/71
f 71/71/71 75/75/75 76/76/76
f 76/76/76 75/75/75 77/77/77
f 78/78/78 75/75/75 70/70/70
f 75/75/75 78/78/78 77/77/77
f 77/77/77 78/78/78 79/79/79
f 80/80/80 77/77/77 79/79/79
f 80/80/80 79/79/79 81/81/81
f 82/82/82 78/78/78 70/70/70
f 82/82/82 70/70/70 74/74/74
f 82/82/82 83/83/83 78/78/78
f 82/82/82 74/74/74 83/83/83
f 83/83/83 79/79/79 78/78/78
f 74/74/74 66/66/66 84/84/84
f 74/74/74 84/84/84 83/83/83
f 66/66/66 85/85/85 84/84/84
f 73/73/73 85/85/85 66/66/66
f 83/83/83 84/84/84 86/86/86
f 85/85/85 86/86/86 84/84/84
f 79/79/79 83/83/83 86/86/86
f 73/73/73 87/87/87 85/85/85
f 87/87/87 86/86/86 85/85/85
f 73/73/73 64/64/64 87/87/87
f 86/86/86 88/88/88 79/79/79
f 86/86/86 87/87/87 88/88/88
f 79/79/79 89/89/89 81/81/81
f 88/88/88 89/89/89 79/79/79
f 64/64/64 90/90/90 87/87/87
f 90/90/90 64/64/64 63/63/63
f 81/81/81 89/89/89 91/91/91
f 92/92/92 81/81/81 91/91/91
f 89/89/89 88/88/88 93/93/93
f 91/91/91 89/89/89 93/93/93
f 87/87/87 94/94/94 88/88/88
f 94/94/94 87/87/87 90/90/90
f 88/88/88 94/94/94 93/93/93
f 90/90/90 63/63/63 95/95/95
f 95/95/95 94/94/94 90/90/90
f 63/63/63 96/96/96 95/95/95
f 95/95/95 96/96/96 94/94/94
f 63/63/63 62/62/62 96/96/96
f 94/94/94 97/97/97 93/93/93
f 96/96/96 97/97/97 94/94/94
f 62/62/62 98/98/98 96/96/96
f 98/98/98 62/62/62 72/72/72
f 92/92/92 91/91/91 99/99/99
f 100/100/100 92/92/92 99/99/99
f 91/91/91 93/93/93 101/101/101
f 93/93/93 97/97/97 101/101/101
f 97/97/97 96/96/96 102/102/102
f 96/96/96 98/98/98 102/102/102
f 91/91/91 103/103/103 99/99/99
f 103/103/103 91/91/91 101/101/101
f 97/97/97 104/104/104 101/101/101
f 97/97/97 102/102/102 104/104/104
f 103/103/103 101/101/101 105/105/105
f 99/99/99 103/103/103 105/105/105
f 105/105/105 101/101/101 104/104/104
f 106/106/106 100/100/100 99/99/99
f 107/107/107 100/100/100 106/106/106
f 99/99/99 105/105/105 108/108/108
f 106/106/106 99/99/99 108/108/108
f 109/109/109 102/102/102 98/98/98
f 102/102/102 110/110/110 104/104/104
f 102/102/102 109/109/109 110/110/110
f 111/111/111 105/105/105 104/104/104
f 104/104/104 110/110/110 111/111/111
f 112/112/112 109/109/109 98/98/98
f 112/112/112 98/98/98 72/72/72
f 113/113/113 109/109/109 112/112/112
f 109/109/109 113/113/113 110/110/110
f 114/114/114 113/113/113 112/112/112
f 112/112/112 72/72/72 114/114/114
f 72/72/72 115/115/115 114/114/114
f 113/113/113 114/114/114 115/115/115
f 45/45/45 115/115/115 72/72/72
f 115/115/115 45/45/45 48/48/48
f 116/116/116 115/115/115 48/48/48
f 116/116/116 113/113/113 115/115/115
f 117/117/117 116/116/116 48/48/48
f 50/50/50 117/117/117 48/48/48
f 105/105/105 111/111/111 118/118/118
f 108/108/108 105/105/105 118/118/118
f 113/113/113 116/116/116 119/119/119
f 116/116/116 117/117/117 119/119/119
f 117/117/117 50/50/50 120/120/120
f 51/51/51 120/120/120 50/50/50
f 121/121/121 120/120/120 51/51/51
f 122/122/122 121/121/121 51/51/51
f 123/123/123 117/117/117 120/120/120
f 120/120/120 121/121/121 124/124/124
f 123/123/123 120/120/120 124/124/124
f 117/117/117 123/123/123 125/125/125
f 119/119/119 117/117/117 125/125/125
f 125/125/125 123/123/123 124/124/124
f 126/126/126 124/124/124 121/121/121
f 127/127/127 126/126/126 121/121/121
f 126/126/126 127/127/127 128/128/128
f 129/129/129 125/125/125 124/124/124
f 129/129/129 124/124/124 126/126/126
f 125/125/125 130/130/130 119/119/119
f 125/125/125 129/129/129 131/131/131
f 130/130/130 125/125/125 131/131/131
f 130/130/130 132/132/132 119/119/119
f 113/113/113 119/119/119 132/132/132
f 133/133/133 126/126/126 128/128/128
f 133/133/133 128/128/128 134/134/134
f 128/128/128 135/135/135 134/134/134
f 126/126/126 133/133/133 136/136/136
f 136/136/136 129/129/129 126/126/126
f 133/133/133 137/137/137 136/136/136
f 138/138/138 136/136/136 137/137/137
f 139/139/139 138/138/138 137/137/137
f 140/140/140 138/138/138 139/139/139
f 136/136/136 138/138/138 141/141/141
f 129/129/129 136/136/136 141/141/141
f 142/142/142 141/141/141 138/138/138
f 141/141/141 142/142/142 143/143/143
f 129/129/129 141/141/141 144/144/144
f 144/144/144 141/141/141 143/143/143
f 144/144/144 143/143/143 145/145/145
f 131/131/131 129/129/129 144/144/144
f 131/131/131 144/144/144 146/146/146
f 147/147/147 131/131/131 146/146/146
f 130/130/130 131/131/131 147/147/147
f 148/148/148 147/147/147 146/146/146
f 149/149/149 148/148/148 146/146/146
f 150/150/150 130/130/130 147/147/147
f 150/150/150 147/147/147 148/148/148
f 132/132/132 130/130/130 150/150/150
f 151/151/151 148/148/148 149/149/149
f 152/152/152 151/151/151 149/149/149
f 153/153/153 132/132/132 150/150/150
f 113/113/113 132/132/132 153/153/153
f 154/154/154 150/150/150 148/148/148
f 148/148/148 151/151/151 154/154/154
f 155/155/155 151/151/151 152/152/152
f 156/156/156 155/155/155 152/152/152
f 151/151/151 155/155/155 157/157/157
f 151/151/151 157/157/157 154/154/154
f 155/155/155 158/158/158 157/157/157
f 154/154/154 159/159/159 150/150/150
f 159/159/159 153/153/153 150/150/150
f 159/159/159 154/154/154 157/157/157
f 160/160/160 113/113/113 153/153/153
f 113/113/113 160/160/160 110/110/110
f 157/157/157 158/158/158 161/161/161
f 158/158/158 162/162/162 161/161/161
f 163/163/163 159/159/159 157/157/157
f 163/163/163 157/157/157 161/161/161
f 159/159/159 164/164/164 153/153/153
f 164/164/164 160/160/160 153/153/153
f 164/164/164 159/159/159 163/163/163
f 165/165/165 110/110/110 160/160/160
f 164/164/164 165/165/165 160/160/160
f 110/110/110 165/165/165 111/111/111
f 165/165/165 164/164/164 111/111/111
f 164/164/164 118/118/118 111/111/111
f 118/118/118 164/164/164 163/163/163
f 118/118/118 163/163/163 161/161/161
f 166/166/166 118/118/118 161/161/161
f 162/162/162 166/166/166 161/161/161
f 108/108/108 118/118/118 166/166/166
f 167/167/167 108/108/108 166/166/166
f 167/167/167 166/166/166 162/162/162
f 106/106/106 108/108/108 167/167/167
f 168/168/168 106/106/106 167/167/167
f 168/168/168 167/167/167 162/162/162
f 168/168/168 107/107/107 106/106/106
f 168/168/168 169/169/169 107/107/107
f 168/168/168 162/162/162 169/169/169
f 169/169/169 170/170/170 107/107/107
f 170/170/170 169/169/169 171/171/171
f 162/162/162 172/172/172 169/169/169
f 173/173/173 172/172/172 162/162/162
f 169/169/169 174/174/174 171/171/171
f 169/169/169 172/172/172 174/174/174
f 171/171/171 174/174/174 175/175/175
f 174/174/174 176/176/176 175/175/175
f 175/175/175 176/176/176 177/177/177
f 172/172/172 178/178/178 174/174/174
f 174/174/174 178/178/178 176/176/176
f 178/178/178 172/172/172 179/179/179
f 172/172/172 173/173/173 179/179/179
f 178/178/178 179/179/179 176/176/176
f 176/176/176 180/180/180 177/177/177
f 176/176/176 179/179/179 180/180/180
f 177/177/177 180/180/180 181/181/181
f 180/180/180 182/182/182 181/181/181
f 183/183/183 182/182/182 180/180/180
f 184/184/184 179/179/179 173/173/173
f 179/179/179 184/184/184 180/180/180
f 184/184/184 183/183/183 180/180/180
f 185/185/185 184/184/184 173/173/173
f 184/184/184 185/185/185 183/183/183
f 185/185/185 186/186/186 183/183/183
f 189/189/189 188/188/188 187/187/187
f 190/190/190 189/189/189 187/187/187
f 189/189/189 190/190/190 191/191/191
f 192/192/192 189/189/189 191/191/191
f 192/192/192 191/191/191 193/193/193
f 191/191/191 194/194/194 193/193/193
f 193/193/193 194/194/194 195/195/195
f 196/196/196 193/193/193 195/195/195
f 196/196/196 195/195/195 197/197/197
f 195/195/195 198/198/198 197/197/197
f 199/199/199 197/197/197 198/198/198
f 200/200/200 199/199/199 198/198/198
f 199/199/199 200/200/200 201/201/201
f 200/200/200 202/202/202 201/201/201
f 201/201/201 202/202/202 203/203/203
f 204/204/204 201/201/201 203/203/203
f 204/204/204 203/203/203 205/205/205
f 203/203/203 206/206/206 205/205/205
f 209/209/209 208/208/208 207/207/207
f 208/208/208 209/209/209 210/210/210
f 208/208/208 210/210/210 211/211/211
f 212/212/212 208/208/208 211/211/211
f 213/213/213 212/212/212 211/211/211
f 209/209/209 214/214/214 210/210/210
f 214/214/214 209/209/209 215/215/215
f 215/215/215 216/216/216 214/214/214
f 216/216/216 217/217/217 214/214/214
f 216/216/216 218/218/218 217/217/217
f 218/218/218 219/219/219 217/217/217
f 214/214/214 220/220/220 210/210/210
f 214/214/214 217/217/217 220/220/220
f 217/217/217 219/219/219 221/221/221
f 217/217/217 221/221/221 220/220/220
f 210/210/210 220/220/220 222/222/222
f 220/220/220 221/221/221 222/222/222
f 210/210/210 222/222/222 211/211/211
f 219/219/219 223/223/223 221/221/221
f 222/222/222 221/221/221 223/223/223
f 223/223/223 219/219/219 224/224/224
f 225/225/225 223/223/223 224/224/224
f 223/223/223 225/225/225 226/226/226
f 226/226/226 225/225/225 227/227/227
f 228/228/228 226/226/226 227/227/227
f 228/228/228 229/229/229 226/226/226
f 229/229/229 230/230/230 226/226/226
f 231/231/231 223/223/223 226/226/226
f 231/231/231 226/226/226 230/230/230
f 231/231/231 222/222/222 223/223/223
f 222/222/222 231/231/231 230/230/230
f 222/222/222 232/232/232 211/211/211
f 233/233/233 211/211/211 232/232/232
f 234/234/234 233/233/233 232/232/232
f 234/234/234 235/235/235 233/233/233
f 236/236/236 211/211/211 233/233/233
f 236/236/236 213/213/213 211/211/211
f 235/235/235 237/237/237 233/233/233
f 235/235/235 238/238/238 237/237/237
f 213/213/213 236/236/236 239/239/239
f 239/239/239 240/240/240 213/213/213
f 236/236/236 241/241/241 239/239/239
f 242/242/242 236/236/236 233/233/233
f 242/242/242 233/233/233 237/237/237
f 236/236/236 242/242/242 241/241/241
f 242/242/242 243/243/243 241/241/241
f 243/243/243 242/242/242 237/237/237
f 241/241/241 243/243/243 244/244/244
f 243/243/243 237/237/237 244/244/244
f 245/245/245 241/241/241 244/244/244
f 246/246/246 245/245/245 244/244/244
f 237/237/237 247/247/247 244/244/244
f 238/238/238 247/247/247 237/237/237
f 248/248/248 244/244/244 247/247/247
f 246/246/246 248/248/248 249/249/249
f 249/249/249 248/248/248 247/247/247
f 250/250/250 247/247/247 238/238/238
f 251/251/251 250/250/250 238/238/238
f 250/250/250 251/251/251 252/252/252
f 253/253/253 246/246/246 249/249/249
f 246/246/246 253/253/253 254/254/254
f 255/255/255 249/249/249 247/247/247
f 253/253/253 249/249/249 255/255/255
f 250/250/250 255/255/255 247/247/247
f 253/253/253 256/256/256 254/254/254
f 254/254/254 256/256/256 257/257/257
f 256/256/256 258/258/258 257/257/257
f 257/257/257 258/258/258 259/259/259
f 260/260/260 253/253/253 255/255/255
f 260/260/260 255/255/255 261/261/261
f 262/262/262 255/255/255 250/250/250
f 255/255/255 262/262/262 261/261/261
f 263/263/263 250/250/250 252/252/252
f 263/263/263 262/262/262 250/250/250
f 263/263/263 252/252/252 264/264/264
f 263/263/263 264/264/264 262/262/262
f 252/252/252 265/265/265 264/264/264
f 261/261/261 262/262/262 266/266/266
f 264/264/264 266/266/266 262/262/262
f 264/264/264 265/265/265 266/266/266
f 267/267/267 261/261/261 266/266/266
f 265/265/265 268/268/268 266/266/266
f 271/271/271 270/270/270 269/269/269
f 272/272/272 269/269/269 270/270/270
f 275/275/275 274/274/274 273/273/273
f 275/275/275 273/273/273 276/276/276
f 273/273/273 277/277/277 276/276/276
f 277/277/277 273/273/273 278/278/278
f 279/279/279 277/277/277 278/278/278
f 277/277/277 279/279/279 280/280/280
f 276/276/276 277/277/277 281/281/281
f 281/281/281 277/277/277 280/280/280
f 282/282/282 276/276/276 281/281/281
f 282/282/282 281/281/281 283/283/283
f 281/281/281 284/284/284 283/283/283
f 284/284/284 281/281/281 280/280/280
f 285/285/285 284/284/284 280/280/280
f 285/285/285 280/280/280 286/286/286
f 289/289/289 288/288/288 287/287/287
f 287/287/287 290/290/290 289/289/289
f 290/290/290 291/291/291 289/289/289
f 292/292/292 291/291/291 290/290/290
f 290/290/290 287/287/287 293/293/293
f 287/287/287 294/294/294 293/293/293
f 295/295/295 292/292/292 290/290/290
f 290/290/290 293/293/293 295/295/295
f 292/292/292 295/295/295 296/296/296
f 293/293/293 296/296/296 295/295/295
f 297/297/297 292/292/292 296/296/296
f 297/297/297 296/296/296 298/298/298
f 299/299/299 293/293/293 294/294/294
f 296/296/296 293/293/293 299/299/299
f 300/300/300 299/299/299 294/294/294
f 301/301/301 296/296/296 299/299/299
f 296/296/296 301/301/301 298/298/298
f 299/299/299 300/300/300 302/302/302
f 301/301/301 299/299/299 302/302/302
f 298/298/298 301/301/301 303/303/303
f 303/303/303 301/301/301 302/302/302
f 304/304/304 298/298/298 303/303/303
f 300/300/300 305/305/305 302/302/302
f 305/305/305 300/300/300 306/306/306
f 302/302/302 305/305/305 307/307/307
f 307/307/307 305/305/305 306/306/306
f 303/303/303 302/302/302 308/308/308
f 308/308/308 302/302/302 307/307/307
f 309/309/309 303/303/303 308/308/308
f 303/303/303 309/309/309 304/304/304
f 304/304/304 310/310/310 298/298/298
f 310/310/310 311/311/311 298/298/298
f 311/311/311 310/310/310 312/312/312
f 308/308/308 307/307/307 313/313/313
f 309/309/309 308/308/308 313/313/313
f 310/310/310 314/314/314 312/312/312
f 315/315/315 312/312/312 314/314/314
f 310/310/310 316/316/316 314/314/314
f 317/317/317 315/315/315 314/314/314
f 316/316/316 317/317/317 314/314/314
f 317/317/317 318/318/318 315/315/315
f 318/318/318 319/319/319 315/315/315
f 320/320/320 319/319/319 318/318/318
f 310/310/310 304/304/304 321/321/321
f 316/316/316 310/310/310 321/321/321
f 316/316/316 322/322/322 317/317/317
f 322/322/322 318/318/318 317/317/317
f 323/323/323 316/316/316 321/321/321
f 322/322/322 316/316/316 323/323/323
f 304/304/304 324/324/324 321/321/321
f 321/321/321 324/324/324 323/323/323
f 309/309/309 325/325/325 304/304/304
f 326/326/326 324/324/324 304/304/304
f 325/325/325 326/326/326 304/304/304
f 325/325/325 309/309/309 327/327/327
f 327/327/327 309/309/309 313/313/313
f 328/328/328 325/325/325 327/327/327
f 326/326/326 325/325/325 328/328/328
f 328/328/328 327/327/327 313/313/313
f 329/329/329 320/320/320 318/318/318
f 329/329/329 330/330/330 320/320/320
f 330/330/330 331/331/331 320/320/320
f 332/332/332 331/331/331 330/330/330
f 333/333/333 332/332/332 330/330/330
f 334/334/334 332/332/332 333/333/333
f 335/335/335 334/334/334 333/333/333
f 336/336/336 334/334/334 335/335/335
f 337/337/337 336/336/336 335/335/335
f 336/336/336 337/337/337 338/338/338
f 333/333/333 339/339/339 335/335/335
f 337/337/337 335/335/335 339/339/339
f 333/333/333 330/330/330 340/340/340
f 341/341/341 330/330/330 329/329/329
f 330/330/330 341/341/341 340/340/340
f 342/342/342 340/340/340 341/341/341
f 340/340/340 343/343/343 333/333/333
f 343/343/343 339/339/339 333/333/333
f 340/340/340 342/342/342 344/344/344
f 343/343/343 340/340/340 344/344/344
f 337/337/337 345/345/345 338/338/338
f 346/346/346 337/337/337 339/339/339
f 345/345/345 337/337/337 346/346/346
f 347/347/347 345/345/345 346/346/346
f 345/345/345 348/348/348 338/338/338
f 348/348/348 345/345/345 347/347/347
f 348/348/348 349/349/349 338/338/338
f 339/339/339 350/350/350 346/346/346
f 350/350/350 339/339/339 343/343/343
f 350/350/350 347/347/347 346/346/346
f 349/349/349 348/348/348 351/351/351
f 352/352/352 349/349/349 351/351/351
f 353/353/353 349/349/349 352/352/352
f 351/351/351 348/348/348 354/354/354
f 348/348/348 355/355/355 354/354/354
f 355/355/355 348/348/348 347/347/347
f 354/354/354 355/355/355 356/356/356
f 356/356/356 355/355/355 347/347/347
f 357/357/357 354/354/354 356/356/356
f 357/357/357 356/356/356 358/358/358
f 359/359/359 356/356/356 347/347/347
f 356/356/356 360/360/360 358/358/358
f 360/360/360 356/356/356 359/359/359
f 359/359/359 347/347/347 361/361/361
f 347/347/347 350/350/350 361/361/361
f 361/361/361 360/360/360 359/359/359
f 358/358/358 360/360/360 362/362/362
f 363/363/363 358/358/358 362/362/362
f 361/361/361 364/364/364 360/360/360
f 364/364/364 361/361/361 350/350/350
f 364/364/364 362/362/362 360/360/360
f 362/362/362 365/365/365 363/363/363
f 365/365/365 366/366/366 363/363/363
f 367/367/367 364/364/364 350/350/350
f 367/367/367 350/350/350 343/343/343
f 362/362/362 364/364/364 368/368/368
f 368/368/368 364/364/364 367/367/367
f 365/365/365 362/362/362 368/368/368
f 369/369/369 367/367/367 343/343/343
f 369/369/369 368/368/368 367/367/367
f 344/344/344 369/369/369 343/343/343
f 366/366/366 365/365/365 370/370/370
f 371/371/371 366/366/366 370/370/370
f 371/371/371 370/370/370 372/372/372
f 373/373/373 371/371/371 372/372/372
f 373/373/373 372/372/372 374/374/374
f 372/372/372 375/375/375 374/374/374
f 376/376/376 375/375/375 372/372/372
f 365/365/365 368/368/368 377/377/377
f 370/370/370 365/365/365 377/377/377
f 372/372/372 370/370/370 377/377/377
f 377/377/377 368/368/368 369/369/369
f 378/378/378 376/376/376 372/372/372
f 378/378/378 372/372/372 377/377/377
f 376/376/376 378/378/378 379/379/379
f 378/378/378 380/380/380 379/379/379
f 381/381/381 377/377/377 369/369/369
f 378/378/378 377/377/377 381/381/381
f 378/378/378 382/382/382 380/380/380
f 382/382/382 378/378/378 381/381/381
f 382/382/382 383/383/383 380/380/380
f 382/382/382 381/381/381 383/383/383
f 380/380/380 383/383/383 384/384/384
f 385/385/385 381/381/381 369/369/369
f 344/344/344 385/385/385 369/369/369
f 383/383/383 386/386/386 384/384/384
f 384/384/384 386/386/386 387/387/387
f 381/381/381 388/388/388 383/383/383
f 381/381/381 385/385/385 388/388/388
f 386/386/386 383/383/383 388/388/388
f 385/385/385 344/344/344 389/389/389
f 385/385/385 389/389/389 388/388/388
f 344/344/344 342/342/342 389/389/389
f 390/390/390 386/386/386 388/388/388
f 388/388/388 389/389/389 390/390/390
f 386/386/386 391/391/391 387/387/387
f 391/391/391 386/386/386 390/390/390
f 389/389/389 392/392/392 390/390/390
f 389/389/389 342/342/342 392/392/392
f 391/391/391 393/393/393 387/387/387
f 393/393/393 394/394/394 387/387/387
f 395/395/395 391/391/391 390/390/390
f 390/390/390 392/392/392 395/395/395
f 396/396/396 394/394/394 393/393/393
f 394/394/394 396/396/396 397/397/397
f 398/398/398 393/393/393 391/391/391
f 395/395/395 398/398/398 391/391/391
f 399/399/399 397/397/397 396/396/396
f 399/399/399 400/400/400 397/397/397
f 400/400/400 399/399/399 401/401/401
f 402/402/402 399/399/399 396/396/396
f 403/403/403 402/402/402 396/396/396
f 404/404/404 396/396/396 393/393/393
f 404/404/404 403/403/403 396/396/396
f 404/404/404 393/393/393 398/398/398
f 403/403/403 404/404/404 405/405/405
f 404/404/404 406/406/406 405/405/405
f 406/406/406 404/404/404 398/398/398
f 405/405/405 406/406/406 407/407/407
f 398/398/398 395/395/395 408/408/408
f 398/398/398 408/408/408 406/406/406
f 406/406/406 409/409/409 407/407/407
f 408/408/408 409/409/409 406/406/406
f 410/410/410 407/407/407 409/409/409
f 395/395/395 411/411/411 408/408/408
f 411/411/411 412/412/412 408/408/408
f 392/392/392 411/411/411 395/395/395
f 392/392/392 412/412/412 411/411/411
f 409/409/409 408/408/408 413/413/413
f 412/412/412 413/413/413 408/408/408
f 414/414/414 409/409/409 413/413/413
f 414/414/414 410/410/410 409/409/409
f 414/414/414 413/413/413 415/415/415
f 410/410/410 414/414/414 415/415/415
f 413/413/413 412/412/412 415/415/415
f 392/392/392 416/416/416 412/412/412
f 342/342/342 416/416/416 392/392/392
f 410/410/410 415/415/415 417/417/417
f 410/410/410 417/417/417 418/418/418
f 418/418/418 417/417/417 419/419/419
f 420/420/420 418/418/418 419/419/419
f 415/415/415 421/421/421 417/417/417
f 417/417/417 421/421/421 419/419/419
f 412/412/412 422/422/422 415/415/415
f 415/415/415 422/422/422 421/421/421
f 416/416/416 423/423/423 412/412/412
f 422/422/422 412/412/412 423/423/423
f 424/424/424 416/416/416 342/342/342
f 423/423/423 416/416/416 424/424/424
f 422/422/422 425/425/425 421/421/421
f 419/419/419 421/421/421 425/425/425
f 342/342/342 426/426/426 424/424/424
f 426/426/426 427/427/427 424/424/424
f 426/426/426 342/342/342 341/341/341
f 428/428/428 423/423/423 424/424/424
f 429/429/429 422/422/422 423/423/423
f 425/425/425 422/422/422 429/429/429
f 423/423/423 428/428/428 429/429/429
f 426/426/426 341/341/341 430/430/430
f 430/430/430 341/341/341 329/329/329
f 431/431/431 426/426/426 430/430/430
f 430/430/430 329/329/329 432/432/432
f 431/431/431 430/430/430 432/432/432
f 329/329/329 318/318/318 432/432/432
f 432/432/432 318/318/318 433/433/433
f 433/433/433 431/431/431 432/432/432
f 318/318/318 322/322/322 433/433/433
f 431/431/431 433/433/433 434/434/434
f 434/434/434 433/433/433 322/322/322
f 435/435/435 431/431/431 434/434/434
f 436/436/436 431/431/431 435/435/435
f 436/436/436 437/437/437 428/428/428
f 437/437/437 436/436/436 435/435/435
f 438/438/438 434/434/434 322/322/322
f 438/438/438 322/322/322 323/323/323
f 323/323/323 439/439/439 438/438/438
f 439/439/439 434/434/434 438/438/438
f 324/324/324 439/439/439 323/323/323
f 434/434/434 439/439/439 440/440/440
f 435/435/435 434/434/434 440/440/440
f 440/440/440 439/439/439 324/324/324
f 437/437/437 435/435/435 441/441/441
f 435/435/435 440/440/440 441/441/441
f 437/437/437 442/442/442 428/428/428
f 442/442/442 437/437/437 441/441/441
f 443/443/443 440/440/440 324/324/324
f 443/443/443 324/324/324 326/326/326
f 444/444/444 428/428/428 442/442/442
f 428/428/428 444/444/444 429/429/429
f 445/445/445 442/442/442 441/441/441
f 445/445/445 444/444/444 442/442/442
f 445/445/445 441/441/441 446/446/446
f 445/445/445 446/446/446 444/444/444
f 447/447/447 441/441/441 440/440/440
f 443/443/443 447/447/447 440/440/440
f 441/441/441 447/447/447 446/446/446
f 448/448/448 447/447/447 443/443/443
f 446/446/446 447/447/447 448/448/448
f 449/449/449 443/443/443 326/326/326
f 449/449/449 448/448/448 443/443/443
f 449/449/449 326/326/326 328/328/328
f 449/449/449 328/328/328 448/448/448
f 429/429/429 444/444/444 450/450/450
f 450/450/450 425/425/425 429/429/429
f 444/444/444 451/451/451 450/450/450
f 450/450/450 451/451/451 425/425/425
f 446/446/446 451/451/451 444/444/444
f 451/451/451 452/452/452 425/425/425
f 452/452/452 419/419/419 425/425/425
f 452/452/452 453/453/453 419/419/419
f 451/451/451 454/454/454 452/452/452
f 451/451/451 446/446/446 454/454/454
f 454/454/454 453/453/453 452/452/452
f 455/455/455 446/446/446 448/448/448
f 446/446/446 455/455/455 454/454/454
f 455/455/455 448/448/448 454/454/454
f 328/328/328 456/456/456 448/448/448
f 448/448/448 456/456/456 454/454/454
f 453/453/453 454/454/454 456/456/456
f 456/456/456 328/328/328 313/313/313
f 456/456/456 313/313/313 457/457/457
f 307/307/307 457/457/457 313/313/313
f 453/453/453 458/458/458 419/419/419
f 458/458/458 420/420/420 419/419/419
f 458/458/458 459/459/459 420/420/420
f 458/458/458 453/453/453 459/459/459
f 460/460/460 453/453/453 456/456/456
f 460/460/460 456/456/456 457/457/457
f 307/307/307 461/461/461 457/457/457
f 461/461/461 307/307/307 306/306/306
f 459/459/459 462/462/462 420/420/420
f 420/420/420 462/462/462 463/463/463
f 463/463/463 462/462/462 464/464/464
f 453/453/453 465/465/465 459/459/459
f 465/465/465 453/453/453 460/460/460
f 462/462/462 459/459/459 466/466/466
f 464/464/464 462/462/462 466/466/466
f 459/459/459 465/465/465 466/466/466
f 460/460/460 457/457/457 467/467/467
f 461/461/461 467/467/467 457/457/457
f 468/468/468 464/464/464 466/466/466
f 464/464/464 468/468/468 469/469/469
f 470/470/470 465/465/465 460/460/460
f 470/470/470 460/460/460 467/467/467
f 471/471/471 466/466/466 465/465/465
f 470/470/470 471/471/471 465/465/465
f 468/468/468 466/466/466 471/471/471
f 468/468/468 472/472/472 469/469/469
f 473/473/473 469/469/469 472/472/472
f 470/470/470 467/467/467 474/474/474
f 471/471/471 470/470/470 474/474/474
f 475/475/475 468/468/468 471/471/471
f 475/475/475 471/471/471 474/474/474
f 468/468/468 475/475/475 472/472/472
f 474/474/474 467/467/467 476/476/476
f 467/467/467 461/461/461 476/476/476
f 476/476/476 475/475/475 474/474/474
f 477/477/477 473/473/473 472/472/472
f 478/478/478 473/473/473 477/477/477
f 479/479/479 478/478/478 477/477/477
f 475/475/475 480/480/480 472/472/472
f 480/480/480 475/475/475 476/476/476
f 477/477/477 472/472/472 480/480/480
f 481/481/481 476/476/476 461/461/461
f 481/481/481 480/480/480 476/476/476
f 306/306/306 481/481/481 461/461/461
f 479/479/479 477/477/477 482/482/482
f 482/482/482 477/477/477 480/480/480
f 480/480/480 481/481/481 482/482/482
f 483/483/483 479/479/479 482/482/482
f 483/483/483 482/482/482 484/484/484
f 481/481/481 485/485/485 482/482/482
f 481/481/481 306/306/306 485/485/485
f 306/306/306 486/486/486 485/485/485
f 489/489/489 488/488/488 487/487/487
f 487/487/487 488/488/488 490/490/490
f 491/491/491 487/487/487 490/490/490
f 491/491/491 490/490/490 492/492/492
f 490/490/490 493/493/493 492/492/492
f 493/493/493 490/490/490 494/494/494
f 490/490/490 495/495/495 494/494/494
f 493/493/493 494/494/494 496/496/496
f 493/493/493 497/497/497 492/492/492
f 497/497/497 493/493/493 496/496/496
f 497/497/497 498/498/498 492/492/492
f 498/498/498 497/497/497 499/499/499
f 497/497/497 496/496/496 500/500/500
f 497/497/497 500/500/500 499/499/499
f 496/496/496 501/501/501 500/500/500
f 499/499/499 500/500/500 502/502/502
f 503/503/503 500/500/500 501/501/501
f 500/500/500 503/503/503 502/502/502
f 506/506/506 505/505/505 504/504/504
f 507/507/507 506/506/506 504/504/504
f 507/507/507 508/508/508 506/506/506
f 511/511/511 510/510/510 509/509/509
f 511/511/511 512/512/512 510/510/510
f 512/512/512 513/513/513 510/510/510
f 516/516/516 515/515/515 514/514/514
f 515/515/515 517/517/517 514/514/514
f 514/514/514 517/517/517 518/518/518
f 517/517/517 519/519/519 518/518/518
f 518/518/518 519/519/519 520/520/520
f 520/520/520 519/519/519 521/521/521
f 519/519/519 522/522/522 521/521/521
f 522/522/522 519/519/519 517/517/517
f 521/521/521 522/522/522 523/523/523
f 522/522/522 524/524/524 523/523/523
f 525/525/525 524/524/524 522/522/522
f 526/526/526 522/522/522 517/517/517
f 526/526/526 525/525/525 522/522/522
f 526/526/526 517/517/517 515/515/515
f 527/527/527 525/525/525 526/526/526
f 528/528/528 525/525/525 527/527/527
f 529/529/529 526/526/526 515/515/515
f 529/529/529 527/527/527 526/526/526
f 530/530/530 529/529/529 515/515/515
f 527/527/527 529/529/529 530/530/530
f 530/530/530 515/515/515 531/531/531
f 532/532/532 527/527/527 530/530/530
f 530/530/530 533/533/533 532/532/532
f 533/533/533 530/530/530 531/531/531
f 533/533/533 534/534/534 532/532/532
f 534/534/534 533/533/533 535/535/535
f 533/533/533 531/531/531 536/536/536
f 533/533/533 536/536/536 535/535/535
f 535/535/535 536/536/536 537/537/537
f 531/531/531 538/538/538 536/536/536
f 536/536/536 539/539/539 537/537/537
f 539/539/539 536/536/536 538/538/538
f 540/540/540 539/539/539 538/538/538
f 541/541/541 528/528/528 527/527/527
f 542/542/542 541/541/541 527/527/527
f 541/541/541 542/542/542 543/543/543
f 544/544/544 541/541/541 543/543/543
f 528/528/528 541/541/541 544/544/544
f 545/545/545 528/528/528 544/544/544
f 548/548/548 547/547/547 546/546/546
f 549/549/549 548/548/548 546/546/546
f 550/550/550 548/548/548 549/549/549
f 549/549/549 546/546/546 551/551/551
f 551/551/551 546/546/546 552/552/552
f 553/553/553 550/550/550 549/549/549
f 550/550/550 553/553/553 554/554/554
f 555/555/555 551/551/551 552/552/552
f 556/556/556 555/555/555 552/552/552
f 556/556/556 557/557/557 555/555/555
f 558/558/558 549/549/549 551/551/551
f 553/553/553 549/549/549 558/558/558
f 558/558/558 551/551/551 555/555/555
f 553/553/553 559/559/559 554/554/554
f 560/560/560 554/554/554 559/559/559
f 561/561/561 560/560/560 559/559/559
f 560/560/560 561/561/561 562/562/562
f 563/563/563 553/553/553 558/558/558
f 559/559/559 553/553/553 563/563/563
f 564/564/564 558/558/558 555/555/555
f 563/563/563 558/558/558 564/564/564
f 565/565/565 564/564/564 555/555/555
f 566/566/566 565/565/565 555/555/555
f 567/567/567 564/564/564 565/565/565
f 563/563/563 564/564/564 567/567/567
f 568/568/568 563/563/563 567/567/567
f 568/568/568 559/559/559 563/563/563
f 568/568/568 567/567/567 569/569/569
f 559/559/559 568/568/568 570/570/570
f 570/570/570 568/568/568 569/569/569
f 561/561/561 559/559/559 570/570/570
f 570/570/570 569/569/569 571/571/571
f 561/561/561 570/570/570 571/571/571
f 561/561/561 571/571/571 572/572/572
f 573/573/573 561/561/561 572/572/572
f 561/561/561 573/573/573 574/574/574
f 561/561/561 574/574/574 562/562/562
f 575/575/575 562/562/562 574/574/574
f 573/573/573 576/576/576 574/574/574
f 576/576/576 575/575/575 574/574/574
f 576/576/576 573/573/573 577/577/577
f 578/578/578 575/575/575 576/576/576
f 579/579/579 576/576/576 577/577/577
f 579/579/579 578/578/578 576/576/576
f 578/578/578 579/579/579 580/580/580
f 579/579/579 581/581/581 580/580/580
f 582/582/582 580/580/580 581/581/581
f 583/583/583 582/582/582 581/581/581
f 586/586/586 585/585/585 584/584/584
f 587/587/587 585/585/585 586/586/586
f 590/590/590 589/589/589 588/588/588
f 590/590/590 591/591/591 589/589/589
f 591/591/591 592/592/592 589/589/589
f 593/593/593 589/589/589 592/592/592
f 592/592/592 591/591/591 594/594/594
f 591/591/591 595/595/595 594/594/594
f 596/596/596 593/593/593 592/592/592
f 593/593/593 596/596/596 597/597/597
f 596/596/596 598/598/598 597/597/597
f 599/599/599 598/598/598 596/596/596
f 600/600/600 596/596/596 592/592/592
f 594/594/594 600/600/600 592/592/592
f 600/600/600 599/599/599 596/596/596
f 594/594/594 601/601/601 600/600/600
f 594/594/594 595/595/595 601/601/601
f 600/600/600 602/602/602 599/599/599
f 601/601/601 602/602/602 600/600/600
f 602/602/602 603/603/603 599/599/599
f 604/604/604 603/603/603 602/602/602
f 605/605/605 603/603/603 604/604/604
f 606/606/606 605/605/605 604/604/604
f 595/595/595 607/607/607 601/601/601
f 608/608/608 607/607/607 595/595/595
f 609/609/609 608/608/608 595/595/595
f 602/602/602 601/601/601 610/610/610
f 610/610/610 601/601/601 607/607/607
f 611/611/611 604/604/604 602/602/602
f 611/611/611 602/602/602 610/610/610
f 606/606/606 604/604/604 612/612/612
f 604/604/604 611/611/611 612/612/612
f 611/611/611 610/610/610 613/613/613
f 611/611/611 613/613/613 612/612/612
f 614/614/614 606/606/606 612/612/612
f 615/615/615 606/606/606 614/614/614
f 616/616/616 615/615/615 614/614/614
f 617/617/617 612/612/612 613/613/613
f 614/614/614 612/612/612 617/617/617
f 614/614/614 618/618/618 616/616/616
f 618/618/618 614/614/614 617/617/617
f 618/618/618 619/619/619 616/616/616
f 610/610/610 620/620/620 613/613/613
f 613/613/613 620/620/620 617/617/617
f 621/621/621 610/610/610 607/607/607
f 620/620/620 610/610/610 621/621/621
f 617/617/617 622/622/622 618/618/618
f 620/620/620 622/622/622 617/617/617
f 623/623/623 621/621/621 607/607/607
f 608/608/608 623/623/623 607/607/607
f 622/622/622 624/624/624 618/618/618
f 619/619/619 618/618/618 624/624/624
f 625/625/625 620/620/620 621/621/621
f 621/621/621 623/623/623 625/625/625
f 623/623/623 626/626/626 625/625/625
f 622/622/622 620/620/620 627/627/627
f 620/620/620 625/625/625 627/627/627
f 622/622/622 627/627/627 624/624/624
f 625/625/625 626/626/626 627/627/627
f 628/628/628 619/619/619 624/624/624
f 627/627/627 629/629/629 624/624/624
f 624/624/624 629/629/629 628/628/628
f 628/628/628 630/630/630 619/619/619
f 629/629/629 630/630/630 628/628/628
f 630/630/630 631/631/631 619/619/619
f 626/626/626 632/632/632 627/627/627
f 629/629/629 627/627/627 632/632/632
f 629/629/629 632/632/632 633/633/633
f 629/629/629 634/634/634 630/630/630
f 634/634/634 629/629/629 633/633/633
f 632/632/632 626/626/626 635/635/635
f 633/633/633 632/632/632 635/635/635
f 635/635/635 636/636/636 633/633/633
f 634/634/634 633/633/633 637/637/637
f 636/636/636 637/637/637 633/633/633
f 638/638/638 634/634/634 637/637/637
f 634/634/634 639/639/639 630/630/630
f 639/639/639 634/634/634 638/638/638
f 630/630/630 639/639/639 640/640/640
f 641/641/641 630/630/630 640/640/640
f 642/642/642 640/640/640 639/639/639
f 642/642/642 639/639/639 638/638/638
f 643/643/643 640/640/640 642/642/642
f 644/644/644 643/643/643 642/642/642
f 642/642/642 638/638/638 644/644/644
f 645/645/645 643/643/643 644/644/644
f 646/646/646 645/645/645 644/644/644
f 647/647/647 646/646/646 644/644/644
f 648/648/648 645/645/645 647/647/647
f 648/648/648 647/647/647 649/649/649
f 650/650/650 647/647/647 644/644/644
f 638/638/638 650/650/650 644/644/644
f 647/647/647 651/651/651 649/649/649
f 647/647/647 650/650/650 651/651/651
f 652/652/652 649/649/649 651/651/651
f 649/649/649 652/652/652 653/653/653
f 653/653/653 652/652/652 654/654/654
f 650/650/650 655/655/655 651/651/651
f 655/655/655 652/652/652 651/651/651
f 652/652/652 656/656/656 654/654/654
f 656/656/656 652/652/652 655/655/655
f 654/654/654 656/656/656 657/657/657
f 656/656/656 658/658/658 657/657/657
f 655/655/655 650/650/650 659/659/659
f 659/659/659 656/656/656 655/655/655
f 650/650/650 638/638/638 659/659/659
f 656/656/656 659/659/659 658/658/658
f 659/659/659 638/638/638 660/660/660
f 659/659/659 660/660/660 658/658/658
f 638/638/638 637/637/637 660/660/660
f 658/658/658 660/660/660 661/661/661
f 662/662/662 660/660/660 637/637/637
f 660/660/660 662/662/662 661/661/661
f 661/661/661 662/662/662 663/663/663
f 636/636/636 662/662/662 637/637/637
f 636/636/636 664/664/664 662/662/662
f 662/662/662 665/665/665 663/663/663
f 664/664/664 665/665/665 662/662/662
f 666/666/666 663/663/663 665/665/665
f 667/667/667 666/666/666 665/665/665
f 665/665/665 664/664/664 667/667/667
f 667/667/667 668/668/668 666/666/666
f 668/668/668 669/669/669 666/666/666
f 669/669/669 668/668/668 670/670/670
f 664/664/664 636/636/636 671/671/671
f 636/636/636 635/635/635 671/671/671
f 635/635/635 626/626/626 671/671/671
f 626/626/626 672/672/672 671/671/671
f 671/671/671 672/672/672 664/664/664
f 673/673/673 672/672/672 626/626/626
f 672/672/672 673/673/673 664/664/664
f 623/623/623 673/673/673 626/626/626
f 664/664/664 674/674/674 667/667/667
f 667/667/667 674/674/674 668/668/668
f 664/664/664 673/673/673 674/674/674
f 668/668/668 675/675/675 670/670/670
f 676/676/676 670/670/670 675/675/675
f 674/674/674 677/677/677 668/668/668
f 674/674/674 673/673/673 677/677/677
f 668/668/668 677/677/677 675/675/675
f 673/673/673 623/623/623 678/678/678
f 673/673/673 678/678/678 677/677/677
f 623/623/623 608/608/608 678/678/678
f 679/679/679 676/676/676 675/675/675
f 676/676/676 679/679/679 680/680/680
f 677/677/677 681/681/681 675/675/675
f 677/677/677 678/678/678 681/681/681
f 679/679/679 675/675/675 681/681/681
f 678/678/678 682/682/682 681/681/681
f 678/678/678 608/608/608 682/682/682
f 683/683/683 679/679/679 681/681/681
f 681/681/681 682/682/682 683/683/683
f 679/679/679 684/684/684 680/680/680
f 684/684/684 679/679/679 683/683/683
f 680/680/680 684/684/684 685/685/685
f 686/686/686 680/680/680 685/685/685
f 685/685/685 684/684/684 687/687/687
f 684/684/684 688/688/688 687/687/687
f 688/688/688 684/684/684 683/683/683
f 689/689/689 687/687/687 688/688/688
f 683/683/683 682/682/682 690/690/690
f 688/688/688 683/683/683 690/690/690
f 608/608/608 691/691/691 682/682/682
f 690/690/690 682/682/682 691/691/691
f 691/691/691 608/608/608 692/692/692
f 692/692/692 690/690/690 691/691/691
f 608/608/608 609/609/609 692/692/692
f 690/690/690 692/692/692 693/693/693
f 688/688/688 690/690/690 693/693/693
f 692/692/692 609/609/609 693/693/693
f 694/694/694 688/688/688 693/693/693
f 693/693/693 609/609/609 694/694/694
f 694/694/694 689/689/689 688/688/688
f 609/609/609 695/695/695 694/694/694
f 694/694/694 695/695/695 689/689/689
f 695/695/695 696/696/696 689/689/689
f 699/699/699 698/698/698 697/697/697
f 698/698/698 699/699/699 700/700/700
f 703/703/703 702/702/702 701/701/701
f 704/704/704 702/702/702 703/703/703
f 705/705/705 704/704/704 703/703/703
f 705/705/705 703/703/703 706/706/706
f 707/707/707 705/705/705 706/706/706
f 705/705/705 707/707/707 704/704/704
f 707/707/707 708/708/708 704/704/704
f 711/711/711 710/710/710 709/709/709
f 710/710/710 711/711/711 712/712/712
f 711/711/711 713/713/713 712/712/712
f 714/714/714 710/710/710 712/712/712
f 710/710/710 714/714/714 715/715/715
f 716/716/716 712/712/712 713/713/713
f 717/717/717 716/716/716 713/713/713
f 718/718/718 712/712/712 716/716/716
f 718/718/718 714/714/714 712/712/712
f 719/719/719 718/718/718 716/716/716
f 715/715/715 714/714/714 720/720/720
f 720/720/720 721/721/721 715/715/715
f 714/714/714 722/722/722 720/720/720
f 722/722/722 714/714/714 718/718/718
f 721/721/721 720/720/720 722/722/722
f 723/723/723 721/721/721 722/722/722
f 721/721/721 723/723/723 724/724/724
f 725/725/725 718/718/718 719/719/719
f 725/725/725 722/722/722 718/718/718
f 726/726/726 725/725/725 719/719/719
f 725/725/725 726/726/726 727/727/727
f 725/725/725 728/728/728 722/722/722
f 728/728/728 725/725/725 727/727/727
f 728/728/728 723/723/723 722/722/722
f 727/727/727 729/729/729 728/728/728
f 728/728/728 730/730/730 723/723/723
f 729/729/729 730/730/730 728/728/728
f 729/729/729 731/731/731 730/730/730
f 730/730/730 732/732/732 723/723/723
f 731/731/731 732/732/732 730/730/730
f 731/731/731 729/729/729 733/733/733
f 729/729/729 734/734/734 733/733/733
f 733/733/733 734/734/734 735/735/735
f 734/734/734 736/736/736 735/735/735
f 735/735/735 736/736/736 737/737/737
f 736/736/736 738/738/738 737/737/737
f 737/737/737 739/739/739 735/735/735
f 739/739/739 740/740/740 735/735/735
f 735/735/735 740/740/740 733/733/733
f 733/733/733 741/741/741 731/731/731
f 740/740/740 741/741/741 733/733/733
f 731/731/731 742/742/742 732/732/732
f 741/741/741 742/742/742 731/731/731
f 743/743/743 741/741/741 740/740/740
f 744/744/744 743/743/743 740/740/740
f 741/741/741 743/743/743 724/724/724
f 742/742/742 741/741/741 724/724/724
f 742/742/742 745/745/745 732/732/732
f 732/732/732 745/745/745 723/723/723
f 723/723/723 746/746/746 724/724/724
f 742/742/742 724/724/724 746/746/746
f 745/745/745 746/746/746 723/723/723
f 745/745/745 742/742/742 746/746/746
f 749/749/749 748/748/748 747/747/747
f 750/750/750 749/749/749 747/747/747
f 753/753/753 752/752/752 751/751/751
f 754/754/754 753/753/753 751/751/751
f 757/757/757 756/756/756 755/755/755
f 758/758/758 757/757/757 755/755/755
f 758/758/758 755/755/755 759/759/759
f 760/760/760 758/758/758 759/759/759
f 759/759/759 761/761/761 760/760/760
f 761/761/761 762/762/762 760/760/760
f 762/762/762 761/761/761 763/763/763
f 764/764/764 762/762/762 763/763/763
f 767/767/767 766/766/766 765/765/765
f 768/768/768 767/767/767 765/765/765
f 771/771/771 770/770/770 769/769/769
f 772/772/772 771/771/771 769/769/769
f 775/775/775 774/774/774 773/773/773
f 776/776/776 775/775/775 773/773/773
f 779/779/779 778/778/778 777/777/777
f 780/780/780 779/779/779 777/777/777
