g Commander_Mati_Body
v -0.785969436 0.648662388 0.0104891676
v -0.655565321 0.676323831 0.00845361222
v -0.709357679 0.628044486 0.0203607697
v -0.727331221 0.733400047 -0.00381191284
v -0.623071015 0.736578763 -0.0069899559
v -0.6601035 0.800354123 -0.0236570332
v -0.827966154 0.692510962 -0.0182049852
v -0.800320625 0.757236898 -0.0316366963
v -0.796370089 0.764055848 -0.0887139589
v -0.82945317 0.679781199 -0.0625906885
v -0.728099644 0.823492348 -0.0403449088
v -0.785969436 0.648662388 0.0104891676
v -0.727169991 0.802747071 -0.102306761
v -0.788185358 0.616128087 -0.0266558807
v -0.709357679 0.628044486 0.0203607697
v -0.638616264 0.788850248 -0.0860249698
v -0.6601035 0.800354123 -0.0236570332
v -0.865440667 0.672484815 -0.0830650181
v -0.700395465 0.59924984 -0.0128641054
v -0.655565321 0.676323831 0.00845361222
v -0.635445714 0.651999474 -0.0276757255
v -0.820012093 0.577968001 -0.018702101
v -0.716977596 0.556217432 -0.0151380254
v -0.611678839 0.624230206 -0.0330256335
v -0.646491289 0.479170591 -0.0654983297
v -0.53308183 0.612632573 -0.104959622
v -0.818720698 0.532574296 -0.100023016
v -0.564887583 0.461620361 -0.199309751
v -0.509450614 0.559931338 -0.187898636
v -0.882373929 0.636913657 -0.156895578
v -0.749297559 0.491026521 -0.24479498
v -0.545528948 0.491200089 -0.258190274
v -0.511124432 0.559407592 -0.225443989
v -0.824868143 0.588639498 -0.277069807
v -0.695541263 0.483735651 -0.382415205
v -0.534629285 0.501806259 -0.388238132
v -0.506611526 0.566198587 -0.265956581
v -0.773112416 0.582392871 -0.402180731
v -0.824210107 0.649023354 -0.303908765
v -0.866426528 0.698099554 -0.175453007
v -0.651591122 0.523421109 -0.477416724
v -0.489618182 0.557507753 -0.419257283
v -0.489324868 0.601311088 -0.310322553
v -0.522540987 0.625629485 -0.471485853
v -0.464118063 0.658391774 -0.454040736
v -0.472160071 0.624177277 -0.348250121
v -0.480796337 0.765944064 -0.488755792
v -0.59862864 0.763035417 -0.500605762
v -0.524586439 0.891406178 -0.48424986
v -0.716307759 0.655714154 -0.489852428
v -0.617502332 0.85497731 -0.449815094
v -0.52217114 0.9870525 -0.412480116
v -0.544094026 0.979006231 -0.329305232
v -0.723499596 0.741406083 -0.429397255
v -0.646569729 0.877091706 -0.347799152
v -0.505867183 0.991520047 -0.222089306
v -0.780853629 0.646816909 -0.401860446
v -0.726547778 0.784080565 -0.364375174
v -0.630964398 0.872950554 -0.25131321
v -0.716192067 0.792409778 -0.292119026
v -0.767303765 0.744751751 -0.359959185
v -0.607567012 0.85184741 -0.202581346
v -0.50219816 0.948741972 -0.167271957
v -0.787452757 0.742951632 -0.324309349
v -0.563952267 0.75857985 -0.173678592
v -0.492125571 0.827797055 -0.10072843
v -0.469462126 0.708092093 -0.180654109
v -0.827948868 0.758272052 -0.201416239
v -0.652393222 0.799577057 -0.23964107
v -0.510251701 0.682411075 -0.202864453
v -0.472160071 0.624177277 -0.348250121
v -0.489324868 0.601311088 -0.310322553
v -0.555457175 0.656563699 -0.225976273
v -0.506611526 0.566198587 -0.265956581
v -0.511124432 0.559407592 -0.225443989
v -0.509450614 0.559931338 -0.187898636
v -0.589471638 0.724394143 -0.237465933
v -0.779305279 0.804233313 -0.212373272
v -0.561951637 0.712938011 -0.150081992
v -0.53308183 0.612632573 -0.104959622
v -0.61995858 0.823246121 -0.184917897
v -0.710211694 0.838410854 -0.197963342
v -0.586952329 0.731455505 -0.069910638
v -0.611678839 0.624230206 -0.0330256335
v -0.620800257 0.81477201 -0.103700556
v -0.715353251 0.828260183 -0.125610724
v -0.780082405 0.817026019 -0.114794947
v -0.827305138 0.779256582 -0.114961885
v -0.612216949 0.726027071 -0.0521186516
v -0.635445714 0.651999474 -0.0276757255
v -0.623071015 0.736578763 -0.0069899559
v -0.655565321 0.676323831 0.00845361222
v -0.855310678 0.731065035 -0.0860679224
v 0.709571362 0.412250459 -0.13494204
v 0.727104783 0.440095365 -0.0968550816
v 0.79279232 0.464363635 -0.126311943
v 0.789463937 0.443054318 -0.163434237
v 0.804442525 0.540153027 -0.149837494
v 0.705889642 0.377086163 -0.167604297
v 0.808951855 0.527749062 -0.189750418
v 0.775399923 0.597772598 -0.161471084
v 0.816594422 0.428886265 -0.20109354
v 0.80209744 0.3933312 -0.301431
v 0.674702287 0.33985427 -0.241762787
v 0.546423197 0.396392256 -0.278108388
v 0.576389611 0.384320974 -0.385196358
v 0.512626648 0.43304041 -0.301055163
v 0.82990104 0.531687677 -0.287512362
v 0.851104796 0.529204488 -0.208430946
v 0.765171707 0.59782964 -0.193962052
v 0.532703221 0.42767176 -0.401217461
v 0.48500824 0.479677379 -0.314595282
v 0.663708568 0.450192094 -0.449913591
v 0.768519521 0.644689023 -0.24498719
v 0.708756924 0.604815722 -0.139456511
v 0.804442525 0.540153027 -0.149837494
v 0.674490392 0.613551915 -0.170953944
v 0.778251171 0.625308573 -0.205848351
v 0.714132845 0.528800547 -0.103302509
v 0.79279232 0.464363635 -0.126311943
v 0.727104783 0.440095365 -0.0968550816
v 0.661189616 0.443173885 -0.0719484165
v 0.629628003 0.513501525 -0.0615315102
v 0.628951192 0.582782865 -0.088740088
v 0.608054519 0.588074803 -0.137365013
v 0.629628003 0.513501525 -0.0615315102
v 0.584144771 0.505176067 -0.110010639
v 0.661189616 0.443173885 -0.0719484165
v 0.568244755 0.602811933 -0.125878736
v 0.629913986 0.43137157 -0.11410667
v 0.727104783 0.440095365 -0.0968550816
v 0.709571362 0.412250459 -0.13494204
v 0.531610847 0.515466154 -0.110495538
v 0.591195107 0.410297036 -0.138110876
v 0.705889642 0.377086163 -0.167604297
v 0.674702287 0.33985427 -0.241762787
v 0.55808717 0.38686794 -0.1859781
v 0.550801277 0.472939104 -0.267871588
v 0.546423197 0.396392256 -0.278108388
v 0.512626648 0.43304041 -0.301055163
v 0.48500824 0.479677379 -0.314595282
v 0.487657636 0.492218643 -0.143902779
v 0.584742606 0.601629257 -0.196034014
v 0.489622563 0.608221233 -0.189197466
v 0.445790172 0.547451496 -0.288297236
v 0.432771862 0.589294732 -0.275403082
v 0.468974441 0.654398024 -0.11906331
v 0.539891481 0.668445885 -0.141837552
v 0.491390139 0.742335618 -0.0613889731
v 0.47771132 0.839734912 -0.106850192
v 0.566002131 0.731770098 -0.173026696
v 0.478064716 0.905007601 -0.166305423
v 0.634551764 0.659101784 -0.242598712
v 0.648306191 0.674815297 -0.275276989
v 0.521380007 0.574317813 -0.13846989
v 0.583668888 0.781241894 -0.23707734
v 0.585410118 0.815746844 -0.31133455
v 0.519925892 0.901082814 -0.262496859
v 0.477955967 0.933768034 -0.350089282
v 0.613807797 0.633768857 -0.146764219
v 0.563233495 0.802802086 -0.375638187
v 0.488303185 0.872187316 -0.40964216
v 0.573097885 0.627100408 -0.168668613
v 0.666219592 0.650880814 -0.173924312
v 0.724667668 0.641259015 -0.186114028
v 0.634681165 0.674233794 -0.200379059
v 0.70966804 0.678553045 -0.2231341
v 0.673391938 0.673741758 -0.30727753
v 0.627368212 0.704248428 -0.335943431
v 0.54306519 0.748849928 -0.439018995
v 0.43759197 0.758292913 -0.441291213
v 0.699780583 0.600788355 -0.351192325
v 0.701044142 0.53017354 -0.418449551
v 0.655072987 0.68747288 -0.321500778
v 0.61333406 0.697300613 -0.402807921
v 0.666736722 0.62439239 -0.38598609
v 0.659914255 0.561021388 -0.444222212
v 0.61616379 0.487424612 -0.471300155
v 0.587007344 0.662278891 -0.455283493
v 0.553603292 0.569013119 -0.482042193
v 0.482396126 0.655386209 -0.468752474
v 0.432187617 0.673478246 -0.370313138
v 0.449427515 0.598810315 -0.382535368
v 0.432771862 0.589294732 -0.275403082
v 0.445790172 0.547451496 -0.288297236
v 0.481461048 0.517213643 -0.416147918
v 0.441497147 0.59033066 -0.245510593
v 0.432771862 0.589294732 -0.275403082
v 0.432187617 0.673478246 -0.370313138
v 0.407571107 0.623638391 -0.392937928
v 0.44085452 0.486996382 -0.420640975
v 0.502056539 0.497751445 -0.26180777
v 0.540357947 0.376406878 -0.251830041
v 0.462710679 0.377564996 -0.418166757
v 0.513098359 0.37005043 -0.227685496
v 0.34631905 0.489144534 -0.49359411
v 0.445894986 0.376046896 -0.385130823
v 0.42452684 0.426941782 -0.201853886
v 0.404066443 0.418818802 -0.321190536
v 0.348334044 0.353733182 -0.501936078
v 0.334702373 0.351202339 -0.480908036
v 0.298166394 0.421653748 -0.432507038
v 0.175310746 0.328532398 -0.534107864
v 0.161078006 0.451924533 -0.493007064
v 0.345207751 0.339671969 -0.530625463
v 0.348590046 0.488433212 -0.529392481
v 0.343317628 0.628186882 -0.477553993
v 0.3507604 0.625189602 -0.521883428
v 0.337329179 0.665213823 -0.521671414
v 0.0639862642 0.325041622 -0.54997611
v -0.00780143542 0.453694403 -0.534874201
v -0.00782070402 0.418022156 -0.576506734
v 0.0571311563 0.313991338 -0.576106548
v 0.1804488 0.320890188 -0.558429718
v 0.132029504 0.38729775 -0.577973604
v 0.0435475297 0.47138384 -0.580651522
v 0.367301315 0.737432241 -0.480521679
v 0.36918667 0.854198277 -0.44536221
v 0.43759197 0.758292913 -0.441291213
v 0.211421102 0.794347286 -0.528330743
v 0.192419201 0.677921295 -0.562044799
v 0.0035097762 0.840279281 -0.532122493
v 0.0539621972 0.679583132 -0.574021578
v 0.210603774 0.943753719 -0.46983698
v -0.00912404992 0.45247218 -0.579337358
v 0.0457192399 0.648065984 -0.569341063
v 0.000443727738 0.647011876 -0.557797372
v -0.202883407 0.452073842 -0.551403344
v 0.353685141 0.951806009 -0.395674378
v 0.488303185 0.872187316 -0.40964216
v 0.321316063 0.996207118 -0.373379201
v 0.477955967 0.933768034 -0.350089282
v -0.205581933 0.646823704 -0.538279355
v -0.202804714 0.309899956 -0.550893009
v -0.0878695101 0.312079281 -0.584977627
v -0.0706809014 0.318628401 -0.560550809
v -0.184020236 0.317166537 -0.526801229
v -0.174542293 0.443240881 -0.486237675
v -0.344954908 0.33455959 -0.467138052
v -0.31571883 0.412155718 -0.416902453
v -0.370779783 0.332743406 -0.490611821
v -0.381674558 0.472592771 -0.48423624
v -0.343237579 0.641262829 -0.484637171
v -0.487154216 0.345712781 -0.368091851
v -0.435027331 0.392863154 -0.303395271
v -0.487059057 0.457847059 -0.407265931
v -0.50484246 0.346003294 -0.400365978
v -0.547493041 0.336316973 -0.208062947
v -0.444963068 0.401071608 -0.180952132
v -0.575211227 0.340615183 -0.231048852
v -0.5424366 0.463687479 -0.246399581
v -0.440524578 0.62459141 -0.410998136
v -0.489744037 0.615965247 -0.27541092
v -0.472160071 0.624177277 -0.348250121
v -0.464118063 0.658391774 -0.454040736
v -0.383590341 0.775974333 -0.490241081
v -0.480796337 0.765944064 -0.488755792
v -0.211140946 0.801313639 -0.532707155
v -0.390814632 0.907037556 -0.462192804
v -0.524586439 0.891406178 -0.48424986
v -0.208460599 0.951577485 -0.474674076
v -0.24869211 1.06160498 -0.412983358
v -0.367975861 0.98980093 -0.408819735
v -0.52217114 0.9870525 -0.412480116
v 0.00791073032 0.957327724 -0.484173924
v -0.182887092 1.03490269 -0.437588543
v -0.152722612 1.0980401 -0.396814674
v 0.010114572 1.01740122 -0.466716826
v 0.192019626 1.02749825 -0.43317908
v -0.331119955 1.03784585 -0.385984033
v 0.0112937354 1.08075547 -0.428863466
v 0.250732332 1.04343975 -0.405577421
v 0.168051243 1.09191716 -0.393190503
v -0.504043162 1.03857923 -0.394843251
v -0.374979645 1.07315707 -0.381089061
v -0.634874165 1.0735873 -0.379525334
v -0.598768055 1.0209583 -0.385227621
v -0.593373299 1.10120809 -0.386270523
v -0.495883197 1.07970464 -0.39192608
v -0.287230998 1.07387161 -0.369885653
v -0.60167557 1.10206079 -0.282199383
v -0.634874165 1.0735873 -0.379525334
v -0.631621063 1.0739454 -0.28734526
v -0.598768055 1.0209583 -0.385227621
v -0.614761472 1.01154208 -0.312377661
v -0.52217114 0.9870525 -0.412480116
v -0.544094026 0.979006231 -0.329305232
v -0.607686996 1.02728438 -0.182904407
v -0.505867183 0.991520047 -0.222089306
v -0.636205614 1.07238173 -0.19360216
v -0.598913729 1.10513091 -0.185499072
v -0.514167726 1.07443643 -0.18913947
v -0.636205614 1.07238173 -0.19360216
v -0.489369422 1.07202697 -0.281474978
v -0.512570918 1.04549444 -0.203187481
v -0.607686996 1.02728438 -0.182904407
v -0.505867183 0.991520047 -0.222089306
v -0.394455373 1.06256819 -0.17626676
v -0.382623285 1.0674932 -0.27957058
v -0.319143236 1.05894876 -0.151566952
v -0.365715712 1.02584052 -0.169006497
v -0.50219816 0.948741972 -0.167271957
v -0.306332141 1.07505178 -0.260724992
v -0.330354124 0.968206286 -0.0682307482
v -0.492125571 0.827797055 -0.10072843
v -0.260682195 1.0969137 -0.24539493
v -0.277988315 1.08024681 -0.15359585
v -0.239337727 1.10939145 -0.341700852
v -0.141249523 1.07487047 -0.286488235
v 0.00944682304 1.06224644 -0.327554464
v 0.158908546 1.06372678 -0.283464134
v 0.179641828 0.998661757 -0.0973438248
v 0.0137953255 0.961780608 -0.0802643597
v 0.269927084 1.0651722 -0.236767992
v -0.154319495 1.01468134 -0.100205019
v -0.274512649 1.0444355 -0.0529311113
v -0.314235628 1.00522685 -0.0530999228
v 0.24538143 1.0902071 -0.334247768
v 0.285542458 1.03884816 -0.359166205
v -0.255491436 0.997750819 0.0243006647
v -0.307799608 0.907180548 0.009362082
v 0.308834344 1.03135026 -0.248482019
v 0.359060496 1.0216614 -0.364361674
v -0.297071606 0.94703418 0.0242375322
v 0.370433301 0.994848847 -0.25856775
v 0.459784001 0.963857651 -0.347795784
v 0.594167471 0.924696028 -0.355014384
v 0.624364853 0.96882695 -0.352483362
v 0.454444528 0.994695425 -0.361146718
v 0.582820833 0.996251941 -0.359585375
v 0.447378874 0.963002205 -0.252247214
v -0.266749442 0.880578458 0.111025557
v -0.226255417 0.929873049 0.112771489
v -0.288897574 0.837830305 0.0785064697
v -0.430300117 0.72904104 0.0295958854
v -0.469462126 0.708092093 -0.180654109
v -0.236155689 0.839133263 0.162222862
v -0.2420232 0.78842479 0.160402939
v -0.156042144 0.807147145 0.218342841
v -0.164608508 0.936843872 0.0933139026
v -0.0960613042 0.848653913 0.201900631
v -0.0308581106 0.850200415 0.156078443
v -0.132672966 0.816934109 0.141832769
v -0.177236855 0.687411249 0.216810882
v -0.207058996 0.755639255 0.207042292
v -0.269103974 0.708270311 0.178221449
v -0.190309525 0.976370513 0.0246356912
v -0.111702137 0.915809929 0.0471057929
v -0.299374819 0.570816398 0.21078974
v 0.0146652488 0.891347229 0.0163474791
v 0.0133450367 0.846827805 0.100473672
v 0.0567309931 0.848929107 0.156780213
v 0.0126434369 0.829060555 0.155854419
v -0.431216925 0.60074693 0.0621779561
v 0.141180381 0.912139475 0.0491319038
v 0.0101171825 0.698386908 0.239063308
v -0.0557213537 0.696285605 0.227994934
v 0.0760050043 0.694170892 0.229328513
v -0.0633862093 0.564993083 0.264467448
v 0.00687091937 0.56533426 0.268194407
v 0.00779194385 0.41950503 0.260528088
v 0.0772552863 0.563031971 0.264488548
v -0.160495341 0.558131337 0.25017786
v -0.0667581558 0.417222232 0.257742375
v -0.157783061 0.413864017 0.255018443
v -0.065473862 0.277349681 0.235277683
v -0.296423614 0.439725757 0.214318573
v 0.174612179 0.557063282 0.245678604
v 0.197319165 0.685127616 0.216786385
v 0.0824372843 0.420046538 0.254451573
v 0.173607796 0.427235812 0.245472923
v 0.0875832513 0.281597257 0.232642397
v 0.175389037 0.303851306 0.219315588
v 0.167605907 0.308317542 0.20188798
v 0.310646296 0.458615988 0.198825121
v 0.0110907257 0.278577685 0.235196605
v 0.311690509 0.334068626 0.179866463
v 0.313582331 0.577207923 0.198907271
v 0.288678378 0.691343606 0.182159826
v 0.440735996 0.703180909 0.0555448569
v 0.43860653 0.484536082 0.0602656305
v 0.44122982 0.588615119 0.0675664768
v 0.0102221109 0.297579199 0.21315892
v -0.0557746589 0.298584759 0.21211803
v 0.0760067999 0.302239209 0.209850714
v 0.00463001709 0.43132019 0.0559050217
v -0.147752061 0.299516857 0.207348153
v 0.163434863 0.425341934 0.0478137992
v -0.15155983 0.417067021 0.0539353229
v 0.24938716 0.425890386 0.0392648354
v -0.154702425 0.294576049 0.225070134
v -0.2778171 0.338053226 0.157432839
v -0.234149188 0.412877262 0.0502803847
v -0.359896868 0.428022116 -0.0226582084
v -0.292671263 0.317256391 0.190273553
v -0.458320111 0.348578125 0.0439262055
v -0.419254571 0.417646289 -0.0885724053
v 0.294564307 0.353958398 0.147584885
v -0.452351749 0.335810035 0.0666532665
v -0.537893116 0.337314188 -0.0699734688
v -0.444963068 0.401071608 -0.180952132
v -0.547493041 0.336316973 -0.208062947
v -0.567293525 0.337136179 -0.0731859431
v -0.575211227 0.340615183 -0.231048852
v -0.43904525 0.469263375 0.0706244409
v -0.531368256 0.462819159 -0.0939119384
v -0.5424366 0.463687479 -0.246399581
v -0.489744037 0.615965247 -0.27541092
v -0.504085362 0.603847086 -0.111516245
v -0.472160071 0.624177277 -0.348250121
v 0.519925892 0.901082814 -0.262496859
v 0.594167471 0.924696028 -0.355014384
v 0.477955967 0.933768034 -0.350089282
v 0.612554073 0.929535627 -0.264492154
v 0.478064716 0.905007601 -0.166305423
v 0.624364853 0.96882695 -0.352483362
v 0.603190184 0.920332015 -0.149637505
v 0.623925447 0.969163418 -0.259555608
v 0.625495195 0.961647689 -0.164943784
v 0.589793622 0.993876934 -0.254484236
v 0.588221848 0.988944054 -0.155152738
v 0.477296054 0.945539355 -0.147727549
v 0.479423404 0.928373516 -0.154127181
v 0.625495195 0.961647689 -0.164943784
v 0.385404259 0.975694001 -0.153545409
v 0.478064716 0.905007601 -0.166305423
v 0.603190184 0.920332015 -0.149637505
v 0.364229262 0.950257778 -0.151063651
v 0.323851645 1.00741255 -0.141383499
v 0.339487374 0.919368804 -0.059992671
v 0.47771132 0.839734912 -0.106850192
v 0.288782239 1.04171228 -0.145431578
v 0.326960027 0.970102668 -0.0459353998
v 0.331330836 0.878403127 0.0163653512
v 0.491390139 0.742335618 -0.0613889731
v 0.291971654 1.01817834 -0.0468980297
v 0.318511754 0.929849327 0.0300688781
v 0.301736325 0.82626605 0.0836017281
v 0.468974441 0.654398024 -0.11906331
v 0.475125074 0.58664602 -0.108336657
v 0.432771862 0.589294732 -0.275403082
v 0.441497147 0.59033066 -0.245510593
v 0.502056539 0.497751445 -0.26180777
v 0.495321274 0.493685216 -0.109480329
v 0.265105724 0.787289798 0.164565444
v 0.2906259 0.871642113 0.115819678
v 0.538241327 0.371978819 -0.0935722068
v 0.540357947 0.376406878 -0.251830041
v 0.453917682 0.361608624 0.0496275574
v 0.453519166 0.375256747 0.0268077701
v 0.361272156 0.447739184 -0.0391573906
v 0.508882999 0.370578676 -0.0892966837
v 0.513098359 0.37005043 -0.227685496
v 0.406385481 0.441770285 -0.106673002
v 0.42452684 0.426941782 -0.201853886
v 0.25580582 0.000341296342 -0.191957414
v 0.226925418 0.0227027833 -0.214541242
v 0.226210833 -0.000675135641 -0.212670252
v 0.254319847 0.0213534441 -0.193866253
v 0.267666399 0.000525575364 -0.164007932
v 0.248454705 0.0635205805 -0.194507763
v 0.227130219 0.0689543635 -0.210728258
v 0.239018261 0.0951427892 -0.179374516
v 0.220199794 0.103050828 -0.18682161
v 0.264974862 0.0222821068 -0.165741786
v 0.265448272 0.00106911385 -0.125167787
v 0.259233177 0.055828236 -0.170116559
v 0.256143302 0.0650381967 -0.148228586
v 0.26158303 0.0225833617 -0.130411863
v 0.245914608 0.00127146067 -0.0532820411
v 0.241435736 0.0198979285 -0.0581493266
v 0.223882779 0.00200002384 0.0151158571
v 0.221808746 0.0260917749 0.011023988
v 0.193940908 -0.000519312627 0.0439704359
v 0.22786817 0.160905853 -0.149539277
v 0.207146481 0.162767768 -0.163270637
v 0.232884303 0.198823586 -0.143515259
v 0.203249753 0.199147731 -0.161698967
v 0.248470888 0.199105471 -0.0996147245
v 0.238327637 0.15757677 -0.11844942
v 0.237680599 0.200058252 -0.0457210392
v 0.247443676 0.0991274491 -0.144579679
v 0.231897533 0.159006342 -0.0797595307
v 0.21319665 0.204230472 -0.0167859364
v 0.236143157 0.0983611494 -0.110409923
v 0.211129636 0.158824846 -0.0519552305
v 0.180732876 0.204324111 -0.0133004067
v 0.231630698 0.0520912483 -0.0680988505
v 0.217425495 0.10138312 -0.0837693289
v 0.173607275 0.160623342 -0.0402092338
v 0.143592343 0.202725023 -0.0259309206
v 0.211521804 0.0549129285 -0.000824523158
v 0.210042089 0.0771848038 -0.059307944
v 0.194546983 0.0242299773 0.0427784212
v 0.147318333 0.00290664239 0.0504962392
v 0.182628155 0.102720581 -0.0764592886
v 0.147930011 0.160758317 -0.0539767817
v 0.179903612 0.0836291462 -0.0602109469
v 0.193341002 0.0700977668 -0.0163781215
v 0.190704852 0.0634149611 0.0319672227
v 0.149252146 0.0280578006 0.0472574271
v 0.138969317 0.158745587 -0.0853499845
v 0.124505453 0.200732499 -0.0582356043
v 0.136213258 0.197936401 -0.113846138
v 0.160466015 0.101373367 -0.0912214071
v 0.112509817 0.0209140554 0.026427865
v 0.11116676 -0.000553939026 0.0280161519
v 0.102535874 0.00212822948 -0.0196790881
v 0.151008442 0.0692173764 0.0300777666
v 0.150535673 0.157150954 -0.133592412
v 0.171082228 0.197929099 -0.157331795
v 0.158169553 0.0956431255 -0.126812831
v 0.151544765 0.0753730088 -0.0672538951
v 0.107381798 0.0224875491 -0.0221506283
v 0.131072745 0.00146705878 -0.0939693078
v 0.177370071 0.159833476 -0.162583709
v 0.203249753 0.199147731 -0.161698967
v 0.207146481 0.162767768 -0.163270637
v 0.166137367 0.0903583094 -0.167577192
v 0.193776757 0.0904176086 -0.193480447
v 0.220199794 0.103050828 -0.18682161
v 0.168943375 0.0668951944 -0.182338953
v 0.19760415 0.0649455711 -0.21182853
v 0.227130219 0.0689543635 -0.210728258
v 0.119307257 0.0614954233 0.012913255
v 0.139321074 0.0495205782 -0.0866756812
v 0.194793314 0.0209241509 -0.214526132
v 0.226925418 0.0227027833 -0.214541242
v 0.226210833 -0.000675135641 -0.212670252
v 0.190719128 0.00123449997 -0.212293431
v 0.165856227 0.0175688583 -0.183845311
v 0.161833107 0.000116309529 -0.184668079
v 0.178028584 0.057604488 -0.200911894
v 0.152274847 0.0239672903 -0.151978463
v 0.148406148 0.00163102814 -0.154095069
v 0.134119302 0.01948159 -0.0921802223
v 0.115703762 0.0522681028 -0.0202646852
v 0.132249519 0.0690791383 -0.0204350986
v 0.134536028 0.0717171431 -0.000604047964
v 0.160205334 0.0749177262 -0.0164668672
v 0.156306207 0.0762685388 0.0056639337
v 0.181003094 0.0740453824 0.00842606556
v -0.206815526 0.0012147082 -0.137909204
v -0.241887704 0.0227027833 -0.128641367
v -0.240620285 -0.000679774443 -0.127090558
v -0.211385489 0.0208928864 -0.138745397
v -0.170699954 0.000116309529 -0.12078537
v -0.21321784 0.0651512221 -0.135367662
v -0.240854979 0.0691292882 -0.124974467
v -0.20522812 0.0934332237 -0.122357577
v -0.228767157 0.107637711 -0.108121715
v -0.174259275 0.0175688583 -0.118737578
v -0.148328707 0.00163102814 -0.0959958434
v -0.191295564 0.0576661825 -0.131290942
v -0.151334077 0.0239672903 -0.0927686766
v -0.112943754 0.00146705878 -0.0443871543
v -0.176850557 0.0685442612 -0.117121123
v -0.115271948 0.01948159 -0.0417297222
v -0.118319474 0.0494731031 -0.0348762237
v -0.0624649115 0.0021031755 0.017137479
v -0.0678425804 0.0224291366 0.0163176395
v -0.0556375906 -0.000553938444 0.0651241019
v -0.169572681 0.0956730992 -0.105210625
v -0.057412453 0.0209140554 0.0640395507
v -0.0751472712 0.0522681028 0.0207282007
v -0.0857264027 0.0280578006 0.0953794271
v -0.0828711092 0.00290664216 0.0978445336
v -0.129176781 -0.000519313267 0.106332034
v -0.0681198165 0.0614954233 0.0533529781
v -0.130127385 0.0242299773 0.105391502
v -0.166681588 0.00200002315 0.0883740485
v -0.09280321 0.0692173764 0.0796268284
v -0.166001588 0.0261084475 0.0838372409
v -0.209130839 0.00129916728 0.030393634
v -0.129885122 0.0634149611 0.0939204395
v -0.105519295 0.0762685388 0.058123298
v -0.206412494 0.0199634247 0.0243635979
v -0.250307292 0.00106911431 -0.0316839181
v -0.159969047 0.0549476072 0.0693521351
v -0.200691506 0.0529870167 0.0111500882
v -0.248290062 0.022591576 -0.037878368
v -0.264643252 0.000525575364 -0.0678496137
v -0.12808992 0.0740453824 0.0685218498
v -0.147610962 0.0700977668 0.0488647483
v -0.116188988 0.0749177262 0.03834619
v -0.0868304074 0.0717171431 0.0453188159
v -0.0909049511 0.0690791383 0.025776647
v -0.178506598 0.0801067799 0.0108334972
v -0.123302683 0.0754102096 -0.0126925847
v -0.14900361 0.0849531665 0.00169263326
v -0.1573928 0.107091732 -0.01649848
v -0.136515468 0.103360802 -0.0330071226
v -0.146478787 0.100660264 -0.067756325
v -0.101306766 0.160082877 -0.00115579145
v -0.101920135 0.161779329 -0.0351181179
v -0.140566528 0.166517675 -0.0749191344
v -0.125975639 0.164029151 0.0155776357
v -0.0723486617 0.198794022 -0.0177470017
v -0.0817826465 0.199891314 0.0192671064
v -0.114721715 0.20297046 0.0417731218
v -0.100447431 0.201014191 -0.0666765571
v -0.150133967 0.206318513 0.0436550379
v -0.183839381 0.17159164 -0.0897621438
v -0.159989357 0.205520123 -0.0900017321
v -0.214278847 0.174784973 -0.0809767693
v -0.200980604 0.207557097 -0.0837451145
v -0.173705116 0.168787703 0.0151589727
v -0.199324504 0.207452312 0.0204641186
v -0.219020575 0.172187328 -0.00751639344
v -0.228489339 0.208180428 -0.0141569609
v -0.195156112 0.109541431 -0.0106675578
v -0.221959382 0.106163986 -0.0286287665
v -0.231530413 0.171229973 -0.0280942395
v -0.225814342 0.208425388 -0.0593296103
v -0.241155967 0.105267487 -0.0575774126
v -0.230298534 0.173631757 -0.0616889894
v -0.200980604 0.207557097 -0.0837451145
v -0.214278847 0.174784973 -0.0809767693
v -0.243031949 0.0986957699 -0.0937323421
v -0.228767157 0.107637711 -0.108121715
v -0.248629525 0.0662007928 -0.0566845499
v -0.255981147 0.0636185929 -0.102838278
v -0.240854979 0.0691292882 -0.124974467
v -0.258501709 0.0559634641 -0.0762723982
v -0.262634605 0.0222821068 -0.0703428313
v -0.262187272 0.000341296342 -0.0981120691
v -0.26137799 0.0213534441 -0.100391671
v -0.241887704 0.0227027833 -0.128641367
v -0.240620285 -0.000679774443 -0.127090558
v -0.245158896 0.214056641 -0.0153376786
v -0.228489339 0.208180428 -0.0141569609
v -0.225814342 0.208425388 -0.0593296103
v -0.240597263 0.215071231 -0.0578819551
v -0.248522639 0.238426909 -0.0135062644
v -0.200980604 0.207557097 -0.0837451145
v -0.240982682 0.240347698 -0.0657892078
v -0.337791055 0.255650729 -0.0569968671
v -0.206583992 0.21612975 -0.0905330554
v -0.159989357 0.205520123 -0.0900017321
v -0.325793982 0.25732857 -0.139472112
v -0.410615146 0.334566683 -0.137766913
v -0.151425421 0.210646942 -0.0973129272
v -0.100447431 0.201014191 -0.0666765571
v -0.0922030732 0.207522869 -0.0743407458
v -0.205615178 0.2404273 -0.0959434807
v -0.14373444 0.235421628 -0.108069837
v -0.084893465 0.232486323 -0.0915363878
v -0.392560184 0.341789126 -0.249129951
v -0.444963068 0.401071608 -0.180952132
v -0.435027331 0.392863154 -0.303395271
v -0.31571883 0.412155718 -0.416902453
v -0.265935391 0.264095098 -0.19378233
v -0.188383877 0.257436872 -0.212591872
v -0.106798738 0.256738126 -0.18989864
v -0.207957 0.337403417 -0.287257284
v -0.12013866 0.321532935 -0.23039858
v 0.00169064791 0.334602416 -0.217509612
v -0.308518231 0.34501949 -0.302278012
v -0.174542293 0.443240881 -0.486237675
v -0.00780143542 0.453694403 -0.534874201
v -0.000651385926 0.35551089 -0.305225641
v 0.161078006 0.451924533 -0.493007064
v 0.118657418 0.327782393 -0.230863407
v 0.197219402 0.347564548 -0.303859085
v 0.298166394 0.421653748 -0.432507038
v 0.180502608 0.264535069 -0.228527233
v 0.110484198 0.261569828 -0.184090108
v 0.293017924 0.360658914 -0.329810798
v 0.404066443 0.418818802 -0.321190536
v 0.164517194 0.235750571 -0.161176398
v 0.122722872 0.235077694 -0.121580571
v 0.260172695 0.27157864 -0.231664002
v 0.16533123 0.205232352 -0.161131755
v 0.12928763 0.206203222 -0.116143145
v 0.215037033 0.240352646 -0.163204685
v 0.171082228 0.197929099 -0.157331795
v 0.136213258 0.197936401 -0.113846138
v 0.208552331 0.210144937 -0.16771479
v 0.203249753 0.199147731 -0.161698967
v 0.232884303 0.198823586 -0.143515259
v 0.249189749 0.207947135 -0.142504066
v 0.248470888 0.199105471 -0.0996147245
v 0.26702103 0.208539784 -0.102054209
v 0.256952077 0.239254713 -0.139125228
v 0.280284852 0.23966299 -0.0908407345
v 0.336236715 0.26761502 -0.199238271
v 0.373013407 0.267403513 -0.12867786
v 0.375110835 0.363169968 -0.285482168
v 0.416336119 0.355886221 -0.183304042
v 0.42452684 0.426941782 -0.201853886
v -0.0922030732 0.207522869 -0.0743407458
v -0.100447431 0.201014191 -0.0666765571
v -0.0723486617 0.198794022 -0.0177470017
v -0.0612952188 0.206412748 -0.0252900347
v -0.084893465 0.232486323 -0.0915363878
v -0.0817826465 0.199891314 0.0192671064
v -0.0530102663 0.233488157 -0.0383789577
v -0.106798738 0.256738126 -0.18989864
v -0.0710800886 0.208625495 0.0242721885
v -0.114721715 0.20297046 0.0417731218
v -0.0351046436 0.26180613 -0.0686233044
v -0.12013866 0.321532935 -0.23039858
v -0.0642944351 0.242535219 0.0213017985
v -0.107873864 0.211135358 0.0516249612
v -0.150133967 0.206318513 0.0436550379
v -0.111174427 0.238682061 0.0588415749
v -0.151586354 0.213444233 0.0530956313
v -0.199324504 0.207452312 0.0204641186
v -0.203849882 0.214621902 0.0335729346
v -0.228489339 0.208180428 -0.0141569609
v -0.245158896 0.214056641 -0.0153376786
v -0.161341667 0.243329227 0.0573993921
v -0.207770482 0.240473494 0.03606195
v -0.248522639 0.238426909 -0.0135062644
v -0.337791055 0.255650729 -0.0569968671
v -0.318038732 0.263739496 0.00368086784
v -0.219880998 0.27740559 0.0645099506
v -0.142351359 0.277923852 0.0707795918
v -0.386749268 0.346583098 -0.0556541048
v -0.410615146 0.334566683 -0.137766913
v -0.314408749 0.358367115 0.0109632248
v -0.419254571 0.417646289 -0.0885724053
v -0.444963068 0.401071608 -0.180952132
v -0.359896868 0.428022116 -0.0226582084
v -0.234149188 0.412877262 0.0502803847
v -0.205220014 0.360044539 0.0324883126
v -0.15155983 0.417067021 0.0539353229
v -0.109382302 0.347655565 0.0143906735
v 0.00463001709 0.43132019 0.0559050217
v -0.0532269292 0.270056248 0.0258476958
v -0.0529628806 0.325426251 -0.076233007
v 0.00548300194 0.349665672 -0.00843610242
v 0.163434863 0.425341934 0.0478137992
v 0.155888468 0.354177684 -0.00304373773
v 0.24938716 0.425890386 0.0392648354
v 0.00530802552 0.334275961 -0.111029916
v 0.00169064791 0.334602416 -0.217509612
v 0.0945076719 0.329227835 -0.0785866976
v 0.118657418 0.327782393 -0.230863407
v 0.110484198 0.261569828 -0.184090108
v 0.0820293874 0.264630795 -0.0666079968
v 0.122722872 0.235077694 -0.121580571
v 0.240937755 0.371658713 0.0156823434
v 0.361272156 0.447739184 -0.0391573906
v 0.107052721 0.236308247 -0.0614255182
v 0.12928763 0.206203222 -0.116143145
v 0.126879796 0.273856401 0.0102665229
v 0.346290708 0.374833733 -0.0211692974
v 0.406385481 0.441770285 -0.106673002
v 0.114293613 0.208775267 -0.0586573146
v 0.136213258 0.197936401 -0.113846138
v 0.124505453 0.200732499 -0.0582356043
v 0.135102242 0.246159598 -0.00598675711
v 0.137571916 0.211621657 -0.0138513995
v 0.143592343 0.202725023 -0.0259309206
v 0.180732876 0.204324111 -0.0133004067
v 0.224782616 0.284855425 0.0292896125
v 0.190295622 0.243716165 0.0138322776
v 0.180476218 0.214170352 0.000960483332
v 0.21319665 0.204230472 -0.0167859364
v 0.236443192 0.247587562 0.00291625946
v 0.296683103 0.286074907 0.00698944554
v 0.220323101 0.213277131 -0.0054159686
v 0.25455302 0.210628256 -0.0343833454
v 0.237680599 0.200058252 -0.0457210392
v 0.268716663 0.242564216 -0.0263808798
v 0.26702103 0.208539784 -0.102054209
v 0.248470888 0.199105471 -0.0996147245
v 0.280284852 0.23966299 -0.0908407345
v 0.369220883 0.275688857 -0.0646092594
v 0.373013407 0.267403513 -0.12867786
v 0.416336119 0.355886221 -0.183304042
v 0.406528056 0.366593093 -0.0962455794
v 0.42452684 0.426941782 -0.201853886
v 0.226210833 -0.000675135641 -0.212670252
v 0.267666399 0.000525575364 -0.164007932
v 0.25580582 0.000341296342 -0.191957414
v 0.187565073 -0.00261860294 -0.0767617747
v 0.265448272 0.00106911385 -0.125167787
v 0.245914608 0.00127146067 -0.0532820411
v 0.223882779 0.00200002384 0.0151158571
v 0.193940908 -0.000519312627 0.0439704359
v 0.147318333 0.00290664239 0.0504962392
v 0.11116676 -0.000553939026 0.0280161519
v 0.102535874 0.00212822948 -0.0196790881
v 0.131072745 0.00146705878 -0.0939693078
v 0.148406148 0.00163102814 -0.154095069
v 0.161833107 0.000116309529 -0.184668079
v 0.190719128 0.00123449997 -0.212293431
v 0.257419586 0.205227867 -0.565823615
v 0.1804488 0.320890188 -0.558429718
v 0.175310746 0.328532398 -0.534107864
v 0.19359453 0.326610684 -0.630927324
v 0.13353309 0.400885165 -0.63264817
v 0.132029504 0.38729775 -0.577973604
v 0.0583712459 0.466670334 -0.6258412
v 0.0435475297 0.47138384 -0.580651522
v 0.18884027 0.478100389 -0.668643236
v 0.0462739207 0.58904767 -0.632779479
v 0.0457192399 0.648065984 -0.569341063
v 0.193399325 0.593337238 -0.683831215
v 0.0644951239 0.666101575 -0.634672582
v 0.0539621972 0.679583132 -0.574021578
v 0.198498815 0.669714212 -0.63137114
v 0.192419201 0.677921295 -0.562044799
v 0.3364577 0.657110989 -0.623839617
v 0.337329179 0.665213823 -0.521671414
v 0.344258845 0.581700265 -0.606823623
v 0.3507604 0.625189602 -0.521883428
v 0.340594441 0.467093766 -0.614013553
v 0.348590046 0.488433212 -0.529392481
v 0.26041922 0.365912825 -0.651358962
v 0.340484262 0.34628275 -0.608535469
v 0.345207751 0.339671969 -0.530625463
v 0.323694885 0.201093912 -0.599795997
v 0.324221224 0.200700462 -0.546830297
v 0.269424826 0.208969682 -0.613043308
v 0.175310746 0.328532398 -0.534107864
v 0.345207751 0.339671969 -0.530625463
v 0.278338611 0.985690773 0.0292404592
v 0.218518123 0.968468428 0.0281879138
v 0.252019674 0.921997488 0.116853923
v 0.193134323 0.931236386 0.0962555856
v 0.260301262 0.831382632 0.16630964
v 0.179599315 0.8022753 0.221032023
v 0.121119417 0.845501602 0.203640699
v 0.223859236 0.742157042 0.210508749
v 0.157752663 0.812718689 0.144159675
v -0.161143497 -0.00261860294 -0.0102657983
v -0.0828711092 0.00290664216 0.0978445336
v -0.0556375906 -0.000553938444 0.0651241019
v -0.0624649115 0.0021031755 0.017137479
v -0.129176781 -0.000519313267 0.106332034
v -0.112943754 0.00146705878 -0.0443871543
v -0.166681588 0.00200002315 0.0883740485
v -0.148328707 0.00163102814 -0.0959958434
v -0.209130839 0.00129916728 0.030393634
v -0.170699954 0.000116309529 -0.12078537
v -0.250307292 0.00106911431 -0.0316839181
v -0.206815526 0.0012147082 -0.137909204
v -0.264643252 0.000525575364 -0.0678496137
v -0.240620285 -0.000679774443 -0.127090558
v -0.262187272 0.000341296342 -0.0981120691
vt 0.541503906 0.799804688
vt 0.571777344 0.771484375
vt 0.549316406 0.776367188
vt 0.573730469 0.799316406
vt 0.59375 0.774414062
vt 0.603515625 0.796386719
vt 0.546386719 0.819824219
vt 0.567871094 0.822265625
vt 0.573242188 0.838378906
vt 0.544433594 0.833984375
vt 0.598144531 0.818847656
vt 0.525878906 0.810546875
vt 0.596679688 0.836914062
vt 0.520019531 0.823730469
vt 0.499511719 0.802246094
vt 0.625 0.831542969
vt 0.621582031 0.814453125
vt 0.543945312 0.84765625
vt 0.491455078 0.813476562
vt 0.481445312 0.787597656
vt 0.469970703 0.797851562
vt 0.514648438 0.835449219
vt 0.48828125 0.827636719
vt 0.457763672 0.809082031
vt 0.474121094 0.852539062
vt 0.437255859 0.8359375
vt 0.506835938 0.862304688
vt 0.454833984 0.887695312
vt 0.426025391 0.881347656
vt 0.537109375 0.875488281
vt 0.497070312 0.889648438
vt 0.454101562 0.904785156
vt 0.423828125 0.896484375
vt 0.52734375 0.896484375
vt 0.495117188 0.913085938
vt 0.454833984 0.917480469
vt 0.424072266 0.905273438
vt 0.5234375 0.919921875
vt 0.541992188 0.903320312
vt 0.553222656 0.877441406
vt 0.493408203 0.925292969
vt 0.454833984 0.934082031
vt 0.422607422 0.916015625
vt 0.489257812 0.947265625
vt 0.454833984 0.950683594
vt 0.421386719 0.926757812
vt 0.485839844 0.966796875
vt 0.514160156 0.958984375
vt 0.51953125 0.978515625
vt 0.521972656 0.935546875
vt 0.538574219 0.952636719
vt 0.536621094 0.990234375
vt 0.570800781 0.979492188
vt 0.544921875 0.935546875
vt 0.569824219 0.952636719
vt 0.58984375 0.991210938
vt 0.537109375 0.922851562
vt 0.567382812 0.93359375
vt 0.595703125 0.954101562
vt 0.594238281 0.9296875
vt 0.55859375 0.927246094
vt 0.612304688 0.954101562
vt 0.611816406 0.982421875
vt 0.564453125 0.916992188
vt 0.641601562 0.943847656
vt 0.642089844 0.967285156
vt 0.678710938 0.953125
vt 0.572753906 0.8828125
vt 0.61328125 0.92578125
vt 0.674804688 0.93359375
vt 0.717773438 0.93359375
vt 0.712402344 0.923828125
vt 0.671386719 0.914550781
vt 0.707519531 0.914550781
vt 0.705078125 0.90625
vt 0.704589844 0.891113281
vt 0.641113281 0.920898438
vt 0.590332031 0.883789062
vt 0.665039062 0.862304688
vt 0.699707031 0.844726562
vt 0.634277344 0.873535156
vt 0.610351562 0.878417969
vt 0.656738281 0.834960938
vt 0.684082031 0.81640625
vt 0.626464844 0.844726562
vt 0.602539062 0.849609375
vt 0.588867188 0.850097656
vt 0.573730469 0.853027344
vt 0.651367188 0.821289062
vt 0.671875 0.807128906
vt 0.64453125 0.807617188
vt 0.662109375 0.795898438
vt 0.55859375 0.848144531
vt 0.735351562 0.0596313477
vt 0.724121094 0.0491638184
vt 0.705566406 0.0630493164
vt 0.713378906 0.0746459961
vt 0.678710938 0.0708618164
vt 0.747070312 0.0708007812
vt 0.684570312 0.0841674805
vt 0.658203125 0.0794677734
vt 0.716308594 0.0886230469
vt 0.729980469 0.114074707
vt 0.767089844 0.0982055664
vt 0.776855469 0.144042969
vt 0.743652344 0.15246582
vt 0.778808594 0.159057617
vt 0.696777344 0.12310791
vt 0.689941406 0.0960693359
vt 0.66015625 0.0940551758
vt 0.748535156 0.166503906
vt 0.778320312 0.16796875
vt 0.704101562 0.161499023
vt 0.666015625 0.135253906
vt 0.636230469 0.0816650391
vt 0.663574219 0.0596313477
vt 0.630859375 0.0975341797
vt 0.66015625 0.107666016
vt 0.631347656 0.0583496094
vt 0.65625 0.035949707
vt 0.633789062 0.0305023193
vt 0.611816406 0.0332641602
vt 0.6015625 0.0546264648
vt 0.606445312 0.0774536133
vt 0.607421875 0.0956420898
vt 0.583496094 0.072265625
vt 0.579101562 0.0892944336
vt 0.560058594 0.0653076172
vt 0.601074219 0.107910156
vt 0.553222656 0.0784301758
vt 0.54296875 0.0527648926
vt 0.532714844 0.0639038086
vt 0.577636719 0.102416992
vt 0.547851562 0.0919799805
vt 0.520507812 0.0729980469
vt 0.50390625 0.100708008
vt 0.538574219 0.119262695
vt 0.53125 0.171264648
vt 0.498291016 0.147216797
vt 0.497802734 0.162109375
vt 0.495117188 0.170288086
vt 0.568847656 0.131103516
vt 0.561523438 0.178466797
vt 0.526855469 0.190429688
vt 0.489746094 0.17980957
vt 0.484375 0.189208984
vt 0.522949219 0.209472656
vt 0.560058594 0.201538086
vt 0.559082031 0.224731445
vt 0.588867188 0.240356445
vt 0.588378906 0.209106445
vt 0.610351562 0.25
vt 0.588867188 0.184204102
vt 0.612304688 0.186157227
vt 0.592773438 0.13671875
vt 0.611328125 0.211791992
vt 0.633789062 0.215454102
vt 0.629882812 0.238891602
vt 0.6640625 0.250244141
vt 0.615234375 0.108764648
vt 0.662597656 0.21875
vt 0.681152344 0.239013672
vt 0.612792969 0.142578125
vt 0.630371094 0.111938477
vt 0.645507812 0.10760498
vt 0.630371094 0.141967773
vt 0.649902344 0.137207031
vt 0.62890625 0.177856445
vt 0.639160156 0.192626953
vt 0.685546875 0.21472168
vt 0.715332031 0.228027344
vt 0.656738281 0.172485352
vt 0.67578125 0.167358398
vt 0.633300781 0.185058594
vt 0.665039062 0.197998047
vt 0.662597656 0.181518555
vt 0.684082031 0.176513672
vt 0.70703125 0.174194336
vt 0.684570312 0.197875977
vt 0.708984375 0.188964844
vt 0.712402344 0.208496094
vt 0.746582031 0.212524414
vt 0.747070312 0.196044922
vt 0.780761719 0.189453125
vt 0.779785156 0.178710938
vt 0.747558594 0.1796875
vt 0.418945312 0.862304688
vt 0.425048828 0.830078125
vt 0.391357422 0.807128906
vt 0.374755859 0.848632812
vt 0.368652344 0.904296875
vt 0.413574219 0.914550781
vt 0.407958984 0.958984375
vt 0.363525391 0.938964844
vt 0.40625 0.969726562
vt 0.337646484 0.89453125
vt 0.364501953 0.94921875
vt 0.389160156 0.995117188
vt 0.364501953 0.973144531
vt 0.326904297 0.936035156
vt 0.325195312 0.942871094
vt 0.322265625 0.968261719
vt 0.279052734 0.940917969
vt 0.275390625 0.977050781
vt 0.320556641 0.932617188
vt 0.327880859 0.892089844
vt 0.343017578 0.847167969
vt 0.331787109 0.848632812
vt 0.329101562 0.835449219
vt 0.255371094 0.940917969
vt 0.225219727 0.946289062
vt 0.2265625 0.927734375
vt 0.254638672 0.935058594
vt 0.274414062 0.937988281
vt 0.267333984 0.920898438
vt 0.243652344 0.902832031
vt 0.344970703 0.80078125
vt 0.345214844 0.759765625
vt 0.376953125 0.774902344
vt 0.294433594 0.794433594
vt 0.285400391 0.830566406
vt 0.233032227 0.781738281
vt 0.246826172 0.833984375
vt 0.296386719 0.747558594
vt 0.228149414 0.912109375
vt 0.244506836 0.84375
vt 0.231933594 0.844238281
vt 0.175292969 0.895019531
vt 0.341308594 0.728515625
vt 0.379638672 0.739746094
vt 0.332763672 0.709960938
vt 0.377685547 0.719726562
vt 0.173828125 0.837402344
vt 0.168457031 0.931152344
vt 0.193481445 0.929199219
vt 0.196289062 0.934082031
vt 0.170410156 0.938964844
vt 0.17175293 0.974121094
vt 0.129760742 0.936035156
vt 0.125732422 0.961425781
vt 0.128173828 0.926757812
vt 0.126708984 0.885253906
vt 0.132202148 0.835449219
vt 0.087890625 0.93359375
vt 0.0825195312 0.956542969
vt 0.09375 0.889648438
vt 0.0912475586 0.923828125
vt 0.042175293 0.944335938
vt 0.0530700684 0.97265625
vt 0.04296875 0.934082031
vt 0.0469360352 0.891601562
vt 0.0900268555 0.833984375
vt 0.0495300293 0.842773438
vt 0.0462036133 0.811523438
vt 0.0805664062 0.795410156
vt 0.124572754 0.792480469
vt 0.094543457 0.766601562
vt 0.173461914 0.791015625
vt 0.125976562 0.75390625
vt 0.0921630859 0.734375
vt 0.174194336 0.744628906
vt 0.162353516 0.706054688
vt 0.130493164 0.724121094
vt 0.0944824219 0.715820312
vt 0.234985352 0.744140625
vt 0.180419922 0.717285156
vt 0.187988281 0.697265625
vt 0.235473633 0.726074219
vt 0.291015625 0.719726562
vt 0.139160156 0.706542969
vt 0.235717773 0.706054688
vt 0.309326172 0.708984375
vt 0.283935547 0.69921875
vt 0.0962524414 0.704101562
vt 0.126831055 0.695800781
vt 0.0570068359 0.703613281
vt 0.068359375 0.715820312
vt 0.0679321289 0.694335938
vt 0.0948486328 0.6953125
vt 0.150024414 0.694335938
vt 0.0637817383 0.666015625
vt 0.0539550781 0.693847656
vt 0.0521850586 0.668457031
vt 0.0370178223 0.696289062
vt 0.0379333496 0.670898438
vt 0.0106735229 0.6953125
vt 0.0151519775 0.6640625
vt 0.0341186523 0.639648438
vt 0.00395584106 0.647460938
vt 0.0487060547 0.642089844
vt 0.0617675781 0.639160156
vt 0.0861206055 0.635742188
vt 0.0521240234 0.629394531
vt 0.0941162109 0.664550781
vt 0.0869750977 0.62890625
vt 0.0609130859 0.617675781
vt 0.0893554688 0.619140625
vt 0.1171875 0.63671875
vt 0.121826172 0.666015625
vt 0.13684082 0.633789062
vt 0.120422363 0.625976562
vt 0.0844726562 0.594238281
vt 0.141357422 0.662597656
vt 0.128540039 0.599609375
vt 0.0758666992 0.557617188
vt 0.155273438 0.659667969
vt 0.149780273 0.637695312
vt 0.163696289 0.68359375
vt 0.190185547 0.669921875
vt 0.236083984 0.6796875
vt 0.281982422 0.670898438
vt 0.286132812 0.626464844
vt 0.236083984 0.619628906
vt 0.316894531 0.661621094
vt 0.186035156 0.625976562
vt 0.152099609 0.614257812
vt 0.139404297 0.605957031
vt 0.308349609 0.685546875
vt 0.322021484 0.696777344
vt 0.158081055 0.594726562
vt 0.134399414 0.574707031
vt 0.330810547 0.664550781
vt 0.344970703 0.69921875
vt 0.14453125 0.583007812
vt 0.350097656 0.668457031
vt 0.375732422 0.70703125
vt 0.404052734 0.718261719
vt 0.415283203 0.705566406
vt 0.377197266 0.698242188
vt 0.404296875 0.696777344
vt 0.377929688 0.666503906
vt 0.15612793 0.557617188
vt 0.16784668 0.569824219
vt 0.144287109 0.549804688
vt 0.102661133 0.521972656
vt 0.0502929688 0.519042969
vt 0.166015625 0.543945312
vt 0.163085938 0.532714844
vt 0.186645508 0.535644531
vt 0.183227539 0.577148438
vt 0.201660156 0.547363281
vt 0.22253418 0.55078125
vt 0.201782227 0.532226562
vt 0.18371582 0.502441406
vt 0.176391602 0.518554688
vt 0.156616211 0.506347656
vt 0.175415039 0.595214844
vt 0.200805664 0.586425781
vt 0.151733398 0.459228516
vt 0.235839844 0.590332031
vt 0.235595703 0.563964844
vt 0.248535156 0.55078125
vt 0.235473633 0.547363281
vt 0.101135254 0.464355469
vt 0.270751953 0.586425781
vt 0.234985352 0.503417969
vt 0.218505859 0.502929688
vt 0.251464844 0.502929688
vt 0.215698242 0.459228516
vt 0.23449707 0.458984375
vt 0.233886719 0.408203125
vt 0.253417969 0.458984375
vt 0.187988281 0.458007812
vt 0.214111328 0.408203125
vt 0.188964844 0.408447266
vt 0.214233398 0.370361328
vt 0.153320312 0.411376953
vt 0.281005859 0.457519531
vt 0.286132812 0.501953125
vt 0.253662109 0.407958984
vt 0.278808594 0.407714844
vt 0.252685547 0.370117188
vt 0.276611328 0.372558594
vt 0.275634766 0.3671875
vt 0.314453125 0.41015625
vt 0.233398438 0.369628906
vt 0.3125 0.375488281
vt 0.317138672 0.458251953
vt 0.313476562 0.505859375
vt 0.367675781 0.520507812
vt 0.366210938 0.412841797
vt 0.367919922 0.462402344
vt 0.233398438 0.362548828
vt 0.215698242 0.362548828
vt 0.250976562 0.362304688
vt 0.232666016 0.312011719
vt 0.191162109 0.367919922
vt 0.287353516 0.319335938
vt 0.178100586 0.3203125
vt 0.316162109 0.328613281
vt 0.190307617 0.373291016
vt 0.154052734 0.365966797
vt 0.149536133 0.330078125
vt 0.10546875 0.335205078
vt 0.154418945 0.376953125
vt 0.100646973 0.371337891
vt 0.0800170898 0.3359375
vt 0.312744141 0.364501953
vt 0.105041504 0.376464844
vt 0.0674438477 0.369140625
vt 0.0506591797 0.332763672
vt 0.0312194824 0.360839844
vt 0.0628051758 0.375976562
vt 0.0218811035 0.368164062
vt 0.101623535 0.415039062
vt 0.0519104004 0.415527344
vt 0.00987243652 0.413330078
vt 0.00830078125 0.467529297
vt 0.048248291 0.465820312
vt 0.0107727051 0.501464844
vt 0.456787109 0.664550781
vt 0.435546875 0.697265625
vt 0.461914062 0.695800781
vt 0.434082031 0.671875
vt 0.467529297 0.647460938
vt 0.418457031 0.695800781
vt 0.437255859 0.640136719
vt 0.419677734 0.669433594
vt 0.422851562 0.643066406
vt 0.408203125 0.667480469
vt 0.409667969 0.640136719
vt 0.385498047 0.63671875
vt 0.384521484 0.629882812
vt 0.419189453 0.629882812
vt 0.354736328 0.638183594
vt 0.382080078 0.619628906
vt 0.41015625 0.618652344
vt 0.351318359 0.626953125
vt 0.335205078 0.634765625
vt 0.343017578 0.600097656
vt 0.386962891 0.59375
vt 0.322265625 0.639160156
vt 0.332275391 0.606445312
vt 0.336914062 0.574707031
vt 0.395019531 0.556152344
vt 0.319580078 0.614746094
vt 0.326904297 0.583007812
vt 0.326660156 0.549316406
vt 0.419921875 0.516113281
vt 0.420654297 0.462646484
vt 0.458984375 0.497558594
vt 0.460693359 0.463134766
vt 0.457763672 0.408935547
vt 0.415771484 0.412109375
vt 0.307617188 0.532226562
vt 0.314941406 0.557617188
vt 0.404052734 0.372802734
vt 0.444824219 0.364013672
vt 0.361816406 0.374267578
vt 0.366210938 0.368896484
vt 0.360351562 0.332763672
vt 0.399169922 0.365966797
vt 0.435302734 0.356689453
vt 0.385742188 0.333007812
vt 0.415039062 0.329345703
vt 0.560546875 0.569824219
vt 0.565917969 0.583496094
vt 0.571289062 0.576660156
vt 0.556640625 0.576171875
vt 0.552734375 0.564453125
vt 0.548339844 0.587890625
vt 0.5546875 0.594726562
vt 0.540039062 0.596191406
vt 0.545410156 0.602050781
vt 0.548339844 0.570800781
vt 0.54296875 0.558105469
vt 0.542480469 0.581054688
vt 0.533203125 0.580566406
vt 0.538574219 0.564941406
vt 0.52734375 0.544433594
vt 0.522949219 0.550292969
vt 0.517578125 0.524414062
vt 0.51171875 0.531738281
vt 0.506835938 0.513183594
vt 0.531738281 0.615722656
vt 0.541015625 0.619140625
vt 0.530273438 0.630859375
vt 0.542480469 0.6328125
vt 0.517089844 0.625488281
vt 0.520507812 0.610839844
vt 0.505371094 0.620605469
vt 0.526855469 0.590820312
vt 0.510742188 0.606933594
vt 0.496337891 0.618652344
vt 0.513671875 0.583984375
vt 0.500488281 0.603027344
vt 0.487548828 0.617675781
vt 0.513671875 0.560546875
vt 0.502441406 0.580078125
vt 0.486328125 0.601074219
vt 0.477294922 0.617675781
vt 0.504394531 0.541503906
vt 0.500488281 0.563964844
vt 0.503417969 0.520507812
vt 0.489746094 0.5078125
vt 0.486328125 0.577636719
vt 0.475097656 0.602539062
vt 0.487304688 0.563964844
vt 0.496826172 0.548339844
vt 0.498046875 0.532226562
vt 0.489501953 0.516601562
vt 0.463867188 0.604980469
vt 0.467529297 0.620117188
vt 0.453369141 0.623535156
vt 0.473632812 0.578125
vt 0.475830078 0.517089844
vt 0.473632812 0.510253906
vt 0.459960938 0.522460938
vt 0.488037109 0.53125
vt 0.449951172 0.609375
vt 0.439208984 0.628417969
vt 0.460205078 0.581542969
vt 0.474853516 0.560546875
vt 0.464111328 0.528808594
vt 0.447998047 0.543945312
vt 0.437744141 0.614257812
vt 0.427734375 0.630859375
vt 0.427001953 0.6171875
vt 0.444824219 0.586425781
vt 0.430664062 0.591796875
vt 0.422851562 0.599609375
vt 0.438232422 0.580078125
vt 0.423828125 0.584472656
vt 0.415771484 0.590820312
vt 0.478759766 0.530761719
vt 0.462646484 0.557128906
vt 0.416015625 0.571777344
vt 0.406738281 0.577636719
vt 0.40234375 0.5703125
vt 0.413574219 0.564941406
vt 0.427978516 0.564453125
vt 0.424804688 0.55859375
vt 0.4296875 0.579589844
vt 0.438720703 0.561035156
vt 0.433837891 0.554199219
vt 0.452880859 0.548828125
vt 0.471679688 0.537109375
vt 0.477539062 0.542480469
vt 0.480957031 0.538085938
vt 0.486083984 0.546875
vt 0.487060547 0.539550781
vt 0.494140625 0.540527344
vt 0.413574219 0.564941406
vt 0.406738281 0.577636719
vt 0.40234375 0.5703125
vt 0.416015625 0.571777344
vt 0.424804688 0.55859375
vt 0.423828125 0.584472656
vt 0.415771484 0.590820312
vt 0.430664062 0.591796875
vt 0.422851562 0.599609375
vt 0.427978516 0.564453125
vt 0.433837891 0.554199219
vt 0.4296875 0.579589844
vt 0.438720703 0.561035156
vt 0.447998047 0.543945312
vt 0.438232422 0.580078125
vt 0.452880859 0.548828125
vt 0.462646484 0.557128906
vt 0.459960938 0.522460938
vt 0.464111328 0.528808594
vt 0.473632812 0.510253906
vt 0.444824219 0.586425781
vt 0.475830078 0.517089844
vt 0.471679688 0.537109375
vt 0.489501953 0.516601562
vt 0.489746094 0.5078125
vt 0.506835938 0.513183594
vt 0.478759766 0.530761719
vt 0.503417969 0.520507812
vt 0.517578125 0.524414062
vt 0.488037109 0.53125
vt 0.51171875 0.531738281
vt 0.52734375 0.544433594
vt 0.498046875 0.532226562
vt 0.487060547 0.539550781
vt 0.522949219 0.550292969
vt 0.54296875 0.558105469
vt 0.504394531 0.541503906
vt 0.513671875 0.560546875
vt 0.538574219 0.564941406
vt 0.552734375 0.564453125
vt 0.494140625 0.540527344
vt 0.496826172 0.548339844
vt 0.486083984 0.546875
vt 0.480957031 0.538085938
vt 0.477539062 0.542480469
vt 0.500488281 0.563964844
vt 0.474853516 0.560546875
vt 0.487304688 0.563964844
vt 0.486328125 0.577636719
vt 0.473632812 0.578125
vt 0.460205078 0.581542969
vt 0.475097656 0.602539062
vt 0.464111328 0.604980469
vt 0.449951172 0.609375
vt 0.486328125 0.601074219
vt 0.467529297 0.620117188
vt 0.477294922 0.617675781
vt 0.487548828 0.617675781
vt 0.453369141 0.623535156
vt 0.496337891 0.618652344
vt 0.437744141 0.614257812
vt 0.439208984 0.628417969
vt 0.427001953 0.6171875
vt 0.427734375 0.630859375
vt 0.500488281 0.603027344
vt 0.505371094 0.620605469
vt 0.510742188 0.606933594
vt 0.517089844 0.625488281
vt 0.502441406 0.580078125
vt 0.513671875 0.583984375
vt 0.520507812 0.610839844
vt 0.530273438 0.630859375
vt 0.526855469 0.590820312
vt 0.531738281 0.615722656
vt 0.542480469 0.6328125
vt 0.541015625 0.619140625
vt 0.540039062 0.596191406
vt 0.545410156 0.602050781
vt 0.533203125 0.580566406
vt 0.548339844 0.587890625
vt 0.5546875 0.594726562
vt 0.542480469 0.581054688
vt 0.548339844 0.570800781
vt 0.560546875 0.569824219
vt 0.556640625 0.576171875
vt 0.565917969 0.583496094
vt 0.571289062 0.576660156
vt 0.465576172 0.188964844
vt 0.462646484 0.184448242
vt 0.450927734 0.189941406
vt 0.454589844 0.193481445
vt 0.471191406 0.195800781
vt 0.441162109 0.190429688
vt 0.45703125 0.202636719
vt 0.488525391 0.204101562
vt 0.44140625 0.194580078
vt 0.432128906 0.18762207
vt 0.468261719 0.216918945
vt 0.501953125 0.226928711
vt 0.4296875 0.189941406
vt 0.421142578 0.179321289
vt 0.418212891 0.181884766
vt 0.441894531 0.203857422
vt 0.426513672 0.198852539
vt 0.413085938 0.190307617
vt 0.475585938 0.247192383
vt 0.510742188 0.246459961
vt 0.482910156 0.267333984
vt 0.446777344 0.288574219
vt 0.4453125 0.221679688
vt 0.424072266 0.216430664
vt 0.404296875 0.205688477
vt 0.418701172 0.242797852
vt 0.393798828 0.22253418
vt 0.359130859 0.219604492
vt 0.447753906 0.252929688
vt 0.407714844 0.306396484
vt 0.359130859 0.319824219
vt 0.359130859 0.246337891
vt 0.310546875 0.306152344
vt 0.324462891 0.22253418
vt 0.299560547 0.242797852
vt 0.271484375 0.288330078
vt 0.294189453 0.216430664
vt 0.313964844 0.205688477
vt 0.270507812 0.253173828
vt 0.235107422 0.266845703
vt 0.291992188 0.198852539
vt 0.305419922 0.190307617
vt 0.272949219 0.221679688
vt 0.288574219 0.189941406
vt 0.300292969 0.181884766
vt 0.276367188 0.203857422
vt 0.286376953 0.18762207
vt 0.297363281 0.179321289
vt 0.277099609 0.194458008
vt 0.27734375 0.190429688
vt 0.267578125 0.189819336
vt 0.263916016 0.193481445
vt 0.256103516 0.184326172
vt 0.252929688 0.188720703
vt 0.261474609 0.202514648
vt 0.247314453 0.195556641
vt 0.25 0.216796875
vt 0.230102539 0.203857422
vt 0.242553711 0.246948242
vt 0.216552734 0.22644043
vt 0.207519531 0.245849609
vt 0.262695312 0.073059082
vt 0.259033203 0.0733032227
vt 0.256835938 0.0866088867
vt 0.261474609 0.0872802734
vt 0.271728516 0.0716552734
vt 0.25 0.0940551758
vt 0.270507812 0.088684082
vt 0.28515625 0.0616760254
vt 0.253662109 0.0974731445
vt 0.239868164 0.0986938477
vt 0.285888672 0.0934448242
vt 0.303955078 0.0622253418
vt 0.262207031 0.103515625
vt 0.242797852 0.102844238
vt 0.23046875 0.100158691
vt 0.24621582 0.111083984
vt 0.231201172 0.104064941
vt 0.220458984 0.0980224609
vt 0.219482422 0.103027344
vt 0.209594727 0.0928344727
vt 0.205932617 0.096496582
vt 0.231933594 0.113769531
vt 0.218505859 0.112060547
vt 0.203491211 0.10546875
vt 0.19543457 0.122436523
vt 0.213134766 0.129882812
vt 0.236816406 0.131835938
vt 0.255859375 0.128173828
vt 0.21081543 0.153930664
vt 0.186523438 0.148071289
vt 0.237304688 0.155517578
vt 0.207397461 0.174560547
vt 0.180053711 0.168334961
vt 0.231323242 0.176269531
vt 0.270019531 0.165283203
vt 0.268310547 0.1484375
vt 0.292480469 0.158447266
vt 0.290527344 0.133056641
vt 0.333740234 0.15612793
vt 0.27734375 0.114990234
vt 0.303710938 0.101745605
vt 0.333740234 0.127563477
vt 0.375 0.158447266
vt 0.377197266 0.133056641
vt 0.397705078 0.165283203
vt 0.333740234 0.0988769531
vt 0.333740234 0.069519043
vt 0.364013672 0.101745605
vt 0.363769531 0.0622253418
vt 0.382568359 0.0616760254
vt 0.381835938 0.0934448242
vt 0.395996094 0.0716552734
vt 0.399414062 0.1484375
vt 0.436279297 0.176269531
vt 0.397216797 0.088684082
vt 0.405029297 0.073059082
vt 0.390380859 0.114990234
vt 0.430419922 0.155517578
vt 0.460205078 0.174560547
vt 0.40625 0.0872802734
vt 0.408691406 0.0733032227
vt 0.410644531 0.0866088867
vt 0.405517578 0.103515625
vt 0.4140625 0.0974731445
vt 0.417724609 0.0940551758
vt 0.427734375 0.0986938477
vt 0.411865234 0.128173828
vt 0.421630859 0.111083984
vt 0.424804688 0.102844238
vt 0.437255859 0.100158691
vt 0.435791016 0.113769531
vt 0.430908203 0.131835938
vt 0.436523438 0.104064941
vt 0.448242188 0.103027344
vt 0.447265625 0.0980224609
vt 0.44921875 0.112060547
vt 0.461669922 0.096496582
vt 0.458007812 0.0928344727
vt 0.464111328 0.10546875
vt 0.454589844 0.129882812
vt 0.472167969 0.122436523
vt 0.481201172 0.148071289
vt 0.456787109 0.153930664
vt 0.487548828 0.168334961
vt 0.558105469 0.54296875
vt 0.567871094 0.526367188
vt 0.561035156 0.532226562
vt 0.600585938 0.540527344
vt 0.579101562 0.5234375
vt 0.6015625 0.521972656
vt 0.623046875 0.521484375
vt 0.634277344 0.52734375
vt 0.640625 0.539550781
vt 0.637695312 0.552246094
vt 0.625 0.559570312
vt 0.601074219 0.55859375
vt 0.582519531 0.559570312
vt 0.572265625 0.55859375
vt 0.562011719 0.552734375
vt 0.766113281 0.768066406
vt 0.802734375 0.793457031
vt 0.80859375 0.789550781
vt 0.788085938 0.809570312
vt 0.806640625 0.830078125
vt 0.816894531 0.816894531
vt 0.827636719 0.852539062
vt 0.841308594 0.851074219
vt 0.788085938 0.85546875
vt 0.829101562 0.893066406
vt 0.844238281 0.915527344
vt 0.7890625 0.893066406
vt 0.824707031 0.914550781
vt 0.8359375 0.926757812
vt 0.790527344 0.921386719
vt 0.791503906 0.942382812
vt 0.755859375 0.914550781
vt 0.740234375 0.934570312
vt 0.745117188 0.893554688
vt 0.729003906 0.918945312
vt 0.741210938 0.854492188
vt 0.717773438 0.86328125
vt 0.768554688 0.823730469
vt 0.742675781 0.817382812
vt 0.720703125 0.811035156
vt 0.750976562 0.779296875
vt 0.743164062 0.770507812
vt 0.763671875 0.779785156
vt 0.784179688 0.728515625
vt 0.735351562 0.729492188
vt 0.313476562 0.594726562
vt 0.296386719 0.595703125
vt 0.303466797 0.569824219
vt 0.288085938 0.577148438
vt 0.3046875 0.543457031
vt 0.283935547 0.535644531
vt 0.269287109 0.547363281
vt 0.293945312 0.518066406
vt 0.268798828 0.532226562
vt 0.600585938 0.540527344
vt 0.640625 0.539550781
vt 0.637695312 0.552246094
vt 0.625 0.559570312
vt 0.634277344 0.52734375
vt 0.601074219 0.55859375
vt 0.623046875 0.521484375
vt 0.582519531 0.559570312
vt 0.6015625 0.521972656
vt 0.572265625 0.55859375
vt 0.579101562 0.5234375
vt 0.562011719 0.552734375
vt 0.567871094 0.526367188
vt 0.558105469 0.54296875
vt 0.561035156 0.532226562
vn -0.370849609 -0.105834961 0.922851562
vn 0.315673828 0.00437927246 0.948730469
vn 0.052947998 -0.217407227 0.974609375
vn -0.107421875 0.295898438 0.94921875
vn 0.532226562 0.26171875 0.805175781
vn 0.283203125 0.71875 0.635253906
vn -0.738769531 0.176513672 0.650390625
vn -0.59375 0.559570312 0.578125
vn -0.663085938 0.703125 0.256347656
vn -0.70703125 0.225708008 0.669921875
vn -0.203125 0.869628906 0.450195312
vn -0.370849609 -0.105834961 0.922851562
vn -0.160888672 0.938964844 0.304931641
vn -0.404785156 -0.133544922 0.904785156
vn 0.052947998 -0.217407227 0.974609375
vn 0.406982422 0.809082031 0.423828125
vn 0.283203125 0.71875 0.635253906
vn -0.913574219 -0.0448608398 0.403808594
vn 0.149047852 -0.301269531 0.941894531
vn 0.315673828 0.00437927246 0.948730469
vn 0.583496094 -0.166870117 0.794433594
vn -0.605957031 -0.478271484 0.635253906
vn 0.0286865234 -0.552246094 0.833496094
vn 0.580566406 -0.138305664 0.802246094
vn 0.110961914 -0.888183594 0.445556641
vn 0.861816406 -0.10949707 0.495605469
vn -0.581542969 -0.801269531 0.139770508
vn 0.204711914 -0.96484375 0.165649414
vn 0.903320312 -0.274902344 0.329833984
vn -0.933105469 -0.348632812 -0.0862426758
vn -0.431884766 -0.897460938 -0.0892333984
vn 0.305175781 -0.946289062 -0.104797363
vn 0.961425781 -0.272949219 0.0369567871
vn -0.833984375 -0.485107422 -0.262451172
vn -0.313720703 -0.89453125 -0.318847656
vn 0.398193359 -0.856445312 -0.328369141
vn 0.883789062 -0.411865234 0.221069336
vn -0.763671875 -0.439941406 -0.47265625
vn -0.915039062 0.111877441 -0.387695312
vn -0.938476562 0.245727539 -0.243164062
vn -0.0902709961 -0.589355469 -0.802734375
vn 0.697753906 -0.535644531 -0.475585938
vn 0.810546875 -0.502441406 0.300292969
vn 0.213867188 -0.235107422 -0.948242188
vn 0.158813477 -0.35546875 -0.920898438
vn 0.662597656 -0.747070312 0.0550842285
vn 0.0821533203 0.00113296509 -0.996582031
vn -0.141723633 0.116027832 -0.982910156
vn -0.112915039 0.347412109 -0.930664062
vn -0.334716797 -0.061920166 -0.940429688
vn -0.580078125 0.532226562 -0.616699219
vn -0.306640625 0.421386719 -0.853515625
vn -0.956542969 -0.291748047 0.0178527832
vn -0.651855469 0.440673828 -0.6171875
vn -0.718261719 0.678222656 -0.154663086
vn -0.622558594 0.171875 0.763183594
vn -0.858886719 0.130615234 -0.495361328
vn -0.727050781 0.614257812 -0.306396484
vn -0.719238281 0.583496094 0.377441406
vn -0.5078125 0.834472656 -0.214477539
vn -0.799316406 0.424072266 -0.425537109
vn -0.679199219 0.235839844 0.6953125
vn -0.551269531 0.516601562 0.655273438
vn -0.789550781 0.472167969 -0.392089844
vn -0.545898438 -0.203735352 0.812988281
vn -0.685058594 0.210083008 0.697753906
vn -0.914550781 -0.05859375 0.400634766
vn -0.794433594 0.532226562 -0.292724609
vn -0.505859375 0.833007812 0.223388672
vn 0.118896484 -0.6171875 0.777832031
vn 0.662597656 -0.747070312 0.0550842285
vn 0.810546875 -0.502441406 0.300292969
vn 0.942382812 0.133789062 0.307128906
vn 0.883789062 -0.411865234 0.221069336
vn 0.961425781 -0.272949219 0.0369567871
vn 0.903320312 -0.274902344 0.329833984
vn 0.707519531 0.339355469 0.619628906
vn -0.448974609 0.847167969 -0.283447266
vn 0.925292969 0.368896484 0.0877075195
vn 0.861816406 -0.10949707 0.495605469
vn 0.62109375 0.770996094 -0.138916016
vn -0.0121612549 0.979492188 -0.201538086
vn 0.814453125 0.353515625 0.459716797
vn 0.580566406 -0.138305664 0.802246094
vn 0.604492188 0.743652344 0.286132812
vn -0.0814819336 0.959960938 0.267822266
vn -0.446044922 0.874511719 0.190063477
vn -0.767089844 0.641601562 -0.00116825104
vn 0.756347656 0.272216797 0.594726562
vn 0.583496094 -0.166870117 0.794433594
vn 0.532226562 0.26171875 0.805175781
vn 0.315673828 0.00437927246 0.948730469
vn -0.838867188 0.422607422 0.343261719
vn 0.225463867 -0.778320312 0.5859375
vn 0.406738281 -0.312255859 0.858398438
vn 0.666015625 -0.156005859 0.729492188
vn 0.656738281 -0.497802734 0.56640625
vn 0.711914062 0.268554688 0.648925781
vn 0.259277344 -0.862792969 0.433837891
vn 0.781738281 0.110351562 0.613769531
vn 0.521972656 0.656738281 0.544433594
vn 0.790039062 -0.57421875 0.214477539
vn 0.560546875 -0.715332031 -0.417724609
vn 0.0267791748 -0.999511719 -0.00463867188
vn -0.380859375 -0.912109375 -0.151000977
vn 0.0647583008 -0.828613281 -0.556152344
vn -0.813964844 -0.579101562 0.042175293
vn 0.822753906 0.00271224976 -0.568359375
vn 0.990722656 0.080078125 0.111755371
vn 0.495117188 0.556640625 0.666992188
vn -0.569335938 -0.588867188 -0.573242188
vn -0.817871094 -0.544433594 0.186157227
vn 0.497558594 -0.342529297 -0.796875
vn 0.664550781 0.602539062 -0.442382812
vn 0.258300781 0.716796875 0.647460938
vn 0.711914062 0.268554688 0.648925781
vn 0.0889892578 0.81640625 0.5703125
vn 0.755371094 0.5859375 0.294189453
vn 0.390869141 0.261474609 0.882324219
vn 0.666015625 -0.156005859 0.729492188
vn 0.406738281 -0.312255859 0.858398438
vn 0.0114440918 -0.376220703 0.926269531
vn -0.144287109 0.121154785 0.981933594
vn -0.126464844 0.599121094 0.790527344
vn -0.11517334 0.519042969 0.847167969
vn -0.144287109 0.121154785 0.981933594
vn -0.398925781 -0.0854492188 0.913085938
vn 0.0114440918 -0.376220703 0.926269531
vn -0.150512695 0.465576172 0.872070312
vn -0.248168945 -0.604003906 0.757324219
vn 0.406738281 -0.312255859 0.858398438
vn 0.225463867 -0.778320312 0.5859375
vn -0.358642578 -0.141479492 0.922851562
vn -0.240234375 -0.676269531 0.696777344
vn 0.259277344 -0.862792969 0.433837891
vn 0.0267791748 -0.999511719 -0.00463867188
vn -0.766113281 -0.62109375 0.165283203
vn -0.923828125 -0.364990234 0.116027832
vn -0.380859375 -0.912109375 -0.151000977
vn -0.813964844 -0.579101562 0.042175293
vn -0.817871094 -0.544433594 0.186157227
vn -0.994140625 -0.0913696289 -0.0582885742
vn -0.514160156 -0.454101562 0.727539062
vn -0.201660156 -0.639648438 0.741699219
vn -0.807617188 -0.523925781 0.270263672
vn -0.625488281 -0.776855469 0.0737915039
vn 0.895996094 -0.270263672 0.352050781
vn 0.591796875 -0.253417969 0.765136719
vn 0.78125 0.262207031 0.56640625
vn 0.663085938 0.509765625 0.547851562
vn 0.801757812 0.198974609 0.563476562
vn 0.666992188 0.172729492 0.724609375
vn 0.7109375 0.260009766 0.653320312
vn 0.362548828 0.922363281 0.134521484
vn -0.909179688 0.415771484 0.0114593506
vn 0.821777344 0.433349609 0.370361328
vn 0.8515625 0.519042969 -0.0693969727
vn 0.614746094 -0.788574219 -0.00489044189
vn 0.444580078 0.23815918 -0.863769531
vn 0.0188903809 0.609375 0.79296875
vn 0.752441406 0.485839844 -0.444824219
vn 0.406494141 0.447265625 -0.796875
vn -0.647460938 0.759765625 0.0617675781
vn 0.120666504 0.702636719 0.701660156
vn 0.366699219 0.549316406 0.750488281
vn -0.0770874023 0.985839844 0.149047852
vn 0.439697266 0.889160156 -0.12487793
vn 0.517578125 0.811035156 -0.273193359
vn 0.841308594 0.474121094 -0.260009766
vn 0.322753906 0.364990234 -0.873535156
vn 0.0910644531 0.108093262 -0.989746094
vn 0.525878906 0.676757812 -0.515625
vn 0.653320312 0.338134766 -0.677246094
vn 0.734863281 0.622070312 -0.270996094
vn 0.739257812 0.462158203 -0.489990234
vn 0.731445312 0.464599609 -0.499023438
vn 0.537597656 0.242553711 -0.807617188
vn -0.0427856445 -0.278076172 -0.959472656
vn 0.400390625 0.314208984 -0.860839844
vn -0.193603516 -0.108825684 -0.975097656
vn -0.448730469 -0.00225448608 -0.893554688
vn -0.263916016 -0.394287109 -0.880371094
vn -0.880371094 -0.272460938 -0.388671875
vn -0.625488281 -0.776855469 0.0737915039
vn -0.807617188 -0.523925781 0.270263672
vn -0.7265625 -0.394042969 -0.562988281
vn 0.924804688 0.325683594 -0.196044922
vn -0.625488281 -0.776855469 0.0737915039
vn -0.263916016 -0.394287109 -0.880371094
vn 0.848144531 0.162597656 -0.504394531
vn 0.807617188 0.235229492 -0.541015625
vn 0.923828125 0.33203125 -0.190551758
vn 0.982910156 0.0465698242 -0.178833008
vn 0.817382812 -0.0555419922 -0.573242188
vn -0.3515625 -0.934570312 0.0543823242
vn 0.794921875 0.11126709 -0.596191406
vn -0.273925781 -0.926757812 0.256347656
vn -0.0679931641 -0.997070312 0.0331726074
vn -0.125488281 -0.990722656 0.0495605469
vn 0.757324219 -0.463378906 -0.459960938
vn -0.246582031 -0.765136719 0.594726562
vn -0.197021484 -0.963378906 0.182617188
vn -0.220703125 -0.401855469 0.888671875
vn -0.103149414 -0.994140625 0.0323181152
vn 0.806152344 -0.328857422 0.4921875
vn 0.999511719 -0.0133514404 -0.0349121094
vn 0.847167969 0.040802002 -0.529785156
vn 0.998535156 0.0360107422 -0.0449829102
vn 0.55859375 0.507324219 -0.65625
vn -0.296875 -0.423583984 0.855957031
vn 0.0260772705 -0.998046875 -0.0565795898
vn -0.122192383 -0.207519531 -0.970703125
vn -0.302246094 -0.467285156 -0.831054688
vn -0.6796875 -0.69140625 -0.244995117
vn -0.407470703 -0.439208984 -0.80078125
vn -0.494384766 -0.105834961 -0.862792969
vn 0.474853516 0.145141602 -0.868164062
vn 0.328125 0.303466797 -0.89453125
vn 0.0910644531 0.108093262 -0.989746094
vn 0.204223633 0.312255859 -0.927734375
vn 0.15625 0.616210938 -0.771972656
vn 0.0021686554 0.278564453 -0.960449219
vn -0.102661133 0.417236328 -0.902832031
vn 0.215942383 0.367675781 -0.904296875
vn -0.120788574 0.0750732422 -0.989746094
vn -0.581054688 0.119567871 -0.805175781
vn -0.110473633 0.0910644531 -0.989746094
vn -0.241821289 0.0637817383 -0.968261719
vn 0.391845703 0.545410156 -0.740722656
vn 0.406494141 0.447265625 -0.796875
vn 0.438720703 0.519042969 -0.733398438
vn 0.444580078 0.23815918 -0.863769531
vn -0.187744141 0.060333252 -0.98046875
vn -0.279052734 -0.161621094 -0.946777344
vn -0.0908813477 -0.110534668 -0.989746094
vn 0.407958984 -0.448974609 0.794921875
vn 0.28515625 -0.521484375 0.804199219
vn 0.149291992 -0.98828125 0.0335388184
vn 0.306884766 -0.747558594 0.588867188
vn 0.222045898 -0.961914062 0.160644531
vn -0.437255859 -0.219848633 -0.872070312
vn -0.464111328 0.0630493164 -0.883300781
vn -0.379638672 -0.00214385986 -0.925292969
vn 0.320556641 -0.915527344 0.243530273
vn 0.210327148 -0.975097656 0.0725097656
vn -0.806640625 0.157226562 -0.569335938
vn -0.810546875 -0.138061523 -0.568847656
vn 0.386474609 -0.921386719 0.0354919434
vn 0.131713867 -0.990234375 0.0492248535
vn -0.990234375 0.00307846069 -0.139404297
vn -0.957519531 0.241699219 -0.157836914
vn -0.742675781 0.0586242676 -0.666992188
vn -0.946777344 0.273925781 -0.16809082
vn 0.662597656 -0.747070312 0.0550842285
vn 0.158813477 -0.35546875 -0.920898438
vn -0.194091797 0.0518188477 -0.979492188
vn 0.0821533203 0.00113296509 -0.996582031
vn -0.13659668 0.177368164 -0.974609375
vn -0.0745239258 0.293457031 -0.953125
vn -0.112915039 0.347412109 -0.930664062
vn -0.123046875 0.363525391 -0.923339844
vn -0.209716797 0.569824219 -0.794433594
vn -0.0992431641 0.536621094 -0.837890625
vn -0.306640625 0.421386719 -0.853515625
vn 0.0173339844 0.368652344 -0.929199219
vn -0.111755371 0.446777344 -0.887695312
vn 0.0511474609 0.956054688 -0.288085938
vn 0.0193939209 0.442626953 -0.896484375
vn 0.209228516 0.436523438 -0.875
vn -0.184082031 0.530273438 -0.827636719
vn 0.0260925293 0.920898438 -0.388671875
vn 0.400390625 0.535644531 -0.743652344
vn 0.0325317383 0.967773438 -0.250244141
vn -0.0172271729 0.181762695 -0.983398438
vn 0.0174865723 0.909179688 -0.416503906
vn -0.828613281 0.197998047 -0.523925781
vn -0.590820312 -0.457519531 -0.664550781
vn 0.000115454197 0.919921875 -0.392333984
vn 0.13269043 0.953613281 -0.270751953
vn -0.233764648 0.922851562 -0.305908203
vn -0.0129699707 1 0.0104751587
vn -0.828613281 0.197998047 -0.523925781
vn -0.991699219 0.127441406 -0.0144348145
vn -0.590820312 -0.457519531 -0.664550781
vn -0.615234375 -0.787597656 0.0325927734
vn -0.306640625 0.421386719 -0.853515625
vn -0.956542969 -0.291748047 0.0178527832
vn -0.430419922 -0.693359375 0.577636719
vn -0.622558594 0.171875 0.763183594
vn -0.873535156 -0.0186157227 0.486572266
vn 0.0135498047 0.90234375 0.430664062
vn 0.184082031 0.927246094 0.325927734
vn -0.873535156 -0.0186157227 0.486572266
vn 0.146240234 0.988769531 0.0348510742
vn -0.0439147949 -0.190917969 0.98046875
vn -0.430419922 -0.693359375 0.577636719
vn -0.622558594 0.171875 0.763183594
vn -0.103515625 0.861816406 0.496582031
vn 0.00958251953 0.999023438 0.0473632812
vn -0.469726562 0.836425781 0.282226562
vn -0.477539062 0.548828125 0.686035156
vn -0.551269531 0.516601562 0.655273438
vn -0.227783203 0.973144531 0.0343933105
vn -0.592285156 0.493652344 0.63671875
vn -0.685058594 0.210083008 0.697753906
vn 0.100402832 0.97265625 0.208496094
vn 0.0891723633 0.954101562 0.285644531
vn -0.052947998 0.997558594 -0.0463562012
vn 0.219238281 0.93359375 0.282958984
vn 0.0342712402 0.954101562 0.296630859
vn -0.140625 0.938476562 0.314941406
vn -0.192138672 0.90625 0.376953125
vn 0.0307159424 0.899902344 0.434570312
vn 0.0923461914 0.966796875 0.239257812
vn 0.261962891 0.890625 0.371582031
vn -0.0338439941 0.896484375 0.442138672
vn -0.724609375 0.523925781 0.447753906
vn 0.232421875 0.97265625 0.019241333
vn 0.52734375 0.817382812 -0.230712891
vn -0.094909668 0.830078125 0.549316406
vn -0.666015625 0.402832031 0.627929688
vn 0.557128906 0.828613281 0.0521850586
vn 0.391113281 0.898925781 -0.198120117
vn -0.772460938 0.377929688 0.510253906
vn 0.372558594 0.916503906 0.145263672
vn 0.0799560547 -0.0549316406 -0.995117188
vn 0.263183594 -0.754394531 -0.6015625
vn 0.767089844 0.200683594 -0.609375
vn 0.0510864258 0.998046875 -0.0350952148
vn 0.0241241455 0.960449219 -0.278076172
vn 0.0430297852 0.986328125 0.16003418
vn -0.703125 0.333984375 0.627929688
vn -0.256835938 0.667480469 0.698730469
vn -0.688964844 0.393310547 0.608886719
vn -0.821289062 0.291015625 0.490966797
vn -0.914550781 -0.05859375 0.400634766
vn -0.598144531 0.319335938 0.734863281
vn -0.642089844 0.314208984 0.69921875
vn -0.00381469727 0.240112305 0.970703125
vn 0.251464844 0.822265625 0.510742188
vn 0.385498047 0.533203125 0.752929688
vn 0.174804688 0.702636719 0.689941406
vn -0.0159912109 0.232177734 0.97265625
vn -0.193969727 0.310791016 0.930664062
vn -0.163574219 0.185913086 0.96875
vn -0.501464844 0.292480469 0.814453125
vn 0.379638672 0.833007812 0.40234375
vn 0.341796875 0.836914062 0.427734375
vn -0.530761719 0.124511719 0.838378906
vn 0.0185089111 0.873535156 0.486328125
vn 0.0104141235 0.92578125 0.377685547
vn -0.234741211 0.737304688 0.633789062
vn 0.000394582748 0.537597656 0.843261719
vn -0.842773438 0.156494141 0.515136719
vn -0.318603516 0.854003906 0.410888672
vn -0.000876426697 0.359863281 0.933105469
vn -0.129272461 0.381347656 0.915527344
vn 0.10736084 0.333251953 0.936523438
vn -0.0971069336 0.115783691 0.98828125
vn 0.00444030762 0.0858154297 0.99609375
vn 0.016708374 -0.110168457 0.993652344
vn 0.123413086 0.0949707031 0.987792969
vn -0.202026367 0.120544434 0.972167969
vn -0.061340332 -0.101013184 0.993164062
vn -0.204956055 -0.101623535 0.973632812
vn -0.0571899414 -0.364257812 0.9296875
vn -0.53125 -0.0401000977 0.846191406
vn 0.230102539 0.0755004883 0.970214844
vn 0.182128906 0.260009766 0.948242188
vn 0.10925293 -0.108520508 0.98828125
vn 0.253173828 -0.0977172852 0.962402344
vn 0.122192383 -0.348632812 0.929199219
vn 0.280029297 -0.376464844 0.8828125
vn -0.00925445557 -0.806152344 -0.591796875
vn 0.551269531 -0.0580749512 0.832519531
vn 0.0274200439 -0.346435547 0.9375
vn 0.559082031 -0.302246094 0.771972656
vn 0.549804688 0.0517272949 0.833496094
vn 0.527832031 0.234985352 0.81640625
vn 0.801757812 0.308837891 0.512207031
vn 0.833984375 0.0493469238 0.549316406
vn 0.883789062 0.0354309082 0.466308594
vn 0.00978088379 -0.7578125 -0.65234375
vn 0.0416870117 -0.779785156 -0.625
vn -0.021774292 -0.782226562 -0.622558594
vn 0.033416748 -0.994628906 -0.100036621
vn 0.0310211182 -0.803222656 -0.595214844
vn -0.0175933838 -0.979980469 -0.197753906
vn 0.0712890625 -0.960449219 -0.269287109
vn -0.0521850586 -0.951660156 -0.303222656
vn -0.220214844 -0.418701172 0.880859375
vn 0.141479492 -0.828613281 -0.541503906
vn 0.0877075195 -0.942382812 -0.322998047
vn 0.154785156 -0.959960938 -0.233154297
vn -0.522949219 -0.326904297 0.787109375
vn 0.353515625 -0.843261719 -0.405029297
vn 0.193603516 -0.980957031 0.00231361389
vn -0.113342285 -0.83984375 -0.53125
vn -0.770019531 -0.123046875 0.625976562
vn 0.449462891 -0.883300781 -0.134155273
vn 0.131713867 -0.990234375 0.0492248535
vn 0.386474609 -0.921386719 0.0354919434
vn -0.930664062 0.0943603516 0.353759766
vn -0.990234375 0.00307846069 -0.139404297
vn -0.783203125 0.0812988281 0.616210938
vn -0.932128906 0.224365234 0.28515625
vn -0.957519531 0.241699219 -0.157836914
vn -0.946777344 0.273925781 -0.16809082
vn -0.94921875 0.239501953 0.204833984
vn 0.662597656 -0.747070312 0.0550842285
vn 0.614746094 -0.788574219 -0.00489044189
vn 0.263183594 -0.754394531 -0.6015625
vn 0.444580078 0.23815918 -0.863769531
vn 0.443847656 -0.893554688 -0.0638427734
vn 0.666992188 0.172729492 0.724609375
vn 0.767089844 0.200683594 -0.609375
vn 0.354492188 -0.847167969 0.395996094
vn 0.959472656 0.281494141 -0.00849914551
vn 0.869140625 0.13684082 0.475585938
vn -0.00242805481 0.9921875 0.126098633
vn -0.0583190918 0.907226562 0.416259766
vn -0.0602722168 0.926269531 0.372558594
vn 0.0165557861 -0.117797852 0.992675781
vn 0.869140625 0.13684082 0.475585938
vn 0.402832031 0.850585938 0.338378906
vn 0.666992188 0.172729492 0.724609375
vn 0.354492188 -0.847167969 0.395996094
vn 0.58203125 0.564453125 0.585449219
vn 0.704101562 0.690429688 0.166625977
vn 0.698242188 0.527832031 0.483154297
vn 0.663085938 0.509765625 0.547851562
vn 0.0936889648 0.957519531 0.272705078
vn 0.850097656 0.454589844 0.266357422
vn 0.721191406 0.454833984 0.521972656
vn 0.78125 0.262207031 0.56640625
vn 0.17590332 0.927734375 0.329345703
vn 0.836914062 0.353027344 0.418457031
vn 0.721191406 0.442138672 0.533203125
vn 0.895996094 -0.270263672 0.352050781
vn 0.981933594 0.162109375 0.0960083008
vn -0.625488281 -0.776855469 0.0737915039
vn 0.924804688 0.325683594 -0.196044922
vn 0.923828125 0.33203125 -0.190551758
vn 0.950195312 0.2578125 0.174560547
vn 0.6484375 0.288330078 0.704589844
vn 0.733886719 0.308105469 0.60546875
vn 0.962402344 0.118469238 0.244262695
vn 0.982910156 0.0465698242 -0.178833008
vn 0.837890625 -0.112304688 0.534179688
vn -0.331542969 -0.860351562 -0.386474609
vn -0.118041992 -0.974121094 -0.192016602
vn -0.439453125 -0.891601562 -0.108581543
vn -0.3515625 -0.934570312 0.0543823242
vn -0.141357422 -0.988769531 0.0442199707
vn -0.0679931641 -0.997070312 0.0331726074
vn 0.191162109 -0.97265625 -0.130249023
vn 0.31640625 0.0210418701 -0.948242188
vn 0.0679321289 -0.975585938 -0.209228516
vn 0.776855469 0.0539550781 -0.627441406
vn 0.275146484 -0.9609375 -0.0304107666
vn 0.776367188 0.267822266 -0.570800781
vn 0.295898438 0.306640625 -0.904785156
vn 0.772949219 0.41015625 -0.483886719
vn 0.234375 0.4609375 -0.855957031
vn 0.982910156 0.13671875 -0.124389648
vn 0.685546875 -0.711914062 0.153686523
vn 0.95703125 0.246948242 -0.151977539
vn 0.947753906 0.260253906 0.185302734
vn 0.937988281 0.255859375 0.233520508
vn 0.62890625 -0.754882812 0.187011719
vn 0.916503906 0.297363281 0.267089844
vn 0.606933594 -0.735839844 0.300537109
vn 0.870117188 0.287109375 0.400146484
vn 0.164550781 -0.889160156 0.426757812
vn 0.822753906 0.207641602 -0.529296875
vn 0.224609375 0.291992188 -0.9296875
vn 0.766601562 -0.305908203 -0.564453125
vn 0.206176758 -0.123046875 -0.970703125
vn 0.833984375 -0.551269531 0.0161590576
vn 0.999511719 -0.0129013062 -0.0250549316
vn 0.656738281 -0.657226562 0.369873047
vn 0.979492188 0.196899414 0.0380554199
vn 0.883300781 -0.265869141 0.385986328
vn 0.306640625 -0.682128906 0.6640625
vn 0.926269531 0.0868530273 0.366455078
vn 0.44140625 -0.489013672 0.752441406
vn -0.0385131836 -0.651855469 0.757324219
vn 0.872070312 0.374023438 0.315185547
vn 0.640625 -0.0471496582 0.766113281
vn -0.0944213867 -0.545410156 0.833007812
vn -0.482421875 -0.622558594 0.616210938
vn 0.80078125 0.513671875 0.308349609
vn 0.541992188 0.710449219 0.448730469
vn 0.425292969 0.246704102 0.870605469
vn -0.0875244141 -0.878417969 0.470214844
vn -0.101928711 -0.204589844 0.973632812
vn -0.657226562 -0.493896484 0.569335938
vn -0.052520752 0.913574219 0.403808594
vn 0.443603516 0.871582031 0.209106445
vn 0.401611328 0.543945312 0.736816406
vn -0.205810547 0.266601562 0.94140625
vn -0.958496094 -0.285644531 -0.00192451477
vn -0.848144531 -0.508789062 0.145996094
vn -0.887207031 -0.304199219 -0.346923828
vn -0.919921875 -0.10168457 0.37890625
vn -0.801757812 0.250488281 0.54296875
vn -0.346679688 -0.899902344 0.265380859
vn -0.609375 -0.786132812 -0.104003906
vn -0.208740234 0.573730469 0.791992188
vn -0.898925781 -0.055480957 -0.434326172
vn -0.548339844 -0.135620117 -0.825195312
vn -0.98828125 -0.0181121826 -0.151367188
vn -0.701660156 0.712402344 0.0119171143
vn -0.959472656 0.216796875 -0.180053711
vn -0.592773438 -0.780273438 -0.198364258
vn -0.501464844 0.184082031 -0.845214844
vn 0.206176758 -0.123046875 -0.970703125
vn 0.224609375 0.291992188 -0.9296875
vn -0.887695312 0.10345459 -0.448974609
vn -0.37109375 0.387451172 -0.84375
vn 0.234375 0.4609375 -0.855957031
vn -0.905273438 0.181762695 -0.384033203
vn -0.287353516 0.257324219 -0.922363281
vn 0.295898438 0.306640625 -0.904785156
vn -0.760742188 0.468994141 0.448974609
vn -0.924316406 0.291015625 -0.246459961
vn -0.342041016 0.0187225342 -0.939453125
vn 0.31640625 0.0210418701 -0.948242188
vn 0.0679321289 -0.975585938 -0.209228516
vn -0.118164062 -0.96875 -0.217529297
vn -0.823242188 0.0919799805 -0.560058594
vn -0.208740234 -0.966308594 -0.149169922
vn -0.748046875 0.130371094 -0.650390625
vn -0.937011719 0.177612305 -0.300537109
vn -0.683105469 -0.697753906 -0.217041016
vn -0.930175781 0.204589844 -0.3046875
vn -0.905273438 0.385009766 -0.180419922
vn -0.568359375 0.810546875 -0.14050293
vn -0.408935547 0.911621094 0.040222168
vn -0.0626220703 0.99609375 0.0621643066
vn -0.0568847656 0.988769531 0.138671875
vn 0.291503906 0.943359375 0.158325195
vn 0.0436706543 -0.96875 -0.243530273
vn -0.599609375 0.0208587646 -0.800292969
vn -0.130371094 -0.975585938 -0.177124023
vn 0.0275268555 0.0174560547 -0.999511719
vn 0.151245117 -0.966308594 -0.20715332
vn -0.0244293213 0.213500977 -0.9765625
vn -0.581542969 0.258544922 -0.770996094
vn 0.0759887695 0.374023438 -0.924316406
vn -0.481201172 0.431640625 -0.763183594
vn 0.604980469 0.0866088867 -0.791503906
vn 0.579589844 -0.697753906 -0.420898438
vn 0.50390625 0.104309082 -0.857421875
vn 0.795898438 0.170288086 -0.581054688
vn 0.5 -0.780273438 -0.375
vn 0.740234375 0.141479492 -0.657226562
vn 0.788574219 0.200439453 -0.581542969
vn 0.809082031 0.264892578 -0.524902344
vn 0.544921875 -0.786621094 -0.290283203
vn 0.854492188 0.216064453 -0.472900391
vn 0.412353516 -0.899902344 0.142944336
vn 0.639648438 0.12286377 -0.758789062
vn 0.931640625 0.250488281 0.262695312
vn 0.804199219 0.381835938 -0.455566406
vn 0.491943359 0.266601562 0.829101562
vn 0.231079102 -0.878417969 0.418701172
vn -0.0218505859 -0.889160156 0.456787109
vn 0.86328125 0.46875 0.186401367
vn -0.129516602 0.246704102 0.960449219
vn -0.481445312 -0.735351562 0.4765625
vn 0.447509766 0.573730469 0.686035156
vn -0.700195312 0.286132812 0.654296875
vn -0.538574219 -0.754394531 0.375976562
vn -0.149047852 0.543945312 0.825683594
vn 0.09765625 0.988769531 0.113647461
vn -0.786132812 0.295410156 0.54296875
vn -0.602539062 -0.711425781 0.361816406
vn -0.662109375 0.509277344 0.549316406
vn -0.728515625 0.360107422 0.582519531
vn -0.817871094 0.253173828 0.517089844
vn -0.270751953 -0.9609375 0.057800293
vn -0.2265625 0.943359375 0.241943359
vn -0.350097656 0.865234375 0.359375
vn 0.092956543 0.994628906 0.0492553711
vn 0.400634766 0.911621094 -0.0905761719
vn 0.501953125 0.808105469 -0.308837891
vn -0.338378906 0.68359375 0.646484375
vn 0.691894531 0.697753906 -0.184448242
vn 0.196899414 0.893066406 0.404785156
vn 0.252929688 -0.213256836 0.943847656
vn 0.95703125 -0.246704102 0.151123047
vn 0.851074219 -0.0737915039 -0.520019531
vn 0.684082031 -0.627441406 0.372314453
vn 0.815429688 -0.451171875 -0.362792969
vn 0.584960938 -0.114318848 -0.803222656
vn 0.189941406 -0.567382812 0.801269531
vn 0.729980469 -0.666503906 -0.151733398
vn 0.58203125 -0.685058594 0.438232422
vn 0.160644531 -0.650878906 0.741699219
vn 0.536621094 -0.582519531 -0.610351562
vn -0.166015625 -0.616699219 0.76953125
vn 0.116149902 0.204589844 -0.972167969
vn 0.155883789 -0.330078125 -0.931152344
vn -0.498535156 0.324951172 -0.803710938
vn -0.40234375 -0.177490234 -0.897949219
vn -0.231811523 -0.418457031 0.877929688
vn -0.459960938 -0.539550781 0.705078125
vn -0.637207031 -0.208740234 0.741699219
vn -0.827148438 -0.461669922 0.320556641
vn -0.328369141 -0.0708007812 0.941894531
vn -0.730957031 0.0131759644 0.682617188
vn -0.9609375 0.0120925903 0.276123047
vn -0.894042969 -0.263183594 -0.362548828
vn -0.946289062 0.108825684 0.304443359
vn -0.944824219 0.214355469 -0.246948242
vn -0.40234375 -0.177490234 -0.897949219
vn -0.498535156 0.324951172 -0.803710938
vn -0.908203125 0.330810547 -0.256591797
vn -0.481201172 0.431640625 -0.763183594
vn -0.854003906 0.223999023 0.469726562
vn -0.926757812 0.241699219 -0.288085938
vn -0.581542969 0.258544922 -0.770996094
vn -0.958984375 0.234863281 0.158203125
vn -0.971679688 0.137084961 0.192138672
vn -0.222412109 -0.97265625 -0.0633544922
vn -0.935058594 0.0544128418 -0.350585938
vn -0.599609375 0.0208587646 -0.800292969
vn -0.130371094 -0.975585938 -0.177124023
vn -0.858886719 -0.420898438 0.292236328
vn -0.827148438 -0.461669922 0.320556641
vn -0.894042969 -0.263183594 -0.362548828
vn -0.83203125 -0.424072266 -0.357666016
vn -0.381103516 -0.907226562 0.177490234
vn -0.40234375 -0.177490234 -0.897949219
vn -0.218017578 -0.962402344 -0.162231445
vn -0.617675781 -0.778808594 0.107849121
vn -0.40625 -0.366943359 -0.836914062
vn 0.155883789 -0.330078125 -0.931152344
vn -0.421386719 -0.873046875 -0.244750977
vn -0.814453125 -0.578125 0.0481872559
vn 0.0477905273 -0.5390625 -0.840820312
vn 0.536621094 -0.582519531 -0.610351562
vn 0.493896484 -0.6328125 -0.596191406
vn -0.143920898 -0.952148438 -0.269775391
vn -0.00917816162 -0.942871094 -0.333007812
vn 0.422851562 -0.817382812 -0.391601562
vn -0.508789062 -0.788085938 -0.346923828
vn 0.131713867 -0.990234375 0.0492248535
vn 0.210327148 -0.975097656 0.0725097656
vn 0.222045898 -0.961914062 0.160644531
vn -0.174804688 -0.880859375 -0.439697266
vn 0.0426635742 -0.841308594 -0.538574219
vn 0.640625 -0.515625 -0.569335938
vn 0.00139904022 -0.868652344 -0.495605469
vn 0.298583984 -0.846679688 -0.440917969
vn 0.0214080811 -0.990234375 -0.138793945
vn -0.163452148 -0.845214844 -0.508789062
vn 0.149291992 -0.98828125 0.0335388184
vn 0.0260772705 -0.998046875 -0.0565795898
vn 0.0103912354 -0.915527344 -0.40234375
vn -0.103149414 -0.994140625 0.0323181152
vn -0.307617188 -0.884277344 -0.351806641
vn -0.0204467773 -0.862304688 -0.505859375
vn -0.197021484 -0.963378906 0.182617188
vn -0.216552734 -0.727539062 -0.650878906
vn -0.840820312 -0.351074219 -0.412597656
vn 0.165405273 -0.808105469 -0.564941406
vn -0.125488281 -0.990722656 0.0495605469
vn -0.239013672 -0.794921875 -0.557617188
vn -0.696777344 -0.641601562 -0.320556641
vn 0.124267578 -0.797363281 -0.590820312
vn -0.494628906 -0.194335938 -0.847167969
vn -0.834472656 -0.350830078 -0.425048828
vn 0.138793945 -0.844726562 -0.517089844
vn -0.548339844 -0.135620117 -0.825195312
vn -0.887207031 -0.304199219 -0.346923828
vn 0.200439453 -0.0938110352 -0.975097656
vn 0.206176758 -0.123046875 -0.970703125
vn 0.766601562 -0.305908203 -0.564453125
vn 0.696777344 -0.362304688 -0.619140625
vn 0.833984375 -0.551269531 0.0161590576
vn 0.833984375 -0.543457031 -0.0942993164
vn 0.302978516 -0.899414062 -0.314697266
vn 0.444824219 -0.895507812 0.011505127
vn 0.454833984 -0.78515625 -0.420166016
vn 0.691894531 -0.717773438 -0.0769042969
vn 0.581054688 -0.657226562 -0.480224609
vn 0.905761719 -0.399414062 -0.140869141
vn -0.0679931641 -0.997070312 0.0331726074
vn 0.493896484 -0.6328125 -0.596191406
vn 0.536621094 -0.582519531 -0.610351562
vn 0.729980469 -0.666503906 -0.151733398
vn 0.870605469 -0.483154297 -0.0909423828
vn 0.422851562 -0.817382812 -0.391601562
vn 0.58203125 -0.685058594 0.438232422
vn 0.844238281 -0.526855469 -0.096862793
vn 0.640625 -0.515625 -0.569335938
vn 0.794921875 -0.309082031 0.522460938
vn 0.160644531 -0.650878906 0.741699219
vn 0.984375 -0.0115814209 -0.174438477
vn 0.298583984 -0.846679688 -0.440917969
vn 0.803710938 -0.201049805 0.560058594
vn 0.364013672 -0.3125 0.877441406
vn -0.166015625 -0.616699219 0.76953125
vn 0.353515625 -0.140258789 0.924804688
vn -0.174926758 -0.400146484 0.899414062
vn -0.459960938 -0.539550781 0.705078125
vn -0.532714844 -0.411865234 0.739257812
vn -0.827148438 -0.461669922 0.320556641
vn -0.858886719 -0.420898438 0.292236328
vn -0.183105469 -0.370605469 0.910644531
vn -0.404052734 -0.606933594 0.684570312
vn -0.381103516 -0.907226562 0.177490234
vn -0.617675781 -0.778808594 0.107849121
vn -0.634765625 -0.401123047 0.660644531
vn -0.306884766 0.0348510742 0.951171875
vn 0.174072266 0.322021484 0.930664062
vn -0.803710938 -0.238891602 0.544921875
vn -0.814453125 -0.578125 0.0481872559
vn -0.504882812 -0.0156097412 0.86328125
vn 0.193603516 -0.980957031 0.00231361389
vn 0.131713867 -0.990234375 0.0492248535
vn 0.154785156 -0.959960938 -0.233154297
vn 0.0877075195 -0.942382812 -0.322998047
vn -0.0602416992 0.113586426 0.991699219
vn 0.0712890625 -0.960449219 -0.269287109
vn 0.357666016 -0.176269531 0.916992188
vn 0.033416748 -0.994628906 -0.100036621
vn 0.747558594 0.354003906 0.562011719
vn 0.745605469 -0.666015625 5.29289246E-05
vn 0.0461120605 -0.795898438 0.603515625
vn -0.0175933838 -0.979980469 -0.197753906
vn -0.205078125 -0.399902344 0.893554688
vn -0.0521850586 -0.951660156 -0.303222656
vn 0.0295410156 -0.997558594 0.0612792969
vn 0.0214080811 -0.990234375 -0.138793945
vn -0.574707031 -0.795898438 0.190185547
vn -0.307617188 -0.884277344 -0.351806641
vn -0.840820312 -0.351074219 -0.412597656
vn -0.991210938 -0.0338745117 0.128295898
vn -0.696777344 -0.641601562 -0.320556641
vn 0.182739258 -0.091003418 0.979003906
vn -0.118041992 -0.974121094 -0.192016602
vn -0.84765625 -0.514648438 0.12902832
vn -0.834472656 -0.350830078 -0.425048828
vn -0.59765625 0.111633301 0.793945312
vn 0.62109375 -0.0629882812 0.78125
vn -0.141357422 -0.988769531 0.0442199707
vn -0.922363281 -0.364746094 0.12890625
vn -0.887207031 -0.304199219 -0.346923828
vn -0.848144531 -0.508789062 0.145996094
vn -0.544433594 -0.389160156 0.743164062
vn -0.610839844 -0.37890625 0.6953125
vn -0.482421875 -0.622558594 0.616210938
vn -0.0385131836 -0.651855469 0.757324219
vn 0.0388183594 0.0198669434 0.999023438
vn -0.0637207031 -0.377441406 0.923828125
vn -0.118103027 -0.453369141 0.883300781
vn 0.306640625 -0.682128906 0.6640625
vn 0.360351562 -0.549804688 0.753417969
vn 0.493652344 -0.194824219 0.84765625
vn 0.341064453 -0.545410156 0.765625
vn 0.708496094 -0.598632812 0.374267578
vn 0.656738281 -0.657226562 0.369873047
vn 0.510742188 -0.748535156 0.423583984
vn 0.833984375 -0.543457031 -0.0942993164
vn 0.833984375 -0.551269531 0.0161590576
vn 0.444824219 -0.895507812 0.011505127
vn 0.744628906 -0.504394531 0.4375
vn 0.691894531 -0.717773438 -0.0769042969
vn 0.905761719 -0.399414062 -0.140869141
vn 0.91015625 -0.142333984 0.389160156
vn -0.0679931641 -0.997070312 0.0331726074
vn 0.0679321289 -0.975585938 -0.209228516
vn 0.275146484 -0.9609375 -0.0304107666
vn 0.191162109 -0.97265625 -0.130249023
vn -0.0019569397 -1 0.000687122345
vn 0.685546875 -0.711914062 0.153686523
vn 0.62890625 -0.754882812 0.187011719
vn 0.606933594 -0.735839844 0.300537109
vn 0.164550781 -0.889160156 0.426757812
vn -0.0875244141 -0.878417969 0.470214844
vn -0.346679688 -0.899902344 0.265380859
vn -0.609375 -0.786132812 -0.104003906
vn -0.592773438 -0.780273438 -0.198364258
vn -0.683105469 -0.697753906 -0.217041016
vn -0.208740234 -0.966308594 -0.149169922
vn -0.118164062 -0.96875 -0.217529297
vn -0.396972656 -0.508789062 0.764160156
vn -0.6796875 -0.69140625 -0.244995117
vn -0.220703125 -0.401855469 0.888671875
vn -0.447509766 -0.439453125 -0.778808594
vn -0.484863281 -0.473876953 -0.735351562
vn -0.407470703 -0.439208984 -0.80078125
vn -0.637207031 -0.260986328 -0.725097656
vn -0.494384766 -0.105834961 -0.862792969
vn 0.0514831543 -0.0921630859 -0.994628906
vn -0.604980469 0.048248291 -0.794921875
vn -0.581054688 0.119567871 -0.805175781
vn 0.0594482422 0.065246582 -0.99609375
vn -0.273925781 0.681640625 -0.678710938
vn -0.102661133 0.417236328 -0.902832031
vn 0.0815429688 0.752929688 -0.652832031
vn 0.15625 0.616210938 -0.771972656
vn 0.430664062 0.688476562 -0.583496094
vn 0.55859375 0.507324219 -0.65625
vn 0.717773438 0.0457458496 -0.694824219
vn 0.998535156 0.0360107422 -0.0449829102
vn 0.722167969 -0.0160217285 -0.69140625
vn 0.999511719 -0.0133514404 -0.0349121094
vn 0.190429688 -0.101867676 -0.9765625
vn 0.831542969 -0.0498962402 -0.553222656
vn 0.806152344 -0.328857422 0.4921875
vn 0.68359375 -0.437255859 -0.584472656
vn 0.422363281 -0.372558594 0.826171875
vn -0.351806641 -0.538574219 -0.765625
vn -0.220703125 -0.401855469 0.888671875
vn 0.806152344 -0.328857422 0.4921875
vn 0.193481445 0.856445312 0.478515625
vn -0.359130859 0.859863281 0.362792969
vn 0.288818359 0.663574219 0.689941406
vn -0.235961914 0.833007812 0.5
vn 0.610351562 0.297119141 0.734375
vn -0.00710678101 0.236450195 0.971679688
vn -0.384521484 0.540527344 0.748046875
vn 0.155151367 0.155761719 0.975585938
vn -0.143920898 -0.0806274414 0.986328125
vn 0.00194072723 -1 0.000127792358
vn 0.231079102 -0.878417969 0.418701172
vn 0.412353516 -0.899902344 0.142944336
vn 0.544921875 -0.786621094 -0.290283203
vn -0.0218505859 -0.889160156 0.456787109
vn 0.5 -0.780273438 -0.375
vn -0.481445312 -0.735351562 0.4765625
vn 0.579589844 -0.697753906 -0.420898438
vn -0.538574219 -0.754394531 0.375976562
vn 0.151245117 -0.966308594 -0.20715332
vn -0.602539062 -0.711425781 0.361816406
vn 0.0436706543 -0.96875 -0.243530273
vn -0.270751953 -0.9609375 0.057800293
vn -0.130371094 -0.975585938 -0.177124023
vn -0.222412109 -0.97265625 -0.0633544922
g Commander_Mati_Body_0
f 3/3/3 2/2/2 1/1/1
f 2/2/2 4/4/4 1/1/1
f 4/4/4 2/2/2 5/5/5
f 6/6/6 4/4/4 5/5/5
f 1/1/1 4/4/4 7/7/7
f 4/4/4 6/6/6 8/8/8
f 4/4/4 8/8/8 7/7/7
f 8/8/8 9/9/9 7/7/7
f 9/9/9 10/10/10 7/7/7
f 6/6/6 11/11/11 8/8/8
f 12/12/12 7/7/7 10/10/10
f 8/8/8 11/11/11 13/13/13
f 9/9/9 8/8/8 13/13/13
f 14/14/14 12/12/12 10/10/10
f 15/15/15 12/12/12 14/14/14
f 13/13/13 11/11/11 16/16/16
f 11/11/11 17/17/17 16/16/16
f 18/18/18 10/10/10 9/9/9
f 10/10/10 18/18/18 14/14/14
f 19/19/19 15/15/15 14/14/14
f 20/20/20 15/15/15 19/19/19
f 21/21/21 20/20/20 19/19/19
f 14/14/14 22/22/22 19/19/19
f 18/18/18 22/22/22 14/14/14
f 21/21/21 19/19/19 23/23/23
f 22/22/22 23/23/23 19/19/19
f 24/24/24 21/21/21 23/23/23
f 23/23/23 25/25/25 24/24/24
f 25/25/25 26/26/26 24/24/24
f 22/22/22 27/27/27 23/23/23
f 27/27/27 25/25/25 23/23/23
f 25/25/25 28/28/28 26/26/26
f 28/28/28 29/29/29 26/26/26
f 18/18/18 30/30/30 22/22/22
f 30/30/30 27/27/27 22/22/22
f 27/27/27 31/31/31 25/25/25
f 31/31/31 28/28/28 25/25/25
f 28/28/28 32/32/32 29/29/29
f 32/32/32 33/33/33 29/29/29
f 30/30/30 34/34/34 27/27/27
f 34/34/34 31/31/31 27/27/27
f 31/31/31 35/35/35 28/28/28
f 35/35/35 32/32/32 28/28/28
f 33/33/33 32/32/32 36/36/36
f 37/37/37 33/33/33 36/36/36
f 34/34/34 38/38/38 31/31/31
f 38/38/38 35/35/35 31/31/31
f 34/34/34 30/30/30 39/39/39
f 34/34/34 39/39/39 38/38/38
f 40/40/40 30/30/30 18/18/18
f 30/30/30 40/40/40 39/39/39
f 32/32/32 35/35/35 41/41/41
f 36/36/36 32/32/32 41/41/41
f 37/37/37 36/36/36 42/42/42
f 43/43/43 37/37/37 42/42/42
f 42/42/42 36/36/36 44/44/44
f 36/36/36 41/41/41 44/44/44
f 43/43/43 42/42/42 45/45/45
f 42/42/42 44/44/44 45/45/45
f 46/46/46 43/43/43 45/45/45
f 44/44/44 47/47/47 45/45/45
f 44/44/44 48/48/48 47/47/47
f 44/44/44 41/41/41 48/48/48
f 48/48/48 49/49/49 47/47/47
f 41/41/41 35/35/35 50/50/50
f 41/41/41 50/50/50 48/48/48
f 35/35/35 38/38/38 50/50/50
f 48/48/48 51/51/51 49/49/49
f 51/51/51 48/48/48 50/50/50
f 51/51/51 52/52/52 49/49/49
f 51/51/51 53/53/53 52/52/52
f 50/50/50 38/38/38 54/54/54
f 54/54/54 51/51/51 50/50/50
f 51/51/51 55/55/55 53/53/53
f 55/55/55 51/51/51 54/54/54
f 55/55/55 56/56/56 53/53/53
f 38/38/38 57/57/57 54/54/54
f 39/39/39 57/57/57 38/38/38
f 58/58/58 55/55/55 54/54/54
f 54/54/54 57/57/57 58/58/58
f 55/55/55 59/59/59 56/56/56
f 55/55/55 58/58/58 59/59/59
f 58/58/58 60/60/60 59/59/59
f 57/57/57 61/61/61 58/58/58
f 61/61/61 57/57/57 39/39/39
f 58/58/58 61/61/61 60/60/60
f 59/59/59 62/62/62 56/56/56
f 59/59/59 60/60/60 62/62/62
f 62/62/62 63/63/63 56/56/56
f 64/64/64 61/61/61 39/39/39
f 64/64/64 60/60/60 61/61/61
f 64/64/64 39/39/39 40/40/40
f 62/62/62 65/65/65 63/63/63
f 65/65/65 66/66/66 63/63/63
f 67/67/67 66/66/66 65/65/65
f 68/68/68 64/64/64 40/40/40
f 64/64/64 68/68/68 60/60/60
f 60/60/60 69/69/69 62/62/62
f 62/62/62 69/69/69 65/65/65
f 70/70/70 67/67/67 65/65/65
f 71/71/71 67/67/67 70/70/70
f 72/72/72 71/71/71 70/70/70
f 72/72/72 70/70/70 73/73/73
f 74/74/74 72/72/72 73/73/73
f 74/74/74 73/73/73 75/75/75
f 76/76/76 75/75/75 73/73/73
f 70/70/70 65/65/65 77/77/77
f 69/69/69 77/77/77 65/65/65
f 73/73/73 70/70/70 77/77/77
f 69/69/69 60/60/60 78/78/78
f 68/68/68 78/78/78 60/60/60
f 76/76/76 73/73/73 79/79/79
f 80/80/80 76/76/76 79/79/79
f 73/73/73 77/77/77 81/81/81
f 79/79/79 73/73/73 81/81/81
f 77/77/77 69/69/69 82/82/82
f 82/82/82 69/69/69 78/78/78
f 81/81/81 77/77/77 82/82/82
f 80/80/80 79/79/79 83/83/83
f 84/84/84 80/80/80 83/83/83
f 79/79/79 81/81/81 85/85/85
f 83/83/83 79/79/79 85/85/85
f 81/81/81 82/82/82 86/86/86
f 85/85/85 81/81/81 86/86/86
f 82/82/82 78/78/78 87/87/87
f 86/86/86 82/82/82 87/87/87
f 78/78/78 68/68/68 88/88/88
f 87/87/87 78/78/78 88/88/88
f 83/83/83 89/89/89 84/84/84
f 89/89/89 90/90/90 84/84/84
f 83/83/83 85/85/85 16/16/16
f 89/89/89 83/83/83 16/16/16
f 16/16/16 85/85/85 13/13/13
f 85/85/85 86/86/86 13/13/13
f 89/89/89 16/16/16 17/17/17
f 91/91/91 89/89/89 17/17/17
f 89/89/89 91/91/91 90/90/90
f 91/91/91 92/92/92 90/90/90
f 9/9/9 13/13/13 86/86/86
f 87/87/87 9/9/9 86/86/86
f 87/87/87 88/88/88 9/9/9
f 88/88/88 68/68/68 93/93/93
f 93/93/93 9/9/9 88/88/88
f 68/68/68 40/40/40 93/93/93
f 93/93/93 18/18/18 9/9/9
f 93/93/93 40/40/40 18/18/18
f 96/96/96 95/95/95 94/94/94
f 97/97/97 96/96/96 94/94/94
f 98/98/98 96/96/96 97/97/97
f 97/97/97 94/94/94 99/99/99
f 100/100/100 98/98/98 97/97/97
f 101/101/101 98/98/98 100/100/100
f 102/102/102 97/97/97 99/99/99
f 97/97/97 102/102/102 100/100/100
f 103/103/103 102/102/102 99/99/99
f 104/104/104 103/103/103 99/99/99
f 104/104/104 105/105/105 103/103/103
f 105/105/105 106/106/106 103/103/103
f 105/105/105 107/107/107 106/106/106
f 103/103/103 108/108/108 102/102/102
f 103/103/103 106/106/106 108/108/108
f 102/102/102 109/109/109 100/100/100
f 108/108/108 109/109/109 102/102/102
f 110/110/110 101/101/101 100/100/100
f 100/100/100 109/109/109 110/110/110
f 107/107/107 111/111/111 106/106/106
f 111/111/111 107/107/107 112/112/112
f 106/106/106 113/113/113 108/108/108
f 106/106/106 111/111/111 113/113/113
f 108/108/108 114/114/114 109/109/109
f 108/108/108 113/113/113 114/114/114
f 101/101/101 110/110/110 115/115/115
f 101/101/101 115/115/115 116/116/116
f 110/110/110 117/117/117 115/115/115
f 117/117/117 110/110/110 118/118/118
f 109/109/109 118/118/118 110/110/110
f 114/114/114 118/118/118 109/109/109
f 115/115/115 119/119/119 116/116/116
f 116/116/116 119/119/119 120/120/120
f 119/119/119 121/121/121 120/120/120
f 121/121/121 119/119/119 122/122/122
f 119/119/119 123/123/123 122/122/122
f 124/124/124 123/123/123 119/119/119
f 115/115/115 124/124/124 119/119/119
f 124/124/124 115/115/115 117/117/117
f 125/125/125 124/124/124 117/117/117
f 126/126/126 124/124/124 125/125/125
f 127/127/127 126/126/126 125/125/125
f 126/126/126 127/127/127 128/128/128
f 129/129/129 125/125/125 117/117/117
f 125/125/125 129/129/129 127/127/127
f 127/127/127 130/130/130 128/128/128
f 131/131/131 128/128/128 130/130/130
f 132/132/132 131/131/131 130/130/130
f 127/127/127 133/133/133 130/130/130
f 129/129/129 133/133/133 127/127/127
f 132/132/132 130/130/130 134/134/134
f 133/133/133 134/134/134 130/130/130
f 135/135/135 132/132/132 134/134/134
f 136/136/136 135/135/135 134/134/134
f 137/137/137 134/134/134 133/133/133
f 137/137/137 136/136/136 134/134/134
f 137/137/137 138/138/138 136/136/136
f 138/138/138 139/139/139 136/136/136
f 138/138/138 140/140/140 139/139/139
f 141/141/141 140/140/140 138/138/138
f 142/142/142 137/137/137 133/133/133
f 142/142/142 133/133/133 129/129/129
f 143/143/143 138/138/138 137/137/137
f 142/142/142 143/143/143 137/137/137
f 141/141/141 138/138/138 144/144/144
f 145/145/145 141/141/141 144/144/144
f 145/145/145 144/144/144 146/146/146
f 144/144/144 147/147/147 146/146/146
f 144/144/144 138/138/138 148/148/148
f 144/144/144 148/148/148 147/147/147
f 138/138/138 143/143/143 148/148/148
f 148/148/148 149/149/149 147/147/147
f 150/150/150 149/149/149 148/148/148
f 151/151/151 150/150/150 148/148/148
f 151/151/151 148/148/148 143/143/143
f 152/152/152 150/150/150 151/151/151
f 153/153/153 143/143/143 142/142/142
f 153/153/153 151/151/151 143/143/143
f 154/154/154 151/151/151 153/153/153
f 153/153/153 155/155/155 154/154/154
f 155/155/155 153/153/153 142/142/142
f 155/155/155 142/142/142 129/129/129
f 156/156/156 152/152/152 151/151/151
f 154/154/154 156/156/156 151/151/151
f 157/157/157 152/152/152 156/156/156
f 157/157/157 156/156/156 154/154/154
f 157/157/157 158/158/158 152/152/152
f 159/159/159 158/158/158 157/157/157
f 155/155/155 129/129/129 160/160/160
f 160/160/160 129/129/129 117/117/117
f 161/161/161 159/159/159 157/157/157
f 162/162/162 159/159/159 161/161/161
f 163/163/163 155/155/155 160/160/160
f 155/155/155 163/163/163 154/154/154
f 160/160/160 117/117/117 164/164/164
f 163/163/163 160/160/160 164/164/164
f 165/165/165 164/164/164 117/117/117
f 165/165/165 117/117/117 118/118/118
f 166/166/166 163/163/163 164/164/164
f 166/166/166 164/164/164 165/165/165
f 167/167/167 165/165/165 118/118/118
f 167/167/167 166/166/166 165/165/165
f 114/114/114 167/167/167 118/118/118
f 166/166/166 168/168/168 163/163/163
f 168/168/168 154/154/154 163/163/163
f 169/169/169 157/157/157 154/154/154
f 161/161/161 157/157/157 169/169/169
f 170/170/170 162/162/162 161/161/161
f 171/171/171 162/162/162 170/170/170
f 166/166/166 167/167/167 172/172/172
f 168/168/168 166/166/166 172/172/172
f 114/114/114 173/173/173 167/167/167
f 173/173/173 172/172/172 167/167/167
f 113/113/113 173/173/173 114/114/114
f 168/168/168 174/174/174 154/154/154
f 169/169/169 154/154/154 174/174/174
f 168/168/168 172/172/172 174/174/174
f 175/175/175 161/161/161 169/169/169
f 170/170/170 161/161/161 175/175/175
f 169/169/169 174/174/174 176/176/176
f 172/172/172 176/176/176 174/174/174
f 175/175/175 169/169/169 176/176/176
f 177/177/177 176/176/176 172/172/172
f 173/173/173 177/177/177 172/172/172
f 175/175/175 176/176/176 177/177/177
f 113/113/113 178/178/178 173/173/173
f 178/178/178 177/177/177 173/173/173
f 111/111/111 178/178/178 113/113/113
f 179/179/179 175/175/175 177/177/177
f 179/179/179 170/170/170 175/175/175
f 179/179/179 177/177/177 178/178/178
f 180/180/180 178/178/178 111/111/111
f 180/180/180 179/179/179 178/178/178
f 181/181/181 170/170/170 179/179/179
f 180/180/180 181/181/181 179/179/179
f 181/181/181 171/171/171 170/170/170
f 182/182/182 171/171/171 181/181/181
f 183/183/183 182/182/182 181/181/181
f 183/183/183 181/181/181 180/180/180
f 182/182/182 183/183/183 184/184/184
f 183/183/183 185/185/185 184/184/184
f 186/186/186 180/180/180 111/111/111
f 186/186/186 183/183/183 180/180/180
f 183/183/183 186/186/186 185/185/185
f 186/186/186 111/111/111 112/112/112
f 186/186/186 112/112/112 185/185/185
f 189/189/189 188/188/188 187/187/187
f 190/190/190 189/189/189 187/187/187
f 190/190/190 187/187/187 191/191/191
f 187/187/187 192/192/192 191/191/191
f 191/191/191 192/192/192 193/193/193
f 194/194/194 191/191/191 193/193/193
f 194/194/194 193/193/193 195/195/195
f 190/190/190 191/191/191 196/196/196
f 196/196/196 191/191/191 194/194/194
f 197/197/197 194/194/194 195/195/195
f 197/197/197 195/195/195 198/198/198
f 199/199/199 197/197/197 198/198/198
f 200/200/200 194/194/194 197/197/197
f 200/200/200 196/196/196 194/194/194
f 201/201/201 197/197/197 199/199/199
f 201/201/201 200/200/200 197/197/197
f 202/202/202 201/201/201 199/199/199
f 203/203/203 201/201/201 202/202/202
f 200/200/200 201/201/201 203/203/203
f 204/204/204 203/203/203 202/202/202
f 196/196/196 200/200/200 205/205/205
f 205/205/205 200/200/200 203/203/203
f 206/206/206 196/196/196 205/205/205
f 207/207/207 190/190/190 196/196/196
f 207/207/207 196/196/196 206/206/206
f 208/208/208 207/207/207 206/206/206
f 190/190/190 207/207/207 189/189/189
f 207/207/207 208/208/208 209/209/209
f 210/210/210 203/203/203 204/204/204
f 211/211/211 210/210/210 204/204/204
f 211/211/211 212/212/212 210/210/210
f 210/210/210 213/213/213 203/203/203
f 212/212/212 213/213/213 210/210/210
f 213/213/213 214/214/214 203/203/203
f 213/213/213 215/215/215 214/214/214
f 216/216/216 215/215/215 213/213/213
f 212/212/212 216/216/216 213/213/213
f 207/207/207 217/217/217 189/189/189
f 217/217/217 207/207/207 209/209/209
f 217/217/217 218/218/218 189/189/189
f 218/218/218 219/219/219 189/189/189
f 220/220/220 217/217/217 209/209/209
f 221/221/221 220/220/220 209/209/209
f 220/220/220 221/221/221 222/222/222
f 221/221/221 223/223/223 222/222/222
f 217/217/217 220/220/220 224/224/224
f 218/218/218 217/217/217 224/224/224
f 216/216/216 212/212/212 225/225/225
f 216/216/216 225/225/225 226/226/226
f 223/223/223 226/226/226 227/227/227
f 225/225/225 227/227/227 226/226/226
f 222/222/222 223/223/223 227/227/227
f 227/227/227 225/225/225 228/228/228
f 225/225/225 212/212/212 228/228/228
f 218/218/218 229/229/229 219/219/219
f 229/229/229 230/230/230 219/219/219
f 229/229/229 231/231/231 230/230/230
f 229/229/229 218/218/218 231/231/231
f 231/231/231 232/232/232 230/230/230
f 222/222/222 227/227/227 233/233/233
f 233/233/233 227/227/227 228/228/228
f 228/228/228 212/212/212 234/234/234
f 212/212/212 235/235/235 234/234/234
f 235/235/235 212/212/212 211/211/211
f 236/236/236 235/235/235 211/211/211
f 234/234/234 235/235/235 236/236/236
f 237/237/237 236/236/236 211/211/211
f 237/237/237 234/234/234 236/236/236
f 238/238/238 237/237/237 211/211/211
f 239/239/239 237/237/237 238/238/238
f 240/240/240 239/239/239 238/238/238
f 234/234/234 237/237/237 241/241/241
f 237/237/237 239/239/239 241/241/241
f 228/228/228 234/234/234 242/242/242
f 234/234/234 241/241/241 242/242/242
f 233/233/233 228/228/228 243/243/243
f 228/228/228 242/242/242 243/243/243
f 239/239/239 240/240/240 244/244/244
f 240/240/240 245/245/245 244/244/244
f 246/246/246 242/242/242 241/241/241
f 242/242/242 246/246/246 243/243/243
f 247/247/247 241/241/241 239/239/239
f 244/244/244 247/247/247 239/239/239
f 247/247/247 246/246/246 241/241/241
f 248/248/248 244/244/244 245/245/245
f 249/249/249 248/248/248 245/245/245
f 248/248/248 250/250/250 244/244/244
f 250/250/250 247/247/247 244/244/244
f 250/250/250 251/251/251 247/247/247
f 251/251/251 246/246/246 247/247/247
f 246/246/246 251/251/251 252/252/252
f 246/246/246 252/252/252 243/243/243
f 251/251/251 253/253/253 252/252/252
f 253/253/253 254/254/254 252/252/252
f 254/254/254 255/255/255 252/252/252
f 252/252/252 255/255/255 256/256/256
f 243/243/243 252/252/252 256/256/256
f 255/255/255 257/257/257 256/256/256
f 256/256/256 258/258/258 243/243/243
f 258/258/258 233/233/233 243/243/243
f 258/258/258 222/222/222 233/233/233
f 257/257/257 259/259/259 256/256/256
f 258/258/258 256/256/256 259/259/259
f 257/257/257 260/260/260 259/259/259
f 258/258/258 261/261/261 222/222/222
f 261/261/261 258/258/258 259/259/259
f 259/259/259 262/262/262 261/261/261
f 260/260/260 263/263/263 259/259/259
f 262/262/262 259/259/259 263/263/263
f 260/260/260 264/264/264 263/263/263
f 261/261/261 265/265/265 222/222/222
f 222/222/222 265/265/265 220/220/220
f 265/265/265 224/224/224 220/220/220
f 265/265/265 261/261/261 266/266/266
f 262/262/262 266/266/266 261/261/261
f 262/262/262 267/267/267 266/266/266
f 268/268/268 265/265/265 266/266/266
f 224/224/224 265/265/265 268/268/268
f 268/268/268 266/266/266 267/267/267
f 269/269/269 224/224/224 268/268/268
f 224/224/224 269/269/269 218/218/218
f 264/264/264 270/270/270 263/263/263
f 270/270/270 262/262/262 263/263/263
f 271/271/271 268/268/268 267/267/267
f 269/269/269 268/268/268 271/271/271
f 269/269/269 272/272/272 218/218/218
f 218/218/218 272/272/272 231/231/231
f 273/273/273 269/269/269 271/271/271
f 269/269/269 273/273/273 272/272/272
f 270/270/270 264/264/264 274/274/274
f 270/270/270 275/275/275 262/262/262
f 275/275/275 270/270/270 274/274/274
f 276/276/276 274/274/274 264/264/264
f 277/277/277 276/276/276 264/264/264
f 276/276/276 278/278/278 274/274/274
f 278/278/278 279/279/279 274/274/274
f 275/275/275 274/274/274 279/279/279
f 275/275/275 280/280/280 262/262/262
f 262/262/262 280/280/280 267/267/267
f 279/279/279 278/278/278 281/281/281
f 281/281/281 278/278/278 282/282/282
f 283/283/283 281/281/281 282/282/282
f 283/283/283 282/282/282 284/284/284
f 285/285/285 283/283/283 284/284/284
f 285/285/285 284/284/284 286/286/286
f 287/287/287 285/285/285 286/286/286
f 288/288/288 285/285/285 287/287/287
f 289/289/289 288/288/288 287/287/287
f 288/288/288 290/290/290 285/285/285
f 290/290/290 283/283/283 285/285/285
f 283/283/283 290/290/290 291/291/291
f 281/281/281 283/283/283 291/291/291
f 291/291/291 292/292/292 281/281/281
f 291/291/291 293/293/293 292/292/292
f 294/294/294 279/279/279 281/281/281
f 292/292/292 294/294/294 281/281/281
f 293/293/293 295/295/295 292/292/292
f 293/293/293 296/296/296 295/295/295
f 296/296/296 297/297/297 295/295/295
f 292/292/292 295/295/295 298/298/298
f 292/292/292 298/298/298 294/294/294
f 295/295/295 297/297/297 298/298/298
f 279/279/279 294/294/294 299/299/299
f 298/298/298 299/299/299 294/294/294
f 298/298/298 300/300/300 299/299/299
f 275/275/275 279/279/279 299/299/299
f 297/297/297 301/301/301 298/298/298
f 298/298/298 301/301/301 300/300/300
f 301/301/301 297/297/297 302/302/302
f 299/299/299 303/303/303 275/275/275
f 300/300/300 303/303/303 299/299/299
f 303/303/303 280/280/280 275/275/275
f 304/304/304 301/301/301 302/302/302
f 301/301/301 304/304/304 300/300/300
f 302/302/302 305/305/305 304/304/304
f 303/303/303 306/306/306 280/280/280
f 303/303/303 300/300/300 307/307/307
f 306/306/306 303/303/303 307/307/307
f 306/306/306 308/308/308 280/280/280
f 280/280/280 308/308/308 267/267/267
f 306/306/306 309/309/309 308/308/308
f 309/309/309 267/267/267 308/308/308
f 306/306/306 307/307/307 309/309/309
f 267/267/267 309/309/309 310/310/310
f 271/271/271 267/267/267 310/310/310
f 310/310/310 311/311/311 271/271/271
f 311/311/311 273/273/273 271/271/271
f 312/312/312 311/311/311 310/310/310
f 313/313/313 312/312/312 310/310/310
f 310/310/310 309/309/309 313/313/313
f 311/311/311 312/312/312 314/314/314
f 273/273/273 311/311/311 314/314/314
f 307/307/307 315/315/315 309/309/309
f 309/309/309 315/315/315 313/313/313
f 307/307/307 300/300/300 316/316/316
f 316/316/316 315/315/315 307/307/307
f 300/300/300 317/317/317 316/316/316
f 304/304/304 317/317/317 300/300/300
f 318/318/318 273/273/273 314/314/314
f 273/273/273 318/318/318 272/272/272
f 318/318/318 319/319/319 272/272/272
f 272/272/272 319/319/319 231/231/231
f 315/315/315 316/316/316 320/320/320
f 320/320/320 316/316/316 317/317/317
f 317/317/317 304/304/304 321/321/321
f 305/305/305 321/321/321 304/304/304
f 318/318/318 314/314/314 322/322/322
f 319/319/319 318/318/318 322/322/322
f 319/319/319 323/323/323 231/231/231
f 232/232/232 231/231/231 323/323/323
f 324/324/324 320/320/320 317/317/317
f 324/324/324 317/317/317 321/321/321
f 319/319/319 322/322/322 325/325/325
f 323/323/323 319/319/319 325/325/325
f 326/326/326 232/232/232 323/323/323
f 232/232/232 326/326/326 327/327/327
f 326/326/326 328/328/328 327/327/327
f 326/326/326 329/329/329 328/328/328
f 329/329/329 326/326/326 323/323/323
f 329/329/329 330/330/330 328/328/328
f 331/331/331 329/329/329 323/323/323
f 325/325/325 331/331/331 323/323/323
f 330/330/330 329/329/329 331/331/331
f 332/332/332 324/324/324 321/321/321
f 320/320/320 324/324/324 333/333/333
f 324/324/324 332/332/332 333/333/333
f 334/334/334 332/332/332 321/321/321
f 334/334/334 321/321/321 305/305/305
f 334/334/334 305/305/305 335/335/335
f 305/305/305 336/336/336 335/335/335
f 337/337/337 332/332/332 334/334/334
f 338/338/338 337/337/337 334/334/334
f 338/338/338 334/334/334 335/335/335
f 337/337/337 339/339/339 332/332/332
f 339/339/339 333/333/333 332/332/332
f 339/339/339 337/337/337 338/338/338
f 320/320/320 333/333/333 340/340/340
f 333/333/333 339/339/339 341/341/341
f 340/340/340 333/333/333 341/341/341
f 341/341/341 342/342/342 340/340/340
f 343/343/343 342/342/342 341/341/341
f 339/339/339 343/343/343 341/341/341
f 343/343/343 344/344/344 342/342/342
f 345/345/345 343/343/343 339/339/339
f 345/345/345 339/339/339 338/338/338
f 343/343/343 345/345/345 344/344/344
f 345/345/345 338/338/338 346/346/346
f 346/346/346 338/338/338 335/335/335
f 345/345/345 346/346/346 344/344/344
f 347/347/347 320/320/320 340/340/340
f 347/347/347 315/315/315 320/320/320
f 340/340/340 348/348/348 347/347/347
f 348/348/348 315/315/315 347/347/347
f 342/342/342 348/348/348 340/340/340
f 313/313/313 315/315/315 348/348/348
f 349/349/349 346/346/346 335/335/335
f 346/346/346 349/349/349 344/344/344
f 350/350/350 313/313/313 348/348/348
f 312/312/312 313/313/313 350/350/350
f 342/342/342 351/351/351 348/348/348
f 351/351/351 350/350/350 348/348/348
f 350/350/350 351/351/351 352/352/352
f 351/351/351 353/353/353 352/352/352
f 342/342/342 353/353/353 351/351/351
f 349/349/349 335/335/335 354/354/354
f 354/354/354 335/335/335 336/336/336
f 355/355/355 312/312/312 350/350/350
f 355/355/355 350/350/350 352/352/352
f 356/356/356 353/353/353 342/342/342
f 344/344/344 357/357/357 342/342/342
f 357/357/357 356/356/356 342/342/342
f 352/352/352 353/353/353 358/358/358
f 353/353/353 356/356/356 358/358/358
f 359/359/359 357/357/357 344/344/344
f 360/360/360 356/356/356 357/357/357
f 359/359/359 360/360/360 357/357/357
f 361/361/361 360/360/360 359/359/359
f 356/356/356 360/360/360 362/362/362
f 358/358/358 356/356/356 362/362/362
f 362/362/362 360/360/360 361/361/361
f 363/363/363 359/359/359 344/344/344
f 349/349/349 363/363/363 344/344/344
f 364/364/364 359/359/359 363/363/363
f 364/364/364 361/361/361 359/359/359
f 365/365/365 363/363/363 349/349/349
f 365/365/365 364/364/364 363/363/363
f 364/364/364 366/366/366 361/361/361
f 366/366/366 364/364/364 365/365/365
f 367/367/367 365/365/365 349/349/349
f 367/367/367 349/349/349 354/354/354
f 358/358/358 362/362/362 368/368/368
f 369/369/369 358/358/358 368/368/368
f 352/352/352 358/358/358 369/369/369
f 370/370/370 362/362/362 361/361/361
f 368/368/368 362/362/362 371/371/371
f 362/362/362 370/370/370 371/371/371
f 370/370/370 361/361/361 372/372/372
f 371/371/371 370/370/370 373/373/373
f 370/370/370 372/372/372 373/373/373
f 374/374/374 373/373/373 372/372/372
f 375/375/375 371/371/371 373/373/373
f 368/368/368 371/371/371 375/375/375
f 361/361/361 376/376/376 372/372/372
f 366/366/366 376/376/376 361/361/361
f 373/373/373 374/374/374 377/377/377
f 377/377/377 375/375/375 373/373/373
f 378/378/378 368/368/368 375/375/375
f 369/369/369 368/368/368 379/379/379
f 368/368/368 378/378/378 379/379/379
f 380/380/380 379/379/379 378/378/378
f 378/378/378 375/375/375 381/381/381
f 381/381/381 375/375/375 377/377/377
f 382/382/382 380/380/380 378/378/378
f 382/382/382 378/378/378 381/381/381
f 372/372/372 376/376/376 383/383/383
f 376/376/376 366/366/366 384/384/384
f 383/383/383 376/376/376 384/384/384
f 385/385/385 372/372/372 383/383/383
f 385/385/385 374/374/374 372/372/372
f 386/386/386 385/385/385 383/383/383
f 383/383/383 384/384/384 386/386/386
f 385/385/385 386/386/386 374/374/374
f 384/384/384 366/366/366 387/387/387
f 384/384/384 387/387/387 386/386/386
f 386/386/386 388/388/388 374/374/374
f 387/387/387 389/389/389 386/386/386
f 388/388/388 390/390/390 374/374/374
f 366/366/366 391/391/391 387/387/387
f 391/391/391 366/366/366 365/365/365
f 387/387/387 392/392/392 389/389/389
f 392/392/392 387/387/387 391/391/391
f 392/392/392 393/393/393 389/389/389
f 393/393/393 392/392/392 394/394/394
f 391/391/391 365/365/365 395/395/395
f 395/395/395 392/392/392 391/391/391
f 365/365/365 367/367/367 395/395/395
f 392/392/392 396/396/396 394/394/394
f 392/392/392 395/395/395 396/396/396
f 394/394/394 396/396/396 397/397/397
f 390/390/390 398/398/398 374/374/374
f 374/374/374 398/398/398 377/377/377
f 395/395/395 367/367/367 399/399/399
f 395/395/395 399/399/399 396/396/396
f 396/396/396 400/400/400 397/397/397
f 396/396/396 399/399/399 400/400/400
f 397/397/397 400/400/400 401/401/401
f 400/400/400 402/402/402 401/401/401
f 402/402/402 400/400/400 403/403/403
f 399/399/399 403/403/403 400/400/400
f 404/404/404 402/402/402 403/403/403
f 367/367/367 405/405/405 399/399/399
f 399/399/399 405/405/405 403/403/403
f 405/405/405 367/367/367 354/354/354
f 403/403/403 406/406/406 404/404/404
f 405/405/405 406/406/406 403/403/403
f 406/406/406 407/407/407 404/404/404
f 407/407/407 406/406/406 408/408/408
f 405/405/405 354/354/354 409/409/409
f 406/406/406 405/405/405 409/409/409
f 406/406/406 409/409/409 408/408/408
f 409/409/409 354/354/354 336/336/336
f 409/409/409 336/336/336 408/408/408
f 336/336/336 410/410/410 408/408/408
f 413/413/413 412/412/412 411/411/411
f 412/412/412 414/414/414 411/411/411
f 411/411/411 414/414/414 415/415/415
f 412/412/412 416/416/416 414/414/414
f 414/414/414 417/417/417 415/415/415
f 416/416/416 418/418/418 414/414/414
f 414/414/414 418/418/418 417/417/417
f 416/416/416 330/330/330 418/418/418
f 418/418/418 419/419/419 417/417/417
f 330/330/330 420/420/420 418/418/418
f 419/419/419 418/418/418 420/420/420
f 420/420/420 330/330/330 331/331/331
f 421/421/421 419/419/419 420/420/420
f 420/420/420 331/331/331 421/421/421
f 331/331/331 422/422/422 421/421/421
f 331/331/331 325/325/325 422/422/422
f 422/422/422 423/423/423 421/421/421
f 423/423/423 424/424/424 421/421/421
f 325/325/325 425/425/425 422/422/422
f 425/425/425 423/423/423 422/422/422
f 325/325/325 322/322/322 425/425/425
f 423/423/423 426/426/426 424/424/424
f 426/426/426 427/427/427 424/424/424
f 425/425/425 428/428/428 423/423/423
f 428/428/428 426/426/426 423/423/423
f 322/322/322 429/429/429 425/425/425
f 429/429/429 428/428/428 425/425/425
f 429/429/429 322/322/322 314/314/314
f 426/426/426 428/428/428 430/430/430
f 431/431/431 426/426/426 430/430/430
f 432/432/432 429/429/429 314/314/314
f 312/312/312 432/432/432 314/314/314
f 429/429/429 433/433/433 428/428/428
f 433/433/433 429/429/429 432/432/432
f 433/433/433 430/430/430 428/428/428
f 430/430/430 434/434/434 431/431/431
f 434/434/434 435/435/435 431/431/431
f 436/436/436 433/433/433 432/432/432
f 432/432/432 312/312/312 436/436/436
f 430/430/430 433/433/433 437/437/437
f 434/434/434 430/430/430 437/437/437
f 433/433/433 436/436/436 437/437/437
f 435/435/435 434/434/434 438/438/438
f 434/434/434 437/437/437 438/438/438
f 380/380/380 435/435/435 438/438/438
f 380/380/380 439/439/439 435/435/435
f 439/439/439 380/380/380 440/440/440
f 441/441/441 439/439/439 440/440/440
f 442/442/442 441/441/441 440/440/440
f 442/442/442 440/440/440 443/443/443
f 380/380/380 382/382/382 440/440/440
f 440/440/440 382/382/382 444/444/444
f 440/440/440 444/444/444 443/443/443
f 382/382/382 381/381/381 444/444/444
f 438/438/438 445/445/445 380/380/380
f 445/445/445 379/379/379 380/380/380
f 437/437/437 446/446/446 438/438/438
f 438/438/438 446/446/446 445/445/445
f 443/443/443 444/444/444 447/447/447
f 448/448/448 443/443/443 447/447/447
f 444/444/444 381/381/381 449/449/449
f 447/447/447 444/444/444 449/449/449
f 449/449/449 381/381/381 377/377/377
f 449/449/449 377/377/377 398/398/398
f 450/450/450 449/449/449 398/398/398
f 447/447/447 449/449/449 450/450/450
f 450/450/450 398/398/398 390/390/390
f 451/451/451 450/450/450 390/390/390
f 447/447/447 452/452/452 448/448/448
f 452/452/452 447/447/447 450/450/450
f 452/452/452 450/450/450 451/451/451
f 452/452/452 453/453/453 448/448/448
f 454/454/454 452/452/452 451/451/451
f 453/453/453 452/452/452 454/454/454
f 455/455/455 453/453/453 454/454/454
f 458/458/458 457/457/457 456/456/456
f 457/457/457 459/459/459 456/456/456
f 456/456/456 459/459/459 460/460/460
f 461/461/461 459/459/459 457/457/457
f 462/462/462 461/461/461 457/457/457
f 463/463/463 461/461/461 462/462/462
f 464/464/464 463/463/463 462/462/462
f 459/459/459 465/465/465 460/460/460
f 460/460/460 465/465/465 466/466/466
f 461/461/461 467/467/467 459/459/459
f 461/461/461 463/463/463 467/467/467
f 467/467/467 465/465/465 459/459/459
f 467/467/467 468/468/468 465/465/465
f 463/463/463 468/468/468 467/467/467
f 465/465/465 469/469/469 466/466/466
f 468/468/468 469/469/469 465/465/465
f 466/466/466 469/469/469 470/470/470
f 469/469/469 471/471/471 470/470/470
f 469/469/469 468/468/468 471/471/471
f 470/470/470 471/471/471 472/472/472
f 471/471/471 473/473/473 472/472/472
f 472/472/472 473/473/473 474/474/474
f 463/463/463 464/464/464 475/475/475
f 464/464/464 476/476/476 475/475/475
f 477/477/477 475/475/475 476/476/476
f 478/478/478 477/477/477 476/476/476
f 477/477/477 479/479/479 475/475/475
f 479/479/479 480/480/480 475/475/475
f 475/475/475 480/480/480 463/463/463
f 479/479/479 481/481/481 480/480/480
f 480/480/480 482/482/482 463/463/463
f 468/468/468 463/463/463 482/482/482
f 481/481/481 483/483/483 480/480/480
f 480/480/480 483/483/483 482/482/482
f 481/481/481 484/484/484 483/483/483
f 468/468/468 482/482/482 485/485/485
f 483/483/483 485/485/485 482/482/482
f 484/484/484 486/486/486 483/483/483
f 483/483/483 486/486/486 485/485/485
f 484/484/484 487/487/487 486/486/486
f 488/488/488 468/468/468 485/485/485
f 468/468/468 488/488/488 471/471/471
f 471/471/471 488/488/488 473/473/473
f 486/486/486 489/489/489 485/485/485
f 485/485/485 489/489/489 488/488/488
f 487/487/487 490/490/490 486/486/486
f 489/489/489 486/486/486 490/490/490
f 487/487/487 491/491/491 490/490/490
f 488/488/488 492/492/492 473/473/473
f 489/489/489 493/493/493 488/488/488
f 492/492/492 488/488/488 493/493/493
f 473/473/473 492/492/492 494/494/494
f 473/473/473 494/494/494 474/474/474
f 474/474/474 494/494/494 495/495/495
f 496/496/496 489/489/489 490/490/490
f 491/491/491 497/497/497 490/490/490
f 490/490/490 497/497/497 496/496/496
f 498/498/498 493/493/493 489/489/489
f 496/496/496 498/498/498 489/489/489
f 499/499/499 492/492/492 493/493/493
f 499/499/499 493/493/493 498/498/498
f 492/492/492 500/500/500 494/494/494
f 492/492/492 499/499/499 500/500/500
f 494/494/494 501/501/501 495/495/495
f 494/494/494 500/500/500 501/501/501
f 502/502/502 497/497/497 491/491/491
f 503/503/503 502/502/502 491/491/491
f 503/503/503 504/504/504 502/502/502
f 497/497/497 505/505/505 496/496/496
f 496/496/496 505/505/505 498/498/498
f 497/497/497 502/502/502 505/505/505
f 501/501/501 506/506/506 495/495/495
f 506/506/506 507/507/507 495/495/495
f 507/507/507 506/506/506 508/508/508
f 500/500/500 509/509/509 501/501/501
f 506/506/506 501/501/501 509/509/509
f 504/504/504 510/510/510 502/502/502
f 504/504/504 511/511/511 510/510/510
f 502/502/502 512/512/512 505/505/505
f 502/502/502 510/510/510 512/512/512
f 505/505/505 513/513/513 498/498/498
f 513/513/513 505/505/505 512/512/512
f 506/506/506 514/514/514 508/508/508
f 508/508/508 514/514/514 515/515/515
f 511/511/511 516/516/516 510/510/510
f 511/511/511 517/517/517 516/516/516
f 517/517/517 518/518/518 516/516/516
f 510/510/510 516/516/516 519/519/519
f 510/510/510 519/519/519 512/512/512
f 516/516/516 518/518/518 520/520/520
f 516/516/516 520/520/520 519/519/519
f 518/518/518 521/521/521 520/520/520
f 519/519/519 522/522/522 512/512/512
f 520/520/520 522/522/522 519/519/519
f 520/520/520 521/521/521 523/523/523
f 520/520/520 523/523/523 522/522/522
f 521/521/521 524/524/524 523/523/523
f 514/514/514 506/506/506 525/525/525
f 525/525/525 506/506/506 509/509/509
f 522/522/522 526/526/526 512/512/512
f 526/526/526 513/513/513 512/512/512
f 523/523/523 524/524/524 527/527/527
f 524/524/524 528/528/528 527/527/527
f 527/527/527 528/528/528 529/529/529
f 530/530/530 527/527/527 529/529/529
f 531/531/531 527/527/527 530/530/530
f 527/527/527 531/531/531 523/523/523
f 532/532/532 531/531/531 530/530/530
f 523/523/523 533/533/533 522/522/522
f 531/531/531 533/533/533 523/523/523
f 534/534/534 531/531/531 532/532/532
f 531/531/531 534/534/534 533/533/533
f 534/534/534 522/522/522 533/533/533
f 526/526/526 522/522/522 534/534/534
f 535/535/535 534/534/534 532/532/532
f 536/536/536 534/534/534 535/535/535
f 536/536/536 526/526/526 534/534/534
f 515/515/515 536/536/536 535/535/535
f 514/514/514 536/536/536 515/515/515
f 536/536/536 514/514/514 537/537/537
f 526/526/526 536/536/536 537/537/537
f 537/537/537 514/514/514 525/525/525
f 537/537/537 538/538/538 526/526/526
f 538/538/538 537/537/537 525/525/525
f 538/538/538 513/513/513 526/526/526
f 539/539/539 538/538/538 525/525/525
f 539/539/539 525/525/525 509/509/509
f 513/513/513 538/538/538 540/540/540
f 540/540/540 538/538/538 539/539/539
f 498/498/498 513/513/513 540/540/540
f 540/540/540 499/499/499 498/498/498
f 541/541/541 540/540/540 539/539/539
f 541/541/541 539/539/539 509/509/509
f 499/499/499 540/540/540 541/541/541
f 542/542/542 541/541/541 509/509/509
f 542/542/542 499/499/499 541/541/541
f 500/500/500 542/542/542 509/509/509
f 499/499/499 542/542/542 500/500/500
f 545/545/545 544/544/544 543/543/543
f 544/544/544 546/546/546 543/543/543
f 543/543/543 546/546/546 547/547/547
f 546/546/546 544/544/544 548/548/548
f 544/544/544 549/549/549 548/548/548
f 548/548/548 549/549/549 550/550/550
f 549/549/549 551/551/551 550/550/550
f 546/546/546 552/552/552 547/547/547
f 547/547/547 552/552/552 553/553/553
f 548/548/548 554/554/554 546/546/546
f 554/554/554 548/548/548 550/550/550
f 554/554/554 552/552/552 546/546/546
f 552/552/552 555/555/555 553/553/553
f 553/553/553 555/555/555 556/556/556
f 554/554/554 557/557/557 552/552/552
f 557/557/557 555/555/555 552/552/552
f 557/557/557 554/554/554 550/550/550
f 555/555/555 558/558/558 556/556/556
f 555/555/555 557/557/557 558/558/558
f 557/557/557 559/559/559 558/558/558
f 556/556/556 558/558/558 560/560/560
f 558/558/558 561/561/561 560/560/560
f 561/561/561 558/558/558 559/559/559
f 560/560/560 561/561/561 562/562/562
f 563/563/563 557/557/557 550/550/550
f 559/559/559 557/557/557 563/563/563
f 561/561/561 564/564/564 562/562/562
f 565/565/565 561/561/561 559/559/559
f 564/564/564 561/561/561 565/565/565
f 562/562/562 564/564/564 566/566/566
f 567/567/567 562/562/562 566/566/566
f 567/567/567 566/566/566 568/568/568
f 569/569/569 564/564/564 565/565/565
f 566/566/566 564/564/564 569/569/569
f 566/566/566 570/570/570 568/568/568
f 568/568/568 570/570/570 571/571/571
f 572/572/572 566/566/566 569/569/569
f 566/566/566 572/572/572 570/570/570
f 570/570/570 573/573/573 571/571/571
f 571/571/571 573/573/573 574/574/574
f 572/572/572 575/575/575 570/570/570
f 570/570/570 575/575/575 573/573/573
f 572/572/572 569/569/569 576/576/576
f 572/572/572 576/576/576 575/575/575
f 573/573/573 577/577/577 574/574/574
f 574/574/574 577/577/577 578/578/578
f 575/575/575 579/579/579 573/573/573
f 573/573/573 579/579/579 577/577/577
f 579/579/579 580/580/580 577/577/577
f 577/577/577 581/581/581 578/578/578
f 577/577/577 580/580/580 581/581/581
f 578/578/578 581/581/581 582/582/582
f 575/575/575 583/583/583 579/579/579
f 576/576/576 583/583/583 575/575/575
f 583/583/583 584/584/584 579/579/579
f 580/580/580 579/579/579 584/584/584
f 585/585/585 584/584/584 583/583/583
f 576/576/576 585/585/585 583/583/583
f 569/569/569 586/586/586 576/576/576
f 569/569/569 565/565/565 586/586/586
f 586/586/586 587/587/587 576/576/576
f 565/565/565 587/587/587 586/586/586
f 587/587/587 585/585/585 576/576/576
f 588/588/588 584/584/584 585/585/585
f 588/588/588 580/580/580 584/584/584
f 589/589/589 587/587/587 565/565/565
f 559/559/559 589/589/589 565/565/565
f 585/585/585 587/587/587 590/590/590
f 590/590/590 588/588/588 585/585/585
f 587/587/587 589/589/589 590/590/590
f 590/590/590 589/589/589 591/591/591
f 588/588/588 590/590/590 591/591/591
f 592/592/592 589/589/589 559/559/559
f 589/589/589 592/592/592 591/591/591
f 593/593/593 592/592/592 559/559/559
f 593/593/593 559/559/559 563/563/563
f 592/592/592 593/593/593 594/594/594
f 593/593/593 563/563/563 595/595/595
f 593/593/593 595/595/595 594/594/594
f 563/563/563 596/596/596 595/595/595
f 563/563/563 550/550/550 596/596/596
f 591/591/591 592/592/592 597/597/597
f 592/592/592 594/594/594 597/597/597
f 595/595/595 596/596/596 598/598/598
f 594/594/594 595/595/595 598/598/598
f 599/599/599 594/594/594 598/598/598
f 594/594/594 599/599/599 600/600/600
f 597/597/597 594/594/594 600/600/600
f 596/596/596 601/601/601 598/598/598
f 597/597/597 600/600/600 602/602/602
f 550/550/550 603/603/603 596/596/596
f 596/596/596 603/603/603 601/601/601
f 550/550/550 551/551/551 603/603/603
f 603/603/603 604/604/604 601/601/601
f 551/551/551 605/605/605 603/603/603
f 603/603/603 605/605/605 604/604/604
f 605/605/605 606/606/606 604/604/604
f 607/607/607 597/597/597 602/602/602
f 607/607/607 602/602/602 608/608/608
f 597/597/597 607/607/607 591/591/591
f 609/609/609 607/607/607 608/608/608
f 609/609/609 608/608/608 610/610/610
f 607/607/607 611/611/611 591/591/591
f 611/611/611 607/607/607 609/609/609
f 611/611/611 588/588/588 591/591/591
f 588/588/588 611/611/611 612/612/612
f 612/612/612 611/611/611 609/609/609
f 580/580/580 588/588/588 612/612/612
f 613/613/613 609/609/609 610/610/610
f 612/612/612 609/609/609 613/613/613
f 613/613/613 610/610/610 614/614/614
f 612/612/612 615/615/615 580/580/580
f 615/615/615 612/612/612 613/613/613
f 616/616/616 613/613/613 614/614/614
f 615/615/615 613/613/613 616/616/616
f 616/616/616 614/614/614 617/617/617
f 618/618/618 616/616/616 617/617/617
f 616/616/616 618/618/618 619/619/619
f 619/619/619 615/615/615 616/616/616
f 618/618/618 620/620/620 619/619/619
f 615/615/615 621/621/621 580/580/580
f 615/615/615 619/619/619 621/621/621
f 580/580/580 621/621/621 581/581/581
f 622/622/622 619/619/619 620/620/620
f 621/621/621 619/619/619 622/622/622
f 623/623/623 622/622/622 620/620/620
f 581/581/581 621/621/621 624/624/624
f 624/624/624 621/621/621 622/622/622
f 625/625/625 581/581/581 624/624/624
f 625/625/625 624/624/624 622/622/622
f 581/581/581 625/625/625 582/582/582
f 582/582/582 625/625/625 626/626/626
f 627/627/627 622/622/622 623/623/623
f 627/627/627 625/625/625 622/622/622
f 625/625/625 627/627/627 626/626/626
f 628/628/628 627/627/627 623/623/623
f 626/626/626 627/627/627 629/629/629
f 627/627/627 628/628/628 629/629/629
f 632/632/632 631/631/631 630/630/630
f 633/633/633 632/632/632 630/630/630
f 630/630/630 634/634/634 633/633/633
f 635/635/635 632/632/632 633/633/633
f 634/634/634 636/636/636 633/633/633
f 636/636/636 634/634/634 637/637/637
f 638/638/638 635/635/635 633/633/633
f 633/633/633 636/636/636 638/638/638
f 639/639/639 635/635/635 638/638/638
f 640/640/640 636/636/636 637/637/637
f 637/637/637 641/641/641 640/640/640
f 642/642/642 639/639/639 638/638/638
f 643/643/643 639/639/639 642/642/642
f 644/644/644 643/643/643 642/642/642
f 636/636/636 645/645/645 638/638/638
f 638/638/638 645/645/645 642/642/642
f 645/645/645 636/636/636 640/640/640
f 642/642/642 646/646/646 644/644/644
f 645/645/645 646/646/646 642/642/642
f 646/646/646 647/647/647 644/644/644
f 641/641/641 648/648/648 640/640/640
f 648/648/648 641/641/641 649/649/649
f 650/650/650 648/648/648 649/649/649
f 648/648/648 650/650/650 651/651/651
f 652/652/652 645/645/645 640/640/640
f 646/646/646 645/645/645 652/652/652
f 652/652/652 640/640/640 648/648/648
f 647/647/647 646/646/646 653/653/653
f 653/653/653 646/646/646 652/652/652
f 654/654/654 647/647/647 653/653/653
f 653/653/653 655/655/655 654/654/654
f 655/655/655 656/656/656 654/654/654
f 657/657/657 656/656/656 655/655/655
f 658/658/658 648/648/648 651/651/651
f 658/658/658 652/652/652 648/648/648
f 652/652/652 658/658/658 653/653/653
f 658/658/658 655/655/655 653/653/653
f 658/658/658 651/651/651 659/659/659
f 655/655/655 658/658/658 659/659/659
f 655/655/655 659/659/659 660/660/660
f 661/661/661 657/657/657 655/655/655
f 661/661/661 655/655/655 660/660/660
f 660/660/660 662/662/662 661/661/661
f 663/663/663 657/657/657 661/661/661
f 662/662/662 664/664/664 661/661/661
f 664/664/664 663/663/663 661/661/661
f 662/662/662 665/665/665 664/664/664
f 663/663/663 664/664/664 666/666/666
f 667/667/667 663/663/663 666/666/666
f 665/665/665 668/668/668 664/664/664
f 665/665/665 669/669/669 668/668/668
f 666/666/666 670/670/670 667/667/667
f 670/670/670 671/671/671 667/667/667
f 666/666/666 664/664/664 672/672/672
f 664/664/664 668/668/668 672/672/672
f 670/670/670 673/673/673 671/671/671
f 673/673/673 674/674/674 671/671/671
f 675/675/675 670/670/670 666/666/666
f 672/672/672 675/675/675 666/666/666
f 673/673/673 676/676/676 674/674/674
f 676/676/676 677/677/677 674/674/674
f 678/678/678 673/673/673 670/670/670
f 673/673/673 678/678/678 676/676/676
f 675/675/675 678/678/678 670/670/670
f 678/678/678 679/679/679 676/676/676
f 680/680/680 679/679/679 678/678/678
f 681/681/681 680/680/680 678/678/678
f 681/681/681 678/678/678 675/675/675
f 682/682/682 680/680/680 681/681/681
f 683/683/683 682/682/682 681/681/681
f 684/684/684 681/681/681 675/675/675
f 683/683/683 681/681/681 684/684/684
f 684/684/684 675/675/675 672/672/672
f 685/685/685 683/683/683 684/684/684
f 686/686/686 684/684/684 672/672/672
f 685/685/685 684/684/684 686/686/686
f 686/686/686 672/672/672 668/668/668
f 687/687/687 685/685/685 686/686/686
f 688/688/688 686/686/686 668/668/668
f 686/686/686 688/688/688 687/687/687
f 669/669/669 688/688/688 668/668/668
f 688/688/688 689/689/689 687/687/687
f 689/689/689 688/688/688 669/669/669
f 690/690/690 689/689/689 669/669/669
f 693/693/693 692/692/692 691/691/691
f 694/694/694 693/693/693 691/691/691
f 691/691/691 695/695/695 694/694/694
f 693/693/693 694/694/694 696/696/696
f 695/695/695 697/697/697 694/694/694
f 697/697/697 695/695/695 698/698/698
f 694/694/694 699/699/699 696/696/696
f 700/700/700 696/696/696 699/699/699
f 701/701/701 697/697/697 698/698/698
f 698/698/698 702/702/702 701/701/701
f 694/694/694 697/697/697 703/703/703
f 699/699/699 694/694/694 703/703/703
f 697/697/697 701/701/701 703/703/703
f 704/704/704 700/700/700 699/699/699
f 705/705/705 700/700/700 704/704/704
f 704/704/704 699/699/699 706/706/706
f 699/699/699 703/703/703 706/706/706
f 707/707/707 705/705/705 704/704/704
f 704/704/704 706/706/706 707/707/707
f 708/708/708 705/705/705 707/707/707
f 709/709/709 708/708/708 707/707/707
f 710/710/710 708/708/708 709/709/709
f 711/711/711 710/710/710 709/709/709
f 707/707/707 712/712/712 709/709/709
f 706/706/706 712/712/712 707/707/707
f 709/709/709 713/713/713 711/711/711
f 712/712/712 713/713/713 709/709/709
f 713/713/713 714/714/714 711/711/711
f 714/714/714 713/713/713 715/715/715
f 713/713/713 712/712/712 716/716/716
f 713/713/713 716/716/716 715/715/715
f 712/712/712 706/706/706 717/717/717
f 712/712/712 717/717/717 716/716/716
f 706/706/706 703/703/703 718/718/718
f 706/706/706 718/718/718 717/717/717
f 716/716/716 719/719/719 715/715/715
f 719/719/719 720/720/720 715/715/715
f 716/716/716 717/717/717 721/721/721
f 719/719/719 716/716/716 721/721/721
f 720/720/720 719/719/719 722/722/722
f 723/723/723 720/720/720 722/722/722
f 722/722/722 719/719/719 724/724/724
f 719/719/719 721/721/721 724/724/724
f 724/724/724 721/721/721 725/725/725
f 726/726/726 721/721/721 717/717/717
f 721/721/721 726/726/726 725/725/725
f 718/718/718 726/726/726 717/717/717
f 725/725/725 726/726/726 727/727/727
f 726/726/726 728/728/728 727/727/727
f 726/726/726 718/718/718 728/728/728
f 727/727/727 728/728/728 729/729/729
f 718/718/718 730/730/730 728/728/728
f 703/703/703 730/730/730 718/718/718
f 701/701/701 730/730/730 703/703/703
f 730/730/730 701/701/701 731/731/731
f 728/728/728 730/730/730 731/731/731
f 702/702/702 731/731/731 701/701/701
f 728/728/728 732/732/732 729/729/729
f 728/728/728 731/731/731 732/732/732
f 729/729/729 732/732/732 733/733/733
f 732/732/732 734/734/734 733/733/733
f 733/733/733 734/734/734 735/735/735
f 736/736/736 731/731/731 702/702/702
f 731/731/731 736/736/736 732/732/732
f 732/732/732 736/736/736 734/734/734
f 737/737/737 736/736/736 702/702/702
f 738/738/738 736/736/736 737/737/737
f 736/736/736 738/738/738 734/734/734
f 739/739/739 738/738/738 737/737/737
f 738/738/738 739/739/739 740/740/740
f 741/741/741 738/738/738 740/740/740
f 738/738/738 741/741/741 734/734/734
f 740/740/740 742/742/742 741/741/741
f 734/734/734 743/743/743 735/735/735
f 735/735/735 743/743/743 744/744/744
f 742/742/742 745/745/745 741/741/741
f 742/742/742 746/746/746 745/745/745
f 741/741/741 747/747/747 734/734/734
f 734/734/734 747/747/747 743/743/743
f 747/747/747 741/741/741 745/745/745
f 743/743/743 748/748/748 744/744/744
f 744/744/744 748/748/748 749/749/749
f 746/746/746 750/750/750 745/745/745
f 746/746/746 751/751/751 750/750/750
f 751/751/751 752/752/752 750/750/750
f 745/745/745 750/750/750 753/753/753
f 753/753/753 747/747/747 745/745/745
f 754/754/754 750/750/750 752/752/752
f 750/750/750 754/754/754 753/753/753
f 755/755/755 754/754/754 752/752/752
f 754/754/754 755/755/755 756/756/756
f 747/747/747 757/757/757 743/743/743
f 748/748/748 743/743/743 757/757/757
f 747/747/747 753/753/753 758/758/758
f 753/753/753 754/754/754 758/758/758
f 757/757/757 747/747/747 758/758/758
f 759/759/759 754/754/754 756/756/756
f 754/754/754 759/759/759 758/758/758
f 759/759/759 756/756/756 760/760/760
f 757/757/757 758/758/758 761/761/761
f 758/758/758 759/759/759 761/761/761
f 762/762/762 748/748/748 757/757/757
f 762/762/762 757/757/757 761/761/761
f 763/763/763 759/759/759 760/760/760
f 759/759/759 763/763/763 761/761/761
f 763/763/763 760/760/760 764/764/764
f 760/760/760 765/765/765 764/764/764
f 761/761/761 763/763/763 766/766/766
f 762/762/762 761/761/761 766/766/766
f 763/763/763 764/764/764 766/766/766
f 764/764/764 765/765/765 767/767/767
f 765/765/765 768/768/768 767/767/767
f 764/764/764 767/767/767 769/769/769
f 766/766/766 764/764/764 769/769/769
f 770/770/770 766/766/766 769/769/769
f 770/770/770 762/762/762 766/766/766
f 771/771/771 770/770/770 769/769/769
f 771/771/771 772/772/772 770/770/770
f 748/748/748 762/762/762 773/773/773
f 762/762/762 770/770/770 773/773/773
f 772/772/772 773/773/773 770/770/770
f 748/748/748 773/773/773 749/749/749
f 773/773/773 772/772/772 774/774/774
f 749/749/749 773/773/773 774/774/774
f 777/777/777 776/776/776 775/775/775
f 776/776/776 778/778/778 775/775/775
f 778/778/778 776/776/776 779/779/779
f 778/778/778 779/779/779 780/780/780
f 780/780/780 781/781/781 778/778/778
f 781/781/781 782/782/782 778/778/778
f 778/778/778 782/782/782 783/783/783
f 778/778/778 783/783/783 784/784/784
f 784/784/784 785/785/785 778/778/778
f 785/785/785 786/786/786 778/778/778
f 786/786/786 787/787/787 778/778/778
f 787/787/787 788/788/788 778/778/778
f 775/775/775 778/778/778 788/788/788
f 789/789/789 775/775/775 788/788/788
f 792/792/792 791/791/791 790/790/790
f 790/790/790 791/791/791 793/793/793
f 793/793/793 791/791/791 794/794/794
f 791/791/791 795/795/795 794/794/794
f 794/794/794 795/795/795 796/796/796
f 795/795/795 797/797/797 796/796/796
f 794/794/794 798/798/798 793/793/793
f 794/794/794 796/796/796 798/798/798
f 799/799/799 796/796/796 797/797/797
f 800/800/800 799/799/799 797/797/797
f 796/796/796 799/799/799 801/801/801
f 798/798/798 796/796/796 801/801/801
f 799/799/799 800/800/800 802/802/802
f 801/801/801 799/799/799 802/802/802
f 800/800/800 803/803/803 802/802/802
f 804/804/804 802/802/802 803/803/803
f 804/804/804 801/801/801 802/802/802
f 805/805/805 804/804/804 803/803/803
f 804/804/804 805/805/805 806/806/806
f 805/805/805 807/807/807 806/806/806
f 806/806/806 808/808/808 804/804/804
f 808/808/808 806/806/806 807/807/807
f 808/808/808 801/801/801 804/804/804
f 809/809/809 808/808/808 807/807/807
f 801/801/801 808/808/808 810/810/810
f 808/808/808 809/809/809 810/810/810
f 798/798/798 801/801/801 810/810/810
f 809/809/809 811/811/811 810/810/810
f 798/798/798 810/810/810 812/812/812
f 798/798/798 812/812/812 793/793/793
f 810/810/810 811/811/811 813/813/813
f 810/810/810 813/813/813 812/812/812
f 811/811/811 814/814/814 813/813/813
f 813/813/813 814/814/814 815/815/815
f 815/815/815 812/812/812 813/813/813
f 814/814/814 816/816/816 815/815/815
f 793/793/793 812/812/812 817/817/817
f 812/812/812 815/815/815 817/817/817
f 815/815/815 816/816/816 817/817/817
f 817/817/817 790/790/790 793/793/793
f 816/816/816 790/790/790 817/817/817
f 790/790/790 816/816/816 818/818/818
f 816/816/816 819/819/819 818/818/818
f 446/446/446 437/437/437 820/820/820
f 436/436/436 820/820/820 437/437/437
f 820/820/820 436/436/436 821/821/821
f 436/436/436 312/312/312 821/821/821
f 822/822/822 446/446/446 820/820/820
f 822/822/822 820/820/820 821/821/821
f 821/821/821 312/312/312 823/823/823
f 823/823/823 822/822/822 821/821/821
f 312/312/312 355/355/355 823/823/823
f 446/446/446 822/822/822 824/824/824
f 446/446/446 824/824/824 445/445/445
f 825/825/825 822/822/822 823/823/823
f 822/822/822 825/825/825 824/824/824
f 823/823/823 355/355/355 826/826/826
f 826/826/826 825/825/825 823/823/823
f 355/355/355 352/352/352 826/826/826
f 826/826/826 352/352/352 825/825/825
f 445/445/445 824/824/824 827/827/827
f 824/824/824 825/825/825 827/827/827
f 379/379/379 445/445/445 827/827/827
f 369/369/369 379/379/379 827/827/827
f 352/352/352 369/369/369 828/828/828
f 352/352/352 828/828/828 825/825/825
f 825/825/825 828/828/828 827/827/827
f 369/369/369 827/827/827 828/828/828
f 831/831/831 830/830/830 829/829/829
f 829/829/829 832/832/832 831/831/831
f 830/830/830 833/833/833 829/829/829
f 834/834/834 832/832/832 829/829/829
f 829/829/829 833/833/833 835/835/835
f 836/836/836 834/834/834 829/829/829
f 835/835/835 837/837/837 829/829/829
f 829/829/829 838/838/838 836/836/836
f 837/837/837 839/839/839 829/829/829
f 838/838/838 829/829/829 840/840/840
f 839/839/839 841/841/841 829/829/829
f 829/829/829 842/842/842 840/840/840
f 829/829/829 841/841/841 843/843/843
f 842/842/842 829/829/829 843/843/843
