g MicrowaveGunCharged
v -4.97818E-08 0.0359426923 -0.0627036914
v 8.29696631E-08 0.0359426923 -0.0969280824
v -0.00798592996 0.0392505601 -0.0969280824
v -0.00798592996 0.0392505601 -0.0627036914
v -0.0112938145 0.0472364649 -0.0969280824
v -0.0112938145 0.0472364649 -0.0627036914
v -0.00798578095 0.0552223697 -0.0969280824
v -0.00798592996 0.0552223697 -0.0627036914
v -2.1572113E-07 0.0585302375 -0.0969280824
v -4.97818E-08 0.0585302375 -0.0627036914
v 0.00798583031 0.0552223697 -0.0969280824
v 0.00798583031 0.0552223697 -0.0627036914
v 0.0112937149 0.0472364649 -0.0969280824
v 0.0112937149 0.0472364649 -0.0627036914
v 0.0079856813 0.0392505601 -0.0969280824
v 0.00798583031 0.0392505601 -0.0627036914
v 8.29696631E-08 0.0359426923 -0.0969280824
v -4.97818E-08 0.0359426923 -0.0627036914
v -0.00395141356 0.0170302782 0.0588030592
v -0.00395141356 0.0229678582 0.0588030592
v 0.00395140564 0.0229678582 0.0588030592
v 0.00395140564 0.0170302782 0.0588030592
v -0.00395141356 0.0229678582 0.0438252427
v -0.00395141356 0.0170302782 0.0438251086
v 0.00395140564 0.0170302782 0.0438251086
v 0.00395140564 0.0229678582 0.0438252427
v 0.00395140564 0.0170302782 0.0588030592
v 0.00395140564 0.0229678582 0.0588030592
v 0.00395140564 0.0229678582 0.0438252427
v 0.00395140564 0.0170302782 0.0438251086
v -0.00395141356 0.0170302782 0.0438251086
v -0.00395141356 0.0229678582 0.0438252427
v -0.00395141356 0.0229678582 0.0588030592
v -0.00395141356 0.0170302782 0.0588030592
v -0.0113960002 -0.109103657 0.133684173
v -0.0113960002 0.0182585027 0.0758660063
v 0.0113960002 0.0182585027 0.0758660063
v 0.0113960002 -0.109103657 0.133684173
v -0.0113960002 0.0182585027 0.0758660063
v -0.0113960002 0.0182585027 0.0251526851
v 0.0113960002 0.0182585027 0.0251526851
v 0.0113960002 0.0182585027 0.0758660063
v -0.0113960002 0.0182585027 0.0251526851
v -0.0113960002 -0.125016913 0.0808492303
v 0.0113960002 -0.125016913 0.0808492303
v 0.0113960002 0.0182585027 0.0251526851
v -0.0113960002 -0.125016913 0.0808492303
v -0.0113960002 -0.109103657 0.133684173
v 0.0113960002 -0.109103657 0.133684173
v 0.0113960002 -0.125016913 0.0808492303
v 0.0113960002 -0.109103657 0.133684173
v 0.0113960002 0.0182585027 0.0758660063
v 0.0113960002 0.0182585027 0.0251526851
v 0.0113960002 -0.125016913 0.0808492303
v -0.0113960002 -0.125016913 0.0808492303
v -0.0113960002 0.0182585027 0.0251526851
v -0.0113960002 0.0182585027 0.0758660063
v -0.0113960002 -0.109103657 0.133684173
v 0.0541493967 -0.0209321771 -0.133684173
v 0.0541493967 -0.0209321771 -0.0952199697
v 0.0729676187 -0.0209321771 -0.0952199697
v 0.0729676187 -0.0209321771 -0.133684173
v 0.0729676187 -1.11635691E-05 -0.0952199697
v 0.0729676187 -1.11635691E-05 -0.133684173
v 0.0729676187 -0.0209321771 -0.133684173
v 0.0729676187 -0.0209321771 -0.0952199697
v 0.0541493967 -0.0185372904 -0.133684173
v 0.0705796555 -0.0185372904 -0.133684173
v 0.0705796555 -0.0185372904 -0.0952199697
v 0.0541493967 -0.0185372904 -0.0952199697
v 0.0705796555 -1.11635691E-05 -0.0952199697
v 0.0705796555 -0.0185372904 -0.0952199697
v 0.0705796555 -0.0185372904 -0.133684173
v 0.0705796555 -1.11635691E-05 -0.133684173
v 0.0541493967 -0.0185372904 -0.133684173
v 0.0541493967 -0.0185372904 -0.0952199697
v 0.0541493967 -0.0209321771 -0.0952199697
v 0.0541493967 -0.0209321771 -0.133684173
v 0.0541493967 -0.0185372904 -0.0952199697
v 0.0705796555 -0.0185372904 -0.0952199697
v 0.0729676187 -0.0209321771 -0.0952199697
v 0.0541493967 -0.0209321771 -0.0952199697
v 0.0705796555 -0.0185372904 -0.133684173
v 0.0541493967 -0.0185372904 -0.133684173
v 0.0541493967 -0.0209321771 -0.133684173
v 0.0729676187 -0.0209321771 -0.133684173
v 0.0705796555 -1.11635691E-05 -0.0952199697
v 0.0705796555 -1.11635691E-05 -0.133684173
v 0.0729676187 -1.11635691E-05 -0.133684173
v 0.0729676187 -1.11635691E-05 -0.0952199697
v 0.0705796555 -1.11635691E-05 -0.133684173
v 0.0705796555 -0.0185372904 -0.133684173
v 0.0729676187 -0.0209321771 -0.133684173
v 0.0729676187 -1.11635691E-05 -0.133684173
v 0.0705796555 -0.0185372904 -0.0952199697
v 0.0705796555 -1.11635691E-05 -0.0952199697
v 0.0729676187 -1.11635691E-05 -0.0952199697
v 0.0729676187 -0.0209321771 -0.0952199697
v -0.0541494228 0.125016913 -0.133684173
v -0.0541494228 0.125016913 -0.0952199697
v -0.0729676262 0.125016913 -0.0952199697
v -0.0729676262 0.125016913 -0.133684173
v -0.0729676262 0.104095899 -0.0952199697
v -0.0729676262 0.104095899 -0.133684173
v -0.0729676262 0.125016913 -0.133684173
v -0.0729676262 0.125016913 -0.0952199697
v -0.0541494228 0.122622021 -0.133684173
v -0.0705796704 0.122622021 -0.133684173
v -0.0705796704 0.122622021 -0.0952199697
v -0.0541494228 0.122622021 -0.0952199697
v -0.0705796704 0.104095899 -0.0952199697
v -0.0705796704 0.122622021 -0.0952199697
v -0.0705796704 0.122622021 -0.133684173
v -0.0705796704 0.104095899 -0.133684173
v -0.0541494228 0.122622021 -0.133684173
v -0.0541494228 0.122622021 -0.0952199697
v -0.0541494228 0.125016913 -0.0952199697
v -0.0541494228 0.125016913 -0.133684173
v -0.0541494228 0.122622021 -0.0952199697
v -0.0705796704 0.122622021 -0.0952199697
v -0.0729676262 0.125016913 -0.0952199697
v -0.0541494228 0.125016913 -0.0952199697
v -0.0705796704 0.122622021 -0.133684173
v -0.0541494228 0.122622021 -0.133684173
v -0.0541494228 0.125016913 -0.133684173
v -0.0729676262 0.125016913 -0.133684173
v -0.0705796704 0.104095899 -0.0952199697
v -0.0705796704 0.104095899 -0.133684173
v -0.0729676262 0.104095899 -0.133684173
v -0.0729676262 0.104095899 -0.0952199697
v -0.0705796704 0.104095899 -0.133684173
v -0.0705796704 0.122622021 -0.133684173
v -0.0729676262 0.125016913 -0.133684173
v -0.0729676262 0.104095899 -0.133684173
v -0.0705796704 0.122622021 -0.0952199697
v -0.0705796704 0.104095899 -0.0952199697
v -0.0729676262 0.104095899 -0.0952199697
v -0.0729676262 0.125016913 -0.0952199697
v -0.0541494228 -0.0209321771 -0.133684173
v -0.0729676262 -0.0209321771 -0.133684173
v -0.0729676262 -0.0209321771 -0.0952199697
v -0.0541494228 -0.0209321771 -0.0952199697
v -0.0729676262 -1.11635691E-05 -0.0952199697
v -0.0729676262 -0.0209321771 -0.0952199697
v -0.0729676262 -0.0209321771 -0.133684173
v -0.0729676262 -1.11635691E-05 -0.133684173
v -0.0541494228 -0.0185372904 -0.133684173
v -0.0541494228 -0.0185372904 -0.0952199697
v -0.0705796704 -0.0185372904 -0.0952199697
v -0.0705796704 -0.0185372904 -0.133684173
v -0.0705796704 -1.11635691E-05 -0.0952199697
v -0.0705796704 -1.11635691E-05 -0.133684173
v -0.0705796704 -0.0185372904 -0.133684173
v -0.0705796704 -0.0185372904 -0.0952199697
v -0.0541494228 -0.0185372904 -0.133684173
v -0.0541494228 -0.0209321771 -0.133684173
v -0.0541494228 -0.0209321771 -0.0952199697
v -0.0541494228 -0.0185372904 -0.0952199697
v -0.0541494228 -0.0185372904 -0.0952199697
v -0.0541494228 -0.0209321771 -0.0952199697
v -0.0729676262 -0.0209321771 -0.0952199697
v -0.0705796704 -0.0185372904 -0.0952199697
v -0.0705796704 -0.0185372904 -0.133684173
v -0.0729676262 -0.0209321771 -0.133684173
v -0.0541494228 -0.0209321771 -0.133684173
v -0.0541494228 -0.0185372904 -0.133684173
v -0.0705796704 -1.11635691E-05 -0.0952199697
v -0.0729676262 -1.11635691E-05 -0.0952199697
v -0.0729676262 -1.11635691E-05 -0.133684173
v -0.0705796704 -1.11635691E-05 -0.133684173
v -0.0705796704 -1.11635691E-05 -0.133684173
v -0.0729676262 -1.11635691E-05 -0.133684173
v -0.0729676262 -0.0209321771 -0.133684173
v -0.0705796704 -0.0185372904 -0.133684173
v -0.0705796704 -0.0185372904 -0.0952199697
v -0.0729676262 -0.0209321771 -0.0952199697
v -0.0729676262 -1.11635691E-05 -0.0952199697
v -0.0705796704 -1.11635691E-05 -0.0952199697
v -0.0705796704 0.122622021 -0.0955420285
v -0.0705796704 0.122622021 -0.127662569
v 0.0705796555 0.122622021 -0.127662569
v 0.0705796555 0.122622021 -0.0955420285
v -0.042150069 0.0939406902 -0.0639575347
v -0.042150069 0.0101440456 -0.0639575347
v 0.0421500504 0.0101440456 -0.0639575347
v 0.0421500504 0.0939406902 -0.0639575347
v -0.0705796704 -0.0185372904 -0.127662569
v -0.0705796704 -0.0185372904 -0.0955420285
v 0.0705796555 -0.0185372904 -0.0955420285
v 0.0705796555 -0.0185372904 -0.127662569
v 0.0705796555 -0.0185372904 -0.0955420285
v 0.0705796555 0.122622021 -0.0955420285
v 0.0705796555 0.122622021 -0.127662569
v 0.0705796555 -0.0185372904 -0.127662569
v -0.0705796704 -0.0185372904 -0.127662569
v -0.0705796704 0.122622021 -0.127662569
v -0.0705796704 0.122622021 -0.0955420285
v -0.0705796704 -0.0185372904 -0.0955420285
v -0.0705796704 -0.0185372904 -0.0955420285
v -0.0354673602 0.0137221254 -0.0520181321
v 0.0354673415 0.0137221254 -0.0520181321
v 0.0705796555 -0.0185372904 -0.0955420285
v 0.0705796555 -0.0185372904 -0.0955420285
v 0.0354673415 0.0137221254 -0.0520181321
v 0.0354673415 0.0949885026 -0.0520181321
v 0.0705796555 0.122622021 -0.0955420285
v 0.0705796555 0.122622021 -0.0955420285
v 0.0354673415 0.0949885026 -0.0520181321
v -0.0354673602 0.0949885026 -0.0520181321
v -0.0705796704 0.122622021 -0.0955420285
v -0.0705796704 0.122622021 -0.0955420285
v -0.0354673602 0.0949885026 -0.0520181321
v -0.0354673602 0.0137221254 -0.0520181321
v -0.0705796704 -0.0185372904 -0.0955420285
v -0.0705796704 0.122622021 -0.127662569
v -0.0670506731 0.119093031 -0.127662569
v 0.0670506656 0.119093031 -0.127662569
v 0.0705796555 0.122622021 -0.127662569
v 0.0705796555 0.122622021 -0.127662569
v 0.0670506656 0.119093031 -0.127662569
v 0.0670506656 -0.0150083043 -0.127662569
v 0.0705796555 -0.0185372904 -0.127662569
v 0.0705796555 -0.0185372904 -0.127662569
v 0.0670506656 -0.0150083043 -0.127662569
v -0.0670506731 -0.0150083043 -0.127662569
v -0.0705796704 -0.0185372904 -0.127662569
v -0.0705796704 -0.0185372904 -0.127662569
v -0.0670506731 -0.0150083043 -0.127662569
v -0.0670506731 0.119093031 -0.127662569
v -0.0705796704 0.122622021 -0.127662569
v -0.0670506731 0.119093031 -0.127662569
v -0.0670506731 0.119093031 -0.0955420285
v 0.0670506656 0.119093031 -0.0955420285
v 0.0670506656 0.119093031 -0.127662569
v 0.0670506656 0.119093031 -0.127662569
v 0.0670506656 0.119093031 -0.0955420285
v 0.0670506656 -0.0150083043 -0.0955420285
v 0.0670506656 -0.0150083043 -0.127662569
v 0.0670506656 -0.0150083043 -0.127662569
v 0.0670506656 -0.0150083043 -0.0955420285
v -0.0670506731 -0.0150083043 -0.0955420285
v -0.0670506731 -0.0150083043 -0.127662569
v -0.0670506731 -0.0150083043 -0.127662569
v -0.0670506731 -0.0150083043 -0.0955420285
v -0.0670506731 0.119093031 -0.0955420285
v -0.0670506731 0.119093031 -0.127662569
v -0.0670506731 0.119093031 -0.0955420285
v -0.042150069 0.0939406902 -0.0639575347
v 0.0421500504 0.0939406902 -0.0639575347
v 0.0670506656 0.119093031 -0.0955420285
v 0.0670506656 0.119093031 -0.0955420285
v 0.0421500504 0.0939406902 -0.0639575347
v 0.0421500504 0.0101440456 -0.0639575347
v 0.0670506656 -0.0150083043 -0.0955420285
v 0.0670506656 -0.0150083043 -0.0955420285
v 0.0421500504 0.0101440456 -0.0639575347
v -0.042150069 0.0101440456 -0.0639575347
v -0.0670506731 -0.0150083043 -0.0955420285
v -0.0670506731 -0.0150083043 -0.0955420285
v -0.042150069 0.0101440456 -0.0639575347
v -0.042150069 0.0939406902 -0.0639575347
v -0.0670506731 0.119093031 -0.0955420285
v 0.0541493967 0.125016913 -0.133684173
v 0.0729676187 0.125016913 -0.133684173
v 0.0729676187 0.125016913 -0.0952199697
v 0.0541493967 0.125016913 -0.0952199697
v 0.0729676187 0.104095899 -0.0952199697
v 0.0729676187 0.125016913 -0.0952199697
v 0.0729676187 0.125016913 -0.133684173
v 0.0729676187 0.104095899 -0.133684173
v 0.0541493967 0.122622021 -0.133684173
v 0.0541493967 0.122622021 -0.0952199697
v 0.0705796555 0.122622021 -0.0952199697
v 0.0705796555 0.122622021 -0.133684173
v 0.0705796555 0.104095899 -0.0952199697
v 0.0705796555 0.104095899 -0.133684173
v 0.0705796555 0.122622021 -0.133684173
v 0.0705796555 0.122622021 -0.0952199697
v 0.0541493967 0.122622021 -0.133684173
v 0.0541493967 0.125016913 -0.133684173
v 0.0541493967 0.125016913 -0.0952199697
v 0.0541493967 0.122622021 -0.0952199697
v 0.0541493967 0.122622021 -0.0952199697
v 0.0541493967 0.125016913 -0.0952199697
v 0.0729676187 0.125016913 -0.0952199697
v 0.0705796555 0.122622021 -0.0952199697
v 0.0705796555 0.122622021 -0.133684173
v 0.0729676187 0.125016913 -0.133684173
v 0.0541493967 0.125016913 -0.133684173
v 0.0541493967 0.122622021 -0.133684173
v 0.0705796555 0.104095899 -0.0952199697
v 0.0729676187 0.104095899 -0.0952199697
v 0.0729676187 0.104095899 -0.133684173
v 0.0705796555 0.104095899 -0.133684173
v 0.0705796555 0.104095899 -0.133684173
v 0.0729676187 0.104095899 -0.133684173
v 0.0729676187 0.125016913 -0.133684173
v 0.0705796555 0.122622021 -0.133684173
v 0.0705796555 0.122622021 -0.0952199697
v 0.0729676187 0.125016913 -0.0952199697
v 0.0729676187 0.104095899 -0.0952199697
v 0.0705796555 0.104095899 -0.0952199697
v -0.0375179872 0.106681451 -0.0528648198
v 0.0375179723 0.0174743459 -0.0528648198
v 0.0375179723 0.106681451 -0.0528648198
v -0.0375179872 0.0174743459 -0.0528648198
v -0.0375179872 0.00052902702 -0.0528648198
v 0.0375179723 0.00052902702 -0.0528648198
v 0.0375179723 0.106681451 -0.0108973021
v -0.0375179872 0.106681451 -0.0528648198
v 0.0375179723 0.106681451 -0.0528648198
v -0.0375179872 0.106681451 -0.0108973021
v 0.0375179723 0.106681451 0.0198524501
v -0.0375179872 0.106681451 0.0198524501
v 0.0375179723 0.017474344 0.0198524501
v -0.0375179872 0.017474344 0.0198524501
v -0.0375179872 0.106681451 0.0198524501
v 0.0375179723 0.106681451 0.0198524501
v 0.0375179723 0.00052902702 -0.0528648198
v -0.0375179872 0.00052902702 -0.0528648198
v -0.0375179872 0.00052902702 -0.0108973021
v 0.0375179723 0.00052902702 -0.0108973021
v 0.0375179723 0.100512832 -0.0108973021
v 0.0375179723 0.0219954811 -0.0108973021
v -0.0375179872 0.0219954811 -0.0108973021
v -0.0375179872 0.100512832 -0.0108973021
v -0.0375179872 0.100512832 -0.0108973021
v -0.0375179872 0.100512832 0.0156601593
v 0.0375179723 0.100512832 0.0156601593
v 0.0375179723 0.100512832 -0.0108973021
v 0.0375179723 0.0174743459 -0.0108973021
v -0.0375179872 0.0174743459 -0.0108973021
v -0.0375179872 0.017474344 0.0198524501
v 0.0375179723 0.017474344 0.0198524501
v -0.0375179872 0.100512832 0.0156601593
v -0.0375179872 0.0219954792 0.0156601593
v 0.0375179723 0.0219954792 0.0156601593
v 0.0375179723 0.100512832 0.0156601593
v -0.0375179872 0.00052902702 -0.0528648198
v -0.0375179872 0.0174743459 -0.0108973021
v -0.0375179872 0.00052902702 -0.0108973021
v -0.0375179872 0.0174743459 -0.0528648198
v -0.0375179872 0.0219954811 -0.0108973021
v -0.0375179872 0.106681451 -0.0528648198
v -0.0375179872 0.017474344 0.0198524501
v -0.0375179872 0.100512832 -0.0108973021
v -0.0375179872 0.0219954792 0.0156601593
v -0.0375179872 0.106681451 -0.0108973021
v -0.0375179872 0.106681451 0.0198524501
v -0.0375179872 0.100512832 0.0156601593
v 0.0375179723 0.00052902702 -0.0108973021
v -0.0375179872 0.00052902702 -0.0108973021
v -0.0375179872 0.0174743459 -0.0108973021
v 0.0375179723 0.0174743459 -0.0108973021
v 0.0375179723 0.00052902702 -0.0108973021
v 0.0375179723 0.0174743459 -0.0528648198
v 0.0375179723 0.00052902702 -0.0528648198
v 0.0375179723 0.0174743459 -0.0108973021
v 0.0375179723 0.0219954811 -0.0108973021
v 0.0375179723 0.017474344 0.0198524501
v 0.0375179723 0.106681451 -0.0528648198
v 0.0375179723 0.0219954792 0.0156601593
v 0.0375179723 0.100512832 -0.0108973021
v 0.0375179723 0.106681451 0.0198524501
v 0.0375179723 0.106681451 -0.0108973021
v 0.0375179723 0.100512832 0.0156601593
v 0.0375179723 0.0219954792 0.0156601593
v -0.0375179872 0.0219954792 0.0156601593
v -0.0375179872 0.0219954811 -0.0108973021
v 0.0375179723 0.0219954811 -0.0108973021
v -0.00656099245 0.00847204123 0.031512145
v -0.00656099245 0.00847204123 0.0236146282
v 0.00656100875 0.00847204123 0.0236146282
v 0.00656100875 0.00847204123 0.031512145
v -0.00656099245 0.00847204123 0.0236146282
v -0.00656099245 -0.00958484225 0.0306666512
v 0.00656100875 -0.00958484225 0.0306666512
v 0.00656100875 0.00847204123 0.0236146282
v -0.00656099245 -0.0276417341 0.027932236
v -0.00656099245 -0.0293440726 0.0448018946
v 0.00656100875 -0.0293440726 0.0448018946
v 0.00656100875 -0.0276417341 0.027932236
v 0.00656100875 -0.0104360115 0.0381570198
v 0.00656100875 0.00847204123 0.031512145
v 0.00656100875 0.00847204123 0.0236146282
v 0.00656100875 -0.00958484225 0.0306666512
v 0.00656100875 -0.0293440726 0.0448018946
v 0.00656100875 -0.0276417341 0.027932236
v -0.00656099245 -0.00958484225 0.0306666512
v -0.00656099245 0.00847204123 0.0236146282
v -0.00656099245 0.00847204123 0.031512145
v -0.00656099245 -0.0104360115 0.0381570198
v -0.00656099245 -0.0276417341 0.027932236
v -0.00656099245 -0.0293440726 0.0448018946
v -0.00656099245 -0.00958484225 0.0306666512
v -0.00656099245 -0.0276417341 0.027932236
v 0.00656100875 -0.0276417341 0.027932236
v 0.00656100875 -0.00958484225 0.0306666512
v -0.00656099245 -0.0344172046 0.00649778591
v 0.00656100875 -0.0344172046 0.00649778591
v 0.00656100875 -0.0355869755 0.0464211963
v -0.00656099245 -0.035586983 0.0464214608
v -0.00656099245 0.017274024 -7.97836328E-05
v 0.00656100875 0.017274024 -7.97836328E-05
v 0.00656100875 -0.0344172046 0.00649778591
v -0.00656099245 -0.0344172046 0.00649778591
v -0.00656099245 -0.0386514924 0.0026514451
v -0.00656099245 -0.0398645103 0.042274572
v 0.00656100875 -0.0398645103 0.042274572
v 0.00656100875 -0.0386514924 0.0026514451
v -0.00656099245 0.012924023 -0.00391125632
v -0.00656099245 -0.0386514924 0.0026514451
v 0.00656100875 -0.0386514924 0.0026514451
v 0.00656100875 0.012924023 -0.00391125632
v 0.00656100875 0.012924023 -0.00391125632
v 0.00656100875 0.012924023 -0.00709171593
v -0.00656099245 0.012924023 -0.00709171593
v -0.00656099245 0.012924023 -0.00391125632
v -0.00656099245 -0.0398645103 0.042274572
v -0.00656099245 -0.0479383208 0.0474125855
v 0.00656100875 -0.0479383208 0.0474125855
v 0.00656100875 -0.0398645103 0.042274572
v -0.00656099245 0.012924023 -0.00391125632
v -0.00656099245 0.012924023 -0.00709171593
v -0.00656099245 0.017274024 -0.00880421046
v -0.00656099245 0.017274024 -7.97836328E-05
v -0.00656099245 -0.0386514924 0.0026514451
v -0.00656099245 -0.0344172046 0.00649778591
v -0.00656099245 -0.0398645103 0.042274572
v -0.00656099245 -0.035586983 0.0464214608
v -0.00656099245 -0.0479383208 0.0474125855
v -0.00656099245 -0.0482941456 0.0525503308
v -0.00656099245 0.012924023 -0.00709171593
v 0.00656100875 0.012924023 -0.00709171593
v 0.00656100875 0.017274024 -0.00880421046
v -0.00656099245 0.017274024 -0.00880421046
v 0.00656100875 0.012924023 -0.00709171593
v 0.00656100875 0.017274024 -7.97836328E-05
v 0.00656100875 0.017274024 -0.00880421046
v 0.00656100875 0.012924023 -0.00391125632
v 0.00656100875 -0.0344172046 0.00649778591
v 0.00656100875 -0.0386514924 0.0026514451
v 0.00656100875 -0.0355869755 0.0464211963
v 0.00656100875 -0.0398645103 0.042274572
v 0.00656100875 -0.0482941456 0.0525503308
v 0.00656100875 -0.0479383208 0.0474125855
v 0.00656100875 -0.0479383208 0.0474125855
v -0.00656099245 -0.0479383208 0.0474125855
v -0.00656099245 -0.0482941456 0.0525503308
v 0.00656100875 -0.0482941456 0.0525503308
v 0.0278862044 0.0110430839 -0.0391801335
v 0.0242732912 0.00769263646 -0.0358058587
v 0.0361055695 -0.0211035758 -0.058245901
v 0.0397182032 -0.017753277 -0.061619781
v 0.0327278823 0.00869004801 -0.0363323502
v 0.0445598811 -0.0201063138 -0.058771994
v 0.0409472398 -0.0234566033 -0.0553981178
v 0.0291149691 0.00533960434 -0.0329582058
v 0.0382284299 -0.0232785586 -0.0571404807
v 0.0361055695 -0.0211035758 -0.058245901
v 0.0242732912 0.00769263646 -0.0358058587
v 0.0263137557 0.00688543683 -0.0334301367
v 0.0425194241 -0.0192991104 -0.0611477159
v 0.0397182032 -0.017753277 -0.061619781
v 0.0361055695 -0.0211035758 -0.058245901
v 0.0382284299 -0.0232785586 -0.0571404807
v 0.0306050796 0.0108650019 -0.0374379046
v 0.0278862044 0.0110430839 -0.0391801335
v 0.0397182032 -0.017753277 -0.061619781
v 0.0425194241 -0.0192991104 -0.0611477159
v 0.0445598811 -0.0201063138 -0.058771994
v 0.0327278823 0.00869004801 -0.0363323502
v 0.0306050796 0.0108650019 -0.0374379046
v 0.0425194241 -0.0192991104 -0.0611477159
v 0.0409472398 -0.0234566033 -0.0553981178
v 0.0445598811 -0.0201063138 -0.058771994
v 0.0425194241 -0.0192991104 -0.0611477159
v 0.0382284299 -0.0232785586 -0.0571404807
v 0.0291149691 0.00533960434 -0.0329582058
v 0.0409472398 -0.0234566033 -0.0553981178
v 0.0382284299 -0.0232785586 -0.0571404807
v 0.0263137557 0.00688543683 -0.0334301367
v 0.0323364474 -0.0171373226 -0.0515776612
v 0.0673432276 0.00761913788 -0.0802487954
v 0.0691777468 0.00285672862 -0.0833490714
v 0.0320767462 -0.0224301033 -0.0543310605
v 0.0276244842 -0.0159230325 -0.0534675121
v 0.0273647569 -0.0212158337 -0.0562207773
v 0.0649810359 0.00324505148 -0.086428903
v 0.0631464645 0.00800747331 -0.0833284929
v 0.0297819115 -0.0163452271 -0.0519086123
v 0.0323364474 -0.0171373226 -0.0515776612
v 0.0320767462 -0.0224301033 -0.0543310605
v 0.02948411 -0.0224146787 -0.055066105
v 0.02948411 -0.0224146787 -0.055066105
v 0.0320767462 -0.0224301033 -0.0543310605
v 0.0691777468 0.00285672862 -0.0833490714
v 0.0674727634 0.00300589553 -0.0854307488
v 0.0674727634 0.00300589553 -0.0854307488
v 0.0691777468 0.00285672862 -0.0833490714
v 0.0673432276 0.00761913788 -0.0802487954
v 0.065369159 0.00846688449 -0.0818756595
v 0.065369159 0.00846688449 -0.0818756595
v 0.0673432276 0.00761913788 -0.0802487954
v 0.0323364474 -0.0171373226 -0.0515776612
v 0.0297819115 -0.0163452271 -0.0519086123
v 0.0276244842 -0.0159230325 -0.0534675121
v 0.0297819115 -0.0163452271 -0.0519086123
v 0.02948411 -0.0224146787 -0.055066105
v 0.0273647569 -0.0212158337 -0.0562207773
v 0.0649810359 0.00324505148 -0.086428903
v 0.0674727634 0.00300589553 -0.0854307488
v 0.065369159 0.00846688449 -0.0818756595
v 0.0631464645 0.00800747331 -0.0833284929
v 0.0631464645 0.00800747331 -0.0833284929
v 0.065369159 0.00846688449 -0.0818756595
v 0.0297819115 -0.0163452271 -0.0519086123
v 0.0276244842 -0.0159230325 -0.0534675121
v 0.0649810359 0.00324505148 -0.086428903
v 0.0273647569 -0.0212158337 -0.0562207773
v 0.02948411 -0.0224146787 -0.055066105
v 0.0674727634 0.00300589553 -0.0854307488
v 0.0188180767 0.0888537765 0.032719519
v -0.0188181009 0.0888537765 0.032719519
v -0.0188181009 0.0839338154 0.032719519
v 0.0188180767 0.0839338154 0.032719519
v -0.0188181009 0.0839338154 0.032719519
v -0.0188181009 0.0888537765 0.032719519
v -0.0188181009 0.0888537765 0.0576282069
v -0.0188181009 0.0839338154 0.0576282069
v -0.0188181009 0.0839338154 0.0576282069
v -0.0188181009 0.0888537765 0.0576282069
v 0.0188180767 0.0888537765 0.0576282069
v 0.0188180767 0.0839338154 0.0576282069
v 0.0188180767 0.0839338154 0.0576282069
v 0.0188180767 0.0888537765 0.0576282069
v 0.0188180767 0.0888537765 0.032719519
v 0.0188180767 0.0839338154 0.032719519
v -0.0280840043 0.0271374658 0.0815370157
v -0.0280840043 0.0400258377 0.0749952868
v -0.0280840043 0.0271374658 0.0749952868
v -0.0280840043 0.0400258377 0.0815370157
v -0.0280840043 0.039533969 0.0869121179
v -0.0280840043 0.0276293326 0.0869121179
v -0.0280840043 0.0368931368 0.090937674
v -0.0280840043 0.0302701611 0.090937674
v -0.0301124137 0.0271374658 0.0815370157
v -0.0301124137 0.0271374658 0.0749952868
v -0.0301124137 0.0400258377 0.0749952868
v -0.0301124137 0.0400258377 0.0815370157
v -0.0301124137 0.039533969 0.0869121179
v -0.0301124137 0.0276293326 0.0869121179
v -0.0301124137 0.0368931368 0.090937674
v -0.0301124137 0.0302701611 0.090937674
v -0.0301124137 0.0271374658 0.0815370157
v -0.0280840043 0.0271374658 0.0749952868
v -0.0301124137 0.0271374658 0.0749952868
v -0.0280840043 0.0271374658 0.0815370157
v -0.0301124137 0.0276293326 0.0869121179
v -0.0280840043 0.0276293326 0.0869121179
v -0.0301124137 0.0302701611 0.090937674
v -0.0280840043 0.0302701611 0.090937674
v -0.0301124137 0.0368931368 0.090937674
v -0.0280840043 0.0368931368 0.090937674
v -0.0301124137 0.039533969 0.0869121179
v -0.0280840043 0.039533969 0.0869121179
v -0.0301124137 0.0400258377 0.0815370157
v -0.0280840043 0.0400258377 0.0815370157
v -0.0301124137 0.0400258377 0.0749952868
v -0.0280840043 0.0400258377 0.0749952868
v 0.0301947352 0.0271374658 0.0815370157
v 0.0301947352 0.0400258377 0.0749952868
v 0.0301947352 0.0271374658 0.0749952868
v 0.0301947352 0.0400258377 0.0815370157
v 0.0301947352 0.039533969 0.0869121179
v 0.0301947352 0.0276293326 0.0869121179
v 0.0301947352 0.0368931368 0.090937674
v 0.0301947352 0.0302701611 0.090937674
v 0.0281663351 0.0271374658 0.0815370157
v 0.0281663351 0.0271374658 0.0749952868
v 0.0281663351 0.0400258377 0.0749952868
v 0.0281663351 0.0400258377 0.0815370157
v 0.0281663351 0.039533969 0.0869121179
v 0.0281663351 0.0276293326 0.0869121179
v 0.0281663351 0.0368931368 0.090937674
v 0.0281663351 0.0302701611 0.090937674
v 0.0281663351 0.0271374658 0.0815370157
v 0.0301947352 0.0271374658 0.0749952868
v 0.0281663351 0.0271374658 0.0749952868
v 0.0301947352 0.0271374658 0.0815370157
v 0.0281663351 0.0276293326 0.0869121179
v 0.0301947352 0.0276293326 0.0869121179
v 0.0281663351 0.0302701611 0.090937674
v 0.0301947352 0.0302701611 0.090937674
v 0.0281663351 0.0368931368 0.090937674
v 0.0301947352 0.0368931368 0.090937674
v 0.0281663351 0.039533969 0.0869121179
v 0.0301947352 0.039533969 0.0869121179
v 0.0281663351 0.0400258377 0.0815370157
v 0.0301947352 0.0400258377 0.0815370157
v 0.0281663351 0.0400258377 0.0749952868
v 0.0301947352 0.0400258377 0.0749952868
v 0.0303775184 0.0845512822 0.0188777894
v -0.0303775351 0.0845512822 0.0188777894
v -0.0303775351 0.0219954737 0.0188777894
v 0.0303775184 0.0219954737 0.0188777894
v 0.0303775184 0.0845512822 0.0752209648
v -0.0303775351 0.0845512822 0.0752209648
v -0.0303775351 0.0845512822 0.0188777894
v 0.0303775184 0.0845512822 0.0188777894
v -0.0207625292 0.0316104814 0.0872397497
v -0.0207625292 0.0749362856 0.0872397497
v 0.0207625125 0.0749362856 0.0872397497
v 0.0207625125 0.0316104814 0.0872397497
v -0.0303775351 0.0219954737 0.0188777894
v -0.0303775351 0.0219954737 0.0752209648
v 0.0303775184 0.0219954737 0.0752209648
v 0.0303775184 0.0219954737 0.0188777894
v -0.0303775351 0.0329576172 0.026401611
v -0.0303775351 0.078590326 0.026401611
v -0.0303775351 0.078590326 0.0695723891
v -0.0303775351 0.0329576172 0.0695723891
v 0.0303775184 0.0329576172 0.0695723891
v 0.0303775184 0.078590326 0.0695723891
v 0.0303775184 0.078590326 0.026401611
v 0.0303775184 0.0329576172 0.026401611
v 0.0207625125 0.0749362856 0.0872397497
v -0.0207625292 0.0749362856 0.0872397497
v -0.0303775351 0.0845512822 0.0752209648
v 0.0303775184 0.0845512822 0.0752209648
v -0.0303775351 0.0219954737 0.0752209648
v -0.0303775351 0.0845512822 0.0752209648
v -0.0207625292 0.0749362856 0.0872397497
v -0.0207625292 0.0316104814 0.0872397497
v 0.0303775184 0.0219954737 0.0752209648
v -0.0303775351 0.0219954737 0.0752209648
v -0.0207625292 0.0316104814 0.0872397497
v 0.0207625125 0.0316104814 0.0872397497
v 0.0207625125 0.0316104814 0.0872397497
v 0.0207625125 0.0749362856 0.0872397497
v 0.0303775184 0.0845512822 0.0752209648
v 0.0303775184 0.0219954737 0.0752209648
v -0.0278862044 0.0110430839 -0.0391801335
v -0.0397181921 -0.017753277 -0.061619781
v -0.036105562 -0.0211035758 -0.058245901
v -0.0242732912 0.00769263646 -0.0358058587
v -0.0327278823 0.00869004801 -0.0363323502
v -0.0291149691 0.00533960434 -0.0329582058
v -0.0409472398 -0.0234566033 -0.0553981178
v -0.0445598699 -0.0201063138 -0.058771994
v -0.0382284224 -0.0232785586 -0.0571404807
v -0.0263137463 0.00688543683 -0.0334301367
v -0.0242732912 0.00769263646 -0.0358058587
v -0.036105562 -0.0211035758 -0.058245901
v -0.0425194167 -0.0192991104 -0.0611477159
v -0.0382284224 -0.0232785586 -0.0571404807
v -0.036105562 -0.0211035758 -0.058245901
v -0.0397181921 -0.017753277 -0.061619781
v -0.0306050703 0.0108650019 -0.0374379046
v -0.0425194167 -0.0192991104 -0.0611477159
v -0.0397181921 -0.017753277 -0.061619781
v -0.0278862044 0.0110430839 -0.0391801335
v -0.0445598699 -0.0201063138 -0.058771994
v -0.0425194167 -0.0192991104 -0.0611477159
v -0.0306050703 0.0108650019 -0.0374379046
v -0.0327278823 0.00869004801 -0.0363323502
v -0.0409472398 -0.0234566033 -0.0553981178
v -0.0382284224 -0.0232785586 -0.0571404807
v -0.0425194167 -0.0192991104 -0.0611477159
v -0.0445598699 -0.0201063138 -0.058771994
v -0.0291149691 0.00533960434 -0.0329582058
v -0.0263137463 0.00688543683 -0.0334301367
v -0.0382284224 -0.0232785586 -0.0571404807
v -0.0409472398 -0.0234566033 -0.0553981178
v -0.0320728533 -0.0158158764 -0.0490292311
v -0.0314605869 -0.021287635 -0.0513416305
v -0.0690517202 0.00168801786 -0.0866617486
v -0.06762705 0.00667997496 -0.0837105513
v -0.0271673556 -0.0146839675 -0.0504089184
v -0.0630837455 0.0068974304 -0.0862718597
v -0.0645084679 0.00190546061 -0.0892229229
v -0.0265550558 -0.0201557465 -0.0527210496
v -0.0294992849 -0.0150194718 -0.0491003878
v -0.0287971608 -0.0212941729 -0.0517519638
v -0.0314605869 -0.021287635 -0.0513416305
v -0.0320728533 -0.0158158764 -0.0490292311
v -0.0287971608 -0.0212941729 -0.0517519638
v -0.0671035796 0.00170873536 -0.0885235891
v -0.0690517202 0.00168801786 -0.0866617486
v -0.0314605869 -0.021287635 -0.0513416305
v -0.0671035796 0.00170873536 -0.0885235891
v -0.0654699057 0.00743294135 -0.0851396248
v -0.06762705 0.00667997496 -0.0837105513
v -0.0690517202 0.00168801786 -0.0866617486
v -0.0654699057 0.00743294135 -0.0851396248
v -0.0294992849 -0.0150194718 -0.0491003878
v -0.0320728533 -0.0158158764 -0.0490292311
v -0.06762705 0.00667997496 -0.0837105513
v -0.0271673556 -0.0146839675 -0.0504089184
v -0.0265550558 -0.0201557465 -0.0527210496
v -0.0287971608 -0.0212941729 -0.0517519638
v -0.0294992849 -0.0150194718 -0.0491003878
v -0.0645084679 0.00190546061 -0.0892229229
v -0.0630837455 0.0068974304 -0.0862718597
v -0.0654699057 0.00743294135 -0.0851396248
v -0.0671035796 0.00170873536 -0.0885235891
v -0.0630837455 0.0068974304 -0.0862718597
v -0.0271673556 -0.0146839675 -0.0504089184
v -0.0294992849 -0.0150194718 -0.0491003878
v -0.0654699057 0.00743294135 -0.0851396248
v -0.0645084679 0.00190546061 -0.0892229229
v -0.0671035796 0.00170873536 -0.0885235891
v -0.0287971608 -0.0212941729 -0.0517519638
v -0.0265550558 -0.0201557465 -0.0527210496
v -0.000574071892 0.0976783633 -0.00569701241
v -0.000574071892 0.098908253 -0.0056272652
v -0.00660498813 0.0988669097 -0.00313026295
v -0.00660498813 0.0976370201 -0.00319999177
v -0.00460898178 0.097401306 0.00613312703
v -0.00460898178 0.097401306 0.00736360066
v -0.00660504727 0.0986671373 0.00892590359
v -0.00660504727 0.0974373743 0.00885617267
v -0.000574071892 0.0986257866 0.0114228623
v -0.000574071892 0.0973960161 0.0113531295
v 0.00545688998 0.0986671299 0.00892592315
v 0.00545688998 0.0974373668 0.00885618199
v 0.00795497186 0.0987670943 0.00289779017
v 0.00795497186 0.0975371972 0.00282801548
v 0.00545687508 0.0988669097 -0.00313027343
v 0.00545688998 0.0976370275 -0.00320006022
v -0.000574071892 0.098908253 -0.0056272652
v -0.000574071892 0.0976783633 -0.00569701241
v -0.000574071892 0.0972207189 -0.00402257498
v -0.000574071892 0.0976783633 -0.00569701241
v -0.00660498813 0.0976370201 -0.00319999177
v -0.00540325092 0.0971876085 -0.00202315627
v -0.00460898178 0.097401306 0.00736360066
v -0.00369045767 0.0974013209 0.00779331708
v -0.00660504727 0.0974373743 0.00885617267
v -0.00540306838 0.0970277488 0.00763061643
v -0.000574071892 0.0973960161 0.0113531295
v -0.00057388714 0.0969946459 0.00963000953
v 0.00545688998 0.0974373668 0.00885618199
v 0.00425529014 0.0970277488 0.00763061643
v 0.00795497186 0.0975371972 0.00282801548
v 0.00625540875 0.0971076712 0.00280370051
v 0.00545688998 0.0976370275 -0.00320006022
v 0.00425510714 0.0971876085 -0.00202315627
v -0.000574071892 0.0976783633 -0.00569701241
v -0.000574071892 0.0972207189 -0.00402257498
v -0.00540325092 0.0992766768 -0.0019046911
v -0.000574071892 0.098908253 -0.0056272652
v -0.000574071892 0.0993097797 -0.00390411168
v -0.00660498813 0.0988669097 -0.00313026295
v -0.00369055709 0.0974013209 0.00570327789
v -0.00460898178 0.097401306 0.00613312703
v -0.00540325092 0.0991165414 0.0077490611
v -0.00660504727 0.0986671373 0.00892590359
v -0.000574071892 0.0990834385 0.00974844676
v -0.000574071892 0.0986257866 0.0114228623
v 0.00425510714 0.0991165414 0.0077490611
v 0.00545688998 0.0986671299 0.00892592315
v 0.00625540875 0.0991967469 0.00292216986
v 0.00795497186 0.0987670943 0.00289779017
v 0.00425510714 0.0992766768 -0.0019046911
v 0.00545687508 0.0988669097 -0.00313027343
v -0.000574071892 0.0993097797 -0.00390411168
v -0.000574071892 0.098908253 -0.0056272652
v -0.00562283769 -3.77429024E-05 -0.00795592833
v 0.00562286284 -3.77304568E-05 -0.00795606058
v 0.00562287914 -0.00203708792 0.000585301197
v -0.00562283769 -0.00203709607 0.00058556674
v -0.00562283769 -3.77429024E-05 -0.00795592833
v -0.00562283769 0.00097026804 -0.0210599583
v 0.00562286284 0.00097026804 -0.0210599583
v 0.00562286284 -3.77304568E-05 -0.00795606058
v -0.00562283769 -0.0043455651 -0.00867119338
v -0.00562283769 -0.00624933327 -0.000500473019
v 0.00562286284 -0.00624932488 -0.000500738504
v 0.00562286284 -0.0043455651 -0.00867119338
v -0.00562283769 -0.0043455651 -0.00867119338
v 0.00562286284 -0.0043455651 -0.00867119338
v 0.00562286284 -0.00336691737 -0.0213935617
v -0.00562283769 -0.00336691737 -0.0213935617
v -0.00562283769 -0.0043455651 -0.00867119338
v -0.00562283769 -0.00203709607 0.00058556674
v -0.00562283769 -0.00624933327 -0.000500473019
v -0.00562283769 -3.77429024E-05 -0.00795592833
v -0.00562283769 -0.00336691737 -0.0213935617
v -0.00562283769 0.00097026804 -0.0210599583
v 0.00562286284 -0.00624932488 -0.000500738504
v 0.00562287914 -0.00203708792 0.000585301197
v 0.00562286284 -3.77304568E-05 -0.00795606058
v 0.00562286284 -0.0043455651 -0.00867119338
v 0.00562286284 0.00097026804 -0.0210599583
v 0.00562286284 -0.00336691737 -0.0213935617
v 0.00562286284 -0.00336691737 -0.0213935617
v 0.00562286284 0.00097026804 -0.0210599583
v -0.00562283769 0.00097026804 -0.0210599583
v -0.00562283769 -0.00336691737 -0.0213935617
v -0.0221545603 0.0969626009 0.00877077505
v -0.00283029443 0.0967990831 0.00741072744
v -0.00292939343 0.0967990831 0.00559574924
v -0.0222536586 0.0969626009 0.00695579685
v -0.0391480252 0.0942613855 0.00445064716
v -0.00292939343 0.0986168981 0.00559574924
v -0.0392471254 0.0939629748 0.00269471202
v -0.048626978 0.0944463164 0.00748085463
v -0.0222536586 0.0987181738 0.00698159402
v -0.00283029443 0.0986168981 0.00741072744
v -0.0493052043 0.0944370702 0.00580864213
v -0.0551846847 0.0914599225 0.0154133746
v -0.0392471254 0.0957310274 0.00271533849
v -0.0221545603 0.0987181738 0.00879657269
v -0.00283029443 0.0967990831 0.00741072744
v -0.0221545603 0.0969626009 0.00877077505
v -0.0391480252 0.0960277617 0.00447196048
v -0.0391480252 0.0942613855 0.00445064716
v -0.0570024848 0.0910700187 0.0154133746
v -0.0549880788 0.0884135142 0.0248670056
v -0.0493052043 0.0962427482 0.00581534067
v -0.048626978 0.0962528959 0.00748925842
v -0.048626978 0.0944463164 0.00748085463
v -0.0570024848 0.0929035619 0.0154133746
v -0.0551846847 0.0933005139 0.0154133746
v -0.0551846847 0.0914599225 0.0154133746
v -0.0549880788 0.0884135142 0.0248670056
v -0.0568058789 0.0883926749 0.0248591732
v -0.0544066951 0.0841533318 0.0285314769
v -0.0568547323 0.0900979191 0.0254889447
v -0.0562244952 0.0841343105 0.0285199266
v -0.0540177338 0.083573088 0.0305474401
v -0.0550369509 0.0901187584 0.0254967771
v -0.0560677163 0.0856903121 0.0294599403
v -0.0558355153 0.0835508555 0.030546777
v -0.0416757613 0.084317714 0.0593288876
v -0.0542499311 0.0857093185 0.0294712242
v -0.0544066951 0.0841533318 0.0285314769
v -0.0558355153 0.0853685886 0.030570671
v -0.0434935465 0.0842954889 0.0593282245
v -0.0330264419 0.0814768896 0.073394835
v -0.0540177338 0.0853907019 0.030570671
v -0.0540177338 0.083573088 0.0305474401
v -0.0437747799 0.0861132219 0.0593519844
v -0.0348442234 0.0814558864 0.0733876675
v -0.0255436227 0.0761348084 0.0857635513
v -0.0419569984 0.0861353427 0.059352383
v -0.0416757613 0.084317714 0.0593288876
v -0.0349944979 0.0831830502 0.0739547834
v -0.027352212 0.076202862 0.0857468247
v -0.0238058716 0.0722214878 0.0877777934
v -0.033203233 0.0832040235 0.0739622116
v -0.0330264419 0.0814768896 0.073394835
v -0.0275452156 0.0774939507 0.0870901421
v -0.0256216973 0.0723255873 0.0877560228
v -0.0215660892 0.0643234923 0.0896092281
v -0.0257375725 0.0774263144 0.0871064663
v -0.0255436227 0.0761348084 0.0857635513
v -0.0253343228 0.0723567456 0.0895437822
v -0.0234092269 0.0645910278 0.0895955563
v -0.0187644362 0.0553431548 0.0953806043
v -0.0234981049 0.0721534565 0.089565292
v -0.0238058716 0.0722214878 0.0877777934
v -0.0234120991 0.0660739541 0.0906912908
v -0.0205867831 0.0555092767 0.0953666642
v -0.0181283746 0.0522552505 0.0962337926
v -0.0216174982 0.0659387931 0.0907045603
v -0.0215660892 0.0643234923 0.0896092281
v -0.0210590456 0.0580375306 0.0964619964
v -0.0199603606 0.0524154603 0.0962113589
v -0.0172057524 0.0469387993 0.0953029394
v -0.0192410313 0.0579047613 0.0964752734
v -0.0187644362 0.0553431548 0.0953806043
v -0.0202839766 0.0531677976 0.0980291292
v -0.0190327931 0.0470592827 0.0952876732
v -0.016255185 0.0420033559 0.0913861096
v -0.0184564199 0.0530575402 0.0980508998
v -0.0181283746 0.0522552505 0.0962337926
v -0.0192333646 0.0462457538 0.0965403169
v -0.0180756878 0.0420557782 0.0913896933
v -0.0159445796 0.0416239575 0.0888291821
v -0.0174123291 0.0461934544 0.0965553224
v -0.0172057524 0.0469387993 0.0953029394
v -0.0181362573 0.0404150337 0.0911483541
v -0.0177623611 0.0416442044 0.0888383463
v -0.015791351 0.0434623919 0.085893251
v -0.0176091343 0.0434838831 0.0858988315
v -0.0163184572 0.0403934345 0.0911456943
v -0.016255185 0.0420033559 0.0913861096
v -0.0177623611 0.039974004 0.0881206915
v -0.0176091343 0.0417168662 0.0854718983
v -0.0159445796 0.0399539731 0.0881121904
v -0.0159445796 0.0416239575 0.0888291821
v -0.015791351 0.0416956879 0.0854668543
v -0.015791351 0.0434623919 0.085893251
v -3.14965014E-08 0.0303023178 -0.0077481214
v -3.76426463E-08 0.0266213138 -0.00648333598
v 0.00630092621 0.0266213138 -0.00387339108
v 0.00719525293 0.0303023178 -0.00476773363
v 3.76560827E-09 0.0316222943 -0.00774808507
v 0.0089108469 0.0266213138 0.00242751208
v 0.00719525199 0.0316222943 -0.00476769637
v -5.43131584E-08 0.0339231603 -0.00528395222
v 0.0101756426 0.0303023178 0.00242752652
v 0.00630092062 0.0266213138 0.0087284958
v 0.00545282196 0.0339231603 -0.00302532082
v -2.07415756E-08 0.0344349667 0.00242754677
v 0.0101756472 0.0316222943 0.00242754933
v 0.0071952478 0.0303023178 0.00962282717
v -1.76780723E-08 0.0266213138 0.0113384277
v 0.00771147665 0.0339231603 0.00242752233
v 0.00719527761 0.0316222943 0.0096228132
v -1.90510505E-08 0.0303023178 0.0126032187
v -0.00630095974 0.0266213138 0.00872847717
v 0.00545283873 0.0339231603 0.00788040459
v -4.60161935E-08 0.0316222943 0.0126031628
v -0.00719527015 0.0303023178 0.00962282531
v -0.00891094469 0.0266213138 0.00242755143
v -5.22389172E-08 0.0339231603 0.0101390304
v -0.00719526689 0.0316222943 0.00962283462
v -0.0101756547 0.0303023178 0.00242755981
v -0.00630096812 0.0266213138 -0.00387339736
v -0.0054528797 0.0339231603 0.0078804139
v -0.0101756686 0.0316222943 0.0024275349
v -0.00719527761 0.0303023178 -0.0047677462
v -3.76426463E-08 0.0266213138 -0.00648333598
v -3.14965014E-08 0.0303023178 -0.0077481214
v -0.00719526736 0.0316222943 -0.00476772757
v 3.76560827E-09 0.0316222943 -0.00774808507
v -0.00771154137 0.0339231603 0.00242754165
v -0.0054528662 0.0339231603 -0.00302534574
v -5.43131584E-08 0.0339231603 -0.00528395222
v -2.81258572E-08 0.024402786 -0.00528397318
v 8.02761022E-08 0.026798157 -0.00528397085
v -0.00545286806 0.026798157 -0.00302531663
v -0.00545287319 0.024402786 -0.00302530429
v -0.00771153579 0.026798157 0.00242754514
v -0.00771152554 0.024402786 0.00242755562
v -0.00545276282 0.026798157 0.00788040087
v -0.00545287831 0.024402786 0.00788041763
v -1.26675175E-07 0.026798157 0.0101390574
v -3.02000984E-08 0.024402786 0.0101390528
v 0.00545282662 0.026798157 0.0078804018
v 0.00545281218 0.024402786 0.00788041484
v 0.00771146407 0.026798157 0.0024275328
v 0.00771149946 0.024402786 0.00242754724
v 0.00545273349 0.026798157 -0.00302531268
v 0.00545283081 0.024402786 -0.00302532618
v 8.02761022E-08 0.026798157 -0.00528397085
v -2.81258572E-08 0.024402786 -0.00528397318
v -1.45196921E-08 0.0225599855 -0.00908274576
v -1.45196921E-08 0.0217201114 -0.00908272713
v 0.00813896768 0.0217201114 -0.00571144745
v 0.00813897792 0.0225599855 -0.00571143487
v -8.29696667E-09 0.0249553565 -0.00754722487
v 0.0115102334 0.0217201114 0.0024275328
v 0.0070532104 0.0249553565 -0.00462568318
v 0.0115102576 0.0225599855 0.00242754933
v 0.00813898258 0.0217201114 0.0105665419
v 0.00997475348 0.0249553565 0.00242753699
v 0.00813897513 0.0225599855 0.0105665242
v -1.45196921E-08 0.0217201114 0.0139378151
v 0.00705319364 0.0249553565 0.00948077533
v -1.19268897E-08 0.0225599855 0.0139377993
v -0.00813898724 0.0217201114 0.0105665289
v -8.29696667E-09 0.0249553565 0.0124023035
v -0.00813896861 0.0225599855 0.0105665084
v -0.0115102874 0.0217201114 0.00242755143
v -0.00705321506 0.0249553565 0.00948077813
v -0.011510279 0.0225599855 0.00242754305
v -0.00813900772 0.0217201114 -0.00571145117
v -0.0099747628 0.0249553565 0.00242754933
v -0.00813897513 0.0225599855 -0.00571143907
v -1.45196921E-08 0.0217201114 -0.00908272713
v -0.00705322018 0.0249553565 -0.00462567108
v -1.45196921E-08 0.0225599855 -0.00908274576
v -8.29696667E-09 0.0249553565 -0.00754722487
v -2.32315713E-07 0.0945389122 0.01042083
v -2.28996811E-07 0.0974304676 0.00942730904
v 0.00494936015 0.0974304676 0.00737712346
v 0.00565188844 0.0945389122 0.00807964802
v -2.32315713E-07 0.0929517224 0.01042083
v 0.00699955411 0.0974304676 0.0024275363
v 0.00565188844 0.0929517224 0.00807964802
v -2.32315713E-07 0.0908211991 0.00848517008
v 0.00799307879 0.0945389122 0.0024275363
v 0.00494936015 0.0974304676 -0.0025220511
v 0.00428316044 0.0908211991 0.00671093119
v -2.26922467E-07 0.0904191658 0.00242753839
v 0.00799307879 0.0929517224 0.0024275363
v 0.00565188844 0.0945389122 -0.00322457752
v -2.28996811E-07 0.0974304676 -0.00457223644
v 0.00605740305 0.0908211991 0.0024275363
v 0.00565188844 0.0929517224 -0.00322457752
v -2.32315713E-07 0.0945389122 -0.00556575879
v -0.00494979741 0.0974304676 -0.0025220511
v 0.00428316044 0.0908211991 -0.00185585802
v -2.32315713E-07 0.0929517224 -0.00556575786
v -0.00565231964 0.0945389122 -0.00322457752
v -0.00699999835 0.0974304676 0.0024275363
v -2.32315713E-07 0.0908211991 -0.00363009889
v -0.00565231964 0.0929517224 -0.00322457752
v -0.00799351558 0.0945389122 0.0024275363
v -0.00494979741 0.0974304676 0.00737712346
v -0.00428360561 0.0908211991 -0.00185585802
v -0.00799351558 0.0929517224 0.0024275363
v -0.00565231964 0.0945389122 0.00807964802
v -2.28996811E-07 0.0974304676 0.00942730904
v -2.32315713E-07 0.0945389122 0.01042083
v -0.00565231964 0.0929517224 0.00807964802
v -2.32315713E-07 0.0929517224 0.01042083
v -0.00605786406 0.0908211991 0.0024275363
v -0.00428360561 0.0908211991 0.00671093119
v -2.32315713E-07 0.0908211991 0.00848517008
v -2.32315713E-07 0.0991731882 0.00848517101
v -1.52661727E-07 0.0972915441 0.00848517101
v -0.00428360561 0.0972915441 0.00671093119
v -0.00428360561 0.0991731882 0.00671093119
v -0.00605786406 0.0972915441 0.0024275363
v -0.00605786406 0.0991731882 0.0024275363
v -0.00428352598 0.0972915441 -0.00185585802
v -0.00428360561 0.0991731882 -0.00185585802
v -3.119697E-07 0.0972915441 -0.00363009889
v -2.32315713E-07 0.0991731882 -0.00363009889
v 0.00428316044 0.0972915441 -0.00185585802
v 0.00428316044 0.0991731882 -0.00185585802
v 0.00605740305 0.0972915441 0.0024275363
v 0.00605740305 0.0991731882 0.0024275363
v 0.00428308081 0.0972915441 0.00671093119
v 0.00428316044 0.0991731882 0.00671093119
v -1.52661727E-07 0.0972915441 0.00848517101
v -2.32315713E-07 0.0991731882 0.00848517101
v -2.1572113E-07 0.100620769 0.0114692114
v -2.1572113E-07 0.10128051 0.0114692114
v 0.00639321096 0.10128051 0.00882096589
v 0.00639321096 0.100620769 0.00882096589
v -2.1572113E-07 0.0987391248 0.0102630267
v 0.00904145651 0.10128051 0.0024275363
v 0.00554030994 0.0987391248 0.00796806347
v 0.00904145651 0.100620769 0.0024275363
v 0.00639321096 0.101280518 -0.00396589376
v 0.0078352727 0.0987391248 0.0024275363
v 0.00639321096 0.100620769 -0.00396589376
v -2.1572113E-07 0.101280518 -0.00661413651
v 0.00554030994 0.0987391323 -0.00311299204
v -2.1572113E-07 0.100620769 -0.00661413651
v -0.00639363937 0.101280518 -0.00396589376
v -2.1572113E-07 0.0987391323 -0.0054079527
v -0.00639363937 0.100620769 -0.00396589376
v -0.00904188864 0.10128051 0.0024275363
v -0.00554073788 0.0987391323 -0.00311299204
v -0.00904188864 0.100620769 0.0024275363
v -0.00639363937 0.10128051 0.00882096589
v -0.00783570111 0.0987391248 0.0024275363
v -0.00639363937 0.100620769 0.00882096589
v -2.1572113E-07 0.10128051 0.0114692114
v -0.00554073788 0.0987391248 0.00796806347
v -2.1572113E-07 0.100620769 0.0114692114
v -2.1572113E-07 0.0987391248 0.0102630267
v -0.0344086997 0.0336597748 -0.00495042466
v -0.0285886899 0.0336597748 -0.0107704438
v -0.0327040739 0.0336597748 -0.00906579662
v -0.0344087034 0.0336597748 0.00950953458
v -0.0285886694 0.0336597748 0.0153295398
v -0.0327040479 0.0336597748 0.0136249159
v 0.0293712839 0.0336597748 0.0153295277
v 0.0293712597 0.0336597748 -0.0107704466
v 0.0351912864 0.0336597748 0.00950952154
v 0.0334866606 0.0336597748 0.0136248888
v 0.0351912938 0.0336597748 -0.00495044515
v 0.0334866345 0.0336597748 -0.00906582363
v -0.0285886899 0.0887263045 -0.0107704438
v -0.0344086997 0.0887263045 -0.00495042466
v -0.0327040739 0.0887263045 -0.00906579662
v -0.0285886694 0.0887263045 0.0153295398
v -0.0344087034 0.0887263045 0.00950953458
v -0.0327040479 0.0887263045 0.0136249159
v 0.0293712839 0.0887263045 0.0153295277
v 0.0293712597 0.0887263045 -0.0107704466
v 0.0351912938 0.0887263045 -0.00495044515
v 0.0334866345 0.0887263045 -0.00906582363
v 0.0351912864 0.0887263045 0.00950952154
v 0.0334866606 0.0887263045 0.0136248888
v 0.0280423723 0.0953723341 0.00553985126
v 0.00534221344 0.0972410962 -0.000980784884
v 0.00534221251 0.0972410962 0.00553987036
v 0.0280423686 0.0953723341 -0.000980771729
v 0.0299393125 0.0927206129 0.00553987408
v 0.0299393293 0.0927206129 -0.000980784185
v 0.030226009 0.0881493166 0.0055398806
v 0.0302260015 0.0881493166 -0.000980796642
v 0.0286142454 0.0962423384 0.00553985965
v 0.00534221251 0.098111093 0.00553987036
v 0.00534221344 0.098111093 -0.000980784884
v 0.028614236 0.0962423384 -0.000980779994
v 0.0307981223 0.0929264277 0.00553987408
v 0.0307981223 0.0929264277 -0.000980773824
v 0.0310943201 0.088203758 0.00553987222
v 0.0310943071 0.088203758 -0.000980790355
v 0.028614236 0.0962423384 -0.000980779994
v 0.00534221344 0.098111093 -0.000980784884
v 0.00534221344 0.0972410962 -0.000980784884
v 0.0280423686 0.0953723341 -0.000980771729
v 0.0307981223 0.0929264277 -0.000980773824
v 0.0299393293 0.0927206129 -0.000980784185
v 0.0310943071 0.088203758 -0.000980790355
v 0.0302260015 0.0881493166 -0.000980796642
v 0.00534221344 0.098111093 -0.000980784884
v 0.00534221251 0.098111093 0.00553987036
v 0.00534221251 0.0972410962 0.00553987036
v 0.00534221344 0.0972410962 -0.000980784884
v 0.00534221251 0.098111093 0.00553987036
v 0.0280423723 0.0953723341 0.00553985126
v 0.00534221251 0.0972410962 0.00553987036
v 0.0286142454 0.0962423384 0.00553985965
v 0.0299393125 0.0927206129 0.00553987408
v 0.0307981223 0.0929264277 0.00553987408
v 0.030226009 0.0881493166 0.0055398806
v 0.0310943201 0.088203758 0.00553987222
v -0.0272654854 0.0953723341 0.00553986803
v -0.00456533814 0.0976661146 0.00553987268
v -0.00456534093 0.0976661146 -0.000980784651
v -0.0272655152 0.0953723341 -0.000980771263
v -0.0291624386 0.0927206129 0.00553987827
v -0.0291624703 0.0927206129 -0.000980800251
v -0.0294491388 0.0881493166 0.0055398806
v -0.029449122 0.0881493166 -0.000980802346
v -0.0278373715 0.0962423384 0.00553987827
v -0.00456534093 0.0985361189 -0.000980784651
v -0.00456533814 0.0985361189 0.00553987268
v -0.0278373826 0.0962423384 -0.000980773242
v -0.0300212558 0.0929264277 0.00553987408
v -0.0300212447 0.0929264277 -0.000980775338
v -0.0303174257 0.088203758 0.0055398806
v -0.030317422 0.088203758 -0.000980783603
v -0.0278373826 0.0962423384 -0.000980773242
v -0.00456534093 0.0976661146 -0.000980784651
v -0.00456534093 0.0985361189 -0.000980784651
v -0.0272655152 0.0953723341 -0.000980771263
v -0.0300212447 0.0929264277 -0.000980775338
v -0.0291624703 0.0927206129 -0.000980800251
v -0.030317422 0.088203758 -0.000980783603
v -0.029449122 0.0881493166 -0.000980802346
v -0.00456534093 0.0985361189 -0.000980784651
v -0.00456534093 0.0976661146 -0.000980784651
v -0.00456533814 0.0976661146 0.00553987268
v -0.00456533814 0.0985361189 0.00553987268
v -0.00456533814 0.0985361189 0.00553987268
v -0.00456533814 0.0976661146 0.00553987268
v -0.0272654854 0.0953723341 0.00553986803
v -0.0278373715 0.0962423384 0.00553987827
v -0.0291624386 0.0927206129 0.00553987827
v -0.0300212558 0.0929264277 0.00553987408
v -0.0294491388 0.0881493166 0.0055398806
v -0.0303174257 0.088203758 0.0055398806
v 0.0293712839 0.0887263045 0.0153295277
v 0.0334866606 0.0336597748 0.0136248888
v 0.0293712839 0.0336597748 0.0153295277
v 0.0334866606 0.0887263045 0.0136248888
v 0.0351912864 0.0336597748 0.00950952154
v 0.0351912864 0.0887263045 0.00950952154
v 0.0351912938 0.0336597748 -0.00495044515
v 0.0351912938 0.0887263045 -0.00495044515
v 0.0334866345 0.0336597748 -0.00906582363
v 0.0334866345 0.0887263045 -0.00906582363
v 0.0293712597 0.0336597748 -0.0107704466
v 0.0293712597 0.0887263045 -0.0107704466
v -0.0172139909 0.0845019817 -0.0107704438
v -0.0285886899 0.0887263045 -0.0107704438
v -0.0285886899 0.0845019817 -0.0107704438
v -0.0172139909 0.0372783914 -0.0107704438
v -0.0285886899 0.0336597748 -0.0107704438
v -0.0285886899 0.0372783914 -0.0107704438
v -0.0327040739 0.0845019817 -0.00906579662
v -0.0285886899 0.0845019817 -0.0107704438
v -0.0285886899 0.0887263045 -0.0107704438
v -0.0327040739 0.0887263045 -0.00906579662
v -0.0344086997 0.0845019817 -0.00495042466
v -0.0344086997 0.0887263045 -0.00495042466
v -0.0344087034 0.0845019817 0.00950953458
v -0.0344087034 0.0887263045 0.00950953458
v -0.0327040479 0.0845019817 0.0136249159
v -0.0327040479 0.0887263045 0.0136249159
v -0.0285886694 0.0845019817 0.0153295398
v -0.0285886694 0.0887263045 0.0153295398
v -0.0172139816 0.0845019817 0.0153295444
v 0.0293712839 0.0887263045 0.0153295277
v -0.0172139816 0.0372783914 0.0153295444
v 0.0293712839 0.0336597748 0.0153295277
v -0.0285886694 0.0336597748 0.0153295398
v -0.0285886694 0.0372783914 0.0153295398
v -0.0327040479 0.0372783914 0.0136249159
v -0.0327040479 0.0336597748 0.0136249159
v -0.0344087034 0.0372783914 0.00950953458
v -0.0344087034 0.0336597748 0.00950953458
v -0.0344086997 0.0372783914 -0.00495042466
v -0.0344086997 0.0336597748 -0.00495042466
v -0.0327040739 0.0372783914 -0.00906579662
v -0.0327040739 0.0336597748 -0.00906579662
v -0.0285886899 0.0372783914 -0.0107704438
v -0.0285886899 0.0336597748 -0.0107704438
v -0.0287729092 0.0491980016 0.0159880985
v -0.0208211597 0.0491980016 0.0159880985
v -0.0208211597 0.0418411344 0.0159880985
v -0.0287729092 0.0418411344 0.0159880985
v -0.0333111025 0.0491980016 0.014108317
v -0.0333110988 0.0418411344 0.014108317
v -0.0351908803 0.0491980016 0.00957013201
v -0.0351908803 0.0418411344 0.00957013387
v -0.0351908803 0.0491980016 -0.00501104631
v -0.0351908803 0.0418411344 -0.00501104305
v -0.0333110988 0.0491980016 -0.00954922847
v -0.0333111025 0.0418411344 -0.00954922847
v -0.0287729092 0.0491980016 -0.01142901
v -0.0287729092 0.0418411344 -0.01142901
v -0.0208211597 0.0418411344 -0.01142901
v -0.0208211597 0.0491980016 -0.01142901
v -0.0208211597 0.0418411344 0.0159880985
v -0.0208211597 0.0491980016 0.0159880985
v -0.0208211597 0.0491980016 0.0147029208
v -0.0208211597 0.0418411344 0.0147029208
v -0.0287729092 0.0418411344 0.0159880985
v -0.0208211597 0.0418411344 0.0159880985
v -0.0208211597 0.0418411344 0.0147029208
v -0.028517276 0.0418411344 0.0147029208
v -0.0333110988 0.0418411344 0.014108317
v -0.0323274694 0.0418411344 0.0131246876
v -0.0351908803 0.0418411344 0.00957013387
v -0.0339056998 0.0418411344 0.00931449328
v -0.0339056998 0.0418411344 -0.00475540431
v -0.0351908803 0.0418411344 -0.00501104305
v -0.0333111025 0.0418411344 -0.00954922847
v -0.0323274694 0.0418411344 -0.00856560003
v -0.0287729092 0.0418411344 -0.01142901
v -0.028517276 0.0418411344 -0.0101438332
v -0.0208211597 0.0418411344 -0.0101438332
v -0.0208211597 0.0418411344 -0.01142901
v -0.0287729092 0.0491980016 -0.01142901
v -0.0208211597 0.0491980016 -0.01142901
v -0.0208211597 0.0491980016 -0.0101438332
v -0.028517276 0.0491980016 -0.0101438332
v -0.0333110988 0.0491980016 -0.00954922847
v -0.0323274694 0.0491980016 -0.00856560003
v -0.0351908803 0.0491980016 -0.00501104631
v -0.0339056998 0.0491980016 -0.00475540431
v -0.0339056998 0.0491980016 0.00931449328
v -0.0351908803 0.0491980016 0.00957013201
v -0.0333111025 0.0491980016 0.014108317
v -0.0323274694 0.0491980016 0.0131246876
v -0.0287729092 0.0491980016 0.0159880985
v -0.028517276 0.0491980016 0.0147029208
v -0.0208211597 0.0491980016 0.0147029208
v -0.0208211597 0.0491980016 0.0159880985
v -0.0208211597 0.0418411344 -0.01142901
v -0.0208211597 0.0418411344 -0.0101438332
v -0.0208211597 0.0491980016 -0.0101438332
v -0.0208211597 0.0491980016 -0.01142901
v -0.0287729092 0.0593356937 0.0159880985
v -0.0208211597 0.0593356937 0.0159880985
v -0.0208211597 0.0519788228 0.0159880985
v -0.0287729092 0.0519788228 0.0159880985
v -0.0333111025 0.0593356937 0.014108317
v -0.0333110988 0.0519788228 0.014108317
v -0.0351908803 0.0593356937 0.00957013201
v -0.0351908803 0.0519788228 0.00957013387
v -0.0351908803 0.0593356937 -0.00501104631
v -0.0351908803 0.0519788228 -0.00501104305
v -0.0333110988 0.0593356937 -0.00954922847
v -0.0333111025 0.0519788228 -0.00954922847
v -0.0287729092 0.0593356937 -0.01142901
v -0.0287729092 0.0519788228 -0.01142901
v -0.0208211597 0.0519788228 -0.01142901
v -0.0208211597 0.0593356937 -0.01142901
v -0.0208211597 0.0519788228 0.0159880985
v -0.0208211597 0.0593356937 0.0159880985
v -0.0208211597 0.0593356937 0.0147029208
v -0.0208211597 0.0519788228 0.0147029208
v -0.0287729092 0.0519788228 0.0159880985
v -0.0208211597 0.0519788228 0.0159880985
v -0.0208211597 0.0519788228 0.0147029208
v -0.028517276 0.0519788228 0.0147029208
v -0.0333110988 0.0519788228 0.014108317
v -0.0323274694 0.0519788228 0.0131246876
v -0.0351908803 0.0519788228 0.00957013387
v -0.0339056998 0.0519788228 0.00931449328
v -0.0339056998 0.0519788228 -0.00475540431
v -0.0351908803 0.0519788228 -0.00501104305
v -0.0333111025 0.0519788228 -0.00954922847
v -0.0323274694 0.0519788228 -0.00856560003
v -0.0287729092 0.0519788228 -0.01142901
v -0.028517276 0.0519788228 -0.0101438332
v -0.0208211597 0.0519788228 -0.0101438332
v -0.0208211597 0.0519788228 -0.01142901
v -0.0287729092 0.0593356937 -0.01142901
v -0.0208211597 0.0593356937 -0.01142901
v -0.0208211597 0.0593356937 -0.0101438332
v -0.028517276 0.0593356937 -0.0101438332
v -0.0333110988 0.0593356937 -0.00954922847
v -0.0323274694 0.0593356937 -0.00856560003
v -0.0351908803 0.0593356937 -0.00501104631
v -0.0339056998 0.0593356937 -0.00475540431
v -0.0339056998 0.0593356937 0.00931449328
v -0.0351908803 0.0593356937 0.00957013201
v -0.0333111025 0.0593356937 0.014108317
v -0.0323274694 0.0593356937 0.0131246876
v -0.0287729092 0.0593356937 0.0159880985
v -0.028517276 0.0593356937 0.0147029208
v -0.0208211597 0.0593356937 0.0147029208
v -0.0208211597 0.0593356937 0.0159880985
v -0.0208211597 0.0519788228 -0.01142901
v -0.0208211597 0.0519788228 -0.0101438332
v -0.0208211597 0.0593356937 -0.0101438332
v -0.0208211597 0.0593356937 -0.01142901
v -0.0287729092 0.0694733858 0.0159880985
v -0.0208211597 0.0694733858 0.0159880985
v -0.0208211597 0.0621165186 0.0159880985
v -0.0287729092 0.0621165186 0.0159880985
v -0.0333111025 0.0694733858 0.014108317
v -0.0333110988 0.0621165186 0.014108317
v -0.0351908803 0.0694733858 0.00957013201
v -0.0351908803 0.0621165186 0.00957013387
v -0.0351908803 0.0694733858 -0.00501104631
v -0.0351908803 0.0621165186 -0.00501104305
v -0.0333110988 0.0694733858 -0.00954922847
v -0.0333111025 0.0621165186 -0.00954922847
v -0.0287729092 0.0694733858 -0.01142901
v -0.0287729092 0.0621165186 -0.01142901
v -0.0208211597 0.0621165186 -0.01142901
v -0.0208211597 0.0694733858 -0.01142901
v -0.0208211597 0.0621165186 0.0159880985
v -0.0208211597 0.0694733858 0.0159880985
v -0.0208211597 0.0694733858 0.0147029208
v -0.0208211597 0.0621165186 0.0147029208
v -0.0287729092 0.0621165186 0.0159880985
v -0.0208211597 0.0621165186 0.0159880985
v -0.0208211597 0.0621165186 0.0147029208
v -0.028517276 0.0621165186 0.0147029208
v -0.0333110988 0.0621165186 0.014108317
v -0.0323274694 0.0621165186 0.0131246876
v -0.0351908803 0.0621165186 0.00957013387
v -0.0339056998 0.0621165186 0.00931449328
v -0.0339056998 0.0621165186 -0.00475540431
v -0.0351908803 0.0621165186 -0.00501104305
v -0.0333111025 0.0621165186 -0.00954922847
v -0.0323274694 0.0621165186 -0.00856560003
v -0.0287729092 0.0621165186 -0.01142901
v -0.028517276 0.0621165186 -0.0101438332
v -0.0208211597 0.0621165186 -0.0101438332
v -0.0208211597 0.0621165186 -0.01142901
v -0.0287729092 0.0694733858 -0.01142901
v -0.0208211597 0.0694733858 -0.01142901
v -0.0208211597 0.0694733858 -0.0101438332
v -0.028517276 0.0694733858 -0.0101438332
v -0.0333110988 0.0694733858 -0.00954922847
v -0.0323274694 0.0694733858 -0.00856560003
v -0.0351908803 0.0694733858 -0.00501104631
v -0.0339056998 0.0694733858 -0.00475540431
v -0.0339056998 0.0694733858 0.00931449328
v -0.0351908803 0.0694733858 0.00957013201
v -0.0333111025 0.0694733858 0.014108317
v -0.0323274694 0.0694733858 0.0131246876
v -0.0287729092 0.0694733858 0.0159880985
v -0.028517276 0.0694733858 0.0147029208
v -0.0208211597 0.0694733858 0.0147029208
v -0.0208211597 0.0694733858 0.0159880985
v -0.0208211597 0.0621165186 -0.01142901
v -0.0208211597 0.0621165186 -0.0101438332
v -0.0208211597 0.0694733858 -0.0101438332
v -0.0208211597 0.0694733858 -0.01142901
v -0.0287729092 0.0796110779 0.0159880985
v -0.0208211597 0.0796110779 0.0159880985
v -0.0208211597 0.0722542107 0.0159880985
v -0.0287729092 0.0722542107 0.0159880985
v -0.0333111025 0.0796110779 0.014108317
v -0.0333110988 0.0722542107 0.014108317
v -0.0351908803 0.0796110779 0.00957013201
v -0.0351908803 0.0722542107 0.00957013387
v -0.0351908803 0.0796110779 -0.00501104631
v -0.0351908803 0.0722542107 -0.00501104305
v -0.0333110988 0.0796110779 -0.00954922847
v -0.0333111025 0.0722542107 -0.00954922847
v -0.0287729092 0.0796110779 -0.01142901
v -0.0287729092 0.0722542107 -0.01142901
v -0.0208211597 0.0722542107 -0.01142901
v -0.0208211597 0.0796110779 -0.01142901
v -0.0208211597 0.0722542107 0.0159880985
v -0.0208211597 0.0796110779 0.0159880985
v -0.0208211597 0.0796110779 0.0147029208
v -0.0208211597 0.0722542107 0.0147029208
v -0.0287729092 0.0722542107 0.0159880985
v -0.0208211597 0.0722542107 0.0159880985
v -0.0208211597 0.0722542107 0.0147029208
v -0.028517276 0.0722542107 0.0147029208
v -0.0333110988 0.0722542107 0.014108317
v -0.0323274694 0.0722542107 0.0131246876
v -0.0351908803 0.0722542107 0.00957013387
v -0.0339056998 0.0722542107 0.00931449328
v -0.0339056998 0.0722542107 -0.00475540431
v -0.0351908803 0.0722542107 -0.00501104305
v -0.0333111025 0.0722542107 -0.00954922847
v -0.0323274694 0.0722542107 -0.00856560003
v -0.0287729092 0.0722542107 -0.01142901
v -0.028517276 0.0722542107 -0.0101438332
v -0.0208211597 0.0722542107 -0.0101438332
v -0.0208211597 0.0722542107 -0.01142901
v -0.0287729092 0.0796110779 -0.01142901
v -0.0208211597 0.0796110779 -0.01142901
v -0.0208211597 0.0796110779 -0.0101438332
v -0.028517276 0.0796110779 -0.0101438332
v -0.0333110988 0.0796110779 -0.00954922847
v -0.0323274694 0.0796110779 -0.00856560003
v -0.0351908803 0.0796110779 -0.00501104631
v -0.0339056998 0.0796110779 -0.00475540431
v -0.0339056998 0.0796110779 0.00931449328
v -0.0351908803 0.0796110779 0.00957013201
v -0.0333111025 0.0796110779 0.014108317
v -0.0323274694 0.0796110779 0.0131246876
v -0.0287729092 0.0796110779 0.0159880985
v -0.028517276 0.0796110779 0.0147029208
v -0.0208211597 0.0796110779 0.0147029208
v -0.0208211597 0.0796110779 0.0159880985
v -0.0208211597 0.0722542107 -0.01142901
v -0.0208211597 0.0722542107 -0.0101438332
v -0.0208211597 0.0796110779 -0.0101438332
v -0.0208211597 0.0796110779 -0.01142901
v -0.0172139909 0.0845019817 -0.0107704438
v -0.0285886899 0.0372783914 -0.0107704438
v -0.0172139909 0.0372783914 -0.0107704438
v -0.0285886899 0.0845019817 -0.0107704438
v -0.0327040739 0.0372783914 -0.00906579662
v -0.0327040739 0.0845019817 -0.00906579662
v -0.0344086997 0.0372783914 -0.00495042466
v -0.0344086997 0.0845019817 -0.00495042466
v -0.0344087034 0.0372783914 0.00950953458
v -0.0344087034 0.0845019817 0.00950953458
v -0.0327040479 0.0372783914 0.0136249159
v -0.0327040479 0.0845019817 0.0136249159
v -0.0285886694 0.0372783914 0.0153295398
v -0.0285886694 0.0845019817 0.0153295398
v -0.0172139816 0.0372783914 0.0153295444
v -0.0172139816 0.0845019817 0.0153295444
v 0.0303775184 0.0845512822 0.0188777894
v 0.0303775184 0.078590326 0.0695723891
v 0.0303775184 0.0845512822 0.0752209648
v 0.0303775184 0.0219954737 0.0752209648
v 0.0303775184 0.078590326 0.026401611
v 0.0303775184 0.0329576172 0.0695723891
v 0.0303775184 0.0329576172 0.026401611
v 0.0303775184 0.0219954737 0.0188777894
v -0.0303775351 0.0845512822 0.0752209648
v -0.0303775351 0.078590326 0.026401611
v -0.0303775351 0.0845512822 0.0188777894
v -0.0303775351 0.0219954737 0.0188777894
v -0.0303775351 0.078590326 0.0695723891
v -0.0303775351 0.0329576172 0.026401611
v -0.0303775351 0.0329576172 0.0695723891
v -0.0303775351 0.0219954737 0.0752209648
v 0.0112937149 0.0472364649 -0.0969280824
v -4.97818E-08 0.0472364649 -0.0990903378
v 0.0079856813 0.0392505601 -0.0969280824
v 0.00798583031 0.0552223697 -0.0969280824
v 8.29696631E-08 0.0359426923 -0.0969280824
v -2.1572113E-07 0.0585302375 -0.0969280824
v -0.00798592996 0.0392505601 -0.0969280824
v -0.00798578095 0.0552223697 -0.0969280824
v -0.0112938145 0.0472364649 -0.0969280824
v 0.0078352727 0.0987391248 0.0024275363
v -2.1572113E-07 0.0987391248 0.0024275363
v 0.00554030994 0.0987391248 0.00796806347
v 0.00554030994 0.0987391323 -0.00311299204
v -2.1572113E-07 0.0987391248 0.0102630267
v -2.1572113E-07 0.0987391323 -0.0054079527
v -0.00554073788 0.0987391248 0.00796806347
v -0.00554073788 0.0987391323 -0.00311299204
v -0.00783570111 0.0987391248 0.0024275363
v 0.00494936015 0.0974304676 0.00737712346
v -2.28996811E-07 0.0974304676 0.0024275363
v 0.00699955411 0.0974304676 0.0024275363
v -2.28996811E-07 0.0974304676 0.00942730904
v 0.00494936015 0.0974304676 -0.0025220511
v -0.00494979741 0.0974304676 0.00737712346
v -2.28996811E-07 0.0974304676 -0.00457223644
v -0.00699999835 0.0974304676 0.0024275363
v -0.00494979741 0.0974304676 -0.0025220511
v 0.00997475348 0.0249553565 0.00242753699
v -1.45196921E-08 0.0249553565 0.00242755353
v 0.0070532104 0.0249553565 -0.00462568318
v 0.00705319364 0.0249553565 0.00948077533
v -8.29696667E-09 0.0249553565 -0.00754722487
v -8.29696667E-09 0.0249553565 0.0124023035
v -0.00705322018 0.0249553565 -0.00462567108
v -0.00705321506 0.0249553565 0.00948077813
v -0.0099747628 0.0249553565 0.00242754933
v 0.00630092621 0.0266213138 -0.00387339108
v -3.97168876E-08 0.0266213138 0.00242754095
v 0.0089108469 0.0266213138 0.00242751208
v -3.76426463E-08 0.0266213138 -0.00648333598
v 0.00630092062 0.0266213138 0.0087284958
v -0.00630096812 0.0266213138 -0.00387339736
v -1.76780723E-08 0.0266213138 0.0113384277
v -0.00891094469 0.0266213138 0.00242755143
v -0.00630095974 0.0266213138 0.00872847717
vt 0.405517578 0.913085938
vt 0.405517578 0.862792969
vt 0.392822266 0.862792969
vt 0.392822266 0.913085938
vt 0.380371094 0.862792969
vt 0.380371094 0.913085938
vt 0.367675781 0.862792969
vt 0.367675781 0.913085938
vt 0.354980469 0.862792969
vt 0.354980469 0.913085938
vt 0.342285156 0.862792969
vt 0.342285156 0.913085938
vt 0.329589844 0.862792969
vt 0.329589844 0.913085938
vt 0.316894531 0.862792969
vt 0.316894531 0.913085938
vt 0.304443359 0.862792969
vt 0.304443359 0.913085938
vt 0.466308594 0.950195312
vt 0.458007812 0.950195312
vt 0.458007812 0.961425781
vt 0.466308594 0.961425781
vt 0.458007812 0.993164062
vt 0.466308594 0.993164062
vt 0.466308594 0.981933594
vt 0.458007812 0.981933594
vt 0.466308594 0.961425781
vt 0.458007812 0.961425781
vt 0.458007812 0.981933594
vt 0.466308594 0.981933594
vt 0.466308594 0.929199219
vt 0.458007812 0.929199219
vt 0.458007812 0.950195312
vt 0.466308594 0.950195312
vt 0.474609375 0.281738281
vt 0.474609375 0.102355957
vt 0.445068359 0.102355957
vt 0.445068359 0.281738281
vt 0.207519531 0.573730469
vt 0.207519531 0.508789062
vt 0.178100586 0.508789062
vt 0.178100586 0.573730469
vt 0.540527344 0.0740356445
vt 0.540527344 0.271728516
vt 0.568847656 0.270996094
vt 0.568847656 0.073059082
vt 0.235717773 0.572753906
vt 0.235717773 0.509277344
vt 0.209350586 0.509277344
vt 0.209350586 0.572753906
vt 0.445068359 0.281738281
vt 0.445068359 0.102355957
vt 0.380859375 0.0750732422
vt 0.380859375 0.272705078
vt 0.540527344 0.271728516
vt 0.540527344 0.0740356445
vt 0.474609375 0.102355957
vt 0.474609375 0.281738281
vt 0.0983886719 0.327880859
vt 0.169433594 0.327880859
vt 0.169433594 0.293212891
vt 0.0983886719 0.293212891
vt 0.169433594 0.254638672
vt 0.0983886719 0.254638672
vt 0.0983886719 0.293212891
vt 0.169433594 0.293212891
vt 0.0983886719 0.332275391
vt 0.0983886719 0.362548828
vt 0.169433594 0.362548828
vt 0.169433594 0.332275391
vt 0.169433594 0.250244141
vt 0.169433594 0.216064453
vt 0.0983886719 0.216064453
vt 0.0983886719 0.250244141
vt 0.0983886719 0.332275391
vt 0.169433594 0.332275391
vt 0.169433594 0.327880859
vt 0.0983886719 0.327880859
vt 0.173828125 0.327880859
vt 0.173828125 0.297607422
vt 0.169433594 0.293212891
vt 0.169433594 0.327880859
vt 0.0939941406 0.297607422
vt 0.0939941406 0.327880859
vt 0.0983886719 0.327880859
vt 0.0983886719 0.293212891
vt 0.169433594 0.250244141
vt 0.0983886719 0.250244141
vt 0.0983886719 0.254638672
vt 0.169433594 0.254638672
vt 0.0939941406 0.254638672
vt 0.0939941406 0.288818359
vt 0.0983886719 0.293212891
vt 0.0983886719 0.254638672
vt 0.173828125 0.288818359
vt 0.173828125 0.254638672
vt 0.169433594 0.254638672
vt 0.169433594 0.293212891
vt 0.0983886719 0.327880859
vt 0.169433594 0.327880859
vt 0.169433594 0.293212891
vt 0.0983886719 0.293212891
vt 0.169433594 0.254638672
vt 0.0983886719 0.254638672
vt 0.0983886719 0.293212891
vt 0.169433594 0.293212891
vt 0.0983886719 0.332275391
vt 0.0983886719 0.362548828
vt 0.169433594 0.362548828
vt 0.169433594 0.332275391
vt 0.169433594 0.250244141
vt 0.169433594 0.216064453
vt 0.0983886719 0.216064453
vt 0.0983886719 0.250244141
vt 0.0983886719 0.332275391
vt 0.169433594 0.332275391
vt 0.169433594 0.327880859
vt 0.0983886719 0.327880859
vt 0.173828125 0.327880859
vt 0.173828125 0.297607422
vt 0.169433594 0.293212891
vt 0.169433594 0.327880859
vt 0.0939941406 0.297607422
vt 0.0939941406 0.327880859
vt 0.0983886719 0.327880859
vt 0.0983886719 0.293212891
vt 0.169433594 0.250244141
vt 0.0983886719 0.250244141
vt 0.0983886719 0.254638672
vt 0.169433594 0.254638672
vt 0.0939941406 0.254638672
vt 0.0939941406 0.288818359
vt 0.0983886719 0.293212891
vt 0.0983886719 0.254638672
vt 0.173828125 0.288818359
vt 0.173828125 0.254638672
vt 0.169433594 0.254638672
vt 0.169433594 0.293212891
vt 0.0983886719 0.327880859
vt 0.0983886719 0.293212891
vt 0.169433594 0.293212891
vt 0.169433594 0.327880859
vt 0.169433594 0.254638672
vt 0.169433594 0.293212891
vt 0.0983886719 0.293212891
vt 0.0983886719 0.254638672
vt 0.0983886719 0.332275391
vt 0.169433594 0.332275391
vt 0.169433594 0.362548828
vt 0.0983886719 0.362548828
vt 0.169433594 0.250244141
vt 0.0983886719 0.250244141
vt 0.0983886719 0.216064453
vt 0.169433594 0.216064453
vt 0.0983886719 0.332275391
vt 0.0983886719 0.327880859
vt 0.169433594 0.327880859
vt 0.169433594 0.332275391
vt 0.173828125 0.327880859
vt 0.169433594 0.327880859
vt 0.169433594 0.293212891
vt 0.173828125 0.297607422
vt 0.0939941406 0.297607422
vt 0.0983886719 0.293212891
vt 0.0983886719 0.327880859
vt 0.0939941406 0.327880859
vt 0.169433594 0.250244141
vt 0.169433594 0.254638672
vt 0.0983886719 0.254638672
vt 0.0983886719 0.250244141
vt 0.0939941406 0.254638672
vt 0.0983886719 0.254638672
vt 0.0983886719 0.293212891
vt 0.0939941406 0.288818359
vt 0.173828125 0.288818359
vt 0.169433594 0.293212891
vt 0.169433594 0.254638672
vt 0.173828125 0.254638672
vt 0.666015625 0.745605469
vt 0.721191406 0.745605469
vt 0.721191406 0.50390625
vt 0.666015625 0.50390625
vt 0.476074219 0.750488281
vt 0.476074219 0.645019531
vt 0.370117188 0.645019531
vt 0.370117188 0.750488281
vt 0.721679688 0.0126190186
vt 0.666503906 0.0126190186
vt 0.666503906 0.254638672
vt 0.721679688 0.254638672
vt 0.666503906 0.254638672
vt 0.666503906 0.496582031
vt 0.721679688 0.496582031
vt 0.721679688 0.254638672
vt 0.721191406 0.987792969
vt 0.721191406 0.745605469
vt 0.666015625 0.745605469
vt 0.666015625 0.987792969
vt 0.666503906 0.0126190186
vt 0.573730469 0.0728149414
vt 0.573730469 0.194458008
vt 0.666503906 0.254638672
vt 0.666503906 0.254638672
vt 0.570800781 0.310058594
vt 0.570800781 0.44921875
vt 0.666503906 0.496582031
vt 0.666015625 0.50390625
vt 0.577636719 0.563964844
vt 0.577636719 0.685546875
vt 0.666015625 0.745605469
vt 0.666015625 0.745605469
vt 0.5703125 0.793457031
vt 0.5703125 0.932617188
vt 0.666015625 0.987792969
vt 0.721191406 0.745605469
vt 0.727050781 0.739746094
vt 0.727050781 0.509765625
vt 0.721191406 0.50390625
vt 0.721679688 0.496582031
vt 0.727539062 0.490722656
vt 0.727539062 0.260742188
vt 0.721679688 0.254638672
vt 0.721679688 0.254638672
vt 0.727539062 0.248657227
vt 0.727539062 0.0186767578
vt 0.721679688 0.0126190186
vt 0.721191406 0.987792969
vt 0.727050781 0.981933594
vt 0.727050781 0.751953125
vt 0.721191406 0.745605469
vt 0.507324219 0.841796875
vt 0.507324219 0.801269531
vt 0.338623047 0.801269531
vt 0.338623047 0.841796875
vt 0.279052734 0.782226562
vt 0.319335938 0.782226562
vt 0.319335938 0.61328125
vt 0.279052734 0.61328125
vt 0.338623047 0.553710938
vt 0.338623047 0.594238281
vt 0.507324219 0.594238281
vt 0.507324219 0.553710938
vt 0.567382812 0.61328125
vt 0.526855469 0.61328125
vt 0.526855469 0.782226562
vt 0.567382812 0.782226562
vt 0.507324219 0.801269531
vt 0.476074219 0.750488281
vt 0.370117188 0.750488281
vt 0.338623047 0.801269531
vt 0.319335938 0.782226562
vt 0.370117188 0.750488281
vt 0.370117188 0.645019531
vt 0.319335938 0.61328125
vt 0.338623047 0.594238281
vt 0.370117188 0.645019531
vt 0.476074219 0.645019531
vt 0.507324219 0.594238281
vt 0.526855469 0.61328125
vt 0.476074219 0.645019531
vt 0.476074219 0.750488281
vt 0.526855469 0.782226562
vt 0.0983886719 0.327880859
vt 0.0983886719 0.293212891
vt 0.169433594 0.293212891
vt 0.169433594 0.327880859
vt 0.169433594 0.254638672
vt 0.169433594 0.293212891
vt 0.0983886719 0.293212891
vt 0.0983886719 0.254638672
vt 0.0983886719 0.332275391
vt 0.169433594 0.332275391
vt 0.169433594 0.362548828
vt 0.0983886719 0.362548828
vt 0.169433594 0.250244141
vt 0.0983886719 0.250244141
vt 0.0983886719 0.216064453
vt 0.169433594 0.216064453
vt 0.0983886719 0.332275391
vt 0.0983886719 0.327880859
vt 0.169433594 0.327880859
vt 0.169433594 0.332275391
vt 0.173828125 0.327880859
vt 0.169433594 0.327880859
vt 0.169433594 0.293212891
vt 0.173828125 0.297607422
vt 0.0939941406 0.297607422
vt 0.0983886719 0.293212891
vt 0.0983886719 0.327880859
vt 0.0939941406 0.327880859
vt 0.169433594 0.250244141
vt 0.169433594 0.254638672
vt 0.0983886719 0.254638672
vt 0.0983886719 0.250244141
vt 0.0939941406 0.254638672
vt 0.0983886719 0.254638672
vt 0.0983886719 0.293212891
vt 0.0939941406 0.288818359
vt 0.173828125 0.288818359
vt 0.169433594 0.293212891
vt 0.169433594 0.254638672
vt 0.173828125 0.254638672
vt 0.138427734 0.716796875
vt 0.0178070068 0.573242188
vt 0.0178070068 0.716796875
vt 0.138427734 0.573242188
vt 0.138427734 0.545898438
vt 0.0178070068 0.545898438
vt 0.0178070068 0.784179688
vt 0.138427734 0.716796875
vt 0.0178070068 0.716796875
vt 0.138427734 0.784179688
vt 0.0178070068 0.833496094
vt 0.138427734 0.833496094
vt 0.0178070068 0.977050781
vt 0.138427734 0.977050781
vt 0.138427734 0.833496094
vt 0.0178070068 0.833496094
vt 0.0178070068 0.545898438
vt 0.138427734 0.545898438
vt 0.138427734 0.478515625
vt 0.0178070068 0.478515625
vt 0.845214844 0.231445312
vt 0.845214844 0.117370605
vt 0.736328125 0.117370605
vt 0.736328125 0.231445312
vt 0.736328125 0.231445312
vt 0.736328125 0.270019531
vt 0.845214844 0.270019531
vt 0.845214844 0.231445312
vt 0.0178070068 0.451416016
vt 0.138427734 0.451416016
vt 0.138427734 0.401855469
vt 0.0178070068 0.401855469
vt 0.736328125 0.270019531
vt 0.736328125 0.384033203
vt 0.845214844 0.384033203
vt 0.845214844 0.270019531
vt 0.320556641 0.981445312
vt 0.294921875 0.91796875
vt 0.320556641 0.91796875
vt 0.294921875 0.981445312
vt 0.288085938 0.91796875
vt 0.159912109 0.981445312
vt 0.294921875 0.871582031
vt 0.169189453 0.91796875
vt 0.288085938 0.877929688
vt 0.159912109 0.91796875
vt 0.159912109 0.871582031
vt 0.169189453 0.877929688
vt 0.0178070068 0.478515625
vt 0.138427734 0.478515625
vt 0.138427734 0.451416016
vt 0.0178070068 0.451416016
vt 0.320556641 0.91796875
vt 0.294921875 0.981445312
vt 0.320556641 0.981445312
vt 0.294921875 0.91796875
vt 0.288085938 0.91796875
vt 0.294921875 0.871582031
vt 0.159912109 0.981445312
vt 0.288085938 0.877929688
vt 0.169189453 0.91796875
vt 0.159912109 0.871582031
vt 0.159912109 0.91796875
vt 0.169189453 0.877929688
vt 0.845214844 0.384033203
vt 0.736328125 0.384033203
vt 0.736328125 0.422607422
vt 0.845214844 0.422607422
vt 0.331787109 0.943359375
vt 0.34375 0.943847656
vt 0.344238281 0.923828125
vt 0.332275391 0.923828125
vt 0.34375 0.943847656
vt 0.372558594 0.944335938
vt 0.373046875 0.924804688
vt 0.344238281 0.923828125
vt 0.399902344 0.9453125
vt 0.425292969 0.945800781
vt 0.42578125 0.926269531
vt 0.400390625 0.925292969
vt 0.436523438 0.959960938
vt 0.442382812 0.989257812
vt 0.453857422 0.990722656
vt 0.447265625 0.962890625
vt 0.430419922 0.931152344
vt 0.454833984 0.937011719
vt 0.373046875 0.953613281
vt 0.345458984 0.945800781
vt 0.346679688 0.957519531
vt 0.375244141 0.964355469
vt 0.398925781 0.947265625
vt 0.403808594 0.971679688
vt 0.372558594 0.944335938
vt 0.399902344 0.9453125
vt 0.400390625 0.925292969
vt 0.373046875 0.924804688
vt 0.241088867 0.815917969
vt 0.241088867 0.794921875
vt 0.179199219 0.791503906
vt 0.177490234 0.812988281
vt 0.322509766 0.812011719
vt 0.320556641 0.791015625
vt 0.241088867 0.794921875
vt 0.241088867 0.815917969
vt 0.240844727 0.822265625
vt 0.181762695 0.820800781
vt 0.184082031 0.844726562
vt 0.239624023 0.841308594
vt 0.318359375 0.819335938
vt 0.240844727 0.822265625
vt 0.239624023 0.841308594
vt 0.319091797 0.842285156
vt 0.319091797 0.842285156
vt 0.323730469 0.840332031
vt 0.323486328 0.821289062
vt 0.318359375 0.819335938
vt 0.181762695 0.820800781
vt 0.16784668 0.82421875
vt 0.16784668 0.842285156
vt 0.184082031 0.844726562
vt 0.318359375 0.819335938
vt 0.323486328 0.821289062
vt 0.329101562 0.818847656
vt 0.322509766 0.812011719
vt 0.240844727 0.822265625
vt 0.241088867 0.815917969
vt 0.181762695 0.820800781
vt 0.177490234 0.812988281
vt 0.16784668 0.82421875
vt 0.160888672 0.819824219
vt 0.323486328 0.821289062
vt 0.323730469 0.840332031
vt 0.331298828 0.840332031
vt 0.331054688 0.820800781
vt 0.323730469 0.840332031
vt 0.323242188 0.849609375
vt 0.329589844 0.842773438
vt 0.319091797 0.842285156
vt 0.240478516 0.84765625
vt 0.239624023 0.841308594
vt 0.180541992 0.852539062
vt 0.184082031 0.844726562
vt 0.161254883 0.84765625
vt 0.16784668 0.842285156
vt 0.16784668 0.842285156
vt 0.16784668 0.82421875
vt 0.159423828 0.823730469
vt 0.159545898 0.842773438
vt 0.282958984 0.889648438
vt 0.283691406 0.881347656
vt 0.231567383 0.881347656
vt 0.230834961 0.889648438
vt 0.280761719 0.897949219
vt 0.228637695 0.897949219
vt 0.229370117 0.905761719
vt 0.281494141 0.905761719
vt 0.229370117 0.91015625
vt 0.231567383 0.9140625
vt 0.283691406 0.9140625
vt 0.283935547 0.909667969
vt 0.224243164 0.897460938
vt 0.219970703 0.8984375
vt 0.220825195 0.906738281
vt 0.225219727 0.906738281
vt 0.282958984 0.894042969
vt 0.282958984 0.889648438
vt 0.230834961 0.889648438
vt 0.228393555 0.893554688
vt 0.228637695 0.897949219
vt 0.280761719 0.897949219
vt 0.282958984 0.894042969
vt 0.228393555 0.893554688
vt 0.229370117 0.905761719
vt 0.228637695 0.897949219
vt 0.224243164 0.897460938
vt 0.225219727 0.906738281
vt 0.281494141 0.905761719
vt 0.229370117 0.905761719
vt 0.229370117 0.91015625
vt 0.283935547 0.909667969
vt 0.879882812 0.0601806641
vt 0.766601562 0.060546875
vt 0.765136719 0.0727539062
vt 0.882324219 0.072265625
vt 0.883300781 0.0497131348
vt 0.885253906 0.0375976562
vt 0.767089844 0.0375976562
vt 0.769042969 0.0497436523
vt 0.884765625 0.0582275391
vt 0.879882812 0.0601806641
vt 0.882324219 0.072265625
vt 0.887695312 0.0720214844
vt 0.885253906 0.076965332
vt 0.882324219 0.072265625
vt 0.765136719 0.0727539062
vt 0.765136719 0.0783081055
vt 0.759765625 0.073059082
vt 0.765136719 0.0727539062
vt 0.766601562 0.060546875
vt 0.761230469 0.0590209961
vt 0.767089844 0.0549926758
vt 0.766601562 0.060546875
vt 0.879882812 0.0601806641
vt 0.882324219 0.0552062988
vt 0.890625 0.0579833984
vt 0.884765625 0.0582275391
vt 0.887695312 0.0720214844
vt 0.893066406 0.0700073242
vt 0.754394531 0.0715332031
vt 0.759765625 0.073059082
vt 0.761230469 0.0590209961
vt 0.755859375 0.0593261719
vt 0.769042969 0.0497436523
vt 0.767089844 0.0549926758
vt 0.882324219 0.0552062988
vt 0.883300781 0.0497131348
vt 0.767578125 0.0828857422
vt 0.886230469 0.0828857422
vt 0.885253906 0.076965332
vt 0.765136719 0.0783081055
vt 0.766601562 0.935058594
vt 0.766601562 0.834472656
vt 0.753417969 0.834472656
vt 0.753417969 0.935058594
vt 0.753417969 0.834472656
vt 0.766601562 0.834472656
vt 0.766601562 0.767578125
vt 0.753417969 0.767578125
vt 0.754394531 0.888671875
vt 0.767578125 0.888671875
vt 0.767578125 0.787597656
vt 0.754394531 0.787597656
vt 0.754394531 0.787597656
vt 0.767578125 0.787597656
vt 0.767578125 0.720703125
vt 0.754394531 0.720703125
vt 0.858886719 0.45703125
vt 0.887207031 0.513183594
vt 0.887207031 0.45703125
vt 0.858886719 0.513183594
vt 0.835449219 0.511230469
vt 0.835449219 0.459228516
vt 0.817871094 0.499511719
vt 0.817871094 0.470703125
vt 0.854980469 0.577636719
vt 0.883300781 0.577636719
vt 0.883300781 0.521484375
vt 0.854980469 0.521484375
vt 0.831542969 0.5234375
vt 0.831542969 0.575683594
vt 0.813964844 0.53515625
vt 0.813964844 0.563964844
vt 0.813964844 0.608398438
vt 0.805175781 0.637207031
vt 0.813964844 0.637207031
vt 0.805175781 0.608398438
vt 0.813964844 0.584960938
vt 0.805175781 0.584960938
vt 0.813964844 0.563964844
vt 0.805175781 0.563964844
vt 0.813964844 0.53515625
vt 0.805175781 0.53515625
vt 0.813964844 0.514160156
vt 0.805175781 0.514160156
vt 0.813964844 0.490478516
vt 0.805175781 0.490478516
vt 0.813964844 0.461914062
vt 0.805175781 0.461914062
vt 0.858886719 0.45703125
vt 0.887207031 0.513183594
vt 0.887207031 0.45703125
vt 0.858886719 0.513183594
vt 0.835449219 0.511230469
vt 0.835449219 0.459228516
vt 0.817871094 0.499511719
vt 0.817871094 0.470703125
vt 0.854980469 0.577636719
vt 0.883300781 0.577636719
vt 0.883300781 0.521484375
vt 0.854980469 0.521484375
vt 0.831542969 0.5234375
vt 0.831542969 0.575683594
vt 0.813964844 0.53515625
vt 0.813964844 0.563964844
vt 0.813964844 0.608398438
vt 0.805175781 0.637207031
vt 0.813964844 0.637207031
vt 0.805175781 0.608398438
vt 0.813964844 0.584960938
vt 0.805175781 0.584960938
vt 0.813964844 0.563964844
vt 0.805175781 0.563964844
vt 0.813964844 0.53515625
vt 0.805175781 0.53515625
vt 0.813964844 0.514160156
vt 0.805175781 0.514160156
vt 0.813964844 0.490478516
vt 0.805175781 0.490478516
vt 0.813964844 0.461914062
vt 0.805175781 0.461914062
vt 0.278076172 0.136108398
vt 0.372070312 0.136108398
vt 0.372070312 0.0395812988
vt 0.278320312 0.0395812988
vt 0.166015625 0.584960938
vt 0.166015625 0.677246094
vt 0.251464844 0.677246094
vt 0.251464844 0.584960938
vt 0.177734375 0.689941406
vt 0.177734375 0.751464844
vt 0.236938477 0.751464844
vt 0.236938477 0.689941406
vt 0.251464844 0.397460938
vt 0.166015625 0.397460938
vt 0.166015625 0.489746094
vt 0.251464844 0.489746094
vt 0.274902344 0.161987305
vt 0.274902344 0.268310547
vt 0.375488281 0.268310547
vt 0.375488281 0.161987305
vt 0.274902344 0.161987305
vt 0.274902344 0.268310547
vt 0.375488281 0.268310547
vt 0.375488281 0.161987305
vt 0.142578125 0.599609375
vt 0.142578125 0.662597656
vt 0.166015625 0.677246094
vt 0.166015625 0.584960938
vt 0.166015625 0.772460938
vt 0.166015625 0.677246094
vt 0.142578125 0.691894531
vt 0.142578125 0.7578125
vt 0.166015625 0.489746094
vt 0.166015625 0.397460938
vt 0.142578125 0.412109375
vt 0.142578125 0.475341797
vt 0.142578125 0.504394531
vt 0.142578125 0.5703125
vt 0.166015625 0.584960938
vt 0.166015625 0.489746094
vt 0.282958984 0.889648438
vt 0.230834961 0.889648438
vt 0.231567383 0.881347656
vt 0.283691406 0.881347656
vt 0.280761719 0.897949219
vt 0.281494141 0.905761719
vt 0.229370117 0.905761719
vt 0.228637695 0.897949219
vt 0.229370117 0.91015625
vt 0.283935547 0.909667969
vt 0.283691406 0.9140625
vt 0.231567383 0.9140625
vt 0.224243164 0.897460938
vt 0.225219727 0.906738281
vt 0.220825195 0.906738281
vt 0.219970703 0.8984375
vt 0.282958984 0.894042969
vt 0.228393555 0.893554688
vt 0.230834961 0.889648438
vt 0.282958984 0.889648438
vt 0.228637695 0.897949219
vt 0.228393555 0.893554688
vt 0.282958984 0.894042969
vt 0.280761719 0.897949219
vt 0.229370117 0.905761719
vt 0.225219727 0.906738281
vt 0.224243164 0.897460938
vt 0.228637695 0.897949219
vt 0.281494141 0.905761719
vt 0.283935547 0.909667969
vt 0.229370117 0.91015625
vt 0.229370117 0.905761719
vt 0.879394531 0.0601806641
vt 0.882324219 0.072265625
vt 0.765136719 0.0728149414
vt 0.766601562 0.060546875
vt 0.883300781 0.0498046875
vt 0.769042969 0.0498352051
vt 0.767089844 0.0375976562
vt 0.885253906 0.0375976562
vt 0.884765625 0.0581359863
vt 0.887695312 0.0720214844
vt 0.882324219 0.072265625
vt 0.879394531 0.0601806641
vt 0.885253906 0.0768432617
vt 0.765136719 0.0783691406
vt 0.765136719 0.0728149414
vt 0.882324219 0.072265625
vt 0.759765625 0.073059082
vt 0.761230469 0.0589904785
vt 0.766601562 0.060546875
vt 0.765136719 0.0728149414
vt 0.767089844 0.0549926758
vt 0.882324219 0.055267334
vt 0.879394531 0.0601806641
vt 0.766601562 0.060546875
vt 0.890625 0.0579223633
vt 0.893066406 0.0700073242
vt 0.887695312 0.0720214844
vt 0.884765625 0.0581359863
vt 0.754394531 0.071472168
vt 0.755859375 0.0592041016
vt 0.761230469 0.0589904785
vt 0.759765625 0.073059082
vt 0.769042969 0.0498352051
vt 0.883300781 0.0498046875
vt 0.882324219 0.055267334
vt 0.767089844 0.0549926758
vt 0.767578125 0.0828857422
vt 0.765136719 0.0783691406
vt 0.885253906 0.0768432617
vt 0.886230469 0.0828857422
vt 0.870117188 0.127563477
vt 0.865722656 0.127319336
vt 0.865722656 0.139282227
vt 0.869628906 0.139160156
vt 0.865234375 0.150390625
vt 0.869628906 0.150390625
vt 0.865234375 0.161499023
vt 0.869628906 0.161376953
vt 0.865234375 0.172485352
vt 0.869628906 0.172485352
vt 0.865234375 0.18359375
vt 0.869628906 0.18347168
vt 0.865234375 0.194580078
vt 0.869628906 0.194580078
vt 0.865234375 0.205688477
vt 0.869628906 0.205688477
vt 0.864746094 0.217407227
vt 0.869628906 0.217651367
vt 0.873535156 0.129150391
vt 0.870117188 0.127563477
vt 0.869628906 0.139160156
vt 0.873046875 0.139526367
vt 0.869628906 0.150390625
vt 0.873046875 0.150512695
vt 0.869628906 0.161376953
vt 0.873046875 0.161499023
vt 0.869628906 0.172485352
vt 0.873046875 0.172485352
vt 0.869628906 0.18347168
vt 0.873046875 0.18359375
vt 0.869628906 0.194580078
vt 0.873046875 0.194580078
vt 0.869628906 0.205688477
vt 0.873046875 0.205566406
vt 0.869628906 0.217651367
vt 0.873046875 0.216064453
vt 0.862304688 0.139282227
vt 0.865722656 0.127319336
vt 0.861816406 0.12878418
vt 0.865722656 0.139282227
vt 0.862304688 0.150390625
vt 0.865234375 0.150390625
vt 0.862304688 0.161376953
vt 0.865234375 0.161499023
vt 0.862304688 0.172363281
vt 0.865234375 0.172485352
vt 0.862304688 0.18347168
vt 0.865234375 0.18359375
vt 0.862304688 0.194458008
vt 0.865234375 0.194580078
vt 0.862304688 0.205444336
vt 0.865234375 0.205688477
vt 0.861816406 0.215820312
vt 0.864746094 0.217407227
vt 0.53125 0.841308594
vt 0.53125 0.820800781
vt 0.515136719 0.8203125
vt 0.514648438 0.841308594
vt 0.53125 0.841308594
vt 0.555664062 0.841796875
vt 0.555664062 0.820800781
vt 0.53125 0.820800781
vt 0.531738281 0.791503906
vt 0.516113281 0.791503906
vt 0.515625 0.812011719
vt 0.531738281 0.8125
vt 0.531738281 0.791503906
vt 0.531738281 0.8125
vt 0.555664062 0.8125
vt 0.555664062 0.791503906
vt 0.53125 0.849121094
vt 0.514648438 0.841308594
vt 0.515136719 0.849609375
vt 0.53125 0.841308594
vt 0.555175781 0.850097656
vt 0.555664062 0.841796875
vt 0.515625 0.812011719
vt 0.515136719 0.8203125
vt 0.53125 0.820800781
vt 0.531738281 0.8125
vt 0.555664062 0.820800781
vt 0.555664062 0.8125
vt 0.555664062 0.8125
vt 0.563476562 0.8125
vt 0.563476562 0.791503906
vt 0.555664062 0.791503906
vt 0.90625 0.406494141
vt 0.907226562 0.438476562
vt 0.91015625 0.438232422
vt 0.909179688 0.405761719
vt 0.905273438 0.376953125
vt 0.913085938 0.437744141
vt 0.908203125 0.376464844
vt 0.905273438 0.359863281
vt 0.912109375 0.405273438
vt 0.916015625 0.437744141
vt 0.907714844 0.360351562
vt 0.904785156 0.342285156
vt 0.911132812 0.375976562
vt 0.915039062 0.405761719
vt 0.918945312 0.438232422
vt 0.91796875 0.406005859
vt 0.9140625 0.376220703
vt 0.916992188 0.376464844
vt 0.907226562 0.341064453
vt 0.903808594 0.325195312
vt 0.910644531 0.360351562
vt 0.913574219 0.359619141
vt 0.916015625 0.359375
vt 0.91015625 0.341552734
vt 0.912597656 0.342773438
vt 0.915527344 0.341796875
vt 0.915039062 0.324707031
vt 0.906738281 0.325195312
vt 0.903320312 0.316162109
vt 0.909667969 0.325683594
vt 0.90625 0.31640625
vt 0.903808594 0.312744141
vt 0.912597656 0.325195312
vt 0.909179688 0.316162109
vt 0.90625 0.313720703
vt 0.903808594 0.261230469
vt 0.912597656 0.315673828
vt 0.915527344 0.315429688
vt 0.909179688 0.314208984
vt 0.90625 0.262695312
vt 0.903808594 0.233642578
vt 0.912109375 0.313232422
vt 0.915039062 0.312744141
vt 0.909179688 0.262939453
vt 0.90625 0.235229492
vt 0.903808594 0.208129883
vt 0.912109375 0.26171875
vt 0.915039062 0.261474609
vt 0.909179688 0.235229492
vt 0.90625 0.209594727
vt 0.903320312 0.200195312
vt 0.912109375 0.233886719
vt 0.915039062 0.233764648
vt 0.909179688 0.209472656
vt 0.90625 0.201293945
vt 0.903808594 0.186645508
vt 0.911621094 0.208251953
vt 0.914550781 0.208374023
vt 0.909179688 0.200317383
vt 0.90625 0.187866211
vt 0.903320312 0.168212891
vt 0.912109375 0.19909668
vt 0.914550781 0.200317383
vt 0.909179688 0.189331055
vt 0.90625 0.169189453
vt 0.903320312 0.162475586
vt 0.912109375 0.188476562
vt 0.915039062 0.186767578
vt 0.909667969 0.172363281
vt 0.90625 0.163452148
vt 0.903808594 0.153320312
vt 0.912109375 0.171630859
vt 0.915527344 0.168457031
vt 0.909179688 0.164672852
vt 0.906738281 0.154052734
vt 0.904296875 0.142700195
vt 0.912109375 0.1640625
vt 0.915039062 0.162475586
vt 0.909179688 0.153808594
vt 0.907226562 0.143066406
vt 0.903320312 0.138183594
vt 0.912109375 0.153198242
vt 0.9140625 0.153320312
vt 0.908691406 0.141357422
vt 0.90625 0.138061523
vt 0.902832031 0.132324219
vt 0.905761719 0.132080078
vt 0.911621094 0.141113281
vt 0.913574219 0.142822266
vt 0.909179688 0.137207031
vt 0.908691406 0.132446289
vt 0.911621094 0.136962891
vt 0.914550781 0.137817383
vt 0.912109375 0.132324219
vt 0.915039062 0.131835938
vt 0.036529541 0.177490234
vt 0.0339355469 0.192260742
vt 0.0586853027 0.199829102
vt 0.0622253418 0.186157227
vt 0.038269043 0.172729492
vt 0.0844116211 0.206054688
vt 0.0635986328 0.181518555
vt 0.0461730957 0.162963867
vt 0.0870361328 0.192138672
vt 0.110595703 0.209838867
vt 0.0675048828 0.170410156
vt 0.137695312 0.164794922
vt 0.087890625 0.18737793
vt 0.112060547 0.195800781
vt 0.137084961 0.211303711
vt 0.0905151367 0.17578125
vt 0.112487793 0.191040039
vt 0.137207031 0.197143555
vt 0.163574219 0.210327148
vt 0.113952637 0.179077148
vt 0.137207031 0.192382812
vt 0.162475586 0.196289062
vt 0.189819336 0.20703125
vt 0.137695312 0.180419922
vt 0.161987305 0.19140625
vt 0.1875 0.193115234
vt 0.215576172 0.201293945
vt 0.161376953 0.179443359
vt 0.186645508 0.188354492
vt 0.212524414 0.187744141
vt 0.240234375 0.194580078
vt 0.238647461 0.180175781
vt 0.211181641 0.183105469
vt 0.237182617 0.175292969
vt 0.184936523 0.176513672
vt 0.208007812 0.171630859
vt 0.229492188 0.164550781
vt 0.223510742 0.0975341797
vt 0.223510742 0.0883178711
vt 0.200927734 0.0883178711
vt 0.200927734 0.0975341797
vt 0.178222656 0.0883178711
vt 0.178222656 0.0975341797
vt 0.155639648 0.0883178711
vt 0.155639648 0.0975341797
vt 0.13293457 0.0883178711
vt 0.13293457 0.0975341797
vt 0.110351562 0.0883178711
vt 0.110351562 0.0975341797
vt 0.0877075195 0.0883178711
vt 0.0877075195 0.0975341797
vt 0.0650634766 0.0883178711
vt 0.0650634766 0.0975341797
vt 0.0424194336 0.0883178711
vt 0.0424194336 0.0975341797
vt 0.0303192139 0.11126709
vt 0.0281219482 0.11340332
vt 0.0500183105 0.13659668
vt 0.051940918 0.134155273
vt 0.0391235352 0.105895996
vt 0.0766601562 0.153686523
vt 0.0584716797 0.126342773
vt 0.0780029297 0.150878906
vt 0.106506348 0.16418457
vt 0.0825195312 0.141723633
vt 0.107177734 0.161254883
vt 0.137939453 0.167724609
vt 0.10949707 0.151245117
vt 0.137939453 0.164550781
vt 0.169311523 0.16394043
vt 0.137939453 0.154296875
vt 0.168579102 0.160888672
vt 0.19909668 0.153076172
vt 0.166259766 0.150878906
vt 0.197631836 0.150390625
vt 0.225585938 0.135742188
vt 0.193115234 0.141113281
vt 0.223632812 0.133422852
vt 0.247314453 0.112487793
vt 0.217041016 0.125488281
vt 0.245117188 0.110351562
vt 0.236206055 0.104858398
vt 0.036529541 0.177490234
vt 0.0339355469 0.192260742
vt 0.0586853027 0.199829102
vt 0.0622253418 0.186157227
vt 0.038269043 0.172729492
vt 0.0844116211 0.206054688
vt 0.0635986328 0.181518555
vt 0.0461730957 0.162963867
vt 0.0870361328 0.192138672
vt 0.110595703 0.209838867
vt 0.0675048828 0.170410156
vt 0.137695312 0.164794922
vt 0.087890625 0.18737793
vt 0.112060547 0.195800781
vt 0.137084961 0.211303711
vt 0.0905151367 0.17578125
vt 0.112487793 0.191040039
vt 0.137207031 0.197143555
vt 0.163574219 0.210327148
vt 0.113952637 0.179077148
vt 0.137207031 0.192382812
vt 0.162475586 0.196289062
vt 0.189819336 0.20703125
vt 0.137695312 0.180419922
vt 0.161987305 0.19140625
vt 0.1875 0.193115234
vt 0.215576172 0.201293945
vt 0.161376953 0.179443359
vt 0.186645508 0.188354492
vt 0.212524414 0.187744141
vt 0.240234375 0.194580078
vt 0.238647461 0.180175781
vt 0.211181641 0.183105469
vt 0.237182617 0.175292969
vt 0.184936523 0.176513672
vt 0.208007812 0.171630859
vt 0.229492188 0.164550781
vt 0.223510742 0.0975341797
vt 0.223510742 0.0883178711
vt 0.200927734 0.0883178711
vt 0.200927734 0.0975341797
vt 0.178222656 0.0883178711
vt 0.178222656 0.0975341797
vt 0.155639648 0.0883178711
vt 0.155639648 0.0975341797
vt 0.13293457 0.0883178711
vt 0.13293457 0.0975341797
vt 0.110351562 0.0883178711
vt 0.110351562 0.0975341797
vt 0.0877075195 0.0883178711
vt 0.0877075195 0.0975341797
vt 0.0650634766 0.0883178711
vt 0.0650634766 0.0975341797
vt 0.0424194336 0.0883178711
vt 0.0424194336 0.0975341797
vt 0.0303192139 0.11126709
vt 0.0281219482 0.11340332
vt 0.0500183105 0.13659668
vt 0.051940918 0.134155273
vt 0.0391235352 0.105895996
vt 0.0766601562 0.153686523
vt 0.0584716797 0.126342773
vt 0.0780029297 0.150878906
vt 0.106506348 0.16418457
vt 0.0825195312 0.141723633
vt 0.107177734 0.161254883
vt 0.137939453 0.167724609
vt 0.10949707 0.151245117
vt 0.137939453 0.164550781
vt 0.169311523 0.16394043
vt 0.137939453 0.154296875
vt 0.168579102 0.160888672
vt 0.19909668 0.153076172
vt 0.166259766 0.150878906
vt 0.197631836 0.150390625
vt 0.225585938 0.135742188
vt 0.193115234 0.141113281
vt 0.223632812 0.133422852
vt 0.247314453 0.112487793
vt 0.217041016 0.125488281
vt 0.245117188 0.110351562
vt 0.236206055 0.104858398
vt 0.824707031 0.897949219
vt 0.812988281 0.88671875
vt 0.81640625 0.895019531
vt 0.852539062 0.897949219
vt 0.863769531 0.88671875
vt 0.860351562 0.895019531
vt 0.863769531 0.774414062
vt 0.812988281 0.774414062
vt 0.852539062 0.763183594
vt 0.860351562 0.766601562
vt 0.824707031 0.763183594
vt 0.81640625 0.766601562
vt 0.812988281 0.88671875
vt 0.824707031 0.897949219
vt 0.81640625 0.895019531
vt 0.863769531 0.88671875
vt 0.852539062 0.897949219
vt 0.860351562 0.895019531
vt 0.863769531 0.774414062
vt 0.812988281 0.774414062
vt 0.824707031 0.763183594
vt 0.81640625 0.766601562
vt 0.852539062 0.763183594
vt 0.860351562 0.766601562
vt 0.433105469 0.426513672
vt 0.446533203 0.474121094
vt 0.433105469 0.474121094
vt 0.446533203 0.426513672
vt 0.433105469 0.419433594
vt 0.446533203 0.419433594
vt 0.433105469 0.409912109
vt 0.446533203 0.409912109
vt 0.446777344 0.426513672
vt 0.446777344 0.474121094
vt 0.432861328 0.474121094
vt 0.432861328 0.426513672
vt 0.446777344 0.419433594
vt 0.432861328 0.419433594
vt 0.446777344 0.409912109
vt 0.432861328 0.409912109
vt 0.432861328 0.426513672
vt 0.432861328 0.474121094
vt 0.430908203 0.474121094
vt 0.430908203 0.426513672
vt 0.432861328 0.419433594
vt 0.430908203 0.419433594
vt 0.432861328 0.409912109
vt 0.430908203 0.409912109
vt 0.432861328 0.474121094
vt 0.446777344 0.474121094
vt 0.446777344 0.476074219
vt 0.432861328 0.476074219
vt 0.446777344 0.474121094
vt 0.448486328 0.426513672
vt 0.448486328 0.474121094
vt 0.446777344 0.426513672
vt 0.448486328 0.419433594
vt 0.446777344 0.419433594
vt 0.448486328 0.409912109
vt 0.446777344 0.409912109
vt 0.433105469 0.426513672
vt 0.433105469 0.474121094
vt 0.446533203 0.474121094
vt 0.446533203 0.426513672
vt 0.433105469 0.419433594
vt 0.446533203 0.419433594
vt 0.433105469 0.409912109
vt 0.446533203 0.409912109
vt 0.446777344 0.426513672
vt 0.432861328 0.474121094
vt 0.446777344 0.474121094
vt 0.432861328 0.426513672
vt 0.446777344 0.419433594
vt 0.432861328 0.419433594
vt 0.446777344 0.409912109
vt 0.432861328 0.409912109
vt 0.432861328 0.426513672
vt 0.430908203 0.474121094
vt 0.432861328 0.474121094
vt 0.430908203 0.426513672
vt 0.432861328 0.419433594
vt 0.430908203 0.419433594
vt 0.432861328 0.409912109
vt 0.430908203 0.409912109
vt 0.432861328 0.474121094
vt 0.432861328 0.476074219
vt 0.446777344 0.476074219
vt 0.446777344 0.474121094
vt 0.446777344 0.474121094
vt 0.448486328 0.474121094
vt 0.448486328 0.426513672
vt 0.446777344 0.426513672
vt 0.448486328 0.419433594
vt 0.446777344 0.419433594
vt 0.448486328 0.409912109
vt 0.446777344 0.409912109
vt 0.422851562 0.288330078
vt 0.289794922 0.299072266
vt 0.289794922 0.288330078
vt 0.422851562 0.299072266
vt 0.289794922 0.309814453
vt 0.422851562 0.309814453
vt 0.289794922 0.344726562
vt 0.422851562 0.344726562
vt 0.289794922 0.35546875
vt 0.422851562 0.35546875
vt 0.289794922 0.366210938
vt 0.422851562 0.366210938
vt 0.412597656 0.478759766
vt 0.422851562 0.506347656
vt 0.412597656 0.506347656
vt 0.298583984 0.478759766
vt 0.289794922 0.506347656
vt 0.298583984 0.506347656
vt 0.412597656 0.299072266
vt 0.412597656 0.288330078
vt 0.422851562 0.288330078
vt 0.422851562 0.299072266
vt 0.412597656 0.309814453
vt 0.422851562 0.309814453
vt 0.412597656 0.344726562
vt 0.422851562 0.344726562
vt 0.412597656 0.35546875
vt 0.422851562 0.35546875
vt 0.412597656 0.366210938
vt 0.422851562 0.366210938
vt 0.412597656 0.393798828
vt 0.422851562 0.506347656
vt 0.298583984 0.393798828
vt 0.289794922 0.506347656
vt 0.289794922 0.366210938
vt 0.298583984 0.366210938
vt 0.298583984 0.35546875
vt 0.289794922 0.35546875
vt 0.298583984 0.344726562
vt 0.289794922 0.344726562
vt 0.298583984 0.309814453
vt 0.289794922 0.309814453
vt 0.298583984 0.299072266
vt 0.289794922 0.299072266
vt 0.298583984 0.288330078
vt 0.289794922 0.288330078
vt 0.772949219 0.600585938
vt 0.772949219 0.622070312
vt 0.75 0.622070312
vt 0.75 0.600585938
vt 0.772949219 0.587890625
vt 0.75 0.587890625
vt 0.772949219 0.574707031
vt 0.75 0.574707031
vt 0.772949219 0.535644531
vt 0.75 0.535644531
vt 0.772949219 0.522460938
vt 0.75 0.522460938
vt 0.772949219 0.509765625
vt 0.75 0.509765625
vt 0.75 0.48828125
vt 0.772949219 0.48828125
vt 0.75 0.622070312
vt 0.772949219 0.622070312
vt 0.772949219 0.625976562
vt 0.75 0.625976562
vt 0.75 0.600585938
vt 0.75 0.622070312
vt 0.746582031 0.622070312
vt 0.746582031 0.600585938
vt 0.75 0.587890625
vt 0.746582031 0.587890625
vt 0.75 0.574707031
vt 0.746582031 0.574707031
vt 0.746582031 0.535644531
vt 0.75 0.535644531
vt 0.75 0.522460938
vt 0.746582031 0.522460938
vt 0.75 0.509765625
vt 0.746582031 0.509765625
vt 0.746582031 0.48828125
vt 0.75 0.48828125
vt 0.772949219 0.509765625
vt 0.772949219 0.48828125
vt 0.776855469 0.48828125
vt 0.776855469 0.509765625
vt 0.772949219 0.522460938
vt 0.776855469 0.522460938
vt 0.772949219 0.535644531
vt 0.776855469 0.535644531
vt 0.776855469 0.574707031
vt 0.772949219 0.574707031
vt 0.772949219 0.587890625
vt 0.776855469 0.587890625
vt 0.772949219 0.600585938
vt 0.776855469 0.600585938
vt 0.776855469 0.622070312
vt 0.772949219 0.622070312
vt 0.75 0.48828125
vt 0.75 0.484619141
vt 0.772949219 0.484619141
vt 0.772949219 0.48828125
vt 0.772949219 0.600585938
vt 0.772949219 0.622070312
vt 0.75 0.622070312
vt 0.75 0.600585938
vt 0.772949219 0.587890625
vt 0.75 0.587890625
vt 0.772949219 0.574707031
vt 0.75 0.574707031
vt 0.772949219 0.535644531
vt 0.75 0.535644531
vt 0.772949219 0.522460938
vt 0.75 0.522460938
vt 0.772949219 0.509765625
vt 0.75 0.509765625
vt 0.75 0.48828125
vt 0.772949219 0.48828125
vt 0.75 0.622070312
vt 0.772949219 0.622070312
vt 0.772949219 0.625976562
vt 0.75 0.625976562
vt 0.75 0.600585938
vt 0.75 0.622070312
vt 0.746582031 0.622070312
vt 0.746582031 0.600585938
vt 0.75 0.587890625
vt 0.746582031 0.587890625
vt 0.75 0.574707031
vt 0.746582031 0.574707031
vt 0.746582031 0.535644531
vt 0.75 0.535644531
vt 0.75 0.522460938
vt 0.746582031 0.522460938
vt 0.75 0.509765625
vt 0.746582031 0.509765625
vt 0.746582031 0.48828125
vt 0.75 0.48828125
vt 0.772949219 0.509765625
vt 0.772949219 0.48828125
vt 0.776855469 0.48828125
vt 0.776855469 0.509765625
vt 0.772949219 0.522460938
vt 0.776855469 0.522460938
vt 0.772949219 0.535644531
vt 0.776855469 0.535644531
vt 0.776855469 0.574707031
vt 0.772949219 0.574707031
vt 0.772949219 0.587890625
vt 0.776855469 0.587890625
vt 0.772949219 0.600585938
vt 0.776855469 0.600585938
vt 0.776855469 0.622070312
vt 0.772949219 0.622070312
vt 0.75 0.48828125
vt 0.75 0.484619141
vt 0.772949219 0.484619141
vt 0.772949219 0.48828125
vt 0.772949219 0.600585938
vt 0.772949219 0.622070312
vt 0.75 0.622070312
vt 0.75 0.600585938
vt 0.772949219 0.587890625
vt 0.75 0.587890625
vt 0.772949219 0.574707031
vt 0.75 0.574707031
vt 0.772949219 0.535644531
vt 0.75 0.535644531
vt 0.772949219 0.522460938
vt 0.75 0.522460938
vt 0.772949219 0.509765625
vt 0.75 0.509765625
vt 0.75 0.48828125
vt 0.772949219 0.48828125
vt 0.75 0.622070312
vt 0.772949219 0.622070312
vt 0.772949219 0.625976562
vt 0.75 0.625976562
vt 0.75 0.600585938
vt 0.75 0.622070312
vt 0.746582031 0.622070312
vt 0.746582031 0.600585938
vt 0.75 0.587890625
vt 0.746582031 0.587890625
vt 0.75 0.574707031
vt 0.746582031 0.574707031
vt 0.746582031 0.535644531
vt 0.75 0.535644531
vt 0.75 0.522460938
vt 0.746582031 0.522460938
vt 0.75 0.509765625
vt 0.746582031 0.509765625
vt 0.746582031 0.48828125
vt 0.75 0.48828125
vt 0.772949219 0.509765625
vt 0.772949219 0.48828125
vt 0.776855469 0.48828125
vt 0.776855469 0.509765625
vt 0.772949219 0.522460938
vt 0.776855469 0.522460938
vt 0.772949219 0.535644531
vt 0.776855469 0.535644531
vt 0.776855469 0.574707031
vt 0.772949219 0.574707031
vt 0.772949219 0.587890625
vt 0.776855469 0.587890625
vt 0.772949219 0.600585938
vt 0.776855469 0.600585938
vt 0.776855469 0.622070312
vt 0.772949219 0.622070312
vt 0.75 0.48828125
vt 0.75 0.484619141
vt 0.772949219 0.484619141
vt 0.772949219 0.48828125
vt 0.772949219 0.600585938
vt 0.772949219 0.622070312
vt 0.75 0.622070312
vt 0.75 0.600585938
vt 0.772949219 0.587890625
vt 0.75 0.587890625
vt 0.772949219 0.574707031
vt 0.75 0.574707031
vt 0.772949219 0.535644531
vt 0.75 0.535644531
vt 0.772949219 0.522460938
vt 0.75 0.522460938
vt 0.772949219 0.509765625
vt 0.75 0.509765625
vt 0.75 0.48828125
vt 0.772949219 0.48828125
vt 0.75 0.622070312
vt 0.772949219 0.622070312
vt 0.772949219 0.625976562
vt 0.75 0.625976562
vt 0.75 0.600585938
vt 0.75 0.622070312
vt 0.746582031 0.622070312
vt 0.746582031 0.600585938
vt 0.75 0.587890625
vt 0.746582031 0.587890625
vt 0.75 0.574707031
vt 0.746582031 0.574707031
vt 0.746582031 0.535644531
vt 0.75 0.535644531
vt 0.75 0.522460938
vt 0.746582031 0.522460938
vt 0.75 0.509765625
vt 0.746582031 0.509765625
vt 0.746582031 0.48828125
vt 0.75 0.48828125
vt 0.772949219 0.509765625
vt 0.772949219 0.48828125
vt 0.776855469 0.48828125
vt 0.776855469 0.509765625
vt 0.772949219 0.522460938
vt 0.776855469 0.522460938
vt 0.772949219 0.535644531
vt 0.776855469 0.535644531
vt 0.776855469 0.574707031
vt 0.772949219 0.574707031
vt 0.772949219 0.587890625
vt 0.776855469 0.587890625
vt 0.772949219 0.600585938
vt 0.776855469 0.600585938
vt 0.776855469 0.622070312
vt 0.772949219 0.622070312
vt 0.75 0.48828125
vt 0.75 0.484619141
vt 0.772949219 0.484619141
vt 0.772949219 0.48828125
vt 0.4296875 0.292480469
vt 0.456298828 0.403320312
vt 0.4296875 0.403320312
vt 0.456298828 0.292480469
vt 0.466796875 0.403320312
vt 0.466796875 0.292480469
vt 0.477294922 0.403320312
vt 0.477294922 0.292480469
vt 0.511230469 0.403320312
vt 0.511230469 0.292480469
vt 0.521972656 0.403320312
vt 0.521972656 0.292480469
vt 0.532226562 0.403320312
vt 0.532226562 0.292480469
vt 0.559082031 0.403320312
vt 0.559082031 0.292480469
vt 0.251464844 0.584960938
vt 0.174560547 0.575683594
vt 0.166015625 0.584960938
vt 0.166015625 0.489746094
vt 0.240112305 0.575683594
vt 0.174560547 0.506347656
vt 0.240112305 0.506347656
vt 0.251464844 0.489746094
vt 0.166015625 0.677246094
vt 0.240112305 0.686523438
vt 0.251464844 0.677246094
vt 0.251464844 0.772460938
vt 0.174560547 0.686523438
vt 0.240112305 0.755859375
vt 0.174560547 0.755859375
vt 0.166015625 0.772460938
vt 0.473144531 0.913574219
vt 0.494140625 0.913574219
vt 0.479248047 0.898925781
vt 0.479248047 0.928222656
vt 0.494140625 0.892578125
vt 0.494140625 0.934570312
vt 0.508789062 0.898925781
vt 0.508789062 0.928222656
vt 0.515136719 0.913574219
vt 0.0859375 0.124328613
vt 0.109619141 0.124328613
vt 0.0928955078 0.107543945
vt 0.0928955078 0.141113281
vt 0.109619141 0.100646973
vt 0.109619141 0.147949219
vt 0.126342773 0.107543945
vt 0.126342773 0.141113281
vt 0.133300781 0.124328613
vt 0.172607422 0.11126709
vt 0.156738281 0.127075195
vt 0.179077148 0.127075195
vt 0.156738281 0.104736328
vt 0.172607422 0.142944336
vt 0.140869141 0.11126709
vt 0.156738281 0.149536133
vt 0.134399414 0.127075195
vt 0.140869141 0.142944336
vt 0.0859375 0.124328613
vt 0.109619141 0.124328613
vt 0.0928955078 0.107543945
vt 0.0928955078 0.141113281
vt 0.109619141 0.100646973
vt 0.109619141 0.147949219
vt 0.126342773 0.107543945
vt 0.126342773 0.141113281
vt 0.133300781 0.124328613
vt 0.172607422 0.11126709
vt 0.156738281 0.127075195
vt 0.179077148 0.127075195
vt 0.156738281 0.104736328
vt 0.172607422 0.142944336
vt 0.140869141 0.11126709
vt 0.156738281 0.149536133
vt 0.134399414 0.127075195
vt 0.140869141 0.142944336
vn -9.53674316E-07 -1 -4.17232513E-07
vn 9.53674316E-07 -1 -4.17232513E-07
vn -0.70703125 -0.70703125 -3.57627869E-07
vn -0.70703125 -0.70703125 -3.57627869E-07
vn -1 4.70876694E-06 -1.07288361E-06
vn -1 4.70876694E-06 -1.07288361E-06
vn -0.70703125 0.70703125 -1.07288361E-06
vn -0.70703125 0.70703125 -1.07288361E-06
vn -1.1920929E-06 1 -4.76837158E-07
vn 1.1920929E-06 1 -4.76837158E-07
vn 0.70703125 0.70703125 -5.36441803E-07
vn 0.70703125 0.70703125 -5.36441803E-07
vn 1 -4.70876694E-06 -1.07288361E-06
vn 1 -4.70876694E-06 -1.07288361E-06
vn 0.70703125 -0.70703125 -1.13248825E-06
vn 0.70703125 -0.70703125 -1.13248825E-06
vn 9.53674316E-07 -1 -4.17232513E-07
vn -9.53674316E-07 -1 -4.17232513E-07
vn -0 0 1
vn -0 0 1
vn -0 0 1
vn -0 0 1
vn -0 2.23517418E-05 -1
vn -0 2.23517418E-05 -1
vn -0 2.23517418E-05 -1
vn -0 2.23517418E-05 -1
vn 1 0 0
vn 1 0 0
vn 1 0 0
vn 1 0 0
vn -1 0 0
vn -1 0 0
vn -1 0 0
vn -1 0 0
vn -0 0.413330078 0.910644531
vn -0 0.413330078 0.910644531
vn -0 0.413330078 0.910644531
vn -0 0.413330078 0.910644531
vn -0 1 0
vn -0 1 0
vn -0 1 0
vn -0 1 0
vn -0 -0.362304688 -0.932128906
vn -0 -0.362304688 -0.932128906
vn -0 -0.362304688 -0.932128906
vn -0 -0.362304688 -0.932128906
vn -0 -0.957519531 0.288330078
vn -0 -0.957519531 0.288330078
vn -0 -0.957519531 0.288330078
vn -0 -0.957519531 0.288330078
vn 1 0 0
vn 1 0 0
vn 1 0 0
vn 1 0 0
vn -1 0 0
vn -1 0 0
vn -1 0 0
vn -1 0 0
vn -0 -1 0
vn -0 -1 0
vn -0 -1 0
vn -0 -1 0
vn 1 0 0
vn 1 0 0
vn 1 0 0
vn 1 0 0
vn -0 1 0
vn -0 1 0
vn -0 1 0
vn -0 1 0
vn -1 0 0
vn -1 0 0
vn -1 0 0
vn -1 0 0
vn -1 0 0
vn -1 0 0
vn -1 0 0
vn -1 0 0
vn -0 0 1
vn -0 0 1
vn -0 0 1
vn -0 0 1
vn -3.21865082E-06 0 -1
vn -0 0 -1
vn -0 0 -1
vn -3.21865082E-06 0 -1
vn -0 1 0
vn -0 1 0
vn -0 1 0
vn -0 1 0
vn -6.13927841E-06 0 -1
vn -3.21865082E-06 0 -1
vn -3.21865082E-06 0 -1
vn -6.13927841E-06 0 -1
vn -0 0 1
vn -0 0 1
vn -0 0 1
vn -0 0 1
vn -0 1 0
vn -0 1 0
vn -0 1 0
vn -0 1 0
vn -1 0 0
vn -1 0 0
vn -1 0 0
vn -1 0 0
vn -0 -1 0
vn -0 -1 0
vn -0 -1 0
vn -0 -1 0
vn 1 0 0
vn 1 0 0
vn 1 0 0
vn 1 0 0
vn 1 0 0
vn 1 0 0
vn 1 0 0
vn 1 0 0
vn -0 0 1
vn -0 0 1
vn -0 0 1
vn -0 0 1
vn 3.21865082E-06 0 -1
vn -0 0 -1
vn -0 0 -1
vn 3.21865082E-06 0 -1
vn -0 -1 0
vn -0 -1 0
vn -0 -1 0
vn -0 -1 0
vn 6.13927841E-06 0 -1
vn 3.21865082E-06 0 -1
vn 3.21865082E-06 0 -1
vn 6.13927841E-06 0 -1
vn -0 0 1
vn -0 0 1
vn -0 0 1
vn -0 0 1
vn -0 -1 0
vn -0 -1 0
vn -0 -1 0
vn -0 -1 0
vn -1 0 0
vn -1 0 0
vn -1 0 0
vn -1 0 0
vn -0 1 0
vn -0 1 0
vn -0 1 0
vn -0 1 0
vn 1 0 0
vn 1 0 0
vn 1 0 0
vn 1 0 0
vn 1 0 0
vn 1 0 0
vn 1 0 0
vn 1 0 0
vn -0 0 1
vn -0 0 1
vn -1.78813934E-07 0 1
vn -1.78813934E-07 0 1
vn 3.21865082E-06 0 -1
vn 3.21865082E-06 0 -1
vn -0 0 -1
vn -0 0 -1
vn -0 1 0
vn -0 1 0
vn -0 1 0
vn -0 1 0
vn 6.13927841E-06 0 -1
vn 6.13927841E-06 0 -1
vn 3.21865082E-06 0 -1
vn 3.21865082E-06 0 -1
vn -1.78813934E-07 0 1
vn -1.78813934E-07 0 1
vn -3.57627869E-07 0 1
vn -3.57627869E-07 0 1
vn -0 1 0
vn -0 1 0
vn -0 1 0
vn -0 1 0
vn -0 0 -1
vn -0 0 -1
vn -0 0 -1
vn -0 0 -1
vn -0 -1 0
vn -0 -1 0
vn -0 -1 0
vn -0 -1 0
vn 1 0 0
vn 1 0 0
vn 1 0 0
vn 1 0 0
vn -1 0 0
vn -1 0 0
vn -1 0 0
vn -1 0 0
vn -0 -0.803222656 0.595703125
vn -0 -0.803222656 0.595703125
vn -0 -0.803222656 0.595703125
vn -0 -0.803222656 0.595703125
vn 0.778320312 0 0.627929688
vn 0.778320312 0 0.627929688
vn 0.778320312 0 0.627929688
vn 0.778320312 0 0.627929688
vn -0 0.844238281 0.536132812
vn -0 0.844238281 0.536132812
vn -0 0.844238281 0.536132812
vn -0 0.844238281 0.536132812
vn -0.778320312 0 0.627929688
vn -0.778320312 0 0.627929688
vn -0.778320312 0 0.627929688
vn -0.778320312 0 0.627929688
vn -1.78813934E-07 0 -1
vn -1.78813934E-07 0 -1
vn -4.76837158E-07 0 -1
vn -4.76837158E-07 0 -1
vn -4.76837158E-07 0 -1
vn -4.76837158E-07 0 -1
vn -4.76837158E-07 0 -1
vn -4.76837158E-07 0 -1
vn -4.76837158E-07 0 -1
vn -4.76837158E-07 0 -1
vn -1.78813934E-07 0 -1
vn -1.78813934E-07 0 -1
vn -1.78813934E-07 0 -1
vn -1.78813934E-07 0 -1
vn -1.78813934E-07 0 -1
vn -1.78813934E-07 0 -1
vn -0 -1 0
vn -0 -1 0
vn -0 -1 0
vn -0 -1 0
vn -1 0 0
vn -1 0 0
vn -1 0 0
vn -1 0 0
vn -0 1 0
vn -0 1 0
vn -0 1 0
vn -0 1 0
vn 1 0 0
vn 1 0 0
vn 1 0 0
vn 1 0 0
vn -0 -0.782226562 -0.623046875
vn -0 -0.782226562 -0.623046875
vn -0 -0.782226562 -0.623046875
vn -0 -0.782226562 -0.623046875
vn -0.78515625 0 -0.619140625
vn -0.78515625 0 -0.619140625
vn -0.78515625 0 -0.619140625
vn -0.78515625 0 -0.619140625
vn -0 0.782226562 -0.623046875
vn -0 0.782226562 -0.623046875
vn -0 0.782226562 -0.623046875
vn -0 0.782226562 -0.623046875
vn 0.78515625 0 -0.619140625
vn 0.78515625 0 -0.619140625
vn 0.78515625 0 -0.619140625
vn 0.78515625 0 -0.619140625
vn -0 1 0
vn -0 1 0
vn -0 1 0
vn -0 1 0
vn 1 0 0
vn 1 0 0
vn 1 0 0
vn 1 0 0
vn -0 -1 0
vn -0 -1 0
vn -0 -1 0
vn -0 -1 0
vn -1 0 0
vn -1 0 0
vn -1 0 0
vn -1 0 0
vn -1 0 0
vn -1 0 0
vn -1 0 0
vn -1 0 0
vn -0 0 1
vn -0 0 1
vn 1.78813934E-07 0 1
vn 1.78813934E-07 0 1
vn -3.21865082E-06 0 -1
vn -3.21865082E-06 0 -1
vn -0 0 -1
vn -0 0 -1
vn -0 -1 0
vn -0 -1 0
vn -0 -1 0
vn -0 -1 0
vn -6.13927841E-06 0 -1
vn -6.13927841E-06 0 -1
vn -3.21865082E-06 0 -1
vn -3.21865082E-06 0 -1
vn 1.78813934E-07 0 1
vn 1.78813934E-07 0 1
vn 3.57627869E-07 0 1
vn 3.57627869E-07 0 1
vn -0 0 -1
vn -0 0 -1
vn -0 0 -1
vn -0 0 -1
vn -0 0 -1
vn -0 0 -1
vn -0 1 0
vn -0 1 0
vn -0 1 0
vn -0 1 0
vn -0 1 0
vn -0 1 0
vn -0 0 1
vn -0 0 1
vn -0 0 1
vn -0 0 1
vn -0 -1 0
vn -0 -1 0
vn -0 -1 0
vn -0 -1 0
vn -0 0 1
vn -0 0 1
vn -0 0 1
vn -0 0 1
vn -0 -1 0
vn -0 -1 0
vn -0 -1 0
vn -0 -1 0
vn -0 -1 0
vn -0 -1 0
vn -0 -1 0
vn -0 -1 0
vn -0 0 -1
vn -0 0 -1
vn -0 0 -1
vn -0 0 -1
vn -1 0 0
vn -1 0 0
vn -1 0 0
vn -1 0 0
vn -1 0 0
vn -1 0 0
vn -1 0 0
vn -1 0 0
vn -1 0 0
vn -1 0 0
vn -1 0 0
vn -1 0 0
vn -0 0 1
vn -0 0 1
vn -0 0 1
vn -0 0 1
vn 1 0 0
vn 1 0 0
vn 1 0 0
vn 1 0 0
vn 1 1.1920929E-07 0
vn 1 0 0
vn 1 0 0
vn 1 0 0
vn 1 0 0
vn 1 0 0
vn 1 0 0
vn 1 0 0
vn -0 1 0
vn -0 1 0
vn -0 1 0
vn -0 1 0
vn -0 1 0
vn -0 1 0
vn -0 1 0
vn -0 1 0
vn -0 -0.363769531 -0.931640625
vn -0 -0.363769531 -0.931640625
vn -0 -0.363769531 -0.931640625
vn -0 -0.363769531 -0.931640625
vn -0 -0.995117188 -0.100402832
vn -0 -0.995117188 -0.100402832
vn -0 -0.995117188 -0.100402832
vn -0 -0.995117188 -0.100402832
vn 1 0 0
vn 1 0 0
vn 1 0 0
vn 1 0 0
vn 1 0 0
vn 1 0 0
vn -1 0 0
vn -1 0 0
vn -1 0 0
vn -1 0 0
vn -1 0 0
vn -1 0 0
vn -0 0.149780273 -0.988769531
vn -0 0.149780273 -0.988769531
vn -0 0.149780273 -0.988769531
vn -0 0.149780273 -0.988769531
vn -0 0.999511719 0.0292816162
vn -0 0.999511719 0.0292816162
vn -0 0.999511719 0.0292816162
vn -0 0.999511719 0.0292816162
vn -0 0.126220703 0.9921875
vn -0 0.126220703 0.9921875
vn -0 0.126220703 0.9921875
vn -0 0.126220703 0.9921875
vn -0 -0.999511719 -0.0305938721
vn -0 -0.999511719 -0.0305938721
vn -0 -0.999511719 -0.0305938721
vn -0 -0.999511719 -0.0305938721
vn -0 -0.126220703 -0.9921875
vn -0 -0.126220703 -0.9921875
vn -0 -0.126220703 -0.9921875
vn -0 -0.126220703 -0.9921875
vn -0 -1 0
vn -0 -1 0
vn -0 -1 0
vn -0 -1 0
vn -0 -0.537109375 -0.84375
vn -0 -0.537109375 -0.84375
vn -0 -0.537109375 -0.84375
vn -0 -0.537109375 -0.84375
vn -1 0 0
vn -1 -5.96046448E-08 0
vn -1 -5.96046448E-08 0
vn -1 0 0
vn -1 0 0
vn -1 0 0
vn -1 0 0
vn -1 0 0
vn -1 0 0
vn -1 0 0
vn -0 -0.366210938 -0.930664062
vn -0 -0.366210938 -0.930664062
vn -0 -0.366210938 -0.930664062
vn -0 -0.366210938 -0.930664062
vn 1 5.96046448E-08 0
vn 1 0 0
vn 1 5.96046448E-08 0
vn 1 0 0
vn 1 0 0
vn 1 0 0
vn 1 0 0
vn 1 0 0
vn 1 0 0
vn 1 0 0
vn -0 -0.997558594 -0.0690917969
vn -0 -0.997558594 -0.0690917969
vn -0 -0.997558594 -0.0690917969
vn -0 -0.997558594 -0.0690917969
vn -0.755371094 0.180419922 -0.629882812
vn -0.755371094 0.180419922 -0.629882812
vn -0.755371094 0.180419922 -0.629882812
vn -0.755371094 0.180419922 -0.629882812
vn 0.755371094 -0.180419922 0.629882812
vn 0.755371094 -0.180419922 0.629882812
vn 0.755371094 -0.180419922 0.629882812
vn 0.755371094 -0.180419922 0.629882812
vn -0.725097656 -0.581054688 0.369384766
vn -0.725097656 -0.581054688 0.369384766
vn -0.725097656 -0.581054688 0.369384766
vn -0.725097656 -0.581054688 0.369384766
vn -0.191040039 -0.586425781 -0.787109375
vn -0.191040039 -0.586425781 -0.787109375
vn -0.191040039 -0.586425781 -0.787109375
vn -0.191040039 -0.586425781 -0.787109375
vn 0.448486328 0.655761719 -0.607421875
vn 0.448486328 0.655761719 -0.607421875
vn 0.448486328 0.655761719 -0.607421875
vn 0.448486328 0.655761719 -0.607421875
vn 0.725097656 0.581054688 -0.369384766
vn 0.725097656 0.581054688 -0.369384766
vn 0.725097656 0.581054688 -0.369384766
vn 0.725097656 0.581054688 -0.369384766
vn 0.275390625 -0.812988281 -0.512695312
vn 0.275390625 -0.812988281 -0.512695312
vn 0.275390625 -0.812988281 -0.512695312
vn 0.275390625 -0.812988281 -0.512695312
vn -0.448486328 -0.655761719 0.607421875
vn -0.448486328 -0.655761719 0.607421875
vn -0.448486328 -0.655761719 0.607421875
vn -0.448486328 -0.655761719 0.607421875
vn 0.708496094 -0.268798828 0.65234375
vn 0.708496094 -0.268798828 0.65234375
vn 0.708496094 -0.268798828 0.65234375
vn 0.708496094 -0.268798828 0.65234375
vn -0.7109375 0.267333984 -0.650390625
vn -0.7109375 0.267333984 -0.650390625
vn -0.7109375 0.267333984 -0.650390625
vn -0.7109375 0.267333984 -0.650390625
vn -0.247680664 -0.4375 0.864257812
vn -0.247680664 -0.4375 0.864257812
vn -0.247680664 -0.4375 0.864257812
vn -0.247680664 -0.4375 0.864257812
vn 0.247680664 -0.868652344 -0.428710938
vn 0.247680664 -0.868652344 -0.428710938
vn 0.247680664 -0.868652344 -0.428710938
vn 0.247680664 -0.868652344 -0.428710938
vn 0.653320312 0.573242188 -0.494140625
vn 0.653320312 0.573242188 -0.494140625
vn 0.653320312 0.573242188 -0.494140625
vn 0.653320312 0.573242188 -0.494140625
vn -0.00168323517 0.764648438 0.64453125
vn -0.00168323517 0.764648438 0.64453125
vn -0.00168323517 0.764648438 0.64453125
vn -0.00168323517 0.764648438 0.64453125
vn -0.592773438 -0.348632812 0.726074219
vn -0.592773438 -0.348632812 0.726074219
vn -0.592773438 -0.348632812 0.726074219
vn -0.592773438 -0.348632812 0.726074219
vn 0.345947266 0.602050781 -0.719726562
vn 0.345947266 0.602050781 -0.719726562
vn 0.345947266 0.602050781 -0.719726562
vn 0.345947266 0.602050781 -0.719726562
vn -0.275146484 0.87890625 0.389160156
vn -0.275146484 0.87890625 0.389160156
vn -0.275146484 0.87890625 0.389160156
vn -0.275146484 0.87890625 0.389160156
vn 0.0364074707 -0.793457031 -0.607910156
vn 0.0364074707 -0.793457031 -0.607910156
vn 0.0364074707 -0.793457031 -0.607910156
vn 0.0364074707 -0.793457031 -0.607910156
vn -0 0 -1
vn -0 0 -1
vn -0 0 -1
vn -0 0 -1
vn -1 0 0
vn -1 0 0
vn -1 0 0
vn -1 0 0
vn -0 0 1
vn -0 0 1
vn -0 0 1
vn -0 0 1
vn 1 0 0
vn 1 0 0
vn 1 0 0
vn 1 0 0
vn 1 0 0
vn 1 0 0
vn 1 0 0
vn 1 0 0
vn 1 0 0
vn 1 0 0
vn 1 0 0
vn 1 0 0
vn -1 0 0
vn -1 0 0
vn -1 0 0
vn -1 0 0
vn -1 0 0
vn -1 0 0
vn -1 0 0
vn -1 0 0
vn -0 -0.999023438 0.041229248
vn -0 -1 0
vn -0 -1 0
vn -0 -0.999023438 0.041229248
vn -0 -0.948730469 0.316162109
vn -0 -0.948730469 0.316162109
vn -0 -0.3984375 0.916992188
vn -0 -0.3984375 0.916992188
vn -0 0.3984375 0.916992188
vn -0 0.3984375 0.916992188
vn -0 0.948730469 0.316162109
vn -0 0.948730469 0.316162109
vn -0 0.999023438 0.041229248
vn -0 0.999023438 0.041229248
vn -0 1 0
vn -0 1 0
vn 1 0 0
vn 1 0 0
vn 1 0 0
vn 1 0 0
vn 1 0 0
vn 1 0 0
vn 1 0 0
vn 1 0 0
vn -1 0 0
vn -1 0 0
vn -1 0 0
vn -1 0 0
vn -1 0 0
vn -1 0 0
vn -1 0 0
vn -1 0 0
vn -0 -0.999023438 0.041229248
vn -0 -1 0
vn -0 -1 0
vn -0 -0.999023438 0.041229248
vn -0 -0.948730469 0.316162109
vn -0 -0.948730469 0.316162109
vn -0 -0.3984375 0.916992188
vn -0 -0.3984375 0.916992188
vn -0 0.3984375 0.916992188
vn -0 0.3984375 0.916992188
vn -0 0.948730469 0.316162109
vn -0 0.948730469 0.316162109
vn -0 0.999023438 0.041229248
vn -0 0.999023438 0.041229248
vn -0 1 0
vn -0 1 0
vn -0 0 -1
vn -0 0 -1
vn -0 0 -1
vn -0 0 -1
vn -0 1 0
vn -0 1 0
vn -0 1 0
vn -0 1 0
vn -0 0 1
vn -0 0 1
vn -0 0 1
vn -0 0 1
vn -0 -1 0
vn -0 -1 0
vn -0 -1 0
vn -0 -1 0
vn -1 0 0
vn -1 0 0
vn -1 0 0
vn -1 0 0
vn 1 0 0
vn 1 0 0
vn 1 0 0
vn 1 0 0
vn -0 0.780761719 0.624511719
vn -0 0.780761719 0.624511719
vn -0 0.780761719 0.624511719
vn -0 0.780761719 0.624511719
vn -0.780761719 0 0.624511719
vn -0.780761719 0 0.624511719
vn -0.780761719 0 0.624511719
vn -0.780761719 0 0.624511719
vn -0 -0.780761719 0.624511719
vn -0 -0.780761719 0.624511719
vn -0 -0.780761719 0.624511719
vn -0 -0.780761719 0.624511719
vn 0.780761719 0 0.624511719
vn 0.780761719 0 0.624511719
vn 0.780761719 0 0.624511719
vn 0.780761719 0 0.624511719
vn 0.755371094 0.180419922 -0.629882812
vn 0.755371094 0.180419922 -0.629882812
vn 0.755371094 0.180419922 -0.629882812
vn 0.755371094 0.180419922 -0.629882812
vn -0.755371094 -0.180419922 0.629882812
vn -0.755371094 -0.180419922 0.629882812
vn -0.755371094 -0.180419922 0.629882812
vn -0.755371094 -0.180419922 0.629882812
vn 0.725097656 -0.581054688 0.369384766
vn 0.725097656 -0.581054688 0.369384766
vn 0.725097656 -0.581054688 0.369384766
vn 0.725097656 -0.581054688 0.369384766
vn 0.191040039 -0.586425781 -0.787109375
vn 0.191040039 -0.586425781 -0.787109375
vn 0.191040039 -0.586425781 -0.787109375
vn 0.191040039 -0.586425781 -0.787109375
vn -0.448486328 0.655761719 -0.607421875
vn -0.448486328 0.655761719 -0.607421875
vn -0.448486328 0.655761719 -0.607421875
vn -0.448486328 0.655761719 -0.607421875
vn -0.725097656 0.581054688 -0.369384766
vn -0.725097656 0.581054688 -0.369384766
vn -0.725097656 0.581054688 -0.369384766
vn -0.725097656 0.581054688 -0.369384766
vn -0.275390625 -0.812988281 -0.512695312
vn -0.275390625 -0.812988281 -0.512695312
vn -0.275390625 -0.812988281 -0.512695312
vn -0.275390625 -0.812988281 -0.512695312
vn 0.448486328 -0.655761719 0.607421875
vn 0.448486328 -0.655761719 0.607421875
vn 0.448486328 -0.655761719 0.607421875
vn 0.448486328 -0.655761719 0.607421875
vn -0.74609375 -0.251953125 0.616210938
vn -0.74609375 -0.251953125 0.616210938
vn -0.74609375 -0.251953125 0.616210938
vn -0.74609375 -0.251953125 0.616210938
vn 0.749023438 0.250488281 -0.61328125
vn 0.749023438 0.250488281 -0.61328125
vn 0.749023438 0.250488281 -0.61328125
vn 0.749023438 0.250488281 -0.61328125
vn 0.14050293 -0.372070312 0.917480469
vn 0.14050293 -0.372070312 0.917480469
vn 0.14050293 -0.372070312 0.917480469
vn 0.14050293 -0.372070312 0.917480469
vn -0.185546875 -0.905273438 -0.382080078
vn -0.185546875 -0.905273438 -0.382080078
vn -0.185546875 -0.905273438 -0.382080078
vn -0.185546875 -0.905273438 -0.382080078
vn -0.589355469 0.529296875 -0.610839844
vn -0.589355469 0.529296875 -0.610839844
vn -0.589355469 0.529296875 -0.610839844
vn -0.589355469 0.529296875 -0.610839844
vn -0.0767211914 0.8046875 0.588867188
vn -0.0767211914 0.8046875 0.588867188
vn -0.0767211914 0.8046875 0.588867188
vn -0.0767211914 0.8046875 0.588867188
vn 0.499755859 -0.2890625 0.81640625
vn 0.499755859 -0.2890625 0.81640625
vn 0.499755859 -0.2890625 0.81640625
vn 0.499755859 -0.2890625 0.81640625
vn -0.256347656 0.544921875 -0.798339844
vn -0.256347656 0.544921875 -0.798339844
vn -0.256347656 0.544921875 -0.798339844
vn -0.256347656 0.544921875 -0.798339844
vn 0.216430664 0.9140625 0.343261719
vn 0.216430664 0.9140625 0.343261719
vn 0.216430664 0.9140625 0.343261719
vn 0.216430664 0.9140625 0.343261719
vn 0.0391235352 -0.832519531 -0.552734375
vn 0.0391235352 -0.832519531 -0.552734375
vn 0.0391235352 -0.832519531 -0.552734375
vn 0.0391235352 -0.832519531 -0.552734375
vn -3.93390656E-06 0.0566101074 -0.998535156
vn -3.87430191E-06 0.0566101074 -0.998535156
vn -0.79296875 0.143676758 -0.592285156
vn -0.798339844 0.144897461 -0.584472656
vn -0.978027344 0.142456055 0.150878906
vn -0.814941406 -0.397949219 -0.421386719
vn -0.546386719 -0.161132812 0.821777344
vn -0.605957031 -0.203735352 0.769042969
vn -1.43051147E-06 -0.0566101074 0.998535156
vn -1.1920929E-06 -0.0566101074 0.998535156
vn 0.701660156 -0.0403442383 0.711425781
vn 0.711425781 -0.0397949219 0.701660156
vn 1 -0.00054693222 0.00975036621
vn 1 0.000561237335 -0.00978088379
vn 0.711425781 0.0397949219 -0.701660156
vn 0.701660156 0.0403442383 -0.711425781
vn -3.87430191E-06 0.0566101074 -0.998535156
vn -3.93390656E-06 0.0566101074 -0.998535156
vn -1.1920929E-07 -0.96484375 -0.263671875
vn 4.17232513E-07 -0.96484375 -0.263671875
vn -0.15234375 -0.976074219 -0.155761719
vn -0.180541992 -0.979003906 -0.092956543
vn -0.257324219 -0.966308594 -0.0124740601
vn -0.246459961 -0.96875 0.0178527832
vn -0.105102539 -0.971191406 0.213500977
vn -0.12512207 -0.978515625 0.16394043
vn -9.65595245E-06 -0.974121094 0.226806641
vn 4.47034836E-06 -0.974121094 0.226806641
vn 0.171875 -0.97265625 0.156616211
vn 0.172485352 -0.97265625 0.156005859
vn 0.245239258 -0.969238281 -0.0152206421
vn 0.245239258 -0.969238281 -0.0165710449
vn 0.175048828 -0.965820312 -0.190185547
vn 0.174316406 -0.965820312 -0.190917969
vn 4.17232513E-07 -0.96484375 -0.263671875
vn -1.1920929E-07 -0.96484375 -0.263671875
vn -0.197509766 0.979980469 0.0247955322
vn -0 0.974121094 -0.226928711
vn -1.1920929E-07 0.974121094 -0.226928711
vn -0.163330078 0.984375 -0.067199707
vn -0.332519531 0.931640625 0.146972656
vn -0.479980469 0.866699219 -0.135253906
vn -0.279541016 0.959960938 0.0125656128
vn -0.19128418 0.971191406 0.141479492
vn 5.36441803E-07 0.96484375 0.263671875
vn 6.55651093E-07 0.96484375 0.263671875
vn 0.174316406 0.965820312 0.190917969
vn 0.175048828 0.965820312 0.190185547
vn 0.245239258 0.969238281 0.0165710449
vn 0.245239258 0.969238281 0.0152206421
vn 0.172485352 0.97265625 -0.156005859
vn 0.171875 0.97265625 -0.156616211
vn -1.1920929E-07 0.974121094 -0.226928711
vn -0 0.974121094 -0.226928711
vn 3.15904617E-06 0.973632812 0.227905273
vn 3.15904617E-06 0.973632812 0.227905273
vn 3.15904617E-06 0.973632812 0.227905273
vn 3.15904617E-06 0.973632812 0.227905273
vn -1.1920929E-07 0.997070312 0.0767211914
vn -1.1920929E-07 0.997070312 0.0767211914
vn -1.1920929E-07 0.997070312 0.0767211914
vn -1.1920929E-07 0.997070312 0.0767211914
vn -2.32458115E-06 -0.974121094 -0.226928711
vn -2.32458115E-06 -0.974121094 -0.226928711
vn -2.32458115E-06 -0.974121094 -0.226928711
vn -2.32458115E-06 -0.974121094 -0.226928711
vn -0 -0.997070312 -0.0767211914
vn -0 -0.997070312 -0.0767211914
vn -0 -0.997070312 -0.0767211914
vn -0 -0.997070312 -0.0767211914
vn -1 0 0
vn -1 0 0
vn -1 0 0
vn -1 0 0
vn -1 0 0
vn -1 0 0
vn 1 -1.66893005E-06 -1.37090683E-06
vn 1 -1.66893005E-06 -1.37090683E-06
vn 1 -6.55651093E-07 -5.36441803E-07
vn 1 -6.55651093E-07 -5.36441803E-07
vn 1 0 0
vn 1 0 0
vn -0 0.0767211914 -0.997070312
vn -0 0.0767211914 -0.997070312
vn -0 0.0767211914 -0.997070312
vn -0 0.0767211914 -0.997070312
vn -0.0275726318 -0.651855469 0.7578125
vn 0.0430603027 -0.720703125 0.691894531
vn -0.0559692383 -0.708984375 -0.703125
vn 0.111572266 -0.729003906 -0.67578125
vn 0.0503845215 -0.764648438 0.642578125
vn -0.0461425781 0.710449219 -0.702148438
vn 0.0836181641 -0.682128906 -0.7265625
vn 0.486328125 -0.708007812 0.512207031
vn -0.00936126709 0.747558594 -0.6640625
vn 0.0533752441 0.713378906 0.698730469
vn -0.456787109 -0.560546875 -0.690917969
vn 0.716796875 -0.697265625 0.012588501
vn -0.0126647949 0.583496094 -0.812011719
vn -0.0926513672 0.697265625 0.710449219
vn 0.0430603027 -0.720703125 0.691894531
vn -0.0275726318 -0.651855469 0.7578125
vn -0.109313965 0.7734375 0.624511719
vn 0.0503845215 -0.764648438 0.642578125
vn -0.691894531 -0.601074219 -0.399414062
vn 0.768554688 -0.533203125 -0.353271484
vn -0.48828125 0.615234375 -0.618652344
vn 0.230102539 0.801269531 0.552734375
vn 0.486328125 -0.708007812 0.512207031
vn -0.805664062 0.5625 -0.184692383
vn 0.434570312 0.793945312 0.425292969
vn 0.716796875 -0.697265625 0.012588501
vn 0.768554688 -0.533203125 -0.353271484
vn -0.744628906 -0.612304688 -0.264892578
vn 0.586425781 -0.57421875 -0.571289062
vn -0.677246094 0.638671875 0.364990234
vn -0.606445312 -0.645507812 -0.46484375
vn 0.622070312 -0.7421875 -0.24987793
vn 0.6015625 0.717773438 0.350830078
vn -0.711914062 0.437988281 0.548828125
vn -0.713867188 -0.635253906 0.294433594
vn 0.731933594 -0.550292969 -0.401611328
vn 0.798339844 0.51171875 0.318115234
vn 0.586425781 -0.57421875 -0.571289062
vn -0.795898438 0.51171875 0.323242188
vn -0.626464844 -0.725097656 0.286132812
vn 0.71875 -0.401367188 -0.567382812
vn 0.594238281 0.76171875 -0.2578125
vn 0.622070312 -0.7421875 -0.24987793
vn -0.678222656 0.654785156 0.332763672
vn -0.624023438 -0.766601562 0.151000977
vn 0.80078125 -0.0927734375 -0.592285156
vn 0.64453125 0.723632812 -0.247802734
vn 0.731933594 -0.550292969 -0.401611328
vn -0.66796875 0.521972656 0.530273438
vn -0.642089844 -0.764648438 -0.0586547852
vn 0.619140625 -0.0113143921 -0.78515625
vn 0.606933594 0.790039062 -0.0860595703
vn 0.71875 -0.401367188 -0.567382812
vn -0.560058594 0.526367188 0.639648438
vn -0.711425781 -0.458251953 -0.532714844
vn 0.65234375 -0.178833008 -0.736328125
vn 0.636230469 0.742675781 0.209960938
vn 0.80078125 -0.0927734375 -0.592285156
vn -0.604492188 0.067565918 0.793945312
vn -0.733886719 -0.417480469 -0.535644531
vn 0.7578125 -0.156982422 -0.633789062
vn 0.699707031 0.396972656 0.59375
vn 0.619140625 -0.0113143921 -0.78515625
vn -0.718261719 0.0774536133 0.69140625
vn -0.666503906 -0.478515625 -0.571777344
vn 0.826171875 0.153442383 -0.541992188
vn 0.765625 0.479248047 0.428955078
vn 0.65234375 -0.178833008 -0.736328125
vn -0.72265625 0.195922852 0.663085938
vn -0.749023438 -0.127197266 -0.650390625
vn 0.759277344 0.392578125 -0.518554688
vn 0.796386719 0.438232422 0.416748047
vn 0.7578125 -0.156982422 -0.633789062
vn -0.588867188 -0.061706543 0.806152344
vn -0.641601562 0.217529297 -0.735351562
vn 0.822753906 0.515136719 -0.239868164
vn 0.511230469 0.0635375977 0.856933594
vn 0.826171875 0.153442383 -0.541992188
vn -0.538574219 -0.448242188 0.713378906
vn -0.666503906 0.490722656 -0.561523438
vn 0.77734375 0.581054688 0.240112305
vn 0.444091797 -0.389160156 0.807128906
vn 0.759277344 0.392578125 -0.518554688
vn -0.425292969 -0.742675781 0.517089844
vn -0.750976562 0.654785156 0.0867919922
vn 0.604492188 0.66015625 0.446289062
vn -0.579101562 0.705078125 0.409667969
vn 0.390380859 -0.726074219 0.56640625
vn 0.822753906 0.515136719 -0.239868164
vn -0.60546875 -0.768066406 -0.209594727
vn -0.766113281 -0.516601562 -0.382324219
vn 0.604003906 -0.783203125 -0.147216797
vn 0.77734375 0.581054688 0.240112305
vn 0.786621094 -0.534667969 -0.30859375
vn 0.604492188 0.66015625 0.446289062
vn -6.55651093E-07 -0.235961914 -0.971679688
vn 2.38418579E-07 -0.324951172 -0.945800781
vn 0.668945312 -0.324951172 -0.668945312
vn 0.687011719 -0.235961914 -0.687011719
vn 6.49690628E-06 0.512207031 -0.858886719
vn 0.945800781 -0.324951172 -5.36441803E-07
vn 0.607421875 0.512207031 -0.607421875
vn -6.55651093E-07 0.882324219 -0.470458984
vn 0.971679688 -0.235961914 -5.36441803E-07
vn 0.668945312 -0.324951172 0.668945312
vn 0.332763672 0.882324219 -0.332763672
vn -0 1 0
vn 0.858886719 0.512207031 1.7285347E-06
vn 0.687011719 -0.235961914 0.687011719
vn -6.55651093E-07 -0.324951172 0.945800781
vn 0.470458984 0.882324219 -1.7285347E-06
vn 0.607421875 0.512207031 0.607421875
vn 1.07288361E-06 -0.235961914 0.971679688
vn -0.668945312 -0.324951172 0.668945312
vn 0.332763672 0.882324219 0.332763672
vn -6.55651093E-07 0.512207031 0.858886719
vn -0.687011719 -0.235961914 0.687011719
vn -0.945800781 -0.324951172 1.1920929E-07
vn 2.38418579E-07 0.882324219 0.470458984
vn -0.607421875 0.512207031 0.607421875
vn -0.971679688 -0.235961914 2.02655792E-06
vn -0.668945312 -0.324951172 -0.668945312
vn -0.332763672 0.882324219 0.332763672
vn -0.858886719 0.512207031 -2.02655792E-06
vn -0.687011719 -0.235961914 -0.687011719
vn 2.38418579E-07 -0.324951172 -0.945800781
vn -6.55651093E-07 -0.235961914 -0.971679688
vn -0.607421875 0.512207031 -0.607421875
vn 6.49690628E-06 0.512207031 -0.858886719
vn -0.470458984 0.882324219 -1.78813934E-07
vn -0.332763672 0.882324219 -0.332763672
vn -6.55651093E-07 0.882324219 -0.470458984
vn -1.16825104E-05 5.00679016E-06 -1
vn 1.03116035E-05 5.00679016E-06 -1
vn -0.70703125 2.32458115E-06 -0.70703125
vn -0.70703125 2.32458115E-06 -0.70703125
vn -1 1.06096268E-05 3.51667404E-06
vn -1 1.06096268E-05 5.60283661E-06
vn -0.70703125 1.42455101E-05 0.70703125
vn -0.70703125 1.43051147E-05 0.70703125
vn -9.7155571E-06 6.67572021E-06 1
vn 9.89437103E-06 6.67572021E-06 1
vn 0.70703125 7.92741776E-06 0.70703125
vn 0.70703125 7.92741776E-06 0.70703125
vn 1 1.71661377E-05 -4.94718552E-06
vn 1 1.71661377E-05 -1.96695328E-06
vn 0.70703125 1.49011612E-05 -0.70703125
vn 0.70703125 1.49011612E-05 -0.70703125
vn 1.03116035E-05 5.00679016E-06 -1
vn -1.16825104E-05 5.00679016E-06 -1
vn -5.36441803E-07 0.408447266 -0.912597656
vn 1.1920929E-07 -8.34465027E-07 -1
vn 0.70703125 -9.11951065E-06 -0.70703125
vn 0.645507812 0.408447266 -0.645507812
vn -0 0.539550781 -0.841796875
vn 1 -1.08480453E-05 -4.64916229E-06
vn 0.595214844 0.539550781 -0.595214844
vn 0.912597656 0.408447266 2.50339508E-06
vn 0.70703125 5.78165054E-06 0.70703125
vn 0.841796875 0.539550781 -2.98023224E-07
vn 0.645507812 0.408447266 0.645507812
vn -1.54972076E-06 2.39610672E-05 1
vn 0.595214844 0.539550781 0.595214844
vn -3.57627869E-07 0.408447266 0.912597656
vn -0.70703125 2.5510788E-05 0.70703125
vn -5.96046448E-08 0.539550781 0.841796875
vn -0.645507812 0.408447266 0.645507812
vn -1 2.55703926E-05 2.98023224E-06
vn -0.595214844 0.539550781 0.595214844
vn -0.912597656 0.408447266 -8.94069672E-07
vn -0.70703125 1.56760216E-05 -0.70703125
vn -0.841796875 0.539550781 4.76837158E-07
vn -0.645507812 0.408447266 -0.645507812
vn 1.1920929E-07 -8.34465027E-07 -1
vn -0.595214844 0.539550781 -0.595214844
vn -5.36441803E-07 0.408447266 -0.912597656
vn -0 0.539550781 -0.841796875
vn -0 0.205566406 0.978515625
vn 2.98023224E-07 0.324951172 0.945800781
vn 0.668945312 0.324951172 0.668945312
vn 0.691894531 0.205566406 0.691894531
vn 1.78813934E-07 -0.410888672 0.911621094
vn 0.945800781 0.324951172 0
vn 0.64453125 -0.410888672 0.64453125
vn -0 -0.850097656 0.526855469
vn 0.978515625 0.205566406 0
vn 0.668945312 0.324951172 -0.668945312
vn 0.372558594 -0.850097656 0.372558594
vn -0 -1 -2.98023224E-07
vn 0.911621094 -0.410888672 2.98023224E-07
vn 0.691894531 0.205566406 -0.691894531
vn 2.38418579E-07 0.324951172 -0.945800781
vn 0.526855469 -0.850097656 3.57627869E-07
vn 0.64453125 -0.410888672 -0.64453125
vn -0 0.205566406 -0.978515625
vn -0.668945312 0.324951172 -0.668945312
vn 0.372558594 -0.850097656 -0.372558594
vn 1.1920929E-07 -0.410888672 -0.911621094
vn -0.691894531 0.205566406 -0.691894531
vn -0.945800781 0.324951172 1.1920929E-07
vn -0 -0.850097656 -0.526855469
vn -0.64453125 -0.410888672 -0.64453125
vn -0.978515625 0.205566406 0
vn -0.668945312 0.324951172 0.668945312
vn -0.372558594 -0.850097656 -0.372558594
vn -0.911621094 -0.410888672 0
vn -0.691894531 0.205566406 0.691894531
vn 2.98023224E-07 0.324951172 0.945800781
vn -0 0.205566406 0.978515625
vn -0.64453125 -0.410888672 0.64453125
vn 1.78813934E-07 -0.410888672 0.911621094
vn -0.526855469 -0.850097656 0
vn -0.372558594 -0.850097656 0.372558594
vn -0 -0.850097656 0.526855469
vn -1.01327896E-05 -4.41074371E-06 1
vn 1.04308128E-05 -4.41074371E-06 1
vn -0.70703125 -4.35113907E-06 0.70703125
vn -0.70703125 -4.35113907E-06 0.70703125
vn -1 -1.04904175E-05 -4.47034836E-06
vn -1 -1.04904175E-05 -4.47034836E-06
vn -0.70703125 -1.04904175E-05 -0.70703125
vn -0.70703125 -1.04904175E-05 -0.70703125
vn -1.0073185E-05 -4.35113907E-06 -1
vn 1.05500221E-05 -4.35113907E-06 -1
vn 0.70703125 -4.41074371E-06 -0.70703125
vn 0.70703125 -4.41074371E-06 -0.70703125
vn 1 -1.04904175E-05 5.60283661E-06
vn 1 -1.04904175E-05 5.60283661E-06
vn 0.70703125 -1.04904175E-05 0.70703125
vn 0.70703125 -1.04904175E-05 0.70703125
vn 1.04308128E-05 -4.41074371E-06 1
vn -1.01327896E-05 -4.41074371E-06 1
vn -0 -0.408447266 0.912597656
vn -0 0 1
vn 0.70703125 0 0.70703125
vn 0.645507812 -0.408447266 0.645507812
vn -0 -0.539550781 0.841796875
vn 1 0 -1.78813934E-07
vn 0.595214844 -0.539550781 0.595214844
vn 0.912597656 -0.408447266 7.15255737E-07
vn 0.70703125 0 -0.70703125
vn 0.841796875 -0.539550781 1.13248825E-06
vn 0.645507812 -0.408447266 -0.645507812
vn -0 0 -1
vn 0.595214844 -0.539550781 -0.595214844
vn -0 -0.408447266 -0.912597656
vn -0.70703125 0 -0.70703125
vn -0 -0.539550781 -0.841796875
vn -0.645507812 -0.408447266 -0.645507812
vn -1 0 -1.1920929E-07
vn -0.595214844 -0.539550781 -0.595214844
vn -0.912597656 -0.408447266 0
vn -0.70703125 0 0.70703125
vn -0.841796875 -0.539550781 1.78813934E-07
vn -0.645507812 -0.408447266 0.645507812
vn -0 0 1
vn -0.595214844 -0.539550781 0.595214844
vn -0 -0.408447266 0.912597656
vn -0 -0.539550781 0.841796875
vn -0 -1 -1.78813934E-07
vn -0 -1 0
vn -0 -1 0
vn -0 -1 -1.78813934E-07
vn -0 -1 0
vn -0 -1 0
vn -0 -1 0
vn -0 -1 0
vn -0 -1 0
vn -0 -1 0
vn -0 -1 0
vn -0 -1 0
vn -0 1 0
vn -0 1 0
vn -0 1 0
vn -0 1 0
vn -0 1 0
vn -0 1 -1.31130219E-06
vn -0 1 0
vn -0 1 0
vn -0 1 2.38418579E-07
vn -0 1 0
vn -0 1 1.78813934E-07
vn -0 1 -5.12599945E-06
vn -0.180786133 -0.983398438 1.1920929E-07
vn -0.08203125 -0.996582031 2.38418579E-07
vn -0.08203125 -0.996582031 2.38418579E-07
vn -0.180786133 -0.983398438 1.1920929E-07
vn -0.95703125 -0.289306641 -7.74860382E-07
vn -0.95703125 -0.289306641 -7.74860382E-07
vn -0.998046875 -0.0625610352 -5.96046448E-07
vn -0.998046875 -0.0625610352 -5.96046448E-07
vn 0.199584961 0.979980469 0
vn 0.0800170898 0.996582031 0
vn 0.0800170898 0.996582031 0
vn 0.199584961 0.979980469 0
vn 0.955566406 0.294921875 -5.36441803E-07
vn 0.955566406 0.294921875 -5.36441803E-07
vn 0.998046875 0.0626220703 -9.53674316E-07
vn 0.998046875 0.0626220703 -9.53674316E-07
vn -0 -3.87430191E-06 -1
vn -0 -4.76837158E-06 -1
vn -0 -4.76837158E-06 -1
vn -0 -3.9935112E-06 -1
vn 5.48362732E-06 2.74181366E-06 -1
vn 5.00679016E-06 2.56299973E-06 -1
vn 9.05990601E-06 3.69548798E-06 -1
vn 9.05990601E-06 3.69548798E-06 -1
vn -1 0 -1.78813934E-07
vn -1 0 -1.78813934E-07
vn -1 0 -1.78813934E-07
vn -1 0 -1.78813934E-07
vn 2.98023224E-07 -4.82797623E-06 1
vn -5.96046448E-07 -4.05311584E-06 1
vn 2.98023224E-07 -4.82797623E-06 1
vn -6.55651093E-07 -3.93390656E-06 1
vn -2.98023224E-07 1.13248825E-06 1
vn 3.57627869E-07 1.07288361E-06 1
vn 5.00679016E-06 7.15255737E-07 1
vn 5.00679016E-06 7.15255737E-07 1
vn 0.197143555 -0.98046875 -4.17232513E-07
vn 0.100524902 -0.995117188 0
vn 0.100524902 -0.995117188 0
vn 0.197143555 -0.98046875 -4.17232513E-07
vn 0.95703125 -0.289306641 -2.20537186E-06
vn 0.95703125 -0.289306641 -2.20537186E-06
vn 0.998046875 -0.0625610352 -1.1920929E-06
vn 0.998046875 -0.0625610352 -1.1920929E-06
vn -0.215209961 0.9765625 -2.98023224E-07
vn -0.0980834961 0.995117188 -2.98023224E-07
vn -0.0980834961 0.995117188 -2.98023224E-07
vn -0.215209961 0.9765625 -2.98023224E-07
vn -0.955566406 0.294921875 -9.53674316E-07
vn -0.955566406 0.294921875 -9.53674316E-07
vn -0.998046875 0.0625610352 -1.31130219E-06
vn -0.998046875 0.0625610352 -1.31130219E-06
vn -1.49011612E-06 4.17232513E-07 -1
vn -4.17232513E-07 -1.31130219E-06 -1
vn -4.17232513E-07 -1.31130219E-06 -1
vn -1.37090683E-06 2.38418579E-07 -1
vn -1.78813934E-05 5.96046448E-06 -1
vn -1.68681145E-05 6.43730164E-06 -1
vn -2.48551369E-05 2.68220901E-06 -1
vn -2.48551369E-05 2.68220901E-06 -1
vn 1 0 -4.76837158E-07
vn 1 0 -4.76837158E-07
vn 1 0 -4.76837158E-07
vn 1 0 -4.76837158E-07
vn 5.36441803E-07 -5.78165054E-06 1
vn 5.36441803E-07 -5.78165054E-06 1
vn 8.94069672E-07 -5.1856041E-06 1
vn 9.53674316E-07 -5.12599945E-06 1
vn 4.17232513E-07 0 1
vn 1.1920929E-07 0 1
vn -2.14576721E-06 1.01327896E-06 1
vn -2.14576721E-06 1.01327896E-06 1
vn 0.0378112793 0 0.999511719
vn 0.70703125 0 0.70703125
vn 0.0375671387 0 0.999511719
vn 0.70703125 0 0.70703125
vn 0.995605469 0 0.0913696289
vn 0.995605469 0 0.0913696289
vn 0.995605469 0 -0.0913696289
vn 0.995605469 0 -0.0913696289
vn 0.70703125 0 -0.70703125
vn 0.70703125 0 -0.70703125
vn 0.0375671387 0 -0.999511719
vn 0.0378112793 0 -0.999511719
vn -0 0 -1
vn -0.0439147949 -1.1920929E-07 -0.999023438
vn -0.0439147949 -1.1920929E-07 -0.999023438
vn -0 0 -1
vn -0.0439147949 1.1920929E-07 -0.999023438
vn -0.0439147949 1.1920929E-07 -0.999023438
vn -0.70703125 0 -0.70703125
vn -0.0439147949 -1.1920929E-07 -0.999023438
vn -0.0439147949 -1.1920929E-07 -0.999023438
vn -0.70703125 0 -0.70703125
vn -0.995605469 0 -0.0913696289
vn -0.995605469 0 -0.0913696289
vn -0.995605469 0 0.0913696289
vn -0.995605469 0 0.0913696289
vn -0.70703125 0 0.70703125
vn -0.70703125 0 0.70703125
vn -0.0439147949 1.1920929E-06 0.999023438
vn -0.0439147949 1.1920929E-06 0.999023438
vn 3.57627869E-07 1.1920929E-07 1
vn 0.0378112793 0 0.999511719
vn 3.57627869E-07 -1.1920929E-07 1
vn 0.0375671387 0 0.999511719
vn -0.0439147949 -1.37090683E-06 0.999023438
vn -0.0439147949 -1.37090683E-06 0.999023438
vn -0.70703125 0 0.70703125
vn -0.70703125 0 0.70703125
vn -0.995605469 0 0.0913696289
vn -0.995605469 0 0.0913696289
vn -0.995605469 0 -0.0913696289
vn -0.995605469 0 -0.0913696289
vn -0.70703125 0 -0.70703125
vn -0.70703125 0 -0.70703125
vn -0.0439147949 1.1920929E-07 -0.999023438
vn -0.0439147949 1.1920929E-07 -0.999023438
vn -0.148803711 0 0.988769531
vn -0 0 1
vn -0 0 1
vn -0.148803711 0 0.988769531
vn -0.70703125 0 0.70703125
vn -0.70703125 0 0.70703125
vn -0.995117188 0 0.0978393555
vn -0.995117188 0 0.0978393555
vn -0.995117188 0 -0.0978393555
vn -0.995117188 0 -0.0978393555
vn -0.70703125 0 -0.70703125
vn -0.70703125 0 -0.70703125
vn -0.148803711 0 -0.988769531
vn -0.148803711 0 -0.988769531
vn -0 0 -1
vn -0 0 -1
vn 1 0 0
vn 1 0 0
vn 1 0 0
vn 1 0 0
vn -0 -1 0
vn -0 -1 0
vn -0 -1 0
vn -0 -1 0
vn -0 -1 0
vn -0 -1 0
vn -0 -1 0
vn -0 -1 0
vn -0 -1 0
vn -0 -1 0
vn -0 -1 0
vn -0 -1 0
vn -0 -1 1.07288361E-06
vn -0 -1 1.07288361E-06
vn -0 -1 1.66893005E-06
vn -0 -1 1.66893005E-06
vn -0 1 0
vn -0 1 0
vn -0 1 0
vn -0 1 0
vn -0 1 -7.74860382E-07
vn -0 1 -7.74860382E-07
vn -0 1 -3.57627869E-07
vn -0 1 -3.57627869E-07
vn -0 1 3.57627869E-07
vn -0 1 3.57627869E-07
vn -0 1 2.32458115E-06
vn -0 1 2.32458115E-06
vn -0 1 1.60932541E-06
vn -0 1 1.60932541E-06
vn -0 1 7.74860382E-07
vn -0 1 7.74860382E-07
vn 1 0 0
vn 1 0 0
vn 1 0 0
vn 1 0 0
vn -0.148803711 0 0.988769531
vn -0 0 1
vn -0 0 1
vn -0.148803711 0 0.988769531
vn -0.70703125 0 0.70703125
vn -0.70703125 0 0.70703125
vn -0.995117188 0 0.0978393555
vn -0.995117188 0 0.0978393555
vn -0.995117188 0 -0.0978393555
vn -0.995117188 0 -0.0978393555
vn -0.70703125 0 -0.70703125
vn -0.70703125 0 -0.70703125
vn -0.148803711 0 -0.988769531
vn -0.148803711 0 -0.988769531
vn -0 0 -1
vn -0 0 -1
vn 1 0 0
vn 1 0 0
vn 1 0 0
vn 1 0 0
vn -0 -1 0
vn -0 -1 0
vn -0 -1 0
vn -0 -1 0
vn -0 -1 0
vn -0 -1 0
vn -0 -1 0
vn -0 -1 0
vn -0 -1 0
vn -0 -1 0
vn -0 -1 0
vn -0 -1 0
vn -0 -1 1.01327896E-06
vn -0 -1 1.01327896E-06
vn -0 -1 1.54972076E-06
vn -0 -1 1.54972076E-06
vn -0 1 0
vn -0 1 0
vn -0 1 0
vn -0 1 0
vn -0 1 7.74860382E-07
vn -0 1 7.74860382E-07
vn -0 1 3.57627869E-07
vn -0 1 3.57627869E-07
vn -0 1 0
vn -0 1 0
vn -0 1 1.54972076E-06
vn -0 1 1.54972076E-06
vn -0 1 1.60932541E-06
vn -0 1 1.60932541E-06
vn -0 1 7.74860382E-07
vn -0 1 7.74860382E-07
vn 1 0 0
vn 1 0 0
vn 1 0 0
vn 1 0 0
vn -0.148803711 0 0.988769531
vn -0 0 1
vn -0 0 1
vn -0.148803711 0 0.988769531
vn -0.70703125 0 0.70703125
vn -0.70703125 0 0.70703125
vn -0.995117188 0 0.0978393555
vn -0.995117188 0 0.0978393555
vn -0.995117188 0 -0.0978393555
vn -0.995117188 0 -0.0978393555
vn -0.70703125 0 -0.70703125
vn -0.70703125 0 -0.70703125
vn -0.148803711 0 -0.988769531
vn -0.148803711 0 -0.988769531
vn -0 0 -1
vn -0 0 -1
vn 1 0 0
vn 1 0 0
vn 1 0 0
vn 1 0 0
vn -0 -1 0
vn -0 -1 0
vn -0 -1 0
vn -0 -1 0
vn -0 -1 7.74860382E-07
vn -0 -1 7.74860382E-07
vn -0 -1 3.57627869E-07
vn -0 -1 3.57627869E-07
vn -0 -1 0
vn -0 -1 0
vn -0 -1 -1.54972076E-06
vn -0 -1 -1.54972076E-06
vn -0 -1 -1.1920929E-07
vn -0 -1 -1.1920929E-07
vn -0 -1 1.54972076E-06
vn -0 -1 1.54972076E-06
vn -0 1 0
vn -0 1 0
vn -0 1 0
vn -0 1 0
vn -0 1 -7.74860382E-07
vn -0 1 -7.74860382E-07
vn -0 1 -3.57627869E-07
vn -0 1 -3.57627869E-07
vn -0 1 0
vn -0 1 0
vn -0 1 0
vn -0 1 0
vn -0 1 4.17232513E-07
vn -0 1 4.17232513E-07
vn -0 1 6.55651093E-07
vn -0 1 6.55651093E-07
vn 1 0 0
vn 1 0 0
vn 1 0 0
vn 1 0 0
vn -0.148803711 0 0.988769531
vn -0 0 1
vn -0 0 1
vn -0.148803711 0 0.988769531
vn -0.70703125 0 0.70703125
vn -0.70703125 0 0.70703125
vn -0.995117188 0 0.0978393555
vn -0.995117188 0 0.0978393555
vn -0.995117188 0 -0.0978393555
vn -0.995117188 0 -0.0978393555
vn -0.70703125 0 -0.70703125
vn -0.70703125 0 -0.70703125
vn -0.148803711 0 -0.988769531
vn -0.148803711 0 -0.988769531
vn -0 0 -1
vn -0 0 -1
vn 1 0 0
vn 1 0 0
vn 1 0 0
vn 1 0 0
vn -0 -1 0
vn -0 -1 0
vn -0 -1 0
vn -0 -1 0
vn -0 -1 -7.74860382E-07
vn -0 -1 -7.74860382E-07
vn -0 -1 -3.57627869E-07
vn -0 -1 -3.57627869E-07
vn -0 -1 0
vn -0 -1 0
vn -0 -1 0
vn -0 -1 0
vn -0 -1 9.53674316E-07
vn -0 -1 9.53674316E-07
vn -0 -1 1.43051147E-06
vn -0 -1 1.43051147E-06
vn -0 1 0
vn -0 1 0
vn -0 1 0
vn -0 1 0
vn -0 1 7.74860382E-07
vn -0 1 7.74860382E-07
vn -0 1 3.57627869E-07
vn -0 1 3.57627869E-07
vn -0 1 0
vn -0 1 0
vn -0 1 0
vn -0 1 0
vn -0 1 -1.84774399E-06
vn -0 1 -1.84774399E-06
vn -0 1 -2.92062759E-06
vn -0 1 -2.92062759E-06
vn 1 0 0
vn 1 0 0
vn 1 0 0
vn 1 0 0
vn -0 0 -1
vn -0.109375 0 -0.994140625
vn -0 0 -1
vn -0.109375 0 -0.994140625
vn -0.70703125 0 -0.70703125
vn -0.70703125 0 -0.70703125
vn -0.995605469 0 -0.0913696289
vn -0.995605469 0 -0.0913696289
vn -0.995605469 0 0.0913696289
vn -0.995605469 0 0.0913696289
vn -0.70703125 0 0.70703125
vn -0.70703125 0 0.70703125
vn -0.109375 0 0.994140625
vn -0.109375 0 0.994140625
vn -4.17232513E-07 0 1
vn -4.17232513E-07 0 1
vn 1 0 0
vn 1 0 0
vn 1 -1.1920929E-07 0
vn 1 2.38418579E-07 0
vn 1 0 0
vn 1 0 0
vn 1 0 0
vn 1 1.78813934E-07 0
vn -1 -1.1920929E-07 0
vn -1 0 0
vn -1 0 0
vn -1 0 0
vn -1 0 0
vn -1 0 0
vn -1 0 0
vn -1 0 0
vn 0.187988281 -1.25169754E-06 -0.981933594
vn -0 0 -1
vn 0.13293457 -0.13293457 -0.981933594
vn 0.13293457 0.13293457 -0.981933594
vn 1.78813934E-07 -0.187988281 -0.981933594
vn -2.38418579E-07 0.187988281 -0.981933594
vn -0.13293457 -0.13293457 -0.981933594
vn -0.13293457 0.13293457 -0.981933594
vn -0.187988281 1.25169754E-06 -0.981933594
vn -0 -1 -1.66893005E-06
vn -0 -1 -5.96046448E-07
vn -0 -1 0
vn 2.38418579E-07 -1 -1.66893005E-06
vn -0 -1 0
vn -0 -1 0
vn -0 -1 -8.34465027E-07
vn -2.38418579E-07 -1 0
vn -0 -1 -8.34465027E-07
vn -0 1 0
vn -0 1 0
vn -0 1 0
vn -0 1 0
vn -0 1 0
vn -0 1 0
vn -0 1 0
vn -0 1 0
vn -0 1 0
vn -0 1 0
vn -0 1 0
vn -0 1 0
vn -0 1 1.1920929E-07
vn -0 1 1.1920929E-07
vn -0 1 1.1920929E-07
vn -0 1 1.1920929E-07
vn -0 1 0
vn -0 1 0
vn -0 -1 -3.57627869E-07
vn -0 -1 0
vn -0 -1 -2.98023224E-07
vn -0 -1 0
vn -0 -1 2.98023224E-07
vn -0 -1 2.98023224E-07
vn -0 -1 4.76837158E-07
vn -0 -1 0
vn -0 -1 -1.78813934E-07
g MicrowaveGunCharged_0
f 3/3/3 2/2/2 1/1/1
f 4/4/4 3/3/3 1/1/1
f 5/5/5 3/3/3 4/4/4
f 6/6/6 5/5/5 4/4/4
f 7/7/7 5/5/5 6/6/6
f 8/8/8 7/7/7 6/6/6
f 9/9/9 7/7/7 8/8/8
f 10/10/10 9/9/9 8/8/8
f 11/11/11 9/9/9 10/10/10
f 12/12/12 11/11/11 10/10/10
f 13/13/13 11/11/11 12/12/12
f 14/14/14 13/13/13 12/12/12
f 15/15/15 13/13/13 14/14/14
f 16/16/16 15/15/15 14/14/14
f 17/17/17 15/15/15 16/16/16
f 18/18/18 17/17/17 16/16/16
f 21/21/21 20/20/20 19/19/19
f 22/22/22 21/21/21 19/19/19
f 25/25/25 24/24/24 23/23/23
f 26/26/26 25/25/25 23/23/23
f 29/29/29 28/28/28 27/27/27
f 30/30/30 29/29/29 27/27/27
f 33/33/33 32/32/32 31/31/31
f 34/34/34 33/33/33 31/31/31
f 37/37/37 36/36/36 35/35/35
f 38/38/38 37/37/37 35/35/35
f 41/41/41 40/40/40 39/39/39
f 42/42/42 41/41/41 39/39/39
f 45/45/45 44/44/44 43/43/43
f 46/46/46 45/45/45 43/43/43
f 49/49/49 48/48/48 47/47/47
f 50/50/50 49/49/49 47/47/47
f 53/53/53 52/52/52 51/51/51
f 54/54/54 53/53/53 51/51/51
f 57/57/57 56/56/56 55/55/55
f 58/58/58 57/57/57 55/55/55
f 61/61/61 60/60/60 59/59/59
f 62/62/62 61/61/61 59/59/59
f 65/65/65 64/64/64 63/63/63
f 66/66/66 65/65/65 63/63/63
f 69/69/69 68/68/68 67/67/67
f 70/70/70 69/69/69 67/67/67
f 73/73/73 72/72/72 71/71/71
f 74/74/74 73/73/73 71/71/71
f 77/77/77 76/76/76 75/75/75
f 78/78/78 77/77/77 75/75/75
f 81/81/81 80/80/80 79/79/79
f 82/82/82 81/81/81 79/79/79
f 85/85/85 84/84/84 83/83/83
f 86/86/86 85/85/85 83/83/83
f 89/89/89 88/88/88 87/87/87
f 90/90/90 89/89/89 87/87/87
f 93/93/93 92/92/92 91/91/91
f 94/94/94 93/93/93 91/91/91
f 97/97/97 96/96/96 95/95/95
f 98/98/98 97/97/97 95/95/95
f 101/101/101 100/100/100 99/99/99
f 102/102/102 101/101/101 99/99/99
f 105/105/105 104/104/104 103/103/103
f 106/106/106 105/105/105 103/103/103
f 109/109/109 108/108/108 107/107/107
f 110/110/110 109/109/109 107/107/107
f 113/113/113 112/112/112 111/111/111
f 114/114/114 113/113/113 111/111/111
f 117/117/117 116/116/116 115/115/115
f 118/118/118 117/117/117 115/115/115
f 121/121/121 120/120/120 119/119/119
f 122/122/122 121/121/121 119/119/119
f 125/125/125 124/124/124 123/123/123
f 126/126/126 125/125/125 123/123/123
f 129/129/129 128/128/128 127/127/127
f 130/130/130 129/129/129 127/127/127
f 133/133/133 132/132/132 131/131/131
f 134/134/134 133/133/133 131/131/131
f 137/137/137 136/136/136 135/135/135
f 138/138/138 137/137/137 135/135/135
f 141/141/141 140/140/140 139/139/139
f 142/142/142 141/141/141 139/139/139
f 145/145/145 144/144/144 143/143/143
f 146/146/146 145/145/145 143/143/143
f 149/149/149 148/148/148 147/147/147
f 150/150/150 149/149/149 147/147/147
f 153/153/153 152/152/152 151/151/151
f 154/154/154 153/153/153 151/151/151
f 157/157/157 156/156/156 155/155/155
f 158/158/158 157/157/157 155/155/155
f 161/161/161 160/160/160 159/159/159
f 162/162/162 161/161/161 159/159/159
f 165/165/165 164/164/164 163/163/163
f 166/166/166 165/165/165 163/163/163
f 169/169/169 168/168/168 167/167/167
f 170/170/170 169/169/169 167/167/167
f 173/173/173 172/172/172 171/171/171
f 174/174/174 173/173/173 171/171/171
f 177/177/177 176/176/176 175/175/175
f 178/178/178 177/177/177 175/175/175
f 181/181/181 180/180/180 179/179/179
f 182/182/182 181/181/181 179/179/179
f 185/185/185 184/184/184 183/183/183
f 186/186/186 185/185/185 183/183/183
f 189/189/189 188/188/188 187/187/187
f 190/190/190 189/189/189 187/187/187
f 193/193/193 192/192/192 191/191/191
f 194/194/194 193/193/193 191/191/191
f 197/197/197 196/196/196 195/195/195
f 198/198/198 197/197/197 195/195/195
f 201/201/201 200/200/200 199/199/199
f 202/202/202 201/201/201 199/199/199
f 205/205/205 204/204/204 203/203/203
f 206/206/206 205/205/205 203/203/203
f 209/209/209 208/208/208 207/207/207
f 210/210/210 209/209/209 207/207/207
f 213/213/213 212/212/212 211/211/211
f 214/214/214 213/213/213 211/211/211
f 217/217/217 216/216/216 215/215/215
f 218/218/218 217/217/217 215/215/215
f 221/221/221 220/220/220 219/219/219
f 222/222/222 221/221/221 219/219/219
f 225/225/225 224/224/224 223/223/223
f 226/226/226 225/225/225 223/223/223
f 229/229/229 228/228/228 227/227/227
f 230/230/230 229/229/229 227/227/227
f 233/233/233 232/232/232 231/231/231
f 234/234/234 233/233/233 231/231/231
f 237/237/237 236/236/236 235/235/235
f 238/238/238 237/237/237 235/235/235
f 241/241/241 240/240/240 239/239/239
f 242/242/242 241/241/241 239/239/239
f 245/245/245 244/244/244 243/243/243
f 246/246/246 245/245/245 243/243/243
f 249/249/249 248/248/248 247/247/247
f 250/250/250 249/249/249 247/247/247
f 253/253/253 252/252/252 251/251/251
f 254/254/254 253/253/253 251/251/251
f 257/257/257 256/256/256 255/255/255
f 258/258/258 257/257/257 255/255/255
f 261/261/261 260/260/260 259/259/259
f 262/262/262 261/261/261 259/259/259
f 265/265/265 264/264/264 263/263/263
f 266/266/266 265/265/265 263/263/263
f 269/269/269 268/268/268 267/267/267
f 270/270/270 269/269/269 267/267/267
f 273/273/273 272/272/272 271/271/271
f 274/274/274 273/273/273 271/271/271
f 277/277/277 276/276/276 275/275/275
f 278/278/278 277/277/277 275/275/275
f 281/281/281 280/280/280 279/279/279
f 282/282/282 281/281/281 279/279/279
f 285/285/285 284/284/284 283/283/283
f 286/286/286 285/285/285 283/283/283
f 289/289/289 288/288/288 287/287/287
f 290/290/290 289/289/289 287/287/287
f 293/293/293 292/292/292 291/291/291
f 294/294/294 293/293/293 291/291/291
f 297/297/297 296/296/296 295/295/295
f 298/298/298 297/297/297 295/295/295
f 301/301/301 300/300/300 299/299/299
f 302/302/302 301/301/301 299/299/299
f 305/305/305 304/304/304 303/303/303
f 304/304/304 306/306/306 303/303/303
f 307/307/307 306/306/306 304/304/304
f 308/308/308 307/307/307 304/304/304
f 311/311/311 310/310/310 309/309/309
f 310/310/310 312/312/312 309/309/309
f 309/309/309 312/312/312 313/313/313
f 312/312/312 314/314/314 313/313/313
f 317/317/317 316/316/316 315/315/315
f 318/318/318 317/317/317 315/315/315
f 321/321/321 320/320/320 319/319/319
f 322/322/322 321/321/321 319/319/319
f 325/325/325 324/324/324 323/323/323
f 326/326/326 325/325/325 323/323/323
f 329/329/329 328/328/328 327/327/327
f 330/330/330 329/329/329 327/327/327
f 333/333/333 332/332/332 331/331/331
f 334/334/334 333/333/333 331/331/331
f 337/337/337 336/336/336 335/335/335
f 338/338/338 337/337/337 335/335/335
f 341/341/341 340/340/340 339/339/339
f 340/340/340 342/342/342 339/339/339
f 340/340/340 343/343/343 342/342/342
f 344/344/344 342/342/342 343/343/343
f 343/343/343 340/340/340 345/345/345
f 346/346/346 344/344/344 343/343/343
f 347/347/347 343/343/343 345/345/345
f 346/346/346 348/348/348 344/344/344
f 347/347/347 345/345/345 349/349/349
f 348/348/348 346/346/346 350/350/350
f 349/349/349 348/348/348 350/350/350
f 350/350/350 347/347/347 349/349/349
f 353/353/353 352/352/352 351/351/351
f 354/354/354 353/353/353 351/351/351
f 357/357/357 356/356/356 355/355/355
f 356/356/356 358/358/358 355/355/355
f 356/356/356 359/359/359 358/358/358
f 358/358/358 359/359/359 360/360/360
f 359/359/359 356/356/356 361/361/361
f 359/359/359 362/362/362 360/360/360
f 363/363/363 359/359/359 361/361/361
f 360/360/360 362/362/362 364/364/364
f 361/361/361 365/365/365 363/363/363
f 362/362/362 366/366/366 364/364/364
f 363/363/363 365/365/365 366/366/366
f 365/365/365 364/364/364 366/366/366
f 369/369/369 368/368/368 367/367/367
f 370/370/370 369/369/369 367/367/367
f 373/373/373 372/372/372 371/371/371
f 374/374/374 373/373/373 371/371/371
f 377/377/377 376/376/376 375/375/375
f 378/378/378 377/377/377 375/375/375
f 381/381/381 380/380/380 379/379/379
f 382/382/382 381/381/381 379/379/379
f 385/385/385 384/384/384 383/383/383
f 386/386/386 385/385/385 383/383/383
f 386/386/386 383/383/383 387/387/387
f 388/388/388 386/386/386 387/387/387
f 391/391/391 390/390/390 389/389/389
f 392/392/392 391/391/391 389/389/389
f 392/392/392 389/389/389 393/393/393
f 394/394/394 392/392/392 393/393/393
f 397/397/397 396/396/396 395/395/395
f 398/398/398 397/397/397 395/395/395
f 401/401/401 400/400/400 399/399/399
f 402/402/402 401/401/401 399/399/399
f 405/405/405 404/404/404 403/403/403
f 406/406/406 405/405/405 403/403/403
f 409/409/409 408/408/408 407/407/407
f 410/410/410 409/409/409 407/407/407
f 413/413/413 412/412/412 411/411/411
f 414/414/414 413/413/413 411/411/411
f 417/417/417 416/416/416 415/415/415
f 418/418/418 417/417/417 415/415/415
f 421/421/421 420/420/420 419/419/419
f 422/422/422 421/421/421 419/419/419
f 425/425/425 424/424/424 423/423/423
f 426/426/426 425/425/425 423/423/423
f 426/426/426 423/423/423 427/427/427
f 428/428/428 426/426/426 427/427/427
f 428/428/428 427/427/427 429/429/429
f 430/430/430 428/428/428 429/429/429
f 430/430/430 429/429/429 431/431/431
f 432/432/432 430/430/430 431/431/431
f 435/435/435 434/434/434 433/433/433
f 436/436/436 435/435/435 433/433/433
f 439/439/439 438/438/438 437/437/437
f 438/438/438 440/440/440 437/437/437
f 438/438/438 441/441/441 440/440/440
f 441/441/441 442/442/442 440/440/440
f 441/441/441 443/443/443 442/442/442
f 443/443/443 444/444/444 442/442/442
f 443/443/443 445/445/445 444/444/444
f 445/445/445 446/446/446 444/444/444
f 449/449/449 448/448/448 447/447/447
f 450/450/450 449/449/449 447/447/447
f 453/453/453 452/452/452 451/451/451
f 454/454/454 453/453/453 451/451/451
f 457/457/457 456/456/456 455/455/455
f 458/458/458 457/457/457 455/455/455
f 461/461/461 460/460/460 459/459/459
f 462/462/462 461/461/461 459/459/459
f 465/465/465 464/464/464 463/463/463
f 466/466/466 465/465/465 463/463/463
f 469/469/469 468/468/468 467/467/467
f 470/470/470 469/469/469 467/467/467
f 473/473/473 472/472/472 471/471/471
f 474/474/474 473/473/473 471/471/471
f 477/477/477 476/476/476 475/475/475
f 478/478/478 477/477/477 475/475/475
f 481/481/481 480/480/480 479/479/479
f 482/482/482 481/481/481 479/479/479
f 485/485/485 484/484/484 483/483/483
f 486/486/486 485/485/485 483/483/483
f 489/489/489 488/488/488 487/487/487
f 490/490/490 489/489/489 487/487/487
f 493/493/493 492/492/492 491/491/491
f 494/494/494 493/493/493 491/491/491
f 497/497/497 496/496/496 495/495/495
f 498/498/498 497/497/497 495/495/495
f 501/501/501 500/500/500 499/499/499
f 502/502/502 501/501/501 499/499/499
f 505/505/505 504/504/504 503/503/503
f 506/506/506 505/505/505 503/503/503
f 509/509/509 508/508/508 507/507/507
f 510/510/510 509/509/509 507/507/507
f 513/513/513 512/512/512 511/511/511
f 514/514/514 513/513/513 511/511/511
f 517/517/517 516/516/516 515/515/515
f 518/518/518 517/517/517 515/515/515
f 521/521/521 520/520/520 519/519/519
f 522/522/522 521/521/521 519/519/519
f 525/525/525 524/524/524 523/523/523
f 526/526/526 525/525/525 523/523/523
f 529/529/529 528/528/528 527/527/527
f 530/530/530 529/529/529 527/527/527
f 533/533/533 532/532/532 531/531/531
f 534/534/534 533/533/533 531/531/531
f 537/537/537 536/536/536 535/535/535
f 538/538/538 537/537/537 535/535/535
f 541/541/541 540/540/540 539/539/539
f 540/540/540 542/542/542 539/539/539
f 542/542/542 543/543/543 539/539/539
f 543/543/543 544/544/544 539/539/539
f 543/543/543 545/545/545 544/544/544
f 545/545/545 546/546/546 544/544/544
f 549/549/549 548/548/548 547/547/547
f 550/550/550 549/549/549 547/547/547
f 551/551/551 550/550/550 547/547/547
f 552/552/552 551/551/551 547/547/547
f 553/553/553 551/551/551 552/552/552
f 554/554/554 553/553/553 552/552/552
f 557/557/557 556/556/556 555/555/555
f 556/556/556 558/558/558 555/555/555
f 555/555/555 558/558/558 559/559/559
f 558/558/558 560/560/560 559/559/559
f 559/559/559 560/560/560 561/561/561
f 560/560/560 562/562/562 561/561/561
f 561/561/561 562/562/562 563/563/563
f 562/562/562 564/564/564 563/563/563
f 563/563/563 564/564/564 565/565/565
f 564/564/564 566/566/566 565/565/565
f 565/565/565 566/566/566 567/567/567
f 566/566/566 568/568/568 567/567/567
f 567/567/567 568/568/568 569/569/569
f 568/568/568 570/570/570 569/569/569
f 573/573/573 572/572/572 571/571/571
f 572/572/572 574/574/574 571/571/571
f 574/574/574 575/575/575 571/571/571
f 575/575/575 576/576/576 571/571/571
f 575/575/575 577/577/577 576/576/576
f 577/577/577 578/578/578 576/576/576
f 581/581/581 580/580/580 579/579/579
f 582/582/582 581/581/581 579/579/579
f 583/583/583 582/582/582 579/579/579
f 584/584/584 583/583/583 579/579/579
f 585/585/585 583/583/583 584/584/584
f 586/586/586 585/585/585 584/584/584
f 589/589/589 588/588/588 587/587/587
f 588/588/588 590/590/590 587/587/587
f 587/587/587 590/590/590 591/591/591
f 590/590/590 592/592/592 591/591/591
f 591/591/591 592/592/592 593/593/593
f 592/592/592 594/594/594 593/593/593
f 593/593/593 594/594/594 595/595/595
f 594/594/594 596/596/596 595/595/595
f 595/595/595 596/596/596 597/597/597
f 596/596/596 598/598/598 597/597/597
f 597/597/597 598/598/598 599/599/599
f 598/598/598 600/600/600 599/599/599
f 599/599/599 600/600/600 601/601/601
f 600/600/600 602/602/602 601/601/601
f 605/605/605 604/604/604 603/603/603
f 606/606/606 605/605/605 603/603/603
f 609/609/609 608/608/608 607/607/607
f 610/610/610 609/609/609 607/607/607
f 613/613/613 612/612/612 611/611/611
f 614/614/614 613/613/613 611/611/611
f 617/617/617 616/616/616 615/615/615
f 618/618/618 617/617/617 615/615/615
f 621/621/621 620/620/620 619/619/619
f 622/622/622 621/621/621 619/619/619
f 625/625/625 624/624/624 623/623/623
f 626/626/626 625/625/625 623/623/623
f 629/629/629 628/628/628 627/627/627
f 630/630/630 629/629/629 627/627/627
f 633/633/633 632/632/632 631/631/631
f 634/634/634 633/633/633 631/631/631
f 637/637/637 636/636/636 635/635/635
f 638/638/638 637/637/637 635/635/635
f 641/641/641 640/640/640 639/639/639
f 642/642/642 641/641/641 639/639/639
f 645/645/645 644/644/644 643/643/643
f 646/646/646 645/645/645 643/643/643
f 649/649/649 648/648/648 647/647/647
f 650/650/650 649/649/649 647/647/647
f 653/653/653 652/652/652 651/651/651
f 654/654/654 653/653/653 651/651/651
f 657/657/657 656/656/656 655/655/655
f 658/658/658 657/657/657 655/655/655
f 661/661/661 660/660/660 659/659/659
f 662/662/662 661/661/661 659/659/659
f 665/665/665 664/664/664 663/663/663
f 666/666/666 665/665/665 663/663/663
f 669/669/669 668/668/668 667/667/667
f 670/670/670 669/669/669 667/667/667
f 673/673/673 672/672/672 671/671/671
f 674/674/674 673/673/673 671/671/671
f 677/677/677 676/676/676 675/675/675
f 678/678/678 677/677/677 675/675/675
f 681/681/681 680/680/680 679/679/679
f 682/682/682 681/681/681 679/679/679
f 685/685/685 684/684/684 683/683/683
f 686/686/686 685/685/685 683/683/683
f 689/689/689 688/688/688 687/687/687
f 690/690/690 689/689/689 687/687/687
f 693/693/693 692/692/692 691/691/691
f 694/694/694 693/693/693 691/691/691
f 697/697/697 696/696/696 695/695/695
f 698/698/698 697/697/697 695/695/695
f 701/701/701 700/700/700 699/699/699
f 702/702/702 701/701/701 699/699/699
f 705/705/705 704/704/704 703/703/703
f 706/706/706 705/705/705 703/703/703
f 709/709/709 708/708/708 707/707/707
f 710/710/710 709/709/709 707/707/707
f 713/713/713 712/712/712 711/711/711
f 714/714/714 713/713/713 711/711/711
f 717/717/717 716/716/716 715/715/715
f 718/718/718 717/717/717 715/715/715
f 719/719/719 717/717/717 718/718/718
f 720/720/720 719/719/719 718/718/718
f 721/721/721 719/719/719 720/720/720
f 722/722/722 721/721/721 720/720/720
f 723/723/723 721/721/721 722/722/722
f 724/724/724 723/723/723 722/722/722
f 725/725/725 723/723/723 724/724/724
f 726/726/726 725/725/725 724/724/724
f 727/727/727 725/725/725 726/726/726
f 728/728/728 727/727/727 726/726/726
f 729/729/729 727/727/727 728/728/728
f 730/730/730 729/729/729 728/728/728
f 731/731/731 729/729/729 730/730/730
f 732/732/732 731/731/731 730/730/730
f 735/735/735 734/734/734 733/733/733
f 736/736/736 735/735/735 733/733/733
f 737/737/737 735/735/735 736/736/736
f 738/738/738 737/737/737 736/736/736
f 739/739/739 737/737/737 738/738/738
f 740/740/740 739/739/739 738/738/738
f 741/741/741 739/739/739 740/740/740
f 742/742/742 741/741/741 740/740/740
f 743/743/743 741/741/741 742/742/742
f 744/744/744 743/743/743 742/742/742
f 745/745/745 743/743/743 744/744/744
f 746/746/746 745/745/745 744/744/744
f 747/747/747 745/745/745 746/746/746
f 748/748/748 747/747/747 746/746/746
f 749/749/749 747/747/747 748/748/748
f 750/750/750 749/749/749 748/748/748
f 753/753/753 752/752/752 751/751/751
f 752/752/752 754/754/754 751/751/751
f 751/751/751 754/754/754 755/755/755
f 754/754/754 756/756/756 755/755/755
f 755/755/755 756/756/756 757/757/757
f 756/756/756 758/758/758 757/757/757
f 757/757/757 758/758/758 759/759/759
f 758/758/758 760/760/760 759/759/759
f 759/759/759 760/760/760 761/761/761
f 760/760/760 762/762/762 761/761/761
f 761/761/761 762/762/762 763/763/763
f 762/762/762 764/764/764 763/763/763
f 763/763/763 764/764/764 765/765/765
f 764/764/764 766/766/766 765/765/765
f 765/765/765 766/766/766 767/767/767
f 766/766/766 768/768/768 767/767/767
f 771/771/771 770/770/770 769/769/769
f 772/772/772 771/771/771 769/769/769
f 775/775/775 774/774/774 773/773/773
f 776/776/776 775/775/775 773/773/773
f 779/779/779 778/778/778 777/777/777
f 780/780/780 779/779/779 777/777/777
f 783/783/783 782/782/782 781/781/781
f 784/784/784 783/783/783 781/781/781
f 787/787/787 786/786/786 785/785/785
f 786/786/786 788/788/788 785/785/785
f 785/785/785 788/788/788 789/789/789
f 788/788/788 790/790/790 789/789/789
f 793/793/793 792/792/792 791/791/791
f 794/794/794 793/793/793 791/791/791
f 795/795/795 793/793/793 794/794/794
f 796/796/796 795/795/795 794/794/794
f 799/799/799 798/798/798 797/797/797
f 800/800/800 799/799/799 797/797/797
f 803/803/803 802/802/802 801/801/801
f 804/804/804 803/803/803 801/801/801
f 804/804/804 801/801/801 805/805/805
f 806/806/806 803/803/803 804/804/804
f 807/807/807 804/804/804 805/805/805
f 807/807/807 805/805/805 808/808/808
f 809/809/809 806/806/806 804/804/804
f 809/809/809 804/804/804 807/807/807
f 810/810/810 806/806/806 809/809/809
f 811/811/811 807/807/807 808/808/808
f 811/811/811 808/808/808 812/812/812
f 813/813/813 809/809/809 807/807/807
f 813/813/813 807/807/807 811/811/811
f 814/814/814 810/810/810 809/809/809
f 814/814/814 809/809/809 813/813/813
f 815/815/815 810/810/810 814/814/814
f 816/816/816 815/815/815 814/814/814
f 816/816/816 814/814/814 817/817/817
f 817/817/817 814/814/814 813/813/813
f 818/818/818 816/816/816 817/817/817
f 819/819/819 811/811/811 812/812/812
f 812/812/812 820/820/820 819/819/819
f 821/821/821 813/813/813 811/811/811
f 817/817/817 813/813/813 821/821/821
f 821/821/821 811/811/811 819/819/819
f 818/818/818 817/817/817 822/822/822
f 822/822/822 817/817/817 821/821/821
f 823/823/823 818/818/818 822/822/822
f 822/822/822 821/821/821 824/824/824
f 824/824/824 821/821/821 819/819/819
f 823/823/823 822/822/822 825/825/825
f 825/825/825 822/822/822 824/824/824
f 826/826/826 823/823/823 825/825/825
f 826/826/826 825/825/825 827/827/827
f 820/820/820 828/828/828 819/819/819
f 820/820/820 829/829/829 828/828/828
f 830/830/830 824/824/824 819/819/819
f 825/825/825 824/824/824 830/830/830
f 828/828/828 830/830/830 819/819/819
f 829/829/829 831/831/831 828/828/828
f 828/828/828 831/831/831 830/830/830
f 829/829/829 832/832/832 831/831/831
f 825/825/825 833/833/833 827/827/827
f 833/833/833 825/825/825 830/830/830
f 831/831/831 834/834/834 830/830/830
f 830/830/830 834/834/834 833/833/833
f 832/832/832 835/835/835 831/831/831
f 831/831/831 835/835/835 834/834/834
f 832/832/832 836/836/836 835/835/835
f 833/833/833 837/837/837 827/827/827
f 834/834/834 837/837/837 833/833/833
f 837/837/837 838/838/838 827/827/827
f 835/835/835 839/839/839 834/834/834
f 834/834/834 839/839/839 837/837/837
f 836/836/836 840/840/840 835/835/835
f 835/835/835 840/840/840 839/839/839
f 836/836/836 841/841/841 840/840/840
f 837/837/837 842/842/842 838/838/838
f 839/839/839 842/842/842 837/837/837
f 842/842/842 843/843/843 838/838/838
f 840/840/840 844/844/844 839/839/839
f 839/839/839 844/844/844 842/842/842
f 841/841/841 845/845/845 840/840/840
f 840/840/840 845/845/845 844/844/844
f 841/841/841 846/846/846 845/845/845
f 842/842/842 847/847/847 843/843/843
f 844/844/844 847/847/847 842/842/842
f 847/847/847 848/848/848 843/843/843
f 845/845/845 849/849/849 844/844/844
f 844/844/844 849/849/849 847/847/847
f 846/846/846 850/850/850 845/845/845
f 845/845/845 850/850/850 849/849/849
f 846/846/846 851/851/851 850/850/850
f 847/847/847 852/852/852 848/848/848
f 849/849/849 852/852/852 847/847/847
f 852/852/852 853/853/853 848/848/848
f 850/850/850 854/854/854 849/849/849
f 849/849/849 854/854/854 852/852/852
f 851/851/851 855/855/855 850/850/850
f 850/850/850 855/855/855 854/854/854
f 851/851/851 856/856/856 855/855/855
f 852/852/852 857/857/857 853/853/853
f 854/854/854 857/857/857 852/852/852
f 857/857/857 858/858/858 853/853/853
f 855/855/855 859/859/859 854/854/854
f 854/854/854 859/859/859 857/857/857
f 856/856/856 860/860/860 855/855/855
f 855/855/855 860/860/860 859/859/859
f 856/856/856 861/861/861 860/860/860
f 857/857/857 862/862/862 858/858/858
f 859/859/859 862/862/862 857/857/857
f 862/862/862 863/863/863 858/858/858
f 860/860/860 864/864/864 859/859/859
f 859/859/859 864/864/864 862/862/862
f 861/861/861 865/865/865 860/860/860
f 860/860/860 865/865/865 864/864/864
f 861/861/861 866/866/866 865/865/865
f 862/862/862 867/867/867 863/863/863
f 864/864/864 867/867/867 862/862/862
f 867/867/867 868/868/868 863/863/863
f 865/865/865 869/869/869 864/864/864
f 864/864/864 869/869/869 867/867/867
f 866/866/866 870/870/870 865/865/865
f 865/865/865 870/870/870 869/869/869
f 866/866/866 871/871/871 870/870/870
f 867/867/867 872/872/872 868/868/868
f 869/869/869 872/872/872 867/867/867
f 872/872/872 873/873/873 868/868/868
f 870/870/870 874/874/874 869/869/869
f 869/869/869 874/874/874 872/872/872
f 871/871/871 875/875/875 870/870/870
f 870/870/870 875/875/875 874/874/874
f 871/871/871 876/876/876 875/875/875
f 872/872/872 877/877/877 873/873/873
f 874/874/874 877/877/877 872/872/872
f 877/877/877 878/878/878 873/873/873
f 875/875/875 879/879/879 874/874/874
f 874/874/874 879/879/879 877/877/877
f 876/876/876 880/880/880 875/875/875
f 875/875/875 880/880/880 879/879/879
f 876/876/876 881/881/881 880/880/880
f 877/877/877 882/882/882 878/878/878
f 879/879/879 882/882/882 877/877/877
f 882/882/882 883/883/883 878/878/878
f 880/880/880 884/884/884 879/879/879
f 879/879/879 884/884/884 882/882/882
f 881/881/881 885/885/885 880/880/880
f 880/880/880 885/885/885 884/884/884
f 881/881/881 886/886/886 885/885/885
f 886/886/886 887/887/887 885/885/885
f 882/882/882 888/888/888 883/883/883
f 884/884/884 888/888/888 882/882/882
f 888/888/888 889/889/889 883/883/883
f 885/885/885 890/890/890 884/884/884
f 885/885/885 887/887/887 890/890/890
f 884/884/884 890/890/890 888/888/888
f 887/887/887 891/891/891 890/890/890
f 888/888/888 892/892/892 889/889/889
f 890/890/890 892/892/892 888/888/888
f 890/890/890 891/891/891 892/892/892
f 892/892/892 893/893/893 889/889/889
f 891/891/891 894/894/894 892/892/892
f 892/892/892 894/894/894 893/893/893
f 894/894/894 895/895/895 893/893/893
f 898/898/898 897/897/897 896/896/896
f 899/899/899 898/898/898 896/896/896
f 899/899/899 896/896/896 900/900/900
f 901/901/901 898/898/898 899/899/899
f 902/902/902 899/899/899 900/900/900
f 900/900/900 903/903/903 902/902/902
f 904/904/904 901/901/901 899/899/899
f 904/904/904 899/899/899 902/902/902
f 905/905/905 901/901/901 904/904/904
f 903/903/903 906/906/906 902/902/902
f 903/903/903 907/907/907 906/906/906
f 908/908/908 904/904/904 902/902/902
f 902/902/902 906/906/906 908/908/908
f 909/909/909 905/905/905 904/904/904
f 909/909/909 904/904/904 908/908/908
f 910/910/910 905/905/905 909/909/909
f 906/906/906 911/911/911 908/908/908
f 906/906/906 907/907/907 911/911/911
f 912/912/912 909/909/909 908/908/908
f 908/908/908 911/911/911 912/912/912
f 913/913/913 910/910/910 909/909/909
f 913/913/913 909/909/909 912/912/912
f 914/914/914 910/910/910 913/913/913
f 911/911/911 915/915/915 912/912/912
f 911/911/911 907/907/907 915/915/915
f 916/916/916 913/913/913 912/912/912
f 912/912/912 915/915/915 916/916/916
f 917/917/917 914/914/914 913/913/913
f 917/917/917 913/913/913 916/916/916
f 918/918/918 914/914/914 917/917/917
f 915/915/915 919/919/919 916/916/916
f 915/915/915 907/907/907 919/919/919
f 920/920/920 917/917/917 916/916/916
f 916/916/916 919/919/919 920/920/920
f 921/921/921 918/918/918 917/917/917
f 921/921/921 917/917/917 920/920/920
f 922/922/922 918/918/918 921/921/921
f 919/919/919 923/923/923 920/920/920
f 919/919/919 907/907/907 923/923/923
f 924/924/924 921/921/921 920/920/920
f 920/920/920 923/923/923 924/924/924
f 925/925/925 922/922/922 921/921/921
f 925/925/925 921/921/921 924/924/924
f 926/926/926 922/922/922 925/925/925
f 927/927/927 926/926/926 925/925/925
f 927/927/927 925/925/925 928/928/928
f 928/928/928 925/925/925 924/924/924
f 929/929/929 927/927/927 928/928/928
f 923/923/923 930/930/930 924/924/924
f 923/923/923 907/907/907 930/930/930
f 924/924/924 930/930/930 928/928/928
f 928/928/928 931/931/931 929/929/929
f 930/930/930 931/931/931 928/928/928
f 930/930/930 907/907/907 931/931/931
f 931/931/931 932/932/932 929/929/929
f 931/931/931 907/907/907 932/932/932
f 935/935/935 934/934/934 933/933/933
f 936/936/936 935/935/935 933/933/933
f 937/937/937 935/935/935 936/936/936
f 938/938/938 937/937/937 936/936/936
f 939/939/939 937/937/937 938/938/938
f 940/940/940 939/939/939 938/938/938
f 941/941/941 939/939/939 940/940/940
f 942/942/942 941/941/941 940/940/940
f 943/943/943 941/941/941 942/942/942
f 944/944/944 943/943/943 942/942/942
f 945/945/945 943/943/943 944/944/944
f 946/946/946 945/945/945 944/944/944
f 947/947/947 945/945/945 946/946/946
f 948/948/948 947/947/947 946/946/946
f 949/949/949 947/947/947 948/948/948
f 950/950/950 949/949/949 948/948/948
f 953/953/953 952/952/952 951/951/951
f 954/954/954 953/953/953 951/951/951
f 951/951/951 955/955/955 954/954/954
f 956/956/956 953/953/953 954/954/954
f 955/955/955 957/957/957 954/954/954
f 958/958/958 956/956/956 954/954/954
f 954/954/954 957/957/957 958/958/958
f 959/959/959 956/956/956 958/958/958
f 957/957/957 960/960/960 958/958/958
f 961/961/961 959/959/959 958/958/958
f 958/958/958 960/960/960 961/961/961
f 962/962/962 959/959/959 961/961/961
f 960/960/960 963/963/963 961/961/961
f 964/964/964 962/962/962 961/961/961
f 961/961/961 963/963/963 964/964/964
f 965/965/965 962/962/962 964/964/964
f 963/963/963 966/966/966 964/964/964
f 967/967/967 965/965/965 964/964/964
f 964/964/964 966/966/966 967/967/967
f 968/968/968 965/965/965 967/967/967
f 966/966/966 969/969/969 967/967/967
f 970/970/970 968/968/968 967/967/967
f 967/967/967 969/969/969 970/970/970
f 971/971/971 968/968/968 970/970/970
f 969/969/969 972/972/972 970/970/970
f 973/973/973 971/971/971 970/970/970
f 970/970/970 972/972/972 973/973/973
f 974/974/974 971/971/971 973/973/973
f 972/972/972 975/975/975 973/973/973
f 976/976/976 974/974/974 973/973/973
f 973/973/973 975/975/975 976/976/976
f 975/975/975 977/977/977 976/976/976
f 980/980/980 979/979/979 978/978/978
f 981/981/981 980/980/980 978/978/978
f 981/981/981 978/978/978 982/982/982
f 983/983/983 980/980/980 981/981/981
f 984/984/984 981/981/981 982/982/982
f 982/982/982 985/985/985 984/984/984
f 986/986/986 983/983/983 981/981/981
f 986/986/986 981/981/981 984/984/984
f 987/987/987 983/983/983 986/986/986
f 985/985/985 988/988/988 984/984/984
f 985/985/985 989/989/989 988/988/988
f 990/990/990 986/986/986 984/984/984
f 984/984/984 988/988/988 990/990/990
f 991/991/991 987/987/987 986/986/986
f 991/991/991 986/986/986 990/990/990
f 992/992/992 987/987/987 991/991/991
f 988/988/988 993/993/993 990/990/990
f 988/988/988 989/989/989 993/993/993
f 994/994/994 991/991/991 990/990/990
f 990/990/990 993/993/993 994/994/994
f 995/995/995 992/992/992 991/991/991
f 995/995/995 991/991/991 994/994/994
f 996/996/996 992/992/992 995/995/995
f 993/993/993 997/997/997 994/994/994
f 993/993/993 989/989/989 997/997/997
f 998/998/998 995/995/995 994/994/994
f 994/994/994 997/997/997 998/998/998
f 999/999/999 996/996/996 995/995/995
f 999/999/999 995/995/995 998/998/998
f 1000/1000/1000 996/996/996 999/999/999
f 997/997/997 1001/1001/1001 998/998/998
f 997/997/997 989/989/989 1001/1001/1001
f 1002/1002/1002 999/999/999 998/998/998
f 998/998/998 1001/1001/1001 1002/1002/1002
f 1003/1003/1003 1000/1000/1000 999/999/999
f 1003/1003/1003 999/999/999 1002/1002/1002
f 1004/1004/1004 1000/1000/1000 1003/1003/1003
f 1001/1001/1001 1005/1005/1005 1002/1002/1002
f 1001/1001/1001 989/989/989 1005/1005/1005
f 1006/1006/1006 1003/1003/1003 1002/1002/1002
f 1002/1002/1002 1005/1005/1005 1006/1006/1006
f 1007/1007/1007 1004/1004/1004 1003/1003/1003
f 1007/1007/1007 1003/1003/1003 1006/1006/1006
f 1008/1008/1008 1004/1004/1004 1007/1007/1007
f 1009/1009/1009 1008/1008/1008 1007/1007/1007
f 1009/1009/1009 1007/1007/1007 1010/1010/1010
f 1010/1010/1010 1007/1007/1007 1006/1006/1006
f 1011/1011/1011 1009/1009/1009 1010/1010/1010
f 1005/1005/1005 1012/1012/1012 1006/1006/1006
f 1005/1005/1005 989/989/989 1012/1012/1012
f 1006/1006/1006 1012/1012/1012 1010/1010/1010
f 1010/1010/1010 1013/1013/1013 1011/1011/1011
f 1012/1012/1012 1013/1013/1013 1010/1010/1010
f 1012/1012/1012 989/989/989 1013/1013/1013
f 1013/1013/1013 1014/1014/1014 1011/1011/1011
f 1013/1013/1013 989/989/989 1014/1014/1014
f 1017/1017/1017 1016/1016/1016 1015/1015/1015
f 1018/1018/1018 1017/1017/1017 1015/1015/1015
f 1019/1019/1019 1017/1017/1017 1018/1018/1018
f 1020/1020/1020 1019/1019/1019 1018/1018/1018
f 1021/1021/1021 1019/1019/1019 1020/1020/1020
f 1022/1022/1022 1021/1021/1021 1020/1020/1020
f 1023/1023/1023 1021/1021/1021 1022/1022/1022
f 1024/1024/1024 1023/1023/1023 1022/1022/1022
f 1025/1025/1025 1023/1023/1023 1024/1024/1024
f 1026/1026/1026 1025/1025/1025 1024/1024/1024
f 1027/1027/1027 1025/1025/1025 1026/1026/1026
f 1028/1028/1028 1027/1027/1027 1026/1026/1026
f 1029/1029/1029 1027/1027/1027 1028/1028/1028
f 1030/1030/1030 1029/1029/1029 1028/1028/1028
f 1031/1031/1031 1029/1029/1029 1030/1030/1030
f 1032/1032/1032 1031/1031/1031 1030/1030/1030
f 1035/1035/1035 1034/1034/1034 1033/1033/1033
f 1036/1036/1036 1035/1035/1035 1033/1033/1033
f 1033/1033/1033 1037/1037/1037 1036/1036/1036
f 1038/1038/1038 1035/1035/1035 1036/1036/1036
f 1037/1037/1037 1039/1039/1039 1036/1036/1036
f 1040/1040/1040 1038/1038/1038 1036/1036/1036
f 1036/1036/1036 1039/1039/1039 1040/1040/1040
f 1041/1041/1041 1038/1038/1038 1040/1040/1040
f 1039/1039/1039 1042/1042/1042 1040/1040/1040
f 1043/1043/1043 1041/1041/1041 1040/1040/1040
f 1040/1040/1040 1042/1042/1042 1043/1043/1043
f 1044/1044/1044 1041/1041/1041 1043/1043/1043
f 1042/1042/1042 1045/1045/1045 1043/1043/1043
f 1046/1046/1046 1044/1044/1044 1043/1043/1043
f 1043/1043/1043 1045/1045/1045 1046/1046/1046
f 1047/1047/1047 1044/1044/1044 1046/1046/1046
f 1045/1045/1045 1048/1048/1048 1046/1046/1046
f 1049/1049/1049 1047/1047/1047 1046/1046/1046
f 1046/1046/1046 1048/1048/1048 1049/1049/1049
f 1050/1050/1050 1047/1047/1047 1049/1049/1049
f 1048/1048/1048 1051/1051/1051 1049/1049/1049
f 1052/1052/1052 1050/1050/1050 1049/1049/1049
f 1049/1049/1049 1051/1051/1051 1052/1052/1052
f 1053/1053/1053 1050/1050/1050 1052/1052/1052
f 1051/1051/1051 1054/1054/1054 1052/1052/1052
f 1055/1055/1055 1053/1053/1053 1052/1052/1052
f 1052/1052/1052 1054/1054/1054 1055/1055/1055
f 1056/1056/1056 1053/1053/1053 1055/1055/1055
f 1054/1054/1054 1057/1057/1057 1055/1055/1055
f 1058/1058/1058 1056/1056/1056 1055/1055/1055
f 1055/1055/1055 1057/1057/1057 1058/1058/1058
f 1057/1057/1057 1059/1059/1059 1058/1058/1058
f 1062/1062/1062 1061/1061/1061 1060/1060/1060
f 1060/1060/1060 1061/1061/1061 1063/1063/1063
f 1061/1061/1061 1064/1064/1064 1063/1063/1063
f 1063/1063/1063 1064/1064/1064 1065/1065/1065
f 1064/1064/1064 1061/1061/1061 1066/1066/1066
f 1061/1061/1061 1067/1067/1067 1066/1066/1066
f 1068/1068/1068 1066/1066/1066 1067/1067/1067
f 1069/1069/1069 1066/1066/1066 1068/1068/1068
f 1070/1070/1070 1068/1068/1068 1067/1067/1067
f 1071/1071/1071 1070/1070/1070 1067/1067/1067
f 1074/1074/1074 1073/1073/1073 1072/1072/1072
f 1072/1072/1072 1073/1073/1073 1075/1075/1075
f 1073/1073/1073 1076/1076/1076 1075/1075/1075
f 1075/1075/1075 1076/1076/1076 1077/1077/1077
f 1075/1075/1075 1078/1078/1078 1072/1072/1072
f 1078/1078/1078 1079/1079/1079 1072/1072/1072
f 1080/1080/1080 1079/1079/1079 1078/1078/1078
f 1081/1081/1081 1079/1079/1079 1080/1080/1080
f 1082/1082/1082 1080/1080/1080 1078/1078/1078
f 1083/1083/1083 1082/1082/1082 1078/1078/1078
f 1086/1086/1086 1085/1085/1085 1084/1084/1084
f 1085/1085/1085 1087/1087/1087 1084/1084/1084
f 1088/1088/1088 1084/1084/1084 1087/1087/1087
f 1089/1089/1089 1088/1088/1088 1087/1087/1087
f 1090/1090/1090 1088/1088/1088 1089/1089/1089
f 1091/1091/1091 1090/1090/1090 1089/1089/1089
f 1094/1094/1094 1093/1093/1093 1092/1092/1092
f 1095/1095/1095 1094/1094/1094 1092/1092/1092
f 1092/1092/1092 1096/1096/1096 1095/1095/1095
f 1096/1096/1096 1097/1097/1097 1095/1095/1095
f 1096/1096/1096 1098/1098/1098 1097/1097/1097
f 1098/1098/1098 1099/1099/1099 1097/1097/1097
f 1102/1102/1102 1101/1101/1101 1100/1100/1100
f 1103/1103/1103 1102/1102/1102 1100/1100/1100
f 1103/1103/1103 1100/1100/1100 1104/1104/1104
f 1105/1105/1105 1103/1103/1103 1104/1104/1104
f 1105/1105/1105 1104/1104/1104 1106/1106/1106
f 1107/1107/1107 1105/1105/1105 1106/1106/1106
f 1110/1110/1110 1109/1109/1109 1108/1108/1108
f 1111/1111/1111 1110/1110/1110 1108/1108/1108
f 1114/1114/1114 1113/1113/1113 1112/1112/1112
f 1113/1113/1113 1115/1115/1115 1112/1112/1112
f 1113/1113/1113 1116/1116/1116 1115/1115/1115
f 1116/1116/1116 1117/1117/1117 1115/1115/1115
f 1116/1116/1116 1118/1118/1118 1117/1117/1117
f 1118/1118/1118 1119/1119/1119 1117/1117/1117
f 1122/1122/1122 1121/1121/1121 1120/1120/1120
f 1123/1123/1123 1122/1122/1122 1120/1120/1120
f 1120/1120/1120 1124/1124/1124 1123/1123/1123
f 1124/1124/1124 1125/1125/1125 1123/1123/1123
f 1124/1124/1124 1126/1126/1126 1125/1125/1125
f 1126/1126/1126 1127/1127/1127 1125/1125/1125
f 1130/1130/1130 1129/1129/1129 1128/1128/1128
f 1129/1129/1129 1131/1131/1131 1128/1128/1128
f 1132/1132/1132 1128/1128/1128 1131/1131/1131
f 1133/1133/1133 1132/1132/1132 1131/1131/1131
f 1134/1134/1134 1132/1132/1132 1133/1133/1133
f 1135/1135/1135 1134/1134/1134 1133/1133/1133
f 1138/1138/1138 1137/1137/1137 1136/1136/1136
f 1137/1137/1137 1139/1139/1139 1136/1136/1136
f 1136/1136/1136 1139/1139/1139 1140/1140/1140
f 1139/1139/1139 1141/1141/1141 1140/1140/1140
f 1140/1140/1140 1141/1141/1141 1142/1142/1142
f 1141/1141/1141 1143/1143/1143 1142/1142/1142
f 1146/1146/1146 1145/1145/1145 1144/1144/1144
f 1147/1147/1147 1146/1146/1146 1144/1144/1144
f 1150/1150/1150 1149/1149/1149 1148/1148/1148
f 1151/1151/1151 1150/1150/1150 1148/1148/1148
f 1152/1152/1152 1150/1150/1150 1151/1151/1151
f 1153/1153/1153 1152/1152/1152 1151/1151/1151
f 1154/1154/1154 1152/1152/1152 1153/1153/1153
f 1155/1155/1155 1154/1154/1154 1153/1153/1153
f 1158/1158/1158 1157/1157/1157 1156/1156/1156
f 1157/1157/1157 1159/1159/1159 1156/1156/1156
f 1157/1157/1157 1160/1160/1160 1159/1159/1159
f 1160/1160/1160 1161/1161/1161 1159/1159/1159
f 1160/1160/1160 1162/1162/1162 1161/1161/1161
f 1162/1162/1162 1163/1163/1163 1161/1161/1161
f 1162/1162/1162 1164/1164/1164 1163/1163/1163
f 1164/1164/1164 1165/1165/1165 1163/1163/1163
f 1164/1164/1164 1166/1166/1166 1165/1165/1165
f 1166/1166/1166 1167/1167/1167 1165/1165/1165
f 1168/1168/1168 1167/1167/1167 1166/1166/1166
f 1169/1169/1169 1167/1167/1167 1168/1168/1168
f 1170/1170/1170 1169/1169/1169 1168/1168/1168
f 1171/1171/1171 1168/1168/1168 1166/1166/1166
f 1171/1171/1171 1166/1166/1166 1172/1172/1172
f 1173/1173/1173 1171/1171/1171 1172/1172/1172
f 1176/1176/1176 1175/1175/1175 1174/1174/1174
f 1177/1177/1177 1176/1176/1176 1174/1174/1174
f 1177/1177/1177 1174/1174/1174 1178/1178/1178
f 1179/1179/1179 1177/1177/1177 1178/1178/1178
f 1179/1179/1179 1178/1178/1178 1180/1180/1180
f 1181/1181/1181 1179/1179/1179 1180/1180/1180
f 1181/1181/1181 1180/1180/1180 1182/1182/1182
f 1183/1183/1183 1181/1181/1181 1182/1182/1182
f 1183/1183/1183 1182/1182/1182 1184/1184/1184
f 1185/1185/1185 1183/1183/1183 1184/1184/1184
f 1184/1184/1184 1186/1186/1186 1185/1185/1185
f 1186/1186/1186 1187/1187/1187 1185/1185/1185
f 1187/1187/1187 1186/1186/1186 1188/1188/1188
f 1189/1189/1189 1187/1187/1187 1188/1188/1188
f 1190/1190/1190 1189/1189/1189 1188/1188/1188
f 1191/1191/1191 1190/1190/1190 1188/1188/1188
f 1191/1191/1191 1192/1192/1192 1190/1190/1190
f 1192/1192/1192 1193/1193/1193 1190/1190/1190
f 1192/1192/1192 1194/1194/1194 1193/1193/1193
f 1194/1194/1194 1195/1195/1195 1193/1193/1193
f 1194/1194/1194 1196/1196/1196 1195/1195/1195
f 1196/1196/1196 1197/1197/1197 1195/1195/1195
f 1196/1196/1196 1198/1198/1198 1197/1197/1197
f 1198/1198/1198 1199/1199/1199 1197/1197/1197
f 1198/1198/1198 1200/1200/1200 1199/1199/1199
f 1200/1200/1200 1201/1201/1201 1199/1199/1199
f 1204/1204/1204 1203/1203/1203 1202/1202/1202
f 1205/1205/1205 1204/1204/1204 1202/1202/1202
f 1202/1202/1202 1206/1206/1206 1205/1205/1205
f 1206/1206/1206 1207/1207/1207 1205/1205/1205
f 1206/1206/1206 1208/1208/1208 1207/1207/1207
f 1208/1208/1208 1209/1209/1209 1207/1207/1207
f 1208/1208/1208 1210/1210/1210 1209/1209/1209
f 1210/1210/1210 1211/1211/1211 1209/1209/1209
f 1210/1210/1210 1212/1212/1212 1211/1211/1211
f 1212/1212/1212 1213/1213/1213 1211/1211/1211
f 1212/1212/1212 1214/1214/1214 1213/1213/1213
f 1214/1214/1214 1215/1215/1215 1213/1213/1213
f 1216/1216/1216 1215/1215/1215 1214/1214/1214
f 1217/1217/1217 1216/1216/1216 1214/1214/1214
f 1220/1220/1220 1219/1219/1219 1218/1218/1218
f 1221/1221/1221 1220/1220/1220 1218/1218/1218
f 1224/1224/1224 1223/1223/1223 1222/1222/1222
f 1225/1225/1225 1224/1224/1224 1222/1222/1222
f 1225/1225/1225 1222/1222/1222 1226/1226/1226
f 1227/1227/1227 1225/1225/1225 1226/1226/1226
f 1227/1227/1227 1226/1226/1226 1228/1228/1228
f 1229/1229/1229 1227/1227/1227 1228/1228/1228
f 1230/1230/1230 1229/1229/1229 1228/1228/1228
f 1231/1231/1231 1230/1230/1230 1228/1228/1228
f 1230/1230/1230 1231/1231/1231 1232/1232/1232
f 1233/1233/1233 1230/1230/1230 1232/1232/1232
f 1233/1233/1233 1232/1232/1232 1234/1234/1234
f 1235/1235/1235 1233/1233/1233 1234/1234/1234
f 1236/1236/1236 1235/1235/1235 1234/1234/1234
f 1237/1237/1237 1236/1236/1236 1234/1234/1234
f 1240/1240/1240 1239/1239/1239 1238/1238/1238
f 1241/1241/1241 1240/1240/1240 1238/1238/1238
f 1241/1241/1241 1238/1238/1238 1242/1242/1242
f 1243/1243/1243 1241/1241/1241 1242/1242/1242
f 1243/1243/1243 1242/1242/1242 1244/1244/1244
f 1245/1245/1245 1243/1243/1243 1244/1244/1244
f 1246/1246/1246 1245/1245/1245 1244/1244/1244
f 1247/1247/1247 1246/1246/1246 1244/1244/1244
f 1246/1246/1246 1247/1247/1247 1248/1248/1248
f 1249/1249/1249 1246/1246/1246 1248/1248/1248
f 1249/1249/1249 1248/1248/1248 1250/1250/1250
f 1251/1251/1251 1249/1249/1249 1250/1250/1250
f 1252/1252/1252 1251/1251/1251 1250/1250/1250
f 1253/1253/1253 1252/1252/1252 1250/1250/1250
f 1256/1256/1256 1255/1255/1255 1254/1254/1254
f 1257/1257/1257 1256/1256/1256 1254/1254/1254
f 1260/1260/1260 1259/1259/1259 1258/1258/1258
f 1261/1261/1261 1260/1260/1260 1258/1258/1258
f 1258/1258/1258 1262/1262/1262 1261/1261/1261
f 1262/1262/1262 1263/1263/1263 1261/1261/1261
f 1262/1262/1262 1264/1264/1264 1263/1263/1263
f 1264/1264/1264 1265/1265/1265 1263/1263/1263
f 1264/1264/1264 1266/1266/1266 1265/1265/1265
f 1266/1266/1266 1267/1267/1267 1265/1265/1265
f 1266/1266/1266 1268/1268/1268 1267/1267/1267
f 1268/1268/1268 1269/1269/1269 1267/1267/1267
f 1268/1268/1268 1270/1270/1270 1269/1269/1269
f 1270/1270/1270 1271/1271/1271 1269/1269/1269
f 1272/1272/1272 1271/1271/1271 1270/1270/1270
f 1273/1273/1273 1272/1272/1272 1270/1270/1270
f 1276/1276/1276 1275/1275/1275 1274/1274/1274
f 1277/1277/1277 1276/1276/1276 1274/1274/1274
f 1280/1280/1280 1279/1279/1279 1278/1278/1278
f 1281/1281/1281 1280/1280/1280 1278/1278/1278
f 1281/1281/1281 1278/1278/1278 1282/1282/1282
f 1283/1283/1283 1281/1281/1281 1282/1282/1282
f 1283/1283/1283 1282/1282/1282 1284/1284/1284
f 1285/1285/1285 1283/1283/1283 1284/1284/1284
f 1286/1286/1286 1285/1285/1285 1284/1284/1284
f 1287/1287/1287 1286/1286/1286 1284/1284/1284
f 1286/1286/1286 1287/1287/1287 1288/1288/1288
f 1289/1289/1289 1286/1286/1286 1288/1288/1288
f 1289/1289/1289 1288/1288/1288 1290/1290/1290
f 1291/1291/1291 1289/1289/1289 1290/1290/1290
f 1292/1292/1292 1291/1291/1291 1290/1290/1290
f 1293/1293/1293 1292/1292/1292 1290/1290/1290
f 1296/1296/1296 1295/1295/1295 1294/1294/1294
f 1297/1297/1297 1296/1296/1296 1294/1294/1294
f 1297/1297/1297 1294/1294/1294 1298/1298/1298
f 1299/1299/1299 1297/1297/1297 1298/1298/1298
f 1299/1299/1299 1298/1298/1298 1300/1300/1300
f 1301/1301/1301 1299/1299/1299 1300/1300/1300
f 1302/1302/1302 1301/1301/1301 1300/1300/1300
f 1303/1303/1303 1302/1302/1302 1300/1300/1300
f 1302/1302/1302 1303/1303/1303 1304/1304/1304
f 1305/1305/1305 1302/1302/1302 1304/1304/1304
f 1305/1305/1305 1304/1304/1304 1306/1306/1306
f 1307/1307/1307 1305/1305/1305 1306/1306/1306
f 1308/1308/1308 1307/1307/1307 1306/1306/1306
f 1309/1309/1309 1308/1308/1308 1306/1306/1306
f 1312/1312/1312 1311/1311/1311 1310/1310/1310
f 1313/1313/1313 1312/1312/1312 1310/1310/1310
f 1316/1316/1316 1315/1315/1315 1314/1314/1314
f 1317/1317/1317 1316/1316/1316 1314/1314/1314
f 1314/1314/1314 1318/1318/1318 1317/1317/1317
f 1318/1318/1318 1319/1319/1319 1317/1317/1317
f 1318/1318/1318 1320/1320/1320 1319/1319/1319
f 1320/1320/1320 1321/1321/1321 1319/1319/1319
f 1320/1320/1320 1322/1322/1322 1321/1321/1321
f 1322/1322/1322 1323/1323/1323 1321/1321/1321
f 1322/1322/1322 1324/1324/1324 1323/1323/1323
f 1324/1324/1324 1325/1325/1325 1323/1323/1323
f 1324/1324/1324 1326/1326/1326 1325/1325/1325
f 1326/1326/1326 1327/1327/1327 1325/1325/1325
f 1328/1328/1328 1327/1327/1327 1326/1326/1326
f 1329/1329/1329 1328/1328/1328 1326/1326/1326
f 1332/1332/1332 1331/1331/1331 1330/1330/1330
f 1333/1333/1333 1332/1332/1332 1330/1330/1330
f 1336/1336/1336 1335/1335/1335 1334/1334/1334
f 1337/1337/1337 1336/1336/1336 1334/1334/1334
f 1337/1337/1337 1334/1334/1334 1338/1338/1338
f 1339/1339/1339 1337/1337/1337 1338/1338/1338
f 1339/1339/1339 1338/1338/1338 1340/1340/1340
f 1341/1341/1341 1339/1339/1339 1340/1340/1340
f 1342/1342/1342 1341/1341/1341 1340/1340/1340
f 1343/1343/1343 1342/1342/1342 1340/1340/1340
f 1342/1342/1342 1343/1343/1343 1344/1344/1344
f 1345/1345/1345 1342/1342/1342 1344/1344/1344
f 1345/1345/1345 1344/1344/1344 1346/1346/1346
f 1347/1347/1347 1345/1345/1345 1346/1346/1346
f 1348/1348/1348 1347/1347/1347 1346/1346/1346
f 1349/1349/1349 1348/1348/1348 1346/1346/1346
f 1352/1352/1352 1351/1351/1351 1350/1350/1350
f 1353/1353/1353 1352/1352/1352 1350/1350/1350
f 1353/1353/1353 1350/1350/1350 1354/1354/1354
f 1355/1355/1355 1353/1353/1353 1354/1354/1354
f 1355/1355/1355 1354/1354/1354 1356/1356/1356
f 1357/1357/1357 1355/1355/1355 1356/1356/1356
f 1358/1358/1358 1357/1357/1357 1356/1356/1356
f 1359/1359/1359 1358/1358/1358 1356/1356/1356
f 1358/1358/1358 1359/1359/1359 1360/1360/1360
f 1361/1361/1361 1358/1358/1358 1360/1360/1360
f 1361/1361/1361 1360/1360/1360 1362/1362/1362
f 1363/1363/1363 1361/1361/1361 1362/1362/1362
f 1364/1364/1364 1363/1363/1363 1362/1362/1362
f 1365/1365/1365 1364/1364/1364 1362/1362/1362
f 1368/1368/1368 1367/1367/1367 1366/1366/1366
f 1369/1369/1369 1368/1368/1368 1366/1366/1366
f 1372/1372/1372 1371/1371/1371 1370/1370/1370
f 1373/1373/1373 1372/1372/1372 1370/1370/1370
f 1370/1370/1370 1374/1374/1374 1373/1373/1373
f 1374/1374/1374 1375/1375/1375 1373/1373/1373
f 1374/1374/1374 1376/1376/1376 1375/1375/1375
f 1376/1376/1376 1377/1377/1377 1375/1375/1375
f 1376/1376/1376 1378/1378/1378 1377/1377/1377
f 1378/1378/1378 1379/1379/1379 1377/1377/1377
f 1378/1378/1378 1380/1380/1380 1379/1379/1379
f 1380/1380/1380 1381/1381/1381 1379/1379/1379
f 1380/1380/1380 1382/1382/1382 1381/1381/1381
f 1382/1382/1382 1383/1383/1383 1381/1381/1381
f 1384/1384/1384 1383/1383/1383 1382/1382/1382
f 1385/1385/1385 1384/1384/1384 1382/1382/1382
f 1388/1388/1388 1387/1387/1387 1386/1386/1386
f 1389/1389/1389 1388/1388/1388 1386/1386/1386
f 1392/1392/1392 1391/1391/1391 1390/1390/1390
f 1393/1393/1393 1392/1392/1392 1390/1390/1390
f 1393/1393/1393 1390/1390/1390 1394/1394/1394
f 1395/1395/1395 1393/1393/1393 1394/1394/1394
f 1395/1395/1395 1394/1394/1394 1396/1396/1396
f 1397/1397/1397 1395/1395/1395 1396/1396/1396
f 1398/1398/1398 1397/1397/1397 1396/1396/1396
f 1399/1399/1399 1398/1398/1398 1396/1396/1396
f 1398/1398/1398 1399/1399/1399 1400/1400/1400
f 1401/1401/1401 1398/1398/1398 1400/1400/1400
f 1401/1401/1401 1400/1400/1400 1402/1402/1402
f 1403/1403/1403 1401/1401/1401 1402/1402/1402
f 1404/1404/1404 1403/1403/1403 1402/1402/1402
f 1405/1405/1405 1404/1404/1404 1402/1402/1402
f 1408/1408/1408 1407/1407/1407 1406/1406/1406
f 1409/1409/1409 1408/1408/1408 1406/1406/1406
f 1409/1409/1409 1406/1406/1406 1410/1410/1410
f 1411/1411/1411 1409/1409/1409 1410/1410/1410
f 1411/1411/1411 1410/1410/1410 1412/1412/1412
f 1413/1413/1413 1411/1411/1411 1412/1412/1412
f 1414/1414/1414 1413/1413/1413 1412/1412/1412
f 1415/1415/1415 1414/1414/1414 1412/1412/1412
f 1414/1414/1414 1415/1415/1415 1416/1416/1416
f 1417/1417/1417 1414/1414/1414 1416/1416/1416
f 1417/1417/1417 1416/1416/1416 1418/1418/1418
f 1419/1419/1419 1417/1417/1417 1418/1418/1418
f 1420/1420/1420 1419/1419/1419 1418/1418/1418
f 1421/1421/1421 1420/1420/1420 1418/1418/1418
f 1424/1424/1424 1423/1423/1423 1422/1422/1422
f 1425/1425/1425 1424/1424/1424 1422/1422/1422
f 1428/1428/1428 1427/1427/1427 1426/1426/1426
f 1427/1427/1427 1429/1429/1429 1426/1426/1426
f 1427/1427/1427 1430/1430/1430 1429/1429/1429
f 1430/1430/1430 1431/1431/1431 1429/1429/1429
f 1430/1430/1430 1432/1432/1432 1431/1431/1431
f 1432/1432/1432 1433/1433/1433 1431/1431/1431
f 1432/1432/1432 1434/1434/1434 1433/1433/1433
f 1434/1434/1434 1435/1435/1435 1433/1433/1433
f 1434/1434/1434 1436/1436/1436 1435/1435/1435
f 1436/1436/1436 1437/1437/1437 1435/1435/1435
f 1436/1436/1436 1438/1438/1438 1437/1437/1437
f 1438/1438/1438 1439/1439/1439 1437/1437/1437
f 1438/1438/1438 1440/1440/1440 1439/1439/1439
f 1440/1440/1440 1441/1441/1441 1439/1439/1439
f 1444/1444/1444 1443/1443/1443 1442/1442/1442
f 1443/1443/1443 1444/1444/1444 1445/1445/1445
f 1443/1443/1443 1446/1446/1446 1442/1442/1442
f 1447/1447/1447 1443/1443/1443 1445/1445/1445
f 1442/1442/1442 1446/1446/1446 1448/1448/1448
f 1448/1448/1448 1447/1447/1447 1445/1445/1445
f 1449/1449/1449 1442/1442/1442 1448/1448/1448
f 1449/1449/1449 1448/1448/1448 1445/1445/1445
f 1452/1452/1452 1451/1451/1451 1450/1450/1450
f 1451/1451/1451 1452/1452/1452 1453/1453/1453
f 1451/1451/1451 1454/1454/1454 1450/1450/1450
f 1455/1455/1455 1451/1451/1451 1453/1453/1453
f 1450/1450/1450 1454/1454/1454 1456/1456/1456
f 1456/1456/1456 1455/1455/1455 1453/1453/1453
f 1457/1457/1457 1450/1450/1450 1456/1456/1456
f 1457/1457/1457 1456/1456/1456 1453/1453/1453
f 1460/1460/1460 1459/1459/1459 1458/1458/1458
f 1458/1458/1458 1459/1459/1459 1461/1461/1461
f 1462/1462/1462 1459/1459/1459 1460/1460/1460
f 1461/1461/1461 1459/1459/1459 1463/1463/1463
f 1464/1464/1464 1459/1459/1459 1462/1462/1462
f 1463/1463/1463 1459/1459/1459 1465/1465/1465
f 1466/1466/1466 1459/1459/1459 1464/1464/1464
f 1465/1465/1465 1459/1459/1459 1466/1466/1466
f 1469/1469/1469 1468/1468/1468 1467/1467/1467
f 1467/1467/1467 1468/1468/1468 1470/1470/1470
f 1471/1471/1471 1468/1468/1468 1469/1469/1469
f 1470/1470/1470 1468/1468/1468 1472/1472/1472
f 1473/1473/1473 1468/1468/1468 1471/1471/1471
f 1472/1472/1472 1468/1468/1468 1474/1474/1474
f 1475/1475/1475 1468/1468/1468 1473/1473/1473
f 1474/1474/1474 1468/1468/1468 1475/1475/1475
f 1478/1478/1478 1477/1477/1477 1476/1476/1476
f 1476/1476/1476 1477/1477/1477 1479/1479/1479
f 1480/1480/1480 1477/1477/1477 1478/1478/1478
f 1479/1479/1479 1477/1477/1477 1481/1481/1481
f 1482/1482/1482 1477/1477/1477 1480/1480/1480
f 1481/1481/1481 1477/1477/1477 1483/1483/1483
f 1484/1484/1484 1477/1477/1477 1482/1482/1482
f 1483/1483/1483 1477/1477/1477 1484/1484/1484
f 1487/1487/1487 1486/1486/1486 1485/1485/1485
f 1485/1485/1485 1486/1486/1486 1488/1488/1488
f 1489/1489/1489 1486/1486/1486 1487/1487/1487
f 1488/1488/1488 1486/1486/1486 1490/1490/1490
f 1491/1491/1491 1486/1486/1486 1489/1489/1489
f 1490/1490/1490 1486/1486/1486 1492/1492/1492
f 1493/1493/1493 1486/1486/1486 1491/1491/1491
f 1492/1492/1492 1486/1486/1486 1493/1493/1493
f 1496/1496/1496 1495/1495/1495 1494/1494/1494
f 1494/1494/1494 1495/1495/1495 1497/1497/1497
f 1498/1498/1498 1495/1495/1495 1496/1496/1496
f 1497/1497/1497 1495/1495/1495 1499/1499/1499
f 1500/1500/1500 1495/1495/1495 1498/1498/1498
f 1499/1499/1499 1495/1495/1495 1501/1501/1501
f 1502/1502/1502 1495/1495/1495 1500/1500/1500
f 1501/1501/1501 1495/1495/1495 1502/1502/1502
